Source,Location ID,City,State,Country,Latitude,Longitude,Time Zone,Elevation,Local Time Zone,Clearsky DHI Units,Clearsky DNI Units,Clearsky GHI Units,Dew Point Units,DHI Units,DNI Units,GHI Units,Solar Zenith Angle Units,Temperature Units,Pressure Units,Relative Humidity Units,Precipitable Water Units,Wind Direction Units,Wind Speed Units,Cloud Type -15,Cloud Type 0,Cloud Type 1,Cloud Type 2,Cloud Type 3,Cloud Type 4,Cloud Type 5,Cloud Type 6,Cloud Type 7,Cloud Type 8,Cloud Type 9,Cloud Type 10,Cloud Type 11,Cloud Type 12,Fill Flag 0,Fill Flag 1,Fill Flag 2,Fill Flag 3,Fill Flag 4,Fill Flag 5,Surface Albedo Units,Version
NSRDB,532695,-,-,-,24.13,-103.14,0,2209,-6,w/m2,w/m2,w/m2,c,w/m2,w/m2,w/m2,Degree,c,mbar,%,cm,Degrees,m/s,N/A,Clear,Probably Clear,Fog,Water,Super-Cooled Water,Mixed,Opaque Ice,Cirrus,Overlapping,Overshooting,Unknown,Dust,Smoke,N/A,Missing Image,Low Irradiance,Exceeds Clearsky,Missing CLoud Properties,Rayleigh Violation,N/A,4.0.1
Year,Month,Day,Hour,Minute,Temperature,Clearsky DHI,Clearsky GHI,Clearsky DNI,DNI,DHI,GHI,Relative Humidity
2008,1,1,0,30,11,0,0,0,0,0,0,20.23
2008,1,1,1,30,9,0,0,0,0,0,0,22.01
2008,1,1,2,30,7.4,0,0,0,0,0,0,24.73
2008,1,1,3,30,6.2,0,0,0,0,0,0,27.7
2008,1,1,4,30,5.5,0,0,0,0,0,0,29.91
2008,1,1,5,30,5.2,0,0,0,0,0,0,31.240000000000002
2008,1,1,6,30,5.1000000000000005,0,0,0,0,0,0,32.19
2008,1,1,7,30,5,0,0,0,0,0,0,32.37
2008,1,1,8,30,4.6000000000000005,0,0,0,0,0,0,33.07
2008,1,1,9,30,3.6,0,0,0,0,0,0,35.57
2008,1,1,10,30,2.3000000000000003,0,0,0,0,0,0,39.06
2008,1,1,11,30,1,0,0,0,0,0,0,43.85
2008,1,1,12,30,0.1,0,0,0,0,0,0,48.56
2008,1,1,13,30,1,0,0,0,0,0,0,47.76
2008,1,1,14,30,4.1000000000000005,37,162,710,237,89,131,41.09
2008,1,1,15,30,7.9,55,382,898,898,55,382,40.050000000000004
2008,1,1,16,30,11.9,66,567,970,970,66,567,43.13
2008,1,1,17,30,15,74,698,1003,1003,74,698,39.92
2008,1,1,18,30,17.2,76,766,1022,1022,76,766,35.43
2008,1,1,19,30,18.5,74,758,1019,1019,74,758,32.05
2008,1,1,20,30,18.900000000000002,70,681,1001,1001,70,681,30.43
2008,1,1,21,30,18.400000000000002,64,537,951,951,64,537,31.02
2008,1,1,22,30,16.7,54,343,850,850,54,343,34.78
2008,1,1,23,30,13.8,35,126,605,605,35,126,43.35
2008,1,2,0,30,11.100000000000001,0,0,0,0,0,0,52.910000000000004
2008,1,2,1,30,9.600000000000001,0,0,0,0,0,0,57.88
2008,1,2,2,30,8.200000000000001,0,0,0,0,0,0,62.72
2008,1,2,3,30,6.4,0,0,0,0,0,0,69.35000000000001
2008,1,2,4,30,5,0,0,0,0,0,0,74.71000000000001
2008,1,2,5,30,4.2,0,0,0,0,0,0,78.49
2008,1,2,6,30,3.5,0,0,0,0,0,0,81.67
2008,1,2,7,30,2.8000000000000003,0,0,0,0,0,0,82.37
2008,1,2,8,30,2,0,0,0,0,0,0,83.58
2008,1,2,9,30,1.2000000000000002,0,0,0,0,0,0,84.62
2008,1,2,10,30,0.6000000000000001,0,0,0,0,0,0,84.68
2008,1,2,11,30,0,0,0,0,0,0,0,85.4
2008,1,2,12,30,-0.4,0,0,0,0,0,0,85.37
2008,1,2,13,30,-0.2,0,0,0,0,0,0,82.01
2008,1,2,14,30,1.6,36,162,715,0,30,30,70.92
2008,1,2,15,30,4.4,50,382,914,28,207,217,59.730000000000004
2008,1,2,16,30,7.6000000000000005,57,572,999,47,293,318,49.54
2008,1,2,17,30,10.4,60,708,1040,1040,60,708,42.03
2008,1,2,18,30,12.5,61,776,1059,1059,61,776,36.300000000000004
2008,1,2,19,30,13.9,60,772,1058,1058,60,772,31.78
2008,1,2,20,30,14.5,58,695,1040,1040,58,695,28.87
2008,1,2,21,30,14.200000000000001,54,553,996,996,54,553,28.060000000000002
2008,1,2,22,30,12.8,47,358,907,907,47,358,30.05
2008,1,2,23,30,9.600000000000001,32,137,688,688,32,137,37.54
2008,1,3,0,30,6.800000000000001,0,0,0,0,0,0,47.28
2008,1,3,1,30,5.5,0,0,0,0,0,0,52.67
2008,1,3,2,30,4.1000000000000005,0,0,0,0,0,0,59.72
2008,1,3,3,30,2.6,0,0,0,0,0,0,67.88
2008,1,3,4,30,1.1,0,0,0,0,0,0,76.34
2008,1,3,5,30,-0.1,0,0,0,0,0,0,82.60000000000001
2008,1,3,6,30,-1.2000000000000002,0,0,0,0,0,0,87.5
2008,1,3,7,30,-1.9000000000000001,0,0,0,0,0,0,89.44
2008,1,3,8,30,-2.5,0,0,0,0,0,0,90.69
2008,1,3,9,30,-3,0,0,0,0,0,0,91.84
2008,1,3,10,30,-3.4000000000000004,0,0,0,0,0,0,93.06
2008,1,3,11,30,-3.6,0,0,0,0,0,0,93.69
2008,1,3,12,30,-3.7,0,0,0,0,0,0,94.03
2008,1,3,13,30,-2.6,0,0,0,0,0,0,86.36
2008,1,3,14,30,0.7000000000000001,33,163,743,215,90,127,68.27
2008,1,3,15,30,5,46,385,936,936,46,385,52.52
2008,1,3,16,30,9.4,51,576,1017,1017,51,576,40.82
2008,1,3,17,30,13.200000000000001,54,712,1056,1056,54,712,32.410000000000004
2008,1,3,18,30,16.2,60,782,1068,1068,60,782,26.6
2008,1,3,19,30,18.1,58,779,1069,1069,58,779,20.93
2008,1,3,20,30,18.8,56,702,1051,1051,56,702,17.28
2008,1,3,21,30,18.5,53,560,1009,1009,53,560,16.1
2008,1,3,22,30,16.5,45,364,923,923,45,364,17.77
2008,1,3,23,30,12.100000000000001,31,141,710,710,31,141,30.400000000000002
2008,1,4,0,30,8.8,0,0,0,0,0,0,37.24
2008,1,4,1,30,7.5,0,0,0,0,0,0,43.95
2008,1,4,2,30,6.2,0,0,0,0,0,0,53.77
2008,1,4,3,30,4.800000000000001,0,0,0,0,0,0,63.67
2008,1,4,4,30,3.7,0,0,0,0,0,0,70.83
2008,1,4,5,30,2.6,0,0,0,0,0,0,77.14
2008,1,4,6,30,1.9000000000000001,0,0,0,0,0,0,81.2
2008,1,4,7,30,1.3,0,0,0,0,0,0,84.83
2008,1,4,8,30,1.1,0,0,0,0,0,0,85.86
2008,1,4,9,30,1,0,0,0,0,0,0,86.29
2008,1,4,10,30,0.9,0,0,0,0,0,0,86.5
2008,1,4,11,30,0.9,0,0,0,0,0,0,86.16
2008,1,4,12,30,1,0,0,0,0,0,0,84.76
2008,1,4,13,30,3.4000000000000004,0,0,0,0,0,0,70.62
2008,1,4,14,30,7.9,35,160,713,48,101,109,51.54
2008,1,4,15,30,12.9,50,381,914,914,50,381,36.92
2008,1,4,16,30,17.400000000000002,58,572,997,997,58,572,23.080000000000002
2008,1,4,17,30,20,62,709,1038,1038,62,709,14.61
2008,1,4,18,30,21.3,63,779,1056,1056,63,779,13.43
2008,1,4,19,30,21.900000000000002,62,776,1057,1057,62,776,12.97
2008,1,4,20,30,21.900000000000002,60,700,1039,1039,60,700,12.82
2008,1,4,21,30,21.400000000000002,55,558,997,997,55,558,13.06
2008,1,4,22,30,19.3,48,364,908,908,48,364,14.85
2008,1,4,23,30,15.100000000000001,32,141,694,1,68,68,26.93
2008,1,5,0,30,11.600000000000001,0,0,0,0,0,0,30.57
2008,1,5,1,30,9.9,0,0,0,0,0,0,33.5
2008,1,5,2,30,8.6,0,0,0,0,0,0,36.79
2008,1,5,3,30,7.7,0,0,0,0,0,0,39.910000000000004
2008,1,5,4,30,7.1000000000000005,0,0,0,0,0,0,42.04
2008,1,5,5,30,6.7,0,0,0,0,0,0,42.67
2008,1,5,6,30,5.9,0,0,0,0,0,0,43.81
2008,1,5,7,30,5.1000000000000005,0,0,0,0,0,0,44.83
2008,1,5,8,30,4.6000000000000005,0,0,0,0,0,0,45.44
2008,1,5,9,30,4.6000000000000005,0,0,0,0,0,0,44.93
2008,1,5,10,30,4.800000000000001,0,0,0,0,0,0,43.82
2008,1,5,11,30,5,0,0,0,0,0,0,42.800000000000004
2008,1,5,12,30,5.1000000000000005,0,0,0,0,0,0,42.47
2008,1,5,13,30,6.4,0,0,0,0,0,0,39.14
2008,1,5,14,30,9.4,36,157,697,68,100,112,35.28
2008,1,5,15,30,13.8,52,377,899,899,52,377,25.490000000000002
2008,1,5,16,30,17.8,60,568,985,985,60,568,20.21
2008,1,5,17,30,20,65,705,1026,1026,65,705,17.43
2008,1,5,18,30,21.200000000000003,66,780,1051,1051,66,780,15.97
2008,1,5,19,30,22,66,778,1051,1051,66,778,14.94
2008,1,5,20,30,22.1,62,702,1035,1035,62,702,14.51
2008,1,5,21,30,21.700000000000003,56,560,995,995,56,560,14.43
2008,1,5,22,30,20.1,47,366,910,910,47,366,15.700000000000001
2008,1,5,23,30,17.3,32,142,691,691,32,142,24.830000000000002
2008,1,6,0,30,15.200000000000001,0,0,0,0,0,0,23.900000000000002
2008,1,6,1,30,14.100000000000001,0,0,0,0,0,0,24.73
2008,1,6,2,30,13.200000000000001,0,0,0,0,0,0,25.17
2008,1,6,3,30,11.9,0,0,0,0,0,0,27.51
2008,1,6,4,30,9.9,0,0,0,0,0,0,31.91
2008,1,6,5,30,7.7,0,0,0,0,0,0,39.13
2008,1,6,6,30,6.2,0,0,0,0,0,0,46.34
2008,1,6,7,30,5.5,0,0,0,0,0,0,52.96
2008,1,6,8,30,5,0,0,0,0,0,0,59.800000000000004
2008,1,6,9,30,4.7,0,0,0,0,0,0,65.47
2008,1,6,10,30,4.5,0,0,0,0,0,0,68.96000000000001
2008,1,6,11,30,4.3,0,0,0,0,0,0,70.41
2008,1,6,12,30,4.2,0,0,0,0,0,0,70.04
2008,1,6,13,30,6.2,0,0,0,0,0,0,59.88
2008,1,6,14,30,10.3,36,160,717,717,36,160,45.04
2008,1,6,15,30,14.9,52,383,916,916,52,383,33.09
2008,1,6,16,30,18.7,60,577,1001,1001,60,577,21.36
2008,1,6,17,30,20.5,64,716,1043,1043,64,716,16.9
2008,1,6,18,30,21.400000000000002,66,787,1061,1061,66,787,14.32
2008,1,6,19,30,21.900000000000002,65,792,1071,1071,65,792,12.36
2008,1,6,20,30,21.900000000000002,62,716,1055,1055,62,716,11.200000000000001
2008,1,6,21,30,21.3,57,574,1015,1015,57,574,10.91
2008,1,6,22,30,19.1,47,377,934,934,47,377,12.16
2008,1,6,23,30,14.600000000000001,32,151,732,732,32,151,20.16
2008,1,7,0,30,11.100000000000001,0,0,0,0,0,0,27.23
2008,1,7,1,30,9.9,0,0,0,0,0,0,29.400000000000002
2008,1,7,2,30,9,0,0,0,0,0,0,31.6
2008,1,7,3,30,8.3,0,0,0,0,0,0,33.84
2008,1,7,4,30,7.6000000000000005,0,0,0,0,0,0,36.480000000000004
2008,1,7,5,30,6.800000000000001,0,0,0,0,0,0,40.410000000000004
2008,1,7,6,30,6,0,0,0,0,0,0,45.5
2008,1,7,7,30,5.300000000000001,0,0,0,0,0,0,51.52
2008,1,7,8,30,4.6000000000000005,0,0,0,0,0,0,57.980000000000004
2008,1,7,9,30,4.1000000000000005,0,0,0,0,0,0,62.99
2008,1,7,10,30,3.6,0,0,0,0,0,0,66.75
2008,1,7,11,30,3.2,0,0,0,0,0,0,69.8
2008,1,7,12,30,2.9000000000000004,0,0,0,0,0,0,72.02
2008,1,7,13,30,4.4,0,0,0,0,0,0,63.71
2008,1,7,14,30,8.200000000000001,32,165,772,772,32,165,46.300000000000004
2008,1,7,15,30,13.3,44,392,963,963,44,392,29.91
2008,1,7,16,30,17.8,49,588,1042,1042,49,588,13.22
2008,1,7,17,30,20.200000000000003,53,728,1079,1079,53,728,8.92
2008,1,7,18,30,21.6,60,803,1090,1090,60,803,7.930000000000001
2008,1,7,19,30,22.200000000000003,57,801,1092,1092,57,801,7.73
2008,1,7,20,30,22.200000000000003,53,724,1078,1078,53,724,7.890000000000001
2008,1,7,21,30,21.5,49,581,1040,1040,49,581,8.36
2008,1,7,22,30,19.400000000000002,41,383,962,962,41,383,9.73
2008,1,7,23,30,15,29,156,771,771,29,156,14.19
2008,1,8,0,30,11.200000000000001,0,0,0,0,0,0,21.53
2008,1,8,1,30,9.8,0,0,0,0,0,0,24.66
2008,1,8,2,30,8.700000000000001,0,0,0,0,0,0,27.55
2008,1,8,3,30,7.5,0,0,0,0,0,0,31.3
2008,1,8,4,30,6.5,0,0,0,0,0,0,36.46
2008,1,8,5,30,5.5,0,0,0,0,0,0,43.4
2008,1,8,6,30,4.7,0,0,0,0,0,0,49.910000000000004
2008,1,8,7,30,4,0,0,0,0,0,0,53.86
2008,1,8,8,30,3.5,0,0,0,0,0,0,52.5
2008,1,8,9,30,3.1,0,0,0,0,0,0,48.47
2008,1,8,10,30,2.8000000000000003,0,0,0,0,0,0,44.1
2008,1,8,11,30,2.4000000000000004,0,0,0,0,0,0,41.28
2008,1,8,12,30,2.2,0,0,0,0,0,0,38.84
2008,1,8,13,30,4,0,0,0,0,0,0,31.91
2008,1,8,14,30,7.9,28,167,802,802,28,167,23.09
2008,1,8,15,30,12.700000000000001,39,396,985,985,39,396,16.61
2008,1,8,16,30,17,45,594,1061,1061,45,594,10.25
2008,1,8,17,30,18.900000000000002,49,737,1097,1097,49,737,7.7
2008,1,8,18,30,19.8,51,811,1113,1113,51,811,7.29
2008,1,8,19,30,20.1,52,801,1097,1097,52,801,7.17
2008,1,8,20,30,19.8,51,726,1081,1081,51,726,7.32
2008,1,8,21,30,19,48,584,1042,609,184,497,7.76
2008,1,8,22,30,16.7,42,386,963,480,148,320,9.44
2008,1,8,23,30,12.700000000000001,29,158,774,95,94,110,18.36
2008,1,9,0,30,9.3,0,0,0,0,0,0,22.580000000000002
2008,1,9,1,30,7.4,0,0,0,0,0,0,26.68
2008,1,9,2,30,6.300000000000001,0,0,0,0,0,0,31.27
2008,1,9,3,30,6,0,0,0,0,0,0,34.09
2008,1,9,4,30,6.1000000000000005,0,0,0,0,0,0,34.910000000000004
2008,1,9,5,30,5.800000000000001,0,0,0,0,0,0,35.4
2008,1,9,6,30,4.800000000000001,0,0,0,0,0,0,37.62
2008,1,9,7,30,3.7,0,0,0,0,0,0,40.14
2008,1,9,8,30,2.7,0,0,0,0,0,0,40.39
2008,1,9,9,30,1.9000000000000001,0,0,0,0,0,0,40.89
2008,1,9,10,30,1.7000000000000002,0,0,0,0,0,0,41.89
2008,1,9,11,30,1.6,0,0,0,0,0,0,43.87
2008,1,9,12,30,1.6,0,0,0,0,0,0,45.97
2008,1,9,13,30,3.5,0,0,0,0,0,0,41.42
2008,1,9,14,30,7.6000000000000005,31,162,757,122,94,116,32.17
2008,1,9,15,30,12.700000000000001,44,384,938,529,139,331,22.93
2008,1,9,16,30,17.400000000000002,51,578,1018,222,316,431,16.490000000000002
2008,1,9,17,30,20,55,718,1056,523,253,582,14.39
2008,1,9,18,30,21.3,55,791,1074,741,201,708,13.25
2008,1,9,19,30,22,55,791,1074,575,254,648,12.33
2008,1,9,20,30,22,54,712,1051,193,298,419,12
2008,1,9,21,30,21,54,574,1006,299,259,414,12.450000000000001
2008,1,9,22,30,18.6,47,383,932,288,185,289,14.38
2008,1,9,23,30,15,33,158,734,215,90,127,20.71
2008,1,10,0,30,12.600000000000001,0,0,0,0,0,0,25.32
2008,1,10,1,30,11.5,0,0,0,0,0,0,27.03
2008,1,10,2,30,10.600000000000001,0,0,0,0,0,0,28.26
2008,1,10,3,30,9.8,0,0,0,0,0,0,29.16
2008,1,10,4,30,9,0,0,0,0,0,0,30.62
2008,1,10,5,30,8,0,0,0,0,0,0,33.31
2008,1,10,6,30,7,0,0,0,0,0,0,36.11
2008,1,10,7,30,6.1000000000000005,0,0,0,0,0,0,38.21
2008,1,10,8,30,4.9,0,0,0,0,0,0,40.160000000000004
2008,1,10,9,30,3.6,0,0,0,0,0,0,41.54
2008,1,10,10,30,2.6,0,0,0,0,0,0,41.36
2008,1,10,11,30,1.9000000000000001,0,0,0,0,0,0,39.86
2008,1,10,12,30,1.5,0,0,0,0,0,0,37.6
2008,1,10,13,30,3.7,0,0,0,0,0,0,29.69
2008,1,10,14,30,8.200000000000001,32,165,769,101,97,114,21
2008,1,10,15,30,12.8,46,394,960,51,224,242,13.23
2008,1,10,16,30,16.5,53,591,1039,1039,53,591,6.88
2008,1,10,17,30,18.400000000000002,58,735,1076,1076,58,735,4.8
2008,1,10,18,30,19.5,61,809,1091,773,268,798,4.43
2008,1,10,19,30,20.1,61,802,1080,1080,61,802,4.29
2008,1,10,20,30,20.1,59,728,1063,521,262,590,4.34
2008,1,10,21,30,19.6,54,586,1025,666,176,522,4.55
2008,1,10,22,30,17.6,47,390,945,43,176,191,5.4
2008,1,10,23,30,13.5,33,163,751,131,96,119,14.67
2008,1,11,0,30,10.200000000000001,0,0,0,0,0,0,17.34
2008,1,11,1,30,8.5,0,0,0,0,0,0,19.11
2008,1,11,2,30,7.5,0,0,0,0,0,0,21.96
2008,1,11,3,30,7.1000000000000005,0,0,0,0,0,0,23.990000000000002
2008,1,11,4,30,7,0,0,0,0,0,0,23.97
2008,1,11,5,30,6.5,0,0,0,0,0,0,24.16
2008,1,11,6,30,5.6000000000000005,0,0,0,0,0,0,25.400000000000002
2008,1,11,7,30,4.6000000000000005,0,0,0,0,0,0,26.3
2008,1,11,8,30,3.5,0,0,0,0,0,0,28.080000000000002
2008,1,11,9,30,2.6,0,0,0,0,0,0,29.86
2008,1,11,10,30,1.7000000000000002,0,0,0,0,0,0,31.98
2008,1,11,11,30,1,0,0,0,0,0,0,34.52
2008,1,11,12,30,0.6000000000000001,0,0,0,0,0,0,36.77
2008,1,11,13,30,3.1,0,0,0,0,0,0,32.01
2008,1,11,14,30,7.800000000000001,30,164,779,80,101,115,24.96
2008,1,11,15,30,12.8,41,392,967,967,41,392,17.05
2008,1,11,16,30,17.1,46,590,1046,1046,46,590,9.28
2008,1,11,17,30,19.5,50,733,1083,1083,50,733,5.51
2008,1,11,18,30,20.8,50,817,1115,1115,50,817,4.86
2008,1,11,19,30,21.5,50,818,1116,1116,50,818,4.88
2008,1,11,20,30,21.6,48,744,1101,1101,48,744,5.26
2008,1,11,21,30,21.1,46,601,1063,1063,46,601,5.7700000000000005
2008,1,11,22,30,18.7,40,396,972,972,40,396,6.91
2008,1,11,23,30,13.8,28,167,792,792,28,167,14.530000000000001
2008,1,12,0,30,10.100000000000001,0,0,0,0,0,0,19.46
2008,1,12,1,30,8.700000000000001,0,0,0,0,0,0,20.96
2008,1,12,2,30,7.6000000000000005,0,0,0,0,0,0,22.580000000000002
2008,1,12,3,30,6.4,0,0,0,0,0,0,24.36
2008,1,12,4,30,5.300000000000001,0,0,0,0,0,0,26.16
2008,1,12,5,30,4.3,0,0,0,0,0,0,28.560000000000002
2008,1,12,6,30,3.5,0,0,0,0,0,0,31.220000000000002
2008,1,12,7,30,2.8000000000000003,0,0,0,0,0,0,33.45
2008,1,12,8,30,2.1,0,0,0,0,0,0,35.160000000000004
2008,1,12,9,30,1.3,0,0,0,0,0,0,36.44
2008,1,12,10,30,0.7000000000000001,0,0,0,0,0,0,36.52
2008,1,12,11,30,0.1,0,0,0,0,0,0,36.42
2008,1,12,12,30,-0.2,0,0,0,0,0,0,35.64
2008,1,12,13,30,2.1,0,0,0,0,0,0,29.47
2008,1,12,14,30,6.7,30,167,797,276,86,133,23.02
2008,1,12,15,30,11.4,43,400,981,981,43,400,15.92
2008,1,12,16,30,14.8,49,600,1058,1058,49,600,13.44
2008,1,12,17,30,16.6,55,736,1079,1079,55,736,11.68
2008,1,12,18,30,17.6,61,813,1091,1091,61,813,10.71
2008,1,12,19,30,18,61,815,1091,1091,61,815,10.31
2008,1,12,20,30,17.900000000000002,59,741,1075,1075,59,741,10.35
2008,1,12,21,30,17.2,55,599,1038,1038,55,599,10.84
2008,1,12,22,30,15.3,47,401,959,959,47,401,12.450000000000001
2008,1,12,23,30,11.4,34,171,770,770,34,171,18.29
2008,1,13,0,30,8.1,0,0,0,0,0,0,24.73
2008,1,13,1,30,6.6000000000000005,0,0,0,0,0,0,26.95
2008,1,13,2,30,5.2,0,0,0,0,0,0,30.29
2008,1,13,3,30,4,0,0,0,0,0,0,33.82
2008,1,13,4,30,3.3000000000000003,0,0,0,0,0,0,36.28
2008,1,13,5,30,3.1,0,0,0,0,0,0,36.77
2008,1,13,6,30,2.6,0,0,0,0,0,0,37.480000000000004
2008,1,13,7,30,1.6,0,0,0,0,0,0,39.77
2008,1,13,8,30,0.5,0,0,0,0,0,0,42.42
2008,1,13,9,30,-0.30000000000000004,0,0,0,0,0,0,44.410000000000004
2008,1,13,10,30,-0.7000000000000001,0,0,0,0,0,0,45.76
2008,1,13,11,30,-1,0,0,0,0,0,0,49.44
2008,1,13,12,30,-1,0,0,0,0,0,0,58.85
2008,1,13,13,30,0.9,0,0,0,0,0,0,65.67
2008,1,13,14,30,4.7,36,164,740,241,89,130,61.940000000000005
2008,1,13,15,30,9.1,52,395,942,942,52,395,49.46
2008,1,13,16,30,13.600000000000001,59,595,1028,1028,59,595,34.25
2008,1,13,17,30,17.2,63,740,1070,1070,63,740,20.27
2008,1,13,18,30,19.5,64,816,1088,1088,64,816,13.1
2008,1,13,19,30,20.6,62,818,1091,1091,62,818,10.32
2008,1,13,20,30,21,59,744,1076,1076,59,744,9.06
2008,1,13,21,30,20.6,54,602,1040,1040,54,602,8.790000000000001
2008,1,13,22,30,18.400000000000002,45,399,953,953,45,399,10.03
2008,1,13,23,30,14,32,171,770,770,32,171,18.240000000000002
2008,1,14,0,30,10.600000000000001,0,0,0,0,0,0,23.57
2008,1,14,1,30,9.5,0,0,0,0,0,0,25.93
2008,1,14,2,30,8.8,0,0,0,0,0,0,28.38
2008,1,14,3,30,8.200000000000001,0,0,0,0,0,0,30.18
2008,1,14,4,30,7.5,0,0,0,0,0,0,32.14
2008,1,14,5,30,6.800000000000001,0,0,0,0,0,0,34.63
2008,1,14,6,30,6.300000000000001,0,0,0,0,0,0,37.15
2008,1,14,7,30,5.7,0,0,0,0,0,0,39.550000000000004
2008,1,14,8,30,5.300000000000001,0,0,0,0,0,0,40.67
2008,1,14,9,30,4.7,0,0,0,0,0,0,41.96
2008,1,14,10,30,4.1000000000000005,0,0,0,0,0,0,42.89
2008,1,14,11,30,4.1000000000000005,0,0,0,0,0,0,41.92
2008,1,14,12,30,4.3,0,0,0,0,0,0,40.37
2008,1,14,13,30,5.5,0,0,0,0,0,0,36.39
2008,1,14,14,30,7.7,36,159,714,1,45,45,30.91
2008,1,14,15,30,10.600000000000001,53,387,916,13,121,126,25.580000000000002
2008,1,14,16,30,13.600000000000001,62,585,1000,3,149,151,17.98
2008,1,14,17,30,15.700000000000001,68,723,1033,13,221,229,13.58
2008,1,14,18,30,16.7,71,799,1050,81,356,412,13.46
2008,1,14,19,30,17.1,71,797,1044,9,258,264,14.05
2008,1,14,20,30,17.1,70,725,1025,156,306,405,14.44
2008,1,14,21,30,16.5,64,586,984,12,196,202,15.1
2008,1,14,22,30,14.8,55,389,892,34,186,198,17.42
2008,1,14,23,30,12.4,40,166,687,581,23,130,22.86
2008,1,15,0,30,10.8,0,0,0,0,0,0,27.12
2008,1,15,1,30,10.100000000000001,0,0,0,0,0,0,29.48
2008,1,15,2,30,9.4,0,0,0,0,0,0,32
2008,1,15,3,30,8.6,0,0,0,0,0,0,34.52
2008,1,15,4,30,7.7,0,0,0,0,0,0,37.57
2008,1,15,5,30,6.800000000000001,0,0,0,0,0,0,40.980000000000004
2008,1,15,6,30,6,0,0,0,0,0,0,44.59
2008,1,15,7,30,5.5,0,0,0,0,0,0,47.7
2008,1,15,8,30,5,0,0,0,0,0,0,50.96
2008,1,15,9,30,4.6000000000000005,0,0,0,0,0,0,53.620000000000005
2008,1,15,10,30,4.4,0,0,0,0,0,0,55.52
2008,1,15,11,30,4.1000000000000005,0,0,0,0,0,0,57.85
2008,1,15,12,30,3.9000000000000004,0,0,0,0,0,0,60.07
2008,1,15,13,30,4.800000000000001,0,0,0,0,0,0,57.75
2008,1,15,14,30,7.2,36,157,700,2,44,44,50.21
2008,1,15,15,30,10.4,51,382,907,3,88,89,40.95
2008,1,15,16,30,13.100000000000001,60,579,992,84,256,300,31.77
2008,1,15,17,30,14.9,64,722,1033,234,319,468,26.560000000000002
2008,1,15,18,30,16.3,67,794,1044,1044,67,794,24.05
2008,1,15,19,30,17,66,797,1047,1047,66,797,23.34
2008,1,15,20,30,16.900000000000002,64,726,1030,229,331,478,24.11
2008,1,15,21,30,16,59,587,992,380,245,448,25.97
2008,1,15,22,30,14.200000000000001,50,395,915,421,160,319,29.78
2008,1,15,23,30,11.5,36,172,733,733,36,172,36.410000000000004
2008,1,16,0,30,8.9,0,0,0,0,0,0,44.14
2008,1,16,1,30,6.9,0,0,0,0,0,0,49.71
2008,1,16,2,30,5.2,0,0,0,0,0,0,51.7
2008,1,16,3,30,3.5,0,0,0,0,0,0,51.56
2008,1,16,4,30,1.8,0,0,0,0,0,0,52.08
2008,1,16,5,30,0.4,0,0,0,0,0,0,54.03
2008,1,16,6,30,-0.7000000000000001,0,0,0,0,0,0,56.71
2008,1,16,7,30,-1.5,0,0,0,0,0,0,59.06
2008,1,16,8,30,-2,0,0,0,0,0,0,60.46
2008,1,16,9,30,-2.4000000000000004,0,0,0,0,0,0,61.230000000000004
2008,1,16,10,30,-2.9000000000000004,0,0,0,0,0,0,61.95
2008,1,16,11,30,-3.3000000000000003,0,0,0,0,0,0,62.02
2008,1,16,12,30,-3.5,0,0,0,0,0,0,61.02
2008,1,16,13,30,-1.6,0,0,0,0,0,0,51.15
2008,1,16,14,30,2.4000000000000004,32,169,789,209,91,127,37.5
2008,1,16,15,30,6.800000000000001,45,403,979,179,226,292,26.12
2008,1,16,16,30,10.5,52,607,1056,1056,52,607,16.18
2008,1,16,17,30,13.100000000000001,57,755,1093,1093,57,755,11.07
2008,1,16,18,30,15.100000000000001,61,834,1108,1108,61,834,8.19
2008,1,16,19,30,16.400000000000002,59,826,1095,1095,59,826,6.93
2008,1,16,20,30,17,56,753,1081,1081,56,753,6.71
2008,1,16,21,30,17,53,612,1044,1044,53,612,6.99
2008,1,16,22,30,15.3,45,414,971,466,148,325,8.11
2008,1,16,23,30,11.4,33,184,795,178,102,136,15.58
2008,1,17,0,30,8.4,0,0,0,0,0,0,19.79
2008,1,17,1,30,7.2,0,0,0,0,0,0,20.86
2008,1,17,2,30,5.9,0,0,0,0,0,0,22.21
2008,1,17,3,30,4.7,0,0,0,0,0,0,23.45
2008,1,17,4,30,4,0,0,0,0,0,0,24.41
2008,1,17,5,30,3.4000000000000004,0,0,0,0,0,0,25.39
2008,1,17,6,30,2.4000000000000004,0,0,0,0,0,0,27.34
2008,1,17,7,30,1.4000000000000001,0,0,0,0,0,0,29.17
2008,1,17,8,30,0.6000000000000001,0,0,0,0,0,0,30.23
2008,1,17,9,30,0.1,0,0,0,0,0,0,30.560000000000002
2008,1,17,10,30,0,0,0,0,0,0,0,29.82
2008,1,17,11,30,0.4,0,0,0,0,0,0,28.45
2008,1,17,12,30,0.30000000000000004,0,0,0,0,0,0,30.060000000000002
2008,1,17,13,30,1.6,0,0,0,0,0,0,31.17
2008,1,17,14,30,5.4,33,169,786,23,87,91,27.93
2008,1,17,15,30,10.200000000000001,45,405,979,297,177,286,22.17
2008,1,17,16,30,14.3,51,608,1059,47,245,270,11.55
2008,1,17,17,30,16.7,55,757,1096,40,306,331,7.140000000000001
2008,1,17,18,30,18.1,58,836,1111,214,379,529,5.98
2008,1,17,19,30,18.7,58,829,1097,1097,58,829,5.71
2008,1,17,20,30,18.3,57,758,1082,590,252,634,6.0200000000000005
2008,1,17,21,30,17.2,53,617,1046,795,155,583,6.75
2008,1,17,22,30,15.600000000000001,46,419,972,319,191,313,8.02
2008,1,17,23,30,12.4,33,187,800,0,44,44,11.19
2008,1,18,0,30,9.3,0,0,0,0,0,0,17.32
2008,1,18,1,30,7.7,0,0,0,0,0,0,20.57
2008,1,18,2,30,6.6000000000000005,0,0,0,0,0,0,23.06
2008,1,18,3,30,5.6000000000000005,0,0,0,0,0,0,25.42
2008,1,18,4,30,4.5,0,0,0,0,0,0,28.42
2008,1,18,5,30,3.2,0,0,0,0,0,0,32.410000000000004
2008,1,18,6,30,2.3000000000000003,0,0,0,0,0,0,36.24
2008,1,18,7,30,2,0,0,0,0,0,0,39.35
2008,1,18,8,30,1.9000000000000001,0,0,0,0,0,0,42.72
2008,1,18,9,30,1.8,0,0,0,0,0,0,46.800000000000004
2008,1,18,10,30,1.7000000000000002,0,0,0,0,0,0,51.28
2008,1,18,11,30,1.6,0,0,0,0,0,0,56.06
2008,1,18,12,30,1.8,0,0,0,0,0,0,60.01
2008,1,18,13,30,2.8000000000000003,0,0,0,0,0,0,60.36
2008,1,18,14,30,5.6000000000000005,35,159,711,143,93,118,53.32
2008,1,18,15,30,9.4,50,386,911,147,222,276,40.81
2008,1,18,16,30,12.5,58,584,997,486,216,472,26.5
2008,1,18,17,30,14.700000000000001,62,733,1045,632,219,625,17.81
2008,1,18,18,30,15.9,61,815,1074,1074,61,815,13.92
2008,1,18,19,30,16.3,59,825,1086,1086,59,825,13.49
2008,1,18,20,30,16.2,55,753,1073,1073,55,753,12.86
2008,1,18,21,30,15.3,50,619,1051,1051,50,619,12.72
2008,1,18,22,30,13.5,44,422,978,978,44,422,13.74
2008,1,18,23,30,10.700000000000001,33,194,825,825,33,194,16.82
2008,1,19,0,30,7.5,0,0,0,0,0,0,22.64
2008,1,19,1,30,5,0,0,0,0,0,0,28.72
2008,1,19,2,30,3.1,0,0,0,0,0,0,33.47
2008,1,19,3,30,1.7000000000000002,0,0,0,0,0,0,35.910000000000004
2008,1,19,4,30,0.5,0,0,0,0,0,0,38.42
2008,1,19,5,30,-0.30000000000000004,0,0,0,0,0,0,40.980000000000004
2008,1,19,6,30,-0.7000000000000001,0,0,0,0,0,0,42.59
2008,1,19,7,30,-1,0,0,0,0,0,0,43.660000000000004
2008,1,19,8,30,-1,0,0,0,0,0,0,43.25
2008,1,19,9,30,-0.7000000000000001,0,0,0,0,0,0,42.12
2008,1,19,10,30,-0.5,0,0,0,0,0,0,41.660000000000004
2008,1,19,11,30,-0.5,0,0,0,0,0,0,41.7
2008,1,19,12,30,-0.6000000000000001,0,0,0,0,0,0,42.29
2008,1,19,13,30,0.2,0,0,0,0,0,0,40.2
2008,1,19,14,30,2.9000000000000004,32,171,789,789,32,171,35.410000000000004
2008,1,19,15,30,6.1000000000000005,45,407,979,979,45,407,29.07
2008,1,19,16,30,8.8,54,612,1055,1055,54,612,23.87
2008,1,19,17,30,11.100000000000001,59,762,1092,1092,59,762,19.01
2008,1,19,18,30,13,64,832,1090,1090,64,832,14.780000000000001
2008,1,19,19,30,14.4,64,837,1091,1091,64,837,11.55
2008,1,19,20,30,15.100000000000001,60,775,1094,1094,60,775,10.03
2008,1,19,21,30,15.100000000000001,55,632,1060,1060,55,632,9.44
2008,1,19,22,30,13.5,48,426,972,547,152,364,10.24
2008,1,19,23,30,9.700000000000001,35,194,800,431,82,167,18.34
2008,1,20,0,30,6.2,0,0,0,0,0,0,23.93
2008,1,20,1,30,4.3,0,0,0,0,0,0,27.43
2008,1,20,2,30,2.6,0,0,0,0,0,0,31.77
2008,1,20,3,30,1.2000000000000002,0,0,0,0,0,0,36.160000000000004
2008,1,20,4,30,0.1,0,0,0,0,0,0,40.26
2008,1,20,5,30,-0.8,0,0,0,0,0,0,44.04
2008,1,20,6,30,-1.6,0,0,0,0,0,0,49.85
2008,1,20,7,30,-2.3000000000000003,0,0,0,0,0,0,59.2
2008,1,20,8,30,-3,0,0,0,0,0,0,70.46000000000001
2008,1,20,9,30,-3.6,0,0,0,0,0,0,79.32000000000001
2008,1,20,10,30,-4,0,0,0,0,0,0,84.64
2008,1,20,11,30,-4.2,0,0,0,0,0,0,84.77
2008,1,20,12,30,-4,0,0,0,0,0,0,80.3
2008,1,20,13,30,-1.6,0,0,0,0,0,0,64.32000000000001
2008,1,20,14,30,3,32,168,774,174,96,126,46.24
2008,1,20,15,30,8.5,45,402,965,965,45,402,32.02
2008,1,20,16,30,13.8,52,599,1032,1032,52,599,21.740000000000002
2008,1,20,17,30,17.1,56,747,1070,1070,56,747,15.06
2008,1,20,18,30,18.7,59,827,1086,1086,59,827,12.52
2008,1,20,19,30,19.400000000000002,57,830,1089,1089,57,830,11.17
2008,1,20,20,30,19.5,54,760,1076,1076,54,760,10.32
2008,1,20,21,30,18.900000000000002,50,620,1041,1041,50,620,9.85
2008,1,20,22,30,17,43,424,972,972,43,424,10.25
2008,1,20,23,30,12.4,32,194,806,407,91,173,14.89
2008,1,21,0,30,8.3,0,0,0,0,0,0,22.71
2008,1,21,1,30,7.1000000000000005,0,0,0,0,0,0,25.01
2008,1,21,2,30,6.5,0,0,0,0,0,0,27.32
2008,1,21,3,30,5.800000000000001,0,0,0,0,0,0,29.810000000000002
2008,1,21,4,30,4.800000000000001,0,0,0,0,0,0,32.8
2008,1,21,5,30,3.8000000000000003,0,0,0,0,0,0,36.21
2008,1,21,6,30,2.8000000000000003,0,0,0,0,0,0,40.31
2008,1,21,7,30,2.1,0,0,0,0,0,0,44.44
2008,1,21,8,30,1.9000000000000001,0,0,0,0,0,0,48.6
2008,1,21,9,30,1.8,0,0,0,0,0,0,52.49
2008,1,21,10,30,1.8,0,0,0,0,0,0,55.63
2008,1,21,11,30,1.8,0,0,0,0,0,0,58.13
2008,1,21,12,30,2,0,0,0,0,0,0,59.800000000000004
2008,1,21,13,30,4,0,0,0,0,0,0,53.85
2008,1,21,14,30,8.200000000000001,30,164,762,218,89,128,42.5
2008,1,21,15,30,12.8,42,395,949,638,117,355,32.28
2008,1,21,16,30,16.1,50,592,1017,524,207,486,24
2008,1,21,17,30,17.2,55,739,1055,749,246,732,20.45
2008,1,21,18,30,17.5,63,815,1059,451,314,633,19.3
2008,1,21,19,30,18,61,819,1063,1063,61,819,18.29
2008,1,21,20,30,18.3,57,749,1051,1051,57,749,17.330000000000002
2008,1,21,21,30,17.900000000000002,53,612,1015,1015,53,612,17.09
2008,1,21,22,30,16.3,46,416,936,936,46,416,18.69
2008,1,21,23,30,12.9,34,190,769,769,34,190,27.72
2008,1,22,0,30,10.3,0,0,0,0,0,0,31.68
2008,1,22,1,30,9.600000000000001,0,0,0,0,0,0,31.52
2008,1,22,2,30,8.6,0,0,0,0,0,0,33.05
2008,1,22,3,30,7.300000000000001,0,0,0,0,0,0,36.86
2008,1,22,4,30,5.9,0,0,0,0,0,0,43.25
2008,1,22,5,30,5,0,0,0,0,0,0,50.71
2008,1,22,6,30,4.5,0,0,0,0,0,0,57.99
2008,1,22,7,30,4.2,0,0,0,0,0,0,64.13
2008,1,22,8,30,3.9000000000000004,0,0,0,0,0,0,68.56
2008,1,22,9,30,3.7,0,0,0,0,0,0,70.79
2008,1,22,10,30,3.7,0,0,0,0,0,0,70.89
2008,1,22,11,30,3.7,0,0,0,0,0,0,70.01
2008,1,22,12,30,3.8000000000000003,0,0,0,0,0,0,67.92
2008,1,22,13,30,6,0,0,0,0,0,0,56.7
2008,1,22,14,30,10.3,29,159,729,12,73,75,41.9
2008,1,22,15,30,14.8,41,382,914,69,202,228,30.36
2008,1,22,16,30,18,49,579,993,534,187,472,21.61
2008,1,22,17,30,18.5,56,722,1024,433,272,554,20.07
2008,1,22,18,30,18.2,65,802,1035,558,265,663,20.740000000000002
2008,1,22,19,30,18.5,64,804,1034,1034,64,804,21.13
2008,1,22,20,30,18.8,61,736,1020,1020,61,736,21.580000000000002
2008,1,22,21,30,18.3,56,599,981,504,210,489,23.38
2008,1,22,22,30,16.7,49,409,905,224,207,296,27.63
2008,1,22,23,30,14.100000000000001,37,187,727,589,21,142,36.99
2008,1,23,0,30,12.200000000000001,0,0,0,0,0,0,42.56
2008,1,23,1,30,11.5,0,0,0,0,0,0,44.63
2008,1,23,2,30,10.8,0,0,0,0,0,0,46.44
2008,1,23,3,30,9.700000000000001,0,0,0,0,0,0,49.72
2008,1,23,4,30,8.4,0,0,0,0,0,0,54.550000000000004
2008,1,23,5,30,7.2,0,0,0,0,0,0,60.13
2008,1,23,6,30,6.4,0,0,0,0,0,0,64.78
2008,1,23,7,30,5.6000000000000005,0,0,0,0,0,0,68.8
2008,1,23,8,30,5,0,0,0,0,0,0,70.31
2008,1,23,9,30,4.9,0,0,0,0,0,0,67.35
2008,1,23,10,30,5.300000000000001,0,0,0,0,0,0,61.01
2008,1,23,11,30,5.4,0,0,0,0,0,0,56.95
2008,1,23,12,30,5.4,0,0,0,0,0,0,53.92
2008,1,23,13,30,7,0,0,0,0,0,0,47.04
2008,1,23,14,30,10.100000000000001,32,159,704,13,75,78,40.42
2008,1,23,15,30,13.5,46,384,901,682,113,369,31.87
2008,1,23,16,30,17.400000000000002,54,581,982,672,212,572,26.51
2008,1,23,17,30,20.200000000000003,58,728,1027,1027,58,728,22.88
2008,1,23,18,30,21.900000000000002,65,807,1039,1039,65,807,20.03
2008,1,23,19,30,22.8,64,813,1041,1041,64,813,18.18
2008,1,23,20,30,23.1,60,744,1029,1029,60,744,17.11
2008,1,23,21,30,22.900000000000002,55,609,994,994,55,609,16.71
2008,1,23,22,30,21.3,47,418,922,922,47,418,17.96
2008,1,23,23,30,17.3,36,194,755,257,102,156,24.560000000000002
2008,1,24,0,30,14,0,0,0,0,0,0,32.38
2008,1,24,1,30,12.9,0,0,0,0,0,0,35.65
2008,1,24,2,30,11.700000000000001,0,0,0,0,0,0,40.24
2008,1,24,3,30,10.8,0,0,0,0,0,0,44.56
2008,1,24,4,30,9.9,0,0,0,0,0,0,48.660000000000004
2008,1,24,5,30,9,0,0,0,0,0,0,52.17
2008,1,24,6,30,7.9,0,0,0,0,0,0,56.1
2008,1,24,7,30,7,0,0,0,0,0,0,59.24
2008,1,24,8,30,6.6000000000000005,0,0,0,0,0,0,60.75
2008,1,24,9,30,6.4,0,0,0,0,0,0,61.300000000000004
2008,1,24,10,30,6.300000000000001,0,0,0,0,0,0,61.230000000000004
2008,1,24,11,30,6,0,0,0,0,0,0,61.99
2008,1,24,12,30,5.6000000000000005,0,0,0,0,0,0,63.14
2008,1,24,13,30,6.7,0,0,0,0,0,0,58.21
2008,1,24,14,30,9.8,35,162,701,55,95,105,48.02
2008,1,24,15,30,13.5,52,389,895,597,160,385,38.86
2008,1,24,16,30,17,63,587,974,658,222,577,31.7
2008,1,24,17,30,19.8,68,731,1012,1012,68,731,24.38
2008,1,24,18,30,21.900000000000002,69,810,1033,576,259,672,19.71
2008,1,24,19,30,23.1,69,817,1036,639,224,686,17.85
2008,1,24,20,30,23.400000000000002,68,746,1015,679,199,653,17.64
2008,1,24,21,30,23,69,609,964,525,207,501,18.26
2008,1,24,22,30,21.400000000000002,63,416,872,872,63,416,20.12
2008,1,24,23,30,18.2,47,191,679,679,47,191,26.32
2008,1,25,0,30,15.5,0,0,0,0,0,0,32.18
2008,1,25,1,30,14.4,0,0,0,0,0,0,33.57
2008,1,25,2,30,13.4,0,0,0,0,0,0,35.27
2008,1,25,3,30,12.3,0,0,0,0,0,0,37.7
2008,1,25,4,30,10.9,0,0,0,0,0,0,41.4
2008,1,25,5,30,9.5,0,0,0,0,0,0,45.26
2008,1,25,6,30,8.9,0,0,0,0,0,0,47.09
2008,1,25,7,30,8.8,0,0,0,0,0,0,48.19
2008,1,25,8,30,8.4,0,0,0,0,0,0,50.6
2008,1,25,9,30,8,0,0,0,0,0,0,53.300000000000004
2008,1,25,10,30,7.5,0,0,0,0,0,0,56.89
2008,1,25,11,30,7,0,0,0,0,0,0,60.550000000000004
2008,1,25,12,30,6.800000000000001,0,0,0,0,0,0,62.54
2008,1,25,13,30,8.200000000000001,0,0,0,0,0,0,57.410000000000004
2008,1,25,14,30,11.100000000000001,39,162,678,8,94,95,48.660000000000004
2008,1,25,15,30,14.9,56,391,888,90,198,232,36.84
2008,1,25,16,30,18.7,65,592,976,976,65,592,22.48
2008,1,25,17,30,21.1,69,739,1019,475,268,580,17.62
2008,1,25,18,30,22.6,70,820,1042,1042,70,820,16.11
2008,1,25,19,30,23.200000000000003,70,827,1044,161,375,492,15.39
2008,1,25,20,30,22.900000000000002,68,758,1027,544,253,618,15.41
2008,1,25,21,30,21.900000000000002,65,618,983,106,273,333,16.14
2008,1,25,22,30,20,55,426,912,44,191,209,18.94
2008,1,25,23,30,17,40,201,746,437,82,177,29.26
2008,1,26,0,30,14,0,0,0,0,0,0,32
2008,1,26,1,30,11.8,0,0,0,0,0,0,35.78
2008,1,26,2,30,10.3,0,0,0,0,0,0,40.63
2008,1,26,3,30,9.3,0,0,0,0,0,0,45.050000000000004
2008,1,26,4,30,8.9,0,0,0,0,0,0,47.67
2008,1,26,5,30,8.700000000000001,0,0,0,0,0,0,49.49
2008,1,26,6,30,8.700000000000001,0,0,0,0,0,0,50.85
2008,1,26,7,30,8.6,0,0,0,0,0,0,53.02
2008,1,26,8,30,8.1,0,0,0,0,0,0,56.25
2008,1,26,9,30,7.1000000000000005,0,0,0,0,0,0,61.18
2008,1,26,10,30,5.800000000000001,0,0,0,0,0,0,67.45
2008,1,26,11,30,4.9,0,0,0,0,0,0,72.46000000000001
2008,1,26,12,30,5.1000000000000005,0,0,0,0,0,0,72.36
2008,1,26,13,30,7,0,0,0,0,0,0,64.48
2008,1,26,14,30,10.200000000000001,38,163,684,45,95,103,52.89
2008,1,26,15,30,13.4,55,392,887,314,173,293,42.79
2008,1,26,16,30,16,64,593,974,407,235,456,35.09
2008,1,26,17,30,18.1,69,740,1018,726,194,673,29.650000000000002
2008,1,26,18,30,19.700000000000003,77,819,1027,604,254,691,25.37
2008,1,26,19,30,20.6,77,826,1028,702,216,727,23.32
2008,1,26,20,30,20.8,75,758,1012,631,223,649,22.67
2008,1,26,21,30,20.1,70,621,973,74,278,320,23.27
2008,1,26,22,30,18.6,61,430,900,339,200,340,25.32
2008,1,26,23,30,15.8,45,203,721,14,86,89,32.12
2008,1,27,0,30,13.5,0,0,0,0,0,0,38.78
2008,1,27,1,30,12.5,0,0,0,0,0,0,42.12
2008,1,27,2,30,11.3,0,0,0,0,0,0,47.480000000000004
2008,1,27,3,30,10.200000000000001,0,0,0,0,0,0,53.1
2008,1,27,4,30,9.3,0,0,0,0,0,0,57.94
2008,1,27,5,30,8.700000000000001,0,0,0,0,0,0,61.1
2008,1,27,6,30,8.1,0,0,0,0,0,0,64.03
2008,1,27,7,30,7.4,0,0,0,0,0,0,67.5
2008,1,27,8,30,6.6000000000000005,0,0,0,0,0,0,71.98
2008,1,27,9,30,6.1000000000000005,0,0,0,0,0,0,76.68
2008,1,27,10,30,5.800000000000001,0,0,0,0,0,0,81.97
2008,1,27,11,30,5.7,0,0,0,0,0,0,87.64
2008,1,27,12,30,5.6000000000000005,0,0,0,0,0,0,94.16
2008,1,27,13,30,7,0,0,0,0,0,0,90.26
2008,1,27,14,30,10.3,44,159,628,31,104,110,74.38
2008,1,27,15,30,14.4,63,387,850,850,63,387,55.51
2008,1,27,16,30,18.3,71,590,954,954,71,590,39.04
2008,1,27,17,30,20.8,74,742,1008,713,260,732,28.8
2008,1,27,18,30,22,74,827,1037,1037,74,827,23.41
2008,1,27,19,30,22.5,72,838,1047,1047,72,838,18.97
2008,1,27,20,30,22.400000000000002,68,774,1041,1041,68,774,15.860000000000001
2008,1,27,21,30,21.900000000000002,63,636,1006,484,217,492,14.39
2008,1,27,22,30,20.5,54,441,935,334,198,336,14.66
2008,1,27,23,30,16.6,40,212,776,57,117,130,22.03
2008,1,28,0,30,13.100000000000001,0,0,0,0,0,0,27.85
2008,1,28,1,30,11.8,0,0,0,0,0,0,29.44
2008,1,28,2,30,11.200000000000001,0,0,0,0,0,0,32.25
2008,1,28,3,30,10.600000000000001,0,0,0,0,0,0,37.78
2008,1,28,4,30,9.9,0,0,0,0,0,0,44.84
2008,1,28,5,30,9.200000000000001,0,0,0,0,0,0,51.56
2008,1,28,6,30,8.4,0,0,0,0,0,0,57.4
2008,1,28,7,30,7.9,0,0,0,0,0,0,61.99
2008,1,28,8,30,7.7,0,0,0,0,0,0,65.6
2008,1,28,9,30,7.5,0,0,0,0,0,0,69.11
2008,1,28,10,30,7.300000000000001,0,0,0,0,0,0,72.17
2008,1,28,11,30,6.9,0,0,0,0,0,0,75.36
2008,1,28,12,30,6.7,0,0,0,0,0,0,77.34
2008,1,28,13,30,8.1,0,0,0,0,0,0,70.84
2008,1,28,14,30,11.700000000000001,43,162,642,16,84,87,56.25
2008,1,28,15,30,16.1,64,388,843,185,192,263,42.71
2008,1,28,16,30,19.400000000000002,78,587,931,310,259,429,34.94
2008,1,28,17,30,21.200000000000003,85,735,977,700,266,731,30.61
2008,1,28,18,30,22.5,90,818,999,796,200,780,27.1
2008,1,28,19,30,23.3,85,827,1009,603,260,703,24.240000000000002
2008,1,28,20,30,23.6,78,761,1003,1003,78,761,22.2
2008,1,28,21,30,23.200000000000003,69,626,971,516,222,517,21.36
2008,1,28,22,30,22,58,435,902,616,138,395,21.900000000000002
2008,1,28,23,30,18.5,42,208,741,521,89,206,26.82
2008,1,29,0,30,15.200000000000001,0,0,0,0,0,0,34.19
2008,1,29,1,30,14,0,0,0,0,0,0,37.14
2008,1,29,2,30,12.9,0,0,0,0,0,0,41.34
2008,1,29,3,30,11.700000000000001,0,0,0,0,0,0,47.26
2008,1,29,4,30,10.700000000000001,0,0,0,0,0,0,53.07
2008,1,29,5,30,10.100000000000001,0,0,0,0,0,0,57.27
2008,1,29,6,30,9.600000000000001,0,0,0,0,0,0,61.44
2008,1,29,7,30,9,0,0,0,0,0,0,66.62
2008,1,29,8,30,8.4,0,0,0,0,0,0,72.15
2008,1,29,9,30,8,0,0,0,0,0,0,76.15
2008,1,29,10,30,7.9,0,0,0,0,0,0,77.11
2008,1,29,11,30,7.9,0,0,0,0,0,0,76.84
2008,1,29,12,30,7.9,0,0,0,0,0,0,76.75
2008,1,29,13,30,9,0,0,0,0,0,0,71.42
2008,1,29,14,30,11.600000000000001,37,166,691,79,100,114,60.13
2008,1,29,15,30,14.700000000000001,48,395,899,434,148,316,48.120000000000005
2008,1,29,16,30,17.400000000000002,52,594,985,528,198,488,39.54
2008,1,29,17,30,19.200000000000003,55,740,1026,1026,55,740,33.74
2008,1,29,18,30,20.1,55,820,1045,716,198,722,30.44
2008,1,29,19,30,20.400000000000002,55,827,1047,449,308,639,28.86
2008,1,29,20,30,20.400000000000002,54,761,1032,477,278,605,28.13
2008,1,29,21,30,20.1,53,627,996,686,223,618,28.17
2008,1,29,22,30,19.200000000000003,48,436,925,925,48,436,29.19
2008,1,29,23,30,16.3,37,211,767,155,123,158,34.68
2008,1,30,0,30,13.200000000000001,0,0,0,0,0,0,42.84
2008,1,30,1,30,11.700000000000001,0,0,0,0,0,0,45.39
2008,1,30,2,30,10.700000000000001,0,0,0,0,0,0,46.82
2008,1,30,3,30,10,0,0,0,0,0,0,47.78
2008,1,30,4,30,9.200000000000001,0,0,0,0,0,0,49.67
2008,1,30,5,30,8.1,0,0,0,0,0,0,52.49
2008,1,30,6,30,7.2,0,0,0,0,0,0,54.79
2008,1,30,7,30,6.5,0,0,0,0,0,0,57.160000000000004
2008,1,30,8,30,5.9,0,0,0,0,0,0,60.29
2008,1,30,9,30,5.4,0,0,0,0,0,0,65.04
2008,1,30,10,30,4.9,0,0,0,0,0,0,71.84
2008,1,30,11,30,4.4,0,0,0,0,0,0,80.15
2008,1,30,12,30,4.7,0,0,0,0,0,0,85.04
2008,1,30,13,30,6.5,0,0,0,0,0,0,80.49
2008,1,30,14,30,10.4,33,175,751,175,100,133,63.980000000000004
2008,1,30,15,30,14.5,44,414,955,955,44,414,39.4
2008,1,30,16,30,17.6,48,624,1043,1043,48,624,19.02
2008,1,30,17,30,19.700000000000003,50,782,1092,1092,50,782,9.52
2008,1,30,18,30,21.200000000000003,58,869,1104,1104,58,869,5.71
2008,1,30,19,30,22.1,55,875,1108,1108,55,875,4.53
2008,1,30,20,30,22.3,52,806,1096,1096,52,806,4.23
2008,1,30,21,30,21.8,50,666,1063,1063,50,666,4.21
2008,1,30,22,30,20.3,43,467,1001,1001,43,467,4.5
2008,1,30,23,30,16.2,32,230,859,859,32,230,6.42
2008,1,31,0,30,12.200000000000001,0,0,0,0,0,0,11.42
2008,1,31,1,30,10.700000000000001,0,0,0,0,0,0,14.19
2008,1,31,2,30,9.4,0,0,0,0,0,0,17.34
2008,1,31,3,30,8.1,0,0,0,0,0,0,21.09
2008,1,31,4,30,7,0,0,0,0,0,0,25.6
2008,1,31,5,30,6,0,0,0,0,0,0,31.61
2008,1,31,6,30,5.300000000000001,0,0,0,0,0,0,36.980000000000004
2008,1,31,7,30,4.800000000000001,0,0,0,0,0,0,38.75
2008,1,31,8,30,4.3,0,0,0,0,0,0,37.43
2008,1,31,9,30,3.7,0,0,0,0,0,0,34.52
2008,1,31,10,30,2.9000000000000004,0,0,0,0,0,0,31.98
2008,1,31,11,30,1.9000000000000001,0,0,0,0,0,0,30.45
2008,1,31,12,30,1,0,0,0,0,0,0,29.55
2008,1,31,13,30,3,0,0,0,0,0,0,24.39
2008,1,31,14,30,7.4,29,192,851,262,100,150,17.44
2008,1,31,15,30,12.3,40,439,1023,1023,40,439,11.55
2008,1,31,16,30,16.2,46,653,1094,1094,46,653,4.28
2008,1,31,17,30,18.1,49,810,1129,1129,49,810,3.11
2008,1,31,18,30,19.200000000000003,53,897,1144,1144,53,897,2.85
2008,1,31,19,30,19.700000000000003,55,906,1144,1144,55,906,2.83
2008,1,31,20,30,19.5,52,835,1133,1133,52,835,3.0500000000000003
2008,1,31,21,30,18.7,50,692,1101,1101,50,692,3.5300000000000002
2008,1,31,22,30,16.8,44,487,1038,1038,44,487,4.49
2008,1,31,23,30,12.5,35,244,894,894,35,244,7.8500000000000005
2008,2,1,0,30,8.3,11,18,374,374,11,18,14.43
2008,2,1,1,30,6.2,0,0,0,0,0,0,19.14
2008,2,1,2,30,4.4,0,0,0,0,0,0,26.7
2008,2,1,3,30,3,0,0,0,0,0,0,33.31
2008,2,1,4,30,2.1,0,0,0,0,0,0,37.08
2008,2,1,5,30,1.5,0,0,0,0,0,0,39.03
2008,2,1,6,30,0.7000000000000001,0,0,0,0,0,0,40.9
2008,2,1,7,30,-0.1,0,0,0,0,0,0,42.32
2008,2,1,8,30,-0.7000000000000001,0,0,0,0,0,0,42.81
2008,2,1,9,30,-1,0,0,0,0,0,0,42.28
2008,2,1,10,30,-1.2000000000000002,0,0,0,0,0,0,42.57
2008,2,1,11,30,-1.4000000000000001,0,0,0,0,0,0,46.39
2008,2,1,12,30,-1.3,0,0,0,0,0,0,54.46
2008,2,1,13,30,1,0,0,0,0,0,0,54.32
2008,2,1,14,30,5.6000000000000005,34,187,791,284,96,150,44.550000000000004
2008,2,1,15,30,11.200000000000001,47,423,959,204,233,313,33.24
2008,2,1,16,30,16.8,53,631,1036,1036,53,631,21.84
2008,2,1,17,30,20.5,58,784,1074,1074,58,784,12.26
2008,2,1,18,30,22.1,62,869,1089,1089,62,869,10.49
2008,2,1,19,30,22.8,60,876,1092,1092,60,876,10.09
2008,2,1,20,30,22.900000000000002,57,801,1072,1072,57,801,10.06
2008,2,1,21,30,22.5,55,663,1037,1037,55,663,10.540000000000001
2008,2,1,22,30,21,47,462,966,966,47,462,12.200000000000001
2008,2,1,23,30,16.900000000000002,36,228,811,811,36,228,17.78
2008,2,2,0,30,13.200000000000001,11,18,310,310,11,18,26.84
2008,2,2,1,30,12,0,0,0,0,0,0,32.57
2008,2,2,2,30,11.200000000000001,0,0,0,0,0,0,38.21
2008,2,2,3,30,10.100000000000001,0,0,0,0,0,0,44.35
2008,2,2,4,30,8.8,0,0,0,0,0,0,51.04
2008,2,2,5,30,7.7,0,0,0,0,0,0,57.730000000000004
2008,2,2,6,30,6.800000000000001,0,0,0,0,0,0,64.14
2008,2,2,7,30,6,0,0,0,0,0,0,69.85000000000001
2008,2,2,8,30,5.2,0,0,0,0,0,0,73
2008,2,2,9,30,4.6000000000000005,0,0,0,0,0,0,71.36
2008,2,2,10,30,4.2,0,0,0,0,0,0,65.75
2008,2,2,11,30,3.8000000000000003,0,0,0,0,0,0,59.11
2008,2,2,12,30,3.8000000000000003,0,0,0,0,0,0,51.68
2008,2,2,13,30,6.2,0,0,0,0,0,0,39.160000000000004
2008,2,2,14,30,10.700000000000001,34,183,764,13,112,114,27.29
2008,2,2,15,30,15.200000000000001,46,419,946,946,46,419,18.830000000000002
2008,2,2,16,30,18.6,53,625,1023,512,222,508,12.42
2008,2,2,17,30,20.6,57,777,1060,842,170,742,10.46
2008,2,2,18,30,21.900000000000002,64,862,1072,1072,64,862,9.56
2008,2,2,19,30,22.6,64,870,1074,1074,64,870,9.26
2008,2,2,20,30,22.700000000000003,62,798,1054,1054,62,798,9.450000000000001
2008,2,2,21,30,22.1,57,660,1024,1024,57,660,10.21
2008,2,2,22,30,20.5,50,465,958,958,50,465,11.8
2008,2,2,23,30,16.900000000000002,39,232,810,810,39,232,15.65
2008,2,3,0,30,13.200000000000001,12,20,313,313,12,20,22.28
2008,2,3,1,30,11.600000000000001,0,0,0,0,0,0,26.1
2008,2,3,2,30,10.5,0,0,0,0,0,0,29.19
2008,2,3,3,30,9.4,0,0,0,0,0,0,32.7
2008,2,3,4,30,8.3,0,0,0,0,0,0,37.42
2008,2,3,5,30,7.300000000000001,0,0,0,0,0,0,43.12
2008,2,3,6,30,6.5,0,0,0,0,0,0,48.26
2008,2,3,7,30,5.800000000000001,0,0,0,0,0,0,51.84
2008,2,3,8,30,5.2,0,0,0,0,0,0,54.27
2008,2,3,9,30,4.7,0,0,0,0,0,0,56.47
2008,2,3,10,30,4.4,0,0,0,0,0,0,58.28
2008,2,3,11,30,4.2,0,0,0,0,0,0,59.89
2008,2,3,12,30,4.4,0,0,0,0,0,0,60.13
2008,2,3,13,30,6.6000000000000005,0,0,0,0,0,0,52.92
2008,2,3,14,30,10.9,35,187,772,36,115,123,41
2008,2,3,15,30,15.700000000000001,48,426,953,953,48,426,29.68
2008,2,3,16,30,19.400000000000002,54,634,1030,1030,54,634,18
2008,2,3,17,30,21.400000000000002,58,787,1067,1067,58,787,13.34
2008,2,3,18,30,22.5,59,870,1085,1085,59,870,11.76
2008,2,3,19,30,23,59,878,1087,1087,59,878,11.35
2008,2,3,20,30,23,58,806,1065,643,241,692,11.61
2008,2,3,21,30,22.400000000000002,56,668,1032,268,299,458,12.39
2008,2,3,22,30,21,48,471,969,969,48,471,13.92
2008,2,3,23,30,17.400000000000002,38,237,824,614,83,232,18.35
2008,2,4,0,30,14,12,21,334,334,12,21,25.69
2008,2,4,1,30,13,0,0,0,0,0,0,29.34
2008,2,4,2,30,12.4,0,0,0,0,0,0,32.53
2008,2,4,3,30,11.700000000000001,0,0,0,0,0,0,36
2008,2,4,4,30,10.9,0,0,0,0,0,0,40.14
2008,2,4,5,30,10,0,0,0,0,0,0,45.06
2008,2,4,6,30,9,0,0,0,0,0,0,50.35
2008,2,4,7,30,8.3,0,0,0,0,0,0,53.27
2008,2,4,8,30,7.7,0,0,0,0,0,0,53.49
2008,2,4,9,30,7.4,0,0,0,0,0,0,51.35
2008,2,4,10,30,7.2,0,0,0,0,0,0,48.84
2008,2,4,11,30,6.9,0,0,0,0,0,0,47.35
2008,2,4,12,30,6.800000000000001,0,0,0,0,0,0,46.300000000000004
2008,2,4,13,30,8.1,0,0,0,0,0,0,41.9
2008,2,4,14,30,11.5,35,189,777,170,103,136,32.980000000000004
2008,2,4,15,30,15.9,47,429,956,956,47,429,22.72
2008,2,4,16,30,19.5,54,637,1031,687,232,620,13.65
2008,2,4,17,30,21.5,58,790,1068,855,170,756,10.42
2008,2,4,18,30,22.6,64,876,1081,1081,64,876,9.19
2008,2,4,19,30,22.900000000000002,63,884,1084,790,271,870,8.86
2008,2,4,20,30,22.6,62,816,1070,229,442,603,9.040000000000001
2008,2,4,21,30,21.700000000000003,57,677,1040,1040,57,677,9.67
2008,2,4,22,30,20.1,49,479,977,977,49,479,10.72
2008,2,4,23,30,17.2,39,243,832,832,39,243,13.07
2008,2,5,0,30,14.3,13,23,352,352,13,23,17.19
2008,2,5,1,30,12.8,0,0,0,0,0,0,21
2008,2,5,2,30,11.600000000000001,0,0,0,0,0,0,25.25
2008,2,5,3,30,10.3,0,0,0,0,0,0,30.5
2008,2,5,4,30,8.700000000000001,0,0,0,0,0,0,37.97
2008,2,5,5,30,7.5,0,0,0,0,0,0,44.85
2008,2,5,6,30,6.800000000000001,0,0,0,0,0,0,48.22
2008,2,5,7,30,6.4,0,0,0,0,0,0,48.81
2008,2,5,8,30,6,0,0,0,0,0,0,49.19
2008,2,5,9,30,5.5,0,0,0,0,0,0,49.36
2008,2,5,10,30,5.1000000000000005,0,0,0,0,0,0,48.870000000000005
2008,2,5,11,30,4.9,0,0,0,0,0,0,47.57
2008,2,5,12,30,4.9,0,0,0,0,0,0,46.99
2008,2,5,13,30,6.4,0,0,0,0,0,0,43.13
2008,2,5,14,30,10.3,33,196,815,24,120,125,34.18
2008,2,5,15,30,14.700000000000001,44,440,985,985,44,440,24.01
2008,2,5,16,30,17.7,49,650,1058,1058,49,650,16.41
2008,2,5,17,30,19.6,53,805,1093,1093,53,805,13.75
2008,2,5,18,30,20.900000000000002,55,891,1109,1109,55,891,12.27
2008,2,5,19,30,21.6,53,899,1112,1112,53,899,11.200000000000001
2008,2,5,20,30,21.700000000000003,50,830,1101,1101,50,830,10.43
2008,2,5,21,30,21.200000000000003,49,690,1070,1070,49,690,10.02
2008,2,5,22,30,19.8,43,490,1009,1009,43,490,10.43
2008,2,5,23,30,16.3,34,251,874,436,113,221,13.4
2008,2,6,0,30,12.5,13,26,413,0,12,12,19.66
2008,2,6,1,30,10.3,0,0,0,0,0,0,25.67
2008,2,6,2,30,8.8,0,0,0,0,0,0,31.77
2008,2,6,3,30,7.5,0,0,0,0,0,0,39.06
2008,2,6,4,30,6.1000000000000005,0,0,0,0,0,0,49.17
2008,2,6,5,30,4.7,0,0,0,0,0,0,61.78
2008,2,6,6,30,3.5,0,0,0,0,0,0,74.13
2008,2,6,7,30,2.5,0,0,0,0,0,0,84.39
2008,2,6,8,30,1.7000000000000002,0,0,0,0,0,0,90.69
2008,2,6,9,30,1,0,0,0,0,0,0,94.54
2008,2,6,10,30,0.4,0,0,0,0,0,0,96.35000000000001
2008,2,6,11,30,-0.2,0,0,0,0,0,0,96.74000000000001
2008,2,6,12,30,-0.30000000000000004,0,0,0,0,0,0,92.14
2008,2,6,13,30,1.7000000000000002,0,0,0,0,0,0,74.35000000000001
2008,2,6,14,30,5.4,33,202,833,26,120,126,47.29
2008,2,6,15,30,8.6,44,449,1002,1002,44,449,27.54
2008,2,6,16,30,11.8,48,662,1074,1074,48,662,19.740000000000002
2008,2,6,17,30,15.4,52,819,1109,1109,52,819,13.13
2008,2,6,18,30,18.400000000000002,63,909,1117,1117,63,909,8.52
2008,2,6,19,30,20.200000000000003,62,918,1120,1120,62,918,6.65
2008,2,6,20,30,21.1,58,848,1109,1109,58,848,5.72
2008,2,6,21,30,21.1,54,705,1080,1080,54,705,5.25
2008,2,6,22,30,19.700000000000003,46,501,1022,1022,46,501,5.3100000000000005
2008,2,6,23,30,15.4,35,259,891,891,35,259,8.36
2008,2,7,0,30,11.3,13,28,436,436,13,28,14.75
2008,2,7,1,30,9.700000000000001,0,0,0,0,0,0,16.57
2008,2,7,2,30,8.700000000000001,0,0,0,0,0,0,18.44
2008,2,7,3,30,7.6000000000000005,0,0,0,0,0,0,21.080000000000002
2008,2,7,4,30,6.300000000000001,0,0,0,0,0,0,24.63
2008,2,7,5,30,5.1000000000000005,0,0,0,0,0,0,28.060000000000002
2008,2,7,6,30,4.3,0,0,0,0,0,0,30.41
2008,2,7,7,30,3.7,0,0,0,0,0,0,32.25
2008,2,7,8,30,3.4000000000000004,0,0,0,0,0,0,33.52
2008,2,7,9,30,3,0,0,0,0,0,0,34.97
2008,2,7,10,30,2.7,0,0,0,0,0,0,35.49
2008,2,7,11,30,2.3000000000000003,0,0,0,0,0,0,35.34
2008,2,7,12,30,2.1,0,0,0,0,0,0,33.93
2008,2,7,13,30,4.7,0,0,0,0,0,0,26.44
2008,2,7,14,30,9.4,34,205,833,404,90,173,18.22
2008,2,7,15,30,13.600000000000001,46,453,999,612,180,429,11.51
2008,2,7,16,30,16.8,53,668,1070,1070,53,668,7.44
2008,2,7,17,30,18.6,58,826,1104,1104,58,826,6.05
2008,2,7,18,30,19.8,64,914,1116,1116,64,914,5.25
2008,2,7,19,30,20.5,64,923,1118,1118,64,923,4.76
2008,2,7,20,30,20.5,61,853,1107,1107,61,853,4.61
2008,2,7,21,30,19.900000000000002,56,710,1078,386,345,579,4.73
2008,2,7,22,30,18.2,51,507,1016,1016,51,507,5.33
2008,2,7,23,30,13.8,40,263,880,573,94,239,8.41
2008,2,8,0,30,9.4,15,30,416,6,19,19,15.18
2008,2,8,1,30,7.4,0,0,0,0,0,0,17.18
2008,2,8,2,30,6.4,0,0,0,0,0,0,18.990000000000002
2008,2,8,3,30,6.300000000000001,0,0,0,0,0,0,19.94
2008,2,8,4,30,6.7,0,0,0,0,0,0,20.62
2008,2,8,5,30,7.2,0,0,0,0,0,0,20.39
2008,2,8,6,30,7.5,0,0,0,0,0,0,19.45
2008,2,8,7,30,7.1000000000000005,0,0,0,0,0,0,19.18
2008,2,8,8,30,6.4,0,0,0,0,0,0,20.18
2008,2,8,9,30,5.9,0,0,0,0,0,0,20.68
2008,2,8,10,30,5.6000000000000005,0,0,0,0,0,0,20.96
2008,2,8,11,30,5.4,0,0,0,0,0,0,21.04
2008,2,8,12,30,5.300000000000001,0,0,0,0,0,0,20.97
2008,2,8,13,30,7.1000000000000005,0,0,0,0,0,0,18.63
2008,2,8,14,30,11,37,208,825,4,67,68,15.17
2008,2,8,15,30,15.5,49,450,977,5,117,119,9.09
2008,2,8,16,30,19.200000000000003,56,663,1051,622,205,564,5.59
2008,2,8,17,30,21.1,58,819,1090,629,252,692,4.8
2008,2,8,18,30,22.1,63,906,1102,1102,63,906,4.73
2008,2,8,19,30,22.700000000000003,62,915,1105,1105,62,915,4.79
2008,2,8,20,30,22.700000000000003,61,846,1093,1093,61,846,5
2008,2,8,21,30,22.200000000000003,58,705,1061,417,286,541,5.33
2008,2,8,22,30,20.8,52,503,998,998,52,503,5.99
2008,2,8,23,30,17.400000000000002,40,258,849,849,40,258,10.34
2008,2,9,0,30,14.100000000000001,15,30,388,388,15,30,15.66
2008,2,9,1,30,12.3,0,0,0,0,0,0,16.71
2008,2,9,2,30,11.200000000000001,0,0,0,0,0,0,19.22
2008,2,9,3,30,10.5,0,0,0,0,0,0,23.84
2008,2,9,4,30,9.5,0,0,0,0,0,0,32.01
2008,2,9,5,30,8.4,0,0,0,0,0,0,39.96
2008,2,9,6,30,7.1000000000000005,0,0,0,0,0,0,46.88
2008,2,9,7,30,6.2,0,0,0,0,0,0,50.300000000000004
2008,2,9,8,30,5.800000000000001,0,0,0,0,0,0,50.67
2008,2,9,9,30,5.4,0,0,0,0,0,0,51.14
2008,2,9,10,30,5,0,0,0,0,0,0,52.01
2008,2,9,11,30,4.5,0,0,0,0,0,0,53.76
2008,2,9,12,30,4.4,0,0,0,0,0,0,53.6
2008,2,9,13,30,6.7,0,0,0,0,0,0,44.85
2008,2,9,14,30,10.8,37,200,773,773,37,200,33.410000000000004
2008,2,9,15,30,15,51,441,944,944,51,441,23.28
2008,2,9,16,30,18.3,60,650,1017,1017,60,650,15.17
2008,2,9,17,30,20.1,65,800,1047,1047,65,800,12.67
2008,2,9,18,30,20.900000000000002,70,885,1062,1062,70,885,11.790000000000001
2008,2,9,19,30,21.200000000000003,70,894,1064,1064,70,894,11.49
2008,2,9,20,30,21.200000000000003,67,826,1052,1052,67,826,11.4
2008,2,9,21,30,21,58,687,1026,1026,58,687,11.35
2008,2,9,22,30,20.1,50,490,966,966,50,490,11.77
2008,2,9,23,30,16.7,39,254,829,488,99,226,15.4
2008,2,10,0,30,13.4,15,31,373,3,19,19,20.91
2008,2,10,1,30,12.200000000000001,0,0,0,0,0,0,19.25
2008,2,10,2,30,11.200000000000001,0,0,0,0,0,0,18.3
2008,2,10,3,30,10.5,0,0,0,0,0,0,17.92
2008,2,10,4,30,9.600000000000001,0,0,0,0,0,0,18.61
2008,2,10,5,30,8.4,0,0,0,0,0,0,21.69
2008,2,10,6,30,7.2,0,0,0,0,0,0,27.35
2008,2,10,7,30,6.6000000000000005,0,0,0,0,0,0,35.28
2008,2,10,8,30,6.300000000000001,0,0,0,0,0,0,48.300000000000004
2008,2,10,9,30,6.4,0,0,0,0,0,0,62.95
2008,2,10,10,30,6.6000000000000005,0,0,0,0,0,0,73.61
2008,2,10,11,30,6.6000000000000005,0,0,0,0,0,0,79.96000000000001
2008,2,10,12,30,6.6000000000000005,0,0,0,0,0,0,83.66
2008,2,10,13,30,7.5,0,0,0,0,0,0,80.07000000000001
2008,2,10,14,30,9.700000000000001,53,187,631,37,111,119,68.35000000000001
2008,2,10,15,30,13.100000000000001,75,422,834,170,227,298,50.43
2008,2,10,16,30,16.8,86,629,931,317,282,467,31.94
2008,2,10,17,30,19.3,93,779,973,248,360,536,23.650000000000002
2008,2,10,18,30,19.6,94,862,996,1,183,184,23.53
2008,2,10,19,30,17.5,112,862,963,53,387,429,29.92
2008,2,10,20,30,14.5,120,787,920,266,345,538,43.19
2008,2,10,21,30,11.9,91,657,919,919,91,657,57.14
2008,2,10,22,30,9.5,82,463,831,831,82,463,69.27
2008,2,10,23,30,6.6000000000000005,79,224,555,0,33,33,84.51
2008,2,11,0,30,4.5,20,22,54,0,8,8,93.19
2008,2,11,1,30,4.4,0,0,0,0,0,0,87.86
2008,2,11,2,30,4.9,0,0,0,0,0,0,88.60000000000001
2008,2,11,3,30,4.800000000000001,0,0,0,0,0,0,92.38
2008,2,11,4,30,4.3,0,0,0,0,0,0,96.86
2008,2,11,5,30,3.8000000000000003,0,0,0,0,0,0,100
2008,2,11,6,30,3.6,0,0,0,0,0,0,100
2008,2,11,7,30,3.3000000000000003,0,0,0,0,0,0,100
2008,2,11,8,30,2.9000000000000004,0,0,0,0,0,0,100
2008,2,11,9,30,2.7,0,0,0,0,0,0,100
2008,2,11,10,30,2.6,0,0,0,0,0,0,100
2008,2,11,11,30,2.5,0,0,0,0,0,0,100
2008,2,11,12,30,2.9000000000000004,0,0,0,0,0,0,100
2008,2,11,13,30,5.7,0,0,0,0,0,0,83.2
2008,2,11,14,30,10.600000000000001,42,199,725,9,117,119,60.550000000000004
2008,2,11,15,30,15.5,59,438,906,906,59,438,42.13
2008,2,11,16,30,18.6,69,646,983,983,69,646,26.88
2008,2,11,17,30,19.900000000000002,78,799,1018,1018,78,799,22.92
2008,2,11,18,30,20.700000000000003,81,884,1036,754,283,867,20.94
2008,2,11,19,30,21,81,893,1038,1038,81,893,19.94
2008,2,11,20,30,21,78,825,1024,1024,78,825,19.39
2008,2,11,21,30,20.5,71,687,994,994,71,687,19.68
2008,2,11,22,30,19.400000000000002,62,490,927,19,177,186,20.990000000000002
2008,2,11,23,30,16.1,48,255,779,589,96,252,26.240000000000002
2008,2,12,0,30,12.8,18,33,318,2,20,20,36.74
2008,2,12,1,30,11.8,0,0,0,0,0,0,38.980000000000004
2008,2,12,2,30,11.4,0,0,0,0,0,0,40.36
2008,2,12,3,30,10.9,0,0,0,0,0,0,42.25
2008,2,12,4,30,10,0,0,0,0,0,0,45.56
2008,2,12,5,30,8.8,0,0,0,0,0,0,49.97
2008,2,12,6,30,7.6000000000000005,0,0,0,0,0,0,54.95
2008,2,12,7,30,6.6000000000000005,0,0,0,0,0,0,59.82
2008,2,12,8,30,5.7,0,0,0,0,0,0,64.44
2008,2,12,9,30,4.800000000000001,0,0,0,0,0,0,68.14
2008,2,12,10,30,4.1000000000000005,0,0,0,0,0,0,69.49
2008,2,12,11,30,3.6,0,0,0,0,0,0,69.36
2008,2,12,12,30,3.8000000000000003,0,0,0,0,0,0,66.86
2008,2,12,13,30,6,0,0,0,0,0,0,56.84
2008,2,12,14,30,9.700000000000001,41,208,762,59,110,123,43.93
2008,2,12,15,30,13.700000000000001,55,451,939,388,190,354,30.32
2008,2,12,16,30,16.7,63,658,1009,192,298,412,19.81
2008,2,12,17,30,18.3,68,812,1046,437,313,624,17.330000000000002
2008,2,12,18,30,19.400000000000002,71,898,1062,1062,71,898,15.89
2008,2,12,19,30,19.900000000000002,70,912,1071,555,309,745,14.950000000000001
2008,2,12,20,30,20.1,68,843,1059,1059,68,843,14.21
2008,2,12,21,30,19.700000000000003,62,703,1030,1030,62,703,13.870000000000001
2008,2,12,22,30,18.6,54,504,969,969,54,504,14.22
2008,2,12,23,30,15.3,42,266,835,835,42,266,17.54
2008,2,13,0,30,11.8,17,36,406,406,17,36,26.27
2008,2,13,1,30,10.200000000000001,0,0,0,0,0,0,29.21
2008,2,13,2,30,8.9,0,0,0,0,0,0,32.03
2008,2,13,3,30,7.6000000000000005,0,0,0,0,0,0,34.800000000000004
2008,2,13,4,30,6.7,0,0,0,0,0,0,36.22
2008,2,13,5,30,6.4,0,0,0,0,0,0,35.76
2008,2,13,6,30,6.7,0,0,0,0,0,0,33.64
2008,2,13,7,30,6.800000000000001,0,0,0,0,0,0,32.17
2008,2,13,8,30,6.2,0,0,0,0,0,0,33.49
2008,2,13,9,30,5.300000000000001,0,0,0,0,0,0,35.53
2008,2,13,10,30,4.3,0,0,0,0,0,0,38.32
2008,2,13,11,30,3.1,0,0,0,0,0,0,42.28
2008,2,13,12,30,2.4000000000000004,0,0,0,0,0,0,45.410000000000004
2008,2,13,13,30,4.6000000000000005,0,0,0,0,0,0,40.67
2008,2,13,14,30,9.200000000000001,39,213,788,788,39,213,31.66
2008,2,13,15,30,13.700000000000001,52,458,954,954,52,458,25.150000000000002
2008,2,13,16,30,17.1,60,670,1027,1027,60,670,19.21
2008,2,13,17,30,19,66,826,1063,1063,66,826,16.68
2008,2,13,18,30,20.3,72,906,1067,1067,72,906,15.11
2008,2,13,19,30,21,73,915,1068,1068,73,915,14.07
2008,2,13,20,30,21.3,71,847,1055,1055,71,847,13.18
2008,2,13,21,30,21.1,66,706,1023,1023,66,706,12.56
2008,2,13,22,30,20.1,57,511,971,971,57,511,12.57
2008,2,13,23,30,16.900000000000002,43,271,839,839,43,271,15.780000000000001
2008,2,14,0,30,13.4,17,39,421,421,17,39,24.85
2008,2,14,1,30,11.5,0,0,0,0,0,0,25.73
2008,2,14,2,30,10.100000000000001,0,0,0,0,0,0,26.77
2008,2,14,3,30,9.200000000000001,0,0,0,0,0,0,26.95
2008,2,14,4,30,8.4,0,0,0,0,0,0,28.11
2008,2,14,5,30,7.300000000000001,0,0,0,0,0,0,31.470000000000002
2008,2,14,6,30,6.1000000000000005,0,0,0,0,0,0,36.78
2008,2,14,7,30,5.300000000000001,0,0,0,0,0,0,41.74
2008,2,14,8,30,4.7,0,0,0,0,0,0,44.69
2008,2,14,9,30,4.3,0,0,0,0,0,0,45.06
2008,2,14,10,30,4.1000000000000005,0,0,0,0,0,0,44.56
2008,2,14,11,30,4.1000000000000005,0,0,0,0,0,0,43.51
2008,2,14,12,30,4.4,0,0,0,0,0,0,41.94
2008,2,14,13,30,6.1000000000000005,0,0,0,0,0,0,37.59
2008,2,14,14,30,9.8,36,217,806,84,132,151,29.96
2008,2,14,15,30,14.3,48,458,958,474,172,375,21.81
2008,2,14,16,30,17.6,54,669,1030,1030,54,669,14.72
2008,2,14,17,30,19.5,59,824,1065,1065,59,824,11.42
2008,2,14,18,30,20.8,60,909,1081,1081,60,909,9.93
2008,2,14,19,30,21.5,59,913,1077,1077,59,913,9.34
2008,2,14,20,30,21.700000000000003,57,845,1065,641,245,719,9.25
2008,2,14,21,30,21.200000000000003,56,706,1033,469,260,556,9.620000000000001
2008,2,14,22,30,19.700000000000003,53,505,962,78,247,283,10.82
2008,2,14,23,30,17.1,43,268,824,6,87,88,13.63
2008,2,15,0,30,14.600000000000001,18,39,407,0,14,14,18.490000000000002
2008,2,15,1,30,13,0,0,0,0,0,0,23.14
2008,2,15,2,30,12,0,0,0,0,0,0,26.86
2008,2,15,3,30,10.8,0,0,0,0,0,0,31.470000000000002
2008,2,15,4,30,9.700000000000001,0,0,0,0,0,0,36.410000000000004
2008,2,15,5,30,8.8,0,0,0,0,0,0,40.75
2008,2,15,6,30,8,0,0,0,0,0,0,44.32
2008,2,15,7,30,7.2,0,0,0,0,0,0,47.230000000000004
2008,2,15,8,30,6.1000000000000005,0,0,0,0,0,0,50.42
2008,2,15,9,30,5.1000000000000005,0,0,0,0,0,0,52.85
2008,2,15,10,30,4.6000000000000005,0,0,0,0,0,0,53.26
2008,2,15,11,30,4.1000000000000005,0,0,0,0,0,0,53.52
2008,2,15,12,30,4.3,0,0,0,0,0,0,51.51
2008,2,15,13,30,6.5,0,0,0,0,0,0,43.480000000000004
2008,2,15,14,30,11.100000000000001,32,219,824,40,134,143,31.560000000000002
2008,2,15,15,30,16.3,42,463,977,977,42,463,20.240000000000002
2008,2,15,16,30,20.1,47,674,1045,1045,47,674,12.57
2008,2,15,17,30,22.6,51,836,1087,1087,51,836,9.23
2008,2,15,18,30,24.1,58,918,1090,1090,58,918,8.09
2008,2,15,19,30,24.6,55,926,1094,1094,55,926,7.98
2008,2,15,20,30,24.400000000000002,51,856,1084,1084,51,856,8.28
2008,2,15,21,30,23.5,50,711,1046,1046,50,711,9.120000000000001
2008,2,15,22,30,21.900000000000002,43,512,990,990,43,512,10.74
2008,2,15,23,30,18.5,34,271,857,857,34,271,14.33
2008,2,16,0,30,14.600000000000001,16,42,467,467,16,42,20.77
2008,2,16,1,30,12.600000000000001,0,0,0,0,0,0,25.23
2008,2,16,2,30,11.700000000000001,0,0,0,0,0,0,27.22
2008,2,16,3,30,10.8,0,0,0,0,0,0,29.09
2008,2,16,4,30,9.9,0,0,0,0,0,0,31.36
2008,2,16,5,30,9,0,0,0,0,0,0,34.31
2008,2,16,6,30,8.200000000000001,0,0,0,0,0,0,37.2
2008,2,16,7,30,7.6000000000000005,0,0,0,0,0,0,39.13
2008,2,16,8,30,7.1000000000000005,0,0,0,0,0,0,40.84
2008,2,16,9,30,6.800000000000001,0,0,0,0,0,0,41.47
2008,2,16,10,30,6.5,0,0,0,0,0,0,41.910000000000004
2008,2,16,11,30,6.2,0,0,0,0,0,0,42.11
2008,2,16,12,30,6.300000000000001,0,0,0,0,0,0,41.97
2008,2,16,13,30,8,0,0,0,0,0,0,37.65
2008,2,16,14,30,12.200000000000001,32,218,811,208,117,165,28.96
2008,2,16,15,30,16.6,42,464,971,377,192,356,22.26
2008,2,16,16,30,19.5,47,679,1046,1046,47,679,19.43
2008,2,16,17,30,21.5,51,835,1080,1080,51,835,16.89
2008,2,16,18,30,22.900000000000002,56,922,1093,1093,56,922,14.4
2008,2,16,19,30,23.6,55,938,1104,1104,55,938,12.5
2008,2,16,20,30,23.5,53,868,1092,1092,53,868,11.41
2008,2,16,21,30,22.8,50,727,1064,1064,50,727,10.99
2008,2,16,22,30,21.400000000000002,45,525,1008,1008,45,525,11.03
2008,2,16,23,30,18,37,287,896,896,37,287,12.870000000000001
2008,2,17,0,30,13.9,17,46,504,504,17,46,17.82
2008,2,17,1,30,11.3,0,0,0,0,0,0,22.400000000000002
2008,2,17,2,30,9.600000000000001,0,0,0,0,0,0,25.88
2008,2,17,3,30,8.1,0,0,0,0,0,0,29.580000000000002
2008,2,17,4,30,6.800000000000001,0,0,0,0,0,0,33.46
2008,2,17,5,30,5.7,0,0,0,0,0,0,37.730000000000004
2008,2,17,6,30,4.9,0,0,0,0,0,0,42.24
2008,2,17,7,30,4.2,0,0,0,0,0,0,47.660000000000004
2008,2,17,8,30,3.7,0,0,0,0,0,0,52.94
2008,2,17,9,30,3.1,0,0,0,0,0,0,55.31
2008,2,17,10,30,2.6,0,0,0,0,0,0,53.33
2008,2,17,11,30,2.2,0,0,0,0,0,0,49.230000000000004
2008,2,17,12,30,2.5,0,0,0,0,0,0,42.910000000000004
2008,2,17,13,30,5.5,0,0,0,0,0,0,31.61
2008,2,17,14,30,10.5,33,236,870,870,33,236,20.81
2008,2,17,15,30,15.200000000000001,44,489,1017,1017,44,489,12.06
2008,2,17,16,30,18.5,49,706,1081,1081,49,706,5.61
2008,2,17,17,30,20.6,51,864,1114,1114,51,864,4.29
2008,2,17,18,30,22.200000000000003,58,955,1126,1126,58,955,3.7
2008,2,17,19,30,23.200000000000003,57,963,1128,1128,57,963,3.47
2008,2,17,20,30,23.400000000000002,56,893,1117,1117,56,893,3.5100000000000002
2008,2,17,21,30,22.700000000000003,56,750,1085,1085,56,750,3.79
2008,2,17,22,30,21.200000000000003,50,543,1029,1029,50,543,4.39
2008,2,17,23,30,16.900000000000002,38,295,912,912,38,295,8.52
2008,2,18,0,30,11.9,18,50,529,529,18,50,15.950000000000001
2008,2,18,1,30,9.3,0,0,0,0,0,0,17.23
2008,2,18,2,30,7.800000000000001,0,0,0,0,0,0,19.79
2008,2,18,3,30,7.5,0,0,0,0,0,0,21.51
2008,2,18,4,30,7.5,0,0,0,0,0,0,20.900000000000002
2008,2,18,5,30,6.800000000000001,0,0,0,0,0,0,20.86
2008,2,18,6,30,6,0,0,0,0,0,0,21.740000000000002
2008,2,18,7,30,5.7,0,0,0,0,0,0,21.82
2008,2,18,8,30,5.800000000000001,0,0,0,0,0,0,21.11
2008,2,18,9,30,6,0,0,0,0,0,0,20.39
2008,2,18,10,30,6.2,0,0,0,0,0,0,19.79
2008,2,18,11,30,6,0,0,0,0,0,0,20.19
2008,2,18,12,30,5.9,0,0,0,0,0,0,20.14
2008,2,18,13,30,7.1000000000000005,0,0,0,0,0,0,18.89
2008,2,18,14,30,10.5,37,236,845,845,37,236,16.330000000000002
2008,2,18,15,30,14.600000000000001,47,487,996,996,47,487,10.63
2008,2,18,16,30,17.8,54,702,1062,1062,54,702,8.01
2008,2,18,17,30,20.3,58,861,1095,1095,58,861,6.82
2008,2,18,18,30,22.200000000000003,62,949,1108,1108,62,949,6.1000000000000005
2008,2,18,19,30,23.5,62,957,1109,1109,62,957,5.68
2008,2,18,20,30,24.200000000000003,59,887,1099,1099,59,887,5.49
2008,2,18,21,30,24.1,54,743,1072,1072,54,743,5.59
2008,2,18,22,30,23.1,47,538,1018,1018,47,538,6.04
2008,2,18,23,30,20,38,293,898,898,38,293,10.51
2008,2,19,0,30,16.7,18,49,501,501,18,49,15.55
2008,2,19,1,30,14.700000000000001,0,0,0,0,0,0,15.05
2008,2,19,2,30,12.8,0,0,0,0,0,0,16.2
2008,2,19,3,30,11.100000000000001,0,0,0,0,0,0,17.94
2008,2,19,4,30,9.9,0,0,0,0,0,0,19.09
2008,2,19,5,30,8.5,0,0,0,0,0,0,21.330000000000002
2008,2,19,6,30,6.7,0,0,0,0,0,0,25.52
2008,2,19,7,30,5,0,0,0,0,0,0,30.810000000000002
2008,2,19,8,30,3.9000000000000004,0,0,0,0,0,0,35.28
2008,2,19,9,30,3.2,0,0,0,0,0,0,39.22
2008,2,19,10,30,2.6,0,0,0,0,0,0,42.93
2008,2,19,11,30,2.2,0,0,0,0,0,0,45.57
2008,2,19,12,30,2.7,0,0,0,0,0,0,44.78
2008,2,19,13,30,5.800000000000001,0,0,0,0,0,0,36.34
2008,2,19,14,30,11,34,236,845,845,34,236,25.28
2008,2,19,15,30,16.400000000000002,45,485,989,989,45,485,15.94
2008,2,19,16,30,20.400000000000002,49,692,1046,1046,49,692,8.21
2008,2,19,17,30,22.700000000000003,53,848,1079,1079,53,848,7
2008,2,19,18,30,24.200000000000003,57,935,1093,1093,57,935,6.71
2008,2,19,19,30,25,57,944,1095,807,273,927,6.75
2008,2,19,20,30,25.200000000000003,57,876,1082,693,235,759,7
2008,2,19,21,30,24.700000000000003,61,736,1045,644,217,633,7.44
2008,2,19,22,30,23.3,55,533,986,304,271,418,8.2
2008,2,19,23,30,19.5,43,290,861,199,160,217,10.9
2008,2,20,0,30,15.5,20,50,475,475,20,50,16.97
2008,2,20,1,30,13.600000000000001,0,0,0,0,0,0,19.09
2008,2,20,2,30,12,0,0,0,0,0,0,21.35
2008,2,20,3,30,10.5,0,0,0,0,0,0,24
2008,2,20,4,30,9.200000000000001,0,0,0,0,0,0,26.62
2008,2,20,5,30,8,0,0,0,0,0,0,29.740000000000002
2008,2,20,6,30,7.1000000000000005,0,0,0,0,0,0,32.22
2008,2,20,7,30,6.5,0,0,0,0,0,0,33.35
2008,2,20,8,30,6.2,0,0,0,0,0,0,32.67
2008,2,20,9,30,5.800000000000001,0,0,0,0,0,0,31.26
2008,2,20,10,30,5.300000000000001,0,0,0,0,0,0,29.7
2008,2,20,11,30,4.9,0,0,0,0,0,0,28.03
2008,2,20,12,30,5.2,0,0,0,0,0,0,25.59
2008,2,20,13,30,8.6,10,17,332,0,6,6,19.57
2008,2,20,14,30,14,35,240,845,77,145,164,12.99
2008,2,20,15,30,18.6,45,489,990,379,200,370,9.59
2008,2,20,16,30,21.6,53,704,1053,411,267,520,7.92
2008,2,20,17,30,23.3,57,861,1086,535,285,681,7.390000000000001
2008,2,20,18,30,24.1,69,943,1083,808,276,928,7.21
2008,2,20,19,30,24,69,952,1085,1085,69,952,7.3100000000000005
2008,2,20,20,30,23.400000000000002,66,882,1073,1073,66,882,7.57
2008,2,20,21,30,22.900000000000002,63,739,1043,621,232,635,7.82
2008,2,20,22,30,22,53,536,990,484,190,426,8.34
2008,2,20,23,30,18.6,41,293,871,32,169,178,10.61
2008,2,21,0,30,14.8,19,52,495,9,33,34,15.860000000000001
2008,2,21,1,30,13.100000000000001,0,0,0,0,0,0,19.27
2008,2,21,2,30,12.3,0,0,0,0,0,0,21.7
2008,2,21,3,30,11.3,0,0,0,0,0,0,24.71
2008,2,21,4,30,9.8,0,0,0,0,0,0,29.04
2008,2,21,5,30,8.4,0,0,0,0,0,0,33.61
2008,2,21,6,30,7.800000000000001,0,0,0,0,0,0,36.08
2008,2,21,7,30,7.7,0,0,0,0,0,0,36.02
2008,2,21,8,30,7.5,0,0,0,0,0,0,35.37
2008,2,21,9,30,7.4,0,0,0,0,0,0,34.04
2008,2,21,10,30,7.7,0,0,0,0,0,0,31.6
2008,2,21,11,30,7.800000000000001,0,0,0,0,0,0,30.12
2008,2,21,12,30,7.9,0,0,0,0,0,0,29.37
2008,2,21,13,30,9.200000000000001,12,18,296,0,4,4,26.64
2008,2,21,14,30,11.8,39,240,815,0,42,42,22.38
2008,2,21,15,30,15.4,52,487,963,622,151,432,17.66
2008,2,21,16,30,18.400000000000002,59,700,1031,600,210,583,12.82
2008,2,21,17,30,20.200000000000003,63,856,1065,484,319,679,10.700000000000001
2008,2,21,18,30,21.6,64,941,1082,746,236,841,9.53
2008,2,21,19,30,22.5,63,949,1084,727,231,825,8.84
2008,2,21,20,30,22.700000000000003,61,880,1073,151,377,493,8.56
2008,2,21,21,30,22.3,58,738,1043,809,171,698,8.6
2008,2,21,22,30,21.200000000000003,50,535,988,988,50,535,9
2008,2,21,23,30,18.400000000000002,39,293,869,869,39,293,10.51
2008,2,22,0,30,14.8,19,54,512,512,19,54,14.07
2008,2,22,1,30,12.4,0,0,0,0,0,0,18.12
2008,2,22,2,30,10.9,0,0,0,0,0,0,21.26
2008,2,22,3,30,9.3,0,0,0,0,0,0,24.990000000000002
2008,2,22,4,30,7.9,0,0,0,0,0,0,28.72
2008,2,22,5,30,6.6000000000000005,0,0,0,0,0,0,32.44
2008,2,22,6,30,5.300000000000001,0,0,0,0,0,0,36.24
2008,2,22,7,30,4.2,0,0,0,0,0,0,39.56
2008,2,22,8,30,3.2,0,0,0,0,0,0,42.230000000000004
2008,2,22,9,30,2.4000000000000004,0,0,0,0,0,0,43.57
2008,2,22,10,30,1.7000000000000002,0,0,0,0,0,0,44.02
2008,2,22,11,30,1.3,0,0,0,0,0,0,43.49
2008,2,22,12,30,1.7000000000000002,0,0,0,0,0,0,40.49
2008,2,22,13,30,5,12,21,349,349,12,21,31.19
2008,2,22,14,30,10.200000000000001,38,251,855,855,38,251,21.13
2008,2,22,15,30,14.5,50,504,998,998,50,504,12.39
2008,2,22,16,30,17.400000000000002,57,720,1062,1062,57,720,7.79
2008,2,22,17,30,19.700000000000003,61,879,1094,1094,61,879,6.19
2008,2,22,18,30,21.400000000000002,69,967,1103,1103,69,967,5.5
2008,2,22,19,30,22.6,68,976,1105,1105,68,976,5.2
2008,2,22,20,30,23.200000000000003,65,896,1085,1085,65,896,5.18
2008,2,22,21,30,23.1,57,752,1060,1060,57,752,5.45
2008,2,22,22,30,22.200000000000003,50,547,1006,1006,50,547,6.01
2008,2,22,23,30,18.7,40,301,887,887,40,301,8.46
2008,2,23,0,30,15,20,57,522,522,20,57,15.4
2008,2,23,1,30,13.9,0,0,0,0,0,0,14.99
2008,2,23,2,30,12.700000000000001,0,0,0,0,0,0,15.65
2008,2,23,3,30,10.4,0,0,0,0,0,0,18.34
2008,2,23,4,30,8.1,0,0,0,0,0,0,22.36
2008,2,23,5,30,6.7,0,0,0,0,0,0,24.97
2008,2,23,6,30,5.800000000000001,0,0,0,0,0,0,26.54
2008,2,23,7,30,5.1000000000000005,0,0,0,0,0,0,27.400000000000002
2008,2,23,8,30,4.5,0,0,0,0,0,0,27.72
2008,2,23,9,30,4,0,0,0,0,0,0,27.68
2008,2,23,10,30,3.6,0,0,0,0,0,0,27.580000000000002
2008,2,23,11,30,3.2,0,0,0,0,0,0,27.76
2008,2,23,12,30,3.7,0,0,0,0,0,0,26.68
2008,2,23,13,30,7.4,12,22,348,348,12,22,21.27
2008,2,23,14,30,12.8,37,249,839,839,37,249,14.75
2008,2,23,15,30,17.900000000000002,48,498,981,981,48,498,10.47
2008,2,23,16,30,21.8,54,711,1045,1045,54,711,7.74
2008,2,23,17,30,24,60,869,1076,1076,60,869,7.23
2008,2,23,18,30,25.6,64,955,1089,1089,64,955,7.09
2008,2,23,19,30,26.5,63,963,1092,1092,63,963,7.1000000000000005
2008,2,23,20,30,26.700000000000003,61,893,1080,1080,61,893,7.23
2008,2,23,21,30,26.400000000000002,57,749,1051,1051,57,749,7.4
2008,2,23,22,30,25.200000000000003,51,541,987,987,51,541,7.94
2008,2,23,23,30,21.400000000000002,41,298,867,867,41,298,10.76
2008,2,24,0,30,17.6,20,57,504,504,20,57,17.240000000000002
2008,2,24,1,30,16.2,0,0,0,0,0,0,17.73
2008,2,24,2,30,14.8,0,0,0,0,0,0,19.22
2008,2,24,3,30,12.8,0,0,0,0,0,0,21.88
2008,2,24,4,30,11.200000000000001,0,0,0,0,0,0,24.27
2008,2,24,5,30,10.3,0,0,0,0,0,0,25.86
2008,2,24,6,30,9.4,0,0,0,0,0,0,26.97
2008,2,24,7,30,8.5,0,0,0,0,0,0,27.11
2008,2,24,8,30,7.800000000000001,0,0,0,0,0,0,26.88
2008,2,24,9,30,7.2,0,0,0,0,0,0,27.23
2008,2,24,10,30,6.4,0,0,0,0,0,0,28.560000000000002
2008,2,24,11,30,5.7,0,0,0,0,0,0,29.990000000000002
2008,2,24,12,30,5.800000000000001,0,0,0,0,0,0,30.01
2008,2,24,13,30,8.8,13,24,344,344,13,24,25.28
2008,2,24,14,30,13.3,40,253,832,832,40,253,18.95
2008,2,24,15,30,17.2,52,502,974,974,52,502,15.040000000000001
2008,2,24,16,30,20.6,60,717,1039,1039,60,717,11.950000000000001
2008,2,24,17,30,22.900000000000002,64,874,1072,1072,64,874,10.24
2008,2,24,18,30,24.3,73,960,1079,1079,73,960,9.33
2008,2,24,19,30,25.200000000000003,73,968,1080,1080,73,968,8.77
2008,2,24,20,30,25.400000000000002,71,897,1069,1069,71,897,8.56
2008,2,24,21,30,25.1,66,753,1039,1039,66,753,8.56
2008,2,24,22,30,24,59,548,981,981,59,548,8.96
2008,2,24,23,30,20.3,46,303,858,858,46,303,11.4
2008,2,25,0,30,15.9,22,59,487,487,22,59,17.77
2008,2,25,1,30,13.700000000000001,0,0,0,0,0,0,18.97
2008,2,25,2,30,12.100000000000001,0,0,0,0,0,0,20.72
2008,2,25,3,30,10.700000000000001,0,0,0,0,0,0,22.94
2008,2,25,4,30,9.600000000000001,0,0,0,0,0,0,24.95
2008,2,25,5,30,8.6,0,0,0,0,0,0,26.88
2008,2,25,6,30,8,0,0,0,0,0,0,29.88
2008,2,25,7,30,7.6000000000000005,0,0,0,0,0,0,39.86
2008,2,25,8,30,7.1000000000000005,0,0,0,0,0,0,58.81
2008,2,25,9,30,6.5,0,0,0,0,0,0,77.05
2008,2,25,10,30,6.1000000000000005,0,0,0,0,0,0,87.49
2008,2,25,11,30,5.800000000000001,0,0,0,0,0,0,91.97
2008,2,25,12,30,6.4,0,0,0,0,0,0,87.46000000000001
2008,2,25,13,30,10,14,24,288,288,14,24,65.75
2008,2,25,14,30,15.4,45,251,794,794,45,251,43.18
2008,2,25,15,30,20.5,58,499,947,947,58,499,26.29
2008,2,25,16,30,24.200000000000003,65,712,1018,1018,65,712,12.71
2008,2,25,17,30,26.1,69,873,1059,1059,69,873,9.85
2008,2,25,18,30,27.3,74,958,1072,1072,74,958,8.44
2008,2,25,19,30,27.8,73,972,1081,1081,73,972,7.5
2008,2,25,20,30,27.700000000000003,70,901,1070,1070,70,901,6.8500000000000005
2008,2,25,21,30,27.1,65,757,1043,1043,65,757,6.53
2008,2,25,22,30,25.8,57,552,987,343,271,443,6.63
2008,2,25,23,30,22,45,307,867,867,45,307,8.41
2008,2,26,0,30,17.7,22,61,509,31,41,44,14.21
2008,2,26,1,30,15.700000000000001,0,0,0,0,0,0,15.66
2008,2,26,2,30,14.3,0,0,0,0,0,0,16.96
2008,2,26,3,30,13.4,0,0,0,0,0,0,18.25
2008,2,26,4,30,12.8,0,0,0,0,0,0,21.92
2008,2,26,5,30,11.8,0,0,0,0,0,0,28.560000000000002
2008,2,26,6,30,10.700000000000001,0,0,0,0,0,0,34.480000000000004
2008,2,26,7,30,9.8,0,0,0,0,0,0,37.76
2008,2,26,8,30,9.1,0,0,0,0,0,0,39.160000000000004
2008,2,26,9,30,8.4,0,0,0,0,0,0,40.25
2008,2,26,10,30,7.800000000000001,0,0,0,0,0,0,40.730000000000004
2008,2,26,11,30,7.300000000000001,0,0,0,0,0,0,40.27
2008,2,26,12,30,7.5,0,0,0,0,0,0,37.08
2008,2,26,13,30,9.600000000000001,14,29,393,393,14,29,30.14
2008,2,26,14,30,13.3,40,264,849,849,40,264,21.35
2008,2,26,15,30,17,53,516,986,986,53,516,15.040000000000001
2008,2,26,16,30,20.1,60,731,1049,586,236,611,11.38
2008,2,26,17,30,22.1,67,889,1078,621,275,748,9.36
2008,2,26,18,30,23.200000000000003,68,975,1095,1095,68,975,8.27
2008,2,26,19,30,23.5,69,976,1086,705,258,847,7.92
2008,2,26,20,30,23.200000000000003,69,905,1072,1072,69,905,8.14
2008,2,26,21,30,22.200000000000003,73,759,1028,639,235,661,9
2008,2,26,22,30,20.3,65,549,958,542,190,464,10.81
2008,2,26,23,30,17.400000000000002,53,303,824,580,111,287,14.34
2008,2,27,0,30,14.3,25,60,435,29,45,47,19.81
2008,2,27,1,30,11.9,0,0,0,0,0,0,25.27
2008,2,27,2,30,9.8,0,0,0,0,0,0,29.830000000000002
2008,2,27,3,30,7.9,0,0,0,0,0,0,32.69
2008,2,27,4,30,6.5,0,0,0,0,0,0,33.88
2008,2,27,5,30,5.5,0,0,0,0,0,0,35.28
2008,2,27,6,30,4.5,0,0,0,0,0,0,37.82
2008,2,27,7,30,3.7,0,0,0,0,0,0,40.63
2008,2,27,8,30,3.2,0,0,0,0,0,0,43.24
2008,2,27,9,30,2.7,0,0,0,0,0,0,46.71
2008,2,27,10,30,2.1,0,0,0,0,0,0,50.620000000000005
2008,2,27,11,30,1.6,0,0,0,0,0,0,53.59
2008,2,27,12,30,1.8,0,0,0,0,0,0,52.9
2008,2,27,13,30,3.7,17,28,261,261,17,28,45.13
2008,2,27,14,30,7,52,257,768,768,52,257,33.5
2008,2,27,15,30,10.4,67,507,929,929,67,507,26.68
2008,2,27,16,30,13.8,76,726,1010,1010,76,726,22.43
2008,2,27,17,30,16.400000000000002,81,884,1048,1048,81,884,18.69
2008,2,27,18,30,18.3,84,970,1063,1063,84,970,15.81
2008,2,27,19,30,19.5,84,978,1066,1066,84,978,14.02
2008,2,27,20,30,20.1,80,906,1055,1055,80,906,13
2008,2,27,21,30,20,75,761,1024,1024,75,761,12.66
2008,2,27,22,30,19.3,66,555,964,964,66,555,12.88
2008,2,27,23,30,16.5,52,308,836,836,52,308,15.15
2008,2,28,0,30,12.9,25,63,459,459,25,63,22.03
2008,2,28,1,30,10.700000000000001,0,0,0,0,0,0,23.7
2008,2,28,2,30,9.5,0,0,0,0,0,0,24.490000000000002
2008,2,28,3,30,8.4,0,0,0,0,0,0,25.98
2008,2,28,4,30,7.300000000000001,0,0,0,0,0,0,28.8
2008,2,28,5,30,6.300000000000001,0,0,0,0,0,0,32.83
2008,2,28,6,30,5.4,0,0,0,0,0,0,37.37
2008,2,28,7,30,4.800000000000001,0,0,0,0,0,0,41.07
2008,2,28,8,30,4.3,0,0,0,0,0,0,44.02
2008,2,28,9,30,4,0,0,0,0,0,0,45.83
2008,2,28,10,30,3.7,0,0,0,0,0,0,47.46
2008,2,28,11,30,3.6,0,0,0,0,0,0,48.26
2008,2,28,12,30,4.5,0,0,0,0,0,0,45.71
2008,2,28,13,30,8,17,31,304,3,20,20,36.51
2008,2,28,14,30,13.3,50,262,784,200,141,195,26.3
2008,2,28,15,30,18.3,66,512,936,704,133,469,20.45
2008,2,28,16,30,21.400000000000002,75,727,1006,563,232,596,17.01
2008,2,28,17,30,23,81,878,1036,467,338,697,14.63
2008,2,28,18,30,24.1,83,964,1052,1052,83,964,13.040000000000001
2008,2,28,19,30,24.6,85,970,1052,699,260,848,12.17
2008,2,28,20,30,24.5,84,894,1030,763,282,882,11.89
2008,2,28,21,30,23.900000000000002,82,748,990,990,82,748,12.15
2008,2,28,22,30,22.8,73,544,923,923,73,544,13.07
2008,2,28,23,30,20.1,58,299,780,780,58,299,15.870000000000001
2008,3,1,0,30,15.8,25,66,473,473,25,66,16.89
2008,3,1,1,30,13.9,0,0,0,0,0,0,19.2
2008,3,1,2,30,12.700000000000001,0,0,0,0,0,0,22.86
2008,3,1,3,30,11.5,0,0,0,0,0,0,27.64
2008,3,1,4,30,10.200000000000001,0,0,0,0,0,0,31.95
2008,3,1,5,30,8.9,0,0,0,0,0,0,35.79
2008,3,1,6,30,8,0,0,0,0,0,0,39.06
2008,3,1,7,30,7.4,0,0,0,0,0,0,42.87
2008,3,1,8,30,7.1000000000000005,0,0,0,0,0,0,47.53
2008,3,1,9,30,7.2,0,0,0,0,0,0,51.620000000000005
2008,3,1,10,30,7.4,0,0,0,0,0,0,54.51
2008,3,1,11,30,7.4,0,0,0,0,0,0,56.88
2008,3,1,12,30,7.6000000000000005,0,0,0,0,0,0,57.93
2008,3,1,13,30,9.1,20,33,262,262,20,33,53.92
2008,3,1,14,30,12.5,57,260,733,733,57,260,46.64
2008,3,1,15,30,16.5,74,506,892,892,74,506,40.97
2008,3,1,16,30,19.5,84,718,967,967,84,718,32.13
2008,3,1,17,30,21.400000000000002,91,873,1006,1006,91,873,26.09
2008,3,1,18,30,22.700000000000003,95,956,1021,1021,95,956,22.22
2008,3,1,19,30,23.400000000000002,95,963,1022,1022,95,963,19.82
2008,3,1,20,30,23.6,92,892,1009,1009,92,892,18.37
2008,3,1,21,30,23.400000000000002,86,748,975,975,86,748,17.72
2008,3,1,22,30,22.6,77,544,907,647,179,512,18.01
2008,3,1,23,30,20.400000000000002,62,301,762,343,140,247,20.32
2008,3,2,0,30,17.5,30,62,368,83,50,57,29.41
2008,3,2,1,30,15.700000000000001,0,0,0,0,0,0,33.62
2008,3,2,2,30,14.8,0,0,0,0,0,0,37.44
2008,3,2,3,30,14,0,0,0,0,0,0,41.22
2008,3,2,4,30,13.3,0,0,0,0,0,0,44
2008,3,2,5,30,12.4,0,0,0,0,0,0,47.83
2008,3,2,6,30,11.5,0,0,0,0,0,0,51.71
2008,3,2,7,30,10.9,0,0,0,0,0,0,52.72
2008,3,2,8,30,10.4,0,0,0,0,0,0,52.870000000000005
2008,3,2,9,30,9.700000000000001,0,0,0,0,0,0,53.59
2008,3,2,10,30,8.9,0,0,0,0,0,0,54.47
2008,3,2,11,30,8.1,0,0,0,0,0,0,55.33
2008,3,2,12,30,8.1,0,0,0,0,0,0,53.480000000000004
2008,3,2,13,30,10.100000000000001,19,40,391,6,27,27,45.550000000000004
2008,3,2,14,30,14.5,47,280,830,15,152,156,33.14
2008,3,2,15,30,19,59,538,981,566,175,451,19.11
2008,3,2,16,30,21.900000000000002,65,754,1046,595,242,634,11.11
2008,3,2,17,30,23.8,68,911,1079,492,405,790,8.43
2008,3,2,18,30,25.1,74,989,1081,434,468,836,7.21
2008,3,2,19,30,25.6,72,996,1084,457,461,851,6.8100000000000005
2008,3,2,20,30,25.5,68,923,1074,1074,68,923,6.75
2008,3,2,21,30,24.6,67,777,1042,1042,67,777,7.04
2008,3,2,22,30,23,57,570,991,991,57,570,7.87
2008,3,2,23,30,20.400000000000002,45,322,878,878,45,322,9.85
2008,3,3,0,30,17.1,23,72,539,539,23,72,13.89
2008,3,3,1,30,14.5,0,0,0,0,0,0,19.27
2008,3,3,2,30,12.8,0,0,0,0,0,0,24.560000000000002
2008,3,3,3,30,11.3,0,0,0,0,0,0,30.48
2008,3,3,4,30,10,0,0,0,0,0,0,36.89
2008,3,3,5,30,8.9,0,0,0,0,0,0,43.22
2008,3,3,6,30,7.800000000000001,0,0,0,0,0,0,48.79
2008,3,3,7,30,7,0,0,0,0,0,0,51.13
2008,3,3,8,30,6.2,0,0,0,0,0,0,51.160000000000004
2008,3,3,9,30,5.6000000000000005,0,0,0,0,0,0,49.79
2008,3,3,10,30,5,0,0,0,0,0,0,48.06
2008,3,3,11,30,4.5,0,0,0,0,0,0,45.7
2008,3,3,12,30,4.6000000000000005,0,0,0,0,0,0,42.27
2008,3,3,13,30,6.800000000000001,18,47,502,502,18,47,34.5
2008,3,3,14,30,11.700000000000001,41,297,901,901,41,297,23.45
2008,3,3,15,30,16.5,50,555,1026,1026,50,555,12.15
2008,3,3,16,30,19.400000000000002,56,765,1069,1069,56,765,8.69
2008,3,3,17,30,21.400000000000002,60,922,1098,1098,60,922,7.45
2008,3,3,18,30,22.8,66,1009,1108,1108,66,1009,6.5600000000000005
2008,3,3,19,30,23.6,66,1015,1109,1109,66,1015,5.9
2008,3,3,20,30,23.900000000000002,63,941,1099,1099,63,941,5.51
2008,3,3,21,30,23.400000000000002,58,793,1073,1073,58,793,5.5200000000000005
2008,3,3,22,30,21.900000000000002,52,583,1021,1021,52,583,6.13
2008,3,3,23,30,18.3,44,328,894,894,44,328,8.41
2008,3,4,0,30,13.600000000000001,24,75,555,555,24,75,14.89
2008,3,4,1,30,10,0,0,0,0,0,0,23.47
2008,3,4,2,30,7.300000000000001,0,0,0,0,0,0,32.62
2008,3,4,3,30,5.4,0,0,0,0,0,0,39.300000000000004
2008,3,4,4,30,4.1000000000000005,0,0,0,0,0,0,41.81
2008,3,4,5,30,3.1,0,0,0,0,0,0,41.230000000000004
2008,3,4,6,30,2,0,0,0,0,0,0,39.77
2008,3,4,7,30,0.9,0,0,0,0,0,0,39.02
2008,3,4,8,30,-0.1,0,0,0,0,0,0,39.65
2008,3,4,9,30,-0.9,0,0,0,0,0,0,41.03
2008,3,4,10,30,-1.4000000000000001,0,0,0,0,0,0,42
2008,3,4,11,30,-1.7000000000000002,0,0,0,0,0,0,42.52
2008,3,4,12,30,-1.2000000000000002,0,0,0,0,0,0,40.72
2008,3,4,13,30,1.1,19,48,487,487,19,48,34.480000000000004
2008,3,4,14,30,5.1000000000000005,41,297,885,885,41,297,25.38
2008,3,4,15,30,9.9,51,552,1011,1011,51,552,19.01
2008,3,4,16,30,15.4,55,768,1069,1069,55,768,13.06
2008,3,4,17,30,19.6,59,926,1099,1099,59,926,9.120000000000001
2008,3,4,18,30,21.8,62,1002,1100,1100,62,1002,7.61
2008,3,4,19,30,23,59,1007,1104,1104,59,1007,6.91
2008,3,4,20,30,23.400000000000002,56,933,1094,1094,56,933,6.7
2008,3,4,21,30,22.900000000000002,59,788,1061,1061,59,788,6.94
2008,3,4,22,30,21.700000000000003,52,580,1010,1010,52,580,7.48
2008,3,4,23,30,19,41,330,904,904,41,330,8.82
2008,3,5,0,30,15.200000000000001,22,78,590,590,22,78,11.71
2008,3,5,1,30,12.4,0,0,0,0,0,0,15.3
2008,3,5,2,30,10.700000000000001,0,0,0,0,0,0,18.31
2008,3,5,3,30,9.3,0,0,0,0,0,0,21.23
2008,3,5,4,30,8.200000000000001,0,0,0,0,0,0,23.89
2008,3,5,5,30,7.300000000000001,0,0,0,0,0,0,26.560000000000002
2008,3,5,6,30,6.7,0,0,0,0,0,0,29.03
2008,3,5,7,30,6.1000000000000005,0,0,0,0,0,0,31.16
2008,3,5,8,30,5.5,0,0,0,0,0,0,32.01
2008,3,5,9,30,4.9,0,0,0,0,0,0,32.08
2008,3,5,10,30,4.3,0,0,0,0,0,0,31.98
2008,3,5,11,30,3.7,0,0,0,0,0,0,32.13
2008,3,5,12,30,4.3,0,0,0,0,0,0,30.01
2008,3,5,13,30,7.4,18,53,540,540,18,53,23.830000000000002
2008,3,5,14,30,12.4,39,306,913,913,39,306,16.86
2008,3,5,15,30,16.400000000000002,48,564,1031,1031,48,564,9.75
2008,3,5,16,30,18.8,54,772,1072,1072,54,772,7.54
2008,3,5,17,30,20.700000000000003,58,930,1100,1100,58,930,6.5600000000000005
2008,3,5,18,30,22.1,64,1016,1110,1110,64,1016,5.88
2008,3,5,19,30,23,64,1022,1111,1111,64,1022,5.5200000000000005
2008,3,5,20,30,23.1,61,947,1101,1101,61,947,5.55
2008,3,5,21,30,22.6,56,798,1076,1076,56,798,5.91
2008,3,5,22,30,21.200000000000003,49,582,1015,1015,49,582,6.79
2008,3,5,23,30,18.400000000000002,40,332,907,907,40,332,8.69
2008,3,6,0,30,14.8,23,79,593,593,23,79,12.27
2008,3,6,1,30,12.100000000000001,0,0,0,0,0,0,16.8
2008,3,6,2,30,10.5,0,0,0,0,0,0,20.52
2008,3,6,3,30,9.1,0,0,0,0,0,0,24.14
2008,3,6,4,30,7.9,0,0,0,0,0,0,27.330000000000002
2008,3,6,5,30,6.800000000000001,0,0,0,0,0,0,30.7
2008,3,6,6,30,5.9,0,0,0,0,0,0,33.79
2008,3,6,7,30,5.2,0,0,0,0,0,0,36.01
2008,3,6,8,30,4.5,0,0,0,0,0,0,37.660000000000004
2008,3,6,9,30,3.9000000000000004,0,0,0,0,0,0,38.62
2008,3,6,10,30,3.5,0,0,0,0,0,0,38.82
2008,3,6,11,30,3.1,0,0,0,0,0,0,38.97
2008,3,6,12,30,3.4000000000000004,0,0,0,0,0,0,37.160000000000004
2008,3,6,13,30,6,20,54,507,507,20,54,30.21
2008,3,6,14,30,10.9,43,306,887,887,43,306,21.06
2008,3,6,15,30,15.100000000000001,53,562,1010,1010,53,562,14.27
2008,3,6,16,30,17.5,58,778,1068,1068,58,778,11.26
2008,3,6,17,30,19.200000000000003,62,936,1097,1097,62,936,9.040000000000001
2008,3,6,18,30,20.3,62,1019,1112,1112,62,1019,7.57
2008,3,6,19,30,20.700000000000003,63,1025,1112,1112,63,1025,6.75
2008,3,6,20,30,20.5,63,951,1099,1099,63,951,6.44
2008,3,6,21,30,19.8,62,803,1069,1069,62,803,6.47
2008,3,6,22,30,18.400000000000002,56,600,1031,1031,56,600,6.83
2008,3,6,23,30,16,45,344,923,923,45,344,7.86
2008,3,7,0,30,13,25,84,598,598,25,84,9.89
2008,3,7,1,30,10.3,0,0,0,0,0,0,13.13
2008,3,7,2,30,8.4,0,0,0,0,0,0,16.580000000000002
2008,3,7,3,30,6.800000000000001,0,0,0,0,0,0,20.12
2008,3,7,4,30,5.6000000000000005,0,0,0,0,0,0,23.21
2008,3,7,5,30,4.4,0,0,0,0,0,0,26.16
2008,3,7,6,30,3.1,0,0,0,0,0,0,29.64
2008,3,7,7,30,2.2,0,0,0,0,0,0,32.31
2008,3,7,8,30,1.5,0,0,0,0,0,0,34.53
2008,3,7,9,30,0.8,0,0,0,0,0,0,36.89
2008,3,7,10,30,-0.30000000000000004,0,0,0,0,0,0,40.96
2008,3,7,11,30,-1.3,0,0,0,0,0,0,45.730000000000004
2008,3,7,12,30,-1.1,0,0,0,0,0,0,46.980000000000004
2008,3,7,13,30,1.4000000000000001,23,55,436,436,23,55,41.45
2008,3,7,14,30,5.1000000000000005,52,306,846,846,52,306,35.57
2008,3,7,15,30,8.4,66,562,979,979,66,562,27.38
2008,3,7,16,30,11.3,74,780,1043,1043,74,780,20.27
2008,3,7,17,30,13.600000000000001,79,939,1074,1074,79,939,14.9
2008,3,7,18,30,14.9,83,1023,1088,1088,83,1023,11.88
2008,3,7,19,30,15.4,83,1028,1088,1088,83,1028,10.83
2008,3,7,20,30,15.200000000000001,82,952,1073,1073,82,952,10.89
2008,3,7,21,30,14.5,75,803,1047,1047,75,803,11.21
2008,3,7,22,30,13.200000000000001,64,592,997,997,64,592,11.38
2008,3,7,23,30,10.9,50,345,905,905,50,345,12.19
2008,3,8,0,30,7.5,27,85,581,581,27,85,15.07
2008,3,8,1,30,4.800000000000001,0,0,0,0,0,0,19.39
2008,3,8,2,30,3.1,0,0,0,0,0,0,22.240000000000002
2008,3,8,3,30,1.4000000000000001,0,0,0,0,0,0,25.27
2008,3,8,4,30,0.1,0,0,0,0,0,0,27.45
2008,3,8,5,30,-0.7000000000000001,0,0,0,0,0,0,28.77
2008,3,8,6,30,-1.2000000000000002,0,0,0,0,0,0,29.84
2008,3,8,7,30,-1.7000000000000002,0,0,0,0,0,0,31.51
2008,3,8,8,30,-2.1,0,0,0,0,0,0,33.230000000000004
2008,3,8,9,30,-2.2,0,0,0,0,0,0,34.27
2008,3,8,10,30,-2.3000000000000003,0,0,0,0,0,0,35.09
2008,3,8,11,30,-2.6,0,0,0,0,0,0,36.25
2008,3,8,12,30,-2.4000000000000004,0,0,0,0,0,0,36.11
2008,3,8,13,30,0.2,22,61,514,514,22,61,30.82
2008,3,8,14,30,4.4,46,318,893,893,46,318,22.46
2008,3,8,15,30,8.1,59,577,1014,1014,59,577,15.34
2008,3,8,16,30,11.3,67,797,1070,1070,67,797,11.89
2008,3,8,17,30,14.4,72,956,1100,1100,72,956,9.31
2008,3,8,18,30,17.1,74,1041,1114,1114,74,1041,7.51
2008,3,8,19,30,18.900000000000002,74,1046,1114,1114,74,1046,6.54
2008,3,8,20,30,19.900000000000002,72,958,1089,1089,72,958,6.12
2008,3,8,21,30,20.3,69,807,1059,1059,69,807,6.03
2008,3,8,22,30,19.8,62,596,1003,1003,62,596,6.32
2008,3,8,23,30,16.900000000000002,50,342,888,888,50,342,7.8100000000000005
2008,3,9,0,30,12.8,27,83,553,553,27,83,14.44
2008,3,9,1,30,10.200000000000001,0,0,0,0,0,0,16.6
2008,3,9,2,30,8.700000000000001,0,0,0,0,0,0,18.330000000000002
2008,3,9,3,30,7.9,0,0,0,0,0,0,19.6
2008,3,9,4,30,7.2,0,0,0,0,0,0,20.59
2008,3,9,5,30,6,0,0,0,0,0,0,22.14
2008,3,9,6,30,4.7,0,0,0,0,0,0,24.22
2008,3,9,7,30,3.8000000000000003,0,0,0,0,0,0,26.48
2008,3,9,8,30,3.2,0,0,0,0,0,0,28.55
2008,3,9,9,30,2.7,0,0,0,0,0,0,30.6
2008,3,9,10,30,2.2,0,0,0,0,0,0,33.3
2008,3,9,11,30,1.7000000000000002,0,0,0,0,0,0,36.730000000000004
2008,3,9,12,30,2.1,0,0,0,0,0,0,37.46
2008,3,9,13,30,4.7,23,64,519,519,23,64,32.1
2008,3,9,14,30,9.600000000000001,47,330,917,917,47,330,22.63
2008,3,9,15,30,14.100000000000001,60,594,1037,1037,60,594,9.950000000000001
2008,3,9,16,30,17.1,67,817,1094,1094,67,817,5.11
2008,3,9,17,30,19.400000000000002,72,978,1123,1123,72,978,3.5700000000000003
2008,3,9,18,30,21,76,1064,1134,1134,76,1064,2.97
2008,3,9,19,30,21.900000000000002,75,1068,1136,1136,75,1068,2.73
2008,3,9,20,30,22.200000000000003,73,972,1102,1102,73,972,2.65
2008,3,9,21,30,21.8,68,821,1075,1075,68,821,2.71
2008,3,9,22,30,20.6,59,607,1025,1025,59,607,2.92
2008,3,9,23,30,17.1,48,351,917,917,48,351,3.8000000000000003
2008,3,10,0,30,12.8,27,88,599,599,27,88,6.8100000000000005
2008,3,10,1,30,10.700000000000001,0,0,0,0,0,0,9.700000000000001
2008,3,10,2,30,9.700000000000001,0,0,0,0,0,0,12.59
2008,3,10,3,30,8.3,0,0,0,0,0,0,16.48
2008,3,10,4,30,6.800000000000001,0,0,0,0,0,0,20.94
2008,3,10,5,30,5.6000000000000005,0,0,0,0,0,0,25.400000000000002
2008,3,10,6,30,4.5,0,0,0,0,0,0,29.91
2008,3,10,7,30,3.4000000000000004,0,0,0,0,0,0,34.26
2008,3,10,8,30,2.4000000000000004,0,0,0,0,0,0,37.76
2008,3,10,9,30,1.6,0,0,0,0,0,0,39.29
2008,3,10,10,30,0.9,0,0,0,0,0,0,38.97
2008,3,10,11,30,0.30000000000000004,0,0,0,0,0,0,37.75
2008,3,10,12,30,1.1,0,0,0,0,0,0,33.37
2008,3,10,13,30,4.4,24,67,523,523,24,67,25.69
2008,3,10,14,30,9.200000000000001,46,319,872,872,46,319,18.38
2008,3,10,15,30,13.4,59,573,991,991,59,573,15.32
2008,3,10,16,30,16.3,66,789,1048,1048,66,789,11.8
2008,3,10,17,30,18.7,71,944,1078,1078,71,944,8.69
2008,3,10,18,30,20.3,74,1028,1090,1090,74,1028,7.19
2008,3,10,19,30,21.3,74,1032,1091,1091,74,1032,6.58
2008,3,10,20,30,21.6,72,956,1079,1079,72,956,6.49
2008,3,10,21,30,21.3,68,806,1050,1050,68,806,6.72
2008,3,10,22,30,20.3,61,595,996,996,61,595,7.33
2008,3,10,23,30,17.6,50,343,881,881,50,343,9.07
2008,3,11,0,30,13.9,27,86,558,558,27,86,13.92
2008,3,11,1,30,11.3,0,0,0,0,0,0,17.37
2008,3,11,2,30,9.4,0,0,0,0,0,0,20.17
2008,3,11,3,30,7.6000000000000005,0,0,0,0,0,0,23.02
2008,3,11,4,30,6.300000000000001,0,0,0,0,0,0,25.38
2008,3,11,5,30,5.2,0,0,0,0,0,0,27.3
2008,3,11,6,30,4.3,0,0,0,0,0,0,28.87
2008,3,11,7,30,3.6,0,0,0,0,0,0,30.88
2008,3,11,8,30,3.1,0,0,0,0,0,0,37.33
2008,3,11,9,30,2.9000000000000004,0,0,0,0,0,0,50.49
2008,3,11,10,30,3,0,0,0,0,0,0,63.99
2008,3,11,11,30,3.7,0,0,0,0,0,0,76.45
2008,3,11,12,30,5,0,0,0,0,0,0,85.46000000000001
2008,3,11,13,30,7.6000000000000005,28,62,391,391,28,62,82.95
2008,3,11,14,30,11.100000000000001,56,308,799,799,56,308,69.67
2008,3,11,15,30,15,65,560,947,947,65,560,50.81
2008,3,11,16,30,18.900000000000002,70,776,1019,1019,70,776,31.02
2008,3,11,17,30,21.700000000000003,74,930,1052,1052,74,930,19.7
2008,3,11,18,30,23.5,78,1017,1069,1069,78,1017,14.47
2008,3,11,19,30,24.5,76,1021,1073,1073,76,1021,11.68
2008,3,11,20,30,24.8,72,946,1063,1063,72,946,10.23
2008,3,11,21,30,24.400000000000002,68,797,1033,1033,68,797,9.59
2008,3,11,22,30,23.400000000000002,60,589,980,980,60,589,9.52
2008,3,11,23,30,20.400000000000002,49,339,867,867,49,339,11.040000000000001
2008,3,12,0,30,16.3,27,86,550,104,56,67,16.85
2008,3,12,1,30,13.600000000000001,0,0,0,0,0,0,21.650000000000002
2008,3,12,2,30,11.8,0,0,0,0,0,0,28.37
2008,3,12,3,30,10.200000000000001,0,0,0,0,0,0,35.25
2008,3,12,4,30,9.1,0,0,0,0,0,0,39.86
2008,3,12,5,30,8.700000000000001,0,0,0,0,0,0,42.18
2008,3,12,6,30,8.200000000000001,0,0,0,0,0,0,44.800000000000004
2008,3,12,7,30,7.1000000000000005,0,0,0,0,0,0,49.21
2008,3,12,8,30,6.1000000000000005,0,0,0,0,0,0,52.02
2008,3,12,9,30,5.5,0,0,0,0,0,0,50.9
2008,3,12,10,30,5.300000000000001,0,0,0,0,0,0,46.97
2008,3,12,11,30,5.1000000000000005,0,0,0,0,0,0,43.39
2008,3,12,12,30,6,0,0,0,0,0,0,38.07
2008,3,12,13,30,8.8,24,72,524,2,42,42,30.32
2008,3,12,14,30,12.700000000000001,46,322,864,864,46,322,23.23
2008,3,12,15,30,16.8,58,574,979,979,58,574,19.26
2008,3,12,16,30,20.1,65,782,1029,726,263,769,17.6
2008,3,12,17,30,22.3,69,936,1060,767,285,912,15.16
2008,3,12,18,30,23.6,88,1010,1046,1046,88,1010,13.68
2008,3,12,19,30,24.1,86,1014,1050,1050,86,1014,13.06
2008,3,12,20,30,24.200000000000003,80,939,1042,213,509,685,12.8
2008,3,12,21,30,24.200000000000003,70,792,1020,476,281,618,12.51
2008,3,12,22,30,23.1,60,585,970,180,276,374,12.96
2008,3,12,23,30,20.900000000000002,48,338,859,392,144,276,14.370000000000001
2008,3,13,0,30,17.900000000000002,27,87,561,351,46,84,17.490000000000002
2008,3,13,1,30,15.8,0,0,0,0,0,0,20.900000000000002
2008,3,13,2,30,14.200000000000001,0,0,0,0,0,0,23.900000000000002
2008,3,13,3,30,12.9,0,0,0,0,0,0,26.52
2008,3,13,4,30,11.600000000000001,0,0,0,0,0,0,29.3
2008,3,13,5,30,10.3,0,0,0,0,0,0,32.84
2008,3,13,6,30,9.1,0,0,0,0,0,0,37.52
2008,3,13,7,30,8.200000000000001,0,0,0,0,0,0,42.83
2008,3,13,8,30,7.300000000000001,0,0,0,0,0,0,48.160000000000004
2008,3,13,9,30,6.300000000000001,0,0,0,0,0,0,53.19
2008,3,13,10,30,5.7,0,0,0,0,0,0,56.34
2008,3,13,11,30,5.6000000000000005,0,0,0,0,0,0,57.38
2008,3,13,12,30,6.300000000000001,0,0,0,0,0,0,54.9
2008,3,13,13,30,8.6,24,76,556,14,47,48,46.93
2008,3,13,14,30,13.200000000000001,44,329,882,383,132,256,32.81
2008,3,13,15,30,17.5,54,582,995,995,54,582,17.41
2008,3,13,16,30,20.1,60,795,1049,1049,60,795,11.8
2008,3,13,17,30,21.8,63,948,1078,1078,63,948,9.540000000000001
2008,3,13,18,30,23,62,1036,1101,1101,62,1036,8.26
2008,3,13,19,30,23.700000000000003,64,1039,1100,1100,64,1039,7.33
2008,3,13,20,30,23.900000000000002,62,963,1089,1089,62,963,6.57
2008,3,13,21,30,23.6,64,822,1068,1068,64,822,6.07
2008,3,13,22,30,22.700000000000003,58,609,1015,1015,58,609,5.88
2008,3,13,23,30,19.6,47,354,908,908,47,354,6.61
2008,3,14,0,30,15.200000000000001,27,94,610,610,27,94,10.57
2008,3,14,1,30,12.700000000000001,0,0,0,0,0,0,12.58
2008,3,14,2,30,11.8,0,0,0,0,0,0,13.13
2008,3,14,3,30,11.5,0,0,0,0,0,0,13.76
2008,3,14,4,30,10.5,0,0,0,0,0,0,15.66
2008,3,14,5,30,8.200000000000001,0,0,0,0,0,0,20.18
2008,3,14,6,30,6.4,0,0,0,0,0,0,28.37
2008,3,14,7,30,5.6000000000000005,0,0,0,0,0,0,40.43
2008,3,14,8,30,4.9,0,0,0,0,0,0,51.67
2008,3,14,9,30,4.2,0,0,0,0,0,0,57.09
2008,3,14,10,30,3.7,0,0,0,0,0,0,55.96
2008,3,14,11,30,3.4000000000000004,0,0,0,0,0,0,50.730000000000004
2008,3,14,12,30,4.7,0,0,0,0,0,0,39.61
2008,3,14,13,30,9,26,81,566,566,26,81,26.240000000000002
2008,3,14,14,30,14.8,48,336,881,881,48,336,16.46
2008,3,14,15,30,19.6,58,591,997,997,58,591,9.98
2008,3,14,16,30,22.5,65,806,1052,1052,65,806,7.66
2008,3,14,17,30,24.1,69,960,1081,1081,69,960,7.04
2008,3,14,18,30,25.3,76,1042,1088,1088,76,1042,6.5200000000000005
2008,3,14,19,30,26,75,1045,1090,1090,75,1045,6.13
2008,3,14,20,30,26.200000000000003,72,967,1080,1080,72,967,5.87
2008,3,14,21,30,25.8,65,817,1055,1055,65,817,5.76
2008,3,14,22,30,24.8,58,605,1004,1004,58,605,5.88
2008,3,14,23,30,21.700000000000003,46,352,899,899,46,352,6.93
2008,3,15,0,30,17.900000000000002,27,96,618,618,27,96,11.14
2008,3,15,1,30,16.7,0,0,0,0,0,0,11.52
2008,3,15,2,30,16.8,0,0,0,0,0,0,10.89
2008,3,15,3,30,15.8,0,0,0,0,0,0,11.28
2008,3,15,4,30,13,0,0,0,0,0,0,13.71
2008,3,15,5,30,10.200000000000001,0,0,0,0,0,0,16.830000000000002
2008,3,15,6,30,8.700000000000001,0,0,0,0,0,0,19.6
2008,3,15,7,30,7.9,0,0,0,0,0,0,23.41
2008,3,15,8,30,7.2,0,0,0,0,0,0,28.23
2008,3,15,9,30,6.5,0,0,0,0,0,0,32.3
2008,3,15,10,30,6,0,0,0,0,0,0,33.86
2008,3,15,11,30,5.6000000000000005,0,0,0,0,0,0,33.63
2008,3,15,12,30,6.800000000000001,0,0,0,0,0,0,28.79
2008,3,15,13,30,11.3,24,85,592,592,24,85,20.400000000000002
2008,3,15,14,30,16.900000000000002,44,342,900,900,44,342,13.47
2008,3,15,15,30,21.200000000000003,53,596,1008,1008,53,596,9.11
2008,3,15,16,30,23.900000000000002,60,810,1060,1060,60,810,6.91
2008,3,15,17,30,25.400000000000002,64,964,1087,1087,64,964,6.25
2008,3,15,18,30,26.5,64,1045,1100,1100,64,1045,5.8100000000000005
2008,3,15,19,30,27.3,65,1047,1100,1100,65,1047,5.46
2008,3,15,20,30,27.5,64,970,1089,1089,64,970,5.33
2008,3,15,21,30,27.3,67,820,1053,1053,67,820,5.4
2008,3,15,22,30,26.400000000000002,60,603,991,991,60,603,5.82
2008,3,15,23,30,23.6,49,351,883,883,49,351,7.17
2008,3,16,0,30,19.5,28,94,579,579,28,94,11.85
2008,3,16,1,30,16.8,0,0,0,0,0,0,14.23
2008,3,16,2,30,15.5,0,0,0,0,0,0,15.91
2008,3,16,3,30,14.4,0,0,0,0,0,0,18.740000000000002
2008,3,16,4,30,13,0,0,0,0,0,0,22.93
2008,3,16,5,30,11.5,0,0,0,0,0,0,26.990000000000002
2008,3,16,6,30,10.200000000000001,0,0,0,0,0,0,30.37
2008,3,16,7,30,9.1,0,0,0,0,0,0,33.5
2008,3,16,8,30,8.200000000000001,0,0,0,0,0,0,36.54
2008,3,16,9,30,7.5,0,0,0,0,0,0,38.99
2008,3,16,10,30,6.9,0,0,0,0,0,0,40.56
2008,3,16,11,30,6.5,0,0,0,0,0,0,40.84
2008,3,16,12,30,7.6000000000000005,0,0,0,0,0,0,36.33
2008,3,16,13,30,11.600000000000001,27,86,557,557,27,86,26.35
2008,3,16,14,30,17.3,49,342,873,873,49,342,16.88
2008,3,16,15,30,22,61,595,986,986,61,595,9.96
2008,3,16,16,30,24.5,69,809,1040,1040,69,809,7.97
2008,3,16,17,30,25.900000000000002,73,956,1062,1062,73,956,7.68
2008,3,16,18,30,26.700000000000003,79,1036,1071,1071,79,1036,7.71
2008,3,16,19,30,27,75,1038,1076,1076,75,1038,7.96
2008,3,16,20,30,26.700000000000003,70,961,1067,800,273,941,8.38
2008,3,16,21,30,25.6,65,811,1041,1041,65,811,9.01
2008,3,16,22,30,23.900000000000002,57,602,991,608,184,518,9.89
2008,3,16,23,30,21.400000000000002,47,354,891,243,167,251,11.69
2008,3,17,0,30,18.7,28,96,596,370,48,91,14.55
2008,3,17,1,30,16.3,0,0,0,0,0,0,18.32
2008,3,17,2,30,14.100000000000001,0,0,0,0,0,0,22.82
2008,3,17,3,30,12.3,0,0,0,0,0,0,27.76
2008,3,17,4,30,10.700000000000001,0,0,0,0,0,0,33.55
2008,3,17,5,30,9.4,0,0,0,0,0,0,39.54
2008,3,17,6,30,8.8,0,0,0,0,0,0,42.63
2008,3,17,7,30,8.700000000000001,0,0,0,0,0,0,42.02
2008,3,17,8,30,8.8,0,0,0,0,0,0,39.910000000000004
2008,3,17,9,30,8.8,0,0,0,0,0,0,38.37
2008,3,17,10,30,8.5,0,0,0,0,0,0,37.800000000000004
2008,3,17,11,30,7.800000000000001,0,0,0,0,0,0,38.31
2008,3,17,12,30,7.4,0,0,0,0,0,0,38.11
2008,3,17,13,30,9.4,27,90,580,7,47,48,32.02
2008,3,17,14,30,13.700000000000001,47,346,880,332,157,269,22.18
2008,3,17,15,30,17.900000000000002,57,594,983,344,256,444,16.580000000000002
2008,3,17,16,30,20.6,62,804,1038,1038,62,804,15.370000000000001
2008,3,17,17,30,22.3,66,955,1066,1066,66,955,14.6
2008,3,17,18,30,23.400000000000002,68,1030,1073,818,265,999,14.43
2008,3,17,19,30,24,63,1030,1077,1077,63,1030,14.55
2008,3,17,20,30,23.700000000000003,61,953,1065,1065,61,953,15.47
2008,3,17,21,30,22.700000000000003,63,802,1027,846,164,773,17.42
2008,3,17,22,30,20.8,55,594,977,977,55,594,21.38
2008,3,17,23,30,18.2,45,347,873,219,176,251,27.34
2008,3,18,0,30,15.3,26,96,598,223,57,83,36.85
2008,3,18,1,30,12.9,0,0,0,0,0,0,49.06
2008,3,18,2,30,11.100000000000001,0,0,0,0,0,0,61.2
2008,3,18,3,30,9.600000000000001,0,0,0,0,0,0,71.18
2008,3,18,4,30,8.4,0,0,0,0,0,0,77.35000000000001
2008,3,18,5,30,7.4,0,0,0,0,0,0,79.97
2008,3,18,6,30,6.5,0,0,0,0,0,0,82.83
2008,3,18,7,30,5.9,0,0,0,0,0,0,84.36
2008,3,18,8,30,5.5,0,0,0,0,0,0,84.25
2008,3,18,9,30,5.300000000000001,0,0,0,0,0,0,83
2008,3,18,10,30,5,0,0,0,0,0,0,81.48
2008,3,18,11,30,4.3,0,0,0,0,0,0,80.7
2008,3,18,12,30,3.9000000000000004,0,0,0,0,0,0,77.04
2008,3,18,13,30,4.5,28,97,601,601,28,97,66.68
2008,3,18,14,30,6.1000000000000005,50,359,899,899,50,359,49.620000000000005
2008,3,18,15,30,8.200000000000001,62,624,1022,1022,62,624,31.220000000000002
2008,3,18,16,30,10.3,69,841,1075,1075,69,841,18.25
2008,3,18,17,30,12.100000000000001,72,997,1104,1104,72,997,11.16
2008,3,18,18,30,13.5,78,1079,1111,1111,78,1079,8.05
2008,3,18,19,30,14.4,75,1079,1114,1114,75,1079,6.95
2008,3,18,20,30,14.600000000000001,72,999,1104,1104,72,999,7.07
2008,3,18,21,30,14.3,68,845,1076,1076,68,845,7.79
2008,3,18,22,30,13.200000000000001,61,629,1026,1026,61,629,9.16
2008,3,18,23,30,11.100000000000001,50,370,921,921,50,370,11.84
2008,3,19,0,30,8.3,29,102,613,613,29,102,16.4
2008,3,19,1,30,6.1000000000000005,0,0,0,0,0,0,21.76
2008,3,19,2,30,4.800000000000001,0,0,0,0,0,0,25.68
2008,3,19,3,30,3.6,0,0,0,0,0,0,29.25
2008,3,19,4,30,2.6,0,0,0,0,0,0,32.72
2008,3,19,5,30,1.8,0,0,0,0,0,0,35.74
2008,3,19,6,30,1.1,0,0,0,0,0,0,38.65
2008,3,19,7,30,0.6000000000000001,0,0,0,0,0,0,41.230000000000004
2008,3,19,8,30,0.1,0,0,0,0,0,0,44.19
2008,3,19,9,30,-0.2,0,0,0,0,0,0,47.11
2008,3,19,10,30,-0.5,0,0,0,0,0,0,50.47
2008,3,19,11,30,-0.8,0,0,0,0,0,0,53.79
2008,3,19,12,30,0.4,0,0,0,0,0,0,50.910000000000004
2008,3,19,13,30,4.2,29,101,606,606,29,101,40.03
2008,3,19,14,30,8.4,51,363,900,900,51,363,29
2008,3,19,15,30,11.200000000000001,62,620,1008,1008,62,620,21.12
2008,3,19,16,30,13.5,70,835,1060,1060,70,835,16.64
2008,3,19,17,30,15.600000000000001,75,989,1086,1086,75,989,13.32
2008,3,19,18,30,17.3,80,1082,1109,1109,80,1082,10.9
2008,3,19,19,30,18.400000000000002,80,1082,1109,1109,80,1082,9.35
2008,3,19,20,30,18.900000000000002,78,1002,1097,1097,78,1002,8.45
2008,3,19,21,30,18.7,72,847,1071,1071,72,847,8.14
2008,3,19,22,30,17.7,64,622,1004,1004,64,622,8.32
2008,3,19,23,30,15.3,53,366,896,896,53,366,9.450000000000001
2008,3,20,0,30,11.600000000000001,31,102,596,596,31,102,12.49
2008,3,20,1,30,9,0,0,0,0,0,0,14.68
2008,3,20,2,30,7.6000000000000005,0,0,0,0,0,0,15.5
2008,3,20,3,30,6,0,0,0,0,0,0,17.2
2008,3,20,4,30,4.6000000000000005,0,0,0,0,0,0,19.32
2008,3,20,5,30,3.4000000000000004,0,0,0,0,0,0,21.87
2008,3,20,6,30,2.3000000000000003,0,0,0,0,0,0,24.92
2008,3,20,7,30,1.4000000000000001,0,0,0,0,0,0,28.16
2008,3,20,8,30,0.9,0,0,0,0,0,0,32.24
2008,3,20,9,30,0.7000000000000001,0,0,0,0,0,0,39.31
2008,3,20,10,30,0.4,0,0,0,0,0,0,50.76
2008,3,20,11,30,0,0,0,0,0,0,0,62.85
2008,3,20,12,30,0.7000000000000001,0,0,0,0,0,0,65.4
2008,3,20,13,30,3.8000000000000003,31,104,593,593,31,104,53.730000000000004
2008,3,20,14,30,8.200000000000001,54,367,892,892,54,367,36.78
2008,3,20,15,30,12.600000000000001,65,624,1002,1002,65,624,25.64
2008,3,20,16,30,16.7,72,839,1056,1056,72,839,17.72
2008,3,20,17,30,19.900000000000002,76,993,1084,1084,76,993,12.200000000000001
2008,3,20,18,30,21.900000000000002,76,1073,1100,1100,76,1073,9.450000000000001
2008,3,20,19,30,23.1,76,1073,1100,1100,76,1073,7.94
2008,3,20,20,30,23.700000000000003,74,993,1088,1088,74,993,7.08
2008,3,20,21,30,23.6,72,839,1056,1056,72,839,6.73
2008,3,20,22,30,22.900000000000002,64,617,993,993,64,617,6.8
2008,3,20,23,30,20.3,52,363,885,885,52,363,7.84
2008,3,21,0,30,15.9,31,102,586,586,31,102,12.65
2008,3,21,1,30,12.9,0,0,0,0,0,0,14.58
2008,3,21,2,30,11.4,0,0,0,0,0,0,15.66
2008,3,21,3,30,10,0,0,0,0,0,0,17.17
2008,3,21,4,30,8.700000000000001,0,0,0,0,0,0,18.81
2008,3,21,5,30,7.5,0,0,0,0,0,0,20.63
2008,3,21,6,30,6.5,0,0,0,0,0,0,23.25
2008,3,21,7,30,5.6000000000000005,0,0,0,0,0,0,27.51
2008,3,21,8,30,4.9,0,0,0,0,0,0,32.83
2008,3,21,9,30,4.4,0,0,0,0,0,0,37.480000000000004
2008,3,21,10,30,4.1000000000000005,0,0,0,0,0,0,39.96
2008,3,21,11,30,4.1000000000000005,0,0,0,0,0,0,40.07
2008,3,21,12,30,5.7,0,0,0,0,0,0,35.480000000000004
2008,3,21,13,30,10.200000000000001,32,105,585,585,32,105,26.400000000000002
2008,3,21,14,30,16,54,366,881,881,54,366,18.14
2008,3,21,15,30,20.700000000000003,65,621,990,990,65,621,11.89
2008,3,21,16,30,23.3,72,842,1056,1056,72,842,7.47
2008,3,21,17,30,24.700000000000003,76,996,1085,1085,76,996,6.0200000000000005
2008,3,21,18,30,25.5,81,1075,1094,1094,81,1075,5.3500000000000005
2008,3,21,19,30,26,81,1075,1094,1094,81,1075,4.96
2008,3,21,20,30,25.900000000000002,78,995,1082,1082,78,995,4.83
2008,3,21,21,30,25.3,71,833,1047,1047,71,833,4.87
2008,3,21,22,30,24,64,620,994,994,64,620,5.19
2008,3,21,23,30,21.3,53,364,883,883,53,364,6.1000000000000005
2008,3,22,0,30,17.2,31,103,582,582,31,103,8.6
2008,3,22,1,30,14.5,0,0,0,0,0,0,10.14
2008,3,22,2,30,13.100000000000001,0,0,0,0,0,0,10.86
2008,3,22,3,30,11.4,0,0,0,0,0,0,12.36
2008,3,22,4,30,9.9,0,0,0,0,0,0,14.120000000000001
2008,3,22,5,30,9.200000000000001,0,0,0,0,0,0,15.23
2008,3,22,6,30,8.6,0,0,0,0,0,0,16
2008,3,22,7,30,7.300000000000001,0,0,0,0,0,0,17.88
2008,3,22,8,30,6.1000000000000005,0,0,0,0,0,0,20.150000000000002
2008,3,22,9,30,5.6000000000000005,0,0,0,0,0,0,22.25
2008,3,22,10,30,5.300000000000001,0,0,0,0,0,0,25.17
2008,3,22,11,30,4.800000000000001,0,0,0,0,0,0,29.3
2008,3,22,12,30,6,0,0,0,0,0,0,30.16
2008,3,22,13,30,10.100000000000001,32,108,588,588,32,108,25.43
2008,3,22,14,30,15.5,54,367,873,873,54,367,18.75
2008,3,22,15,30,19.8,67,620,979,979,67,620,13.39
2008,3,22,16,30,22.400000000000002,75,826,1025,1025,75,826,9.86
2008,3,22,17,30,24.200000000000003,80,976,1053,1053,80,976,8.55
2008,3,22,18,30,25.5,79,1055,1070,1070,79,1055,7.99
2008,3,22,19,30,26.200000000000003,79,1054,1070,1070,79,1054,7.82
2008,3,22,20,30,26.400000000000002,78,970,1050,1050,78,970,7.79
2008,3,22,21,30,26.200000000000003,76,817,1015,1015,76,817,7.86
2008,3,22,22,30,25.400000000000002,69,606,959,959,69,606,8.14
2008,3,22,23,30,23.6,56,355,846,846,56,355,9
2008,3,23,0,30,20.8,32,100,546,131,65,81,12.98
2008,3,23,1,30,18.2,0,0,0,0,0,0,14.370000000000001
2008,3,23,2,30,15.8,0,0,0,0,0,0,16.76
2008,3,23,3,30,14,0,0,0,0,0,0,20.71
2008,3,23,4,30,12.600000000000001,0,0,0,0,0,0,26.560000000000002
2008,3,23,5,30,11.100000000000001,0,0,0,0,0,0,32.34
2008,3,23,6,30,10.100000000000001,0,0,0,0,0,0,35.46
2008,3,23,7,30,9.3,0,0,0,0,0,0,36.93
2008,3,23,8,30,8.6,0,0,0,0,0,0,37.06
2008,3,23,9,30,7.9,0,0,0,0,0,0,36.61
2008,3,23,10,30,7.4,0,0,0,0,0,0,35.82
2008,3,23,11,30,6.9,0,0,0,0,0,0,35.46
2008,3,23,12,30,7.6000000000000005,0,0,0,0,0,0,32.79
2008,3,23,13,30,10.700000000000001,33,110,576,576,33,110,26.21
2008,3,23,14,30,15.100000000000001,56,368,861,861,56,368,18.04
2008,3,23,15,30,18.8,68,619,969,969,68,619,12.73
2008,3,23,16,30,21.1,76,830,1024,1024,76,830,11.14
2008,3,23,17,30,22.6,81,980,1052,1052,81,980,10.24
2008,3,23,18,30,23.8,86,1057,1061,1061,86,1057,9.53
2008,3,23,19,30,24.400000000000002,85,1056,1062,1062,85,1056,9.23
2008,3,23,20,30,24.400000000000002,83,976,1049,1049,83,976,9.41
2008,3,23,21,30,23.6,78,824,1019,1019,78,824,10.46
2008,3,23,22,30,21.8,71,607,952,952,71,607,13.16
2008,3,23,23,30,18.8,60,353,823,823,60,353,19.54
2008,3,24,0,30,15.3,35,97,488,488,35,97,31.91
2008,3,24,1,30,12.700000000000001,0,0,0,0,0,0,48.01
2008,3,24,2,30,11.200000000000001,0,0,0,0,0,0,61.25
2008,3,24,3,30,10,0,0,0,0,0,0,71.83
2008,3,24,4,30,9.200000000000001,0,0,0,0,0,0,78.84
2008,3,24,5,30,8.8,0,0,0,0,0,0,81.87
2008,3,24,6,30,8.5,0,0,0,0,0,0,83.22
2008,3,24,7,30,8.4,0,0,0,0,0,0,83.72
2008,3,24,8,30,8.3,0,0,0,0,0,0,84.81
2008,3,24,9,30,8,0,0,0,0,0,0,87.51
2008,3,24,10,30,7.800000000000001,0,0,0,0,0,0,89.78
2008,3,24,11,30,7.6000000000000005,0,0,0,0,0,0,91.95
2008,3,24,12,30,7.800000000000001,0,0,0,0,0,0,91.39
2008,3,24,13,30,9.1,38,106,497,497,38,106,82.55
2008,3,24,14,30,11.3,64,358,803,2,143,144,66.34
2008,3,24,15,30,14.100000000000001,75,606,928,42,293,317,51.9
2008,3,24,16,30,16.900000000000002,80,814,992,3,334,336,40.980000000000004
2008,3,24,17,30,19.400000000000002,85,965,1027,698,324,922,32.81
2008,3,24,18,30,21.3,86,1042,1041,1041,86,1042,27
2008,3,24,19,30,22.6,86,1040,1042,1042,86,1040,23.09
2008,3,24,20,30,23.200000000000003,84,961,1027,1027,84,961,20.900000000000002
2008,3,24,21,30,23.1,81,806,989,989,81,806,19.95
2008,3,24,22,30,22.400000000000002,76,596,921,921,76,596,20.05
2008,3,24,23,30,20.700000000000003,66,345,780,2,134,134,21.96
2008,3,25,0,30,18.1,39,95,437,7,65,66,27.04
2008,3,25,1,30,16.3,0,0,0,0,0,0,31.63
2008,3,25,2,30,15.5,0,0,0,0,0,0,35.72
2008,3,25,3,30,14.100000000000001,0,0,0,0,0,0,42.39
2008,3,25,4,30,12.4,0,0,0,0,0,0,51.08
2008,3,25,5,30,10.8,0,0,0,0,0,0,60.03
2008,3,25,6,30,9.600000000000001,0,0,0,0,0,0,67.25
2008,3,25,7,30,8.700000000000001,0,0,0,0,0,0,72.54
2008,3,25,8,30,8.1,0,0,0,0,0,0,76.03
2008,3,25,9,30,7.5,0,0,0,0,0,0,79.53
2008,3,25,10,30,7,0,0,0,0,0,0,82.34
2008,3,25,11,30,6.7,0,0,0,0,0,0,83.61
2008,3,25,12,30,7.300000000000001,0,0,0,0,0,0,79.04
2008,3,25,13,30,10.3,36,114,552,552,36,114,63.800000000000004
2008,3,25,14,30,15.100000000000001,58,371,844,147,217,272,44.39
2008,3,25,15,30,19.200000000000003,70,620,956,956,70,620,29.29
2008,3,25,16,30,21.8,77,828,1012,1012,77,828,22.34
2008,3,25,17,30,23.700000000000003,81,977,1042,804,265,957,18.28
2008,3,25,18,30,25,92,1051,1042,773,302,1013,15.83
2008,3,25,19,30,25.700000000000003,90,1045,1039,659,373,978,14.48
2008,3,25,20,30,26,87,966,1027,251,520,735,13.780000000000001
2008,3,25,21,30,25.900000000000002,78,815,1002,399,323,616,13.44
2008,3,25,22,30,25.1,69,603,943,430,276,519,13.69
2008,3,25,23,30,23.200000000000003,57,354,826,463,143,309,15.09
2008,3,26,0,30,20.1,34,102,526,262,60,94,18.91
2008,3,26,1,30,17.8,0,0,0,0,0,0,22.47
2008,3,26,2,30,16.7,0,0,0,0,0,0,25.38
2008,3,26,3,30,15.8,0,0,0,0,0,0,29.25
2008,3,26,4,30,15,0,0,0,0,0,0,34.4
2008,3,26,5,30,14,0,0,0,0,0,0,41.37
2008,3,26,6,30,12.9,0,0,0,0,0,0,49
2008,3,26,7,30,11.9,0,0,0,0,0,0,55.17
2008,3,26,8,30,11.200000000000001,0,0,0,0,0,0,59.46
2008,3,26,9,30,10.700000000000001,0,0,0,0,0,0,62.96
2008,3,26,10,30,10.3,0,0,0,0,0,0,66
2008,3,26,11,30,9.8,0,0,0,0,0,0,69.63
2008,3,26,12,30,10,0,0,0,0,0,0,70.35000000000001
2008,3,26,13,30,12.200000000000001,36,116,549,549,36,116,62.190000000000005
2008,3,26,14,30,16,58,367,825,825,58,367,46.39
2008,3,26,15,30,19.700000000000003,70,614,939,939,70,614,32.28
2008,3,26,16,30,22.700000000000003,76,819,995,995,76,819,25.1
2008,3,26,17,30,24.8,81,966,1025,1025,81,966,21.650000000000002
2008,3,26,18,30,26.3,88,1040,1031,1031,88,1040,19.29
2008,3,26,19,30,27.3,87,1037,1032,1032,87,1037,17.35
2008,3,26,20,30,27.700000000000003,84,958,1019,1019,84,958,16
2008,3,26,21,30,27.700000000000003,85,805,977,977,85,805,15.11
2008,3,26,22,30,27,79,596,911,74,334,376,14.99
2008,3,26,23,30,25.3,66,348,780,457,168,333,15.88
2008,3,27,0,30,22.6,38,99,459,459,38,99,18.8
2008,3,27,1,30,20.1,0,0,0,0,0,0,21.14
2008,3,27,2,30,18.400000000000002,0,0,0,0,0,0,23.03
2008,3,27,3,30,17,0,0,0,0,0,0,25.490000000000002
2008,3,27,4,30,15.3,0,0,0,0,0,0,29.2
2008,3,27,5,30,13.5,0,0,0,0,0,0,33.97
2008,3,27,6,30,12.3,0,0,0,0,0,0,37.550000000000004
2008,3,27,7,30,11.200000000000001,0,0,0,0,0,0,40.7
2008,3,27,8,30,10.3,0,0,0,0,0,0,43.160000000000004
2008,3,27,9,30,9.5,0,0,0,0,0,0,45.300000000000004
2008,3,27,10,30,8.8,0,0,0,0,0,0,46.94
2008,3,27,11,30,8.3,0,0,0,0,0,0,47.49
2008,3,27,12,30,9.1,0,0,0,0,0,0,43.44
2008,3,27,13,30,12.5,34,125,609,609,34,125,32.92
2008,3,27,14,30,17.5,55,382,866,866,55,382,20.67
2008,3,27,15,30,21.8,66,630,967,967,66,630,12.530000000000001
2008,3,27,16,30,24.5,72,841,1026,1026,72,841,11.48
2008,3,27,17,30,26.5,75,989,1054,1054,75,989,10.66
2008,3,27,18,30,28,76,1065,1068,1068,76,1065,9.23
2008,3,27,19,30,28.900000000000002,76,1062,1067,1067,76,1062,7.91
2008,3,27,20,30,29.1,73,986,1062,1062,73,986,6.97
2008,3,27,21,30,28.8,71,833,1032,1032,71,833,6.37
2008,3,27,22,30,27.900000000000002,63,621,980,980,63,621,6.08
2008,3,27,23,30,25.400000000000002,52,369,875,289,172,277,6.61
2008,3,28,0,30,21.200000000000003,31,111,600,199,65,91,8.89
2008,3,28,1,30,18.2,0,0,0,0,0,0,11.64
2008,3,28,2,30,16.7,0,0,0,0,0,0,13.6
2008,3,28,3,30,15,0,0,0,0,0,0,15.950000000000001
2008,3,28,4,30,13.5,0,0,0,0,0,0,18.1
2008,3,28,5,30,12.5,0,0,0,0,0,0,19.98
2008,3,28,6,30,12,0,0,0,0,0,0,21.94
2008,3,28,7,30,11.700000000000001,0,0,0,0,0,0,24.21
2008,3,28,8,30,11.600000000000001,0,0,0,0,0,0,26.02
2008,3,28,9,30,11.4,0,0,0,0,0,0,27.47
2008,3,28,10,30,11,0,0,0,0,0,0,28.45
2008,3,28,11,30,10.100000000000001,0,0,0,0,0,0,29.47
2008,3,28,12,30,10.5,0,0,0,0,0,0,27.5
2008,3,28,13,30,13.4,34,132,640,640,34,132,21.69
2008,3,28,14,30,17.5,54,392,884,545,167,375,15.55
2008,3,28,15,30,21.5,64,638,979,979,64,638,9.28
2008,3,28,16,30,24.3,69,846,1032,757,266,836,6.84
2008,3,28,17,30,26.3,74,993,1057,1057,74,993,5.64
2008,3,28,18,30,27.5,88,1066,1053,1053,88,1066,5.18
2008,3,28,19,30,28,87,1063,1054,703,278,929,5.16
2008,3,28,20,30,27.8,85,982,1040,729,210,839,5.37
2008,3,28,21,30,27.3,81,828,1008,491,286,650,5.6000000000000005
2008,3,28,22,30,26.3,74,620,956,522,220,518,5.89
2008,3,28,23,30,24.3,59,367,846,140,200,251,6.5
2008,3,29,0,30,21.1,35,110,553,61,73,82,8.52
2008,3,29,1,30,18.6,0,0,0,0,0,0,10.57
2008,3,29,2,30,17.2,0,0,0,0,0,0,12.01
2008,3,29,3,30,16.3,0,0,0,0,0,0,13.38
2008,3,29,4,30,15.3,0,0,0,0,0,0,15.030000000000001
2008,3,29,5,30,14.3,0,0,0,0,0,0,16.63
2008,3,29,6,30,13.200000000000001,0,0,0,0,0,0,18.67
2008,3,29,7,30,12,0,0,0,0,0,0,21.2
2008,3,29,8,30,10.9,0,0,0,0,0,0,24.14
2008,3,29,9,30,9.9,0,0,0,0,0,0,27.26
2008,3,29,10,30,9.200000000000001,0,0,0,0,0,0,29.77
2008,3,29,11,30,8.9,0,0,0,0,0,0,30.92
2008,3,29,12,30,10,0,0,0,0,0,0,28.73
2008,3,29,13,30,13,33,140,683,50,84,92,23.27
2008,3,29,14,30,17.3,50,405,919,682,121,384,15.83
2008,3,29,15,30,21.5,59,657,1013,691,238,645,9.26
2008,3,29,16,30,24.400000000000002,65,866,1060,1060,65,866,7.140000000000001
2008,3,29,17,30,26.5,68,1014,1085,830,267,991,5.8
2008,3,29,18,30,28,66,1089,1098,1098,66,1089,4.9
2008,3,29,19,30,28.8,65,1085,1099,1099,65,1085,4.34
2008,3,29,20,30,28.900000000000002,60,1002,1090,1090,60,1002,4
2008,3,29,21,30,28.400000000000002,63,849,1058,1058,63,849,3.9
2008,3,29,22,30,27.200000000000003,54,634,1014,1014,54,634,4.09
2008,3,29,23,30,24.6,44,380,920,920,44,380,4.76
2008,3,30,0,30,20.3,28,119,669,669,28,119,6.62
2008,3,30,1,30,17.2,0,0,0,0,0,0,9.24
2008,3,30,2,30,15.700000000000001,0,0,0,0,0,0,11.42
2008,3,30,3,30,14.200000000000001,0,0,0,0,0,0,14.22
2008,3,30,4,30,12.700000000000001,0,0,0,0,0,0,17.52
2008,3,30,5,30,11.3,0,0,0,0,0,0,21.32
2008,3,30,6,30,10.200000000000001,0,0,0,0,0,0,25.330000000000002
2008,3,30,7,30,9.3,0,0,0,0,0,0,29.44
2008,3,30,8,30,8.6,0,0,0,0,0,0,33.05
2008,3,30,9,30,7.9,0,0,0,0,0,0,35.59
2008,3,30,10,30,7.300000000000001,0,0,0,0,0,0,36.93
2008,3,30,11,30,6.6000000000000005,0,0,0,0,0,0,37.99
2008,3,30,12,30,7.9,0,0,0,0,0,0,33.52
2008,3,30,13,30,11.700000000000001,31,145,704,704,31,145,24.93
2008,3,30,14,30,16.900000000000002,48,414,940,940,48,414,16.7
2008,3,30,15,30,21.6,56,667,1030,1030,56,667,7.82
2008,3,30,16,30,24.3,62,877,1074,1074,62,877,5.09
2008,3,30,17,30,26.400000000000002,64,1025,1098,1098,64,1025,3.91
2008,3,30,18,30,28,71,1102,1104,1104,71,1102,3.2600000000000002
2008,3,30,19,30,28.900000000000002,69,1097,1105,1105,69,1097,2.91
2008,3,30,20,30,29.3,66,1014,1095,1095,66,1014,2.72
2008,3,30,21,30,29.1,61,858,1071,1071,61,858,2.67
2008,3,30,22,30,28.200000000000003,55,642,1024,1024,55,642,2.74
2008,3,30,23,30,25.400000000000002,46,386,927,927,46,386,3.2
2008,3,31,0,30,20.700000000000003,29,122,673,673,29,122,5.07
2008,3,31,1,30,17.5,0,0,0,0,0,0,7.26
2008,3,31,2,30,16.1,0,0,0,0,0,0,9.22
2008,3,31,3,30,14.3,0,0,0,0,0,0,11.77
2008,3,31,4,30,12.9,0,0,0,0,0,0,14.18
2008,3,31,5,30,12,0,0,0,0,0,0,16.82
2008,3,31,6,30,11.200000000000001,0,0,0,0,0,0,20.37
2008,3,31,7,30,10.3,0,0,0,0,0,0,25.12
2008,3,31,8,30,9.3,0,0,0,0,0,0,30.98
2008,3,31,9,30,8.4,0,0,0,0,0,0,36.550000000000004
2008,3,31,10,30,7.6000000000000005,0,0,0,0,0,0,40.81
2008,3,31,11,30,6.9,0,0,0,0,0,0,42.86
2008,3,31,12,30,8.4,0,0,0,0,0,0,36.910000000000004
2008,3,31,13,30,12.5,29,149,725,725,29,149,25.85
2008,3,31,14,30,17.8,42,412,941,941,42,412,16.38
2008,3,31,15,30,22.400000000000002,50,662,1026,1026,50,662,6.6000000000000005
2008,3,31,16,30,25.1,55,870,1069,1069,55,870,4.2700000000000005
2008,3,31,17,30,27.200000000000003,58,1017,1092,1092,58,1017,3.7
2008,3,31,18,30,28.8,58,1082,1095,1095,58,1082,3.5700000000000003
2008,3,31,19,30,29.900000000000002,57,1078,1094,803,222,970,3.61
2008,3,31,20,30,30.400000000000002,56,996,1083,579,309,811,3.79
2008,3,31,21,30,30.3,65,846,1048,1048,65,846,4.0600000000000005
2008,3,31,22,30,29.400000000000002,59,633,997,997,59,633,4.51
2008,3,31,23,30,26.8,49,380,898,898,49,380,5.5
2008,4,1,0,30,22.200000000000003,31,117,616,38,77,82,8.16
2008,4,1,1,30,18.5,0,0,0,0,0,0,10.950000000000001
2008,4,1,2,30,16.5,0,0,0,0,0,0,12.72
2008,4,1,3,30,15,0,0,0,0,0,0,14.42
2008,4,1,4,30,14.200000000000001,0,0,0,0,0,0,15.5
2008,4,1,5,30,13.8,0,0,0,0,0,0,16.05
2008,4,1,6,30,13.3,0,0,0,0,0,0,16.56
2008,4,1,7,30,12.8,0,0,0,0,0,0,16.91
2008,4,1,8,30,12.200000000000001,0,0,0,0,0,0,17.28
2008,4,1,9,30,11.8,0,0,0,0,0,0,17.42
2008,4,1,10,30,11.4,0,0,0,0,0,0,17.79
2008,4,1,11,30,11.100000000000001,0,0,0,0,0,0,18.150000000000002
2008,4,1,12,30,12,0,0,0,0,0,0,17.17
2008,4,1,13,30,15.5,35,147,666,31,94,99,14.32
2008,4,1,14,30,20.5,53,407,893,893,53,407,10.370000000000001
2008,4,1,15,30,24.400000000000002,63,654,985,665,241,640,8.6
2008,4,1,16,30,26.700000000000003,70,860,1032,1032,70,860,7.47
2008,4,1,17,30,28.400000000000002,73,1005,1058,1058,73,1005,6.74
2008,4,1,18,30,29.6,82,1083,1067,1067,82,1083,6.23
2008,4,1,19,30,30.3,81,1078,1068,1068,81,1078,5.91
2008,4,1,20,30,30.6,77,996,1056,1056,77,996,5.74
2008,4,1,21,30,30.3,71,842,1031,1031,71,842,5.76
2008,4,1,22,30,29.5,64,629,980,980,64,629,5.95
2008,4,1,23,30,27.200000000000003,52,374,871,871,52,374,6.74
2008,4,2,0,30,23.200000000000003,32,117,605,605,32,117,9.32
2008,4,2,1,30,20,0,0,0,0,0,0,11.5
2008,4,2,2,30,18.1,0,0,0,0,0,0,13.13
2008,4,2,3,30,16.6,0,0,0,0,0,0,15.17
2008,4,2,4,30,16.1,0,0,0,0,0,0,18.07
2008,4,2,5,30,16.1,0,0,0,0,0,0,21.1
2008,4,2,6,30,15.3,0,0,0,0,0,0,23.97
2008,4,2,7,30,14.4,0,0,0,0,0,0,26.29
2008,4,2,8,30,13.700000000000001,0,0,0,0,0,0,28.28
2008,4,2,9,30,13.100000000000001,0,0,0,0,0,0,30.650000000000002
2008,4,2,10,30,12.600000000000001,0,0,0,0,0,0,32.71
2008,4,2,11,30,12.200000000000001,0,0,0,0,0,0,33.55
2008,4,2,12,30,13,0,0,0,0,0,0,30.830000000000002
2008,4,2,13,30,15.5,40,143,592,592,40,143,25.82
2008,4,2,14,30,19,63,397,836,836,63,397,30.1
2008,4,2,15,30,23,75,641,938,938,75,641,28.25
2008,4,2,16,30,26.5,83,844,991,991,83,844,19.990000000000002
2008,4,2,17,30,28.6,87,988,1020,1020,87,988,15.6
2008,4,2,18,30,30,96,1058,1023,1023,96,1058,13.17
2008,4,2,19,30,30.700000000000003,96,1053,1023,1023,96,1053,11.700000000000001
2008,4,2,20,30,30.900000000000002,93,975,1012,1012,93,975,10.71
2008,4,2,21,30,30.700000000000003,96,819,966,966,96,819,10.15
2008,4,2,22,30,29.8,84,609,908,603,251,600,10.26
2008,4,2,23,30,27.900000000000002,67,362,794,99,221,258,11.200000000000001
2008,4,3,0,30,24.5,39,111,507,507,39,111,14.61
2008,4,3,1,30,21.700000000000003,0,0,0,0,0,0,17.81
2008,4,3,2,30,21,0,0,0,0,0,0,19.77
2008,4,3,3,30,19.900000000000002,0,0,0,0,0,0,21.52
2008,4,3,4,30,17.7,0,0,0,0,0,0,24.080000000000002
2008,4,3,5,30,15.9,0,0,0,0,0,0,24.02
2008,4,3,6,30,14.200000000000001,0,0,0,0,0,0,22.68
2008,4,3,7,30,12.8,0,0,0,0,0,0,21.61
2008,4,3,8,30,11.600000000000001,0,0,0,0,0,0,21.54
2008,4,3,9,30,10.700000000000001,0,0,0,0,0,0,21.82
2008,4,3,10,30,10.100000000000001,0,0,0,0,0,0,22.12
2008,4,3,11,30,9.600000000000001,0,0,0,0,0,0,22.52
2008,4,3,12,30,11.4,0,0,0,0,0,0,19.8
2008,4,3,13,30,15.8,39,155,657,657,39,155,14.75
2008,4,3,14,30,20.900000000000002,59,418,889,889,59,418,10.14
2008,4,3,15,30,24.900000000000002,69,668,988,988,69,668,6.12
2008,4,3,16,30,27.1,75,875,1036,1036,75,875,5.37
2008,4,3,17,30,28.700000000000003,80,1014,1054,1054,80,1014,5.38
2008,4,3,18,30,29.900000000000002,94,1084,1050,1050,94,1084,5.62
2008,4,3,19,30,30.6,94,1072,1042,1042,94,1072,5.94
2008,4,3,20,30,30.8,94,988,1025,1025,94,988,6.24
2008,4,3,21,30,30.5,89,829,987,987,89,829,6.5600000000000005
2008,4,3,22,30,29.400000000000002,83,616,920,920,83,616,7.1000000000000005
2008,4,3,23,30,27.3,69,365,795,795,69,365,8.05
2008,4,4,0,30,24.1,39,113,512,512,39,113,9.790000000000001
2008,4,4,1,30,21.3,0,0,0,0,0,0,11.51
2008,4,4,2,30,19.200000000000003,0,0,0,0,0,0,12.77
2008,4,4,3,30,17.3,0,0,0,0,0,0,14.120000000000001
2008,4,4,4,30,15.9,0,0,0,0,0,0,15.18
2008,4,4,5,30,15.4,0,0,0,0,0,0,15.25
2008,4,4,6,30,15.3,0,0,0,0,0,0,14.870000000000001
2008,4,4,7,30,14.8,0,0,0,0,0,0,14.88
2008,4,4,8,30,14.3,0,0,0,0,0,0,14.76
2008,4,4,9,30,13.600000000000001,0,0,0,0,0,0,14.84
2008,4,4,10,30,12.200000000000001,0,0,0,0,0,0,15.74
2008,4,4,11,30,10.4,0,0,0,0,0,0,17.41
2008,4,4,12,30,10.9,0,0,0,0,0,0,16.56
2008,4,4,13,30,14.100000000000001,41,157,645,139,96,121,12.99
2008,4,4,14,30,17.3,63,420,877,156,226,290,9.83
2008,4,4,15,30,19.900000000000002,74,665,969,543,229,560,8.49
2008,4,4,16,30,22.3,80,876,1028,606,276,744,7.34
2008,4,4,17,30,24.400000000000002,85,1022,1055,1055,85,1022,6.390000000000001
2008,4,4,18,30,25.6,90,1093,1062,1062,90,1093,5.93
2008,4,4,19,30,26.400000000000002,90,1087,1060,1060,90,1087,5.63
2008,4,4,20,30,27.200000000000003,85,1003,1050,1050,85,1003,5.28
2008,4,4,21,30,27.5,78,849,1025,1025,78,849,5.01
2008,4,4,22,30,27,70,634,971,971,70,634,4.89
2008,4,4,23,30,24.900000000000002,57,381,866,866,57,381,5.23
2008,4,5,0,30,20.6,35,123,606,606,35,123,6.9
2008,4,5,1,30,16.7,0,0,0,0,0,0,8.92
2008,4,5,2,30,14.4,0,0,0,0,0,0,10.15
2008,4,5,3,30,12.700000000000001,0,0,0,0,0,0,11.16
2008,4,5,4,30,11.3,0,0,0,0,0,0,11.86
2008,4,5,5,30,10.100000000000001,0,0,0,0,0,0,12.25
2008,4,5,6,30,9,0,0,0,0,0,0,12.870000000000001
2008,4,5,7,30,8.1,0,0,0,0,0,0,13.91
2008,4,5,8,30,7.4,0,0,0,0,0,0,15.35
2008,4,5,9,30,6.7,0,0,0,0,0,0,17.42
2008,4,5,10,30,6.300000000000001,0,0,0,0,0,0,19.35
2008,4,5,11,30,5.800000000000001,0,0,0,0,0,0,21.150000000000002
2008,4,5,12,30,6.9,0,0,0,0,0,0,19.89
2008,4,5,13,30,10.4,40,167,696,282,90,142,15.71
2008,4,5,14,30,15.3,58,435,916,916,58,435,12.32
2008,4,5,15,30,19.900000000000002,69,687,1009,1009,69,687,8.18
2008,4,5,16,30,23,75,896,1056,1056,75,896,4.93
2008,4,5,17,30,25.1,79,1055,1095,1095,79,1055,3.5100000000000002
2008,4,5,18,30,26.700000000000003,82,1128,1104,1104,82,1128,2.82
2008,4,5,19,30,27.6,81,1121,1104,1104,81,1121,2.48
2008,4,5,20,30,28,78,1036,1094,1094,78,1036,2.2800000000000002
2008,4,5,21,30,27.8,74,877,1066,1066,74,877,2.22
2008,4,5,22,30,26.900000000000002,66,658,1017,1017,66,658,2.36
2008,4,5,23,30,24.700000000000003,54,399,918,918,54,399,2.8000000000000003
2008,4,6,0,30,20.400000000000002,34,128,642,642,34,128,4.13
2008,4,6,1,30,16.8,0,0,0,0,0,0,6.58
2008,4,6,2,30,14.9,0,0,0,0,0,0,9.61
2008,4,6,3,30,13.100000000000001,0,0,0,0,0,0,13.56
2008,4,6,4,30,11.600000000000001,0,0,0,0,0,0,18.01
2008,4,6,5,30,10.3,0,0,0,0,0,0,23.22
2008,4,6,6,30,9.1,0,0,0,0,0,0,29.32
2008,4,6,7,30,8.1,0,0,0,0,0,0,35.660000000000004
2008,4,6,8,30,7.2,0,0,0,0,0,0,41.22
2008,4,6,9,30,6.4,0,0,0,0,0,0,44.95
2008,4,6,10,30,5.800000000000001,0,0,0,0,0,0,46.35
2008,4,6,11,30,5.2,0,0,0,0,0,0,46.26
2008,4,6,12,30,6.6000000000000005,0,0,0,0,0,0,38.660000000000004
2008,4,6,13,30,10.600000000000001,40,171,697,697,40,171,26.34
2008,4,6,14,30,15.5,59,438,916,916,59,438,15.68
2008,4,6,15,30,19.400000000000002,70,690,1007,1007,70,690,8.13
2008,4,6,16,30,21.900000000000002,76,898,1054,1054,76,898,6.12
2008,4,6,17,30,23.900000000000002,81,1057,1093,1093,81,1057,4.8
2008,4,6,18,30,25.400000000000002,85,1129,1099,1099,85,1129,3.97
2008,4,6,19,30,26.3,85,1122,1099,1099,85,1122,3.45
2008,4,6,20,30,26.5,81,1036,1088,1088,81,1036,3.2
2008,4,6,21,30,26.1,74,878,1066,1066,74,878,3.19
2008,4,6,22,30,25.1,67,659,1015,1015,67,659,3.41
2008,4,6,23,30,22.8,55,394,898,898,55,394,4.15
2008,4,7,0,30,18.7,35,129,634,634,35,129,6.55
2008,4,7,1,30,15.200000000000001,0,0,0,0,0,0,9.91
2008,4,7,2,30,13.200000000000001,0,0,0,0,0,0,12.14
2008,4,7,3,30,12.100000000000001,0,0,0,0,0,0,13.31
2008,4,7,4,30,12.200000000000001,0,0,0,0,0,0,13.11
2008,4,7,5,30,12,0,0,0,0,0,0,13.120000000000001
2008,4,7,6,30,11,0,0,0,0,0,0,13.85
2008,4,7,7,30,9.9,0,0,0,0,0,0,14.790000000000001
2008,4,7,8,30,8.9,0,0,0,0,0,0,15.75
2008,4,7,9,30,8.200000000000001,0,0,0,0,0,0,16.6
2008,4,7,10,30,7.7,0,0,0,0,0,0,17.38
2008,4,7,11,30,7.2,0,0,0,0,0,0,18.35
2008,4,7,12,30,8.5,0,0,0,0,0,0,17.21
2008,4,7,13,30,12.600000000000001,40,176,713,713,40,176,13.76
2008,4,7,14,30,17.6,58,443,923,923,58,443,9.97
2008,4,7,15,30,21.400000000000002,68,694,1011,1011,68,694,7.53
2008,4,7,16,30,23.6,75,902,1056,1056,75,902,6.3100000000000005
2008,4,7,17,30,25.3,80,1047,1080,1080,80,1047,5.36
2008,4,7,18,30,26.6,78,1119,1094,1094,78,1119,4.66
2008,4,7,19,30,27.5,78,1112,1094,1094,78,1112,4.17
2008,4,7,20,30,28,76,1027,1082,1082,76,1027,3.8200000000000003
2008,4,7,21,30,27.900000000000002,75,869,1049,1049,75,869,3.66
2008,4,7,22,30,27.1,67,652,1000,1000,67,652,3.67
2008,4,7,23,30,25.400000000000002,55,396,902,902,55,396,3.93
2008,4,8,0,30,22.3,34,131,654,654,34,131,5.78
2008,4,8,1,30,19.6,0,0,0,0,0,0,6.68
2008,4,8,2,30,18.3,0,0,0,0,0,0,7.29
2008,4,8,3,30,16.2,0,0,0,0,0,0,8.71
2008,4,8,4,30,13.700000000000001,0,0,0,0,0,0,11.6
2008,4,8,5,30,12.100000000000001,0,0,0,0,0,0,17.56
2008,4,8,6,30,10.9,0,0,0,0,0,0,25.59
2008,4,8,7,30,9.700000000000001,0,0,0,0,0,0,29.78
2008,4,8,8,30,8.700000000000001,0,0,0,0,0,0,30.23
2008,4,8,9,30,7.800000000000001,0,0,0,0,0,0,29.810000000000002
2008,4,8,10,30,7.1000000000000005,0,0,0,0,0,0,28.95
2008,4,8,11,30,6.6000000000000005,0,0,0,0,0,0,27.97
2008,4,8,12,30,8.5,0,0,0,0,0,0,23.1
2008,4,8,13,30,13,39,178,718,718,39,178,16.240000000000002
2008,4,8,14,30,17.400000000000002,56,443,921,921,56,443,11.950000000000001
2008,4,8,15,30,20.700000000000003,65,692,1007,1007,65,692,9.790000000000001
2008,4,8,16,30,23.1,72,897,1052,1052,72,897,8.15
2008,4,8,17,30,25.200000000000003,75,1041,1076,1076,75,1041,6.8
2008,4,8,18,30,26.8,80,1112,1082,1082,80,1112,5.82
2008,4,8,19,30,27.8,79,1104,1082,1082,79,1104,5.25
2008,4,8,20,30,28.200000000000003,76,1012,1062,924,160,973,5
2008,4,8,21,30,28.200000000000003,71,856,1037,1037,71,856,4.9
2008,4,8,22,30,27.5,62,643,990,990,62,643,5
2008,4,8,23,30,25.700000000000003,50,391,896,896,50,391,5.47
2008,4,9,0,30,22.1,32,130,652,652,32,130,7.73
2008,4,9,1,30,18.900000000000002,0,0,0,0,0,0,9.42
2008,4,9,2,30,18,0,0,0,0,0,0,10.09
2008,4,9,3,30,16.400000000000002,0,0,0,0,0,0,12.07
2008,4,9,4,30,14.3,0,0,0,0,0,0,16.63
2008,4,9,5,30,13,0,0,0,0,0,0,24.98
2008,4,9,6,30,11.700000000000001,0,0,0,0,0,0,34.45
2008,4,9,7,30,10.700000000000001,0,0,0,0,0,0,38.75
2008,4,9,8,30,10.100000000000001,0,0,0,0,0,0,39.57
2008,4,9,9,30,9.600000000000001,0,0,0,0,0,0,39.7
2008,4,9,10,30,9.1,0,0,0,0,0,0,39.68
2008,4,9,11,30,8.700000000000001,0,0,0,0,0,0,39.39
2008,4,9,12,30,10,0,0,0,0,0,0,35.11
2008,4,9,13,30,13.700000000000001,38,179,712,226,99,143,26.87
2008,4,9,14,30,18.8,54,440,911,911,54,440,18.52
2008,4,9,15,30,23.200000000000003,63,686,996,683,246,673,11.85
2008,4,9,16,30,26.1,69,888,1041,1041,69,888,9.31
2008,4,9,17,30,28.400000000000002,72,1030,1065,1065,72,1030,7.57
2008,4,9,18,30,30,72,1100,1075,1075,72,1100,6.5
2008,4,9,19,30,30.900000000000002,71,1092,1075,1075,71,1092,5.9
2008,4,9,20,30,31,69,1008,1064,717,250,883,5.61
2008,4,9,21,30,30.3,76,857,1029,740,281,843,5.53
2008,4,9,22,30,28.6,65,644,984,617,203,565,5.68
2008,4,9,23,30,26.200000000000003,54,391,886,173,223,289,6.3
2008,4,10,0,30,22.8,35,132,642,107,61,78,7.930000000000001
2008,4,10,1,30,19.700000000000003,0,0,0,0,0,0,10.58
2008,4,10,2,30,17.6,0,0,0,0,0,0,13.86
2008,4,10,3,30,15.9,0,0,0,0,0,0,17.97
2008,4,10,4,30,14.4,0,0,0,0,0,0,23.04
2008,4,10,5,30,13.200000000000001,0,0,0,0,0,0,28.650000000000002
2008,4,10,6,30,12.3,0,0,0,0,0,0,33.3
2008,4,10,7,30,11.5,0,0,0,0,0,0,35.89
2008,4,10,8,30,10.8,0,0,0,0,0,0,37.27
2008,4,10,9,30,10,0,0,0,0,0,0,38.58
2008,4,10,10,30,9.1,0,0,0,0,0,0,40.27
2008,4,10,11,30,8.200000000000001,0,0,0,0,0,0,42.07
2008,4,10,12,30,9.200000000000001,0,0,0,0,0,0,38.5
2008,4,10,13,30,12.9,40,186,722,244,101,150,28.95
2008,4,10,14,30,17.6,57,451,922,922,57,451,17.52
2008,4,10,15,30,21.8,67,698,1005,1005,67,698,8.78
2008,4,10,16,30,24.900000000000002,73,903,1050,1050,73,903,5.76
2008,4,10,17,30,27.3,77,1046,1074,1074,77,1046,4.5600000000000005
2008,4,10,18,30,29.1,86,1114,1075,1075,86,1114,3.96
2008,4,10,19,30,30.1,83,1107,1076,1076,83,1107,3.69
2008,4,10,20,30,30.400000000000002,79,1021,1066,1066,79,1021,3.65
2008,4,10,21,30,29.900000000000002,71,865,1045,1045,71,865,3.83
2008,4,10,22,30,28.5,64,645,986,986,64,645,4.26
2008,4,10,23,30,26.1,53,392,886,886,53,392,5.14
2008,4,11,0,30,22.6,34,132,638,1,65,65,6.890000000000001
2008,4,11,1,30,19.6,0,0,0,0,0,0,9.39
2008,4,11,2,30,17.7,0,0,0,0,0,0,12.18
2008,4,11,3,30,16,0,0,0,0,0,0,15.74
2008,4,11,4,30,14.4,0,0,0,0,0,0,20.23
2008,4,11,5,30,13,0,0,0,0,0,0,25.2
2008,4,11,6,30,11.8,0,0,0,0,0,0,29.990000000000002
2008,4,11,7,30,10.700000000000001,0,0,0,0,0,0,34.24
2008,4,11,8,30,9.8,0,0,0,0,0,0,37.19
2008,4,11,9,30,8.8,0,0,0,0,0,0,39.95
2008,4,11,10,30,7.9,0,0,0,0,0,0,42.18
2008,4,11,11,30,7.2,0,0,0,0,0,0,43.62
2008,4,11,12,30,8.8,0,0,0,0,0,0,38.11
2008,4,11,13,30,12.600000000000001,41,189,723,84,118,135,28.69
2008,4,11,14,30,16.1,58,453,918,478,200,405,19.77
2008,4,11,15,30,19.1,68,701,1003,1003,68,701,13.84
2008,4,11,16,30,21.700000000000003,75,905,1047,1047,75,905,10.47
2008,4,11,17,30,23.900000000000002,80,1047,1069,1069,80,1047,8.2
2008,4,11,18,30,25.400000000000002,90,1108,1062,1062,90,1108,6.890000000000001
2008,4,11,19,30,26.5,89,1099,1060,709,295,970,6.13
2008,4,11,20,30,26.8,86,1014,1047,546,335,818,5.83
2008,4,11,21,30,26.5,83,856,1015,391,340,637,5.8100000000000005
2008,4,11,22,30,25.6,75,642,961,329,289,484,6.0200000000000005
2008,4,11,23,30,23.8,62,389,854,362,171,310,6.71
2008,4,12,0,30,20.900000000000002,39,130,586,61,88,98,8.63
2008,4,12,1,30,18.2,0,0,0,0,0,0,10.49
2008,4,12,2,30,16.5,0,0,0,0,0,0,11.82
2008,4,12,3,30,14.8,0,0,0,0,0,0,13.35
2008,4,12,4,30,13.5,0,0,0,0,0,0,14.72
2008,4,12,5,30,12.9,0,0,0,0,0,0,15.4
2008,4,12,6,30,12.200000000000001,0,0,0,0,0,0,16.21
2008,4,12,7,30,11.4,0,0,0,0,0,0,17.22
2008,4,12,8,30,10.5,0,0,0,0,0,0,18.76
2008,4,12,9,30,9.600000000000001,0,0,0,0,0,0,21.41
2008,4,12,10,30,9.1,0,0,0,0,0,0,26.93
2008,4,12,11,30,9,0,0,0,0,0,0,38.87
2008,4,12,12,30,10.700000000000001,0,0,0,0,0,0,50.01
2008,4,12,13,30,14.3,63,168,508,508,63,168,51.93
2008,4,12,14,30,18,94,418,749,749,94,418,54.28
2008,4,12,15,30,21.200000000000003,111,658,862,862,111,658,41.61
2008,4,12,16,30,23.8,124,853,916,916,124,853,30.53
2008,4,12,17,30,25.6,137,986,937,937,137,986,23.93
2008,4,12,18,30,26.900000000000002,144,1052,946,946,144,1052,20.14
2008,4,12,19,30,27.5,163,1037,916,613,335,919,18.01
2008,4,12,20,30,27.6,171,949,878,878,171,949,16.59
2008,4,12,21,30,26.8,185,787,788,788,185,787,16.36
2008,4,12,22,30,25.1,167,579,696,696,167,579,17.53
2008,4,12,23,30,22.5,130,340,545,545,130,340,20.16
2008,4,13,0,30,19.700000000000003,66,106,256,256,66,106,23.87
2008,4,13,1,30,17.400000000000002,0,0,0,0,0,0,28.5
2008,4,13,2,30,15.9,0,0,0,0,0,0,34.26
2008,4,13,3,30,14.600000000000001,0,0,0,0,0,0,42.12
2008,4,13,4,30,13.600000000000001,0,0,0,0,0,0,50.43
2008,4,13,5,30,12.9,0,0,0,0,0,0,59.64
2008,4,13,6,30,12.5,0,0,0,0,0,0,67.55
2008,4,13,7,30,12.200000000000001,0,0,0,0,0,0,73.56
2008,4,13,8,30,11.600000000000001,0,0,0,0,0,0,79.03
2008,4,13,9,30,11,0,0,0,0,0,0,81.9
2008,4,13,10,30,10.3,0,0,0,0,0,0,84.33
2008,4,13,11,30,9.700000000000001,0,0,0,0,0,0,85.76
2008,4,13,12,30,10.3,0,0,0,0,0,0,80.87
2008,4,13,13,30,12.4,67,167,476,12,112,115,69.64
2008,4,13,14,30,15.600000000000001,100,417,727,727,100,417,56.58
2008,4,13,15,30,18.8,118,653,840,387,334,580,45.32
2008,4,13,16,30,21.200000000000003,130,850,903,1,291,291,36.95
2008,4,13,17,30,23,136,985,935,130,494,613,31.21
2008,4,13,18,30,24.200000000000003,143,1052,944,191,574,758,27.38
2008,4,13,19,30,24.8,153,1036,924,924,153,1036,25.2
2008,4,13,20,30,24.6,159,946,886,886,159,946,24.86
2008,4,13,21,30,23.700000000000003,136,796,864,548,285,704,26.01
2008,4,13,22,30,22.1,129,585,769,10,215,221,29.1
2008,4,13,23,30,19.700000000000003,112,341,595,1,78,78,35.67
2008,4,14,0,30,16.900000000000002,66,104,240,2,51,51,46.81
2008,4,14,1,30,14.9,0,0,0,0,0,0,57.14
2008,4,14,2,30,13.8,0,0,0,0,0,0,60.59
2008,4,14,3,30,12.9,0,0,0,0,0,0,60.65
2008,4,14,4,30,12.100000000000001,0,0,0,0,0,0,60.75
2008,4,14,5,30,11.4,0,0,0,0,0,0,61.660000000000004
2008,4,14,6,30,10.700000000000001,0,0,0,0,0,0,64.21000000000001
2008,4,14,7,30,9.9,0,0,0,0,0,0,68.77
2008,4,14,8,30,9.3,0,0,0,0,0,0,73.09
2008,4,14,9,30,9,0,0,0,0,0,0,77.18
2008,4,14,10,30,8.6,0,0,0,0,0,0,82.01
2008,4,14,11,30,8.200000000000001,0,0,0,0,0,0,86.10000000000001
2008,4,14,12,30,9,0,0,0,0,0,0,82.48
2008,4,14,13,30,11.3,56,176,558,558,56,176,71.11
2008,4,14,14,30,14.5,81,428,789,789,81,428,56.96
2008,4,14,15,30,17.6,95,666,894,894,95,666,45.09
2008,4,14,16,30,20.3,102,863,952,952,102,863,36.77
2008,4,14,17,30,22.3,107,1001,981,981,107,1001,30.89
2008,4,14,18,30,23.700000000000003,110,1067,992,992,110,1067,26.94
2008,4,14,19,30,24.6,111,1057,989,989,111,1057,24.26
2008,4,14,20,30,24.900000000000002,109,973,972,972,109,973,22.76
2008,4,14,21,30,24.700000000000003,103,820,936,936,103,820,22.18
2008,4,14,22,30,23.8,95,610,866,300,274,452,22.72
2008,4,14,23,30,22.400000000000002,82,364,728,21,158,167,24.29
2008,4,15,0,30,20.200000000000003,52,117,403,0,15,15,28.8
2008,4,15,1,30,18.2,0,0,0,0,0,0,38.39
2008,4,15,2,30,16.8,0,0,0,0,0,0,44.4
2008,4,15,3,30,15.5,0,0,0,0,0,0,49.28
2008,4,15,4,30,14.4,0,0,0,0,0,0,55.22
2008,4,15,5,30,13.5,0,0,0,0,0,0,59.980000000000004
2008,4,15,6,30,12.700000000000001,0,0,0,0,0,0,65.27
2008,4,15,7,30,12,0,0,0,0,0,0,71.57000000000001
2008,4,15,8,30,11.3,0,0,0,0,0,0,78.16
2008,4,15,9,30,10.5,0,0,0,0,0,0,85
2008,4,15,10,30,9.700000000000001,0,0,0,0,0,0,91.03
2008,4,15,11,30,9.1,0,0,0,0,0,0,95.11
2008,4,15,12,30,10.100000000000001,0,0,0,0,0,0,89.11
2008,4,15,13,30,13.200000000000001,57,181,567,567,57,181,71.92
2008,4,15,14,30,16.8,80,433,798,798,80,433,50.94
2008,4,15,15,30,19.900000000000002,93,672,903,903,93,672,37.76
2008,4,15,16,30,22.1,101,868,957,957,101,868,30.8
2008,4,15,17,30,23.700000000000003,105,1009,990,990,105,1009,26.36
2008,4,15,18,30,25,108,1075,1002,1002,108,1075,23.14
2008,4,15,19,30,25.8,106,1066,1002,432,405,820,20.93
2008,4,15,20,30,26.1,104,981,986,986,104,981,19.47
2008,4,15,21,30,25.900000000000002,95,829,957,957,95,829,18.52
2008,4,15,22,30,25.1,85,620,899,693,181,593,18.14
2008,4,15,23,30,23.700000000000003,71,375,782,16,134,140,18.6
2008,4,16,0,30,21.200000000000003,44,126,504,184,84,113,21.82
2008,4,16,1,30,18.900000000000002,0,0,0,0,0,0,30.88
2008,4,16,2,30,17.8,0,0,0,0,0,0,32.12
2008,4,16,3,30,16.6,0,0,0,0,0,0,34.22
2008,4,16,4,30,15.5,0,0,0,0,0,0,36.54
2008,4,16,5,30,14.3,0,0,0,0,0,0,39.64
2008,4,16,6,30,13.4,0,0,0,0,0,0,42.08
2008,4,16,7,30,12.600000000000001,0,0,0,0,0,0,45.64
2008,4,16,8,30,12,0,0,0,0,0,0,50.38
2008,4,16,9,30,11.600000000000001,0,0,0,0,0,0,56.44
2008,4,16,10,30,11.100000000000001,0,0,0,0,0,0,63.24
2008,4,16,11,30,10.9,0,0,0,0,0,0,67.31
2008,4,16,12,30,11.9,0,0,0,0,0,0,64.15
2008,4,16,13,30,15.200000000000001,55,186,587,587,55,186,51.370000000000005
2008,4,16,14,30,19,79,439,809,809,79,439,34.85
2008,4,16,15,30,21.900000000000002,91,678,911,911,91,678,25.67
2008,4,16,16,30,23.900000000000002,98,878,970,970,98,878,21.26
2008,4,16,17,30,25.3,103,1014,997,997,103,1014,18.76
2008,4,16,18,30,26.400000000000002,104,1081,1010,1010,104,1081,16.92
2008,4,16,19,30,27,103,1071,1009,1009,103,1071,15.55
2008,4,16,20,30,27.200000000000003,100,986,994,480,373,801,14.52
2008,4,16,21,30,26.900000000000002,95,832,961,165,463,590,14
2008,4,16,22,30,26.200000000000003,86,625,903,214,352,480,13.96
2008,4,16,23,30,24.8,69,380,795,12,185,189,14.58
2008,4,17,0,30,21.700000000000003,42,130,541,541,42,130,18.27
2008,4,17,1,30,18.7,0,0,0,0,0,0,25.97
2008,4,17,2,30,17.400000000000002,0,0,0,0,0,0,27.04
2008,4,17,3,30,16.5,0,0,0,0,0,0,28.97
2008,4,17,4,30,15.5,0,0,0,0,0,0,30.64
2008,4,17,5,30,14.200000000000001,0,0,0,0,0,0,32.46
2008,4,17,6,30,13.100000000000001,0,0,0,0,0,0,34.17
2008,4,17,7,30,12.100000000000001,0,0,0,0,0,0,37.21
2008,4,17,8,30,11.200000000000001,0,0,0,0,0,0,40.160000000000004
2008,4,17,9,30,10.4,0,0,0,0,0,0,41.52
2008,4,17,10,30,9.700000000000001,0,0,0,0,0,0,41.46
2008,4,17,11,30,9.1,0,0,0,0,0,0,41.08
2008,4,17,12,30,10.5,0,0,0,0,0,0,36
2008,4,17,13,30,14.4,45,204,708,708,45,204,27.400000000000002
2008,4,17,14,30,18.6,61,468,909,909,61,468,17.59
2008,4,17,15,30,21.700000000000003,70,712,993,993,70,712,11.66
2008,4,17,16,30,24,76,911,1036,1036,76,911,10
2008,4,17,17,30,25.700000000000003,80,1050,1059,1059,80,1050,8.72
2008,4,17,18,30,27.1,88,1116,1060,1060,88,1116,7.78
2008,4,17,19,30,28,86,1106,1061,1061,86,1106,7.2
2008,4,17,20,30,28.400000000000002,82,1019,1050,1050,82,1019,6.84
2008,4,17,21,30,28.5,76,864,1025,1025,76,864,6.55
2008,4,17,22,30,27.900000000000002,67,651,978,978,67,651,6.42
2008,4,17,23,30,26.200000000000003,54,401,885,885,54,401,6.6000000000000005
2008,4,18,0,30,22.1,35,142,656,656,35,142,10.35
2008,4,18,1,30,18.5,0,0,0,0,0,0,15.91
2008,4,18,2,30,16.7,0,0,0,0,0,0,17.03
2008,4,18,3,30,15.200000000000001,0,0,0,0,0,0,18.21
2008,4,18,4,30,13.700000000000001,0,0,0,0,0,0,18.48
2008,4,18,5,30,12.5,0,0,0,0,0,0,18.76
2008,4,18,6,30,11.5,0,0,0,0,0,0,19.150000000000002
2008,4,18,7,30,10.600000000000001,0,0,0,0,0,0,19.68
2008,4,18,8,30,9.8,0,0,0,0,0,0,20.39
2008,4,18,9,30,9,0,0,0,0,0,0,21.19
2008,4,18,10,30,8.200000000000001,0,0,0,0,0,0,21.54
2008,4,18,11,30,7.1000000000000005,0,0,0,0,0,0,21.23
2008,4,18,12,30,7.4,0,0,0,0,0,0,18.650000000000002
2008,4,18,13,30,9.8,44,212,738,738,44,212,17.32
2008,4,18,14,30,12.700000000000001,62,471,906,906,62,471,22.87
2008,4,18,15,30,15.5,74,713,986,986,74,713,23.36
2008,4,18,16,30,18.2,82,912,1028,1028,82,912,20.73
2008,4,18,17,30,20.6,86,1051,1051,1051,86,1051,17.47
2008,4,18,18,30,22.700000000000003,90,1117,1059,1059,90,1117,14.16
2008,4,18,19,30,24.200000000000003,89,1106,1057,1057,89,1106,11.53
2008,4,18,20,30,24.900000000000002,86,1020,1044,1044,86,1020,10.040000000000001
2008,4,18,21,30,25,85,862,1009,1009,85,862,9.32
2008,4,18,22,30,24.400000000000002,76,648,956,956,76,648,9.28
2008,4,18,23,30,22.900000000000002,62,398,854,854,62,398,9.92
2008,4,19,0,30,19.5,40,140,603,603,40,140,12.41
2008,4,19,1,30,16.3,0,0,0,0,0,0,16.38
2008,4,19,2,30,14.8,0,0,0,0,0,0,16.77
2008,4,19,3,30,13.100000000000001,0,0,0,0,0,0,18.25
2008,4,19,4,30,11.600000000000001,0,0,0,0,0,0,20.19
2008,4,19,5,30,10.4,0,0,0,0,0,0,22.6
2008,4,19,6,30,9.8,0,0,0,0,0,0,26.45
2008,4,19,7,30,9.700000000000001,0,0,0,0,0,0,37.800000000000004
2008,4,19,8,30,9.3,0,0,0,0,0,0,58.99
2008,4,19,9,30,8.6,0,0,0,0,0,0,77.47
2008,4,19,10,30,8,0,0,0,0,0,0,87.8
2008,4,19,11,30,7.7,0,0,0,0,0,0,92.52
2008,4,19,12,30,8.700000000000001,0,0,0,0,0,0,88.29
2008,4,19,13,30,12.100000000000001,51,205,665,29,134,140,72.31
2008,4,19,14,30,17.400000000000002,68,464,871,871,68,464,51.4
2008,4,19,15,30,22.8,77,706,966,966,77,706,28.66
2008,4,19,16,30,26.400000000000002,82,908,1020,1020,82,908,14.370000000000001
2008,4,19,17,30,28.6,86,1046,1044,1044,86,1046,10.17
2008,4,19,18,30,30.1,96,1110,1043,1043,96,1110,8.38
2008,4,19,19,30,31,94,1100,1044,785,298,1054,7.42
2008,4,19,20,30,31.3,89,1008,1027,1027,89,1008,6.9
2008,4,19,21,30,31,80,854,1005,1005,80,854,6.75
2008,4,19,22,30,30.3,71,643,955,955,71,643,6.87
2008,4,19,23,30,28.400000000000002,58,393,852,852,58,393,7.68
2008,4,20,0,30,24.6,37,139,611,231,79,118,12.530000000000001
2008,4,20,1,30,21.3,0,0,0,0,0,0,16.71
2008,4,20,2,30,19.8,0,0,0,0,0,0,17.45
2008,4,20,3,30,18.5,0,0,0,0,0,0,18.95
2008,4,20,4,30,16.900000000000002,0,0,0,0,0,0,20.990000000000002
2008,4,20,5,30,15.8,0,0,0,0,0,0,22.240000000000002
2008,4,20,6,30,15,0,0,0,0,0,0,23.400000000000002
2008,4,20,7,30,14.100000000000001,0,0,0,0,0,0,25.42
2008,4,20,8,30,13.4,0,0,0,0,0,0,27.63
2008,4,20,9,30,12.9,0,0,0,0,0,0,29.61
2008,4,20,10,30,12.4,0,0,0,0,0,0,30.78
2008,4,20,11,30,11.5,0,0,0,0,0,0,32.88
2008,4,20,12,30,12.5,0,0,0,0,0,0,30.44
2008,4,20,13,30,16.3,54,201,627,179,123,165,23.68
2008,4,20,14,30,20.400000000000002,77,452,821,521,206,444,15.25
2008,4,20,15,30,23.700000000000003,91,689,915,915,91,689,11.72
2008,4,20,16,30,26.3,98,885,969,969,98,885,10.39
2008,4,20,17,30,28.400000000000002,101,1021,999,999,101,1021,9.6
2008,4,20,18,30,30,102,1086,1012,1012,102,1086,9.040000000000001
2008,4,20,19,30,31,98,1076,1014,1014,98,1076,8.71
2008,4,20,20,30,31.3,93,992,1003,1003,93,992,8.76
2008,4,20,21,30,31,91,836,965,965,91,836,9.23
2008,4,20,22,30,29.900000000000002,78,629,917,917,78,629,10.18
2008,4,20,23,30,28.1,62,385,818,818,62,385,11.76
2008,4,21,0,30,25.1,39,136,578,578,39,136,14.74
2008,4,21,1,30,22.400000000000002,0,0,0,0,0,0,18.55
2008,4,21,2,30,21.200000000000003,0,0,0,0,0,0,20.48
2008,4,21,3,30,19.700000000000003,0,0,0,0,0,0,22.76
2008,4,21,4,30,18.1,0,0,0,0,0,0,25.38
2008,4,21,5,30,16.7,0,0,0,0,0,0,27.76
2008,4,21,6,30,15.600000000000001,0,0,0,0,0,0,29.55
2008,4,21,7,30,14.5,0,0,0,0,0,0,31.13
2008,4,21,8,30,13.4,0,0,0,0,0,0,32.980000000000004
2008,4,21,9,30,12.5,0,0,0,0,0,0,33.78
2008,4,21,10,30,11.700000000000001,0,0,0,0,0,0,33.75
2008,4,21,11,30,11.100000000000001,0,0,0,0,0,0,32.58
2008,4,21,12,30,12.9,0,0,0,0,0,0,26.900000000000002
2008,4,21,13,30,16.900000000000002,41,218,748,748,41,218,18.93
2008,4,21,14,30,21.1,55,475,915,915,55,475,12.51
2008,4,21,15,30,24.5,63,714,992,992,63,714,7.0600000000000005
2008,4,21,16,30,26.700000000000003,68,910,1033,1033,68,910,6.3500000000000005
2008,4,21,17,30,28.6,72,1045,1054,1054,72,1045,6.12
2008,4,21,18,30,29.900000000000002,79,1110,1058,1058,79,1110,6.0200000000000005
2008,4,21,19,30,30.8,79,1099,1056,1056,79,1099,5.94
2008,4,21,20,30,31.1,76,1012,1045,1045,76,1012,5.9
2008,4,21,21,30,31,70,858,1019,1019,70,858,5.83
2008,4,21,22,30,30.3,64,644,963,963,64,644,5.91
2008,4,21,23,30,28.400000000000002,55,397,863,863,55,397,6.390000000000001
2008,4,22,0,30,25.400000000000002,37,143,620,620,37,143,8.06
2008,4,22,1,30,22.700000000000003,0,0,0,0,0,0,9.870000000000001
2008,4,22,2,30,20.3,0,0,0,0,0,0,11.07
2008,4,22,3,30,18.5,0,0,0,0,0,0,13.700000000000001
2008,4,22,4,30,17.900000000000002,0,0,0,0,0,0,14.8
2008,4,22,5,30,16.900000000000002,0,0,0,0,0,0,15.370000000000001
2008,4,22,6,30,15.600000000000001,0,0,0,0,0,0,16.91
2008,4,22,7,30,15.100000000000001,0,0,0,0,0,0,17.19
2008,4,22,8,30,15.100000000000001,0,0,0,0,0,0,17.16
2008,4,22,9,30,14.8,0,0,0,0,0,0,17.32
2008,4,22,10,30,14.3,0,0,0,0,0,0,17.26
2008,4,22,11,30,13.600000000000001,0,0,0,0,0,0,17.76
2008,4,22,12,30,14.9,0,0,0,0,0,0,16.02
2008,4,22,13,30,18.7,44,217,721,721,44,217,12.39
2008,4,22,14,30,22.6,60,471,892,892,60,471,11.84
2008,4,22,15,30,25.6,69,708,971,971,69,708,10.71
2008,4,22,16,30,27.8,76,902,1013,1013,76,902,8.92
2008,4,22,17,30,29.5,80,1037,1035,1035,80,1037,7.78
2008,4,22,18,30,30.700000000000003,90,1104,1038,1038,90,1104,6.98
2008,4,22,19,30,31.5,88,1092,1039,1039,88,1092,6.37
2008,4,22,20,30,31.700000000000003,85,1006,1027,1027,85,1006,5.97
2008,4,22,21,30,31.400000000000002,76,853,1005,1005,76,853,5.7700000000000005
2008,4,22,22,30,30.6,68,644,954,954,68,644,5.84
2008,4,22,23,30,29,59,396,850,501,175,374,6.24
2008,4,23,0,30,25.700000000000003,40,142,595,595,40,142,7.640000000000001
2008,4,23,1,30,22.700000000000003,0,0,0,0,0,0,9.15
2008,4,23,2,30,20.900000000000002,0,0,0,0,0,0,8.82
2008,4,23,3,30,19.400000000000002,0,0,0,0,0,0,9.77
2008,4,23,4,30,18.7,0,0,0,0,0,0,12.07
2008,4,23,5,30,18.400000000000002,0,0,0,0,0,0,14.17
2008,4,23,6,30,17.7,0,0,0,0,0,0,17.07
2008,4,23,7,30,16.8,0,0,0,0,0,0,20.51
2008,4,23,8,30,16.1,0,0,0,0,0,0,24.18
2008,4,23,9,30,15.5,0,0,0,0,0,0,28.580000000000002
2008,4,23,10,30,14.700000000000001,0,0,0,0,0,0,34.08
2008,4,23,11,30,13.600000000000001,0,0,0,0,0,0,40.27
2008,4,23,12,30,14.5,0,0,0,0,0,0,38.85
2008,4,23,13,30,18.1,50,212,667,667,50,212,29.29
2008,4,23,14,30,22.400000000000002,68,465,855,855,68,465,22.66
2008,4,23,15,30,25.900000000000002,79,704,947,947,79,704,17.67
2008,4,23,16,30,28.200000000000003,85,898,993,993,85,898,13.65
2008,4,23,17,30,29.8,90,1032,1018,1018,90,1032,11.06
2008,4,23,18,30,30.900000000000002,88,1101,1037,1037,88,1101,9.52
2008,4,23,19,30,31.6,89,1089,1033,1033,89,1089,8.47
2008,4,23,20,30,31.8,88,1002,1017,1017,88,1002,7.79
2008,4,23,21,30,31.5,89,846,977,843,131,784,7.4
2008,4,23,22,30,30.8,81,639,924,73,351,396,7.16
2008,4,23,23,30,29.1,69,392,812,45,230,248,7.46
2008,4,24,0,30,25.6,44,140,554,250,85,129,9.93
2008,4,24,1,30,22.200000000000003,0,0,0,0,0,0,14.58
2008,4,24,2,30,20.3,0,0,0,0,0,0,17.04
2008,4,24,3,30,18.8,0,0,0,0,0,0,19.89
2008,4,24,4,30,17.5,0,0,0,0,0,0,22.63
2008,4,24,5,30,16.6,0,0,0,0,0,0,25.2
2008,4,24,6,30,15.700000000000001,0,0,0,0,0,0,28.080000000000002
2008,4,24,7,30,14.8,0,0,0,0,0,0,30.11
2008,4,24,8,30,13.9,0,0,0,0,0,0,30.59
2008,4,24,9,30,13.200000000000001,0,0,0,0,0,0,30.01
2008,4,24,10,30,12.600000000000001,0,0,0,0,0,0,29.28
2008,4,24,11,30,12.3,0,0,0,0,0,0,28.650000000000002
2008,4,24,12,30,14,11,13,146,146,11,13,25.330000000000002
2008,4,24,13,30,17.8,49,218,688,688,49,218,20.11
2008,4,24,14,30,21.5,66,472,870,870,66,472,22.27
2008,4,24,15,30,24.1,75,708,955,955,75,708,18.6
2008,4,24,16,30,26.200000000000003,81,901,1001,1001,81,901,15.07
2008,4,24,17,30,27.900000000000002,84,1039,1030,1030,84,1039,12.64
2008,4,24,18,30,29.400000000000002,89,1101,1035,1035,89,1101,10.67
2008,4,24,19,30,30.3,87,1090,1035,1035,87,1090,9.290000000000001
2008,4,24,20,30,30.700000000000003,83,1004,1024,1024,83,1004,8.35
2008,4,24,21,30,30.6,78,850,996,996,78,850,7.88
2008,4,24,22,30,29.900000000000002,72,638,936,936,72,638,7.92
2008,4,24,23,30,28.3,62,393,828,498,177,376,8.64
2008,4,25,0,30,25.3,43,141,566,566,43,141,10.68
2008,4,25,1,30,22.400000000000002,0,0,0,0,0,0,14.21
2008,4,25,2,30,20.900000000000002,0,0,0,0,0,0,16.490000000000002
2008,4,25,3,30,19.400000000000002,0,0,0,0,0,0,19.5
2008,4,25,4,30,17.900000000000002,0,0,0,0,0,0,22.82
2008,4,25,5,30,16.8,0,0,0,0,0,0,25.310000000000002
2008,4,25,6,30,16.1,0,0,0,0,0,0,26.94
2008,4,25,7,30,15.4,0,0,0,0,0,0,28.400000000000002
2008,4,25,8,30,14.9,0,0,0,0,0,0,29.12
2008,4,25,9,30,14,0,0,0,0,0,0,30.38
2008,4,25,10,30,12.8,0,0,0,0,0,0,32.37
2008,4,25,11,30,11.9,0,0,0,0,0,0,33.96
2008,4,25,12,30,13.4,11,15,203,203,11,15,30.740000000000002
2008,4,25,13,30,17.3,44,227,738,738,44,227,23.580000000000002
2008,4,25,14,30,20.6,59,482,902,902,59,482,14.76
2008,4,25,15,30,23.1,68,718,979,979,68,718,11.14
2008,4,25,16,30,25.200000000000003,74,911,1020,1020,74,911,9.72
2008,4,25,17,30,26.8,77,1045,1042,1042,77,1045,8.89
2008,4,25,18,30,28.1,79,1108,1051,1051,79,1108,8.31
2008,4,25,19,30,28.8,79,1092,1044,1044,79,1092,8.120000000000001
2008,4,25,20,30,29.1,78,1006,1031,376,494,832,8.120000000000001
2008,4,25,21,30,28.8,84,849,986,6,368,373,8.32
2008,4,25,22,30,27.900000000000002,76,640,930,260,344,502,8.67
2008,4,25,23,30,26.200000000000003,67,394,816,54,234,256,9.31
2008,4,26,0,30,23.400000000000002,45,143,557,18,95,98,10.27
2008,4,26,1,30,20.6,0,0,0,0,0,0,11.02
2008,4,26,2,30,18.5,0,0,0,0,0,0,11.33
2008,4,26,3,30,16.8,0,0,0,0,0,0,12.6
2008,4,26,4,30,16.3,0,0,0,0,0,0,13.77
2008,4,26,5,30,16.6,0,0,0,0,0,0,13.85
2008,4,26,6,30,16.400000000000002,0,0,0,0,0,0,13.97
2008,4,26,7,30,15.4,0,0,0,0,0,0,15.22
2008,4,26,8,30,14.100000000000001,0,0,0,0,0,0,16.35
2008,4,26,9,30,13,0,0,0,0,0,0,18.09
2008,4,26,10,30,12,0,0,0,0,0,0,20.18
2008,4,26,11,30,11.200000000000001,0,0,0,0,0,0,22.44
2008,4,26,12,30,12.8,12,16,182,182,12,16,21.45
2008,4,26,13,30,16.900000000000002,47,226,712,712,47,226,17.81
2008,4,26,14,30,21,64,479,881,881,64,479,17.900000000000002
2008,4,26,15,30,24.1,74,718,967,967,74,718,14.41
2008,4,26,16,30,26.3,79,912,1012,1012,79,912,11.25
2008,4,26,17,30,28,82,1045,1035,1035,82,1045,9.14
2008,4,26,18,30,29.200000000000003,93,1106,1032,1032,93,1106,7.99
2008,4,26,19,30,30,92,1094,1032,1032,92,1094,7.41
2008,4,26,20,30,30.200000000000003,92,1002,1010,1010,92,1002,7.32
2008,4,26,21,30,29.700000000000003,92,847,971,971,92,847,7.69
2008,4,26,22,30,28.400000000000002,90,633,894,203,361,484,8.71
2008,4,26,23,30,26.5,78,386,765,110,201,246,10.82
2008,4,27,0,30,24.3,51,137,486,101,97,115,14.68
2008,4,27,1,30,22.1,0,0,0,0,0,0,21.650000000000002
2008,4,27,2,30,20.1,0,0,0,0,0,0,31.66
2008,4,27,3,30,18.2,0,0,0,0,0,0,42.03
2008,4,27,4,30,16.8,0,0,0,0,0,0,50.94
2008,4,27,5,30,15.9,0,0,0,0,0,0,57.04
2008,4,27,6,30,15.200000000000001,0,0,0,0,0,0,59.9
2008,4,27,7,30,14.3,0,0,0,0,0,0,60.27
2008,4,27,8,30,13.5,0,0,0,0,0,0,56.18
2008,4,27,9,30,12.700000000000001,0,0,0,0,0,0,49.04
2008,4,27,10,30,11.700000000000001,0,0,0,0,0,0,42.56
2008,4,27,11,30,11,0,0,0,0,0,0,38.14
2008,4,27,12,30,12.600000000000001,12,18,209,1,10,10,31.37
2008,4,27,13,30,16.3,46,232,734,286,123,195,23.57
2008,4,27,14,30,19.700000000000003,63,488,898,898,63,488,18.31
2008,4,27,15,30,22.5,73,728,980,980,73,728,13.450000000000001
2008,4,27,16,30,24.8,79,922,1022,1022,79,922,9.86
2008,4,27,17,30,26.700000000000003,82,1056,1045,1045,82,1056,7.7700000000000005
2008,4,27,18,30,28.200000000000003,86,1125,1059,1059,86,1125,6.6000000000000005
2008,4,27,19,30,29.1,85,1113,1058,1058,85,1113,5.97
2008,4,27,20,30,29.400000000000002,83,1019,1037,1037,83,1019,5.67
2008,4,27,21,30,29.200000000000003,83,862,1001,477,326,697,5.61
2008,4,27,22,30,28.3,76,651,946,946,76,651,5.8500000000000005
2008,4,27,23,30,26.6,66,401,831,831,66,401,6.67
2008,4,28,0,30,23.200000000000003,47,144,545,545,47,144,10.19
2008,4,28,1,30,20,0,0,0,0,0,0,21.830000000000002
2008,4,28,2,30,17.8,0,0,0,0,0,0,41.49
2008,4,28,3,30,15.8,0,0,0,0,0,0,61.85
2008,4,28,4,30,14.4,0,0,0,0,0,0,77.5
2008,4,28,5,30,13.4,0,0,0,0,0,0,86.7
2008,4,28,6,30,12.600000000000001,0,0,0,0,0,0,90.94
2008,4,28,7,30,11.600000000000001,0,0,0,0,0,0,92.68
2008,4,28,8,30,10.4,0,0,0,0,0,0,92.10000000000001
2008,4,28,9,30,9.3,0,0,0,0,0,0,89.97
2008,4,28,10,30,8.3,0,0,0,0,0,0,88.62
2008,4,28,11,30,7.6000000000000005,0,0,0,0,0,0,87.3
2008,4,28,12,30,7.5,14,16,60,60,14,16,84.3
2008,4,28,13,30,8.4,72,214,551,0,69,69,77.31
2008,4,28,14,30,10.100000000000001,99,461,761,2,187,188,68.2
2008,4,28,15,30,12.100000000000001,114,697,870,67,364,409,60.07
2008,4,28,16,30,14.4,122,889,928,436,428,788,52.39
2008,4,28,17,30,16.900000000000002,124,1022,964,964,124,1022,45.22
2008,4,28,18,30,19.200000000000003,111,1089,995,995,111,1089,39.2
2008,4,28,19,30,20.900000000000002,105,1082,1005,1005,105,1082,33.910000000000004
2008,4,28,20,30,21.700000000000003,100,993,989,989,100,993,30.64
2008,4,28,21,30,21.8,92,840,961,961,92,840,29.22
2008,4,28,22,30,21.1,83,633,904,904,83,633,29.88
2008,4,28,23,30,19.6,68,391,797,797,68,391,32.68
2008,4,29,0,30,17.3,44,144,554,554,44,144,38.32
2008,4,29,1,30,15.200000000000001,0,0,0,0,0,0,45.68
2008,4,29,2,30,13.9,0,0,0,0,0,0,52.07
2008,4,29,3,30,12.8,0,0,0,0,0,0,56.9
2008,4,29,4,30,11.700000000000001,0,0,0,0,0,0,59.85
2008,4,29,5,30,10.8,0,0,0,0,0,0,60.410000000000004
2008,4,29,6,30,9.9,0,0,0,0,0,0,61.06
2008,4,29,7,30,9.3,0,0,0,0,0,0,62.57
2008,4,29,8,30,8.8,0,0,0,0,0,0,66.72
2008,4,29,9,30,8.5,0,0,0,0,0,0,72.75
2008,4,29,10,30,8.200000000000001,0,0,0,0,0,0,80.26
2008,4,29,11,30,8.200000000000001,0,0,0,0,0,0,85.52
2008,4,29,12,30,9.8,14,20,167,167,14,20,80.13
2008,4,29,13,30,13.600000000000001,53,228,679,679,53,228,63.88
2008,4,29,14,30,18,71,480,855,855,71,480,46.75
2008,4,29,15,30,21.700000000000003,82,713,939,939,82,713,34.37
2008,4,29,16,30,24.400000000000002,89,904,985,985,89,904,26.42
2008,4,29,17,30,26.5,93,1036,1009,1009,93,1036,20.35
2008,4,29,18,30,28,98,1101,1020,1020,98,1101,16.37
2008,4,29,19,30,29,96,1088,1020,1020,96,1088,13.71
2008,4,29,20,30,29.400000000000002,92,1003,1008,1008,92,1003,11.97
2008,4,29,21,30,29.3,93,846,966,966,93,846,10.88
2008,4,29,22,30,28.6,85,639,907,581,217,571,10.55
2008,4,29,23,30,27.1,75,392,782,474,189,381,10.96
2008,4,30,0,30,24.5,52,143,501,501,52,143,13.040000000000001
2008,4,30,1,30,21.6,0,0,0,0,0,0,17.150000000000002
2008,4,30,2,30,19.900000000000002,0,0,0,0,0,0,19.97
2008,4,30,3,30,18.7,0,0,0,0,0,0,22.900000000000002
2008,4,30,4,30,17.1,0,0,0,0,0,0,26.82
2008,4,30,5,30,15.4,0,0,0,0,0,0,31.36
2008,4,30,6,30,14,0,0,0,0,0,0,36.25
2008,4,30,7,30,12.8,0,0,0,0,0,0,41.18
2008,4,30,8,30,11.8,0,0,0,0,0,0,45.84
2008,4,30,9,30,10.9,0,0,0,0,0,0,49.550000000000004
2008,4,30,10,30,10.200000000000001,0,0,0,0,0,0,50.7
2008,4,30,11,30,9.8,0,0,0,0,0,0,49.120000000000005
2008,4,30,12,30,11,15,22,199,199,15,22,41.660000000000004
2008,4,30,13,30,15,53,240,719,719,53,240,28.310000000000002
2008,4,30,14,30,19.700000000000003,70,498,892,892,70,498,12.15
2008,4,30,15,30,23.1,80,736,974,974,80,736,5.8100000000000005
2008,4,30,16,30,25.400000000000002,86,937,1026,1026,86,937,4.38
2008,4,30,17,30,27.200000000000003,88,1071,1052,1052,88,1071,3.91
2008,4,30,18,30,28.5,96,1132,1053,1053,96,1132,3.94
2008,4,30,19,30,29.3,91,1121,1057,1057,91,1121,3.92
2008,4,30,20,30,29.5,84,1034,1051,1051,84,1034,4
2008,4,30,21,30,29.1,79,878,1023,1023,79,878,4.29
2008,4,30,22,30,27.900000000000002,70,667,978,978,70,667,4.83
2008,4,30,23,30,26,58,415,876,876,58,415,5.83
2008,5,1,0,30,22.900000000000002,40,158,644,644,40,158,7.96
2008,5,1,1,30,19.8,0,0,0,0,0,0,11.58
2008,5,1,2,30,17.7,0,0,0,0,0,0,16.01
2008,5,1,3,30,16.1,0,0,0,0,0,0,20.79
2008,5,1,4,30,14.600000000000001,0,0,0,0,0,0,25.650000000000002
2008,5,1,5,30,13.4,0,0,0,0,0,0,30.310000000000002
2008,5,1,6,30,12.4,0,0,0,0,0,0,34.61
2008,5,1,7,30,11.600000000000001,0,0,0,0,0,0,37.01
2008,5,1,8,30,11.100000000000001,0,0,0,0,0,0,36.7
2008,5,1,9,30,10.600000000000001,0,0,0,0,0,0,35.65
2008,5,1,10,30,10.200000000000001,0,0,0,0,0,0,34.46
2008,5,1,11,30,9.9,0,0,0,0,0,0,33.54
2008,5,1,12,30,11,15,26,307,307,15,26,30.07
2008,5,1,13,30,14.4,45,252,785,390,112,215,23.06
2008,5,1,14,30,18.2,61,510,933,933,61,510,14.49
2008,5,1,15,30,21,70,748,1003,263,402,579,10.36
2008,5,1,16,30,23.5,77,941,1041,1041,77,941,8.02
2008,5,1,17,30,25.700000000000003,81,1084,1071,794,301,1044,6.08
2008,5,1,18,30,27.3,90,1145,1070,357,594,945,4.64
2008,5,1,19,30,28.3,86,1132,1073,809,295,1084,3.7
2008,5,1,20,30,28.5,81,1045,1064,874,203,994,3.15
2008,5,1,21,30,28,75,888,1041,650,268,776,2.87
2008,5,1,22,30,26.900000000000002,68,675,992,692,187,610,2.8000000000000003
2008,5,1,23,30,25.1,59,424,895,895,59,424,2.99
2008,5,2,0,30,21.8,41,164,668,668,41,164,3.8200000000000003
2008,5,2,1,30,18.8,0,0,0,0,0,0,5.58
2008,5,2,2,30,17.1,0,0,0,0,0,0,7.41
2008,5,2,3,30,15.3,0,0,0,0,0,0,9.97
2008,5,2,4,30,13.700000000000001,0,0,0,0,0,0,12.93
2008,5,2,5,30,12.3,0,0,0,0,0,0,16.02
2008,5,2,6,30,11.100000000000001,0,0,0,0,0,0,19.48
2008,5,2,7,30,10,0,0,0,0,0,0,23.85
2008,5,2,8,30,9,0,0,0,0,0,0,28.89
2008,5,2,9,30,8,0,0,0,0,0,0,33.97
2008,5,2,10,30,7.1000000000000005,0,0,0,0,0,0,37.67
2008,5,2,11,30,6.5,0,0,0,0,0,0,38.910000000000004
2008,5,2,12,30,8,16,27,269,269,16,27,33.52
2008,5,2,13,30,12.200000000000001,51,250,750,750,51,250,23.27
2008,5,2,14,30,17.2,68,508,910,910,68,508,13.280000000000001
2008,5,2,15,30,20.900000000000002,78,745,986,986,78,745,7.61
2008,5,2,16,30,23.1,85,939,1028,1028,85,939,6.82
2008,5,2,17,30,25,87,1073,1052,1052,87,1073,5.79
2008,5,2,18,30,26.5,86,1146,1076,1076,86,1146,4.58
2008,5,2,19,30,27.700000000000003,83,1134,1077,1077,83,1134,3.5500000000000003
2008,5,2,20,30,28.3,80,1046,1066,1066,80,1046,2.92
2008,5,2,21,30,28.3,81,887,1030,1030,81,887,2.57
2008,5,2,22,30,27.8,74,675,981,981,74,675,2.44
2008,5,2,23,30,26.400000000000002,61,425,888,888,61,425,2.64
2008,5,3,0,30,23.5,41,166,672,672,41,166,4.3100000000000005
2008,5,3,1,30,20.3,0,0,0,0,0,0,7.28
2008,5,3,2,30,17.6,0,0,0,0,0,0,10.11
2008,5,3,3,30,15,0,0,0,0,0,0,12.98
2008,5,3,4,30,13.4,0,0,0,0,0,0,14.27
2008,5,3,5,30,12.200000000000001,0,0,0,0,0,0,15.200000000000001
2008,5,3,6,30,11.200000000000001,0,0,0,0,0,0,16.97
2008,5,3,7,30,10.4,0,0,0,0,0,0,20.740000000000002
2008,5,3,8,30,9.600000000000001,0,0,0,0,0,0,26.740000000000002
2008,5,3,9,30,8.8,0,0,0,0,0,0,32.49
2008,5,3,10,30,8,0,0,0,0,0,0,36.9
2008,5,3,11,30,7.6000000000000005,0,0,0,0,0,0,39.47
2008,5,3,12,30,9.600000000000001,16,28,281,281,16,28,35.01
2008,5,3,13,30,14,50,252,757,757,50,252,26.060000000000002
2008,5,3,14,30,19,66,506,905,905,66,506,16.91
2008,5,3,15,30,23,77,741,980,980,77,741,10.01
2008,5,3,16,30,25.700000000000003,84,933,1020,1020,84,933,7.28
2008,5,3,17,30,27.6,88,1066,1042,1042,88,1066,6.03
2008,5,3,18,30,28.700000000000003,96,1125,1043,1043,96,1125,5.3500000000000005
2008,5,3,19,30,29.3,93,1113,1045,1045,93,1113,4.86
2008,5,3,20,30,29.400000000000002,89,1026,1033,1033,89,1026,4.57
2008,5,3,21,30,29,81,872,1010,1010,81,872,4.46
2008,5,3,22,30,28.3,71,663,964,964,71,663,4.49
2008,5,3,23,30,26.900000000000002,59,418,875,875,59,418,4.7700000000000005
2008,5,4,0,30,24.1,39,162,658,658,39,162,6.8
2008,5,4,1,30,21.5,0,0,0,0,0,0,8.86
2008,5,4,2,30,19.3,0,0,0,0,0,0,10.99
2008,5,4,3,30,16.900000000000002,0,0,0,0,0,0,15.32
2008,5,4,4,30,15.100000000000001,0,0,0,0,0,0,20.62
2008,5,4,5,30,13.600000000000001,0,0,0,0,0,0,25.12
2008,5,4,6,30,12.3,0,0,0,0,0,0,28.43
2008,5,4,7,30,11.3,0,0,0,0,0,0,30.84
2008,5,4,8,30,10.600000000000001,0,0,0,0,0,0,33.03
2008,5,4,9,30,10.3,0,0,0,0,0,0,35.34
2008,5,4,10,30,10.100000000000001,0,0,0,0,0,0,38.910000000000004
2008,5,4,11,30,10,0,0,0,0,0,0,43.68
2008,5,4,12,30,11.9,17,26,198,198,17,26,42.03
2008,5,4,13,30,15.9,60,235,652,652,60,235,36.27
2008,5,4,14,30,20,82,482,821,821,82,482,31.150000000000002
2008,5,4,15,30,23.200000000000003,94,716,915,915,94,716,17.93
2008,5,4,16,30,25.200000000000003,102,909,969,969,102,909,10.59
2008,5,4,17,30,26.400000000000002,106,1040,996,996,106,1040,8.1
2008,5,4,18,30,27.400000000000002,107,1101,1006,1006,107,1101,7.5200000000000005
2008,5,4,19,30,28.200000000000003,107,1084,1000,1000,107,1084,7.57
2008,5,4,20,30,29,105,997,983,983,105,997,7.72
2008,5,4,21,30,29.3,113,839,925,925,113,839,7.96
2008,5,4,22,30,29,105,633,858,858,105,633,8.4
2008,5,4,23,30,27.700000000000003,91,390,725,56,243,267,9.3
2008,5,5,0,30,24.5,61,144,440,9,98,100,11.63
2008,5,5,1,30,21.400000000000002,0,0,0,0,0,0,14.540000000000001
2008,5,5,2,30,19.6,0,0,0,0,0,0,16.14
2008,5,5,3,30,18,0,0,0,0,0,0,18.25
2008,5,5,4,30,16.7,0,0,0,0,0,0,20.69
2008,5,5,5,30,15.600000000000001,0,0,0,0,0,0,23.5
2008,5,5,6,30,15.100000000000001,0,0,0,0,0,0,26.150000000000002
2008,5,5,7,30,14.700000000000001,0,0,0,0,0,0,29.6
2008,5,5,8,30,14,0,0,0,0,0,0,34.88
2008,5,5,9,30,13.3,0,0,0,0,0,0,41.160000000000004
2008,5,5,10,30,12.5,0,0,0,0,0,0,47.36
2008,5,5,11,30,11.700000000000001,0,0,0,0,0,0,50.56
2008,5,5,12,30,13.4,19,25,135,135,19,25,41.64
2008,5,5,13,30,17.5,73,230,579,579,73,230,27.89
2008,5,5,14,30,21.8,99,475,769,769,99,475,20.38
2008,5,5,15,30,25,117,703,861,861,117,703,14.38
2008,5,5,16,30,27.1,129,890,912,912,129,890,11.92
2008,5,5,17,30,28.8,135,1019,941,941,135,1019,10.88
2008,5,5,18,30,30,156,1073,928,928,156,1073,10.5
2008,5,5,19,30,30.700000000000003,154,1059,926,926,154,1059,10.49
2008,5,5,20,30,31,142,976,918,1,325,326,10.68
2008,5,5,21,30,30.8,133,825,882,1,302,303,10.98
2008,5,5,22,30,30.1,120,621,813,514,240,556,11.34
2008,5,5,23,30,28.8,100,383,684,32,182,195,12.13
2008,5,6,0,30,26.200000000000003,63,143,424,25,108,113,14.16
2008,5,6,1,30,23.6,0,0,0,0,0,0,17
2008,5,6,2,30,22.200000000000003,0,0,0,0,0,0,18.26
2008,5,6,3,30,21.1,0,0,0,0,0,0,19.71
2008,5,6,4,30,19.8,0,0,0,0,0,0,21.88
2008,5,6,5,30,18.6,0,0,0,0,0,0,24.400000000000002
2008,5,6,6,30,17.2,0,0,0,0,0,0,27.97
2008,5,6,7,30,16,0,0,0,0,0,0,33.2
2008,5,6,8,30,14.9,0,0,0,0,0,0,41.44
2008,5,6,9,30,14.100000000000001,0,0,0,0,0,0,52.620000000000005
2008,5,6,10,30,13.600000000000001,0,0,0,0,0,0,65.73
2008,5,6,11,30,13.700000000000001,0,0,0,0,0,0,75.81
2008,5,6,12,30,14.700000000000001,19,22,61,61,19,22,76.77
2008,5,6,13,30,16.900000000000002,96,215,437,437,96,215,72.52
2008,5,6,14,30,20.200000000000003,130,456,665,665,130,456,56.730000000000004
2008,5,6,15,30,23.3,144,684,791,791,144,684,37.85
2008,5,6,16,30,25.700000000000003,152,871,860,860,152,871,27.36
2008,5,6,17,30,27.6,157,1000,897,897,157,1000,21.92
2008,5,6,18,30,29.1,180,1056,886,886,180,1056,18.53
2008,5,6,19,30,30.1,177,1045,887,887,177,1045,16.41
2008,5,6,20,30,30.6,176,961,864,864,176,961,15.01
2008,5,6,21,30,30.5,211,794,742,183,502,646,14.22
2008,5,6,22,30,29.700000000000003,184,594,664,2,257,258,14.22
2008,5,6,23,30,28.200000000000003,136,367,558,90,216,253,15.16
2008,5,7,0,30,26,75,138,328,328,75,138,17.35
2008,5,7,1,30,23.400000000000002,0,0,0,0,0,0,21.240000000000002
2008,5,7,2,30,21.1,0,0,0,0,0,0,26.14
2008,5,7,3,30,19.3,0,0,0,0,0,0,31.05
2008,5,7,4,30,17.7,0,0,0,0,0,0,35.51
2008,5,7,5,30,16.2,0,0,0,0,0,0,40.11
2008,5,7,6,30,15,0,0,0,0,0,0,43.96
2008,5,7,7,30,14.100000000000001,0,0,0,0,0,0,46.64
2008,5,7,8,30,13.4,0,0,0,0,0,0,48.370000000000005
2008,5,7,9,30,13,0,0,0,0,0,0,49.13
2008,5,7,10,30,12.600000000000001,0,0,0,0,0,0,49.72
2008,5,7,11,30,12.5,0,0,0,0,0,0,49.14
2008,5,7,12,30,13.4,18,32,280,5,24,24,45.4
2008,5,7,13,30,15.8,53,249,711,13,105,108,37.61
2008,5,7,14,30,18.8,72,494,859,7,157,161,27.87
2008,5,7,15,30,21.3,85,722,933,255,346,520,22.32
2008,5,7,16,30,23.6,93,905,971,452,324,703,19.18
2008,5,7,17,30,25.5,98,1033,993,767,273,995,16.94
2008,5,7,18,30,26.400000000000002,113,1089,986,986,113,1089,15.77
2008,5,7,19,30,26.400000000000002,112,1075,984,600,332,919,15.48
2008,5,7,20,30,26.200000000000003,107,990,972,749,283,964,15.530000000000001
2008,5,7,21,30,25.8,91,843,957,149,390,507,15.9
2008,5,7,22,30,25,82,640,902,586,200,562,16.79
2008,5,7,23,30,23.900000000000002,69,401,799,485,186,388,18.21
2008,5,8,0,30,21.900000000000002,46,157,575,189,94,131,21.2
2008,5,8,1,30,19.700000000000003,0,0,0,0,0,0,25.55
2008,5,8,2,30,18,0,0,0,0,0,0,29.810000000000002
2008,5,8,3,30,16.6,0,0,0,0,0,0,33.84
2008,5,8,4,30,15.600000000000001,0,0,0,0,0,0,37.09
2008,5,8,5,30,14.9,0,0,0,0,0,0,39.45
2008,5,8,6,30,14.100000000000001,0,0,0,0,0,0,41.61
2008,5,8,7,30,13.4,0,0,0,0,0,0,42.84
2008,5,8,8,30,12.700000000000001,0,0,0,0,0,0,42.980000000000004
2008,5,8,9,30,12.100000000000001,0,0,0,0,0,0,41.87
2008,5,8,10,30,11.600000000000001,0,0,0,0,0,0,40.27
2008,5,8,11,30,11.600000000000001,0,0,0,0,0,0,38.42
2008,5,8,12,30,13.100000000000001,19,33,275,275,19,33,33.71
2008,5,8,13,30,16.6,52,255,729,90,161,186,26.27
2008,5,8,14,30,20.8,69,506,886,185,288,380,16.88
2008,5,8,15,30,24.3,80,737,960,960,80,737,10.47
2008,5,8,16,30,26.6,88,925,1000,786,258,916,8.9
2008,5,8,17,30,28.5,92,1055,1023,1023,92,1055,7.8
2008,5,8,18,30,30.1,106,1111,1016,1016,106,1111,6.67
2008,5,8,19,30,31.1,103,1098,1017,1017,103,1098,5.84
2008,5,8,20,30,31.6,97,1008,1001,1001,97,1008,5.34
2008,5,8,21,30,31.6,86,858,982,982,86,858,5.18
2008,5,8,22,30,31,76,654,934,934,76,654,5.33
2008,5,8,23,30,29.700000000000003,62,414,844,844,62,414,5.87
2008,5,9,0,30,26.200000000000003,41,165,634,257,94,144,7.82
2008,5,9,1,30,22.3,0,0,0,0,0,0,11.58
2008,5,9,2,30,20.5,0,0,0,0,0,0,14.88
2008,5,9,3,30,19.1,0,0,0,0,0,0,19.69
2008,5,9,4,30,17.7,0,0,0,0,0,0,24.85
2008,5,9,5,30,16.400000000000002,0,0,0,0,0,0,28.66
2008,5,9,6,30,15.3,0,0,0,0,0,0,30.86
2008,5,9,7,30,14.4,0,0,0,0,0,0,32.25
2008,5,9,8,30,13.5,0,0,0,0,0,0,33.56
2008,5,9,9,30,12.8,0,0,0,0,0,0,34.4
2008,5,9,10,30,12.100000000000001,0,0,0,0,0,0,34.79
2008,5,9,11,30,11.9,0,0,0,0,0,0,33.32
2008,5,9,12,30,13.9,19,34,282,282,19,34,27.09
2008,5,9,13,30,18.1,55,253,710,710,55,253,18.900000000000002
2008,5,9,14,30,22.700000000000003,73,502,867,867,73,502,11.13
2008,5,9,15,30,26.5,85,732,943,943,85,732,7.03
2008,5,9,16,30,29.1,92,919,986,986,92,919,6.37
2008,5,9,17,30,31,97,1048,1008,1008,97,1048,5.96
2008,5,9,18,30,32.300000000000004,96,1109,1022,686,293,973,5.72
2008,5,9,19,30,32.9,97,1096,1020,339,444,777,5.66
2008,5,9,20,30,33.1,95,1009,1004,486,358,800,5.67
2008,5,9,21,30,32.9,89,858,976,518,276,684,5.74
2008,5,9,22,30,32,82,652,920,359,325,547,6.0200000000000005
2008,5,9,23,30,30.400000000000002,71,409,808,424,169,347,6.5600000000000005
2008,5,10,0,30,27.5,49,162,572,572,49,162,7.890000000000001
2008,5,10,1,30,24.5,0,0,0,0,0,0,9.57
2008,5,10,2,30,22.200000000000003,0,0,0,0,0,0,10.67
2008,5,10,3,30,20.1,0,0,0,0,0,0,11.93
2008,5,10,4,30,18.7,0,0,0,0,0,0,12.88
2008,5,10,5,30,17.6,0,0,0,0,0,0,13.72
2008,5,10,6,30,16.5,0,0,0,0,0,0,14.530000000000001
2008,5,10,7,30,15.600000000000001,0,0,0,0,0,0,15.09
2008,5,10,8,30,15.200000000000001,0,0,0,0,0,0,15.01
2008,5,10,9,30,14.8,0,0,0,0,0,0,14.74
2008,5,10,10,30,14.3,0,0,0,0,0,0,14.55
2008,5,10,11,30,13.8,0,0,0,0,0,0,14.48
2008,5,10,12,30,15.100000000000001,21,34,228,3,26,26,13.25
2008,5,10,13,30,18.400000000000002,64,249,657,127,149,185,11.27
2008,5,10,14,30,22.1,90,495,816,448,210,432,12.98
2008,5,10,15,30,25.3,108,723,894,894,108,723,13.9
2008,5,10,16,30,27.5,120,905,936,760,233,871,12.52
2008,5,10,17,30,29,128,1034,962,962,128,1034,11.18
2008,5,10,18,30,30,139,1091,961,704,292,991,10.24
2008,5,10,19,30,30.400000000000002,137,1078,960,613,351,952,9.82
2008,5,10,20,30,30.5,131,993,947,644,311,898,9.64
2008,5,10,21,30,30.3,115,845,925,346,346,619,9.67
2008,5,10,22,30,29.5,101,637,863,399,277,525,10.120000000000001
2008,5,10,23,30,28.200000000000003,84,400,754,393,181,346,11.03
2008,5,11,0,30,25.6,54,158,519,48,99,109,13.23
2008,5,11,1,30,23,0,0,0,0,0,0,15.94
2008,5,11,2,30,21.400000000000002,0,0,0,0,0,0,17.650000000000002
2008,5,11,3,30,20.1,0,0,0,0,0,0,19.04
2008,5,11,4,30,18.900000000000002,0,0,0,0,0,0,20.29
2008,5,11,5,30,17.7,0,0,0,0,0,0,21.81
2008,5,11,6,30,16.5,0,0,0,0,0,0,23.77
2008,5,11,7,30,15.700000000000001,0,0,0,0,0,0,25.810000000000002
2008,5,11,8,30,15.100000000000001,0,0,0,0,0,0,28.27
2008,5,11,9,30,14.600000000000001,0,0,0,0,0,0,31.19
2008,5,11,10,30,14.200000000000001,0,0,0,0,0,0,33.71
2008,5,11,11,30,14,0,0,0,0,0,0,35.04
2008,5,11,12,30,15.9,23,31,137,137,23,31,31.17
2008,5,11,13,30,19.900000000000002,80,233,543,128,159,195,24.43
2008,5,11,14,30,23.700000000000003,107,473,735,735,107,473,29.26
2008,5,11,15,30,26.6,124,698,834,834,124,698,26.05
2008,5,11,16,30,28.8,134,884,893,893,134,884,21.35
2008,5,11,17,30,30.6,140,1011,923,923,140,1011,17.93
2008,5,11,18,30,31.8,164,1062,906,906,164,1062,15.610000000000001
2008,5,11,19,30,32.6,163,1049,903,903,163,1049,13.86
2008,5,11,20,30,32.9,170,962,868,545,423,920,12.73
2008,5,11,21,30,32.7,180,805,792,792,180,805,12.23
2008,5,11,22,30,31.8,166,604,704,275,364,535,12.56
2008,5,11,23,30,30.5,136,371,558,270,242,355,13.450000000000001
2008,5,12,0,30,28.1,83,140,282,282,83,140,15.65
2008,5,12,1,30,25.400000000000002,0,0,0,0,0,0,19.42
2008,5,12,2,30,23.5,0,0,0,0,0,0,23.54
2008,5,12,3,30,22.200000000000003,0,0,0,0,0,0,28.57
2008,5,12,4,30,21.400000000000002,0,0,0,0,0,0,33.42
2008,5,12,5,30,20.900000000000002,0,0,0,0,0,0,38.29
2008,5,12,6,30,20.1,0,0,0,0,0,0,45.300000000000004
2008,5,12,7,30,18.900000000000002,0,0,0,0,0,0,55.52
2008,5,12,8,30,17.8,0,0,0,0,0,0,65.92
2008,5,12,9,30,16.900000000000002,0,0,0,0,0,0,73.22
2008,5,12,10,30,16.2,0,0,0,0,0,0,77.73
2008,5,12,11,30,15.8,0,0,0,0,0,0,79.94
2008,5,12,12,30,16.8,23,28,79,79,23,28,74.3
2008,5,12,13,30,19.700000000000003,100,222,429,429,100,222,60.28
2008,5,12,14,30,23.200000000000003,143,455,626,626,143,455,43.910000000000004
2008,5,12,15,30,26.200000000000003,171,677,735,735,171,677,31.29
2008,5,12,16,30,28.700000000000003,190,858,794,794,190,858,23.650000000000002
2008,5,12,17,30,30.5,201,986,832,832,201,986,18.89
2008,5,12,18,30,31.8,224,1038,820,820,224,1038,15.74
2008,5,12,19,30,32.5,216,1030,829,423,461,876,13.780000000000001
2008,5,12,20,30,32.7,205,952,819,432,409,803,12.450000000000001
2008,5,12,21,30,32.5,185,806,786,0,134,135,11.57
2008,5,12,22,30,31.700000000000003,168,605,702,113,313,384,11.32
2008,5,12,23,30,30.3,132,376,579,579,132,376,11.88
2008,5,13,0,30,27.700000000000003,81,144,312,82,118,134,13.96
2008,5,13,1,30,25.1,0,0,0,0,0,0,17.82
2008,5,13,2,30,23.700000000000003,0,0,0,0,0,0,21.04
2008,5,13,3,30,22.1,0,0,0,0,0,0,25.1
2008,5,13,4,30,20.5,0,0,0,0,0,0,29.830000000000002
2008,5,13,5,30,19.1,0,0,0,0,0,0,33.910000000000004
2008,5,13,6,30,17.8,0,0,0,0,0,0,37.64
2008,5,13,7,30,16.6,0,0,0,0,0,0,42.04
2008,5,13,8,30,15.600000000000001,0,0,0,0,0,0,47.02
2008,5,13,9,30,14.700000000000001,0,0,0,0,0,0,52.68
2008,5,13,10,30,13.9,0,0,0,0,0,0,58.58
2008,5,13,11,30,13.5,0,0,0,0,0,0,62.64
2008,5,13,12,30,15.200000000000001,24,34,168,168,24,34,57.54
2008,5,13,13,30,19.1,80,240,563,563,80,240,44.7
2008,5,13,14,30,23,112,479,734,734,112,479,27.07
2008,5,13,15,30,25.700000000000003,134,699,820,820,134,699,20.21
2008,5,13,16,30,27.8,147,882,874,874,147,882,17.37
2008,5,13,17,30,29.5,156,1008,903,903,156,1008,15.68
2008,5,13,18,30,30.8,168,1064,903,737,293,1024,14.47
2008,5,13,19,30,31.6,179,1045,883,883,179,1045,13.59
2008,5,13,20,30,31.900000000000002,193,955,835,835,193,955,13
2008,5,13,21,30,31.400000000000002,177,805,794,514,386,792,13.200000000000001
2008,5,13,22,30,30.3,167,601,695,30,326,345,14.33
2008,5,13,23,30,28.5,144,367,528,187,235,314,16.6
2008,5,14,0,30,26.1,88,138,244,0,16,16,20.23
2008,5,14,1,30,24,0,0,0,0,0,0,24.490000000000002
2008,5,14,2,30,22.700000000000003,0,0,0,0,0,0,27.72
2008,5,14,3,30,21.6,0,0,0,0,0,0,29.84
2008,5,14,4,30,20.5,0,0,0,0,0,0,31.92
2008,5,14,5,30,19.400000000000002,0,0,0,0,0,0,34.730000000000004
2008,5,14,6,30,18.2,0,0,0,0,0,0,38.82
2008,5,14,7,30,16.900000000000002,0,0,0,0,0,0,44.53
2008,5,14,8,30,15.9,0,0,0,0,0,0,51.5
2008,5,14,9,30,15.100000000000001,0,0,0,0,0,0,58.77
2008,5,14,10,30,14.3,0,0,0,0,0,0,65.85
2008,5,14,11,30,13.9,0,0,0,0,0,0,70.54
2008,5,14,12,30,14.9,26,32,104,0,22,22,67.32000000000001
2008,5,14,13,30,18.1,93,233,487,5,133,135,50.39
2008,5,14,14,30,21.6,123,471,697,1,184,184,32.6
2008,5,14,15,30,24.400000000000002,140,695,803,108,412,486,26.23
2008,5,14,16,30,26.700000000000003,151,875,860,538,385,838,22.67
2008,5,14,17,30,28.6,158,1001,892,57,455,509,20.14
2008,5,14,18,30,29.8,177,1051,880,391,464,852,18.43
2008,5,14,19,30,30.1,188,1031,858,483,413,888,17.53
2008,5,14,20,30,29.200000000000003,181,946,837,167,544,697,18.82
2008,5,14,21,30,27.6,158,801,813,181,402,545,22.29
2008,5,14,22,30,25.700000000000003,139,604,745,0,75,75,26.990000000000002
2008,5,14,23,30,24.1,109,377,632,1,149,149,31.53
2008,5,15,0,30,22.900000000000002,68,149,397,20,111,115,35
2008,5,15,1,30,22,0,0,0,0,0,0,37.19
2008,5,15,2,30,21.400000000000002,0,0,0,0,0,0,38.89
2008,5,15,3,30,20.700000000000003,0,0,0,0,0,0,40.980000000000004
2008,5,15,4,30,19.5,0,0,0,0,0,0,44.37
2008,5,15,5,30,18.2,0,0,0,0,0,0,49.11
2008,5,15,6,30,17.400000000000002,0,0,0,0,0,0,54.08
2008,5,15,7,30,16.900000000000002,0,0,0,0,0,0,58.78
2008,5,15,8,30,16.2,0,0,0,0,0,0,64.59
2008,5,15,9,30,15.600000000000001,0,0,0,0,0,0,69.62
2008,5,15,10,30,15,0,0,0,0,0,0,74.24
2008,5,15,11,30,14.5,0,0,0,0,0,0,77.99
2008,5,15,12,30,14.3,26,31,74,0,13,13,78.97
2008,5,15,13,30,14.4,106,223,407,0,5,5,73.71000000000001
2008,5,15,14,30,14.9,142,456,624,0,20,20,66
2008,5,15,15,30,15.9,163,675,742,0,160,160,59.56
2008,5,15,16,30,16.900000000000002,181,854,798,1,187,187,54.75
2008,5,15,17,30,17.7,190,980,836,3,286,289,51.83
2008,5,15,18,30,18.3,164,1048,890,7,382,389,49.660000000000004
2008,5,15,19,30,19,139,1046,924,2,284,286,46.89
2008,5,15,20,30,19.700000000000003,119,970,931,174,462,621,43.74
2008,5,15,21,30,20.200000000000003,107,825,907,469,371,743,40.89
2008,5,15,22,30,20.400000000000002,92,631,861,436,243,515,39.26
2008,5,15,23,30,20.200000000000003,72,402,774,72,245,275,39.25
2008,5,16,0,30,18.3,48,165,564,564,48,165,47.34
2008,5,16,1,30,16,0,0,0,0,0,0,61.33
2008,5,16,2,30,15,0,0,0,0,0,0,63.74
2008,5,16,3,30,14.3,0,0,0,0,0,0,66.98
2008,5,16,4,30,13.5,0,0,0,0,0,0,71.23
2008,5,16,5,30,12.8,0,0,0,0,0,0,75.74
2008,5,16,6,30,12.200000000000001,0,0,0,0,0,0,80.41
2008,5,16,7,30,11.8,0,0,0,0,0,0,84.05
2008,5,16,8,30,11.5,0,0,0,0,0,0,87.13
2008,5,16,9,30,11.100000000000001,0,0,0,0,0,0,91.32000000000001
2008,5,16,10,30,10.600000000000001,0,0,0,0,0,0,95.47
2008,5,16,11,30,10.5,0,0,0,0,0,0,96.49000000000001
2008,5,16,12,30,12.3,24,40,244,244,24,40,86.41
2008,5,16,13,30,15.600000000000001,62,250,649,649,62,250,71
2008,5,16,14,30,18.5,84,490,809,809,84,490,57.050000000000004
2008,5,16,15,30,20.900000000000002,96,712,890,890,96,712,44.43
2008,5,16,16,30,23,103,897,942,942,103,897,35.57
2008,5,16,17,30,24.700000000000003,109,1023,966,612,378,957,30.150000000000002
2008,5,16,18,30,25.900000000000002,120,1078,965,965,120,1078,27.17
2008,5,16,19,30,26.700000000000003,121,1062,957,957,121,1062,25.39
2008,5,16,20,30,27,120,977,938,726,241,905,24.6
2008,5,16,21,30,26.700000000000003,114,826,899,325,359,617,24.48
2008,5,16,22,30,25.8,93,631,860,409,260,516,25.27
2008,5,16,23,30,24.3,73,403,774,564,153,394,27.35
2008,5,17,0,30,21.8,49,165,562,56,113,124,32.27
2008,5,17,1,30,19.1,0,0,0,0,0,0,42.12
2008,5,17,2,30,17.1,0,0,0,0,0,0,52.65
2008,5,17,3,30,15.100000000000001,0,0,0,0,0,0,64.28
2008,5,17,4,30,13.4,0,0,0,0,0,0,76.93
2008,5,17,5,30,12.200000000000001,0,0,0,0,0,0,86.45
2008,5,17,6,30,11.3,0,0,0,0,0,0,92.84
2008,5,17,7,30,10.9,0,0,0,0,0,0,93.94
2008,5,17,8,30,10.600000000000001,0,0,0,0,0,0,93.75
2008,5,17,9,30,10.4,0,0,0,0,0,0,93.43
2008,5,17,10,30,10.200000000000001,0,0,0,0,0,0,93.52
2008,5,17,11,30,10,0,0,0,0,0,0,94.38
2008,5,17,12,30,10.5,28,37,125,125,28,37,90.53
2008,5,17,13,30,12.100000000000001,86,242,536,1,107,107,79.03
2008,5,17,14,30,14.5,107,484,748,0,74,74,65.52
2008,5,17,15,30,17.5,116,712,861,861,116,712,50.58
2008,5,17,16,30,20.200000000000003,123,896,917,917,123,896,38.51
2008,5,17,17,30,22.5,117,1030,965,965,117,1030,30.23
2008,5,17,18,30,24.400000000000002,110,1091,987,987,110,1091,24.47
2008,5,17,19,30,25.700000000000003,102,1083,998,998,102,1083,20.54
2008,5,17,20,30,26.3,95,1000,990,0,180,180,18.18
2008,5,17,21,30,26.200000000000003,86,853,967,967,86,853,17.19
2008,5,17,22,30,25.400000000000002,77,652,916,916,77,652,17.52
2008,5,17,23,30,23.6,67,416,815,815,67,416,19.89
2008,5,18,0,30,20.5,49,171,586,586,49,171,26.3
2008,5,18,1,30,17.3,0,0,0,0,0,0,38.78
2008,5,18,2,30,15,0,0,0,0,0,0,49.68
2008,5,18,3,30,13.5,0,0,0,0,0,0,57.51
2008,5,18,4,30,12.4,0,0,0,0,0,0,62.940000000000005
2008,5,18,5,30,11.600000000000001,0,0,0,0,0,0,66.66
2008,5,18,6,30,10.9,0,0,0,0,0,0,69.28
2008,5,18,7,30,10.3,0,0,0,0,0,0,71.15
2008,5,18,8,30,9.700000000000001,0,0,0,0,0,0,73.08
2008,5,18,9,30,9.200000000000001,0,0,0,0,0,0,74.63
2008,5,18,10,30,8.700000000000001,0,0,0,0,0,0,76.42
2008,5,18,11,30,8.700000000000001,0,0,0,0,0,0,75.86
2008,5,18,12,30,10.5,23,45,318,318,23,45,67.11
2008,5,18,13,30,13.5,54,263,718,718,54,263,54.52
2008,5,18,14,30,16.3,70,507,867,867,70,507,45.9
2008,5,18,15,30,18.6,80,732,940,940,80,732,39.75
2008,5,18,16,30,20.6,88,915,980,980,88,915,33.29
2008,5,18,17,30,22.200000000000003,92,1041,1002,1002,92,1041,28.18
2008,5,18,18,30,23.400000000000002,93,1100,1013,1013,93,1100,24.92
2008,5,18,19,30,24.200000000000003,94,1086,1008,95,533,627,22.89
2008,5,18,20,30,24.5,94,998,988,988,94,998,21.64
2008,5,18,21,30,24.400000000000002,97,847,944,944,97,847,21.11
2008,5,18,22,30,23.700000000000003,88,644,886,121,370,446,21.68
2008,5,18,23,30,22.400000000000002,73,412,789,437,172,360,23.55
2008,5,19,0,30,20.1,50,172,580,1,44,44,27.560000000000002
2008,5,19,1,30,17.7,0,0,0,0,0,0,33.43
2008,5,19,2,30,16.1,0,0,0,0,0,0,38.24
2008,5,19,3,30,14.8,0,0,0,0,0,0,42.69
2008,5,19,4,30,13.600000000000001,0,0,0,0,0,0,47.52
2008,5,19,5,30,12.8,0,0,0,0,0,0,51.34
2008,5,19,6,30,12.3,0,0,0,0,0,0,53.75
2008,5,19,7,30,11.9,0,0,0,0,0,0,55.5
2008,5,19,8,30,11.600000000000001,0,0,0,0,0,0,56.550000000000004
2008,5,19,9,30,11.200000000000001,0,0,0,0,0,0,58.35
2008,5,19,10,30,10.8,0,0,0,0,0,0,59.58
2008,5,19,11,30,10.700000000000001,0,0,0,0,0,0,59.410000000000004
2008,5,19,12,30,12.3,26,42,230,230,26,42,55.410000000000004
2008,5,19,13,30,15.600000000000001,68,253,633,633,68,253,44.410000000000004
2008,5,19,14,30,18.7,88,493,801,112,298,354,35.410000000000004
2008,5,19,15,30,20.900000000000002,101,716,887,102,398,469,30.14
2008,5,19,16,30,22.5,109,897,934,0,158,158,27.88
2008,5,19,17,30,23.6,114,1023,959,959,114,1023,26.810000000000002
2008,5,19,18,30,24.400000000000002,127,1075,953,953,127,1075,26.04
2008,5,19,19,30,24.8,129,1061,948,948,129,1061,25.52
2008,5,19,20,30,24.8,128,974,925,1,176,177,25.22
2008,5,19,21,30,24.400000000000002,111,831,906,145,367,482,25.64
2008,5,19,22,30,23.6,99,632,847,158,285,384,27.150000000000002
2008,5,19,23,30,22.400000000000002,82,402,743,743,82,402,29.82
2008,5,20,0,30,20.700000000000003,56,166,518,518,56,166,33.99
2008,5,20,1,30,19,0,0,0,0,0,0,45.29
2008,5,20,2,30,17.8,0,0,0,0,0,0,50.71
2008,5,20,3,30,16.5,0,0,0,0,0,0,55.52
2008,5,20,4,30,15.200000000000001,0,0,0,0,0,0,62.49
2008,5,20,5,30,14.200000000000001,0,0,0,0,0,0,67.41
2008,5,20,6,30,13.600000000000001,0,0,0,0,0,0,70.61
2008,5,20,7,30,12.8,0,0,0,0,0,0,74.51
2008,5,20,8,30,12,0,0,0,0,0,0,78.18
2008,5,20,9,30,11.4,0,0,0,0,0,0,80.41
2008,5,20,10,30,10.9,0,0,0,0,0,0,82.05
2008,5,20,11,30,10.8,0,0,0,0,0,0,81.48
2008,5,20,12,30,12.3,23,45,300,6,32,33,73.23
2008,5,20,13,30,15.8,56,258,690,16,150,154,57.83
2008,5,20,14,30,19.1,74,498,836,35,259,276,42.65
2008,5,20,15,30,21.1,87,718,909,909,87,718,35.53
2008,5,20,16,30,22.6,96,899,950,950,96,899,31.09
2008,5,20,17,30,23.900000000000002,103,1023,972,972,103,1023,27.67
2008,5,20,18,30,25,106,1080,979,770,262,1028,24.900000000000002
2008,5,20,19,30,25.700000000000003,109,1067,973,58,521,578,22.94
2008,5,20,20,30,26.1,107,987,960,5,416,421,21.57
2008,5,20,21,30,26,104,839,925,238,463,652,20.650000000000002
2008,5,20,22,30,25.3,92,641,871,544,227,569,20.63
2008,5,20,23,30,24,75,410,777,403,179,353,21.66
2008,5,21,0,30,21.5,50,174,579,0,53,53,24.79
2008,5,21,1,30,18.5,0,0,0,0,0,0,34.58
2008,5,21,2,30,16.8,0,0,0,0,0,0,39.230000000000004
2008,5,21,3,30,15.700000000000001,0,0,0,0,0,0,42.08
2008,5,21,4,30,15,0,0,0,0,0,0,44.1
2008,5,21,5,30,15,0,0,0,0,0,0,43.35
2008,5,21,6,30,15,0,0,0,0,0,0,42.04
2008,5,21,7,30,13.8,0,0,0,0,0,0,46.36
2008,5,21,8,30,12.100000000000001,0,0,0,0,0,0,51.26
2008,5,21,9,30,11,0,0,0,0,0,0,55.1
2008,5,21,10,30,10.4,0,0,0,0,0,0,58.61
2008,5,21,11,30,10.4,0,0,0,0,0,0,61.51
2008,5,21,12,30,12.100000000000001,24,47,320,320,24,47,58.17
2008,5,21,13,30,16.1,55,267,719,719,55,267,46.14
2008,5,21,14,30,20.700000000000003,72,514,872,872,72,514,29.650000000000002
2008,5,21,15,30,23.6,82,739,946,946,82,739,18.79
2008,5,21,16,30,25.400000000000002,90,923,986,986,90,923,15.82
2008,5,21,17,30,26.8,95,1050,1008,1008,95,1050,14.030000000000001
2008,5,21,18,30,27.8,103,1103,1005,1005,103,1103,12.81
2008,5,21,19,30,28.5,102,1090,1003,1003,102,1090,11.950000000000001
2008,5,21,20,30,28.8,99,1006,989,989,99,1006,11.43
2008,5,21,21,30,28.700000000000003,94,854,955,955,94,854,11.25
2008,5,21,22,30,28.1,86,654,900,900,86,654,11.52
2008,5,21,23,30,26.8,74,417,793,793,74,417,12.6
2008,5,22,0,30,24,55,174,555,5,68,69,16.4
2008,5,22,1,30,21,0,0,0,0,0,0,27.36
2008,5,22,2,30,18.8,0,0,0,0,0,0,35.94
2008,5,22,3,30,16.900000000000002,0,0,0,0,0,0,43.96
2008,5,22,4,30,15.600000000000001,0,0,0,0,0,0,49.730000000000004
2008,5,22,5,30,14.4,0,0,0,0,0,0,55.24
2008,5,22,6,30,13.100000000000001,0,0,0,0,0,0,61.56
2008,5,22,7,30,11.9,0,0,0,0,0,0,68.55
2008,5,22,8,30,10.9,0,0,0,0,0,0,75.42
2008,5,22,9,30,10.200000000000001,0,0,0,0,0,0,80.01
2008,5,22,10,30,9.600000000000001,0,0,0,0,0,0,82.57000000000001
2008,5,22,11,30,9.200000000000001,0,0,0,0,0,0,82.96000000000001
2008,5,22,12,30,10.3,25,47,288,288,25,47,73.37
2008,5,22,13,30,13.4,58,263,693,693,58,263,52.870000000000005
2008,5,22,14,30,17.1,75,508,854,854,75,508,35.58
2008,5,22,15,30,20.8,84,736,938,938,84,736,25.25
2008,5,22,16,30,23.8,89,924,987,987,89,924,19.32
2008,5,22,17,30,26.1,92,1056,1017,1017,92,1056,15.64
2008,5,22,18,30,27.5,97,1114,1022,1022,97,1114,13.17
2008,5,22,19,30,28.1,95,1102,1023,1023,95,1102,11.82
2008,5,22,20,30,28.1,91,1017,1010,1010,91,1017,11.46
2008,5,22,21,30,27.400000000000002,86,864,976,976,86,864,12.14
2008,5,22,22,30,26.1,79,660,919,919,79,660,14.1
2008,5,22,23,30,24.200000000000003,68,425,822,822,68,425,17.55
2008,5,23,0,30,21.400000000000002,48,181,613,613,48,181,23.14
2008,5,23,1,30,18.6,0,0,0,0,0,0,30.44
2008,5,23,2,30,16.5,0,0,0,0,0,0,37.83
2008,5,23,3,30,14.8,0,0,0,0,0,0,45.61
2008,5,23,4,30,13.200000000000001,0,0,0,0,0,0,55.620000000000005
2008,5,23,5,30,11.700000000000001,0,0,0,0,0,0,67.16
2008,5,23,6,30,10.4,0,0,0,0,0,0,77.41
2008,5,23,7,30,9.4,0,0,0,0,0,0,83.52
2008,5,23,8,30,8.6,0,0,0,0,0,0,86.65
2008,5,23,9,30,7.9,0,0,0,0,0,0,87.73
2008,5,23,10,30,7.4,0,0,0,0,0,0,86.49
2008,5,23,11,30,7.1000000000000005,0,0,0,0,0,0,84.01
2008,5,23,12,30,8.5,23,53,400,400,23,53,73.12
2008,5,23,13,30,12.4,50,281,782,782,50,281,51.49
2008,5,23,14,30,17.1,64,530,917,917,64,530,32.54
2008,5,23,15,30,21.200000000000003,73,758,985,985,73,758,21.03
2008,5,23,16,30,24.3,79,943,1021,1021,79,943,15.05
2008,5,23,17,30,26.5,83,1070,1041,1041,83,1070,12.06
2008,5,23,18,30,27.900000000000002,86,1129,1049,1049,86,1129,10.42
2008,5,23,19,30,28.900000000000002,85,1110,1041,1041,85,1110,9.48
2008,5,23,20,30,29.400000000000002,82,1026,1029,1029,82,1026,9.03
2008,5,23,21,30,29.3,75,878,1007,1007,75,878,8.92
2008,5,23,22,30,28.700000000000003,69,673,955,955,69,673,9.09
2008,5,23,23,30,27.400000000000002,59,437,869,869,59,437,9.76
2008,5,24,0,30,23.900000000000002,42,191,680,680,42,191,12.88
2008,5,24,1,30,20.3,0,0,0,0,0,0,22.03
2008,5,24,2,30,18.7,0,0,0,0,0,0,22.97
2008,5,24,3,30,17.400000000000002,0,0,0,0,0,0,26.03
2008,5,24,4,30,15.9,0,0,0,0,0,0,32.160000000000004
2008,5,24,5,30,14.5,0,0,0,0,0,0,39.56
2008,5,24,6,30,13.200000000000001,0,0,0,0,0,0,47.5
2008,5,24,7,30,12,0,0,0,0,0,0,55.800000000000004
2008,5,24,8,30,11,0,0,0,0,0,0,63.79
2008,5,24,9,30,10.100000000000001,0,0,0,0,0,0,71.02
2008,5,24,10,30,9.3,0,0,0,0,0,0,76.35000000000001
2008,5,24,11,30,9.1,0,0,0,0,0,0,77.44
2008,5,24,12,30,10.700000000000001,23,51,364,364,23,51,69
2008,5,24,13,30,15.200000000000001,52,273,745,745,52,273,50.300000000000004
2008,5,24,14,30,20.5,67,518,887,887,67,518,27.53
2008,5,24,15,30,24.3,77,743,957,957,77,743,17.6
2008,5,24,16,30,26.700000000000003,83,926,997,997,83,926,14.700000000000001
2008,5,24,17,30,28.400000000000002,88,1052,1018,1018,88,1052,12.950000000000001
2008,5,24,18,30,29.6,101,1107,1011,1011,101,1107,11.78
2008,5,24,19,30,30.400000000000002,101,1095,1009,1009,101,1095,10.93
2008,5,24,20,30,30.700000000000003,98,1007,990,990,98,1007,10.46
2008,5,24,21,30,30.5,89,861,967,967,89,861,10.32
2008,5,24,22,30,29.8,81,662,916,916,81,662,10.59
2008,5,24,23,30,28.5,70,428,820,820,70,428,11.38
2008,5,25,0,30,25.3,50,184,612,612,50,184,14.040000000000001
2008,5,25,1,30,21.8,0,0,0,0,0,0,21.05
2008,5,25,2,30,20.1,0,0,0,0,0,0,24.46
2008,5,25,3,30,19.1,0,0,0,0,0,0,27.3
2008,5,25,4,30,18.2,0,0,0,0,0,0,31.52
2008,5,25,5,30,17.2,0,0,0,0,0,0,37.14
2008,5,25,6,30,16.2,0,0,0,0,0,0,42.86
2008,5,25,7,30,15.4,0,0,0,0,0,0,46.93
2008,5,25,8,30,14.700000000000001,0,0,0,0,0,0,49.93
2008,5,25,9,30,14.100000000000001,0,0,0,0,0,0,52.72
2008,5,25,10,30,13.600000000000001,0,0,0,0,0,0,56
2008,5,25,11,30,13.600000000000001,0,0,0,0,0,0,57.95
2008,5,25,12,30,15.5,28,46,240,240,28,46,53.04
2008,5,25,13,30,18.900000000000002,69,258,635,635,69,258,45.27
2008,5,25,14,30,22.400000000000002,91,497,799,799,91,497,33.3
2008,5,25,15,30,25.400000000000002,104,718,883,883,104,718,22.89
2008,5,25,16,30,27.700000000000003,114,899,929,929,114,899,18.580000000000002
2008,5,25,17,30,29.400000000000002,119,1024,955,955,119,1024,16.93
2008,5,25,18,30,30.5,109,1086,981,981,109,1086,16.04
2008,5,25,19,30,31.1,107,1074,982,982,107,1074,15.26
2008,5,25,20,30,31.3,104,993,967,383,490,842,14.74
2008,5,25,21,30,31.1,100,844,931,645,306,822,14.5
2008,5,25,22,30,30.400000000000002,93,646,872,872,93,646,14.5
2008,5,25,23,30,29.1,80,416,769,769,80,416,14.96
2008,5,26,0,30,26.6,56,179,559,559,56,179,16.84
2008,5,26,1,30,23.900000000000002,0,0,0,0,0,0,20.96
2008,5,26,2,30,22.3,0,0,0,0,0,0,23.07
2008,5,26,3,30,20.8,0,0,0,0,0,0,25.84
2008,5,26,4,30,19.5,0,0,0,0,0,0,29.740000000000002
2008,5,26,5,30,18.3,0,0,0,0,0,0,34.910000000000004
2008,5,26,6,30,17.3,0,0,0,0,0,0,39.93
2008,5,26,7,30,16.400000000000002,0,0,0,0,0,0,44.4
2008,5,26,8,30,15.700000000000001,0,0,0,0,0,0,49
2008,5,26,9,30,15,0,0,0,0,0,0,54.42
2008,5,26,10,30,14.3,0,0,0,0,0,0,60.1
2008,5,26,11,30,14.100000000000001,0,0,0,0,0,0,63.54
2008,5,26,12,30,15.600000000000001,29,44,197,197,29,44,59.28
2008,5,26,13,30,19.200000000000003,78,251,582,582,78,251,47.96
2008,5,26,14,30,22.900000000000002,104,488,755,755,104,488,33.1
2008,5,26,15,30,25.700000000000003,120,710,848,848,120,710,22.55
2008,5,26,16,30,27.8,131,891,899,899,131,891,17.77
2008,5,26,17,30,29.3,137,1016,926,926,137,1016,15.67
2008,5,26,18,30,30.400000000000002,169,1063,899,899,169,1063,14.34
2008,5,26,19,30,31.1,173,1051,891,891,173,1051,13.43
2008,5,26,20,30,31.400000000000002,175,966,862,569,413,936,12.82
2008,5,26,21,30,31.200000000000003,141,832,864,384,429,736,12.58
2008,5,26,22,30,30.5,136,632,781,249,370,528,12.780000000000001
2008,5,26,23,30,29.200000000000003,120,399,634,165,234,306,13.620000000000001
2008,5,27,0,30,26.8,81,166,386,386,81,166,15.76
2008,5,27,1,30,24.1,0,0,0,0,0,0,20.04
2008,5,27,2,30,22.6,0,0,0,0,0,0,23.12
2008,5,27,3,30,21.6,0,0,0,0,0,0,26.78
2008,5,27,4,30,20.8,0,0,0,0,0,0,31.400000000000002
2008,5,27,5,30,20.1,0,0,0,0,0,0,37.25
2008,5,27,6,30,19,0,0,0,0,0,0,46.050000000000004
2008,5,27,7,30,17.8,0,0,0,0,0,0,56.38
2008,5,27,8,30,16.8,0,0,0,0,0,0,66.36
2008,5,27,9,30,15.9,0,0,0,0,0,0,75.54
2008,5,27,10,30,15.3,0,0,0,0,0,0,82.27
2008,5,27,11,30,14.9,0,0,0,0,0,0,86.01
2008,5,27,12,30,15.9,31,43,153,153,31,43,80.57000000000001
2008,5,27,13,30,18.7,86,246,535,535,86,246,64.73
2008,5,27,14,30,22.200000000000003,112,480,723,723,112,480,46.300000000000004
2008,5,27,15,30,25.3,127,699,822,822,127,699,34.03
2008,5,27,16,30,27.6,134,880,881,881,134,880,27.78
2008,5,27,17,30,29.3,136,1006,917,917,136,1006,24.2
2008,5,27,18,30,30.5,145,1061,920,920,145,1061,21.76
2008,5,27,19,30,31.1,137,1055,931,88,542,628,20.17
2008,5,27,20,30,31.3,128,976,923,189,538,712,19.02
2008,5,27,21,30,31,128,828,875,875,128,828,18.39
2008,5,27,22,30,30.200000000000003,115,635,818,420,314,581,18.36
2008,5,27,23,30,28.900000000000002,95,408,712,28,232,245,19.04
2008,5,28,0,30,26.8,64,176,497,497,64,176,20.96
2008,5,28,1,30,24.5,0,0,0,0,0,0,24.46
2008,5,28,2,30,23.1,0,0,0,0,0,0,27.580000000000002
2008,5,28,3,30,21.8,0,0,0,0,0,0,31.54
2008,5,28,4,30,20.400000000000002,0,0,0,0,0,0,36.92
2008,5,28,5,30,19,0,0,0,0,0,0,44.550000000000004
2008,5,28,6,30,17.6,0,0,0,0,0,0,54.35
2008,5,28,7,30,16.5,0,0,0,0,0,0,62.28
2008,5,28,8,30,15.600000000000001,0,0,0,0,0,0,68.67
2008,5,28,9,30,14.9,0,0,0,0,0,0,73.85000000000001
2008,5,28,10,30,14.4,0,0,0,0,0,0,77.33
2008,5,28,11,30,14,0,0,0,0,0,0,79.79
2008,5,28,12,30,15,29,47,232,232,29,47,74.75
2008,5,28,13,30,17.6,72,254,611,611,72,254,59.550000000000004
2008,5,28,14,30,20.8,98,490,771,771,98,490,42.17
2008,5,28,15,30,23.700000000000003,114,709,854,854,114,709,30.86
2008,5,28,16,30,25.900000000000002,123,892,909,909,123,892,23.95
2008,5,28,17,30,27.5,125,1017,941,941,125,1017,19.490000000000002
2008,5,28,18,30,28.700000000000003,132,1078,950,950,132,1078,16.7
2008,5,28,19,30,29.400000000000002,130,1066,950,950,130,1066,15.32
2008,5,28,20,30,29.700000000000003,123,986,939,939,123,986,14.790000000000001
2008,5,28,21,30,29.400000000000002,105,848,928,928,105,848,14.950000000000001
2008,5,28,22,30,28.700000000000003,92,653,880,880,92,653,15.56
2008,5,28,23,30,27.400000000000002,76,424,789,789,76,424,16.81
2008,5,29,0,30,25.1,52,187,596,596,52,187,19.3
2008,5,29,1,30,22.5,0,0,0,0,0,0,23.11
2008,5,29,2,30,20.8,0,0,0,0,0,0,26.580000000000002
2008,5,29,3,30,19.400000000000002,0,0,0,0,0,0,31.14
2008,5,29,4,30,18,0,0,0,0,0,0,37.59
2008,5,29,5,30,16.7,0,0,0,0,0,0,46
2008,5,29,6,30,15.4,0,0,0,0,0,0,56.1
2008,5,29,7,30,14.3,0,0,0,0,0,0,66.1
2008,5,29,8,30,13.3,0,0,0,0,0,0,75.81
2008,5,29,9,30,12.5,0,0,0,0,0,0,83.88
2008,5,29,10,30,11.700000000000001,0,0,0,0,0,0,90.38
2008,5,29,11,30,11.4,0,0,0,0,0,0,92.81
2008,5,29,12,30,12.5,26,52,328,328,26,52,85.98
2008,5,29,13,30,15.5,56,271,721,721,56,271,65.87
2008,5,29,14,30,19.200000000000003,70,513,870,870,70,513,44.28
2008,5,29,15,30,22.400000000000002,79,736,943,943,79,736,29.78
2008,5,29,16,30,24.900000000000002,85,921,988,988,85,921,22.5
2008,5,29,17,30,26.700000000000003,89,1046,1010,1010,89,1046,18.44
2008,5,29,18,30,27.900000000000002,98,1103,1009,1009,98,1103,16.22
2008,5,29,19,30,28.700000000000003,97,1091,1009,1009,97,1091,14.82
2008,5,29,20,30,29,93,1006,992,992,93,1006,14.030000000000001
2008,5,29,21,30,28.8,88,861,965,965,88,861,13.6
2008,5,29,22,30,28.200000000000003,79,664,917,917,79,664,13.530000000000001
2008,5,29,23,30,27,67,434,830,830,67,434,14.13
2008,5,30,0,30,24.400000000000002,47,194,646,646,47,194,16.2
2008,5,30,1,30,21.200000000000003,0,0,0,0,0,0,20.64
2008,5,30,2,30,19.400000000000002,0,0,0,0,0,0,23.28
2008,5,30,3,30,18.1,0,0,0,0,0,0,25.830000000000002
2008,5,30,4,30,17,0,0,0,0,0,0,30.13
2008,5,30,5,30,15.9,0,0,0,0,0,0,37.230000000000004
2008,5,30,6,30,14.8,0,0,0,0,0,0,46.44
2008,5,30,7,30,13.8,0,0,0,0,0,0,56.34
2008,5,30,8,30,12.9,0,0,0,0,0,0,65.41
2008,5,30,9,30,12.200000000000001,0,0,0,0,0,0,72.10000000000001
2008,5,30,10,30,11.600000000000001,0,0,0,0,0,0,76.98
2008,5,30,11,30,11.4,0,0,0,0,0,0,78.87
2008,5,30,12,30,12.9,24,54,379,379,24,54,71.45
2008,5,30,13,30,16.6,51,275,747,747,51,275,55.57
2008,5,30,14,30,21,65,516,883,883,65,516,37.76
2008,5,30,15,30,24.400000000000002,75,737,951,951,75,737,25.54
2008,5,30,16,30,26.700000000000003,81,918,989,989,81,918,19.71
2008,5,30,17,30,28.200000000000003,86,1042,1009,1009,86,1042,17.150000000000002
2008,5,30,18,30,29.3,87,1101,1018,1018,87,1101,15.55
2008,5,30,19,30,30,87,1090,1016,1016,87,1090,14.57
2008,5,30,20,30,30.3,85,1005,1000,1000,85,1005,14.040000000000001
2008,5,30,21,30,30.1,79,861,976,976,79,861,13.88
2008,5,30,22,30,29.5,72,666,929,929,72,666,14
2008,5,30,23,30,28.3,61,436,844,844,61,436,14.8
2008,5,31,0,30,25.700000000000003,44,196,667,667,44,196,17.16
2008,5,31,1,30,22.700000000000003,0,0,0,0,0,0,21.5
2008,5,31,2,30,20.900000000000002,0,0,0,0,0,0,24.97
2008,5,31,3,30,19.6,0,0,0,0,0,0,28.240000000000002
2008,5,31,4,30,18.3,0,0,0,0,0,0,32.52
2008,5,31,5,30,17.2,0,0,0,0,0,0,38.29
2008,5,31,6,30,16.2,0,0,0,0,0,0,46.11
2008,5,31,7,30,15.4,0,0,0,0,0,0,55
2008,5,31,8,30,14.700000000000001,0,0,0,0,0,0,65.01
2008,5,31,9,30,14,0,0,0,0,0,0,73.49
2008,5,31,10,30,13.4,0,0,0,0,0,0,79.42
2008,5,31,11,30,13.3,0,0,0,0,0,0,81.44
2008,5,31,12,30,15,24,53,357,357,24,53,73.08
2008,5,31,13,30,18.7,53,270,723,723,53,270,56.83
2008,5,31,14,30,22.900000000000002,68,508,862,862,68,508,39.58
2008,5,31,15,30,26,78,728,933,933,78,728,27.57
2008,5,31,16,30,28.1,85,910,976,976,85,910,22.150000000000002
2008,5,31,17,30,29.6,89,1034,997,997,89,1034,19.36
2008,5,31,18,30,30.700000000000003,97,1091,998,998,97,1091,17.54
2008,5,31,19,30,31.400000000000002,96,1077,994,994,96,1077,16.34
2008,5,31,20,30,31.6,93,996,981,981,93,996,15.76
2008,5,31,21,30,31.400000000000002,86,854,957,957,86,854,15.58
2008,5,31,22,30,30.6,78,657,905,905,78,657,16.02
2008,5,31,23,30,29.400000000000002,67,429,814,814,67,429,16.88
2008,6,1,0,30,27.1,49,191,615,0,68,68,19.1
2008,6,1,1,30,24.5,0,0,0,0,0,0,22.89
2008,6,1,2,30,22.900000000000002,0,0,0,0,0,0,25.830000000000002
2008,6,1,3,30,21.400000000000002,0,0,0,0,0,0,28.86
2008,6,1,4,30,19.8,0,0,0,0,0,0,32.230000000000004
2008,6,1,5,30,18.400000000000002,0,0,0,0,0,0,36.04
2008,6,1,6,30,17.3,0,0,0,0,0,0,41.24
2008,6,1,7,30,16.400000000000002,0,0,0,0,0,0,47.980000000000004
2008,6,1,8,30,15.700000000000001,0,0,0,0,0,0,54.26
2008,6,1,9,30,15.100000000000001,0,0,0,0,0,0,59.53
2008,6,1,10,30,14.8,0,0,0,0,0,0,63.58
2008,6,1,11,30,14.8,0,0,0,0,0,0,66.99
2008,6,1,12,30,16.3,25,52,330,1,35,35,62.81
2008,6,1,13,30,19.6,55,266,705,705,55,266,51.27
2008,6,1,14,30,23.5,69,505,855,855,69,505,36.38
2008,6,1,15,30,26.700000000000003,78,727,933,933,78,727,24.91
2008,6,1,16,30,28.8,83,907,975,975,83,907,20.36
2008,6,1,17,30,30.400000000000002,85,1035,1002,1002,85,1035,17.900000000000002
2008,6,1,18,30,31.5,87,1093,1010,1010,87,1093,15.93
2008,6,1,19,30,32.2,86,1083,1010,1010,86,1083,14.370000000000001
2008,6,1,20,30,32.4,82,1006,1003,1003,82,1006,13.370000000000001
2008,6,1,21,30,32.2,79,862,975,975,79,862,12.69
2008,6,1,22,30,31.5,72,667,930,640,247,657,12.48
2008,6,1,23,30,30.3,60,439,849,478,193,406,12.67
2008,6,2,0,30,27.5,43,199,676,315,105,177,14.19
2008,6,2,1,30,24.200000000000003,0,0,0,0,0,0,17.55
2008,6,2,2,30,22.3,0,0,0,0,0,0,19.42
2008,6,2,3,30,21.200000000000003,0,0,0,0,0,0,20.71
2008,6,2,4,30,20,0,0,0,0,0,0,24.25
2008,6,2,5,30,18.5,0,0,0,0,0,0,32.34
2008,6,2,6,30,17.2,0,0,0,0,0,0,43.96
2008,6,2,7,30,16,0,0,0,0,0,0,54.04
2008,6,2,8,30,15.200000000000001,0,0,0,0,0,0,62.54
2008,6,2,9,30,14.4,0,0,0,0,0,0,70.82000000000001
2008,6,2,10,30,13.5,0,0,0,0,0,0,77.52
2008,6,2,11,30,13.100000000000001,0,0,0,0,0,0,80.97
2008,6,2,12,30,14.3,24,55,382,1,35,35,75.73
2008,6,2,13,30,17.6,50,274,744,82,169,194,57.15
2008,6,2,14,30,21.8,64,513,881,881,64,513,35.550000000000004
2008,6,2,15,30,26,72,734,950,950,72,734,21.06
2008,6,2,16,30,29.1,78,918,993,993,78,918,16.06
2008,6,2,17,30,30.8,81,1043,1015,1015,81,1043,14.46
2008,6,2,18,30,31.900000000000002,94,1099,1008,1008,94,1099,13.4
2008,6,2,19,30,32.6,94,1088,1007,1007,94,1088,12.47
2008,6,2,20,30,32.9,92,1007,993,993,92,1007,11.75
2008,6,2,21,30,32.7,83,865,973,973,83,865,11.4
2008,6,2,22,30,32,76,669,925,925,76,669,11.41
2008,6,2,23,30,30.700000000000003,64,440,841,841,64,440,11.88
2008,6,3,0,30,27.8,46,200,660,660,46,200,13.700000000000001
2008,6,3,1,30,24.3,0,0,0,0,0,0,17.400000000000002
2008,6,3,2,30,22.3,0,0,0,0,0,0,19.46
2008,6,3,3,30,21,0,0,0,0,0,0,21.06
2008,6,3,4,30,19.700000000000003,0,0,0,0,0,0,24.85
2008,6,3,5,30,18.400000000000002,0,0,0,0,0,0,32.980000000000004
2008,6,3,6,30,17.1,0,0,0,0,0,0,44.88
2008,6,3,7,30,16,0,0,0,0,0,0,56.44
2008,6,3,8,30,15,0,0,0,0,0,0,65.09
2008,6,3,9,30,14.200000000000001,0,0,0,0,0,0,71.93
2008,6,3,10,30,13.600000000000001,0,0,0,0,0,0,77.19
2008,6,3,11,30,13.3,0,0,0,0,0,0,79.93
2008,6,3,12,30,14.8,23,55,393,1,35,35,72.64
2008,6,3,13,30,18.5,49,273,746,13,156,160,53.44
2008,6,3,14,30,23.1,63,512,879,255,271,401,34.660000000000004
2008,6,3,15,30,27,73,734,950,950,73,734,23.17
2008,6,3,16,30,29.400000000000002,79,917,991,991,79,917,18.17
2008,6,3,17,30,31,82,1042,1013,1013,82,1042,15.48
2008,6,3,18,30,32.2,80,1106,1030,1030,80,1106,13.55
2008,6,3,19,30,32.9,79,1096,1030,1030,79,1096,12.05
2008,6,3,20,30,33.2,75,1016,1020,1020,75,1016,10.950000000000001
2008,6,3,21,30,33.1,79,874,989,989,79,874,10.14
2008,6,3,22,30,32.4,71,678,944,944,71,678,9.75
2008,6,3,23,30,31.1,60,448,865,865,60,448,9.71
2008,6,4,0,30,27.900000000000002,44,207,701,701,44,207,10.86
2008,6,4,1,30,24.1,10,13,170,170,10,13,14.01
2008,6,4,2,30,22,0,0,0,0,0,0,15.44
2008,6,4,3,30,20.5,0,0,0,0,0,0,16.63
2008,6,4,4,30,19,0,0,0,0,0,0,19.19
2008,6,4,5,30,17.8,0,0,0,0,0,0,24.3
2008,6,4,6,30,16.7,0,0,0,0,0,0,33.78
2008,6,4,7,30,15.8,0,0,0,0,0,0,46.67
2008,6,4,8,30,15,0,0,0,0,0,0,59.13
2008,6,4,9,30,14.3,0,0,0,0,0,0,67.64
2008,6,4,10,30,13.8,0,0,0,0,0,0,71.61
2008,6,4,11,30,13.700000000000001,0,0,0,0,0,0,72.08
2008,6,4,12,30,15.5,23,57,412,7,37,37,64.46000000000001
2008,6,4,13,30,19.6,49,277,763,214,142,206,50.21
2008,6,4,14,30,24.3,63,518,892,519,169,433,35.78
2008,6,4,15,30,28.200000000000003,73,739,957,368,358,615,21.98
2008,6,4,16,30,30.700000000000003,80,920,994,397,441,777,14.82
2008,6,4,17,30,32.2,85,1045,1013,371,517,869,12.49
2008,6,4,18,30,33.4,95,1098,1007,789,258,1044,11.02
2008,6,4,19,30,34.2,96,1087,1004,1004,96,1087,10.05
2008,6,4,20,30,34.5,95,1007,989,989,95,1007,9.53
2008,6,4,21,30,34.300000000000004,88,864,965,965,88,864,9.32
2008,6,4,22,30,33.6,81,669,915,915,81,669,9.41
2008,6,4,23,30,32.2,70,440,824,824,70,440,9.94
2008,6,5,0,30,29.1,51,200,636,636,51,200,11.73
2008,6,5,1,30,25.6,11,13,100,100,11,13,15.200000000000001
2008,6,5,2,30,23.5,0,0,0,0,0,0,17.16
2008,6,5,3,30,22.1,0,0,0,0,0,0,18.8
2008,6,5,4,30,20.8,0,0,0,0,0,0,20.85
2008,6,5,5,30,19.6,0,0,0,0,0,0,23.75
2008,6,5,6,30,18.6,0,0,0,0,0,0,29.44
2008,6,5,7,30,17.7,0,0,0,0,0,0,39.93
2008,6,5,8,30,16.900000000000002,0,0,0,0,0,0,54.4
2008,6,5,9,30,16.1,0,0,0,0,0,0,68.25
2008,6,5,10,30,15.4,0,0,0,0,0,0,78.27
2008,6,5,11,30,15.200000000000001,0,0,0,0,0,0,82.91
2008,6,5,12,30,16.6,27,52,302,10,39,40,77.32000000000001
2008,6,5,13,30,19.900000000000002,59,265,687,5,134,136,61.52
2008,6,5,14,30,23.5,75,503,839,218,281,393,43.550000000000004
2008,6,5,15,30,26.700000000000003,85,725,920,601,283,701,30.6
2008,6,5,16,30,29.400000000000002,92,905,963,963,92,905,23.03
2008,6,5,17,30,31.5,96,1030,986,986,96,1030,18.25
2008,6,5,18,30,33.1,105,1088,987,987,105,1088,15.18
2008,6,5,19,30,34,105,1078,985,985,105,1078,13.370000000000001
2008,6,5,20,30,34.5,103,998,971,971,103,998,12.17
2008,6,5,21,30,34.300000000000004,103,850,928,928,103,850,11.700000000000001
2008,6,5,22,30,33.6,96,657,870,870,96,657,11.81
2008,6,5,23,30,32.2,84,427,763,763,84,427,12.65
2008,6,6,0,30,29.700000000000003,62,191,547,167,125,164,14.71
2008,6,6,1,30,27,11,12,49,0,6,6,18.150000000000002
2008,6,6,2,30,25.3,0,0,0,0,0,0,20.96
2008,6,6,3,30,24.1,0,0,0,0,0,0,22.93
2008,6,6,4,30,22.6,0,0,0,0,0,0,25.76
2008,6,6,5,30,21.200000000000003,0,0,0,0,0,0,30.34
2008,6,6,6,30,20,0,0,0,0,0,0,38.61
2008,6,6,7,30,19,0,0,0,0,0,0,47.96
2008,6,6,8,30,18.1,0,0,0,0,0,0,56.18
2008,6,6,9,30,17.3,0,0,0,0,0,0,62.14
2008,6,6,10,30,16.6,0,0,0,0,0,0,66.2
2008,6,6,11,30,16.5,0,0,0,0,0,0,65.89
2008,6,6,12,30,18.5,28,50,275,275,28,50,55.69
2008,6,6,13,30,21.700000000000003,62,261,664,664,62,261,41.58
2008,6,6,14,30,24.700000000000003,79,498,823,823,79,498,30.810000000000002
2008,6,6,15,30,27.5,89,717,903,903,89,717,26.42
2008,6,6,16,30,29.8,95,899,951,951,95,899,23.85
2008,6,6,17,30,31.5,99,1023,976,976,99,1023,21.03
2008,6,6,18,30,32.7,102,1083,985,985,102,1083,18.52
2008,6,6,19,30,33.300000000000004,102,1072,983,983,102,1072,16.64
2008,6,6,20,30,33.5,100,990,965,965,100,990,15.32
2008,6,6,21,30,33.300000000000004,96,849,935,935,96,849,14.47
2008,6,6,22,30,32.5,89,657,880,880,89,657,14.290000000000001
2008,6,6,23,30,31.200000000000003,78,430,780,780,78,430,14.68
2008,6,7,0,30,28.900000000000002,57,195,580,580,57,195,16.23
2008,6,7,1,30,26.400000000000002,12,13,66,0,6,6,19.14
2008,6,7,2,30,24.1,0,0,0,0,0,0,25.2
2008,6,7,3,30,21.8,0,0,0,0,0,0,39.06
2008,6,7,4,30,19.900000000000002,0,0,0,0,0,0,56.43
2008,6,7,5,30,18.7,0,0,0,0,0,0,68.09
2008,6,7,6,30,18,0,0,0,0,0,0,74.54
2008,6,7,7,30,17.400000000000002,0,0,0,0,0,0,79.51
2008,6,7,8,30,16.900000000000002,0,0,0,0,0,0,83.4
2008,6,7,9,30,16.6,0,0,0,0,0,0,85.58
2008,6,7,10,30,16.2,0,0,0,0,0,0,87.19
2008,6,7,11,30,16,0,0,0,0,0,0,87.09
2008,6,7,12,30,17,23,53,368,11,39,40,80.69
2008,6,7,13,30,19.400000000000002,48,266,726,82,166,191,66.72
2008,6,7,14,30,22.1,61,500,862,862,61,500,51.1
2008,6,7,15,30,24.8,69,713,927,927,69,713,38.42
2008,6,7,16,30,26.900000000000002,74,888,964,964,74,888,31.34
2008,6,7,17,30,28.3,76,1008,984,984,76,1008,28.16
2008,6,7,18,30,29.1,89,1062,977,347,523,869,26.84
2008,6,7,19,30,29.1,88,1050,974,180,523,701,26.810000000000002
2008,6,7,20,30,28.5,87,971,957,1,299,300,27.95
2008,6,7,21,30,27.6,76,833,939,9,364,371,30.03
2008,6,7,22,30,26.6,68,646,895,1,234,235,32.65
2008,6,7,23,30,25.5,58,426,814,0,108,108,35.83
2008,6,8,0,30,24,42,197,650,16,119,122,40.28
2008,6,8,1,30,22.6,11,15,173,0,6,6,45.35
2008,6,8,2,30,21.5,0,0,0,0,0,0,50.370000000000005
2008,6,8,3,30,20.200000000000003,0,0,0,0,0,0,56.32
2008,6,8,4,30,18.900000000000002,0,0,0,0,0,0,62.690000000000005
2008,6,8,5,30,17.7,0,0,0,0,0,0,68.89
2008,6,8,6,30,16.8,0,0,0,0,0,0,74.07000000000001
2008,6,8,7,30,16.2,0,0,0,0,0,0,78.52
2008,6,8,8,30,15.700000000000001,0,0,0,0,0,0,82.74
2008,6,8,9,30,15.3,0,0,0,0,0,0,86.25
2008,6,8,10,30,15,0,0,0,0,0,0,89.08
2008,6,8,11,30,15,0,0,0,0,0,0,89.4
2008,6,8,12,30,16.1,23,52,361,361,23,52,83.02
2008,6,8,13,30,18.3,49,259,702,702,49,259,70.66
2008,6,8,14,30,20.8,63,489,837,837,63,489,58.230000000000004
2008,6,8,15,30,23.200000000000003,71,701,906,178,384,507,47.730000000000004
2008,6,8,16,30,25,77,875,945,350,422,718,40.35
2008,6,8,17,30,26.200000000000003,81,996,967,967,81,996,36.18
2008,6,8,18,30,26.8,81,1055,978,0,268,268,34.24
2008,6,8,19,30,27,79,1046,978,494,352,839,33.65
2008,6,8,20,30,26.8,76,970,968,968,76,970,34.14
2008,6,8,21,30,26.3,68,833,948,426,308,652,35.63
2008,6,8,22,30,25.400000000000002,60,646,906,171,355,466,38.37
2008,6,8,23,30,24.200000000000003,52,427,828,318,179,323,42.36
2008,6,9,0,30,22.900000000000002,38,199,670,1,43,43,47.52
2008,6,9,1,30,21.6,11,16,210,0,6,6,54.660000000000004
2008,6,9,2,30,20.5,0,0,0,0,0,0,62.63
2008,6,9,3,30,19.400000000000002,0,0,0,0,0,0,69.53
2008,6,9,4,30,18.2,0,0,0,0,0,0,75.82000000000001
2008,6,9,5,30,16.900000000000002,0,0,0,0,0,0,81.57000000000001
2008,6,9,6,30,15.8,0,0,0,0,0,0,86.36
2008,6,9,7,30,14.9,0,0,0,0,0,0,90.41
2008,6,9,8,30,14.3,0,0,0,0,0,0,92.92
2008,6,9,9,30,13.9,0,0,0,0,0,0,93.98
2008,6,9,10,30,13.700000000000001,0,0,0,0,0,0,93.64
2008,6,9,11,30,13.600000000000001,0,0,0,0,0,0,93.25
2008,6,9,12,30,14.200000000000001,22,52,370,0,12,12,89.18
2008,6,9,13,30,15.5,48,259,706,3,73,74,81.7
2008,6,9,14,30,17.400000000000002,61,487,838,17,168,176,71.38
2008,6,9,15,30,19.900000000000002,69,701,910,14,232,242,60.27
2008,6,9,16,30,22.200000000000003,73,877,953,8,280,287,52.13
2008,6,9,17,30,23.900000000000002,76,999,975,237,416,641,46.99
2008,6,9,18,30,24.8,80,1055,978,168,467,634,44.69
2008,6,9,19,30,24.900000000000002,81,1046,976,683,252,927,44.68
2008,6,9,20,30,24.3,79,968,961,20,405,423,46.4
2008,6,9,21,30,23.3,76,831,934,1,153,153,49.33
2008,6,9,22,30,22,69,644,888,1,123,124,54.11
2008,6,9,23,30,20.6,59,425,805,4,120,122,59.92
2008,6,10,0,30,19,44,198,639,0,29,29,68.29
2008,6,10,1,30,17.8,12,16,163,0,6,6,78.83
2008,6,10,2,30,17.1,0,0,0,0,0,0,86.13
2008,6,10,3,30,16.7,0,0,0,0,0,0,89.61
2008,6,10,4,30,16.2,0,0,0,0,0,0,92.66
2008,6,10,5,30,15.8,0,0,0,0,0,0,94.67
2008,6,10,6,30,15.4,0,0,0,0,0,0,96.19
2008,6,10,7,30,15.100000000000001,0,0,0,0,0,0,97.19
2008,6,10,8,30,14.8,0,0,0,0,0,0,98.36
2008,6,10,9,30,14.5,0,0,0,0,0,0,99.10000000000001
2008,6,10,10,30,14.3,0,0,0,0,0,0,98.69
2008,6,10,11,30,14.100000000000001,0,0,0,0,0,0,99.12
2008,6,10,12,30,14.600000000000001,23,53,378,0,20,20,95.35000000000001
2008,6,10,13,30,15.9,48,264,722,51,138,153,85.77
2008,6,10,14,30,17.8,62,495,853,76,281,320,72.55
2008,6,10,15,30,19.8,72,711,922,91,371,434,59.47
2008,6,10,16,30,21.5,78,888,960,618,251,772,49.72
2008,6,10,17,30,22.8,82,1013,984,503,326,802,43.19
2008,6,10,18,30,23.6,82,1073,994,561,300,859,38.93
2008,6,10,19,30,23.900000000000002,83,1064,992,165,479,642,36.58
2008,6,10,20,30,23.8,80,987,981,1,224,225,35.5
2008,6,10,21,30,23.3,75,849,958,293,381,618,35.54
2008,6,10,22,30,22.700000000000003,67,661,915,41,291,318,36.25
2008,6,10,23,30,21.700000000000003,57,439,839,112,228,279,38.61
2008,6,11,0,30,20,41,207,682,15,95,98,46.09
2008,6,11,1,30,18.3,12,18,215,0,9,9,58.67
2008,6,11,2,30,17.400000000000002,0,0,0,0,0,0,62.65
2008,6,11,3,30,16.8,0,0,0,0,0,0,65.44
2008,6,11,4,30,16.3,0,0,0,0,0,0,68.28
2008,6,11,5,30,15.9,0,0,0,0,0,0,70.77
2008,6,11,6,30,15.4,0,0,0,0,0,0,73.99
2008,6,11,7,30,15,0,0,0,0,0,0,77.23
2008,6,11,8,30,14.5,0,0,0,0,0,0,81.98
2008,6,11,9,30,14.200000000000001,0,0,0,0,0,0,86.34
2008,6,11,10,30,13.8,0,0,0,0,0,0,91.15
2008,6,11,11,30,13.700000000000001,0,0,0,0,0,0,93.37
2008,6,11,12,30,14.5,24,52,345,3,30,30,89.49
2008,6,11,13,30,16.400000000000002,51,261,702,431,104,232,78.71000000000001
2008,6,11,14,30,19.1,66,493,841,282,224,367,62.28
2008,6,11,15,30,21.700000000000003,75,707,912,447,252,562,48.730000000000004
2008,6,11,16,30,23.700000000000003,81,883,951,504,301,726,41.300000000000004
2008,6,11,17,30,25.200000000000003,86,1006,973,511,320,803,36.94
2008,6,11,18,30,26,97,1066,973,642,251,890,34.58
2008,6,11,19,30,26.400000000000002,96,1057,972,315,437,749,33.28
2008,6,11,20,30,26.3,92,981,961,3,292,294,33.2
2008,6,11,21,30,25.900000000000002,87,843,935,2,211,213,33.46
2008,6,11,22,30,25.200000000000003,80,653,883,113,327,401,34.39
2008,6,11,23,30,24.200000000000003,68,432,797,23,186,197,36.300000000000004
2008,6,12,0,30,22.6,50,201,619,50,121,134,40.52
2008,6,12,1,30,20.900000000000002,13,17,134,0,10,10,54.1
2008,6,12,2,30,19.6,0,0,0,0,0,0,58.730000000000004
2008,6,12,3,30,18.5,0,0,0,0,0,0,60.67
2008,6,12,4,30,17.3,0,0,0,0,0,0,64.67
2008,6,12,5,30,16.400000000000002,0,0,0,0,0,0,68.42
2008,6,12,6,30,15.600000000000001,0,0,0,0,0,0,72.26
2008,6,12,7,30,14.8,0,0,0,0,0,0,76
2008,6,12,8,30,14.100000000000001,0,0,0,0,0,0,79.13
2008,6,12,9,30,13.5,0,0,0,0,0,0,81.94
2008,6,12,10,30,13.100000000000001,0,0,0,0,0,0,83.79
2008,6,12,11,30,13.200000000000001,0,0,0,0,0,0,83.11
2008,6,12,12,30,15.100000000000001,24,52,346,0,16,16,73.7
2008,6,12,13,30,18.8,52,263,708,0,34,34,58.19
2008,6,12,14,30,22.5,67,499,851,499,214,467,43.59
2008,6,12,15,30,25,75,718,927,927,75,718,35.72
2008,6,12,16,30,26.700000000000003,81,896,967,967,81,896,30.82
2008,6,12,17,30,28.200000000000003,85,1021,989,4,418,422,26.990000000000002
2008,6,12,18,30,29.200000000000003,87,1084,1001,170,522,691,24.26
2008,6,12,19,30,29.900000000000002,87,1072,997,997,87,1072,22.13
2008,6,12,20,30,30.1,85,995,984,756,260,959,20.8
2008,6,12,21,30,29.900000000000002,81,856,957,0,240,240,20.1
2008,6,12,22,30,29.200000000000003,74,667,911,911,74,667,20.14
2008,6,12,23,30,27.900000000000002,64,443,829,829,64,443,20.990000000000002
2008,6,13,0,30,25.3,47,208,659,659,47,208,23.96
2008,6,13,1,30,22.3,13,18,171,171,13,18,34.33
2008,6,13,2,30,20.8,0,0,0,0,0,0,38.27
2008,6,13,3,30,19.900000000000002,0,0,0,0,0,0,39.550000000000004
2008,6,13,4,30,18.900000000000002,0,0,0,0,0,0,43.9
2008,6,13,5,30,17.8,0,0,0,0,0,0,52.02
2008,6,13,6,30,16.900000000000002,0,0,0,0,0,0,60.52
2008,6,13,7,30,16.1,0,0,0,0,0,0,68.11
2008,6,13,8,30,15.4,0,0,0,0,0,0,76.18
2008,6,13,9,30,14.8,0,0,0,0,0,0,83.10000000000001
2008,6,13,10,30,14.3,0,0,0,0,0,0,88.24
2008,6,13,11,30,14.200000000000001,0,0,0,0,0,0,90.21000000000001
2008,6,13,12,30,15.700000000000001,23,53,364,364,23,53,82.98
2008,6,13,13,30,19,50,266,728,728,50,266,67.49
2008,6,13,14,30,22.400000000000002,63,501,865,865,63,501,52.32
2008,6,13,15,30,25.1,72,718,933,933,72,718,39.84
2008,6,13,16,30,27.1,78,897,972,972,78,897,31.77
2008,6,13,17,30,28.6,82,1021,993,779,244,980,27.36
2008,6,13,18,30,29.6,84,1079,999,999,84,1079,24.98
2008,6,13,19,30,30.200000000000003,85,1070,997,997,85,1070,23.490000000000002
2008,6,13,20,30,30.3,84,991,981,274,517,771,22.82
2008,6,13,21,30,30,83,852,949,439,384,740,22.64
2008,6,13,22,30,29.3,77,661,898,84,356,411,23.25
2008,6,13,23,30,28,67,439,811,811,67,439,24.810000000000002
2008,6,14,0,30,25.900000000000002,49,206,637,637,49,206,28.03
2008,6,14,1,30,23.900000000000002,14,18,151,0,10,10,34.59
2008,6,14,2,30,23,0,0,0,0,0,0,38.32
2008,6,14,3,30,22.400000000000002,0,0,0,0,0,0,39.4
2008,6,14,4,30,21.5,0,0,0,0,0,0,41.550000000000004
2008,6,14,5,30,20.5,0,0,0,0,0,0,44.89
2008,6,14,6,30,19.3,0,0,0,0,0,0,49.82
2008,6,14,7,30,18,0,0,0,0,0,0,56.85
2008,6,14,8,30,16.7,0,0,0,0,0,0,65.83
2008,6,14,9,30,15.700000000000001,0,0,0,0,0,0,74.22
2008,6,14,10,30,14.9,0,0,0,0,0,0,81.56
2008,6,14,11,30,14.5,0,0,0,0,0,0,86.32000000000001
2008,6,14,12,30,15.8,23,53,370,370,23,53,80.92
2008,6,14,13,30,18.7,49,267,734,734,49,267,65.03
2008,6,14,14,30,21.8,61,502,869,869,61,502,49.38
2008,6,14,15,30,24.3,69,719,938,938,69,719,39.15
2008,6,14,16,30,26.200000000000003,75,897,976,976,75,897,32.21
2008,6,14,17,30,27.700000000000003,79,1022,996,996,79,1022,27.740000000000002
2008,6,14,18,30,28.8,91,1077,991,991,91,1077,25.18
2008,6,14,19,30,29.5,90,1069,989,989,90,1069,23.740000000000002
2008,6,14,20,30,29.700000000000003,87,990,975,975,87,990,23.18
2008,6,14,21,30,29.5,87,851,943,943,87,851,23.1
2008,6,14,22,30,28.8,80,662,893,893,80,662,23.63
2008,6,14,23,30,27.6,69,439,806,806,69,439,24.69
2008,6,15,0,30,25.5,52,205,622,622,52,205,27.38
2008,6,15,1,30,23.400000000000002,14,18,131,0,10,10,33.15
2008,6,15,2,30,22.3,0,0,0,0,0,0,37.6
2008,6,15,3,30,21.6,0,0,0,0,0,0,41.29
2008,6,15,4,30,20.8,0,0,0,0,0,0,46.050000000000004
2008,6,15,5,30,19.6,0,0,0,0,0,0,52.17
2008,6,15,6,30,18.1,0,0,0,0,0,0,60.89
2008,6,15,7,30,16.7,0,0,0,0,0,0,69.5
2008,6,15,8,30,15.700000000000001,0,0,0,0,0,0,76.16
2008,6,15,9,30,15,0,0,0,0,0,0,81.37
2008,6,15,10,30,14.3,0,0,0,0,0,0,86.57000000000001
2008,6,15,11,30,14.200000000000001,0,0,0,0,0,0,88.03
2008,6,15,12,30,15.700000000000001,24,51,339,339,24,51,80.44
2008,6,15,13,30,18.7,52,261,705,705,52,261,64.69
2008,6,15,14,30,21.700000000000003,65,496,852,852,65,496,50.08
2008,6,15,15,30,24,70,714,930,930,70,714,41.25
2008,6,15,16,30,25.700000000000003,75,894,973,973,75,894,35.47
2008,6,15,17,30,27,78,1018,995,995,78,1018,31.5
2008,6,15,18,30,28.1,81,1079,1002,1002,81,1079,28.580000000000002
2008,6,15,19,30,28.8,80,1071,1002,1002,80,1071,26.48
2008,6,15,20,30,29.200000000000003,77,996,991,991,77,996,25
2008,6,15,21,30,29.1,73,858,968,968,73,858,24.240000000000002
2008,6,15,22,30,28.5,67,668,921,921,67,668,24.32
2008,6,15,23,30,27.400000000000002,58,446,842,842,58,446,25.29
2008,6,16,0,30,25.400000000000002,44,212,679,679,44,212,27.89
2008,6,16,1,30,23.400000000000002,13,20,206,206,13,20,34.06
2008,6,16,2,30,22.400000000000002,0,0,0,0,0,0,37.160000000000004
2008,6,16,3,30,21.8,0,0,0,0,0,0,37.79
2008,6,16,4,30,20.900000000000002,0,0,0,0,0,0,40.42
2008,6,16,5,30,19.900000000000002,0,0,0,0,0,0,45.36
2008,6,16,6,30,18.900000000000002,0,0,0,0,0,0,51.6
2008,6,16,7,30,17.900000000000002,0,0,0,0,0,0,58.01
2008,6,16,8,30,17.1,0,0,0,0,0,0,63.26
2008,6,16,9,30,16.2,0,0,0,0,0,0,69.19
2008,6,16,10,30,15.200000000000001,0,0,0,0,0,0,76.57000000000001
2008,6,16,11,30,15,0,0,0,0,0,0,80.03
2008,6,16,12,30,16.7,23,53,375,375,23,53,73.35000000000001
2008,6,16,13,30,20.1,49,268,739,739,49,268,58.57
2008,6,16,14,30,23.3,62,505,876,876,62,505,41.6
2008,6,16,15,30,25.6,71,726,949,949,71,726,30.12
2008,6,16,16,30,27.200000000000003,77,907,986,986,77,907,25.02
2008,6,16,17,30,28.5,81,1029,1003,1003,81,1029,22.09
2008,6,16,18,30,29.5,87,1090,1007,1007,87,1090,20.34
2008,6,16,19,30,30.1,87,1079,1003,1003,87,1079,19.56
2008,6,16,20,30,30.3,85,1000,987,987,85,1000,19.330000000000002
2008,6,16,21,30,30.200000000000003,79,862,965,965,79,862,19.31
2008,6,16,22,30,29.5,72,671,916,916,72,671,19.8
2008,6,16,23,30,28.400000000000002,63,447,834,834,63,447,20.51
2008,6,17,0,30,26.1,48,212,661,661,48,212,22.82
2008,6,17,1,30,23.5,14,20,184,184,14,20,29.28
2008,6,17,2,30,22.1,0,0,0,0,0,0,31.68
2008,6,17,3,30,21,0,0,0,0,0,0,32.410000000000004
2008,6,17,4,30,19.700000000000003,0,0,0,0,0,0,36.87
2008,6,17,5,30,18.400000000000002,0,0,0,0,0,0,44.38
2008,6,17,6,30,17.5,0,0,0,0,0,0,51.44
2008,6,17,7,30,16.7,0,0,0,0,0,0,58.28
2008,6,17,8,30,15.8,0,0,0,0,0,0,67.89
2008,6,17,9,30,15.100000000000001,0,0,0,0,0,0,77.8
2008,6,17,10,30,14.5,0,0,0,0,0,0,85.93
2008,6,17,11,30,14.5,0,0,0,0,0,0,88.99
2008,6,17,12,30,16.400000000000002,24,51,334,334,24,51,80.19
2008,6,17,13,30,19.900000000000002,54,261,700,700,54,261,63.81
2008,6,17,14,30,23.3,69,497,848,848,69,497,48.6
2008,6,17,15,30,25.900000000000002,78,715,922,922,78,715,36.31
2008,6,17,16,30,27.700000000000003,85,897,966,966,85,897,28.66
2008,6,17,17,30,29.1,90,1023,988,988,90,1023,23.52
2008,6,17,18,30,30,91,1085,998,998,91,1085,20.580000000000002
2008,6,17,19,30,30.6,90,1078,999,999,90,1078,18.6
2008,6,17,20,30,30.8,87,1002,987,987,87,1002,17.29
2008,6,17,21,30,30.700000000000003,78,865,968,968,78,865,16.36
2008,6,17,22,30,30.1,70,676,927,927,70,676,15.75
2008,6,17,23,30,29,60,455,855,855,60,455,15.39
2008,6,18,0,30,26.1,44,218,696,284,115,186,17.22
2008,6,18,1,30,22.8,14,21,225,225,14,21,26.97
2008,6,18,2,30,21.1,0,0,0,0,0,0,31.85
2008,6,18,3,30,20.1,0,0,0,0,0,0,33.46
2008,6,18,4,30,18.8,0,0,0,0,0,0,36.44
2008,6,18,5,30,17.5,0,0,0,0,0,0,42.31
2008,6,18,6,30,16.7,0,0,0,0,0,0,49.74
2008,6,18,7,30,15.9,0,0,0,0,0,0,61.6
2008,6,18,8,30,15.100000000000001,0,0,0,0,0,0,74.22
2008,6,18,9,30,14.4,0,0,0,0,0,0,83.10000000000001
2008,6,18,10,30,13.8,0,0,0,0,0,0,89.48
2008,6,18,11,30,13.700000000000001,0,0,0,0,0,0,91.66
2008,6,18,12,30,15.5,26,49,290,290,26,49,82.58
2008,6,18,13,30,19.1,59,257,673,673,59,257,65.14
2008,6,18,14,30,23,75,492,828,828,75,492,43.14
2008,6,18,15,30,25.8,84,713,911,911,84,713,28.71
2008,6,18,16,30,27.700000000000003,88,893,957,957,88,893,24.48
2008,6,18,17,30,29.200000000000003,90,1022,987,987,90,1022,22.31
2008,6,18,18,30,30.3,99,1083,988,988,99,1083,20.25
2008,6,18,19,30,31,100,1072,982,982,100,1072,18.41
2008,6,18,20,30,31.3,103,989,956,956,103,989,17.330000000000002
2008,6,18,21,30,30.900000000000002,107,844,907,907,107,844,17.42
2008,6,18,22,30,29.8,111,647,820,291,306,497,19.05
2008,6,18,23,30,28.1,101,423,696,696,101,423,22.3
2008,6,19,0,30,25.900000000000002,73,194,483,483,73,194,27.01
2008,6,19,1,30,23.700000000000003,15,18,62,62,15,18,32.88
2008,6,19,2,30,22.1,0,0,0,0,0,0,38.730000000000004
2008,6,19,3,30,20.8,0,0,0,0,0,0,43.03
2008,6,19,4,30,19.700000000000003,0,0,0,0,0,0,46.74
2008,6,19,5,30,18.6,0,0,0,0,0,0,50.69
2008,6,19,6,30,17.8,0,0,0,0,0,0,53.63
2008,6,19,7,30,17.1,0,0,0,0,0,0,55.83
2008,6,19,8,30,16.6,0,0,0,0,0,0,57.1
2008,6,19,9,30,16.1,0,0,0,0,0,0,58.53
2008,6,19,10,30,15.700000000000001,0,0,0,0,0,0,59.75
2008,6,19,11,30,15.9,0,0,0,0,0,0,58.53
2008,6,19,12,30,18,24,49,327,327,24,49,52.6
2008,6,19,13,30,21.8,53,262,711,711,53,262,42.01
2008,6,19,14,30,24.8,66,501,863,863,66,501,33.55
2008,6,19,15,30,26.8,75,720,936,936,75,720,27.64
2008,6,19,16,30,28.400000000000002,80,901,977,977,80,901,23.42
2008,6,19,17,30,29.700000000000003,83,1027,1000,1000,83,1027,20.5
2008,6,19,18,30,30.700000000000003,83,1090,1012,1012,83,1090,18.53
2008,6,19,19,30,31.3,85,1083,1008,1008,85,1083,17.330000000000002
2008,6,19,20,30,31.5,85,1004,991,991,85,1004,16.73
2008,6,19,21,30,31.200000000000003,87,861,952,952,87,861,16.8
2008,6,19,22,30,30.6,83,670,895,895,83,670,17.26
2008,6,19,23,30,29.400000000000002,76,443,792,792,76,443,18.28
2008,6,20,0,30,26.900000000000002,58,208,599,599,58,208,21.19
2008,6,20,1,30,24.1,16,20,125,125,16,20,29.47
2008,6,20,2,30,22.400000000000002,0,0,0,0,0,0,33.79
2008,6,20,3,30,21.3,0,0,0,0,0,0,36.32
2008,6,20,4,30,20.200000000000003,0,0,0,0,0,0,40.09
2008,6,20,5,30,19.3,0,0,0,0,0,0,43.97
2008,6,20,6,30,18.5,0,0,0,0,0,0,49.07
2008,6,20,7,30,17.6,0,0,0,0,0,0,56.730000000000004
2008,6,20,8,30,16.8,0,0,0,0,0,0,63.76
2008,6,20,9,30,16.1,0,0,0,0,0,0,68.47
2008,6,20,10,30,15.5,0,0,0,0,0,0,71.17
2008,6,20,11,30,15.5,0,0,0,0,0,0,70.55
2008,6,20,12,30,17.3,27,45,235,235,27,45,62.300000000000004
2008,6,20,13,30,20.900000000000002,68,248,611,611,68,248,49.36
2008,6,20,14,30,24.5,90,477,771,771,90,477,37.230000000000004
2008,6,20,15,30,26.700000000000003,103,691,854,854,103,691,30.54
2008,6,20,16,30,27.8,119,864,888,888,119,864,28.41
2008,6,20,17,30,28.200000000000003,137,983,896,896,137,983,28.28
2008,6,20,18,30,28.1,143,1044,905,905,143,1044,28.830000000000002
2008,6,20,19,30,27.700000000000003,150,1034,894,6,446,451,29.55
2008,6,20,20,30,27,151,958,870,102,461,556,31.05
2008,6,20,21,30,25.8,143,823,835,19,308,323,33.55
2008,6,20,22,30,24.6,124,639,785,127,302,385,36.160000000000004
2008,6,20,23,30,23.400000000000002,100,425,699,0,16,16,38.76
2008,6,21,0,30,21.900000000000002,69,199,518,302,120,196,41.95
2008,6,21,1,30,20.3,16,19,95,0,14,14,46.15
2008,6,21,2,30,19,0,0,0,0,0,0,49.83
2008,6,21,3,30,18.1,0,0,0,0,0,0,51.67
2008,6,21,4,30,17.8,0,0,0,0,0,0,51.94
2008,6,21,5,30,17.900000000000002,0,0,0,0,0,0,51.95
2008,6,21,6,30,17.7,0,0,0,0,0,0,54.35
2008,6,21,7,30,16.900000000000002,0,0,0,0,0,0,60.28
2008,6,21,8,30,15.9,0,0,0,0,0,0,68.22
2008,6,21,9,30,15.100000000000001,0,0,0,0,0,0,76.53
2008,6,21,10,30,14.4,0,0,0,0,0,0,84.77
2008,6,21,11,30,14.3,0,0,0,0,0,0,89.19
2008,6,21,12,30,16,28,45,228,228,28,45,82.53
2008,6,21,13,30,18.6,68,248,614,134,159,198,69.28
2008,6,21,14,30,21,88,482,785,785,88,482,54.38
2008,6,21,15,30,23,101,700,870,870,101,700,44.45
2008,6,21,16,30,24.700000000000003,108,880,920,638,317,852,38.31
2008,6,21,17,30,26.1,110,1007,950,950,110,1007,33.74
2008,6,21,18,30,27.1,113,1066,958,958,113,1066,30.44
2008,6,21,19,30,27.5,112,1057,955,955,112,1057,28.82
2008,6,21,20,30,27.5,111,980,936,936,111,980,28.05
2008,6,21,21,30,26.900000000000002,115,838,888,888,115,838,28.85
2008,6,21,22,30,25.700000000000003,106,649,828,828,106,649,31.18
2008,6,21,23,30,24,93,428,720,239,245,356,35.7
2008,6,22,0,30,22.200000000000003,68,198,514,0,27,27,41.74
2008,6,22,1,30,20.900000000000002,16,19,79,0,13,13,46.730000000000004
2008,6,22,2,30,20,0,0,0,0,0,0,50.2
2008,6,22,3,30,19.1,0,0,0,0,0,0,53.050000000000004
2008,6,22,4,30,18.3,0,0,0,0,0,0,55.35
2008,6,22,5,30,17.400000000000002,0,0,0,0,0,0,58.230000000000004
2008,6,22,6,30,16.5,0,0,0,0,0,0,61.72
2008,6,22,7,30,15.5,0,0,0,0,0,0,66.49
2008,6,22,8,30,14.5,0,0,0,0,0,0,72.18
2008,6,22,9,30,13.700000000000001,0,0,0,0,0,0,77.51
2008,6,22,10,30,13.100000000000001,0,0,0,0,0,0,82.02
2008,6,22,11,30,13,0,0,0,0,0,0,83.94
2008,6,22,12,30,14.600000000000001,25,46,284,0,29,29,76.98
2008,6,22,13,30,17.2,57,253,671,671,57,253,66.25
2008,6,22,14,30,19.6,73,487,826,465,184,417,53.09
2008,6,22,15,30,21.8,84,703,901,513,239,592,43.44
2008,6,22,16,30,23.6,92,880,939,317,375,641,37.25
2008,6,22,17,30,25.1,97,1003,959,374,488,840,33.02
2008,6,22,18,30,26,113,1061,952,504,451,952,30.51
2008,6,22,19,30,26.5,115,1051,946,109,524,632,29.19
2008,6,22,20,30,26.3,114,974,926,926,114,974,29.42
2008,6,22,21,30,25.8,106,840,900,444,384,746,30.13
2008,6,22,22,30,25.200000000000003,94,655,854,1,237,237,30.51
2008,6,22,23,30,24.400000000000002,78,438,772,170,257,336,31.14
2008,6,23,0,30,23.1,57,208,596,596,57,208,32.83
2008,6,23,1,30,21.8,16,21,140,140,16,21,35.72
2008,6,23,2,30,20.700000000000003,0,0,0,0,0,0,39.26
2008,6,23,3,30,19.8,0,0,0,0,0,0,42.97
2008,6,23,4,30,18.8,0,0,0,0,0,0,47.53
2008,6,23,5,30,17.900000000000002,0,0,0,0,0,0,51.99
2008,6,23,6,30,16.900000000000002,0,0,0,0,0,0,56.95
2008,6,23,7,30,15.8,0,0,0,0,0,0,62.67
2008,6,23,8,30,14.8,0,0,0,0,0,0,69.24
2008,6,23,9,30,13.9,0,0,0,0,0,0,76.36
2008,6,23,10,30,13.200000000000001,0,0,0,0,0,0,82.81
2008,6,23,11,30,13,0,0,0,0,0,0,86.28
2008,6,23,12,30,14.4,25,45,262,262,25,45,80.38
2008,6,23,13,30,17.3,60,249,650,650,60,249,66.04
2008,6,23,14,30,20.1,77,482,809,809,77,482,52.18
2008,6,23,15,30,22.400000000000002,88,698,888,888,88,698,43.230000000000004
2008,6,23,16,30,24.3,94,878,936,936,94,878,37.06
2008,6,23,17,30,25.700000000000003,97,1004,962,962,97,1004,32.72
2008,6,23,18,30,26.900000000000002,107,1064,963,963,107,1064,29.39
2008,6,23,19,30,27.6,105,1056,961,961,105,1056,27.37
2008,6,23,20,30,27.900000000000002,102,983,948,948,102,983,26.09
2008,6,23,21,30,27.900000000000002,89,850,934,934,89,850,25.32
2008,6,23,22,30,27.400000000000002,80,665,888,888,80,665,25.16
2008,6,23,23,30,26.3,70,444,802,802,70,444,26.03
2008,6,24,0,30,24.6,52,212,630,254,120,185,28.12
2008,6,24,1,30,22.8,16,22,170,170,16,22,32.15
2008,6,24,2,30,21.5,0,0,0,0,0,0,35.03
2008,6,24,3,30,20.5,0,0,0,0,0,0,36.4
2008,6,24,4,30,19.400000000000002,0,0,0,0,0,0,39.78
2008,6,24,5,30,18.6,0,0,0,0,0,0,43.65
2008,6,24,6,30,17.7,0,0,0,0,0,0,48.72
2008,6,24,7,30,16.7,0,0,0,0,0,0,57.99
2008,6,24,8,30,15.700000000000001,0,0,0,0,0,0,68.71000000000001
2008,6,24,9,30,14.8,0,0,0,0,0,0,78.12
2008,6,24,10,30,14.100000000000001,0,0,0,0,0,0,85.12
2008,6,24,11,30,13.8,0,0,0,0,0,0,88.77
2008,6,24,12,30,15,26,44,244,244,26,44,82.87
2008,6,24,13,30,17.900000000000002,63,246,632,632,63,246,66.48
2008,6,24,14,30,20.900000000000002,79,479,799,799,79,479,49.61
2008,6,24,15,30,23.1,87,699,892,892,87,699,40.910000000000004
2008,6,24,16,30,24.700000000000003,92,879,940,940,92,879,35.75
2008,6,24,17,30,26.200000000000003,94,1005,967,967,94,1005,31.060000000000002
2008,6,24,18,30,27.400000000000002,95,1071,981,981,95,1071,27.490000000000002
2008,6,24,19,30,28.3,96,1065,979,979,96,1065,24.93
2008,6,24,20,30,28.900000000000002,93,991,966,288,518,785,22.990000000000002
2008,6,24,21,30,29,85,856,945,114,431,524,21.94
2008,6,24,22,30,28.6,80,670,897,1,232,232,21.63
2008,6,24,23,30,27.5,70,446,806,0,125,125,22.41
2008,6,25,0,30,25.5,53,213,630,630,53,213,25.14
2008,6,25,1,30,23.400000000000002,16,22,154,0,14,14,31.35
2008,6,25,2,30,22.5,0,0,0,0,0,0,34.06
2008,6,25,3,30,21.700000000000003,0,0,0,0,0,0,36.18
2008,6,25,4,30,20.3,0,0,0,0,0,0,42.74
2008,6,25,5,30,18.8,0,0,0,0,0,0,53.11
2008,6,25,6,30,17.5,0,0,0,0,0,0,63.050000000000004
2008,6,25,7,30,16.3,0,0,0,0,0,0,71.52
2008,6,25,8,30,15.4,0,0,0,0,0,0,78.07000000000001
2008,6,25,9,30,14.600000000000001,0,0,0,0,0,0,83.61
2008,6,25,10,30,13.9,0,0,0,0,0,0,88.37
2008,6,25,11,30,13.600000000000001,0,0,0,0,0,0,90.42
2008,6,25,12,30,14.700000000000001,24,45,293,293,24,45,83.85000000000001
2008,6,25,13,30,17.5,53,252,687,687,53,252,65.71000000000001
2008,6,25,14,30,20.900000000000002,68,486,836,836,68,486,47.480000000000004
2008,6,25,15,30,23.900000000000002,78,705,914,914,78,705,35.81
2008,6,25,16,30,26,84,884,956,956,84,884,29.78
2008,6,25,17,30,27.6,88,1012,980,980,88,1012,26.22
2008,6,25,18,30,28.700000000000003,105,1070,971,971,105,1070,23.89
2008,6,25,19,30,29.400000000000002,103,1068,974,974,103,1068,22.06
2008,6,25,20,30,29.8,99,995,963,963,99,995,20.56
2008,6,25,21,30,29.6,92,859,940,940,92,859,19.77
2008,6,25,22,30,29,84,672,894,894,84,672,19.330000000000002
2008,6,25,23,30,27.900000000000002,72,450,807,807,72,450,19.54
2008,6,26,0,30,25.6,55,215,628,628,55,215,21.55
2008,6,26,1,30,23,17,23,151,151,17,23,27.62
2008,6,26,2,30,21.5,0,0,0,0,0,0,30.73
2008,6,26,3,30,20.400000000000002,0,0,0,0,0,0,32.65
2008,6,26,4,30,19,0,0,0,0,0,0,38.050000000000004
2008,6,26,5,30,17.6,0,0,0,0,0,0,48.6
2008,6,26,6,30,16.3,0,0,0,0,0,0,60.93
2008,6,26,7,30,15.3,0,0,0,0,0,0,70.16
2008,6,26,8,30,14.4,0,0,0,0,0,0,77.22
2008,6,26,9,30,13.8,0,0,0,0,0,0,81.85000000000001
2008,6,26,10,30,13.200000000000001,0,0,0,0,0,0,85.97
2008,6,26,11,30,13,0,0,0,0,0,0,87.42
2008,6,26,12,30,14.4,25,43,243,243,25,43,79.89
2008,6,26,13,30,17.7,60,247,649,649,60,247,63.13
2008,6,26,14,30,21.700000000000003,77,480,808,808,77,480,45.53
2008,6,26,15,30,25,89,697,889,889,89,697,32.62
2008,6,26,16,30,27.1,96,877,934,934,96,877,26.96
2008,6,26,17,30,28.5,101,1007,962,962,101,1007,24.04
2008,6,26,18,30,29.6,100,1072,977,977,100,1072,21.95
2008,6,26,19,30,30.200000000000003,99,1067,977,977,99,1067,20.69
2008,6,26,20,30,30.400000000000002,96,994,966,966,96,994,19.85
2008,6,26,21,30,30.3,92,857,937,937,92,857,19.34
2008,6,26,22,30,29.6,85,671,888,888,85,671,19.54
2008,6,26,23,30,28.400000000000002,74,448,799,799,74,448,20.400000000000002
2008,6,27,0,30,26.200000000000003,56,213,615,615,56,213,22.740000000000002
2008,6,27,1,30,23.700000000000003,17,23,141,141,17,23,28.580000000000002
2008,6,27,2,30,22.200000000000003,0,0,0,0,0,0,32.37
2008,6,27,3,30,21.200000000000003,0,0,0,0,0,0,34.77
2008,6,27,4,30,20.3,0,0,0,0,0,0,37.99
2008,6,27,5,30,19.400000000000002,0,0,0,0,0,0,42.42
2008,6,27,6,30,18.400000000000002,0,0,0,0,0,0,50.4
2008,6,27,7,30,17.6,0,0,0,0,0,0,58.730000000000004
2008,6,27,8,30,17,0,0,0,0,0,0,65.22
2008,6,27,9,30,16.6,0,0,0,0,0,0,69.5
2008,6,27,10,30,16.2,0,0,0,0,0,0,72.85000000000001
2008,6,27,11,30,16.1,0,0,0,0,0,0,75.14
2008,6,27,12,30,17.3,25,42,241,241,25,42,72.27
2008,6,27,13,30,20.1,60,244,643,643,60,244,63.01
2008,6,27,14,30,23.3,76,476,805,805,76,476,50.29
2008,6,27,15,30,26,88,693,885,885,88,693,37.1
2008,6,27,16,30,27.900000000000002,96,870,925,925,96,870,29.73
2008,6,27,17,30,29.3,103,995,947,947,103,995,26.150000000000002
2008,6,27,18,30,30,121,1053,937,849,140,984,24.11
2008,6,27,19,30,30.400000000000002,127,1044,926,926,127,1044,22.77
2008,6,27,20,30,30.400000000000002,129,969,904,904,129,969,22.17
2008,6,27,21,30,29.900000000000002,123,834,870,870,123,834,22.35
2008,6,27,22,30,29,111,650,816,816,111,650,23.26
2008,6,27,23,30,27.8,92,432,728,728,92,432,24.71
2008,6,28,0,30,26.200000000000003,64,205,551,213,123,177,26.97
2008,6,28,1,30,24.400000000000002,17,22,104,1,16,16,30.89
2008,6,28,2,30,23.1,0,0,0,0,0,0,34.87
2008,6,28,3,30,22.3,0,0,0,0,0,0,37.21
2008,6,28,4,30,21.400000000000002,0,0,0,0,0,0,40.19
2008,6,28,5,30,20.6,0,0,0,0,0,0,43.63
2008,6,28,6,30,19.6,0,0,0,0,0,0,48.120000000000005
2008,6,28,7,30,18.6,0,0,0,0,0,0,54.5
2008,6,28,8,30,17.6,0,0,0,0,0,0,61.09
2008,6,28,9,30,16.8,0,0,0,0,0,0,66.28
2008,6,28,10,30,16.1,0,0,0,0,0,0,70.66
2008,6,28,11,30,15.9,0,0,0,0,0,0,72.51
2008,6,28,12,30,17,24,40,238,5,30,31,68.60000000000001
2008,6,28,13,30,19.200000000000003,60,238,623,623,60,238,60.25
2008,6,28,14,30,21,84,462,763,763,84,462,53.03
2008,6,28,15,30,21.8,104,671,829,829,104,671,48.94
2008,6,28,16,30,22.3,120,845,868,868,120,845,46.89
2008,6,28,17,30,23,125,973,900,900,125,973,44.39
2008,6,28,18,30,23.8,134,1033,904,904,134,1033,41.230000000000004
2008,6,28,19,30,24.200000000000003,131,1032,909,665,278,936,39.33
2008,6,28,20,30,24.1,125,961,899,458,355,781,38.93
2008,6,28,21,30,23.8,111,832,882,80,351,416,39.2
2008,6,28,22,30,23.200000000000003,100,649,832,580,213,597,40.4
2008,6,28,23,30,22.5,85,432,741,204,224,320,42
2008,6,29,0,30,21.5,62,205,556,16,111,115,44.75
2008,6,29,1,30,20.400000000000002,17,22,108,0,13,13,48.47
2008,6,29,2,30,19.5,0,0,0,0,0,0,51.69
2008,6,29,3,30,18.900000000000002,0,0,0,0,0,0,53.97
2008,6,29,4,30,18.5,0,0,0,0,0,0,55.42
2008,6,29,5,30,18.1,0,0,0,0,0,0,56.81
2008,6,29,6,30,17.5,0,0,0,0,0,0,59.21
2008,6,29,7,30,16.8,0,0,0,0,0,0,62.38
2008,6,29,8,30,16.1,0,0,0,0,0,0,65.71000000000001
2008,6,29,9,30,15.4,0,0,0,0,0,0,69.07000000000001
2008,6,29,10,30,14.8,0,0,0,0,0,0,72.24
2008,6,29,11,30,14.600000000000001,0,0,0,0,0,0,73.77
2008,6,29,12,30,15.8,25,38,196,0,16,16,69.5
2008,6,29,13,30,18.3,64,235,600,183,139,191,61.47
2008,6,29,14,30,20.900000000000002,85,465,769,769,85,465,51.4
2008,6,29,15,30,23.200000000000003,98,681,854,854,98,681,42.17
2008,6,29,16,30,25.1,105,860,904,904,105,860,35.78
2008,6,29,17,30,26.5,107,990,938,938,107,990,31.51
2008,6,29,18,30,27.6,126,1048,927,927,126,1048,28.51
2008,6,29,19,30,28.1,128,1042,923,923,128,1042,26.86
2008,6,29,20,30,28.1,127,970,906,906,127,970,26.23
2008,6,29,21,30,27.700000000000003,117,837,879,9,374,381,26.59
2008,6,29,22,30,26.900000000000002,109,651,819,819,109,651,27.76
2008,6,29,23,30,25.700000000000003,96,429,711,711,96,429,29.87
2008,6,30,0,30,24.400000000000002,70,202,512,80,145,166,32.63
2008,6,30,1,30,23.200000000000003,18,21,62,0,15,15,35.89
2008,6,30,2,30,22.3,0,0,0,0,0,0,38.72
2008,6,30,3,30,21.6,0,0,0,0,0,0,41.29
2008,6,30,4,30,20.700000000000003,0,0,0,0,0,0,44.89
2008,6,30,5,30,19.400000000000002,0,0,0,0,0,0,51.33
2008,6,30,6,30,17.8,0,0,0,0,0,0,60.88
2008,6,30,7,30,16.3,0,0,0,0,0,0,71.24
2008,6,30,8,30,15.200000000000001,0,0,0,0,0,0,79.33
2008,6,30,9,30,14.5,0,0,0,0,0,0,84.62
2008,6,30,10,30,13.9,0,0,0,0,0,0,88.81
2008,6,30,11,30,13.700000000000001,0,0,0,0,0,0,89.79
2008,6,30,12,30,14.600000000000001,23,39,243,243,23,39,83.98
2008,6,30,13,30,16.900000000000002,55,240,650,51,153,168,70.59
2008,6,30,14,30,19.5,71,471,809,113,276,332,57.24
2008,6,30,15,30,22.200000000000003,80,687,889,84,361,419,46.24
2008,6,30,16,30,24.400000000000002,85,867,936,224,462,649,38.99
2008,6,30,17,30,26.200000000000003,87,991,961,145,470,606,33.94
2008,6,30,18,30,27.3,89,1055,971,971,89,1055,30.94
2008,6,30,19,30,27.6,88,1049,970,970,88,1049,29.900000000000002
2008,6,30,20,30,27.3,86,977,957,0,234,234,30.14
2008,6,30,21,30,26.6,83,842,928,131,435,542,31.59
2008,6,30,22,30,25.700000000000003,77,659,880,880,77,659,33.8
2008,6,30,23,30,24.5,68,439,790,468,196,416,37.02
2008,7,1,0,30,23.200000000000003,54,208,596,0,16,16,41.11
2008,7,1,1,30,21.900000000000002,17,22,125,0,7,7,46.26
2008,7,1,2,30,20.900000000000002,0,0,0,0,0,0,51.24
2008,7,1,3,30,20,0,0,0,0,0,0,56.25
2008,7,1,4,30,19.1,0,0,0,0,0,0,61.57
2008,7,1,5,30,17.900000000000002,0,0,0,0,0,0,68.37
2008,7,1,6,30,16.8,0,0,0,0,0,0,74.98
2008,7,1,7,30,15.8,0,0,0,0,0,0,80.67
2008,7,1,8,30,15,0,0,0,0,0,0,84.24
2008,7,1,9,30,14.5,0,0,0,0,0,0,85.05
2008,7,1,10,30,14,0,0,0,0,0,0,85.82000000000001
2008,7,1,11,30,13.700000000000001,0,0,0,0,0,0,85.7
2008,7,1,12,30,14.100000000000001,20,41,306,5,28,28,82.36
2008,7,1,13,30,15.5,48,243,690,47,151,164,73.2
2008,7,1,14,30,17.7,62,473,834,70,268,303,60.63
2008,7,1,15,30,20.400000000000002,72,688,905,76,349,401,48.83
2008,7,1,16,30,22.900000000000002,78,866,945,16,391,405,40.67
2008,7,1,17,30,24.700000000000003,83,992,967,54,471,521,35.63
2008,7,1,18,30,25.700000000000003,83,1056,979,979,83,1056,33
2008,7,1,19,30,26,85,1052,976,165,499,662,32.04
2008,7,1,20,30,25.8,83,981,964,0,140,140,32.22
2008,7,1,21,30,25.200000000000003,78,848,940,0,151,152,33.26
2008,7,1,22,30,24.400000000000002,73,662,891,30,311,330,34.81
2008,7,1,23,30,23.400000000000002,64,444,810,70,256,289,37.29
2008,7,2,0,30,22.1,48,214,643,3,105,106,42.08
2008,7,2,1,30,20.900000000000002,16,24,193,0,13,13,49.75
2008,7,2,2,30,20,0,0,0,0,0,0,54.15
2008,7,2,3,30,19,0,0,0,0,0,0,58.660000000000004
2008,7,2,4,30,18,0,0,0,0,0,0,63.92
2008,7,2,5,30,17.1,0,0,0,0,0,0,69.5
2008,7,2,6,30,16.2,0,0,0,0,0,0,75.59
2008,7,2,7,30,15.5,0,0,0,0,0,0,80.88
2008,7,2,8,30,14.9,0,0,0,0,0,0,85.59
2008,7,2,9,30,14.4,0,0,0,0,0,0,89.34
2008,7,2,10,30,14,0,0,0,0,0,0,92.22
2008,7,2,11,30,13.8,0,0,0,0,0,0,93.28
2008,7,2,12,30,14.700000000000001,20,39,284,284,20,39,87.65
2008,7,2,13,30,16.900000000000002,49,239,673,171,133,181,74.7
2008,7,2,14,30,19.5,64,470,824,551,147,418,61.1
2008,7,2,15,30,21.700000000000003,72,685,900,900,72,685,50.86
2008,7,2,16,30,23.400000000000002,79,862,940,436,318,682,44.07
2008,7,2,17,30,24.5,83,989,963,963,83,989,40.050000000000004
2008,7,2,18,30,25.200000000000003,84,1053,974,974,84,1053,37.78
2008,7,2,19,30,25.200000000000003,86,1046,969,0,123,123,37.57
2008,7,2,20,30,24.5,85,973,954,2,278,280,39.14
2008,7,2,21,30,23.3,83,840,925,0,120,120,42.74
2008,7,2,22,30,21.700000000000003,76,656,877,0,82,82,49.050000000000004
2008,7,2,23,30,20.200000000000003,65,439,796,0,35,35,56.71
2008,7,3,0,30,18.8,48,212,636,0,19,19,65.67
2008,7,3,1,30,17.7,15,24,204,0,11,11,75.17
2008,7,3,2,30,16.900000000000002,0,0,0,0,0,0,84.05
2008,7,3,3,30,16.2,0,0,0,0,0,0,90.60000000000001
2008,7,3,4,30,15.600000000000001,0,0,0,0,0,0,95.11
2008,7,3,5,30,15,0,0,0,0,0,0,97.71000000000001
2008,7,3,6,30,14.600000000000001,0,0,0,0,0,0,98.76
2008,7,3,7,30,14.200000000000001,0,0,0,0,0,0,99.85000000000001
2008,7,3,8,30,13.9,0,0,0,0,0,0,100
2008,7,3,9,30,13.600000000000001,0,0,0,0,0,0,100
2008,7,3,10,30,13.4,0,0,0,0,0,0,99.92
2008,7,3,11,30,13.3,0,0,0,0,0,0,98.97
2008,7,3,12,30,14,20,38,288,0,10,10,93.65
2008,7,3,13,30,15.700000000000001,47,238,678,0,31,31,83.07000000000001
2008,7,3,14,30,17.8,61,467,825,2,97,98,70.3
2008,7,3,15,30,19.900000000000002,70,681,898,0,175,175,58.800000000000004
2008,7,3,16,30,21.3,77,858,937,0,71,72,52.56
2008,7,3,17,30,21.900000000000002,82,982,958,163,437,590,50.07
2008,7,3,18,30,21.8,83,1046,969,129,475,603,50.25
2008,7,3,19,30,21.200000000000003,83,1041,967,1,189,190,52.89
2008,7,3,20,30,20.200000000000003,81,970,955,202,463,651,57.44
2008,7,3,21,30,19.200000000000003,78,839,929,402,307,637,62.32
2008,7,3,22,30,18.1,71,655,882,38,307,332,68.06
2008,7,3,23,30,17.1,61,440,806,21,173,183,74.36
2008,7,4,0,30,16.3,45,213,652,0,4,4,80.39
2008,7,4,1,30,15.600000000000001,15,24,216,0,11,11,86.07000000000001
2008,7,4,2,30,15.200000000000001,0,0,0,0,0,0,90.08
2008,7,4,3,30,14.8,0,0,0,0,0,0,93.5
2008,7,4,4,30,14.5,0,0,0,0,0,0,95.95
2008,7,4,5,30,14.200000000000001,0,0,0,0,0,0,97.87
2008,7,4,6,30,13.8,0,0,0,0,0,0,100
2008,7,4,7,30,13.5,0,0,0,0,0,0,100
2008,7,4,8,30,13.3,0,0,0,0,0,0,100
2008,7,4,9,30,13.200000000000001,0,0,0,0,0,0,100
2008,7,4,10,30,13.100000000000001,0,0,0,0,0,0,100
2008,7,4,11,30,13.200000000000001,0,0,0,0,0,0,100
2008,7,4,12,30,13.700000000000001,20,36,261,0,18,18,97.5
2008,7,4,13,30,14.700000000000001,51,233,651,0,28,28,90.64
2008,7,4,14,30,15.9,66,462,807,1,155,156,82.71000000000001
2008,7,4,15,30,17.3,75,677,886,4,276,278,73.56
2008,7,4,16,30,18.6,80,855,931,152,449,576,65.71000000000001
2008,7,4,17,30,19.8,83,981,956,250,507,742,59.64
2008,7,4,18,30,20.6,94,1043,954,954,94,1043,55.83
2008,7,4,19,30,21,93,1040,956,956,93,1040,53.9
2008,7,4,20,30,21.1,90,970,945,228,510,722,53.480000000000004
2008,7,4,21,30,20.900000000000002,86,838,918,369,322,624,54.24
2008,7,4,22,30,20.3,77,655,873,0,53,53,56.72
2008,7,4,23,30,19.5,65,439,795,0,52,52,60.42
2008,7,5,0,30,18.400000000000002,48,212,635,0,17,17,66.01
2008,7,5,1,30,17.3,16,24,193,0,12,12,74.29
2008,7,5,2,30,16.5,0,0,0,0,0,0,79.64
2008,7,5,3,30,15.9,0,0,0,0,0,0,83.86
2008,7,5,4,30,15.200000000000001,0,0,0,0,0,0,88.89
2008,7,5,5,30,14.600000000000001,0,0,0,0,0,0,93.51
2008,7,5,6,30,14.4,0,0,0,0,0,0,95.72
2008,7,5,7,30,14.3,0,0,0,0,0,0,97.23
2008,7,5,8,30,14.100000000000001,0,0,0,0,0,0,99.13
2008,7,5,9,30,13.9,0,0,0,0,0,0,100
2008,7,5,10,30,13.8,0,0,0,0,0,0,100
2008,7,5,11,30,13.9,0,0,0,0,0,0,100
2008,7,5,12,30,14.3,20,35,253,0,17,17,98.95
2008,7,5,13,30,15.600000000000001,49,233,661,5,118,119,89.8
2008,7,5,14,30,17.400000000000002,63,463,818,295,233,378,77.89
2008,7,5,15,30,19.400000000000002,71,676,893,136,373,465,66.93
2008,7,5,16,30,20.900000000000002,76,854,936,222,452,637,59.910000000000004
2008,7,5,17,30,21.3,80,981,959,959,80,981,57.47
2008,7,5,18,30,21.200000000000003,82,1043,967,967,82,1043,57.53
2008,7,5,19,30,20.8,81,1040,967,967,81,1040,59.79
2008,7,5,20,30,20.200000000000003,80,970,954,2,256,257,63.2
2008,7,5,21,30,19.700000000000003,85,834,915,1,158,159,66.28
2008,7,5,22,30,19.1,76,655,874,19,277,289,69.73
2008,7,5,23,30,18.5,63,440,799,483,144,371,73.19
2008,7,6,0,30,17.5,46,213,646,247,112,176,78.88
2008,7,6,1,30,16.5,15,24,216,1,15,15,85.9
2008,7,6,2,30,15.8,0,0,0,0,0,0,89.67
2008,7,6,3,30,15.3,0,0,0,0,0,0,92.29
2008,7,6,4,30,14.8,0,0,0,0,0,0,95.28
2008,7,6,5,30,14.3,0,0,0,0,0,0,98.46000000000001
2008,7,6,6,30,13.9,0,0,0,0,0,0,100
2008,7,6,7,30,13.600000000000001,0,0,0,0,0,0,100
2008,7,6,8,30,13.5,0,0,0,0,0,0,100
2008,7,6,9,30,13.5,0,0,0,0,0,0,100
2008,7,6,10,30,13.600000000000001,0,0,0,0,0,0,100
2008,7,6,11,30,13.8,0,0,0,0,0,0,100
2008,7,6,12,30,14.600000000000001,20,34,235,235,20,34,99.27
2008,7,6,13,30,16.1,51,230,648,648,51,230,90.60000000000001
2008,7,6,14,30,17.7,66,458,803,95,266,313,80.53
2008,7,6,15,30,19.3,75,672,882,33,317,339,71.09
2008,7,6,16,30,20.400000000000002,80,850,927,39,401,434,65
2008,7,6,17,30,21.200000000000003,83,977,952,0,183,183,61.28
2008,7,6,18,30,21.5,92,1039,953,953,92,1039,59.99
2008,7,6,19,30,21.5,90,1035,953,520,335,851,60.410000000000004
2008,7,6,20,30,21.3,85,966,945,597,273,829,61.64
2008,7,6,21,30,20.6,81,835,920,589,240,724,65.13
2008,7,6,22,30,19.6,73,653,875,94,322,385,70.58
2008,7,6,23,30,18.5,63,438,796,0,111,111,77.29
2008,7,7,0,30,17.3,47,210,631,0,4,4,85.34
2008,7,7,1,30,16.5,16,23,175,0,4,4,91.99
2008,7,7,2,30,16.1,0,0,0,0,0,0,95.66
2008,7,7,3,30,15.9,0,0,0,0,0,0,96.91
2008,7,7,4,30,15.600000000000001,0,0,0,0,0,0,98.12
2008,7,7,5,30,15.4,0,0,0,0,0,0,98.29
2008,7,7,6,30,15.100000000000001,0,0,0,0,0,0,98.99000000000001
2008,7,7,7,30,14.9,0,0,0,0,0,0,99.57000000000001
2008,7,7,8,30,14.700000000000001,0,0,0,0,0,0,100
2008,7,7,9,30,14.600000000000001,0,0,0,0,0,0,100
2008,7,7,10,30,14.3,0,0,0,0,0,0,100
2008,7,7,11,30,14.200000000000001,0,0,0,0,0,0,100
2008,7,7,12,30,14.8,18,35,288,288,18,35,97.24000000000001
2008,7,7,13,30,16.400000000000002,46,232,676,676,46,232,86.36
2008,7,7,14,30,18.8,61,461,819,0,161,161,70.54
2008,7,7,15,30,21.3,71,675,892,0,175,176,55.9
2008,7,7,16,30,23.1,78,853,932,0,187,187,48.33
2008,7,7,17,30,24.5,81,979,956,0,229,230,44.26
2008,7,7,18,30,25.1,83,1044,967,2,389,391,43.09
2008,7,7,19,30,25,81,1041,968,205,530,734,43.7
2008,7,7,20,30,24.400000000000002,79,970,956,170,494,653,46.18
2008,7,7,21,30,23.200000000000003,88,834,909,909,88,834,50.81
2008,7,7,22,30,21.900000000000002,84,649,852,14,295,305,56.59
2008,7,7,23,30,20.6,78,431,750,0,58,58,63.440000000000005
2008,7,8,0,30,19.3,61,202,545,30,135,143,71.13
2008,7,8,1,30,18.3,17,20,87,0,9,9,78.58
2008,7,8,2,30,17.6,0,0,0,0,0,0,84.27
2008,7,8,3,30,16.900000000000002,0,0,0,0,0,0,88.18
2008,7,8,4,30,16,0,0,0,0,0,0,92.06
2008,7,8,5,30,15.100000000000001,0,0,0,0,0,0,94.71000000000001
2008,7,8,6,30,14.4,0,0,0,0,0,0,95.92
2008,7,8,7,30,13.8,0,0,0,0,0,0,95.94
2008,7,8,8,30,13.4,0,0,0,0,0,0,96.08
2008,7,8,9,30,13.100000000000001,0,0,0,0,0,0,96.73
2008,7,8,10,30,12.9,0,0,0,0,0,0,97.35000000000001
2008,7,8,11,30,13,0,0,0,0,0,0,96.54
2008,7,8,12,30,14,18,34,285,285,18,34,91.04
2008,7,8,13,30,16,46,233,679,0,21,21,80.82000000000001
2008,7,8,14,30,18.2,61,462,824,0,107,107,69.26
2008,7,8,15,30,20.200000000000003,69,677,899,0,132,132,60.09
2008,7,8,16,30,22,74,856,942,2,320,321,53.31
2008,7,8,17,30,23.200000000000003,77,981,963,37,463,497,48.99
2008,7,8,18,30,24,78,1046,975,0,281,281,46.31
2008,7,8,19,30,24.1,76,1044,976,217,532,748,46.050000000000004
2008,7,8,20,30,23.700000000000003,74,973,964,1,305,306,47.410000000000004
2008,7,8,21,30,22.700000000000003,69,842,942,620,194,703,50.82
2008,7,8,22,30,21.400000000000002,64,660,900,504,225,559,55.26
2008,7,8,23,30,20.200000000000003,55,446,829,24,167,178,58.9
2008,7,9,0,30,18.900000000000002,41,217,682,277,111,182,61.7
2008,7,9,1,30,17.5,14,25,266,2,16,16,65.88
2008,7,9,2,30,16.3,0,0,0,0,0,0,71.36
2008,7,9,3,30,15.200000000000001,0,0,0,0,0,0,77.60000000000001
2008,7,9,4,30,14.200000000000001,0,0,0,0,0,0,84.74
2008,7,9,5,30,13.5,0,0,0,0,0,0,90.46000000000001
2008,7,9,6,30,13,0,0,0,0,0,0,93.42
2008,7,9,7,30,12.5,0,0,0,0,0,0,95.10000000000001
2008,7,9,8,30,12.100000000000001,0,0,0,0,0,0,96.24000000000001
2008,7,9,9,30,11.8,0,0,0,0,0,0,97.09
2008,7,9,10,30,11.5,0,0,0,0,0,0,98.07000000000001
2008,7,9,11,30,11.5,0,0,0,0,0,0,97.37
2008,7,9,12,30,12.5,17,34,316,0,7,7,90.65
2008,7,9,13,30,14.8,42,234,701,0,8,8,77.56
2008,7,9,14,30,17.5,56,464,838,1,150,150,64.7
2008,7,9,15,30,19.8,67,678,906,47,331,362,55.2
2008,7,9,16,30,21.6,73,857,945,1,311,312,48.88
2008,7,9,17,30,23,77,985,967,0,214,214,44.54
2008,7,9,18,30,23.700000000000003,80,1048,975,175,508,682,42.62
2008,7,9,19,30,24.200000000000003,80,1046,974,33,488,521,41.69
2008,7,9,20,30,24.400000000000002,78,974,961,58,465,519,41.84
2008,7,9,21,30,24,93,837,907,212,452,626,43.45
2008,7,9,22,30,22.700000000000003,92,651,843,843,92,651,47.45
2008,7,9,23,30,21.200000000000003,81,433,746,746,81,433,52.11
2008,7,10,0,30,19.700000000000003,58,206,573,0,69,69,56.79
2008,7,10,1,30,18.3,16,22,142,0,12,12,61.15
2008,7,10,2,30,16.8,0,0,0,0,0,0,66.45
2008,7,10,3,30,15.3,0,0,0,0,0,0,72.07000000000001
2008,7,10,4,30,14,0,0,0,0,0,0,77.4
2008,7,10,5,30,12.8,0,0,0,0,0,0,83.42
2008,7,10,6,30,11.9,0,0,0,0,0,0,89.19
2008,7,10,7,30,11.200000000000001,0,0,0,0,0,0,94.10000000000001
2008,7,10,8,30,10.8,0,0,0,0,0,0,96.78
2008,7,10,9,30,10.600000000000001,0,0,0,0,0,0,96.68
2008,7,10,10,30,10.200000000000001,0,0,0,0,0,0,96.64
2008,7,10,11,30,10,0,0,0,0,0,0,95.93
2008,7,10,12,30,11.100000000000001,17,34,310,310,17,34,88.51
2008,7,10,13,30,13.700000000000001,44,237,709,8,125,127,72.11
2008,7,10,14,30,16.8,57,471,854,5,194,196,58.17
2008,7,10,15,30,19.900000000000002,65,688,923,96,363,428,49
2008,7,10,16,30,22.5,70,869,964,122,429,531,42.86
2008,7,10,17,30,24.6,73,995,984,1,303,303,38.21
2008,7,10,18,30,25.8,77,1061,991,1,353,354,35.63
2008,7,10,19,30,26,78,1056,987,0,261,262,35.13
2008,7,10,20,30,25.5,78,984,972,972,78,984,36.230000000000004
2008,7,10,21,30,24.6,78,849,940,940,78,849,38.04
2008,7,10,22,30,23.6,71,665,896,0,25,25,40.6
2008,7,10,23,30,22.400000000000002,61,447,819,523,133,379,44.17
2008,7,11,0,30,20.900000000000002,46,216,662,0,13,13,49.02
2008,7,11,1,30,19.200000000000003,15,24,221,0,13,13,56.69
2008,7,11,2,30,18,0,0,0,0,0,0,62.74
2008,7,11,3,30,16.8,0,0,0,0,0,0,68.31
2008,7,11,4,30,15.600000000000001,0,0,0,0,0,0,74.97
2008,7,11,5,30,14.5,0,0,0,0,0,0,82.14
2008,7,11,6,30,13.5,0,0,0,0,0,0,89.08
2008,7,11,7,30,12.8,0,0,0,0,0,0,93.35000000000001
2008,7,11,8,30,12.3,0,0,0,0,0,0,95.24
2008,7,11,9,30,11.8,0,0,0,0,0,0,97.07000000000001
2008,7,11,10,30,11.3,0,0,0,0,0,0,99.54
2008,7,11,11,30,11.100000000000001,0,0,0,0,0,0,100
2008,7,11,12,30,12.5,17,32,287,287,17,32,91.44
2008,7,11,13,30,15.4,46,233,688,0,52,52,75.08
2008,7,11,14,30,18.6,61,465,835,3,183,184,59.86
2008,7,11,15,30,21.3,71,683,908,0,193,193,49.32
2008,7,11,16,30,23.5,78,862,946,1,290,291,42.63
2008,7,11,17,30,25.200000000000003,83,991,969,1,338,339,38.27
2008,7,11,18,30,26.200000000000003,101,1050,956,2,400,403,36.04
2008,7,11,19,30,26.5,102,1046,952,952,102,1046,35.51
2008,7,11,20,30,26.200000000000003,101,975,938,938,101,975,36.33
2008,7,11,21,30,25.1,95,841,908,2,319,321,38.85
2008,7,11,22,30,23.8,88,655,855,855,88,655,42.64
2008,7,11,23,30,22.400000000000002,75,436,766,766,75,436,47.37
2008,7,12,0,30,20.900000000000002,55,208,596,596,55,208,53.28
2008,7,12,1,30,19.400000000000002,16,22,153,1,14,14,60.38
2008,7,12,2,30,18.1,0,0,0,0,0,0,66.38
2008,7,12,3,30,16.900000000000002,0,0,0,0,0,0,71.66
2008,7,12,4,30,15.8,0,0,0,0,0,0,76.54
2008,7,12,5,30,14.9,0,0,0,0,0,0,80.13
2008,7,12,6,30,14,0,0,0,0,0,0,84.27
2008,7,12,7,30,13.3,0,0,0,0,0,0,88.42
2008,7,12,8,30,12.8,0,0,0,0,0,0,91.92
2008,7,12,9,30,12.4,0,0,0,0,0,0,94.79
2008,7,12,10,30,12.100000000000001,0,0,0,0,0,0,96.65
2008,7,12,11,30,12.100000000000001,0,0,0,0,0,0,96.18
2008,7,12,12,30,12.9,18,30,218,0,9,9,90.64
2008,7,12,13,30,15.100000000000001,53,225,639,3,65,66,76.99
2008,7,12,14,30,18,69,456,802,208,222,322,63.04
2008,7,12,15,30,20.6,78,676,888,207,318,457,53.18
2008,7,12,16,30,22.5,84,858,934,270,377,600,46.15
2008,7,12,17,30,23.900000000000002,88,987,959,324,454,758,41.22
2008,7,12,18,30,24.8,91,1053,970,357,420,775,38.26
2008,7,12,19,30,25.3,91,1052,969,354,398,749,36.26
2008,7,12,20,30,25.400000000000002,88,982,959,588,282,830,35.26
2008,7,12,21,30,25.200000000000003,111,841,889,889,111,841,34.88
2008,7,12,22,30,24.700000000000003,100,657,840,536,231,586,35.050000000000004
2008,7,12,23,30,23.700000000000003,82,440,760,31,186,200,35.93
2008,7,13,0,30,21.8,58,211,596,49,130,142,42.49
2008,7,13,1,30,19.6,16,22,153,0,14,14,54.5
2008,7,13,2,30,18.1,0,0,0,0,0,0,54.89
2008,7,13,3,30,16.8,0,0,0,0,0,0,55.21
2008,7,13,4,30,15.5,0,0,0,0,0,0,58.59
2008,7,13,5,30,14.5,0,0,0,0,0,0,64.36
2008,7,13,6,30,13.700000000000001,0,0,0,0,0,0,73.17
2008,7,13,7,30,12.9,0,0,0,0,0,0,83.26
2008,7,13,8,30,12.200000000000001,0,0,0,0,0,0,92.18
2008,7,13,9,30,11.700000000000001,0,0,0,0,0,0,98.74000000000001
2008,7,13,10,30,11.4,0,0,0,0,0,0,100
2008,7,13,11,30,11.5,0,0,0,0,0,0,100
2008,7,13,12,30,12.700000000000001,17,31,264,264,17,31,94.55
2008,7,13,13,30,15.700000000000001,48,233,689,689,48,233,76.53
2008,7,13,14,30,19.6,63,471,847,847,63,471,55.53
2008,7,13,15,30,23,71,693,927,927,71,693,39.39
2008,7,13,16,30,25.3,74,878,972,972,74,878,33.6
2008,7,13,17,30,27,76,1010,997,997,76,1010,29.91
2008,7,13,18,30,28.200000000000003,83,1073,997,997,83,1073,27.36
2008,7,13,19,30,29,83,1071,997,997,83,1071,25.67
2008,7,13,20,30,29.3,81,998,983,983,81,998,24.75
2008,7,13,21,30,29.1,80,863,954,954,80,863,24.330000000000002
2008,7,13,22,30,28.5,75,675,905,905,75,675,24.47
2008,7,13,23,30,27.200000000000003,65,452,823,823,65,452,25.45
2008,7,14,0,30,24.5,50,217,653,653,50,217,29.650000000000002
2008,7,14,1,30,21.6,15,23,192,0,14,14,41.56
2008,7,14,2,30,20.200000000000003,0,0,0,0,0,0,46
2008,7,14,3,30,19,0,0,0,0,0,0,49.4
2008,7,14,4,30,17.900000000000002,0,0,0,0,0,0,53.870000000000005
2008,7,14,5,30,16.8,0,0,0,0,0,0,58.24
2008,7,14,6,30,15.8,0,0,0,0,0,0,64.72
2008,7,14,7,30,14.700000000000001,0,0,0,0,0,0,74.24
2008,7,14,8,30,13.9,0,0,0,0,0,0,82.82000000000001
2008,7,14,9,30,13.200000000000001,0,0,0,0,0,0,90.39
2008,7,14,10,30,12.600000000000001,0,0,0,0,0,0,95.92
2008,7,14,11,30,12.3,0,0,0,0,0,0,98.58
2008,7,14,12,30,13.700000000000001,17,30,267,267,17,30,89.93
2008,7,14,13,30,17,46,235,704,704,46,235,71.16
2008,7,14,14,30,20.5,60,474,862,862,60,474,49.39
2008,7,14,15,30,23.3,69,700,940,940,69,700,35.72
2008,7,14,16,30,25.400000000000002,75,889,985,985,75,889,28.55
2008,7,14,17,30,27,78,1021,1007,1007,78,1021,24.03
2008,7,14,18,30,28.200000000000003,81,1086,1012,1012,81,1086,21.1
2008,7,14,19,30,28.900000000000002,82,1084,1011,1011,82,1084,19.73
2008,7,14,20,30,29.1,80,1010,998,998,80,1010,19.400000000000002
2008,7,14,21,30,28.900000000000002,81,873,965,965,81,873,19.73
2008,7,14,22,30,28.3,76,683,916,916,76,683,20.56
2008,7,14,23,30,27.1,66,456,829,829,66,456,22.06
2008,7,15,0,30,24.3,51,219,656,656,51,219,26.44
2008,7,15,1,30,21.400000000000002,15,22,180,180,15,22,38.5
2008,7,15,2,30,20,0,0,0,0,0,0,43.18
2008,7,15,3,30,19,0,0,0,0,0,0,46.74
2008,7,15,4,30,18.1,0,0,0,0,0,0,51.75
2008,7,15,5,30,17.3,0,0,0,0,0,0,58.39
2008,7,15,6,30,16.5,0,0,0,0,0,0,66.52
2008,7,15,7,30,15.700000000000001,0,0,0,0,0,0,74.34
2008,7,15,8,30,14.8,0,0,0,0,0,0,81.86
2008,7,15,9,30,14,0,0,0,0,0,0,88.3
2008,7,15,10,30,13.4,0,0,0,0,0,0,92.77
2008,7,15,11,30,13.100000000000001,0,0,0,0,0,0,94.85000000000001
2008,7,15,12,30,14.600000000000001,18,28,221,221,18,28,85.84
2008,7,15,13,30,18.1,52,229,668,668,52,229,64.84
2008,7,15,14,30,22,68,466,831,831,68,466,42.7
2008,7,15,15,30,24.8,78,691,914,914,78,691,33.33
2008,7,15,16,30,26.6,84,877,959,959,84,877,30.060000000000002
2008,7,15,17,30,28,88,1009,984,984,88,1009,26.77
2008,7,15,18,30,29,97,1075,985,985,97,1075,23.830000000000002
2008,7,15,19,30,29.700000000000003,97,1073,985,985,97,1073,21.45
2008,7,15,20,30,29.900000000000002,95,1002,973,973,95,1002,19.75
2008,7,15,21,30,29.6,90,867,947,947,90,867,18.89
2008,7,15,22,30,28.900000000000002,83,679,900,900,83,679,18.91
2008,7,15,23,30,27.6,71,454,815,815,71,454,19.51
2008,7,16,0,30,24.5,53,216,642,642,53,216,23.43
2008,7,16,1,30,21.1,16,21,159,159,16,21,36.43
2008,7,16,2,30,19.3,0,0,0,0,0,0,41.42
2008,7,16,3,30,18.1,0,0,0,0,0,0,45.47
2008,7,16,4,30,17,0,0,0,0,0,0,51.53
2008,7,16,5,30,16,0,0,0,0,0,0,58.17
2008,7,16,6,30,15.200000000000001,0,0,0,0,0,0,63.480000000000004
2008,7,16,7,30,14.5,0,0,0,0,0,0,68.02
2008,7,16,8,30,13.9,0,0,0,0,0,0,72.11
2008,7,16,9,30,13.3,0,0,0,0,0,0,76.4
2008,7,16,10,30,12.700000000000001,0,0,0,0,0,0,81.22
2008,7,16,11,30,12.8,0,0,0,0,0,0,82.32000000000001
2008,7,16,12,30,14.700000000000001,17,27,222,222,17,27,74.28
2008,7,16,13,30,18.8,49,231,687,687,49,231,57.980000000000004
2008,7,16,14,30,22.8,65,471,849,849,65,471,38.35
2008,7,16,15,30,25.400000000000002,75,695,926,926,75,695,29.54
2008,7,16,16,30,27.200000000000003,82,882,968,968,82,882,24.46
2008,7,16,17,30,28.6,86,1015,993,993,86,1015,20.830000000000002
2008,7,16,18,30,29.700000000000003,92,1083,999,999,92,1083,18.18
2008,7,16,19,30,30.3,91,1081,1000,1000,91,1081,16.580000000000002
2008,7,16,20,30,30.5,89,1010,989,989,89,1010,15.66
2008,7,16,21,30,30.200000000000003,85,871,958,958,85,871,15.55
2008,7,16,22,30,29.5,78,683,913,913,78,683,16
2008,7,16,23,30,28.1,68,457,830,830,68,457,17.22
2008,7,17,0,30,24.8,51,217,653,653,51,217,21.69
2008,7,17,1,30,21.400000000000002,15,21,166,166,15,21,34.5
2008,7,17,2,30,19.700000000000003,0,0,0,0,0,0,39.96
2008,7,17,3,30,18.5,0,0,0,0,0,0,45.15
2008,7,17,4,30,17.5,0,0,0,0,0,0,50.44
2008,7,17,5,30,16.6,0,0,0,0,0,0,54.72
2008,7,17,6,30,15.700000000000001,0,0,0,0,0,0,59.44
2008,7,17,7,30,14.8,0,0,0,0,0,0,64.76
2008,7,17,8,30,14.100000000000001,0,0,0,0,0,0,69.08
2008,7,17,9,30,13.3,0,0,0,0,0,0,73.34
2008,7,17,10,30,12.8,0,0,0,0,0,0,75.88
2008,7,17,11,30,13,0,0,0,0,0,0,74.78
2008,7,17,12,30,14.700000000000001,18,24,136,0,14,14,67.2
2008,7,17,13,30,18.3,61,216,589,63,147,164,53.43
2008,7,17,14,30,22,82,449,769,769,82,449,39.31
2008,7,17,15,30,24.6,96,670,858,858,96,670,31.88
2008,7,17,16,30,26.200000000000003,105,851,904,623,309,824,29.12
2008,7,17,17,30,27.3,111,982,931,931,111,982,27.57
2008,7,17,18,30,28,112,1051,947,947,112,1051,26.75
2008,7,17,19,30,28.5,113,1047,943,943,113,1047,26.25
2008,7,17,20,30,28.3,113,975,925,925,113,975,26.69
2008,7,17,21,30,27.5,108,840,892,892,108,840,28.09
2008,7,17,22,30,26.5,100,654,837,837,100,654,30.150000000000002
2008,7,17,23,30,25.400000000000002,85,433,742,742,85,433,32.61
2008,7,18,0,30,23.8,61,203,560,560,61,203,36.84
2008,7,18,1,30,22.200000000000003,15,18,98,0,11,11,45.6
2008,7,18,2,30,21.200000000000003,0,0,0,0,0,0,52.01
2008,7,18,3,30,20.400000000000002,0,0,0,0,0,0,56.660000000000004
2008,7,18,4,30,19.700000000000003,0,0,0,0,0,0,61.15
2008,7,18,5,30,19.1,0,0,0,0,0,0,65.55
2008,7,18,6,30,18.5,0,0,0,0,0,0,69.12
2008,7,18,7,30,17.6,0,0,0,0,0,0,73.63
2008,7,18,8,30,16.7,0,0,0,0,0,0,77.5
2008,7,18,9,30,15.8,0,0,0,0,0,0,82.95
2008,7,18,10,30,14.9,0,0,0,0,0,0,88.73
2008,7,18,11,30,14.600000000000001,0,0,0,0,0,0,90.95
2008,7,18,12,30,15.8,17,23,160,160,17,23,85.10000000000001
2008,7,18,13,30,18.1,55,215,608,608,55,215,73.94
2008,7,18,14,30,20.400000000000002,75,444,774,310,229,376,62.480000000000004
2008,7,18,15,30,22,93,660,849,42,333,361,54.13
2008,7,18,16,30,22.8,108,841,889,889,108,841,50.03
2008,7,18,17,30,23.200000000000003,115,971,914,356,485,818,47.550000000000004
2008,7,18,18,30,23.5,115,1039,932,547,339,881,45.63
2008,7,18,19,30,23.900000000000002,112,1039,935,79,470,548,43.81
2008,7,18,20,30,24,107,969,925,46,463,505,42.96
2008,7,18,21,30,24,99,838,901,0,63,63,42.26
2008,7,18,22,30,23.8,88,654,856,40,316,342,42.25
2008,7,18,23,30,23.1,76,435,767,8,142,145,43.96
2008,7,19,0,30,21.8,56,203,582,5,80,81,49.34
2008,7,19,1,30,20.6,14,18,114,0,10,10,63.42
2008,7,19,2,30,19.8,0,0,0,0,0,0,68.13
2008,7,19,3,30,19.1,0,0,0,0,0,0,70.62
2008,7,19,4,30,18.400000000000002,0,0,0,0,0,0,73.52
2008,7,19,5,30,17.7,0,0,0,0,0,0,75.98
2008,7,19,6,30,17.1,0,0,0,0,0,0,78.37
2008,7,19,7,30,16.5,0,0,0,0,0,0,81.79
2008,7,19,8,30,16,0,0,0,0,0,0,85.63
2008,7,19,9,30,15.600000000000001,0,0,0,0,0,0,88.97
2008,7,19,10,30,15.3,0,0,0,0,0,0,91.4
2008,7,19,11,30,15.100000000000001,0,0,0,0,0,0,92.24
2008,7,19,12,30,15.3,17,22,121,0,7,7,89.62
2008,7,19,13,30,16,63,208,558,3,63,64,82.07000000000001
2008,7,19,14,30,17,88,437,734,39,186,205,72.73
2008,7,19,15,30,18.2,107,653,819,237,364,522,64.67
2008,7,19,16,30,19.6,119,836,870,870,119,836,57.94
2008,7,19,17,30,21.1,121,970,908,536,321,821,52.38
2008,7,19,18,30,22.3,117,1040,931,347,434,779,48.47
2008,7,19,19,30,22.900000000000002,112,1040,938,2,268,271,46.7
2008,7,19,20,30,22.900000000000002,107,971,928,0,176,177,46.7
2008,7,19,21,30,22.5,100,839,902,0,128,129,47.980000000000004
2008,7,19,22,30,21.5,93,653,848,13,259,268,51.2
2008,7,19,23,30,20.200000000000003,81,432,751,0,37,37,56.13
2008,7,20,0,30,18.8,59,202,567,17,110,114,62.04
2008,7,20,1,30,17.400000000000002,14,18,107,0,10,10,69.2
2008,7,20,2,30,16.5,0,0,0,0,0,0,74.49
2008,7,20,3,30,15.9,0,0,0,0,0,0,77.78
2008,7,20,4,30,15.3,0,0,0,0,0,0,80.69
2008,7,20,5,30,14.600000000000001,0,0,0,0,0,0,84.01
2008,7,20,6,30,13.9,0,0,0,0,0,0,87.38
2008,7,20,7,30,13.200000000000001,0,0,0,0,0,0,91.02
2008,7,20,8,30,12.5,0,0,0,0,0,0,94.86
2008,7,20,9,30,12,0,0,0,0,0,0,97.73
2008,7,20,10,30,11.5,0,0,0,0,0,0,100
2008,7,20,11,30,11.200000000000001,0,0,0,0,0,0,100
2008,7,20,12,30,12,16,23,157,0,8,8,94.57000000000001
2008,7,20,13,30,14.600000000000001,55,217,626,15,130,134,74.77
2008,7,20,14,30,18.1,72,453,803,439,178,387,51.65
2008,7,20,15,30,21.200000000000003,82,675,889,889,82,675,36.52
2008,7,20,16,30,23.6,88,861,938,406,401,735,31.44
2008,7,20,17,30,25.400000000000002,91,991,963,963,91,991,29.55
2008,7,20,18,30,26.8,100,1055,963,963,100,1055,28.5
2008,7,20,19,30,27.5,103,1050,956,956,103,1050,28.39
2008,7,20,20,30,27.5,105,976,935,935,105,976,29.17
2008,7,20,21,30,26.6,105,839,896,896,105,839,31.18
2008,7,20,22,30,25.3,99,650,834,834,99,650,34.5
2008,7,20,23,30,24,88,427,726,541,168,420,38.28
2008,7,21,0,30,22.400000000000002,64,196,525,525,64,196,43.61
2008,7,21,1,30,20.900000000000002,14,16,64,0,12,12,49.95
2008,7,21,2,30,19.8,0,0,0,0,0,0,54.9
2008,7,21,3,30,18.400000000000002,0,0,0,0,0,0,60.58
2008,7,21,4,30,16.8,0,0,0,0,0,0,68.21000000000001
2008,7,21,5,30,15.3,0,0,0,0,0,0,77.61
2008,7,21,6,30,14.200000000000001,0,0,0,0,0,0,86.22
2008,7,21,7,30,13.4,0,0,0,0,0,0,92.52
2008,7,21,8,30,12.8,0,0,0,0,0,0,97.13
2008,7,21,9,30,12.600000000000001,0,0,0,0,0,0,98.66
2008,7,21,10,30,12.4,0,0,0,0,0,0,99.47
2008,7,21,11,30,12.3,0,0,0,0,0,0,98.87
2008,7,21,12,30,13,15,23,198,0,13,13,92.43
2008,7,21,13,30,14.9,48,220,663,259,108,175,75.97
2008,7,21,14,30,17.900000000000002,64,455,828,555,144,407,55.81
2008,7,21,15,30,20.900000000000002,74,679,908,381,274,528,40.14
2008,7,21,16,30,23.1,81,867,954,688,208,775,32.12
2008,7,21,17,30,24.6,86,999,978,658,264,879,28.05
2008,7,21,18,30,25.700000000000003,86,1071,994,595,297,887,25.16
2008,7,21,19,30,26.3,87,1070,993,549,326,869,23.39
2008,7,21,20,30,26.5,85,999,982,721,228,900,22.51
2008,7,21,21,30,26.3,89,861,943,527,265,696,22.52
2008,7,21,22,30,25.6,82,673,895,618,203,611,23.400000000000002
2008,7,21,23,30,24.200000000000003,70,447,808,808,70,447,25.97
2008,7,22,0,30,21.900000000000002,52,210,629,70,124,141,34.35
2008,7,22,1,30,19.900000000000002,14,18,137,0,11,11,45.4
2008,7,22,2,30,19.1,0,0,0,0,0,0,47.72
2008,7,22,3,30,18.3,0,0,0,0,0,0,49.35
2008,7,22,4,30,17.2,0,0,0,0,0,0,51.64
2008,7,22,5,30,16,0,0,0,0,0,0,54.49
2008,7,22,6,30,15,0,0,0,0,0,0,57.75
2008,7,22,7,30,14,0,0,0,0,0,0,62.440000000000005
2008,7,22,8,30,13.4,0,0,0,0,0,0,66.63
2008,7,22,9,30,13,0,0,0,0,0,0,70.23
2008,7,22,10,30,12.600000000000001,0,0,0,0,0,0,73.44
2008,7,22,11,30,12.600000000000001,0,0,0,0,0,0,73.68
2008,7,22,12,30,13.8,15,22,198,198,15,22,67.11
2008,7,22,13,30,16.8,49,220,666,666,49,220,52.86
2008,7,22,14,30,20.400000000000002,66,458,830,830,66,458,39.15
2008,7,22,15,30,23.3,76,682,911,911,76,682,32.93
2008,7,22,16,30,25.5,82,869,956,956,82,869,29.64
2008,7,22,17,30,27.1,85,1002,982,982,85,1002,27.16
2008,7,22,18,30,28.200000000000003,94,1069,985,985,94,1069,25.310000000000002
2008,7,22,19,30,28.8,94,1065,981,981,94,1065,24.1
2008,7,22,20,30,28.900000000000002,93,994,968,968,93,994,23.54
2008,7,22,21,30,28.5,89,859,941,941,89,859,23.6
2008,7,22,22,30,27.5,82,670,892,892,82,670,24.52
2008,7,22,23,30,26,70,446,808,182,254,339,26.26
2008,7,23,0,30,23.3,50,211,644,644,50,211,30.73
2008,7,23,1,30,20.6,13,18,162,0,10,10,39.42
2008,7,23,2,30,19.1,0,0,0,0,0,0,44.08
2008,7,23,3,30,18,0,0,0,0,0,0,48.08
2008,7,23,4,30,16.6,0,0,0,0,0,0,54.35
2008,7,23,5,30,15.3,0,0,0,0,0,0,61.18
2008,7,23,6,30,14.3,0,0,0,0,0,0,66.65
2008,7,23,7,30,13.700000000000001,0,0,0,0,0,0,70.61
2008,7,23,8,30,13.4,0,0,0,0,0,0,74.29
2008,7,23,9,30,13.200000000000001,0,0,0,0,0,0,78.35000000000001
2008,7,23,10,30,12.9,0,0,0,0,0,0,82.36
2008,7,23,11,30,12.8,0,0,0,0,0,0,83.45
2008,7,23,12,30,14.700000000000001,14,21,201,201,14,21,72.89
2008,7,23,13,30,18.5,47,219,673,673,47,219,56.32
2008,7,23,14,30,21.700000000000003,63,457,837,837,63,457,42.72
2008,7,23,15,30,24,74,681,914,914,74,681,34.07
2008,7,23,16,30,25.700000000000003,82,865,953,953,82,865,29.53
2008,7,23,17,30,27,88,998,975,975,88,998,27.73
2008,7,23,18,30,27.8,94,1063,979,979,94,1063,27.54
2008,7,23,19,30,28.1,97,1058,972,972,97,1058,28.16
2008,7,23,20,30,27.900000000000002,98,984,953,953,98,984,29.18
2008,7,23,21,30,27.3,95,849,923,148,456,577,30.27
2008,7,23,22,30,26.200000000000003,87,662,871,136,375,464,32.02
2008,7,23,23,30,24.700000000000003,76,438,778,778,76,438,34.800000000000004
2008,7,24,0,30,22.5,56,202,588,588,56,202,39.92
2008,7,24,1,30,20.200000000000003,13,16,94,94,13,16,48.76
2008,7,24,2,30,18.8,0,0,0,0,0,0,57.28
2008,7,24,3,30,17.7,0,0,0,0,0,0,66.27
2008,7,24,4,30,16.7,0,0,0,0,0,0,74.66
2008,7,24,5,30,16,0,0,0,0,0,0,79.98
2008,7,24,6,30,15.4,0,0,0,0,0,0,83.83
2008,7,24,7,30,14.9,0,0,0,0,0,0,86.92
2008,7,24,8,30,14.4,0,0,0,0,0,0,89.94
2008,7,24,9,30,14,0,0,0,0,0,0,92.36
2008,7,24,10,30,13.8,0,0,0,0,0,0,93.56
2008,7,24,11,30,13.700000000000001,0,0,0,0,0,0,94.17
2008,7,24,12,30,15,14,20,170,170,14,20,86.9
2008,7,24,13,30,17.7,47,216,665,32,139,147,69.57000000000001
2008,7,24,14,30,20.1,59,453,837,236,240,351,53.78
2008,7,24,15,30,22.1,67,674,914,914,67,674,44.93
2008,7,24,16,30,23.900000000000002,73,859,956,956,73,859,39.6
2008,7,24,17,30,25.400000000000002,77,989,977,977,77,989,35.99
2008,7,24,18,30,26.6,89,1055,975,357,430,783,33.4
2008,7,24,19,30,27.3,90,1051,971,37,493,530,31.73
2008,7,24,20,30,27.400000000000002,90,980,957,3,394,398,31.26
2008,7,24,21,30,26.900000000000002,88,843,925,0,69,69,32.06
2008,7,24,22,30,25.8,82,656,873,402,246,510,34.28
2008,7,24,23,30,24.3,72,433,780,381,174,350,38.19
2008,7,25,0,30,22.3,53,199,594,49,135,147,44.42
2008,7,25,1,30,20.400000000000002,13,15,99,0,6,6,53.35
2008,7,25,2,30,19.1,0,0,0,0,0,0,60.58
2008,7,25,3,30,18,0,0,0,0,0,0,66.69
2008,7,25,4,30,17.2,0,0,0,0,0,0,71.2
2008,7,25,5,30,16.6,0,0,0,0,0,0,74.75
2008,7,25,6,30,16.2,0,0,0,0,0,0,77.86
2008,7,25,7,30,16,0,0,0,0,0,0,80.59
2008,7,25,8,30,15.9,0,0,0,0,0,0,83.28
2008,7,25,9,30,15.700000000000001,0,0,0,0,0,0,86.75
2008,7,25,10,30,15.5,0,0,0,0,0,0,90.83
2008,7,25,11,30,15.5,0,0,0,0,0,0,93.57000000000001
2008,7,25,12,30,16,14,17,103,103,14,17,92.55
2008,7,25,13,30,17.2,52,204,600,17,126,130,86.22
2008,7,25,14,30,19.200000000000003,67,437,790,790,67,437,72.5
2008,7,25,15,30,21.5,75,657,879,879,75,657,57.97
2008,7,25,16,30,23.200000000000003,81,842,927,143,442,559,49.72
2008,7,25,17,30,24.3,87,971,948,10,423,432,45.2
2008,7,25,18,30,24.700000000000003,104,1034,940,615,281,890,43.36
2008,7,25,19,30,24.400000000000002,104,1033,940,316,407,719,43.76
2008,7,25,20,30,24,99,966,933,933,99,966,45.160000000000004
2008,7,25,21,30,23.700000000000003,93,833,905,134,376,486,46.230000000000004
2008,7,25,22,30,23.3,84,650,861,2,248,249,47.18
2008,7,25,23,30,22.700000000000003,71,430,777,777,71,430,48.42
2008,7,26,0,30,21.1,51,200,606,189,113,159,54.54
2008,7,26,1,30,19.400000000000002,12,15,111,0,7,7,65.76
2008,7,26,2,30,18.6,0,0,0,0,0,0,65.86
2008,7,26,3,30,17.6,0,0,0,0,0,0,65.75
2008,7,26,4,30,16.1,0,0,0,0,0,0,70.92
2008,7,26,5,30,14.9,0,0,0,0,0,0,78.91
2008,7,26,6,30,14,0,0,0,0,0,0,87.51
2008,7,26,7,30,13.3,0,0,0,0,0,0,94.52
2008,7,26,8,30,12.8,0,0,0,0,0,0,99.46000000000001
2008,7,26,9,30,12.5,0,0,0,0,0,0,100
2008,7,26,10,30,12.3,0,0,0,0,0,0,100
2008,7,26,11,30,12.3,0,0,0,0,0,0,100
2008,7,26,12,30,13.3,13,20,214,214,13,20,96.9
2008,7,26,13,30,15.700000000000001,45,219,691,27,136,143,81.81
2008,7,26,14,30,18.900000000000002,61,460,853,853,61,460,58.54
2008,7,26,15,30,21.900000000000002,72,689,932,932,72,689,36.660000000000004
2008,7,26,16,30,24.5,78,878,975,975,78,878,26.22
2008,7,26,17,30,26.400000000000002,81,1010,996,996,81,1010,21.650000000000002
2008,7,26,18,30,27.6,104,1074,981,981,104,1074,19.25
2008,7,26,19,30,28.3,102,1074,983,983,102,1074,18.04
2008,7,26,20,30,28.5,97,1002,973,973,97,1002,17.63
2008,7,26,21,30,28.200000000000003,84,865,957,957,84,865,17.88
2008,7,26,22,30,27.3,75,676,916,916,75,676,19.07
2008,7,26,23,30,25.8,63,448,833,833,63,448,21.28
2008,7,27,0,30,22.8,46,208,666,666,46,208,27.11
2008,7,27,1,30,20,11,15,158,158,11,15,37.83
2008,7,27,2,30,18.5,0,0,0,0,0,0,44.21
2008,7,27,3,30,17.3,0,0,0,0,0,0,51.03
2008,7,27,4,30,16.1,0,0,0,0,0,0,58.7
2008,7,27,5,30,15,0,0,0,0,0,0,66.05
2008,7,27,6,30,13.9,0,0,0,0,0,0,73.39
2008,7,27,7,30,12.9,0,0,0,0,0,0,80.22
2008,7,27,8,30,12,0,0,0,0,0,0,86.57000000000001
2008,7,27,9,30,11.200000000000001,0,0,0,0,0,0,92.29
2008,7,27,10,30,10.600000000000001,0,0,0,0,0,0,96.82000000000001
2008,7,27,11,30,10.3,0,0,0,0,0,0,99.36
2008,7,27,12,30,11.8,13,19,206,206,13,19,90.05
2008,7,27,13,30,15.600000000000001,44,219,700,700,44,219,67.28
2008,7,27,14,30,19.8,58,462,864,864,58,462,41.24
2008,7,27,15,30,22.900000000000002,67,689,940,940,67,689,29
2008,7,27,16,30,25,74,879,982,982,74,879,24.72
2008,7,27,17,30,26.6,77,1014,1005,1005,77,1014,21.97
2008,7,27,18,30,27.700000000000003,88,1081,1004,1004,88,1081,20.09
2008,7,27,19,30,28.400000000000002,88,1077,1001,1001,88,1077,18.69
2008,7,27,20,30,28.6,86,1005,989,989,86,1005,17.82
2008,7,27,21,30,28.400000000000002,80,869,968,968,80,869,17.400000000000002
2008,7,27,22,30,27.700000000000003,73,678,923,923,73,678,17.53
2008,7,27,23,30,26.3,63,450,841,841,63,450,18.62
2008,7,28,0,30,23.1,46,208,670,670,46,208,22.94
2008,7,28,1,30,19.900000000000002,11,14,148,148,11,14,38.660000000000004
2008,7,28,2,30,18.400000000000002,0,0,0,0,0,0,42.25
2008,7,28,3,30,17.5,0,0,0,0,0,0,44.85
2008,7,28,4,30,17,0,0,0,0,0,0,46.56
2008,7,28,5,30,16.400000000000002,0,0,0,0,0,0,48.620000000000005
2008,7,28,6,30,15.200000000000001,0,0,0,0,0,0,53.74
2008,7,28,7,30,14,0,0,0,0,0,0,61.92
2008,7,28,8,30,13.200000000000001,0,0,0,0,0,0,69.72
2008,7,28,9,30,12.9,0,0,0,0,0,0,78.5
2008,7,28,10,30,12.700000000000001,0,0,0,0,0,0,87.25
2008,7,28,11,30,12.8,0,0,0,0,0,0,92.93
2008,7,28,12,30,14.700000000000001,12,17,179,179,12,17,86.06
2008,7,28,13,30,18.3,46,212,669,669,46,212,68.77
2008,7,28,14,30,22.1,62,451,834,834,62,451,48.68
2008,7,28,15,30,25.1,73,676,913,913,73,676,34.21
2008,7,28,16,30,27,80,866,958,958,80,866,28.09
2008,7,28,17,30,28.400000000000002,84,1000,983,983,84,1000,25.13
2008,7,28,18,30,29.400000000000002,88,1069,992,992,88,1069,23.01
2008,7,28,19,30,30,89,1067,990,990,89,1067,21.64
2008,7,28,20,30,30.200000000000003,88,993,975,975,88,993,20.91
2008,7,28,21,30,29.900000000000002,92,854,936,936,92,854,20.86
2008,7,28,22,30,29.1,87,663,881,881,87,663,21.57
2008,7,28,23,30,27.6,76,434,780,780,76,434,23.44
2008,7,29,0,30,24.8,56,196,582,582,56,196,28.13
2008,7,29,1,30,22.1,11,12,69,0,5,5,40.34
2008,7,29,2,30,20.900000000000002,0,0,0,0,0,0,44.24
2008,7,29,3,30,20.1,0,0,0,0,0,0,46.54
2008,7,29,4,30,19.3,0,0,0,0,0,0,49.93
2008,7,29,5,30,18.3,0,0,0,0,0,0,54.57
2008,7,29,6,30,17.5,0,0,0,0,0,0,58.620000000000005
2008,7,29,7,30,16.8,0,0,0,0,0,0,60.660000000000004
2008,7,29,8,30,15.8,0,0,0,0,0,0,64.18
2008,7,29,9,30,15,0,0,0,0,0,0,68.29
2008,7,29,10,30,14.5,0,0,0,0,0,0,72.2
2008,7,29,11,30,14.600000000000001,0,0,0,0,0,0,74.66
2008,7,29,12,30,16.2,12,16,147,147,12,16,71.12
2008,7,29,13,30,19.700000000000003,50,208,640,640,50,208,60.18
2008,7,29,14,30,23.200000000000003,68,447,815,815,68,447,42.63
2008,7,29,15,30,25.8,80,670,895,895,80,670,32.63
2008,7,29,16,30,27.400000000000002,89,858,939,939,89,858,29.34
2008,7,29,17,30,28.5,95,989,960,960,95,989,27.72
2008,7,29,18,30,29.200000000000003,104,1053,960,21,485,506,26.69
2008,7,29,19,30,29.5,110,1050,951,657,273,921,26.09
2008,7,29,20,30,29.5,114,974,927,927,114,974,25.94
2008,7,29,21,30,29,97,842,915,269,445,664,26.54
2008,7,29,22,30,28.1,91,652,859,859,91,652,27.64
2008,7,29,23,30,26.8,79,427,762,105,258,306,29.32
2008,7,30,0,30,24.6,56,193,573,26,102,108,33.62
2008,7,30,1,30,22.3,10,12,73,0,4,4,43.64
2008,7,30,2,30,21,0,0,0,0,0,0,48.14
2008,7,30,3,30,20,0,0,0,0,0,0,51.29
2008,7,30,4,30,19.200000000000003,0,0,0,0,0,0,54.09
2008,7,30,5,30,18.3,0,0,0,0,0,0,57.79
2008,7,30,6,30,17.3,0,0,0,0,0,0,62.7
2008,7,30,7,30,16.7,0,0,0,0,0,0,66.34
2008,7,30,8,30,16.400000000000002,0,0,0,0,0,0,68.93
2008,7,30,9,30,16,0,0,0,0,0,0,72.46000000000001
2008,7,30,10,30,15.5,0,0,0,0,0,0,74.71000000000001
2008,7,30,11,30,15.5,0,0,0,0,0,0,74.01
2008,7,30,12,30,16.7,12,15,114,114,12,15,69.61
2008,7,30,13,30,19.900000000000002,52,204,616,616,52,204,57.96
2008,7,30,14,30,23.3,71,443,802,802,71,443,43.89
2008,7,30,15,30,25.6,83,669,889,889,83,669,37.78
2008,7,30,16,30,27.3,90,859,940,940,90,859,33.53
2008,7,30,17,30,28.700000000000003,94,994,968,968,94,994,29.73
2008,7,30,18,30,29.6,93,1064,983,700,311,1002,27
2008,7,30,19,30,30.1,94,1060,979,93,512,604,25.27
2008,7,30,20,30,30,93,988,966,510,410,883,24.62
2008,7,30,21,30,29.400000000000002,104,846,912,912,104,846,24.97
2008,7,30,22,30,28.200000000000003,97,653,852,852,97,653,26.59
2008,7,30,23,30,26.200000000000003,82,426,754,754,82,426,30.79
2008,7,31,0,30,23.200000000000003,57,190,559,559,57,190,41
2008,7,31,1,30,20.200000000000003,0,0,0,0,0,0,60.02
2008,7,31,2,30,18.2,0,0,0,0,0,0,79.3
2008,7,31,3,30,17.2,0,0,0,0,0,0,90.52
2008,7,31,4,30,16.6,0,0,0,0,0,0,95.97
2008,7,31,5,30,16.3,0,0,0,0,0,0,98.32000000000001
2008,7,31,6,30,16,0,0,0,0,0,0,99.95
2008,7,31,7,30,15.700000000000001,0,0,0,0,0,0,100
2008,7,31,8,30,15.4,0,0,0,0,0,0,100
2008,7,31,9,30,15.200000000000001,0,0,0,0,0,0,100
2008,7,31,10,30,15.100000000000001,0,0,0,0,0,0,100
2008,7,31,11,30,15,0,0,0,0,0,0,100
2008,7,31,12,30,15.3,11,13,54,54,11,13,100
2008,7,31,13,30,16.3,64,191,517,517,64,191,95.39
2008,7,31,14,30,17.7,89,424,722,722,89,424,86.60000000000001
2008,7,31,15,30,19.400000000000002,101,649,832,832,101,649,75.59
2008,7,31,16,30,21,107,837,893,893,107,837,64.69
2008,7,31,17,30,22.200000000000003,112,971,924,924,112,971,57.03
2008,7,31,18,30,22.900000000000002,119,1041,933,933,119,1041,51.97
2008,7,31,19,30,23.200000000000003,117,1040,935,935,117,1040,48.71
2008,7,31,20,30,23.200000000000003,113,969,923,718,272,937,47
2008,7,31,21,30,22.900000000000002,98,834,906,47,403,441,46.62
2008,7,31,22,30,22.5,89,646,855,634,192,605,47.050000000000004
2008,7,31,23,30,21.700000000000003,75,421,761,305,187,326,49.61
2008,8,1,0,30,20.3,55,187,559,559,55,187,59.160000000000004
2008,8,1,1,30,19.1,0,0,0,0,0,0,69.21000000000001
2008,8,1,2,30,18.6,0,0,0,0,0,0,71.81
2008,8,1,3,30,18.1,0,0,0,0,0,0,75.19
2008,8,1,4,30,17.6,0,0,0,0,0,0,76.31
2008,8,1,5,30,17,0,0,0,0,0,0,78.28
2008,8,1,6,30,16.400000000000002,0,0,0,0,0,0,81.12
2008,8,1,7,30,15.9,0,0,0,0,0,0,84.37
2008,8,1,8,30,15.5,0,0,0,0,0,0,88.12
2008,8,1,9,30,15.200000000000001,0,0,0,0,0,0,91.47
2008,8,1,10,30,15,0,0,0,0,0,0,93.87
2008,8,1,11,30,14.9,0,0,0,0,0,0,94.97
2008,8,1,12,30,15.5,11,11,41,41,11,11,91.56
2008,8,1,13,30,17.3,68,188,493,493,68,188,79.73
2008,8,1,14,30,19.6,92,422,714,714,92,422,64.48
2008,8,1,15,30,21.700000000000003,101,647,830,830,101,647,54.050000000000004
2008,8,1,16,30,23.3,107,835,890,890,107,835,48.120000000000005
2008,8,1,17,30,24.3,110,967,922,808,179,931,44.78
2008,8,1,18,30,24.700000000000003,123,1030,919,195,468,661,43.31
2008,8,1,19,30,24.5,124,1028,916,38,456,494,43.25
2008,8,1,20,30,24,123,956,900,226,434,643,44.08
2008,8,1,21,30,23.5,110,823,879,879,110,823,45.27
2008,8,1,22,30,22.900000000000002,98,637,829,0,114,114,46.74
2008,8,1,23,30,22,85,414,727,0,20,20,49.35
2008,8,2,0,30,20.6,60,181,518,0,43,43,58.68
2008,8,2,1,30,19.200000000000003,0,0,0,0,0,0,77.25
2008,8,2,2,30,18.3,0,0,0,0,0,0,81.68
2008,8,2,3,30,17.3,0,0,0,0,0,0,83.29
2008,8,2,4,30,16.1,0,0,0,0,0,0,83.79
2008,8,2,5,30,15.100000000000001,0,0,0,0,0,0,85.10000000000001
2008,8,2,6,30,14.3,0,0,0,0,0,0,86.02
2008,8,2,7,30,13.5,0,0,0,0,0,0,88.95
2008,8,2,8,30,12.8,0,0,0,0,0,0,93.58
2008,8,2,9,30,12.100000000000001,0,0,0,0,0,0,99.15
2008,8,2,10,30,11.5,0,0,0,0,0,0,100
2008,8,2,11,30,11.4,0,0,0,0,0,0,100
2008,8,2,12,30,12.5,11,13,124,0,2,2,98.89
2008,8,2,13,30,14.9,49,204,640,136,120,153,85.73
2008,8,2,14,30,18.400000000000002,65,446,826,826,65,446,63.03
2008,8,2,15,30,21.5,74,674,913,913,74,674,43.81
2008,8,2,16,30,23.700000000000003,79,864,961,961,79,864,35.62
2008,8,2,17,30,25.3,82,997,985,985,82,997,31.25
2008,8,2,18,30,26.400000000000002,90,1065,988,988,90,1065,29.060000000000002
2008,8,2,19,30,27.1,89,1060,985,101,457,557,28.22
2008,8,2,20,30,27.3,88,986,970,420,369,758,28.43
2008,8,2,21,30,27,83,849,945,945,83,849,29.13
2008,8,2,22,30,26.400000000000002,74,659,901,901,74,659,29.830000000000002
2008,8,2,23,30,25.200000000000003,63,432,818,0,35,35,31.490000000000002
2008,8,3,0,30,22.8,45,195,645,645,45,195,38.19
2008,8,3,1,30,20.6,0,0,0,0,0,0,54.11
2008,8,3,2,30,19.6,0,0,0,0,0,0,56.64
2008,8,3,3,30,18.7,0,0,0,0,0,0,57.96
2008,8,3,4,30,17.8,0,0,0,0,0,0,60.47
2008,8,3,5,30,16.900000000000002,0,0,0,0,0,0,65.49
2008,8,3,6,30,15.9,0,0,0,0,0,0,72.3
2008,8,3,7,30,15,0,0,0,0,0,0,78.55
2008,8,3,8,30,14.200000000000001,0,0,0,0,0,0,84.13
2008,8,3,9,30,13.4,0,0,0,0,0,0,89.4
2008,8,3,10,30,12.600000000000001,0,0,0,0,0,0,93.84
2008,8,3,11,30,12.200000000000001,0,0,0,0,0,0,94.29
2008,8,3,12,30,13.4,10,13,168,0,5,5,83.97
2008,8,3,13,30,16.7,43,207,679,413,86,186,62.46
2008,8,3,14,30,20.3,58,449,850,850,58,449,38.46
2008,8,3,15,30,23,66,676,930,930,66,676,29.01
2008,8,3,16,30,25,72,865,973,973,72,865,26.69
2008,8,3,17,30,26.5,76,1000,996,996,76,1000,25.16
2008,8,3,18,30,27.6,87,1068,995,995,87,1068,23.7
2008,8,3,19,30,28.200000000000003,86,1066,995,995,86,1066,22.72
2008,8,3,20,30,28.400000000000002,84,991,981,981,84,991,22.16
2008,8,3,21,30,28.200000000000003,79,854,957,957,79,854,22.080000000000002
2008,8,3,22,30,27.5,73,662,910,910,73,662,22.69
2008,8,3,23,30,26.1,62,432,821,54,245,270,24.240000000000002
2008,8,4,0,30,23.200000000000003,45,192,639,639,45,192,29.17
2008,8,4,1,30,20.3,0,0,0,0,0,0,42.18
2008,8,4,2,30,18.8,0,0,0,0,0,0,46.35
2008,8,4,3,30,17.7,0,0,0,0,0,0,48.14
2008,8,4,4,30,16.7,0,0,0,0,0,0,49.32
2008,8,4,5,30,15.700000000000001,0,0,0,0,0,0,50.75
2008,8,4,6,30,14.8,0,0,0,0,0,0,52.94
2008,8,4,7,30,13.9,0,0,0,0,0,0,57.39
2008,8,4,8,30,13.200000000000001,0,0,0,0,0,0,63.04
2008,8,4,9,30,12.600000000000001,0,0,0,0,0,0,68.96000000000001
2008,8,4,10,30,12,0,0,0,0,0,0,74.16
2008,8,4,11,30,11.8,0,0,0,0,0,0,75.92
2008,8,4,12,30,13.100000000000001,0,0,0,0,0,0,68.74
2008,8,4,13,30,16.7,45,204,666,666,45,204,52.96
2008,8,4,14,30,20.8,62,446,837,837,62,446,31.62
2008,8,4,15,30,23.6,72,673,917,917,72,673,25.25
2008,8,4,16,30,25.5,79,863,961,961,79,863,24.72
2008,8,4,17,30,26.900000000000002,84,998,985,985,84,998,24.330000000000002
2008,8,4,18,30,27.8,89,1067,993,993,89,1067,23.830000000000002
2008,8,4,19,30,28.400000000000002,89,1062,989,989,89,1062,23.2
2008,8,4,20,30,28.6,88,989,976,976,88,989,22.78
2008,8,4,21,30,28.3,81,852,953,953,81,852,22.78
2008,8,4,22,30,27.5,75,660,905,905,75,660,23.29
2008,8,4,23,30,26.1,65,430,816,816,65,430,24.7
2008,8,5,0,30,23.200000000000003,47,191,631,63,123,138,29.330000000000002
2008,8,5,1,30,20.400000000000002,0,0,0,0,0,0,42.21
2008,8,5,2,30,19.1,0,0,0,0,0,0,45.69
2008,8,5,3,30,18,0,0,0,0,0,0,49.04
2008,8,5,4,30,16.900000000000002,0,0,0,0,0,0,54.4
2008,8,5,5,30,15.9,0,0,0,0,0,0,59.97
2008,8,5,6,30,15.100000000000001,0,0,0,0,0,0,64.33
2008,8,5,7,30,14.5,0,0,0,0,0,0,67.86
2008,8,5,8,30,14,0,0,0,0,0,0,72.75
2008,8,5,9,30,13.5,0,0,0,0,0,0,78.38
2008,8,5,10,30,12.8,0,0,0,0,0,0,84.45
2008,8,5,11,30,12.4,0,0,0,0,0,0,88.01
2008,8,5,12,30,13.700000000000001,0,0,0,0,0,0,81.3
2008,8,5,13,30,17,50,198,618,30,127,134,63.35
2008,8,5,14,30,20.400000000000002,70,437,801,801,70,437,45.94
2008,8,5,15,30,22.900000000000002,84,664,886,886,84,664,38.82
2008,8,5,16,30,24.700000000000003,94,852,931,931,94,852,35.300000000000004
2008,8,5,17,30,25.8,101,987,956,956,101,987,33.24
2008,8,5,18,30,26.5,115,1050,950,950,115,1050,31.68
2008,8,5,19,30,26.700000000000003,121,1046,941,299,549,842,30.7
2008,8,5,20,30,26.6,121,972,922,374,482,828,30.3
2008,8,5,21,30,26.200000000000003,111,835,897,492,285,682,30.57
2008,8,5,22,30,25.5,99,644,845,371,277,517,31.36
2008,8,5,23,30,24.5,82,417,750,750,82,417,32.65
2008,8,6,0,30,22.3,56,180,549,549,56,180,37.1
2008,8,6,1,30,20.1,0,0,0,0,0,0,48.32
2008,8,6,2,30,19.1,0,0,0,0,0,0,51.21
2008,8,6,3,30,18.3,0,0,0,0,0,0,53.11
2008,8,6,4,30,17.400000000000002,0,0,0,0,0,0,57.33
2008,8,6,5,30,16.3,0,0,0,0,0,0,63.1
2008,8,6,6,30,15.100000000000001,0,0,0,0,0,0,69.35000000000001
2008,8,6,7,30,14,0,0,0,0,0,0,76.87
2008,8,6,8,30,13.100000000000001,0,0,0,0,0,0,85.09
2008,8,6,9,30,12.5,0,0,0,0,0,0,91.95
2008,8,6,10,30,11.9,0,0,0,0,0,0,97.9
2008,8,6,11,30,11.8,0,0,0,0,0,0,99.93
2008,8,6,12,30,12.9,0,0,0,0,0,0,93.86
2008,8,6,13,30,15.700000000000001,53,195,600,4,102,103,78.63
2008,8,6,14,30,19.200000000000003,73,435,792,43,244,264,56.370000000000005
2008,8,6,15,30,22.1,85,662,884,884,85,662,42.58
2008,8,6,16,30,24,91,851,933,933,91,851,37.64
2008,8,6,17,30,25.3,95,986,962,962,95,986,34.46
2008,8,6,18,30,26.1,96,1056,976,976,96,1056,32.27
2008,8,6,19,30,26.400000000000002,95,1054,975,10,460,470,31
2008,8,6,20,30,26.400000000000002,92,979,962,470,350,783,30.490000000000002
2008,8,6,21,30,25.900000000000002,94,838,922,0,111,111,31.14
2008,8,6,22,30,25.3,85,647,874,2,256,257,32.18
2008,8,6,23,30,24.400000000000002,71,419,782,782,71,419,33.65
2008,8,7,0,30,22.5,50,181,585,7,105,107,38.5
2008,8,7,1,30,20.700000000000003,0,0,0,0,0,0,50.95
2008,8,7,2,30,20,0,0,0,0,0,0,53.47
2008,8,7,3,30,19.3,0,0,0,0,0,0,55.44
2008,8,7,4,30,18.3,0,0,0,0,0,0,60.33
2008,8,7,5,30,17.1,0,0,0,0,0,0,68.1
2008,8,7,6,30,15.9,0,0,0,0,0,0,76.84
2008,8,7,7,30,14.9,0,0,0,0,0,0,84.73
2008,8,7,8,30,14,0,0,0,0,0,0,91.91
2008,8,7,9,30,13.200000000000001,0,0,0,0,0,0,97.98
2008,8,7,10,30,12.700000000000001,0,0,0,0,0,0,100
2008,8,7,11,30,12.4,0,0,0,0,0,0,100
2008,8,7,12,30,13.200000000000001,0,0,0,0,0,0,95.74000000000001
2008,8,7,13,30,15.700000000000001,46,196,634,634,46,196,79.35000000000001
2008,8,7,14,30,18.900000000000002,64,435,814,814,64,435,60.71
2008,8,7,15,30,21.700000000000003,75,660,896,896,75,660,47.89
2008,8,7,16,30,23.6,83,847,939,939,83,847,40.94
2008,8,7,17,30,24.8,89,980,962,962,89,980,37.13
2008,8,7,18,30,25.3,106,1043,952,952,106,1043,35.58
2008,8,7,19,30,25.6,108,1040,948,948,108,1040,34.81
2008,8,7,20,30,25.400000000000002,106,964,931,931,106,964,35.160000000000004
2008,8,7,21,30,24.8,97,828,908,908,97,828,36.72
2008,8,7,22,30,24.1,88,637,856,34,308,330,38.78
2008,8,7,23,30,23,74,409,756,756,74,409,42.1
2008,8,8,0,30,21.400000000000002,52,174,547,547,52,174,48.19
2008,8,8,1,30,20,0,0,0,0,0,0,59.67
2008,8,8,2,30,19.200000000000003,0,0,0,0,0,0,64.31
2008,8,8,3,30,18.400000000000002,0,0,0,0,0,0,68.27
2008,8,8,4,30,17.7,0,0,0,0,0,0,72.08
2008,8,8,5,30,16.8,0,0,0,0,0,0,77.53
2008,8,8,6,30,16,0,0,0,0,0,0,82.95
2008,8,8,7,30,15.200000000000001,0,0,0,0,0,0,88.72
2008,8,8,8,30,14.600000000000001,0,0,0,0,0,0,93.16
2008,8,8,9,30,14,0,0,0,0,0,0,97.28
2008,8,8,10,30,13.4,0,0,0,0,0,0,100
2008,8,8,11,30,13.100000000000001,0,0,0,0,0,0,100
2008,8,8,12,30,14.100000000000001,0,0,0,0,0,0,95.99000000000001
2008,8,8,13,30,16.8,54,186,561,23,121,127,82.04
2008,8,8,14,30,19.6,73,424,771,350,210,369,66.45
2008,8,8,15,30,21.5,84,649,865,865,84,649,56.120000000000005
2008,8,8,16,30,22.6,93,837,915,915,93,837,50.02
2008,8,8,17,30,23.400000000000002,99,970,941,458,352,776,45.93
2008,8,8,18,30,23.6,102,1039,952,146,493,637,44.29
2008,8,8,19,30,23.400000000000002,103,1034,949,513,319,822,44.300000000000004
2008,8,8,20,30,22.900000000000002,99,961,937,0,85,85,45.980000000000004
2008,8,8,21,30,22.200000000000003,83,826,925,46,357,394,48.75
2008,8,8,22,30,21.5,76,636,875,252,297,458,51.83
2008,8,8,23,30,20.6,65,410,783,290,192,321,55.95
2008,8,9,0,30,19.200000000000003,46,174,585,0,24,24,64.18
2008,8,9,1,30,17.900000000000002,0,0,0,0,0,0,74.96000000000001
2008,8,9,2,30,17.1,0,0,0,0,0,0,78.63
2008,8,9,3,30,16.400000000000002,0,0,0,0,0,0,81.93
2008,8,9,4,30,15.9,0,0,0,0,0,0,84.87
2008,8,9,5,30,15.4,0,0,0,0,0,0,88.22
2008,8,9,6,30,14.9,0,0,0,0,0,0,91.95
2008,8,9,7,30,14.4,0,0,0,0,0,0,95.87
2008,8,9,8,30,13.8,0,0,0,0,0,0,100
2008,8,9,9,30,13.100000000000001,0,0,0,0,0,0,100
2008,8,9,10,30,12.5,0,0,0,0,0,0,100
2008,8,9,11,30,12.200000000000001,0,0,0,0,0,0,100
2008,8,9,12,30,13.200000000000001,0,0,0,0,0,0,97.79
2008,8,9,13,30,16,44,194,643,202,109,156,82.8
2008,8,9,14,30,19.700000000000003,60,434,824,824,60,434,61.7
2008,8,9,15,30,22.900000000000002,70,663,910,910,70,663,41.92
2008,8,9,16,30,25,76,852,955,955,76,852,33.63
2008,8,9,17,30,26.5,80,987,980,222,515,720,29.29
2008,8,9,18,30,27.700000000000003,87,1055,985,343,433,770,26.19
2008,8,9,19,30,28.3,87,1052,984,349,416,757,24.32
2008,8,9,20,30,28.5,87,980,972,215,448,645,23.16
2008,8,9,21,30,28.3,80,842,950,116,374,467,22.580000000000002
2008,8,9,22,30,27.6,73,648,901,167,300,407,22.81
2008,8,9,23,30,26.200000000000003,63,418,811,19,165,174,24.42
2008,8,10,0,30,23.5,44,178,615,185,108,148,33.63
2008,8,10,1,30,21,0,0,0,0,0,0,50.050000000000004
2008,8,10,2,30,19.8,0,0,0,0,0,0,53.59
2008,8,10,3,30,18.7,0,0,0,0,0,0,58.36
2008,8,10,4,30,17.8,0,0,0,0,0,0,62.85
2008,8,10,5,30,17.1,0,0,0,0,0,0,67.14
2008,8,10,6,30,16.3,0,0,0,0,0,0,72.41
2008,8,10,7,30,15.700000000000001,0,0,0,0,0,0,78.17
2008,8,10,8,30,15.3,0,0,0,0,0,0,84.27
2008,8,10,9,30,14.8,0,0,0,0,0,0,90.91
2008,8,10,10,30,14.200000000000001,0,0,0,0,0,0,96.9
2008,8,10,11,30,14.100000000000001,0,0,0,0,0,0,98.93
2008,8,10,12,30,15.100000000000001,0,0,0,0,0,0,93.55
2008,8,10,13,30,17.900000000000002,46,191,625,625,46,191,78.97
2008,8,10,14,30,21.1,62,431,814,814,62,431,60.9
2008,8,10,15,30,23.700000000000003,71,660,904,904,71,660,47.02
2008,8,10,16,30,25.700000000000003,80,849,948,948,80,849,38.14
2008,8,10,17,30,26.700000000000003,88,982,967,967,88,982,34.05
2008,8,10,18,30,27.1,101,1048,964,964,101,1048,32.18
2008,8,10,19,30,27.5,103,1042,958,958,103,1042,31.13
2008,8,10,20,30,27.5,102,967,943,943,102,967,30.78
2008,8,10,21,30,27.1,93,829,919,919,93,829,31.38
2008,8,10,22,30,26.3,85,636,866,866,85,636,32.64
2008,8,10,23,30,25.3,71,407,769,769,71,407,34.550000000000004
2008,8,11,0,30,23.6,49,170,562,0,4,4,41.53
2008,8,11,1,30,21.8,0,0,0,0,0,0,58.86
2008,8,11,2,30,20.700000000000003,0,0,0,0,0,0,62.83
2008,8,11,3,30,19.700000000000003,0,0,0,0,0,0,65.09
2008,8,11,4,30,18.7,0,0,0,0,0,0,68.72
2008,8,11,5,30,17.900000000000002,0,0,0,0,0,0,72.25
2008,8,11,6,30,17.1,0,0,0,0,0,0,76.27
2008,8,11,7,30,16.3,0,0,0,0,0,0,80.61
2008,8,11,8,30,15.4,0,0,0,0,0,0,85.51
2008,8,11,9,30,14.9,0,0,0,0,0,0,88.75
2008,8,11,10,30,14.600000000000001,0,0,0,0,0,0,91.34
2008,8,11,11,30,14.5,0,0,0,0,0,0,92.69
2008,8,11,12,30,15.5,0,0,0,0,0,0,87.22
2008,8,11,13,30,18.400000000000002,49,187,597,597,49,187,72.76
2008,8,11,14,30,21.8,68,426,792,792,68,426,55.27
2008,8,11,15,30,24.200000000000003,79,654,885,885,79,654,45.46
2008,8,11,16,30,26.1,87,843,933,933,87,843,38.54
2008,8,11,17,30,27.6,93,980,960,960,93,980,33.03
2008,8,11,18,30,28.6,99,1048,968,968,99,1048,29.95
2008,8,11,19,30,29.200000000000003,100,1044,965,965,100,1044,28.060000000000002
2008,8,11,20,30,29.400000000000002,101,971,949,949,101,971,26.86
2008,8,11,21,30,29.200000000000003,93,832,925,680,221,765,26.6
2008,8,11,22,30,28.6,84,638,872,872,84,638,27.45
2008,8,11,23,30,27.3,70,408,778,778,70,408,29.5
2008,8,12,0,30,24.900000000000002,48,169,570,570,48,169,37.95
2008,8,12,1,30,22.8,0,0,0,0,0,0,53.1
2008,8,12,2,30,21.900000000000002,0,0,0,0,0,0,55.550000000000004
2008,8,12,3,30,21.200000000000003,0,0,0,0,0,0,57.54
2008,8,12,4,30,20.5,0,0,0,0,0,0,60.69
2008,8,12,5,30,19.700000000000003,0,0,0,0,0,0,65.22
2008,8,12,6,30,18.7,0,0,0,0,0,0,69.79
2008,8,12,7,30,17.7,0,0,0,0,0,0,72.72
2008,8,12,8,30,16.900000000000002,0,0,0,0,0,0,74.33
2008,8,12,9,30,16.2,0,0,0,0,0,0,76.66
2008,8,12,10,30,15.700000000000001,0,0,0,0,0,0,78.68
2008,8,12,11,30,15.4,0,0,0,0,0,0,80.2
2008,8,12,12,30,16,0,0,0,0,0,0,78.28
2008,8,12,13,30,18.1,52,186,584,584,52,186,70.52
2008,8,12,14,30,21.400000000000002,73,426,784,267,228,348,55.64
2008,8,12,15,30,24.400000000000002,84,655,880,880,84,655,38.47
2008,8,12,16,30,26.5,91,848,935,935,91,848,32.56
2008,8,12,17,30,27.900000000000002,94,984,965,965,94,984,30.2
2008,8,12,18,30,29,102,1051,968,694,249,929,28.09
2008,8,12,19,30,29.5,105,1047,963,639,282,907,26.67
2008,8,12,20,30,29.6,105,969,944,944,105,969,26.02
2008,8,12,21,30,29.400000000000002,96,829,919,919,96,829,26.04
2008,8,12,22,30,28.5,89,634,861,861,89,634,27.330000000000002
2008,8,12,23,30,26.900000000000002,74,402,759,759,74,402,30.25
2008,8,13,0,30,24.5,50,164,543,543,50,164,38.88
2008,8,13,1,30,22.5,0,0,0,0,0,0,53.94
2008,8,13,2,30,21.6,0,0,0,0,0,0,57.870000000000005
2008,8,13,3,30,20.700000000000003,0,0,0,0,0,0,61.660000000000004
2008,8,13,4,30,19.900000000000002,0,0,0,0,0,0,66.31
2008,8,13,5,30,19.1,0,0,0,0,0,0,71.72
2008,8,13,6,30,18.400000000000002,0,0,0,0,0,0,75.9
2008,8,13,7,30,17.5,0,0,0,0,0,0,79.8
2008,8,13,8,30,16.7,0,0,0,0,0,0,83.13
2008,8,13,9,30,16,0,0,0,0,0,0,86.42
2008,8,13,10,30,15.5,0,0,0,0,0,0,89.55
2008,8,13,11,30,15.3,0,0,0,0,0,0,91.42
2008,8,13,12,30,15.8,0,0,0,0,0,0,89.75
2008,8,13,13,30,17.7,57,179,531,531,57,179,81.59
2008,8,13,14,30,20.3,82,415,741,741,82,415,68.83
2008,8,13,15,30,22.8,96,642,842,842,96,642,53.26
2008,8,13,16,30,24.6,105,831,897,897,105,831,43.85
2008,8,13,17,30,25.700000000000003,114,965,923,923,114,965,40.07
2008,8,13,18,30,26.200000000000003,108,1036,948,948,108,1036,38.27
2008,8,13,19,30,26.400000000000002,110,1032,944,944,110,1032,37.43
2008,8,13,20,30,26.200000000000003,109,957,928,928,109,957,37.68
2008,8,13,21,30,25.5,114,811,876,543,268,701,39.42
2008,8,13,22,30,24.200000000000003,109,613,799,265,337,504,43.61
2008,8,13,23,30,22.5,96,384,669,669,96,384,51.08
2008,8,14,0,30,20.6,65,150,412,89,79,98,62.870000000000005
2008,8,14,1,30,19.1,0,0,0,0,0,0,74.19
2008,8,14,2,30,18.2,0,0,0,0,0,0,80.06
2008,8,14,3,30,17.400000000000002,0,0,0,0,0,0,85.62
2008,8,14,4,30,16.6,0,0,0,0,0,0,90.46000000000001
2008,8,14,5,30,16.1,0,0,0,0,0,0,92.83
2008,8,14,6,30,15.8,0,0,0,0,0,0,94.5
2008,8,14,7,30,15.5,0,0,0,0,0,0,96.11
2008,8,14,8,30,15.200000000000001,0,0,0,0,0,0,97.65
2008,8,14,9,30,15.100000000000001,0,0,0,0,0,0,98.16
2008,8,14,10,30,15,0,0,0,0,0,0,99.02
2008,8,14,11,30,14.9,0,0,0,0,0,0,98.87
2008,8,14,12,30,15.4,0,0,0,0,0,0,94.07000000000001
2008,8,14,13,30,17.1,78,165,386,4,73,74,81.92
2008,8,14,14,30,19.700000000000003,114,399,633,9,195,199,59.26
2008,8,14,15,30,22.200000000000003,131,626,765,5,274,277,45.33
2008,8,14,16,30,24.200000000000003,142,817,836,1,289,290,39.34
2008,8,14,17,30,25.700000000000003,148,952,872,66,477,538,35.49
2008,8,14,18,30,26.6,148,1022,893,529,352,869,33.29
2008,8,14,19,30,27,148,1018,892,439,400,828,32.160000000000004
2008,8,14,20,30,26.8,142,944,878,878,142,944,32.17
2008,8,14,21,30,26.200000000000003,121,808,865,295,430,665,33.13
2008,8,14,22,30,25.400000000000002,110,614,801,3,253,255,34.85
2008,8,14,23,30,24.200000000000003,91,384,686,270,217,333,38.050000000000004
2008,8,15,0,30,22.5,60,151,446,78,104,120,45.550000000000004
2008,8,15,1,30,20.900000000000002,0,0,0,0,0,0,57.81
2008,8,15,2,30,19.8,0,0,0,0,0,0,62.160000000000004
2008,8,15,3,30,18.900000000000002,0,0,0,0,0,0,66.57000000000001
2008,8,15,4,30,18.2,0,0,0,0,0,0,70.43
2008,8,15,5,30,17.5,0,0,0,0,0,0,74.32000000000001
2008,8,15,6,30,16.6,0,0,0,0,0,0,78.48
2008,8,15,7,30,15.700000000000001,0,0,0,0,0,0,82.47
2008,8,15,8,30,15,0,0,0,0,0,0,86.26
2008,8,15,9,30,14.4,0,0,0,0,0,0,90.61
2008,8,15,10,30,14,0,0,0,0,0,0,95.33
2008,8,15,11,30,13.700000000000001,0,0,0,0,0,0,99.51
2008,8,15,12,30,14.700000000000001,0,0,0,0,0,0,94.76
2008,8,15,13,30,17.6,54,179,553,96,120,141,81.19
2008,8,15,14,30,21,75,418,765,229,233,335,63.46
2008,8,15,15,30,23.6,88,646,862,326,325,536,50.22
2008,8,15,16,30,25.3,98,833,909,909,98,833,44.06
2008,8,15,17,30,26.400000000000002,107,967,934,934,107,967,40.62
2008,8,15,18,30,26.900000000000002,114,1033,940,432,394,816,38.69
2008,8,15,19,30,26.8,118,1026,932,932,118,1026,38.2
2008,8,15,20,30,26.400000000000002,118,947,910,910,118,947,38.84
2008,8,15,21,30,25.5,110,807,879,879,110,807,41.65
2008,8,15,22,30,24.1,97,613,823,309,280,474,46.910000000000004
2008,8,15,23,30,22.6,78,385,724,10,141,146,53.71
2008,8,16,0,30,20.700000000000003,49,152,512,43,99,108,64.01
2008,8,16,1,30,19,0,0,0,0,0,0,75.97
2008,8,16,2,30,17.900000000000002,0,0,0,0,0,0,82.10000000000001
2008,8,16,3,30,16.900000000000002,0,0,0,0,0,0,87.48
2008,8,16,4,30,16,0,0,0,0,0,0,91.58
2008,8,16,5,30,15.200000000000001,0,0,0,0,0,0,94.37
2008,8,16,6,30,14.600000000000001,0,0,0,0,0,0,95.4
2008,8,16,7,30,14,0,0,0,0,0,0,96.19
2008,8,16,8,30,13.4,0,0,0,0,0,0,97.06
2008,8,16,9,30,12.9,0,0,0,0,0,0,97.46000000000001
2008,8,16,10,30,12.5,0,0,0,0,0,0,97.35000000000001
2008,8,16,11,30,12.3,0,0,0,0,0,0,96.15
2008,8,16,12,30,13.4,0,0,0,0,0,0,88.33
2008,8,16,13,30,16.400000000000002,51,180,574,61,120,134,75.03
2008,8,16,14,30,20.1,73,421,778,211,236,330,56.96
2008,8,16,15,30,23.200000000000003,86,649,871,322,327,535,42.56
2008,8,16,16,30,25.5,94,840,924,356,411,698,35.4
2008,8,16,17,30,27.1,99,975,952,401,458,827,31.67
2008,8,16,18,30,28.1,104,1042,961,433,475,898,29.71
2008,8,16,19,30,28.6,105,1035,955,366,506,862,28.8
2008,8,16,20,30,28.5,105,958,938,938,105,958,28.990000000000002
2008,8,16,21,30,28,100,814,903,16,305,318,29.92
2008,8,16,22,30,27.1,91,619,844,565,176,529,31.75
2008,8,16,23,30,25.6,77,386,731,322,193,329,35.47
2008,8,17,0,30,23.400000000000002,52,149,490,0,13,13,46.25
2008,8,17,1,30,21.6,0,0,0,0,0,0,60.04
2008,8,17,2,30,20.5,0,0,0,0,0,0,65.96000000000001
2008,8,17,3,30,19.6,0,0,0,0,0,0,72.2
2008,8,17,4,30,18.7,0,0,0,0,0,0,78.22
2008,8,17,5,30,17.900000000000002,0,0,0,0,0,0,82.61
2008,8,17,6,30,17,0,0,0,0,0,0,85.77
2008,8,17,7,30,16.1,0,0,0,0,0,0,88.67
2008,8,17,8,30,15.3,0,0,0,0,0,0,92.68
2008,8,17,9,30,14.700000000000001,0,0,0,0,0,0,96.97
2008,8,17,10,30,14.200000000000001,0,0,0,0,0,0,100
2008,8,17,11,30,13.700000000000001,0,0,0,0,0,0,100
2008,8,17,12,30,14.3,0,0,0,0,0,0,97.89
2008,8,17,13,30,16.5,52,178,561,32,122,129,84.14
2008,8,17,14,30,19.6,74,418,773,0,85,85,63.85
2008,8,17,15,30,22.5,86,647,870,870,86,647,46.93
2008,8,17,16,30,24.900000000000002,93,839,926,926,93,839,37.22
2008,8,17,17,30,26.6,97,975,955,955,97,975,32.17
2008,8,17,18,30,27.8,98,1043,969,969,98,1043,29.27
2008,8,17,19,30,28.5,98,1037,966,966,98,1037,27.63
2008,8,17,20,30,28.8,96,960,951,951,96,960,26.72
2008,8,17,21,30,28.5,94,817,916,235,356,541,26.85
2008,8,17,22,30,27.700000000000003,87,619,854,854,87,619,28.04
2008,8,17,23,30,26.200000000000003,73,387,747,747,73,387,31.18
2008,8,18,0,30,23.900000000000002,49,149,511,71,103,117,39.74
2008,8,18,1,30,22,0,0,0,0,0,0,53.89
2008,8,18,2,30,20.900000000000002,0,0,0,0,0,0,60.06
2008,8,18,3,30,19.8,0,0,0,0,0,0,67.4
2008,8,18,4,30,18.8,0,0,0,0,0,0,74.21000000000001
2008,8,18,5,30,17.8,0,0,0,0,0,0,81.67
2008,8,18,6,30,17,0,0,0,0,0,0,87.57000000000001
2008,8,18,7,30,16.6,0,0,0,0,0,0,90.99
2008,8,18,8,30,16.1,0,0,0,0,0,0,94.53
2008,8,18,9,30,15.8,0,0,0,0,0,0,95.78
2008,8,18,10,30,15.600000000000001,0,0,0,0,0,0,95.99000000000001
2008,8,18,11,30,15.3,0,0,0,0,0,0,97.41
2008,8,18,12,30,15.600000000000001,0,0,0,0,0,0,95.84
2008,8,18,13,30,17,55,171,524,7,103,105,89.29
2008,8,18,14,30,18.7,80,406,731,731,80,406,80.75
2008,8,18,15,30,19.900000000000002,96,631,829,829,96,631,73.27
2008,8,18,16,30,20.700000000000003,108,816,879,879,108,816,68.19
2008,8,18,17,30,21.200000000000003,118,948,904,140,477,606,65.33
2008,8,18,18,30,21.6,109,1019,934,934,109,1019,62.230000000000004
2008,8,18,19,30,21.8,110,1014,932,1,199,200,59.65
2008,8,18,20,30,21.700000000000003,105,939,919,571,260,778,59.14
2008,8,18,21,30,21.3,97,797,889,3,209,212,61.06
2008,8,18,22,30,20.700000000000003,87,604,833,2,138,139,64.63
2008,8,18,23,30,19.6,72,376,729,3,104,106,71.08
2008,8,19,0,30,18.2,48,143,496,8,71,72,81.52
2008,8,19,1,30,17.1,0,0,0,0,0,0,91.26
2008,8,19,2,30,16.5,0,0,0,0,0,0,95.46000000000001
2008,8,19,3,30,16,0,0,0,0,0,0,98.57000000000001
2008,8,19,4,30,15.5,0,0,0,0,0,0,100
2008,8,19,5,30,15.3,0,0,0,0,0,0,100
2008,8,19,6,30,15.200000000000001,0,0,0,0,0,0,100
2008,8,19,7,30,14.9,0,0,0,0,0,0,100
2008,8,19,8,30,14.5,0,0,0,0,0,0,100
2008,8,19,9,30,14.100000000000001,0,0,0,0,0,0,100
2008,8,19,10,30,13.8,0,0,0,0,0,0,100
2008,8,19,11,30,13.600000000000001,0,0,0,0,0,0,100
2008,8,19,12,30,14.4,0,0,0,0,0,0,99.9
2008,8,19,13,30,16.3,49,174,565,0,62,62,91.26
2008,8,19,14,30,18.3,73,411,762,16,191,198,79.72
2008,8,19,15,30,20.3,86,639,859,90,351,409,66.35
2008,8,19,16,30,21.900000000000002,96,828,909,0,77,77,55.800000000000004
2008,8,19,17,30,23.1,104,961,934,0,108,108,48.47
2008,8,19,18,30,23.8,112,1026,939,3,403,406,44.19
2008,8,19,19,30,23.900000000000002,111,1022,939,939,111,1022,42.79
2008,8,19,20,30,23.700000000000003,106,945,927,927,106,945,42.75
2008,8,19,21,30,23.200000000000003,97,805,901,901,97,805,43.54
2008,8,19,22,30,22.6,84,612,855,855,84,612,44.83
2008,8,19,23,30,21.700000000000003,67,383,761,761,67,383,47.37
2008,8,20,0,30,19.700000000000003,43,147,546,546,43,147,55.550000000000004
2008,8,20,1,30,17.7,0,0,0,0,0,0,67.6
2008,8,20,2,30,16.8,0,0,0,0,0,0,71.47
2008,8,20,3,30,16,0,0,0,0,0,0,75.33
2008,8,20,4,30,15.200000000000001,0,0,0,0,0,0,79.74
2008,8,20,5,30,14.5,0,0,0,0,0,0,84.43
2008,8,20,6,30,13.8,0,0,0,0,0,0,89.94
2008,8,20,7,30,13.200000000000001,0,0,0,0,0,0,95.82000000000001
2008,8,20,8,30,12.8,0,0,0,0,0,0,100
2008,8,20,9,30,12.5,0,0,0,0,0,0,100
2008,8,20,10,30,12.3,0,0,0,0,0,0,100
2008,8,20,11,30,12.3,0,0,0,0,0,0,100
2008,8,20,12,30,13.700000000000001,0,0,0,0,0,0,100
2008,8,20,13,30,16.3,50,174,563,563,50,174,87.28
2008,8,20,14,30,18.900000000000002,70,413,774,774,70,413,72.16
2008,8,20,15,30,20.900000000000002,82,642,871,871,82,642,58.72
2008,8,20,16,30,22.3,91,831,920,176,451,592,50.59
2008,8,20,17,30,23.400000000000002,97,965,947,105,478,574,46.27
2008,8,20,18,30,24.3,98,1032,960,960,98,1032,43.42
2008,8,20,19,30,24.900000000000002,95,1028,963,9,445,454,41.57
2008,8,20,20,30,25.1,90,951,953,953,90,951,40.800000000000004
2008,8,20,21,30,25,98,804,900,4,337,340,41.01
2008,8,20,22,30,24.400000000000002,88,607,843,843,88,607,42.410000000000004
2008,8,20,23,30,23.200000000000003,72,375,737,737,72,375,45.65
2008,8,21,0,30,21.400000000000002,47,140,498,498,47,140,53.9
2008,8,21,1,30,19.8,0,0,0,0,0,0,67.02
2008,8,21,2,30,19.1,0,0,0,0,0,0,69.82000000000001
2008,8,21,3,30,18.400000000000002,0,0,0,0,0,0,72.08
2008,8,21,4,30,17.6,0,0,0,0,0,0,74.97
2008,8,21,5,30,16.8,0,0,0,0,0,0,78.97
2008,8,21,6,30,16.1,0,0,0,0,0,0,84.21000000000001
2008,8,21,7,30,15.4,0,0,0,0,0,0,90.62
2008,8,21,8,30,14.700000000000001,0,0,0,0,0,0,96.44
2008,8,21,9,30,14.200000000000001,0,0,0,0,0,0,100
2008,8,21,10,30,13.8,0,0,0,0,0,0,100
2008,8,21,11,30,13.600000000000001,0,0,0,0,0,0,100
2008,8,21,12,30,13.9,0,0,0,0,0,0,100
2008,8,21,13,30,15.100000000000001,54,170,529,6,72,73,92.65
2008,8,21,14,30,17.400000000000002,78,409,748,0,99,99,79.06
2008,8,21,15,30,20,88,638,857,0,136,136,65.46000000000001
2008,8,21,16,30,21.700000000000003,93,827,914,2,323,325,56.910000000000004
2008,8,21,17,30,22.8,98,961,943,78,465,536,51.72
2008,8,21,18,30,23.400000000000002,103,1027,952,84,496,578,48.480000000000004
2008,8,21,19,30,23.5,104,1019,947,947,104,1019,46.97
2008,8,21,20,30,23.1,100,942,933,933,100,942,47.45
2008,8,21,21,30,22.3,94,798,901,61,391,439,50.24
2008,8,21,22,30,21.200000000000003,84,601,842,0,66,66,55.120000000000005
2008,8,21,23,30,19.6,72,369,726,2,143,144,63.78
2008,8,22,0,30,18,48,133,464,25,85,90,75.84
2008,8,22,1,30,16.7,0,0,0,0,0,0,86.88
2008,8,22,2,30,16,0,0,0,0,0,0,92.97
2008,8,22,3,30,15.600000000000001,0,0,0,0,0,0,96.8
2008,8,22,4,30,15.3,0,0,0,0,0,0,99.03
2008,8,22,5,30,15.200000000000001,0,0,0,0,0,0,99.97
2008,8,22,6,30,15,0,0,0,0,0,0,100
2008,8,22,7,30,14.9,0,0,0,0,0,0,100
2008,8,22,8,30,14.8,0,0,0,0,0,0,100
2008,8,22,9,30,14.600000000000001,0,0,0,0,0,0,100
2008,8,22,10,30,14.4,0,0,0,0,0,0,100
2008,8,22,11,30,14.3,0,0,0,0,0,0,100
2008,8,22,12,30,14.700000000000001,0,0,0,0,0,0,100
2008,8,22,13,30,15.9,50,169,548,1,63,64,93.59
2008,8,22,14,30,17.8,71,407,762,66,241,270,81.2
2008,8,22,15,30,19.8,83,635,861,861,83,635,67.97
2008,8,22,16,30,21.700000000000003,90,824,915,915,90,824,57.33
2008,8,22,17,30,23.1,92,958,947,194,500,677,50.72
2008,8,22,18,30,23.8,91,1025,963,963,91,1025,47.44
2008,8,22,19,30,23.900000000000002,88,1020,965,965,88,1020,46.84
2008,8,22,20,30,23.6,85,941,951,282,401,655,48.03
2008,8,22,21,30,22.900000000000002,95,793,895,895,95,793,50.64
2008,8,22,22,30,21.900000000000002,86,595,834,0,84,84,54.84
2008,8,22,23,30,20.6,72,365,723,0,7,7,61.2
2008,8,23,0,30,19.200000000000003,46,131,470,10,71,73,70.60000000000001
2008,8,23,1,30,18.1,0,0,0,0,0,0,81.79
2008,8,23,2,30,17.5,0,0,0,0,0,0,84.92
2008,8,23,3,30,16.900000000000002,0,0,0,0,0,0,90.4
2008,8,23,4,30,16.5,0,0,0,0,0,0,93.71000000000001
2008,8,23,5,30,16.1,0,0,0,0,0,0,96.9
2008,8,23,6,30,15.700000000000001,0,0,0,0,0,0,100
2008,8,23,7,30,15.4,0,0,0,0,0,0,100
2008,8,23,8,30,15,0,0,0,0,0,0,100
2008,8,23,9,30,14.700000000000001,0,0,0,0,0,0,100
2008,8,23,10,30,14.4,0,0,0,0,0,0,100
2008,8,23,11,30,14.200000000000001,0,0,0,0,0,0,100
2008,8,23,12,30,14.8,0,0,0,0,0,0,100
2008,8,23,13,30,16.400000000000002,50,167,542,180,104,143,94.31
2008,8,23,14,30,18.2,72,404,754,66,240,269,83.53
2008,8,23,15,30,19.900000000000002,88,629,846,846,88,629,68.93
2008,8,23,16,30,21,98,816,897,897,98,816,60.6
2008,8,23,17,30,21.400000000000002,106,948,923,923,106,948,58.11
2008,8,23,18,30,21.5,121,1008,916,916,121,1008,58.03
2008,8,23,19,30,21.3,124,1001,909,658,269,903,59.32
2008,8,23,20,30,20.900000000000002,125,922,887,887,125,922,61.660000000000004
2008,8,23,21,30,20.3,119,776,846,365,311,594,65.07000000000001
2008,8,23,22,30,19.5,108,581,777,241,268,414,69.7
2008,8,23,23,30,18.5,89,352,652,34,213,227,75.7
2008,8,24,0,30,17.400000000000002,54,122,385,181,64,96,83.64
2008,8,24,1,30,16.6,0,0,0,0,0,0,92.3
2008,8,24,2,30,16.1,0,0,0,0,0,0,96.77
2008,8,24,3,30,15.8,0,0,0,0,0,0,99.56
2008,8,24,4,30,15.5,0,0,0,0,0,0,100
2008,8,24,5,30,15.200000000000001,0,0,0,0,0,0,100
2008,8,24,6,30,15,0,0,0,0,0,0,100
2008,8,24,7,30,14.600000000000001,0,0,0,0,0,0,100
2008,8,24,8,30,14.200000000000001,0,0,0,0,0,0,100
2008,8,24,9,30,14,0,0,0,0,0,0,100
2008,8,24,10,30,14,0,0,0,0,0,0,100
2008,8,24,11,30,13.8,0,0,0,0,0,0,100
2008,8,24,12,30,14.3,0,0,0,0,0,0,99.58
2008,8,24,13,30,16.2,45,171,586,14,93,96,90.4
2008,8,24,14,30,18.6,62,409,789,35,177,192,78.34
2008,8,24,15,30,20.5,72,636,883,28,253,271,66
2008,8,24,16,30,21.400000000000002,79,823,929,0,56,56,60.620000000000005
2008,8,24,17,30,21.8,84,955,955,5,389,393,58.160000000000004
2008,8,24,18,30,21.700000000000003,86,1019,964,1,303,304,58.46
2008,8,24,19,30,21.3,86,1012,963,180,503,677,60.33
2008,8,24,20,30,20.6,84,933,947,167,451,601,63.96
2008,8,24,21,30,19.8,104,780,872,174,354,489,68.34
2008,8,24,22,30,19,91,585,815,239,272,417,73.32000000000001
2008,8,24,23,30,17.900000000000002,74,356,705,151,194,254,81.02
2008,8,25,0,30,16.900000000000002,46,124,453,6,62,63,90.17
2008,8,25,1,30,16.1,0,0,0,0,0,0,98.11
2008,8,25,2,30,15.700000000000001,0,0,0,0,0,0,100
2008,8,25,3,30,15.600000000000001,0,0,0,0,0,0,100
2008,8,25,4,30,15.5,0,0,0,0,0,0,100
2008,8,25,5,30,15.4,0,0,0,0,0,0,100
2008,8,25,6,30,15.200000000000001,0,0,0,0,0,0,100
2008,8,25,7,30,15.100000000000001,0,0,0,0,0,0,100
2008,8,25,8,30,14.9,0,0,0,0,0,0,100
2008,8,25,9,30,14.700000000000001,0,0,0,0,0,0,100
2008,8,25,10,30,14.5,0,0,0,0,0,0,100
2008,8,25,11,30,14.3,0,0,0,0,0,0,100
2008,8,25,12,30,14.5,0,0,0,0,0,0,100
2008,8,25,13,30,15.4,40,172,615,4,55,56,95.53
2008,8,25,14,30,17,56,412,812,167,206,279,83.98
2008,8,25,15,30,18.8,64,637,898,100,345,409,72.39
2008,8,25,16,30,20.1,71,825,944,13,365,375,66.62
2008,8,25,17,30,20.5,75,957,967,1,340,341,65.14
2008,8,25,18,30,20.5,80,1020,973,2,378,380,64.21000000000001
2008,8,25,19,30,20.6,80,1013,971,190,509,691,63.39
2008,8,25,20,30,20.400000000000002,78,935,957,242,416,632,64.41
2008,8,25,21,30,20.1,74,791,928,6,240,244,66.29
2008,8,25,22,30,19.6,68,594,874,148,272,362,69.25
2008,8,25,23,30,18.7,56,364,776,19,145,153,74.65
2008,8,26,0,30,17,36,128,539,0,30,30,89.43
2008,8,26,1,30,15.600000000000001,0,0,0,0,0,0,100
2008,8,26,2,30,14.8,0,0,0,0,0,0,100
2008,8,26,3,30,14.3,0,0,0,0,0,0,100
2008,8,26,4,30,13.9,0,0,0,0,0,0,100
2008,8,26,5,30,13.700000000000001,0,0,0,0,0,0,100
2008,8,26,6,30,13.8,0,0,0,0,0,0,100
2008,8,26,7,30,13.700000000000001,0,0,0,0,0,0,100
2008,8,26,8,30,13.8,0,0,0,0,0,0,100
2008,8,26,9,30,13.9,0,0,0,0,0,0,100
2008,8,26,10,30,13.9,0,0,0,0,0,0,100
2008,8,26,11,30,13.9,0,0,0,0,0,0,100
2008,8,26,12,30,14.3,0,0,0,0,0,0,100
2008,8,26,13,30,15.100000000000001,49,164,541,2,84,85,97.86
2008,8,26,14,30,16.1,71,400,753,753,71,400,92.99
2008,8,26,15,30,17.1,82,627,856,218,341,480,87.22
2008,8,26,16,30,18.3,87,817,915,518,269,683,79.89
2008,8,26,17,30,19.3,90,952,947,106,428,524,73.5
2008,8,26,18,30,20.1,104,1014,943,13,349,361,68.25
2008,8,26,19,30,20.700000000000003,103,1007,942,133,447,574,64.38
2008,8,26,20,30,20.900000000000002,100,927,927,3,267,269,62.51
2008,8,26,21,30,20.8,97,781,889,5,234,237,62.36
2008,8,26,22,30,20.3,88,583,826,0,85,85,64.83
2008,8,26,23,30,19.3,74,351,702,0,16,16,70.68
2008,8,27,0,30,17.900000000000002,47,117,424,2,43,44,84.39
2008,8,27,1,30,16.8,0,0,0,0,0,0,95.18
2008,8,27,2,30,16.2,0,0,0,0,0,0,97.64
2008,8,27,3,30,15.600000000000001,0,0,0,0,0,0,100
2008,8,27,4,30,15.100000000000001,0,0,0,0,0,0,100
2008,8,27,5,30,14.700000000000001,0,0,0,0,0,0,100
2008,8,27,6,30,14.5,0,0,0,0,0,0,99.92
2008,8,27,7,30,14,0,0,0,0,0,0,100
2008,8,27,8,30,13.5,0,0,0,0,0,0,100
2008,8,27,9,30,13.100000000000001,0,0,0,0,0,0,100
2008,8,27,10,30,12.8,0,0,0,0,0,0,100
2008,8,27,11,30,12.600000000000001,0,0,0,0,0,0,100
2008,8,27,12,30,13.4,0,0,0,0,0,0,99.68
2008,8,27,13,30,15.4,61,158,459,6,99,100,92.03
2008,8,27,14,30,17.900000000000002,91,393,692,692,91,393,80.2
2008,8,27,15,30,20.400000000000002,111,619,798,93,355,414,66.92
2008,8,27,16,30,22.3,124,807,857,277,434,655,58.26
2008,8,27,17,30,23.5,133,937,885,97,436,525,53.67
2008,8,27,18,30,23.900000000000002,140,1001,894,169,524,687,52.22
2008,8,27,19,30,23.700000000000003,142,991,887,548,329,853,52.44
2008,8,27,20,30,23,139,910,866,11,358,368,54.9
2008,8,27,21,30,21.8,147,757,794,0,133,133,60.59
2008,8,27,22,30,20.5,132,560,717,30,250,267,67.96000000000001
2008,8,27,23,30,19.200000000000003,103,332,585,24,167,176,77.16
2008,8,28,0,30,18.1,56,108,322,2,52,52,88.45
2008,8,28,1,30,17.400000000000002,0,0,0,0,0,0,97.18
2008,8,28,2,30,16.900000000000002,0,0,0,0,0,0,100
2008,8,28,3,30,16.400000000000002,0,0,0,0,0,0,100
2008,8,28,4,30,15.9,0,0,0,0,0,0,100
2008,8,28,5,30,15.4,0,0,0,0,0,0,100
2008,8,28,6,30,14.9,0,0,0,0,0,0,100
2008,8,28,7,30,14.5,0,0,0,0,0,0,100
2008,8,28,8,30,14.100000000000001,0,0,0,0,0,0,100
2008,8,28,9,30,13.8,0,0,0,0,0,0,100
2008,8,28,10,30,13.4,0,0,0,0,0,0,100
2008,8,28,11,30,13.200000000000001,0,0,0,0,0,0,100
2008,8,28,12,30,13.5,0,0,0,0,0,0,100
2008,8,28,13,30,14.8,48,164,549,549,48,164,93.56
2008,8,28,14,30,17.1,70,401,760,24,211,221,82.47
2008,8,28,15,30,19.5,83,628,858,858,83,628,70.16
2008,8,28,16,30,21.1,91,817,912,912,91,817,63.01
2008,8,28,17,30,21.900000000000002,95,948,939,2,344,346,59.25
2008,8,28,18,30,22.200000000000003,96,1013,953,0,60,60,56.75
2008,8,28,19,30,21.900000000000002,97,1005,950,281,515,783,57.15
2008,8,28,20,30,21.200000000000003,95,923,932,1,192,193,60.49
2008,8,28,21,30,20.200000000000003,90,777,898,2,177,179,65.96000000000001
2008,8,28,22,30,19.1,83,577,832,23,229,243,73.07000000000001
2008,8,28,23,30,17.900000000000002,70,344,708,10,123,127,82.04
2008,8,29,0,30,16.8,43,111,426,0,26,26,92.3
2008,8,29,1,30,16.2,0,0,0,0,0,0,98.66
2008,8,29,2,30,15.9,0,0,0,0,0,0,100
2008,8,29,3,30,15.600000000000001,0,0,0,0,0,0,100
2008,8,29,4,30,15.4,0,0,0,0,0,0,100
2008,8,29,5,30,15.100000000000001,0,0,0,0,0,0,100
2008,8,29,6,30,14.700000000000001,0,0,0,0,0,0,100
2008,8,29,7,30,14.4,0,0,0,0,0,0,100
2008,8,29,8,30,14.200000000000001,0,0,0,0,0,0,100
2008,8,29,9,30,14,0,0,0,0,0,0,100
2008,8,29,10,30,13.9,0,0,0,0,0,0,100
2008,8,29,11,30,13.700000000000001,0,0,0,0,0,0,100
2008,8,29,12,30,13.9,0,0,0,0,0,0,100
2008,8,29,13,30,15,41,166,595,0,14,14,96.37
2008,8,29,14,30,16.6,60,404,793,0,43,44,87.10000000000001
2008,8,29,15,30,18.3,73,630,878,1,225,226,75.93
2008,8,29,16,30,19.700000000000003,84,817,923,1,293,294,67.67
2008,8,29,17,30,20.5,91,948,946,1,308,308,63.27
2008,8,29,18,30,20.6,95,1012,955,8,430,437,61.480000000000004
2008,8,29,19,30,20.5,94,1004,955,277,513,778,61.46
2008,8,29,20,30,20.3,90,924,942,942,90,924,61.84
2008,8,29,21,30,19.900000000000002,83,779,912,912,83,779,62.620000000000005
2008,8,29,22,30,19.200000000000003,73,581,859,112,283,349,65.36
2008,8,29,23,30,17.900000000000002,59,348,752,165,183,246,73.27
2008,8,30,0,30,16.6,37,114,492,0,25,25,85.8
2008,8,30,1,30,15.8,0,0,0,0,0,0,91.36
2008,8,30,2,30,15.4,0,0,0,0,0,0,92.92
2008,8,30,3,30,14.9,0,0,0,0,0,0,95.52
2008,8,30,4,30,14,0,0,0,0,0,0,99.49000000000001
2008,8,30,5,30,13.200000000000001,0,0,0,0,0,0,100
2008,8,30,6,30,12.700000000000001,0,0,0,0,0,0,100
2008,8,30,7,30,12.5,0,0,0,0,0,0,100
2008,8,30,8,30,12.200000000000001,0,0,0,0,0,0,100
2008,8,30,9,30,12,0,0,0,0,0,0,100
2008,8,30,10,30,11.9,0,0,0,0,0,0,100
2008,8,30,11,30,11.8,0,0,0,0,0,0,100
2008,8,30,12,30,12.100000000000001,0,0,0,0,0,0,100
2008,8,30,13,30,13.3,42,166,593,0,19,19,94.05
2008,8,30,14,30,15.5,61,406,796,0,22,22,82.41
2008,8,30,15,30,18,72,636,891,0,143,143,69.15
2008,8,30,16,30,20,79,823,937,210,438,605,60.09
2008,8,30,17,30,21.6,83,956,964,4,386,389,54.19
2008,8,30,18,30,22.700000000000003,94,1017,962,8,435,443,50.85
2008,8,30,19,30,23.200000000000003,94,1009,960,0,250,250,49.36
2008,8,30,20,30,23.1,92,927,945,0,201,201,49.64
2008,8,30,21,30,22.5,88,779,910,910,88,779,51.52
2008,8,30,22,30,21.6,78,578,850,850,78,578,54.54
2008,8,30,23,30,20.200000000000003,63,346,744,744,63,346,59.56
2008,8,31,0,30,18.2,37,111,486,486,37,111,68.3
2008,8,31,1,30,16.5,0,0,0,0,0,0,76.75
2008,8,31,2,30,15.100000000000001,0,0,0,0,0,0,83.37
2008,8,31,3,30,13.9,0,0,0,0,0,0,90.08
2008,8,31,4,30,12.9,0,0,0,0,0,0,95.46000000000001
2008,8,31,5,30,12.200000000000001,0,0,0,0,0,0,99.37
2008,8,31,6,30,11.600000000000001,0,0,0,0,0,0,100
2008,8,31,7,30,11.3,0,0,0,0,0,0,100
2008,8,31,8,30,11.200000000000001,0,0,0,0,0,0,100
2008,8,31,9,30,11.200000000000001,0,0,0,0,0,0,100
2008,8,31,10,30,11.3,0,0,0,0,0,0,100
2008,8,31,11,30,11.5,0,0,0,0,0,0,100
2008,8,31,12,30,12.200000000000001,0,0,0,0,0,0,100
2008,8,31,13,30,13.8,44,164,578,27,94,100,93.26
2008,8,31,14,30,16,65,404,785,250,181,289,81.76
2008,8,31,15,30,18.6,78,631,874,234,267,415,69.09
2008,8,31,16,30,21,88,819,923,187,361,509,59.550000000000004
2008,8,31,17,30,22.700000000000003,93,951,949,110,443,542,54.15
2008,8,31,18,30,23.6,98,1013,955,406,364,753,51.63
2008,8,31,19,30,23.700000000000003,100,1001,948,237,433,658,51.34
2008,8,31,20,30,23.1,99,919,930,28,394,419,52.6
2008,8,31,21,30,22.3,93,771,895,67,348,399,55.26
2008,8,31,22,30,21.5,82,572,837,46,230,257,58.74
2008,8,31,23,30,20.3,65,339,726,37,157,171,65.13
2008,9,1,0,30,18.5,38,106,455,218,67,100,80.31
2008,9,1,1,30,17.3,0,0,0,0,0,0,87.67
2008,9,1,2,30,16.6,0,0,0,0,0,0,89.7
2008,9,1,3,30,15.9,0,0,0,0,0,0,91.76
2008,9,1,4,30,15.100000000000001,0,0,0,0,0,0,95.17
2008,9,1,5,30,14.3,0,0,0,0,0,0,99.37
2008,9,1,6,30,13.600000000000001,0,0,0,0,0,0,100
2008,9,1,7,30,13.200000000000001,0,0,0,0,0,0,100
2008,9,1,8,30,12.9,0,0,0,0,0,0,100
2008,9,1,9,30,12.600000000000001,0,0,0,0,0,0,100
2008,9,1,10,30,12.4,0,0,0,0,0,0,100
2008,9,1,11,30,12.200000000000001,0,0,0,0,0,0,100
2008,9,1,12,30,12.9,0,0,0,0,0,0,100
2008,9,1,13,30,14.8,41,167,609,609,41,167,93.39
2008,9,1,14,30,17.6,59,410,814,814,59,410,79.33
2008,9,1,15,30,20.6,68,640,907,907,68,640,62.51
2008,9,1,16,30,22.900000000000002,74,830,955,955,74,830,51.550000000000004
2008,9,1,17,30,24.6,77,963,981,981,77,963,45.43
2008,9,1,18,30,25.6,83,1024,984,984,83,1024,42.33
2008,9,1,19,30,26.1,83,1014,982,982,83,1014,40.94
2008,9,1,20,30,26.200000000000003,80,930,966,966,80,930,40.47
2008,9,1,21,30,25.8,71,783,943,943,71,783,41.12
2008,9,1,22,30,24.8,64,580,886,608,152,506,43.32
2008,9,1,23,30,23.1,53,344,778,11,112,116,48.86
2008,9,2,0,30,20.8,32,107,517,517,32,107,64.6
2008,9,2,1,30,19.1,0,0,0,0,0,0,78.35000000000001
2008,9,2,2,30,18.3,0,0,0,0,0,0,81.38
2008,9,2,3,30,17.400000000000002,0,0,0,0,0,0,85.72
2008,9,2,4,30,16.6,0,0,0,0,0,0,90.02
2008,9,2,5,30,15.8,0,0,0,0,0,0,93.96000000000001
2008,9,2,6,30,15,0,0,0,0,0,0,97.19
2008,9,2,7,30,14.3,0,0,0,0,0,0,100
2008,9,2,8,30,13.8,0,0,0,0,0,0,100
2008,9,2,9,30,13.5,0,0,0,0,0,0,100
2008,9,2,10,30,13.4,0,0,0,0,0,0,100
2008,9,2,11,30,13.5,0,0,0,0,0,0,100
2008,9,2,12,30,14.3,0,0,0,0,0,0,100
2008,9,2,13,30,16.8,44,161,571,571,44,161,87.39
2008,9,2,14,30,19.8,64,401,784,784,64,401,71.11
2008,9,2,15,30,21.900000000000002,78,629,876,876,78,629,60.64
2008,9,2,16,30,23.3,87,817,923,923,87,817,55.45
2008,9,2,17,30,24.5,95,948,947,947,95,948,51.7
2008,9,2,18,30,25.3,107,1009,945,144,479,616,49.15
2008,9,2,19,30,25.6,109,998,940,940,109,998,47.77
2008,9,2,20,30,25.400000000000002,108,912,917,917,108,912,47.67
2008,9,2,21,30,24.700000000000003,97,765,890,890,97,765,49.43
2008,9,2,22,30,23.700000000000003,88,562,818,818,88,562,53.03
2008,9,2,23,30,22.3,72,327,686,686,72,327,59.7
2008,9,3,0,30,20.400000000000002,42,95,381,381,42,95,76.97
2008,9,3,1,30,19.1,0,0,0,0,0,0,86.66
2008,9,3,2,30,18.3,0,0,0,0,0,0,88.09
2008,9,3,3,30,17.5,0,0,0,0,0,0,88.54
2008,9,3,4,30,16.7,0,0,0,0,0,0,89.45
2008,9,3,5,30,16.1,0,0,0,0,0,0,92.51
2008,9,3,6,30,15.600000000000001,0,0,0,0,0,0,97.87
2008,9,3,7,30,15.4,0,0,0,0,0,0,100
2008,9,3,8,30,15.200000000000001,0,0,0,0,0,0,100
2008,9,3,9,30,14.9,0,0,0,0,0,0,100
2008,9,3,10,30,14.600000000000001,0,0,0,0,0,0,100
2008,9,3,11,30,14.200000000000001,0,0,0,0,0,0,100
2008,9,3,12,30,14.700000000000001,0,0,0,0,0,0,100
2008,9,3,13,30,16.400000000000002,53,154,495,16,103,106,93.63
2008,9,3,14,30,18.7,78,392,734,1,147,148,82.18
2008,9,3,15,30,20.8,92,620,841,187,350,467,70.91
2008,9,3,16,30,22.3,102,809,896,191,443,594,63.09
2008,9,3,17,30,23.200000000000003,108,938,923,325,473,766,58.64
2008,9,3,18,30,23.6,104,1004,944,944,104,1004,56.31
2008,9,3,19,30,23.5,104,994,943,943,104,994,55.77
2008,9,3,20,30,23.200000000000003,100,911,926,926,100,911,56.480000000000004
2008,9,3,21,30,23,98,760,884,884,98,760,56.65
2008,9,3,22,30,22.6,84,562,829,829,84,562,56.83
2008,9,3,23,30,21.5,66,329,718,718,66,329,59.49
2008,9,4,0,30,19.1,37,96,432,162,50,73,76.92
2008,9,4,1,30,17.2,0,0,0,0,0,0,85.5
2008,9,4,2,30,16.3,0,0,0,0,0,0,84.84
2008,9,4,3,30,15.5,0,0,0,0,0,0,87.83
2008,9,4,4,30,14.700000000000001,0,0,0,0,0,0,94.05
2008,9,4,5,30,13.9,0,0,0,0,0,0,100
2008,9,4,6,30,13.3,0,0,0,0,0,0,100
2008,9,4,7,30,12.8,0,0,0,0,0,0,100
2008,9,4,8,30,12.600000000000001,0,0,0,0,0,0,100
2008,9,4,9,30,12.600000000000001,0,0,0,0,0,0,100
2008,9,4,10,30,12.600000000000001,0,0,0,0,0,0,100
2008,9,4,11,30,12.4,0,0,0,0,0,0,100
2008,9,4,12,30,13.100000000000001,0,0,0,0,0,0,100
2008,9,4,13,30,14.9,54,154,497,2,85,86,93.64
2008,9,4,14,30,17.2,79,394,737,72,240,271,81.19
2008,9,4,15,30,19.8,90,625,853,515,216,539,65.64
2008,9,4,16,30,22,93,817,919,151,441,560,55.83
2008,9,4,17,30,23.400000000000002,93,950,954,6,399,404,51.410000000000004
2008,9,4,18,30,24.400000000000002,94,1014,967,9,435,443,48.6
2008,9,4,19,30,24.8,94,1001,963,1,330,331,47.68
2008,9,4,20,30,24.8,92,917,947,947,92,917,47.910000000000004
2008,9,4,21,30,24,88,765,907,784,156,741,50.27
2008,9,4,22,30,22.5,82,559,835,835,82,559,55.76
2008,9,4,23,30,20.6,69,322,697,0,58,58,65.41
2008,9,5,0,30,18.6,40,89,367,18,44,47,79.69
2008,9,5,1,30,17.1,0,0,0,0,0,0,91.45
2008,9,5,2,30,16.400000000000002,0,0,0,0,0,0,97.09
2008,9,5,3,30,16,0,0,0,0,0,0,100
2008,9,5,4,30,15.8,0,0,0,0,0,0,100
2008,9,5,5,30,15.5,0,0,0,0,0,0,100
2008,9,5,6,30,15.100000000000001,0,0,0,0,0,0,100
2008,9,5,7,30,14.700000000000001,0,0,0,0,0,0,100
2008,9,5,8,30,14.200000000000001,0,0,0,0,0,0,100
2008,9,5,9,30,13.700000000000001,0,0,0,0,0,0,100
2008,9,5,10,30,13.4,0,0,0,0,0,0,100
2008,9,5,11,30,13.100000000000001,0,0,0,0,0,0,100
2008,9,5,12,30,13.4,0,0,0,0,0,0,100
2008,9,5,13,30,14.9,41,160,595,0,37,37,95.61
2008,9,5,14,30,16.900000000000002,58,401,805,8,174,177,84.53
2008,9,5,15,30,19,69,630,896,218,337,474,71.5
2008,9,5,16,30,20.900000000000002,76,818,943,943,76,818,62.18
2008,9,5,17,30,22.400000000000002,80,949,969,1,336,337,56.68
2008,9,5,18,30,23.400000000000002,80,1012,982,0,254,254,53.07
2008,9,5,19,30,23.900000000000002,82,1000,977,96,478,568,50.7
2008,9,5,20,30,23.900000000000002,82,915,959,959,82,915,49.45
2008,9,5,21,30,23.6,83,765,918,207,414,568,48.93
2008,9,5,22,30,22.900000000000002,74,562,857,857,74,562,49.7
2008,9,5,23,30,21.3,60,326,741,219,122,201,54.49
2008,9,6,0,30,18.7,34,92,445,92,50,62,71.88
2008,9,6,1,30,16.7,0,0,0,0,0,0,83.68
2008,9,6,2,30,15.600000000000001,0,0,0,0,0,0,86.9
2008,9,6,3,30,14.600000000000001,0,0,0,0,0,0,89.23
2008,9,6,4,30,13.600000000000001,0,0,0,0,0,0,91.27
2008,9,6,5,30,12.8,0,0,0,0,0,0,93.71000000000001
2008,9,6,6,30,12.100000000000001,0,0,0,0,0,0,97.3
2008,9,6,7,30,11.600000000000001,0,0,0,0,0,0,100
2008,9,6,8,30,11.100000000000001,0,0,0,0,0,0,100
2008,9,6,9,30,10.9,0,0,0,0,0,0,100
2008,9,6,10,30,10.700000000000001,0,0,0,0,0,0,100
2008,9,6,11,30,10.600000000000001,0,0,0,0,0,0,100
2008,9,6,12,30,11.200000000000001,0,0,0,0,0,0,100
2008,9,6,13,30,13.200000000000001,39,165,634,634,39,165,91.72
2008,9,6,14,30,16.2,56,411,837,837,56,411,76.86
2008,9,6,15,30,19.1,64,643,926,926,64,643,60.230000000000004
2008,9,6,16,30,21.400000000000002,70,834,972,972,70,834,49.910000000000004
2008,9,6,17,30,23.200000000000003,74,964,994,994,74,964,44.300000000000004
2008,9,6,18,30,24.5,83,1025,995,995,83,1025,41.04
2008,9,6,19,30,25.3,84,1011,989,206,524,717,39.24
2008,9,6,20,30,25.3,83,923,968,968,83,923,39.36
2008,9,6,21,30,24.8,77,772,939,939,77,772,40.480000000000004
2008,9,6,22,30,23.8,69,565,875,875,69,565,43.42
2008,9,6,23,30,22,56,325,756,13,166,170,49.870000000000005
2008,9,7,0,30,19.5,32,90,461,461,32,90,65.35
2008,9,7,1,30,17.7,0,0,0,0,0,0,78.58
2008,9,7,2,30,16.5,0,0,0,0,0,0,84.3
2008,9,7,3,30,15.4,0,0,0,0,0,0,90.23
2008,9,7,4,30,14.4,0,0,0,0,0,0,95.82000000000001
2008,9,7,5,30,13.700000000000001,0,0,0,0,0,0,100
2008,9,7,6,30,13,0,0,0,0,0,0,100
2008,9,7,7,30,12.600000000000001,0,0,0,0,0,0,100
2008,9,7,8,30,12.200000000000001,0,0,0,0,0,0,100
2008,9,7,9,30,11.700000000000001,0,0,0,0,0,0,100
2008,9,7,10,30,11.3,0,0,0,0,0,0,100
2008,9,7,11,30,10.9,0,0,0,0,0,0,100
2008,9,7,12,30,11.100000000000001,0,0,0,0,0,0,100
2008,9,7,13,30,12.8,38,162,626,626,38,162,89.64
2008,9,7,14,30,15.600000000000001,54,406,829,2,155,156,71.98
2008,9,7,15,30,18.400000000000002,64,635,916,102,345,409,57.27
2008,9,7,16,30,20.8,70,824,961,961,70,824,49.46
2008,9,7,17,30,22.6,75,955,985,985,75,955,45.79
2008,9,7,18,30,23.700000000000003,77,1015,992,165,492,648,44.730000000000004
2008,9,7,19,30,24.1,78,1001,986,986,78,1001,45.27
2008,9,7,20,30,23.900000000000002,76,914,969,128,440,550,46.77
2008,9,7,21,30,23.1,85,756,911,44,361,394,49.27
2008,9,7,22,30,22.200000000000003,77,552,844,69,304,343,52.77
2008,9,7,23,30,20.8,61,315,719,7,138,140,58.49
2008,9,8,0,30,18.8,33,83,407,407,33,83,70.26
2008,9,8,1,30,17.2,0,0,0,0,0,0,82.21000000000001
2008,9,8,2,30,16.400000000000002,0,0,0,0,0,0,85.49
2008,9,8,3,30,15.700000000000001,0,0,0,0,0,0,88.23
2008,9,8,4,30,14.700000000000001,0,0,0,0,0,0,93.54
2008,9,8,5,30,13.8,0,0,0,0,0,0,98.78
2008,9,8,6,30,13.200000000000001,0,0,0,0,0,0,100
2008,9,8,7,30,12.8,0,0,0,0,0,0,100
2008,9,8,8,30,12.5,0,0,0,0,0,0,100
2008,9,8,9,30,12.200000000000001,0,0,0,0,0,0,100
2008,9,8,10,30,12,0,0,0,0,0,0,100
2008,9,8,11,30,11.9,0,0,0,0,0,0,100
2008,9,8,12,30,12.3,0,0,0,0,0,0,100
2008,9,8,13,30,13.8,41,157,589,21,86,90,91.11
2008,9,8,14,30,16,60,398,799,291,190,314,78.7
2008,9,8,15,30,18.400000000000002,72,625,888,121,285,361,67.58
2008,9,8,16,30,20.6,80,813,937,313,343,588,59.5
2008,9,8,17,30,22.5,83,944,965,478,326,752,53.92
2008,9,8,18,30,23.8,83,1006,978,116,487,596,50.370000000000005
2008,9,8,19,30,24.6,81,994,979,304,398,682,47.94
2008,9,8,20,30,24.8,78,907,962,91,441,520,46.96
2008,9,8,21,30,24.200000000000003,72,756,932,932,72,756,47.97
2008,9,8,22,30,22.900000000000002,65,551,869,869,65,551,51.96
2008,9,8,23,30,21.1,53,314,749,749,53,314,60.29
2008,9,9,0,30,19,29,82,448,448,29,82,75.45
2008,9,9,1,30,17.6,0,0,0,0,0,0,86.2
2008,9,9,2,30,16.7,0,0,0,0,0,0,91.25
2008,9,9,3,30,15.9,0,0,0,0,0,0,96.32000000000001
2008,9,9,4,30,15.200000000000001,0,0,0,0,0,0,100
2008,9,9,5,30,14.600000000000001,0,0,0,0,0,0,100
2008,9,9,6,30,14,0,0,0,0,0,0,100
2008,9,9,7,30,13.5,0,0,0,0,0,0,100
2008,9,9,8,30,13.3,0,0,0,0,0,0,100
2008,9,9,9,30,13.200000000000001,0,0,0,0,0,0,100
2008,9,9,10,30,13.100000000000001,0,0,0,0,0,0,100
2008,9,9,11,30,13.200000000000001,0,0,0,0,0,0,100
2008,9,9,12,30,13.600000000000001,0,0,0,0,0,0,100
2008,9,9,13,30,15,35,158,625,625,35,158,92.83
2008,9,9,14,30,17.2,49,399,829,829,49,399,81.06
2008,9,9,15,30,19.700000000000003,57,627,919,919,57,627,66.02
2008,9,9,16,30,21.8,61,814,964,964,61,814,55.99
2008,9,9,17,30,23.400000000000002,66,944,987,987,66,944,51.08
2008,9,9,18,30,24.3,68,1005,996,996,68,1005,48.69
2008,9,9,19,30,24.5,68,991,992,992,68,991,47.71
2008,9,9,20,30,24.400000000000002,66,905,977,977,66,905,47.32
2008,9,9,21,30,23.8,63,752,944,944,63,752,49.11
2008,9,9,22,30,22.8,56,550,888,888,56,550,53.15
2008,9,9,23,30,21.200000000000003,47,313,772,772,47,313,61.45
2008,9,10,0,30,19.5,26,80,470,35,56,60,76.69
2008,9,10,1,30,18.400000000000002,0,0,0,0,0,0,90
2008,9,10,2,30,17.7,0,0,0,0,0,0,93.17
2008,9,10,3,30,17.1,0,0,0,0,0,0,96.15
2008,9,10,4,30,16.6,0,0,0,0,0,0,98.77
2008,9,10,5,30,16.2,0,0,0,0,0,0,100
2008,9,10,6,30,15.9,0,0,0,0,0,0,100
2008,9,10,7,30,15.5,0,0,0,0,0,0,100
2008,9,10,8,30,15.200000000000001,0,0,0,0,0,0,100
2008,9,10,9,30,14.9,0,0,0,0,0,0,100
2008,9,10,10,30,14.600000000000001,0,0,0,0,0,0,100
2008,9,10,11,30,14.3,0,0,0,0,0,0,100
2008,9,10,12,30,14.5,0,0,0,0,0,0,100
2008,9,10,13,30,15.600000000000001,36,156,613,0,25,25,93.59
2008,9,10,14,30,17.7,51,397,824,2,82,83,79.64
2008,9,10,15,30,20.200000000000003,58,625,914,0,82,82,65.73
2008,9,10,16,30,22.400000000000002,62,811,961,27,372,392,57.27
2008,9,10,17,30,24.1,66,941,985,19,423,440,51.81
2008,9,10,18,30,25.3,72,1002,990,522,329,819,47.49
2008,9,10,19,30,25.900000000000002,72,987,985,78,469,541,45.17
2008,9,10,20,30,25.900000000000002,71,900,969,142,391,513,44.38
2008,9,10,21,30,25.200000000000003,66,747,936,3,187,189,45.93
2008,9,10,22,30,24,59,544,879,32,225,242,50.01
2008,9,10,23,30,22.5,48,307,761,23,141,148,57.120000000000005
2008,9,11,0,30,21,26,76,452,69,43,50,70.65
2008,9,11,1,30,19.900000000000002,0,0,0,0,0,0,81.65
2008,9,11,2,30,19.1,0,0,0,0,0,0,86.27
2008,9,11,3,30,18.400000000000002,0,0,0,0,0,0,91.43
2008,9,11,4,30,17.7,0,0,0,0,0,0,96.38
2008,9,11,5,30,17.2,0,0,0,0,0,0,99.32000000000001
2008,9,11,6,30,16.8,0,0,0,0,0,0,100
2008,9,11,7,30,16.2,0,0,0,0,0,0,100
2008,9,11,8,30,15.600000000000001,0,0,0,0,0,0,100
2008,9,11,9,30,15,0,0,0,0,0,0,100
2008,9,11,10,30,14.5,0,0,0,0,0,0,100
2008,9,11,11,30,14.100000000000001,0,0,0,0,0,0,100
2008,9,11,12,30,14.4,0,0,0,0,0,0,100
2008,9,11,13,30,15.600000000000001,36,155,615,615,36,155,92.23
2008,9,11,14,30,17.6,53,394,816,816,53,394,80.18
2008,9,11,15,30,20,63,622,904,99,339,401,67.56
2008,9,11,16,30,22.200000000000003,70,809,950,950,70,809,59.08
2008,9,11,17,30,23.900000000000002,74,938,974,974,74,938,53.29
2008,9,11,18,30,25,88,996,969,969,88,996,49.32
2008,9,11,19,30,25.5,89,982,965,965,89,982,47.24
2008,9,11,20,30,25.3,87,894,947,318,375,647,47.550000000000004
2008,9,11,21,30,24.6,89,737,896,5,311,314,49.13
2008,9,11,22,30,23.900000000000002,78,532,829,829,78,532,51.7
2008,9,11,23,30,22.700000000000003,62,296,697,697,62,296,58.01
2008,9,12,0,30,21.1,31,69,352,83,56,65,75.48
2008,9,12,1,30,19.8,0,0,0,0,0,0,86.56
2008,9,12,2,30,18.900000000000002,0,0,0,0,0,0,90.73
2008,9,12,3,30,17.8,0,0,0,0,0,0,93.58
2008,9,12,4,30,16.7,0,0,0,0,0,0,96.57000000000001
2008,9,12,5,30,15.9,0,0,0,0,0,0,99.06
2008,9,12,6,30,15.3,0,0,0,0,0,0,100
2008,9,12,7,30,14.8,0,0,0,0,0,0,100
2008,9,12,8,30,14.4,0,0,0,0,0,0,100
2008,9,12,9,30,14,0,0,0,0,0,0,100
2008,9,12,10,30,13.600000000000001,0,0,0,0,0,0,100
2008,9,12,11,30,13.200000000000001,0,0,0,0,0,0,100
2008,9,12,12,30,13.700000000000001,0,0,0,0,0,0,100
2008,9,12,13,30,15.600000000000001,38,154,600,600,38,154,90.53
2008,9,12,14,30,18.5,56,397,817,817,56,397,74.94
2008,9,12,15,30,21.200000000000003,64,626,910,910,64,626,62.52
2008,9,12,16,30,23.200000000000003,70,814,958,236,428,611,55.76
2008,9,12,17,30,24.700000000000003,74,942,981,981,74,942,50.94
2008,9,12,18,30,25.700000000000003,95,998,966,966,95,998,47.79
2008,9,12,19,30,26.200000000000003,96,983,961,961,96,983,46.15
2008,9,12,20,30,26.200000000000003,93,893,941,941,93,893,45.84
2008,9,12,21,30,25.5,92,737,894,894,92,737,47.410000000000004
2008,9,12,22,30,24.400000000000002,83,528,818,818,83,528,50.46
2008,9,12,23,30,22.700000000000003,67,290,670,3,125,126,57.04
2008,9,13,0,30,20.5,33,63,293,98,50,60,72.52
2008,9,13,1,30,18.900000000000002,0,0,0,0,0,0,86.55
2008,9,13,2,30,18.1,0,0,0,0,0,0,92.10000000000001
2008,9,13,3,30,17.400000000000002,0,0,0,0,0,0,97.47
2008,9,13,4,30,17,0,0,0,0,0,0,100
2008,9,13,5,30,16.8,0,0,0,0,0,0,100
2008,9,13,6,30,16.5,0,0,0,0,0,0,100
2008,9,13,7,30,16.1,0,0,0,0,0,0,100
2008,9,13,8,30,15.700000000000001,0,0,0,0,0,0,100
2008,9,13,9,30,15.4,0,0,0,0,0,0,100
2008,9,13,10,30,15,0,0,0,0,0,0,100
2008,9,13,11,30,14.700000000000001,0,0,0,0,0,0,100
2008,9,13,12,30,15.200000000000001,0,0,0,0,0,0,100
2008,9,13,13,30,16.8,49,144,501,51,91,101,93.60000000000001
2008,9,13,14,30,18.900000000000002,71,384,752,28,214,225,81.67
2008,9,13,15,30,20.8,82,615,865,0,191,191,69.44
2008,9,13,16,30,22.200000000000003,88,804,924,180,438,577,60.11
2008,9,13,17,30,23.400000000000002,91,936,957,173,490,643,53.84
2008,9,13,18,30,24.3,149,976,886,548,342,853,49.44
2008,9,13,19,30,24.8,145,962,887,151,512,651,46.64
2008,9,13,20,30,25,133,876,877,877,133,876,45.02
2008,9,13,21,30,24.700000000000003,115,725,851,38,305,332,44.88
2008,9,13,22,30,23.700000000000003,99,518,775,543,192,485,47.54
2008,9,13,23,30,22.1,78,280,613,391,145,273,57.620000000000005
2008,9,14,0,30,20.3,36,58,218,218,36,58,74.09
2008,9,14,1,30,19.200000000000003,0,0,0,0,0,0,84.61
2008,9,14,2,30,18.5,0,0,0,0,0,0,91.59
2008,9,14,3,30,17.900000000000002,0,0,0,0,0,0,94.85000000000001
2008,9,14,4,30,17.400000000000002,0,0,0,0,0,0,96.14
2008,9,14,5,30,16.900000000000002,0,0,0,0,0,0,98.14
2008,9,14,6,30,16.5,0,0,0,0,0,0,99.8
2008,9,14,7,30,16.1,0,0,0,0,0,0,100
2008,9,14,8,30,15.9,0,0,0,0,0,0,100
2008,9,14,9,30,15.8,0,0,0,0,0,0,100
2008,9,14,10,30,15.700000000000001,0,0,0,0,0,0,100
2008,9,14,11,30,15.5,0,0,0,0,0,0,100
2008,9,14,12,30,15.600000000000001,0,0,0,0,0,0,100
2008,9,14,13,30,15.9,41,147,557,40,91,99,99.74000000000001
2008,9,14,14,30,16.8,58,388,795,132,196,251,90.85000000000001
2008,9,14,15,30,18.3,67,616,893,205,282,408,82.17
2008,9,14,16,30,19.8,73,802,943,943,73,802,74.05
2008,9,14,17,30,20.6,79,930,966,966,79,930,67.57000000000001
2008,9,14,18,30,21,86,988,970,970,86,988,64.28
2008,9,14,19,30,21,88,972,964,571,288,812,63.300000000000004
2008,9,14,20,30,20.6,86,884,945,945,86,884,64.85
2008,9,14,21,30,20.1,80,730,909,83,364,424,67.93
2008,9,14,22,30,19.3,71,524,843,387,213,421,72.10000000000001
2008,9,14,23,30,18.2,57,286,703,703,57,286,78.88
2008,9,15,0,30,17,28,60,338,8,44,45,88.95
2008,9,15,1,30,16.2,0,0,0,0,0,0,93.36
2008,9,15,2,30,15.5,0,0,0,0,0,0,96
2008,9,15,3,30,14.700000000000001,0,0,0,0,0,0,99.34
2008,9,15,4,30,13.8,0,0,0,0,0,0,100
2008,9,15,5,30,13.200000000000001,0,0,0,0,0,0,100
2008,9,15,6,30,12.700000000000001,0,0,0,0,0,0,100
2008,9,15,7,30,12.4,0,0,0,0,0,0,100
2008,9,15,8,30,12.100000000000001,0,0,0,0,0,0,100
2008,9,15,9,30,11.600000000000001,0,0,0,0,0,0,100
2008,9,15,10,30,11.200000000000001,0,0,0,0,0,0,100
2008,9,15,11,30,11,0,0,0,0,0,0,100
2008,9,15,12,30,11.100000000000001,0,0,0,0,0,0,100
2008,9,15,13,30,12.200000000000001,39,150,590,10,66,67,96.99000000000001
2008,9,15,14,30,13.9,58,392,807,2,151,152,85.44
2008,9,15,15,30,15.8,69,620,899,0,127,127,72.49
2008,9,15,16,30,17.3,77,807,947,0,161,161,64.1
2008,9,15,17,30,18.5,82,934,970,1,286,287,59.660000000000004
2008,9,15,18,30,19.5,86,992,977,4,402,406,56.56
2008,9,15,19,30,20.1,85,977,974,283,498,757,54.89
2008,9,15,20,30,20,83,887,957,957,83,887,55.49
2008,9,15,21,30,19.3,78,730,918,918,78,730,58.04
2008,9,15,22,30,18.1,69,524,852,0,11,11,62.870000000000005
2008,9,15,23,30,16.400000000000002,55,285,715,0,5,5,71.36
2008,9,16,0,30,14.8,27,58,347,21,46,48,82.99
2008,9,16,1,30,13.600000000000001,0,0,0,0,0,0,93.94
2008,9,16,2,30,13,0,0,0,0,0,0,98.61
2008,9,16,3,30,12.5,0,0,0,0,0,0,99.03
2008,9,16,4,30,12,0,0,0,0,0,0,100
2008,9,16,5,30,11.4,0,0,0,0,0,0,100
2008,9,16,6,30,10.9,0,0,0,0,0,0,100
2008,9,16,7,30,10.600000000000001,0,0,0,0,0,0,100
2008,9,16,8,30,10.4,0,0,0,0,0,0,100
2008,9,16,9,30,10.3,0,0,0,0,0,0,100
2008,9,16,10,30,10.100000000000001,0,0,0,0,0,0,100
2008,9,16,11,30,10,0,0,0,0,0,0,100
2008,9,16,12,30,10.3,0,0,0,0,0,0,100
2008,9,16,13,30,11.5,39,149,590,0,8,8,96.55
2008,9,16,14,30,13.5,57,391,810,0,20,20,84.95
2008,9,16,15,30,15.8,67,619,904,0,53,53,71.48
2008,9,16,16,30,17.900000000000002,74,806,952,0,206,207,61.65
2008,9,16,17,30,19.400000000000002,79,935,975,0,273,273,56.45
2008,9,16,18,30,20.200000000000003,81,991,982,0,211,211,54.27
2008,9,16,19,30,20.200000000000003,80,975,981,0,61,61,54.67
2008,9,16,20,30,19.900000000000002,77,886,966,0,244,245,56.15
2008,9,16,21,30,19.3,73,728,926,1,230,230,58.95
2008,9,16,22,30,18.2,65,521,860,1,181,182,63.940000000000005
2008,9,16,23,30,16.8,52,283,726,0,37,37,71.60000000000001
2008,9,17,0,30,15.200000000000001,25,55,358,0,26,26,83.56
2008,9,17,1,30,14.100000000000001,0,0,0,0,0,0,92.9
2008,9,17,2,30,13.3,0,0,0,0,0,0,97.76
2008,9,17,3,30,12.700000000000001,0,0,0,0,0,0,100
2008,9,17,4,30,12.200000000000001,0,0,0,0,0,0,100
2008,9,17,5,30,11.8,0,0,0,0,0,0,100
2008,9,17,6,30,11.4,0,0,0,0,0,0,100
2008,9,17,7,30,11.100000000000001,0,0,0,0,0,0,100
2008,9,17,8,30,10.9,0,0,0,0,0,0,100
2008,9,17,9,30,10.700000000000001,0,0,0,0,0,0,100
2008,9,17,10,30,10.5,0,0,0,0,0,0,100
2008,9,17,11,30,10.200000000000001,0,0,0,0,0,0,100
2008,9,17,12,30,10.4,0,0,0,0,0,0,100
2008,9,17,13,30,11.5,42,145,556,0,6,6,97.5
2008,9,17,14,30,13.4,63,386,785,0,83,83,87.16
2008,9,17,15,30,15.8,74,615,886,1,197,197,73.79
2008,9,17,16,30,18.2,80,803,941,100,395,472,62.410000000000004
2008,9,17,17,30,20,84,931,968,75,447,512,56.11
2008,9,17,18,30,21.3,112,981,941,1,353,354,52.22
2008,9,17,19,30,21.900000000000002,110,962,937,141,480,609,50.480000000000004
2008,9,17,20,30,21.900000000000002,104,873,921,109,424,515,50.46
2008,9,17,21,30,21.200000000000003,89,718,893,107,387,462,52.72
2008,9,17,22,30,19.900000000000002,78,510,822,1,190,191,57.43
2008,9,17,23,30,18.3,62,271,668,0,84,85,65.05
2008,9,18,0,30,16.400000000000002,27,49,269,0,22,22,78.49
2008,9,18,1,30,15.100000000000001,0,0,0,0,0,0,88.45
2008,9,18,2,30,14.3,0,0,0,0,0,0,93.37
2008,9,18,3,30,13.700000000000001,0,0,0,0,0,0,96.39
2008,9,18,4,30,13.200000000000001,0,0,0,0,0,0,97.54
2008,9,18,5,30,12.8,0,0,0,0,0,0,98.62
2008,9,18,6,30,12.5,0,0,0,0,0,0,99.72
2008,9,18,7,30,12.3,0,0,0,0,0,0,100
2008,9,18,8,30,12.100000000000001,0,0,0,0,0,0,100
2008,9,18,9,30,11.9,0,0,0,0,0,0,100
2008,9,18,10,30,11.700000000000001,0,0,0,0,0,0,100
2008,9,18,11,30,11.4,0,0,0,0,0,0,100
2008,9,18,12,30,11.5,0,0,0,0,0,0,98.77
2008,9,18,13,30,12.200000000000001,47,140,503,503,47,140,92.3
2008,9,18,14,30,13.5,71,382,760,43,223,241,81.18
2008,9,18,15,30,15,83,611,869,121,347,420,69.62
2008,9,18,16,30,16.5,92,799,922,172,436,568,60.78
2008,9,18,17,30,17.8,99,926,948,136,466,585,55.52
2008,9,18,18,30,18.7,98,986,964,155,492,634,52.93
2008,9,18,19,30,19.200000000000003,99,968,959,1,330,331,51.95
2008,9,18,20,30,19.400000000000002,97,876,938,0,112,112,52.08
2008,9,18,21,30,19.200000000000003,109,710,859,2,282,283,53.78
2008,9,18,22,30,18.8,94,502,780,780,94,502,56.33
2008,9,18,23,30,17.6,70,264,627,627,70,264,62.050000000000004
2008,9,19,0,30,15.8,27,46,239,0,28,28,77.69
2008,9,19,1,30,14.600000000000001,0,0,0,0,0,0,89.06
2008,9,19,2,30,14.100000000000001,0,0,0,0,0,0,90.4
2008,9,19,3,30,13.700000000000001,0,0,0,0,0,0,91.45
2008,9,19,4,30,13.4,0,0,0,0,0,0,92.7
2008,9,19,5,30,13.200000000000001,0,0,0,0,0,0,94.41
2008,9,19,6,30,13,0,0,0,0,0,0,96.53
2008,9,19,7,30,12.700000000000001,0,0,0,0,0,0,98.36
2008,9,19,8,30,12.4,0,0,0,0,0,0,100
2008,9,19,9,30,12.100000000000001,0,0,0,0,0,0,100
2008,9,19,10,30,11.8,0,0,0,0,0,0,100
2008,9,19,11,30,11.5,0,0,0,0,0,0,100
2008,9,19,12,30,11.5,0,0,0,0,0,0,100
2008,9,19,13,30,12,54,134,439,2,74,74,95.52
2008,9,19,14,30,13.3,83,371,705,426,166,340,86.57000000000001
2008,9,19,15,30,15.4,98,600,827,827,98,600,75.94
2008,9,19,16,30,17.400000000000002,108,787,888,224,433,604,67.01
2008,9,19,17,30,18.7,113,917,923,85,456,530,62.02
2008,9,19,18,30,19.5,93,982,968,234,515,729,59.300000000000004
2008,9,19,19,30,19.900000000000002,91,967,970,970,91,967,57.77
2008,9,19,20,30,19.8,88,876,953,953,88,876,57.92
2008,9,19,21,30,19.3,80,719,918,918,80,719,59.68
2008,9,19,22,30,18.5,71,508,843,0,132,132,63.1
2008,9,19,23,30,17.2,56,269,696,0,76,76,70.75
2008,9,20,0,30,15.8,24,45,291,0,19,19,85.91
2008,9,20,1,30,14.8,0,0,0,0,0,0,95.68
2008,9,20,2,30,14.3,0,0,0,0,0,0,98.60000000000001
2008,9,20,3,30,13.8,0,0,0,0,0,0,100
2008,9,20,4,30,13.200000000000001,0,0,0,0,0,0,100
2008,9,20,5,30,12.4,0,0,0,0,0,0,100
2008,9,20,6,30,11.8,0,0,0,0,0,0,100
2008,9,20,7,30,11.5,0,0,0,0,0,0,100
2008,9,20,8,30,11.3,0,0,0,0,0,0,100
2008,9,20,9,30,11,0,0,0,0,0,0,100
2008,9,20,10,30,10.700000000000001,0,0,0,0,0,0,100
2008,9,20,11,30,10.4,0,0,0,0,0,0,100
2008,9,20,12,30,10.600000000000001,0,0,0,0,0,0,100
2008,9,20,13,30,11.9,43,143,550,0,32,32,94.43
2008,9,20,14,30,14.100000000000001,65,386,788,9,178,182,80.4
2008,9,20,15,30,16.7,78,615,887,2,240,241,64.69
2008,9,20,16,30,18.8,87,803,938,125,425,520,55.120000000000005
2008,9,20,17,30,20.3,92,931,965,127,456,567,50.88
2008,9,20,18,30,21.3,93,989,978,72,476,542,48.95
2008,9,20,19,30,21.6,91,971,977,977,91,971,49.02
2008,9,20,20,30,21.400000000000002,88,877,957,241,380,578,50.120000000000005
2008,9,20,21,30,20.8,78,720,926,476,239,568,52.47
2008,9,20,22,30,19.900000000000002,67,509,858,413,191,403,56.160000000000004
2008,9,20,23,30,18.3,52,268,718,330,127,226,64.16
2008,9,21,0,30,16.400000000000002,22,44,315,1,20,20,78.97
2008,9,21,1,30,15.200000000000001,0,0,0,0,0,0,88.05
2008,9,21,2,30,14.5,0,0,0,0,0,0,92.36
2008,9,21,3,30,13.9,0,0,0,0,0,0,96.17
2008,9,21,4,30,13.4,0,0,0,0,0,0,99.77
2008,9,21,5,30,13,0,0,0,0,0,0,100
2008,9,21,6,30,12.600000000000001,0,0,0,0,0,0,100
2008,9,21,7,30,12.200000000000001,0,0,0,0,0,0,100
2008,9,21,8,30,11.9,0,0,0,0,0,0,100
2008,9,21,9,30,11.5,0,0,0,0,0,0,100
2008,9,21,10,30,11.200000000000001,0,0,0,0,0,0,100
2008,9,21,11,30,10.8,0,0,0,0,0,0,100
2008,9,21,12,30,10.9,0,0,0,0,0,0,100
2008,9,21,13,30,11.9,42,141,549,0,48,48,97.93
2008,9,21,14,30,13.700000000000001,65,383,786,50,223,243,87.88
2008,9,21,15,30,16.1,76,613,890,23,284,298,74.67
2008,9,21,16,30,18.3,81,801,946,20,365,381,62.9
2008,9,21,17,30,19.8,84,929,975,314,467,739,56.59
2008,9,21,18,30,20.8,81,987,992,193,509,685,53.120000000000005
2008,9,21,19,30,21.200000000000003,81,968,988,0,137,138,51.39
2008,9,21,20,30,21.1,80,876,969,969,80,876,51.02
2008,9,21,21,30,20.5,82,714,917,221,387,539,52.300000000000004
2008,9,21,22,30,19.700000000000003,72,504,846,0,110,110,54.47
2008,9,21,23,30,18.3,55,263,700,2,105,106,60.4
2008,9,22,0,30,16.400000000000002,22,41,286,0,17,17,78.13
2008,9,22,1,30,15.200000000000001,0,0,0,0,0,0,87.82000000000001
2008,9,22,2,30,14.600000000000001,0,0,0,0,0,0,90.21000000000001
2008,9,22,3,30,14,0,0,0,0,0,0,93.41
2008,9,22,4,30,13.5,0,0,0,0,0,0,96.52
2008,9,22,5,30,12.8,0,0,0,0,0,0,100
2008,9,22,6,30,12.200000000000001,0,0,0,0,0,0,100
2008,9,22,7,30,11.8,0,0,0,0,0,0,100
2008,9,22,8,30,11.4,0,0,0,0,0,0,100
2008,9,22,9,30,11.200000000000001,0,0,0,0,0,0,100
2008,9,22,10,30,11,0,0,0,0,0,0,100
2008,9,22,11,30,10.8,0,0,0,0,0,0,100
2008,9,22,12,30,10.9,0,0,0,0,0,0,100
2008,9,22,13,30,11.8,40,141,561,28,80,85,99.02
2008,9,22,14,30,13.4,61,382,794,95,184,222,90.14
2008,9,22,15,30,15.600000000000001,73,611,894,894,73,611,77.21000000000001
2008,9,22,16,30,17.6,80,795,943,9,345,352,65.38
2008,9,22,17,30,19.200000000000003,83,922,971,0,264,264,59.01
2008,9,22,18,30,20.5,83,977,982,0,133,133,55.370000000000005
2008,9,22,19,30,21.1,82,958,979,178,493,652,54.33
2008,9,22,20,30,21,80,864,959,959,80,864,54.96
2008,9,22,21,30,20.400000000000002,75,704,918,918,75,704,57.46
2008,9,22,22,30,19.400000000000002,67,495,844,319,218,379,61.92
2008,9,22,23,30,17.900000000000002,54,254,685,224,132,198,70.15
2008,9,23,0,30,16.400000000000002,21,37,258,0,20,20,82.63
2008,9,23,1,30,15.600000000000001,0,0,0,0,0,0,89.18
2008,9,23,2,30,15,0,0,0,0,0,0,93.08
2008,9,23,3,30,14.5,0,0,0,0,0,0,96.92
2008,9,23,4,30,13.9,0,0,0,0,0,0,100
2008,9,23,5,30,13.3,0,0,0,0,0,0,100
2008,9,23,6,30,13,0,0,0,0,0,0,100
2008,9,23,7,30,12.8,0,0,0,0,0,0,100
2008,9,23,8,30,12.700000000000001,0,0,0,0,0,0,100
2008,9,23,9,30,12.5,0,0,0,0,0,0,100
2008,9,23,10,30,12.200000000000001,0,0,0,0,0,0,100
2008,9,23,11,30,11.8,0,0,0,0,0,0,100
2008,9,23,12,30,12,0,0,0,0,0,0,100
2008,9,23,13,30,13.200000000000001,35,141,598,4,80,80,96.76
2008,9,23,14,30,15.200000000000001,52,381,818,12,177,182,85.36
2008,9,23,15,30,17.5,61,607,910,61,251,288,74.01
2008,9,23,16,30,19.3,67,792,958,1,267,268,65.39
2008,9,23,17,30,20.6,70,917,984,0,162,162,60.42
2008,9,23,18,30,21.3,71,973,993,105,471,566,57.74
2008,9,23,19,30,21.400000000000002,71,954,990,990,71,954,57.2
2008,9,23,20,30,21,69,860,971,0,107,107,58.72
2008,9,23,21,30,20.3,74,700,918,0,136,136,61.44
2008,9,23,22,30,19.200000000000003,65,490,846,846,65,490,66.41
2008,9,23,23,30,17.6,51,251,693,0,22,22,75.02
2008,9,24,0,30,16,20,34,256,0,10,10,86.98
2008,9,24,1,30,14.9,0,0,0,0,0,0,94.10000000000001
2008,9,24,2,30,14.200000000000001,0,0,0,0,0,0,97.9
2008,9,24,3,30,13.700000000000001,0,0,0,0,0,0,100
2008,9,24,4,30,13.4,0,0,0,0,0,0,100
2008,9,24,5,30,13.3,0,0,0,0,0,0,100
2008,9,24,6,30,13.3,0,0,0,0,0,0,100
2008,9,24,7,30,13.4,0,0,0,0,0,0,100
2008,9,24,8,30,13.4,0,0,0,0,0,0,100
2008,9,24,9,30,13.3,0,0,0,0,0,0,100
2008,9,24,10,30,12.9,0,0,0,0,0,0,100
2008,9,24,11,30,12.5,0,0,0,0,0,0,100
2008,9,24,12,30,12.5,0,0,0,0,0,0,100
2008,9,24,13,30,13.200000000000001,35,140,594,1,52,53,100
2008,9,24,14,30,14.700000000000001,53,380,816,0,14,14,91.59
2008,9,24,15,30,16.8,62,607,911,0,43,43,79.04
2008,9,24,16,30,18.7,68,792,958,0,212,212,68.07000000000001
2008,9,24,17,30,20.200000000000003,73,917,982,0,122,122,61.42
2008,9,24,18,30,21.200000000000003,72,972,995,1,301,302,58.050000000000004
2008,9,24,19,30,21.6,72,953,991,1,306,307,56.99
2008,9,24,20,30,21.3,70,858,972,140,378,492,58.39
2008,9,24,21,30,20.3,69,697,927,497,219,556,62.82
2008,9,24,22,30,18.900000000000002,62,487,852,32,203,219,70.12
2008,9,24,23,30,17.1,49,248,698,47,154,167,81.56
2008,9,25,0,30,15.600000000000001,19,32,248,0,11,11,93.85000000000001
2008,9,25,1,30,14.8,0,0,0,0,0,0,100
2008,9,25,2,30,14.3,0,0,0,0,0,0,100
2008,9,25,3,30,13.9,0,0,0,0,0,0,100
2008,9,25,4,30,13.3,0,0,0,0,0,0,100
2008,9,25,5,30,12.5,0,0,0,0,0,0,100
2008,9,25,6,30,11.600000000000001,0,0,0,0,0,0,100
2008,9,25,7,30,11,0,0,0,0,0,0,100
2008,9,25,8,30,10.600000000000001,0,0,0,0,0,0,100
2008,9,25,9,30,10.3,0,0,0,0,0,0,100
2008,9,25,10,30,10,0,0,0,0,0,0,100
2008,9,25,11,30,9.700000000000001,0,0,0,0,0,0,100
2008,9,25,12,30,9.9,0,0,0,0,0,0,100
2008,9,25,13,30,10.8,34,141,609,4,78,78,97.59
2008,9,25,14,30,12.700000000000001,54,382,821,0,86,86,86.24
2008,9,25,15,30,15.200000000000001,66,609,911,80,328,376,72.92
2008,9,25,16,30,17.400000000000002,74,794,957,142,424,531,62.67
2008,9,25,17,30,19,79,919,980,148,471,597,57.35
2008,9,25,18,30,20.1,81,975,990,1,336,337,54.47
2008,9,25,19,30,20.8,80,952,984,47,451,492,53.1
2008,9,25,20,30,20.900000000000002,77,858,968,0,155,155,53.49
2008,9,25,21,30,20.400000000000002,79,694,912,0,143,143,55.59
2008,9,25,22,30,19.1,71,483,833,2,181,182,60.95
2008,9,25,23,30,17.1,56,242,663,663,56,242,71.38
2008,9,26,0,30,15.4,19,28,183,0,11,11,85.14
2008,9,26,1,30,14.3,0,0,0,0,0,0,94.06
2008,9,26,2,30,13.700000000000001,0,0,0,0,0,0,97.95
2008,9,26,3,30,13.100000000000001,0,0,0,0,0,0,100
2008,9,26,4,30,12.5,0,0,0,0,0,0,100
2008,9,26,5,30,11.8,0,0,0,0,0,0,100
2008,9,26,6,30,11.200000000000001,0,0,0,0,0,0,100
2008,9,26,7,30,10.700000000000001,0,0,0,0,0,0,100
2008,9,26,8,30,10.3,0,0,0,0,0,0,100
2008,9,26,9,30,9.9,0,0,0,0,0,0,100
2008,9,26,10,30,9.600000000000001,0,0,0,0,0,0,100
2008,9,26,11,30,9.3,0,0,0,0,0,0,100
2008,9,26,12,30,9.4,0,0,0,0,0,0,100
2008,9,26,13,30,10.700000000000001,38,137,569,0,20,20,94.45
2008,9,26,14,30,13.3,59,378,803,1,122,122,80.78
2008,9,26,15,30,16.2,71,606,901,3,240,241,66.41
2008,9,26,16,30,18.400000000000002,79,792,949,20,362,376,57.7
2008,9,26,17,30,19.900000000000002,85,917,975,88,451,526,53
2008,9,26,18,30,20.8,99,968,967,0,256,256,50.230000000000004
2008,9,26,19,30,21.400000000000002,99,947,961,0,133,133,48.300000000000004
2008,9,26,20,30,21.400000000000002,96,852,939,1,302,303,47.910000000000004
2008,9,26,21,30,20.900000000000002,83,693,911,9,304,310,48.46
2008,9,26,22,30,20,72,481,834,34,249,266,50.480000000000004
2008,9,26,23,30,18.3,54,241,675,675,54,241,55.94
2008,9,27,0,30,15.9,17,27,219,0,14,14,72.82000000000001
2008,9,27,1,30,14.200000000000001,0,0,0,0,0,0,80.76
2008,9,27,2,30,12.9,0,0,0,0,0,0,81.72
2008,9,27,3,30,11.700000000000001,0,0,0,0,0,0,84.13
2008,9,27,4,30,10.700000000000001,0,0,0,0,0,0,87.73
2008,9,27,5,30,10.100000000000001,0,0,0,0,0,0,91.04
2008,9,27,6,30,9.600000000000001,0,0,0,0,0,0,94.75
2008,9,27,7,30,9.4,0,0,0,0,0,0,95.5
2008,9,27,8,30,9.1,0,0,0,0,0,0,95.89
2008,9,27,9,30,8.700000000000001,0,0,0,0,0,0,98.38
2008,9,27,10,30,8.3,0,0,0,0,0,0,100
2008,9,27,11,30,8,0,0,0,0,0,0,100
2008,9,27,12,30,8.5,0,0,0,0,0,0,100
2008,9,27,13,30,10.600000000000001,45,133,513,513,45,133,89.87
2008,9,27,14,30,14,70,374,769,769,70,374,71.04
2008,9,27,15,30,17.1,84,604,878,878,84,604,55.35
2008,9,27,16,30,19.1,94,790,930,930,94,790,50.61
2008,9,27,17,30,20.5,100,914,955,955,100,914,48.11
2008,9,27,18,30,21.5,125,961,932,24,453,475,46.050000000000004
2008,9,27,19,30,22,125,939,926,0,282,283,44.730000000000004
2008,9,27,20,30,22,122,840,898,0,219,219,44.24
2008,9,27,21,30,21.5,117,677,839,25,326,343,44.800000000000004
2008,9,27,22,30,20.400000000000002,100,467,754,0,119,119,47.050000000000004
2008,9,27,23,30,18.400000000000002,70,229,583,583,70,229,53.43
2008,9,28,0,30,15.700000000000001,18,23,134,134,18,23,72.05
2008,9,28,1,30,13.700000000000001,0,0,0,0,0,0,80.73
2008,9,28,2,30,12.5,0,0,0,0,0,0,82.16
2008,9,28,3,30,11.5,0,0,0,0,0,0,84.96000000000001
2008,9,28,4,30,10.5,0,0,0,0,0,0,90.07000000000001
2008,9,28,5,30,9.700000000000001,0,0,0,0,0,0,95.42
2008,9,28,6,30,9.1,0,0,0,0,0,0,99.47
2008,9,28,7,30,8.6,0,0,0,0,0,0,100
2008,9,28,8,30,8.3,0,0,0,0,0,0,100
2008,9,28,9,30,7.9,0,0,0,0,0,0,100
2008,9,28,10,30,7.800000000000001,0,0,0,0,0,0,100
2008,9,28,11,30,7.9,0,0,0,0,0,0,100
2008,9,28,12,30,8.6,0,0,0,0,0,0,100
2008,9,28,13,30,10.5,60,123,371,371,60,123,94.7
2008,9,28,14,30,13.3,101,359,653,653,101,359,79.89
2008,9,28,15,30,16,124,589,787,787,124,589,67.13
2008,9,28,16,30,18.1,141,774,849,849,141,774,58.84
2008,9,28,17,30,19.6,146,902,889,889,146,902,53.67
2008,9,28,18,30,20.700000000000003,97,973,981,981,97,973,49.93
2008,9,28,19,30,21.200000000000003,97,951,975,975,97,951,48.02
2008,9,28,20,30,21.200000000000003,95,854,952,952,95,854,47.19
2008,9,28,21,30,20.6,94,688,896,896,94,688,48.35
2008,9,28,22,30,19.6,85,472,804,804,85,472,51.01
2008,9,28,23,30,17.8,65,230,615,615,65,230,58.01
2008,9,29,0,30,15.700000000000001,17,21,124,124,17,21,73.88
2008,9,29,1,30,14.4,0,0,0,0,0,0,83.22
2008,9,29,2,30,13.600000000000001,0,0,0,0,0,0,86.01
2008,9,29,3,30,12.8,0,0,0,0,0,0,90.01
2008,9,29,4,30,12.100000000000001,0,0,0,0,0,0,94.03
2008,9,29,5,30,11.4,0,0,0,0,0,0,98.60000000000001
2008,9,29,6,30,10.8,0,0,0,0,0,0,100
2008,9,29,7,30,10.200000000000001,0,0,0,0,0,0,100
2008,9,29,8,30,9.600000000000001,0,0,0,0,0,0,100
2008,9,29,9,30,9.200000000000001,0,0,0,0,0,0,100
2008,9,29,10,30,8.9,0,0,0,0,0,0,100
2008,9,29,11,30,8.700000000000001,0,0,0,0,0,0,100
2008,9,29,12,30,9.1,0,0,0,0,0,0,100
2008,9,29,13,30,10.8,61,122,364,364,61,122,94.17
2008,9,29,14,30,13.4,104,359,648,648,104,359,78.81
2008,9,29,15,30,15.9,128,588,781,781,128,588,67.31
2008,9,29,16,30,17.900000000000002,143,775,850,850,143,775,59.660000000000004
2008,9,29,17,30,19.400000000000002,146,901,892,892,146,901,54.61
2008,9,29,18,30,20.5,128,963,938,938,128,963,50.730000000000004
2008,9,29,19,30,21,127,941,933,933,127,941,48.46
2008,9,29,20,30,20.8,124,840,903,903,124,840,47.910000000000004
2008,9,29,21,30,20.200000000000003,100,683,884,884,100,683,47.99
2008,9,29,22,30,19.200000000000003,90,467,788,21,225,235,50.160000000000004
2008,9,29,23,30,17.400000000000002,66,226,604,604,66,226,55.49
2008,9,30,0,30,14.8,15,20,129,129,15,20,68.15
2008,9,30,1,30,12.8,0,0,0,0,0,0,74.19
2008,9,30,2,30,11.3,0,0,0,0,0,0,74.59
2008,9,30,3,30,9.9,0,0,0,0,0,0,80.16
2008,9,30,4,30,8.9,0,0,0,0,0,0,88.18
2008,9,30,5,30,8.1,0,0,0,0,0,0,95.32000000000001
2008,9,30,6,30,7.6000000000000005,0,0,0,0,0,0,100
2008,9,30,7,30,7.4,0,0,0,0,0,0,100
2008,9,30,8,30,7.6000000000000005,0,0,0,0,0,0,100
2008,9,30,9,30,7.7,0,0,0,0,0,0,100
2008,9,30,10,30,7.6000000000000005,0,0,0,0,0,0,100
2008,9,30,11,30,7.300000000000001,0,0,0,0,0,0,100
2008,9,30,12,30,7.800000000000001,0,0,0,0,0,0,100
2008,9,30,13,30,9.700000000000001,55,128,440,440,55,128,95.24
2008,9,30,14,30,12.4,82,376,752,752,82,376,77.09
2008,9,30,15,30,14.9,88,617,901,901,88,617,59.11
2008,9,30,16,30,17,91,810,970,970,91,810,46.9
2008,9,30,17,30,18.8,92,940,1005,1005,92,940,39.160000000000004
2008,9,30,18,30,20.1,92,995,1017,1017,92,995,34.22
2008,9,30,19,30,20.900000000000002,90,972,1015,1015,90,972,31.28
2008,9,30,20,30,21.200000000000003,87,873,996,996,87,873,29.73
2008,9,30,21,30,20.8,84,705,948,948,84,705,29.54
2008,9,30,22,30,19.700000000000003,73,485,870,870,73,485,31.01
2008,9,30,23,30,16.900000000000002,54,236,700,700,54,236,38.38
2008,10,1,0,30,13.4,15,20,169,169,15,20,62.33
2008,10,1,1,30,11.4,0,0,0,0,0,0,69.7
2008,10,1,2,30,10.4,0,0,0,0,0,0,71.44
2008,10,1,3,30,9.4,0,0,0,0,0,0,76.18
2008,10,1,4,30,8.3,0,0,0,0,0,0,83.4
2008,10,1,5,30,7.4,0,0,0,0,0,0,90.57000000000001
2008,10,1,6,30,6.800000000000001,0,0,0,0,0,0,95.66
2008,10,1,7,30,6.2,0,0,0,0,0,0,100
2008,10,1,8,30,5.7,0,0,0,0,0,0,100
2008,10,1,9,30,5.800000000000001,0,0,0,0,0,0,100
2008,10,1,10,30,6,0,0,0,0,0,0,100
2008,10,1,11,30,6,0,0,0,0,0,0,100
2008,10,1,12,30,5.9,0,0,0,0,0,0,100
2008,10,1,13,30,7.300000000000001,43,138,571,571,43,138,91.14
2008,10,1,14,30,10.600000000000001,62,393,851,851,62,393,69.69
2008,10,1,15,30,14.3,69,633,965,965,69,633,43
2008,10,1,16,30,17,75,825,1016,1016,75,825,29.84
2008,10,1,17,30,18.900000000000002,79,954,1040,1040,79,954,25.88
2008,10,1,18,30,20.200000000000003,83,1003,1040,1040,83,1003,23.93
2008,10,1,19,30,21,82,979,1036,1036,82,979,22.98
2008,10,1,20,30,21.3,79,875,1013,1013,79,875,22.8
2008,10,1,21,30,21,71,708,977,977,71,708,23.56
2008,10,1,22,30,20,63,487,902,902,63,487,25.77
2008,10,1,23,30,17.1,48,235,732,732,48,235,34.62
2008,10,2,0,30,13.600000000000001,13,18,196,196,13,18,64.8
2008,10,2,1,30,11.700000000000001,0,0,0,0,0,0,70.48
2008,10,2,2,30,10.700000000000001,0,0,0,0,0,0,74.78
2008,10,2,3,30,9.600000000000001,0,0,0,0,0,0,81.21000000000001
2008,10,2,4,30,8.6,0,0,0,0,0,0,88.28
2008,10,2,5,30,7.800000000000001,0,0,0,0,0,0,93.55
2008,10,2,6,30,7.300000000000001,0,0,0,0,0,0,97.28
2008,10,2,7,30,6.9,0,0,0,0,0,0,100
2008,10,2,8,30,6.4,0,0,0,0,0,0,100
2008,10,2,9,30,6.2,0,0,0,0,0,0,100
2008,10,2,10,30,6.300000000000001,0,0,0,0,0,0,100
2008,10,2,11,30,6.300000000000001,0,0,0,0,0,0,100
2008,10,2,12,30,6.4,0,0,0,0,0,0,100
2008,10,2,13,30,7.9,45,133,535,535,45,133,90.11
2008,10,2,14,30,11.3,68,385,817,817,68,385,69.19
2008,10,2,15,30,15.100000000000001,79,622,932,932,79,622,49.980000000000004
2008,10,2,16,30,17.8,86,814,989,989,86,814,37.25
2008,10,2,17,30,19.5,90,938,1011,1011,90,938,32.01
2008,10,2,18,30,20.6,88,993,1026,1026,88,993,29.32
2008,10,2,19,30,21.3,86,969,1024,1024,86,969,27.650000000000002
2008,10,2,20,30,21.5,83,869,1005,1005,83,869,26.93
2008,10,2,21,30,21.3,76,699,962,962,76,699,26.94
2008,10,2,22,30,20.3,66,479,885,25,233,245,28.46
2008,10,2,23,30,17.6,49,230,716,716,49,230,36.050000000000004
2008,10,3,0,30,14.200000000000001,12,16,179,179,12,16,67.16
2008,10,3,1,30,12.3,0,0,0,0,0,0,70.3
2008,10,3,2,30,11.200000000000001,0,0,0,0,0,0,73.45
2008,10,3,3,30,10.100000000000001,0,0,0,0,0,0,78.32000000000001
2008,10,3,4,30,9.1,0,0,0,0,0,0,83.60000000000001
2008,10,3,5,30,8.200000000000001,0,0,0,0,0,0,88.94
2008,10,3,6,30,7.6000000000000005,0,0,0,0,0,0,92.95
2008,10,3,7,30,7.1000000000000005,0,0,0,0,0,0,96.59
2008,10,3,8,30,6.7,0,0,0,0,0,0,99.81
2008,10,3,9,30,6.300000000000001,0,0,0,0,0,0,100
2008,10,3,10,30,5.9,0,0,0,0,0,0,100
2008,10,3,11,30,5.7,0,0,0,0,0,0,100
2008,10,3,12,30,6.2,0,0,0,0,0,0,100
2008,10,3,13,30,8.4,41,132,561,561,41,132,89.24
2008,10,3,14,30,12.3,63,381,824,824,63,381,69.21000000000001
2008,10,3,15,30,16.3,75,618,936,936,75,618,47.86
2008,10,3,16,30,19.200000000000003,83,805,984,984,83,805,34.9
2008,10,3,17,30,20.900000000000002,87,931,1010,1010,87,931,29.71
2008,10,3,18,30,21.900000000000002,88,985,1022,1022,88,985,27.79
2008,10,3,19,30,22.400000000000002,88,961,1016,1016,88,961,27.02
2008,10,3,20,30,22.5,86,857,990,990,86,857,26.85
2008,10,3,21,30,22.200000000000003,78,690,952,952,78,690,27.310000000000002
2008,10,3,22,30,21.200000000000003,67,471,874,874,67,471,29.03
2008,10,3,23,30,18.5,50,222,694,694,50,222,36.81
2008,10,4,0,30,15.100000000000001,11,14,147,147,11,14,66.77
2008,10,4,1,30,13.200000000000001,0,0,0,0,0,0,71.35000000000001
2008,10,4,2,30,12,0,0,0,0,0,0,73.81
2008,10,4,3,30,11,0,0,0,0,0,0,75.88
2008,10,4,4,30,10.100000000000001,0,0,0,0,0,0,77.46000000000001
2008,10,4,5,30,9.200000000000001,0,0,0,0,0,0,79.75
2008,10,4,6,30,8.5,0,0,0,0,0,0,82.61
2008,10,4,7,30,7.9,0,0,0,0,0,0,86.42
2008,10,4,8,30,7.4,0,0,0,0,0,0,90.8
2008,10,4,9,30,6.800000000000001,0,0,0,0,0,0,96.57000000000001
2008,10,4,10,30,6.4,0,0,0,0,0,0,100
2008,10,4,11,30,6,0,0,0,0,0,0,100
2008,10,4,12,30,6.6000000000000005,0,0,0,0,0,0,98.32000000000001
2008,10,4,13,30,9.3,39,130,567,567,39,130,83.05
2008,10,4,14,30,13.8,61,376,821,821,61,376,62.92
2008,10,4,15,30,18.400000000000002,74,611,929,929,74,611,42.910000000000004
2008,10,4,16,30,21.200000000000003,81,800,982,982,81,800,32.12
2008,10,4,17,30,22.5,86,926,1008,1008,86,926,29.38
2008,10,4,18,30,23.3,89,975,1012,1012,89,975,28.18
2008,10,4,19,30,23.700000000000003,89,950,1007,1007,89,950,27.36
2008,10,4,20,30,23.8,86,850,986,986,86,850,26.78
2008,10,4,21,30,23.400000000000002,81,683,941,941,81,683,26.94
2008,10,4,22,30,22.400000000000002,70,463,857,857,70,463,28.29
2008,10,4,23,30,19.700000000000003,51,217,679,679,51,217,35.980000000000004
2008,10,5,0,30,16.400000000000002,0,0,0,0,0,0,64.77
2008,10,5,1,30,14.4,0,0,0,0,0,0,67.67
2008,10,5,2,30,13.200000000000001,0,0,0,0,0,0,70.03
2008,10,5,3,30,12,0,0,0,0,0,0,72.60000000000001
2008,10,5,4,30,10.700000000000001,0,0,0,0,0,0,76.37
2008,10,5,5,30,9.600000000000001,0,0,0,0,0,0,79.66
2008,10,5,6,30,8.8,0,0,0,0,0,0,81.93
2008,10,5,7,30,8.200000000000001,0,0,0,0,0,0,84.14
2008,10,5,8,30,7.7,0,0,0,0,0,0,86.22
2008,10,5,9,30,7.300000000000001,0,0,0,0,0,0,88.51
2008,10,5,10,30,7.1000000000000005,0,0,0,0,0,0,90.52
2008,10,5,11,30,7,0,0,0,0,0,0,93.43
2008,10,5,12,30,8,0,0,0,0,0,0,90.36
2008,10,5,13,30,11,42,125,519,519,42,125,78.99
2008,10,5,14,30,15.3,68,368,784,784,68,368,64.17
2008,10,5,15,30,19.200000000000003,83,598,894,894,83,598,55.09
2008,10,5,16,30,21.8,92,785,950,950,92,785,44.49
2008,10,5,17,30,23.5,98,910,978,978,98,910,37.34
2008,10,5,18,30,24.700000000000003,98,959,988,988,98,959,33.24
2008,10,5,19,30,25.400000000000002,97,935,984,984,97,935,30.7
2008,10,5,20,30,25.700000000000003,92,835,964,964,92,835,29.09
2008,10,5,21,30,25.5,82,668,921,921,82,668,28.62
2008,10,5,22,30,24.700000000000003,70,451,839,839,70,451,29.72
2008,10,5,23,30,22.8,51,207,651,651,51,207,34.95
2008,10,6,0,30,20.5,0,0,0,0,0,0,53.27
2008,10,6,1,30,18.5,0,0,0,0,0,0,62.120000000000005
2008,10,6,2,30,16.6,0,0,0,0,0,0,74.3
2008,10,6,3,30,15.4,0,0,0,0,0,0,77
2008,10,6,4,30,14.5,0,0,0,0,0,0,80.59
2008,10,6,5,30,13.700000000000001,0,0,0,0,0,0,89.96000000000001
2008,10,6,6,30,12.9,0,0,0,0,0,0,97.27
2008,10,6,7,30,12.3,0,0,0,0,0,0,100
2008,10,6,8,30,11.8,0,0,0,0,0,0,100
2008,10,6,9,30,11.200000000000001,0,0,0,0,0,0,100
2008,10,6,10,30,10.8,0,0,0,0,0,0,100
2008,10,6,11,30,10.4,0,0,0,0,0,0,100
2008,10,6,12,30,10.700000000000001,0,0,0,0,0,0,100
2008,10,6,13,30,12.3,46,119,459,459,46,119,94.31
2008,10,6,14,30,14.8,73,360,756,756,73,360,79.39
2008,10,6,15,30,17.3,84,591,883,883,84,591,64.22
2008,10,6,16,30,19.400000000000002,90,778,946,946,90,778,54.7
2008,10,6,17,30,21.1,94,902,977,977,94,902,48.5
2008,10,6,18,30,22.5,98,953,984,984,98,953,43.69
2008,10,6,19,30,23.3,100,924,972,972,100,924,40.52
2008,10,6,20,30,23.5,97,824,947,947,97,824,39.14
2008,10,6,21,30,23.3,86,660,908,908,86,660,39.1
2008,10,6,22,30,22.400000000000002,74,442,818,818,74,442,40.78
2008,10,6,23,30,20.200000000000003,52,202,632,632,52,202,48.65
2008,10,7,0,30,17.400000000000002,0,0,0,0,0,0,72.23
2008,10,7,1,30,15.700000000000001,0,0,0,0,0,0,78.26
2008,10,7,2,30,14.700000000000001,0,0,0,0,0,0,81.02
2008,10,7,3,30,13.8,0,0,0,0,0,0,83.82000000000001
2008,10,7,4,30,13,0,0,0,0,0,0,86.26
2008,10,7,5,30,12.200000000000001,0,0,0,0,0,0,89.13
2008,10,7,6,30,11.600000000000001,0,0,0,0,0,0,90.85000000000001
2008,10,7,7,30,11,0,0,0,0,0,0,92.49
2008,10,7,8,30,10.700000000000001,0,0,0,0,0,0,92.48
2008,10,7,9,30,10.5,0,0,0,0,0,0,92.52
2008,10,7,10,30,10.3,0,0,0,0,0,0,93.9
2008,10,7,11,30,10,0,0,0,0,0,0,97.53
2008,10,7,12,30,10.4,0,0,0,0,0,0,97.12
2008,10,7,13,30,12.5,48,114,420,420,48,114,89.68
2008,10,7,14,30,15.600000000000001,88,345,681,681,88,345,77.98
2008,10,7,15,30,18.400000000000002,107,570,809,809,107,570,67.24
2008,10,7,16,30,20.400000000000002,120,753,874,874,120,753,57.83
2008,10,7,17,30,21.6,130,874,902,902,130,874,53.15
2008,10,7,18,30,22.3,112,932,948,948,112,932,49.800000000000004
2008,10,7,19,30,22.6,111,907,942,942,111,907,47.730000000000004
2008,10,7,20,30,22.5,111,804,908,908,111,804,47.1
2008,10,7,21,30,21.900000000000002,102,638,852,852,102,638,48.45
2008,10,7,22,30,20.700000000000003,89,424,749,197,225,313,52.26
2008,10,7,23,30,18.900000000000002,64,186,526,7,80,82,60.35
2008,10,8,0,30,16.900000000000002,0,0,0,0,0,0,74.51
2008,10,8,1,30,15.600000000000001,0,0,0,0,0,0,81.99
2008,10,8,2,30,14.600000000000001,0,0,0,0,0,0,87.5
2008,10,8,3,30,13.700000000000001,0,0,0,0,0,0,93.23
2008,10,8,4,30,13.100000000000001,0,0,0,0,0,0,97.25
2008,10,8,5,30,12.5,0,0,0,0,0,0,100
2008,10,8,6,30,11.9,0,0,0,0,0,0,100
2008,10,8,7,30,11.600000000000001,0,0,0,0,0,0,100
2008,10,8,8,30,11.5,0,0,0,0,0,0,100
2008,10,8,9,30,11.4,0,0,0,0,0,0,100
2008,10,8,10,30,11.3,0,0,0,0,0,0,100
2008,10,8,11,30,11.200000000000001,0,0,0,0,0,0,100
2008,10,8,12,30,11.3,0,0,0,0,0,0,100
2008,10,8,13,30,12.200000000000001,43,113,457,3,44,44,98.39
2008,10,8,14,30,14.200000000000001,68,348,747,18,187,194,88.58
2008,10,8,15,30,16.7,78,574,871,134,329,405,77.02
2008,10,8,16,30,18.900000000000002,83,757,934,934,83,757,66.16
2008,10,8,17,30,20.5,86,878,964,199,471,634,59.14
2008,10,8,18,30,21.5,121,916,923,147,488,615,54.58
2008,10,8,19,30,21.8,123,888,909,4,369,372,52.47
2008,10,8,20,30,21.3,120,788,879,0,113,113,52.870000000000005
2008,10,8,21,30,20.6,111,625,824,0,170,170,54.1
2008,10,8,22,30,19.700000000000003,93,412,721,0,36,36,56.85
2008,10,8,23,30,18.2,64,179,507,3,98,99,64.24
2008,10,9,0,30,16.400000000000002,0,0,0,0,0,0,80.55
2008,10,9,1,30,15.3,0,0,0,0,0,0,85.84
2008,10,9,2,30,14.5,0,0,0,0,0,0,88.21000000000001
2008,10,9,3,30,13.700000000000001,0,0,0,0,0,0,91.21000000000001
2008,10,9,4,30,13.100000000000001,0,0,0,0,0,0,93.8
2008,10,9,5,30,12.5,0,0,0,0,0,0,97.54
2008,10,9,6,30,11.9,0,0,0,0,0,0,100
2008,10,9,7,30,11.600000000000001,0,0,0,0,0,0,100
2008,10,9,8,30,11.4,0,0,0,0,0,0,100
2008,10,9,9,30,11.100000000000001,0,0,0,0,0,0,100
2008,10,9,10,30,10.8,0,0,0,0,0,0,100
2008,10,9,11,30,10.5,0,0,0,0,0,0,100
2008,10,9,12,30,10.600000000000001,0,0,0,0,0,0,100
2008,10,9,13,30,11.8,44,110,437,0,25,25,92.76
2008,10,9,14,30,14.4,70,343,730,25,194,204,77.76
2008,10,9,15,30,17.6,81,568,859,859,81,568,63.870000000000005
2008,10,9,16,30,20.1,86,749,922,922,86,749,55.480000000000004
2008,10,9,17,30,21.3,91,870,952,952,91,870,52.61
2008,10,9,18,30,21.700000000000003,91,920,966,662,236,805,52.13
2008,10,9,19,30,21.6,90,894,960,960,90,894,52.870000000000005
2008,10,9,20,30,21.3,86,794,936,936,86,794,53.800000000000004
2008,10,9,21,30,20.700000000000003,86,628,874,874,86,628,56.42
2008,10,9,22,30,19.700000000000003,74,415,777,777,74,415,61.92
2008,10,9,23,30,18.3,54,180,563,136,117,147,73.57000000000001
2008,10,10,0,30,17.1,0,0,0,0,0,0,88.22
2008,10,10,1,30,16.3,0,0,0,0,0,0,93.87
2008,10,10,2,30,15.600000000000001,0,0,0,0,0,0,97.15
2008,10,10,3,30,15.100000000000001,0,0,0,0,0,0,99.87
2008,10,10,4,30,14.8,0,0,0,0,0,0,100
2008,10,10,5,30,14.5,0,0,0,0,0,0,100
2008,10,10,6,30,14.3,0,0,0,0,0,0,100
2008,10,10,7,30,14,0,0,0,0,0,0,100
2008,10,10,8,30,13.600000000000001,0,0,0,0,0,0,100
2008,10,10,9,30,13.200000000000001,0,0,0,0,0,0,100
2008,10,10,10,30,12.700000000000001,0,0,0,0,0,0,100
2008,10,10,11,30,12.3,0,0,0,0,0,0,100
2008,10,10,12,30,12.3,0,0,0,0,0,0,100
2008,10,10,13,30,13.4,38,112,492,3,67,68,96.46000000000001
2008,10,10,14,30,15.8,62,345,762,762,62,345,81.67
2008,10,10,15,30,18.3,74,568,874,874,74,568,66.02
2008,10,10,16,30,20.5,82,748,930,930,82,748,55.82
2008,10,10,17,30,22.200000000000003,86,866,958,334,428,700,50.25
2008,10,10,18,30,23.3,99,911,949,949,99,911,47.1
2008,10,10,19,30,23.700000000000003,98,885,944,944,98,885,45.92
2008,10,10,20,30,23.3,94,786,920,274,413,619,46.980000000000004
2008,10,10,21,30,22.5,89,621,863,863,89,621,49.63
2008,10,10,22,30,21.5,77,409,765,205,200,289,53.7
2008,10,10,23,30,19.8,54,176,555,555,54,176,63.84
2008,10,11,0,30,18.2,0,0,0,0,0,0,81.63
2008,10,11,1,30,17.3,0,0,0,0,0,0,85.24
2008,10,11,2,30,16.400000000000002,0,0,0,0,0,0,88.10000000000001
2008,10,11,3,30,15.3,0,0,0,0,0,0,91.5
2008,10,11,4,30,14.3,0,0,0,0,0,0,93.34
2008,10,11,5,30,13.5,0,0,0,0,0,0,94.65
2008,10,11,6,30,12.700000000000001,0,0,0,0,0,0,97.7
2008,10,11,7,30,12.200000000000001,0,0,0,0,0,0,100
2008,10,11,8,30,11.8,0,0,0,0,0,0,100
2008,10,11,9,30,11.600000000000001,0,0,0,0,0,0,100
2008,10,11,10,30,11.3,0,0,0,0,0,0,100
2008,10,11,11,30,11.200000000000001,0,0,0,0,0,0,100
2008,10,11,12,30,11.3,0,0,0,0,0,0,100
2008,10,11,13,30,12.600000000000001,38,112,501,6,71,72,94.83
2008,10,11,14,30,15.4,62,345,766,29,196,206,80.51
2008,10,11,15,30,18.7,76,567,873,873,76,567,66.29
2008,10,11,16,30,21.5,85,746,926,926,85,746,54.59
2008,10,11,17,30,23.5,92,865,951,951,92,865,47.32
2008,10,11,18,30,24.700000000000003,95,911,958,958,95,911,43.87
2008,10,11,19,30,25,97,884,948,948,97,884,43.53
2008,10,11,20,30,24.6,97,782,915,915,97,782,45.14
2008,10,11,21,30,23.700000000000003,91,616,858,858,91,616,48.230000000000004
2008,10,11,22,30,22.700000000000003,78,405,758,758,78,405,52.32
2008,10,11,23,30,20.8,54,172,544,544,54,172,61.83
2008,10,12,0,30,18.900000000000002,0,0,0,0,0,0,78.78
2008,10,12,1,30,17.900000000000002,0,0,0,0,0,0,84.34
2008,10,12,2,30,17.2,0,0,0,0,0,0,88.22
2008,10,12,3,30,16.5,0,0,0,0,0,0,92.11
2008,10,12,4,30,15.9,0,0,0,0,0,0,95.02
2008,10,12,5,30,15.3,0,0,0,0,0,0,97.57000000000001
2008,10,12,6,30,14.8,0,0,0,0,0,0,99.65
2008,10,12,7,30,14.3,0,0,0,0,0,0,100
2008,10,12,8,30,13.9,0,0,0,0,0,0,100
2008,10,12,9,30,13.5,0,0,0,0,0,0,100
2008,10,12,10,30,13.200000000000001,0,0,0,0,0,0,100
2008,10,12,11,30,12.9,0,0,0,0,0,0,100
2008,10,12,12,30,13.200000000000001,0,0,0,0,0,0,100
2008,10,12,13,30,14.8,39,106,456,2,64,65,96.16
2008,10,12,14,30,17.5,65,337,740,740,65,337,82.76
2008,10,12,15,30,20,78,557,857,857,78,557,69.84
2008,10,12,16,30,21.700000000000003,87,736,913,913,87,736,61.64
2008,10,12,17,30,22.700000000000003,94,852,937,937,94,852,57.22
2008,10,12,18,30,23.200000000000003,120,891,909,909,120,891,54.68
2008,10,12,19,30,22.900000000000002,124,861,892,156,476,605,54.870000000000005
2008,10,12,20,30,22.200000000000003,121,761,860,860,121,761,56.71
2008,10,12,21,30,21.400000000000002,129,591,759,127,303,380,59.97
2008,10,12,22,30,20.5,106,382,646,353,196,347,64.28
2008,10,12,23,30,19.200000000000003,69,157,411,1,51,51,72.82000000000001
2008,10,13,0,30,17.900000000000002,0,0,0,0,0,0,87.76
2008,10,13,1,30,17.1,0,0,0,0,0,0,91.68
2008,10,13,2,30,16.6,0,0,0,0,0,0,92.65
2008,10,13,3,30,16.2,0,0,0,0,0,0,93.19
2008,10,13,4,30,15.8,0,0,0,0,0,0,93.94
2008,10,13,5,30,15.5,0,0,0,0,0,0,93.98
2008,10,13,6,30,15,0,0,0,0,0,0,94.86
2008,10,13,7,30,14.5,0,0,0,0,0,0,95.83
2008,10,13,8,30,14,0,0,0,0,0,0,97.14
2008,10,13,9,30,13.600000000000001,0,0,0,0,0,0,98.16
2008,10,13,10,30,13.3,0,0,0,0,0,0,99.51
2008,10,13,11,30,12.8,0,0,0,0,0,0,100
2008,10,13,12,30,12.8,0,0,0,0,0,0,100
2008,10,13,13,30,14.3,42,103,418,2,63,63,95.24
2008,10,13,14,30,17,69,334,724,724,69,334,83.3
2008,10,13,15,30,19.900000000000002,81,557,854,854,81,557,69.82000000000001
2008,10,13,16,30,22.1,87,739,922,922,87,739,59.230000000000004
2008,10,13,17,30,23.6,89,859,955,955,89,859,52.54
2008,10,13,18,30,24.5,110,900,934,934,110,900,49.15
2008,10,13,19,30,24.700000000000003,108,871,927,927,108,871,48.1
2008,10,13,20,30,24.3,103,772,902,0,208,208,48.57
2008,10,13,21,30,23.400000000000002,95,607,847,847,95,607,50.71
2008,10,13,22,30,22,80,395,744,744,80,395,55.870000000000005
2008,10,13,23,30,20.1,55,163,515,515,55,163,65.53
2008,10,14,0,30,18.3,0,0,0,0,0,0,78.22
2008,10,14,1,30,17.1,0,0,0,0,0,0,85.27
2008,10,14,2,30,16.3,0,0,0,0,0,0,89.96000000000001
2008,10,14,3,30,15.5,0,0,0,0,0,0,93.52
2008,10,14,4,30,14.700000000000001,0,0,0,0,0,0,95.99000000000001
2008,10,14,5,30,14,0,0,0,0,0,0,98.14
2008,10,14,6,30,13.600000000000001,0,0,0,0,0,0,100
2008,10,14,7,30,13.3,0,0,0,0,0,0,100
2008,10,14,8,30,13,0,0,0,0,0,0,100
2008,10,14,9,30,12.5,0,0,0,0,0,0,100
2008,10,14,10,30,11.9,0,0,0,0,0,0,100
2008,10,14,11,30,11.5,0,0,0,0,0,0,100
2008,10,14,12,30,11.200000000000001,0,0,0,0,0,0,100
2008,10,14,13,30,11.9,34,112,552,24,69,73,96.38
2008,10,14,14,30,13.700000000000001,54,351,817,401,141,287,83.9
2008,10,14,15,30,16.3,65,577,924,446,205,452,69.2
2008,10,14,16,30,19,69,760,980,441,266,577,56.69
2008,10,14,17,30,21.1,71,883,1011,472,300,679,48.59
2008,10,14,18,30,22.5,73,931,1020,1020,73,931,43.69
2008,10,14,19,30,23.200000000000003,71,904,1016,483,303,698,40.87
2008,10,14,20,30,23.400000000000002,67,803,997,697,201,715,39.33
2008,10,14,21,30,23,63,636,953,602,176,537,38.96
2008,10,14,22,30,22,55,419,870,494,152,359,40.07
2008,10,14,23,30,19.5,39,178,680,680,39,178,46.730000000000004
2008,10,15,0,30,16.6,0,0,0,0,0,0,64.8
2008,10,15,1,30,15,0,0,0,0,0,0,69.92
2008,10,15,2,30,14.100000000000001,0,0,0,0,0,0,72.87
2008,10,15,3,30,13.100000000000001,0,0,0,0,0,0,78.48
2008,10,15,4,30,12.100000000000001,0,0,0,0,0,0,85.24
2008,10,15,5,30,11.4,0,0,0,0,0,0,90.57000000000001
2008,10,15,6,30,10.700000000000001,0,0,0,0,0,0,95.79
2008,10,15,7,30,10.200000000000001,0,0,0,0,0,0,99.64
2008,10,15,8,30,9.8,0,0,0,0,0,0,100
2008,10,15,9,30,9.4,0,0,0,0,0,0,100
2008,10,15,10,30,9.1,0,0,0,0,0,0,100
2008,10,15,11,30,8.8,0,0,0,0,0,0,100
2008,10,15,12,30,8.8,0,0,0,0,0,0,100
2008,10,15,13,30,10.4,33,111,554,3,64,64,91.17
2008,10,15,14,30,14.5,52,349,821,821,52,349,70.29
2008,10,15,15,30,18.7,63,572,922,922,63,572,47.93
2008,10,15,16,30,20.900000000000002,69,752,973,973,69,752,38.61
2008,10,15,17,30,22,74,869,994,994,74,869,36.14
2008,10,15,18,30,22.700000000000003,84,915,990,990,84,915,34.99
2008,10,15,19,30,22.8,86,884,977,977,86,884,35.24
2008,10,15,20,30,22.400000000000002,85,780,947,58,380,423,36.7
2008,10,15,21,30,21.400000000000002,77,615,901,17,279,289,39.7
2008,10,15,22,30,20.200000000000003,66,401,807,807,66,401,43.74
2008,10,15,23,30,18.3,46,164,585,0,7,7,51.29
2008,10,16,0,30,16.400000000000002,0,0,0,0,0,0,65
2008,10,16,1,30,15.200000000000001,0,0,0,0,0,0,71.61
2008,10,16,2,30,14.200000000000001,0,0,0,0,0,0,77.14
2008,10,16,3,30,13.200000000000001,0,0,0,0,0,0,86.12
2008,10,16,4,30,12.3,0,0,0,0,0,0,96.17
2008,10,16,5,30,11.8,0,0,0,0,0,0,100
2008,10,16,6,30,11.5,0,0,0,0,0,0,100
2008,10,16,7,30,11.5,0,0,0,0,0,0,100
2008,10,16,8,30,11.5,0,0,0,0,0,0,100
2008,10,16,9,30,11.3,0,0,0,0,0,0,100
2008,10,16,10,30,11,0,0,0,0,0,0,100
2008,10,16,11,30,10.8,0,0,0,0,0,0,100
2008,10,16,12,30,11,0,0,0,0,0,0,100
2008,10,16,13,30,11.9,37,103,470,3,63,63,100
2008,10,16,14,30,13.8,60,335,766,766,60,335,91.13
2008,10,16,15,30,16.1,71,559,888,193,310,416,76.62
2008,10,16,16,30,18.1,78,738,944,233,395,557,62.22
2008,10,16,17,30,19.5,83,857,972,0,202,202,55.34
2008,10,16,18,30,20.6,85,904,981,0,223,223,51.33
2008,10,16,19,30,21.200000000000003,85,876,974,0,181,182,49.22
2008,10,16,20,30,21.200000000000003,81,775,951,25,357,376,48.870000000000005
2008,10,16,21,30,20.8,92,602,861,20,281,292,50.06
2008,10,16,22,30,19.700000000000003,81,386,742,13,187,192,54.38
2008,10,16,23,30,17.900000000000002,56,153,491,491,56,153,63.22
2008,10,17,0,30,16.1,0,0,0,0,0,0,76.41
2008,10,17,1,30,15.100000000000001,0,0,0,0,0,0,84.21000000000001
2008,10,17,2,30,14.4,0,0,0,0,0,0,89.21000000000001
2008,10,17,3,30,13.9,0,0,0,0,0,0,93.06
2008,10,17,4,30,13.4,0,0,0,0,0,0,96.71000000000001
2008,10,17,5,30,12.9,0,0,0,0,0,0,99.82000000000001
2008,10,17,6,30,12.200000000000001,0,0,0,0,0,0,100
2008,10,17,7,30,11.700000000000001,0,0,0,0,0,0,100
2008,10,17,8,30,11.4,0,0,0,0,0,0,100
2008,10,17,9,30,11.100000000000001,0,0,0,0,0,0,100
2008,10,17,10,30,10.8,0,0,0,0,0,0,100
2008,10,17,11,30,10.600000000000001,0,0,0,0,0,0,100
2008,10,17,12,30,10.700000000000001,0,0,0,0,0,0,100
2008,10,17,13,30,11.9,33,105,527,527,33,105,98
2008,10,17,14,30,14.3,53,338,801,4,141,143,81.91
2008,10,17,15,30,17,63,562,912,59,297,329,67.17
2008,10,17,16,30,19.200000000000003,70,741,965,25,339,357,57.27
2008,10,17,17,30,20.8,74,860,990,0,235,235,51.28
2008,10,17,18,30,21.900000000000002,82,905,990,133,455,566,47.59
2008,10,17,19,30,22.5,82,877,983,0,230,231,45.54
2008,10,17,20,30,22.5,79,775,960,171,423,547,45.03
2008,10,17,21,30,22,70,611,919,919,70,611,45.92
2008,10,17,22,30,20.900000000000002,60,396,824,0,86,86,48.77
2008,10,17,23,30,19,41,161,616,616,41,161,56.02
2008,10,18,0,30,17.1,0,0,0,0,0,0,68.07000000000001
2008,10,18,1,30,16,0,0,0,0,0,0,73.11
2008,10,18,2,30,15,0,0,0,0,0,0,77.85000000000001
2008,10,18,3,30,14,0,0,0,0,0,0,82.39
2008,10,18,4,30,12.9,0,0,0,0,0,0,87.76
2008,10,18,5,30,11.9,0,0,0,0,0,0,93.2
2008,10,18,6,30,11.200000000000001,0,0,0,0,0,0,97.59
2008,10,18,7,30,10.8,0,0,0,0,0,0,100
2008,10,18,8,30,10.600000000000001,0,0,0,0,0,0,100
2008,10,18,9,30,10.600000000000001,0,0,0,0,0,0,100
2008,10,18,10,30,10.4,0,0,0,0,0,0,100
2008,10,18,11,30,10.200000000000001,0,0,0,0,0,0,100
2008,10,18,12,30,10.4,0,0,0,0,0,0,100
2008,10,18,13,30,11.9,39,99,445,445,39,99,97.83
2008,10,18,14,30,14.200000000000001,63,332,760,1,127,127,86.02
2008,10,18,15,30,16.5,73,555,886,60,300,332,74.31
2008,10,18,16,30,18.400000000000002,78,736,949,949,78,736,63.300000000000004
2008,10,18,17,30,19.900000000000002,82,854,978,123,439,536,55.39
2008,10,18,18,30,20.900000000000002,86,903,986,986,86,903,50.72
2008,10,18,19,30,21.6,86,874,979,979,86,874,47.69
2008,10,18,20,30,21.700000000000003,82,773,957,957,82,773,46.59
2008,10,18,21,30,21.400000000000002,80,605,896,896,80,605,46.39
2008,10,18,22,30,20.6,67,390,800,800,67,390,47.36
2008,10,18,23,30,18.6,46,155,576,576,46,155,53.57
2008,10,19,0,30,16.5,0,0,0,0,0,0,70.27
2008,10,19,1,30,15.4,0,0,0,0,0,0,74.65
2008,10,19,2,30,14.700000000000001,0,0,0,0,0,0,75.97
2008,10,19,3,30,13.700000000000001,0,0,0,0,0,0,79.79
2008,10,19,4,30,12.4,0,0,0,0,0,0,86.66
2008,10,19,5,30,11.200000000000001,0,0,0,0,0,0,93.14
2008,10,19,6,30,10.200000000000001,0,0,0,0,0,0,98.44
2008,10,19,7,30,9.4,0,0,0,0,0,0,100
2008,10,19,8,30,9,0,0,0,0,0,0,100
2008,10,19,9,30,8.9,0,0,0,0,0,0,100
2008,10,19,10,30,8.6,0,0,0,0,0,0,100
2008,10,19,11,30,8.3,0,0,0,0,0,0,100
2008,10,19,12,30,8.3,0,0,0,0,0,0,100
2008,10,19,13,30,9.4,33,107,556,556,33,107,96.29
2008,10,19,14,30,12.100000000000001,53,349,842,842,53,349,81.87
2008,10,19,15,30,15.8,62,581,958,958,62,581,64.49
2008,10,19,16,30,18.900000000000002,67,765,1012,1012,67,765,44.65
2008,10,19,17,30,20.8,69,891,1044,1044,69,891,34.75
2008,10,19,18,30,22.200000000000003,74,938,1048,1048,74,938,29.19
2008,10,19,19,30,23,73,909,1044,1044,73,909,25.88
2008,10,19,20,30,23.3,70,804,1023,1023,70,804,23.990000000000002
2008,10,19,21,30,23,64,634,980,980,64,634,23.29
2008,10,19,22,30,21.700000000000003,54,412,895,895,54,412,24.61
2008,10,19,23,30,18.3,38,167,689,689,38,167,33.67
2008,10,20,0,30,14.600000000000001,0,0,0,0,0,0,58.1
2008,10,20,1,30,12.700000000000001,0,0,0,0,0,0,61.25
2008,10,20,2,30,11.5,0,0,0,0,0,0,64.08
2008,10,20,3,30,10.200000000000001,0,0,0,0,0,0,68.86
2008,10,20,4,30,9.1,0,0,0,0,0,0,73.25
2008,10,20,5,30,8.200000000000001,0,0,0,0,0,0,77.32000000000001
2008,10,20,6,30,7.4,0,0,0,0,0,0,81.61
2008,10,20,7,30,6.7,0,0,0,0,0,0,85.48
2008,10,20,8,30,6.1000000000000005,0,0,0,0,0,0,88.43
2008,10,20,9,30,5.4,0,0,0,0,0,0,90.51
2008,10,20,10,30,4.7,0,0,0,0,0,0,89.72
2008,10,20,11,30,4.1000000000000005,0,0,0,0,0,0,85.60000000000001
2008,10,20,12,30,4.2,0,0,0,0,0,0,76.14
2008,10,20,13,30,7.2,29,115,660,660,29,115,58.160000000000004
2008,10,20,14,30,11.9,46,366,918,918,46,366,36.99
2008,10,20,15,30,16.5,54,601,1015,1015,54,601,25.2
2008,10,20,16,30,20.200000000000003,60,789,1061,1061,60,789,14.82
2008,10,20,17,30,22.1,63,912,1085,1085,63,912,12.780000000000001
2008,10,20,18,30,23.200000000000003,68,961,1089,1089,68,961,12.52
2008,10,20,19,30,23.8,67,923,1073,1073,67,923,12.51
2008,10,20,20,30,24,65,817,1053,1053,65,817,12.66
2008,10,20,21,30,23.5,61,644,1009,1009,61,644,13.24
2008,10,20,22,30,22.200000000000003,52,416,917,917,52,416,14.77
2008,10,20,23,30,18.8,36,167,712,712,36,167,27.54
2008,10,21,0,30,15.200000000000001,0,0,0,0,0,0,48.56
2008,10,21,1,30,13.4,0,0,0,0,0,0,47.43
2008,10,21,2,30,11.8,0,0,0,0,0,0,51.550000000000004
2008,10,21,3,30,10.4,0,0,0,0,0,0,56.14
2008,10,21,4,30,9,0,0,0,0,0,0,61.4
2008,10,21,5,30,7.9,0,0,0,0,0,0,66.47
2008,10,21,6,30,7.1000000000000005,0,0,0,0,0,0,71.07000000000001
2008,10,21,7,30,6.4,0,0,0,0,0,0,75.25
2008,10,21,8,30,6,0,0,0,0,0,0,77.74
2008,10,21,9,30,5.6000000000000005,0,0,0,0,0,0,80.24
2008,10,21,10,30,5.300000000000001,0,0,0,0,0,0,82.04
2008,10,21,11,30,5.1000000000000005,0,0,0,0,0,0,82.98
2008,10,21,12,30,5.4,0,0,0,0,0,0,80.45
2008,10,21,13,30,8.200000000000001,31,106,580,580,31,106,67.68
2008,10,21,14,30,12.4,51,351,867,867,51,351,50.56
2008,10,21,15,30,17.2,61,578,965,965,61,578,37.17
2008,10,21,16,30,21.200000000000003,67,762,1016,1016,67,762,21.11
2008,10,21,17,30,23,71,883,1041,1041,71,883,17.55
2008,10,21,18,30,23.900000000000002,77,930,1043,1043,77,930,17.1
2008,10,21,19,30,24.3,76,896,1032,1032,76,896,17.14
2008,10,21,20,30,24.200000000000003,73,788,1006,8,339,345,17.57
2008,10,21,21,30,23.700000000000003,69,617,955,955,69,617,18.41
2008,10,21,22,30,22.400000000000002,59,396,856,856,59,396,20.44
2008,10,21,23,30,18.900000000000002,40,154,631,631,40,154,33.95
2008,10,22,0,30,15.3,0,0,0,0,0,0,55.64
2008,10,22,1,30,13.600000000000001,0,0,0,0,0,0,56.35
2008,10,22,2,30,12.5,0,0,0,0,0,0,59.6
2008,10,22,3,30,11.4,0,0,0,0,0,0,65.14
2008,10,22,4,30,10.600000000000001,0,0,0,0,0,0,69.82000000000001
2008,10,22,5,30,9.9,0,0,0,0,0,0,73.13
2008,10,22,6,30,9.4,0,0,0,0,0,0,74.93
2008,10,22,7,30,9,0,0,0,0,0,0,76.26
2008,10,22,8,30,9,0,0,0,0,0,0,76.22
2008,10,22,9,30,9.1,0,0,0,0,0,0,76.93
2008,10,22,10,30,9,0,0,0,0,0,0,79.72
2008,10,22,11,30,8.9,0,0,0,0,0,0,82.24
2008,10,22,12,30,8.9,0,0,0,0,0,0,83.48
2008,10,22,13,30,10.5,33,96,495,495,33,96,77.97
2008,10,22,14,30,13.700000000000001,58,329,786,786,58,329,63.04
2008,10,22,15,30,17.1,71,552,901,901,71,552,48.74
2008,10,22,16,30,19.8,79,734,962,962,79,734,36.84
2008,10,22,17,30,21.400000000000002,84,852,990,990,84,852,31.37
2008,10,22,18,30,22.3,87,899,998,998,87,899,29.16
2008,10,22,19,30,22.700000000000003,86,870,992,716,284,850,28.26
2008,10,22,20,30,22.8,82,767,968,968,82,767,27.88
2008,10,22,21,30,22.3,75,599,919,919,75,599,28.560000000000002
2008,10,22,22,30,21,64,383,817,817,64,383,31.240000000000002
2008,10,22,23,30,18,43,145,575,575,43,145,41.01
2008,10,23,0,30,14.9,0,0,0,0,0,0,60.17
2008,10,23,1,30,13.3,0,0,0,0,0,0,63.88
2008,10,23,2,30,12.4,0,0,0,0,0,0,66.74
2008,10,23,3,30,11.5,0,0,0,0,0,0,70.47
2008,10,23,4,30,10.700000000000001,0,0,0,0,0,0,74.07000000000001
2008,10,23,5,30,9.9,0,0,0,0,0,0,77.79
2008,10,23,6,30,9,0,0,0,0,0,0,82.56
2008,10,23,7,30,8,0,0,0,0,0,0,88.62
2008,10,23,8,30,7.300000000000001,0,0,0,0,0,0,93.88
2008,10,23,9,30,6.800000000000001,0,0,0,0,0,0,98.7
2008,10,23,10,30,6.300000000000001,0,0,0,0,0,0,100
2008,10,23,11,30,6.1000000000000005,0,0,0,0,0,0,100
2008,10,23,12,30,6.300000000000001,0,0,0,0,0,0,100
2008,10,23,13,30,7.300000000000001,44,86,338,338,44,86,92.34
2008,10,23,14,30,9.5,82,312,675,675,82,312,82.7
2008,10,23,15,30,12.8,96,538,833,833,96,538,70.44
2008,10,23,16,30,16.6,96,721,923,923,96,721,55.82
2008,10,23,17,30,19.400000000000002,95,845,970,970,95,845,44.68
2008,10,23,18,30,21.200000000000003,92,893,988,988,92,893,37.68
2008,10,23,19,30,22.3,90,864,983,983,90,864,33.2
2008,10,23,20,30,22.700000000000003,86,758,955,955,86,758,30.77
2008,10,23,21,30,22.6,79,591,903,903,79,591,29.73
2008,10,23,22,30,21.6,68,373,789,789,68,373,31.240000000000002
2008,10,23,23,30,19.1,46,139,530,530,46,139,40.660000000000004
2008,10,24,0,30,16.400000000000002,0,0,0,0,0,0,62.46
2008,10,24,1,30,14.8,0,0,0,0,0,0,66.63
2008,10,24,2,30,13.600000000000001,0,0,0,0,0,0,70.06
2008,10,24,3,30,12.5,0,0,0,0,0,0,74.47
2008,10,24,4,30,11.600000000000001,0,0,0,0,0,0,78.73
2008,10,24,5,30,10.8,0,0,0,0,0,0,82.67
2008,10,24,6,30,10.200000000000001,0,0,0,0,0,0,86.16
2008,10,24,7,30,9.700000000000001,0,0,0,0,0,0,89.93
2008,10,24,8,30,9.3,0,0,0,0,0,0,93.07000000000001
2008,10,24,9,30,8.9,0,0,0,0,0,0,96.16
2008,10,24,10,30,8.6,0,0,0,0,0,0,98.15
2008,10,24,11,30,8.3,0,0,0,0,0,0,99.89
2008,10,24,12,30,8.4,0,0,0,0,0,0,98.62
2008,10,24,13,30,10,37,89,420,30,62,66,89.08
2008,10,24,14,30,13,69,316,731,112,178,216,74.62
2008,10,24,15,30,16.1,85,538,858,519,200,474,59.63
2008,10,24,16,30,18.400000000000002,94,717,923,532,253,612,47.57
2008,10,24,17,30,19.5,99,832,952,555,262,689,43.21
2008,10,24,18,30,20.200000000000003,112,873,943,288,466,698,40.52
2008,10,24,19,30,20.400000000000002,114,842,930,364,348,632,39.6
2008,10,24,20,30,20.3,113,737,891,256,347,526,39.63
2008,10,24,21,30,19.8,107,567,817,151,285,370,40.81
2008,10,24,22,30,19,92,354,684,61,194,217,43.17
2008,10,24,23,30,17.8,57,126,402,24,94,98,52.14
2008,10,25,0,30,16.5,0,0,0,0,0,0,62.050000000000004
2008,10,25,1,30,15.4,0,0,0,0,0,0,66.92
2008,10,25,2,30,14.4,0,0,0,0,0,0,72.2
2008,10,25,3,30,13.600000000000001,0,0,0,0,0,0,76.03
2008,10,25,4,30,12.9,0,0,0,0,0,0,79.73
2008,10,25,5,30,12.4,0,0,0,0,0,0,83.5
2008,10,25,6,30,11.9,0,0,0,0,0,0,88.27
2008,10,25,7,30,11.600000000000001,0,0,0,0,0,0,91.8
2008,10,25,8,30,11.200000000000001,0,0,0,0,0,0,95.02
2008,10,25,9,30,10.8,0,0,0,0,0,0,97.82000000000001
2008,10,25,10,30,10.600000000000001,0,0,0,0,0,0,99.37
2008,10,25,11,30,10.4,0,0,0,0,0,0,100
2008,10,25,12,30,10.600000000000001,0,0,0,0,0,0,99.25
2008,10,25,13,30,11.9,41,82,345,0,14,14,91.3
2008,10,25,14,30,15.100000000000001,73,308,696,0,30,30,74.57000000000001
2008,10,25,15,30,18.5,86,530,848,0,95,95,52.6
2008,10,25,16,30,20.6,93,711,920,3,284,285,39.63
2008,10,25,17,30,21.8,97,829,954,577,263,706,34.96
2008,10,25,18,30,22.5,94,876,974,160,471,599,32.42
2008,10,25,19,30,22.6,94,847,966,966,94,847,31.330000000000002
2008,10,25,20,30,22.3,90,744,940,164,414,528,31.14
2008,10,25,21,30,21.6,88,575,869,6,246,250,31.85
2008,10,25,22,30,20.200000000000003,75,361,753,1,134,134,33.99
2008,10,25,23,30,17.8,47,131,500,83,92,106,46.51
2008,10,26,0,30,15.4,0,0,0,0,0,0,62.370000000000005
2008,10,26,1,30,14,0,0,0,0,0,0,63.31
2008,10,26,2,30,12.9,0,0,0,0,0,0,64.04
2008,10,26,3,30,11.9,0,0,0,0,0,0,66.96000000000001
2008,10,26,4,30,11.200000000000001,0,0,0,0,0,0,70.97
2008,10,26,5,30,10.4,0,0,0,0,0,0,76.83
2008,10,26,6,30,9.700000000000001,0,0,0,0,0,0,82.86
2008,10,26,7,30,9.1,0,0,0,0,0,0,88.67
2008,10,26,8,30,8.8,0,0,0,0,0,0,92.78
2008,10,26,9,30,8.6,0,0,0,0,0,0,95.10000000000001
2008,10,26,10,30,8.6,0,0,0,0,0,0,95.61
2008,10,26,11,30,8.700000000000001,0,0,0,0,0,0,95.19
2008,10,26,12,30,9.1,0,0,0,0,0,0,92.43
2008,10,26,13,30,10.9,36,84,403,403,36,84,83.57000000000001
2008,10,26,14,30,13.9,68,308,719,0,48,48,69.58
2008,10,26,15,30,16.900000000000002,83,527,850,73,301,339,55.34
2008,10,26,16,30,19.3,90,705,919,919,90,705,45.84
2008,10,26,17,30,20.8,94,821,953,953,94,821,41.56
2008,10,26,18,30,21.6,98,866,960,702,288,849,39.62
2008,10,26,19,30,21.6,99,836,950,950,99,836,39.5
2008,10,26,20,30,21,96,733,919,210,406,551,40.58
2008,10,26,21,30,20.3,77,573,891,209,317,433,42.230000000000004
2008,10,26,22,30,19.400000000000002,64,359,784,177,179,245,45.51
2008,10,26,23,30,17.8,41,129,533,5,64,65,58.46
2008,10,27,0,30,16,0,0,0,0,0,0,73.4
2008,10,27,1,30,15.100000000000001,0,0,0,0,0,0,74.13
2008,10,27,2,30,14.4,0,0,0,0,0,0,75.53
2008,10,27,3,30,13.8,0,0,0,0,0,0,76.53
2008,10,27,4,30,13.3,0,0,0,0,0,0,77.46000000000001
2008,10,27,5,30,12.9,0,0,0,0,0,0,78.57000000000001
2008,10,27,6,30,12.600000000000001,0,0,0,0,0,0,80.03
2008,10,27,7,30,12.3,0,0,0,0,0,0,82.51
2008,10,27,8,30,11.9,0,0,0,0,0,0,85.98
2008,10,27,9,30,11.600000000000001,0,0,0,0,0,0,89.19
2008,10,27,10,30,11.3,0,0,0,0,0,0,92.14
2008,10,27,11,30,11,0,0,0,0,0,0,94.94
2008,10,27,12,30,10.9,0,0,0,0,0,0,96.27
2008,10,27,13,30,11.5,45,74,249,0,37,37,93.24
2008,10,27,14,30,13.100000000000001,88,293,618,618,88,293,85.08
2008,10,27,15,30,15,101,515,799,799,101,515,74.07000000000001
2008,10,27,16,30,16.7,100,697,898,898,100,697,61.68
2008,10,27,17,30,17.900000000000002,97,818,950,950,97,818,52.88
2008,10,27,18,30,18.7,94,866,969,969,94,866,48.11
2008,10,27,19,30,18.8,90,837,967,140,447,555,46.75
2008,10,27,20,30,18.400000000000002,84,734,943,0,141,141,47.62
2008,10,27,21,30,17.6,70,571,906,906,70,571,49.96
2008,10,27,22,30,16.400000000000002,60,359,802,2,141,142,54.2
2008,10,27,23,30,14.9,39,128,551,551,39,128,60.57
2008,10,28,0,30,13.3,0,0,0,0,0,0,68.44
2008,10,28,1,30,12,0,0,0,0,0,0,75.72
2008,10,28,2,30,10.8,0,0,0,0,0,0,83.28
2008,10,28,3,30,10.100000000000001,0,0,0,0,0,0,88.64
2008,10,28,4,30,9.600000000000001,0,0,0,0,0,0,92.21000000000001
2008,10,28,5,30,9.200000000000001,0,0,0,0,0,0,94.03
2008,10,28,6,30,8.9,0,0,0,0,0,0,94.22
2008,10,28,7,30,8.5,0,0,0,0,0,0,93.89
2008,10,28,8,30,8.200000000000001,0,0,0,0,0,0,93.46000000000001
2008,10,28,9,30,7.800000000000001,0,0,0,0,0,0,94.26
2008,10,28,10,30,7.4,0,0,0,0,0,0,95.9
2008,10,28,11,30,7.1000000000000005,0,0,0,0,0,0,96.7
2008,10,28,12,30,6.9,0,0,0,0,0,0,97.18
2008,10,28,13,30,7.5,33,85,460,460,33,85,92.88
2008,10,28,14,30,9,59,314,774,2,124,125,83.73
2008,10,28,15,30,10.8,73,535,895,189,301,398,73.8
2008,10,28,16,30,12.8,82,712,952,5,298,301,64.18
2008,10,28,17,30,14.700000000000001,87,826,977,0,215,216,56.25
2008,10,28,18,30,15.9,98,868,972,0,157,157,52.27
2008,10,28,19,30,16.6,96,836,962,5,351,355,50.42
2008,10,28,20,30,16.5,92,731,932,52,365,401,50.95
2008,10,28,21,30,15.8,95,559,845,20,265,276,53.13
2008,10,28,22,30,14.600000000000001,79,347,726,8,163,166,57.07
2008,10,28,23,30,12.9,48,121,459,459,48,121,62.96
2008,10,29,0,30,11,0,0,0,0,0,0,70.22
2008,10,29,1,30,9.600000000000001,0,0,0,0,0,0,74.54
2008,10,29,2,30,8.6,0,0,0,0,0,0,76.41
2008,10,29,3,30,7.7,0,0,0,0,0,0,78.32000000000001
2008,10,29,4,30,6.800000000000001,0,0,0,0,0,0,81.31
2008,10,29,5,30,5.800000000000001,0,0,0,0,0,0,85.62
2008,10,29,6,30,5.1000000000000005,0,0,0,0,0,0,87.82000000000001
2008,10,29,7,30,4.6000000000000005,0,0,0,0,0,0,88.78
2008,10,29,8,30,4.3,0,0,0,0,0,0,89.53
2008,10,29,9,30,4,0,0,0,0,0,0,91.71000000000001
2008,10,29,10,30,3.8000000000000003,0,0,0,0,0,0,93.68
2008,10,29,11,30,3.6,0,0,0,0,0,0,95.87
2008,10,29,12,30,3.7,0,0,0,0,0,0,95.68
2008,10,29,13,30,5,31,85,487,487,31,85,87.88
2008,10,29,14,30,7.9,54,317,807,345,144,256,71.32000000000001
2008,10,29,15,30,11.4,65,540,927,293,276,426,56.730000000000004
2008,10,29,16,30,15.100000000000001,71,720,985,985,71,720,44.46
2008,10,29,17,30,18.2,75,837,1013,1013,75,837,35.77
2008,10,29,18,30,20,77,883,1020,1020,77,883,32.37
2008,10,29,19,30,20.900000000000002,76,853,1016,1016,76,853,31
2008,10,29,20,30,21.1,73,749,991,991,73,749,30.55
2008,10,29,21,30,20.700000000000003,67,581,941,941,67,581,30.95
2008,10,29,22,30,19.3,56,365,843,843,56,365,33.65
2008,10,29,23,30,16.3,36,129,593,593,36,129,50.1
2008,10,30,0,30,13.5,0,0,0,0,0,0,65.58
2008,10,30,1,30,12.100000000000001,0,0,0,0,0,0,66.59
2008,10,30,2,30,10.9,0,0,0,0,0,0,68.77
2008,10,30,3,30,9.700000000000001,0,0,0,0,0,0,71.32000000000001
2008,10,30,4,30,8.700000000000001,0,0,0,0,0,0,74.15
2008,10,30,5,30,7.800000000000001,0,0,0,0,0,0,78.04
2008,10,30,6,30,7.2,0,0,0,0,0,0,81.47
2008,10,30,7,30,6.6000000000000005,0,0,0,0,0,0,85.79
2008,10,30,8,30,6.1000000000000005,0,0,0,0,0,0,89.74
2008,10,30,9,30,5.6000000000000005,0,0,0,0,0,0,93.46000000000001
2008,10,30,10,30,5.2,0,0,0,0,0,0,95.99000000000001
2008,10,30,11,30,5,0,0,0,0,0,0,96.44
2008,10,30,12,30,5.2,0,0,0,0,0,0,93.24
2008,10,30,13,30,7,29,84,501,16,52,53,80.67
2008,10,30,14,30,10.100000000000001,53,316,815,395,134,262,63.39
2008,10,30,15,30,14,64,540,932,630,144,465,45.5
2008,10,30,16,30,17.400000000000002,71,719,989,989,71,719,30.3
2008,10,30,17,30,19.3,75,834,1013,1013,75,834,28.01
2008,10,30,18,30,20.400000000000002,79,878,1017,1017,79,878,26.82
2008,10,30,19,30,20.900000000000002,78,848,1012,1012,78,848,25.75
2008,10,30,20,30,20.8,75,745,986,768,177,699,25.37
2008,10,30,21,30,20.1,77,573,914,617,179,514,26.330000000000002
2008,10,30,22,30,18.400000000000002,64,355,800,390,157,299,29.990000000000002
2008,10,30,23,30,15.700000000000001,40,123,538,173,78,105,50.18
2008,10,31,0,30,13.5,0,0,0,0,0,0,59.61
2008,10,31,1,30,12.4,0,0,0,0,0,0,60.93
2008,10,31,2,30,11.4,0,0,0,0,0,0,63.36
2008,10,31,3,30,10.3,0,0,0,0,0,0,66.93
2008,10,31,4,30,9.200000000000001,0,0,0,0,0,0,72.88
2008,10,31,5,30,8.5,0,0,0,0,0,0,79.71000000000001
2008,10,31,6,30,8,0,0,0,0,0,0,86.06
2008,10,31,7,30,7.6000000000000005,0,0,0,0,0,0,91.15
2008,10,31,8,30,7.2,0,0,0,0,0,0,96.31
2008,10,31,9,30,6.9,0,0,0,0,0,0,100
2008,10,31,10,30,6.5,0,0,0,0,0,0,100
2008,10,31,11,30,5.9,0,0,0,0,0,0,100
2008,10,31,12,30,5.7,0,0,0,0,0,0,100
2008,10,31,13,30,7,32,79,435,435,32,79,97.08
2008,10,31,14,30,9.9,57,310,788,788,57,310,78.16
2008,10,31,15,30,13.700000000000001,67,535,922,922,67,535,58.550000000000004
2008,10,31,16,30,17.5,73,718,990,990,73,718,37.45
2008,10,31,17,30,19.900000000000002,75,837,1021,1021,75,837,25.19
2008,10,31,18,30,21,77,882,1029,1029,77,882,22.53
2008,10,31,19,30,21.5,76,851,1023,1023,76,851,21.54
2008,10,31,20,30,21.6,72,748,1000,1000,72,748,21.17
2008,10,31,21,30,21.200000000000003,65,579,952,952,65,579,21.53
2008,10,31,22,30,19.8,55,362,853,853,55,362,23.72
2008,10,31,23,30,16.2,35,126,604,604,35,126,33.81
2008,11,1,0,30,12.600000000000001,0,0,0,0,0,0,54.03
2008,11,1,1,30,11.100000000000001,0,0,0,0,0,0,57.63
2008,11,1,2,30,10,0,0,0,0,0,0,63.47
2008,11,1,3,30,8.9,0,0,0,0,0,0,71.91
2008,11,1,4,30,7.800000000000001,0,0,0,0,0,0,81.42
2008,11,1,5,30,6.800000000000001,0,0,0,0,0,0,90.62
2008,11,1,6,30,5.9,0,0,0,0,0,0,99.85000000000001
2008,11,1,7,30,5.4,0,0,0,0,0,0,100
2008,11,1,8,30,5.300000000000001,0,0,0,0,0,0,100
2008,11,1,9,30,5.300000000000001,0,0,0,0,0,0,100
2008,11,1,10,30,5,0,0,0,0,0,0,100
2008,11,1,11,30,4.6000000000000005,0,0,0,0,0,0,100
2008,11,1,12,30,4.5,0,0,0,0,0,0,100
2008,11,1,13,30,5.5,30,80,479,479,30,80,95.41
2008,11,1,14,30,8.3,54,313,815,815,54,313,79.16
2008,11,1,15,30,11.8,63,539,944,944,63,539,62.84
2008,11,1,16,30,15.200000000000001,68,716,999,48,350,381,49.050000000000004
2008,11,1,17,30,17.8,70,834,1029,1029,70,834,37.69
2008,11,1,18,30,19.3,70,880,1040,1040,70,880,31.98
2008,11,1,19,30,20.200000000000003,68,849,1035,1035,68,849,29.16
2008,11,1,20,30,20.5,65,746,1014,1014,65,746,28.01
2008,11,1,21,30,20.200000000000003,61,578,963,963,61,578,28.02
2008,11,1,22,30,19,51,361,867,867,51,361,29.89
2008,11,1,23,30,15.8,33,125,620,620,33,125,41.6
2008,11,2,0,30,12.5,0,0,0,0,0,0,62.370000000000005
2008,11,2,1,30,11.100000000000001,0,0,0,0,0,0,63.85
2008,11,2,2,30,10,0,0,0,0,0,0,67.25
2008,11,2,3,30,9,0,0,0,0,0,0,71.85000000000001
2008,11,2,4,30,7.9,0,0,0,0,0,0,79.33
2008,11,2,5,30,7,0,0,0,0,0,0,87.31
2008,11,2,6,30,6.2,0,0,0,0,0,0,96.06
2008,11,2,7,30,5.6000000000000005,0,0,0,0,0,0,100
2008,11,2,8,30,5.2,0,0,0,0,0,0,100
2008,11,2,9,30,5.300000000000001,0,0,0,0,0,0,100
2008,11,2,10,30,5.4,0,0,0,0,0,0,100
2008,11,2,11,30,5.300000000000001,0,0,0,0,0,0,100
2008,11,2,12,30,4.9,0,0,0,0,0,0,100
2008,11,2,13,30,5.9,27,79,509,509,27,79,96.43
2008,11,2,14,30,9.1,49,312,837,7,142,144,75.3
2008,11,2,15,30,13.600000000000001,58,540,961,37,267,285,54.19
2008,11,2,16,30,17.400000000000002,64,720,1016,1016,64,720,37.19
2008,11,2,17,30,19.3,68,838,1043,1043,68,838,30.63
2008,11,2,18,30,20.5,71,884,1048,1048,71,884,26.88
2008,11,2,19,30,21.200000000000003,69,849,1038,1038,69,849,24.41
2008,11,2,20,30,21.3,66,745,1016,1016,66,745,23.2
2008,11,2,21,30,20.900000000000002,59,577,970,970,59,577,22.830000000000002
2008,11,2,22,30,19.6,50,359,872,872,50,359,24.1
2008,11,2,23,30,16.400000000000002,32,123,627,627,32,123,36.47
2008,11,3,0,30,13.200000000000001,0,0,0,0,0,0,55.68
2008,11,3,1,30,11.600000000000001,0,0,0,0,0,0,56.24
2008,11,3,2,30,10.4,0,0,0,0,0,0,58.33
2008,11,3,3,30,9.3,0,0,0,0,0,0,60.7
2008,11,3,4,30,8.200000000000001,0,0,0,0,0,0,63.910000000000004
2008,11,3,5,30,7.1000000000000005,0,0,0,0,0,0,68.49
2008,11,3,6,30,6.300000000000001,0,0,0,0,0,0,73.63
2008,11,3,7,30,5.7,0,0,0,0,0,0,80
2008,11,3,8,30,5.2,0,0,0,0,0,0,87.52
2008,11,3,9,30,4.7,0,0,0,0,0,0,95.97
2008,11,3,10,30,4.4,0,0,0,0,0,0,100
2008,11,3,11,30,4.1000000000000005,0,0,0,0,0,0,100
2008,11,3,12,30,4.3,0,0,0,0,0,0,100
2008,11,3,13,30,6.1000000000000005,27,76,501,501,27,76,91.99
2008,11,3,14,30,9.600000000000001,48,307,829,829,48,307,72.35000000000001
2008,11,3,15,30,14.5,58,528,943,943,58,528,53.08
2008,11,3,16,30,18.7,64,706,999,999,64,706,35.84
2008,11,3,17,30,21,68,823,1026,1026,68,823,26.810000000000002
2008,11,3,18,30,22.1,70,868,1034,1034,70,868,23.97
2008,11,3,19,30,22.700000000000003,70,838,1027,1027,70,838,22.8
2008,11,3,20,30,22.700000000000003,67,732,1000,1000,67,732,22.63
2008,11,3,21,30,22.200000000000003,63,565,946,946,63,565,23.22
2008,11,3,22,30,20.900000000000002,53,350,843,843,53,350,25.21
2008,11,3,23,30,17.7,34,117,582,582,34,117,37.69
2008,11,4,0,30,14.5,0,0,0,0,0,0,57.68
2008,11,4,1,30,12.8,0,0,0,0,0,0,59.53
2008,11,4,2,30,11.5,0,0,0,0,0,0,61.980000000000004
2008,11,4,3,30,10.4,0,0,0,0,0,0,64.38
2008,11,4,4,30,9.4,0,0,0,0,0,0,66.97
2008,11,4,5,30,8.5,0,0,0,0,0,0,69.21000000000001
2008,11,4,6,30,7.6000000000000005,0,0,0,0,0,0,72.2
2008,11,4,7,30,7,0,0,0,0,0,0,74.9
2008,11,4,8,30,6.5,0,0,0,0,0,0,78.14
2008,11,4,9,30,6.1000000000000005,0,0,0,0,0,0,81.15
2008,11,4,10,30,5.9,0,0,0,0,0,0,84.34
2008,11,4,11,30,5.6000000000000005,0,0,0,0,0,0,89.7
2008,11,4,12,30,5.9,0,0,0,0,0,0,93.5
2008,11,4,13,30,8.4,25,73,496,496,25,73,84.38
2008,11,4,14,30,12.8,47,300,815,815,47,300,68.11
2008,11,4,15,30,17.1,58,520,933,933,58,520,53.730000000000004
2008,11,4,16,30,20.200000000000003,64,697,990,990,64,697,41.18
2008,11,4,17,30,21.900000000000002,68,813,1017,1017,68,813,34.85
2008,11,4,18,30,23,73,857,1021,1021,73,857,31.29
2008,11,4,19,30,23.6,73,827,1014,1014,73,827,29.12
2008,11,4,20,30,23.700000000000003,69,722,986,986,69,722,28
2008,11,4,21,30,23.200000000000003,63,557,936,936,63,557,27.96
2008,11,4,22,30,22.1,53,342,828,828,53,342,29.39
2008,11,4,23,30,19.700000000000003,34,113,562,28,76,80,39.45
2008,11,5,0,30,17.6,0,0,0,0,0,0,53.54
2008,11,5,1,30,16.3,0,0,0,0,0,0,54.74
2008,11,5,2,30,14.9,0,0,0,0,0,0,60.42
2008,11,5,3,30,13.4,0,0,0,0,0,0,66.1
2008,11,5,4,30,12,0,0,0,0,0,0,74.39
2008,11,5,5,30,10.9,0,0,0,0,0,0,84.13
2008,11,5,6,30,10.200000000000001,0,0,0,0,0,0,93.96000000000001
2008,11,5,7,30,9.600000000000001,0,0,0,0,0,0,100
2008,11,5,8,30,9,0,0,0,0,0,0,100
2008,11,5,9,30,8.4,0,0,0,0,0,0,100
2008,11,5,10,30,7.9,0,0,0,0,0,0,100
2008,11,5,11,30,7.300000000000001,0,0,0,0,0,0,100
2008,11,5,12,30,7,0,0,0,0,0,0,100
2008,11,5,13,30,8.200000000000001,25,73,503,503,25,73,93.76
2008,11,5,14,30,11.700000000000001,45,304,843,843,45,304,70.66
2008,11,5,15,30,16.1,53,527,963,963,53,527,46.85
2008,11,5,16,30,19.400000000000002,56,708,1025,1025,56,708,29.900000000000002
2008,11,5,17,30,21.3,57,830,1060,1060,57,830,24.04
2008,11,5,18,30,22.6,62,876,1065,1065,62,876,20.7
2008,11,5,19,30,23.3,59,845,1062,1062,59,845,18.8
2008,11,5,20,30,23.5,55,741,1041,1041,55,741,17.96
2008,11,5,21,30,23,51,573,995,995,51,573,18.18
2008,11,5,22,30,21.400000000000002,43,353,895,895,43,353,20.25
2008,11,5,23,30,17.7,28,118,654,654,28,118,35.53
2008,11,6,0,30,14.200000000000001,0,0,0,0,0,0,52.03
2008,11,6,1,30,12.700000000000001,0,0,0,0,0,0,53.99
2008,11,6,2,30,11.4,0,0,0,0,0,0,59.04
2008,11,6,3,30,10.4,0,0,0,0,0,0,65.66
2008,11,6,4,30,9.600000000000001,0,0,0,0,0,0,74.04
2008,11,6,5,30,8.9,0,0,0,0,0,0,82.69
2008,11,6,6,30,8.1,0,0,0,0,0,0,90.57000000000001
2008,11,6,7,30,7.4,0,0,0,0,0,0,96.35000000000001
2008,11,6,8,30,6.7,0,0,0,0,0,0,100
2008,11,6,9,30,6.1000000000000005,0,0,0,0,0,0,100
2008,11,6,10,30,5.5,0,0,0,0,0,0,100
2008,11,6,11,30,5,0,0,0,0,0,0,100
2008,11,6,12,30,4.800000000000001,0,0,0,0,0,0,100
2008,11,6,13,30,6.800000000000001,24,72,523,523,24,72,90.43
2008,11,6,14,30,10.8,44,301,846,846,44,301,68.7
2008,11,6,15,30,15.4,53,523,961,961,53,523,49.800000000000004
2008,11,6,16,30,19,60,698,1009,1009,60,698,34.43
2008,11,6,17,30,20.8,63,815,1036,1036,63,815,29.61
2008,11,6,18,30,21.900000000000002,71,860,1037,1037,71,860,26.87
2008,11,6,19,30,22.6,70,830,1031,1031,70,830,25.060000000000002
2008,11,6,20,30,22.8,66,724,1003,1003,66,724,24.2
2008,11,6,21,30,22.5,62,557,950,950,62,557,24.13
2008,11,6,22,30,21.200000000000003,51,343,848,848,51,343,25.89
2008,11,6,23,30,17.900000000000002,32,112,587,587,32,112,40.160000000000004
2008,11,7,0,30,14.700000000000001,0,0,0,0,0,0,56.46
2008,11,7,1,30,13,0,0,0,0,0,0,59.06
2008,11,7,2,30,11.700000000000001,0,0,0,0,0,0,63.25
2008,11,7,3,30,10.600000000000001,0,0,0,0,0,0,67.55
2008,11,7,4,30,9.5,0,0,0,0,0,0,72.47
2008,11,7,5,30,8.700000000000001,0,0,0,0,0,0,76.16
2008,11,7,6,30,8.1,0,0,0,0,0,0,78.77
2008,11,7,7,30,7.7,0,0,0,0,0,0,80.7
2008,11,7,8,30,7.6000000000000005,0,0,0,0,0,0,81.96000000000001
2008,11,7,9,30,7.6000000000000005,0,0,0,0,0,0,83.46000000000001
2008,11,7,10,30,7.7,0,0,0,0,0,0,84.78
2008,11,7,11,30,7.800000000000001,0,0,0,0,0,0,85.78
2008,11,7,12,30,7.9,0,0,0,0,0,0,85.98
2008,11,7,13,30,9.1,27,65,420,420,27,65,79.47
2008,11,7,14,30,12.200000000000001,55,288,773,773,55,288,66.09
2008,11,7,15,30,15.9,68,508,905,905,68,508,53.6
2008,11,7,16,30,18.6,76,683,965,965,76,683,44.59
2008,11,7,17,30,20.200000000000003,81,799,994,994,81,799,39.07
2008,11,7,18,30,21.1,82,844,1006,1006,82,844,35.980000000000004
2008,11,7,19,30,21.700000000000003,81,814,998,998,81,814,33.93
2008,11,7,20,30,21.8,78,712,971,971,78,712,33.1
2008,11,7,21,30,21.3,72,544,908,908,72,544,33.57
2008,11,7,22,30,19.8,61,331,792,792,61,331,36.68
2008,11,7,23,30,16.8,36,105,510,510,36,105,46.02
2008,11,8,0,30,13.9,0,0,0,0,0,0,58.58
2008,11,8,1,30,12.3,0,0,0,0,0,0,61.26
2008,11,8,2,30,11,0,0,0,0,0,0,63.86
2008,11,8,3,30,9.700000000000001,0,0,0,0,0,0,68.08
2008,11,8,4,30,8.6,0,0,0,0,0,0,73.04
2008,11,8,5,30,8,0,0,0,0,0,0,76.25
2008,11,8,6,30,7.7,0,0,0,0,0,0,78.2
2008,11,8,7,30,7.6000000000000005,0,0,0,0,0,0,78.81
2008,11,8,8,30,7.5,0,0,0,0,0,0,81.21000000000001
2008,11,8,9,30,7.4,0,0,0,0,0,0,85.32000000000001
2008,11,8,10,30,7.300000000000001,0,0,0,0,0,0,89.93
2008,11,8,11,30,7.2,0,0,0,0,0,0,95.11
2008,11,8,12,30,7.2,0,0,0,0,0,0,99.51
2008,11,8,13,30,8.700000000000001,34,56,258,258,34,56,93.55
2008,11,8,14,30,11.8,78,268,639,639,78,268,79.82000000000001
2008,11,8,15,30,14.9,95,486,809,809,95,486,70.29
2008,11,8,16,30,17.6,98,665,905,905,98,665,58.07
2008,11,8,17,30,19.6,98,783,952,952,98,783,46.97
2008,11,8,18,30,21,92,834,982,982,92,834,39.4
2008,11,8,19,30,21.8,91,804,975,975,91,804,34.980000000000004
2008,11,8,20,30,22.1,85,703,950,950,85,703,32.31
2008,11,8,21,30,22,76,539,898,898,76,539,30.71
2008,11,8,22,30,21.1,60,329,791,791,60,329,31.2
2008,11,8,23,30,18.8,36,103,505,505,36,103,39.550000000000004
2008,11,9,0,30,16.400000000000002,0,0,0,0,0,0,54.96
2008,11,9,1,30,15.100000000000001,0,0,0,0,0,0,59.95
2008,11,9,2,30,14.3,0,0,0,0,0,0,63.800000000000004
2008,11,9,3,30,13.700000000000001,0,0,0,0,0,0,64.55
2008,11,9,4,30,12.4,0,0,0,0,0,0,69.11
2008,11,9,5,30,10.5,0,0,0,0,0,0,78.83
2008,11,9,6,30,9.3,0,0,0,0,0,0,86.64
2008,11,9,7,30,8.6,0,0,0,0,0,0,92.35000000000001
2008,11,9,8,30,8.1,0,0,0,0,0,0,97.63
2008,11,9,9,30,7.5,0,0,0,0,0,0,100
2008,11,9,10,30,7.300000000000001,0,0,0,0,0,0,100
2008,11,9,11,30,7,0,0,0,0,0,0,100
2008,11,9,12,30,6.6000000000000005,0,0,0,0,0,0,100
2008,11,9,13,30,8.200000000000001,26,62,425,7,38,39,96.71000000000001
2008,11,9,14,30,12,52,285,787,286,149,234,75
2008,11,9,15,30,16,65,505,917,917,65,505,56.6
2008,11,9,16,30,18.7,74,679,971,665,252,666,43.32
2008,11,9,17,30,20.200000000000003,79,792,997,595,245,671,37.04
2008,11,9,18,30,21.200000000000003,88,835,994,994,88,835,33.64
2008,11,9,19,30,21.700000000000003,83,803,990,666,221,706,32.15
2008,11,9,20,30,21.8,76,703,970,388,335,586,31.84
2008,11,9,21,30,21.3,65,541,927,927,65,541,32.84
2008,11,9,22,30,19.900000000000002,53,330,824,238,156,236,35.95
2008,11,9,23,30,16.900000000000002,32,104,557,557,32,104,45.51
2008,11,10,0,30,14.100000000000001,0,0,0,0,0,0,60.49
2008,11,10,1,30,13.200000000000001,0,0,0,0,0,0,66.22
2008,11,10,2,30,12.700000000000001,0,0,0,0,0,0,71.43
2008,11,10,3,30,11.8,0,0,0,0,0,0,79.13
2008,11,10,4,30,10.700000000000001,0,0,0,0,0,0,88.16
2008,11,10,5,30,9.700000000000001,0,0,0,0,0,0,97.11
2008,11,10,6,30,8.9,0,0,0,0,0,0,100
2008,11,10,7,30,8.200000000000001,0,0,0,0,0,0,100
2008,11,10,8,30,7.6000000000000005,0,0,0,0,0,0,100
2008,11,10,9,30,7.300000000000001,0,0,0,0,0,0,100
2008,11,10,10,30,6.9,0,0,0,0,0,0,100
2008,11,10,11,30,6.5,0,0,0,0,0,0,100
2008,11,10,12,30,6.300000000000001,0,0,0,0,0,0,100
2008,11,10,13,30,7.300000000000001,23,62,480,14,42,43,95.68
2008,11,10,14,30,10.3,45,287,827,26,164,171,78.51
2008,11,10,15,30,13.9,54,505,946,246,266,384,60.49
2008,11,10,16,30,16.8,60,681,1002,1002,60,681,47.22
2008,11,10,17,30,19.1,64,795,1026,1026,64,795,38.6
2008,11,10,18,30,20.6,64,837,1032,1032,64,837,33.62
2008,11,10,19,30,21.5,61,807,1029,1029,61,807,30.830000000000002
2008,11,10,20,30,21.8,58,706,1007,1007,58,706,29.740000000000002
2008,11,10,21,30,21.3,55,543,955,450,205,435,30.650000000000002
2008,11,10,22,30,19.900000000000002,46,333,859,859,46,333,33.7
2008,11,10,23,30,16.5,28,105,600,600,28,105,44.77
2008,11,11,0,30,13.4,0,0,0,0,0,0,61.32
2008,11,11,1,30,12,0,0,0,0,0,0,68.54
2008,11,11,2,30,10.9,0,0,0,0,0,0,76.61
2008,11,11,3,30,9.9,0,0,0,0,0,0,86.67
2008,11,11,4,30,9,0,0,0,0,0,0,97.75
2008,11,11,5,30,8.200000000000001,0,0,0,0,0,0,100
2008,11,11,6,30,7.5,0,0,0,0,0,0,100
2008,11,11,7,30,6.9,0,0,0,0,0,0,100
2008,11,11,8,30,6.6000000000000005,0,0,0,0,0,0,100
2008,11,11,9,30,6.4,0,0,0,0,0,0,100
2008,11,11,10,30,6.2,0,0,0,0,0,0,100
2008,11,11,11,30,6.300000000000001,0,0,0,0,0,0,100
2008,11,11,12,30,6.5,0,0,0,0,0,0,100
2008,11,11,13,30,7.2,23,60,465,465,23,60,100
2008,11,11,14,30,9.600000000000001,45,285,827,827,45,285,84.74
2008,11,11,15,30,13.3,53,506,956,956,53,506,63.82
2008,11,11,16,30,17.1,57,683,1016,1016,57,683,41.6
2008,11,11,17,30,19.900000000000002,58,799,1045,1045,58,799,26.740000000000002
2008,11,11,18,30,21.6,64,846,1049,1049,64,846,21.42
2008,11,11,19,30,22.6,62,816,1045,1045,62,816,18.88
2008,11,11,20,30,22.900000000000002,59,711,1018,1018,59,711,17.98
2008,11,11,21,30,22.5,52,546,973,973,52,546,18.52
2008,11,11,22,30,20.900000000000002,43,334,875,875,43,334,20.67
2008,11,11,23,30,16.900000000000002,27,105,620,620,27,105,33.75
2008,11,12,0,30,13.4,0,0,0,0,0,0,49.92
2008,11,12,1,30,12,0,0,0,0,0,0,55.15
2008,11,12,2,30,10.9,0,0,0,0,0,0,61.83
2008,11,12,3,30,10,0,0,0,0,0,0,69.74
2008,11,12,4,30,9.200000000000001,0,0,0,0,0,0,79.01
2008,11,12,5,30,8.3,0,0,0,0,0,0,89.64
2008,11,12,6,30,7.5,0,0,0,0,0,0,98.46000000000001
2008,11,12,7,30,7,0,0,0,0,0,0,100
2008,11,12,8,30,6.6000000000000005,0,0,0,0,0,0,100
2008,11,12,9,30,6,0,0,0,0,0,0,100
2008,11,12,10,30,5.4,0,0,0,0,0,0,100
2008,11,12,11,30,4.5,0,0,0,0,0,0,100
2008,11,12,12,30,4,0,0,0,0,0,0,100
2008,11,12,13,30,5.800000000000001,21,61,516,516,21,61,91.7
2008,11,12,14,30,9.600000000000001,42,289,862,862,42,289,68.44
2008,11,12,15,30,13.100000000000001,51,512,979,979,51,512,50.14
2008,11,12,16,30,16.1,56,691,1036,1036,56,691,36.6
2008,11,12,17,30,18.400000000000002,58,809,1063,1063,58,809,26.7
2008,11,12,18,30,20.1,58,855,1074,1074,58,855,20.87
2008,11,12,19,30,21.1,57,825,1068,1068,57,825,17.59
2008,11,12,20,30,21.400000000000002,54,718,1039,1039,54,718,16.06
2008,11,12,21,30,21.1,51,552,991,991,51,552,15.94
2008,11,12,22,30,19.400000000000002,43,336,885,885,43,336,18.28
2008,11,12,23,30,15.700000000000001,27,105,625,625,27,105,33.58
2008,11,13,0,30,12.600000000000001,0,0,0,0,0,0,48.81
2008,11,13,1,30,11.200000000000001,0,0,0,0,0,0,55.38
2008,11,13,2,30,10,0,0,0,0,0,0,63.800000000000004
2008,11,13,3,30,8.6,0,0,0,0,0,0,69.79
2008,11,13,4,30,7.300000000000001,0,0,0,0,0,0,73.72
2008,11,13,5,30,6.4,0,0,0,0,0,0,77.4
2008,11,13,6,30,5.5,0,0,0,0,0,0,81.19
2008,11,13,7,30,4.7,0,0,0,0,0,0,83.86
2008,11,13,8,30,4,0,0,0,0,0,0,85.11
2008,11,13,9,30,3.5,0,0,0,0,0,0,84.3
2008,11,13,10,30,3.1,0,0,0,0,0,0,82.42
2008,11,13,11,30,2.8000000000000003,0,0,0,0,0,0,79.7
2008,11,13,12,30,2.8000000000000003,0,0,0,0,0,0,75.95
2008,11,13,13,30,4.9,22,56,452,452,22,56,64.25
2008,11,13,14,30,8.8,46,279,820,820,46,279,48.7
2008,11,13,15,30,12.100000000000001,58,500,948,948,58,500,38.77
2008,11,13,16,30,14.3,63,679,1009,1009,63,679,35.67
2008,11,13,17,30,16,66,796,1040,1040,66,796,31.28
2008,11,13,18,30,17.3,70,842,1046,1046,70,842,27.42
2008,11,13,19,30,18.2,67,813,1042,1042,67,813,24.76
2008,11,13,20,30,18.400000000000002,63,708,1015,1015,63,708,23.52
2008,11,13,21,30,18,57,543,965,965,57,543,23.580000000000002
2008,11,13,22,30,16.7,47,331,864,864,47,331,25.62
2008,11,13,23,30,13.3,28,102,600,600,28,102,35.36
2008,11,14,0,30,10.100000000000001,0,0,0,0,0,0,53.51
2008,11,14,1,30,9,0,0,0,0,0,0,55.9
2008,11,14,2,30,8.5,0,0,0,0,0,0,56.1
2008,11,14,3,30,8.200000000000001,0,0,0,0,0,0,54.9
2008,11,14,4,30,8.200000000000001,0,0,0,0,0,0,52.480000000000004
2008,11,14,5,30,7.5,0,0,0,0,0,0,52.660000000000004
2008,11,14,6,30,5.800000000000001,0,0,0,0,0,0,60.08
2008,11,14,7,30,4.800000000000001,0,0,0,0,0,0,65.58
2008,11,14,8,30,4.5,0,0,0,0,0,0,67.61
2008,11,14,9,30,4.3,0,0,0,0,0,0,70.18
2008,11,14,10,30,4.2,0,0,0,0,0,0,73.94
2008,11,14,11,30,4.1000000000000005,0,0,0,0,0,0,79
2008,11,14,12,30,4.3,0,0,0,0,0,0,82.79
2008,11,14,13,30,6.800000000000001,19,56,511,511,19,56,72.89
2008,11,14,14,30,11.200000000000001,38,279,860,860,38,279,57.32
2008,11,14,15,30,15.8,47,501,976,976,47,501,44.35
2008,11,14,16,30,19.5,53,679,1031,1031,53,679,27.82
2008,11,14,17,30,21.400000000000002,57,797,1057,1057,57,797,22.41
2008,11,14,18,30,22.5,60,843,1064,1064,60,843,19.89
2008,11,14,19,30,23.1,61,815,1057,1057,61,815,18.490000000000002
2008,11,14,20,30,23.1,58,713,1035,1035,58,713,18.07
2008,11,14,21,30,22.400000000000002,53,548,987,987,53,548,18.85
2008,11,14,22,30,20.400000000000002,45,334,886,886,45,334,21.240000000000002
2008,11,14,23,30,16.1,28,103,618,618,28,103,34.46
2008,11,15,0,30,12.4,0,0,0,0,0,0,47.19
2008,11,15,1,30,10.700000000000001,0,0,0,0,0,0,49.06
2008,11,15,2,30,9.3,0,0,0,0,0,0,52.6
2008,11,15,3,30,8.1,0,0,0,0,0,0,57.09
2008,11,15,4,30,7.300000000000001,0,0,0,0,0,0,59.85
2008,11,15,5,30,6.6000000000000005,0,0,0,0,0,0,62.03
2008,11,15,6,30,5.9,0,0,0,0,0,0,64.12
2008,11,15,7,30,5.2,0,0,0,0,0,0,66.48
2008,11,15,8,30,4.6000000000000005,0,0,0,0,0,0,68.99
2008,11,15,9,30,3.9000000000000004,0,0,0,0,0,0,74.29
2008,11,15,10,30,3,0,0,0,0,0,0,82.69
2008,11,15,11,30,2.2,0,0,0,0,0,0,91.16
2008,11,15,12,30,1.6,0,0,0,0,0,0,98.46000000000001
2008,11,15,13,30,2.7,24,49,371,371,24,49,92.57000000000001
2008,11,15,14,30,5.2,53,267,770,770,53,267,78.27
2008,11,15,15,30,7.9,66,487,912,912,66,487,64.67
2008,11,15,16,30,10.5,74,665,980,980,74,665,54.38
2008,11,15,17,30,12.9,78,783,1012,1012,78,783,46.57
2008,11,15,18,30,14.9,79,829,1023,1023,79,829,40.51
2008,11,15,19,30,16.1,78,800,1017,1017,78,800,36.550000000000004
2008,11,15,20,30,16.5,74,700,992,992,74,700,34.660000000000004
2008,11,15,21,30,16.2,66,535,940,940,66,535,34.58
2008,11,15,22,30,15,54,323,828,828,54,323,37.01
2008,11,15,23,30,12,32,96,535,535,32,96,46.15
2008,11,16,0,30,9.1,0,0,0,0,0,0,58.39
2008,11,16,1,30,7.4,0,0,0,0,0,0,62.01
2008,11,16,2,30,5.7,0,0,0,0,0,0,67.08
2008,11,16,3,30,4.4,0,0,0,0,0,0,71.98
2008,11,16,4,30,3.6,0,0,0,0,0,0,76.78
2008,11,16,5,30,3.1,0,0,0,0,0,0,81.77
2008,11,16,6,30,2.7,0,0,0,0,0,0,89.08
2008,11,16,7,30,2.2,0,0,0,0,0,0,97.96000000000001
2008,11,16,8,30,1.6,0,0,0,0,0,0,100
2008,11,16,9,30,1.5,0,0,0,0,0,0,100
2008,11,16,10,30,1.6,0,0,0,0,0,0,100
2008,11,16,11,30,1.7000000000000002,0,0,0,0,0,0,100
2008,11,16,12,30,1.6,0,0,0,0,0,0,100
2008,11,16,13,30,2.5,23,47,364,364,23,47,97.19
2008,11,16,14,30,5.2,51,266,778,65,163,181,80.32000000000001
2008,11,16,15,30,8.9,63,485,923,923,63,485,63.25
2008,11,16,16,30,13.100000000000001,69,664,990,990,69,664,48.59
2008,11,16,17,30,16.2,72,781,1023,1023,72,781,39.77
2008,11,16,18,30,17.900000000000002,73,828,1034,1034,73,828,35.37
2008,11,16,19,30,19,71,800,1029,1029,71,800,32.26
2008,11,16,20,30,19.400000000000002,67,699,1006,1006,67,699,30.51
2008,11,16,21,30,19,61,535,954,954,61,535,30.55
2008,11,16,22,30,17.5,51,324,844,844,51,324,33.25
2008,11,16,23,30,14,31,96,554,554,31,96,45.56
2008,11,17,0,30,10.700000000000001,0,0,0,0,0,0,61.56
2008,11,17,1,30,9.4,0,0,0,0,0,0,64.46000000000001
2008,11,17,2,30,8.200000000000001,0,0,0,0,0,0,68.84
2008,11,17,3,30,7.1000000000000005,0,0,0,0,0,0,73.53
2008,11,17,4,30,6.4,0,0,0,0,0,0,76.33
2008,11,17,5,30,6.1000000000000005,0,0,0,0,0,0,76.44
2008,11,17,6,30,5.9,0,0,0,0,0,0,75.86
2008,11,17,7,30,5.5,0,0,0,0,0,0,76.81
2008,11,17,8,30,5.2,0,0,0,0,0,0,77.39
2008,11,17,9,30,5,0,0,0,0,0,0,77.45
2008,11,17,10,30,5,0,0,0,0,0,0,76.49
2008,11,17,11,30,5.1000000000000005,0,0,0,0,0,0,75.05
2008,11,17,12,30,5.2,0,0,0,0,0,0,74
2008,11,17,13,30,6.5,21,47,419,419,21,47,67.51
2008,11,17,14,30,9.600000000000001,46,267,810,810,46,267,58.45
2008,11,17,15,30,12.9,58,487,942,942,58,487,47.24
2008,11,17,16,30,15.3,65,664,1003,1003,65,664,40.39
2008,11,17,17,30,17.1,68,782,1034,1034,68,782,34.69
2008,11,17,18,30,18.3,70,829,1043,1043,70,829,30.970000000000002
2008,11,17,19,30,18.900000000000002,70,801,1036,1036,70,801,28.88
2008,11,17,20,30,18.900000000000002,67,700,1011,1011,67,700,28.09
2008,11,17,21,30,18.3,62,536,957,957,62,536,28.57
2008,11,17,22,30,16.7,52,323,844,844,52,323,31.61
2008,11,17,23,30,13.3,31,96,550,550,31,96,41.800000000000004
2008,11,18,0,30,10.200000000000001,0,0,0,0,0,0,56.04
2008,11,18,1,30,8.700000000000001,0,0,0,0,0,0,60.68
2008,11,18,2,30,7.5,0,0,0,0,0,0,65.05
2008,11,18,3,30,6.4,0,0,0,0,0,0,69.18
2008,11,18,4,30,5.6000000000000005,0,0,0,0,0,0,71.91
2008,11,18,5,30,5,0,0,0,0,0,0,74.09
2008,11,18,6,30,4.5,0,0,0,0,0,0,75.95
2008,11,18,7,30,4.3,0,0,0,0,0,0,76.3
2008,11,18,8,30,4.2,0,0,0,0,0,0,77.01
2008,11,18,9,30,4,0,0,0,0,0,0,78.41
2008,11,18,10,30,3.7,0,0,0,0,0,0,80.18
2008,11,18,11,30,3.2,0,0,0,0,0,0,83.08
2008,11,18,12,30,2.8000000000000003,0,0,0,0,0,0,85.33
2008,11,18,13,30,4.1000000000000005,21,45,396,396,21,45,77.89
2008,11,18,14,30,7.4,48,264,804,804,48,264,66.44
2008,11,18,15,30,11,60,485,941,941,60,485,52.800000000000004
2008,11,18,16,30,13.9,68,664,1003,1003,68,664,41.37
2008,11,18,17,30,15.8,73,778,1026,1026,73,778,36.410000000000004
2008,11,18,18,30,17.1,74,825,1037,1037,74,825,33.52
2008,11,18,19,30,17.900000000000002,73,797,1031,1031,73,797,31.38
2008,11,18,20,30,18.1,69,697,1008,1008,69,697,30.34
2008,11,18,21,30,17.8,61,534,960,960,61,534,30.29
2008,11,18,22,30,16.3,50,321,846,846,50,321,33.02
2008,11,18,23,30,13,30,95,558,558,30,95,44.72
2008,11,19,0,30,10,0,0,0,0,0,0,57.17
2008,11,19,1,30,8.4,0,0,0,0,0,0,58.9
2008,11,19,2,30,6.9,0,0,0,0,0,0,61.63
2008,11,19,3,30,5.6000000000000005,0,0,0,0,0,0,65.69
2008,11,19,4,30,4.9,0,0,0,0,0,0,68.43
2008,11,19,5,30,4,0,0,0,0,0,0,73.52
2008,11,19,6,30,3,0,0,0,0,0,0,80.61
2008,11,19,7,30,2.1,0,0,0,0,0,0,87.85000000000001
2008,11,19,8,30,1.3,0,0,0,0,0,0,95.29
2008,11,19,9,30,0.5,0,0,0,0,0,0,100
2008,11,19,10,30,-0.2,0,0,0,0,0,0,100
2008,11,19,11,30,-0.7000000000000001,0,0,0,0,0,0,100
2008,11,19,12,30,-1,0,0,0,0,0,0,100
2008,11,19,13,30,-0.1,20,46,446,446,20,46,94.97
2008,11,19,14,30,2.8000000000000003,43,273,864,864,43,273,71.75
2008,11,19,15,30,7,50,498,996,996,50,498,48.07
2008,11,19,16,30,11.200000000000001,55,679,1054,1054,55,679,32.22
2008,11,19,17,30,14.600000000000001,56,798,1084,1084,56,798,21.330000000000002
2008,11,19,18,30,17.1,56,845,1094,1094,56,845,16.6
2008,11,19,19,30,18.6,57,818,1088,1088,57,818,14.15
2008,11,19,20,30,19.200000000000003,54,717,1067,1067,54,717,13.3
2008,11,19,21,30,19,51,545,1006,1006,51,545,13.46
2008,11,19,22,30,17.2,43,332,907,907,43,332,15.71
2008,11,19,23,30,13.200000000000001,26,100,641,641,26,100,38.09
2008,11,20,0,30,9.600000000000001,0,0,0,0,0,0,44.800000000000004
2008,11,20,1,30,7.9,0,0,0,0,0,0,47.85
2008,11,20,2,30,6.7,0,0,0,0,0,0,51.24
2008,11,20,3,30,5.5,0,0,0,0,0,0,56.38
2008,11,20,4,30,4.6000000000000005,0,0,0,0,0,0,62.42
2008,11,20,5,30,3.9000000000000004,0,0,0,0,0,0,69.41
2008,11,20,6,30,3.3000000000000003,0,0,0,0,0,0,76.53
2008,11,20,7,30,2.7,0,0,0,0,0,0,83.08
2008,11,20,8,30,2.1,0,0,0,0,0,0,89.17
2008,11,20,9,30,1.7000000000000002,0,0,0,0,0,0,92.39
2008,11,20,10,30,1.3,0,0,0,0,0,0,93.2
2008,11,20,11,30,1,0,0,0,0,0,0,92.01
2008,11,20,12,30,1,0,0,0,0,0,0,88.19
2008,11,20,13,30,3.5,18,44,468,468,18,44,70.53
2008,11,20,14,30,7.9,40,266,858,858,40,266,53.49
2008,11,20,15,30,12.700000000000001,50,488,983,983,50,488,38.27
2008,11,20,16,30,17.1,56,668,1041,1041,56,668,24.75
2008,11,20,17,30,19.400000000000002,60,782,1059,1059,60,782,17.650000000000002
2008,11,20,18,30,20.400000000000002,68,830,1059,1059,68,830,16.67
2008,11,20,19,30,20.900000000000002,68,802,1053,1053,68,802,16.35
2008,11,20,20,30,20.8,65,702,1029,1029,65,702,16.65
2008,11,20,21,30,20.1,59,534,971,971,59,534,17.67
2008,11,20,22,30,18.1,48,323,865,865,48,323,20.67
2008,11,20,23,30,13.9,29,95,580,101,63,75,34.36
2008,11,21,0,30,10.5,0,0,0,0,0,0,46.97
2008,11,21,1,30,9.3,0,0,0,0,0,0,48.800000000000004
2008,11,21,2,30,8,0,0,0,0,0,0,52.76
2008,11,21,3,30,6.5,0,0,0,0,0,0,58.86
2008,11,21,4,30,5.2,0,0,0,0,0,0,65.91
2008,11,21,5,30,4.1000000000000005,0,0,0,0,0,0,72.71000000000001
2008,11,21,6,30,3.4000000000000004,0,0,0,0,0,0,78.28
2008,11,21,7,30,2.8000000000000003,0,0,0,0,0,0,84.66
2008,11,21,8,30,2.5,0,0,0,0,0,0,91.8
2008,11,21,9,30,2.7,0,0,0,0,0,0,97.37
2008,11,21,10,30,3.5,0,0,0,0,0,0,99.07000000000001
2008,11,21,11,30,4.2,0,0,0,0,0,0,100
2008,11,21,12,30,4.7,0,0,0,0,0,0,100
2008,11,21,13,30,5.4,20,37,312,312,20,37,100
2008,11,21,14,30,6.800000000000001,50,246,753,6,126,128,93.28
2008,11,21,15,30,9.3,62,463,905,24,229,240,79.2
2008,11,21,16,30,12.200000000000001,67,640,979,979,67,640,62.24
2008,11,21,17,30,14.600000000000001,69,761,1020,1020,69,761,49.47
2008,11,21,18,30,16.2,72,808,1027,1027,72,808,41.78
2008,11,21,19,30,16.7,72,778,1017,1017,72,778,38.24
2008,11,21,20,30,16.5,69,680,991,243,364,514,37.29
2008,11,21,21,30,15.9,61,520,941,941,61,520,38.54
2008,11,21,22,30,14.600000000000001,51,311,824,508,117,278,42.910000000000004
2008,11,21,23,30,12.3,30,90,526,190,58,80,58.9
2008,11,22,0,30,10.5,0,0,0,0,0,0,68.38
2008,11,22,1,30,9.9,0,0,0,0,0,0,72.39
2008,11,22,2,30,9.200000000000001,0,0,0,0,0,0,78.09
2008,11,22,3,30,8.1,0,0,0,0,0,0,85.32000000000001
2008,11,22,4,30,7.1000000000000005,0,0,0,0,0,0,91.64
2008,11,22,5,30,6.300000000000001,0,0,0,0,0,0,95.51
2008,11,22,6,30,5.7,0,0,0,0,0,0,97.48
2008,11,22,7,30,5.1000000000000005,0,0,0,0,0,0,99.29
2008,11,22,8,30,4.6000000000000005,0,0,0,0,0,0,100
2008,11,22,9,30,4.1000000000000005,0,0,0,0,0,0,100
2008,11,22,10,30,3.9000000000000004,0,0,0,0,0,0,100
2008,11,22,11,30,3.6,0,0,0,0,0,0,100
2008,11,22,12,30,3.4000000000000004,0,0,0,0,0,0,100
2008,11,22,13,30,4.1000000000000005,19,36,348,1,17,17,95.78
2008,11,22,14,30,6.5,45,247,782,57,129,144,80.42
2008,11,22,15,30,9.9,57,464,925,325,192,335,64.91
2008,11,22,16,30,13.600000000000001,64,641,990,576,182,518,51.35
2008,11,22,17,30,16.2,68,758,1021,626,212,634,42.550000000000004
2008,11,22,18,30,17.6,74,801,1020,1020,74,801,38.45
2008,11,22,19,30,18.400000000000002,71,775,1016,1016,71,775,35.76
2008,11,22,20,30,18.6,67,678,993,544,227,561,34.45
2008,11,22,21,30,18.2,65,514,923,501,190,433,34.480000000000004
2008,11,22,22,30,16.900000000000002,53,308,810,198,173,235,36.730000000000004
2008,11,22,23,30,13.600000000000001,31,88,508,211,57,80,50.74
2008,11,23,0,30,10.700000000000001,0,0,0,0,0,0,63.800000000000004
2008,11,23,1,30,9.5,0,0,0,0,0,0,65.59
2008,11,23,2,30,8.5,0,0,0,0,0,0,67.88
2008,11,23,3,30,7.4,0,0,0,0,0,0,71.32000000000001
2008,11,23,4,30,6.300000000000001,0,0,0,0,0,0,76.16
2008,11,23,5,30,5.4,0,0,0,0,0,0,81.68
2008,11,23,6,30,4.800000000000001,0,0,0,0,0,0,87.63
2008,11,23,7,30,4.6000000000000005,0,0,0,0,0,0,93.34
2008,11,23,8,30,4.800000000000001,0,0,0,0,0,0,96.91
2008,11,23,9,30,4.800000000000001,0,0,0,0,0,0,99.98
2008,11,23,10,30,4.5,0,0,0,0,0,0,100
2008,11,23,11,30,4.4,0,0,0,0,0,0,100
2008,11,23,12,30,4.4,0,0,0,0,0,0,100
2008,11,23,13,30,5.2,18,33,294,0,8,8,96.47
2008,11,23,14,30,7.6000000000000005,48,237,741,1,52,52,81.65
2008,11,23,15,30,11.4,60,450,892,225,216,315,63.620000000000005
2008,11,23,16,30,15.200000000000001,67,622,958,783,153,606,48.02
2008,11,23,17,30,17.8,71,738,991,705,253,728,37.08
2008,11,23,18,30,19.1,71,785,1005,732,256,776,31.73
2008,11,23,19,30,19.900000000000002,70,760,1000,1000,70,760,28.44
2008,11,23,20,30,20.200000000000003,68,662,969,969,68,662,27.18
2008,11,23,21,30,19.900000000000002,62,505,914,914,62,505,27.6
2008,11,23,22,30,18.5,51,302,802,277,147,233,30.41
2008,11,23,23,30,15.5,29,86,509,18,56,58,44.26
2008,11,24,0,30,12.9,0,0,0,0,0,0,54.53
2008,11,24,1,30,11.9,0,0,0,0,0,0,54.870000000000005
2008,11,24,2,30,11.100000000000001,0,0,0,0,0,0,56.910000000000004
2008,11,24,3,30,10.3,0,0,0,0,0,0,59.84
2008,11,24,4,30,9.600000000000001,0,0,0,0,0,0,64.08
2008,11,24,5,30,8.9,0,0,0,0,0,0,68.06
2008,11,24,6,30,8.200000000000001,0,0,0,0,0,0,71.4
2008,11,24,7,30,7.7,0,0,0,0,0,0,74.19
2008,11,24,8,30,7.1000000000000005,0,0,0,0,0,0,77.72
2008,11,24,9,30,6.6000000000000005,0,0,0,0,0,0,80.76
2008,11,24,10,30,6.4,0,0,0,0,0,0,82.32000000000001
2008,11,24,11,30,6.4,0,0,0,0,0,0,82.42
2008,11,24,12,30,6.7,0,0,0,0,0,0,80.36
2008,11,24,13,30,8.1,17,32,320,3,20,20,72.34
2008,11,24,14,30,11,46,238,758,284,125,196,61.870000000000005
2008,11,24,15,30,14.3,60,452,904,904,60,452,46.04
2008,11,24,16,30,16.7,68,630,975,975,68,630,34.51
2008,11,24,17,30,18,72,747,1007,1007,72,747,29.98
2008,11,24,18,30,18.7,77,797,1017,1017,77,797,28.19
2008,11,24,19,30,18.900000000000002,76,772,1012,1012,76,772,27.35
2008,11,24,20,30,18.6,72,675,988,988,72,675,27.16
2008,11,24,21,30,17.900000000000002,65,516,933,933,65,516,27.76
2008,11,24,22,30,16.3,53,311,825,825,53,311,30.63
2008,11,24,23,30,13,30,89,529,529,30,89,40.480000000000004
2008,11,25,0,30,10.100000000000001,0,0,0,0,0,0,54.34
2008,11,25,1,30,9,0,0,0,0,0,0,57.910000000000004
2008,11,25,2,30,8.1,0,0,0,0,0,0,63.33
2008,11,25,3,30,7,0,0,0,0,0,0,72.57000000000001
2008,11,25,4,30,6,0,0,0,0,0,0,83.06
2008,11,25,5,30,5.2,0,0,0,0,0,0,92.71000000000001
2008,11,25,6,30,4.7,0,0,0,0,0,0,100
2008,11,25,7,30,4.800000000000001,0,0,0,0,0,0,100
2008,11,25,8,30,5.300000000000001,0,0,0,0,0,0,100
2008,11,25,9,30,5.7,0,0,0,0,0,0,100
2008,11,25,10,30,5.7,0,0,0,0,0,0,100
2008,11,25,11,30,5.6000000000000005,0,0,0,0,0,0,100
2008,11,25,12,30,5.4,0,0,0,0,0,0,100
2008,11,25,13,30,6.2,18,30,283,283,18,30,100
2008,11,25,14,30,8.3,48,235,749,749,48,235,88.32000000000001
2008,11,25,15,30,11,59,451,908,908,59,451,72.48
2008,11,25,16,30,13.9,65,628,981,981,65,628,58.09
2008,11,25,17,30,16.400000000000002,67,745,1016,1016,67,745,46.78
2008,11,25,18,30,18.2,70,793,1025,1025,70,793,39.53
2008,11,25,19,30,19.400000000000002,68,769,1022,1022,68,769,35.04
2008,11,25,20,30,19.900000000000002,64,673,999,999,64,673,32.57
2008,11,25,21,30,19.8,56,515,952,952,56,515,31.470000000000002
2008,11,25,22,30,18.5,46,310,847,847,46,310,33.04
2008,11,25,23,30,15.200000000000001,27,90,565,565,27,90,50.61
2008,11,26,0,30,12.200000000000001,0,0,0,0,0,0,58.93
2008,11,26,1,30,11,0,0,0,0,0,0,61.18
2008,11,26,2,30,10.200000000000001,0,0,0,0,0,0,63.370000000000005
2008,11,26,3,30,9.200000000000001,0,0,0,0,0,0,67.87
2008,11,26,4,30,8.200000000000001,0,0,0,0,0,0,75.07000000000001
2008,11,26,5,30,7.5,0,0,0,0,0,0,83.05
2008,11,26,6,30,6.9,0,0,0,0,0,0,90.5
2008,11,26,7,30,6.4,0,0,0,0,0,0,95.97
2008,11,26,8,30,6,0,0,0,0,0,0,99.53
2008,11,26,9,30,5.6000000000000005,0,0,0,0,0,0,100
2008,11,26,10,30,5.300000000000001,0,0,0,0,0,0,100
2008,11,26,11,30,5,0,0,0,0,0,0,100
2008,11,26,12,30,4.9,0,0,0,0,0,0,100
2008,11,26,13,30,6.6000000000000005,15,29,331,0,14,14,90.46000000000001
2008,11,26,14,30,10.200000000000001,42,231,766,766,42,231,70.88
2008,11,26,15,30,14.8,55,443,907,907,55,443,53.22
2008,11,26,16,30,18.7,62,618,973,973,62,618,37.09
2008,11,26,17,30,20.700000000000003,66,734,1004,1004,66,734,30.400000000000002
2008,11,26,18,30,21.8,67,783,1017,1017,67,783,27.76
2008,11,26,19,30,22.3,66,758,1012,1012,66,758,26.3
2008,11,26,20,30,22.5,63,664,988,988,63,664,25.3
2008,11,26,21,30,22.1,57,507,936,936,57,507,25.310000000000002
2008,11,26,22,30,20.400000000000002,48,304,825,825,48,304,27.95
2008,11,26,23,30,16.7,28,87,536,536,28,87,45.83
2008,11,27,0,30,13.600000000000001,0,0,0,0,0,0,54.71
2008,11,27,1,30,12.4,0,0,0,0,0,0,57.6
2008,11,27,2,30,11.3,0,0,0,0,0,0,61.86
2008,11,27,3,30,10.5,0,0,0,0,0,0,64.58
2008,11,27,4,30,10.4,0,0,0,0,0,0,63.18
2008,11,27,5,30,9.9,0,0,0,0,0,0,64.27
2008,11,27,6,30,8.700000000000001,0,0,0,0,0,0,70.09
2008,11,27,7,30,7.800000000000001,0,0,0,0,0,0,76.32000000000001
2008,11,27,8,30,7.4,0,0,0,0,0,0,80.57000000000001
2008,11,27,9,30,7,0,0,0,0,0,0,85.42
2008,11,27,10,30,6.7,0,0,0,0,0,0,90.25
2008,11,27,11,30,6.6000000000000005,0,0,0,0,0,0,93.8
2008,11,27,12,30,6.5,0,0,0,0,0,0,96.34
2008,11,27,13,30,8.4,15,27,310,310,15,27,84.92
2008,11,27,14,30,12.100000000000001,42,228,759,759,42,228,67.05
2008,11,27,15,30,16.3,54,441,908,908,54,441,50.45
2008,11,27,16,30,19.700000000000003,60,615,975,975,60,615,34.11
2008,11,27,17,30,21.5,64,732,1008,1008,64,732,28.04
2008,11,27,18,30,22.5,70,779,1011,1011,70,779,25.490000000000002
2008,11,27,19,30,22.900000000000002,70,756,1006,1006,70,756,24.810000000000002
2008,11,27,20,30,22.700000000000003,66,659,979,979,66,659,25.44
2008,11,27,21,30,22.1,57,504,931,931,57,504,27.060000000000002
2008,11,27,22,30,20.5,46,302,825,825,46,302,30.61
2008,11,27,23,30,16.900000000000002,26,87,547,547,26,87,45.24
2008,11,28,0,30,13.9,0,0,0,0,0,0,58.28
2008,11,28,1,30,12.9,0,0,0,0,0,0,62
2008,11,28,2,30,12.100000000000001,0,0,0,0,0,0,66.09
2008,11,28,3,30,11.3,0,0,0,0,0,0,71.06
2008,11,28,4,30,10.5,0,0,0,0,0,0,76.22
2008,11,28,5,30,9.8,0,0,0,0,0,0,80.07000000000001
2008,11,28,6,30,9.1,0,0,0,0,0,0,83.60000000000001
2008,11,28,7,30,8.4,0,0,0,0,0,0,86.96000000000001
2008,11,28,8,30,7.9,0,0,0,0,0,0,88.64
2008,11,28,9,30,7.5,0,0,0,0,0,0,88.71000000000001
2008,11,28,10,30,7.1000000000000005,0,0,0,0,0,0,88.11
2008,11,28,11,30,6.9,0,0,0,0,0,0,85.9
2008,11,28,12,30,6.9,0,0,0,0,0,0,82.64
2008,11,28,13,30,8.6,14,26,332,1,15,15,71.58
2008,11,28,14,30,12,39,225,771,1,39,39,57.36
2008,11,28,15,30,15.700000000000001,50,435,909,142,216,277,46.81
2008,11,28,16,30,18.8,58,608,973,512,193,483,39.4
2008,11,28,17,30,20.6,61,722,1001,692,248,705,34.64
2008,11,28,18,30,21.700000000000003,61,770,1015,1015,61,770,32.1
2008,11,28,19,30,21.900000000000002,61,748,1009,346,311,547,31.66
2008,11,28,20,30,21.5,58,655,985,79,343,391,32.53
2008,11,28,21,30,20.5,54,500,933,66,212,243,34.53
2008,11,28,22,30,18.8,44,301,832,8,89,91,38.04
2008,11,28,23,30,16.2,26,87,552,1,26,26,45.86
2008,11,29,0,30,14.200000000000001,0,0,0,0,0,0,54.86
2008,11,29,1,30,13.3,0,0,0,0,0,0,58.22
2008,11,29,2,30,12.5,0,0,0,0,0,0,61.86
2008,11,29,3,30,11.8,0,0,0,0,0,0,66
2008,11,29,4,30,11.100000000000001,0,0,0,0,0,0,72.06
2008,11,29,5,30,10.5,0,0,0,0,0,0,78.62
2008,11,29,6,30,9.9,0,0,0,0,0,0,83.68
2008,11,29,7,30,9.4,0,0,0,0,0,0,86.04
2008,11,29,8,30,8.700000000000001,0,0,0,0,0,0,88.05
2008,11,29,9,30,8.200000000000001,0,0,0,0,0,0,88.04
2008,11,29,10,30,7.800000000000001,0,0,0,0,0,0,87.46000000000001
2008,11,29,11,30,7.4,0,0,0,0,0,0,87.06
2008,11,29,12,30,6.7,0,0,0,0,0,0,88.48
2008,11,29,13,30,7.1000000000000005,14,25,347,347,14,25,83.42
2008,11,29,14,30,9.4,38,232,813,395,103,197,70.17
2008,11,29,15,30,12.3,48,453,966,124,215,267,49.35
2008,11,29,16,30,14.700000000000001,52,632,1030,1030,52,632,32.54
2008,11,29,17,30,16.5,55,752,1061,482,280,597,24.57
2008,11,29,18,30,17.8,63,804,1064,1064,63,804,20.5
2008,11,29,19,30,18.5,60,780,1062,1062,60,780,18.36
2008,11,29,20,30,18.3,55,680,1035,658,190,588,17.69
2008,11,29,21,30,17.3,52,522,983,529,181,434,18.16
2008,11,29,22,30,15.200000000000001,44,315,878,42,136,149,20.51
2008,11,29,23,30,12.600000000000001,26,93,609,275,50,80,26.75
2008,11,30,0,30,10.4,0,0,0,0,0,0,35.85
2008,11,30,1,30,8.9,0,0,0,0,0,0,43.47
2008,11,30,2,30,7.4,0,0,0,0,0,0,51.47
2008,11,30,3,30,6,0,0,0,0,0,0,57.410000000000004
2008,11,30,4,30,4.800000000000001,0,0,0,0,0,0,60.95
2008,11,30,5,30,3.7,0,0,0,0,0,0,63.4
2008,11,30,6,30,2.6,0,0,0,0,0,0,65.1
2008,11,30,7,30,1.6,0,0,0,0,0,0,65.9
2008,11,30,8,30,1,0,0,0,0,0,0,65.55
2008,11,30,9,30,0.5,0,0,0,0,0,0,65.98
2008,11,30,10,30,0.2,0,0,0,0,0,0,66.21000000000001
2008,11,30,11,30,0,0,0,0,0,0,0,66.59
2008,11,30,12,30,-0.1,0,0,0,0,0,0,67.43
2008,11,30,13,30,1.9000000000000001,13,25,382,382,13,25,60.06
2008,11,30,14,30,5.9,36,233,837,837,36,233,49.57
2008,11,30,15,30,9.4,45,453,978,978,45,453,39.92
2008,11,30,16,30,11.9,50,633,1040,1040,50,633,32.28
2008,11,30,17,30,13.700000000000001,52,754,1071,1071,52,754,27.27
2008,11,30,18,30,15.100000000000001,56,806,1079,1079,56,806,24.25
2008,11,30,19,30,15.8,57,783,1074,1074,57,783,22.81
2008,11,30,20,30,15.9,54,688,1052,1052,54,688,22.5
2008,11,30,21,30,15.3,50,528,1003,1003,50,528,23.14
2008,11,30,22,30,13.600000000000001,43,320,900,900,43,320,25.810000000000002
2008,11,30,23,30,9.9,26,94,622,622,26,94,36.47
2008,12,1,0,30,6.6000000000000005,0,0,0,0,0,0,52.67
2008,12,1,1,30,5.300000000000001,0,0,0,0,0,0,56.1
2008,12,1,2,30,4.2,0,0,0,0,0,0,58.870000000000005
2008,12,1,3,30,3.3000000000000003,0,0,0,0,0,0,60.81
2008,12,1,4,30,2.7,0,0,0,0,0,0,61.54
2008,12,1,5,30,2.3000000000000003,0,0,0,0,0,0,61.300000000000004
2008,12,1,6,30,2,0,0,0,0,0,0,60.72
2008,12,1,7,30,1.6,0,0,0,0,0,0,60.82
2008,12,1,8,30,1.1,0,0,0,0,0,0,62.24
2008,12,1,9,30,0.6000000000000001,0,0,0,0,0,0,64.18
2008,12,1,10,30,0.2,0,0,0,0,0,0,65.71000000000001
2008,12,1,11,30,0,0,0,0,0,0,0,66.42
2008,12,1,12,30,0.1,0,0,0,0,0,0,65.73
2008,12,1,13,30,1.8,12,23,380,380,12,23,57.97
2008,12,1,14,30,5.300000000000001,36,234,847,847,36,234,50.120000000000005
2008,12,1,15,30,9,46,455,986,986,46,455,35.38
2008,12,1,16,30,11.8,51,636,1049,1049,51,636,26.93
2008,12,1,17,30,13.9,54,758,1079,1079,54,758,22.07
2008,12,1,18,30,15.4,58,811,1088,1088,58,811,19.150000000000002
2008,12,1,19,30,16.400000000000002,58,789,1082,1082,58,789,17.35
2008,12,1,20,30,16.8,55,693,1060,1060,55,693,16.3
2008,12,1,21,30,16.6,52,533,1011,1011,52,533,16.1
2008,12,1,22,30,14.700000000000001,43,324,910,910,43,324,18.54
2008,12,1,23,30,10.5,26,96,634,634,26,96,37.67
2008,12,2,0,30,7,0,0,0,0,0,0,47.050000000000004
2008,12,2,1,30,5.5,0,0,0,0,0,0,49.120000000000005
2008,12,2,2,30,4.4,0,0,0,0,0,0,51.88
2008,12,2,3,30,3.5,0,0,0,0,0,0,54.2
2008,12,2,4,30,3.1,0,0,0,0,0,0,54.03
2008,12,2,5,30,2.9000000000000004,0,0,0,0,0,0,52.52
2008,12,2,6,30,2.6,0,0,0,0,0,0,51.26
2008,12,2,7,30,1.8,0,0,0,0,0,0,52.75
2008,12,2,8,30,0.8,0,0,0,0,0,0,55.95
2008,12,2,9,30,0,0,0,0,0,0,0,58.47
2008,12,2,10,30,-0.5,0,0,0,0,0,0,59.54
2008,12,2,11,30,-0.8,0,0,0,0,0,0,59.78
2008,12,2,12,30,-0.8,0,0,0,0,0,0,58.82
2008,12,2,13,30,1.6,12,22,391,391,12,22,49.050000000000004
2008,12,2,14,30,6.4,35,234,863,863,35,234,40.25
2008,12,2,15,30,11.4,44,458,1004,1004,44,458,26.32
2008,12,2,16,30,15.8,49,641,1065,1065,49,641,18.92
2008,12,2,17,30,18.7,51,764,1096,1096,51,764,12.8
2008,12,2,18,30,20.3,56,809,1089,1089,56,809,10.47
2008,12,2,19,30,21.200000000000003,57,787,1083,1083,57,787,9.78
2008,12,2,20,30,21.400000000000002,55,692,1062,1062,55,692,9.84
2008,12,2,21,30,20.900000000000002,49,532,1017,1017,49,532,10.52
2008,12,2,22,30,18.7,41,324,918,918,41,324,13.02
2008,12,2,23,30,15.600000000000001,24,96,653,653,24,96,33.07
2008,12,3,0,30,14,0,0,0,0,0,0,25.650000000000002
2008,12,3,1,30,13.200000000000001,0,0,0,0,0,0,24.35
2008,12,3,2,30,10.9,0,0,0,0,0,0,27.830000000000002
2008,12,3,3,30,7.7,0,0,0,0,0,0,39.76
2008,12,3,4,30,5.7,0,0,0,0,0,0,50.550000000000004
2008,12,3,5,30,5.1000000000000005,0,0,0,0,0,0,57.07
2008,12,3,6,30,4.7,0,0,0,0,0,0,65.25
2008,12,3,7,30,4.2,0,0,0,0,0,0,70.57000000000001
2008,12,3,8,30,3.9000000000000004,0,0,0,0,0,0,69.4
2008,12,3,9,30,3.9000000000000004,0,0,0,0,0,0,65.72
2008,12,3,10,30,4.3,0,0,0,0,0,0,61.46
2008,12,3,11,30,4.6000000000000005,0,0,0,0,0,0,58.7
2008,12,3,12,30,4.800000000000001,0,0,0,0,0,0,56.480000000000004
2008,12,3,13,30,6.1000000000000005,12,20,336,336,12,20,50.86
2008,12,3,14,30,8.200000000000001,37,225,821,351,102,182,43.76
2008,12,3,15,30,11.3,49,444,965,31,232,245,35.69
2008,12,3,16,30,15.600000000000001,54,625,1032,368,244,448,26.05
2008,12,3,17,30,18.7,58,748,1064,198,322,450,17.51
2008,12,3,18,30,20.1,64,794,1060,337,341,573,15.23
2008,12,3,19,30,20.6,63,768,1049,183,360,483,14.55
2008,12,3,20,30,20.400000000000002,61,675,1025,216,319,448,14.73
2008,12,3,21,30,19.5,59,517,965,86,256,297,15.64
2008,12,3,22,30,17,49,312,853,279,153,239,19.580000000000002
2008,12,3,23,30,13.4,29,89,551,8,57,58,38.26
2008,12,4,0,30,10.700000000000001,0,0,0,0,0,0,46.28
2008,12,4,1,30,9.200000000000001,0,0,0,0,0,0,47.44
2008,12,4,2,30,8.6,0,0,0,0,0,0,49.550000000000004
2008,12,4,3,30,7.7,0,0,0,0,0,0,53.92
2008,12,4,4,30,6.9,0,0,0,0,0,0,52.29
2008,12,4,5,30,6.9,0,0,0,0,0,0,49.19
2008,12,4,6,30,7.300000000000001,0,0,0,0,0,0,45.15
2008,12,4,7,30,7.1000000000000005,0,0,0,0,0,0,45.04
2008,12,4,8,30,6.6000000000000005,0,0,0,0,0,0,46.02
2008,12,4,9,30,6.2,0,0,0,0,0,0,46.03
2008,12,4,10,30,6,0,0,0,0,0,0,45.96
2008,12,4,11,30,5.5,0,0,0,0,0,0,46.85
2008,12,4,12,30,4.5,0,0,0,0,0,0,49.08
2008,12,4,13,30,4.800000000000001,12,17,228,228,12,17,48.13
2008,12,4,14,30,7.5,43,213,753,753,43,213,46.47
2008,12,4,15,30,11,57,429,914,914,57,429,33.17
2008,12,4,16,30,14,65,608,986,986,65,608,27.84
2008,12,4,17,30,16.2,70,726,1015,1015,70,726,24.810000000000002
2008,12,4,18,30,17.6,71,778,1028,1028,71,778,24.14
2008,12,4,19,30,18.400000000000002,72,757,1021,1021,72,757,24.330000000000002
2008,12,4,20,30,18.8,69,661,991,991,69,661,24.55
2008,12,4,21,30,18.6,61,507,941,941,61,507,25.28
2008,12,4,22,30,17.3,50,306,830,830,50,306,27.85
2008,12,4,23,30,14.8,29,88,534,534,29,88,44.12
2008,12,5,0,30,12.8,0,0,0,0,0,0,43.71
2008,12,5,1,30,11.4,0,0,0,0,0,0,47.69
2008,12,5,2,30,9.700000000000001,0,0,0,0,0,0,54.52
2008,12,5,3,30,8.1,0,0,0,0,0,0,62.14
2008,12,5,4,30,7.1000000000000005,0,0,0,0,0,0,68.38
2008,12,5,5,30,6.7,0,0,0,0,0,0,72.89
2008,12,5,6,30,6.300000000000001,0,0,0,0,0,0,77.60000000000001
2008,12,5,7,30,5.2,0,0,0,0,0,0,85.08
2008,12,5,8,30,4.1000000000000005,0,0,0,0,0,0,92.97
2008,12,5,9,30,3.4000000000000004,0,0,0,0,0,0,99
2008,12,5,10,30,2.8000000000000003,0,0,0,0,0,0,100
2008,12,5,11,30,2.5,0,0,0,0,0,0,100
2008,12,5,12,30,2.4000000000000004,0,0,0,0,0,0,100
2008,12,5,13,30,4.4,11,16,273,273,11,16,89.89
2008,12,5,14,30,8.4,36,208,770,770,36,208,68.11
2008,12,5,15,30,12.600000000000001,45,419,925,925,45,419,50.82
2008,12,5,16,30,16,52,596,991,991,52,596,39.63
2008,12,5,17,30,17.900000000000002,55,715,1024,1024,55,715,34.69
2008,12,5,18,30,19.3,58,768,1035,1035,58,768,31.17
2008,12,5,19,30,20,59,748,1030,1030,59,748,29.060000000000002
2008,12,5,20,30,20.1,57,656,1002,312,329,516,28.34
2008,12,5,21,30,19.6,55,504,946,525,184,433,29.18
2008,12,5,22,30,17.8,46,303,834,834,46,303,33.35
2008,12,5,23,30,14.700000000000001,27,88,550,5,54,55,49.86
2008,12,6,0,30,12.4,0,0,0,0,0,0,58.86
2008,12,6,1,30,11.200000000000001,0,0,0,0,0,0,63.15
2008,12,6,2,30,10.200000000000001,0,0,0,0,0,0,67.02
2008,12,6,3,30,9.4,0,0,0,0,0,0,70.37
2008,12,6,4,30,8.700000000000001,0,0,0,0,0,0,74.65
2008,12,6,5,30,8.1,0,0,0,0,0,0,78.36
2008,12,6,6,30,7.4,0,0,0,0,0,0,82.72
2008,12,6,7,30,6.800000000000001,0,0,0,0,0,0,87.44
2008,12,6,8,30,6,0,0,0,0,0,0,93.14
2008,12,6,9,30,5.4,0,0,0,0,0,0,96.98
2008,12,6,10,30,4.800000000000001,0,0,0,0,0,0,100
2008,12,6,11,30,4.3,0,0,0,0,0,0,100
2008,12,6,12,30,4,0,0,0,0,0,0,100
2008,12,6,13,30,5.7,0,0,0,0,0,0,93.41
2008,12,6,14,30,9.5,38,204,752,752,38,204,72.17
2008,12,6,15,30,13.3,50,416,910,910,50,416,53.18
2008,12,6,16,30,16.2,56,594,984,984,56,594,41.44
2008,12,6,17,30,18,60,714,1017,1017,60,714,36.04
2008,12,6,18,30,19.1,66,766,1024,1024,66,766,32.08
2008,12,6,19,30,19.700000000000003,65,747,1020,1020,65,747,29.1
2008,12,6,20,30,19.700000000000003,62,657,997,997,62,657,27.63
2008,12,6,21,30,19.1,56,504,945,945,56,504,27.62
2008,12,6,22,30,17.3,47,305,836,836,47,305,30.52
2008,12,6,23,30,13.700000000000001,28,89,550,550,28,89,42.07
2008,12,7,0,30,10.5,0,0,0,0,0,0,54.26
2008,12,7,1,30,9,0,0,0,0,0,0,57.59
2008,12,7,2,30,7.800000000000001,0,0,0,0,0,0,60.57
2008,12,7,3,30,7,0,0,0,0,0,0,61.81
2008,12,7,4,30,6.800000000000001,0,0,0,0,0,0,60.4
2008,12,7,5,30,6.9,0,0,0,0,0,0,57.46
2008,12,7,6,30,6.7,0,0,0,0,0,0,56.09
2008,12,7,7,30,6,0,0,0,0,0,0,57.61
2008,12,7,8,30,5.300000000000001,0,0,0,0,0,0,59.83
2008,12,7,9,30,4.9,0,0,0,0,0,0,61.25
2008,12,7,10,30,4.5,0,0,0,0,0,0,62.74
2008,12,7,11,30,4,0,0,0,0,0,0,65.02
2008,12,7,12,30,3.3000000000000003,0,0,0,0,0,0,68.41
2008,12,7,13,30,4.7,0,0,0,0,0,0,62.230000000000004
2008,12,7,14,30,8.4,38,206,770,770,38,206,53.4
2008,12,7,15,30,12.600000000000001,50,421,926,926,50,421,40.7
2008,12,7,16,30,16.1,57,599,996,996,57,599,33.99
2008,12,7,17,30,18.3,61,721,1030,1030,61,721,27.95
2008,12,7,18,30,19.700000000000003,63,774,1041,1041,63,774,24.44
2008,12,7,19,30,20.5,63,752,1032,1032,63,752,22.75
2008,12,7,20,30,20.8,59,662,1011,1011,59,662,21.98
2008,12,7,21,30,20.400000000000002,55,509,959,959,55,509,22.31
2008,12,7,22,30,18.7,45,309,855,433,140,274,24.79
2008,12,7,23,30,15.3,27,92,573,14,54,55,44.89
2008,12,8,0,30,12.600000000000001,0,0,0,0,0,0,49.74
2008,12,8,1,30,11.600000000000001,0,0,0,0,0,0,51.9
2008,12,8,2,30,11,0,0,0,0,0,0,53.67
2008,12,8,3,30,10.4,0,0,0,0,0,0,55.58
2008,12,8,4,30,9.600000000000001,0,0,0,0,0,0,58.94
2008,12,8,5,30,8.8,0,0,0,0,0,0,61.550000000000004
2008,12,8,6,30,8.5,0,0,0,0,0,0,65.39
2008,12,8,7,30,8.4,0,0,0,0,0,0,72.74
2008,12,8,8,30,8,0,0,0,0,0,0,84.79
2008,12,8,9,30,7.5,0,0,0,0,0,0,97.31
2008,12,8,10,30,6.9,0,0,0,0,0,0,100
2008,12,8,11,30,6.5,0,0,0,0,0,0,100
2008,12,8,12,30,6.300000000000001,0,0,0,0,0,0,100
2008,12,8,13,30,7.4,0,0,0,0,0,0,95.53
2008,12,8,14,30,10.200000000000001,35,202,772,7,107,109,75.66
2008,12,8,15,30,14.200000000000001,46,415,930,172,233,301,56.57
2008,12,8,16,30,18,51,593,1000,1000,51,593,35.95
2008,12,8,17,30,20.200000000000003,54,714,1033,1033,54,714,26.13
2008,12,8,18,30,21.3,60,768,1040,1040,60,768,22.18
2008,12,8,19,30,21.200000000000003,58,750,1037,1037,58,750,21
2008,12,8,20,30,20.1,54,660,1018,378,312,538,21.8
2008,12,8,21,30,18.6,53,509,963,539,158,413,24.04
2008,12,8,22,30,16.7,44,309,860,100,183,214,28.2
2008,12,8,23,30,13.4,26,93,599,61,60,67,39.15
2008,12,9,0,30,10.9,0,0,0,0,0,0,50.07
2008,12,9,1,30,10.3,0,0,0,0,0,0,52.45
2008,12,9,2,30,9.5,0,0,0,0,0,0,58.44
2008,12,9,3,30,8.5,0,0,0,0,0,0,68.8
2008,12,9,4,30,7.7,0,0,0,0,0,0,78.88
2008,12,9,5,30,7.300000000000001,0,0,0,0,0,0,83.97
2008,12,9,6,30,7,0,0,0,0,0,0,85.73
2008,12,9,7,30,6.6000000000000005,0,0,0,0,0,0,86.64
2008,12,9,8,30,6.1000000000000005,0,0,0,0,0,0,88.10000000000001
2008,12,9,9,30,5.6000000000000005,0,0,0,0,0,0,89.57000000000001
2008,12,9,10,30,5.2,0,0,0,0,0,0,90.47
2008,12,9,11,30,4.9,0,0,0,0,0,0,91.03
2008,12,9,12,30,4.7,0,0,0,0,0,0,90.8
2008,12,9,13,30,5.6000000000000005,0,0,0,0,0,0,83.86
2008,12,9,14,30,8.5,32,205,812,207,110,154,67.7
2008,12,9,15,30,12.600000000000001,42,423,963,160,239,303,49.27
2008,12,9,16,30,16,46,602,1031,1031,46,602,32.26
2008,12,9,17,30,18.1,49,726,1063,734,246,714,26.38
2008,12,9,18,30,19.3,61,785,1064,772,255,779,24.240000000000002
2008,12,9,19,30,19.700000000000003,59,761,1056,1056,59,761,23.78
2008,12,9,20,30,19.5,54,671,1037,407,312,554,24.34
2008,12,9,21,30,18.8,54,515,973,225,278,385,25.57
2008,12,9,22,30,17,43,314,878,532,116,281,28.62
2008,12,9,23,30,13.600000000000001,26,96,623,623,26,96,37.72
2008,12,10,0,30,11.100000000000001,0,0,0,0,0,0,49.11
2008,12,10,1,30,10.3,0,0,0,0,0,0,53.910000000000004
2008,12,10,2,30,9.5,0,0,0,0,0,0,59.34
2008,12,10,3,30,8.6,0,0,0,0,0,0,65.43
2008,12,10,4,30,7.6000000000000005,0,0,0,0,0,0,72.10000000000001
2008,12,10,5,30,6.5,0,0,0,0,0,0,78.75
2008,12,10,6,30,4.9,0,0,0,0,0,0,85.18
2008,12,10,7,30,2.6,0,0,0,0,0,0,88.82000000000001
2008,12,10,8,30,0.6000000000000001,0,0,0,0,0,0,93.8
2008,12,10,9,30,-0.4,0,0,0,0,0,0,94.31
2008,12,10,10,30,-0.9,0,0,0,0,0,0,92.87
2008,12,10,11,30,-1.5,0,0,0,0,0,0,92.06
2008,12,10,12,30,-2.1,0,0,0,0,0,0,91.79
2008,12,10,13,30,-1.9000000000000001,0,0,0,0,0,0,87.12
2008,12,10,14,30,-0.6000000000000001,46,199,725,725,46,199,75.22
2008,12,10,15,30,1.7000000000000002,56,424,934,934,56,424,59.050000000000004
2008,12,10,16,30,4.1000000000000005,61,614,1029,1029,61,614,46.4
2008,12,10,17,30,6.2,61,740,1070,1070,61,740,37.51
2008,12,10,18,30,7.7,61,797,1085,1085,61,797,31.42
2008,12,10,19,30,8.6,58,778,1084,1084,58,778,26.52
2008,12,10,20,30,8.8,53,687,1065,1065,53,687,23.67
2008,12,10,21,30,8.4,50,533,1018,1018,50,533,23.28
2008,12,10,22,30,7.1000000000000005,42,327,921,67,192,213,25.17
2008,12,10,23,30,4,26,102,656,656,26,102,33.2
2008,12,11,0,30,1.1,0,0,0,0,0,0,50.56
2008,12,11,1,30,-0.1,0,0,0,0,0,0,55.39
2008,12,11,2,30,-1,0,0,0,0,0,0,58.82
2008,12,11,3,30,-1.7000000000000002,0,0,0,0,0,0,60.910000000000004
2008,12,11,4,30,-2.2,0,0,0,0,0,0,61.88
2008,12,11,5,30,-2.6,0,0,0,0,0,0,62.410000000000004
2008,12,11,6,30,-3.1,0,0,0,0,0,0,63.54
2008,12,11,7,30,-3.4000000000000004,0,0,0,0,0,0,64.24
2008,12,11,8,30,-3.8000000000000003,0,0,0,0,0,0,65.25
2008,12,11,9,30,-3.9000000000000004,0,0,0,0,0,0,65.5
2008,12,11,10,30,-4,0,0,0,0,0,0,65.87
2008,12,11,11,30,-4,0,0,0,0,0,0,66.12
2008,12,11,12,30,-4,0,0,0,0,0,0,66.42
2008,12,11,13,30,-2.2,0,0,0,0,0,0,58.52
2008,12,11,14,30,1.4000000000000001,33,203,813,813,33,203,48.96
2008,12,11,15,30,4.9,42,421,970,970,42,421,35.42
2008,12,11,16,30,8,48,604,1037,1037,48,604,27.75
2008,12,11,17,30,10.600000000000001,51,729,1070,1070,51,729,23.3
2008,12,11,18,30,12.600000000000001,59,788,1076,1076,59,788,21.59
2008,12,11,19,30,13.9,58,770,1072,1072,58,770,21.44
2008,12,11,20,30,14.5,56,681,1051,1051,56,681,21.86
2008,12,11,21,30,14.200000000000001,50,522,997,997,50,522,22.95
2008,12,11,22,30,12.3,43,320,895,895,43,320,26.62
2008,12,11,23,30,8.700000000000001,27,99,624,624,27,99,45.13
2008,12,12,0,30,6,0,0,0,0,0,0,53.550000000000004
2008,12,12,1,30,4.6000000000000005,0,0,0,0,0,0,55.7
2008,12,12,2,30,3.2,0,0,0,0,0,0,57.93
2008,12,12,3,30,2.3000000000000003,0,0,0,0,0,0,57.88
2008,12,12,4,30,2,0,0,0,0,0,0,56.31
2008,12,12,5,30,2,0,0,0,0,0,0,54.46
2008,12,12,6,30,1.6,0,0,0,0,0,0,54.870000000000005
2008,12,12,7,30,0.9,0,0,0,0,0,0,57.08
2008,12,12,8,30,0.30000000000000004,0,0,0,0,0,0,59.870000000000005
2008,12,12,9,30,0,0,0,0,0,0,0,61.39
2008,12,12,10,30,-0.1,0,0,0,0,0,0,61.95
2008,12,12,11,30,-0.4,0,0,0,0,0,0,62.64
2008,12,12,12,30,-0.8,0,0,0,0,0,0,63.15
2008,12,12,13,30,0.9,0,0,0,0,0,0,55.84
2008,12,12,14,30,5,33,196,787,787,33,196,47.230000000000004
2008,12,12,15,30,9.4,43,412,948,948,43,412,34.51
2008,12,12,16,30,13.5,49,592,1018,1018,49,592,26.3
2008,12,12,17,30,16.1,52,716,1051,376,344,582,22.29
2008,12,12,18,30,17.900000000000002,55,774,1063,1063,55,774,19.830000000000002
2008,12,12,19,30,18.900000000000002,54,757,1059,1059,54,757,18.37
2008,12,12,20,30,19.3,52,669,1039,1039,52,669,17.62
2008,12,12,21,30,19,48,515,984,984,48,515,17.75
2008,12,12,22,30,16.900000000000002,41,316,885,885,41,316,20.57
2008,12,12,23,30,12.700000000000001,26,98,620,33,63,67,43.24
2008,12,13,0,30,9.3,0,0,0,0,0,0,46.51
2008,12,13,1,30,7.9,0,0,0,0,0,0,48.24
2008,12,13,2,30,6.800000000000001,0,0,0,0,0,0,51.26
2008,12,13,3,30,5.7,0,0,0,0,0,0,55.49
2008,12,13,4,30,4.9,0,0,0,0,0,0,59.61
2008,12,13,5,30,4.5,0,0,0,0,0,0,62.49
2008,12,13,6,30,4.4,0,0,0,0,0,0,64.16
2008,12,13,7,30,4.5,0,0,0,0,0,0,65.07000000000001
2008,12,13,8,30,4.800000000000001,0,0,0,0,0,0,64.97
2008,12,13,9,30,4.800000000000001,0,0,0,0,0,0,65.6
2008,12,13,10,30,4.4,0,0,0,0,0,0,67.02
2008,12,13,11,30,4.1000000000000005,0,0,0,0,0,0,67.36
2008,12,13,12,30,3.7,0,0,0,0,0,0,67.81
2008,12,13,13,30,4.800000000000001,0,0,0,0,0,0,61.65
2008,12,13,14,30,7.9,38,193,761,2,86,86,50.36
2008,12,13,15,30,12.200000000000001,52,410,926,677,108,370,39.13
2008,12,13,16,30,16.1,60,592,999,400,243,456,29.64
2008,12,13,17,30,18.2,65,713,1026,1026,65,713,24.78
2008,12,13,18,30,18.900000000000002,70,770,1036,613,242,657,22.740000000000002
2008,12,13,19,30,18.900000000000002,69,754,1033,209,343,482,22.21
2008,12,13,20,30,18.8,65,666,1011,237,298,440,22.2
2008,12,13,21,30,18.400000000000002,56,516,969,82,245,284,22.47
2008,12,13,22,30,16.400000000000002,45,317,872,21,134,141,25.78
2008,12,13,23,30,12.700000000000001,27,99,608,3,44,44,38.21
2008,12,14,0,30,10.200000000000001,0,0,0,0,0,0,49.13
2008,12,14,1,30,9.5,0,0,0,0,0,0,52.77
2008,12,14,2,30,9,0,0,0,0,0,0,56.6
2008,12,14,3,30,8.1,0,0,0,0,0,0,62.46
2008,12,14,4,30,7.2,0,0,0,0,0,0,68
2008,12,14,5,30,6.6000000000000005,0,0,0,0,0,0,70.74
2008,12,14,6,30,6.4,0,0,0,0,0,0,69.98
2008,12,14,7,30,6.4,0,0,0,0,0,0,66.4
2008,12,14,8,30,6.300000000000001,0,0,0,0,0,0,63.06
2008,12,14,9,30,6.4,0,0,0,0,0,0,59.45
2008,12,14,10,30,6.4,0,0,0,0,0,0,57.25
2008,12,14,11,30,6.2,0,0,0,0,0,0,56.64
2008,12,14,12,30,5.9,0,0,0,0,0,0,56.81
2008,12,14,13,30,6.4,0,0,0,0,0,0,53.36
2008,12,14,14,30,8.9,34,186,751,751,34,186,43.62
2008,12,14,15,30,13,45,399,919,919,45,399,31.970000000000002
2008,12,14,16,30,17.2,51,578,993,993,51,578,19.34
2008,12,14,17,30,20.1,54,698,1023,1023,54,698,14.92
2008,12,14,18,30,21.6,54,754,1038,1038,54,754,16.42
2008,12,14,19,30,22.200000000000003,54,739,1035,1035,54,739,18.490000000000002
2008,12,14,20,30,22,51,654,1014,1014,51,654,20.13
2008,12,14,21,30,21.1,49,507,963,963,49,507,22.06
2008,12,14,22,30,18.8,42,312,862,862,42,312,26.36
2008,12,14,23,30,15.600000000000001,27,97,593,593,27,97,36.29
2008,12,15,0,30,13.4,0,0,0,0,0,0,45.01
2008,12,15,1,30,12.600000000000001,0,0,0,0,0,0,47.800000000000004
2008,12,15,2,30,11.700000000000001,0,0,0,0,0,0,51.28
2008,12,15,3,30,10.9,0,0,0,0,0,0,54.77
2008,12,15,4,30,10.100000000000001,0,0,0,0,0,0,58.45
2008,12,15,5,30,9.4,0,0,0,0,0,0,61.83
2008,12,15,6,30,8.6,0,0,0,0,0,0,65.04
2008,12,15,7,30,8,0,0,0,0,0,0,66.24
2008,12,15,8,30,7.6000000000000005,0,0,0,0,0,0,65.71000000000001
2008,12,15,9,30,7.2,0,0,0,0,0,0,65.55
2008,12,15,10,30,7,0,0,0,0,0,0,65.65
2008,12,15,11,30,6.800000000000001,0,0,0,0,0,0,66.88
2008,12,15,12,30,6.7,0,0,0,0,0,0,68.9
2008,12,15,13,30,8,0,0,0,0,0,0,64.71000000000001
2008,12,15,14,30,10.9,35,181,729,45,102,111,55.74
2008,12,15,15,30,14.8,47,392,901,176,181,248,44.24
2008,12,15,16,30,18.7,53,569,976,642,169,508,33.8
2008,12,15,17,30,21,55,692,1013,587,217,586,27.77
2008,12,15,18,30,22.200000000000003,60,750,1023,654,205,646,25.830000000000002
2008,12,15,19,30,22.900000000000002,57,735,1022,471,271,583,25.18
2008,12,15,20,30,23,54,650,1002,326,321,515,25.580000000000002
2008,12,15,21,30,22.5,54,504,946,552,163,426,26.73
2008,12,15,22,30,20.8,45,310,844,414,142,272,30.03
2008,12,15,23,30,17.6,28,97,579,87,65,76,48.17
2008,12,16,0,30,15,0,0,0,0,0,0,50.15
2008,12,16,1,30,13.600000000000001,0,0,0,0,0,0,53.64
2008,12,16,2,30,12.700000000000001,0,0,0,0,0,0,55.76
2008,12,16,3,30,11.700000000000001,0,0,0,0,0,0,58.26
2008,12,16,4,30,10.3,0,0,0,0,0,0,63.21
2008,12,16,5,30,8.8,0,0,0,0,0,0,70.47
2008,12,16,6,30,7.9,0,0,0,0,0,0,76.3
2008,12,16,7,30,7.300000000000001,0,0,0,0,0,0,81.44
2008,12,16,8,30,6.800000000000001,0,0,0,0,0,0,85.8
2008,12,16,9,30,6.5,0,0,0,0,0,0,88
2008,12,16,10,30,6.2,0,0,0,0,0,0,89.07000000000001
2008,12,16,11,30,6,0,0,0,0,0,0,88.42
2008,12,16,12,30,6,0,0,0,0,0,0,86.25
2008,12,16,13,30,7.6000000000000005,0,0,0,0,0,0,76.02
2008,12,16,14,30,10.9,34,186,762,762,34,186,61.25
2008,12,16,15,30,15.3,46,402,931,931,46,402,47.42
2008,12,16,16,30,19.700000000000003,52,583,1006,1006,52,583,33.11
2008,12,16,17,30,22.400000000000002,56,709,1041,398,333,583,22.82
2008,12,16,18,30,23.700000000000003,60,768,1051,706,198,673,19
2008,12,16,19,30,24.200000000000003,61,754,1047,578,236,619,17.330000000000002
2008,12,16,20,30,24,59,669,1026,512,237,542,16.88
2008,12,16,21,30,22.900000000000002,55,520,976,976,55,520,17.72
2008,12,16,22,30,20.1,45,322,877,877,45,322,24.44
2008,12,16,23,30,16.3,27,103,624,624,27,103,43.68
2008,12,17,0,30,13.600000000000001,0,0,0,0,0,0,47.9
2008,12,17,1,30,12.100000000000001,0,0,0,0,0,0,51.47
2008,12,17,2,30,10.9,0,0,0,0,0,0,55.14
2008,12,17,3,30,10,0,0,0,0,0,0,58.86
2008,12,17,4,30,9.200000000000001,0,0,0,0,0,0,62.49
2008,12,17,5,30,8.4,0,0,0,0,0,0,66.23
2008,12,17,6,30,7.6000000000000005,0,0,0,0,0,0,70.48
2008,12,17,7,30,6.9,0,0,0,0,0,0,74.33
2008,12,17,8,30,6.2,0,0,0,0,0,0,77.94
2008,12,17,9,30,5.6000000000000005,0,0,0,0,0,0,80.07000000000001
2008,12,17,10,30,5.1000000000000005,0,0,0,0,0,0,80.54
2008,12,17,11,30,4.800000000000001,0,0,0,0,0,0,78.99
2008,12,17,12,30,4.6000000000000005,0,0,0,0,0,0,76.21000000000001
2008,12,17,13,30,6.5,0,0,0,0,0,0,63.61
2008,12,17,14,30,10.600000000000001,38,184,746,746,38,184,50.370000000000005
2008,12,17,15,30,15.100000000000001,52,402,922,922,52,402,35.57
2008,12,17,16,30,19.200000000000003,60,585,997,997,60,585,25.080000000000002
2008,12,17,17,30,21.700000000000003,65,712,1032,1032,65,712,18.94
2008,12,17,18,30,22.900000000000002,67,767,1039,1039,67,767,17.25
2008,12,17,19,30,23.6,68,753,1034,1034,68,753,16.39
2008,12,17,20,30,23.700000000000003,66,668,1010,473,295,576,16.240000000000002
2008,12,17,21,30,23.200000000000003,62,515,950,950,62,515,16.86
2008,12,17,22,30,21,52,317,839,839,52,317,20
2008,12,17,23,30,17.7,32,100,560,560,32,100,39.83
2008,12,18,0,30,15.200000000000001,0,0,0,0,0,0,39.67
2008,12,18,1,30,13.3,0,0,0,0,0,0,44.85
2008,12,18,2,30,11.600000000000001,0,0,0,0,0,0,51.17
2008,12,18,3,30,10.600000000000001,0,0,0,0,0,0,55.64
2008,12,18,4,30,9.700000000000001,0,0,0,0,0,0,61.660000000000004
2008,12,18,5,30,8.9,0,0,0,0,0,0,67.89
2008,12,18,6,30,8.200000000000001,0,0,0,0,0,0,72.47
2008,12,18,7,30,7.6000000000000005,0,0,0,0,0,0,75.02
2008,12,18,8,30,7.2,0,0,0,0,0,0,74.94
2008,12,18,9,30,6.9,0,0,0,0,0,0,72.78
2008,12,18,10,30,6.7,0,0,0,0,0,0,69.77
2008,12,18,11,30,6.4,0,0,0,0,0,0,67.95
2008,12,18,12,30,6.300000000000001,0,0,0,0,0,0,66.94
2008,12,18,13,30,7.800000000000001,0,0,0,0,0,0,60.38
2008,12,18,14,30,11,38,180,727,727,38,180,50.56
2008,12,18,15,30,15,52,395,909,909,52,395,40.74
2008,12,18,16,30,18.5,60,577,986,986,60,577,33.78
2008,12,18,17,30,20.5,64,708,1029,1029,64,708,27.89
2008,12,18,18,30,21.6,68,768,1041,1041,68,768,24.76
2008,12,18,19,30,22.200000000000003,66,751,1035,1035,66,751,23.03
2008,12,18,20,30,22.200000000000003,62,667,1015,1015,62,667,22.29
2008,12,18,21,30,21.400000000000002,55,520,970,970,55,520,22.78
2008,12,18,22,30,19.200000000000003,46,323,872,872,46,323,25.89
2008,12,18,23,30,15,28,105,622,622,28,105,39.87
2008,12,19,0,30,11.9,0,0,0,0,0,0,50.49
2008,12,19,1,30,10.700000000000001,0,0,0,0,0,0,53.69
2008,12,19,2,30,9.9,0,0,0,0,0,0,56.03
2008,12,19,3,30,9.200000000000001,0,0,0,0,0,0,58.33
2008,12,19,4,30,8.5,0,0,0,0,0,0,60.78
2008,12,19,5,30,7.9,0,0,0,0,0,0,63.21
2008,12,19,6,30,7.2,0,0,0,0,0,0,66.17
2008,12,19,7,30,6.7,0,0,0,0,0,0,67.52
2008,12,19,8,30,6.2,0,0,0,0,0,0,67.55
2008,12,19,9,30,5.7,0,0,0,0,0,0,66.84
2008,12,19,10,30,5.4,0,0,0,0,0,0,65.78
2008,12,19,11,30,5,0,0,0,0,0,0,66.58
2008,12,19,12,30,4.7,0,0,0,0,0,0,68.17
2008,12,19,13,30,6.800000000000001,0,0,0,0,0,0,59.77
2008,12,19,14,30,11,32,181,775,775,32,181,49.160000000000004
2008,12,19,15,30,15.4,42,398,944,944,42,398,37.81
2008,12,19,16,30,19.200000000000003,48,581,1017,1017,48,581,27.740000000000002
2008,12,19,17,30,21.400000000000002,53,709,1050,1050,53,709,21.01
2008,12,19,18,30,22.700000000000003,57,771,1062,1062,57,771,18.21
2008,12,19,19,30,23.3,58,759,1058,1058,58,759,16.86
2008,12,19,20,30,23.5,56,671,1031,1031,56,671,16.330000000000002
2008,12,19,21,30,22.900000000000002,51,524,986,986,51,524,16.94
2008,12,19,22,30,20.8,43,326,890,890,43,326,19.54
2008,12,19,23,30,17.5,28,108,641,641,28,108,38.29
2008,12,20,0,30,15.100000000000001,0,0,0,0,0,0,37.800000000000004
2008,12,20,1,30,13.100000000000001,0,0,0,0,0,0,42.81
2008,12,20,2,30,11.3,0,0,0,0,0,0,49.42
2008,12,20,3,30,10,0,0,0,0,0,0,54.35
2008,12,20,4,30,8.9,0,0,0,0,0,0,58.83
2008,12,20,5,30,8,0,0,0,0,0,0,62.49
2008,12,20,6,30,7.2,0,0,0,0,0,0,65.28
2008,12,20,7,30,6.6000000000000005,0,0,0,0,0,0,66.99
2008,12,20,8,30,6,0,0,0,0,0,0,68.67
2008,12,20,9,30,5.4,0,0,0,0,0,0,70.43
2008,12,20,10,30,5,0,0,0,0,0,0,71.37
2008,12,20,11,30,4.6000000000000005,0,0,0,0,0,0,72.06
2008,12,20,12,30,4.4,0,0,0,0,0,0,71.37
2008,12,20,13,30,6.300000000000001,0,0,0,0,0,0,60.65
2008,12,20,14,30,10.200000000000001,37,179,741,741,37,179,47.67
2008,12,20,15,30,14.5,51,396,921,480,152,332,35.050000000000004
2008,12,20,16,30,18.7,59,581,998,351,243,426,25.12
2008,12,20,17,30,21.200000000000003,64,709,1034,604,227,604,19.75
2008,12,20,18,30,22.200000000000003,66,771,1049,1049,66,771,18.43
2008,12,20,19,30,22.6,66,759,1046,1046,66,759,17.34
2008,12,20,20,30,22.5,63,676,1027,1027,63,676,16.84
2008,12,20,21,30,21.900000000000002,56,528,982,982,56,528,17.05
2008,12,20,22,30,19.5,46,330,886,886,46,330,20.400000000000002
2008,12,20,23,30,15.9,29,110,634,1,55,55,42.67
2008,12,21,0,30,13.600000000000001,0,0,0,0,0,0,41.26
2008,12,21,1,30,12.700000000000001,0,0,0,0,0,0,41.6
2008,12,21,2,30,12.200000000000001,0,0,0,0,0,0,41.35
2008,12,21,3,30,12,0,0,0,0,0,0,40.25
2008,12,21,4,30,11.4,0,0,0,0,0,0,40.71
2008,12,21,5,30,10.200000000000001,0,0,0,0,0,0,43.54
2008,12,21,6,30,8.6,0,0,0,0,0,0,48.52
2008,12,21,7,30,7.2,0,0,0,0,0,0,51.99
2008,12,21,8,30,6.300000000000001,0,0,0,0,0,0,54.1
2008,12,21,9,30,5.6000000000000005,0,0,0,0,0,0,56.07
2008,12,21,10,30,5.2,0,0,0,0,0,0,57.18
2008,12,21,11,30,4.9,0,0,0,0,0,0,58.1
2008,12,21,12,30,4.800000000000001,0,0,0,0,0,0,58.49
2008,12,21,13,30,6.7,0,0,0,0,0,0,51.77
2008,12,21,14,30,10.600000000000001,34,174,742,742,34,174,46.59
2008,12,21,15,30,14.9,47,389,918,918,47,389,33.18
2008,12,21,16,30,18.6,54,572,994,994,54,572,25.57
2008,12,21,17,30,20.700000000000003,57,700,1032,1032,57,700,20.42
2008,12,21,18,30,21.8,58,761,1047,1047,58,761,18.43
2008,12,21,19,30,22.3,58,750,1045,1045,58,750,17.39
2008,12,21,20,30,22.400000000000002,57,668,1023,718,233,662,16.89
2008,12,21,21,30,22,53,522,976,976,53,522,16.97
2008,12,21,22,30,20.3,45,327,877,877,45,327,18.92
2008,12,21,23,30,17,28,109,623,623,28,109,36.76
2008,12,22,0,30,13.8,0,0,0,0,0,0,39.88
2008,12,22,1,30,11.700000000000001,0,0,0,0,0,0,46.95
2008,12,22,2,30,10.100000000000001,0,0,0,0,0,0,53.160000000000004
2008,12,22,3,30,8.8,0,0,0,0,0,0,58.59
2008,12,22,4,30,7.800000000000001,0,0,0,0,0,0,61.31
2008,12,22,5,30,6.9,0,0,0,0,0,0,66.61
2008,12,22,6,30,6.2,0,0,0,0,0,0,76.83
2008,12,22,7,30,6,0,0,0,0,0,0,87.25
2008,12,22,8,30,6,0,0,0,0,0,0,93.51
2008,12,22,9,30,5.9,0,0,0,0,0,0,97.3
2008,12,22,10,30,5.7,0,0,0,0,0,0,99.86
2008,12,22,11,30,5.4,0,0,0,0,0,0,100
2008,12,22,12,30,5.300000000000001,0,0,0,0,0,0,100
2008,12,22,13,30,5.800000000000001,0,0,0,0,0,0,96.3
2008,12,22,14,30,7.800000000000001,37,170,706,706,37,170,82.09
2008,12,22,15,30,11.100000000000001,51,385,897,897,51,385,63.160000000000004
2008,12,22,16,30,14.600000000000001,58,568,979,979,58,568,45.74
2008,12,22,17,30,17.3,63,696,1017,1017,63,696,34.160000000000004
2008,12,22,18,30,19,65,758,1032,1032,65,758,28.38
2008,12,22,19,30,19.900000000000002,65,747,1029,1029,65,747,25.44
2008,12,22,20,30,20,62,666,1008,1008,62,666,24.21
2008,12,22,21,30,19.3,57,521,959,959,57,521,24.77
2008,12,22,22,30,17.400000000000002,48,326,860,860,48,326,28.05
2008,12,22,23,30,14.200000000000001,30,109,608,608,30,109,38.24
2008,12,23,0,30,11.4,0,0,0,0,0,0,50.300000000000004
2008,12,23,1,30,10.100000000000001,0,0,0,0,0,0,55.63
2008,12,23,2,30,9.3,0,0,0,0,0,0,59.980000000000004
2008,12,23,3,30,8.700000000000001,0,0,0,0,0,0,63.9
2008,12,23,4,30,7.9,0,0,0,0,0,0,69.27
2008,12,23,5,30,7.1000000000000005,0,0,0,0,0,0,74.82000000000001
2008,12,23,6,30,6.300000000000001,0,0,0,0,0,0,80.60000000000001
2008,12,23,7,30,5.800000000000001,0,0,0,0,0,0,85.93
2008,12,23,8,30,5.4,0,0,0,0,0,0,93.60000000000001
2008,12,23,9,30,5.300000000000001,0,0,0,0,0,0,100
2008,12,23,10,30,5.4,0,0,0,0,0,0,100
2008,12,23,11,30,5.5,0,0,0,0,0,0,100
2008,12,23,12,30,5.6000000000000005,0,0,0,0,0,0,100
2008,12,23,13,30,6.5,0,0,0,0,0,0,100
2008,12,23,14,30,9.1,40,168,683,171,98,130,84.41
2008,12,23,15,30,12.4,54,385,893,893,54,385,64.05
2008,12,23,16,30,15,61,570,979,979,61,570,47.07
2008,12,23,17,30,16.8,65,696,1015,1015,65,696,37.6
2008,12,23,18,30,17.900000000000002,69,758,1026,1026,69,758,33.56
2008,12,23,19,30,18.5,70,745,1018,1018,70,745,32.05
2008,12,23,20,30,18.5,67,661,991,991,67,661,32.12
2008,12,23,21,30,17.900000000000002,61,517,941,941,61,517,33.410000000000004
2008,12,23,22,30,16.400000000000002,51,322,833,462,127,277,36.660000000000004
2008,12,23,23,30,13.8,32,108,574,19,64,67,45.13
2008,12,24,0,30,11.5,0,0,0,0,0,0,56.47
2008,12,24,1,30,10.4,0,0,0,0,0,0,61.53
2008,12,24,2,30,9.5,0,0,0,0,0,0,66.44
2008,12,24,3,30,8.5,0,0,0,0,0,0,72.96000000000001
2008,12,24,4,30,7.5,0,0,0,0,0,0,81.71000000000001
2008,12,24,5,30,6.7,0,0,0,0,0,0,91.18
2008,12,24,6,30,6.2,0,0,0,0,0,0,98.2
2008,12,24,7,30,5.6000000000000005,0,0,0,0,0,0,100
2008,12,24,8,30,5,0,0,0,0,0,0,100
2008,12,24,9,30,4.3,0,0,0,0,0,0,100
2008,12,24,10,30,3.8000000000000003,0,0,0,0,0,0,100
2008,12,24,11,30,3.4000000000000004,0,0,0,0,0,0,98.66
2008,12,24,12,30,3.3000000000000003,0,0,0,0,0,0,95.9
2008,12,24,13,30,4.5,0,0,0,0,0,0,85.77
2008,12,24,14,30,7.300000000000001,34,169,728,728,34,169,69.62
2008,12,24,15,30,11.200000000000001,48,385,911,911,48,385,53.93
2008,12,24,16,30,14.600000000000001,56,569,988,988,56,569,37.76
2008,12,24,17,30,16.7,62,699,1025,1025,62,699,29.41
2008,12,24,18,30,17.900000000000002,64,762,1039,1039,64,762,25.64
2008,12,24,19,30,18.5,64,753,1037,1037,64,753,23.37
2008,12,24,20,30,18.6,62,672,1017,1017,62,672,22.490000000000002
2008,12,24,21,30,18.1,55,525,968,968,55,525,22.98
2008,12,24,22,30,16.400000000000002,46,331,874,874,46,331,26.580000000000002
2008,12,24,23,30,13.5,29,114,635,635,29,114,47.86
2008,12,25,0,30,11.4,0,0,0,0,0,0,44.94
2008,12,25,1,30,10.600000000000001,0,0,0,0,0,0,44.63
2008,12,25,2,30,10.100000000000001,0,0,0,0,0,0,44.56
2008,12,25,3,30,9.4,0,0,0,0,0,0,45.7
2008,12,25,4,30,8.200000000000001,0,0,0,0,0,0,49.17
2008,12,25,5,30,6.800000000000001,0,0,0,0,0,0,54.050000000000004
2008,12,25,6,30,5.6000000000000005,0,0,0,0,0,0,58.660000000000004
2008,12,25,7,30,4.9,0,0,0,0,0,0,61.44
2008,12,25,8,30,4.4,0,0,0,0,0,0,63.77
2008,12,25,9,30,4.2,0,0,0,0,0,0,65.52
2008,12,25,10,30,4,0,0,0,0,0,0,67.41
2008,12,25,11,30,3.9000000000000004,0,0,0,0,0,0,68.49
2008,12,25,12,30,3.9000000000000004,0,0,0,0,0,0,68.9
2008,12,25,13,30,5.800000000000001,0,0,0,0,0,0,61.22
2008,12,25,14,30,9.700000000000001,32,167,732,732,32,167,49.58
2008,12,25,15,30,14,44,381,914,914,44,381,39.28
2008,12,25,16,30,17.400000000000002,52,565,990,990,52,565,33.2
2008,12,25,17,30,19.1,57,695,1027,1027,57,695,29.28
2008,12,25,18,30,20.200000000000003,61,759,1040,1040,61,759,26.63
2008,12,25,19,30,20.8,60,751,1038,1038,60,751,24.8
2008,12,25,20,30,20.900000000000002,57,671,1020,1020,57,671,23.84
2008,12,25,21,30,20.400000000000002,53,527,975,975,53,527,24.14
2008,12,25,22,30,18.5,43,333,884,884,43,333,27.03
2008,12,25,23,30,14.600000000000001,28,116,647,647,28,116,43.28
2008,12,26,0,30,11.700000000000001,0,0,0,0,0,0,51.29
2008,12,26,1,30,10.600000000000001,0,0,0,0,0,0,53.660000000000004
2008,12,26,2,30,9.9,0,0,0,0,0,0,55.78
2008,12,26,3,30,9.3,0,0,0,0,0,0,58.54
2008,12,26,4,30,8.6,0,0,0,0,0,0,62.25
2008,12,26,5,30,8,0,0,0,0,0,0,65.63
2008,12,26,6,30,7.4,0,0,0,0,0,0,69.07000000000001
2008,12,26,7,30,7,0,0,0,0,0,0,71.08
2008,12,26,8,30,6.7,0,0,0,0,0,0,71.35000000000001
2008,12,26,9,30,6.4,0,0,0,0,0,0,69.55
2008,12,26,10,30,6.2,0,0,0,0,0,0,66.2
2008,12,26,11,30,6.2,0,0,0,0,0,0,64.53
2008,12,26,12,30,6.300000000000001,0,0,0,0,0,0,66.2
2008,12,26,13,30,7.5,0,0,0,0,0,0,64.72
2008,12,26,14,30,10.100000000000001,35,164,705,705,35,164,58.370000000000005
2008,12,26,15,30,13.5,50,377,889,889,50,377,49.02
2008,12,26,16,30,16.6,58,560,970,970,58,560,38.58
2008,12,26,17,30,18.400000000000002,62,687,1006,1006,62,687,34.22
2008,12,26,18,30,19.400000000000002,64,748,1018,576,237,623,32.08
2008,12,26,19,30,19.5,63,741,1019,776,165,682,32.1
2008,12,26,20,30,19,60,660,996,996,60,660,33.54
2008,12,26,21,30,18.2,54,519,952,952,54,519,35.34
2008,12,26,22,30,17,44,329,864,864,44,329,37.980000000000004
2008,12,26,23,30,14.3,28,116,635,635,28,116,45.58
2008,12,27,0,30,11.600000000000001,0,0,0,0,0,0,56.18
2008,12,27,1,30,10.3,0,0,0,0,0,0,62.120000000000005
2008,12,27,2,30,9.3,0,0,0,0,0,0,67.53
2008,12,27,3,30,8.4,0,0,0,0,0,0,73.58
2008,12,27,4,30,7.6000000000000005,0,0,0,0,0,0,80.06
2008,12,27,5,30,6.9,0,0,0,0,0,0,85.72
2008,12,27,6,30,6.4,0,0,0,0,0,0,88.32000000000001
2008,12,27,7,30,6,0,0,0,0,0,0,89.02
2008,12,27,8,30,5.6000000000000005,0,0,0,0,0,0,89.86
2008,12,27,9,30,5.300000000000001,0,0,0,0,0,0,90.92
2008,12,27,10,30,4.9,0,0,0,0,0,0,93.21000000000001
2008,12,27,11,30,4.7,0,0,0,0,0,0,94.78
2008,12,27,12,30,4.5,0,0,0,0,0,0,96.3
2008,12,27,13,30,5.300000000000001,0,0,0,0,0,0,90.82000000000001
2008,12,27,14,30,8.5,32,163,726,108,97,117,71.95
2008,12,27,15,30,12.9,41,376,914,914,41,376,51.04
2008,12,27,16,30,16.6,48,560,991,991,48,560,36.28
2008,12,27,17,30,18.900000000000002,51,690,1029,1029,51,690,31.080000000000002
2008,12,27,18,30,20.400000000000002,57,753,1036,1036,57,753,28.18
2008,12,27,19,30,21.200000000000003,56,743,1031,1031,56,743,26.69
2008,12,27,20,30,21.3,54,666,1011,1011,54,666,26.48
2008,12,27,21,30,20.700000000000003,48,522,966,966,48,522,27.61
2008,12,27,22,30,18.900000000000002,41,331,876,876,41,331,31.23
2008,12,27,23,30,15.200000000000001,27,118,648,648,27,118,44.49
2008,12,28,0,30,12.3,0,0,0,0,0,0,56.65
2008,12,28,1,30,11.100000000000001,0,0,0,0,0,0,61.410000000000004
2008,12,28,2,30,10,0,0,0,0,0,0,66.28
2008,12,28,3,30,9,0,0,0,0,0,0,71.18
2008,12,28,4,30,8,0,0,0,0,0,0,77.14
2008,12,28,5,30,7.1000000000000005,0,0,0,0,0,0,84.21000000000001
2008,12,28,6,30,6.4,0,0,0,0,0,0,91.59
2008,12,28,7,30,5.800000000000001,0,0,0,0,0,0,99.19
2008,12,28,8,30,5.2,0,0,0,0,0,0,100
2008,12,28,9,30,4.6000000000000005,0,0,0,0,0,0,100
2008,12,28,10,30,4,0,0,0,0,0,0,100
2008,12,28,11,30,3.7,0,0,0,0,0,0,100
2008,12,28,12,30,3.7,0,0,0,0,0,0,100
2008,12,28,13,30,4.4,0,0,0,0,0,0,100
2008,12,28,14,30,6.300000000000001,34,164,721,721,34,164,86.46000000000001
2008,12,28,15,30,9.8,46,381,914,914,46,381,67.99
2008,12,28,16,30,14.100000000000001,52,566,995,995,52,566,48.21
2008,12,28,17,30,17.3,56,698,1033,1033,56,698,33.56
2008,12,28,18,30,19,57,764,1050,1050,57,764,27.91
2008,12,28,19,30,19.8,57,753,1044,1044,57,753,25.07
2008,12,28,20,30,20,55,676,1025,1025,55,676,23.69
2008,12,28,21,30,19.400000000000002,51,533,980,638,203,517,23.84
2008,12,28,22,30,17.6,44,339,884,413,139,277,26.76
2008,12,28,23,30,14.5,29,123,653,48,76,82,45.58
2008,12,29,0,30,11.9,0,0,0,0,0,0,47.92
2008,12,29,1,30,10,0,0,0,0,0,0,50.1
2008,12,29,2,30,8.200000000000001,0,0,0,0,0,0,53.96
2008,12,29,3,30,6.7,0,0,0,0,0,0,57.15
2008,12,29,4,30,5.6000000000000005,0,0,0,0,0,0,58.79
2008,12,29,5,30,4.800000000000001,0,0,0,0,0,0,60.06
2008,12,29,6,30,4.4,0,0,0,0,0,0,60.74
2008,12,29,7,30,4.3,0,0,0,0,0,0,60.71
2008,12,29,8,30,4.3,0,0,0,0,0,0,62.050000000000004
2008,12,29,9,30,4.1000000000000005,0,0,0,0,0,0,65.02
2008,12,29,10,30,3.6,0,0,0,0,0,0,69.7
2008,12,29,11,30,3.2,0,0,0,0,0,0,74.46000000000001
2008,12,29,12,30,3.1,0,0,0,0,0,0,81.73
2008,12,29,13,30,4.4,0,0,0,0,0,0,82.27
2008,12,29,14,30,6.9,60,140,450,450,60,140,77.76
2008,12,29,15,30,9.200000000000001,91,346,699,699,91,346,75.85000000000001
2008,12,29,16,30,11.4,103,528,823,823,103,528,69.23
2008,12,29,17,30,13.200000000000001,107,658,887,401,326,575,62.04
2008,12,29,18,30,14.4,95,729,942,614,236,650,57.2
2008,12,29,19,30,15.100000000000001,92,724,947,438,283,576,54.47
2008,12,29,20,30,15.4,87,649,925,263,293,453,53.410000000000004
2008,12,29,21,30,15.200000000000001,76,511,881,51,232,257,53.96
2008,12,29,22,30,14.100000000000001,62,323,778,611,19,224,57.72
2008,12,29,23,30,12.200000000000001,38,115,527,109,80,96,68.37
2008,12,30,0,30,10.9,0,0,0,0,0,0,71.33
2008,12,30,1,30,10.3,0,0,0,0,0,0,73.36
2008,12,30,2,30,9.8,0,0,0,0,0,0,75.58
2008,12,30,3,30,9.3,0,0,0,0,0,0,78.54
2008,12,30,4,30,8.4,0,0,0,0,0,0,85.26
2008,12,30,5,30,7.4,0,0,0,0,0,0,94.75
2008,12,30,6,30,6.800000000000001,0,0,0,0,0,0,100
2008,12,30,7,30,6.6000000000000005,0,0,0,0,0,0,100
2008,12,30,8,30,6.5,0,0,0,0,0,0,100
2008,12,30,9,30,6.300000000000001,0,0,0,0,0,0,100
2008,12,30,10,30,6.1000000000000005,0,0,0,0,0,0,100
2008,12,30,11,30,5.9,0,0,0,0,0,0,100
2008,12,30,12,30,5.800000000000001,0,0,0,0,0,0,100
2008,12,30,13,30,6.5,0,0,0,0,0,0,99.42
2008,12,30,14,30,8.5,42,152,617,617,42,152,87.05
2008,12,30,15,30,12,60,365,837,146,204,257,69.67
2008,12,30,16,30,16.2,69,547,927,22,210,221,53.18
2008,12,30,17,30,18.8,75,676,967,161,312,412,43.21
2008,12,30,18,30,19.6,79,741,982,360,302,545,40.18
2008,12,30,19,30,19.200000000000003,85,731,965,336,305,530,40.94
2008,12,30,20,30,18.1,88,650,923,467,256,541,44.39
2008,12,30,21,30,16.7,69,517,902,460,187,415,49.57
2008,12,30,22,30,15.3,59,328,796,16,131,136,55.730000000000004
2008,12,30,23,30,13.5,37,118,549,1,58,58,65.89
2008,12,31,0,30,12.100000000000001,0,0,0,0,0,0,71.05
2008,12,31,1,30,11.3,0,0,0,0,0,0,73.42
2008,12,31,2,30,10.700000000000001,0,0,0,0,0,0,75.79
2008,12,31,3,30,10.100000000000001,0,0,0,0,0,0,79.15
2008,12,31,4,30,9.3,0,0,0,0,0,0,84
2008,12,31,5,30,8.4,0,0,0,0,0,0,90.04
2008,12,31,6,30,7.6000000000000005,0,0,0,0,0,0,96.04
2008,12,31,7,30,7,0,0,0,0,0,0,100
2008,12,31,8,30,6.5,0,0,0,0,0,0,100
2008,12,31,9,30,6.1000000000000005,0,0,0,0,0,0,100
2008,12,31,10,30,5.800000000000001,0,0,0,0,0,0,100
2008,12,31,11,30,5.6000000000000005,0,0,0,0,0,0,100
2008,12,31,12,30,5.5,0,0,0,0,0,0,100
2008,12,31,13,30,7.300000000000001,0,0,0,0,0,0,95.11
2008,12,31,14,30,10.9,37,153,654,654,37,153,74.55
2008,12,31,15,30,14.5,54,366,857,857,54,366,58.88
2008,12,31,16,30,16.7,63,549,942,595,171,477,46.31
2008,12,31,17,30,17.3,71,678,975,394,275,520,42.39
2008,12,31,18,30,17.400000000000002,72,744,997,342,315,546,41.26
2008,12,31,19,30,17.3,73,742,997,1,236,237,41.1
2008,12,31,20,30,17.2,70,666,976,0,25,25,41.14
2008,12,31,21,30,16.7,63,527,931,931,63,527,42.28
2008,12,31,22,30,15.600000000000001,53,339,839,839,53,339,45.160000000000004
2008,12,31,23,30,13,34,125,608,608,34,125,55.63
