Source,Location ID,City,State,Country,Latitude,Longitude,Time Zone,Elevation,Local Time Zone,Clearsky DHI Units,Clearsky DNI Units,Clearsky GHI Units,Dew Point Units,DHI Units,DNI Units,GHI Units,Solar Zenith Angle Units,Temperature Units,Pressure Units,Relative Humidity Units,Precipitable Water Units,Wind Direction Units,Wind Speed Units,Cloud Type -15,Cloud Type 0,Cloud Type 1,Cloud Type 2,Cloud Type 3,Cloud Type 4,Cloud Type 5,Cloud Type 6,Cloud Type 7,Cloud Type 8,Cloud Type 9,Cloud Type 10,Cloud Type 11,Cloud Type 12,Fill Flag 0,Fill Flag 1,Fill Flag 2,Fill Flag 3,Fill Flag 4,Fill Flag 5,Surface Albedo Units,Version
NSRDB,532697,-,-,-,24.05,-103.14,0,2087,-6,w/m2,w/m2,w/m2,c,w/m2,w/m2,w/m2,Degree,c,mbar,%,cm,Degrees,m/s,N/A,Clear,Probably Clear,Fog,Water,Super-Cooled Water,Mixed,Opaque Ice,Cirrus,Overlapping,Overshooting,Unknown,Dust,Smoke,N/A,Missing Image,Low Irradiance,Exceeds Clearsky,Missing CLoud Properties,Rayleigh Violation,N/A,4.0.1
Year,Month,Day,Hour,Minute,Temperature,Clearsky DHI,Clearsky GHI,Clearsky DNI,DNI,DHI,GHI,Relative Humidity
2008,1,1,0,30,11.8,0,0,0,0,0,0,20.01
2008,1,1,1,30,9.8,0,0,0,0,0,0,21.490000000000002
2008,1,1,2,30,8.200000000000001,0,0,0,0,0,0,23.87
2008,1,1,3,30,7,0,0,0,0,0,0,26.650000000000002
2008,1,1,4,30,6.2,0,0,0,0,0,0,28.88
2008,1,1,5,30,5.9,0,0,0,0,0,0,30.14
2008,1,1,6,30,5.9,0,0,0,0,0,0,30.900000000000002
2008,1,1,7,30,5.9,0,0,0,0,0,0,30.900000000000002
2008,1,1,8,30,5.5,0,0,0,0,0,0,31.57
2008,1,1,9,30,4.6000000000000005,0,0,0,0,0,0,33.72
2008,1,1,10,30,3.3000000000000003,0,0,0,0,0,0,36.85
2008,1,1,11,30,2,0,0,0,0,0,0,40.96
2008,1,1,12,30,1,0,0,0,0,0,0,45.13
2008,1,1,13,30,2,0,0,0,0,0,0,43.75
2008,1,1,14,30,5.1000000000000005,37,163,709,709,37,163,37.660000000000004
2008,1,1,15,30,9,56,380,889,889,56,380,37.39
2008,1,1,16,30,13,67,565,963,963,67,565,41.61
2008,1,1,17,30,16.1,76,699,1001,1001,76,699,38.51
2008,1,1,18,30,18.2,77,764,1016,1016,77,764,34.21
2008,1,1,19,30,19.5,75,759,1017,1017,75,759,30.75
2008,1,1,20,30,19.8,71,680,995,995,71,680,29.34
2008,1,1,21,30,19.3,65,536,945,945,65,536,29.93
2008,1,1,22,30,17.7,54,344,849,849,54,344,33.49
2008,1,1,23,30,14.8,36,127,604,604,36,127,42.09
2008,1,2,0,30,12.200000000000001,0,0,0,0,0,0,51.660000000000004
2008,1,2,1,30,10.9,0,0,0,0,0,0,56.36
2008,1,2,2,30,9.600000000000001,0,0,0,0,0,0,60.94
2008,1,2,3,30,7.7,0,0,0,0,0,0,68.1
2008,1,2,4,30,6.2,0,0,0,0,0,0,73.92
2008,1,2,5,30,5.300000000000001,0,0,0,0,0,0,78.17
2008,1,2,6,30,4.5,0,0,0,0,0,0,81.15
2008,1,2,7,30,3.7,0,0,0,0,0,0,81.15
2008,1,2,8,30,2.8000000000000003,0,0,0,0,0,0,81.79
2008,1,2,9,30,2.1,0,0,0,0,0,0,81.47
2008,1,2,10,30,1.4000000000000001,0,0,0,0,0,0,81.74
2008,1,2,11,30,0.9,0,0,0,0,0,0,81.71000000000001
2008,1,2,12,30,0.4,0,0,0,0,0,0,82.25
2008,1,2,13,30,0.7000000000000001,0,0,0,0,0,0,78.35000000000001
2008,1,2,14,30,2.3000000000000003,37,162,711,2,78,78,68.87
2008,1,2,15,30,5.2,51,383,912,1,122,122,57.660000000000004
2008,1,2,16,30,8.4,58,574,998,39,283,303,47.88
2008,1,2,17,30,11.200000000000001,62,709,1039,1039,62,709,40.64
2008,1,2,18,30,13.3,62,778,1057,1057,62,778,35.11
2008,1,2,19,30,14.600000000000001,62,773,1057,1057,62,773,30.94
2008,1,2,20,30,15.200000000000001,59,697,1038,1038,59,697,28.080000000000002
2008,1,2,21,30,14.9,55,554,995,995,55,554,27.3
2008,1,2,22,30,13.600000000000001,48,359,905,905,48,359,29.07
2008,1,2,23,30,10.3,32,137,687,687,32,137,36.57
2008,1,3,0,30,7.5,0,0,0,0,0,0,46.18
2008,1,3,1,30,6.300000000000001,0,0,0,0,0,0,51.13
2008,1,3,2,30,4.9,0,0,0,0,0,0,57.86
2008,1,3,3,30,3.3000000000000003,0,0,0,0,0,0,66.1
2008,1,3,4,30,1.9000000000000001,0,0,0,0,0,0,73.54
2008,1,3,5,30,0.6000000000000001,0,0,0,0,0,0,79.93
2008,1,3,6,30,-0.4,0,0,0,0,0,0,83.84
2008,1,3,7,30,-1.2000000000000002,0,0,0,0,0,0,86.05
2008,1,3,8,30,-1.8,0,0,0,0,0,0,87.25
2008,1,3,9,30,-2.3000000000000003,0,0,0,0,0,0,88.2
2008,1,3,10,30,-2.6,0,0,0,0,0,0,88.81
2008,1,3,11,30,-2.8000000000000003,0,0,0,0,0,0,89.42
2008,1,3,12,30,-2.9000000000000004,0,0,0,0,0,0,89.63
2008,1,3,13,30,-1.8,0,0,0,0,0,0,82.46000000000001
2008,1,3,14,30,1.5,33,164,741,103,100,118,65.22
2008,1,3,15,30,5.800000000000001,46,386,934,934,46,386,50.42
2008,1,3,16,30,10.200000000000001,52,577,1015,1015,52,577,39.31
2008,1,3,17,30,14,56,713,1053,1053,56,713,31.52
2008,1,3,18,30,17,61,784,1067,1067,61,784,26.07
2008,1,3,19,30,19,59,780,1067,1067,59,780,20.14
2008,1,3,20,30,19.6,57,703,1050,1050,57,703,16.62
2008,1,3,21,30,19.3,54,561,1007,1007,54,561,15.48
2008,1,3,22,30,17.3,46,365,921,921,46,365,17.07
2008,1,3,23,30,12.9,31,140,699,699,31,140,29.6
2008,1,4,0,30,9.5,0,0,0,0,0,0,36.300000000000004
2008,1,4,1,30,8.200000000000001,0,0,0,0,0,0,42.95
2008,1,4,2,30,6.9,0,0,0,0,0,0,52.800000000000004
2008,1,4,3,30,5.6000000000000005,0,0,0,0,0,0,61.76
2008,1,4,4,30,4.4,0,0,0,0,0,0,68.78
2008,1,4,5,30,3.4000000000000004,0,0,0,0,0,0,74.21000000000001
2008,1,4,6,30,2.6,0,0,0,0,0,0,78.55
2008,1,4,7,30,2.1,0,0,0,0,0,0,81.31
2008,1,4,8,30,1.9000000000000001,0,0,0,0,0,0,82.38
2008,1,4,9,30,1.8,0,0,0,0,0,0,82.72
2008,1,4,10,30,1.7000000000000002,0,0,0,0,0,0,83.02
2008,1,4,11,30,1.7000000000000002,0,0,0,0,0,0,82.55
2008,1,4,12,30,1.9000000000000001,0,0,0,0,0,0,80.74
2008,1,4,13,30,4.4,0,0,0,0,0,0,66.82000000000001
2008,1,4,14,30,9,36,159,704,34,100,106,48.660000000000004
2008,1,4,15,30,13.9,51,379,903,903,51,379,35.28
2008,1,4,16,30,18.400000000000002,59,570,988,988,59,570,22.04
2008,1,4,17,30,20.900000000000002,63,706,1030,1030,63,706,14.040000000000001
2008,1,4,18,30,22.1,64,780,1055,1055,64,780,13.02
2008,1,4,19,30,22.700000000000003,64,777,1054,1054,64,777,12.58
2008,1,4,20,30,22.700000000000003,62,701,1036,1036,62,701,12.42
2008,1,4,21,30,22.200000000000003,56,559,995,995,56,559,12.64
2008,1,4,22,30,20.1,48,364,907,907,48,364,14.36
2008,1,4,23,30,15.9,33,141,682,3,77,77,26.53
2008,1,5,0,30,12.4,0,0,0,0,0,0,29.78
2008,1,5,1,30,10.700000000000001,0,0,0,0,0,0,32.36
2008,1,5,2,30,9.4,0,0,0,0,0,0,35.32
2008,1,5,3,30,8.5,0,0,0,0,0,0,38.19
2008,1,5,4,30,7.9,0,0,0,0,0,0,40.19
2008,1,5,5,30,7.4,0,0,0,0,0,0,40.99
2008,1,5,6,30,6.7,0,0,0,0,0,0,41.7
2008,1,5,7,30,5.800000000000001,0,0,0,0,0,0,42.88
2008,1,5,8,30,5.300000000000001,0,0,0,0,0,0,43.39
2008,1,5,9,30,5.4,0,0,0,0,0,0,42.410000000000004
2008,1,5,10,30,5.7,0,0,0,0,0,0,41
2008,1,5,11,30,5.9,0,0,0,0,0,0,40.09
2008,1,5,12,30,6.1000000000000005,0,0,0,0,0,0,39.68
2008,1,5,13,30,7.300000000000001,0,0,0,0,0,0,37
2008,1,5,14,30,10.3,36,156,689,238,85,127,33.88
2008,1,5,15,30,14.700000000000001,52,376,891,891,52,376,24.29
2008,1,5,16,30,18.7,61,569,982,982,61,569,19.27
2008,1,5,17,30,20.900000000000002,66,706,1025,1025,66,706,16.740000000000002
2008,1,5,18,30,22.1,68,777,1042,1042,68,777,15.43
2008,1,5,19,30,22.8,67,774,1044,1044,67,774,14.58
2008,1,5,20,30,23,64,699,1027,1027,64,699,14.1
2008,1,5,21,30,22.6,57,558,987,987,57,558,13.98
2008,1,5,22,30,20.900000000000002,48,364,901,901,48,364,15.290000000000001
2008,1,5,23,30,18.2,33,143,690,690,33,143,24.330000000000002
2008,1,6,0,30,16.2,0,0,0,0,0,0,23.07
2008,1,6,1,30,15.200000000000001,0,0,0,0,0,0,23.71
2008,1,6,2,30,14.4,0,0,0,0,0,0,23.86
2008,1,6,3,30,13.100000000000001,0,0,0,0,0,0,26.1
2008,1,6,4,30,10.9,0,0,0,0,0,0,30.68
2008,1,6,5,30,8.6,0,0,0,0,0,0,38.04
2008,1,6,6,30,7.1000000000000005,0,0,0,0,0,0,45.11
2008,1,6,7,30,6.300000000000001,0,0,0,0,0,0,51.910000000000004
2008,1,6,8,30,5.9,0,0,0,0,0,0,57.870000000000005
2008,1,6,9,30,5.6000000000000005,0,0,0,0,0,0,63.02
2008,1,6,10,30,5.4,0,0,0,0,0,0,66.02
2008,1,6,11,30,5.2,0,0,0,0,0,0,67.08
2008,1,6,12,30,5,0,0,0,0,0,0,67.15
2008,1,6,13,30,7.1000000000000005,0,0,0,0,0,0,56.99
2008,1,6,14,30,11.3,36,161,714,104,99,117,42.85
2008,1,6,15,30,15.8,53,384,913,913,53,384,31.85
2008,1,6,16,30,19.5,61,578,998,998,61,578,20.59
2008,1,6,17,30,21.200000000000003,66,717,1040,1040,66,717,16.47
2008,1,6,18,30,22.200000000000003,68,789,1058,1058,68,789,13.91
2008,1,6,19,30,22.700000000000003,67,787,1059,1059,67,787,11.98
2008,1,6,20,30,22.700000000000003,64,718,1052,1052,64,718,10.82
2008,1,6,21,30,22.1,58,575,1012,1012,58,575,10.540000000000001
2008,1,6,22,30,19.900000000000002,49,378,931,931,49,378,11.75
2008,1,6,23,30,15.3,33,152,730,730,33,152,19.91
2008,1,7,0,30,11.8,0,0,0,0,0,0,26.93
2008,1,7,1,30,10.5,0,0,0,0,0,0,29.19
2008,1,7,2,30,9.700000000000001,0,0,0,0,0,0,31.02
2008,1,7,3,30,9.1,0,0,0,0,0,0,32.74
2008,1,7,4,30,8.4,0,0,0,0,0,0,35.04
2008,1,7,5,30,7.6000000000000005,0,0,0,0,0,0,38.74
2008,1,7,6,30,6.800000000000001,0,0,0,0,0,0,43.660000000000004
2008,1,7,7,30,6,0,0,0,0,0,0,49.84
2008,1,7,8,30,5.4,0,0,0,0,0,0,55.63
2008,1,7,9,30,4.9,0,0,0,0,0,0,60.21
2008,1,7,10,30,4.5,0,0,0,0,0,0,63.160000000000004
2008,1,7,11,30,4.1000000000000005,0,0,0,0,0,0,66.02
2008,1,7,12,30,3.7,0,0,0,0,0,0,68.68
2008,1,7,13,30,5.300000000000001,0,0,0,0,0,0,60.370000000000005
2008,1,7,14,30,9.1,32,166,770,108,100,119,43.87
2008,1,7,15,30,14.100000000000001,44,393,961,961,44,393,28.62
2008,1,7,16,30,18.6,50,589,1040,1040,50,589,12.71
2008,1,7,17,30,21,54,730,1077,1077,54,730,8.73
2008,1,7,18,30,22.3,61,804,1088,1088,61,804,7.890000000000001
2008,1,7,19,30,23,59,802,1091,1091,59,802,7.68
2008,1,7,20,30,22.900000000000002,55,726,1075,1075,55,726,7.9
2008,1,7,21,30,22.200000000000003,51,582,1037,1037,51,582,8.38
2008,1,7,22,30,20.1,43,384,959,959,43,384,9.74
2008,1,7,23,30,15.700000000000001,30,156,767,767,30,156,14.21
2008,1,8,0,30,11.9,0,0,0,0,0,0,21.56
2008,1,8,1,30,10.5,0,0,0,0,0,0,24.51
2008,1,8,2,30,9.3,0,0,0,0,0,0,27.310000000000002
2008,1,8,3,30,8.200000000000001,0,0,0,0,0,0,30.63
2008,1,8,4,30,7.2,0,0,0,0,0,0,35.64
2008,1,8,5,30,6.2,0,0,0,0,0,0,42.35
2008,1,8,6,30,5.4,0,0,0,0,0,0,48.47
2008,1,8,7,30,4.800000000000001,0,0,0,0,0,0,51.5
2008,1,8,8,30,4.3,0,0,0,0,0,0,49.67
2008,1,8,9,30,3.9000000000000004,0,0,0,0,0,0,45.45
2008,1,8,10,30,3.6,0,0,0,0,0,0,41.2
2008,1,8,11,30,3.3000000000000003,0,0,0,0,0,0,38.29
2008,1,8,12,30,3.1,0,0,0,0,0,0,36.03
2008,1,8,13,30,4.9,0,0,0,0,0,0,29.62
2008,1,8,14,30,8.8,29,168,801,90,103,118,21.45
2008,1,8,15,30,13.600000000000001,40,397,983,983,40,397,15.56
2008,1,8,16,30,17.900000000000002,46,595,1059,1059,46,595,9.77
2008,1,8,17,30,20,49,728,1081,1081,49,728,7.23
2008,1,8,18,30,20.8,52,802,1096,1096,52,802,6.88
2008,1,8,19,30,21.1,53,802,1095,1095,53,802,6.75
2008,1,8,20,30,20.8,53,728,1078,1078,53,728,6.87
2008,1,8,21,30,19.900000000000002,49,585,1040,710,169,534,7.33
2008,1,8,22,30,17.6,42,387,961,425,150,303,8.93
2008,1,8,23,30,13.600000000000001,30,159,769,290,85,133,17.8
2008,1,9,0,30,10.200000000000001,0,0,0,0,0,0,21.43
2008,1,9,1,30,8.200000000000001,0,0,0,0,0,0,25.27
2008,1,9,2,30,7,0,0,0,0,0,0,29.85
2008,1,9,3,30,6.7,0,0,0,0,0,0,32.660000000000004
2008,1,9,4,30,7,0,0,0,0,0,0,33.07
2008,1,9,5,30,6.800000000000001,0,0,0,0,0,0,33.28
2008,1,9,6,30,5.7,0,0,0,0,0,0,35.74
2008,1,9,7,30,4.5,0,0,0,0,0,0,38.62
2008,1,9,8,30,3.4000000000000004,0,0,0,0,0,0,38.94
2008,1,9,9,30,2.6,0,0,0,0,0,0,39.09
2008,1,9,10,30,2.4000000000000004,0,0,0,0,0,0,39.71
2008,1,9,11,30,2.3000000000000003,0,0,0,0,0,0,41.59
2008,1,9,12,30,2.3000000000000003,0,0,0,0,0,0,43.69
2008,1,9,13,30,4.4,0,0,0,0,0,0,38.96
2008,1,9,14,30,8.5,32,160,744,34,100,106,30.25
2008,1,9,15,30,13.600000000000001,45,385,934,278,199,300,21.6
2008,1,9,16,30,18.3,53,579,1015,577,182,481,15.63
2008,1,9,17,30,20.8,57,720,1054,819,168,683,13.96
2008,1,9,18,30,22.1,56,787,1065,619,219,644,12.92
2008,1,9,19,30,22.8,56,787,1065,738,201,707,12.06
2008,1,9,20,30,22.8,55,714,1049,416,278,539,11.77
2008,1,9,21,30,21.8,55,575,1004,206,282,389,12.24
2008,1,9,22,30,19.400000000000002,47,380,922,371,173,307,14.13
2008,1,9,23,30,15.8,33,158,733,50,95,103,20.52
2008,1,10,0,30,13.4,0,0,0,0,0,0,25.1
2008,1,10,1,30,12.200000000000001,0,0,0,0,0,0,26.88
2008,1,10,2,30,11.4,0,0,0,0,0,0,27.76
2008,1,10,3,30,10.700000000000001,0,0,0,0,0,0,28.37
2008,1,10,4,30,9.9,0,0,0,0,0,0,29.87
2008,1,10,5,30,9,0,0,0,0,0,0,32.35
2008,1,10,6,30,8,0,0,0,0,0,0,35.04
2008,1,10,7,30,7.1000000000000005,0,0,0,0,0,0,36.97
2008,1,10,8,30,5.9,0,0,0,0,0,0,38.69
2008,1,10,9,30,4.5,0,0,0,0,0,0,40.14
2008,1,10,10,30,3.5,0,0,0,0,0,0,39.75
2008,1,10,11,30,2.8000000000000003,0,0,0,0,0,0,38.26
2008,1,10,12,30,2.4000000000000004,0,0,0,0,0,0,35.980000000000004
2008,1,10,13,30,4.6000000000000005,0,0,0,0,0,0,28.490000000000002
2008,1,10,14,30,9.1,33,166,768,78,97,111,20.19
2008,1,10,15,30,13.8,46,395,958,139,229,280,12.67
2008,1,10,16,30,17.5,54,592,1037,1037,54,592,6.54
2008,1,10,17,30,19.400000000000002,59,736,1074,845,171,704,4.51
2008,1,10,18,30,20.5,63,803,1077,1077,63,803,4.17
2008,1,10,19,30,21,62,803,1078,1078,62,803,4.08
2008,1,10,20,30,21.1,60,729,1062,1062,60,729,4.11
2008,1,10,21,30,20.6,55,587,1023,752,153,543,4.33
2008,1,10,22,30,18.5,47,387,933,933,47,387,5.18
2008,1,10,23,30,14.3,34,161,735,62,96,107,14.85
2008,1,11,0,30,10.9,0,0,0,0,0,0,17.32
2008,1,11,1,30,9.200000000000001,0,0,0,0,0,0,18.67
2008,1,11,2,30,8.1,0,0,0,0,0,0,21.39
2008,1,11,3,30,7.800000000000001,0,0,0,0,0,0,23.14
2008,1,11,4,30,7.7,0,0,0,0,0,0,22.94
2008,1,11,5,30,7.300000000000001,0,0,0,0,0,0,22.82
2008,1,11,6,30,6.4,0,0,0,0,0,0,23.98
2008,1,11,7,30,5.4,0,0,0,0,0,0,24.830000000000002
2008,1,11,8,30,4.4,0,0,0,0,0,0,26.54
2008,1,11,9,30,3.5,0,0,0,0,0,0,28.48
2008,1,11,10,30,2.6,0,0,0,0,0,0,30.77
2008,1,11,11,30,1.8,0,0,0,0,0,0,33.77
2008,1,11,12,30,1.4000000000000001,0,0,0,0,0,0,36.27
2008,1,11,13,30,3.9000000000000004,0,0,0,0,0,0,31.720000000000002
2008,1,11,14,30,8.700000000000001,30,164,777,39,102,109,24.59
2008,1,11,15,30,13.700000000000001,42,393,965,965,42,393,16.76
2008,1,11,16,30,17.900000000000002,47,590,1044,1044,47,590,9.17
2008,1,11,17,30,20.3,51,734,1082,1082,51,734,5.38
2008,1,11,18,30,21.700000000000003,51,808,1099,1099,51,808,4.78
2008,1,11,19,30,22.3,51,809,1099,1099,51,809,4.87
2008,1,11,20,30,22.5,49,735,1084,1084,49,735,5.24
2008,1,11,21,30,21.900000000000002,47,594,1046,1046,47,594,5.8100000000000005
2008,1,11,22,30,19.5,41,397,970,970,41,397,6.96
2008,1,11,23,30,14.600000000000001,29,168,790,790,29,168,14.700000000000001
2008,1,12,0,30,10.8,0,0,0,0,0,0,19.84
2008,1,12,1,30,9.4,0,0,0,0,0,0,21.28
2008,1,12,2,30,8.3,0,0,0,0,0,0,22.77
2008,1,12,3,30,7.2,0,0,0,0,0,0,24.19
2008,1,12,4,30,6.2,0,0,0,0,0,0,25.54
2008,1,12,5,30,5.300000000000001,0,0,0,0,0,0,27.59
2008,1,12,6,30,4.5,0,0,0,0,0,0,30.17
2008,1,12,7,30,3.7,0,0,0,0,0,0,32.62
2008,1,12,8,30,3,0,0,0,0,0,0,34.33
2008,1,12,9,30,2.2,0,0,0,0,0,0,35.5
2008,1,12,10,30,1.5,0,0,0,0,0,0,35.74
2008,1,12,11,30,1,0,0,0,0,0,0,35.2
2008,1,12,12,30,0.6000000000000001,0,0,0,0,0,0,34.43
2008,1,12,13,30,2.9000000000000004,0,0,0,0,0,0,28.29
2008,1,12,14,30,7.6000000000000005,30,168,795,795,30,168,21.990000000000002
2008,1,12,15,30,12.200000000000001,43,400,979,979,43,400,15.200000000000001
2008,1,12,16,30,15.700000000000001,50,593,1041,1041,50,593,12.82
2008,1,12,17,30,17.5,56,737,1078,1078,56,737,11.15
2008,1,12,18,30,18.5,62,815,1089,1089,62,815,10.21
2008,1,12,19,30,18.900000000000002,62,816,1090,1090,62,816,9.84
2008,1,12,20,30,18.8,61,742,1073,1073,61,742,9.870000000000001
2008,1,12,21,30,18.1,56,600,1036,1036,56,600,10.34
2008,1,12,22,30,16.2,48,402,957,957,48,402,11.870000000000001
2008,1,12,23,30,12.3,35,172,766,766,35,172,17.62
2008,1,13,0,30,8.9,0,0,0,0,0,0,23.990000000000002
2008,1,13,1,30,7.4,0,0,0,0,0,0,26.02
2008,1,13,2,30,6,0,0,0,0,0,0,29.25
2008,1,13,3,30,4.800000000000001,0,0,0,0,0,0,32.74
2008,1,13,4,30,4.1000000000000005,0,0,0,0,0,0,35.21
2008,1,13,5,30,3.8000000000000003,0,0,0,0,0,0,35.95
2008,1,13,6,30,3.4000000000000004,0,0,0,0,0,0,36.300000000000004
2008,1,13,7,30,2.3000000000000003,0,0,0,0,0,0,38.69
2008,1,13,8,30,1.2000000000000002,0,0,0,0,0,0,41.25
2008,1,13,9,30,0.5,0,0,0,0,0,0,42.79
2008,1,13,10,30,0,0,0,0,0,0,0,44.11
2008,1,13,11,30,-0.2,0,0,0,0,0,0,46.78
2008,1,13,12,30,-0.2,0,0,0,0,0,0,56.32
2008,1,13,13,30,1.6,0,0,0,0,0,0,65.17
2008,1,13,14,30,5.5,37,164,736,113,100,120,61.9
2008,1,13,15,30,9.9,53,396,940,940,53,396,48.980000000000004
2008,1,13,16,30,14.4,60,596,1026,1026,60,596,33.8
2008,1,13,17,30,18.1,64,734,1057,1057,64,734,19.71
2008,1,13,18,30,20.3,65,818,1087,1087,65,818,12.63
2008,1,13,19,30,21.5,63,819,1089,1089,63,819,9.89
2008,1,13,20,30,21.8,60,738,1063,1063,60,738,8.78
2008,1,13,21,30,21.400000000000002,54,597,1027,1027,54,597,8.57
2008,1,13,22,30,19.200000000000003,46,400,951,951,46,400,9.85
2008,1,13,23,30,14.700000000000001,32,172,769,769,32,172,18.36
2008,1,14,0,30,11.3,0,0,0,0,0,0,23.72
2008,1,14,1,30,10.3,0,0,0,0,0,0,25.84
2008,1,14,2,30,9.600000000000001,0,0,0,0,0,0,28.05
2008,1,14,3,30,9,0,0,0,0,0,0,29.57
2008,1,14,4,30,8.4,0,0,0,0,0,0,31.080000000000002
2008,1,14,5,30,7.7,0,0,0,0,0,0,33.43
2008,1,14,6,30,7.2,0,0,0,0,0,0,35.9
2008,1,14,7,30,6.6000000000000005,0,0,0,0,0,0,38.160000000000004
2008,1,14,8,30,6.2,0,0,0,0,0,0,39.17
2008,1,14,9,30,5.6000000000000005,0,0,0,0,0,0,40.22
2008,1,14,10,30,5,0,0,0,0,0,0,40.86
2008,1,14,11,30,5,0,0,0,0,0,0,39.71
2008,1,14,12,30,5.2,0,0,0,0,0,0,38.04
2008,1,14,13,30,6.4,0,0,0,0,0,0,34.27
2008,1,14,14,30,8.700000000000001,37,160,712,3,55,56,28.92
2008,1,14,15,30,11.5,54,388,913,10,132,136,24.22
2008,1,14,16,30,14.5,64,581,989,2,132,133,17.11
2008,1,14,17,30,16.5,70,725,1030,33,288,309,13.290000000000001
2008,1,14,18,30,17.5,73,800,1047,15,289,300,13.43
2008,1,14,19,30,17.900000000000002,73,798,1041,51,346,382,14.09
2008,1,14,20,30,17.8,71,726,1023,7,221,225,14.540000000000001
2008,1,14,21,30,17.3,66,583,975,53,245,273,14.98
2008,1,14,22,30,15.600000000000001,57,390,888,69,196,222,17.21
2008,1,14,23,30,13.200000000000001,40,166,684,3,51,51,22.69
2008,1,15,0,30,11.600000000000001,0,0,0,0,0,0,26.990000000000002
2008,1,15,1,30,10.9,0,0,0,0,0,0,29.27
2008,1,15,2,30,10.200000000000001,0,0,0,0,0,0,31.59
2008,1,15,3,30,9.5,0,0,0,0,0,0,33.52
2008,1,15,4,30,8.6,0,0,0,0,0,0,36.19
2008,1,15,5,30,7.7,0,0,0,0,0,0,39.25
2008,1,15,6,30,6.9,0,0,0,0,0,0,42.51
2008,1,15,7,30,6.300000000000001,0,0,0,0,0,0,45.52
2008,1,15,8,30,5.800000000000001,0,0,0,0,0,0,48.27
2008,1,15,9,30,5.5,0,0,0,0,0,0,50.26
2008,1,15,10,30,5.2,0,0,0,0,0,0,52.29
2008,1,15,11,30,5,0,0,0,0,0,0,54.09
2008,1,15,12,30,4.800000000000001,0,0,0,0,0,0,56.2
2008,1,15,13,30,5.7,0,0,0,0,0,0,54.050000000000004
2008,1,15,14,30,8.1,36,158,701,6,62,63,47.15
2008,1,15,15,30,11.3,52,383,905,1,72,72,39.17
2008,1,15,16,30,13.9,61,580,990,68,253,288,30.72
2008,1,15,17,30,15.700000000000001,66,720,1026,550,244,594,25.73
2008,1,15,18,30,17,69,795,1043,1043,69,795,23.54
2008,1,15,19,30,17.7,67,798,1046,698,214,702,22.96
2008,1,15,20,30,17.6,66,724,1024,757,184,671,23.77
2008,1,15,21,30,16.7,60,586,985,380,246,449,25.63
2008,1,15,22,30,14.9,50,396,913,622,127,362,29.46
2008,1,15,23,30,12.200000000000001,36,172,725,725,36,172,36.11
2008,1,16,0,30,9.600000000000001,0,0,0,0,0,0,43.94
2008,1,16,1,30,7.7,0,0,0,0,0,0,49.27
2008,1,16,2,30,6.1000000000000005,0,0,0,0,0,0,50.71
2008,1,16,3,30,4.3,0,0,0,0,0,0,50.44
2008,1,16,4,30,2.6,0,0,0,0,0,0,50.52
2008,1,16,5,30,1.2000000000000002,0,0,0,0,0,0,52.13
2008,1,16,6,30,0.1,0,0,0,0,0,0,54.74
2008,1,16,7,30,-0.7000000000000001,0,0,0,0,0,0,57.09
2008,1,16,8,30,-1.2000000000000002,0,0,0,0,0,0,58.64
2008,1,16,9,30,-1.7000000000000002,0,0,0,0,0,0,59.980000000000004
2008,1,16,10,30,-2.1,0,0,0,0,0,0,60.160000000000004
2008,1,16,11,30,-2.6,0,0,0,0,0,0,60.34
2008,1,16,12,30,-2.8000000000000003,0,0,0,0,0,0,58.99
2008,1,16,13,30,-0.9,0,0,0,0,0,0,49.13
2008,1,16,14,30,3.2,32,169,787,227,91,131,35.74
2008,1,16,15,30,7.6000000000000005,46,404,977,977,46,404,24.810000000000002
2008,1,16,16,30,11.3,53,608,1055,1055,53,608,15.32
2008,1,16,17,30,14,59,756,1091,1091,59,756,10.46
2008,1,16,18,30,16,62,825,1092,1092,62,825,7.76
2008,1,16,19,30,17.3,61,827,1093,1093,61,827,6.62
2008,1,16,20,30,17.900000000000002,57,754,1080,1080,57,754,6.46
2008,1,16,21,30,17.8,54,613,1042,1042,54,613,6.83
2008,1,16,22,30,16.1,46,415,969,663,123,376,7.97
2008,1,16,23,30,12.100000000000001,33,184,793,308,90,149,15.71
2008,1,17,0,30,9,0,0,0,0,0,0,20.13
2008,1,17,1,30,7.7,0,0,0,0,0,0,21.32
2008,1,17,2,30,6.6000000000000005,0,0,0,0,0,0,22.19
2008,1,17,3,30,5.6000000000000005,0,0,0,0,0,0,22.81
2008,1,17,4,30,4.9,0,0,0,0,0,0,23.41
2008,1,17,5,30,4.3,0,0,0,0,0,0,24.17
2008,1,17,6,30,3.4000000000000004,0,0,0,0,0,0,25.86
2008,1,17,7,30,2.2,0,0,0,0,0,0,28.060000000000002
2008,1,17,8,30,1.5,0,0,0,0,0,0,28.89
2008,1,17,9,30,1,0,0,0,0,0,0,29.18
2008,1,17,10,30,1,0,0,0,0,0,0,28.22
2008,1,17,11,30,1.4000000000000001,0,0,0,0,0,0,26.98
2008,1,17,12,30,1.2000000000000002,0,0,0,0,0,0,29.03
2008,1,17,13,30,2.5,0,0,0,0,0,0,30.75
2008,1,17,14,30,6.2,33,170,785,27,90,95,28.11
2008,1,17,15,30,11,47,406,975,115,215,258,22.43
2008,1,17,16,30,15.100000000000001,53,610,1056,4,157,159,11.64
2008,1,17,17,30,17.5,56,758,1095,31,277,296,7.15
2008,1,17,18,30,18.900000000000002,59,827,1095,606,274,698,5.98
2008,1,17,19,30,19.400000000000002,61,831,1095,1095,61,831,5.76
2008,1,17,20,30,19,60,759,1079,509,282,612,6.07
2008,1,17,21,30,17.900000000000002,55,618,1043,801,157,589,6.8100000000000005
2008,1,17,22,30,16.3,47,420,970,309,185,304,8.1
2008,1,17,23,30,13.100000000000001,34,188,798,357,86,154,11.290000000000001
2008,1,18,0,30,10.100000000000001,0,0,0,0,0,0,17.44
2008,1,18,1,30,8.4,0,0,0,0,0,0,20.72
2008,1,18,2,30,7.300000000000001,0,0,0,0,0,0,23.02
2008,1,18,3,30,6.300000000000001,0,0,0,0,0,0,25.150000000000002
2008,1,18,4,30,5.2,0,0,0,0,0,0,27.91
2008,1,18,5,30,4,0,0,0,0,0,0,31.54
2008,1,18,6,30,3.1,0,0,0,0,0,0,35.2
2008,1,18,7,30,2.8000000000000003,0,0,0,0,0,0,38.28
2008,1,18,8,30,2.8000000000000003,0,0,0,0,0,0,41.39
2008,1,18,9,30,2.7,0,0,0,0,0,0,45.51
2008,1,18,10,30,2.6,0,0,0,0,0,0,49.96
2008,1,18,11,30,2.5,0,0,0,0,0,0,54.68
2008,1,18,12,30,2.7,0,0,0,0,0,0,58.5
2008,1,18,13,30,3.7,0,0,0,0,0,0,58.95
2008,1,18,14,30,6.6000000000000005,35,159,709,96,97,114,51.75
2008,1,18,15,30,10.3,51,387,909,243,207,297,39.68
2008,1,18,16,30,13.3,59,585,995,995,59,585,25.78
2008,1,18,17,30,15.5,63,730,1037,515,264,595,17.48
2008,1,18,18,30,16.6,63,812,1064,1064,63,812,13.81
2008,1,18,19,30,17.1,60,820,1075,1075,60,820,13.34
2008,1,18,20,30,17,56,754,1072,1072,56,754,12.63
2008,1,18,21,30,16,51,620,1049,1049,51,620,12.52
2008,1,18,22,30,14.3,45,422,977,977,45,422,13.44
2008,1,18,23,30,11.4,33,191,806,806,33,191,16.62
2008,1,19,0,30,8.3,0,0,0,0,0,0,22.31
2008,1,19,1,30,5.800000000000001,0,0,0,0,0,0,28.35
2008,1,19,2,30,3.9000000000000004,0,0,0,0,0,0,32.94
2008,1,19,3,30,2.5,0,0,0,0,0,0,35.03
2008,1,19,4,30,1.3,0,0,0,0,0,0,37.24
2008,1,19,5,30,0.4,0,0,0,0,0,0,39.85
2008,1,19,6,30,0,0,0,0,0,0,0,41.34
2008,1,19,7,30,-0.2,0,0,0,0,0,0,41.99
2008,1,19,8,30,-0.2,0,0,0,0,0,0,41.52
2008,1,19,9,30,0,0,0,0,0,0,0,40.6
2008,1,19,10,30,0.30000000000000004,0,0,0,0,0,0,39.77
2008,1,19,11,30,0.4,0,0,0,0,0,0,39.46
2008,1,19,12,30,0.2,0,0,0,0,0,0,40.300000000000004
2008,1,19,13,30,1,0,0,0,0,0,0,38.28
2008,1,19,14,30,3.7,33,171,787,787,33,171,34.01
2008,1,19,15,30,6.9,46,408,977,977,46,408,27.96
2008,1,19,16,30,9.600000000000001,55,614,1054,1054,55,614,23.03
2008,1,19,17,30,12,60,754,1076,1076,60,754,18.22
2008,1,19,18,30,14,67,834,1088,1088,67,834,13.97
2008,1,19,19,30,15.4,67,839,1089,890,177,808,10.76
2008,1,19,20,30,16.2,62,766,1077,1077,62,766,9.25
2008,1,19,21,30,16.2,56,625,1043,1043,56,625,8.67
2008,1,19,22,30,14.600000000000001,49,427,970,970,49,427,9.41
2008,1,19,23,30,10.700000000000001,36,194,798,798,36,194,17.44
2008,1,20,0,30,7.1000000000000005,0,0,0,0,0,0,22.92
2008,1,20,1,30,5.1000000000000005,0,0,0,0,0,0,26.46
2008,1,20,2,30,3.3000000000000003,0,0,0,0,0,0,30.900000000000002
2008,1,20,3,30,2,0,0,0,0,0,0,34.87
2008,1,20,4,30,0.9,0,0,0,0,0,0,38.59
2008,1,20,5,30,0,0,0,0,0,0,0,41.67
2008,1,20,6,30,-0.8,0,0,0,0,0,0,46.77
2008,1,20,7,30,-1.5,0,0,0,0,0,0,56.15
2008,1,20,8,30,-2.3000000000000003,0,0,0,0,0,0,67.92
2008,1,20,9,30,-2.9000000000000004,0,0,0,0,0,0,76.60000000000001
2008,1,20,10,30,-3.3000000000000003,0,0,0,0,0,0,81.64
2008,1,20,11,30,-3.5,0,0,0,0,0,0,81.5
2008,1,20,12,30,-3.2,0,0,0,0,0,0,76.27
2008,1,20,13,30,-0.7000000000000001,0,0,0,0,0,0,60.52
2008,1,20,14,30,4,32,169,773,146,99,125,43.35
2008,1,20,15,30,9.4,45,398,951,951,45,398,30.560000000000002
2008,1,20,16,30,14.700000000000001,53,601,1030,1030,53,601,20.91
2008,1,20,17,30,17.900000000000002,57,748,1069,1069,57,748,14.870000000000001
2008,1,20,18,30,19.5,60,822,1075,1075,60,822,12.55
2008,1,20,19,30,20.200000000000003,58,826,1079,1079,58,826,11.27
2008,1,20,20,30,20.3,55,755,1065,1065,55,755,10.42
2008,1,20,21,30,19.700000000000003,51,621,1040,1040,51,621,9.92
2008,1,20,22,30,17.7,43,424,970,970,43,424,10.33
2008,1,20,23,30,13.100000000000001,32,194,804,804,32,194,15
2008,1,21,0,30,9,0,0,0,0,0,0,22.91
2008,1,21,1,30,7.9,0,0,0,0,0,0,25
2008,1,21,2,30,7.4,0,0,0,0,0,0,27.03
2008,1,21,3,30,6.7,0,0,0,0,0,0,29.36
2008,1,21,4,30,5.800000000000001,0,0,0,0,0,0,31.95
2008,1,21,5,30,4.800000000000001,0,0,0,0,0,0,35.18
2008,1,21,6,30,3.8000000000000003,0,0,0,0,0,0,39.050000000000004
2008,1,21,7,30,3,0,0,0,0,0,0,43.17
2008,1,21,8,30,2.8000000000000003,0,0,0,0,0,0,47.08
2008,1,21,9,30,2.8000000000000003,0,0,0,0,0,0,50.33
2008,1,21,10,30,2.8000000000000003,0,0,0,0,0,0,53.230000000000004
2008,1,21,11,30,2.8000000000000003,0,0,0,0,0,0,55.74
2008,1,21,12,30,2.9000000000000004,0,0,0,0,0,0,57.730000000000004
2008,1,21,13,30,5,0,0,0,0,0,0,51.730000000000004
2008,1,21,14,30,9.1,31,165,758,54,97,107,41.1
2008,1,21,15,30,13.600000000000001,44,393,936,724,113,383,31.53
2008,1,21,16,30,16.8,52,593,1014,1014,52,593,23.87
2008,1,21,17,30,17.900000000000002,57,736,1047,749,177,663,20.48
2008,1,21,18,30,18.2,65,816,1058,623,255,697,19.47
2008,1,21,19,30,18.7,63,821,1062,1062,63,821,18.53
2008,1,21,20,30,19.1,58,747,1043,1043,58,747,17.45
2008,1,21,21,30,18.8,54,609,1008,1008,54,609,17.07
2008,1,21,22,30,17.1,47,417,934,934,47,417,18.76
2008,1,21,23,30,13.700000000000001,34,190,762,762,34,190,27.91
2008,1,22,0,30,11.100000000000001,0,0,0,0,0,0,31.96
2008,1,22,1,30,10.4,0,0,0,0,0,0,31.8
2008,1,22,2,30,9.4,0,0,0,0,0,0,33.44
2008,1,22,3,30,8,0,0,0,0,0,0,37.57
2008,1,22,4,30,6.6000000000000005,0,0,0,0,0,0,44.11
2008,1,22,5,30,5.800000000000001,0,0,0,0,0,0,51.18
2008,1,22,6,30,5.4,0,0,0,0,0,0,57.67
2008,1,22,7,30,5.1000000000000005,0,0,0,0,0,0,63.050000000000004
2008,1,22,8,30,4.800000000000001,0,0,0,0,0,0,66.81
2008,1,22,9,30,4.6000000000000005,0,0,0,0,0,0,68.63
2008,1,22,10,30,4.5,0,0,0,0,0,0,68.86
2008,1,22,11,30,4.5,0,0,0,0,0,0,67.83
2008,1,22,12,30,4.6000000000000005,0,0,0,0,0,0,65.51
2008,1,22,13,30,6.800000000000001,0,0,0,0,0,0,54.42
2008,1,22,14,30,11.200000000000001,30,158,722,20,82,85,40.04
2008,1,22,15,30,15.700000000000001,41,383,912,62,205,229,29.11
2008,1,22,16,30,18.8,50,578,987,420,232,457,20.92
2008,1,22,17,30,19.3,59,724,1022,424,286,562,19.47
2008,1,22,18,30,18.900000000000002,66,801,1030,705,214,717,20.36
2008,1,22,19,30,19.3,65,806,1033,1033,65,806,20.72
2008,1,22,20,30,19.700000000000003,62,735,1015,704,198,665,21.09
2008,1,22,21,30,19.1,57,598,976,633,180,531,23.01
2008,1,22,22,30,17.400000000000002,50,409,899,419,174,341,27.34
2008,1,22,23,30,14.8,37,188,725,232,70,118,36.76
2008,1,23,0,30,13,0,0,0,0,0,0,42.13
2008,1,23,1,30,12.3,0,0,0,0,0,0,44.160000000000004
2008,1,23,2,30,11.5,0,0,0,0,0,0,46.160000000000004
2008,1,23,3,30,10.4,0,0,0,0,0,0,49.29
2008,1,23,4,30,9.1,0,0,0,0,0,0,53.77
2008,1,23,5,30,7.9,0,0,0,0,0,0,58.88
2008,1,23,6,30,7.1000000000000005,0,0,0,0,0,0,63.15
2008,1,23,7,30,6.4,0,0,0,0,0,0,66.48
2008,1,23,8,30,5.7,0,0,0,0,0,0,68.46000000000001
2008,1,23,9,30,5.7,0,0,0,0,0,0,65.03
2008,1,23,10,30,6.2,0,0,0,0,0,0,58.29
2008,1,23,11,30,6.2,0,0,0,0,0,0,54.61
2008,1,23,12,30,6.2,0,0,0,0,0,0,51.59
2008,1,23,13,30,7.9,0,0,0,0,0,0,44.67
2008,1,23,14,30,10.9,33,159,703,23,84,89,39
2008,1,23,15,30,14.3,47,383,895,311,164,281,30.75
2008,1,23,16,30,18.2,55,582,981,654,217,569,25.61
2008,1,23,17,30,21,59,727,1021,1021,59,727,22.11
2008,1,23,18,30,22.700000000000003,66,809,1038,1038,66,809,19.31
2008,1,23,19,30,23.6,66,814,1040,1040,66,814,17.54
2008,1,23,20,30,23.900000000000002,62,746,1027,1027,62,746,16.5
2008,1,23,21,30,23.6,56,610,992,530,209,505,16.19
2008,1,23,22,30,22.1,48,419,920,1,141,142,17.28
2008,1,23,23,30,18,36,194,753,753,36,194,23.94
2008,1,24,0,30,14.700000000000001,0,0,0,0,0,0,31.650000000000002
2008,1,24,1,30,13.700000000000001,0,0,0,0,0,0,34.550000000000004
2008,1,24,2,30,12.5,0,0,0,0,0,0,38.93
2008,1,24,3,30,11.600000000000001,0,0,0,0,0,0,43.07
2008,1,24,4,30,10.700000000000001,0,0,0,0,0,0,46.92
2008,1,24,5,30,9.8,0,0,0,0,0,0,50.28
2008,1,24,6,30,8.6,0,0,0,0,0,0,54.36
2008,1,24,7,30,7.6000000000000005,0,0,0,0,0,0,57.74
2008,1,24,8,30,7.300000000000001,0,0,0,0,0,0,58.84
2008,1,24,9,30,7.1000000000000005,0,0,0,0,0,0,59.42
2008,1,24,10,30,7,0,0,0,0,0,0,59.33
2008,1,24,11,30,6.800000000000001,0,0,0,0,0,0,59.57
2008,1,24,12,30,6.5,0,0,0,0,0,0,60.15
2008,1,24,13,30,7.6000000000000005,0,0,0,0,0,0,55.42
2008,1,24,14,30,10.600000000000001,36,162,700,30,89,95,46.19
2008,1,24,15,30,14.4,53,388,887,500,143,332,37.18
2008,1,24,16,30,17.900000000000002,65,586,967,582,189,503,30.23
2008,1,24,17,30,20.6,70,733,1010,712,256,723,23.3
2008,1,24,18,30,22.8,71,812,1031,1031,71,812,18.830000000000002
2008,1,24,19,30,23.900000000000002,71,815,1030,691,192,692,17.32
2008,1,24,20,30,24.3,70,747,1012,759,191,699,17.14
2008,1,24,21,30,23.8,70,608,958,666,230,604,17.94
2008,1,24,22,30,22.200000000000003,64,415,865,865,64,415,19.8
2008,1,24,23,30,18.900000000000002,47,192,678,678,47,192,26.11
2008,1,25,0,30,16.1,0,0,0,0,0,0,32.14
2008,1,25,1,30,15.100000000000001,0,0,0,0,0,0,33.12
2008,1,25,2,30,14.200000000000001,0,0,0,0,0,0,34.32
2008,1,25,3,30,13.100000000000001,0,0,0,0,0,0,36.45
2008,1,25,4,30,11.700000000000001,0,0,0,0,0,0,39.800000000000004
2008,1,25,5,30,10.3,0,0,0,0,0,0,43.31
2008,1,25,6,30,9.700000000000001,0,0,0,0,0,0,44.81
2008,1,25,7,30,9.600000000000001,0,0,0,0,0,0,45.62
2008,1,25,8,30,9.3,0,0,0,0,0,0,47.19
2008,1,25,9,30,8.8,0,0,0,0,0,0,49.83
2008,1,25,10,30,8.3,0,0,0,0,0,0,53.26
2008,1,25,11,30,7.800000000000001,0,0,0,0,0,0,57.08
2008,1,25,12,30,7.5,0,0,0,0,0,0,59.7
2008,1,25,13,30,9,0,0,0,0,0,0,54.730000000000004
2008,1,25,14,30,12,40,162,669,9,95,97,46.26
2008,1,25,15,30,15.8,57,392,884,278,191,297,35.36
2008,1,25,16,30,19.5,66,593,973,650,229,581,21.39
2008,1,25,17,30,22,71,741,1018,636,216,634,16.73
2008,1,25,18,30,23.400000000000002,71,822,1041,1041,71,822,15.55
2008,1,25,19,30,24.1,71,825,1038,659,234,712,14.8
2008,1,25,20,30,23.8,70,757,1020,230,361,516,14.82
2008,1,25,21,30,22.8,66,620,982,318,269,448,15.540000000000001
2008,1,25,22,30,20.8,56,427,909,6,126,129,18.45
2008,1,25,23,30,17.8,40,201,744,744,40,201,28.95
2008,1,26,0,30,14.8,0,0,0,0,0,0,31.27
2008,1,26,1,30,12.600000000000001,0,0,0,0,0,0,34.47
2008,1,26,2,30,11.100000000000001,0,0,0,0,0,0,38.74
2008,1,26,3,30,10,0,0,0,0,0,0,42.980000000000004
2008,1,26,4,30,9.5,0,0,0,0,0,0,45.7
2008,1,26,5,30,9.4,0,0,0,0,0,0,47.11
2008,1,26,6,30,9.5,0,0,0,0,0,0,47.97
2008,1,26,7,30,9.4,0,0,0,0,0,0,50.17
2008,1,26,8,30,8.9,0,0,0,0,0,0,53.31
2008,1,26,9,30,7.800000000000001,0,0,0,0,0,0,58.52
2008,1,26,10,30,6.4,0,0,0,0,0,0,65.1
2008,1,26,11,30,5.6000000000000005,0,0,0,0,0,0,69.56
2008,1,26,12,30,5.9,0,0,0,0,0,0,69.35000000000001
2008,1,26,13,30,7.800000000000001,0,0,0,0,0,0,62.06
2008,1,26,14,30,11.100000000000001,39,163,676,51,97,107,50.69
2008,1,26,15,30,14.3,56,391,879,171,192,257,40.94
2008,1,26,16,30,16.8,65,591,967,305,268,434,33.8
2008,1,26,17,30,18.900000000000002,70,742,1016,720,199,675,28.55
2008,1,26,18,30,20.5,79,821,1024,1024,79,821,24.37
2008,1,26,19,30,21.400000000000002,80,828,1026,601,268,705,22.45
2008,1,26,20,30,21.6,77,760,1010,487,278,607,21.82
2008,1,26,21,30,21,72,622,970,116,304,370,22.23
2008,1,26,22,30,19.400000000000002,62,429,892,301,210,334,24.28
2008,1,26,23,30,16.6,46,202,713,363,103,182,30.87
2008,1,27,0,30,14.3,0,0,0,0,0,0,37.28
2008,1,27,1,30,13.3,0,0,0,0,0,0,40.35
2008,1,27,2,30,12.200000000000001,0,0,0,0,0,0,45.21
2008,1,27,3,30,11.100000000000001,0,0,0,0,0,0,50.67
2008,1,27,4,30,10.100000000000001,0,0,0,0,0,0,55.730000000000004
2008,1,27,5,30,9.5,0,0,0,0,0,0,58.71
2008,1,27,6,30,8.9,0,0,0,0,0,0,61.36
2008,1,27,7,30,8.200000000000001,0,0,0,0,0,0,64.36
2008,1,27,8,30,7.4,0,0,0,0,0,0,68.51
2008,1,27,9,30,6.9,0,0,0,0,0,0,73.06
2008,1,27,10,30,6.5,0,0,0,0,0,0,78.98
2008,1,27,11,30,6.4,0,0,0,0,0,0,84.91
2008,1,27,12,30,6.300000000000001,0,0,0,0,0,0,91.68
2008,1,27,13,30,7.7,0,0,0,0,0,0,88.14
2008,1,27,14,30,11.100000000000001,44,159,623,3,87,88,72.2
2008,1,27,15,30,15.3,64,388,849,849,64,388,53.26
2008,1,27,16,30,19.200000000000003,73,592,952,952,73,592,37.2
2008,1,27,17,30,21.700000000000003,76,744,1006,1006,76,744,27.41
2008,1,27,18,30,22.900000000000002,76,829,1035,1035,76,829,22.17
2008,1,27,19,30,23.400000000000002,74,840,1046,1046,74,840,17.740000000000002
2008,1,27,20,30,23.200000000000003,69,776,1041,1041,69,776,14.76
2008,1,27,21,30,22.700000000000003,64,638,1006,552,212,527,13.43
2008,1,27,22,30,21.3,55,443,935,935,55,443,13.8
2008,1,27,23,30,17.400000000000002,40,212,776,350,96,174,21.19
2008,1,28,0,30,13.8,0,0,0,0,0,0,27.03
2008,1,28,1,30,12.5,0,0,0,0,0,0,28.38
2008,1,28,2,30,11.8,0,0,0,0,0,0,31.16
2008,1,28,3,30,11.3,0,0,0,0,0,0,36.31
2008,1,28,4,30,10.600000000000001,0,0,0,0,0,0,43.03
2008,1,28,5,30,10,0,0,0,0,0,0,49.050000000000004
2008,1,28,6,30,9.3,0,0,0,0,0,0,54.11
2008,1,28,7,30,8.8,0,0,0,0,0,0,58.51
2008,1,28,8,30,8.700000000000001,0,0,0,0,0,0,61.93
2008,1,28,9,30,8.5,0,0,0,0,0,0,65.64
2008,1,28,10,30,8.3,0,0,0,0,0,0,68.81
2008,1,28,11,30,7.9,0,0,0,0,0,0,71.92
2008,1,28,12,30,7.6000000000000005,0,0,0,0,0,0,74.13
2008,1,28,13,30,9,0,0,0,0,0,0,67.91
2008,1,28,14,30,12.600000000000001,44,162,635,20,87,91,53.82
2008,1,28,15,30,17,66,389,840,47,185,203,40.94
2008,1,28,16,30,20.3,80,589,929,157,288,374,33.68
2008,1,28,17,30,22.1,88,736,975,249,344,509,29.53
2008,1,28,18,30,23.3,92,817,994,628,251,709,26.27
2008,1,28,19,30,24.1,87,826,1005,1005,87,826,23.46
2008,1,28,20,30,24.3,80,763,1001,1001,80,763,21.650000000000002
2008,1,28,21,30,24,71,628,970,732,173,593,20.73
2008,1,28,22,30,22.8,60,435,899,899,60,435,21.25
2008,1,28,23,30,19.3,43,209,738,499,87,200,26.04
2008,1,29,0,30,16,0,0,0,0,0,0,33.28
2008,1,29,1,30,14.8,0,0,0,0,0,0,35.980000000000004
2008,1,29,2,30,13.700000000000001,0,0,0,0,0,0,39.86
2008,1,29,3,30,12.5,0,0,0,0,0,0,45.36
2008,1,29,4,30,11.5,0,0,0,0,0,0,50.74
2008,1,29,5,30,10.9,0,0,0,0,0,0,54.71
2008,1,29,6,30,10.5,0,0,0,0,0,0,58.410000000000004
2008,1,29,7,30,9.9,0,0,0,0,0,0,63.56
2008,1,29,8,30,9.3,0,0,0,0,0,0,69.05
2008,1,29,9,30,8.9,0,0,0,0,0,0,72.96000000000001
2008,1,29,10,30,8.8,0,0,0,0,0,0,73.75
2008,1,29,11,30,8.8,0,0,0,0,0,0,73.34
2008,1,29,12,30,8.8,0,0,0,0,0,0,73.21000000000001
2008,1,29,13,30,9.8,0,0,0,0,0,0,68.62
2008,1,29,14,30,12.3,38,166,684,52,99,109,58.230000000000004
2008,1,29,15,30,15.5,50,395,892,221,215,301,46.18
2008,1,29,16,30,18.3,54,593,980,590,189,514,37.78
2008,1,29,17,30,20,57,739,1021,1021,57,739,32.51
2008,1,29,18,30,20.900000000000002,56,819,1040,847,164,784,29.330000000000002
2008,1,29,19,30,21.3,58,827,1041,837,162,780,27.650000000000002
2008,1,29,20,30,21.200000000000003,57,761,1026,743,185,695,27.14
2008,1,29,21,30,20.900000000000002,53,626,992,992,53,626,27.240000000000002
2008,1,29,22,30,19.900000000000002,49,436,920,920,49,436,28.48
2008,1,29,23,30,17.1,38,212,766,350,100,180,33.74
2008,1,30,0,30,13.9,0,0,0,0,0,0,42.08
2008,1,30,1,30,12.4,0,0,0,0,0,0,44.52
2008,1,30,2,30,11.4,0,0,0,0,0,0,45.72
2008,1,30,3,30,10.700000000000001,0,0,0,0,0,0,46.58
2008,1,30,4,30,10,0,0,0,0,0,0,48.08
2008,1,30,5,30,8.9,0,0,0,0,0,0,50.74
2008,1,30,6,30,8,0,0,0,0,0,0,53.03
2008,1,30,7,30,7.300000000000001,0,0,0,0,0,0,55.4
2008,1,30,8,30,6.800000000000001,0,0,0,0,0,0,58.2
2008,1,30,9,30,6.300000000000001,0,0,0,0,0,0,62.99
2008,1,30,10,30,5.800000000000001,0,0,0,0,0,0,70.05
2008,1,30,11,30,5.4,0,0,0,0,0,0,78.03
2008,1,30,12,30,5.6000000000000005,0,0,0,0,0,0,83.56
2008,1,30,13,30,7.5,0,0,0,0,0,0,78.67
2008,1,30,14,30,11.3,34,176,749,61,110,122,62.89
2008,1,30,15,30,15.4,45,415,954,954,45,415,38.53
2008,1,30,16,30,18.5,49,625,1042,1042,49,625,18.16
2008,1,30,17,30,20.6,52,784,1091,1091,52,784,8.99
2008,1,30,18,30,22.1,60,871,1102,1102,60,871,5.49
2008,1,30,19,30,22.900000000000002,57,877,1106,1106,57,877,4.5200000000000005
2008,1,30,20,30,23,53,807,1094,1094,53,807,4.29
2008,1,30,21,30,22.6,50,667,1063,1063,50,667,4.23
2008,1,30,22,30,21.1,44,468,999,999,44,468,4.49
2008,1,30,23,30,16.900000000000002,33,231,857,857,33,231,6.45
2008,1,31,0,30,13,10,16,351,351,10,16,11.53
2008,1,31,1,30,11.5,0,0,0,0,0,0,14.3
2008,1,31,2,30,10.200000000000001,0,0,0,0,0,0,17.330000000000002
2008,1,31,3,30,8.9,0,0,0,0,0,0,20.990000000000002
2008,1,31,4,30,7.800000000000001,0,0,0,0,0,0,25.52
2008,1,31,5,30,6.9,0,0,0,0,0,0,31.330000000000002
2008,1,31,6,30,6.2,0,0,0,0,0,0,36.300000000000004
2008,1,31,7,30,5.7,0,0,0,0,0,0,37.64
2008,1,31,8,30,5.300000000000001,0,0,0,0,0,0,35.76
2008,1,31,9,30,4.7,0,0,0,0,0,0,32.63
2008,1,31,10,30,4,0,0,0,0,0,0,29.66
2008,1,31,11,30,3,0,0,0,0,0,0,28.01
2008,1,31,12,30,2.1,0,0,0,0,0,0,27.03
2008,1,31,13,30,4,0,0,0,0,0,0,22.53
2008,1,31,14,30,8.5,30,192,849,113,115,137,16.14
2008,1,31,15,30,13.4,41,439,1021,1021,41,439,11.01
2008,1,31,16,30,17.3,47,654,1093,1093,47,654,3.99
2008,1,31,17,30,19.200000000000003,51,811,1128,1128,51,811,2.91
2008,1,31,18,30,20.3,56,899,1141,1141,56,899,2.68
2008,1,31,19,30,20.700000000000003,56,908,1143,1143,56,908,2.67
2008,1,31,20,30,20.6,55,837,1130,1130,55,837,2.83
2008,1,31,21,30,19.8,51,693,1099,1099,51,693,3.22
2008,1,31,22,30,17.900000000000002,45,488,1037,1037,45,488,4.04
2008,1,31,23,30,13.5,36,244,892,892,36,244,7.16
2008,2,1,0,30,9.3,11,19,374,374,11,19,13.25
2008,2,1,1,30,7.1000000000000005,0,0,0,0,0,0,17.62
2008,2,1,2,30,5.300000000000001,0,0,0,0,0,0,25.2
2008,2,1,3,30,3.8000000000000003,0,0,0,0,0,0,32.05
2008,2,1,4,30,2.9000000000000004,0,0,0,0,0,0,35.800000000000004
2008,2,1,5,30,2.2,0,0,0,0,0,0,37.93
2008,2,1,6,30,1.4000000000000001,0,0,0,0,0,0,39.63
2008,2,1,7,30,0.6000000000000001,0,0,0,0,0,0,41.02
2008,2,1,8,30,0.1,0,0,0,0,0,0,41.08
2008,2,1,9,30,-0.2,0,0,0,0,0,0,40.46
2008,2,1,10,30,-0.4,0,0,0,0,0,0,40.38
2008,2,1,11,30,-0.5,0,0,0,0,0,0,43.74
2008,2,1,12,30,-0.4,0,0,0,0,0,0,52.53
2008,2,1,13,30,1.9000000000000001,0,0,0,0,0,0,53.43
2008,2,1,14,30,6.4,35,184,773,773,35,184,44.5
2008,2,1,15,30,12.100000000000001,48,424,957,2,163,164,32.81
2008,2,1,16,30,17.8,55,632,1035,1035,55,632,21.18
2008,2,1,17,30,21.400000000000002,59,785,1073,1073,59,785,11.700000000000001
2008,2,1,18,30,22.900000000000002,63,870,1087,1087,63,870,10.31
2008,2,1,19,30,23.5,61,871,1082,1082,61,871,10.06
2008,2,1,20,30,23.700000000000003,58,802,1070,1070,58,802,9.99
2008,2,1,21,30,23.200000000000003,56,659,1027,1027,56,659,10.53
2008,2,1,22,30,21.700000000000003,49,463,962,962,49,463,12.200000000000001
2008,2,1,23,30,17.7,37,228,809,809,37,228,17.73
2008,2,2,0,30,14,11,18,301,301,11,18,26.89
2008,2,2,1,30,12.8,0,0,0,0,0,0,32.56
2008,2,2,2,30,12,0,0,0,0,0,0,37.9
2008,2,2,3,30,10.9,0,0,0,0,0,0,43.61
2008,2,2,4,30,9.600000000000001,0,0,0,0,0,0,49.99
2008,2,2,5,30,8.6,0,0,0,0,0,0,56.160000000000004
2008,2,2,6,30,7.7,0,0,0,0,0,0,62.39
2008,2,2,7,30,6.800000000000001,0,0,0,0,0,0,68.19
2008,2,2,8,30,6.1000000000000005,0,0,0,0,0,0,70.21000000000001
2008,2,2,9,30,5.5,0,0,0,0,0,0,67.83
2008,2,2,10,30,5,0,0,0,0,0,0,62.1
2008,2,2,11,30,4.7,0,0,0,0,0,0,54.83
2008,2,2,12,30,4.7,0,0,0,0,0,0,47.69
2008,2,2,13,30,7.1000000000000005,0,0,0,0,0,0,36.300000000000004
2008,2,2,14,30,11.5,34,183,763,84,113,129,25.75
2008,2,2,15,30,16,47,420,943,943,47,420,18.01
2008,2,2,16,30,19.400000000000002,54,626,1021,1021,54,626,12
2008,2,2,17,30,21.3,59,779,1058,1058,59,779,10.21
2008,2,2,18,30,22.6,66,864,1070,1070,66,864,9.36
2008,2,2,19,30,23.3,67,867,1065,1065,67,867,9.1
2008,2,2,20,30,23.400000000000002,65,800,1052,1052,65,800,9.32
2008,2,2,21,30,22.8,58,661,1022,1022,58,661,10.09
2008,2,2,22,30,21.3,52,463,948,948,52,463,11.59
2008,2,2,23,30,17.6,40,231,799,799,40,231,15.450000000000001
2008,2,3,0,30,13.9,12,20,308,308,12,20,22.06
2008,2,3,1,30,12.4,0,0,0,0,0,0,25.61
2008,2,3,2,30,11.3,0,0,0,0,0,0,28.5
2008,2,3,3,30,10.200000000000001,0,0,0,0,0,0,31.82
2008,2,3,4,30,9.1,0,0,0,0,0,0,36.4
2008,2,3,5,30,8.1,0,0,0,0,0,0,41.94
2008,2,3,6,30,7.300000000000001,0,0,0,0,0,0,46.77
2008,2,3,7,30,6.6000000000000005,0,0,0,0,0,0,49.870000000000005
2008,2,3,8,30,6,0,0,0,0,0,0,51.97
2008,2,3,9,30,5.5,0,0,0,0,0,0,53.94
2008,2,3,10,30,5.2,0,0,0,0,0,0,55.69
2008,2,3,11,30,5,0,0,0,0,0,0,57.34
2008,2,3,12,30,5.300000000000001,0,0,0,0,0,0,57.31
2008,2,3,13,30,7.5,0,0,0,0,0,0,50.61
2008,2,3,14,30,11.8,36,188,770,24,114,119,39.35
2008,2,3,15,30,16.5,49,427,951,951,49,427,28.72
2008,2,3,16,30,20.200000000000003,55,635,1029,1029,55,635,17.36
2008,2,3,17,30,22.200000000000003,60,788,1066,1066,60,788,12.92
2008,2,3,18,30,23.3,61,872,1084,1084,61,872,11.42
2008,2,3,19,30,23.700000000000003,62,875,1077,1077,62,875,11.1
2008,2,3,20,30,23.700000000000003,60,807,1064,595,263,680,11.39
2008,2,3,21,30,23.1,57,669,1031,137,314,395,12.15
2008,2,3,22,30,21.700000000000003,49,472,967,117,214,265,13.67
2008,2,3,23,30,18.1,38,238,822,360,109,196,18.01
2008,2,4,0,30,14.700000000000001,13,21,328,328,13,21,25.3
2008,2,4,1,30,13.600000000000001,0,0,0,0,0,0,29.09
2008,2,4,2,30,13.100000000000001,0,0,0,0,0,0,31.95
2008,2,4,3,30,12.4,0,0,0,0,0,0,35.26
2008,2,4,4,30,11.600000000000001,0,0,0,0,0,0,39.26
2008,2,4,5,30,10.700000000000001,0,0,0,0,0,0,43.980000000000004
2008,2,4,6,30,9.8,0,0,0,0,0,0,48.660000000000004
2008,2,4,7,30,9.1,0,0,0,0,0,0,51.29
2008,2,4,8,30,8.6,0,0,0,0,0,0,50.92
2008,2,4,9,30,8.200000000000001,0,0,0,0,0,0,48.980000000000004
2008,2,4,10,30,8,0,0,0,0,0,0,46.5
2008,2,4,11,30,7.7,0,0,0,0,0,0,45.13
2008,2,4,12,30,7.6000000000000005,0,0,0,0,0,0,44.230000000000004
2008,2,4,13,30,8.8,0,0,0,0,0,0,40.34
2008,2,4,14,30,12.4,35,190,775,169,111,145,31.44
2008,2,4,15,30,16.8,48,430,954,954,48,430,21.650000000000002
2008,2,4,16,30,20.3,55,638,1029,779,160,601,13.08
2008,2,4,17,30,22.3,59,791,1067,806,190,743,10.08
2008,2,4,18,30,23.400000000000002,65,877,1080,789,273,866,8.96
2008,2,4,19,30,23.700000000000003,64,885,1083,1083,64,885,8.66
2008,2,4,20,30,23.3,63,817,1069,1069,63,817,8.88
2008,2,4,21,30,22.400000000000002,58,678,1038,1038,58,678,9.48
2008,2,4,22,30,20.900000000000002,50,480,975,975,50,480,10.42
2008,2,4,23,30,17.900000000000002,40,244,830,830,40,244,12.75
2008,2,5,0,30,15,13,24,348,348,13,24,16.81
2008,2,5,1,30,13.5,0,0,0,0,0,0,20.59
2008,2,5,2,30,12.3,0,0,0,0,0,0,24.72
2008,2,5,3,30,11,0,0,0,0,0,0,29.8
2008,2,5,4,30,9.4,0,0,0,0,0,0,37.01
2008,2,5,5,30,8.200000000000001,0,0,0,0,0,0,43.49
2008,2,5,6,30,7.6000000000000005,0,0,0,0,0,0,46.15
2008,2,5,7,30,7.2,0,0,0,0,0,0,46.53
2008,2,5,8,30,6.800000000000001,0,0,0,0,0,0,46.93
2008,2,5,9,30,6.300000000000001,0,0,0,0,0,0,47.17
2008,2,5,10,30,5.9,0,0,0,0,0,0,46.77
2008,2,5,11,30,5.800000000000001,0,0,0,0,0,0,45.25
2008,2,5,12,30,5.800000000000001,0,0,0,0,0,0,44.82
2008,2,5,13,30,7.2,0,0,0,0,0,0,41.64
2008,2,5,14,30,11.100000000000001,34,197,811,811,34,197,33.15
2008,2,5,15,30,15.5,45,440,983,983,45,440,23.34
2008,2,5,16,30,18.5,51,652,1055,1055,51,652,15.89
2008,2,5,17,30,20.3,54,806,1092,1092,54,806,13.4
2008,2,5,18,30,21.6,56,892,1108,1108,56,892,12.030000000000001
2008,2,5,19,30,22.3,54,900,1110,1110,54,900,11.05
2008,2,5,20,30,22.400000000000002,51,831,1099,1099,51,831,10.36
2008,2,5,21,30,21.900000000000002,50,691,1068,1068,50,691,10
2008,2,5,22,30,20.5,44,490,1007,617,193,466,10.41
2008,2,5,23,30,17.1,35,251,872,174,142,186,13.31
2008,2,6,0,30,13.3,13,26,408,0,13,13,19.45
2008,2,6,1,30,11.100000000000001,0,0,0,0,0,0,25.28
2008,2,6,2,30,9.600000000000001,0,0,0,0,0,0,31.12
2008,2,6,3,30,8.3,0,0,0,0,0,0,38.1
2008,2,6,4,30,7,0,0,0,0,0,0,47.71
2008,2,6,5,30,5.5,0,0,0,0,0,0,60.47
2008,2,6,6,30,4.2,0,0,0,0,0,0,73.15
2008,2,6,7,30,3.2,0,0,0,0,0,0,83.19
2008,2,6,8,30,2.4000000000000004,0,0,0,0,0,0,88.9
2008,2,6,9,30,1.8,0,0,0,0,0,0,91.51
2008,2,6,10,30,1.2000000000000002,0,0,0,0,0,0,92.94
2008,2,6,11,30,0.6000000000000001,0,0,0,0,0,0,93.39
2008,2,6,12,30,0.4,0,0,0,0,0,0,89.89
2008,2,6,13,30,2.6,0,0,0,0,0,0,72.16
2008,2,6,14,30,6.300000000000001,33,203,831,17,119,122,46.26
2008,2,6,15,30,9.4,44,449,1000,1000,44,449,27.060000000000002
2008,2,6,16,30,12.700000000000001,49,663,1072,1072,49,663,19.25
2008,2,6,17,30,16.400000000000002,53,820,1107,1107,53,820,12.61
2008,2,6,18,30,19.400000000000002,64,910,1116,1116,64,910,8.03
2008,2,6,19,30,21.200000000000003,63,919,1119,1119,63,919,6.3
2008,2,6,20,30,22,60,849,1108,1108,60,849,5.45
2008,2,6,21,30,22,55,706,1079,1079,55,706,4.97
2008,2,6,22,30,20.6,47,502,1020,1020,47,502,5.01
2008,2,6,23,30,16.2,36,259,889,889,36,259,7.99
2008,2,7,0,30,12,13,28,435,435,13,28,14.31
2008,2,7,1,30,10.600000000000001,0,0,0,0,0,0,15.93
2008,2,7,2,30,9.700000000000001,0,0,0,0,0,0,17.68
2008,2,7,3,30,8.6,0,0,0,0,0,0,20.25
2008,2,7,4,30,7.300000000000001,0,0,0,0,0,0,23.650000000000002
2008,2,7,5,30,6.1000000000000005,0,0,0,0,0,0,26.93
2008,2,7,6,30,5.300000000000001,0,0,0,0,0,0,29.21
2008,2,7,7,30,4.7,0,0,0,0,0,0,31.01
2008,2,7,8,30,4.3,0,0,0,0,0,0,32.480000000000004
2008,2,7,9,30,3.9000000000000004,0,0,0,0,0,0,33.84
2008,2,7,10,30,3.5,0,0,0,0,0,0,34.550000000000004
2008,2,7,11,30,3.1,0,0,0,0,0,0,34.28
2008,2,7,12,30,2.8000000000000003,0,0,0,0,0,0,33.02
2008,2,7,13,30,5.4,0,0,0,0,0,0,25.69
2008,2,7,14,30,10.200000000000001,35,206,829,267,104,159,17.55
2008,2,7,15,30,14.5,48,454,996,996,48,454,10.96
2008,2,7,16,30,17.7,55,669,1067,1067,55,669,7.01
2008,2,7,17,30,19.5,60,827,1103,1103,60,827,5.74
2008,2,7,18,30,20.700000000000003,65,915,1115,1115,65,915,4.99
2008,2,7,19,30,21.400000000000002,66,924,1117,1117,66,924,4.5200000000000005
2008,2,7,20,30,21.5,63,854,1106,1106,63,854,4.33
2008,2,7,21,30,20.900000000000002,57,711,1077,1077,57,711,4.44
2008,2,7,22,30,19.200000000000003,52,507,1014,1014,52,507,4.98
2008,2,7,23,30,14.8,40,263,878,878,40,263,7.88
2008,2,8,0,30,10.3,15,30,416,4,19,19,14.38
2008,2,8,1,30,8.200000000000001,0,0,0,0,0,0,16.31
2008,2,8,2,30,7.1000000000000005,0,0,0,0,0,0,18.240000000000002
2008,2,8,3,30,6.9,0,0,0,0,0,0,19.400000000000002
2008,2,8,4,30,7.4,0,0,0,0,0,0,20.02
2008,2,8,5,30,8,0,0,0,0,0,0,19.77
2008,2,8,6,30,8.3,0,0,0,0,0,0,18.82
2008,2,8,7,30,8,0,0,0,0,0,0,18.29
2008,2,8,8,30,7.4,0,0,0,0,0,0,19.12
2008,2,8,9,30,6.800000000000001,0,0,0,0,0,0,19.73
2008,2,8,10,30,6.5,0,0,0,0,0,0,20.07
2008,2,8,11,30,6.4,0,0,0,0,0,0,20.05
2008,2,8,12,30,6.300000000000001,0,0,0,0,0,0,20.02
2008,2,8,13,30,8,0,0,0,0,0,0,17.95
2008,2,8,14,30,11.9,37,205,803,116,117,141,14.66
2008,2,8,15,30,16.400000000000002,50,451,976,71,206,235,8.68
2008,2,8,16,30,20,57,664,1050,298,290,462,5.39
2008,2,8,17,30,21.900000000000002,59,820,1088,1088,59,820,4.69
2008,2,8,18,30,22.900000000000002,65,907,1101,1101,65,907,4.65
2008,2,8,19,30,23.5,65,916,1102,1102,65,916,4.72
2008,2,8,20,30,23.5,63,847,1090,1090,63,847,4.94
2008,2,8,21,30,23,60,706,1058,1058,60,706,5.2700000000000005
2008,2,8,22,30,21.6,53,498,984,984,53,498,5.93
2008,2,8,23,30,18.2,41,258,844,844,41,258,10.200000000000001
2008,2,9,0,30,14.9,15,31,389,389,15,31,15.43
2008,2,9,1,30,13,0,0,0,0,0,0,16.67
2008,2,9,2,30,11.8,0,0,0,0,0,0,19.490000000000002
2008,2,9,3,30,11.200000000000001,0,0,0,0,0,0,24.34
2008,2,9,4,30,10.4,0,0,0,0,0,0,32.38
2008,2,9,5,30,9.3,0,0,0,0,0,0,39.92
2008,2,9,6,30,8,0,0,0,0,0,0,45.75
2008,2,9,7,30,7.2,0,0,0,0,0,0,48.18
2008,2,9,8,30,6.7,0,0,0,0,0,0,48.83
2008,2,9,9,30,6.4,0,0,0,0,0,0,49.45
2008,2,9,10,30,6,0,0,0,0,0,0,50.64
2008,2,9,11,30,5.4,0,0,0,0,0,0,52.67
2008,2,9,12,30,5.300000000000001,0,0,0,0,0,0,52.410000000000004
2008,2,9,13,30,7.7,0,0,0,0,0,0,43.410000000000004
2008,2,9,14,30,11.8,37,198,763,32,123,130,32.33
2008,2,9,15,30,15.9,52,438,935,935,52,438,22.8
2008,2,9,16,30,19.3,61,647,1009,1009,61,647,14.81
2008,2,9,17,30,21,67,802,1046,1046,67,802,12.44
2008,2,9,18,30,21.8,71,887,1061,1061,71,887,11.57
2008,2,9,19,30,22,71,896,1063,1063,71,896,11.35
2008,2,9,20,30,22.1,67,824,1046,1046,67,824,11.18
2008,2,9,21,30,21.900000000000002,59,685,1019,1019,59,685,11.15
2008,2,9,22,30,21,50,487,960,960,50,487,11.56
2008,2,9,23,30,17.6,40,253,820,608,88,245,15
2008,2,10,0,30,14.3,15,31,373,6,21,22,20.34
2008,2,10,1,30,13.200000000000001,0,0,0,0,0,0,18.490000000000002
2008,2,10,2,30,12.200000000000001,0,0,0,0,0,0,17.43
2008,2,10,3,30,11.5,0,0,0,0,0,0,17.01
2008,2,10,4,30,10.600000000000001,0,0,0,0,0,0,17.48
2008,2,10,5,30,9.3,0,0,0,0,0,0,20.19
2008,2,10,6,30,8.1,0,0,0,0,0,0,25.13
2008,2,10,7,30,7.4,0,0,0,0,0,0,32.94
2008,2,10,8,30,7.1000000000000005,0,0,0,0,0,0,46.34
2008,2,10,9,30,7.300000000000001,0,0,0,0,0,0,60.53
2008,2,10,10,30,7.5,0,0,0,0,0,0,70.73
2008,2,10,11,30,7.5,0,0,0,0,0,0,76.72
2008,2,10,12,30,7.5,0,0,0,0,0,0,80.36
2008,2,10,13,30,8.3,0,0,0,0,0,0,77.62
2008,2,10,14,30,10.700000000000001,53,187,628,77,122,138,65.63
2008,2,10,15,30,14.100000000000001,76,421,829,574,152,391,48.25
2008,2,10,16,30,17.8,88,628,925,675,184,578,30.05
2008,2,10,17,30,20.3,95,781,971,52,352,389,22.36
2008,2,10,18,30,20.5,96,863,993,2,215,217,22.61
2008,2,10,19,30,18.3,116,860,955,7,287,292,29.1
2008,2,10,20,30,15.200000000000001,122,787,915,384,343,622,42.54
2008,2,10,21,30,12.700000000000001,91,657,917,917,91,657,55.92
2008,2,10,22,30,10.4,83,463,828,828,83,463,67.13
2008,2,10,23,30,7.4,81,223,543,0,8,8,82.23
2008,2,11,0,30,5.2,19,22,49,0,3,3,90.49
2008,2,11,1,30,5.1000000000000005,0,0,0,0,0,0,84.02
2008,2,11,2,30,5.7,0,0,0,0,0,0,84.78
2008,2,11,3,30,5.7,0,0,0,0,0,0,88.23
2008,2,11,4,30,5.1000000000000005,0,0,0,0,0,0,93.07000000000001
2008,2,11,5,30,4.5,0,0,0,0,0,0,96.94
2008,2,11,6,30,4.3,0,0,0,0,0,0,97.51
2008,2,11,7,30,3.9000000000000004,0,0,0,0,0,0,99.24000000000001
2008,2,11,8,30,3.6,0,0,0,0,0,0,100
2008,2,11,9,30,3.4000000000000004,0,0,0,0,0,0,100
2008,2,11,10,30,3.3000000000000003,0,0,0,0,0,0,100
2008,2,11,11,30,3.2,0,0,0,0,0,0,100
2008,2,11,12,30,3.6,0,0,0,0,0,0,98.85000000000001
2008,2,11,13,30,6.5,0,0,0,0,0,0,80.11
2008,2,11,14,30,11.5,43,199,721,0,62,62,58.13
2008,2,11,15,30,16.3,60,439,903,38,241,257,40.68
2008,2,11,16,30,19.400000000000002,71,646,979,979,71,646,25.96
2008,2,11,17,30,20.700000000000003,80,800,1014,1014,80,800,22.23
2008,2,11,18,30,21.400000000000002,83,885,1033,813,202,833,20.45
2008,2,11,19,30,21.8,84,894,1035,1035,84,894,19.37
2008,2,11,20,30,21.8,81,826,1021,255,378,564,18.85
2008,2,11,21,30,21.3,73,688,991,991,73,688,19.17
2008,2,11,22,30,20.1,64,491,924,269,227,351,20.62
2008,2,11,23,30,16.900000000000002,49,254,770,437,107,223,25.63
2008,2,12,0,30,13.5,18,33,311,3,21,21,36.19
2008,2,12,1,30,12.4,0,0,0,0,0,0,38.62
2008,2,12,2,30,12.200000000000001,0,0,0,0,0,0,39.44
2008,2,12,3,30,11.700000000000001,0,0,0,0,0,0,41.24
2008,2,12,4,30,10.700000000000001,0,0,0,0,0,0,44.57
2008,2,12,5,30,9.5,0,0,0,0,0,0,48.75
2008,2,12,6,30,8.4,0,0,0,0,0,0,53.19
2008,2,12,7,30,7.4,0,0,0,0,0,0,57.910000000000004
2008,2,12,8,30,6.4,0,0,0,0,0,0,62.68
2008,2,12,9,30,5.6000000000000005,0,0,0,0,0,0,65.43
2008,2,12,10,30,4.9,0,0,0,0,0,0,66.17
2008,2,12,11,30,4.4,0,0,0,0,0,0,65.54
2008,2,12,12,30,4.5,0,0,0,0,0,0,63.33
2008,2,12,13,30,6.800000000000001,0,0,0,0,0,0,53.67
2008,2,12,14,30,10.600000000000001,42,208,761,67,118,132,41.4
2008,2,12,15,30,14.5,56,449,930,303,207,335,28.85
2008,2,12,16,30,17.6,64,659,1007,5,175,178,18.72
2008,2,12,17,30,19.200000000000003,69,814,1045,276,352,549,16.36
2008,2,12,18,30,20.200000000000003,73,899,1061,1061,73,899,15.1
2008,2,12,19,30,20.8,72,908,1064,791,274,896,14.13
2008,2,12,20,30,20.900000000000002,69,840,1052,755,273,827,13.5
2008,2,12,21,30,20.6,63,704,1028,1028,63,704,13.11
2008,2,12,22,30,19.400000000000002,55,505,967,967,55,505,13.5
2008,2,12,23,30,16.1,42,266,835,835,42,266,16.68
2008,2,13,0,30,12.600000000000001,17,37,406,406,17,37,25.25
2008,2,13,1,30,11,0,0,0,0,0,0,28.150000000000002
2008,2,13,2,30,9.700000000000001,0,0,0,0,0,0,31.060000000000002
2008,2,13,3,30,8.4,0,0,0,0,0,0,33.9
2008,2,13,4,30,7.4,0,0,0,0,0,0,35.64
2008,2,13,5,30,7.1000000000000005,0,0,0,0,0,0,35.25
2008,2,13,6,30,7.5,0,0,0,0,0,0,32.78
2008,2,13,7,30,7.7,0,0,0,0,0,0,31.060000000000002
2008,2,13,8,30,7.2,0,0,0,0,0,0,32.11
2008,2,13,9,30,6.2,0,0,0,0,0,0,34.230000000000004
2008,2,13,10,30,5.2,0,0,0,0,0,0,36.89
2008,2,13,11,30,4,0,0,0,0,0,0,40.65
2008,2,13,12,30,3.2,0,0,0,0,0,0,43.9
2008,2,13,13,30,5.4,0,0,0,0,0,0,39.4
2008,2,13,14,30,10,39,213,786,786,39,213,30.77
2008,2,13,15,30,14.5,53,458,953,953,53,458,24.37
2008,2,13,16,30,17.900000000000002,62,666,1017,1017,62,666,18.61
2008,2,13,17,30,19.8,67,821,1054,1054,67,821,16.25
2008,2,13,18,30,21.1,74,907,1064,1064,74,907,14.76
2008,2,13,19,30,21.8,75,916,1065,1065,75,916,13.72
2008,2,13,20,30,22.1,73,848,1052,1052,73,848,12.8
2008,2,13,21,30,21.900000000000002,67,707,1021,1021,67,707,12.14
2008,2,13,22,30,20.900000000000002,57,507,962,962,57,507,12.13
2008,2,13,23,30,17.6,44,269,829,829,44,269,15.31
2008,2,14,0,30,14,17,39,421,421,17,39,24.47
2008,2,14,1,30,12.100000000000001,0,0,0,0,0,0,25.34
2008,2,14,2,30,10.8,0,0,0,0,0,0,26.03
2008,2,14,3,30,10,0,0,0,0,0,0,25.79
2008,2,14,4,30,9.200000000000001,0,0,0,0,0,0,26.82
2008,2,14,5,30,8.1,0,0,0,0,0,0,30.03
2008,2,14,6,30,7,0,0,0,0,0,0,34.9
2008,2,14,7,30,6.2,0,0,0,0,0,0,39.730000000000004
2008,2,14,8,30,5.6000000000000005,0,0,0,0,0,0,42.61
2008,2,14,9,30,5.2,0,0,0,0,0,0,42.92
2008,2,14,10,30,5,0,0,0,0,0,0,42.44
2008,2,14,11,30,5,0,0,0,0,0,0,41.34
2008,2,14,12,30,5.300000000000001,0,0,0,0,0,0,39.78
2008,2,14,13,30,7,0,0,0,0,0,0,35.74
2008,2,14,14,30,10.8,37,215,794,794,37,215,28.45
2008,2,14,15,30,15.200000000000001,49,459,956,956,49,459,20.91
2008,2,14,16,30,18.5,55,669,1028,1028,55,669,14.13
2008,2,14,17,30,20.400000000000002,59,820,1057,1057,59,820,10.97
2008,2,14,18,30,21.5,61,905,1073,1073,61,905,9.71
2008,2,14,19,30,22.200000000000003,60,914,1076,1076,60,914,9.17
2008,2,14,20,30,22.400000000000002,58,846,1064,606,243,691,9.08
2008,2,14,21,30,22,57,703,1025,138,324,412,9.38
2008,2,14,22,30,20.5,53,506,960,8,159,163,10.540000000000001
2008,2,14,23,30,17.900000000000002,43,268,823,5,81,82,13.27
2008,2,15,0,30,15.3,18,40,403,0,17,17,18.13
2008,2,15,1,30,13.8,0,0,0,0,0,0,22.61
2008,2,15,2,30,12.8,0,0,0,0,0,0,26.26
2008,2,15,3,30,11.600000000000001,0,0,0,0,0,0,30.740000000000002
2008,2,15,4,30,10.4,0,0,0,0,0,0,35.74
2008,2,15,5,30,9.5,0,0,0,0,0,0,39.85
2008,2,15,6,30,8.8,0,0,0,0,0,0,42.9
2008,2,15,7,30,7.9,0,0,0,0,0,0,45.87
2008,2,15,8,30,6.800000000000001,0,0,0,0,0,0,48.79
2008,2,15,9,30,5.800000000000001,0,0,0,0,0,0,50.870000000000005
2008,2,15,10,30,5.300000000000001,0,0,0,0,0,0,51.08
2008,2,15,11,30,4.9,0,0,0,0,0,0,50.910000000000004
2008,2,15,12,30,5.1000000000000005,0,0,0,0,0,0,48.95
2008,2,15,13,30,7.4,0,0,0,0,0,0,41.2
2008,2,15,14,30,12,32,219,822,118,131,158,30.04
2008,2,15,15,30,17.1,42,463,975,975,42,463,19.43
2008,2,15,16,30,20.900000000000002,48,675,1043,1043,48,675,12.09
2008,2,15,17,30,23.400000000000002,52,830,1077,1077,52,830,8.93
2008,2,15,18,30,24.8,59,919,1089,1089,59,919,7.9
2008,2,15,19,30,25.3,56,927,1093,1093,56,927,7.76
2008,2,15,20,30,25.1,52,851,1075,1075,52,851,8.02
2008,2,15,21,30,24.3,51,712,1044,1044,51,712,8.76
2008,2,15,22,30,22.700000000000003,44,509,981,981,44,509,10.3
2008,2,15,23,30,19.200000000000003,35,271,855,855,35,271,13.81
2008,2,16,0,30,15.3,16,41,459,459,16,41,20.080000000000002
2008,2,16,1,30,13.3,0,0,0,0,0,0,24.42
2008,2,16,2,30,12.4,0,0,0,0,0,0,26.310000000000002
2008,2,16,3,30,11.600000000000001,0,0,0,0,0,0,27.85
2008,2,16,4,30,10.700000000000001,0,0,0,0,0,0,30.04
2008,2,16,5,30,9.8,0,0,0,0,0,0,32.97
2008,2,16,6,30,9.1,0,0,0,0,0,0,35.52
2008,2,16,7,30,8.5,0,0,0,0,0,0,37.300000000000004
2008,2,16,8,30,8,0,0,0,0,0,0,38.82
2008,2,16,9,30,7.6000000000000005,0,0,0,0,0,0,39.57
2008,2,16,10,30,7.300000000000001,0,0,0,0,0,0,40.08
2008,2,16,11,30,7.1000000000000005,0,0,0,0,0,0,40.1
2008,2,16,12,30,7.1000000000000005,0,0,0,0,0,0,40.38
2008,2,16,13,30,8.8,0,0,0,0,0,0,36.32
2008,2,16,14,30,13,32,219,809,178,120,161,28.03
2008,2,16,15,30,17.400000000000002,42,464,970,354,202,356,21.56
2008,2,16,16,30,20.3,48,675,1037,1037,48,675,18.91
2008,2,16,17,30,22.3,52,835,1078,1078,52,835,16.5
2008,2,16,18,30,23.6,57,923,1091,1091,57,923,14.14
2008,2,16,19,30,24.3,57,939,1101,1101,57,939,12.26
2008,2,16,20,30,24.200000000000003,56,870,1090,1090,56,870,11.22
2008,2,16,21,30,23.5,51,727,1063,1063,51,727,10.89
2008,2,16,22,30,22.1,46,526,1004,1004,46,526,10.99
2008,2,16,23,30,18.7,38,284,879,879,38,284,12.88
2008,2,17,0,30,14.700000000000001,18,47,499,499,18,47,17.740000000000002
2008,2,17,1,30,12.100000000000001,0,0,0,0,0,0,22.31
2008,2,17,2,30,10.4,0,0,0,0,0,0,25.76
2008,2,17,3,30,8.9,0,0,0,0,0,0,29.38
2008,2,17,4,30,7.6000000000000005,0,0,0,0,0,0,33.160000000000004
2008,2,17,5,30,6.6000000000000005,0,0,0,0,0,0,37.12
2008,2,17,6,30,5.7,0,0,0,0,0,0,41.85
2008,2,17,7,30,5.1000000000000005,0,0,0,0,0,0,46.86
2008,2,17,8,30,4.5,0,0,0,0,0,0,52.21
2008,2,17,9,30,4,0,0,0,0,0,0,53.44
2008,2,17,10,30,3.5,0,0,0,0,0,0,50.7
2008,2,17,11,30,3.1,0,0,0,0,0,0,46.02
2008,2,17,12,30,3.5,0,0,0,0,0,0,39.46
2008,2,17,13,30,6.5,0,0,0,0,0,0,29.19
2008,2,17,14,30,11.5,34,236,868,868,34,236,19.45
2008,2,17,15,30,16.2,44,489,1015,1015,44,489,11.46
2008,2,17,16,30,19.5,50,706,1079,1079,50,706,5.3100000000000005
2008,2,17,17,30,21.6,54,866,1112,1112,54,866,4.0600000000000005
2008,2,17,18,30,23.200000000000003,59,955,1124,1124,59,955,3.52
2008,2,17,19,30,24.200000000000003,58,964,1127,1127,58,964,3.31
2008,2,17,20,30,24.400000000000002,58,894,1114,1114,58,894,3.37
2008,2,17,21,30,23.700000000000003,57,741,1069,1069,57,741,3.64
2008,2,17,22,30,22.1,50,536,1012,1012,50,536,4.24
2008,2,17,23,30,17.8,38,290,894,894,38,290,8.34
2008,2,18,0,30,12.8,18,50,528,528,18,50,15.8
2008,2,18,1,30,10.200000000000001,0,0,0,0,0,0,16.71
2008,2,18,2,30,8.6,0,0,0,0,0,0,19.21
2008,2,18,3,30,8.3,0,0,0,0,0,0,20.97
2008,2,18,4,30,8.3,0,0,0,0,0,0,20.26
2008,2,18,5,30,7.6000000000000005,0,0,0,0,0,0,20.080000000000002
2008,2,18,6,30,6.9,0,0,0,0,0,0,20.79
2008,2,18,7,30,6.6000000000000005,0,0,0,0,0,0,20.84
2008,2,18,8,30,6.7,0,0,0,0,0,0,20.18
2008,2,18,9,30,6.9,0,0,0,0,0,0,19.5
2008,2,18,10,30,7.1000000000000005,0,0,0,0,0,0,18.89
2008,2,18,11,30,6.9,0,0,0,0,0,0,19.29
2008,2,18,12,30,6.7,0,0,0,0,0,0,19.36
2008,2,18,13,30,8,0,0,0,0,0,0,18.02
2008,2,18,14,30,11.4,37,237,843,843,37,237,15.58
2008,2,18,15,30,15.5,48,487,994,994,48,487,10.17
2008,2,18,16,30,18.7,54,703,1060,1060,54,703,7.71
2008,2,18,17,30,21.200000000000003,59,861,1094,1094,59,861,6.6000000000000005
2008,2,18,18,30,23.200000000000003,63,950,1107,1107,63,950,5.89
2008,2,18,19,30,24.5,63,958,1108,1108,63,958,5.5
2008,2,18,20,30,25.1,60,888,1098,1098,60,888,5.37
2008,2,18,21,30,25,55,744,1071,1071,55,744,5.48
2008,2,18,22,30,23.900000000000002,48,533,1004,1004,48,533,5.96
2008,2,18,23,30,21,38,289,883,883,38,289,10.44
2008,2,19,0,30,17.900000000000002,18,50,500,500,18,50,15.13
2008,2,19,1,30,16,0,0,0,0,0,0,14.47
2008,2,19,2,30,14.200000000000001,0,0,0,0,0,0,15.47
2008,2,19,3,30,12.5,0,0,0,0,0,0,17.04
2008,2,19,4,30,11.200000000000001,0,0,0,0,0,0,18.04
2008,2,19,5,30,9.8,0,0,0,0,0,0,19.84
2008,2,19,6,30,7.800000000000001,0,0,0,0,0,0,23.79
2008,2,19,7,30,5.9,0,0,0,0,0,0,28.97
2008,2,19,8,30,4.7,0,0,0,0,0,0,33.3
2008,2,19,9,30,4,0,0,0,0,0,0,36.9
2008,2,19,10,30,3.4000000000000004,0,0,0,0,0,0,40.18
2008,2,19,11,30,3,0,0,0,0,0,0,42.24
2008,2,19,12,30,3.5,0,0,0,0,0,0,41.13
2008,2,19,13,30,6.800000000000001,0,0,0,0,0,0,32.86
2008,2,19,14,30,12,34,236,843,843,34,236,23.080000000000002
2008,2,19,15,30,17.3,45,481,978,978,45,481,14.68
2008,2,19,16,30,21.400000000000002,52,693,1043,1043,52,693,7.5200000000000005
2008,2,19,17,30,23.5,54,849,1078,1078,54,849,6.78
2008,2,19,18,30,25,58,936,1092,1092,58,936,6.57
2008,2,19,19,30,25.900000000000002,58,945,1093,1093,58,945,6.59
2008,2,19,20,30,26,59,877,1080,815,196,813,6.87
2008,2,19,21,30,25.5,62,736,1043,486,324,638,7.29
2008,2,19,22,30,24.1,55,534,985,985,55,534,8
2008,2,19,23,30,20.200000000000003,44,290,859,469,130,264,10.65
2008,2,20,0,30,16.3,20,51,475,11,33,34,16.46
2008,2,20,1,30,14.4,0,0,0,0,0,0,18.59
2008,2,20,2,30,12.9,0,0,0,0,0,0,20.59
2008,2,20,3,30,11.4,0,0,0,0,0,0,23.01
2008,2,20,4,30,10.100000000000001,0,0,0,0,0,0,25.37
2008,2,20,5,30,8.8,0,0,0,0,0,0,28.5
2008,2,20,6,30,8,0,0,0,0,0,0,30.68
2008,2,20,7,30,7.4,0,0,0,0,0,0,31.68
2008,2,20,8,30,7.1000000000000005,0,0,0,0,0,0,30.86
2008,2,20,9,30,6.7,0,0,0,0,0,0,29.28
2008,2,20,10,30,6.300000000000001,0,0,0,0,0,0,27.490000000000002
2008,2,20,11,30,5.800000000000001,0,0,0,0,0,0,26.14
2008,2,20,12,30,6.1000000000000005,0,0,0,0,0,0,23.97
2008,2,20,13,30,9.600000000000001,10,17,332,0,6,6,18.39
2008,2,20,14,30,15,35,240,843,60,146,160,12.26
2008,2,20,15,30,19.5,46,489,988,358,211,372,9.18
2008,2,20,16,30,22.5,54,704,1052,559,213,559,7.67
2008,2,20,17,30,24.200000000000003,59,855,1075,590,257,694,7.21
2008,2,20,18,30,25,71,944,1081,861,195,891,7.0600000000000005
2008,2,20,19,30,24.900000000000002,70,947,1076,1076,70,947,7.15
2008,2,20,20,30,24.200000000000003,68,877,1064,1064,68,877,7.43
2008,2,20,21,30,23.6,64,735,1034,682,203,646,7.68
2008,2,20,22,30,22.6,53,536,988,275,260,395,8.24
2008,2,20,23,30,19.3,42,293,867,210,155,215,10.41
2008,2,21,0,30,15.4,19,53,494,6,33,33,15.73
2008,2,21,1,30,13.700000000000001,0,0,0,0,0,0,19.17
2008,2,21,2,30,13,0,0,0,0,0,0,21.330000000000002
2008,2,21,3,30,12,0,0,0,0,0,0,24.150000000000002
2008,2,21,4,30,10.5,0,0,0,0,0,0,28.35
2008,2,21,5,30,9.3,0,0,0,0,0,0,32.4
2008,2,21,6,30,8.700000000000001,0,0,0,0,0,0,34.7
2008,2,21,7,30,8.700000000000001,0,0,0,0,0,0,34.19
2008,2,21,8,30,8.4,0,0,0,0,0,0,33.68
2008,2,21,9,30,8.4,0,0,0,0,0,0,32.05
2008,2,21,10,30,8.6,0,0,0,0,0,0,29.76
2008,2,21,11,30,8.700000000000001,0,0,0,0,0,0,28.330000000000002
2008,2,21,12,30,8.9,0,0,0,0,0,0,27.54
2008,2,21,13,30,10.100000000000001,12,18,296,0,3,3,25.22
2008,2,21,14,30,12.9,40,240,810,1,43,43,20.990000000000002
2008,2,21,15,30,16.5,53,487,961,455,175,380,16.62
2008,2,21,16,30,19.5,60,700,1029,836,118,638,12.120000000000001
2008,2,21,17,30,21.200000000000003,65,856,1063,1063,65,856,10.21
2008,2,21,18,30,22.5,65,937,1074,804,210,862,9.19
2008,2,21,19,30,23.400000000000002,65,945,1076,827,200,877,8.57
2008,2,21,20,30,23.5,62,875,1065,618,266,738,8.38
2008,2,21,21,30,23,60,734,1033,594,230,617,8.49
2008,2,21,22,30,21.900000000000002,50,532,980,980,50,532,8.91
2008,2,21,23,30,19.1,40,293,867,867,40,293,10.38
2008,2,22,0,30,15.5,19,54,501,501,19,54,13.91
2008,2,22,1,30,13.100000000000001,0,0,0,0,0,0,17.94
2008,2,22,2,30,11.600000000000001,0,0,0,0,0,0,21.07
2008,2,22,3,30,10.100000000000001,0,0,0,0,0,0,24.57
2008,2,22,4,30,8.700000000000001,0,0,0,0,0,0,28.18
2008,2,22,5,30,7.4,0,0,0,0,0,0,31.810000000000002
2008,2,22,6,30,6.2,0,0,0,0,0,0,35.31
2008,2,22,7,30,5,0,0,0,0,0,0,38.83
2008,2,22,8,30,4,0,0,0,0,0,0,41.410000000000004
2008,2,22,9,30,3.2,0,0,0,0,0,0,42.58
2008,2,22,10,30,2.5,0,0,0,0,0,0,42.82
2008,2,22,11,30,2.1,0,0,0,0,0,0,42.15
2008,2,22,12,30,2.5,0,0,0,0,0,0,39.14
2008,2,22,13,30,5.9,12,21,349,349,12,21,29.93
2008,2,22,14,30,11.100000000000001,39,252,853,853,39,252,20.26
2008,2,22,15,30,15.4,50,504,996,996,50,504,11.450000000000001
2008,2,22,16,30,18.400000000000002,57,721,1060,1060,57,721,7.0600000000000005
2008,2,22,17,30,20.6,62,880,1093,1093,62,880,5.73
2008,2,22,18,30,22.3,70,968,1102,1102,70,968,5.18
2008,2,22,19,30,23.5,69,968,1093,1093,69,968,4.97
2008,2,22,20,30,24.1,66,897,1083,1083,66,897,4.99
2008,2,22,21,30,24,58,752,1058,1058,58,752,5.2700000000000005
2008,2,22,22,30,23,51,547,1004,1004,51,547,5.86
2008,2,22,23,30,19.5,41,302,885,885,41,302,8.25
2008,2,23,0,30,16.1,20,57,520,520,20,57,14.88
2008,2,23,1,30,15.100000000000001,0,0,0,0,0,0,14.32
2008,2,23,2,30,14,0,0,0,0,0,0,14.75
2008,2,23,3,30,11.5,0,0,0,0,0,0,17.46
2008,2,23,4,30,9,0,0,0,0,0,0,21.71
2008,2,23,5,30,7.5,0,0,0,0,0,0,24.42
2008,2,23,6,30,6.6000000000000005,0,0,0,0,0,0,25.84
2008,2,23,7,30,5.800000000000001,0,0,0,0,0,0,26.57
2008,2,23,8,30,5.300000000000001,0,0,0,0,0,0,26.48
2008,2,23,9,30,4.800000000000001,0,0,0,0,0,0,26.26
2008,2,23,10,30,4.4,0,0,0,0,0,0,26.14
2008,2,23,11,30,4.1000000000000005,0,0,0,0,0,0,26.19
2008,2,23,12,30,4.6000000000000005,0,0,0,0,0,0,25.26
2008,2,23,13,30,8.200000000000001,12,22,343,343,12,22,20.330000000000002
2008,2,23,14,30,13.700000000000001,37,249,837,837,37,249,14.040000000000001
2008,2,23,15,30,18.8,50,498,978,978,50,498,10.01
2008,2,23,16,30,22.6,56,712,1042,1042,56,712,7.44
2008,2,23,17,30,24.900000000000002,61,869,1075,1075,61,869,6.97
2008,2,23,18,30,26.400000000000002,65,950,1081,1081,65,950,6.93
2008,2,23,19,30,27.3,64,958,1083,1083,64,958,6.95
2008,2,23,20,30,27.5,62,888,1071,1071,62,888,7.07
2008,2,23,21,30,27.1,58,745,1042,1042,58,745,7.26
2008,2,23,22,30,25.900000000000002,52,542,986,986,52,542,7.76
2008,2,23,23,30,22.200000000000003,41,299,865,865,41,299,10.42
2008,2,24,0,30,18.400000000000002,20,57,494,494,20,57,16.82
2008,2,24,1,30,17,0,0,0,0,0,0,17.26
2008,2,24,2,30,15.600000000000001,0,0,0,0,0,0,18.69
2008,2,24,3,30,13.5,0,0,0,0,0,0,21.43
2008,2,24,4,30,11.9,0,0,0,0,0,0,23.830000000000002
2008,2,24,5,30,11.100000000000001,0,0,0,0,0,0,25.32
2008,2,24,6,30,10.200000000000001,0,0,0,0,0,0,26.41
2008,2,24,7,30,9.4,0,0,0,0,0,0,26.18
2008,2,24,8,30,8.700000000000001,0,0,0,0,0,0,25.77
2008,2,24,9,30,8,0,0,0,0,0,0,26.2
2008,2,24,10,30,7.300000000000001,0,0,0,0,0,0,27.22
2008,2,24,11,30,6.6000000000000005,0,0,0,0,0,0,28.57
2008,2,24,12,30,6.7,0,0,0,0,0,0,28.55
2008,2,24,13,30,9.8,13,24,331,331,13,24,23.86
2008,2,24,14,30,14.200000000000001,41,251,819,819,41,251,17.990000000000002
2008,2,24,15,30,18.2,53,499,964,964,53,499,14.18
2008,2,24,16,30,21.6,61,717,1037,1037,61,717,11.32
2008,2,24,17,30,23.8,65,874,1070,1070,65,874,9.78
2008,2,24,18,30,25.3,74,961,1077,1077,74,961,8.88
2008,2,24,19,30,26.1,75,969,1079,1079,75,969,8.41
2008,2,24,20,30,26.400000000000002,72,898,1066,1066,72,898,8.18
2008,2,24,21,30,26,67,754,1038,1038,67,754,8.24
2008,2,24,22,30,24.900000000000002,60,549,979,979,60,549,8.620000000000001
2008,2,24,23,30,21.200000000000003,47,303,854,854,47,303,10.94
2008,2,25,0,30,16.8,22,59,483,483,22,59,17.1
2008,2,25,1,30,14.5,0,0,0,0,0,0,18.29
2008,2,25,2,30,13,0,0,0,0,0,0,19.77
2008,2,25,3,30,11.5,0,0,0,0,0,0,22.03
2008,2,25,4,30,10.4,0,0,0,0,0,0,23.93
2008,2,25,5,30,9.4,0,0,0,0,0,0,25.55
2008,2,25,6,30,8.8,0,0,0,0,0,0,28.060000000000002
2008,2,25,7,30,8.4,0,0,0,0,0,0,38.25
2008,2,25,8,30,7.9,0,0,0,0,0,0,58.230000000000004
2008,2,25,9,30,7.300000000000001,0,0,0,0,0,0,76.67
2008,2,25,10,30,6.9,0,0,0,0,0,0,86.45
2008,2,25,11,30,6.6000000000000005,0,0,0,0,0,0,90.17
2008,2,25,12,30,7.300000000000001,0,0,0,0,0,0,84.56
2008,2,25,13,30,10.8,15,24,285,285,15,24,63.9
2008,2,25,14,30,16.3,46,249,784,784,46,249,41.69
2008,2,25,15,30,21.400000000000002,59,499,944,944,59,499,25.55
2008,2,25,16,30,25.1,67,713,1015,1015,67,713,12.3
2008,2,25,17,30,27,70,874,1058,1058,70,874,9.53
2008,2,25,18,30,28.1,75,960,1070,1070,75,960,8.23
2008,2,25,19,30,28.5,75,967,1073,1073,75,967,7.3500000000000005
2008,2,25,20,30,28.400000000000002,72,897,1061,1061,72,897,6.73
2008,2,25,21,30,27.8,66,758,1041,1041,66,758,6.41
2008,2,25,22,30,26.6,58,553,985,275,290,428,6.48
2008,2,25,23,30,22.700000000000003,45,307,865,865,45,307,8.23
2008,2,26,0,30,18.400000000000002,22,62,504,504,22,62,13.950000000000001
2008,2,26,1,30,16.5,0,0,0,0,0,0,15.280000000000001
2008,2,26,2,30,14.9,0,0,0,0,0,0,16.73
2008,2,26,3,30,14.200000000000001,0,0,0,0,0,0,17.7
2008,2,26,4,30,13.700000000000001,0,0,0,0,0,0,21.3
2008,2,26,5,30,12.600000000000001,0,0,0,0,0,0,28.060000000000002
2008,2,26,6,30,11.600000000000001,0,0,0,0,0,0,33.46
2008,2,26,7,30,10.600000000000001,0,0,0,0,0,0,36.660000000000004
2008,2,26,8,30,9.9,0,0,0,0,0,0,37.74
2008,2,26,9,30,9.3,0,0,0,0,0,0,38.44
2008,2,26,10,30,8.700000000000001,0,0,0,0,0,0,38.81
2008,2,26,11,30,8.3,0,0,0,0,0,0,38.01
2008,2,26,12,30,8.5,0,0,0,0,0,0,34.86
2008,2,26,13,30,10.600000000000001,14,29,388,388,14,29,28.25
2008,2,26,14,30,14.4,41,264,847,847,41,264,19.900000000000002
2008,2,26,15,30,18.1,54,516,984,984,54,516,13.99
2008,2,26,16,30,21.1,62,732,1046,1046,62,732,10.67
2008,2,26,17,30,23.1,69,891,1077,1077,69,891,8.790000000000001
2008,2,26,18,30,24.200000000000003,70,977,1093,1093,70,977,7.76
2008,2,26,19,30,24.5,71,977,1085,835,211,909,7.41
2008,2,26,20,30,24.200000000000003,71,906,1071,1071,71,906,7.6000000000000005
2008,2,26,21,30,23.200000000000003,75,760,1026,1026,75,760,8.39
2008,2,26,22,30,21.3,67,549,955,731,159,529,10.07
2008,2,26,23,30,18.400000000000002,54,303,820,590,114,294,13.38
2008,2,27,0,30,15.3,25,59,425,27,44,46,18.59
2008,2,27,1,30,12.9,0,0,0,0,0,0,23.89
2008,2,27,2,30,10.8,0,0,0,0,0,0,28.35
2008,2,27,3,30,8.9,0,0,0,0,0,0,31.18
2008,2,27,4,30,7.4,0,0,0,0,0,0,32.46
2008,2,27,5,30,6.4,0,0,0,0,0,0,33.77
2008,2,27,6,30,5.4,0,0,0,0,0,0,36.2
2008,2,27,7,30,4.6000000000000005,0,0,0,0,0,0,38.86
2008,2,27,8,30,4,0,0,0,0,0,0,41.78
2008,2,27,9,30,3.6,0,0,0,0,0,0,45
2008,2,27,10,30,3,0,0,0,0,0,0,48.870000000000005
2008,2,27,11,30,2.5,0,0,0,0,0,0,51.7
2008,2,27,12,30,2.6,0,0,0,0,0,0,51.15
2008,2,27,13,30,4.5,18,28,256,256,18,28,43.44
2008,2,27,14,30,7.800000000000001,53,257,765,765,53,257,32.15
2008,2,27,15,30,11.200000000000001,69,507,924,924,69,507,25.64
2008,2,27,16,30,14.600000000000001,79,722,999,999,79,722,21.69
2008,2,27,17,30,17.2,84,880,1038,1038,84,880,18.1
2008,2,27,18,30,19.1,87,965,1053,1053,87,965,15.32
2008,2,27,19,30,20.3,86,979,1064,1064,86,979,13.64
2008,2,27,20,30,20.900000000000002,83,907,1052,1052,83,907,12.67
2008,2,27,21,30,20.8,77,762,1021,1021,77,762,12.34
2008,2,27,22,30,20.1,68,556,961,961,68,556,12.55
2008,2,27,23,30,17.400000000000002,53,308,832,832,53,308,14.66
2008,2,28,0,30,13.700000000000001,25,63,455,455,25,63,21.47
2008,2,28,1,30,11.600000000000001,0,0,0,0,0,0,22.97
2008,2,28,2,30,10.4,0,0,0,0,0,0,23.76
2008,2,28,3,30,9.200000000000001,0,0,0,0,0,0,25.36
2008,2,28,4,30,8.1,0,0,0,0,0,0,28.19
2008,2,28,5,30,7.1000000000000005,0,0,0,0,0,0,32.29
2008,2,28,6,30,6.2,0,0,0,0,0,0,36.65
2008,2,28,7,30,5.6000000000000005,0,0,0,0,0,0,39.93
2008,2,28,8,30,5.2,0,0,0,0,0,0,42.25
2008,2,28,9,30,4.800000000000001,0,0,0,0,0,0,44.1
2008,2,28,10,30,4.6000000000000005,0,0,0,0,0,0,45.21
2008,2,28,11,30,4.5,0,0,0,0,0,0,45.88
2008,2,28,12,30,5.5,0,0,0,0,0,0,43.13
2008,2,28,13,30,8.9,18,30,292,2,20,20,34.74
2008,2,28,14,30,14.3,51,260,773,9,96,99,24.94
2008,2,28,15,30,19.200000000000003,67,509,927,652,161,473,19.66
2008,2,28,16,30,22.3,77,723,997,626,222,628,16.41
2008,2,28,17,30,23.8,83,879,1033,715,244,795,14.200000000000001
2008,2,28,18,30,24.900000000000002,86,965,1050,729,246,856,12.65
2008,2,28,19,30,25.400000000000002,87,967,1044,751,247,880,11.81
2008,2,28,20,30,25.200000000000003,87,895,1027,1027,87,895,11.63
2008,2,28,21,30,24.700000000000003,85,749,986,986,85,749,11.81
2008,2,28,22,30,23.5,75,542,913,315,281,442,12.790000000000001
2008,2,28,23,30,20.8,59,299,775,775,59,299,15.55
2008,3,1,0,30,16.6,26,66,470,470,26,66,16.15
2008,3,1,1,30,14.700000000000001,0,0,0,0,0,0,18.14
2008,3,1,2,30,13.5,0,0,0,0,0,0,21.650000000000002
2008,3,1,3,30,12.3,0,0,0,0,0,0,26.52
2008,3,1,4,30,10.9,0,0,0,0,0,0,31.01
2008,3,1,5,30,9.700000000000001,0,0,0,0,0,0,34.43
2008,3,1,6,30,8.700000000000001,0,0,0,0,0,0,37.59
2008,3,1,7,30,8.200000000000001,0,0,0,0,0,0,40.67
2008,3,1,8,30,8,0,0,0,0,0,0,44.65
2008,3,1,9,30,8.1,0,0,0,0,0,0,48.45
2008,3,1,10,30,8.3,0,0,0,0,0,0,51.24
2008,3,1,11,30,8.4,0,0,0,0,0,0,53.07
2008,3,1,12,30,8.5,0,0,0,0,0,0,54.34
2008,3,1,13,30,10,20,33,259,259,20,33,50.71
2008,3,1,14,30,13.3,57,259,727,727,57,259,44.14
2008,3,1,15,30,17.3,75,505,886,886,75,505,38.79
2008,3,1,16,30,20.3,86,716,961,961,86,716,30.55
2008,3,1,17,30,22.200000000000003,92,870,999,999,92,870,24.8
2008,3,1,18,30,23.5,96,954,1017,1017,96,954,21.080000000000002
2008,3,1,19,30,24.200000000000003,96,961,1018,1018,96,961,18.77
2008,3,1,20,30,24.400000000000002,93,893,1009,1009,93,893,17.35
2008,3,1,21,30,24.200000000000003,86,746,972,972,86,746,16.7
2008,3,1,22,30,23.400000000000002,77,543,903,558,189,477,17
2008,3,1,23,30,21.200000000000003,62,300,756,513,120,281,19.18
2008,3,2,0,30,18.3,30,62,366,7,44,44,28.04
2008,3,2,1,30,16.6,0,0,0,0,0,0,31.85
2008,3,2,2,30,15.600000000000001,0,0,0,0,0,0,35.82
2008,3,2,3,30,14.9,0,0,0,0,0,0,39.26
2008,3,2,4,30,14.200000000000001,0,0,0,0,0,0,41.58
2008,3,2,5,30,13.200000000000001,0,0,0,0,0,0,45.21
2008,3,2,6,30,12.3,0,0,0,0,0,0,48.81
2008,3,2,7,30,11.8,0,0,0,0,0,0,49.38
2008,3,2,8,30,11.3,0,0,0,0,0,0,49.82
2008,3,2,9,30,10.5,0,0,0,0,0,0,51.02
2008,3,2,10,30,9.700000000000001,0,0,0,0,0,0,51.97
2008,3,2,11,30,9,0,0,0,0,0,0,52.58
2008,3,2,12,30,8.9,0,0,0,0,0,0,51.29
2008,3,2,13,30,10.9,19,40,386,5,27,27,43.68
2008,3,2,14,30,15.3,47,281,828,36,167,177,31.95
2008,3,2,15,30,19.700000000000003,59,533,970,496,200,443,18.580000000000002
2008,3,2,16,30,22.700000000000003,66,749,1035,686,215,667,10.620000000000001
2008,3,2,17,30,24.6,70,905,1068,729,236,806,8.09
2008,3,2,18,30,25.8,76,990,1079,516,434,871,7.0200000000000005
2008,3,2,19,30,26.400000000000002,74,997,1082,620,387,916,6.65
2008,3,2,20,30,26.200000000000003,71,924,1071,1071,71,924,6.68
2008,3,2,21,30,25.3,68,778,1040,1040,68,778,6.98
2008,3,2,22,30,23.700000000000003,59,571,987,987,59,571,7.8100000000000005
2008,3,2,23,30,21,46,320,866,866,46,320,9.82
2008,3,3,0,30,17.8,23,72,537,537,23,72,13.76
2008,3,3,1,30,15.200000000000001,0,0,0,0,0,0,19.09
2008,3,3,2,30,13.5,0,0,0,0,0,0,24.29
2008,3,3,3,30,12.100000000000001,0,0,0,0,0,0,29.87
2008,3,3,4,30,10.8,0,0,0,0,0,0,36.03
2008,3,3,5,30,9.600000000000001,0,0,0,0,0,0,42.31
2008,3,3,6,30,8.6,0,0,0,0,0,0,47.2
2008,3,3,7,30,7.800000000000001,0,0,0,0,0,0,49.22
2008,3,3,8,30,7,0,0,0,0,0,0,49.14
2008,3,3,9,30,6.4,0,0,0,0,0,0,47.79
2008,3,3,10,30,5.9,0,0,0,0,0,0,45.69
2008,3,3,11,30,5.4,0,0,0,0,0,0,43.22
2008,3,3,12,30,5.5,0,0,0,0,0,0,39.800000000000004
2008,3,3,13,30,7.7,18,47,501,501,18,47,32.44
2008,3,3,14,30,12.5,41,298,899,899,41,298,22.2
2008,3,3,15,30,17.3,52,548,1008,1008,52,548,11.53
2008,3,3,16,30,20.3,57,765,1067,1067,57,765,8.25
2008,3,3,17,30,22.200000000000003,61,923,1097,1097,61,923,7.17
2008,3,3,18,30,23.6,67,1010,1107,1107,67,1010,6.32
2008,3,3,19,30,24.400000000000002,67,1016,1108,1108,67,1016,5.67
2008,3,3,20,30,24.700000000000003,64,942,1098,1098,64,942,5.2700000000000005
2008,3,3,21,30,24.3,59,793,1072,1072,59,793,5.24
2008,3,3,22,30,22.900000000000002,53,584,1019,1019,53,584,5.74
2008,3,3,23,30,19.400000000000002,44,328,892,892,44,328,7.68
2008,3,4,0,30,14.8,24,75,557,557,24,75,13.46
2008,3,4,1,30,11.200000000000001,0,0,0,0,0,0,21.27
2008,3,4,2,30,8.3,0,0,0,0,0,0,30.57
2008,3,4,3,30,6.2,0,0,0,0,0,0,37.96
2008,3,4,4,30,4.9,0,0,0,0,0,0,40.81
2008,3,4,5,30,3.9000000000000004,0,0,0,0,0,0,40.410000000000004
2008,3,4,6,30,2.9000000000000004,0,0,0,0,0,0,38.46
2008,3,4,7,30,1.8,0,0,0,0,0,0,37.34
2008,3,4,8,30,0.7000000000000001,0,0,0,0,0,0,38.06
2008,3,4,9,30,-0.1,0,0,0,0,0,0,39.31
2008,3,4,10,30,-0.6000000000000001,0,0,0,0,0,0,40.2
2008,3,4,11,30,-0.9,0,0,0,0,0,0,40.69
2008,3,4,12,30,-0.4,0,0,0,0,0,0,38.980000000000004
2008,3,4,13,30,1.9000000000000001,19,48,486,486,19,48,33
2008,3,4,14,30,5.9,41,297,883,883,41,297,24.330000000000002
2008,3,4,15,30,10.8,51,552,1009,1009,51,552,18.150000000000002
2008,3,4,16,30,16.400000000000002,58,769,1067,1067,58,769,12.39
2008,3,4,17,30,20.6,60,926,1097,1097,60,926,8.65
2008,3,4,18,30,22.8,64,1003,1099,1099,64,1003,7.28
2008,3,4,19,30,23.900000000000002,62,1008,1101,1101,62,1008,6.7
2008,3,4,20,30,24.200000000000003,57,934,1092,1092,57,934,6.5600000000000005
2008,3,4,21,30,23.700000000000003,60,783,1051,1051,60,783,6.82
2008,3,4,22,30,22.400000000000002,53,575,999,999,53,575,7.4
2008,3,4,23,30,19.8,41,327,892,892,41,327,8.64
2008,3,5,0,30,16.1,22,76,576,576,22,76,11.370000000000001
2008,3,5,1,30,13.3,0,0,0,0,0,0,14.83
2008,3,5,2,30,11.5,0,0,0,0,0,0,17.830000000000002
2008,3,5,3,30,10.100000000000001,0,0,0,0,0,0,20.59
2008,3,5,4,30,9,0,0,0,0,0,0,23.07
2008,3,5,5,30,8.200000000000001,0,0,0,0,0,0,25.43
2008,3,5,6,30,7.5,0,0,0,0,0,0,28.02
2008,3,5,7,30,7,0,0,0,0,0,0,29.88
2008,3,5,8,30,6.4,0,0,0,0,0,0,30.560000000000002
2008,3,5,9,30,5.800000000000001,0,0,0,0,0,0,30.48
2008,3,5,10,30,5.1000000000000005,0,0,0,0,0,0,30.54
2008,3,5,11,30,4.5,0,0,0,0,0,0,30.71
2008,3,5,12,30,5.1000000000000005,0,0,0,0,0,0,28.650000000000002
2008,3,5,13,30,8.200000000000001,19,53,535,535,19,53,22.81
2008,3,5,14,30,13.200000000000001,40,306,908,908,40,306,16.19
2008,3,5,15,30,17.2,50,556,1012,1012,50,556,9.36
2008,3,5,16,30,19.6,56,773,1069,1069,56,773,7.26
2008,3,5,17,30,21.400000000000002,59,930,1099,1099,59,930,6.36
2008,3,5,18,30,22.900000000000002,65,1017,1109,1109,65,1017,5.67
2008,3,5,19,30,23.700000000000003,65,1023,1110,1110,65,1023,5.3500000000000005
2008,3,5,20,30,23.900000000000002,63,948,1099,1099,63,948,5.3500000000000005
2008,3,5,21,30,23.3,57,791,1064,1064,57,791,5.73
2008,3,5,22,30,21.900000000000002,51,583,1012,1012,51,583,6.61
2008,3,5,23,30,19.1,41,333,903,903,41,333,8.48
2008,3,6,0,30,15.5,23,79,591,591,23,79,12
2008,3,6,1,30,12.8,0,0,0,0,0,0,16.46
2008,3,6,2,30,11.3,0,0,0,0,0,0,20
2008,3,6,3,30,9.8,0,0,0,0,0,0,23.61
2008,3,6,4,30,8.6,0,0,0,0,0,0,26.69
2008,3,6,5,30,7.6000000000000005,0,0,0,0,0,0,29.77
2008,3,6,6,30,6.7,0,0,0,0,0,0,32.75
2008,3,6,7,30,6,0,0,0,0,0,0,34.86
2008,3,6,8,30,5.300000000000001,0,0,0,0,0,0,36.37
2008,3,6,9,30,4.800000000000001,0,0,0,0,0,0,37.050000000000004
2008,3,6,10,30,4.3,0,0,0,0,0,0,37.46
2008,3,6,11,30,4,0,0,0,0,0,0,37.28
2008,3,6,12,30,4.3,0,0,0,0,0,0,35.5
2008,3,6,13,30,6.9,20,55,505,505,20,55,28.84
2008,3,6,14,30,11.700000000000001,43,306,885,885,43,306,20.27
2008,3,6,15,30,15.9,54,562,1007,1007,54,562,13.81
2008,3,6,16,30,18.3,60,779,1065,1065,60,779,11.01
2008,3,6,17,30,20,64,937,1095,1095,64,937,8.88
2008,3,6,18,30,21,64,1021,1110,1110,64,1021,7.49
2008,3,6,19,30,21.400000000000002,66,1026,1109,1109,66,1026,6.69
2008,3,6,20,30,21.3,65,952,1097,1097,65,952,6.33
2008,3,6,21,30,20.5,64,803,1066,1066,64,803,6.38
2008,3,6,22,30,19.1,57,592,1014,1014,57,592,6.72
2008,3,6,23,30,16.8,46,344,919,919,46,344,7.65
2008,3,7,0,30,13.700000000000001,25,84,596,596,25,84,9.68
2008,3,7,1,30,11,0,0,0,0,0,0,12.86
2008,3,7,2,30,9.1,0,0,0,0,0,0,16.28
2008,3,7,3,30,7.6000000000000005,0,0,0,0,0,0,19.6
2008,3,7,4,30,6.4,0,0,0,0,0,0,22.56
2008,3,7,5,30,5.2,0,0,0,0,0,0,25.32
2008,3,7,6,30,3.9000000000000004,0,0,0,0,0,0,28.650000000000002
2008,3,7,7,30,3,0,0,0,0,0,0,31.18
2008,3,7,8,30,2.3000000000000003,0,0,0,0,0,0,33.22
2008,3,7,9,30,1.6,0,0,0,0,0,0,35.21
2008,3,7,10,30,0.6000000000000001,0,0,0,0,0,0,38.53
2008,3,7,11,30,-0.5,0,0,0,0,0,0,42.99
2008,3,7,12,30,-0.30000000000000004,0,0,0,0,0,0,43.85
2008,3,7,13,30,2.3000000000000003,24,55,438,438,24,55,38.17
2008,3,7,14,30,6,52,306,844,844,52,306,32.980000000000004
2008,3,7,15,30,9.4,67,563,977,977,67,563,25.39
2008,3,7,16,30,12.4,75,782,1041,1041,75,782,18.56
2008,3,7,17,30,14.700000000000001,81,940,1073,1073,81,940,13.52
2008,3,7,18,30,16,84,1025,1087,1087,84,1025,10.68
2008,3,7,19,30,16.5,85,1029,1086,1086,85,1029,9.81
2008,3,7,20,30,16.3,84,953,1071,1071,84,953,9.96
2008,3,7,21,30,15.5,77,804,1044,1044,77,804,10.4
2008,3,7,22,30,14.3,65,593,994,994,65,593,10.55
2008,3,7,23,30,11.9,50,345,903,903,50,345,11.370000000000001
2008,3,8,0,30,8.4,27,85,579,579,27,85,14.200000000000001
2008,3,8,1,30,5.7,0,0,0,0,0,0,18.43
2008,3,8,2,30,4,0,0,0,0,0,0,21.31
2008,3,8,3,30,2.3000000000000003,0,0,0,0,0,0,24.36
2008,3,8,4,30,0.9,0,0,0,0,0,0,26.67
2008,3,8,5,30,0.1,0,0,0,0,0,0,27.92
2008,3,8,6,30,-0.5,0,0,0,0,0,0,29.13
2008,3,8,7,30,-1,0,0,0,0,0,0,30.71
2008,3,8,8,30,-1.4000000000000001,0,0,0,0,0,0,32.43
2008,3,8,9,30,-1.4000000000000001,0,0,0,0,0,0,33.160000000000004
2008,3,8,10,30,-1.4000000000000001,0,0,0,0,0,0,33.660000000000004
2008,3,8,11,30,-1.7000000000000002,0,0,0,0,0,0,34.7
2008,3,8,12,30,-1.5,0,0,0,0,0,0,34.51
2008,3,8,13,30,1,23,61,512,512,23,61,29.59
2008,3,8,14,30,5.2,47,318,889,889,47,318,21.6
2008,3,8,15,30,8.9,61,578,1010,1010,61,578,14.8
2008,3,8,16,30,12.100000000000001,69,797,1068,1068,69,797,11.52
2008,3,8,17,30,15.3,74,957,1098,1098,74,957,9.03
2008,3,8,18,30,18,76,1042,1111,1111,76,1042,7.33
2008,3,8,19,30,19.8,76,1034,1098,1098,76,1034,6.4
2008,3,8,20,30,20.8,74,958,1087,1087,74,958,5.99
2008,3,8,21,30,21.1,71,808,1056,1056,71,808,5.95
2008,3,8,22,30,20.700000000000003,63,596,1001,1001,63,596,6.2
2008,3,8,23,30,17.7,51,342,884,884,51,342,7.69
2008,3,9,0,30,13.5,28,83,547,547,28,83,14.16
2008,3,9,1,30,10.9,0,0,0,0,0,0,16.38
2008,3,9,2,30,9.5,0,0,0,0,0,0,18.01
2008,3,9,3,30,8.8,0,0,0,0,0,0,19.080000000000002
2008,3,9,4,30,8.200000000000001,0,0,0,0,0,0,19.75
2008,3,9,5,30,6.9,0,0,0,0,0,0,21.27
2008,3,9,6,30,5.6000000000000005,0,0,0,0,0,0,23.34
2008,3,9,7,30,4.7,0,0,0,0,0,0,25.6
2008,3,9,8,30,4.2,0,0,0,0,0,0,27.34
2008,3,9,9,30,3.7,0,0,0,0,0,0,29.29
2008,3,9,10,30,3.1,0,0,0,0,0,0,32.2
2008,3,9,11,30,2.6,0,0,0,0,0,0,35.61
2008,3,9,12,30,3,0,0,0,0,0,0,36.28
2008,3,9,13,30,5.7,23,65,518,518,23,65,30.76
2008,3,9,14,30,10.5,48,330,913,913,48,330,21.82
2008,3,9,15,30,15,61,594,1034,1034,61,594,9.6
2008,3,9,16,30,17.900000000000002,68,817,1092,1092,68,817,5.03
2008,3,9,17,30,20.200000000000003,73,979,1122,1122,73,979,3.54
2008,3,9,18,30,21.700000000000003,77,1065,1133,1133,77,1065,2.98
2008,3,9,19,30,22.700000000000003,77,1050,1112,1112,77,1050,2.72
2008,3,9,20,30,22.900000000000002,74,973,1100,1100,74,973,2.67
2008,3,9,21,30,22.5,69,821,1074,1074,69,821,2.73
2008,3,9,22,30,21.3,61,607,1022,1022,61,607,2.94
2008,3,9,23,30,17.900000000000002,49,351,912,912,49,351,3.79
2008,3,10,0,30,13.600000000000001,27,88,597,597,27,88,6.68
2008,3,10,1,30,11.600000000000001,0,0,0,0,0,0,9.57
2008,3,10,2,30,10.600000000000001,0,0,0,0,0,0,12.5
2008,3,10,3,30,9.1,0,0,0,0,0,0,16.38
2008,3,10,4,30,7.7,0,0,0,0,0,0,20.580000000000002
2008,3,10,5,30,6.4,0,0,0,0,0,0,25.11
2008,3,10,6,30,5.300000000000001,0,0,0,0,0,0,29.52
2008,3,10,7,30,4.2,0,0,0,0,0,0,33.68
2008,3,10,8,30,3.2,0,0,0,0,0,0,36.82
2008,3,10,9,30,2.3000000000000003,0,0,0,0,0,0,38.19
2008,3,10,10,30,1.6,0,0,0,0,0,0,37.42
2008,3,10,11,30,1.1,0,0,0,0,0,0,35.5
2008,3,10,12,30,1.9000000000000001,0,0,0,0,0,0,31.09
2008,3,10,13,30,5.300000000000001,24,67,521,521,24,67,23.66
2008,3,10,14,30,10.100000000000001,47,318,868,868,47,318,16.96
2008,3,10,15,30,14.200000000000001,60,574,989,989,60,574,14.4
2008,3,10,16,30,17.1,67,789,1047,1047,67,789,11.07
2008,3,10,17,30,19.5,73,945,1075,1075,73,945,8.09
2008,3,10,18,30,21.200000000000003,75,1029,1089,1089,75,1029,6.63
2008,3,10,19,30,22.200000000000003,75,1032,1090,1090,75,1032,6.07
2008,3,10,20,30,22.5,73,956,1078,1078,73,956,5.99
2008,3,10,21,30,22.200000000000003,69,807,1049,1049,69,807,6.22
2008,3,10,22,30,21.3,62,596,994,994,62,596,6.75
2008,3,10,23,30,18.6,50,343,881,881,50,343,8.38
2008,3,11,0,30,14.8,28,86,557,557,28,86,13.08
2008,3,11,1,30,12.200000000000001,0,0,0,0,0,0,16.490000000000002
2008,3,11,2,30,10.3,0,0,0,0,0,0,19.22
2008,3,11,3,30,8.5,0,0,0,0,0,0,21.92
2008,3,11,4,30,7.1000000000000005,0,0,0,0,0,0,24.310000000000002
2008,3,11,5,30,6,0,0,0,0,0,0,26.1
2008,3,11,6,30,5,0,0,0,0,0,0,27.66
2008,3,11,7,30,4.3,0,0,0,0,0,0,29.21
2008,3,11,8,30,3.9000000000000004,0,0,0,0,0,0,34.96
2008,3,11,9,30,3.7,0,0,0,0,0,0,48.18
2008,3,11,10,30,3.9000000000000004,0,0,0,0,0,0,61.27
2008,3,11,11,30,4.6000000000000005,0,0,0,0,0,0,73.91
2008,3,11,12,30,5.9,0,0,0,0,0,0,83.22
2008,3,11,13,30,8.5,29,62,386,386,29,62,80.96000000000001
2008,3,11,14,30,11.9,56,309,798,798,56,309,68.03
2008,3,11,15,30,15.9,66,561,945,945,66,561,48.85
2008,3,11,16,30,19.8,71,773,1013,1013,71,773,29.52
2008,3,11,17,30,22.6,75,931,1051,1051,75,931,18.62
2008,3,11,18,30,24.400000000000002,80,1013,1061,1061,80,1013,13.68
2008,3,11,19,30,25.400000000000002,78,1022,1072,1072,78,1022,11.07
2008,3,11,20,30,25.700000000000003,74,947,1061,1061,74,947,9.71
2008,3,11,21,30,25.3,70,798,1032,1032,70,798,9.11
2008,3,11,22,30,24.3,61,589,978,978,61,589,9.01
2008,3,11,23,30,21.200000000000003,50,339,865,865,50,339,10.46
2008,3,12,0,30,17.1,27,86,548,548,27,86,15.96
2008,3,12,1,30,14.4,0,0,0,0,0,0,20.28
2008,3,12,2,30,12.600000000000001,0,0,0,0,0,0,26.82
2008,3,12,3,30,10.9,0,0,0,0,0,0,33.980000000000004
2008,3,12,4,30,9.8,0,0,0,0,0,0,38.57
2008,3,12,5,30,9.5,0,0,0,0,0,0,40.47
2008,3,12,6,30,9.1,0,0,0,0,0,0,42.550000000000004
2008,3,12,7,30,8,0,0,0,0,0,0,46.44
2008,3,12,8,30,6.9,0,0,0,0,0,0,49.14
2008,3,12,9,30,6.4,0,0,0,0,0,0,47.32
2008,3,12,10,30,6.1000000000000005,0,0,0,0,0,0,43.51
2008,3,12,11,30,6,0,0,0,0,0,0,39.86
2008,3,12,12,30,6.800000000000001,0,0,0,0,0,0,35.46
2008,3,12,13,30,9.700000000000001,24,72,525,23,48,50,28.41
2008,3,12,14,30,13.600000000000001,47,322,861,861,47,322,22.06
2008,3,12,15,30,17.6,59,571,971,971,59,571,18.54
2008,3,12,16,30,20.900000000000002,66,783,1028,521,330,693,17.27
2008,3,12,17,30,23.1,70,932,1054,743,295,903,14.96
2008,3,12,18,30,24.400000000000002,90,1010,1043,1043,90,1010,13.55
2008,3,12,19,30,24.8,88,1010,1043,1043,88,1010,13
2008,3,12,20,30,25,81,936,1036,276,500,728,12.61
2008,3,12,21,30,24.900000000000002,71,793,1020,413,329,622,12.35
2008,3,12,22,30,23.8,61,585,968,268,271,416,12.75
2008,3,12,23,30,21.6,49,338,857,451,131,283,14.1
2008,3,13,0,30,18.7,27,88,559,559,27,88,17.01
2008,3,13,1,30,16.5,0,0,0,0,0,0,20.52
2008,3,13,2,30,15,0,0,0,0,0,0,23.38
2008,3,13,3,30,13.600000000000001,0,0,0,0,0,0,26.09
2008,3,13,4,30,12.4,0,0,0,0,0,0,28.57
2008,3,13,5,30,11,0,0,0,0,0,0,32.160000000000004
2008,3,13,6,30,9.9,0,0,0,0,0,0,36.45
2008,3,13,7,30,9,0,0,0,0,0,0,41.58
2008,3,13,8,30,8.1,0,0,0,0,0,0,46.54
2008,3,13,9,30,7.1000000000000005,0,0,0,0,0,0,51.22
2008,3,13,10,30,6.5,0,0,0,0,0,0,54.02
2008,3,13,11,30,6.5,0,0,0,0,0,0,54.44
2008,3,13,12,30,7.2,0,0,0,0,0,0,52.120000000000005
2008,3,13,13,30,9.5,24,75,541,9,44,45,44.62
2008,3,13,14,30,14,44,327,871,331,147,254,31.46
2008,3,13,15,30,18.3,54,582,994,994,54,582,16.85
2008,3,13,16,30,20.900000000000002,61,795,1048,1048,61,795,11.48
2008,3,13,17,30,22.6,65,949,1076,1076,65,949,9.26
2008,3,13,18,30,23.8,65,1037,1099,1099,65,1037,8.02
2008,3,13,19,30,24.5,65,1040,1099,1099,65,1040,7.12
2008,3,13,20,30,24.700000000000003,63,963,1088,1088,63,963,6.390000000000001
2008,3,13,21,30,24.400000000000002,65,815,1054,1054,65,815,5.91
2008,3,13,22,30,23.5,59,610,1013,1013,59,610,5.72
2008,3,13,23,30,20.400000000000002,48,355,906,906,48,355,6.42
2008,3,14,0,30,16,27,94,605,605,27,94,10.18
2008,3,14,1,30,13.4,0,0,0,0,0,0,12.21
2008,3,14,2,30,12.600000000000001,0,0,0,0,0,0,12.59
2008,3,14,3,30,12.5,0,0,0,0,0,0,12.96
2008,3,14,4,30,11.4,0,0,0,0,0,0,14.81
2008,3,14,5,30,8.9,0,0,0,0,0,0,19.48
2008,3,14,6,30,7.1000000000000005,0,0,0,0,0,0,28.14
2008,3,14,7,30,6.300000000000001,0,0,0,0,0,0,41.46
2008,3,14,8,30,5.7,0,0,0,0,0,0,53.1
2008,3,14,9,30,5,0,0,0,0,0,0,58.29
2008,3,14,10,30,4.5,0,0,0,0,0,0,56.35
2008,3,14,11,30,4.2,0,0,0,0,0,0,50.33
2008,3,14,12,30,5.5,0,0,0,0,0,0,38.61
2008,3,14,13,30,9.8,26,80,547,547,26,80,25.26
2008,3,14,14,30,15.600000000000001,48,336,879,879,48,336,15.8
2008,3,14,15,30,20.5,60,591,994,994,60,591,9.46
2008,3,14,16,30,23.3,67,806,1049,1049,67,806,7.2700000000000005
2008,3,14,17,30,25,71,962,1079,1079,71,962,6.67
2008,3,14,18,30,26.1,78,1043,1087,1087,78,1043,6.25
2008,3,14,19,30,26.8,77,1046,1088,1088,77,1046,5.9
2008,3,14,20,30,27,74,969,1077,1077,74,969,5.67
2008,3,14,21,30,26.6,67,818,1053,1053,67,818,5.5600000000000005
2008,3,14,22,30,25.6,59,606,1002,1002,59,606,5.68
2008,3,14,23,30,22.5,47,353,897,897,47,353,6.7
2008,3,15,0,30,18.6,27,94,602,602,27,94,10.81
2008,3,15,1,30,17.400000000000002,0,0,0,0,0,0,11.21
2008,3,15,2,30,17.5,0,0,0,0,0,0,10.58
2008,3,15,3,30,16.7,0,0,0,0,0,0,10.77
2008,3,15,4,30,13.9,0,0,0,0,0,0,13.07
2008,3,15,5,30,11,0,0,0,0,0,0,16.16
2008,3,15,6,30,9.5,0,0,0,0,0,0,18.91
2008,3,15,7,30,8.700000000000001,0,0,0,0,0,0,22.91
2008,3,15,8,30,8,0,0,0,0,0,0,27.95
2008,3,15,9,30,7.300000000000001,0,0,0,0,0,0,32.05
2008,3,15,10,30,6.800000000000001,0,0,0,0,0,0,33.45
2008,3,15,11,30,6.4,0,0,0,0,0,0,33.06
2008,3,15,12,30,7.6000000000000005,0,0,0,0,0,0,28.13
2008,3,15,13,30,12.100000000000001,25,85,586,586,25,85,19.88
2008,3,15,14,30,17.7,45,342,896,896,45,342,13.18
2008,3,15,15,30,22.1,55,596,1005,1005,55,596,8.83
2008,3,15,16,30,24.700000000000003,62,810,1057,1057,62,810,6.7
2008,3,15,17,30,26.200000000000003,66,965,1085,1085,66,965,6.0600000000000005
2008,3,15,18,30,27.3,67,1046,1098,1098,67,1046,5.64
2008,3,15,19,30,28.1,67,1048,1098,1098,67,1048,5.3100000000000005
2008,3,15,20,30,28.3,66,971,1086,1086,66,971,5.19
2008,3,15,21,30,28.1,69,814,1042,1042,69,814,5.28
2008,3,15,22,30,27.200000000000003,61,603,989,989,61,603,5.7
2008,3,15,23,30,24.3,50,348,871,871,50,348,7.1000000000000005
2008,3,16,0,30,20.200000000000003,28,93,568,568,28,93,11.74
2008,3,16,1,30,17.5,0,0,0,0,0,0,14.15
2008,3,16,2,30,16.3,0,0,0,0,0,0,15.75
2008,3,16,3,30,15.3,0,0,0,0,0,0,18.41
2008,3,16,4,30,13.8,0,0,0,0,0,0,22.5
2008,3,16,5,30,12.3,0,0,0,0,0,0,26.330000000000002
2008,3,16,6,30,11,0,0,0,0,0,0,29.52
2008,3,16,7,30,10,0,0,0,0,0,0,32.38
2008,3,16,8,30,9.1,0,0,0,0,0,0,35.27
2008,3,16,9,30,8.4,0,0,0,0,0,0,37.550000000000004
2008,3,16,10,30,7.800000000000001,0,0,0,0,0,0,38.96
2008,3,16,11,30,7.300000000000001,0,0,0,0,0,0,39.36
2008,3,16,12,30,8.4,0,0,0,0,0,0,34.81
2008,3,16,13,30,12.5,27,86,555,555,27,86,25
2008,3,16,14,30,18.2,50,342,869,869,50,342,15.92
2008,3,16,15,30,22.900000000000002,62,596,983,983,62,596,9.42
2008,3,16,16,30,25.400000000000002,70,804,1031,1031,70,804,7.65
2008,3,16,17,30,26.700000000000003,75,957,1060,1060,75,957,7.47
2008,3,16,18,30,27.5,80,1037,1070,1070,80,1037,7.53
2008,3,16,19,30,27.700000000000003,76,1039,1074,1074,76,1039,7.83
2008,3,16,20,30,27.3,72,962,1065,673,268,830,8.28
2008,3,16,21,30,26.3,66,812,1040,837,176,776,8.83
2008,3,16,22,30,24.5,59,602,987,987,59,602,9.76
2008,3,16,23,30,22.1,48,351,879,223,175,252,11.5
2008,3,17,0,30,19.400000000000002,28,95,582,174,59,79,14.35
2008,3,17,1,30,16.900000000000002,0,0,0,0,0,0,18.19
2008,3,17,2,30,14.700000000000001,0,0,0,0,0,0,22.62
2008,3,17,3,30,12.9,0,0,0,0,0,0,27.45
2008,3,17,4,30,11.3,0,0,0,0,0,0,33.13
2008,3,17,5,30,10,0,0,0,0,0,0,38.94
2008,3,17,6,30,9.4,0,0,0,0,0,0,41.800000000000004
2008,3,17,7,30,9.4,0,0,0,0,0,0,40.87
2008,3,17,8,30,9.600000000000001,0,0,0,0,0,0,38.59
2008,3,17,9,30,9.600000000000001,0,0,0,0,0,0,37.13
2008,3,17,10,30,9.3,0,0,0,0,0,0,36.59
2008,3,17,11,30,8.5,0,0,0,0,0,0,37.32
2008,3,17,12,30,8.1,0,0,0,0,0,0,37.07
2008,3,17,13,30,10.100000000000001,27,91,578,8,51,51,31.09
2008,3,17,14,30,14.5,48,343,869,523,126,303,21.43
2008,3,17,15,30,18.7,58,594,982,510,250,529,16.09
2008,3,17,16,30,21.3,63,801,1030,1030,63,801,15.06
2008,3,17,17,30,23,67,952,1059,1059,67,952,14.39
2008,3,17,18,30,24.1,69,1031,1071,1071,69,1031,14.26
2008,3,17,19,30,24.700000000000003,65,1027,1070,1070,65,1027,14.4
2008,3,17,20,30,24.400000000000002,63,950,1058,1058,63,950,15.34
2008,3,17,21,30,23.400000000000002,64,802,1025,1025,64,802,17.31
2008,3,17,22,30,21.5,56,594,975,760,149,569,21.3
2008,3,17,23,30,18.900000000000002,45,347,871,191,179,245,27.17
2008,3,18,0,30,16,26,96,593,593,26,96,36.53
2008,3,18,1,30,13.600000000000001,0,0,0,0,0,0,48.39
2008,3,18,2,30,11.8,0,0,0,0,0,0,60.02
2008,3,18,3,30,10.3,0,0,0,0,0,0,69.52
2008,3,18,4,30,9.1,0,0,0,0,0,0,75.33
2008,3,18,5,30,8.1,0,0,0,0,0,0,77.7
2008,3,18,6,30,7.2,0,0,0,0,0,0,80.35000000000001
2008,3,18,7,30,6.6000000000000005,0,0,0,0,0,0,81.86
2008,3,18,8,30,6.300000000000001,0,0,0,0,0,0,80.96000000000001
2008,3,18,9,30,6.1000000000000005,0,0,0,0,0,0,79.93
2008,3,18,10,30,5.800000000000001,0,0,0,0,0,0,78.54
2008,3,18,11,30,5.2,0,0,0,0,0,0,77.35000000000001
2008,3,18,12,30,4.7,0,0,0,0,0,0,74.42
2008,3,18,13,30,5.300000000000001,28,95,586,586,28,95,64.65
2008,3,18,14,30,7,51,359,897,897,51,359,48.1
2008,3,18,15,30,9.1,63,616,1004,1004,63,616,30.44
2008,3,18,16,30,11.3,70,842,1073,1073,70,842,17.66
2008,3,18,17,30,13.100000000000001,74,998,1101,1101,74,998,10.71
2008,3,18,18,30,14.5,79,1079,1110,1110,79,1079,7.58
2008,3,18,19,30,15.4,76,1080,1113,1113,76,1080,6.45
2008,3,18,20,30,15.700000000000001,73,1000,1103,1103,73,1000,6.41
2008,3,18,21,30,15.3,69,845,1075,1075,69,845,7.05
2008,3,18,22,30,14.100000000000001,62,629,1025,1025,62,629,8.34
2008,3,18,23,30,12.100000000000001,50,365,904,904,50,365,10.81
2008,3,19,0,30,9.200000000000001,29,102,611,611,29,102,15.280000000000001
2008,3,19,1,30,6.9,0,0,0,0,0,0,20.63
2008,3,19,2,30,5.6000000000000005,0,0,0,0,0,0,24.44
2008,3,19,3,30,4.4,0,0,0,0,0,0,27.830000000000002
2008,3,19,4,30,3.4000000000000004,0,0,0,0,0,0,31.07
2008,3,19,5,30,2.6,0,0,0,0,0,0,33.92
2008,3,19,6,30,1.9000000000000001,0,0,0,0,0,0,36.62
2008,3,19,7,30,1.3,0,0,0,0,0,0,39.28
2008,3,19,8,30,0.8,0,0,0,0,0,0,42.03
2008,3,19,9,30,0.4,0,0,0,0,0,0,45.14
2008,3,19,10,30,0.1,0,0,0,0,0,0,48.46
2008,3,19,11,30,-0.2,0,0,0,0,0,0,51.76
2008,3,19,12,30,1.1,0,0,0,0,0,0,48.72
2008,3,19,13,30,5,29,101,601,601,29,101,38.08
2008,3,19,14,30,9.200000000000001,51,363,898,898,51,363,27.78
2008,3,19,15,30,12.100000000000001,63,620,1006,1006,63,620,20.16
2008,3,19,16,30,14.4,71,835,1057,1057,71,835,15.9
2008,3,19,17,30,16.400000000000002,76,990,1085,1085,76,990,12.81
2008,3,19,18,30,18.1,81,1070,1094,1094,81,1070,10.48
2008,3,19,19,30,19.3,81,1071,1094,1094,81,1071,8.950000000000001
2008,3,19,20,30,19.8,79,991,1082,1082,79,991,8.120000000000001
2008,3,19,21,30,19.6,73,837,1056,1056,73,837,7.83
2008,3,19,22,30,18.6,65,622,1003,1003,65,622,8.01
2008,3,19,23,30,16.2,53,366,894,894,53,366,9.09
2008,3,20,0,30,12.4,31,102,590,590,31,102,12.08
2008,3,20,1,30,9.8,0,0,0,0,0,0,14.14
2008,3,20,2,30,8.4,0,0,0,0,0,0,14.92
2008,3,20,3,30,6.9,0,0,0,0,0,0,16.39
2008,3,20,4,30,5.5,0,0,0,0,0,0,18.3
2008,3,20,5,30,4.2,0,0,0,0,0,0,20.650000000000002
2008,3,20,6,30,3,0,0,0,0,0,0,23.54
2008,3,20,7,30,2.2,0,0,0,0,0,0,26.14
2008,3,20,8,30,1.7000000000000002,0,0,0,0,0,0,29.91
2008,3,20,9,30,1.5,0,0,0,0,0,0,37.160000000000004
2008,3,20,10,30,1.2000000000000002,0,0,0,0,0,0,49.26
2008,3,20,11,30,0.8,0,0,0,0,0,0,61.620000000000005
2008,3,20,12,30,1.4000000000000001,0,0,0,0,0,0,64.26
2008,3,20,13,30,4.5,32,102,575,575,32,102,52.370000000000005
2008,3,20,14,30,8.9,54,362,876,876,54,362,35.79
2008,3,20,15,30,13.4,67,617,987,987,67,617,24.79
2008,3,20,16,30,17.5,74,831,1043,1043,74,831,17.19
2008,3,20,17,30,20.8,77,984,1073,1073,77,984,11.71
2008,3,20,18,30,22.8,78,1064,1087,1087,78,1064,9.06
2008,3,20,19,30,24,77,1064,1088,1088,77,1064,7.63
2008,3,20,20,30,24.6,76,984,1075,1075,76,984,6.8
2008,3,20,21,30,24.5,73,831,1044,1044,73,831,6.48
2008,3,20,22,30,23.8,66,617,990,990,66,617,6.54
2008,3,20,23,30,21.1,53,363,881,881,53,363,7.58
2008,3,21,0,30,16.8,31,102,585,585,31,102,12.16
2008,3,21,1,30,13.8,0,0,0,0,0,0,13.93
2008,3,21,2,30,12.3,0,0,0,0,0,0,14.92
2008,3,21,3,30,10.8,0,0,0,0,0,0,16.42
2008,3,21,4,30,9.5,0,0,0,0,0,0,17.95
2008,3,21,5,30,8.3,0,0,0,0,0,0,19.6
2008,3,21,6,30,7.300000000000001,0,0,0,0,0,0,21.990000000000002
2008,3,21,7,30,6.4,0,0,0,0,0,0,26.22
2008,3,21,8,30,5.6000000000000005,0,0,0,0,0,0,31.830000000000002
2008,3,21,9,30,5.1000000000000005,0,0,0,0,0,0,36.4
2008,3,21,10,30,4.9,0,0,0,0,0,0,38.38
2008,3,21,11,30,4.9,0,0,0,0,0,0,38.36
2008,3,21,12,30,6.6000000000000005,0,0,0,0,0,0,33.76
2008,3,21,13,30,11.200000000000001,32,105,580,580,32,105,25.09
2008,3,21,14,30,16.900000000000002,55,366,877,877,55,366,17.5
2008,3,21,15,30,21.6,67,621,987,987,67,621,11.58
2008,3,21,16,30,24.200000000000003,74,835,1043,1043,74,835,7.2700000000000005
2008,3,21,17,30,25.5,78,987,1072,1072,78,987,5.88
2008,3,21,18,30,26.400000000000002,83,1066,1081,1081,83,1066,5.17
2008,3,21,19,30,26.8,82,1066,1082,1082,82,1066,4.8100000000000005
2008,3,21,20,30,26.700000000000003,79,986,1070,1070,79,986,4.67
2008,3,21,21,30,26.1,72,833,1045,1045,72,833,4.7
2008,3,21,22,30,24.8,65,620,991,991,65,620,4.99
2008,3,21,23,30,22.1,53,364,881,881,53,364,5.86
2008,3,22,0,30,18.1,31,103,580,580,31,103,8.19
2008,3,22,1,30,15.4,0,0,0,0,0,0,9.64
2008,3,22,2,30,13.9,0,0,0,0,0,0,10.41
2008,3,22,3,30,12.200000000000001,0,0,0,0,0,0,11.83
2008,3,22,4,30,10.700000000000001,0,0,0,0,0,0,13.5
2008,3,22,5,30,10,0,0,0,0,0,0,14.55
2008,3,22,6,30,9.4,0,0,0,0,0,0,15.22
2008,3,22,7,30,8.1,0,0,0,0,0,0,16.8
2008,3,22,8,30,6.800000000000001,0,0,0,0,0,0,18.8
2008,3,22,9,30,6.300000000000001,0,0,0,0,0,0,20.59
2008,3,22,10,30,6,0,0,0,0,0,0,23.45
2008,3,22,11,30,5.5,0,0,0,0,0,0,27.55
2008,3,22,12,30,6.800000000000001,0,0,0,0,0,0,28.5
2008,3,22,13,30,10.9,32,108,583,583,32,108,24.240000000000002
2008,3,22,14,30,16.3,55,367,869,869,55,367,17.98
2008,3,22,15,30,20.6,68,616,970,970,68,616,12.92
2008,3,22,16,30,23.1,76,827,1023,1023,76,827,9.68
2008,3,22,17,30,25,82,977,1051,1051,82,977,8.34
2008,3,22,18,30,26.3,80,1050,1063,1063,80,1050,7.83
2008,3,22,19,30,27,80,1050,1062,1062,80,1050,7.66
2008,3,22,20,30,27.200000000000003,80,970,1048,1048,80,970,7.63
2008,3,22,21,30,27,78,818,1014,1014,78,818,7.67
2008,3,22,22,30,26.200000000000003,70,606,956,956,70,606,7.92
2008,3,22,23,30,24.400000000000002,57,355,842,842,57,355,8.74
2008,3,23,0,30,21.8,32,99,535,21,67,70,12.450000000000001
2008,3,23,1,30,19.200000000000003,0,0,0,0,0,0,13.77
2008,3,23,2,30,16.6,0,0,0,0,0,0,16.34
2008,3,23,3,30,14.8,0,0,0,0,0,0,20.45
2008,3,23,4,30,13.4,0,0,0,0,0,0,26.61
2008,3,23,5,30,11.9,0,0,0,0,0,0,32.45
2008,3,23,6,30,10.9,0,0,0,0,0,0,35.230000000000004
2008,3,23,7,30,10.200000000000001,0,0,0,0,0,0,36.1
2008,3,23,8,30,9.5,0,0,0,0,0,0,35.89
2008,3,23,9,30,8.8,0,0,0,0,0,0,35.160000000000004
2008,3,23,10,30,8.4,0,0,0,0,0,0,33.99
2008,3,23,11,30,7.800000000000001,0,0,0,0,0,0,33.83
2008,3,23,12,30,8.5,0,0,0,0,0,0,31.32
2008,3,23,13,30,11.600000000000001,34,110,571,571,34,110,25.1
2008,3,23,14,30,16.1,56,368,859,859,56,368,17.21
2008,3,23,15,30,19.8,69,619,968,968,69,619,11.91
2008,3,23,16,30,22.1,77,830,1023,1023,77,830,10.33
2008,3,23,17,30,23.700000000000003,82,981,1051,1051,82,981,9.42
2008,3,23,18,30,24.8,87,1058,1060,1060,87,1058,8.81
2008,3,23,19,30,25.400000000000002,86,1057,1061,1061,86,1057,8.5
2008,3,23,20,30,25.400000000000002,84,977,1047,1047,84,977,8.61
2008,3,23,21,30,24.700000000000003,78,820,1013,1013,78,820,9.43
2008,3,23,22,30,22.900000000000002,72,604,947,947,72,604,11.81
2008,3,23,23,30,19.8,60,351,817,817,60,351,17.82
2008,3,24,0,30,16.2,36,97,484,140,65,83,29.79
2008,3,24,1,30,13.600000000000001,0,0,0,0,0,0,45.35
2008,3,24,2,30,12.100000000000001,0,0,0,0,0,0,58.15
2008,3,24,3,30,10.9,0,0,0,0,0,0,68.42
2008,3,24,4,30,10.100000000000001,0,0,0,0,0,0,75.05
2008,3,24,5,30,9.700000000000001,0,0,0,0,0,0,77.95
2008,3,24,6,30,9.4,0,0,0,0,0,0,79.04
2008,3,24,7,30,9.3,0,0,0,0,0,0,79.3
2008,3,24,8,30,9.200000000000001,0,0,0,0,0,0,80.52
2008,3,24,9,30,8.9,0,0,0,0,0,0,83.28
2008,3,24,10,30,8.700000000000001,0,0,0,0,0,0,85.55
2008,3,24,11,30,8.5,0,0,0,0,0,0,87.93
2008,3,24,12,30,8.700000000000001,0,0,0,0,0,0,87.47
2008,3,24,13,30,9.9,38,106,491,491,38,106,79.69
2008,3,24,14,30,12.100000000000001,65,356,794,0,114,114,63.89
2008,3,24,15,30,14.9,77,606,924,0,159,160,49.97
2008,3,24,16,30,17.7,82,814,989,63,409,456,39.45
2008,3,24,17,30,20.200000000000003,86,962,1021,1021,86,962,31.580000000000002
2008,3,24,18,30,22.200000000000003,88,1039,1036,1036,88,1039,25.82
2008,3,24,19,30,23.400000000000002,88,1037,1036,1036,88,1037,22.21
2008,3,24,20,30,24,86,958,1021,1021,86,958,20.09
2008,3,24,21,30,24,83,807,986,334,411,656,19.080000000000002
2008,3,24,22,30,23.3,78,594,914,914,78,594,19.150000000000002
2008,3,24,23,30,21.6,67,343,771,771,67,343,20.95
2008,3,25,0,30,18.900000000000002,40,95,430,430,40,95,25.88
2008,3,25,1,30,17.2,0,0,0,0,0,0,30.21
2008,3,25,2,30,16.400000000000002,0,0,0,0,0,0,34.39
2008,3,25,3,30,15,0,0,0,0,0,0,41.1
2008,3,25,4,30,13.3,0,0,0,0,0,0,49.71
2008,3,25,5,30,11.600000000000001,0,0,0,0,0,0,58.56
2008,3,25,6,30,10.4,0,0,0,0,0,0,65.29
2008,3,25,7,30,9.600000000000001,0,0,0,0,0,0,69.67
2008,3,25,8,30,9,0,0,0,0,0,0,73
2008,3,25,9,30,8.4,0,0,0,0,0,0,76.3
2008,3,25,10,30,7.9,0,0,0,0,0,0,78.98
2008,3,25,11,30,7.5,0,0,0,0,0,0,80.61
2008,3,25,12,30,8.1,0,0,0,0,0,0,76.33
2008,3,25,13,30,11.100000000000001,36,114,549,549,36,114,61.78
2008,3,25,14,30,15.9,59,369,836,354,182,313,43.03
2008,3,25,15,30,20,71,620,954,954,71,620,28.13
2008,3,25,16,30,22.6,78,829,1010,1010,78,829,21.43
2008,3,25,17,30,24.5,82,974,1036,1036,82,974,17.57
2008,3,25,18,30,25.8,93,1048,1036,1036,93,1048,15.23
2008,3,25,19,30,26.5,92,1046,1037,786,288,1012,13.950000000000001
2008,3,25,20,30,26.900000000000002,88,966,1026,667,345,916,13.21
2008,3,25,21,30,26.700000000000003,79,812,997,486,357,715,12.99
2008,3,25,22,30,25.900000000000002,70,603,941,232,330,461,13.24
2008,3,25,23,30,24,58,354,826,355,159,287,14.59
2008,3,26,0,30,20.900000000000002,34,101,520,74,70,80,18.27
2008,3,26,1,30,18.7,0,0,0,0,0,0,21.46
2008,3,26,2,30,17.6,0,0,0,0,0,0,24.080000000000002
2008,3,26,3,30,16.7,0,0,0,0,0,0,27.8
2008,3,26,4,30,15.8,0,0,0,0,0,0,33.27
2008,3,26,5,30,14.8,0,0,0,0,0,0,40.62
2008,3,26,6,30,13.700000000000001,0,0,0,0,0,0,48.51
2008,3,26,7,30,12.700000000000001,0,0,0,0,0,0,54.54
2008,3,26,8,30,12,0,0,0,0,0,0,58.44
2008,3,26,9,30,11.4,0,0,0,0,0,0,62.03
2008,3,26,10,30,11.100000000000001,0,0,0,0,0,0,64.44
2008,3,26,11,30,10.700000000000001,0,0,0,0,0,0,67.38
2008,3,26,12,30,10.8,0,0,0,0,0,0,68.44
2008,3,26,13,30,13,36,115,540,540,36,115,60.52
2008,3,26,14,30,16.7,60,367,820,820,60,367,45.39
2008,3,26,15,30,20.5,71,612,933,933,71,612,31.490000000000002
2008,3,26,16,30,23.5,78,817,990,990,78,817,24.62
2008,3,26,17,30,25.6,84,963,1018,1018,84,963,21.29
2008,3,26,18,30,27.1,90,1040,1029,1029,90,1040,18.990000000000002
2008,3,26,19,30,28.1,88,1038,1030,1030,88,1038,17.07
2008,3,26,20,30,28.6,86,959,1017,1017,86,959,15.64
2008,3,26,21,30,28.5,87,803,970,970,87,803,14.86
2008,3,26,22,30,27.8,81,593,902,902,81,593,14.72
2008,3,26,23,30,26.1,68,346,768,768,68,346,15.56
2008,3,27,0,30,23.400000000000002,39,98,446,446,39,98,18.37
2008,3,27,1,30,21,0,0,0,0,0,0,20.41
2008,3,27,2,30,19.200000000000003,0,0,0,0,0,0,22.27
2008,3,27,3,30,17.8,0,0,0,0,0,0,24.62
2008,3,27,4,30,16.1,0,0,0,0,0,0,28.34
2008,3,27,5,30,14.200000000000001,0,0,0,0,0,0,33.37
2008,3,27,6,30,13,0,0,0,0,0,0,36.980000000000004
2008,3,27,7,30,12,0,0,0,0,0,0,39.78
2008,3,27,8,30,11.200000000000001,0,0,0,0,0,0,41.78
2008,3,27,9,30,10.4,0,0,0,0,0,0,43.78
2008,3,27,10,30,9.700000000000001,0,0,0,0,0,0,45.2
2008,3,27,11,30,9.1,0,0,0,0,0,0,45.83
2008,3,27,12,30,10,0,0,0,0,0,0,41.45
2008,3,27,13,30,13.4,34,125,604,604,34,125,31.32
2008,3,27,14,30,18.400000000000002,56,382,861,861,56,382,19.56
2008,3,27,15,30,22.700000000000003,67,630,965,965,67,630,12.05
2008,3,27,16,30,25.400000000000002,74,837,1018,1018,74,837,11.26
2008,3,27,17,30,27.400000000000002,77,985,1047,1047,77,985,10.46
2008,3,27,18,30,28.8,78,1065,1066,1066,78,1065,9.040000000000001
2008,3,27,19,30,29.700000000000003,77,1063,1066,1066,77,1063,7.68
2008,3,27,20,30,30,74,982,1055,1055,74,982,6.68
2008,3,27,21,30,29.6,72,834,1030,1030,72,834,6.09
2008,3,27,22,30,28.700000000000003,64,621,978,657,235,609,5.8100000000000005
2008,3,27,23,30,26.200000000000003,52,369,873,54,178,198,6.33
2008,3,28,0,30,22,31,111,598,237,63,95,8.51
2008,3,28,1,30,19,0,0,0,0,0,0,11.17
2008,3,28,2,30,17.5,0,0,0,0,0,0,13.120000000000001
2008,3,28,3,30,15.8,0,0,0,0,0,0,15.48
2008,3,28,4,30,14.4,0,0,0,0,0,0,17.54
2008,3,28,5,30,13.3,0,0,0,0,0,0,19.56
2008,3,28,6,30,12.700000000000001,0,0,0,0,0,0,21.66
2008,3,28,7,30,12.5,0,0,0,0,0,0,23.73
2008,3,28,8,30,12.3,0,0,0,0,0,0,25.55
2008,3,28,9,30,12.100000000000001,0,0,0,0,0,0,26.76
2008,3,28,10,30,11.8,0,0,0,0,0,0,27.36
2008,3,28,11,30,11,0,0,0,0,0,0,27.97
2008,3,28,12,30,11.4,0,0,0,0,0,0,25.990000000000002
2008,3,28,13,30,14.200000000000001,34,132,635,635,34,132,20.580000000000002
2008,3,28,14,30,18.3,55,389,874,403,181,335,14.82
2008,3,28,15,30,22.3,66,638,975,975,66,638,8.99
2008,3,28,16,30,25.1,71,846,1029,749,271,835,6.65
2008,3,28,17,30,27.200000000000003,76,994,1056,1056,76,994,5.45
2008,3,28,18,30,28.400000000000002,90,1067,1052,1052,90,1067,5.0200000000000005
2008,3,28,19,30,28.900000000000002,89,1064,1052,835,172,946,5.0200000000000005
2008,3,28,20,30,28.700000000000003,86,983,1039,369,414,732,5.23
2008,3,28,21,30,28.1,83,828,1006,811,192,793,5.47
2008,3,28,22,30,27.200000000000003,74,616,949,300,267,438,5.68
2008,3,28,23,30,25.1,60,364,836,15,149,154,6.28
2008,3,29,0,30,22,35,109,552,15,60,62,8.13
2008,3,29,1,30,19.5,0,0,0,0,0,0,10.16
2008,3,29,2,30,18.1,0,0,0,0,0,0,11.6
2008,3,29,3,30,17.1,0,0,0,0,0,0,13.06
2008,3,29,4,30,16.1,0,0,0,0,0,0,14.69
2008,3,29,5,30,15.100000000000001,0,0,0,0,0,0,16.25
2008,3,29,6,30,14,0,0,0,0,0,0,18.23
2008,3,29,7,30,12.8,0,0,0,0,0,0,20.830000000000002
2008,3,29,8,30,11.700000000000001,0,0,0,0,0,0,23.85
2008,3,29,9,30,10.8,0,0,0,0,0,0,26.69
2008,3,29,10,30,10,0,0,0,0,0,0,29.12
2008,3,29,11,30,9.700000000000001,0,0,0,0,0,0,30.01
2008,3,29,12,30,10.8,0,0,0,0,0,0,27.76
2008,3,29,13,30,13.8,33,140,681,108,86,103,22.41
2008,3,29,14,30,18.2,51,404,916,421,165,327,15.14
2008,3,29,15,30,22.400000000000002,60,657,1011,1011,60,657,8.89
2008,3,29,16,30,25.3,66,866,1059,1059,66,866,6.88
2008,3,29,17,30,27.400000000000002,69,1015,1084,846,256,995,5.58
2008,3,29,18,30,28.8,68,1090,1096,1096,68,1090,4.74
2008,3,29,19,30,29.6,66,1085,1098,1098,66,1085,4.18
2008,3,29,20,30,29.700000000000003,62,1002,1088,1088,62,1002,3.86
2008,3,29,21,30,29.200000000000003,63,849,1058,1058,63,849,3.79
2008,3,29,22,30,27.900000000000002,55,634,1012,1012,55,634,4.0200000000000005
2008,3,29,23,30,25.400000000000002,45,380,918,918,45,380,4.66
2008,3,30,0,30,21.1,28,118,666,666,28,118,6.45
2008,3,30,1,30,17.900000000000002,0,0,0,0,0,0,9.06
2008,3,30,2,30,16.6,0,0,0,0,0,0,11.1
2008,3,30,3,30,15,0,0,0,0,0,0,13.94
2008,3,30,4,30,13.5,0,0,0,0,0,0,17.21
2008,3,30,5,30,12.200000000000001,0,0,0,0,0,0,20.900000000000002
2008,3,30,6,30,11.100000000000001,0,0,0,0,0,0,24.88
2008,3,30,7,30,10.200000000000001,0,0,0,0,0,0,28.810000000000002
2008,3,30,8,30,9.4,0,0,0,0,0,0,32.31
2008,3,30,9,30,8.8,0,0,0,0,0,0,34.39
2008,3,30,10,30,8.1,0,0,0,0,0,0,35.78
2008,3,30,11,30,7.4,0,0,0,0,0,0,36.62
2008,3,30,12,30,8.700000000000001,0,0,0,0,0,0,32.25
2008,3,30,13,30,12.5,32,145,701,166,84,110,23.94
2008,3,30,14,30,17.8,48,409,926,926,48,409,15.94
2008,3,30,15,30,22.5,57,667,1028,1028,57,667,7.2
2008,3,30,16,30,25.200000000000003,63,877,1073,1073,63,877,4.59
2008,3,30,17,30,27.3,65,1025,1097,1097,65,1025,3.5300000000000002
2008,3,30,18,30,28.8,72,1102,1102,1102,72,1102,2.99
2008,3,30,19,30,29.8,70,1098,1104,1104,70,1098,2.68
2008,3,30,20,30,30.200000000000003,67,1014,1094,1094,67,1014,2.5300000000000002
2008,3,30,21,30,29.900000000000002,62,858,1069,1069,62,858,2.5100000000000002
2008,3,30,22,30,29,55,642,1022,1022,55,642,2.59
2008,3,30,23,30,26.200000000000003,47,386,925,925,47,386,3.02
2008,3,31,0,30,21.400000000000002,29,122,671,671,29,122,4.74
2008,3,31,1,30,18.2,0,0,0,0,0,0,6.7700000000000005
2008,3,31,2,30,16.8,0,0,0,0,0,0,8.63
2008,3,31,3,30,15.100000000000001,0,0,0,0,0,0,11.13
2008,3,31,4,30,13.700000000000001,0,0,0,0,0,0,13.67
2008,3,31,5,30,12.9,0,0,0,0,0,0,16.330000000000002
2008,3,31,6,30,12.100000000000001,0,0,0,0,0,0,19.84
2008,3,31,7,30,11.100000000000001,0,0,0,0,0,0,24.55
2008,3,31,8,30,10.100000000000001,0,0,0,0,0,0,30.19
2008,3,31,9,30,9.200000000000001,0,0,0,0,0,0,35.49
2008,3,31,10,30,8.4,0,0,0,0,0,0,39.51
2008,3,31,11,30,7.800000000000001,0,0,0,0,0,0,40.97
2008,3,31,12,30,9.3,0,0,0,0,0,0,35.14
2008,3,31,13,30,13.4,29,149,722,722,29,149,24.47
2008,3,31,14,30,18.8,43,411,939,939,43,411,15.370000000000001
2008,3,31,15,30,23.400000000000002,51,662,1024,1024,51,662,5.97
2008,3,31,16,30,26.1,56,870,1067,1067,56,870,3.8200000000000003
2008,3,31,17,30,28.200000000000003,59,1009,1082,1082,59,1009,3.36
2008,3,31,18,30,29.8,59,1083,1093,1093,59,1083,3.3000000000000003
2008,3,31,19,30,30.8,59,1078,1093,1093,59,1078,3.4
2008,3,31,20,30,31.3,59,997,1081,740,236,878,3.58
2008,3,31,21,30,31.1,67,846,1045,1045,67,846,3.88
2008,3,31,22,30,30.3,60,633,994,994,60,633,4.28
2008,3,31,23,30,27.6,50,376,885,885,50,376,5.25
2008,4,1,0,30,23,32,117,608,211,67,97,7.84
2008,4,1,1,30,19.400000000000002,0,0,0,0,0,0,10.49
2008,4,1,2,30,17.400000000000002,0,0,0,0,0,0,12.17
2008,4,1,3,30,15.8,0,0,0,0,0,0,13.870000000000001
2008,4,1,4,30,14.9,0,0,0,0,0,0,14.99
2008,4,1,5,30,14.4,0,0,0,0,0,0,15.65
2008,4,1,6,30,13.9,0,0,0,0,0,0,16.16
2008,4,1,7,30,13.4,0,0,0,0,0,0,16.51
2008,4,1,8,30,12.9,0,0,0,0,0,0,16.73
2008,4,1,9,30,12.5,0,0,0,0,0,0,16.85
2008,4,1,10,30,12.100000000000001,0,0,0,0,0,0,17.150000000000002
2008,4,1,11,30,11.8,0,0,0,0,0,0,17.490000000000002
2008,4,1,12,30,12.8,0,0,0,0,0,0,16.43
2008,4,1,13,30,16.400000000000002,35,147,662,37,94,101,13.63
2008,4,1,14,30,21.400000000000002,54,406,890,506,175,375,9.870000000000001
2008,4,1,15,30,25.400000000000002,64,654,984,644,246,633,8.09
2008,4,1,16,30,27.6,71,860,1031,1031,71,860,7.07
2008,4,1,17,30,29.3,75,1005,1056,1056,75,1005,6.390000000000001
2008,4,1,18,30,30.5,84,1077,1059,1059,84,1077,5.93
2008,4,1,19,30,31.200000000000003,82,1073,1060,1060,82,1073,5.64
2008,4,1,20,30,31.5,78,991,1049,1049,78,991,5.48
2008,4,1,21,30,31.200000000000003,73,837,1022,1022,73,837,5.5
2008,4,1,22,30,30.400000000000002,64,625,972,972,64,625,5.67
2008,4,1,23,30,28.1,53,374,867,867,53,374,6.43
2008,4,2,0,30,24.1,32,117,600,600,32,117,8.86
2008,4,2,1,30,20.8,0,0,0,0,0,0,11
2008,4,2,2,30,18.900000000000002,0,0,0,0,0,0,12.57
2008,4,2,3,30,17.3,0,0,0,0,0,0,14.35
2008,4,2,4,30,17,0,0,0,0,0,0,16.13
2008,4,2,5,30,17,0,0,0,0,0,0,18.23
2008,4,2,6,30,16.3,0,0,0,0,0,0,20.34
2008,4,2,7,30,15.4,0,0,0,0,0,0,22.3
2008,4,2,8,30,14.600000000000001,0,0,0,0,0,0,24.42
2008,4,2,9,30,14,0,0,0,0,0,0,26.95
2008,4,2,10,30,13.4,0,0,0,0,0,0,29.47
2008,4,2,11,30,13.100000000000001,0,0,0,0,0,0,30.330000000000002
2008,4,2,12,30,13.8,0,0,0,0,0,0,28.09
2008,4,2,13,30,16.3,41,142,589,20,93,97,23.490000000000002
2008,4,2,14,30,19.8,64,397,833,833,64,397,28.51
2008,4,2,15,30,23.8,77,641,934,934,77,641,27.080000000000002
2008,4,2,16,30,27.3,85,844,988,988,85,844,19.080000000000002
2008,4,2,17,30,29.5,90,988,1017,1017,90,988,14.790000000000001
2008,4,2,18,30,30.8,98,1059,1021,1021,98,1059,12.57
2008,4,2,19,30,31.5,98,1054,1020,1020,98,1054,11.200000000000001
2008,4,2,20,30,31.700000000000003,95,972,1006,1006,95,972,10.28
2008,4,2,21,30,31.5,97,816,959,959,97,816,9.74
2008,4,2,22,30,30.6,85,607,901,901,85,607,9.84
2008,4,2,23,30,28.700000000000003,68,360,786,786,68,360,10.73
2008,4,3,0,30,25.3,39,110,499,499,39,110,14.01
2008,4,3,1,30,22.5,0,0,0,0,0,0,17.06
2008,4,3,2,30,21.900000000000002,0,0,0,0,0,0,18.84
2008,4,3,3,30,20.8,0,0,0,0,0,0,20.22
2008,4,3,4,30,18.5,0,0,0,0,0,0,22.16
2008,4,3,5,30,16.5,0,0,0,0,0,0,21.97
2008,4,3,6,30,14.8,0,0,0,0,0,0,20.830000000000002
2008,4,3,7,30,13.4,0,0,0,0,0,0,20.26
2008,4,3,8,30,12.3,0,0,0,0,0,0,20.45
2008,4,3,9,30,11.4,0,0,0,0,0,0,21
2008,4,3,10,30,10.8,0,0,0,0,0,0,21.44
2008,4,3,11,30,10.4,0,0,0,0,0,0,21.75
2008,4,3,12,30,12.200000000000001,0,0,0,0,0,0,19.12
2008,4,3,13,30,16.7,40,153,642,642,40,153,14.21
2008,4,3,14,30,21.8,60,414,878,878,60,414,9.82
2008,4,3,15,30,25.8,71,663,977,977,71,663,5.88
2008,4,3,16,30,28,77,869,1027,1027,77,869,5.17
2008,4,3,17,30,29.6,82,1014,1052,1052,82,1014,5.19
2008,4,3,18,30,30.700000000000003,96,1084,1048,1048,96,1084,5.49
2008,4,3,19,30,31.400000000000002,96,1073,1041,1041,96,1073,5.8
2008,4,3,20,30,31.6,95,984,1018,1018,95,984,6.12
2008,4,3,21,30,31.3,91,830,984,984,91,830,6.43
2008,4,3,22,30,30.3,85,613,910,910,85,613,6.93
2008,4,3,23,30,28.200000000000003,71,363,783,783,71,363,7.86
2008,4,4,0,30,25,40,111,499,499,40,111,9.56
2008,4,4,1,30,22.200000000000003,0,0,0,0,0,0,11.290000000000001
2008,4,4,2,30,20.1,0,0,0,0,0,0,12.6
2008,4,4,3,30,18.1,0,0,0,0,0,0,14.040000000000001
2008,4,4,4,30,16.8,0,0,0,0,0,0,14.97
2008,4,4,5,30,16.3,0,0,0,0,0,0,14.950000000000001
2008,4,4,6,30,16.2,0,0,0,0,0,0,14.530000000000001
2008,4,4,7,30,15.700000000000001,0,0,0,0,0,0,14.47
2008,4,4,8,30,15.200000000000001,0,0,0,0,0,0,14.3
2008,4,4,9,30,14.600000000000001,0,0,0,0,0,0,14.200000000000001
2008,4,4,10,30,13.100000000000001,0,0,0,0,0,0,15.08
2008,4,4,11,30,11.4,0,0,0,0,0,0,16.55
2008,4,4,12,30,11.9,0,0,0,0,0,0,15.73
2008,4,4,13,30,15,42,157,641,114,94,115,12.43
2008,4,4,14,30,18.3,63,416,866,293,195,314,9.290000000000001
2008,4,4,15,30,20.900000000000002,76,664,965,574,200,550,8.040000000000001
2008,4,4,16,30,23.200000000000003,82,871,1019,729,218,782,7.0200000000000005
2008,4,4,17,30,25.3,86,1016,1046,808,274,992,6.13
2008,4,4,18,30,26.6,92,1094,1059,1059,92,1094,5.68
2008,4,4,19,30,27.3,93,1088,1058,1058,93,1088,5.44
2008,4,4,20,30,28.1,88,1004,1047,783,295,980,5.13
2008,4,4,21,30,28.400000000000002,80,848,1022,1022,80,848,4.87
2008,4,4,22,30,27.900000000000002,71,634,968,968,71,634,4.76
2008,4,4,23,30,25.900000000000002,58,381,861,861,58,381,5.07
2008,4,5,0,30,21.5,35,121,590,590,35,121,6.76
2008,4,5,1,30,17.6,0,0,0,0,0,0,8.700000000000001
2008,4,5,2,30,15.3,0,0,0,0,0,0,9.870000000000001
2008,4,5,3,30,13.600000000000001,0,0,0,0,0,0,10.8
2008,4,5,4,30,12.200000000000001,0,0,0,0,0,0,11.4
2008,4,5,5,30,11,0,0,0,0,0,0,11.63
2008,4,5,6,30,9.8,0,0,0,0,0,0,12.030000000000001
2008,4,5,7,30,8.9,0,0,0,0,0,0,12.56
2008,4,5,8,30,8.1,0,0,0,0,0,0,13.49
2008,4,5,9,30,7.4,0,0,0,0,0,0,14.98
2008,4,5,10,30,7,0,0,0,0,0,0,16.45
2008,4,5,11,30,6.5,0,0,0,0,0,0,17.88
2008,4,5,12,30,7.7,0,0,0,0,0,0,16.72
2008,4,5,13,30,11.200000000000001,40,167,693,693,40,167,13.46
2008,4,5,14,30,16.1,60,434,913,913,60,434,10.69
2008,4,5,15,30,20.8,70,687,1006,1006,70,687,7.18
2008,4,5,16,30,23.900000000000002,77,896,1054,1054,77,896,4.44
2008,4,5,17,30,26,81,1043,1080,1080,81,1043,3.21
2008,4,5,18,30,27.5,83,1115,1089,1089,83,1115,2.64
2008,4,5,19,30,28.5,82,1109,1089,1089,82,1109,2.33
2008,4,5,20,30,28.900000000000002,79,1024,1079,1079,79,1024,2.17
2008,4,5,21,30,28.6,75,866,1049,1049,75,866,2.15
2008,4,5,22,30,27.700000000000003,67,658,1014,1014,67,658,2.31
2008,4,5,23,30,25.5,55,393,899,899,55,393,2.7600000000000002
2008,4,6,0,30,21.3,34,127,636,636,34,127,4.0200000000000005
2008,4,6,1,30,17.7,0,0,0,0,0,0,6.36
2008,4,6,2,30,15.8,0,0,0,0,0,0,9.32
2008,4,6,3,30,14,0,0,0,0,0,0,13.280000000000001
2008,4,6,4,30,12.5,0,0,0,0,0,0,17.82
2008,4,6,5,30,11.100000000000001,0,0,0,0,0,0,23.25
2008,4,6,6,30,9.9,0,0,0,0,0,0,29.29
2008,4,6,7,30,8.9,0,0,0,0,0,0,35.27
2008,4,6,8,30,8,0,0,0,0,0,0,40.33
2008,4,6,9,30,7.2,0,0,0,0,0,0,43.77
2008,4,6,10,30,6.6000000000000005,0,0,0,0,0,0,44.87
2008,4,6,11,30,6.1000000000000005,0,0,0,0,0,0,44.230000000000004
2008,4,6,12,30,7.4,0,0,0,0,0,0,37.1
2008,4,6,13,30,11.4,41,170,692,692,41,170,25.18
2008,4,6,14,30,16.400000000000002,60,438,913,913,60,438,14.8
2008,4,6,15,30,20.3,71,690,1004,1004,71,690,7.54
2008,4,6,16,30,22.8,78,898,1052,1052,78,898,5.64
2008,4,6,17,30,24.900000000000002,83,1045,1076,1076,83,1045,4.38
2008,4,6,18,30,26.400000000000002,88,1130,1097,1097,88,1130,3.62
2008,4,6,19,30,27.3,87,1123,1097,1097,87,1123,3.15
2008,4,6,20,30,27.5,83,1037,1086,1086,83,1037,2.9
2008,4,6,21,30,27.1,76,879,1063,1063,76,879,2.87
2008,4,6,22,30,26,68,659,1011,1011,68,659,3.0700000000000003
2008,4,6,23,30,23.700000000000003,56,393,894,894,56,393,3.75
2008,4,7,0,30,19.700000000000003,36,128,625,625,36,128,6.0200000000000005
2008,4,7,1,30,16,0,0,0,0,0,0,9.44
2008,4,7,2,30,14,0,0,0,0,0,0,11.71
2008,4,7,3,30,12.9,0,0,0,0,0,0,12.85
2008,4,7,4,30,13,0,0,0,0,0,0,12.65
2008,4,7,5,30,12.9,0,0,0,0,0,0,12.57
2008,4,7,6,30,11.9,0,0,0,0,0,0,13.25
2008,4,7,7,30,10.9,0,0,0,0,0,0,14.030000000000001
2008,4,7,8,30,9.9,0,0,0,0,0,0,14.93
2008,4,7,9,30,9.3,0,0,0,0,0,0,15.610000000000001
2008,4,7,10,30,8.700000000000001,0,0,0,0,0,0,16.45
2008,4,7,11,30,8.200000000000001,0,0,0,0,0,0,17.34
2008,4,7,12,30,9.5,0,0,0,0,0,0,16.330000000000002
2008,4,7,13,30,13.4,40,175,708,708,40,175,13.27
2008,4,7,14,30,18.5,59,442,919,919,59,442,9.57
2008,4,7,15,30,22.3,70,694,1008,1008,70,694,7.2
2008,4,7,16,30,24.5,77,902,1054,1054,77,902,6.04
2008,4,7,17,30,26.200000000000003,82,1047,1078,1078,82,1047,5.13
2008,4,7,18,30,27.5,80,1120,1092,1092,80,1120,4.46
2008,4,7,19,30,28.400000000000002,80,1113,1091,1091,80,1113,3.98
2008,4,7,20,30,28.8,78,1027,1079,1079,78,1027,3.67
2008,4,7,21,30,28.700000000000003,77,869,1046,1046,77,869,3.5100000000000002
2008,4,7,22,30,28,68,652,997,997,68,652,3.5
2008,4,7,23,30,26.3,56,396,899,899,56,396,3.75
2008,4,8,0,30,23.3,34,131,649,649,34,131,5.48
2008,4,8,1,30,20.8,0,0,0,0,0,0,6.24
2008,4,8,2,30,19.5,0,0,0,0,0,0,6.78
2008,4,8,3,30,17.1,0,0,0,0,0,0,8.24
2008,4,8,4,30,14.4,0,0,0,0,0,0,11.22
2008,4,8,5,30,13,0,0,0,0,0,0,17.43
2008,4,8,6,30,11.700000000000001,0,0,0,0,0,0,26.37
2008,4,8,7,30,10.600000000000001,0,0,0,0,0,0,30.3
2008,4,8,8,30,9.600000000000001,0,0,0,0,0,0,30.17
2008,4,8,9,30,8.700000000000001,0,0,0,0,0,0,29.18
2008,4,8,10,30,7.9,0,0,0,0,0,0,28.22
2008,4,8,11,30,7.4,0,0,0,0,0,0,27.1
2008,4,8,12,30,9.3,0,0,0,0,0,0,22.29
2008,4,8,13,30,13.9,39,178,713,713,39,178,15.530000000000001
2008,4,8,14,30,18.2,57,443,918,918,57,443,11.41
2008,4,8,15,30,21.5,67,692,1004,1004,67,692,9.38
2008,4,8,16,30,24,73,897,1050,1050,73,897,7.78
2008,4,8,17,30,26.1,77,1034,1066,1066,77,1034,6.51
2008,4,8,18,30,27.700000000000003,82,1104,1072,1072,82,1104,5.57
2008,4,8,19,30,28.700000000000003,80,1097,1072,1072,80,1097,5.03
2008,4,8,20,30,29.1,77,1012,1061,1061,77,1012,4.78
2008,4,8,21,30,29.1,72,857,1035,1035,72,857,4.68
2008,4,8,22,30,28.400000000000002,63,643,988,988,63,643,4.7700000000000005
2008,4,8,23,30,26.6,51,390,894,894,51,390,5.21
2008,4,9,0,30,23,32,130,649,649,32,130,7.390000000000001
2008,4,9,1,30,19.900000000000002,0,0,0,0,0,0,8.89
2008,4,9,2,30,19.1,0,0,0,0,0,0,9.47
2008,4,9,3,30,17.3,0,0,0,0,0,0,11.5
2008,4,9,4,30,15.100000000000001,0,0,0,0,0,0,16.19
2008,4,9,5,30,13.8,0,0,0,0,0,0,25.240000000000002
2008,4,9,6,30,12.4,0,0,0,0,0,0,35.26
2008,4,9,7,30,11.5,0,0,0,0,0,0,38.83
2008,4,9,8,30,10.9,0,0,0,0,0,0,39.09
2008,4,9,9,30,10.4,0,0,0,0,0,0,38.910000000000004
2008,4,9,10,30,9.9,0,0,0,0,0,0,38.63
2008,4,9,11,30,9.5,0,0,0,0,0,0,38.11
2008,4,9,12,30,10.9,0,0,0,0,0,0,33.62
2008,4,9,13,30,14.600000000000001,38,178,707,124,108,133,25.69
2008,4,9,14,30,19.700000000000003,55,440,908,908,55,440,17.75
2008,4,9,15,30,24.1,65,686,994,994,65,686,11.3
2008,4,9,16,30,27,70,889,1038,1038,70,889,8.88
2008,4,9,17,30,29.3,74,1031,1063,1063,74,1031,7.2
2008,4,9,18,30,30.900000000000002,74,1100,1074,1074,74,1100,6.19
2008,4,9,19,30,31.700000000000003,73,1093,1073,1073,73,1093,5.68
2008,4,9,20,30,31.8,71,1008,1062,777,291,976,5.44
2008,4,9,21,30,31,77,851,1019,806,193,804,5.39
2008,4,9,22,30,29.3,66,644,982,805,161,634,5.55
2008,4,9,23,30,26.8,54,391,884,147,228,284,6.2
2008,4,10,0,30,23.5,35,132,637,11,70,72,7.75
2008,4,10,1,30,20.400000000000002,0,0,0,0,0,0,10.36
2008,4,10,2,30,18.3,0,0,0,0,0,0,13.620000000000001
2008,4,10,3,30,16.6,0,0,0,0,0,0,17.69
2008,4,10,4,30,15.100000000000001,0,0,0,0,0,0,22.72
2008,4,10,5,30,13.9,0,0,0,0,0,0,28.22
2008,4,10,6,30,13,0,0,0,0,0,0,32.68
2008,4,10,7,30,12.3,0,0,0,0,0,0,34.81
2008,4,10,8,30,11.700000000000001,0,0,0,0,0,0,35.800000000000004
2008,4,10,9,30,10.9,0,0,0,0,0,0,36.99
2008,4,10,10,30,10,0,0,0,0,0,0,38.45
2008,4,10,11,30,9.1,0,0,0,0,0,0,40.09
2008,4,10,12,30,10.100000000000001,0,0,0,0,0,0,36.6
2008,4,10,13,30,13.8,41,185,718,282,97,154,27.48
2008,4,10,14,30,18.6,58,450,918,918,58,450,16.59
2008,4,10,15,30,22.700000000000003,69,698,1002,1002,69,698,8.46
2008,4,10,16,30,25.8,75,903,1047,1047,75,903,5.65
2008,4,10,17,30,28.200000000000003,79,1046,1071,1071,79,1046,4.5200000000000005
2008,4,10,18,30,29.900000000000002,88,1115,1073,1073,88,1115,3.96
2008,4,10,19,30,30.900000000000002,85,1107,1074,1074,85,1107,3.7
2008,4,10,20,30,31.1,81,1014,1056,1056,81,1014,3.67
2008,4,10,21,30,30.6,72,859,1034,1034,72,859,3.86
2008,4,10,22,30,29.1,65,645,982,982,65,645,4.33
2008,4,10,23,30,26.700000000000003,55,391,881,881,55,391,5.23
2008,4,11,0,30,23.3,34,131,631,62,85,95,6.96
2008,4,11,1,30,20.3,0,0,0,0,0,0,9.47
2008,4,11,2,30,18.5,0,0,0,0,0,0,12.19
2008,4,11,3,30,16.8,0,0,0,0,0,0,15.75
2008,4,11,4,30,15.200000000000001,0,0,0,0,0,0,20.22
2008,4,11,5,30,13.8,0,0,0,0,0,0,25.1
2008,4,11,6,30,12.700000000000001,0,0,0,0,0,0,29.57
2008,4,11,7,30,11.600000000000001,0,0,0,0,0,0,33.63
2008,4,11,8,30,10.600000000000001,0,0,0,0,0,0,36.56
2008,4,11,9,30,9.700000000000001,0,0,0,0,0,0,38.76
2008,4,11,10,30,8.700000000000001,0,0,0,0,0,0,41.08
2008,4,11,11,30,8,0,0,0,0,0,0,42.29
2008,4,11,12,30,9.5,0,0,0,0,0,0,37.160000000000004
2008,4,11,13,30,13.4,41,186,709,37,117,125,27.71
2008,4,11,14,30,17,59,449,906,589,186,439,19
2008,4,11,15,30,20,70,696,992,992,70,696,13.35
2008,4,11,16,30,22.700000000000003,77,898,1036,1036,77,898,10.02
2008,4,11,17,30,24.8,81,1040,1060,1060,81,1040,7.8500000000000005
2008,4,11,18,30,26.400000000000002,92,1108,1059,1059,92,1108,6.5600000000000005
2008,4,11,19,30,27.400000000000002,92,1099,1057,830,234,1025,5.86
2008,4,11,20,30,27.8,89,1014,1044,690,273,885,5.55
2008,4,11,21,30,27.5,85,857,1013,657,239,739,5.5200000000000005
2008,4,11,22,30,26.5,76,642,958,439,260,519,5.75
2008,4,11,23,30,24.700000000000003,63,389,849,663,112,367,6.41
2008,4,12,0,30,21.8,40,130,580,11,83,85,8.26
2008,4,12,1,30,19.1,0,0,0,0,0,0,10.09
2008,4,12,2,30,17.3,0,0,0,0,0,0,11.43
2008,4,12,3,30,15.600000000000001,0,0,0,0,0,0,12.92
2008,4,12,4,30,14.3,0,0,0,0,0,0,14.21
2008,4,12,5,30,13.700000000000001,0,0,0,0,0,0,14.86
2008,4,12,6,30,13,0,0,0,0,0,0,15.610000000000001
2008,4,12,7,30,12.200000000000001,0,0,0,0,0,0,16.56
2008,4,12,8,30,11.4,0,0,0,0,0,0,17.79
2008,4,12,9,30,10.5,0,0,0,0,0,0,19.990000000000002
2008,4,12,10,30,10,0,0,0,0,0,0,25.12
2008,4,12,11,30,9.8,0,0,0,0,0,0,37.84
2008,4,12,12,30,11.5,0,0,0,0,0,0,50.42
2008,4,12,13,30,15.100000000000001,64,167,494,494,64,167,53.22
2008,4,12,14,30,18.900000000000002,96,416,736,736,96,416,53.64
2008,4,12,15,30,22.1,115,655,851,851,115,655,40.51
2008,4,12,16,30,24.700000000000003,128,850,907,907,128,850,29.59
2008,4,12,17,30,26.5,141,983,928,928,141,983,23.16
2008,4,12,18,30,27.8,148,1050,938,938,148,1050,19.45
2008,4,12,19,30,28.5,170,1034,905,712,329,1009,17.29
2008,4,12,20,30,28.6,178,945,865,865,178,945,15.94
2008,4,12,21,30,27.900000000000002,194,783,772,772,194,783,15.64
2008,4,12,22,30,26.1,174,575,678,678,174,575,16.94
2008,4,12,23,30,23.5,136,337,521,521,136,337,19.47
2008,4,13,0,30,20.6,67,104,235,235,67,104,23.01
2008,4,13,1,30,18.400000000000002,0,0,0,0,0,0,26.900000000000002
2008,4,13,2,30,16.8,0,0,0,0,0,0,32.37
2008,4,13,3,30,15.5,0,0,0,0,0,0,40.01
2008,4,13,4,30,14.5,0,0,0,0,0,0,48.25
2008,4,13,5,30,13.9,0,0,0,0,0,0,57.54
2008,4,13,6,30,13.600000000000001,0,0,0,0,0,0,65.21000000000001
2008,4,13,7,30,13.3,0,0,0,0,0,0,71.17
2008,4,13,8,30,12.700000000000001,0,0,0,0,0,0,76.14
2008,4,13,9,30,12,0,0,0,0,0,0,78.93
2008,4,13,10,30,11.3,0,0,0,0,0,0,80.61
2008,4,13,11,30,10.700000000000001,0,0,0,0,0,0,81.72
2008,4,13,12,30,11.200000000000001,0,0,0,0,0,0,77.46000000000001
2008,4,13,13,30,13.3,68,167,467,20,117,122,66.79
2008,4,13,14,30,16.5,102,415,716,80,264,299,54.230000000000004
2008,4,13,15,30,19.700000000000003,121,650,831,426,324,596,43.6
2008,4,13,16,30,22.1,134,847,894,58,433,479,35.58
2008,4,13,17,30,23.8,141,982,926,6,437,443,30.32
2008,4,13,18,30,25,149,1048,934,373,544,903,26.62
2008,4,13,19,30,25.6,160,1033,914,914,160,1033,24.560000000000002
2008,4,13,20,30,25.400000000000002,167,942,873,85,499,574,24.26
2008,4,13,21,30,24.5,142,793,851,212,374,536,25.42
2008,4,13,22,30,22.8,135,582,753,1,130,131,28.68
2008,4,13,23,30,20.3,116,339,576,9,134,137,35.62
2008,4,14,0,30,17.5,67,102,222,0,36,36,47.17
2008,4,14,1,30,15.5,0,0,0,0,0,0,57.74
2008,4,14,2,30,14.4,0,0,0,0,0,0,61.44
2008,4,14,3,30,13.600000000000001,0,0,0,0,0,0,60.89
2008,4,14,4,30,12.8,0,0,0,0,0,0,60.79
2008,4,14,5,30,12.100000000000001,0,0,0,0,0,0,61.52
2008,4,14,6,30,11.5,0,0,0,0,0,0,63.5
2008,4,14,7,30,10.700000000000001,0,0,0,0,0,0,68.18
2008,4,14,8,30,10.100000000000001,0,0,0,0,0,0,72.63
2008,4,14,9,30,9.700000000000001,0,0,0,0,0,0,77.33
2008,4,14,10,30,9.3,0,0,0,0,0,0,81.91
2008,4,14,11,30,9,0,0,0,0,0,0,84.91
2008,4,14,12,30,9.700000000000001,0,0,0,0,0,0,81.66
2008,4,14,13,30,12.100000000000001,57,175,551,551,57,175,69.55
2008,4,14,14,30,15.3,82,426,782,782,82,426,55.29
2008,4,14,15,30,18.400000000000002,96,664,889,889,96,664,43.61
2008,4,14,16,30,21.1,104,861,946,946,104,861,35.6
2008,4,14,17,30,23.1,109,1001,979,979,109,1001,29.94
2008,4,14,18,30,24.5,113,1068,990,990,113,1068,26.16
2008,4,14,19,30,25.400000000000002,114,1058,987,987,114,1058,23.59
2008,4,14,20,30,25.700000000000003,111,970,966,966,111,970,22.14
2008,4,14,21,30,25.400000000000002,106,817,929,929,106,817,21.67
2008,4,14,22,30,24.6,98,608,859,170,297,398,22.080000000000002
2008,4,14,23,30,23.200000000000003,84,361,717,0,15,15,23.55
2008,4,15,0,30,21.1,54,115,387,1,67,67,27.77
2008,4,15,1,30,19.1,0,0,0,0,0,0,37.26
2008,4,15,2,30,17.6,0,0,0,0,0,0,43.54
2008,4,15,3,30,16.2,0,0,0,0,0,0,48.54
2008,4,15,4,30,15.200000000000001,0,0,0,0,0,0,54.33
2008,4,15,5,30,14.3,0,0,0,0,0,0,58.95
2008,4,15,6,30,13.4,0,0,0,0,0,0,64.63
2008,4,15,7,30,12.700000000000001,0,0,0,0,0,0,70.88
2008,4,15,8,30,12.100000000000001,0,0,0,0,0,0,76.79
2008,4,15,9,30,11.3,0,0,0,0,0,0,83.35000000000001
2008,4,15,10,30,10.5,0,0,0,0,0,0,88.92
2008,4,15,11,30,9.8,0,0,0,0,0,0,93.27
2008,4,15,12,30,10.8,0,0,0,0,0,0,87.14
2008,4,15,13,30,13.9,58,179,557,557,58,179,70.16
2008,4,15,14,30,17.6,82,431,788,788,82,431,49.36
2008,4,15,15,30,20.700000000000003,95,669,894,894,95,669,36.660000000000004
2008,4,15,16,30,22.8,104,868,953,953,104,868,30.19
2008,4,15,17,30,24.5,109,1006,983,983,109,1006,25.73
2008,4,15,18,30,25.700000000000003,110,1073,996,996,110,1073,22.740000000000002
2008,4,15,19,30,26.5,110,1063,995,494,379,853,20.580000000000002
2008,4,15,20,30,26.8,107,978,979,979,107,978,19.14
2008,4,15,21,30,26.6,97,826,951,449,314,658,18.18
2008,4,15,22,30,25.900000000000002,87,618,891,152,289,379,17.66
2008,4,15,23,30,24.5,73,372,771,0,23,23,18.07
2008,4,16,0,30,22,45,124,492,220,78,114,21.150000000000002
2008,4,16,1,30,19.700000000000003,0,0,0,0,0,0,30.27
2008,4,16,2,30,18.6,0,0,0,0,0,0,31.42
2008,4,16,3,30,17.5,0,0,0,0,0,0,33.22
2008,4,16,4,30,16.3,0,0,0,0,0,0,35.58
2008,4,16,5,30,15.200000000000001,0,0,0,0,0,0,38.21
2008,4,16,6,30,14.200000000000001,0,0,0,0,0,0,40.63
2008,4,16,7,30,13.5,0,0,0,0,0,0,43.64
2008,4,16,8,30,12.9,0,0,0,0,0,0,48.36
2008,4,16,9,30,12.5,0,0,0,0,0,0,54.65
2008,4,16,10,30,12,0,0,0,0,0,0,61.7
2008,4,16,11,30,11.8,0,0,0,0,0,0,65.78
2008,4,16,12,30,12.700000000000001,0,0,0,0,0,0,63.2
2008,4,16,13,30,16,56,184,576,576,56,184,50.6
2008,4,16,14,30,19.900000000000002,80,437,800,800,80,437,33.86
2008,4,16,15,30,22.700000000000003,93,678,908,908,93,678,25.03
2008,4,16,16,30,24.700000000000003,101,875,962,962,101,875,20.72
2008,4,16,17,30,26.200000000000003,105,1011,991,991,105,1011,18.150000000000002
2008,4,16,18,30,27.200000000000003,107,1078,1003,1003,107,1078,16.47
2008,4,16,19,30,27.8,106,1072,1006,798,265,1031,15.13
2008,4,16,20,30,28,103,986,990,563,405,906,14.14
2008,4,16,21,30,27.8,97,832,959,959,97,832,13.540000000000001
2008,4,16,22,30,27,88,622,896,896,88,622,13.59
2008,4,16,23,30,25.700000000000003,70,378,788,788,70,378,14.09
2008,4,17,0,30,22.5,42,129,533,533,42,129,17.740000000000002
2008,4,17,1,30,19.5,0,0,0,0,0,0,25.29
2008,4,17,2,30,18.1,0,0,0,0,0,0,26.45
2008,4,17,3,30,17.3,0,0,0,0,0,0,28.21
2008,4,17,4,30,16.3,0,0,0,0,0,0,29.72
2008,4,17,5,30,14.9,0,0,0,0,0,0,31.470000000000002
2008,4,17,6,30,13.9,0,0,0,0,0,0,32.88
2008,4,17,7,30,12.9,0,0,0,0,0,0,36.24
2008,4,17,8,30,11.9,0,0,0,0,0,0,39.9
2008,4,17,9,30,11.200000000000001,0,0,0,0,0,0,41.09
2008,4,17,10,30,10.5,0,0,0,0,0,0,40.86
2008,4,17,11,30,9.9,0,0,0,0,0,0,40.27
2008,4,17,12,30,11.4,0,0,0,0,0,0,34.96
2008,4,17,13,30,15.3,45,204,706,706,45,204,26.63
2008,4,17,14,30,19.5,61,468,907,907,61,468,17.07
2008,4,17,15,30,22.700000000000003,71,712,991,991,71,712,11.18
2008,4,17,16,30,24.900000000000002,78,911,1033,1033,78,911,9.63
2008,4,17,17,30,26.6,82,1050,1057,1057,82,1050,8.39
2008,4,17,18,30,28,90,1115,1058,1058,90,1115,7.49
2008,4,17,19,30,28.900000000000002,88,1106,1059,1059,88,1106,6.95
2008,4,17,20,30,29.3,83,1013,1041,1041,83,1013,6.61
2008,4,17,21,30,29.3,76,858,1017,1017,76,858,6.390000000000001
2008,4,17,22,30,28.8,67,646,969,969,67,646,6.23
2008,4,17,23,30,27.1,55,400,883,883,55,400,6.390000000000001
2008,4,18,0,30,23,35,142,653,653,35,142,10.19
2008,4,18,1,30,19.400000000000002,0,0,0,0,0,0,15.65
2008,4,18,2,30,17.6,0,0,0,0,0,0,16.6
2008,4,18,3,30,15.9,0,0,0,0,0,0,17.82
2008,4,18,4,30,14.5,0,0,0,0,0,0,17.72
2008,4,18,5,30,13.3,0,0,0,0,0,0,18.04
2008,4,18,6,30,12.4,0,0,0,0,0,0,18.47
2008,4,18,7,30,11.5,0,0,0,0,0,0,19.1
2008,4,18,8,30,10.700000000000001,0,0,0,0,0,0,19.82
2008,4,18,9,30,9.9,0,0,0,0,0,0,20.6
2008,4,18,10,30,9.1,0,0,0,0,0,0,20.94
2008,4,18,11,30,8.1,0,0,0,0,0,0,20.400000000000002
2008,4,18,12,30,8.3,0,0,0,0,0,0,17.75
2008,4,18,13,30,10.600000000000001,44,210,726,726,44,210,16.01
2008,4,18,14,30,13.700000000000001,63,470,903,903,63,470,21.25
2008,4,18,15,30,16.400000000000002,75,713,983,983,75,713,22.25
2008,4,18,16,30,19.1,83,912,1025,1025,83,912,19.900000000000002
2008,4,18,17,30,21.6,88,1051,1049,1049,88,1051,16.740000000000002
2008,4,18,18,30,23.6,92,1117,1056,1056,92,1117,13.66
2008,4,18,19,30,25.1,92,1106,1054,1054,92,1106,11.13
2008,4,18,20,30,25.8,88,1020,1042,1042,88,1020,9.72
2008,4,18,21,30,25.900000000000002,87,861,1005,1005,87,861,9.040000000000001
2008,4,18,22,30,25.3,78,643,945,945,78,643,9
2008,4,18,23,30,23.8,64,394,841,841,64,394,9.63
2008,4,19,0,30,20.3,40,138,587,123,89,110,12.120000000000001
2008,4,19,1,30,17.2,0,0,0,0,0,0,15.870000000000001
2008,4,19,2,30,15.700000000000001,0,0,0,0,0,0,16.19
2008,4,19,3,30,14,0,0,0,0,0,0,17.56
2008,4,19,4,30,12.4,0,0,0,0,0,0,19.47
2008,4,19,5,30,11.200000000000001,0,0,0,0,0,0,21.580000000000002
2008,4,19,6,30,10.600000000000001,0,0,0,0,0,0,24.89
2008,4,19,7,30,10.5,0,0,0,0,0,0,36.51
2008,4,19,8,30,10.100000000000001,0,0,0,0,0,0,58.46
2008,4,19,9,30,9.4,0,0,0,0,0,0,76.52
2008,4,19,10,30,8.8,0,0,0,0,0,0,85.95
2008,4,19,11,30,8.5,0,0,0,0,0,0,89.9
2008,4,19,12,30,9.600000000000001,0,0,0,0,0,0,85.10000000000001
2008,4,19,13,30,12.9,52,203,654,654,52,203,70.10000000000001
2008,4,19,14,30,18.3,70,463,866,866,70,463,49.550000000000004
2008,4,19,15,30,23.6,78,705,962,962,78,705,27.71
2008,4,19,16,30,27.3,84,903,1011,1011,84,903,13.64
2008,4,19,17,30,29.400000000000002,88,1040,1035,1035,88,1040,9.72
2008,4,19,18,30,30.900000000000002,97,1104,1035,1035,97,1104,8.06
2008,4,19,19,30,31.8,95,1094,1036,1036,95,1094,7.17
2008,4,19,20,30,32.1,90,1007,1025,1025,90,1007,6.68
2008,4,19,21,30,31.8,81,853,1003,1003,81,853,6.5600000000000005
2008,4,19,22,30,31.1,71,640,948,948,71,640,6.71
2008,4,19,23,30,29.200000000000003,58,392,849,849,58,392,7.5200000000000005
2008,4,20,0,30,25.200000000000003,38,138,600,315,73,125,12.51
2008,4,20,1,30,21.8,0,0,0,0,0,0,16.88
2008,4,20,2,30,20.6,0,0,0,0,0,0,17.18
2008,4,20,3,30,19.200000000000003,0,0,0,0,0,0,18.740000000000002
2008,4,20,4,30,17.7,0,0,0,0,0,0,20.57
2008,4,20,5,30,16.6,0,0,0,0,0,0,21.66
2008,4,20,6,30,15.700000000000001,0,0,0,0,0,0,22.78
2008,4,20,7,30,14.9,0,0,0,0,0,0,24.490000000000002
2008,4,20,8,30,14.100000000000001,0,0,0,0,0,0,26.86
2008,4,20,9,30,13.700000000000001,0,0,0,0,0,0,28.650000000000002
2008,4,20,10,30,13.200000000000001,0,0,0,0,0,0,29.8
2008,4,20,11,30,12.4,0,0,0,0,0,0,31.46
2008,4,20,12,30,13.3,0,0,0,0,0,0,29.150000000000002
2008,4,20,13,30,17.1,55,199,616,121,129,157,22.7
2008,4,20,14,30,21.3,79,450,812,489,210,433,14.57
2008,4,20,15,30,24.6,93,686,907,907,93,686,11.290000000000001
2008,4,20,16,30,27.200000000000003,101,881,960,960,101,881,10.07
2008,4,20,17,30,29.3,104,1017,991,991,104,1017,9.3
2008,4,20,18,30,30.8,105,1082,1004,1004,105,1082,8.78
2008,4,20,19,30,31.8,101,1073,1007,1007,101,1073,8.45
2008,4,20,20,30,32.1,95,988,996,996,95,988,8.47
2008,4,20,21,30,31.700000000000003,93,833,958,958,93,833,8.94
2008,4,20,22,30,30.6,79,627,911,911,79,627,9.84
2008,4,20,23,30,28.8,62,385,816,816,62,385,11.35
2008,4,21,0,30,25.700000000000003,39,135,574,574,39,135,14.31
2008,4,21,1,30,23.1,0,0,0,0,0,0,17.990000000000002
2008,4,21,2,30,21.900000000000002,0,0,0,0,0,0,19.98
2008,4,21,3,30,20.5,0,0,0,0,0,0,22.17
2008,4,21,4,30,18.900000000000002,0,0,0,0,0,0,24.740000000000002
2008,4,21,5,30,17.5,0,0,0,0,0,0,27.09
2008,4,21,6,30,16.5,0,0,0,0,0,0,28.62
2008,4,21,7,30,15.4,0,0,0,0,0,0,30.14
2008,4,21,8,30,14.4,0,0,0,0,0,0,31.73
2008,4,21,9,30,13.5,0,0,0,0,0,0,32.44
2008,4,21,10,30,12.700000000000001,0,0,0,0,0,0,32.44
2008,4,21,11,30,12.100000000000001,0,0,0,0,0,0,31.3
2008,4,21,12,30,13.8,0,0,0,0,0,0,26.01
2008,4,21,13,30,17.8,41,216,737,737,41,216,18.36
2008,4,21,14,30,22.1,56,472,907,907,56,472,12.13
2008,4,21,15,30,25.400000000000002,65,714,990,990,65,714,6.79
2008,4,21,16,30,27.6,70,909,1031,1031,70,909,6.140000000000001
2008,4,21,17,30,29.5,73,1045,1053,1053,73,1045,5.93
2008,4,21,18,30,30.8,81,1110,1056,1056,81,1110,5.86
2008,4,21,19,30,31.700000000000003,80,1099,1055,1055,80,1099,5.78
2008,4,21,20,30,32,77,1007,1037,1037,77,1007,5.75
2008,4,21,21,30,31.900000000000002,72,853,1012,1012,72,853,5.7
2008,4,21,22,30,31.200000000000003,65,644,961,961,65,644,5.7700000000000005
2008,4,21,23,30,29.400000000000002,56,396,860,860,56,396,6.21
2008,4,22,0,30,26.3,38,142,615,615,38,142,7.92
2008,4,22,1,30,23.6,0,0,0,0,0,0,9.700000000000001
2008,4,22,2,30,21.200000000000003,0,0,0,0,0,0,10.8
2008,4,22,3,30,19.3,0,0,0,0,0,0,13.55
2008,4,22,4,30,18.7,0,0,0,0,0,0,14.58
2008,4,22,5,30,17.7,0,0,0,0,0,0,15.030000000000001
2008,4,22,6,30,16.400000000000002,0,0,0,0,0,0,16.43
2008,4,22,7,30,15.9,0,0,0,0,0,0,16.59
2008,4,22,8,30,15.8,0,0,0,0,0,0,16.61
2008,4,22,9,30,15.600000000000001,0,0,0,0,0,0,16.6
2008,4,22,10,30,15,0,0,0,0,0,0,16.51
2008,4,22,11,30,14.3,0,0,0,0,0,0,16.95
2008,4,22,12,30,15.600000000000001,0,0,0,0,0,0,15.33
2008,4,22,13,30,19.5,44,216,717,717,44,216,11.72
2008,4,22,14,30,23.400000000000002,61,471,888,888,61,471,11.55
2008,4,22,15,30,26.400000000000002,71,708,967,967,71,708,10.66
2008,4,22,16,30,28.6,78,902,1009,1009,78,902,8.85
2008,4,22,17,30,30.3,82,1037,1032,1032,82,1037,7.71
2008,4,22,18,30,31.6,92,1099,1031,1031,92,1099,6.87
2008,4,22,19,30,32.300000000000004,90,1088,1032,1032,90,1088,6.29
2008,4,22,20,30,32.5,86,1006,1025,1025,86,1006,5.88
2008,4,22,21,30,32.300000000000004,78,853,1002,1002,78,853,5.65
2008,4,22,22,30,31.5,70,643,951,951,70,643,5.72
2008,4,22,23,30,29.900000000000002,59,396,847,847,59,396,6.12
2008,4,23,0,30,26.700000000000003,41,140,581,581,41,140,7.46
2008,4,23,1,30,23.700000000000003,0,0,0,0,0,0,8.9
2008,4,23,2,30,21.8,0,0,0,0,0,0,8.58
2008,4,23,3,30,20.200000000000003,0,0,0,0,0,0,9.56
2008,4,23,4,30,19.6,0,0,0,0,0,0,11.540000000000001
2008,4,23,5,30,19.3,0,0,0,0,0,0,12.74
2008,4,23,6,30,18.6,0,0,0,0,0,0,15.030000000000001
2008,4,23,7,30,17.7,0,0,0,0,0,0,18.330000000000002
2008,4,23,8,30,17,0,0,0,0,0,0,22.22
2008,4,23,9,30,16.400000000000002,0,0,0,0,0,0,26.92
2008,4,23,10,30,15.600000000000001,0,0,0,0,0,0,32.51
2008,4,23,11,30,14.5,0,0,0,0,0,0,38.37
2008,4,23,12,30,15.3,0,0,0,0,0,0,36.89
2008,4,23,13,30,18.900000000000002,51,211,659,659,51,211,27.35
2008,4,23,14,30,23.200000000000003,69,465,852,852,69,465,21.02
2008,4,23,15,30,26.700000000000003,80,701,940,940,80,701,16.73
2008,4,23,16,30,29.1,86,898,992,992,86,898,12.97
2008,4,23,17,30,30.700000000000003,91,1032,1016,1016,91,1032,10.53
2008,4,23,18,30,31.8,89,1097,1031,1031,89,1097,9.09
2008,4,23,19,30,32.5,90,1089,1031,1031,90,1089,8.09
2008,4,23,20,30,32.7,90,1002,1014,1014,90,1002,7.390000000000001
2008,4,23,21,30,32.4,91,845,974,132,381,484,6.99
2008,4,23,22,30,31.700000000000003,83,636,915,915,83,636,6.72
2008,4,23,23,30,30,70,391,806,439,188,363,6.95
2008,4,24,0,30,26.5,45,138,540,193,88,121,9.35
2008,4,24,1,30,23.1,0,0,0,0,0,0,13.88
2008,4,24,2,30,21.200000000000003,0,0,0,0,0,0,16.14
2008,4,24,3,30,19.6,0,0,0,0,0,0,19.03
2008,4,24,4,30,18.3,0,0,0,0,0,0,21.84
2008,4,24,5,30,17.400000000000002,0,0,0,0,0,0,24.64
2008,4,24,6,30,16.6,0,0,0,0,0,0,27.51
2008,4,24,7,30,15.700000000000001,0,0,0,0,0,0,29.59
2008,4,24,8,30,14.8,0,0,0,0,0,0,29.900000000000002
2008,4,24,9,30,14,0,0,0,0,0,0,29.27
2008,4,24,10,30,13.4,0,0,0,0,0,0,28.26
2008,4,24,11,30,13.200000000000001,0,0,0,0,0,0,27.35
2008,4,24,12,30,14.8,11,13,140,140,11,13,24.38
2008,4,24,13,30,18.7,50,218,684,684,50,218,19.23
2008,4,24,14,30,22.3,67,471,867,867,67,471,21.1
2008,4,24,15,30,25,76,708,953,953,76,708,17.7
2008,4,24,16,30,27,82,901,998,998,82,901,14.5
2008,4,24,17,30,28.8,86,1035,1023,1023,86,1035,12.120000000000001
2008,4,24,18,30,30.200000000000003,91,1097,1028,1028,91,1097,10.27
2008,4,24,19,30,31.200000000000003,88,1090,1033,1033,88,1090,8.86
2008,4,24,20,30,31.6,84,1004,1022,1022,84,1004,7.95
2008,4,24,21,30,31.5,80,847,989,989,80,847,7.5
2008,4,24,22,30,30.8,73,638,933,933,73,638,7.5600000000000005
2008,4,24,23,30,29.200000000000003,63,391,820,1,159,160,8.28
2008,4,25,0,30,26.200000000000003,43,140,556,556,43,140,10.24
2008,4,25,1,30,23.3,0,0,0,0,0,0,13.65
2008,4,25,2,30,21.8,0,0,0,0,0,0,15.93
2008,4,25,3,30,20.200000000000003,0,0,0,0,0,0,19.14
2008,4,25,4,30,18.6,0,0,0,0,0,0,22.740000000000002
2008,4,25,5,30,17.5,0,0,0,0,0,0,25.28
2008,4,25,6,30,16.8,0,0,0,0,0,0,26.86
2008,4,25,7,30,16.2,0,0,0,0,0,0,28.060000000000002
2008,4,25,8,30,15.700000000000001,0,0,0,0,0,0,28.68
2008,4,25,9,30,14.8,0,0,0,0,0,0,29.830000000000002
2008,4,25,10,30,13.600000000000001,0,0,0,0,0,0,31.71
2008,4,25,11,30,12.700000000000001,0,0,0,0,0,0,33.230000000000004
2008,4,25,12,30,14.200000000000001,11,15,195,195,11,15,30.150000000000002
2008,4,25,13,30,18.1,44,226,734,734,44,226,23.2
2008,4,25,14,30,21.5,60,482,899,899,60,482,14.24
2008,4,25,15,30,24,69,718,976,976,69,718,10.8
2008,4,25,16,30,26,75,912,1018,1018,75,912,9.53
2008,4,25,17,30,27.700000000000003,79,1045,1040,1040,79,1045,8.67
2008,4,25,18,30,29,81,1104,1044,1044,81,1104,8.120000000000001
2008,4,25,19,30,29.700000000000003,81,1092,1042,1042,81,1092,7.96
2008,4,25,20,30,30,80,1006,1028,29,479,505,8
2008,4,25,21,30,29.700000000000003,86,846,978,0,243,244,8.2
2008,4,25,22,30,28.8,78,637,921,1,124,125,8.57
2008,4,25,23,30,27.1,69,391,804,341,170,306,9.200000000000001
2008,4,26,0,30,24.400000000000002,46,141,541,0,8,8,10.06
2008,4,26,1,30,21.5,0,0,0,0,0,0,10.74
2008,4,26,2,30,19.400000000000002,0,0,0,0,0,0,10.91
2008,4,26,3,30,17.6,0,0,0,0,0,0,12.17
2008,4,26,4,30,17.1,0,0,0,0,0,0,13.32
2008,4,26,5,30,17.5,0,0,0,0,0,0,13.3
2008,4,26,6,30,17.3,0,0,0,0,0,0,13.31
2008,4,26,7,30,16.2,0,0,0,0,0,0,14.49
2008,4,26,8,30,14.9,0,0,0,0,0,0,15.4
2008,4,26,9,30,13.8,0,0,0,0,0,0,16.95
2008,4,26,10,30,12.9,0,0,0,0,0,0,18.67
2008,4,26,11,30,12.100000000000001,0,0,0,0,0,0,20.68
2008,4,26,12,30,13.600000000000001,12,16,180,180,12,16,20
2008,4,26,13,30,17.7,47,226,712,712,47,226,16.48
2008,4,26,14,30,21.900000000000002,64,480,881,881,64,480,16.31
2008,4,26,15,30,25,74,719,967,967,74,719,13.030000000000001
2008,4,26,16,30,27.200000000000003,79,912,1012,1012,79,912,10.24
2008,4,26,17,30,28.900000000000002,83,1046,1035,1035,83,1046,8.36
2008,4,26,18,30,30.1,94,1106,1032,1032,94,1106,7.37
2008,4,26,19,30,30.8,93,1090,1027,1027,93,1090,6.96
2008,4,26,20,30,31.1,93,1003,1009,1009,93,1003,6.87
2008,4,26,21,30,30.6,94,844,965,965,94,844,7.19
2008,4,26,22,30,29.3,92,633,890,418,304,558,8.040000000000001
2008,4,26,23,30,27.5,79,385,760,760,79,385,9.8
2008,4,27,0,30,25.3,52,136,479,161,94,123,13.18
2008,4,27,1,30,23.1,0,0,0,0,0,0,19.56
2008,4,27,2,30,21.1,0,0,0,0,0,0,29.13
2008,4,27,3,30,19.1,0,0,0,0,0,0,39.300000000000004
2008,4,27,4,30,17.7,0,0,0,0,0,0,47.94
2008,4,27,5,30,16.8,0,0,0,0,0,0,53.9
2008,4,27,6,30,16,0,0,0,0,0,0,57.08
2008,4,27,7,30,15.100000000000001,0,0,0,0,0,0,57.120000000000005
2008,4,27,8,30,14.3,0,0,0,0,0,0,52.660000000000004
2008,4,27,9,30,13.5,0,0,0,0,0,0,45.27
2008,4,27,10,30,12.5,0,0,0,0,0,0,38.660000000000004
2008,4,27,11,30,11.8,0,0,0,0,0,0,34.71
2008,4,27,12,30,13.4,12,18,204,1,11,11,28.89
2008,4,27,13,30,17.2,47,230,724,167,136,179,21.81
2008,4,27,14,30,20.6,64,487,894,894,64,487,16.78
2008,4,27,15,30,23.3,75,728,977,977,75,728,12.370000000000001
2008,4,27,16,30,25.700000000000003,81,922,1020,1020,81,922,9.05
2008,4,27,17,30,27.6,85,1056,1042,1042,85,1056,7.23
2008,4,27,18,30,29,87,1119,1051,1051,87,1119,6.26
2008,4,27,19,30,29.900000000000002,87,1107,1049,1049,87,1107,5.71
2008,4,27,20,30,30.3,85,1019,1035,1035,85,1019,5.42
2008,4,27,21,30,30.1,86,862,998,340,444,708,5.3500000000000005
2008,4,27,22,30,29.3,77,651,944,944,77,651,5.5200000000000005
2008,4,27,23,30,27.5,66,400,828,828,66,400,6.21
2008,4,28,0,30,24.200000000000003,47,144,541,148,95,121,8.89
2008,4,28,1,30,21.1,0,0,0,0,0,0,18.39
2008,4,28,2,30,18.900000000000002,0,0,0,0,0,0,37.03
2008,4,28,3,30,16.900000000000002,0,0,0,0,0,0,57.410000000000004
2008,4,28,4,30,15.4,0,0,0,0,0,0,73.61
2008,4,28,5,30,14.4,0,0,0,0,0,0,82.81
2008,4,28,6,30,13.5,0,0,0,0,0,0,87.86
2008,4,28,7,30,12.600000000000001,0,0,0,0,0,0,89.32000000000001
2008,4,28,8,30,11.4,0,0,0,0,0,0,88.7
2008,4,28,9,30,10.3,0,0,0,0,0,0,86.36
2008,4,28,10,30,9.3,0,0,0,0,0,0,84.69
2008,4,28,11,30,8.5,0,0,0,0,0,0,83.57000000000001
2008,4,28,12,30,8.4,14,16,55,55,14,16,80.66
2008,4,28,13,30,9.3,74,211,536,4,118,119,73.86
2008,4,28,14,30,11,102,460,753,0,155,155,65.28
2008,4,28,15,30,13.100000000000001,117,694,861,0,219,219,57.21
2008,4,28,16,30,15.4,125,886,920,920,125,886,49.980000000000004
2008,4,28,17,30,17.900000000000002,127,1023,960,960,127,1023,43.22
2008,4,28,18,30,20.3,114,1090,993,993,114,1090,37.24
2008,4,28,19,30,21.900000000000002,107,1079,1000,1000,107,1079,32.3
2008,4,28,20,30,22.700000000000003,101,994,988,988,101,994,29.060000000000002
2008,4,28,21,30,22.8,94,840,958,958,94,840,27.64
2008,4,28,22,30,22,84,631,898,898,84,631,28.400000000000002
2008,4,28,23,30,20.5,69,389,790,790,69,389,31.11
2008,4,29,0,30,18.2,45,144,548,548,45,144,36.480000000000004
2008,4,29,1,30,16.1,0,0,0,0,0,0,43.65
2008,4,29,2,30,14.700000000000001,0,0,0,0,0,0,50.32
2008,4,29,3,30,13.700000000000001,0,0,0,0,0,0,54.86
2008,4,29,4,30,12.600000000000001,0,0,0,0,0,0,58.160000000000004
2008,4,29,5,30,11.700000000000001,0,0,0,0,0,0,58.97
2008,4,29,6,30,10.8,0,0,0,0,0,0,59.550000000000004
2008,4,29,7,30,10.200000000000001,0,0,0,0,0,0,60.64
2008,4,29,8,30,9.700000000000001,0,0,0,0,0,0,64.5
2008,4,29,9,30,9.4,0,0,0,0,0,0,70.34
2008,4,29,10,30,9.1,0,0,0,0,0,0,77.72
2008,4,29,11,30,9.1,0,0,0,0,0,0,82.74
2008,4,29,12,30,10.700000000000001,14,19,158,158,14,19,77.26
2008,4,29,13,30,14.5,54,226,669,669,54,226,61.58
2008,4,29,14,30,18.900000000000002,73,477,847,847,73,477,44.96
2008,4,29,15,30,22.6,84,710,931,931,84,710,33.12
2008,4,29,16,30,25.3,92,900,977,977,92,900,25.59
2008,4,29,17,30,27.3,96,1036,1007,1007,96,1036,19.87
2008,4,29,18,30,28.8,100,1097,1014,1014,100,1097,16
2008,4,29,19,30,29.8,98,1085,1013,1013,98,1085,13.38
2008,4,29,20,30,30.200000000000003,94,999,1001,1001,94,999,11.66
2008,4,29,21,30,30.1,96,843,957,957,96,843,10.58
2008,4,29,22,30,29.400000000000002,88,635,898,617,256,632,10.200000000000001
2008,4,29,23,30,28,77,391,773,773,77,391,10.5
2008,4,30,0,30,25.400000000000002,53,141,485,485,53,141,12.48
2008,4,30,1,30,22.6,0,0,0,0,0,0,16.28
2008,4,30,2,30,20.8,0,0,0,0,0,0,19.1
2008,4,30,3,30,19.700000000000003,0,0,0,0,0,0,21.87
2008,4,30,4,30,18,0,0,0,0,0,0,25.95
2008,4,30,5,30,16.2,0,0,0,0,0,0,30.8
2008,4,30,6,30,14.700000000000001,0,0,0,0,0,0,35.96
2008,4,30,7,30,13.600000000000001,0,0,0,0,0,0,40.550000000000004
2008,4,30,8,30,12.600000000000001,0,0,0,0,0,0,44.85
2008,4,30,9,30,11.700000000000001,0,0,0,0,0,0,48.11
2008,4,30,10,30,11.100000000000001,0,0,0,0,0,0,48.61
2008,4,30,11,30,10.700000000000001,0,0,0,0,0,0,46.86
2008,4,30,12,30,11.9,15,22,195,195,15,22,39.730000000000004
2008,4,30,13,30,15.9,54,237,705,705,54,237,26.98
2008,4,30,14,30,20.5,71,497,887,887,71,497,11.52
2008,4,30,15,30,23.900000000000002,82,735,970,970,82,735,5.55
2008,4,30,16,30,26.200000000000003,88,929,1015,1015,88,929,4.22
2008,4,30,17,30,28,90,1064,1041,1041,90,1064,3.84
2008,4,30,18,30,29.3,99,1132,1050,1050,99,1132,3.91
2008,4,30,19,30,30.1,93,1121,1055,1055,93,1121,3.87
2008,4,30,20,30,30.3,86,1034,1048,1048,86,1034,3.96
2008,4,30,21,30,29.8,81,878,1021,1021,81,878,4.3
2008,4,30,22,30,28.6,71,661,966,966,71,661,4.87
2008,4,30,23,30,26.700000000000003,59,414,871,871,59,414,5.88
2008,5,1,0,30,23.6,41,157,636,636,41,157,8
2008,5,1,1,30,20.6,0,0,0,0,0,0,11.53
2008,5,1,2,30,18.5,0,0,0,0,0,0,15.98
2008,5,1,3,30,16.900000000000002,0,0,0,0,0,0,20.72
2008,5,1,4,30,15.4,0,0,0,0,0,0,25.47
2008,5,1,5,30,14.200000000000001,0,0,0,0,0,0,29.990000000000002
2008,5,1,6,30,13.200000000000001,0,0,0,0,0,0,34.06
2008,5,1,7,30,12.5,0,0,0,0,0,0,35.84
2008,5,1,8,30,12,0,0,0,0,0,0,35.22
2008,5,1,9,30,11.5,0,0,0,0,0,0,33.92
2008,5,1,10,30,11.100000000000001,0,0,0,0,0,0,32.64
2008,5,1,11,30,10.8,0,0,0,0,0,0,31.810000000000002
2008,5,1,12,30,11.9,15,26,298,298,15,26,28.66
2008,5,1,13,30,15.3,46,251,778,420,109,219,22.09
2008,5,1,14,30,19,62,510,930,930,62,510,14.14
2008,5,1,15,30,21.8,72,747,1000,676,273,729,10.34
2008,5,1,16,30,24.200000000000003,79,941,1038,1038,79,941,8.15
2008,5,1,17,30,26.400000000000002,84,1074,1058,809,281,1038,6.21
2008,5,1,18,30,28.1,93,1145,1068,814,261,1063,4.71
2008,5,1,19,30,29,89,1132,1071,777,325,1082,3.77
2008,5,1,20,30,29.200000000000003,83,1045,1062,778,308,1012,3.2
2008,5,1,21,30,28.700000000000003,77,888,1038,727,240,808,2.9
2008,5,1,22,30,27.6,70,675,988,419,273,530,2.81
2008,5,1,23,30,25.700000000000003,60,424,890,890,60,424,2.99
2008,5,2,0,30,22.6,42,163,659,149,100,127,3.72
2008,5,2,1,30,19.700000000000003,0,0,0,0,0,0,5.32
2008,5,2,2,30,17.900000000000002,0,0,0,0,0,0,7.15
2008,5,2,3,30,16.1,0,0,0,0,0,0,9.700000000000001
2008,5,2,4,30,14.4,0,0,0,0,0,0,12.65
2008,5,2,5,30,13.100000000000001,0,0,0,0,0,0,15.49
2008,5,2,6,30,11.9,0,0,0,0,0,0,18.81
2008,5,2,7,30,10.8,0,0,0,0,0,0,23.1
2008,5,2,8,30,9.8,0,0,0,0,0,0,28.07
2008,5,2,9,30,8.8,0,0,0,0,0,0,32.99
2008,5,2,10,30,7.9,0,0,0,0,0,0,36.36
2008,5,2,11,30,7.300000000000001,0,0,0,0,0,0,37.19
2008,5,2,12,30,8.8,16,26,265,265,16,26,31.71
2008,5,2,13,30,13,52,253,758,758,52,253,21.85
2008,5,2,14,30,18.1,69,507,907,907,69,507,12.14
2008,5,2,15,30,21.8,80,745,983,983,80,745,6.57
2008,5,2,16,30,24,86,940,1027,1027,86,940,5.8500000000000005
2008,5,2,17,30,25.8,90,1083,1060,1060,90,1083,4.98
2008,5,2,18,30,27.400000000000002,88,1147,1074,1074,88,1147,3.86
2008,5,2,19,30,28.5,85,1134,1075,1075,85,1134,2.96
2008,5,2,20,30,29.1,81,1046,1065,1065,81,1046,2.43
2008,5,2,21,30,29.200000000000003,83,887,1028,1028,83,887,2.14
2008,5,2,22,30,28.700000000000003,75,675,978,978,75,675,2.06
2008,5,2,23,30,27.3,62,424,885,885,62,424,2.22
2008,5,3,0,30,24.5,41,166,669,669,41,166,3.7600000000000002
2008,5,3,1,30,21.400000000000002,0,0,0,0,0,0,6.34
2008,5,3,2,30,18.5,0,0,0,0,0,0,9.01
2008,5,3,3,30,15.700000000000001,0,0,0,0,0,0,11.75
2008,5,3,4,30,14.100000000000001,0,0,0,0,0,0,12.81
2008,5,3,5,30,12.9,0,0,0,0,0,0,13.69
2008,5,3,6,30,12,0,0,0,0,0,0,15.56
2008,5,3,7,30,11.100000000000001,0,0,0,0,0,0,19.94
2008,5,3,8,30,10.3,0,0,0,0,0,0,26.47
2008,5,3,9,30,9.5,0,0,0,0,0,0,32.32
2008,5,3,10,30,8.8,0,0,0,0,0,0,36.11
2008,5,3,11,30,8.3,0,0,0,0,0,0,38.61
2008,5,3,12,30,10.4,16,27,277,277,16,27,33.93
2008,5,3,13,30,14.9,50,249,743,743,50,249,25.080000000000002
2008,5,3,14,30,19.8,68,505,902,902,68,505,16.38
2008,5,3,15,30,23.900000000000002,78,741,977,977,78,741,9.52
2008,5,3,16,30,26.6,86,933,1018,1018,86,933,6.91
2008,5,3,17,30,28.400000000000002,90,1066,1040,1040,90,1066,5.79
2008,5,3,18,30,29.5,98,1126,1041,1041,98,1126,5.14
2008,5,3,19,30,30.1,95,1113,1043,1043,95,1113,4.67
2008,5,3,20,30,30.200000000000003,90,1026,1032,1032,90,1026,4.39
2008,5,3,21,30,29.8,82,872,1008,1008,82,872,4.29
2008,5,3,22,30,29.200000000000003,72,663,962,962,72,663,4.3
2008,5,3,23,30,27.700000000000003,59,415,865,865,59,415,4.59
2008,5,4,0,30,24.900000000000002,39,162,655,231,91,135,6.46
2008,5,4,1,30,22.200000000000003,0,0,0,0,0,0,8.32
2008,5,4,2,30,20.1,0,0,0,0,0,0,9.81
2008,5,4,3,30,17.6,0,0,0,0,0,0,13.09
2008,5,4,4,30,15.8,0,0,0,0,0,0,17.06
2008,5,4,5,30,14.200000000000001,0,0,0,0,0,0,20.34
2008,5,4,6,30,12.8,0,0,0,0,0,0,22.900000000000002
2008,5,4,7,30,11.8,0,0,0,0,0,0,24.94
2008,5,4,8,30,11.200000000000001,0,0,0,0,0,0,27.17
2008,5,4,9,30,10.9,0,0,0,0,0,0,30.080000000000002
2008,5,4,10,30,10.700000000000001,0,0,0,0,0,0,34.38
2008,5,4,11,30,10.600000000000001,0,0,0,0,0,0,40.12
2008,5,4,12,30,12.700000000000001,17,25,194,194,17,25,39.160000000000004
2008,5,4,13,30,16.8,60,234,645,645,60,234,34.45
2008,5,4,14,30,20.900000000000002,83,482,818,818,83,482,29.88
2008,5,4,15,30,24.1,95,715,912,912,95,715,16.68
2008,5,4,16,30,26.1,103,905,962,962,103,905,9.67
2008,5,4,17,30,27.3,107,1036,989,989,107,1036,7.5200000000000005
2008,5,4,18,30,28.3,109,1097,1000,1000,109,1097,7.17
2008,5,4,19,30,29.3,110,1083,996,996,110,1083,7.23
2008,5,4,20,30,30,108,996,978,978,108,996,7.46
2008,5,4,21,30,30.400000000000002,116,838,921,921,116,838,7.66
2008,5,4,22,30,30,107,629,848,848,107,629,8.13
2008,5,4,23,30,28.6,93,387,713,176,238,311,9.040000000000001
2008,5,5,0,30,25.400000000000002,62,143,428,39,108,115,11.25
2008,5,5,1,30,22.3,0,0,0,0,0,0,14.030000000000001
2008,5,5,2,30,20.6,0,0,0,0,0,0,15.41
2008,5,5,3,30,19,0,0,0,0,0,0,17.23
2008,5,5,4,30,17.6,0,0,0,0,0,0,19.27
2008,5,5,5,30,16.400000000000002,0,0,0,0,0,0,21.45
2008,5,5,6,30,15.8,0,0,0,0,0,0,23.62
2008,5,5,7,30,15.5,0,0,0,0,0,0,26.62
2008,5,5,8,30,14.9,0,0,0,0,0,0,31.59
2008,5,5,9,30,14.3,0,0,0,0,0,0,37.58
2008,5,5,10,30,13.4,0,0,0,0,0,0,43.88
2008,5,5,11,30,12.600000000000001,0,0,0,0,0,0,46.63
2008,5,5,12,30,14.200000000000001,19,25,129,129,19,25,38.27
2008,5,5,13,30,18.400000000000002,74,228,571,571,74,228,25.19
2008,5,5,14,30,22.700000000000003,101,473,760,760,101,473,18.23
2008,5,5,15,30,25.8,120,700,853,853,120,700,13.13
2008,5,5,16,30,28,131,887,906,906,131,887,11.05
2008,5,5,17,30,29.6,138,1016,935,935,138,1016,10.3
2008,5,5,18,30,30.8,159,1071,923,923,159,1071,10.05
2008,5,5,19,30,31.5,157,1059,923,923,157,1059,10.120000000000001
2008,5,5,20,30,31.8,144,976,917,1,341,342,10.36
2008,5,5,21,30,31.6,136,822,874,192,479,630,10.66
2008,5,5,22,30,30.900000000000002,122,618,805,200,317,441,11
2008,5,5,23,30,29.6,102,381,675,147,218,278,11.78
2008,5,6,0,30,26.900000000000002,63,143,419,40,110,117,13.790000000000001
2008,5,6,1,30,24.200000000000003,0,0,0,0,0,0,16.51
2008,5,6,2,30,22.900000000000002,0,0,0,0,0,0,17.48
2008,5,6,3,30,21.8,0,0,0,0,0,0,18.63
2008,5,6,4,30,20.6,0,0,0,0,0,0,20.21
2008,5,6,5,30,19.400000000000002,0,0,0,0,0,0,22.28
2008,5,6,6,30,18,0,0,0,0,0,0,25.310000000000002
2008,5,6,7,30,16.7,0,0,0,0,0,0,30.080000000000002
2008,5,6,8,30,15.700000000000001,0,0,0,0,0,0,37.36
2008,5,6,9,30,14.9,0,0,0,0,0,0,48.120000000000005
2008,5,6,10,30,14.3,0,0,0,0,0,0,61.690000000000005
2008,5,6,11,30,14.5,0,0,0,0,0,0,72.22
2008,5,6,12,30,15.5,18,21,55,55,18,21,74.03
2008,5,6,13,30,17.7,98,213,421,421,98,213,70.72
2008,5,6,14,30,21,134,453,651,651,134,453,55.42
2008,5,6,15,30,24.1,148,680,779,779,148,680,36.76
2008,5,6,16,30,26.5,157,867,849,849,157,867,26.52
2008,5,6,17,30,28.400000000000002,162,996,887,887,162,996,21.26
2008,5,6,18,30,29.900000000000002,185,1051,876,876,185,1051,17.96
2008,5,6,19,30,30.900000000000002,183,1044,880,880,183,1044,15.9
2008,5,6,20,30,31.400000000000002,180,957,855,505,449,908,14.51
2008,5,6,21,30,31.3,217,790,729,81,450,514,13.74
2008,5,6,22,30,30.5,188,591,653,0,71,71,13.72
2008,5,6,23,30,29,137,366,553,105,220,264,14.61
2008,5,7,0,30,26.8,75,137,324,35,111,117,16.75
2008,5,7,1,30,24.200000000000003,0,0,0,0,0,0,20.55
2008,5,7,2,30,21.700000000000003,0,0,0,0,0,0,25.77
2008,5,7,3,30,19.900000000000002,0,0,0,0,0,0,30.67
2008,5,7,4,30,18.400000000000002,0,0,0,0,0,0,34.75
2008,5,7,5,30,16.900000000000002,0,0,0,0,0,0,39.17
2008,5,7,6,30,15.700000000000001,0,0,0,0,0,0,42.85
2008,5,7,7,30,14.8,0,0,0,0,0,0,45.410000000000004
2008,5,7,8,30,14.200000000000001,0,0,0,0,0,0,46.75
2008,5,7,9,30,13.700000000000001,0,0,0,0,0,0,47.75
2008,5,7,10,30,13.4,0,0,0,0,0,0,47.96
2008,5,7,11,30,13.200000000000001,0,0,0,0,0,0,47.68
2008,5,7,12,30,14.100000000000001,18,32,274,4,23,24,44.01
2008,5,7,13,30,16.6,54,248,705,8,81,83,36.31
2008,5,7,14,30,19.6,73,493,855,53,236,262,26.830000000000002
2008,5,7,15,30,22.200000000000003,86,719,926,277,340,529,21.39
2008,5,7,16,30,24.400000000000002,95,905,967,238,379,578,18.5
2008,5,7,17,30,26.3,101,1033,990,791,219,963,16.36
2008,5,7,18,30,27.1,117,1088,981,981,117,1088,15.370000000000001
2008,5,7,19,30,27.1,116,1074,980,695,227,908,15.15
2008,5,7,20,30,26.900000000000002,110,989,966,635,296,873,15.25
2008,5,7,21,30,26.400000000000002,94,842,952,259,391,595,15.75
2008,5,7,22,30,25.6,85,639,897,769,133,608,16.69
2008,5,7,23,30,24.5,71,398,789,789,71,398,18.16
2008,5,8,0,30,22.5,47,155,561,198,98,136,21.17
2008,5,8,1,30,20.5,0,0,0,0,0,0,25.18
2008,5,8,2,30,18.8,0,0,0,0,0,0,29.37
2008,5,8,3,30,17.3,0,0,0,0,0,0,33.44
2008,5,8,4,30,16.400000000000002,0,0,0,0,0,0,36.31
2008,5,8,5,30,15.600000000000001,0,0,0,0,0,0,38.800000000000004
2008,5,8,6,30,14.9,0,0,0,0,0,0,40.730000000000004
2008,5,8,7,30,14.200000000000001,0,0,0,0,0,0,42.15
2008,5,8,8,30,13.5,0,0,0,0,0,0,42.54
2008,5,8,9,30,12.9,0,0,0,0,0,0,41.56
2008,5,8,10,30,12.4,0,0,0,0,0,0,39.88
2008,5,8,11,30,12.3,0,0,0,0,0,0,38.04
2008,5,8,12,30,13.8,19,33,269,3,23,23,33.25
2008,5,8,13,30,17.400000000000002,53,252,718,68,160,179,25.650000000000002
2008,5,8,14,30,21.8,70,502,876,329,254,416,16.18
2008,5,8,15,30,25.3,81,737,958,958,81,737,9.85
2008,5,8,16,30,27.6,89,925,998,998,89,925,8.39
2008,5,8,17,30,29.5,93,1050,1016,1016,93,1050,7.36
2008,5,8,18,30,31,108,1106,1007,1007,108,1106,6.33
2008,5,8,19,30,32,105,1093,1009,1009,105,1093,5.55
2008,5,8,20,30,32.5,100,1007,997,997,100,1007,5.1000000000000005
2008,5,8,21,30,32.4,87,858,979,979,87,858,5
2008,5,8,22,30,31.900000000000002,77,653,931,931,77,653,5.13
2008,5,8,23,30,30.5,63,413,840,840,63,413,5.69
2008,5,9,0,30,27.1,42,163,624,36,109,116,7.55
2008,5,9,1,30,23.200000000000003,0,0,0,0,0,0,11.23
2008,5,9,2,30,21.3,0,0,0,0,0,0,14.64
2008,5,9,3,30,20,0,0,0,0,0,0,19.51
2008,5,9,4,30,18.6,0,0,0,0,0,0,24.92
2008,5,9,5,30,17.2,0,0,0,0,0,0,28.91
2008,5,9,6,30,16.2,0,0,0,0,0,0,30.67
2008,5,9,7,30,15.200000000000001,0,0,0,0,0,0,31.96
2008,5,9,8,30,14.4,0,0,0,0,0,0,32.77
2008,5,9,9,30,13.600000000000001,0,0,0,0,0,0,33.6
2008,5,9,10,30,13,0,0,0,0,0,0,33.55
2008,5,9,11,30,12.8,0,0,0,0,0,0,32.09
2008,5,9,12,30,14.700000000000001,19,34,275,275,19,34,26.25
2008,5,9,13,30,18.900000000000002,56,251,703,703,56,251,18.330000000000002
2008,5,9,14,30,23.6,74,501,862,862,74,501,10.71
2008,5,9,15,30,27.400000000000002,87,731,939,939,87,731,6.7
2008,5,9,16,30,30,95,918,982,982,95,918,6.0600000000000005
2008,5,9,17,30,31.900000000000002,100,1043,1001,1001,100,1043,5.69
2008,5,9,18,30,33.1,98,1104,1015,582,327,904,5.51
2008,5,9,19,30,33.800000000000004,99,1091,1012,588,347,924,5.44
2008,5,9,20,30,34,97,1004,996,444,391,795,5.46
2008,5,9,21,30,33.800000000000004,91,853,968,323,367,622,5.54
2008,5,9,22,30,32.9,83,648,911,911,83,648,5.8100000000000005
2008,5,9,23,30,31.3,72,407,801,399,175,341,6.33
2008,5,10,0,30,28.400000000000002,50,161,562,562,50,161,7.6000000000000005
2008,5,10,1,30,25.5,0,0,0,0,0,0,9.18
2008,5,10,2,30,23.200000000000003,0,0,0,0,0,0,10.22
2008,5,10,3,30,21,0,0,0,0,0,0,11.48
2008,5,10,4,30,19.6,0,0,0,0,0,0,12.370000000000001
2008,5,10,5,30,18.5,0,0,0,0,0,0,13.14
2008,5,10,6,30,17.400000000000002,0,0,0,0,0,0,13.85
2008,5,10,7,30,16.5,0,0,0,0,0,0,14.32
2008,5,10,8,30,16.1,0,0,0,0,0,0,14.23
2008,5,10,9,30,15.8,0,0,0,0,0,0,13.96
2008,5,10,10,30,15.200000000000001,0,0,0,0,0,0,13.86
2008,5,10,11,30,14.700000000000001,0,0,0,0,0,0,13.780000000000001
2008,5,10,12,30,15.9,21,34,223,3,26,26,12.65
2008,5,10,13,30,19.3,66,248,650,162,156,201,10.64
2008,5,10,14,30,23.1,92,494,810,307,267,419,12.120000000000001
2008,5,10,15,30,26.200000000000003,111,718,884,884,111,718,12.92
2008,5,10,16,30,28.400000000000002,124,904,930,704,307,898,11.700000000000001
2008,5,10,17,30,30,132,1033,956,956,132,1033,10.47
2008,5,10,18,30,30.900000000000002,143,1086,951,812,236,1041,9.73
2008,5,10,19,30,31.3,141,1073,951,726,271,983,9.38
2008,5,10,20,30,31.400000000000002,134,988,938,693,289,920,9.22
2008,5,10,21,30,31.1,118,840,916,387,347,652,9.33
2008,5,10,22,30,30.400000000000002,104,636,857,508,246,561,9.71
2008,5,10,23,30,29,86,398,746,746,86,398,10.66
2008,5,11,0,30,26.5,55,156,507,89,103,121,12.73
2008,5,11,1,30,23.900000000000002,0,0,0,0,0,0,15.36
2008,5,11,2,30,22.3,0,0,0,0,0,0,17.01
2008,5,11,3,30,21,0,0,0,0,0,0,18.330000000000002
2008,5,11,4,30,19.8,0,0,0,0,0,0,19.5
2008,5,11,5,30,18.5,0,0,0,0,0,0,21.02
2008,5,11,6,30,17.3,0,0,0,0,0,0,22.740000000000002
2008,5,11,7,30,16.400000000000002,0,0,0,0,0,0,24.42
2008,5,11,8,30,15.8,0,0,0,0,0,0,26.21
2008,5,11,9,30,15.3,0,0,0,0,0,0,28.59
2008,5,11,10,30,14.9,0,0,0,0,0,0,30.96
2008,5,11,11,30,14.700000000000001,0,0,0,0,0,0,32.43
2008,5,11,12,30,16.7,23,30,125,125,23,30,28.900000000000002
2008,5,11,13,30,20.700000000000003,83,230,522,90,162,187,22.76
2008,5,11,14,30,24.5,112,469,719,719,112,469,28.97
2008,5,11,15,30,27.400000000000002,128,693,821,821,128,693,25.93
2008,5,11,16,30,29.700000000000003,139,879,882,882,139,879,20.96
2008,5,11,17,30,31.400000000000002,144,1006,914,914,144,1006,17.6
2008,5,11,18,30,32.6,168,1058,898,898,168,1058,15.23
2008,5,11,19,30,33.5,167,1047,898,898,167,1047,13.370000000000001
2008,5,11,20,30,33.7,173,960,864,864,173,960,12.280000000000001
2008,5,11,21,30,33.5,181,802,787,787,181,802,11.76
2008,5,11,22,30,32.7,166,601,700,0,176,176,11.97
2008,5,11,23,30,31.3,136,370,559,138,254,312,12.86
2008,5,12,0,30,28.900000000000002,83,139,280,75,117,131,14.88
2008,5,12,1,30,26.200000000000003,0,0,0,0,0,0,18.29
2008,5,12,2,30,24.3,0,0,0,0,0,0,21.85
2008,5,12,3,30,23.1,0,0,0,0,0,0,26.2
2008,5,12,4,30,22.3,0,0,0,0,0,0,30.55
2008,5,12,5,30,21.8,0,0,0,0,0,0,35.34
2008,5,12,6,30,21,0,0,0,0,0,0,42.72
2008,5,12,7,30,19.700000000000003,0,0,0,0,0,0,53.74
2008,5,12,8,30,18.5,0,0,0,0,0,0,64.71000000000001
2008,5,12,9,30,17.7,0,0,0,0,0,0,71.42
2008,5,12,10,30,17,0,0,0,0,0,0,75.85000000000001
2008,5,12,11,30,16.6,0,0,0,0,0,0,78.13
2008,5,12,12,30,17.6,23,27,73,73,23,27,72.75
2008,5,12,13,30,20.5,102,220,414,414,102,220,59.11
2008,5,12,14,30,24,147,452,612,612,147,452,42.97
2008,5,12,15,30,27.1,176,673,722,722,176,673,30.27
2008,5,12,16,30,29.5,196,854,782,782,196,854,22.87
2008,5,12,17,30,31.3,207,982,821,821,207,982,18.25
2008,5,12,18,30,32.6,230,1034,810,810,230,1034,15.16
2008,5,12,19,30,33.300000000000004,221,1026,821,299,486,779,13.26
2008,5,12,20,30,33.5,209,949,810,12,376,387,12.01
2008,5,12,21,30,33.300000000000004,191,802,773,137,416,525,11.14
2008,5,12,22,30,32.5,173,602,689,25,244,260,10.88
2008,5,12,23,30,31.1,136,373,563,563,136,373,11.41
2008,5,13,0,30,28.5,82,142,297,297,82,142,13.39
2008,5,13,1,30,25.900000000000002,0,0,0,0,0,0,17.11
2008,5,13,2,30,24.5,0,0,0,0,0,0,20.240000000000002
2008,5,13,3,30,22.8,0,0,0,0,0,0,24.41
2008,5,13,4,30,21.200000000000003,0,0,0,0,0,0,29.21
2008,5,13,5,30,19.8,0,0,0,0,0,0,33.3
2008,5,13,6,30,18.6,0,0,0,0,0,0,36.730000000000004
2008,5,13,7,30,17.400000000000002,0,0,0,0,0,0,41.050000000000004
2008,5,13,8,30,16.400000000000002,0,0,0,0,0,0,46.01
2008,5,13,9,30,15.5,0,0,0,0,0,0,51.65
2008,5,13,10,30,14.600000000000001,0,0,0,0,0,0,57.910000000000004
2008,5,13,11,30,14.3,0,0,0,0,0,0,61.42
2008,5,13,12,30,15.9,24,33,159,159,24,33,56.76
2008,5,13,13,30,19.900000000000002,81,238,548,548,81,238,43.77
2008,5,13,14,30,23.8,116,475,720,720,116,475,26.45
2008,5,13,15,30,26.5,139,698,811,811,139,698,19.740000000000002
2008,5,13,16,30,28.6,153,881,865,865,153,881,16.97
2008,5,13,17,30,30.3,162,1004,891,891,162,1004,15.32
2008,5,13,18,30,31.6,174,1059,892,892,174,1059,14.16
2008,5,13,19,30,32.4,187,1043,872,872,187,1043,13.3
2008,5,13,20,30,32.7,201,950,820,820,201,950,12.72
2008,5,13,21,30,32.2,183,801,782,526,318,734,12.93
2008,5,13,22,30,31,172,597,683,19,251,263,14.1
2008,5,13,23,30,29.3,147,365,516,46,212,231,16.19
2008,5,14,0,30,26.900000000000002,89,136,232,232,89,136,19.6
2008,5,14,1,30,24.900000000000002,0,0,0,0,0,0,23.47
2008,5,14,2,30,23.6,0,0,0,0,0,0,26.51
2008,5,14,3,30,22.5,0,0,0,0,0,0,28.43
2008,5,14,4,30,21.3,0,0,0,0,0,0,30.580000000000002
2008,5,14,5,30,20.3,0,0,0,0,0,0,32.95
2008,5,14,6,30,19,0,0,0,0,0,0,36.92
2008,5,14,7,30,17.8,0,0,0,0,0,0,42.2
2008,5,14,8,30,16.8,0,0,0,0,0,0,49.230000000000004
2008,5,14,9,30,15.9,0,0,0,0,0,0,56.99
2008,5,14,10,30,15.100000000000001,0,0,0,0,0,0,64.18
2008,5,14,11,30,14.600000000000001,0,0,0,0,0,0,69.31
2008,5,14,12,30,15.700000000000001,25,31,96,0,17,17,65.7
2008,5,14,13,30,18.8,95,230,473,0,85,85,49.26
2008,5,14,14,30,22.400000000000002,126,468,684,486,214,457,31.39
2008,5,14,15,30,25.200000000000003,144,691,792,146,419,520,25.22
2008,5,14,16,30,27.5,156,874,853,655,279,830,21.78
2008,5,14,17,30,29.400000000000002,163,997,883,474,387,835,19.38
2008,5,14,18,30,30.700000000000003,181,1048,873,14,425,440,17.64
2008,5,14,19,30,31,193,1028,850,470,420,882,16.740000000000002
2008,5,14,20,30,30.200000000000003,185,942,830,46,483,525,17.81
2008,5,14,21,30,28.6,161,798,806,0,90,90,21.01
2008,5,14,22,30,26.700000000000003,142,601,735,60,344,382,25.490000000000002
2008,5,14,23,30,25,112,374,620,217,233,325,30.13
2008,5,15,0,30,23.8,69,147,382,382,69,147,33.6
2008,5,15,1,30,22.900000000000002,0,0,0,0,0,0,35.79
2008,5,15,2,30,22.3,0,0,0,0,0,0,37.46
2008,5,15,3,30,21.6,0,0,0,0,0,0,39.59
2008,5,15,4,30,20.400000000000002,0,0,0,0,0,0,42.74
2008,5,15,5,30,19,0,0,0,0,0,0,47.43
2008,5,15,6,30,18.3,0,0,0,0,0,0,51.95
2008,5,15,7,30,17.8,0,0,0,0,0,0,56.61
2008,5,15,8,30,17.1,0,0,0,0,0,0,62.32
2008,5,15,9,30,16.400000000000002,0,0,0,0,0,0,67.61
2008,5,15,10,30,15.8,0,0,0,0,0,0,72.01
2008,5,15,11,30,15.3,0,0,0,0,0,0,75.52
2008,5,15,12,30,15.100000000000001,25,29,68,0,10,10,76.21000000000001
2008,5,15,13,30,15.200000000000001,108,221,393,0,8,8,70.33
2008,5,15,14,30,15.600000000000001,146,453,613,0,21,21,63.15
2008,5,15,15,30,16.6,167,672,731,1,242,243,57.160000000000004
2008,5,15,16,30,17.7,187,850,786,17,353,367,52.43
2008,5,15,17,30,18.400000000000002,197,974,822,0,56,56,50.08
2008,5,15,18,30,19,169,1045,881,34,473,507,48.08
2008,5,15,19,30,19.8,141,1043,919,0,161,162,45.18
2008,5,15,20,30,20.6,121,967,926,12,374,385,41.92
2008,5,15,21,30,21,110,824,902,413,393,721,39.410000000000004
2008,5,15,22,30,21.200000000000003,95,628,853,853,95,628,37.88
2008,5,15,23,30,21,74,400,765,309,213,344,37.9
2008,5,16,0,30,19.1,49,163,554,554,49,163,45.68
2008,5,16,1,30,16.7,0,0,0,0,0,0,59.82
2008,5,16,2,30,15.700000000000001,0,0,0,0,0,0,61.97
2008,5,16,3,30,15,0,0,0,0,0,0,64.75
2008,5,16,4,30,14.3,0,0,0,0,0,0,68.24
2008,5,16,5,30,13.5,0,0,0,0,0,0,72.81
2008,5,16,6,30,13,0,0,0,0,0,0,76.8
2008,5,16,7,30,12.600000000000001,0,0,0,0,0,0,80.44
2008,5,16,8,30,12.200000000000001,0,0,0,0,0,0,84.04
2008,5,16,9,30,11.8,0,0,0,0,0,0,88.24
2008,5,16,10,30,11.3,0,0,0,0,0,0,92.43
2008,5,16,11,30,11.200000000000001,0,0,0,0,0,0,93.65
2008,5,16,12,30,13.100000000000001,24,39,232,232,24,39,83.45
2008,5,16,13,30,16.400000000000002,64,248,637,637,64,248,68.58
2008,5,16,14,30,19.400000000000002,86,487,798,798,86,487,54.56
2008,5,16,15,30,21.8,99,711,884,884,99,711,42.31
2008,5,16,16,30,23.900000000000002,105,894,936,936,105,894,33.910000000000004
2008,5,16,17,30,25.6,112,1019,959,959,112,1019,28.78
2008,5,16,18,30,26.8,124,1075,957,71,532,602,25.98
2008,5,16,19,30,27.6,125,1058,949,949,125,1058,24.32
2008,5,16,20,30,27.900000000000002,123,974,930,15,452,466,23.63
2008,5,16,21,30,27.6,114,826,898,504,280,679,23.52
2008,5,16,22,30,26.700000000000003,92,632,861,519,224,549,24.23
2008,5,16,23,30,25.200000000000003,72,401,773,457,164,359,26.07
2008,5,17,0,30,22.700000000000003,48,165,562,18,91,95,30.61
2008,5,17,1,30,20.1,0,0,0,0,0,0,39.44
2008,5,17,2,30,18.1,0,0,0,0,0,0,49.09
2008,5,17,3,30,16.2,0,0,0,0,0,0,59.6
2008,5,17,4,30,14.4,0,0,0,0,0,0,72.29
2008,5,17,5,30,13.100000000000001,0,0,0,0,0,0,82.17
2008,5,17,6,30,12.200000000000001,0,0,0,0,0,0,88.65
2008,5,17,7,30,11.700000000000001,0,0,0,0,0,0,90.52
2008,5,17,8,30,11.4,0,0,0,0,0,0,90.3
2008,5,17,9,30,11.3,0,0,0,0,0,0,89.22
2008,5,17,10,30,11.100000000000001,0,0,0,0,0,0,89.26
2008,5,17,11,30,10.9,0,0,0,0,0,0,90.29
2008,5,17,12,30,11.5,28,36,117,117,28,36,86.16
2008,5,17,13,30,13,88,240,522,2,111,112,75.72
2008,5,17,14,30,15.600000000000001,110,483,741,3,207,209,61.86
2008,5,17,15,30,18.6,118,709,854,854,118,709,47.62
2008,5,17,16,30,21.400000000000002,125,896,914,914,125,896,35.85
2008,5,17,17,30,23.700000000000003,117,1027,962,962,117,1027,28.09
2008,5,17,18,30,25.6,110,1091,987,987,110,1091,22.69
2008,5,17,19,30,26.8,102,1080,995,995,102,1080,19.1
2008,5,17,20,30,27.400000000000002,94,1001,991,11,451,460,16.82
2008,5,17,21,30,27.3,86,853,967,967,86,853,15.83
2008,5,17,22,30,26.5,77,652,916,916,77,652,15.97
2008,5,17,23,30,24.8,68,413,809,809,68,413,17.86
2008,5,18,0,30,21.8,49,170,581,581,49,170,23.59
2008,5,18,1,30,18.400000000000002,0,0,0,0,0,0,35.980000000000004
2008,5,18,2,30,16,0,0,0,0,0,0,46.980000000000004
2008,5,18,3,30,14.4,0,0,0,0,0,0,55.06
2008,5,18,4,30,13.3,0,0,0,0,0,0,60.29
2008,5,18,5,30,12.5,0,0,0,0,0,0,63.82
2008,5,18,6,30,11.700000000000001,0,0,0,0,0,0,66.69
2008,5,18,7,30,11.100000000000001,0,0,0,0,0,0,68.56
2008,5,18,8,30,10.5,0,0,0,0,0,0,70.32000000000001
2008,5,18,9,30,10,0,0,0,0,0,0,71.71000000000001
2008,5,18,10,30,9.5,0,0,0,0,0,0,73.35000000000001
2008,5,18,11,30,9.4,0,0,0,0,0,0,73.28
2008,5,18,12,30,11.3,23,44,309,309,23,44,64.41
2008,5,18,13,30,14.3,55,262,712,712,55,262,52.46
2008,5,18,14,30,17.1,72,506,861,861,72,506,44.33
2008,5,18,15,30,19.5,82,731,936,936,82,731,38.19
2008,5,18,16,30,21.5,89,914,977,977,89,914,31.93
2008,5,18,17,30,23.1,95,1040,998,998,95,1040,26.97
2008,5,18,18,30,24.3,95,1095,1006,1006,95,1095,23.85
2008,5,18,19,30,25.1,97,1082,1001,1001,97,1082,21.91
2008,5,18,20,30,25.400000000000002,97,994,981,981,97,994,20.7
2008,5,18,21,30,25.3,100,843,936,936,100,843,20.17
2008,5,18,22,30,24.6,91,643,880,880,91,643,20.73
2008,5,18,23,30,23.3,75,409,777,260,199,311,22.55
2008,5,19,0,30,21,51,170,566,0,4,4,26.42
2008,5,19,1,30,18.7,0,0,0,0,0,0,31.75
2008,5,19,2,30,17,0,0,0,0,0,0,36.49
2008,5,19,3,30,15.700000000000001,0,0,0,0,0,0,40.7
2008,5,19,4,30,14.5,0,0,0,0,0,0,45.28
2008,5,19,5,30,13.600000000000001,0,0,0,0,0,0,49.22
2008,5,19,6,30,13,0,0,0,0,0,0,51.99
2008,5,19,7,30,12.700000000000001,0,0,0,0,0,0,53.370000000000005
2008,5,19,8,30,12.4,0,0,0,0,0,0,54.32
2008,5,19,9,30,11.9,0,0,0,0,0,0,56.21
2008,5,19,10,30,11.5,0,0,0,0,0,0,57.120000000000005
2008,5,19,11,30,11.4,0,0,0,0,0,0,56.730000000000004
2008,5,19,12,30,13.100000000000001,26,42,219,219,26,42,52.27
2008,5,19,13,30,16.400000000000002,69,252,624,49,166,180,42.11
2008,5,19,14,30,19.5,91,491,793,0,150,150,33.8
2008,5,19,15,30,21.700000000000003,103,712,879,12,327,336,28.86
2008,5,19,16,30,23.3,112,894,926,20,343,360,26.71
2008,5,19,17,30,24.5,117,1019,953,953,117,1019,25.560000000000002
2008,5,19,18,30,25.200000000000003,131,1071,946,946,131,1071,24.98
2008,5,19,19,30,25.700000000000003,132,1058,941,769,243,1000,24.34
2008,5,19,20,30,25.700000000000003,132,973,919,15,377,391,24.03
2008,5,19,21,30,25.3,114,828,898,0,210,210,24.46
2008,5,19,22,30,24.400000000000002,102,629,838,431,243,514,26.13
2008,5,19,23,30,23.1,85,399,731,731,85,399,28.95
2008,5,20,0,30,21.5,57,164,503,159,110,143,32.81
2008,5,20,1,30,19.900000000000002,0,0,0,0,0,0,43.4
2008,5,20,2,30,18.6,0,0,0,0,0,0,48.660000000000004
2008,5,20,3,30,17.2,0,0,0,0,0,0,53.56
2008,5,20,4,30,15.9,0,0,0,0,0,0,60.800000000000004
2008,5,20,5,30,15,0,0,0,0,0,0,65.15
2008,5,20,6,30,14.4,0,0,0,0,0,0,68.07000000000001
2008,5,20,7,30,13.700000000000001,0,0,0,0,0,0,71.32000000000001
2008,5,20,8,30,12.700000000000001,0,0,0,0,0,0,75.85000000000001
2008,5,20,9,30,12.100000000000001,0,0,0,0,0,0,77.98
2008,5,20,10,30,11.600000000000001,0,0,0,0,0,0,79.54
2008,5,20,11,30,11.5,0,0,0,0,0,0,78.94
2008,5,20,12,30,13.100000000000001,23,44,295,295,23,44,70.52
2008,5,20,13,30,16.7,57,258,686,686,57,258,55.52
2008,5,20,14,30,19.900000000000002,75,497,833,286,261,406,41.18
2008,5,20,15,30,21.900000000000002,89,718,906,906,89,718,34.34
2008,5,20,16,30,23.400000000000002,98,898,947,947,98,898,30.09
2008,5,20,17,30,24.700000000000003,105,1022,969,969,105,1022,26.810000000000002
2008,5,20,18,30,25.8,110,1080,975,975,110,1080,24.14
2008,5,20,19,30,26.5,112,1066,969,969,112,1066,22.27
2008,5,20,20,30,26.900000000000002,110,983,953,640,349,935,20.98
2008,5,20,21,30,26.8,107,835,916,207,393,558,20.09
2008,5,20,22,30,26.1,95,638,861,514,229,552,20.09
2008,5,20,23,30,24.8,77,407,766,59,203,228,21.11
2008,5,21,0,30,22.3,51,172,565,12,109,112,24.16
2008,5,21,1,30,19.400000000000002,0,0,0,0,0,0,33.29
2008,5,21,2,30,17.6,0,0,0,0,0,0,37.9
2008,5,21,3,30,16.5,0,0,0,0,0,0,40.59
2008,5,21,4,30,15.700000000000001,0,0,0,0,0,0,42.93
2008,5,21,5,30,15.8,0,0,0,0,0,0,42.11
2008,5,21,6,30,15.8,0,0,0,0,0,0,40.75
2008,5,21,7,30,14.600000000000001,0,0,0,0,0,0,45.12
2008,5,21,8,30,12.9,0,0,0,0,0,0,49.57
2008,5,21,9,30,11.8,0,0,0,0,0,0,53.28
2008,5,21,10,30,11.3,0,0,0,0,0,0,56.480000000000004
2008,5,21,11,30,11.200000000000001,0,0,0,0,0,0,60.15
2008,5,21,12,30,12.9,24,47,311,311,24,47,57.35
2008,5,21,13,30,16.900000000000002,56,266,712,712,56,266,45.65
2008,5,21,14,30,21.400000000000002,74,510,862,862,74,510,29.35
2008,5,21,15,30,24.400000000000002,84,735,937,937,84,735,18.21
2008,5,21,16,30,26.200000000000003,92,918,978,978,92,918,15.280000000000001
2008,5,21,17,30,27.5,98,1045,1000,1000,98,1045,13.64
2008,5,21,18,30,28.6,105,1102,1002,1002,105,1102,12.38
2008,5,21,19,30,29.3,104,1089,1000,1000,104,1089,11.55
2008,5,21,20,30,29.6,101,1001,982,982,101,1001,11.05
2008,5,21,21,30,29.5,96,853,951,625,322,820,10.870000000000001
2008,5,21,22,30,28.900000000000002,88,650,892,892,88,650,11.13
2008,5,21,23,30,27.6,76,416,785,785,76,416,12.17
2008,5,22,0,30,24.8,56,172,539,267,108,165,15.77
2008,5,22,1,30,21.900000000000002,0,0,0,0,0,0,25.71
2008,5,22,2,30,19.6,0,0,0,0,0,0,34.92
2008,5,22,3,30,17.6,0,0,0,0,0,0,43.410000000000004
2008,5,22,4,30,16.3,0,0,0,0,0,0,48.68
2008,5,22,5,30,15.100000000000001,0,0,0,0,0,0,53.76
2008,5,22,6,30,13.8,0,0,0,0,0,0,59.81
2008,5,22,7,30,12.5,0,0,0,0,0,0,67.11
2008,5,22,8,30,11.600000000000001,0,0,0,0,0,0,73.36
2008,5,22,9,30,10.9,0,0,0,0,0,0,77.76
2008,5,22,10,30,10.3,0,0,0,0,0,0,80.18
2008,5,22,11,30,9.9,0,0,0,0,0,0,80.44
2008,5,22,12,30,11,25,46,278,278,25,46,71.23
2008,5,22,13,30,14.100000000000001,59,262,687,687,59,262,51.19
2008,5,22,14,30,17.900000000000002,76,507,850,850,76,507,34.21
2008,5,22,15,30,21.5,86,735,935,935,86,735,24.490000000000002
2008,5,22,16,30,24.6,91,923,985,985,91,923,18.71
2008,5,22,17,30,26.8,94,1050,1010,1010,94,1050,15.25
2008,5,22,18,30,28.200000000000003,99,1113,1020,1020,99,1113,12.790000000000001
2008,5,22,19,30,28.8,96,1101,1020,1020,96,1101,11.450000000000001
2008,5,22,20,30,28.700000000000003,93,1017,1008,1008,93,1017,11.17
2008,5,22,21,30,28.1,88,864,974,974,88,864,11.790000000000001
2008,5,22,22,30,26.8,81,659,916,916,81,659,13.75
2008,5,22,23,30,24.8,69,422,813,813,69,422,17.28
2008,5,23,0,30,22.1,48,180,608,608,48,180,22.69
2008,5,23,1,30,19.3,0,0,0,0,0,0,29.78
2008,5,23,2,30,17.2,0,0,0,0,0,0,36.96
2008,5,23,3,30,15.5,0,0,0,0,0,0,44.52
2008,5,23,4,30,13.9,0,0,0,0,0,0,54.2
2008,5,23,5,30,12.3,0,0,0,0,0,0,65.97
2008,5,23,6,30,11,0,0,0,0,0,0,75.87
2008,5,23,7,30,10,0,0,0,0,0,0,81.66
2008,5,23,8,30,9.3,0,0,0,0,0,0,83.95
2008,5,23,9,30,8.700000000000001,0,0,0,0,0,0,84.34
2008,5,23,10,30,8.1,0,0,0,0,0,0,83.79
2008,5,23,11,30,7.800000000000001,0,0,0,0,0,0,81.42
2008,5,23,12,30,9.3,23,52,390,390,23,52,70.43
2008,5,23,13,30,13.100000000000001,51,280,776,776,51,280,50.09
2008,5,23,14,30,17.900000000000002,65,529,914,914,65,529,31.5
2008,5,23,15,30,22.1,75,757,981,981,75,757,20.25
2008,5,23,16,30,25.1,81,942,1018,1018,81,942,14.58
2008,5,23,17,30,27.3,85,1063,1033,1033,85,1063,11.67
2008,5,23,18,30,28.700000000000003,88,1122,1039,1039,88,1122,10.09
2008,5,23,19,30,29.700000000000003,87,1109,1039,1039,87,1109,9.19
2008,5,23,20,30,30.1,84,1025,1026,1026,84,1025,8.8
2008,5,23,21,30,30.1,77,873,998,998,77,873,8.67
2008,5,23,22,30,29.5,70,672,952,952,70,672,8.84
2008,5,23,23,30,28.1,60,436,864,864,60,436,9.57
2008,5,24,0,30,24.6,43,188,667,667,43,188,12.41
2008,5,24,1,30,21,0,0,0,0,0,0,20.96
2008,5,24,2,30,19.5,0,0,0,0,0,0,21.900000000000002
2008,5,24,3,30,18.2,0,0,0,0,0,0,25.14
2008,5,24,4,30,16.7,0,0,0,0,0,0,31.45
2008,5,24,5,30,15.3,0,0,0,0,0,0,38.730000000000004
2008,5,24,6,30,14,0,0,0,0,0,0,46.47
2008,5,24,7,30,12.8,0,0,0,0,0,0,54.56
2008,5,24,8,30,11.8,0,0,0,0,0,0,62.410000000000004
2008,5,24,9,30,10.8,0,0,0,0,0,0,69.94
2008,5,24,10,30,10,0,0,0,0,0,0,74.82000000000001
2008,5,24,11,30,9.8,0,0,0,0,0,0,75.71000000000001
2008,5,24,12,30,11.5,23,50,354,354,23,50,66.8
2008,5,24,13,30,16,53,272,740,740,53,272,48.77
2008,5,24,14,30,21.400000000000002,69,517,883,883,69,517,26.310000000000002
2008,5,24,15,30,25.200000000000003,79,742,954,954,79,742,16.76
2008,5,24,16,30,27.5,85,925,993,993,85,925,14.120000000000001
2008,5,24,17,30,29.200000000000003,89,1052,1016,1016,89,1052,12.47
2008,5,24,18,30,30.400000000000002,104,1106,1007,1007,104,1106,11.38
2008,5,24,19,30,31.200000000000003,103,1090,1002,1002,103,1090,10.57
2008,5,24,20,30,31.5,100,1006,987,987,100,1006,10.13
2008,5,24,21,30,31.3,91,860,964,964,91,860,10
2008,5,24,22,30,30.6,83,658,907,907,83,658,10.25
2008,5,24,23,30,29.3,71,425,810,810,71,425,11.01
2008,5,25,0,30,26.1,50,183,604,604,50,183,13.56
2008,5,25,1,30,22.6,0,0,0,0,0,0,20.09
2008,5,25,2,30,20.900000000000002,0,0,0,0,0,0,23.46
2008,5,25,3,30,19.900000000000002,0,0,0,0,0,0,26.2
2008,5,25,4,30,19,0,0,0,0,0,0,30.2
2008,5,25,5,30,18,0,0,0,0,0,0,35.47
2008,5,25,6,30,17,0,0,0,0,0,0,40.83
2008,5,25,7,30,16.2,0,0,0,0,0,0,44.52
2008,5,25,8,30,15.5,0,0,0,0,0,0,47.230000000000004
2008,5,25,9,30,14.9,0,0,0,0,0,0,49.88
2008,5,25,10,30,14.4,0,0,0,0,0,0,53.13
2008,5,25,11,30,14.4,0,0,0,0,0,0,55.19
2008,5,25,12,30,16.3,28,46,232,232,28,46,50.620000000000005
2008,5,25,13,30,19.8,71,257,627,627,71,257,43.21
2008,5,25,14,30,23.200000000000003,93,496,793,793,93,496,31.91
2008,5,25,15,30,26.200000000000003,107,717,878,878,107,717,21.82
2008,5,25,16,30,28.5,117,898,923,923,117,898,17.72
2008,5,25,17,30,30.200000000000003,122,1023,951,951,122,1023,16.240000000000002
2008,5,25,18,30,31.3,111,1086,978,978,111,1086,15.450000000000001
2008,5,25,19,30,31.900000000000002,109,1071,977,765,269,1023,14.71
2008,5,25,20,30,32.1,107,989,961,961,107,989,14.21
2008,5,25,21,30,31.900000000000002,102,843,929,929,102,843,13.98
2008,5,25,22,30,31.200000000000003,94,646,869,869,94,646,13.950000000000001
2008,5,25,23,30,29.900000000000002,81,416,765,765,81,416,14.39
2008,5,26,0,30,27.3,57,179,553,553,57,179,16.240000000000002
2008,5,26,1,30,24.700000000000003,0,0,0,0,0,0,20.080000000000002
2008,5,26,2,30,23.1,0,0,0,0,0,0,22.02
2008,5,26,3,30,21.6,0,0,0,0,0,0,24.62
2008,5,26,4,30,20.3,0,0,0,0,0,0,28.27
2008,5,26,5,30,19.200000000000003,0,0,0,0,0,0,32.95
2008,5,26,6,30,18.1,0,0,0,0,0,0,37.92
2008,5,26,7,30,17.3,0,0,0,0,0,0,41.89
2008,5,26,8,30,16.5,0,0,0,0,0,0,46.62
2008,5,26,9,30,15.8,0,0,0,0,0,0,51.93
2008,5,26,10,30,15.200000000000001,0,0,0,0,0,0,57.08
2008,5,26,11,30,14.9,0,0,0,0,0,0,60.74
2008,5,26,12,30,16.5,29,43,186,186,29,43,56.5
2008,5,26,13,30,20,80,249,568,568,80,249,46.19
2008,5,26,14,30,23.700000000000003,107,486,745,745,107,486,32.13
2008,5,26,15,30,26.5,123,707,838,838,123,707,21.84
2008,5,26,16,30,28.6,135,887,889,889,135,887,17.19
2008,5,26,17,30,30.1,142,1014,920,920,142,1014,15.200000000000001
2008,5,26,18,30,31.3,175,1062,891,891,175,1062,13.84
2008,5,26,19,30,31.900000000000002,179,1049,883,883,179,1049,13.040000000000001
2008,5,26,20,30,32.2,182,961,848,545,427,928,12.43
2008,5,26,21,30,32,146,828,854,122,471,569,12.17
2008,5,26,22,30,31.3,141,628,767,207,380,511,12.370000000000001
2008,5,26,23,30,30,125,396,618,0,54,55,13.19
2008,5,27,0,30,27.6,83,164,367,367,83,164,15.22
2008,5,27,1,30,25,0,0,0,0,0,0,19.22
2008,5,27,2,30,23.5,0,0,0,0,0,0,22.2
2008,5,27,3,30,22.5,0,0,0,0,0,0,25.830000000000002
2008,5,27,4,30,21.700000000000003,0,0,0,0,0,0,30.37
2008,5,27,5,30,21,0,0,0,0,0,0,35.93
2008,5,27,6,30,19.900000000000002,0,0,0,0,0,0,44.32
2008,5,27,7,30,18.6,0,0,0,0,0,0,54.61
2008,5,27,8,30,17.6,0,0,0,0,0,0,64.32000000000001
2008,5,27,9,30,16.7,0,0,0,0,0,0,73.33
2008,5,27,10,30,16,0,0,0,0,0,0,80.48
2008,5,27,11,30,15.700000000000001,0,0,0,0,0,0,83.53
2008,5,27,12,30,16.7,31,42,143,143,31,42,78.15
2008,5,27,13,30,19.5,88,244,523,523,88,244,62.63
2008,5,27,14,30,23,115,478,712,712,115,478,44.65
2008,5,27,15,30,26.1,131,696,812,812,131,696,32.72
2008,5,27,16,30,28.400000000000002,139,877,873,873,139,877,26.75
2008,5,27,17,30,30.1,141,1002,908,908,141,1002,23.35
2008,5,27,18,30,31.3,149,1059,914,914,149,1059,21
2008,5,27,19,30,31.900000000000002,140,1052,925,925,140,1052,19.53
2008,5,27,20,30,32.1,130,973,918,440,463,867,18.44
2008,5,27,21,30,31.700000000000003,131,826,869,476,384,765,17.94
2008,5,27,22,30,30.900000000000002,116,633,812,812,116,633,17.900000000000002
2008,5,27,23,30,29.700000000000003,96,406,705,1,157,157,18.41
2008,5,28,0,30,27.5,65,174,490,219,116,164,20.32
2008,5,28,1,30,25.3,0,0,0,0,0,0,23.44
2008,5,28,2,30,23.900000000000002,0,0,0,0,0,0,26.3
2008,5,28,3,30,22.6,0,0,0,0,0,0,30
2008,5,28,4,30,21.1,0,0,0,0,0,0,35.45
2008,5,28,5,30,19.6,0,0,0,0,0,0,43.63
2008,5,28,6,30,18.2,0,0,0,0,0,0,53.6
2008,5,28,7,30,17.1,0,0,0,0,0,0,61.26
2008,5,28,8,30,16.2,0,0,0,0,0,0,67.37
2008,5,28,9,30,15.600000000000001,0,0,0,0,0,0,71.91
2008,5,28,10,30,15.100000000000001,0,0,0,0,0,0,75.24
2008,5,28,11,30,14.700000000000001,0,0,0,0,0,0,77.54
2008,5,28,12,30,15.700000000000001,29,47,225,225,29,47,72.60000000000001
2008,5,28,13,30,18.400000000000002,73,254,606,606,73,254,57.34
2008,5,28,14,30,21.6,99,488,764,764,99,488,40.51
2008,5,28,15,30,24.400000000000002,116,708,850,850,116,708,29.78
2008,5,28,16,30,26.6,125,888,902,902,125,888,23.14
2008,5,28,17,30,28.3,128,1017,937,937,128,1017,18.73
2008,5,28,18,30,29.5,135,1074,943,943,135,1074,16.07
2008,5,28,19,30,30.200000000000003,133,1065,945,945,133,1065,14.76
2008,5,28,20,30,30.400000000000002,126,985,934,934,126,985,14.35
2008,5,28,21,30,30.200000000000003,107,844,921,921,107,844,14.43
2008,5,28,22,30,29.5,95,649,870,870,95,649,15.08
2008,5,28,23,30,28.1,78,421,778,778,78,421,16.43
2008,5,29,0,30,25.8,53,185,584,584,53,185,18.92
2008,5,29,1,30,23.3,0,0,0,0,0,0,22.51
2008,5,29,2,30,21.6,0,0,0,0,0,0,25.92
2008,5,29,3,30,20.1,0,0,0,0,0,0,30.580000000000002
2008,5,29,4,30,18.7,0,0,0,0,0,0,37.03
2008,5,29,5,30,17.400000000000002,0,0,0,0,0,0,45.21
2008,5,29,6,30,16.1,0,0,0,0,0,0,54.93
2008,5,29,7,30,15,0,0,0,0,0,0,64.64
2008,5,29,8,30,14,0,0,0,0,0,0,74.08
2008,5,29,9,30,13.200000000000001,0,0,0,0,0,0,81.76
2008,5,29,10,30,12.4,0,0,0,0,0,0,87.93
2008,5,29,11,30,12.100000000000001,0,0,0,0,0,0,90.18
2008,5,29,12,30,13.200000000000001,26,51,320,320,26,51,83.4
2008,5,29,13,30,16.2,57,269,709,709,57,269,63.74
2008,5,29,14,30,19.900000000000002,71,512,866,866,71,512,42.83
2008,5,29,15,30,23.200000000000003,81,735,940,940,81,735,28.63
2008,5,29,16,30,25.6,87,916,980,980,87,916,21.81
2008,5,29,17,30,27.400000000000002,91,1042,1003,1003,91,1042,17.92
2008,5,29,18,30,28.700000000000003,101,1098,1002,1002,101,1098,15.66
2008,5,29,19,30,29.400000000000002,99,1087,1001,1001,99,1087,14.42
2008,5,29,20,30,29.8,96,1005,989,989,96,1005,13.58
2008,5,29,21,30,29.6,90,860,961,961,90,860,13.16
2008,5,29,22,30,29,81,664,913,913,81,664,13.11
2008,5,29,23,30,27.8,68,433,826,826,68,433,13.69
2008,5,30,0,30,25.1,48,192,638,638,48,192,15.780000000000001
2008,5,30,1,30,22,0,0,0,0,0,0,19.93
2008,5,30,2,30,20.1,0,0,0,0,0,0,22.580000000000002
2008,5,30,3,30,18.900000000000002,0,0,0,0,0,0,24.830000000000002
2008,5,30,4,30,17.8,0,0,0,0,0,0,29.04
2008,5,30,5,30,16.7,0,0,0,0,0,0,36.24
2008,5,30,6,30,15.600000000000001,0,0,0,0,0,0,45.42
2008,5,30,7,30,14.600000000000001,0,0,0,0,0,0,55.06
2008,5,30,8,30,13.700000000000001,0,0,0,0,0,0,63.65
2008,5,30,9,30,12.9,0,0,0,0,0,0,70.38
2008,5,30,10,30,12.3,0,0,0,0,0,0,75.01
2008,5,30,11,30,12.100000000000001,0,0,0,0,0,0,76.78
2008,5,30,12,30,13.600000000000001,24,53,371,371,24,53,69.54
2008,5,30,13,30,17.400000000000002,52,272,737,737,52,272,53.77
2008,5,30,14,30,21.700000000000003,66,513,876,876,66,513,36.72
2008,5,30,15,30,25.200000000000003,76,734,945,945,76,734,24.71
2008,5,30,16,30,27.400000000000002,83,914,982,982,83,914,19.22
2008,5,30,17,30,29,87,1038,1004,1004,87,1038,16.62
2008,5,30,18,30,30.1,89,1097,1012,1012,89,1097,15.07
2008,5,30,19,30,30.700000000000003,89,1086,1010,1010,89,1086,14.18
2008,5,30,20,30,31,87,1004,997,997,87,1004,13.620000000000001
2008,5,30,21,30,30.900000000000002,80,861,974,974,80,861,13.35
2008,5,30,22,30,30.3,74,662,922,922,74,662,13.450000000000001
2008,5,30,23,30,29.1,63,433,836,836,63,433,14.18
2008,5,31,0,30,26.5,45,194,656,656,45,194,16.43
2008,5,31,1,30,23.400000000000002,0,0,0,0,0,0,20.66
2008,5,31,2,30,21.6,0,0,0,0,0,0,23.96
2008,5,31,3,30,20.3,0,0,0,0,0,0,26.98
2008,5,31,4,30,19.1,0,0,0,0,0,0,30.72
2008,5,31,5,30,17.900000000000002,0,0,0,0,0,0,36.29
2008,5,31,6,30,17,0,0,0,0,0,0,43.74
2008,5,31,7,30,16.2,0,0,0,0,0,0,53
2008,5,31,8,30,15.5,0,0,0,0,0,0,63.53
2008,5,31,9,30,14.8,0,0,0,0,0,0,72.13
2008,5,31,10,30,14.100000000000001,0,0,0,0,0,0,78.21000000000001
2008,5,31,11,30,14,0,0,0,0,0,0,79.81
2008,5,31,12,30,15.700000000000001,24,52,345,345,24,52,71.4
2008,5,31,13,30,19.5,54,267,713,713,54,267,55.120000000000005
2008,5,31,14,30,23.700000000000003,70,505,854,854,70,505,38.38
2008,5,31,15,30,26.8,80,727,929,929,80,727,26.77
2008,5,31,16,30,28.900000000000002,87,906,969,969,87,906,21.56
2008,5,31,17,30,30.400000000000002,92,1030,990,990,92,1030,18.86
2008,5,31,18,30,31.5,99,1087,992,992,99,1087,17.14
2008,5,31,19,30,32.2,98,1076,991,991,98,1076,15.96
2008,5,31,20,30,32.4,95,993,975,975,95,993,15.36
2008,5,31,21,30,32.2,88,850,951,951,88,850,15.16
2008,5,31,22,30,31.400000000000002,79,654,898,898,79,654,15.540000000000001
2008,5,31,23,30,30.200000000000003,69,427,807,807,69,427,16.32
2008,6,1,0,30,27.900000000000002,50,190,607,607,50,190,18.41
2008,6,1,1,30,25.200000000000003,0,0,0,0,0,0,22.1
2008,6,1,2,30,23.6,0,0,0,0,0,0,24.86
2008,6,1,3,30,22.1,0,0,0,0,0,0,27.6
2008,6,1,4,30,20.5,0,0,0,0,0,0,30.52
2008,6,1,5,30,19.1,0,0,0,0,0,0,33.86
2008,6,1,6,30,18,0,0,0,0,0,0,38.96
2008,6,1,7,30,17.1,0,0,0,0,0,0,45.77
2008,6,1,8,30,16.400000000000002,0,0,0,0,0,0,52.050000000000004
2008,6,1,9,30,15.9,0,0,0,0,0,0,56.870000000000005
2008,6,1,10,30,15.5,0,0,0,0,0,0,61.120000000000005
2008,6,1,11,30,15.600000000000001,0,0,0,0,0,0,64.03
2008,6,1,12,30,17.1,26,51,317,1,35,35,60.120000000000005
2008,6,1,13,30,20.400000000000002,56,265,698,698,56,265,49.15
2008,6,1,14,30,24.3,71,503,848,848,71,503,34.800000000000004
2008,6,1,15,30,27.5,80,724,926,926,80,724,23.85
2008,6,1,16,30,29.6,85,907,972,972,85,907,19.56
2008,6,1,17,30,31.1,87,1032,997,997,87,1032,17.330000000000002
2008,6,1,18,30,32.2,89,1094,1008,1008,89,1094,15.450000000000001
2008,6,1,19,30,32.9,88,1083,1008,1008,88,1083,13.93
2008,6,1,20,30,33.2,84,1003,998,998,84,1003,12.9
2008,6,1,21,30,33,81,859,970,970,81,859,12.25
2008,6,1,22,30,32.300000000000004,73,667,927,188,374,494,12.040000000000001
2008,6,1,23,30,31,61,438,845,145,255,320,12.27
2008,6,2,0,30,28.200000000000003,44,199,672,4,103,104,13.71
2008,6,2,1,30,24.900000000000002,0,0,0,0,0,0,16.86
2008,6,2,2,30,23,0,0,0,0,0,0,18.64
2008,6,2,3,30,22,0,0,0,0,0,0,19.63
2008,6,2,4,30,20.700000000000003,0,0,0,0,0,0,23.13
2008,6,2,5,30,19.200000000000003,0,0,0,0,0,0,31.42
2008,6,2,6,30,17.8,0,0,0,0,0,0,43.160000000000004
2008,6,2,7,30,16.7,0,0,0,0,0,0,52.45
2008,6,2,8,30,15.8,0,0,0,0,0,0,60.99
2008,6,2,9,30,15,0,0,0,0,0,0,69.12
2008,6,2,10,30,14.200000000000001,0,0,0,0,0,0,75.13
2008,6,2,11,30,13.8,0,0,0,0,0,0,78.52
2008,6,2,12,30,15,24,54,376,1,33,34,73.61
2008,6,2,13,30,18.3,51,272,736,736,51,272,55.64
2008,6,2,14,30,22.6,65,513,878,878,65,513,34.32
2008,6,2,15,30,26.8,74,733,948,948,74,733,20.03
2008,6,2,16,30,29.900000000000002,80,914,986,986,80,914,15.33
2008,6,2,17,30,31.6,83,1038,1008,1008,83,1038,13.89
2008,6,2,18,30,32.7,96,1094,1002,1002,96,1094,12.89
2008,6,2,19,30,33.4,96,1087,1004,1004,96,1087,12.01
2008,6,2,20,30,33.6,93,1003,987,987,93,1003,11.370000000000001
2008,6,2,21,30,33.5,84,861,966,966,84,861,10.98
2008,6,2,22,30,32.800000000000004,77,666,919,919,77,666,10.98
2008,6,2,23,30,31.5,65,437,832,832,65,437,11.43
2008,6,3,0,30,28.5,47,198,652,652,47,198,13.22
2008,6,3,1,30,25,0,0,0,0,0,0,16.77
2008,6,3,2,30,23,0,0,0,0,0,0,18.650000000000002
2008,6,3,3,30,21.700000000000003,0,0,0,0,0,0,19.990000000000002
2008,6,3,4,30,20.400000000000002,0,0,0,0,0,0,23.64
2008,6,3,5,30,19.1,0,0,0,0,0,0,32.15
2008,6,3,6,30,17.8,0,0,0,0,0,0,44.45
2008,6,3,7,30,16.6,0,0,0,0,0,0,55.89
2008,6,3,8,30,15.700000000000001,0,0,0,0,0,0,63.690000000000005
2008,6,3,9,30,14.9,0,0,0,0,0,0,70.17
2008,6,3,10,30,14.3,0,0,0,0,0,0,75.15
2008,6,3,11,30,14,0,0,0,0,0,0,77.88
2008,6,3,12,30,15.5,23,54,385,1,34,34,70.77
2008,6,3,13,30,19.3,50,271,739,241,147,220,51.69
2008,6,3,14,30,23.900000000000002,65,511,875,875,65,511,33.45
2008,6,3,15,30,27.8,75,731,942,942,75,731,22.37
2008,6,3,16,30,30.200000000000003,82,913,984,984,82,913,17.61
2008,6,3,17,30,31.8,85,1042,1010,1010,85,1042,15.040000000000001
2008,6,3,18,30,32.9,82,1102,1024,1024,82,1102,13.27
2008,6,3,19,30,33.7,81,1092,1024,1024,81,1092,11.72
2008,6,3,20,30,34,77,1016,1018,1018,77,1016,10.66
2008,6,3,21,30,33.800000000000004,80,870,982,982,80,870,9.91
2008,6,3,22,30,33.1,73,678,942,942,73,678,9.5
2008,6,3,23,30,31.8,61,447,861,861,61,447,9.42
2008,6,4,0,30,28.6,44,205,690,690,44,205,10.47
2008,6,4,1,30,24.8,0,0,0,0,0,0,13.4
2008,6,4,2,30,22.700000000000003,0,0,0,0,0,0,14.65
2008,6,4,3,30,21.1,0,0,0,0,0,0,15.69
2008,6,4,4,30,19.700000000000003,0,0,0,0,0,0,17.81
2008,6,4,5,30,18.5,0,0,0,0,0,0,22.900000000000002
2008,6,4,6,30,17.5,0,0,0,0,0,0,32.82
2008,6,4,7,30,16.5,0,0,0,0,0,0,46.660000000000004
2008,6,4,8,30,15.700000000000001,0,0,0,0,0,0,59.09
2008,6,4,9,30,15.100000000000001,0,0,0,0,0,0,66.37
2008,6,4,10,30,14.5,0,0,0,0,0,0,69.96000000000001
2008,6,4,11,30,14.5,0,0,0,0,0,0,69.52
2008,6,4,12,30,16.3,23,56,409,7,37,38,61.96
2008,6,4,13,30,20.400000000000002,49,275,754,4,124,126,48.370000000000005
2008,6,4,14,30,25.1,64,515,885,415,236,447,34.57
2008,6,4,15,30,29,74,736,950,658,206,664,21.22
2008,6,4,16,30,31.5,82,916,987,692,300,885,14.25
2008,6,4,17,30,33,87,1041,1007,469,467,912,12.040000000000001
2008,6,4,18,30,34.2,97,1098,1006,1006,97,1098,10.64
2008,6,4,19,30,35,97,1087,1003,1003,97,1087,9.72
2008,6,4,20,30,35.300000000000004,97,1007,987,987,97,1007,9.22
2008,6,4,21,30,35.1,89,861,959,959,89,861,9.02
2008,6,4,22,30,34.4,82,666,909,909,82,666,9.11
2008,6,4,23,30,33.1,71,437,817,817,71,437,9.57
2008,6,5,0,30,29.900000000000002,51,198,626,626,51,198,11.34
2008,6,5,1,30,26.3,11,13,96,96,11,13,14.77
2008,6,5,2,30,24.3,0,0,0,0,0,0,16.56
2008,6,5,3,30,22.900000000000002,0,0,0,0,0,0,18.12
2008,6,5,4,30,21.6,0,0,0,0,0,0,19.98
2008,6,5,5,30,20.400000000000002,0,0,0,0,0,0,22.5
2008,6,5,6,30,19.400000000000002,0,0,0,0,0,0,28.01
2008,6,5,7,30,18.5,0,0,0,0,0,0,38.84
2008,6,5,8,30,17.7,0,0,0,0,0,0,53.980000000000004
2008,6,5,9,30,16.900000000000002,0,0,0,0,0,0,68.29
2008,6,5,10,30,16.2,0,0,0,0,0,0,78.37
2008,6,5,11,30,16,0,0,0,0,0,0,82.54
2008,6,5,12,30,17.400000000000002,27,51,292,9,39,40,76.43
2008,6,5,13,30,20.700000000000003,60,263,677,14,153,157,60.480000000000004
2008,6,5,14,30,24.3,77,502,835,304,262,417,42.84
2008,6,5,15,30,27.5,87,722,913,609,280,703,30.080000000000002
2008,6,5,16,30,30.200000000000003,94,902,956,956,94,902,22.580000000000002
2008,6,5,17,30,32.300000000000004,99,1030,983,983,99,1030,17.86
2008,6,5,18,30,33.9,109,1085,980,980,109,1085,14.81
2008,6,5,19,30,34.800000000000004,108,1074,978,978,108,1074,13.02
2008,6,5,20,30,35.300000000000004,106,995,963,963,106,995,11.83
2008,6,5,21,30,35.1,106,847,920,920,106,847,11.34
2008,6,5,22,30,34.4,99,654,862,862,99,654,11.41
2008,6,5,23,30,33,86,426,755,755,86,426,12.21
2008,6,6,0,30,30.5,63,189,533,12,95,98,14.200000000000001
2008,6,6,1,30,27.8,11,12,43,0,6,6,17.54
2008,6,6,2,30,26.200000000000003,0,0,0,0,0,0,20.16
2008,6,6,3,30,24.900000000000002,0,0,0,0,0,0,22.17
2008,6,6,4,30,23.5,0,0,0,0,0,0,24.7
2008,6,6,5,30,22.1,0,0,0,0,0,0,28.93
2008,6,6,6,30,20.900000000000002,0,0,0,0,0,0,37.12
2008,6,6,7,30,19.900000000000002,0,0,0,0,0,0,46.37
2008,6,6,8,30,19,0,0,0,0,0,0,54.36
2008,6,6,9,30,18.1,0,0,0,0,0,0,60.620000000000005
2008,6,6,10,30,17.400000000000002,0,0,0,0,0,0,64.77
2008,6,6,11,30,17.400000000000002,0,0,0,0,0,0,64.18
2008,6,6,12,30,19.3,28,49,263,263,28,49,54.61
2008,6,6,13,30,22.6,63,259,652,652,63,259,40.63
2008,6,6,14,30,25.6,81,496,815,815,81,496,30.07
2008,6,6,15,30,28.3,91,716,899,899,91,716,25.84
2008,6,6,16,30,30.6,98,896,944,944,98,896,23.29
2008,6,6,17,30,32.300000000000004,103,1020,968,763,261,984,20.53
2008,6,6,18,30,33.5,105,1079,978,798,231,1027,18.09
2008,6,6,19,30,34.2,105,1069,976,976,105,1069,16.17
2008,6,6,20,30,34.300000000000004,103,987,958,958,103,987,14.96
2008,6,6,21,30,34.1,99,846,928,928,99,846,14.09
2008,6,6,22,30,33.300000000000004,92,654,872,872,92,654,13.91
2008,6,6,23,30,32,81,427,768,768,81,427,14.25
2008,6,7,0,30,29.700000000000003,58,193,569,569,58,193,15.64
2008,6,7,1,30,27.200000000000003,12,13,60,0,6,6,18.18
2008,6,7,2,30,24.900000000000002,0,0,0,0,0,0,23.71
2008,6,7,3,30,22.5,0,0,0,0,0,0,37.97
2008,6,7,4,30,20.6,0,0,0,0,0,0,55.65
2008,6,7,5,30,19.400000000000002,0,0,0,0,0,0,66.84
2008,6,7,6,30,18.7,0,0,0,0,0,0,72.82000000000001
2008,6,7,7,30,18.1,0,0,0,0,0,0,77.48
2008,6,7,8,30,17.7,0,0,0,0,0,0,80.7
2008,6,7,9,30,17.3,0,0,0,0,0,0,83.31
2008,6,7,10,30,16.900000000000002,0,0,0,0,0,0,84.79
2008,6,7,11,30,16.7,0,0,0,0,0,0,84.61
2008,6,7,12,30,17.7,23,53,360,1,34,34,78.4
2008,6,7,13,30,20.1,49,264,718,270,139,220,64.87
2008,6,7,14,30,22.900000000000002,62,498,855,855,62,498,49.36
2008,6,7,15,30,25.5,70,711,922,922,70,711,37.28
2008,6,7,16,30,27.6,76,885,958,958,76,885,30.400000000000002
2008,6,7,17,30,29.1,79,1006,979,395,471,845,27.19
2008,6,7,18,30,29.8,92,1058,970,746,257,1000,26.080000000000002
2008,6,7,19,30,29.900000000000002,91,1046,967,82,508,589,25.96
2008,6,7,20,30,29.3,89,967,951,951,89,967,27.05
2008,6,7,21,30,28.3,78,831,934,0,248,248,29.19
2008,6,7,22,30,27.400000000000002,70,643,888,73,335,382,31.53
2008,6,7,23,30,26.200000000000003,59,424,808,1,147,147,34.78
2008,6,8,0,30,24.8,42,195,641,2,79,79,38.85
2008,6,8,1,30,23.400000000000002,11,14,166,0,6,6,43.730000000000004
2008,6,8,2,30,22.200000000000003,0,0,0,0,0,0,48.93
2008,6,8,3,30,21,0,0,0,0,0,0,54.46
2008,6,8,4,30,19.6,0,0,0,0,0,0,61.050000000000004
2008,6,8,5,30,18.3,0,0,0,0,0,0,67.53
2008,6,8,6,30,17.400000000000002,0,0,0,0,0,0,72.59
2008,6,8,7,30,16.900000000000002,0,0,0,0,0,0,76.49
2008,6,8,8,30,16.400000000000002,0,0,0,0,0,0,80.53
2008,6,8,9,30,16.1,0,0,0,0,0,0,83.55
2008,6,8,10,30,15.700000000000001,0,0,0,0,0,0,86.88
2008,6,8,11,30,15.700000000000001,0,0,0,0,0,0,87.2
2008,6,8,12,30,16.8,23,52,354,354,23,52,80.92
2008,6,8,13,30,19.1,50,257,694,694,50,257,68.35000000000001
2008,6,8,14,30,21.6,64,486,829,829,64,486,56.34
2008,6,8,15,30,24,73,699,901,194,382,517,46.18
2008,6,8,16,30,25.900000000000002,79,873,940,940,79,873,38.730000000000004
2008,6,8,17,30,27,83,994,962,1,347,348,34.87
2008,6,8,18,30,27.6,84,1053,973,573,302,873,33
2008,6,8,19,30,27.8,82,1044,973,973,82,1044,32.410000000000004
2008,6,8,20,30,27.6,78,968,964,964,78,968,32.95
2008,6,8,21,30,27.1,69,830,943,943,69,830,34.410000000000004
2008,6,8,22,30,26.200000000000003,62,644,901,901,62,644,37.06
2008,6,8,23,30,25,52,425,824,219,202,301,40.910000000000004
2008,6,9,0,30,23.6,39,197,664,11,89,92,46.1
2008,6,9,1,30,22.400000000000002,11,15,201,0,6,6,52.65
2008,6,9,2,30,21.3,0,0,0,0,0,0,60.27
2008,6,9,3,30,20.3,0,0,0,0,0,0,66.46000000000001
2008,6,9,4,30,18.900000000000002,0,0,0,0,0,0,73.23
2008,6,9,5,30,17.6,0,0,0,0,0,0,78.67
2008,6,9,6,30,16.400000000000002,0,0,0,0,0,0,83.98
2008,6,9,7,30,15.600000000000001,0,0,0,0,0,0,87.5
2008,6,9,8,30,15,0,0,0,0,0,0,90.07000000000001
2008,6,9,9,30,14.600000000000001,0,0,0,0,0,0,91.16
2008,6,9,10,30,14.4,0,0,0,0,0,0,90.84
2008,6,9,11,30,14.3,0,0,0,0,0,0,90.44
2008,6,9,12,30,14.9,22,52,360,0,19,19,86.51
2008,6,9,13,30,16.2,49,257,698,2,59,59,79.23
2008,6,9,14,30,18.2,63,486,831,0,73,73,68.93
2008,6,9,15,30,20.8,71,699,905,7,205,211,57.84
2008,6,9,16,30,23.200000000000003,75,873,946,176,389,537,49.88
2008,6,9,17,30,24.8,78,995,969,154,440,586,45.32
2008,6,9,18,30,25.700000000000003,82,1053,974,656,257,910,43.09
2008,6,9,19,30,25.8,83,1042,970,2,371,372,43.160000000000004
2008,6,9,20,30,25.1,81,966,957,21,408,427,45.03
2008,6,9,21,30,24.1,77,827,928,0,102,102,47.82
2008,6,9,22,30,22.8,70,642,883,0,29,29,52.52
2008,6,9,23,30,21.3,60,424,800,0,14,14,58.53
2008,6,10,0,30,19.700000000000003,45,196,629,0,16,16,66.54
2008,6,10,1,30,18.5,12,16,157,0,6,6,76.45
2008,6,10,2,30,17.900000000000002,0,0,0,0,0,0,82.98
2008,6,10,3,30,17.400000000000002,0,0,0,0,0,0,86.97
2008,6,10,4,30,17,0,0,0,0,0,0,89.44
2008,6,10,5,30,16.6,0,0,0,0,0,0,91.4
2008,6,10,6,30,16.2,0,0,0,0,0,0,92.76
2008,6,10,7,30,15.8,0,0,0,0,0,0,94.12
2008,6,10,8,30,15.5,0,0,0,0,0,0,95.24
2008,6,10,9,30,15.3,0,0,0,0,0,0,95.27
2008,6,10,10,30,15.100000000000001,0,0,0,0,0,0,94.86
2008,6,10,11,30,14.9,0,0,0,0,0,0,95.31
2008,6,10,12,30,15.3,23,53,367,0,17,17,92.21000000000001
2008,6,10,13,30,16.6,49,262,715,169,139,189,83.13
2008,6,10,14,30,18.400000000000002,63,493,846,413,183,392,71.01
2008,6,10,15,30,20.400000000000002,74,709,916,91,372,435,58.39
2008,6,10,16,30,22.1,81,887,956,320,376,646,48.82
2008,6,10,17,30,23.400000000000002,84,1010,978,484,320,779,42.37
2008,6,10,18,30,24.200000000000003,86,1070,988,791,138,926,38.26
2008,6,10,19,30,24.400000000000002,86,1061,986,107,492,598,36.19
2008,6,10,20,30,24.3,83,984,974,5,329,334,35.160000000000004
2008,6,10,21,30,23.8,78,846,951,321,358,617,35.22
2008,6,10,22,30,23.200000000000003,69,659,909,274,300,478,36
2008,6,10,23,30,22.3,58,437,831,26,191,202,38.19
2008,6,11,0,30,20.6,42,205,673,217,100,152,45.65
2008,6,11,1,30,18.900000000000002,12,17,205,0,8,8,57.82
2008,6,11,2,30,18.1,0,0,0,0,0,0,61.33
2008,6,11,3,30,17.5,0,0,0,0,0,0,64.16
2008,6,11,4,30,17,0,0,0,0,0,0,66.84
2008,6,11,5,30,16.6,0,0,0,0,0,0,69.12
2008,6,11,6,30,16.2,0,0,0,0,0,0,71.56
2008,6,11,7,30,15.700000000000001,0,0,0,0,0,0,75.13
2008,6,11,8,30,15.3,0,0,0,0,0,0,79.22
2008,6,11,9,30,14.9,0,0,0,0,0,0,84.14
2008,6,11,10,30,14.600000000000001,0,0,0,0,0,0,88.4
2008,6,11,11,30,14.5,0,0,0,0,0,0,90.56
2008,6,11,12,30,15.200000000000001,24,51,334,4,32,33,87.34
2008,6,11,13,30,17.1,53,259,691,384,115,230,76.78
2008,6,11,14,30,19.700000000000003,68,491,833,354,215,395,61.01
2008,6,11,15,30,22.3,78,704,904,623,205,637,47.75
2008,6,11,16,30,24.3,84,881,945,322,341,612,40.52
2008,6,11,17,30,25.8,89,1004,967,634,302,902,36.230000000000004
2008,6,11,18,30,26.6,99,1061,965,605,300,902,33.97
2008,6,11,19,30,27,98,1052,965,395,392,783,32.71
2008,6,11,20,30,26.900000000000002,94,979,957,276,416,671,32.67
2008,6,11,21,30,26.5,88,839,927,211,390,561,32.92
2008,6,11,22,30,25.8,81,651,878,22,269,283,33.81
2008,6,11,23,30,24.8,69,430,791,32,190,204,35.65
2008,6,12,0,30,23.200000000000003,50,199,612,0,31,31,39.78
2008,6,12,1,30,21.400000000000002,13,16,129,0,9,9,53.4
2008,6,12,2,30,20.1,0,0,0,0,0,0,57.09
2008,6,12,3,30,19,0,0,0,0,0,0,58.85
2008,6,12,4,30,17.8,0,0,0,0,0,0,63.04
2008,6,12,5,30,16.900000000000002,0,0,0,0,0,0,66.88
2008,6,12,6,30,16.2,0,0,0,0,0,0,70.16
2008,6,12,7,30,15.4,0,0,0,0,0,0,73.69
2008,6,12,8,30,14.700000000000001,0,0,0,0,0,0,76.8
2008,6,12,9,30,14.200000000000001,0,0,0,0,0,0,79.01
2008,6,12,10,30,13.8,0,0,0,0,0,0,80.85000000000001
2008,6,12,11,30,13.9,0,0,0,0,0,0,80.28
2008,6,12,12,30,15.8,24,51,336,0,20,20,71.28
2008,6,12,13,30,19.6,53,261,699,0,47,47,55.96
2008,6,12,14,30,23.3,68,497,844,191,280,377,42.02
2008,6,12,15,30,25.700000000000003,77,715,921,921,77,715,34.68
2008,6,12,16,30,27.5,84,894,961,961,84,894,29.8
2008,6,12,17,30,28.900000000000002,88,1021,986,986,88,1021,26.29
2008,6,12,18,30,30,91,1081,995,995,91,1081,23.53
2008,6,12,19,30,30.700000000000003,90,1073,994,994,90,1073,21.46
2008,6,12,20,30,30.900000000000002,88,993,978,529,406,896,20.18
2008,6,12,21,30,30.700000000000003,83,854,952,0,186,186,19.5
2008,6,12,22,30,30,76,664,905,116,374,450,19.55
2008,6,12,23,30,28.700000000000003,65,441,822,454,199,407,20.38
2008,6,13,0,30,26.1,48,207,654,654,48,207,23.27
2008,6,13,1,30,23,13,18,166,166,13,18,33.39
2008,6,13,2,30,21.5,0,0,0,0,0,0,37.2
2008,6,13,3,30,20.700000000000003,0,0,0,0,0,0,38.01
2008,6,13,4,30,19.6,0,0,0,0,0,0,42.04
2008,6,13,5,30,18.6,0,0,0,0,0,0,49.410000000000004
2008,6,13,6,30,17.7,0,0,0,0,0,0,57.57
2008,6,13,7,30,16.900000000000002,0,0,0,0,0,0,64.98
2008,6,13,8,30,16.2,0,0,0,0,0,0,73.13
2008,6,13,9,30,15.600000000000001,0,0,0,0,0,0,79.98
2008,6,13,10,30,15.100000000000001,0,0,0,0,0,0,85.16
2008,6,13,11,30,15,0,0,0,0,0,0,87.22
2008,6,13,12,30,16.5,24,52,354,354,24,52,80.31
2008,6,13,13,30,19.8,51,264,717,717,51,264,65.57000000000001
2008,6,13,14,30,23.200000000000003,64,498,857,857,64,498,50.95
2008,6,13,15,30,25.900000000000002,73,716,928,928,73,716,38.87
2008,6,13,16,30,27.900000000000002,79,894,966,966,79,894,30.96
2008,6,13,17,30,29.400000000000002,84,1018,987,987,84,1018,26.67
2008,6,13,18,30,30.400000000000002,86,1076,994,994,86,1076,24.34
2008,6,13,19,30,31,87,1067,991,721,294,1008,22.92
2008,6,13,20,30,31.1,86,988,975,0,245,245,22.25
2008,6,13,21,30,30.8,86,849,942,0,228,228,22.05
2008,6,13,22,30,30,79,658,891,0,167,167,22.75
2008,6,13,23,30,28.8,69,436,802,284,201,331,24.11
2008,6,14,0,30,26.700000000000003,50,204,627,627,50,204,27.14
2008,6,14,1,30,24.6,14,18,141,0,10,10,33.74
2008,6,14,2,30,23.700000000000003,0,0,0,0,0,0,37.49
2008,6,14,3,30,23.1,0,0,0,0,0,0,38.64
2008,6,14,4,30,22.400000000000002,0,0,0,0,0,0,40.26
2008,6,14,5,30,21.400000000000002,0,0,0,0,0,0,43.36
2008,6,14,6,30,20.1,0,0,0,0,0,0,47.99
2008,6,14,7,30,18.7,0,0,0,0,0,0,54.86
2008,6,14,8,30,17.400000000000002,0,0,0,0,0,0,63.5
2008,6,14,9,30,16.400000000000002,0,0,0,0,0,0,71.75
2008,6,14,10,30,15.700000000000001,0,0,0,0,0,0,78.63
2008,6,14,11,30,15.3,0,0,0,0,0,0,83.39
2008,6,14,12,30,16.5,24,52,357,357,24,52,78.8
2008,6,14,13,30,19.400000000000002,50,265,725,725,50,265,63.11
2008,6,14,14,30,22.6,62,499,863,863,62,499,47.6
2008,6,14,15,30,25.1,71,716,932,932,71,716,37.87
2008,6,14,16,30,27,77,894,971,971,77,894,31.26
2008,6,14,17,30,28.400000000000002,82,1019,991,991,82,1019,27.09
2008,6,14,18,30,29.5,93,1074,985,985,93,1074,24.560000000000002
2008,6,14,19,30,30.200000000000003,92,1066,985,985,92,1066,23.16
2008,6,14,20,30,30.5,89,988,970,970,89,988,22.43
2008,6,14,21,30,30.200000000000003,89,849,937,937,89,849,22.51
2008,6,14,22,30,29.5,82,660,887,887,82,660,23.03
2008,6,14,23,30,28.3,71,437,799,799,71,437,24.05
2008,6,15,0,30,26.3,52,204,616,616,52,204,26.46
2008,6,15,1,30,24.200000000000003,14,18,124,124,14,18,32.07
2008,6,15,2,30,23.1,0,0,0,0,0,0,36.34
2008,6,15,3,30,22.400000000000002,0,0,0,0,0,0,39.82
2008,6,15,4,30,21.700000000000003,0,0,0,0,0,0,44.06
2008,6,15,5,30,20.5,0,0,0,0,0,0,49.99
2008,6,15,6,30,18.900000000000002,0,0,0,0,0,0,58.99
2008,6,15,7,30,17.400000000000002,0,0,0,0,0,0,67.96000000000001
2008,6,15,8,30,16.400000000000002,0,0,0,0,0,0,74.31
2008,6,15,9,30,15.700000000000001,0,0,0,0,0,0,79.39
2008,6,15,10,30,15.100000000000001,0,0,0,0,0,0,83.7
2008,6,15,11,30,14.9,0,0,0,0,0,0,85.69
2008,6,15,12,30,16.400000000000002,24,50,327,327,24,50,78.31
2008,6,15,13,30,19.400000000000002,53,260,698,698,53,260,62.88
2008,6,15,14,30,22.5,66,493,845,845,66,493,48.35
2008,6,15,15,30,24.700000000000003,71,710,924,924,71,710,40.15
2008,6,15,16,30,26.400000000000002,76,891,968,968,76,891,34.53
2008,6,15,17,30,27.8,78,1015,991,991,78,1015,30.54
2008,6,15,18,30,28.900000000000002,82,1075,997,997,82,1075,27.76
2008,6,15,19,30,29.6,81,1068,997,997,81,1068,25.740000000000002
2008,6,15,20,30,29.900000000000002,79,992,986,986,79,992,24.490000000000002
2008,6,15,21,30,29.8,74,855,962,962,74,855,23.75
2008,6,15,22,30,29.3,68,667,918,918,68,667,23.7
2008,6,15,23,30,28.200000000000003,59,443,836,836,59,443,24.64
2008,6,16,0,30,26.200000000000003,44,210,672,672,44,210,27.16
2008,6,16,1,30,24.200000000000003,13,20,198,198,13,20,33.22
2008,6,16,2,30,23.200000000000003,0,0,0,0,0,0,36.230000000000004
2008,6,16,3,30,22.6,0,0,0,0,0,0,36.75
2008,6,16,4,30,21.700000000000003,0,0,0,0,0,0,39.18
2008,6,16,5,30,20.700000000000003,0,0,0,0,0,0,43.94
2008,6,16,6,30,19.700000000000003,0,0,0,0,0,0,49.980000000000004
2008,6,16,7,30,18.7,0,0,0,0,0,0,55.99
2008,6,16,8,30,17.900000000000002,0,0,0,0,0,0,60.96
2008,6,16,9,30,17,0,0,0,0,0,0,66.81
2008,6,16,10,30,16,0,0,0,0,0,0,74.16
2008,6,16,11,30,15.700000000000001,0,0,0,0,0,0,78.06
2008,6,16,12,30,17.400000000000002,23,52,365,365,23,52,71.58
2008,6,16,13,30,20.900000000000002,49,266,731,731,49,266,56.84
2008,6,16,14,30,24.200000000000003,63,502,869,869,63,502,40.11
2008,6,16,15,30,26.400000000000002,72,723,942,942,72,723,29.1
2008,6,16,16,30,28,78,903,980,980,78,903,24.23
2008,6,16,17,30,29.3,82,1028,1001,1001,82,1028,21.47
2008,6,16,18,30,30.3,89,1085,1001,1001,89,1085,19.81
2008,6,16,19,30,30.900000000000002,88,1075,997,997,88,1075,19.09
2008,6,16,20,30,31.1,86,999,985,985,86,999,18.87
2008,6,16,21,30,30.900000000000002,80,858,959,959,80,858,18.990000000000002
2008,6,16,22,30,30.3,73,668,910,910,73,668,19.37
2008,6,16,23,30,29.200000000000003,64,445,827,827,64,445,20.07
2008,6,17,0,30,26.900000000000002,48,210,653,653,48,210,22.32
2008,6,17,1,30,24.3,14,20,176,176,14,20,28.64
2008,6,17,2,30,22.900000000000002,0,0,0,0,0,0,30.91
2008,6,17,3,30,21.8,0,0,0,0,0,0,31.240000000000002
2008,6,17,4,30,20.5,0,0,0,0,0,0,35.25
2008,6,17,5,30,19.200000000000003,0,0,0,0,0,0,42.36
2008,6,17,6,30,18.3,0,0,0,0,0,0,48.96
2008,6,17,7,30,17.5,0,0,0,0,0,0,55.36
2008,6,17,8,30,16.6,0,0,0,0,0,0,64.95
2008,6,17,9,30,15.9,0,0,0,0,0,0,74.88
2008,6,17,10,30,15.3,0,0,0,0,0,0,82.93
2008,6,17,11,30,15.3,0,0,0,0,0,0,85.84
2008,6,17,12,30,17.3,24,50,327,327,24,50,76.8
2008,6,17,13,30,20.700000000000003,55,259,691,691,55,259,61.480000000000004
2008,6,17,14,30,24.1,70,494,841,841,70,494,46.9
2008,6,17,15,30,26.700000000000003,80,712,915,915,80,712,35.17
2008,6,17,16,30,28.400000000000002,87,893,959,959,87,893,28.02
2008,6,17,17,30,29.8,92,1018,981,981,92,1018,23.03
2008,6,17,18,30,30.8,92,1080,992,992,92,1080,20.05
2008,6,17,19,30,31.400000000000002,92,1073,992,992,92,1073,18.14
2008,6,17,20,30,31.6,88,998,981,981,88,998,16.88
2008,6,17,21,30,31.400000000000002,80,861,962,962,80,861,16.09
2008,6,17,22,30,30.8,72,675,923,923,72,675,15.51
2008,6,17,23,30,29.700000000000003,61,452,848,848,61,452,15.16
2008,6,18,0,30,26.8,45,216,688,688,45,216,16.830000000000002
2008,6,18,1,30,23.5,14,21,215,215,14,21,26.6
2008,6,18,2,30,21.8,0,0,0,0,0,0,31.34
2008,6,18,3,30,20.8,0,0,0,0,0,0,32.47
2008,6,18,4,30,19.5,0,0,0,0,0,0,34.730000000000004
2008,6,18,5,30,18.2,0,0,0,0,0,0,40.17
2008,6,18,6,30,17.400000000000002,0,0,0,0,0,0,47.56
2008,6,18,7,30,16.6,0,0,0,0,0,0,59.78
2008,6,18,8,30,15.9,0,0,0,0,0,0,71.96000000000001
2008,6,18,9,30,15.100000000000001,0,0,0,0,0,0,81.17
2008,6,18,10,30,14.5,0,0,0,0,0,0,87.2
2008,6,18,11,30,14.4,0,0,0,0,0,0,89.39
2008,6,18,12,30,16.2,26,48,281,281,26,48,80.63
2008,6,18,13,30,19.900000000000002,60,255,662,662,60,255,63.17
2008,6,18,14,30,23.700000000000003,76,489,819,819,76,489,42.09
2008,6,18,15,30,26.5,86,709,903,903,86,709,28.02
2008,6,18,16,30,28.400000000000002,90,891,953,953,90,891,23.89
2008,6,18,17,30,29.900000000000002,92,1018,981,981,92,1018,21.79
2008,6,18,18,30,31,100,1079,983,983,100,1079,19.79
2008,6,18,19,30,31.8,101,1068,977,977,101,1068,17.86
2008,6,18,20,30,32,103,986,952,952,103,986,16.88
2008,6,18,21,30,31.700000000000003,107,841,903,903,107,841,16.84
2008,6,18,22,30,30.6,112,644,812,812,112,644,18.37
2008,6,18,23,30,28.900000000000002,103,420,685,450,190,398,21.51
2008,6,19,0,30,26.700000000000003,75,192,467,467,75,192,26.11
2008,6,19,1,30,24.5,15,17,55,55,15,17,31.76
2008,6,19,2,30,22.900000000000002,0,0,0,0,0,0,37.47
2008,6,19,3,30,21.6,0,0,0,0,0,0,41.6
2008,6,19,4,30,20.400000000000002,0,0,0,0,0,0,45.53
2008,6,19,5,30,19.400000000000002,0,0,0,0,0,0,49.03
2008,6,19,6,30,18.6,0,0,0,0,0,0,51.95
2008,6,19,7,30,17.900000000000002,0,0,0,0,0,0,54.03
2008,6,19,8,30,17.400000000000002,0,0,0,0,0,0,55.160000000000004
2008,6,19,9,30,16.900000000000002,0,0,0,0,0,0,56.42
2008,6,19,10,30,16.5,0,0,0,0,0,0,57.480000000000004
2008,6,19,11,30,16.7,0,0,0,0,0,0,56.24
2008,6,19,12,30,18.8,24,49,316,316,24,49,50.61
2008,6,19,13,30,22.6,54,260,701,701,54,260,40.53
2008,6,19,14,30,25.700000000000003,67,498,855,855,67,498,32.17
2008,6,19,15,30,27.6,76,719,933,933,76,719,26.64
2008,6,19,16,30,29.200000000000003,81,900,975,975,81,900,22.59
2008,6,19,17,30,30.5,84,1026,997,997,84,1026,19.79
2008,6,19,18,30,31.400000000000002,84,1089,1010,1010,84,1089,17.990000000000002
2008,6,19,19,30,32,85,1079,1004,1004,85,1079,16.8
2008,6,19,20,30,32.2,86,1000,986,986,86,1000,16.25
2008,6,19,21,30,32,88,858,946,946,88,858,16.26
2008,6,19,22,30,31.400000000000002,85,666,888,888,85,666,16.75
2008,6,19,23,30,30.200000000000003,77,440,783,783,77,440,17.78
2008,6,20,0,30,27.700000000000003,59,206,586,586,59,206,20.63
2008,6,20,1,30,24.8,16,20,116,116,16,20,28.97
2008,6,20,2,30,23.200000000000003,0,0,0,0,0,0,33.08
2008,6,20,3,30,22,0,0,0,0,0,0,35.75
2008,6,20,4,30,21,0,0,0,0,0,0,39.13
2008,6,20,5,30,20.200000000000003,0,0,0,0,0,0,42.38
2008,6,20,6,30,19.3,0,0,0,0,0,0,47.52
2008,6,20,7,30,18.400000000000002,0,0,0,0,0,0,54.97
2008,6,20,8,30,17.6,0,0,0,0,0,0,61.620000000000005
2008,6,20,9,30,16.900000000000002,0,0,0,0,0,0,65.93
2008,6,20,10,30,16.400000000000002,0,0,0,0,0,0,67.84
2008,6,20,11,30,16.400000000000002,0,0,0,0,0,0,66.99
2008,6,20,12,30,18.2,27,45,227,227,27,45,59.24
2008,6,20,13,30,21.8,70,245,600,600,70,245,47.160000000000004
2008,6,20,14,30,25.3,92,474,761,761,92,474,35.92
2008,6,20,15,30,27.700000000000003,105,688,846,846,105,688,28.93
2008,6,20,16,30,28.8,121,861,882,882,121,861,26.900000000000002
2008,6,20,17,30,29.200000000000003,139,979,889,889,139,979,26.79
2008,6,20,18,30,29.1,145,1040,899,899,145,1040,27.35
2008,6,20,19,30,28.700000000000003,153,1028,884,113,529,640,28.150000000000002
2008,6,20,20,30,27.900000000000002,155,952,858,125,467,583,29.830000000000002
2008,6,20,21,30,26.700000000000003,148,816,821,24,340,360,32.31
2008,6,20,22,30,25.5,129,636,773,21,276,290,34.89
2008,6,20,23,30,24.200000000000003,103,421,685,0,48,48,37.68
2008,6,21,0,30,22.700000000000003,70,197,506,506,70,197,40.78
2008,6,21,1,30,21,16,19,91,1,15,15,45.08
2008,6,21,2,30,19.700000000000003,0,0,0,0,0,0,48.61
2008,6,21,3,30,18.8,0,0,0,0,0,0,50.33
2008,6,21,4,30,18.5,0,0,0,0,0,0,50.45
2008,6,21,5,30,18.7,0,0,0,0,0,0,49.96
2008,6,21,6,30,18.6,0,0,0,0,0,0,51.78
2008,6,21,7,30,17.7,0,0,0,0,0,0,57.79
2008,6,21,8,30,16.7,0,0,0,0,0,0,65.55
2008,6,21,9,30,16,0,0,0,0,0,0,73.4
2008,6,21,10,30,15.200000000000001,0,0,0,0,0,0,82.17
2008,6,21,11,30,15.100000000000001,0,0,0,0,0,0,86.67
2008,6,21,12,30,16.8,28,44,215,215,28,44,80.25
2008,6,21,13,30,19.400000000000002,70,245,600,146,157,200,67.14
2008,6,21,14,30,21.8,90,479,774,774,90,479,52.53
2008,6,21,15,30,23.700000000000003,103,696,861,861,103,696,43.25
2008,6,21,16,30,25.400000000000002,111,876,912,912,111,876,37.34
2008,6,21,17,30,26.900000000000002,113,1002,943,943,113,1002,32.75
2008,6,21,18,30,27.8,116,1062,951,951,116,1062,29.740000000000002
2008,6,21,19,30,28.3,115,1053,948,178,546,723,28.01
2008,6,21,20,30,28.200000000000003,114,976,929,929,114,976,27.41
2008,6,21,21,30,27.700000000000003,119,834,878,878,119,834,27.990000000000002
2008,6,21,22,30,26.5,109,646,818,818,109,646,30.19
2008,6,21,23,30,24.8,95,424,708,36,246,262,34.54
2008,6,22,0,30,23,70,196,500,0,17,17,40.47
2008,6,22,1,30,21.700000000000003,16,19,71,0,14,14,45.42
2008,6,22,2,30,20.700000000000003,0,0,0,0,0,0,49.160000000000004
2008,6,22,3,30,19.900000000000002,0,0,0,0,0,0,51.65
2008,6,22,4,30,19.1,0,0,0,0,0,0,53.92
2008,6,22,5,30,18.2,0,0,0,0,0,0,56.77
2008,6,22,6,30,17.3,0,0,0,0,0,0,60.19
2008,6,22,7,30,16.2,0,0,0,0,0,0,65.26
2008,6,22,8,30,15.3,0,0,0,0,0,0,70.37
2008,6,22,9,30,14.5,0,0,0,0,0,0,75.46000000000001
2008,6,22,10,30,13.9,0,0,0,0,0,0,79.66
2008,6,22,11,30,13.8,0,0,0,0,0,0,81.3
2008,6,22,12,30,15.4,25,46,272,0,29,29,74.45
2008,6,22,13,30,18,58,251,660,660,58,251,64.1
2008,6,22,14,30,20.400000000000002,74,484,818,156,245,323,51.44
2008,6,22,15,30,22.5,85,700,894,324,295,518,42.38
2008,6,22,16,30,24.400000000000002,94,876,933,547,280,739,36.22
2008,6,22,17,30,25.8,99,999,953,953,99,999,32.29
2008,6,22,18,30,26.8,115,1054,944,126,530,655,29.71
2008,6,22,19,30,27.200000000000003,118,1047,939,939,118,1047,28.61
2008,6,22,20,30,27,117,970,918,918,117,970,28.87
2008,6,22,21,30,26.400000000000002,109,836,892,481,367,759,29.79
2008,6,22,22,30,25.8,96,652,846,0,207,207,30.19
2008,6,22,23,30,25.1,80,434,760,217,246,347,30.59
2008,6,23,0,30,23.900000000000002,58,206,587,587,58,206,31.92
2008,6,23,1,30,22.6,16,21,131,131,16,21,34.57
2008,6,23,2,30,21.6,0,0,0,0,0,0,37.6
2008,6,23,3,30,20.700000000000003,0,0,0,0,0,0,41.050000000000004
2008,6,23,4,30,19.700000000000003,0,0,0,0,0,0,45.39
2008,6,23,5,30,18.8,0,0,0,0,0,0,49.620000000000005
2008,6,23,6,30,17.7,0,0,0,0,0,0,54.65
2008,6,23,7,30,16.6,0,0,0,0,0,0,60.160000000000004
2008,6,23,8,30,15.600000000000001,0,0,0,0,0,0,66.62
2008,6,23,9,30,14.700000000000001,0,0,0,0,0,0,73.71000000000001
2008,6,23,10,30,13.9,0,0,0,0,0,0,80.65
2008,6,23,11,30,13.700000000000001,0,0,0,0,0,0,84.11
2008,6,23,12,30,15.100000000000001,26,44,250,250,26,44,78.38
2008,6,23,13,30,18,61,247,639,639,61,247,64.31
2008,6,23,14,30,20.900000000000002,79,479,799,799,79,479,50.53
2008,6,23,15,30,23.200000000000003,91,695,880,880,91,695,41.95
2008,6,23,16,30,25,97,875,928,928,97,875,36.230000000000004
2008,6,23,17,30,26.5,100,1001,955,955,100,1001,31.84
2008,6,23,18,30,27.6,110,1061,956,773,239,1008,28.8
2008,6,23,19,30,28.3,108,1053,954,954,108,1053,26.86
2008,6,23,20,30,28.700000000000003,105,980,942,942,105,980,25.48
2008,6,23,21,30,28.700000000000003,91,847,928,928,91,847,24.71
2008,6,23,22,30,28.1,82,662,881,881,82,662,24.73
2008,6,23,23,30,27.1,71,441,794,794,71,441,25.41
2008,6,24,0,30,25.400000000000002,53,210,620,620,53,210,27.43
2008,6,24,1,30,23.6,16,22,161,0,12,12,31.38
2008,6,24,2,30,22.3,0,0,0,0,0,0,34.14
2008,6,24,3,30,21.3,0,0,0,0,0,0,35.35
2008,6,24,4,30,20.200000000000003,0,0,0,0,0,0,38.57
2008,6,24,5,30,19.400000000000002,0,0,0,0,0,0,42.02
2008,6,24,6,30,18.7,0,0,0,0,0,0,46.050000000000004
2008,6,24,7,30,17.6,0,0,0,0,0,0,55.82
2008,6,24,8,30,16.5,0,0,0,0,0,0,66.94
2008,6,24,9,30,15.600000000000001,0,0,0,0,0,0,76.07000000000001
2008,6,24,10,30,14.9,0,0,0,0,0,0,82.67
2008,6,24,11,30,14.600000000000001,0,0,0,0,0,0,85.99
2008,6,24,12,30,15.700000000000001,26,43,234,234,26,43,80.65
2008,6,24,13,30,18.6,64,244,624,624,64,244,64.52
2008,6,24,14,30,21.6,80,476,792,792,80,476,48.120000000000005
2008,6,24,15,30,23.900000000000002,87,696,887,887,87,696,39.51
2008,6,24,16,30,25.5,92,875,935,935,92,875,34.56
2008,6,24,17,30,26.900000000000002,95,1004,965,965,95,1004,30.25
2008,6,24,18,30,28.200000000000003,96,1068,976,976,96,1068,26.6
2008,6,24,19,30,29.1,97,1061,974,974,97,1061,24.12
2008,6,24,20,30,29.6,95,990,963,15,453,467,22.37
2008,6,24,21,30,29.700000000000003,87,853,939,0,245,246,21.36
2008,6,24,22,30,29.3,81,667,890,890,81,667,21.06
2008,6,24,23,30,28.3,71,445,801,174,256,337,21.68
2008,6,25,0,30,26.200000000000003,54,211,620,620,54,211,24.46
2008,6,25,1,30,24.1,16,22,145,0,14,14,30.59
2008,6,25,2,30,23.3,0,0,0,0,0,0,32.97
2008,6,25,3,30,22.5,0,0,0,0,0,0,34.9
2008,6,25,4,30,21.1,0,0,0,0,0,0,41.37
2008,6,25,5,30,19.5,0,0,0,0,0,0,52.09
2008,6,25,6,30,18.1,0,0,0,0,0,0,62.06
2008,6,25,7,30,17,0,0,0,0,0,0,69.78
2008,6,25,8,30,16.1,0,0,0,0,0,0,76.07000000000001
2008,6,25,9,30,15.200000000000001,0,0,0,0,0,0,81.95
2008,6,25,10,30,14.600000000000001,0,0,0,0,0,0,86.07000000000001
2008,6,25,11,30,14.3,0,0,0,0,0,0,88.02
2008,6,25,12,30,15.4,24,44,281,281,24,44,81.61
2008,6,25,13,30,18.2,54,250,679,679,54,250,63.870000000000005
2008,6,25,14,30,21.6,70,485,832,832,70,485,46.18
2008,6,25,15,30,24.6,79,702,908,908,79,702,34.85
2008,6,25,16,30,26.8,85,881,951,951,85,881,28.86
2008,6,25,17,30,28.400000000000002,90,1008,975,975,90,1008,25.47
2008,6,25,18,30,29.5,107,1070,968,968,107,1070,23.19
2008,6,25,19,30,30.200000000000003,105,1065,969,969,105,1065,21.44
2008,6,25,20,30,30.5,101,992,958,762,251,960,20.07
2008,6,25,21,30,30.400000000000002,93,856,935,935,93,856,19.150000000000002
2008,6,25,22,30,29.8,85,670,888,888,85,670,18.71
2008,6,25,23,30,28.6,73,449,804,804,73,449,18.98
2008,6,26,0,30,26.3,55,214,623,623,55,214,20.88
2008,6,26,1,30,23.700000000000003,17,22,143,143,17,22,26.900000000000002
2008,6,26,2,30,22.200000000000003,0,0,0,0,0,0,29.79
2008,6,26,3,30,21.1,0,0,0,0,0,0,31.45
2008,6,26,4,30,19.700000000000003,0,0,0,0,0,0,36.74
2008,6,26,5,30,18.2,0,0,0,0,0,0,48.1
2008,6,26,6,30,17,0,0,0,0,0,0,60.13
2008,6,26,7,30,16,0,0,0,0,0,0,68.83
2008,6,26,8,30,15.100000000000001,0,0,0,0,0,0,75.42
2008,6,26,9,30,14.4,0,0,0,0,0,0,80.26
2008,6,26,10,30,13.9,0,0,0,0,0,0,83.64
2008,6,26,11,30,13.700000000000001,0,0,0,0,0,0,84.97
2008,6,26,12,30,15,25,42,234,234,25,42,78.15
2008,6,26,13,30,18.400000000000002,61,245,639,639,61,245,61.46
2008,6,26,14,30,22.5,79,477,800,800,79,477,44.06
2008,6,26,15,30,25.8,90,694,881,881,90,694,31.52
2008,6,26,16,30,27.8,98,876,930,930,98,876,26.2
2008,6,26,17,30,29.3,103,1003,956,956,103,1003,23.26
2008,6,26,18,30,30.400000000000002,102,1068,971,971,102,1068,21.26
2008,6,26,19,30,31,100,1063,972,972,100,1063,20.06
2008,6,26,20,30,31.200000000000003,97,990,961,961,97,990,19.22
2008,6,26,21,30,31,93,854,932,932,93,854,18.85
2008,6,26,22,30,30.400000000000002,86,668,884,884,86,668,18.93
2008,6,26,23,30,29.200000000000003,75,446,794,794,75,446,19.73
2008,6,27,0,30,27,56,213,612,612,56,213,21.94
2008,6,27,1,30,24.400000000000002,17,22,136,136,17,22,27.87
2008,6,27,2,30,22.900000000000002,0,0,0,0,0,0,31.51
2008,6,27,3,30,22,0,0,0,0,0,0,33.47
2008,6,27,4,30,21.1,0,0,0,0,0,0,36.28
2008,6,27,5,30,20.3,0,0,0,0,0,0,39.980000000000004
2008,6,27,6,30,19.200000000000003,0,0,0,0,0,0,48.4
2008,6,27,7,30,18.400000000000002,0,0,0,0,0,0,56.95
2008,6,27,8,30,17.8,0,0,0,0,0,0,63.27
2008,6,27,9,30,17.400000000000002,0,0,0,0,0,0,67.19
2008,6,27,10,30,17.1,0,0,0,0,0,0,69.84
2008,6,27,11,30,16.900000000000002,0,0,0,0,0,0,72.55
2008,6,27,12,30,18.1,25,41,233,233,25,41,70.09
2008,6,27,13,30,20.900000000000002,60,243,635,635,60,243,61.410000000000004
2008,6,27,14,30,24.1,77,474,799,799,77,474,49.06
2008,6,27,15,30,26.8,89,691,879,879,89,691,36.1
2008,6,27,16,30,28.700000000000003,98,867,920,920,98,867,28.8
2008,6,27,17,30,30.1,105,992,942,730,268,955,25.37
2008,6,27,18,30,30.8,125,1050,930,369,393,760,23.400000000000002
2008,6,27,19,30,31.1,131,1040,918,722,278,994,22.22
2008,6,27,20,30,31.200000000000003,133,966,895,895,133,966,21.53
2008,6,27,21,30,30.6,128,830,860,860,128,830,21.86
2008,6,27,22,30,29.8,115,646,805,805,115,646,22.650000000000002
2008,6,27,23,30,28.6,95,429,714,442,217,424,24.080000000000002
2008,6,28,0,30,27,66,203,536,536,66,203,26.240000000000002
2008,6,28,1,30,25.200000000000003,17,21,95,1,16,16,30.01
2008,6,28,2,30,24,0,0,0,0,0,0,33.61
2008,6,28,3,30,23.200000000000003,0,0,0,0,0,0,35.68
2008,6,28,4,30,22.400000000000002,0,0,0,0,0,0,38.18
2008,6,28,5,30,21.5,0,0,0,0,0,0,41.38
2008,6,28,6,30,20.5,0,0,0,0,0,0,45.480000000000004
2008,6,28,7,30,19.400000000000002,0,0,0,0,0,0,52.14
2008,6,28,8,30,18.400000000000002,0,0,0,0,0,0,58.61
2008,6,28,9,30,17.6,0,0,0,0,0,0,63.730000000000004
2008,6,28,10,30,16.900000000000002,0,0,0,0,0,0,68
2008,6,28,11,30,16.7,0,0,0,0,0,0,69.78
2008,6,28,12,30,17.8,24,40,232,3,28,28,65.97
2008,6,28,13,30,20.1,61,237,614,614,61,237,57.93
2008,6,28,14,30,21.900000000000002,85,460,757,757,85,460,51.18
2008,6,28,15,30,22.700000000000003,106,669,823,823,106,669,47.13
2008,6,28,16,30,23,125,843,860,860,125,843,45.69
2008,6,28,17,30,23.8,129,968,891,891,129,968,43.06
2008,6,28,18,30,24.6,138,1031,898,898,138,1031,40
2008,6,28,19,30,25,136,1029,902,770,218,981,38.14
2008,6,28,20,30,24.900000000000002,129,959,892,277,436,693,37.74
2008,6,28,21,30,24.5,114,828,873,146,359,479,38.21
2008,6,28,22,30,23.900000000000002,102,647,826,483,237,556,39.38
2008,6,28,23,30,23.200000000000003,87,430,732,172,228,309,40.93
2008,6,29,0,30,22.200000000000003,63,203,545,4,72,73,43.57
2008,6,29,1,30,21.1,17,21,101,0,10,10,47.1
2008,6,29,2,30,20.200000000000003,0,0,0,0,0,0,50.26
2008,6,29,3,30,19.5,0,0,0,0,0,0,52.84
2008,6,29,4,30,19.200000000000003,0,0,0,0,0,0,53.96
2008,6,29,5,30,18.8,0,0,0,0,0,0,55.31
2008,6,29,6,30,18.2,0,0,0,0,0,0,57.59
2008,6,29,7,30,17.6,0,0,0,0,0,0,60.13
2008,6,29,8,30,16.900000000000002,0,0,0,0,0,0,63.14
2008,6,29,9,30,16.1,0,0,0,0,0,0,66.58
2008,6,29,10,30,15.5,0,0,0,0,0,0,69.42
2008,6,29,11,30,15.3,0,0,0,0,0,0,70.98
2008,6,29,12,30,16.6,25,38,189,189,25,38,66.6
2008,6,29,13,30,19.1,66,234,590,43,157,169,59.300000000000004
2008,6,29,14,30,21.700000000000003,87,462,758,758,87,462,49.83
2008,6,29,15,30,24,100,679,847,847,100,679,40.76
2008,6,29,16,30,25.900000000000002,108,858,898,898,108,858,34.56
2008,6,29,17,30,27.400000000000002,111,988,931,931,111,988,30.23
2008,6,29,18,30,28.400000000000002,130,1046,922,922,130,1046,27.51
2008,6,29,19,30,28.900000000000002,133,1040,916,0,173,173,25.93
2008,6,29,20,30,28.900000000000002,131,968,899,899,131,968,25.330000000000002
2008,6,29,21,30,28.5,121,835,873,26,403,425,25.69
2008,6,29,22,30,27.700000000000003,113,649,811,308,347,550,26.810000000000002
2008,6,29,23,30,26.5,98,428,702,99,269,316,28.84
2008,6,30,0,30,25.200000000000003,71,200,502,65,142,159,31.5
2008,6,30,1,30,24,18,20,57,0,9,9,34.62
2008,6,30,2,30,23.200000000000003,0,0,0,0,0,0,37
2008,6,30,3,30,22.5,0,0,0,0,0,0,39.28
2008,6,30,4,30,21.6,0,0,0,0,0,0,42.46
2008,6,30,5,30,20.200000000000003,0,0,0,0,0,0,48.97
2008,6,30,6,30,18.400000000000002,0,0,0,0,0,0,59.38
2008,6,30,7,30,16.900000000000002,0,0,0,0,0,0,69.95
2008,6,30,8,30,15.9,0,0,0,0,0,0,77.31
2008,6,30,9,30,15.100000000000001,0,0,0,0,0,0,82.9
2008,6,30,10,30,14.600000000000001,0,0,0,0,0,0,86.23
2008,6,30,11,30,14.4,0,0,0,0,0,0,87.2
2008,6,30,12,30,15.4,23,39,232,232,23,39,80.96000000000001
2008,6,30,13,30,17.6,56,239,644,9,134,136,68.4
2008,6,30,14,30,20.3,73,469,803,145,274,346,55.17
2008,6,30,15,30,22.900000000000002,82,685,884,1,244,245,44.95
2008,6,30,16,30,25.200000000000003,87,863,929,56,419,466,37.67
2008,6,30,17,30,26.900000000000002,90,990,957,31,465,494,32.96
2008,6,30,18,30,28,91,1051,965,752,247,994,30.1
2008,6,30,19,30,28.400000000000002,91,1047,965,965,91,1047,28.96
2008,6,30,20,30,28,89,974,950,2,375,377,29.39
2008,6,30,21,30,27.3,85,841,923,1,265,266,30.830000000000002
2008,6,30,22,30,26.400000000000002,79,655,871,233,354,508,33
2008,6,30,23,30,25.200000000000003,71,436,778,7,192,195,36.13
2008,7,1,0,30,23.900000000000002,56,206,585,30,135,142,40.09
2008,7,1,1,30,22.700000000000003,17,21,114,0,9,9,44.75
2008,7,1,2,30,21.700000000000003,0,0,0,0,0,0,49.45
2008,7,1,3,30,20.8,0,0,0,0,0,0,54.28
2008,7,1,4,30,19.900000000000002,0,0,0,0,0,0,59.29
2008,7,1,5,30,18.7,0,0,0,0,0,0,65.85
2008,7,1,6,30,17.5,0,0,0,0,0,0,72.81
2008,7,1,7,30,16.5,0,0,0,0,0,0,78.3
2008,7,1,8,30,15.700000000000001,0,0,0,0,0,0,81.56
2008,7,1,9,30,15.200000000000001,0,0,0,0,0,0,82.37
2008,7,1,10,30,14.700000000000001,0,0,0,0,0,0,83.09
2008,7,1,11,30,14.4,0,0,0,0,0,0,82.97
2008,7,1,12,30,14.8,20,40,299,4,27,27,79.8
2008,7,1,13,30,16.2,49,242,684,8,129,131,71.05
2008,7,1,14,30,18.400000000000002,63,472,828,9,209,213,58.97
2008,7,1,15,30,21.1,73,686,900,900,73,686,47.52
2008,7,1,16,30,23.6,81,865,940,1,289,289,39.53
2008,7,1,17,30,25.400000000000002,85,991,963,92,481,567,34.69
2008,7,1,18,30,26.400000000000002,86,1054,974,228,547,773,32.09
2008,7,1,19,30,26.8,87,1050,972,972,87,1050,31
2008,7,1,20,30,26.6,86,979,959,0,252,252,31.16
2008,7,1,21,30,26.1,80,846,936,180,456,604,31.92
2008,7,1,22,30,25.3,75,660,886,135,369,458,33.32
2008,7,1,23,30,24.3,65,442,803,114,260,314,35.64
2008,7,2,0,30,22.900000000000002,49,212,633,10,122,124,40.28
2008,7,2,1,30,21.700000000000003,16,23,182,0,12,12,47.300000000000004
2008,7,2,2,30,20.8,0,0,0,0,0,0,51.620000000000005
2008,7,2,3,30,19.8,0,0,0,0,0,0,55.97
2008,7,2,4,30,18.8,0,0,0,0,0,0,61.19
2008,7,2,5,30,17.900000000000002,0,0,0,0,0,0,66.69
2008,7,2,6,30,17,0,0,0,0,0,0,72.72
2008,7,2,7,30,16.3,0,0,0,0,0,0,77.97
2008,7,2,8,30,15.700000000000001,0,0,0,0,0,0,82.51
2008,7,2,9,30,15.3,0,0,0,0,0,0,85.72
2008,7,2,10,30,14.8,0,0,0,0,0,0,88.95
2008,7,2,11,30,14.600000000000001,0,0,0,0,0,0,90.07000000000001
2008,7,2,12,30,15.5,20,38,277,277,20,38,84.65
2008,7,2,13,30,17.7,50,237,665,117,136,168,72.10000000000001
2008,7,2,14,30,20.3,65,466,815,815,65,466,59
2008,7,2,15,30,22.5,74,682,894,894,74,682,49.09
2008,7,2,16,30,24.200000000000003,80,860,936,762,147,782,42.5
2008,7,2,17,30,25.400000000000002,85,987,959,959,85,987,38.38
2008,7,2,18,30,26.1,86,1048,968,247,451,697,36.18
2008,7,2,19,30,26.1,88,1044,965,0,162,162,35.93
2008,7,2,20,30,25.5,88,971,949,0,66,66,37.22
2008,7,2,21,30,24.200000000000003,85,837,918,0,136,136,40.84
2008,7,2,22,30,22.5,78,654,871,0,84,84,47.13
2008,7,2,23,30,21,66,437,790,2,101,101,54.49
2008,7,3,0,30,19.6,49,210,628,1,45,45,62.89
2008,7,3,1,30,18.5,15,23,193,0,12,12,71.64
2008,7,3,2,30,17.7,0,0,0,0,0,0,79.97
2008,7,3,3,30,16.900000000000002,0,0,0,0,0,0,87.05
2008,7,3,4,30,16.3,0,0,0,0,0,0,91.58
2008,7,3,5,30,15.8,0,0,0,0,0,0,93.69
2008,7,3,6,30,15.3,0,0,0,0,0,0,95.5
2008,7,3,7,30,14.9,0,0,0,0,0,0,96.59
2008,7,3,8,30,14.600000000000001,0,0,0,0,0,0,96.91
2008,7,3,9,30,14.4,0,0,0,0,0,0,96.4
2008,7,3,10,30,14.200000000000001,0,0,0,0,0,0,95.93
2008,7,3,11,30,14.100000000000001,0,0,0,0,0,0,95.16
2008,7,3,12,30,14.8,20,37,278,0,9,9,90.13
2008,7,3,13,30,16.400000000000002,48,237,672,0,30,30,80.66
2008,7,3,14,30,18.5,62,465,820,79,203,242,68.60000000000001
2008,7,3,15,30,20.6,71,677,891,0,54,55,57.42
2008,7,3,16,30,22.1,79,854,931,65,347,401,51.050000000000004
2008,7,3,17,30,22.700000000000003,83,980,954,144,450,586,48.56
2008,7,3,18,30,22.6,84,1042,963,72,476,548,48.68
2008,7,3,19,30,22,85,1038,962,5,330,335,51.18
2008,7,3,20,30,21.1,82,966,949,534,300,797,55.160000000000004
2008,7,3,21,30,20,79,835,923,331,335,606,60.11
2008,7,3,22,30,19,72,653,878,105,337,406,65.09
2008,7,3,23,30,18,62,438,800,0,58,58,71.05
2008,7,4,0,30,17.1,46,211,642,0,4,4,77.28
2008,7,4,1,30,16.400000000000002,15,23,210,0,9,9,82.7
2008,7,4,2,30,16,0,0,0,0,0,0,86.57000000000001
2008,7,4,3,30,15.600000000000001,0,0,0,0,0,0,89.87
2008,7,4,4,30,15.3,0,0,0,0,0,0,92.21000000000001
2008,7,4,5,30,14.9,0,0,0,0,0,0,94.64
2008,7,4,6,30,14.600000000000001,0,0,0,0,0,0,96.09
2008,7,4,7,30,14.3,0,0,0,0,0,0,97.14
2008,7,4,8,30,14.100000000000001,0,0,0,0,0,0,97.63
2008,7,4,9,30,14,0,0,0,0,0,0,97.7
2008,7,4,10,30,13.9,0,0,0,0,0,0,97.96000000000001
2008,7,4,11,30,14,0,0,0,0,0,0,96.8
2008,7,4,12,30,14.5,20,36,250,0,11,11,93.57000000000001
2008,7,4,13,30,15.4,52,232,642,0,8,8,87.65
2008,7,4,14,30,16.6,69,459,796,91,270,315,80.12
2008,7,4,15,30,18.1,77,674,878,36,325,349,70.91
2008,7,4,16,30,19.5,83,852,924,337,418,698,62.96
2008,7,4,17,30,20.700000000000003,86,978,949,949,86,978,57.24
2008,7,4,18,30,21.5,98,1040,947,947,98,1040,53.52
2008,7,4,19,30,21.8,97,1037,948,948,97,1037,52.03
2008,7,4,20,30,21.900000000000002,94,967,937,937,94,967,51.6
2008,7,4,21,30,21.700000000000003,89,835,910,0,115,115,52.32
2008,7,4,22,30,21.1,80,653,866,25,289,306,54.69
2008,7,4,23,30,20.3,67,438,788,0,46,46,58.13
2008,7,5,0,30,19.200000000000003,49,210,625,0,30,30,63.46
2008,7,5,1,30,18.2,16,23,185,0,11,11,70.82000000000001
2008,7,5,2,30,17.400000000000002,0,0,0,0,0,0,75.82000000000001
2008,7,5,3,30,16.8,0,0,0,0,0,0,79.71000000000001
2008,7,5,4,30,16.1,0,0,0,0,0,0,84.45
2008,7,5,5,30,15.4,0,0,0,0,0,0,89.48
2008,7,5,6,30,15.200000000000001,0,0,0,0,0,0,91.71000000000001
2008,7,5,7,30,15.200000000000001,0,0,0,0,0,0,92.73
2008,7,5,8,30,15,0,0,0,0,0,0,94.69
2008,7,5,9,30,14.8,0,0,0,0,0,0,96.73
2008,7,5,10,30,14.700000000000001,0,0,0,0,0,0,97.87
2008,7,5,11,30,14.700000000000001,0,0,0,0,0,0,98.04
2008,7,5,12,30,15.200000000000001,20,35,243,0,9,9,94.82000000000001
2008,7,5,13,30,16.400000000000002,50,232,652,12,134,137,86.46000000000001
2008,7,5,14,30,18.3,64,460,809,37,244,262,74.44
2008,7,5,15,30,20.400000000000002,72,674,889,100,364,432,63.58
2008,7,5,16,30,21.8,77,852,931,69,414,471,57.36
2008,7,5,17,30,22.200000000000003,81,977,953,953,81,977,54.92
2008,7,5,18,30,22,83,1041,964,964,83,1041,55.29
2008,7,5,19,30,21.6,83,1036,961,476,349,821,57.480000000000004
2008,7,5,20,30,21,82,966,949,17,409,426,60.79
2008,7,5,21,30,20.400000000000002,86,832,910,117,400,495,64.11
2008,7,5,22,30,19.900000000000002,78,651,866,133,339,427,67.17
2008,7,5,23,30,19.200000000000003,64,437,792,153,202,274,70.96000000000001
2008,7,6,0,30,18.3,47,211,638,101,118,144,75.87
2008,7,6,1,30,17.3,15,23,207,1,15,15,82.49
2008,7,6,2,30,16.6,0,0,0,0,0,0,86.15
2008,7,6,3,30,16,0,0,0,0,0,0,89.34
2008,7,6,4,30,15.5,0,0,0,0,0,0,92.31
2008,7,6,5,30,15,0,0,0,0,0,0,95.47
2008,7,6,6,30,14.600000000000001,0,0,0,0,0,0,98.24000000000001
2008,7,6,7,30,14.4,0,0,0,0,0,0,99.98
2008,7,6,8,30,14.3,0,0,0,0,0,0,100
2008,7,6,9,30,14.4,0,0,0,0,0,0,100
2008,7,6,10,30,14.4,0,0,0,0,0,0,100
2008,7,6,11,30,14.700000000000001,0,0,0,0,0,0,100
2008,7,6,12,30,15.5,20,33,224,1,21,22,95.49
2008,7,6,13,30,16.8,52,228,638,638,52,228,88.23
2008,7,6,14,30,18.5,67,456,795,26,225,238,77.8
2008,7,6,15,30,20,76,669,875,224,359,511,69.14
2008,7,6,16,30,21.1,82,847,920,8,369,376,63.22
2008,7,6,17,30,21.900000000000002,85,973,945,208,508,703,59.65
2008,7,6,18,30,22.3,94,1036,948,948,94,1036,58.050000000000004
2008,7,6,19,30,22.3,92,1033,950,1,299,300,58.42
2008,7,6,20,30,22.1,87,963,940,148,472,609,59.56
2008,7,6,21,30,21.400000000000002,82,832,915,518,329,754,62.82
2008,7,6,22,30,20.400000000000002,74,650,869,0,63,63,68.11
2008,7,6,23,30,19.200000000000003,64,435,788,0,12,12,75.21000000000001
2008,7,7,0,30,18.1,48,209,623,2,56,57,82.59
2008,7,7,1,30,17.3,16,22,164,0,8,8,88.94
2008,7,7,2,30,16.900000000000002,0,0,0,0,0,0,92.36
2008,7,7,3,30,16.7,0,0,0,0,0,0,93.73
2008,7,7,4,30,16.400000000000002,0,0,0,0,0,0,94.94
2008,7,7,5,30,16.2,0,0,0,0,0,0,95.19
2008,7,7,6,30,16,0,0,0,0,0,0,95.29
2008,7,7,7,30,15.8,0,0,0,0,0,0,95.78
2008,7,7,8,30,15.600000000000001,0,0,0,0,0,0,96.53
2008,7,7,9,30,15.4,0,0,0,0,0,0,96.96000000000001
2008,7,7,10,30,15.100000000000001,0,0,0,0,0,0,98.08
2008,7,7,11,30,15,0,0,0,0,0,0,97.9
2008,7,7,12,30,15.600000000000001,18,34,276,276,18,34,93.58
2008,7,7,13,30,17.2,46,230,668,668,46,230,83.09
2008,7,7,14,30,19.6,62,457,811,11,214,219,67.95
2008,7,7,15,30,22.1,72,672,886,1,236,237,53.83
2008,7,7,16,30,24,79,849,927,1,308,310,46.24
2008,7,7,17,30,25.400000000000002,82,976,952,55,465,516,42.47
2008,7,7,18,30,26.1,83,1041,964,0,108,108,41.160000000000004
2008,7,7,19,30,25.900000000000002,83,1036,962,167,495,661,41.94
2008,7,7,20,30,25.200000000000003,80,967,952,952,80,967,44.62
2008,7,7,21,30,24.1,90,830,904,904,90,830,48.76
2008,7,7,22,30,22.700000000000003,86,646,845,845,86,646,54.620000000000005
2008,7,7,23,30,21.3,80,427,738,0,40,40,61.690000000000005
2008,7,8,0,30,20.1,63,199,528,58,138,152,68.72
2008,7,8,1,30,19.1,17,20,76,0,8,8,75.82000000000001
2008,7,8,2,30,18.400000000000002,0,0,0,0,0,0,81.27
2008,7,8,3,30,17.7,0,0,0,0,0,0,84.92
2008,7,8,4,30,16.8,0,0,0,0,0,0,88.51
2008,7,8,5,30,15.8,0,0,0,0,0,0,91.7
2008,7,8,6,30,15.100000000000001,0,0,0,0,0,0,92.75
2008,7,8,7,30,14.5,0,0,0,0,0,0,92.54
2008,7,8,8,30,14.100000000000001,0,0,0,0,0,0,92.71000000000001
2008,7,8,9,30,13.9,0,0,0,0,0,0,92.8
2008,7,8,10,30,13.700000000000001,0,0,0,0,0,0,93.45
2008,7,8,11,30,13.700000000000001,0,0,0,0,0,0,93.31
2008,7,8,12,30,14.8,18,34,277,0,10,10,87.51
2008,7,8,13,30,16.8,47,230,668,0,17,17,77.86
2008,7,8,14,30,19,62,459,817,0,105,105,66.81
2008,7,8,15,30,21,70,673,892,1,221,221,58.02
2008,7,8,16,30,22.700000000000003,75,852,936,1,278,279,51.82
2008,7,8,17,30,24,78,979,959,108,477,578,47.33
2008,7,8,18,30,24.8,79,1044,971,128,506,633,44.75
2008,7,8,19,30,25,77,1039,970,310,515,822,44.14
2008,7,8,20,30,24.6,75,970,960,960,75,970,45.480000000000004
2008,7,8,21,30,23.5,71,839,937,2,317,319,49.04
2008,7,8,22,30,22.200000000000003,65,658,894,168,339,451,53.34
2008,7,8,23,30,21,56,442,820,25,189,201,56.81
2008,7,9,0,30,19.700000000000003,42,216,675,14,125,128,59.34
2008,7,9,1,30,18.3,14,24,258,0,11,11,63.18
2008,7,9,2,30,17.1,0,0,0,0,0,0,68.57000000000001
2008,7,9,3,30,16,0,0,0,0,0,0,74.61
2008,7,9,4,30,15,0,0,0,0,0,0,81.64
2008,7,9,5,30,14.3,0,0,0,0,0,0,87.27
2008,7,9,6,30,13.8,0,0,0,0,0,0,90.05
2008,7,9,7,30,13.3,0,0,0,0,0,0,91.56
2008,7,9,8,30,12.9,0,0,0,0,0,0,92.65
2008,7,9,9,30,12.600000000000001,0,0,0,0,0,0,93.49
2008,7,9,10,30,12.3,0,0,0,0,0,0,94.43
2008,7,9,11,30,12.3,0,0,0,0,0,0,93.78
2008,7,9,12,30,13.3,17,34,308,0,11,11,87.33
2008,7,9,13,30,15.600000000000001,43,232,693,0,8,8,74.66
2008,7,9,14,30,18.3,57,461,833,0,54,54,62.42
2008,7,9,15,30,20.5,67,676,901,3,274,276,53.63
2008,7,9,16,30,22.400000000000002,75,853,938,0,172,173,47.15
2008,7,9,17,30,23.700000000000003,79,980,960,0,118,118,43.27
2008,7,9,18,30,24.5,81,1045,971,186,517,702,41.15
2008,7,9,19,30,24.900000000000002,81,1041,968,106,498,603,40.49
2008,7,9,20,30,25.1,80,971,956,8,418,425,40.65
2008,7,9,21,30,24.700000000000003,95,834,901,901,95,834,42.26
2008,7,9,22,30,23.5,94,647,834,834,94,647,45.82
2008,7,9,23,30,21.900000000000002,83,430,738,738,83,430,50.64
2008,7,10,0,30,20.400000000000002,59,204,564,5,110,111,55.02
2008,7,10,1,30,19,16,22,136,0,9,9,59.21
2008,7,10,2,30,17.6,0,0,0,0,0,0,63.84
2008,7,10,3,30,16.1,0,0,0,0,0,0,69.16
2008,7,10,4,30,14.700000000000001,0,0,0,0,0,0,74.78
2008,7,10,5,30,13.5,0,0,0,0,0,0,80.72
2008,7,10,6,30,12.600000000000001,0,0,0,0,0,0,86.45
2008,7,10,7,30,11.9,0,0,0,0,0,0,91.3
2008,7,10,8,30,11.5,0,0,0,0,0,0,93.87
2008,7,10,9,30,11.4,0,0,0,0,0,0,92.97
2008,7,10,10,30,11,0,0,0,0,0,0,92.64
2008,7,10,11,30,10.8,0,0,0,0,0,0,91.93
2008,7,10,12,30,11.8,17,33,300,300,17,33,85.59
2008,7,10,13,30,14.4,45,236,702,0,114,114,69.89
2008,7,10,14,30,17.5,58,469,849,1,157,157,56.58
2008,7,10,15,30,20.6,66,685,918,84,353,409,47.79
2008,7,10,16,30,23.3,71,866,959,128,435,540,41.46
2008,7,10,17,30,25.3,74,992,980,0,242,242,37.19
2008,7,10,18,30,26.6,78,1056,985,1,307,308,34.44
2008,7,10,19,30,26.8,79,1053,983,14,468,482,33.94
2008,7,10,20,30,26.3,79,981,967,967,79,981,35.01
2008,7,10,21,30,25.400000000000002,79,846,935,44,328,364,36.72
2008,7,10,22,30,24.3,72,663,891,2,182,183,39.4
2008,7,10,23,30,23.200000000000003,62,444,812,812,62,444,42.62
2008,7,11,0,30,21.700000000000003,46,214,654,654,46,214,47.29
2008,7,11,1,30,20,15,23,214,214,15,23,54.53
2008,7,11,2,30,18.8,0,0,0,0,0,0,60.31
2008,7,11,3,30,17.6,0,0,0,0,0,0,65.7
2008,7,11,4,30,16.400000000000002,0,0,0,0,0,0,72.18
2008,7,11,5,30,15.200000000000001,0,0,0,0,0,0,79.65
2008,7,11,6,30,14.3,0,0,0,0,0,0,85.85000000000001
2008,7,11,7,30,13.600000000000001,0,0,0,0,0,0,89.87
2008,7,11,8,30,13.100000000000001,0,0,0,0,0,0,91.53
2008,7,11,9,30,12.600000000000001,0,0,0,0,0,0,93.23
2008,7,11,10,30,12,0,0,0,0,0,0,96.28
2008,7,11,11,30,11.9,0,0,0,0,0,0,96.61
2008,7,11,12,30,13.200000000000001,17,32,277,277,17,32,88.53
2008,7,11,13,30,16.1,47,231,679,1,77,77,72.88
2008,7,11,14,30,19.400000000000002,62,463,828,0,135,135,57.800000000000004
2008,7,11,15,30,22.1,72,680,902,75,344,395,47.660000000000004
2008,7,11,16,30,24.3,79,859,941,5,356,360,41.230000000000004
2008,7,11,17,30,25.900000000000002,84,988,964,6,419,425,37.25
2008,7,11,18,30,26.900000000000002,102,1047,951,264,545,808,35.03
2008,7,11,19,30,27.3,104,1042,947,43,495,538,34.38
2008,7,11,20,30,26.900000000000002,102,970,931,931,102,970,35.39
2008,7,11,21,30,25.900000000000002,97,836,901,901,97,836,37.59
2008,7,11,22,30,24.5,89,652,850,850,89,652,41.5
2008,7,11,23,30,23.1,76,434,760,252,235,354,46.14
2008,7,12,0,30,21.6,55,206,587,587,55,206,51.910000000000004
2008,7,12,1,30,20.1,16,21,146,0,12,12,58.800000000000004
2008,7,12,2,30,18.900000000000002,0,0,0,0,0,0,64.2
2008,7,12,3,30,17.7,0,0,0,0,0,0,69.3
2008,7,12,4,30,16.6,0,0,0,0,0,0,73.89
2008,7,12,5,30,15.600000000000001,0,0,0,0,0,0,77.62
2008,7,12,6,30,14.8,0,0,0,0,0,0,81.16
2008,7,12,7,30,14.100000000000001,0,0,0,0,0,0,85.19
2008,7,12,8,30,13.5,0,0,0,0,0,0,89.16
2008,7,12,9,30,13.100000000000001,0,0,0,0,0,0,91.9
2008,7,12,10,30,12.8,0,0,0,0,0,0,93.61
2008,7,12,11,30,12.8,0,0,0,0,0,0,93.07000000000001
2008,7,12,12,30,13.700000000000001,18,29,206,0,11,11,87.08
2008,7,12,13,30,15.8,54,222,626,3,65,66,74.41
2008,7,12,14,30,18.7,70,454,795,208,227,327,60.97
2008,7,12,15,30,21.400000000000002,80,671,879,235,315,472,51.25
2008,7,12,16,30,23.3,86,854,928,325,361,631,44.57
2008,7,12,17,30,24.700000000000003,90,983,953,382,408,765,39.85
2008,7,12,18,30,25.6,92,1050,964,543,331,870,37.02
2008,7,12,19,30,26.1,92,1048,965,782,198,973,35.07
2008,7,12,20,30,26.200000000000003,89,978,954,762,203,914,34.11
2008,7,12,21,30,26,113,835,880,520,290,716,33.74
2008,7,12,22,30,25.5,101,653,833,530,221,573,33.89
2008,7,12,23,30,24.6,83,437,752,214,228,329,34.49
2008,7,13,0,30,22.6,59,209,586,17,110,115,40.58
2008,7,13,1,30,20.400000000000002,16,22,146,0,13,13,52.04
2008,7,13,2,30,18.900000000000002,0,0,0,0,0,0,52.35
2008,7,13,3,30,17.5,0,0,0,0,0,0,52.75
2008,7,13,4,30,16.3,0,0,0,0,0,0,55.78
2008,7,13,5,30,15.3,0,0,0,0,0,0,61.47
2008,7,13,6,30,14.4,0,0,0,0,0,0,70.72
2008,7,13,7,30,13.600000000000001,0,0,0,0,0,0,80.71000000000001
2008,7,13,8,30,12.9,0,0,0,0,0,0,89.51
2008,7,13,9,30,12.3,0,0,0,0,0,0,96.58
2008,7,13,10,30,12.100000000000001,0,0,0,0,0,0,99.8
2008,7,13,11,30,12.200000000000001,0,0,0,0,0,0,99.88
2008,7,13,12,30,13.5,17,30,254,254,17,30,91.14
2008,7,13,13,30,16.400000000000002,49,231,680,680,49,231,74.28
2008,7,13,14,30,20.400000000000002,64,468,840,840,64,468,53.53
2008,7,13,15,30,23.700000000000003,71,690,921,921,71,690,38.26
2008,7,13,16,30,26,75,875,966,966,75,875,32.67
2008,7,13,17,30,27.8,76,1006,992,992,76,1006,28.89
2008,7,13,18,30,29,83,1069,993,993,83,1069,26.38
2008,7,13,19,30,29.8,83,1067,993,993,83,1067,24.75
2008,7,13,20,30,30,82,994,978,978,82,994,24.01
2008,7,13,21,30,29.900000000000002,82,859,948,948,82,859,23.48
2008,7,13,22,30,29.200000000000003,76,671,899,107,367,438,23.75
2008,7,13,23,30,28,66,450,816,816,66,450,24.560000000000002
2008,7,14,0,30,25.3,50,215,645,645,50,215,28.490000000000002
2008,7,14,1,30,22.400000000000002,15,22,186,0,13,13,39.89
2008,7,14,2,30,20.900000000000002,0,0,0,0,0,0,44.160000000000004
2008,7,14,3,30,19.8,0,0,0,0,0,0,46.86
2008,7,14,4,30,18.6,0,0,0,0,0,0,51.33
2008,7,14,5,30,17.5,0,0,0,0,0,0,55.68
2008,7,14,6,30,16.5,0,0,0,0,0,0,62.27
2008,7,14,7,30,15.4,0,0,0,0,0,0,71.76
2008,7,14,8,30,14.5,0,0,0,0,0,0,80.56
2008,7,14,9,30,13.8,0,0,0,0,0,0,87.89
2008,7,14,10,30,13.200000000000001,0,0,0,0,0,0,93.24
2008,7,14,11,30,12.9,0,0,0,0,0,0,95.86
2008,7,14,12,30,14.4,17,30,260,260,17,30,86.97
2008,7,14,13,30,17.7,47,233,697,697,47,233,68.88
2008,7,14,14,30,21.3,61,472,856,856,61,472,47.31
2008,7,14,15,30,24,69,699,938,938,69,699,34.32
2008,7,14,16,30,26.1,75,885,979,979,75,885,27.43
2008,7,14,17,30,27.8,79,1017,1002,1002,79,1017,23.02
2008,7,14,18,30,29,83,1084,1009,1009,83,1084,20.28
2008,7,14,19,30,29.700000000000003,82,1079,1006,1006,82,1079,19.03
2008,7,14,20,30,29.900000000000002,81,1008,995,995,81,1008,18.78
2008,7,14,21,30,29.700000000000003,82,869,959,959,82,869,19.13
2008,7,14,22,30,29.1,77,679,909,909,77,679,19.990000000000002
2008,7,14,23,30,27.900000000000002,67,453,821,26,227,239,21.47
2008,7,15,0,30,25.200000000000003,52,217,646,59,139,154,25.52
2008,7,15,1,30,22.3,15,22,169,169,15,22,36.92
2008,7,15,2,30,20.900000000000002,0,0,0,0,0,0,41.46
2008,7,15,3,30,19.8,0,0,0,0,0,0,45.230000000000004
2008,7,15,4,30,19,0,0,0,0,0,0,49.52
2008,7,15,5,30,18.2,0,0,0,0,0,0,55.74
2008,7,15,6,30,17.400000000000002,0,0,0,0,0,0,64.05
2008,7,15,7,30,16.6,0,0,0,0,0,0,71.66
2008,7,15,8,30,15.700000000000001,0,0,0,0,0,0,78.7
2008,7,15,9,30,14.9,0,0,0,0,0,0,84.67
2008,7,15,10,30,14.200000000000001,0,0,0,0,0,0,89.36
2008,7,15,11,30,13.9,0,0,0,0,0,0,91.29
2008,7,15,12,30,15.4,18,27,213,213,18,27,82.60000000000001
2008,7,15,13,30,18.900000000000002,52,227,659,659,52,227,62.15
2008,7,15,14,30,22.700000000000003,69,464,824,824,69,464,41
2008,7,15,15,30,25.6,79,688,907,907,79,688,31.98
2008,7,15,16,30,27.400000000000002,85,873,954,954,85,873,28.93
2008,7,15,17,30,28.8,89,1008,981,981,89,1008,25.830000000000002
2008,7,15,18,30,29.8,99,1074,983,983,99,1074,23.02
2008,7,15,19,30,30.400000000000002,99,1072,982,982,99,1072,20.85
2008,7,15,20,30,30.6,95,998,968,968,95,998,19.18
2008,7,15,21,30,30.400000000000002,92,863,941,941,92,863,18.2
2008,7,15,22,30,29.700000000000003,84,675,893,893,84,675,18.2
2008,7,15,23,30,28.400000000000002,72,451,808,11,207,212,18.77
2008,7,16,0,30,25.3,54,215,634,634,54,215,22.51
2008,7,16,1,30,21.8,16,21,150,150,16,21,35.26
2008,7,16,2,30,20.1,0,0,0,0,0,0,39.87
2008,7,16,3,30,18.8,0,0,0,0,0,0,44.01
2008,7,16,4,30,17.8,0,0,0,0,0,0,49.480000000000004
2008,7,16,5,30,16.8,0,0,0,0,0,0,55.96
2008,7,16,6,30,16,0,0,0,0,0,0,61.18
2008,7,16,7,30,15.3,0,0,0,0,0,0,65.53
2008,7,16,8,30,14.600000000000001,0,0,0,0,0,0,69.68
2008,7,16,9,30,14,0,0,0,0,0,0,73.78
2008,7,16,10,30,13.5,0,0,0,0,0,0,77.83
2008,7,16,11,30,13.600000000000001,0,0,0,0,0,0,78.83
2008,7,16,12,30,15.600000000000001,17,27,210,210,17,27,70.71000000000001
2008,7,16,13,30,19.700000000000003,50,229,678,678,50,229,55.33
2008,7,16,14,30,23.700000000000003,66,470,845,845,66,470,36.49
2008,7,16,15,30,26.200000000000003,76,694,922,922,76,694,28.48
2008,7,16,16,30,28,83,881,966,966,83,881,23.59
2008,7,16,17,30,29.400000000000002,87,1010,987,987,87,1010,20.09
2008,7,16,18,30,30.400000000000002,93,1078,993,993,93,1078,17.63
2008,7,16,19,30,31.1,92,1077,994,994,92,1077,15.94
2008,7,16,20,30,31.3,89,1006,983,983,89,1006,15.05
2008,7,16,21,30,31,86,870,956,956,86,870,14.89
2008,7,16,22,30,30.200000000000003,79,681,909,909,79,681,15.42
2008,7,16,23,30,28.8,68,454,823,823,68,454,16.56
2008,7,17,0,30,25.6,51,216,649,649,51,216,20.73
2008,7,17,1,30,22.1,15,21,162,162,15,21,33.2
2008,7,17,2,30,20.400000000000002,0,0,0,0,0,0,38.46
2008,7,17,3,30,19.3,0,0,0,0,0,0,43.1
2008,7,17,4,30,18.3,0,0,0,0,0,0,47.95
2008,7,17,5,30,17.400000000000002,0,0,0,0,0,0,52.2
2008,7,17,6,30,16.5,0,0,0,0,0,0,57.15
2008,7,17,7,30,15.600000000000001,0,0,0,0,0,0,62.42
2008,7,17,8,30,14.8,0,0,0,0,0,0,66.97
2008,7,17,9,30,14.100000000000001,0,0,0,0,0,0,70.45
2008,7,17,10,30,13.600000000000001,0,0,0,0,0,0,72.63
2008,7,17,11,30,13.8,0,0,0,0,0,0,71.62
2008,7,17,12,30,15.5,18,24,130,0,13,13,64.3
2008,7,17,13,30,19.1,62,214,580,6,133,134,51.39
2008,7,17,14,30,22.900000000000002,83,446,761,761,83,446,37.480000000000004
2008,7,17,15,30,25.400000000000002,97,666,851,851,97,666,30.57
2008,7,17,16,30,27,108,847,896,862,113,825,27.900000000000002
2008,7,17,17,30,28.1,114,978,924,924,114,978,26.48
2008,7,17,18,30,28.8,113,1047,941,941,113,1047,25.72
2008,7,17,19,30,29.3,114,1043,938,938,114,1043,25.28
2008,7,17,20,30,29.1,114,972,920,920,114,972,25.73
2008,7,17,21,30,28.3,109,836,887,887,109,836,27.03
2008,7,17,22,30,27.3,101,651,831,831,101,651,29.03
2008,7,17,23,30,26.200000000000003,86,430,734,734,86,430,31.38
2008,7,18,0,30,24.6,61,201,552,552,61,201,35.47
2008,7,18,1,30,23,15,18,92,92,15,18,44.09
2008,7,18,2,30,22,0,0,0,0,0,0,50.27
2008,7,18,3,30,21.3,0,0,0,0,0,0,54.5
2008,7,18,4,30,20.6,0,0,0,0,0,0,58.94
2008,7,18,5,30,20,0,0,0,0,0,0,63.15
2008,7,18,6,30,19.400000000000002,0,0,0,0,0,0,66.47
2008,7,18,7,30,18.5,0,0,0,0,0,0,70.59
2008,7,18,8,30,17.5,0,0,0,0,0,0,74.35000000000001
2008,7,18,9,30,16.5,0,0,0,0,0,0,80.17
2008,7,18,10,30,15.700000000000001,0,0,0,0,0,0,85.2
2008,7,18,11,30,15.4,0,0,0,0,0,0,87.4
2008,7,18,12,30,16.6,17,23,154,154,17,23,81.94
2008,7,18,13,30,18.900000000000002,56,213,599,18,131,136,71.37
2008,7,18,14,30,21.200000000000003,76,442,769,44,250,271,60.38
2008,7,18,15,30,22.8,93,657,844,844,93,657,52.120000000000005
2008,7,18,16,30,23.6,108,835,882,882,108,835,48.1
2008,7,18,17,30,24,116,964,907,284,506,771,45.72
2008,7,18,18,30,24.3,115,1033,926,713,272,980,43.85
2008,7,18,19,30,24.700000000000003,113,1034,930,94,475,569,42.08
2008,7,18,20,30,24.8,107,966,921,4,317,321,41.22
2008,7,18,21,30,24.8,99,834,897,1,138,138,40.52
2008,7,18,22,30,24.6,88,651,851,56,316,354,40.56
2008,7,18,23,30,23.900000000000002,76,432,762,18,170,179,42.19
2008,7,19,0,30,22.6,56,202,576,15,106,110,47.18
2008,7,19,1,30,21.400000000000002,14,18,111,0,10,10,61.02
2008,7,19,2,30,20.6,0,0,0,0,0,0,65.52
2008,7,19,3,30,19.900000000000002,0,0,0,0,0,0,68.06
2008,7,19,4,30,19.200000000000003,0,0,0,0,0,0,70.85000000000001
2008,7,19,5,30,18.6,0,0,0,0,0,0,72.66
2008,7,19,6,30,18,0,0,0,0,0,0,74.89
2008,7,19,7,30,17.400000000000002,0,0,0,0,0,0,78.23
2008,7,19,8,30,16.8,0,0,0,0,0,0,82.57000000000001
2008,7,19,9,30,16.400000000000002,0,0,0,0,0,0,85.97
2008,7,19,10,30,16.1,0,0,0,0,0,0,88.26
2008,7,19,11,30,16,0,0,0,0,0,0,88.57000000000001
2008,7,19,12,30,16.2,17,21,115,0,10,10,85.97
2008,7,19,13,30,16.8,63,206,551,42,127,138,79.15
2008,7,19,14,30,17.7,88,435,728,23,179,190,70.58
2008,7,19,15,30,18.900000000000002,109,649,809,59,328,367,62.74
2008,7,19,16,30,20.3,122,831,860,860,122,831,56.22
2008,7,19,17,30,21.8,125,963,896,691,252,898,50.800000000000004
2008,7,19,18,30,22.900000000000002,120,1035,922,922,120,1035,47.29
2008,7,19,19,30,23.5,115,1036,930,1,322,323,45.59
2008,7,19,20,30,23.6,108,967,922,2,268,270,45.36
2008,7,19,21,30,23.200000000000003,101,835,896,0,136,136,46.65
2008,7,19,22,30,22.200000000000003,94,650,841,0,67,67,49.81
2008,7,19,23,30,20.900000000000002,82,430,744,2,107,108,54.51
2008,7,20,0,30,19.5,60,200,557,4,68,69,60.24
2008,7,20,1,30,18.2,14,17,100,0,9,9,66.63
2008,7,20,2,30,17.3,0,0,0,0,0,0,71.77
2008,7,20,3,30,16.6,0,0,0,0,0,0,75.36
2008,7,20,4,30,16,0,0,0,0,0,0,78.3
2008,7,20,5,30,15.4,0,0,0,0,0,0,80.98
2008,7,20,6,30,14.600000000000001,0,0,0,0,0,0,84.74
2008,7,20,7,30,13.9,0,0,0,0,0,0,88.15
2008,7,20,8,30,13.3,0,0,0,0,0,0,91.38
2008,7,20,9,30,12.700000000000001,0,0,0,0,0,0,94.74
2008,7,20,10,30,12.200000000000001,0,0,0,0,0,0,97.36
2008,7,20,11,30,12,0,0,0,0,0,0,97.81
2008,7,20,12,30,12.8,16,22,147,0,5,5,91.04
2008,7,20,13,30,15.3,55,215,616,0,46,46,72.4
2008,7,20,14,30,18.8,73,450,795,192,255,346,49.86
2008,7,20,15,30,22,84,672,882,882,84,672,35
2008,7,20,16,30,24.400000000000002,90,857,932,656,288,828,30.310000000000002
2008,7,20,17,30,26.200000000000003,92,987,957,957,92,987,28.560000000000002
2008,7,20,18,30,27.6,102,1051,957,957,102,1051,27.53
2008,7,20,19,30,28.3,105,1046,951,951,105,1046,27.43
2008,7,20,20,30,28.3,107,972,929,929,107,972,28.17
2008,7,20,21,30,27.400000000000002,107,835,889,889,107,835,30.16
2008,7,20,22,30,26.1,101,646,825,825,101,646,33.39
2008,7,20,23,30,24.700000000000003,90,424,717,479,155,379,37.28
2008,7,21,0,30,23.200000000000003,66,194,510,510,66,194,42.13
2008,7,21,1,30,21.8,14,16,58,0,11,11,47.72
2008,7,21,2,30,20.6,0,0,0,0,0,0,52.660000000000004
2008,7,21,3,30,19.200000000000003,0,0,0,0,0,0,58.07
2008,7,21,4,30,17.6,0,0,0,0,0,0,65.41
2008,7,21,5,30,16,0,0,0,0,0,0,75.03
2008,7,21,6,30,14.9,0,0,0,0,0,0,83.56
2008,7,21,7,30,14.100000000000001,0,0,0,0,0,0,89.72
2008,7,21,8,30,13.600000000000001,0,0,0,0,0,0,93.63
2008,7,21,9,30,13.3,0,0,0,0,0,0,95.79
2008,7,21,10,30,13.200000000000001,0,0,0,0,0,0,95.98
2008,7,21,11,30,13.100000000000001,0,0,0,0,0,0,95.38
2008,7,21,12,30,13.700000000000001,15,22,193,1,14,14,89.54
2008,7,21,13,30,15.700000000000001,49,218,656,43,111,122,72.96000000000001
2008,7,21,14,30,18.7,64,454,825,659,130,442,53.49
2008,7,21,15,30,21.700000000000003,75,676,903,903,75,676,38.28
2008,7,21,16,30,23.900000000000002,82,864,949,681,210,770,30.72
2008,7,21,17,30,25.400000000000002,88,998,975,547,313,824,26.86
2008,7,21,18,30,26.400000000000002,88,1067,988,524,316,835,24.25
2008,7,21,19,30,27,88,1066,988,744,214,950,22.54
2008,7,21,20,30,27.200000000000003,86,995,976,407,463,841,21.740000000000002
2008,7,21,21,30,27,91,857,936,733,152,751,21.77
2008,7,21,22,30,26.3,84,670,888,608,256,657,22.64
2008,7,21,23,30,24.900000000000002,72,445,802,495,164,395,25.22
2008,7,22,0,30,22.6,53,208,619,13,88,91,33.51
2008,7,22,1,30,20.700000000000003,14,18,130,1,12,12,43.730000000000004
2008,7,22,2,30,19.900000000000002,0,0,0,0,0,0,45.96
2008,7,22,3,30,19.1,0,0,0,0,0,0,47.29
2008,7,22,4,30,17.900000000000002,0,0,0,0,0,0,49.410000000000004
2008,7,22,5,30,16.8,0,0,0,0,0,0,51.54
2008,7,22,6,30,15.700000000000001,0,0,0,0,0,0,55.01
2008,7,22,7,30,14.8,0,0,0,0,0,0,59.42
2008,7,22,8,30,14.100000000000001,0,0,0,0,0,0,64.04
2008,7,22,9,30,13.700000000000001,0,0,0,0,0,0,67.78
2008,7,22,10,30,13.4,0,0,0,0,0,0,70.48
2008,7,22,11,30,13.4,0,0,0,0,0,0,70.64
2008,7,22,12,30,14.600000000000001,15,22,194,194,15,22,64.04
2008,7,22,13,30,17.7,50,219,660,660,50,219,50.03
2008,7,22,14,30,21.3,67,457,827,827,67,457,37.06
2008,7,22,15,30,24.1,77,681,908,908,77,681,31.68
2008,7,22,16,30,26.3,83,865,951,951,83,865,28.6
2008,7,22,17,30,27.900000000000002,87,999,976,976,87,999,26.240000000000002
2008,7,22,18,30,29,95,1065,979,979,95,1065,24.46
2008,7,22,19,30,29.700000000000003,96,1064,978,978,96,1064,23.16
2008,7,22,20,30,29.700000000000003,95,990,962,962,95,990,22.72
2008,7,22,21,30,29.3,90,855,935,935,90,855,22.8
2008,7,22,22,30,28.400000000000002,83,667,885,885,83,667,23.54
2008,7,22,23,30,26.8,71,443,800,91,262,305,25.34
2008,7,23,0,30,24.200000000000003,51,209,635,635,51,209,29.42
2008,7,23,1,30,21.5,13,17,156,156,13,17,37.62
2008,7,23,2,30,20,0,0,0,0,0,0,41.95
2008,7,23,3,30,18.8,0,0,0,0,0,0,46.02
2008,7,23,4,30,17.5,0,0,0,0,0,0,51.68
2008,7,23,5,30,16.2,0,0,0,0,0,0,58.25
2008,7,23,6,30,15.100000000000001,0,0,0,0,0,0,63.980000000000004
2008,7,23,7,30,14.5,0,0,0,0,0,0,67.84
2008,7,23,8,30,14.200000000000001,0,0,0,0,0,0,71.5
2008,7,23,9,30,14.100000000000001,0,0,0,0,0,0,75.17
2008,7,23,10,30,13.8,0,0,0,0,0,0,79.21000000000001
2008,7,23,11,30,13.600000000000001,0,0,0,0,0,0,80.77
2008,7,23,12,30,15.5,14,21,192,192,14,21,70.28
2008,7,23,13,30,19.3,48,218,667,667,48,218,54.38
2008,7,23,14,30,22.6,64,457,833,833,64,457,41.01
2008,7,23,15,30,24.8,74,679,910,910,74,679,32.83
2008,7,23,16,30,26.6,82,865,952,952,82,865,28.18
2008,7,23,17,30,27.900000000000002,89,994,970,970,89,994,26.43
2008,7,23,18,30,28.700000000000003,95,1060,974,974,95,1060,26.330000000000002
2008,7,23,19,30,29,99,1055,966,966,99,1055,27.01
2008,7,23,20,30,28.8,100,981,947,527,396,887,28.07
2008,7,23,21,30,28.1,96,846,917,108,420,507,29.3
2008,7,23,22,30,27.1,89,659,866,866,89,659,30.77
2008,7,23,23,30,25.6,77,435,773,158,255,329,33.29
2008,7,24,0,30,23.400000000000002,57,201,582,582,57,201,37.9
2008,7,24,1,30,21,13,16,90,90,13,16,46.26
2008,7,24,2,30,19.6,0,0,0,0,0,0,54.25
2008,7,24,3,30,18.5,0,0,0,0,0,0,63.22
2008,7,24,4,30,17.6,0,0,0,0,0,0,71.3
2008,7,24,5,30,16.900000000000002,0,0,0,0,0,0,76.55
2008,7,24,6,30,16.3,0,0,0,0,0,0,80.27
2008,7,24,7,30,15.700000000000001,0,0,0,0,0,0,83.74
2008,7,24,8,30,15.200000000000001,0,0,0,0,0,0,86.63
2008,7,24,9,30,14.9,0,0,0,0,0,0,88.35000000000001
2008,7,24,10,30,14.600000000000001,0,0,0,0,0,0,90.04
2008,7,24,11,30,14.5,0,0,0,0,0,0,90.62
2008,7,24,12,30,15.8,14,19,162,162,14,19,83.52
2008,7,24,13,30,18.400000000000002,47,214,656,53,138,152,67.39
2008,7,24,14,30,20.900000000000002,60,451,831,457,196,411,51.69
2008,7,24,15,30,22.900000000000002,68,673,912,912,68,673,43.1
2008,7,24,16,30,24.700000000000003,74,856,951,951,74,856,37.980000000000004
2008,7,24,17,30,26.3,78,986,973,2,383,385,34.33
2008,7,24,18,30,27.5,89,1052,972,26,485,511,31.87
2008,7,24,19,30,28.200000000000003,90,1048,968,14,394,408,30.3
2008,7,24,20,30,28.400000000000002,90,975,951,1,302,302,29.67
2008,7,24,21,30,27.8,88,841,921,2,185,187,30.59
2008,7,24,22,30,26.700000000000003,83,654,868,238,326,483,32.7
2008,7,24,23,30,25.3,73,431,773,268,214,338,36.21
2008,7,25,0,30,23.3,54,198,584,82,134,154,42.12
2008,7,25,1,30,21.400000000000002,12,15,90,0,5,5,50.68
2008,7,25,2,30,20,0,0,0,0,0,0,57.910000000000004
2008,7,25,3,30,18.900000000000002,0,0,0,0,0,0,63.660000000000004
2008,7,25,4,30,18.1,0,0,0,0,0,0,68.09
2008,7,25,5,30,17.5,0,0,0,0,0,0,71.57000000000001
2008,7,25,6,30,17.1,0,0,0,0,0,0,74.64
2008,7,25,7,30,16.900000000000002,0,0,0,0,0,0,77.29
2008,7,25,8,30,16.7,0,0,0,0,0,0,80.27
2008,7,25,9,30,16.5,0,0,0,0,0,0,83.64
2008,7,25,10,30,16.400000000000002,0,0,0,0,0,0,87.21000000000001
2008,7,25,11,30,16.400000000000002,0,0,0,0,0,0,90.24
2008,7,25,12,30,16.8,14,17,97,0,7,7,90.01
2008,7,25,13,30,18,52,202,592,7,113,114,83.64
2008,7,25,14,30,20,67,435,786,786,67,435,70.01
2008,7,25,15,30,22.400000000000002,75,655,876,876,75,655,55.52
2008,7,25,16,30,24.1,82,838,921,350,402,689,47.62
2008,7,25,17,30,25.1,89,968,943,101,470,565,43.59
2008,7,25,18,30,25.5,105,1031,936,268,534,799,41.75
2008,7,25,19,30,25.200000000000003,105,1030,935,379,397,771,42.17
2008,7,25,20,30,24.8,100,962,927,927,100,962,43.52
2008,7,25,21,30,24.5,94,830,901,901,94,830,44.56
2008,7,25,22,30,24.1,85,647,857,135,364,453,45.46
2008,7,25,23,30,23.5,71,428,772,772,71,428,46.62
2008,7,26,0,30,21.900000000000002,51,198,597,597,51,198,52.29
2008,7,26,1,30,20.200000000000003,12,15,106,106,12,15,62.980000000000004
2008,7,26,2,30,19.5,0,0,0,0,0,0,62.56
2008,7,26,3,30,18.5,0,0,0,0,0,0,62.190000000000005
2008,7,26,4,30,16.900000000000002,0,0,0,0,0,0,67.64
2008,7,26,5,30,15.700000000000001,0,0,0,0,0,0,75.47
2008,7,26,6,30,14.700000000000001,0,0,0,0,0,0,84.45
2008,7,26,7,30,14,0,0,0,0,0,0,91.46000000000001
2008,7,26,8,30,13.5,0,0,0,0,0,0,96.3
2008,7,26,9,30,13.200000000000001,0,0,0,0,0,0,99.24000000000001
2008,7,26,10,30,13,0,0,0,0,0,0,100
2008,7,26,11,30,13.100000000000001,0,0,0,0,0,0,100
2008,7,26,12,30,14.100000000000001,13,19,205,205,13,19,93.3
2008,7,26,13,30,16.5,46,217,682,19,132,137,78.81
2008,7,26,14,30,19.700000000000003,62,459,849,849,62,459,56.24
2008,7,26,15,30,22.700000000000003,73,686,925,925,73,686,35.11
2008,7,26,16,30,25.200000000000003,79,874,969,969,79,874,25.3
2008,7,26,17,30,27.1,82,1009,994,994,82,1009,20.900000000000002
2008,7,26,18,30,28.400000000000002,105,1073,978,978,105,1073,18.51
2008,7,26,19,30,29.1,103,1070,977,977,103,1070,17.35
2008,7,26,20,30,29.3,98,998,968,968,98,998,16.93
2008,7,26,21,30,28.900000000000002,85,864,955,955,85,864,17.29
2008,7,26,22,30,28.1,76,673,909,909,76,673,18.36
2008,7,26,23,30,26.5,64,447,830,830,64,447,20.66
2008,7,27,0,30,23.6,46,207,659,659,46,207,26.13
2008,7,27,1,30,20.8,11,15,152,152,11,15,36.22
2008,7,27,2,30,19.200000000000003,0,0,0,0,0,0,42.85
2008,7,27,3,30,18.1,0,0,0,0,0,0,49.33
2008,7,27,4,30,16.900000000000002,0,0,0,0,0,0,56.76
2008,7,27,5,30,15.700000000000001,0,0,0,0,0,0,64.15
2008,7,27,6,30,14.600000000000001,0,0,0,0,0,0,71.24
2008,7,27,7,30,13.600000000000001,0,0,0,0,0,0,77.92
2008,7,27,8,30,12.700000000000001,0,0,0,0,0,0,84.06
2008,7,27,9,30,12,0,0,0,0,0,0,88.97
2008,7,27,10,30,11.3,0,0,0,0,0,0,93.92
2008,7,27,11,30,11,0,0,0,0,0,0,96.37
2008,7,27,12,30,12.5,13,18,196,196,13,18,87.38
2008,7,27,13,30,16.3,45,217,690,690,45,217,65.09
2008,7,27,14,30,20.5,59,459,856,856,59,459,39.68
2008,7,27,15,30,23.6,69,688,937,937,69,688,28.060000000000002
2008,7,27,16,30,25.700000000000003,75,875,976,976,75,875,24.14
2008,7,27,17,30,27.3,79,1010,999,999,79,1010,21.54
2008,7,27,18,30,28.5,89,1078,999,999,89,1078,19.59
2008,7,27,19,30,29.1,90,1076,998,998,90,1076,18.35
2008,7,27,20,30,29.400000000000002,88,1001,983,983,88,1001,17.37
2008,7,27,21,30,29.200000000000003,81,865,961,961,81,865,16.93
2008,7,27,22,30,28.5,74,675,916,916,74,675,17
2008,7,27,23,30,27.1,64,447,833,833,64,447,18
2008,7,28,0,30,23.900000000000002,47,206,658,658,47,206,22.06
2008,7,28,1,30,20.6,11,14,139,139,11,14,37.1
2008,7,28,2,30,19.200000000000003,0,0,0,0,0,0,40.27
2008,7,28,3,30,18.3,0,0,0,0,0,0,42.82
2008,7,28,4,30,17.8,0,0,0,0,0,0,44.38
2008,7,28,5,30,17.3,0,0,0,0,0,0,45.71
2008,7,28,6,30,16.1,0,0,0,0,0,0,50.32
2008,7,28,7,30,14.8,0,0,0,0,0,0,58.67
2008,7,28,8,30,13.9,0,0,0,0,0,0,66.93
2008,7,28,9,30,13.700000000000001,0,0,0,0,0,0,75.87
2008,7,28,10,30,13.5,0,0,0,0,0,0,85.36
2008,7,28,11,30,13.700000000000001,0,0,0,0,0,0,91.04
2008,7,28,12,30,15.5,12,17,173,173,12,17,84.96000000000001
2008,7,28,13,30,19.1,46,211,661,661,46,211,67.67
2008,7,28,14,30,22.900000000000002,63,448,828,828,63,448,47.78
2008,7,28,15,30,25.900000000000002,74,673,907,907,74,673,33.32
2008,7,28,16,30,27.8,81,862,954,954,81,862,27.14
2008,7,28,17,30,29.200000000000003,86,996,978,978,86,996,24.29
2008,7,28,18,30,30.200000000000003,90,1065,986,765,252,1009,22.22
2008,7,28,19,30,30.8,91,1064,985,985,91,1064,20.88
2008,7,28,20,30,31,90,990,969,969,90,990,20.17
2008,7,28,21,30,30.700000000000003,93,850,929,929,93,850,20.11
2008,7,28,22,30,29.900000000000002,89,660,872,872,89,660,20.75
2008,7,28,23,30,28.400000000000002,78,431,771,771,78,431,22.580000000000002
2008,7,29,0,30,25.6,57,194,569,569,57,194,27.1
2008,7,29,1,30,22.900000000000002,11,12,63,0,6,6,38.83
2008,7,29,2,30,21.700000000000003,0,0,0,0,0,0,42.63
2008,7,29,3,30,20.900000000000002,0,0,0,0,0,0,44.96
2008,7,29,4,30,20.1,0,0,0,0,0,0,48.27
2008,7,29,5,30,19.200000000000003,0,0,0,0,0,0,52.42
2008,7,29,6,30,18.5,0,0,0,0,0,0,55.910000000000004
2008,7,29,7,30,17.7,0,0,0,0,0,0,57.89
2008,7,29,8,30,16.7,0,0,0,0,0,0,60.93
2008,7,29,9,30,15.8,0,0,0,0,0,0,65.1
2008,7,29,10,30,15.3,0,0,0,0,0,0,69.14
2008,7,29,11,30,15.4,0,0,0,0,0,0,71.89
2008,7,29,12,30,17.1,12,16,139,139,12,16,68.57000000000001
2008,7,29,13,30,20.5,50,207,631,631,50,207,58.660000000000004
2008,7,29,14,30,24,69,444,806,806,69,444,41.33
2008,7,29,15,30,26.6,81,667,889,889,81,667,31.580000000000002
2008,7,29,16,30,28.200000000000003,90,854,934,934,90,854,28.34
2008,7,29,17,30,29.3,97,985,954,954,97,985,26.78
2008,7,29,18,30,30,106,1050,955,178,531,707,25.77
2008,7,29,19,30,30.3,112,1046,946,59,504,562,25.17
2008,7,29,20,30,30.3,116,970,921,921,116,970,25.02
2008,7,29,21,30,29.8,99,839,908,908,99,839,25.63
2008,7,29,22,30,28.900000000000002,93,649,851,851,93,649,26.68
2008,7,29,23,30,27.6,81,425,752,456,202,411,28.25
2008,7,30,0,30,25.400000000000002,57,191,562,25,107,113,32.37
2008,7,30,1,30,23.1,0,0,0,0,0,0,42.09
2008,7,30,2,30,21.700000000000003,0,0,0,0,0,0,46.58
2008,7,30,3,30,20.8,0,0,0,0,0,0,49.09
2008,7,30,4,30,20,0,0,0,0,0,0,51.65
2008,7,30,5,30,19,0,0,0,0,0,0,55.39
2008,7,30,6,30,18,0,0,0,0,0,0,59.980000000000004
2008,7,30,7,30,17.3,0,0,0,0,0,0,63.7
2008,7,30,8,30,17,0,0,0,0,0,0,66.11
2008,7,30,9,30,16.6,0,0,0,0,0,0,69.52
2008,7,30,10,30,16.2,0,0,0,0,0,0,71.29
2008,7,30,11,30,16.1,0,0,0,0,0,0,71.22
2008,7,30,12,30,17.400000000000002,12,15,107,107,12,15,66.59
2008,7,30,13,30,20.6,53,202,608,608,53,202,55.67
2008,7,30,14,30,24.1,72,440,793,793,72,440,42.02
2008,7,30,15,30,26.5,84,665,882,882,84,665,35.96
2008,7,30,16,30,28.200000000000003,91,856,935,935,91,856,31.990000000000002
2008,7,30,17,30,29.5,95,991,962,962,95,991,28.560000000000002
2008,7,30,18,30,30.5,94,1061,978,651,346,988,25.79
2008,7,30,19,30,31,95,1059,977,554,410,957,24.09
2008,7,30,20,30,30.900000000000002,94,985,961,230,438,651,23.400000000000002
2008,7,30,21,30,30.3,106,842,905,905,106,842,23.61
2008,7,30,22,30,29.200000000000003,99,649,843,843,99,649,24.89
2008,7,30,23,30,27.3,84,424,747,747,84,424,28.400000000000002
2008,7,31,0,30,24.200000000000003,58,188,547,547,58,188,37.94
2008,7,31,1,30,21.1,0,0,0,0,0,0,56.49
2008,7,31,2,30,19,0,0,0,0,0,0,76.36
2008,7,31,3,30,17.900000000000002,0,0,0,0,0,0,88.23
2008,7,31,4,30,17.400000000000002,0,0,0,0,0,0,92.7
2008,7,31,5,30,17,0,0,0,0,0,0,95.57000000000001
2008,7,31,6,30,16.7,0,0,0,0,0,0,97.22
2008,7,31,7,30,16.400000000000002,0,0,0,0,0,0,98.29
2008,7,31,8,30,16.2,0,0,0,0,0,0,98.69
2008,7,31,9,30,16,0,0,0,0,0,0,99.4
2008,7,31,10,30,15.9,0,0,0,0,0,0,99.59
2008,7,31,11,30,15.8,0,0,0,0,0,0,99.83
2008,7,31,12,30,16.1,11,12,50,50,11,12,97.77
2008,7,31,13,30,17,65,189,508,508,65,189,92.63
2008,7,31,14,30,18.3,91,421,714,714,91,421,84.7
2008,7,31,15,30,20,103,645,823,823,103,645,74.09
2008,7,31,16,30,21.700000000000003,108,834,888,888,108,834,62.93
2008,7,31,17,30,22.8,114,968,918,918,114,968,55.82
2008,7,31,18,30,23.6,121,1035,925,925,121,1035,50.65
2008,7,31,19,30,23.8,119,1034,927,927,119,1034,47.79
2008,7,31,20,30,23.700000000000003,115,963,915,546,316,823,46.42
2008,7,31,21,30,23.5,100,831,900,31,394,420,45.77
2008,7,31,22,30,23.1,90,643,849,236,300,454,46.18
2008,7,31,23,30,22.3,76,419,756,375,182,353,48.660000000000004
2008,8,1,0,30,20.900000000000002,55,186,554,554,55,186,58.17
2008,8,1,1,30,19.700000000000003,0,0,0,0,0,0,67.29
2008,8,1,2,30,19.3,0,0,0,0,0,0,69.27
2008,8,1,3,30,18.8,0,0,0,0,0,0,72.66
2008,8,1,4,30,18.3,0,0,0,0,0,0,73.82000000000001
2008,8,1,5,30,17.7,0,0,0,0,0,0,75.83
2008,8,1,6,30,17.1,0,0,0,0,0,0,78.61
2008,8,1,7,30,16.7,0,0,0,0,0,0,81.29
2008,8,1,8,30,16.3,0,0,0,0,0,0,84.93
2008,8,1,9,30,16.1,0,0,0,0,0,0,87.85000000000001
2008,8,1,10,30,15.9,0,0,0,0,0,0,90.15
2008,8,1,11,30,15.700000000000001,0,0,0,0,0,0,91.7
2008,8,1,12,30,16.3,10,11,35,0,4,4,88.31
2008,8,1,13,30,18,70,185,473,473,70,185,77.25
2008,8,1,14,30,20.400000000000002,95,419,701,701,95,419,61.910000000000004
2008,8,1,15,30,22.5,104,644,821,821,104,644,51.89
2008,8,1,16,30,24.200000000000003,109,830,882,882,109,830,46.01
2008,8,1,17,30,25.200000000000003,112,964,917,523,326,812,42.86
2008,8,1,18,30,25.6,125,1027,914,685,300,976,41.45
2008,8,1,19,30,25.400000000000002,126,1025,912,654,280,925,41.33
2008,8,1,20,30,24.900000000000002,125,953,894,339,396,710,42.050000000000004
2008,8,1,21,30,24.400000000000002,111,821,875,243,375,573,43.12
2008,8,1,22,30,23.8,99,634,823,607,197,592,44.410000000000004
2008,8,1,23,30,23,86,411,716,1,75,76,46.54
2008,8,2,0,30,21.5,61,180,506,0,4,4,55.78
2008,8,2,1,30,20.1,0,0,0,0,0,0,74.12
2008,8,2,2,30,19.1,0,0,0,0,0,0,79.31
2008,8,2,3,30,18,0,0,0,0,0,0,80.91
2008,8,2,4,30,16.7,0,0,0,0,0,0,81.2
2008,8,2,5,30,15.600000000000001,0,0,0,0,0,0,82.43
2008,8,2,6,30,14.9,0,0,0,0,0,0,82.9
2008,8,2,7,30,14.200000000000001,0,0,0,0,0,0,85.64
2008,8,2,8,30,13.5,0,0,0,0,0,0,90.28
2008,8,2,9,30,12.8,0,0,0,0,0,0,95.85000000000001
2008,8,2,10,30,12.200000000000001,0,0,0,0,0,0,100
2008,8,2,11,30,12.100000000000001,0,0,0,0,0,0,100
2008,8,2,12,30,13.200000000000001,11,13,117,0,4,4,96.07000000000001
2008,8,2,13,30,15.600000000000001,50,203,630,7,79,81,83.18
2008,8,2,14,30,19.1,66,443,819,17,162,170,61.49
2008,8,2,15,30,22.3,75,671,908,908,75,671,42.58
2008,8,2,16,30,24.5,80,861,956,956,80,861,34.51
2008,8,2,17,30,26.1,83,993,980,980,83,993,30.17
2008,8,2,18,30,27.200000000000003,91,1061,983,983,91,1061,28.02
2008,8,2,19,30,27.900000000000002,91,1057,980,6,332,338,27.28
2008,8,2,20,30,28.1,89,982,965,787,174,903,27.5
2008,8,2,21,30,27.700000000000003,84,846,940,940,84,846,28.330000000000002
2008,8,2,22,30,27.1,75,656,896,896,75,656,28.96
2008,8,2,23,30,26,63,430,814,0,19,19,30.240000000000002
2008,8,3,0,30,23.6,45,193,639,113,115,141,36.57
2008,8,3,1,30,21.400000000000002,0,0,0,0,0,0,51.79
2008,8,3,2,30,20.3,0,0,0,0,0,0,54.34
2008,8,3,3,30,19.5,0,0,0,0,0,0,54.81
2008,8,3,4,30,18.6,0,0,0,0,0,0,57.06
2008,8,3,5,30,17.6,0,0,0,0,0,0,62.730000000000004
2008,8,3,6,30,16.7,0,0,0,0,0,0,69.19
2008,8,3,7,30,15.700000000000001,0,0,0,0,0,0,75.77
2008,8,3,8,30,14.9,0,0,0,0,0,0,81.19
2008,8,3,9,30,14.100000000000001,0,0,0,0,0,0,86.15
2008,8,3,10,30,13.4,0,0,0,0,0,0,89.76
2008,8,3,11,30,12.9,0,0,0,0,0,0,90.7
2008,8,3,12,30,14.100000000000001,10,13,160,0,5,5,80.62
2008,8,3,13,30,17.400000000000002,44,205,672,672,44,205,59.84
2008,8,3,14,30,21.1,58,446,844,844,58,446,36.57
2008,8,3,15,30,23.8,67,673,924,924,67,673,27.77
2008,8,3,16,30,25.700000000000003,73,862,968,968,73,862,25.73
2008,8,3,17,30,27.200000000000003,77,999,994,994,77,999,24.27
2008,8,3,18,30,28.3,88,1064,991,991,88,1064,22.830000000000002
2008,8,3,19,30,29,87,1063,990,990,87,1063,21.73
2008,8,3,20,30,29.200000000000003,85,990,979,979,85,990,21.240000000000002
2008,8,3,21,30,29,80,851,952,952,80,851,21.2
2008,8,3,22,30,28.3,74,659,904,904,74,659,21.82
2008,8,3,23,30,26.900000000000002,63,430,815,815,63,430,23.330000000000002
2008,8,4,0,30,24,46,191,630,630,46,191,28.02
2008,8,4,1,30,21.1,0,0,0,0,0,0,40.27
2008,8,4,2,30,19.6,0,0,0,0,0,0,44.1
2008,8,4,3,30,18.400000000000002,0,0,0,0,0,0,45.910000000000004
2008,8,4,4,30,17.400000000000002,0,0,0,0,0,0,46.77
2008,8,4,5,30,16.5,0,0,0,0,0,0,47.93
2008,8,4,6,30,15.5,0,0,0,0,0,0,50.49
2008,8,4,7,30,14.600000000000001,0,0,0,0,0,0,55.1
2008,8,4,8,30,13.9,0,0,0,0,0,0,60.81
2008,8,4,9,30,13.3,0,0,0,0,0,0,66.57000000000001
2008,8,4,10,30,12.700000000000001,0,0,0,0,0,0,71.46000000000001
2008,8,4,11,30,12.5,0,0,0,0,0,0,72.87
2008,8,4,12,30,13.8,0,0,0,0,0,0,65.88
2008,8,4,13,30,17.5,45,203,659,659,45,203,50.44
2008,8,4,14,30,21.6,62,443,830,830,62,443,29.76
2008,8,4,15,30,24.400000000000002,73,670,912,912,73,670,23.85
2008,8,4,16,30,26.3,80,859,956,956,80,859,23.54
2008,8,4,17,30,27.700000000000003,85,995,981,981,85,995,23.27
2008,8,4,18,30,28.6,90,1064,988,988,90,1064,22.86
2008,8,4,19,30,29.200000000000003,90,1062,987,987,90,1062,22.3
2008,8,4,20,30,29.400000000000002,89,986,971,971,89,986,21.91
2008,8,4,21,30,29.1,82,849,948,948,82,849,21.91
2008,8,4,22,30,28.3,76,657,898,898,76,657,22.38
2008,8,4,23,30,26.900000000000002,65,430,813,813,65,430,23.71
2008,8,5,0,30,24,47,189,624,624,47,189,28.12
2008,8,5,1,30,21.200000000000003,0,0,0,0,0,0,40.45
2008,8,5,2,30,19.900000000000002,0,0,0,0,0,0,43.78
2008,8,5,3,30,18.8,0,0,0,0,0,0,47.02
2008,8,5,4,30,17.7,0,0,0,0,0,0,52.1
2008,8,5,5,30,16.7,0,0,0,0,0,0,57.33
2008,8,5,6,30,16,0,0,0,0,0,0,60.82
2008,8,5,7,30,15.4,0,0,0,0,0,0,63.99
2008,8,5,8,30,14.9,0,0,0,0,0,0,68.86
2008,8,5,9,30,14.3,0,0,0,0,0,0,75.11
2008,8,5,10,30,13.700000000000001,0,0,0,0,0,0,80.61
2008,8,5,11,30,13.200000000000001,0,0,0,0,0,0,84.66
2008,8,5,12,30,14.5,0,0,0,0,0,0,78.16
2008,8,5,13,30,17.8,51,196,610,610,51,196,60.7
2008,8,5,14,30,21.200000000000003,71,435,795,795,71,435,43.84
2008,8,5,15,30,23.700000000000003,85,661,879,879,85,661,37.26
2008,8,5,16,30,25.5,95,849,925,925,95,849,33.92
2008,8,5,17,30,26.700000000000003,102,984,951,951,102,984,31.84
2008,8,5,18,30,27.3,116,1047,945,945,116,1047,30.560000000000002
2008,8,5,19,30,27.400000000000002,123,1043,935,152,507,656,29.79
2008,8,5,20,30,27.3,123,968,916,916,123,968,29.41
2008,8,5,21,30,26.900000000000002,113,832,890,307,435,683,29.71
2008,8,5,22,30,26.3,101,641,838,838,101,641,30.330000000000002
2008,8,5,23,30,25.3,83,414,743,743,83,414,31.560000000000002
2008,8,6,0,30,23,56,178,540,540,56,178,36.02
2008,8,6,1,30,20.8,0,0,0,0,0,0,46.980000000000004
2008,8,6,2,30,19.8,0,0,0,0,0,0,49.75
2008,8,6,3,30,19.1,0,0,0,0,0,0,51.44
2008,8,6,4,30,18.2,0,0,0,0,0,0,55.49
2008,8,6,5,30,17.1,0,0,0,0,0,0,60.77
2008,8,6,6,30,15.8,0,0,0,0,0,0,66.95
2008,8,6,7,30,14.700000000000001,0,0,0,0,0,0,74.37
2008,8,6,8,30,13.8,0,0,0,0,0,0,82.74
2008,8,6,9,30,13.100000000000001,0,0,0,0,0,0,90.3
2008,8,6,10,30,12.600000000000001,0,0,0,0,0,0,95.57000000000001
2008,8,6,11,30,12.4,0,0,0,0,0,0,98.07000000000001
2008,8,6,12,30,13.600000000000001,0,0,0,0,0,0,91.41
2008,8,6,13,30,16.400000000000002,53,193,591,9,114,117,76.59
2008,8,6,14,30,20,74,432,785,145,254,321,54.300000000000004
2008,8,6,15,30,22.900000000000002,86,659,877,877,86,659,40.86
2008,8,6,16,30,24.8,93,850,929,929,93,850,36.17
2008,8,6,17,30,26.1,96,983,956,956,96,983,33.22
2008,8,6,18,30,26.8,97,1053,971,971,97,1053,31.34
2008,8,6,19,30,27.200000000000003,97,1051,970,234,547,778,29.95
2008,8,6,20,30,27.1,93,976,957,94,438,524,29.650000000000002
2008,8,6,21,30,26.700000000000003,94,836,919,193,455,610,30.1
2008,8,6,22,30,26.1,84,645,870,870,84,645,31.080000000000002
2008,8,6,23,30,25.200000000000003,71,417,778,778,71,417,32.45
2008,8,7,0,30,23.3,50,180,580,74,119,136,37.03
2008,8,7,1,30,21.5,0,0,0,0,0,0,48.9
2008,8,7,2,30,20.8,0,0,0,0,0,0,51.17
2008,8,7,3,30,20.200000000000003,0,0,0,0,0,0,52.58
2008,8,7,4,30,19.200000000000003,0,0,0,0,0,0,57.57
2008,8,7,5,30,17.900000000000002,0,0,0,0,0,0,65.61
2008,8,7,6,30,16.7,0,0,0,0,0,0,74.05
2008,8,7,7,30,15.700000000000001,0,0,0,0,0,0,81.63
2008,8,7,8,30,14.700000000000001,0,0,0,0,0,0,89.13
2008,8,7,9,30,14,0,0,0,0,0,0,94.28
2008,8,7,10,30,13.4,0,0,0,0,0,0,98.06
2008,8,7,11,30,13.100000000000001,0,0,0,0,0,0,99.12
2008,8,7,12,30,14,0,0,0,0,0,0,92.16
2008,8,7,13,30,16.400000000000002,47,195,629,629,47,195,76.88
2008,8,7,14,30,19.6,64,432,807,807,64,432,58.800000000000004
2008,8,7,15,30,22.400000000000002,76,658,891,891,76,658,46.44
2008,8,7,16,30,24.400000000000002,84,844,934,934,84,844,39.53
2008,8,7,17,30,25.5,91,975,955,955,91,975,36.1
2008,8,7,18,30,26.1,109,1039,946,946,109,1039,34.43
2008,8,7,19,30,26.400000000000002,111,1034,940,940,111,1034,33.69
2008,8,7,20,30,26.1,109,961,925,925,109,961,34.31
2008,8,7,21,30,25.6,99,825,901,901,99,825,35.56
2008,8,7,22,30,24.8,90,633,846,846,90,633,37.82
2008,8,7,23,30,23.700000000000003,76,407,747,747,76,407,40.97
2008,8,8,0,30,22.200000000000003,53,171,532,0,26,26,46.68
2008,8,8,1,30,20.8,0,0,0,0,0,0,57.910000000000004
2008,8,8,2,30,19.900000000000002,0,0,0,0,0,0,62.77
2008,8,8,3,30,19.200000000000003,0,0,0,0,0,0,66.19
2008,8,8,4,30,18.400000000000002,0,0,0,0,0,0,70.27
2008,8,8,5,30,17.5,0,0,0,0,0,0,75.57000000000001
2008,8,8,6,30,16.7,0,0,0,0,0,0,80.87
2008,8,8,7,30,16,0,0,0,0,0,0,85.93
2008,8,8,8,30,15.3,0,0,0,0,0,0,90.71000000000001
2008,8,8,9,30,14.700000000000001,0,0,0,0,0,0,94.60000000000001
2008,8,8,10,30,14.100000000000001,0,0,0,0,0,0,98.2
2008,8,8,11,30,13.9,0,0,0,0,0,0,98.83
2008,8,8,12,30,14.9,0,0,0,0,0,0,92.35000000000001
2008,8,8,13,30,17.5,55,185,553,2,107,108,79.72
2008,8,8,14,30,20.400000000000002,74,421,764,325,214,361,64.27
2008,8,8,15,30,22.3,85,647,861,861,85,647,54.230000000000004
2008,8,8,16,30,23.400000000000002,94,834,909,909,94,834,48.300000000000004
2008,8,8,17,30,24.1,100,965,935,503,328,794,44.63
2008,8,8,18,30,24.400000000000002,104,1033,946,657,270,916,42.79
2008,8,8,19,30,24.1,104,1031,945,945,104,1031,43.050000000000004
2008,8,8,20,30,23.6,100,957,931,20,398,417,44.71
2008,8,8,21,30,23,84,823,921,77,371,433,47.12
2008,8,8,22,30,22.200000000000003,77,633,870,144,307,399,50.35
2008,8,8,23,30,21.400000000000002,66,408,775,415,162,345,53.89
2008,8,9,0,30,20,46,173,575,0,4,4,61.59
2008,8,9,1,30,18.6,0,0,0,0,0,0,72.3
2008,8,9,2,30,17.8,0,0,0,0,0,0,75.85000000000001
2008,8,9,3,30,17.2,0,0,0,0,0,0,78.52
2008,8,9,4,30,16.6,0,0,0,0,0,0,81.94
2008,8,9,5,30,16.1,0,0,0,0,0,0,85.37
2008,8,9,6,30,15.700000000000001,0,0,0,0,0,0,88.58
2008,8,9,7,30,15.200000000000001,0,0,0,0,0,0,92.45
2008,8,9,8,30,14.5,0,0,0,0,0,0,97.2
2008,8,9,9,30,13.8,0,0,0,0,0,0,100
2008,8,9,10,30,13.3,0,0,0,0,0,0,100
2008,8,9,11,30,13,0,0,0,0,0,0,100
2008,8,9,12,30,14,0,0,0,0,0,0,93.76
2008,8,9,13,30,16.8,45,193,636,27,120,127,79.82000000000001
2008,8,9,14,30,20.5,61,433,820,820,61,433,59.74
2008,8,9,15,30,23.700000000000003,71,660,905,905,71,660,40.160000000000004
2008,8,9,16,30,25.8,77,849,951,951,77,849,32.29
2008,8,9,17,30,27.400000000000002,81,984,975,975,81,984,27.990000000000002
2008,8,9,18,30,28.5,88,1051,981,217,541,754,25.2
2008,8,9,19,30,29.1,89,1051,981,981,89,1051,23.38
2008,8,9,20,30,29.400000000000002,88,977,968,351,399,722,22.09
2008,8,9,21,30,29.1,81,839,944,237,353,543,21.63
2008,8,9,22,30,28.5,74,646,894,3,142,144,21.72
2008,8,9,23,30,27,64,416,803,619,140,412,23.39
2008,8,10,0,30,24.3,45,176,606,10,90,92,32.31
2008,8,10,1,30,21.8,0,0,0,0,0,0,48.01
2008,8,10,2,30,20.6,0,0,0,0,0,0,51.53
2008,8,10,3,30,19.5,0,0,0,0,0,0,56.14
2008,8,10,4,30,18.7,0,0,0,0,0,0,60.11
2008,8,10,5,30,17.900000000000002,0,0,0,0,0,0,64.67
2008,8,10,6,30,17.2,0,0,0,0,0,0,69.35000000000001
2008,8,10,7,30,16.6,0,0,0,0,0,0,75.04
2008,8,10,8,30,16.2,0,0,0,0,0,0,81.35000000000001
2008,8,10,9,30,15.600000000000001,0,0,0,0,0,0,88.61
2008,8,10,10,30,15,0,0,0,0,0,0,94.35000000000001
2008,8,10,11,30,14.9,0,0,0,0,0,0,96.01
2008,8,10,12,30,16,0,0,0,0,0,0,89.84
2008,8,10,13,30,18.7,47,189,615,615,47,189,76.36
2008,8,10,14,30,21.900000000000002,63,429,809,809,63,429,58.95
2008,8,10,15,30,24.5,72,656,897,897,72,656,45.42
2008,8,10,16,30,26.5,81,846,942,942,81,846,36.67
2008,8,10,17,30,27.6,90,979,961,961,90,979,32.6
2008,8,10,18,30,28,102,1044,959,959,102,1044,30.8
2008,8,10,19,30,28.3,104,1039,954,954,104,1039,30.02
2008,8,10,20,30,28.3,103,964,938,938,103,964,29.7
2008,8,10,21,30,27.900000000000002,95,826,913,913,95,826,30.330000000000002
2008,8,10,22,30,27.1,86,634,860,860,86,634,31.54
2008,8,10,23,30,26.1,72,405,762,762,72,405,33.35
2008,8,11,0,30,24.400000000000002,50,168,554,0,9,9,40.09
2008,8,11,1,30,22.6,0,0,0,0,0,0,57.2
2008,8,11,2,30,21.400000000000002,0,0,0,0,0,0,61.690000000000005
2008,8,11,3,30,20.400000000000002,0,0,0,0,0,0,63.730000000000004
2008,8,11,4,30,19.400000000000002,0,0,0,0,0,0,67.14
2008,8,11,5,30,18.6,0,0,0,0,0,0,70.58
2008,8,11,6,30,17.8,0,0,0,0,0,0,74.43
2008,8,11,7,30,17,0,0,0,0,0,0,78.49
2008,8,11,8,30,16.1,0,0,0,0,0,0,83.32000000000001
2008,8,11,9,30,15.5,0,0,0,0,0,0,86.99
2008,8,11,10,30,15.3,0,0,0,0,0,0,88.94
2008,8,11,11,30,15.200000000000001,0,0,0,0,0,0,90.22
2008,8,11,12,30,16.2,0,0,0,0,0,0,84.8
2008,8,11,13,30,19.200000000000003,50,185,587,587,50,185,70.31
2008,8,11,14,30,22.700000000000003,69,424,786,786,69,424,53.03
2008,8,11,15,30,25.1,80,650,878,878,80,650,43.63
2008,8,11,16,30,26.900000000000002,88,841,928,928,88,841,37.26
2008,8,11,17,30,28.400000000000002,95,975,952,952,95,975,31.92
2008,8,11,18,30,29.400000000000002,100,1045,963,963,100,1045,28.92
2008,8,11,19,30,30,102,1041,959,959,102,1041,27.05
2008,8,11,20,30,30.1,104,968,942,942,104,968,26.080000000000002
2008,8,11,21,30,29.900000000000002,95,829,918,299,350,589,25.85
2008,8,11,22,30,29.3,86,635,864,864,86,635,26.71
2008,8,11,23,30,28.1,72,406,770,770,72,406,28.560000000000002
2008,8,12,0,30,25.700000000000003,49,168,560,262,100,155,36.78
2008,8,12,1,30,23.6,0,0,0,0,0,0,51.32
2008,8,12,2,30,22.700000000000003,0,0,0,0,0,0,53.69
2008,8,12,3,30,22,0,0,0,0,0,0,55.54
2008,8,12,4,30,21.3,0,0,0,0,0,0,58.57
2008,8,12,5,30,20.5,0,0,0,0,0,0,63.04
2008,8,12,6,30,19.6,0,0,0,0,0,0,67.02
2008,8,12,7,30,18.5,0,0,0,0,0,0,69.93
2008,8,12,8,30,17.7,0,0,0,0,0,0,71.14
2008,8,12,9,30,16.900000000000002,0,0,0,0,0,0,73.74
2008,8,12,10,30,16.400000000000002,0,0,0,0,0,0,75.73
2008,8,12,11,30,16.1,0,0,0,0,0,0,77.22
2008,8,12,12,30,16.7,0,0,0,0,0,0,75.7
2008,8,12,13,30,18.8,52,185,576,140,118,150,68.72
2008,8,12,14,30,22,74,424,776,316,217,360,55.11
2008,8,12,15,30,25.200000000000003,85,652,874,874,85,652,37.36
2008,8,12,16,30,27.200000000000003,92,845,930,930,92,845,31.55
2008,8,12,17,30,28.700000000000003,95,981,960,960,95,981,29.060000000000002
2008,8,12,18,30,29.8,104,1048,963,592,297,878,27.060000000000002
2008,8,12,19,30,30.3,107,1044,958,630,254,870,25.7
2008,8,12,20,30,30.400000000000002,107,965,938,938,107,965,25.07
2008,8,12,21,30,30.200000000000003,98,826,912,912,98,826,25.12
2008,8,12,22,30,29.3,90,631,854,854,90,631,26.39
2008,8,12,23,30,27.700000000000003,75,400,751,751,75,400,29.240000000000002
2008,8,13,0,30,25.3,51,163,536,536,51,163,37.45
2008,8,13,1,30,23.3,0,0,0,0,0,0,52.06
2008,8,13,2,30,22.3,0,0,0,0,0,0,56.31
2008,8,13,3,30,21.5,0,0,0,0,0,0,59.620000000000005
2008,8,13,4,30,20.700000000000003,0,0,0,0,0,0,64.1
2008,8,13,5,30,19.900000000000002,0,0,0,0,0,0,69.29
2008,8,13,6,30,19.200000000000003,0,0,0,0,0,0,73.11
2008,8,13,7,30,18.3,0,0,0,0,0,0,76.46000000000001
2008,8,13,8,30,17.400000000000002,0,0,0,0,0,0,79.87
2008,8,13,9,30,16.7,0,0,0,0,0,0,83.04
2008,8,13,10,30,16.2,0,0,0,0,0,0,86.27
2008,8,13,11,30,16,0,0,0,0,0,0,88.35000000000001
2008,8,13,12,30,16.6,0,0,0,0,0,0,86.29
2008,8,13,13,30,18.5,58,177,523,523,58,177,78.76
2008,8,13,14,30,21.200000000000003,83,412,731,731,83,412,66.11
2008,8,13,15,30,23.6,97,638,834,834,97,638,51.300000000000004
2008,8,13,16,30,25.400000000000002,107,827,889,889,107,827,42.25
2008,8,13,17,30,26.5,116,960,915,915,116,960,38.65
2008,8,13,18,30,27,110,1031,940,940,110,1031,36.910000000000004
2008,8,13,19,30,27.200000000000003,112,1029,939,939,112,1029,36.04
2008,8,13,20,30,27,111,954,923,590,291,831,36.28
2008,8,13,21,30,26.400000000000002,114,808,871,534,268,693,37.64
2008,8,13,22,30,25.200000000000003,110,611,793,305,325,517,41.28
2008,8,13,23,30,23.400000000000002,97,381,660,436,177,364,48.65
2008,8,14,0,30,21.400000000000002,65,148,403,6,75,76,60.47
2008,8,14,1,30,20,0,0,0,0,0,0,71.05
2008,8,14,2,30,19.1,0,0,0,0,0,0,76.64
2008,8,14,3,30,18.2,0,0,0,0,0,0,82.72
2008,8,14,4,30,17.5,0,0,0,0,0,0,86.97
2008,8,14,5,30,16.900000000000002,0,0,0,0,0,0,89.74
2008,8,14,6,30,16.6,0,0,0,0,0,0,91.37
2008,8,14,7,30,16.3,0,0,0,0,0,0,92.89
2008,8,14,8,30,16.1,0,0,0,0,0,0,93.73
2008,8,14,9,30,16,0,0,0,0,0,0,94.22
2008,8,14,10,30,15.9,0,0,0,0,0,0,95.07000000000001
2008,8,14,11,30,15.8,0,0,0,0,0,0,94.86
2008,8,14,12,30,16.2,0,0,0,0,0,0,90.62
2008,8,14,13,30,17.8,78,164,378,2,63,64,79.14
2008,8,14,14,30,20.400000000000002,115,396,626,22,223,233,56.89
2008,8,14,15,30,23,132,623,760,14,295,304,43.160000000000004
2008,8,14,16,30,25,142,813,830,164,465,598,37.57
2008,8,14,17,30,26.5,149,950,869,256,523,760,33.9
2008,8,14,18,30,27.5,147,1020,891,891,147,1020,31.67
2008,8,14,19,30,27.900000000000002,147,1016,890,890,147,1016,30.6
2008,8,14,20,30,27.700000000000003,141,942,876,876,141,942,30.59
2008,8,14,21,30,27.1,121,806,862,862,121,806,31.39
2008,8,14,22,30,26.3,109,612,800,196,353,476,33.01
2008,8,14,23,30,25.1,91,383,682,362,205,359,36.02
2008,8,15,0,30,23.400000000000002,60,150,442,243,99,149,43.33
2008,8,15,1,30,21.8,0,0,0,0,0,0,55.26
2008,8,15,2,30,20.700000000000003,0,0,0,0,0,0,59.45
2008,8,15,3,30,19.8,0,0,0,0,0,0,63.68
2008,8,15,4,30,19,0,0,0,0,0,0,67.92
2008,8,15,5,30,18.400000000000002,0,0,0,0,0,0,71.17
2008,8,15,6,30,17.400000000000002,0,0,0,0,0,0,75.36
2008,8,15,7,30,16.400000000000002,0,0,0,0,0,0,79.65
2008,8,15,8,30,15.700000000000001,0,0,0,0,0,0,83.37
2008,8,15,9,30,15.200000000000001,0,0,0,0,0,0,87.28
2008,8,15,10,30,14.700000000000001,0,0,0,0,0,0,92.83
2008,8,15,11,30,14.5,0,0,0,0,0,0,96.43
2008,8,15,12,30,15.5,0,0,0,0,0,0,92
2008,8,15,13,30,18.400000000000002,54,178,550,9,108,110,78.82000000000001
2008,8,15,14,30,21.8,75,417,762,762,75,417,61.5
2008,8,15,15,30,24.400000000000002,89,644,859,859,89,644,48.75
2008,8,15,16,30,26.1,99,831,906,906,99,831,42.84
2008,8,15,17,30,27.200000000000003,108,964,930,930,108,964,39.47
2008,8,15,18,30,27.6,116,1030,935,216,461,671,37.85
2008,8,15,19,30,27.5,121,1023,926,926,121,1023,37.35
2008,8,15,20,30,27.1,121,944,903,700,240,879,37.99
2008,8,15,21,30,26.1,111,803,872,872,111,803,41.11
2008,8,15,22,30,24.700000000000003,98,610,816,514,211,534,46.46
2008,8,15,23,30,23.200000000000003,78,384,719,0,8,8,53.28
2008,8,16,0,30,21.200000000000003,49,152,508,23,94,98,63.65
2008,8,16,1,30,19.5,0,0,0,0,0,0,74.78
2008,8,16,2,30,18.400000000000002,0,0,0,0,0,0,80.77
2008,8,16,3,30,17.5,0,0,0,0,0,0,85.35000000000001
2008,8,16,4,30,16.6,0,0,0,0,0,0,89.05
2008,8,16,5,30,15.9,0,0,0,0,0,0,90.85000000000001
2008,8,16,6,30,15.200000000000001,0,0,0,0,0,0,92.17
2008,8,16,7,30,14.600000000000001,0,0,0,0,0,0,92.71000000000001
2008,8,16,8,30,14.100000000000001,0,0,0,0,0,0,92.84
2008,8,16,9,30,13.600000000000001,0,0,0,0,0,0,93.27
2008,8,16,10,30,13.200000000000001,0,0,0,0,0,0,93.3
2008,8,16,11,30,13,0,0,0,0,0,0,92.29
2008,8,16,12,30,14.100000000000001,0,0,0,0,0,0,85.05
2008,8,16,13,30,17.1,52,179,563,32,121,128,72.64
2008,8,16,14,30,20.8,75,418,769,304,217,352,55.46
2008,8,16,15,30,24,88,646,864,269,341,515,41.1
2008,8,16,16,30,26.200000000000003,97,836,917,413,386,720,34.24
2008,8,16,17,30,27.8,101,971,946,526,392,877,30.61
2008,8,16,18,30,28.900000000000002,105,1039,956,464,455,908,28.560000000000002
2008,8,16,19,30,29.400000000000002,107,1032,950,950,107,1032,27.69
2008,8,16,20,30,29.3,106,955,933,469,325,751,27.86
2008,8,16,21,30,28.8,102,811,897,575,232,687,28.79
2008,8,16,22,30,27.900000000000002,93,616,837,837,93,616,30.54
2008,8,16,23,30,26.400000000000002,78,385,725,322,188,324,34.12
2008,8,17,0,30,24.200000000000003,52,148,485,43,99,108,44.69
2008,8,17,1,30,22.400000000000002,0,0,0,0,0,0,58.21
2008,8,17,2,30,21.3,0,0,0,0,0,0,63.89
2008,8,17,3,30,20.400000000000002,0,0,0,0,0,0,69.83
2008,8,17,4,30,19.5,0,0,0,0,0,0,75.56
2008,8,17,5,30,18.7,0,0,0,0,0,0,79.77
2008,8,17,6,30,17.8,0,0,0,0,0,0,82.74
2008,8,17,7,30,16.900000000000002,0,0,0,0,0,0,85.38
2008,8,17,8,30,16.1,0,0,0,0,0,0,89.14
2008,8,17,9,30,15.5,0,0,0,0,0,0,93.33
2008,8,17,10,30,15,0,0,0,0,0,0,96.86
2008,8,17,11,30,14.5,0,0,0,0,0,0,99.17
2008,8,17,12,30,15,0,0,0,0,0,0,94.7
2008,8,17,13,30,17.2,53,176,554,9,106,108,81.31
2008,8,17,14,30,20.3,75,416,766,18,204,212,61.660000000000004
2008,8,17,15,30,23.3,87,644,865,392,303,556,44.83
2008,8,17,16,30,25.6,94,837,920,920,94,837,35.660000000000004
2008,8,17,17,30,27.400000000000002,99,972,949,207,512,702,30.68
2008,8,17,18,30,28.6,100,1040,964,964,100,1040,27.98
2008,8,17,19,30,29.400000000000002,99,1034,961,961,99,1034,26.25
2008,8,17,20,30,29.6,97,957,946,946,97,957,25.580000000000002
2008,8,17,21,30,29.400000000000002,95,814,911,297,351,585,25.55
2008,8,17,22,30,28.6,88,616,847,847,88,616,26.63
2008,8,17,23,30,27.1,75,385,739,412,156,329,29.560000000000002
2008,8,18,0,30,24.8,50,147,500,20,88,92,37.68
2008,8,18,1,30,22.8,0,0,0,0,0,0,51.68
2008,8,18,2,30,21.700000000000003,0,0,0,0,0,0,57.5
2008,8,18,3,30,20.700000000000003,0,0,0,0,0,0,64.37
2008,8,18,4,30,19.700000000000003,0,0,0,0,0,0,70.98
2008,8,18,5,30,18.7,0,0,0,0,0,0,78.12
2008,8,18,6,30,17.900000000000002,0,0,0,0,0,0,83.75
2008,8,18,7,30,17.400000000000002,0,0,0,0,0,0,87.59
2008,8,18,8,30,17,0,0,0,0,0,0,90.28
2008,8,18,9,30,16.7,0,0,0,0,0,0,91.44
2008,8,18,10,30,16.5,0,0,0,0,0,0,91.44
2008,8,18,11,30,16.1,0,0,0,0,0,0,93.23
2008,8,18,12,30,16.400000000000002,0,0,0,0,0,0,91.9
2008,8,18,13,30,17.900000000000002,54,170,522,6,101,103,85.27
2008,8,18,14,30,19.6,80,404,729,291,195,325,77.19
2008,8,18,15,30,20.900000000000002,96,628,825,825,96,628,69.66
2008,8,18,16,30,21.5,109,814,876,876,109,814,65.57000000000001
2008,8,18,17,30,22,118,944,899,80,461,535,62.92
2008,8,18,18,30,22.400000000000002,111,1015,928,928,111,1015,60.06
2008,8,18,19,30,22.6,110,1010,927,6,322,328,57.57
2008,8,18,20,30,22.5,107,935,913,94,431,516,56.99
2008,8,18,21,30,22.200000000000003,98,795,885,48,344,382,58.34
2008,8,18,22,30,21.5,87,601,828,1,128,128,62.03
2008,8,18,23,30,20.400000000000002,73,374,722,22,164,173,68.22
2008,8,19,0,30,19,48,142,489,5,60,61,78.36
2008,8,19,1,30,17.900000000000002,0,0,0,0,0,0,88.03
2008,8,19,2,30,17.3,0,0,0,0,0,0,92.11
2008,8,19,3,30,16.8,0,0,0,0,0,0,95.16
2008,8,19,4,30,16.3,0,0,0,0,0,0,97.75
2008,8,19,5,30,16.1,0,0,0,0,0,0,98.32000000000001
2008,8,19,6,30,16,0,0,0,0,0,0,98.71000000000001
2008,8,19,7,30,15.700000000000001,0,0,0,0,0,0,99.83
2008,8,19,8,30,15.3,0,0,0,0,0,0,100
2008,8,19,9,30,14.9,0,0,0,0,0,0,100
2008,8,19,10,30,14.5,0,0,0,0,0,0,100
2008,8,19,11,30,14.4,0,0,0,0,0,0,100
2008,8,19,12,30,15.200000000000001,0,0,0,0,0,0,96.05
2008,8,19,13,30,17.1,50,173,558,5,98,99,88.09
2008,8,19,14,30,19.1,73,409,756,3,162,163,77.06
2008,8,19,15,30,21,87,634,851,112,354,426,64.54
2008,8,19,16,30,22.700000000000003,96,824,904,14,370,382,53.9
2008,8,19,17,30,24,104,957,929,169,494,649,46.54
2008,8,19,18,30,24.700000000000003,112,1022,934,15,456,470,42.35
2008,8,19,19,30,24.8,112,1018,934,934,112,1018,41.050000000000004
2008,8,19,20,30,24.5,107,941,921,921,107,941,41.19
2008,8,19,21,30,23.900000000000002,98,801,894,894,98,801,42.25
2008,8,19,22,30,23.400000000000002,85,608,846,846,85,608,43.230000000000004
2008,8,19,23,30,22.400000000000002,68,380,754,754,68,380,45.95
2008,8,20,0,30,20.400000000000002,43,145,536,536,43,145,53.730000000000004
2008,8,20,1,30,18.400000000000002,0,0,0,0,0,0,65.23
2008,8,20,2,30,17.5,0,0,0,0,0,0,68.96000000000001
2008,8,20,3,30,16.7,0,0,0,0,0,0,72.73
2008,8,20,4,30,15.9,0,0,0,0,0,0,76.98
2008,8,20,5,30,15.200000000000001,0,0,0,0,0,0,81.5
2008,8,20,6,30,14.5,0,0,0,0,0,0,86.83
2008,8,20,7,30,14,0,0,0,0,0,0,92.28
2008,8,20,8,30,13.5,0,0,0,0,0,0,97.96000000000001
2008,8,20,9,30,13.200000000000001,0,0,0,0,0,0,100
2008,8,20,10,30,13,0,0,0,0,0,0,100
2008,8,20,11,30,13.100000000000001,0,0,0,0,0,0,100
2008,8,20,12,30,14.4,0,0,0,0,0,0,97.5
2008,8,20,13,30,17,50,172,553,553,50,172,85.2
2008,8,20,14,30,19.6,71,411,767,767,71,411,70.58
2008,8,20,15,30,21.6,82,638,864,864,82,638,57.33
2008,8,20,16,30,23,91,826,914,914,91,826,49.33
2008,8,20,17,30,24.200000000000003,97,962,943,943,97,962,44.85
2008,8,20,18,30,25.1,98,1029,957,957,98,1029,42.11
2008,8,20,19,30,25.6,96,1025,959,0,101,101,40.550000000000004
2008,8,20,20,30,25.900000000000002,90,948,949,949,90,948,39.56
2008,8,20,21,30,25.8,99,801,895,895,99,801,39.71
2008,8,20,22,30,25.200000000000003,89,603,835,438,275,545,41.07
2008,8,20,23,30,24,73,374,730,730,73,374,44.25
2008,8,21,0,30,22.1,47,138,489,489,47,138,52.71
2008,8,21,1,30,20.6,0,0,0,0,0,0,65
2008,8,21,2,30,19.900000000000002,0,0,0,0,0,0,67.88
2008,8,21,3,30,19.200000000000003,0,0,0,0,0,0,70.16
2008,8,21,4,30,18.400000000000002,0,0,0,0,0,0,72.93
2008,8,21,5,30,17.7,0,0,0,0,0,0,76.19
2008,8,21,6,30,17,0,0,0,0,0,0,81.01
2008,8,21,7,30,16.2,0,0,0,0,0,0,87.67
2008,8,21,8,30,15.4,0,0,0,0,0,0,93.82000000000001
2008,8,21,9,30,14.9,0,0,0,0,0,0,97.79
2008,8,21,10,30,14.600000000000001,0,0,0,0,0,0,99.95
2008,8,21,11,30,14.3,0,0,0,0,0,0,100
2008,8,21,12,30,14.600000000000001,0,0,0,0,0,0,98.10000000000001
2008,8,21,13,30,15.8,55,168,517,54,113,125,89.67
2008,8,21,14,30,18,79,405,738,0,94,94,77.04
2008,8,21,15,30,20.6,89,634,850,0,86,86,63.95
2008,8,21,16,30,22.5,94,825,910,6,349,353,54.92
2008,8,21,17,30,23.6,97,959,940,84,463,539,50.03
2008,8,21,18,30,24.200000000000003,104,1022,945,111,496,604,46.86
2008,8,21,19,30,24.3,105,1016,942,942,105,1016,45.42
2008,8,21,20,30,24,101,937,927,927,101,937,45.57
2008,8,21,21,30,23.200000000000003,95,795,895,106,406,489,48.18
2008,8,21,22,30,22.1,85,598,836,0,181,181,52.81
2008,8,21,23,30,20.5,73,367,718,86,181,216,61.04
2008,8,22,0,30,18.8,49,132,453,147,66,93,73.25
2008,8,22,1,30,17.5,0,0,0,0,0,0,83.77
2008,8,22,2,30,16.8,0,0,0,0,0,0,89.84
2008,8,22,3,30,16.400000000000002,0,0,0,0,0,0,93.43
2008,8,22,4,30,16.1,0,0,0,0,0,0,95.56
2008,8,22,5,30,16,0,0,0,0,0,0,96.68
2008,8,22,6,30,15.8,0,0,0,0,0,0,98.11
2008,8,22,7,30,15.700000000000001,0,0,0,0,0,0,98.77
2008,8,22,8,30,15.600000000000001,0,0,0,0,0,0,99.51
2008,8,22,9,30,15.4,0,0,0,0,0,0,100
2008,8,22,10,30,15.200000000000001,0,0,0,0,0,0,100
2008,8,22,11,30,15.100000000000001,0,0,0,0,0,0,100
2008,8,22,12,30,15.5,0,0,0,0,0,0,97.47
2008,8,22,13,30,16.8,50,169,545,545,50,169,89.77
2008,8,22,14,30,18.7,71,406,760,31,222,236,77.89
2008,8,22,15,30,20.8,83,632,858,858,83,632,64.63
2008,8,22,16,30,22.700000000000003,89,821,912,912,89,821,54.51
2008,8,22,17,30,24,92,957,946,946,92,957,48.58
2008,8,22,18,30,24.700000000000003,90,1024,962,962,90,1024,45.38
2008,8,22,19,30,24.8,88,1017,962,416,376,778,44.78
2008,8,22,20,30,24.5,85,940,949,949,85,940,45.84
2008,8,22,21,30,23.8,96,790,891,245,422,613,48.36
2008,8,22,22,30,22.8,86,595,833,2,141,142,52.26
2008,8,22,23,30,21.5,71,364,720,4,103,105,58.32
2008,8,23,0,30,20.1,46,130,470,64,93,104,67.18
2008,8,23,1,30,19.1,0,0,0,0,0,0,77.7
2008,8,23,2,30,18.400000000000002,0,0,0,0,0,0,80.9
2008,8,23,3,30,17.8,0,0,0,0,0,0,86.27
2008,8,23,4,30,17.400000000000002,0,0,0,0,0,0,89.44
2008,8,23,5,30,17,0,0,0,0,0,0,92.54
2008,8,23,6,30,16.6,0,0,0,0,0,0,96.22
2008,8,23,7,30,16.3,0,0,0,0,0,0,99.55
2008,8,23,8,30,15.9,0,0,0,0,0,0,100
2008,8,23,9,30,15.600000000000001,0,0,0,0,0,0,100
2008,8,23,10,30,15.200000000000001,0,0,0,0,0,0,100
2008,8,23,11,30,15,0,0,0,0,0,0,100
2008,8,23,12,30,15.700000000000001,0,0,0,0,0,0,97.69
2008,8,23,13,30,17.2,50,166,534,230,100,149,91.03
2008,8,23,14,30,19.1,73,402,746,293,210,339,80.2
2008,8,23,15,30,20.8,89,626,839,839,89,626,66.04
2008,8,23,16,30,21.8,99,813,890,43,390,425,58.36
2008,8,23,17,30,22.200000000000003,107,945,917,917,107,945,55.95
2008,8,23,18,30,22.3,122,1007,913,913,122,1007,55.85
2008,8,23,19,30,22.200000000000003,126,998,904,384,400,769,56.77
2008,8,23,20,30,21.8,126,919,882,153,487,624,59.08
2008,8,23,21,30,21.200000000000003,121,775,841,591,245,704,62.43
2008,8,23,22,30,20.400000000000002,110,578,769,235,271,414,66.94
2008,8,23,23,30,19.3,91,349,642,87,199,235,73.19
2008,8,24,0,30,18.2,55,121,375,0,7,7,80.73
2008,8,24,1,30,17.400000000000002,0,0,0,0,0,0,88.86
2008,8,24,2,30,17,0,0,0,0,0,0,92.61
2008,8,24,3,30,16.6,0,0,0,0,0,0,95.99000000000001
2008,8,24,4,30,16.3,0,0,0,0,0,0,98.25
2008,8,24,5,30,16,0,0,0,0,0,0,99.64
2008,8,24,6,30,15.8,0,0,0,0,0,0,100
2008,8,24,7,30,15.4,0,0,0,0,0,0,100
2008,8,24,8,30,14.9,0,0,0,0,0,0,100
2008,8,24,9,30,14.8,0,0,0,0,0,0,100
2008,8,24,10,30,14.700000000000001,0,0,0,0,0,0,100
2008,8,24,11,30,14.5,0,0,0,0,0,0,100
2008,8,24,12,30,15.100000000000001,0,0,0,0,0,0,95.25
2008,8,24,13,30,16.900000000000002,45,170,580,39,100,108,87.38
2008,8,24,14,30,19.400000000000002,63,408,784,64,205,233,75.55
2008,8,24,15,30,21.3,73,633,876,32,256,277,63.65
2008,8,24,16,30,22.200000000000003,80,821,925,317,309,562,58.46
2008,8,24,17,30,22.5,85,952,949,16,428,443,56.56
2008,8,24,18,30,22.5,88,1017,960,243,522,757,56.58
2008,8,24,19,30,22.1,88,1009,957,124,496,616,58.29
2008,8,24,20,30,21.400000000000002,86,931,943,278,427,676,61.83
2008,8,24,21,30,20.6,107,778,865,532,259,672,65.97
2008,8,24,22,30,19.8,93,582,808,15,214,223,70.7
2008,8,24,23,30,18.7,75,354,698,5,111,113,77.97
2008,8,25,0,30,17.7,46,123,448,10,73,75,86.94
2008,8,25,1,30,16.900000000000002,0,0,0,0,0,0,94.62
2008,8,25,2,30,16.6,0,0,0,0,0,0,97.33
2008,8,25,3,30,16.400000000000002,0,0,0,0,0,0,99.13
2008,8,25,4,30,16.3,0,0,0,0,0,0,99.95
2008,8,25,5,30,16.2,0,0,0,0,0,0,100
2008,8,25,6,30,16.1,0,0,0,0,0,0,100
2008,8,25,7,30,16,0,0,0,0,0,0,100
2008,8,25,8,30,15.8,0,0,0,0,0,0,100
2008,8,25,9,30,15.600000000000001,0,0,0,0,0,0,100
2008,8,25,10,30,15.4,0,0,0,0,0,0,100
2008,8,25,11,30,15.200000000000001,0,0,0,0,0,0,100
2008,8,25,12,30,15.3,0,0,0,0,0,0,98.29
2008,8,25,13,30,16.2,40,171,610,5,59,60,91.7
2008,8,25,14,30,17.8,56,410,808,248,203,311,80.04
2008,8,25,15,30,19.8,64,636,896,144,352,443,67.86
2008,8,25,16,30,21,71,823,940,70,397,453,63.07
2008,8,25,17,30,21.400000000000002,76,953,962,1,323,324,62.03
2008,8,25,18,30,21.400000000000002,80,1018,970,116,489,601,61.25
2008,8,25,19,30,21.400000000000002,81,1011,967,65,480,542,60.99
2008,8,25,20,30,21.200000000000003,79,933,954,17,335,350,61.92
2008,8,25,21,30,20.900000000000002,75,789,925,24,312,331,63.84
2008,8,25,22,30,20.5,68,593,871,59,255,290,66.34
2008,8,25,23,30,19.5,56,362,770,59,178,201,71.93
2008,8,26,0,30,17.900000000000002,36,127,533,0,16,16,85.84
2008,8,26,1,30,16.400000000000002,0,0,0,0,0,0,96.54
2008,8,26,2,30,15.600000000000001,0,0,0,0,0,0,99.34
2008,8,26,3,30,15,0,0,0,0,0,0,100
2008,8,26,4,30,14.600000000000001,0,0,0,0,0,0,100
2008,8,26,5,30,14.5,0,0,0,0,0,0,100
2008,8,26,6,30,14.5,0,0,0,0,0,0,100
2008,8,26,7,30,14.4,0,0,0,0,0,0,100
2008,8,26,8,30,14.5,0,0,0,0,0,0,100
2008,8,26,9,30,14.600000000000001,0,0,0,0,0,0,100
2008,8,26,10,30,14.700000000000001,0,0,0,0,0,0,100
2008,8,26,11,30,14.700000000000001,0,0,0,0,0,0,100
2008,8,26,12,30,15.100000000000001,0,0,0,0,0,0,99.07000000000001
2008,8,26,13,30,15.9,48,163,541,2,85,85,93.81
2008,8,26,14,30,16.8,71,399,750,750,71,399,89.87
2008,8,26,15,30,17.900000000000002,82,625,853,18,286,297,84.09
2008,8,26,16,30,18.900000000000002,88,814,909,909,88,814,78.25
2008,8,26,17,30,19.900000000000002,92,948,941,19,359,376,72.10000000000001
2008,8,26,18,30,20.700000000000003,104,1010,938,595,282,856,66.96000000000001
2008,8,26,19,30,21.3,104,1005,939,542,293,813,62.97
2008,8,26,20,30,21.5,100,926,924,241,439,654,61.11
2008,8,26,21,30,21.5,97,780,886,0,75,75,60.53
2008,8,26,22,30,21.1,88,582,823,1,103,103,62.51
2008,8,26,23,30,20.1,74,349,698,2,88,88,68.16
2008,8,27,0,30,18.6,47,116,419,7,69,71,82.06
2008,8,27,1,30,17.5,0,0,0,0,0,0,92.63
2008,8,27,2,30,16.900000000000002,0,0,0,0,0,0,94.88
2008,8,27,3,30,16.3,0,0,0,0,0,0,97.10000000000001
2008,8,27,4,30,15.700000000000001,0,0,0,0,0,0,98.26
2008,8,27,5,30,15.4,0,0,0,0,0,0,97.28
2008,8,27,6,30,15.100000000000001,0,0,0,0,0,0,97.09
2008,8,27,7,30,14.700000000000001,0,0,0,0,0,0,98.18
2008,8,27,8,30,14.200000000000001,0,0,0,0,0,0,100
2008,8,27,9,30,13.8,0,0,0,0,0,0,100
2008,8,27,10,30,13.5,0,0,0,0,0,0,100
2008,8,27,11,30,13.3,0,0,0,0,0,0,100
2008,8,27,12,30,14.100000000000001,0,0,0,0,0,0,96.17
2008,8,27,13,30,16.1,61,157,451,5,96,97,88.89
2008,8,27,14,30,18.7,93,391,685,6,183,186,77.08
2008,8,27,15,30,21.200000000000003,114,616,791,791,114,616,64.17
2008,8,27,16,30,23.200000000000003,127,804,849,167,454,587,55.410000000000004
2008,8,27,17,30,24.5,136,935,878,314,411,697,50.67
2008,8,27,18,30,25,143,999,887,0,129,129,49.050000000000004
2008,8,27,19,30,24.8,146,988,880,161,518,672,49.28
2008,8,27,20,30,24,143,906,857,192,443,614,51.86
2008,8,27,21,30,22.8,151,755,786,0,112,113,57.24
2008,8,27,22,30,21.400000000000002,136,556,703,93,297,353,64.69
2008,8,27,23,30,20.1,107,329,570,55,195,216,73.63
2008,8,28,0,30,19,57,106,305,29,69,74,84.65
2008,8,28,1,30,18.3,0,0,0,0,0,0,93.35000000000001
2008,8,28,2,30,17.8,0,0,0,0,0,0,97.05
2008,8,28,3,30,17.3,0,0,0,0,0,0,98.52
2008,8,28,4,30,16.7,0,0,0,0,0,0,100
2008,8,28,5,30,16.2,0,0,0,0,0,0,100
2008,8,28,6,30,15.8,0,0,0,0,0,0,100
2008,8,28,7,30,15.3,0,0,0,0,0,0,100
2008,8,28,8,30,14.9,0,0,0,0,0,0,100
2008,8,28,9,30,14.5,0,0,0,0,0,0,100
2008,8,28,10,30,14.200000000000001,0,0,0,0,0,0,100
2008,8,28,11,30,14,0,0,0,0,0,0,99.93
2008,8,28,12,30,14.3,0,0,0,0,0,0,96.83
2008,8,28,13,30,15.5,47,163,551,1,61,61,90.51
2008,8,28,14,30,17.900000000000002,69,400,762,8,177,180,79.54
2008,8,28,15,30,20.400000000000002,81,627,860,860,81,627,67.38
2008,8,28,16,30,22,89,814,911,911,89,814,60.660000000000004
2008,8,28,17,30,22.8,94,947,939,939,94,947,57
2008,8,28,18,30,23,97,1009,948,230,433,654,54.870000000000005
2008,8,28,19,30,22.8,99,1001,944,351,387,723,54.88
2008,8,28,20,30,22.1,96,919,926,115,447,549,58.02
2008,8,28,21,30,21.1,92,774,890,0,120,120,63.34
2008,8,28,22,30,19.900000000000002,85,574,822,1,120,121,70.63
2008,8,28,23,30,18.7,72,342,698,8,118,121,79.29
2008,8,29,0,30,17.6,44,110,412,6,57,58,89.13
2008,8,29,1,30,17,0,0,0,0,0,0,95.28
2008,8,29,2,30,16.7,0,0,0,0,0,0,97.85000000000001
2008,8,29,3,30,16.5,0,0,0,0,0,0,99.28
2008,8,29,4,30,16.3,0,0,0,0,0,0,99.77
2008,8,29,5,30,15.9,0,0,0,0,0,0,100
2008,8,29,6,30,15.600000000000001,0,0,0,0,0,0,99.88
2008,8,29,7,30,15.3,0,0,0,0,0,0,99.42
2008,8,29,8,30,15,0,0,0,0,0,0,99.64
2008,8,29,9,30,14.9,0,0,0,0,0,0,99.17
2008,8,29,10,30,14.8,0,0,0,0,0,0,99.39
2008,8,29,11,30,14.600000000000001,0,0,0,0,0,0,100
2008,8,29,12,30,14.8,0,0,0,0,0,0,98.10000000000001
2008,8,29,13,30,15.8,42,165,587,0,33,33,93.14
2008,8,29,14,30,17.5,61,402,785,0,16,16,83.53
2008,8,29,15,30,19.200000000000003,75,627,871,0,179,180,72.72
2008,8,29,16,30,20.6,85,813,915,150,433,553,64.92
2008,8,29,17,30,21.3,93,944,938,938,93,944,61.13
2008,8,29,18,30,21.3,97,1008,948,239,521,750,59.79
2008,8,29,19,30,21.200000000000003,96,1000,947,947,96,1000,59.870000000000005
2008,8,29,20,30,21,92,920,935,935,92,920,60.11
2008,8,29,21,30,20.700000000000003,85,775,905,905,85,775,60.42
2008,8,29,22,30,19.900000000000002,75,579,852,173,283,385,63.32
2008,8,29,23,30,18.7,61,346,742,139,187,241,70.41
2008,8,30,0,30,17.400000000000002,37,112,480,1,35,35,82.58
2008,8,30,1,30,16.6,0,0,0,0,0,0,87.96000000000001
2008,8,30,2,30,16.3,0,0,0,0,0,0,88.94
2008,8,30,3,30,15.700000000000001,0,0,0,0,0,0,92.15
2008,8,30,4,30,14.8,0,0,0,0,0,0,95.84
2008,8,30,5,30,13.9,0,0,0,0,0,0,98.31
2008,8,30,6,30,13.5,0,0,0,0,0,0,98.43
2008,8,30,7,30,13.200000000000001,0,0,0,0,0,0,98.24000000000001
2008,8,30,8,30,13,0,0,0,0,0,0,97.93
2008,8,30,9,30,12.8,0,0,0,0,0,0,98.29
2008,8,30,10,30,12.600000000000001,0,0,0,0,0,0,98.83
2008,8,30,11,30,12.5,0,0,0,0,0,0,99.08
2008,8,30,12,30,12.9,0,0,0,0,0,0,96.19
2008,8,30,13,30,14.200000000000001,43,164,583,0,22,22,89.84
2008,8,30,14,30,16.400000000000002,62,404,789,0,95,95,78.87
2008,8,30,15,30,18.900000000000002,73,632,883,4,258,261,66.29
2008,8,30,16,30,20.900000000000002,80,821,932,0,234,234,57.730000000000004
2008,8,30,17,30,22.400000000000002,84,953,959,197,494,672,52.44
2008,8,30,18,30,23.5,96,1014,957,42,476,516,49.18
2008,8,30,19,30,24.1,96,1006,956,249,520,757,47.54
2008,8,30,20,30,23.900000000000002,93,925,940,1,320,321,48.09
2008,8,30,21,30,23.3,89,775,903,903,89,775,49.89
2008,8,30,22,30,22.400000000000002,79,576,844,844,79,576,52.79
2008,8,30,23,30,21,63,343,735,735,63,343,57.620000000000005
2008,8,31,0,30,19,37,110,479,479,37,110,65.82000000000001
2008,8,31,1,30,17.2,0,0,0,0,0,0,74.39
2008,8,31,2,30,15.9,0,0,0,0,0,0,80.27
2008,8,31,3,30,14.700000000000001,0,0,0,0,0,0,86.82000000000001
2008,8,31,4,30,13.700000000000001,0,0,0,0,0,0,92.01
2008,8,31,5,30,12.9,0,0,0,0,0,0,96.37
2008,8,31,6,30,12.4,0,0,0,0,0,0,98.98
2008,8,31,7,30,12.100000000000001,0,0,0,0,0,0,99.98
2008,8,31,8,30,12,0,0,0,0,0,0,100
2008,8,31,9,30,12,0,0,0,0,0,0,100
2008,8,31,10,30,12.200000000000001,0,0,0,0,0,0,99.85000000000001
2008,8,31,11,30,12.4,0,0,0,0,0,0,99.96000000000001
2008,8,31,12,30,13.100000000000001,0,0,0,0,0,0,96.95
2008,8,31,13,30,14.5,45,162,568,102,98,119,90.41
2008,8,31,14,30,16.7,66,401,775,334,167,311,79.27
2008,8,31,15,30,19.3,80,629,869,313,262,459,67.1
2008,8,31,16,30,21.700000000000003,89,817,917,336,330,596,57.94
2008,8,31,17,30,23.5,95,947,942,137,456,580,52.43
2008,8,31,18,30,24.400000000000002,100,1010,949,280,411,679,49.980000000000004
2008,8,31,19,30,24.5,103,998,942,301,415,702,49.68
2008,8,31,20,30,23.900000000000002,101,914,922,29,394,420,50.83
2008,8,31,21,30,23.1,95,767,887,62,346,393,53.32
2008,8,31,22,30,22.3,84,568,828,51,239,269,56.69
2008,8,31,23,30,21,66,337,717,58,167,189,63.25
2008,9,1,0,30,19.3,39,105,446,46,76,83,77.41
2008,9,1,1,30,18.1,0,0,0,0,0,0,84.46000000000001
2008,9,1,2,30,17.400000000000002,0,0,0,0,0,0,86.34
2008,9,1,3,30,16.7,0,0,0,0,0,0,88.15
2008,9,1,4,30,15.9,0,0,0,0,0,0,91.21000000000001
2008,9,1,5,30,15.100000000000001,0,0,0,0,0,0,95.31
2008,9,1,6,30,14.4,0,0,0,0,0,0,99.09
2008,9,1,7,30,13.9,0,0,0,0,0,0,100
2008,9,1,8,30,13.700000000000001,0,0,0,0,0,0,100
2008,9,1,9,30,13.4,0,0,0,0,0,0,100
2008,9,1,10,30,13.200000000000001,0,0,0,0,0,0,100
2008,9,1,11,30,13,0,0,0,0,0,0,100
2008,9,1,12,30,13.700000000000001,0,0,0,0,0,0,98.36
2008,9,1,13,30,15.600000000000001,42,166,601,601,42,166,89.88
2008,9,1,14,30,18.400000000000002,60,408,807,807,60,408,76.54
2008,9,1,15,30,21.400000000000002,69,638,901,901,69,638,60.32
2008,9,1,16,30,23.700000000000003,75,828,950,950,75,828,49.75
2008,9,1,17,30,25.400000000000002,79,960,976,976,79,960,43.9
2008,9,1,18,30,26.400000000000002,84,1021,980,980,84,1021,40.94
2008,9,1,19,30,26.900000000000002,84,1012,979,979,84,1012,39.62
2008,9,1,20,30,27,81,927,962,962,81,927,39.19
2008,9,1,21,30,26.6,71,779,937,351,295,560,39.81
2008,9,1,22,30,25.6,65,578,881,12,176,183,41.9
2008,9,1,23,30,23.900000000000002,53,342,773,6,113,115,47.2
2008,9,2,0,30,21.6,32,106,510,0,3,3,62.6
2008,9,2,1,30,20,0,0,0,0,0,0,75.39
2008,9,2,2,30,19.1,0,0,0,0,0,0,78.87
2008,9,2,3,30,18.3,0,0,0,0,0,0,82.31
2008,9,2,4,30,17.5,0,0,0,0,0,0,86.45
2008,9,2,5,30,16.6,0,0,0,0,0,0,90.74
2008,9,2,6,30,15.8,0,0,0,0,0,0,93.72
2008,9,2,7,30,15.100000000000001,0,0,0,0,0,0,96.62
2008,9,2,8,30,14.600000000000001,0,0,0,0,0,0,99.46000000000001
2008,9,2,9,30,14.200000000000001,0,0,0,0,0,0,100
2008,9,2,10,30,14.100000000000001,0,0,0,0,0,0,100
2008,9,2,11,30,14.200000000000001,0,0,0,0,0,0,100
2008,9,2,12,30,15,0,0,0,0,0,0,97.9
2008,9,2,13,30,17.5,44,160,564,564,44,160,84.79
2008,9,2,14,30,20.6,65,400,780,780,65,400,68.68
2008,9,2,15,30,22.700000000000003,78,627,871,871,78,627,58.550000000000004
2008,9,2,16,30,24.1,88,815,919,387,381,686,53.67
2008,9,2,17,30,25.3,95,946,943,943,95,946,50.11
2008,9,2,18,30,26,107,1005,940,940,107,1005,47.9
2008,9,2,19,30,26.3,110,993,934,934,110,993,46.62
2008,9,2,20,30,26.1,109,910,913,913,109,910,46.5
2008,9,2,21,30,25.5,97,762,884,884,97,762,47.93
2008,9,2,22,30,24.5,89,559,812,812,89,559,51.43
2008,9,2,23,30,23,73,325,680,680,73,325,58.38
2008,9,3,0,30,21.200000000000003,42,95,373,373,42,95,75.16
2008,9,3,1,30,19.900000000000002,0,0,0,0,0,0,84.61
2008,9,3,2,30,19.1,0,0,0,0,0,0,85.98
2008,9,3,3,30,18.3,0,0,0,0,0,0,86.58
2008,9,3,4,30,17.6,0,0,0,0,0,0,86.88
2008,9,3,5,30,16.900000000000002,0,0,0,0,0,0,90.25
2008,9,3,6,30,16.5,0,0,0,0,0,0,94.8
2008,9,3,7,30,16.3,0,0,0,0,0,0,97.76
2008,9,3,8,30,16,0,0,0,0,0,0,100
2008,9,3,9,30,15.700000000000001,0,0,0,0,0,0,100
2008,9,3,10,30,15.4,0,0,0,0,0,0,100
2008,9,3,11,30,15.100000000000001,0,0,0,0,0,0,100
2008,9,3,12,30,15.5,0,0,0,0,0,0,98.58
2008,9,3,13,30,17.2,54,152,484,5,92,93,90.25
2008,9,3,14,30,19.5,79,390,725,725,79,390,79.23
2008,9,3,15,30,21.6,93,617,834,18,284,295,68.35000000000001
2008,9,3,16,30,23.1,103,805,889,101,404,484,60.97
2008,9,3,17,30,24,110,936,918,0,39,39,56.83
2008,9,3,18,30,24.400000000000002,105,1002,941,182,511,685,54.67
2008,9,3,19,30,24.3,104,991,940,940,104,991,54.2
2008,9,3,20,30,23.900000000000002,101,907,922,177,407,562,55.28
2008,9,3,21,30,23.6,98,758,881,241,344,525,56.050000000000004
2008,9,3,22,30,23.3,84,559,825,825,84,559,56.07
2008,9,3,23,30,22.200000000000003,65,327,713,220,164,244,58.65
2008,9,4,0,30,19.8,37,96,432,344,29,76,75.54
2008,9,4,1,30,17.900000000000002,0,0,0,0,0,0,83.52
2008,9,4,2,30,17,0,0,0,0,0,0,82.46000000000001
2008,9,4,3,30,16.2,0,0,0,0,0,0,84.9
2008,9,4,4,30,15.5,0,0,0,0,0,0,90.24
2008,9,4,5,30,14.700000000000001,0,0,0,0,0,0,96.55
2008,9,4,6,30,14.100000000000001,0,0,0,0,0,0,100
2008,9,4,7,30,13.600000000000001,0,0,0,0,0,0,100
2008,9,4,8,30,13.4,0,0,0,0,0,0,100
2008,9,4,9,30,13.5,0,0,0,0,0,0,100
2008,9,4,10,30,13.4,0,0,0,0,0,0,100
2008,9,4,11,30,13.3,0,0,0,0,0,0,100
2008,9,4,12,30,14,0,0,0,0,0,0,98.10000000000001
2008,9,4,13,30,15.700000000000001,54,153,492,1,64,64,90.29
2008,9,4,14,30,18,80,393,732,20,205,214,78.31
2008,9,4,15,30,20.6,91,623,849,34,304,325,63.120000000000005
2008,9,4,16,30,22.8,94,815,915,126,430,530,53.71
2008,9,4,17,30,24.3,95,948,950,17,430,445,49.160000000000004
2008,9,4,18,30,25.200000000000003,96,1010,961,73,484,553,46.84
2008,9,4,19,30,25.6,96,999,959,17,361,377,46
2008,9,4,20,30,25.6,93,913,940,940,93,913,46.17
2008,9,4,21,30,24.900000000000002,89,763,904,241,333,513,48.18
2008,9,4,22,30,23.5,81,558,833,734,125,546,53.01
2008,9,4,23,30,21.5,68,322,697,120,189,232,62.52
2008,9,5,0,30,19.400000000000002,40,89,369,3,40,41,76.87
2008,9,5,1,30,18,0,0,0,0,0,0,87.58
2008,9,5,2,30,17.2,0,0,0,0,0,0,93.68
2008,9,5,3,30,16.8,0,0,0,0,0,0,97.3
2008,9,5,4,30,16.6,0,0,0,0,0,0,99.15
2008,9,5,5,30,16.3,0,0,0,0,0,0,100
2008,9,5,6,30,15.9,0,0,0,0,0,0,100
2008,9,5,7,30,15.4,0,0,0,0,0,0,100
2008,9,5,8,30,14.9,0,0,0,0,0,0,100
2008,9,5,9,30,14.5,0,0,0,0,0,0,100
2008,9,5,10,30,14.100000000000001,0,0,0,0,0,0,100
2008,9,5,11,30,13.8,0,0,0,0,0,0,100
2008,9,5,12,30,14.200000000000001,0,0,0,0,0,0,99.29
2008,9,5,13,30,15.600000000000001,41,159,587,0,42,42,92.39
2008,9,5,14,30,17.7,59,399,796,0,120,120,81.28
2008,9,5,15,30,19.8,70,627,889,116,347,420,68.87
2008,9,5,16,30,21.700000000000003,77,816,939,939,77,816,59.980000000000004
2008,9,5,17,30,23.200000000000003,82,947,964,4,385,389,54.7
2008,9,5,18,30,24.200000000000003,82,1010,978,1,342,343,51.2
2008,9,5,19,30,24.700000000000003,84,998,973,0,162,162,48.800000000000004
2008,9,5,20,30,24.8,84,913,954,58,436,487,47.33
2008,9,5,21,30,24.400000000000002,84,762,912,912,84,762,47.01
2008,9,5,22,30,23.700000000000003,75,560,852,54,294,324,47.550000000000004
2008,9,5,23,30,22.1,60,325,736,23,158,166,51.89
2008,9,6,0,30,19.400000000000002,34,91,441,115,50,65,68.93
2008,9,6,1,30,17.400000000000002,0,0,0,0,0,0,80.16
2008,9,6,2,30,16.2,0,0,0,0,0,0,83.44
2008,9,6,3,30,15.200000000000001,0,0,0,0,0,0,85.22
2008,9,6,4,30,14.200000000000001,0,0,0,0,0,0,87.24
2008,9,6,5,30,13.5,0,0,0,0,0,0,89.46000000000001
2008,9,6,6,30,12.9,0,0,0,0,0,0,92.94
2008,9,6,7,30,12.3,0,0,0,0,0,0,97.71000000000001
2008,9,6,8,30,11.9,0,0,0,0,0,0,100
2008,9,6,9,30,11.700000000000001,0,0,0,0,0,0,100
2008,9,6,10,30,11.5,0,0,0,0,0,0,100
2008,9,6,11,30,11.4,0,0,0,0,0,0,100
2008,9,6,12,30,12.100000000000001,0,0,0,0,0,0,97.65
2008,9,6,13,30,14,39,164,627,627,39,164,88.15
2008,9,6,14,30,16.900000000000002,56,410,832,832,56,410,74.33
2008,9,6,15,30,19.900000000000002,65,641,921,921,65,641,57.78
2008,9,6,16,30,22.200000000000003,71,832,968,968,71,832,47.96
2008,9,6,17,30,24,75,964,992,992,75,964,42.71
2008,9,6,18,30,25.3,84,1023,992,992,84,1023,39.58
2008,9,6,19,30,26.1,85,1009,985,985,85,1009,37.92
2008,9,6,20,30,26.1,84,921,965,60,441,493,37.99
2008,9,6,21,30,25.5,78,768,932,932,78,768,39.35
2008,9,6,22,30,24.6,70,563,872,872,70,563,41.910000000000004
2008,9,6,23,30,22.8,57,324,752,752,57,324,47.980000000000004
2008,9,7,0,30,20.3,32,89,456,456,32,89,62.65
2008,9,7,1,30,18.5,0,0,0,0,0,0,75.46000000000001
2008,9,7,2,30,17.3,0,0,0,0,0,0,80.94
2008,9,7,3,30,16.1,0,0,0,0,0,0,87.25
2008,9,7,4,30,15.200000000000001,0,0,0,0,0,0,92.19
2008,9,7,5,30,14.4,0,0,0,0,0,0,96.92
2008,9,7,6,30,13.8,0,0,0,0,0,0,100
2008,9,7,7,30,13.3,0,0,0,0,0,0,100
2008,9,7,8,30,12.9,0,0,0,0,0,0,100
2008,9,7,9,30,12.5,0,0,0,0,0,0,100
2008,9,7,10,30,12.100000000000001,0,0,0,0,0,0,100
2008,9,7,11,30,11.600000000000001,0,0,0,0,0,0,100
2008,9,7,12,30,11.8,0,0,0,0,0,0,98.14
2008,9,7,13,30,13.5,38,160,615,615,38,160,86.32000000000001
2008,9,7,14,30,16.3,55,404,822,3,160,161,69.38
2008,9,7,15,30,19.200000000000003,65,633,911,911,65,633,54.94
2008,9,7,16,30,21.5,72,822,957,957,72,822,47.88
2008,9,7,17,30,23.400000000000002,76,951,978,978,76,951,44.34
2008,9,7,18,30,24.5,79,1011,986,986,79,1011,43.52
2008,9,7,19,30,24.900000000000002,80,997,980,980,80,997,44.13
2008,9,7,20,30,24.6,78,910,962,962,78,910,45.99
2008,9,7,21,30,23.8,86,755,906,906,86,755,48.410000000000004
2008,9,7,22,30,22.900000000000002,78,549,836,836,78,549,51.83
2008,9,7,23,30,21.5,62,313,712,10,157,160,57.27
2008,9,8,0,30,19.5,34,82,399,399,34,82,68.47
2008,9,8,1,30,17.900000000000002,0,0,0,0,0,0,79.91
2008,9,8,2,30,17.2,0,0,0,0,0,0,82.44
2008,9,8,3,30,16.400000000000002,0,0,0,0,0,0,85.48
2008,9,8,4,30,15.5,0,0,0,0,0,0,90.01
2008,9,8,5,30,14.600000000000001,0,0,0,0,0,0,94.99
2008,9,8,6,30,13.9,0,0,0,0,0,0,98.81
2008,9,8,7,30,13.5,0,0,0,0,0,0,100
2008,9,8,8,30,13.200000000000001,0,0,0,0,0,0,100
2008,9,8,9,30,13,0,0,0,0,0,0,100
2008,9,8,10,30,12.8,0,0,0,0,0,0,100
2008,9,8,11,30,12.700000000000001,0,0,0,0,0,0,99.84
2008,9,8,12,30,13.100000000000001,0,0,0,0,0,0,96.60000000000001
2008,9,8,13,30,14.600000000000001,41,156,581,14,78,81,87.54
2008,9,8,14,30,16.7,62,395,789,250,196,302,76.21000000000001
2008,9,8,15,30,19.1,74,623,882,23,286,300,65.48
2008,9,8,16,30,21.3,82,811,931,286,326,550,57.61
2008,9,8,17,30,23.200000000000003,85,941,959,400,352,709,52.34
2008,9,8,18,30,24.6,85,1003,973,3,390,393,48.65
2008,9,8,19,30,25.400000000000002,82,989,972,254,452,689,46.36
2008,9,8,20,30,25.6,79,904,957,281,359,601,45.36
2008,9,8,21,30,25,73,752,924,740,163,706,46.35
2008,9,8,22,30,23.8,66,548,861,245,287,424,49.83
2008,9,8,23,30,21.900000000000002,54,313,743,743,54,313,58.050000000000004
2008,9,9,0,30,19.8,30,81,435,435,30,81,72.77
2008,9,9,1,30,18.400000000000002,0,0,0,0,0,0,83.02
2008,9,9,2,30,17.5,0,0,0,0,0,0,88.01
2008,9,9,3,30,16.7,0,0,0,0,0,0,92.94
2008,9,9,4,30,16,0,0,0,0,0,0,96.7
2008,9,9,5,30,15.4,0,0,0,0,0,0,98.83
2008,9,9,6,30,14.8,0,0,0,0,0,0,99.31
2008,9,9,7,30,14.3,0,0,0,0,0,0,99.27
2008,9,9,8,30,14,0,0,0,0,0,0,99.31
2008,9,9,9,30,14,0,0,0,0,0,0,98.54
2008,9,9,10,30,14,0,0,0,0,0,0,98.54
2008,9,9,11,30,14,0,0,0,0,0,0,98.96000000000001
2008,9,9,12,30,14.4,0,0,0,0,0,0,96.5
2008,9,9,13,30,15.8,36,157,619,619,36,157,89.64
2008,9,9,14,30,18.1,50,397,824,23,202,211,77.78
2008,9,9,15,30,20.5,57,624,913,913,57,624,63.550000000000004
2008,9,9,16,30,22.8,62,811,958,958,62,811,53.24
2008,9,9,17,30,24.3,66,940,981,981,66,940,48.95
2008,9,9,18,30,25.200000000000003,68,1001,991,991,68,1001,46.68
2008,9,9,19,30,25.400000000000002,68,988,989,989,68,988,45.75
2008,9,9,20,30,25.200000000000003,68,903,973,973,68,903,45.68
2008,9,9,21,30,24.6,63,751,940,940,63,751,47.45
2008,9,9,22,30,23.5,57,547,881,881,57,547,51.72
2008,9,9,23,30,22,47,311,765,765,47,311,59.34
2008,9,10,0,30,20.3,27,79,461,103,53,65,73.97
2008,9,10,1,30,19.200000000000003,0,0,0,0,0,0,86.84
2008,9,10,2,30,18.5,0,0,0,0,0,0,89.87
2008,9,10,3,30,17.900000000000002,0,0,0,0,0,0,92.69
2008,9,10,4,30,17.400000000000002,0,0,0,0,0,0,95.24
2008,9,10,5,30,17.1,0,0,0,0,0,0,97.33
2008,9,10,6,30,16.7,0,0,0,0,0,0,99.78
2008,9,10,7,30,16.400000000000002,0,0,0,0,0,0,100
2008,9,10,8,30,16.1,0,0,0,0,0,0,100
2008,9,10,9,30,15.700000000000001,0,0,0,0,0,0,100
2008,9,10,10,30,15.4,0,0,0,0,0,0,100
2008,9,10,11,30,15.100000000000001,0,0,0,0,0,0,100
2008,9,10,12,30,15.3,0,0,0,0,0,0,97.66
2008,9,10,13,30,16.400000000000002,37,155,607,0,26,26,90.13
2008,9,10,14,30,18.5,51,395,818,2,87,88,76.52
2008,9,10,15,30,21,58,623,910,482,212,511,63.18
2008,9,10,16,30,23.200000000000003,63,809,957,130,416,517,55.09
2008,9,10,17,30,24.900000000000002,66,939,981,1,321,322,49.9
2008,9,10,18,30,26.1,72,998,985,1,286,287,45.76
2008,9,10,19,30,26.700000000000003,73,984,981,0,241,241,43.57
2008,9,10,20,30,26.700000000000003,71,897,964,964,71,897,42.800000000000004
2008,9,10,21,30,26,67,746,933,8,239,245,44.29
2008,9,10,22,30,24.8,59,541,873,1,94,95,48.24
2008,9,10,23,30,23.3,48,306,755,8,105,108,55.07
2008,9,11,0,30,21.8,26,76,449,29,39,42,67.81
2008,9,11,1,30,20.8,0,0,0,0,0,0,77.33
2008,9,11,2,30,19.900000000000002,0,0,0,0,0,0,82.14
2008,9,11,3,30,19.200000000000003,0,0,0,0,0,0,87.5
2008,9,11,4,30,18.5,0,0,0,0,0,0,92.53
2008,9,11,5,30,18,0,0,0,0,0,0,95.56
2008,9,11,6,30,17.6,0,0,0,0,0,0,97.48
2008,9,11,7,30,17,0,0,0,0,0,0,99.92
2008,9,11,8,30,16.3,0,0,0,0,0,0,100
2008,9,11,9,30,15.700000000000001,0,0,0,0,0,0,100
2008,9,11,10,30,15.200000000000001,0,0,0,0,0,0,100
2008,9,11,11,30,14.8,0,0,0,0,0,0,100
2008,9,11,12,30,15.100000000000001,0,0,0,0,0,0,96.32000000000001
2008,9,11,13,30,16.400000000000002,36,154,611,611,36,154,88.10000000000001
2008,9,11,14,30,18.400000000000002,53,393,810,810,53,393,76.93
2008,9,11,15,30,20.8,63,619,898,101,337,400,65.05
2008,9,11,16,30,23.1,70,805,944,944,70,805,56.71
2008,9,11,17,30,24.8,75,936,970,970,75,936,51.18
2008,9,11,18,30,25.8,89,993,965,965,89,993,47.6
2008,9,11,19,30,26.3,90,977,959,959,90,977,45.54
2008,9,11,20,30,26.1,88,890,941,4,359,362,45.85
2008,9,11,21,30,25.400000000000002,90,735,889,889,90,735,47.32
2008,9,11,22,30,24.700000000000003,79,530,822,822,79,530,49.800000000000004
2008,9,11,23,30,23.6,62,295,691,691,62,295,55.480000000000004
2008,9,12,0,30,21.900000000000002,32,68,344,41,42,46,72.85000000000001
2008,9,12,1,30,20.6,0,0,0,0,0,0,83.35000000000001
2008,9,12,2,30,19.700000000000003,0,0,0,0,0,0,87.38
2008,9,12,3,30,18.5,0,0,0,0,0,0,90.19
2008,9,12,4,30,17.400000000000002,0,0,0,0,0,0,92.95
2008,9,12,5,30,16.6,0,0,0,0,0,0,95.34
2008,9,12,6,30,16,0,0,0,0,0,0,97.49000000000001
2008,9,12,7,30,15.5,0,0,0,0,0,0,99.28
2008,9,12,8,30,15.100000000000001,0,0,0,0,0,0,100
2008,9,12,9,30,14.700000000000001,0,0,0,0,0,0,100
2008,9,12,10,30,14.3,0,0,0,0,0,0,100
2008,9,12,11,30,13.9,0,0,0,0,0,0,100
2008,9,12,12,30,14.4,0,0,0,0,0,0,97.69
2008,9,12,13,30,16.400000000000002,39,153,595,595,39,153,86.91
2008,9,12,14,30,19.3,56,394,810,810,56,394,71.98
2008,9,12,15,30,22,64,624,906,906,64,624,60.03
2008,9,12,16,30,24.1,70,812,954,954,70,812,53.26
2008,9,12,17,30,25.6,74,939,978,978,74,939,48.69
2008,9,12,18,30,26.6,95,995,962,962,95,995,45.7
2008,9,12,19,30,27.1,96,980,957,152,484,624,44.160000000000004
2008,9,12,20,30,27,93,890,937,937,93,890,44.12
2008,9,12,21,30,26.400000000000002,91,734,891,891,91,734,45.36
2008,9,12,22,30,25.3,82,526,815,815,82,526,48.24
2008,9,12,23,30,23.5,66,289,670,153,177,228,54.800000000000004
2008,9,13,0,30,21.3,33,63,292,118,50,62,69.85000000000001
2008,9,13,1,30,19.8,0,0,0,0,0,0,82.87
2008,9,13,2,30,18.900000000000002,0,0,0,0,0,0,88.62
2008,9,13,3,30,18.3,0,0,0,0,0,0,93.43
2008,9,13,4,30,17.900000000000002,0,0,0,0,0,0,96.28
2008,9,13,5,30,17.6,0,0,0,0,0,0,97.9
2008,9,13,6,30,17.3,0,0,0,0,0,0,98.54
2008,9,13,7,30,16.900000000000002,0,0,0,0,0,0,99.47
2008,9,13,8,30,16.6,0,0,0,0,0,0,100
2008,9,13,9,30,16.3,0,0,0,0,0,0,100
2008,9,13,10,30,15.9,0,0,0,0,0,0,100
2008,9,13,11,30,15.5,0,0,0,0,0,0,100
2008,9,13,12,30,16,0,0,0,0,0,0,97.77
2008,9,13,13,30,17.6,49,144,498,34,92,98,90.26
2008,9,13,14,30,19.700000000000003,71,383,750,65,230,257,78.92
2008,9,13,15,30,21.6,82,614,864,25,288,304,67.09
2008,9,13,16,30,23,88,802,922,364,385,668,57.83
2008,9,13,17,30,24.1,90,932,953,473,399,816,52.04
2008,9,13,18,30,25,153,973,879,214,543,743,47.78
2008,9,13,19,30,25.6,148,959,881,302,516,794,44.800000000000004
2008,9,13,20,30,25.700000000000003,135,874,872,637,269,809,43.47
2008,9,13,21,30,25.400000000000002,115,724,847,515,251,621,43.26
2008,9,13,22,30,24.5,100,516,769,769,100,516,45.52
2008,9,13,23,30,22.900000000000002,79,279,607,607,79,279,55.4
2008,9,14,0,30,21.200000000000003,36,57,212,13,50,51,71.04
2008,9,14,1,30,20,0,0,0,0,0,0,81.91
2008,9,14,2,30,19.400000000000002,0,0,0,0,0,0,88.14
2008,9,14,3,30,18.8,0,0,0,0,0,0,91.24
2008,9,14,4,30,18.2,0,0,0,0,0,0,92.83
2008,9,14,5,30,17.7,0,0,0,0,0,0,94.43
2008,9,14,6,30,17.2,0,0,0,0,0,0,96.7
2008,9,14,7,30,16.900000000000002,0,0,0,0,0,0,98.18
2008,9,14,8,30,16.7,0,0,0,0,0,0,99.09
2008,9,14,9,30,16.6,0,0,0,0,0,0,99.60000000000001
2008,9,14,10,30,16.5,0,0,0,0,0,0,100
2008,9,14,11,30,16.400000000000002,0,0,0,0,0,0,100
2008,9,14,12,30,16.400000000000002,0,0,0,0,0,0,99.76
2008,9,14,13,30,16.7,42,146,549,31,88,94,96.22
2008,9,14,14,30,17.5,58,386,789,33,163,177,88.24
2008,9,14,15,30,19,67,613,888,399,237,482,79.99
2008,9,14,16,30,20.5,73,799,938,938,73,799,72.33
2008,9,14,17,30,21.3,80,926,960,960,80,926,65.89
2008,9,14,18,30,21.700000000000003,87,984,964,964,87,984,62.64
2008,9,14,19,30,21.700000000000003,88,968,958,958,88,968,61.730000000000004
2008,9,14,20,30,21.3,86,880,941,941,86,880,63.160000000000004
2008,9,14,21,30,20.8,81,726,903,903,81,726,66.13
2008,9,14,22,30,20.1,71,522,840,93,298,348,69.7
2008,9,14,23,30,19,58,285,700,0,72,72,76.07000000000001
2008,9,15,0,30,17.8,28,59,331,1,37,37,85.68
2008,9,15,1,30,17,0,0,0,0,0,0,89.93
2008,9,15,2,30,16.3,0,0,0,0,0,0,92.57000000000001
2008,9,15,3,30,15.5,0,0,0,0,0,0,95.89
2008,9,15,4,30,14.600000000000001,0,0,0,0,0,0,99.29
2008,9,15,5,30,13.9,0,0,0,0,0,0,100
2008,9,15,6,30,13.5,0,0,0,0,0,0,100
2008,9,15,7,30,13.200000000000001,0,0,0,0,0,0,100
2008,9,15,8,30,12.9,0,0,0,0,0,0,100
2008,9,15,9,30,12.4,0,0,0,0,0,0,100
2008,9,15,10,30,12,0,0,0,0,0,0,100
2008,9,15,11,30,11.8,0,0,0,0,0,0,100
2008,9,15,12,30,11.9,0,0,0,0,0,0,99.55
2008,9,15,13,30,12.9,40,149,581,1,38,38,93.65
2008,9,15,14,30,14.700000000000001,59,390,800,1,137,138,82.05
2008,9,15,15,30,16.6,71,617,891,0,125,125,69.79
2008,9,15,16,30,18.1,78,804,939,16,362,375,61.76
2008,9,15,17,30,19.400000000000002,84,932,965,0,156,156,57.18
2008,9,15,18,30,20.400000000000002,88,990,972,0,181,181,54.22
2008,9,15,19,30,20.900000000000002,87,975,969,207,508,697,52.94
2008,9,15,20,30,20.8,85,884,950,157,462,593,53.43
2008,9,15,21,30,20.1,80,729,913,93,340,406,55.81
2008,9,15,22,30,18.900000000000002,71,522,846,0,58,58,60.410000000000004
2008,9,15,23,30,17.3,56,284,708,7,93,95,67.9
2008,9,16,0,30,15.600000000000001,27,57,339,339,27,57,79.54
2008,9,16,1,30,14.5,0,0,0,0,0,0,89.65
2008,9,16,2,30,13.9,0,0,0,0,0,0,94.26
2008,9,16,3,30,13.3,0,0,0,0,0,0,95.10000000000001
2008,9,16,4,30,12.8,0,0,0,0,0,0,96.42
2008,9,16,5,30,12.200000000000001,0,0,0,0,0,0,99
2008,9,16,6,30,11.700000000000001,0,0,0,0,0,0,100
2008,9,16,7,30,11.4,0,0,0,0,0,0,100
2008,9,16,8,30,11.200000000000001,0,0,0,0,0,0,100
2008,9,16,9,30,11,0,0,0,0,0,0,100
2008,9,16,10,30,10.9,0,0,0,0,0,0,100
2008,9,16,11,30,10.8,0,0,0,0,0,0,100
2008,9,16,12,30,11.100000000000001,0,0,0,0,0,0,99.09
2008,9,16,13,30,12.3,39,148,586,0,15,15,92.93
2008,9,16,14,30,14.3,57,390,806,0,31,31,81.83
2008,9,16,15,30,16.7,68,618,899,0,88,88,68.4
2008,9,16,16,30,18.8,75,805,947,0,105,105,59.050000000000004
2008,9,16,17,30,20.3,80,931,969,9,404,412,54.14
2008,9,16,18,30,21.1,83,989,979,0,156,156,52.02
2008,9,16,19,30,21.1,82,973,977,0,154,154,52.5
2008,9,16,20,30,20.8,78,882,959,6,372,378,53.89
2008,9,16,21,30,20.200000000000003,74,727,922,2,270,271,56.59
2008,9,16,22,30,19.1,66,518,854,0,153,153,61.39
2008,9,16,23,30,17.6,53,281,718,34,167,178,69.15
2008,9,17,0,30,16.1,25,55,355,0,24,24,80.46000000000001
2008,9,17,1,30,15,0,0,0,0,0,0,89.60000000000001
2008,9,17,2,30,14.3,0,0,0,0,0,0,94.03
2008,9,17,3,30,13.700000000000001,0,0,0,0,0,0,97.27
2008,9,17,4,30,13.200000000000001,0,0,0,0,0,0,99.26
2008,9,17,5,30,12.8,0,0,0,0,0,0,99.73
2008,9,17,6,30,12.4,0,0,0,0,0,0,100
2008,9,17,7,30,12.100000000000001,0,0,0,0,0,0,100
2008,9,17,8,30,11.9,0,0,0,0,0,0,100
2008,9,17,9,30,11.600000000000001,0,0,0,0,0,0,100
2008,9,17,10,30,11.4,0,0,0,0,0,0,100
2008,9,17,11,30,11.200000000000001,0,0,0,0,0,0,100
2008,9,17,12,30,11.3,0,0,0,0,0,0,100
2008,9,17,13,30,12.3,42,144,551,0,16,16,94.36
2008,9,17,14,30,14.200000000000001,63,384,779,0,91,91,84.12
2008,9,17,15,30,16.7,75,612,881,0,177,178,70.67
2008,9,17,16,30,19.1,81,799,934,94,385,457,59.85
2008,9,17,17,30,20.900000000000002,85,928,963,24,428,449,53.74
2008,9,17,18,30,22.200000000000003,114,977,934,9,428,437,50.09
2008,9,17,19,30,22.8,112,960,932,153,494,634,48.44
2008,9,17,20,30,22.8,106,871,916,71,429,488,48.43
2008,9,17,21,30,22.1,91,716,889,8,312,318,50.6
2008,9,17,22,30,20.900000000000002,79,508,815,54,280,309,54.74
2008,9,17,23,30,19.200000000000003,63,269,660,7,137,139,62.36
2008,9,18,0,30,17.400000000000002,27,49,265,0,19,19,74.9
2008,9,18,1,30,16,0,0,0,0,0,0,85.05
2008,9,18,2,30,15.200000000000001,0,0,0,0,0,0,89.89
2008,9,18,3,30,14.600000000000001,0,0,0,0,0,0,93
2008,9,18,4,30,14.100000000000001,0,0,0,0,0,0,94.28
2008,9,18,5,30,13.8,0,0,0,0,0,0,94.96000000000001
2008,9,18,6,30,13.5,0,0,0,0,0,0,96.3
2008,9,18,7,30,13.4,0,0,0,0,0,0,96.55
2008,9,18,8,30,13.200000000000001,0,0,0,0,0,0,96.5
2008,9,18,9,30,12.9,0,0,0,0,0,0,96.93
2008,9,18,10,30,12.700000000000001,0,0,0,0,0,0,97.01
2008,9,18,11,30,12.4,0,0,0,0,0,0,96.96000000000001
2008,9,18,12,30,12.4,0,0,0,0,0,0,94.76
2008,9,18,13,30,13.100000000000001,48,140,500,500,48,140,88.21000000000001
2008,9,18,14,30,14.3,71,381,756,40,220,237,77.72
2008,9,18,15,30,15.700000000000001,83,610,865,27,289,305,66.9
2008,9,18,16,30,17.2,93,797,918,3,326,328,58.43
2008,9,18,17,30,18.5,100,925,944,3,373,376,53.480000000000004
2008,9,18,18,30,19.400000000000002,99,984,960,169,506,661,51.09
2008,9,18,19,30,19.900000000000002,101,966,954,954,101,966,50.22
2008,9,18,20,30,20,99,872,930,3,350,353,50.75
2008,9,18,21,30,19.900000000000002,112,707,849,96,389,456,52.21
2008,9,18,22,30,19.400000000000002,97,498,768,768,97,498,55.120000000000005
2008,9,18,23,30,18.2,72,263,615,615,72,263,60.730000000000004
2008,9,19,0,30,16.5,28,45,229,1,23,23,75.15
2008,9,19,1,30,15.4,0,0,0,0,0,0,85.63
2008,9,19,2,30,14.9,0,0,0,0,0,0,87.15
2008,9,19,3,30,14.5,0,0,0,0,0,0,88.28
2008,9,19,4,30,14.200000000000001,0,0,0,0,0,0,89.59
2008,9,19,5,30,14,0,0,0,0,0,0,91.43
2008,9,19,6,30,13.8,0,0,0,0,0,0,93.61
2008,9,19,7,30,13.5,0,0,0,0,0,0,95.46000000000001
2008,9,19,8,30,13.200000000000001,0,0,0,0,0,0,96.88
2008,9,19,9,30,12.9,0,0,0,0,0,0,98.15
2008,9,19,10,30,12.700000000000001,0,0,0,0,0,0,98.23
2008,9,19,11,30,12.4,0,0,0,0,0,0,98.75
2008,9,19,12,30,12.200000000000001,0,0,0,0,0,0,98.13
2008,9,19,13,30,12.700000000000001,54,133,430,2,78,79,92.28
2008,9,19,14,30,14.100000000000001,85,369,696,696,85,369,83.27
2008,9,19,15,30,16.2,101,598,819,819,101,598,73.24
2008,9,19,16,30,18.2,111,785,880,880,111,785,64.63
2008,9,19,17,30,19.5,116,915,917,259,490,716,59.96
2008,9,19,18,30,20.3,94,981,965,89,475,557,57.29
2008,9,19,19,30,20.6,92,964,964,964,92,964,56.24
2008,9,19,20,30,20.5,88,873,947,947,88,873,56.38
2008,9,19,21,30,20,80,716,913,78,355,410,58.050000000000004
2008,9,19,22,30,19.200000000000003,72,507,839,0,118,118,61.34
2008,9,19,23,30,18,57,268,691,1,88,88,68.33
2008,9,20,0,30,16.5,24,45,288,0,18,18,83.38
2008,9,20,1,30,15.600000000000001,0,0,0,0,0,0,92.43
2008,9,20,2,30,15.100000000000001,0,0,0,0,0,0,95.28
2008,9,20,3,30,14.600000000000001,0,0,0,0,0,0,97.93
2008,9,20,4,30,14,0,0,0,0,0,0,100
2008,9,20,5,30,13.200000000000001,0,0,0,0,0,0,100
2008,9,20,6,30,12.5,0,0,0,0,0,0,100
2008,9,20,7,30,12.200000000000001,0,0,0,0,0,0,100
2008,9,20,8,30,12.100000000000001,0,0,0,0,0,0,100
2008,9,20,9,30,11.8,0,0,0,0,0,0,100
2008,9,20,10,30,11.5,0,0,0,0,0,0,100
2008,9,20,11,30,11.200000000000001,0,0,0,0,0,0,100
2008,9,20,12,30,11.4,0,0,0,0,0,0,99.21000000000001
2008,9,20,13,30,12.600000000000001,43,142,546,0,48,48,90.88
2008,9,20,14,30,14.9,65,383,781,0,122,122,77.15
2008,9,20,15,30,17.400000000000002,79,612,880,1,214,214,62.550000000000004
2008,9,20,16,30,19.6,88,801,935,7,346,352,52.89
2008,9,20,17,30,21.1,93,929,963,150,478,608,48.86
2008,9,20,18,30,22.1,94,987,975,294,507,776,47.050000000000004
2008,9,20,19,30,22.400000000000002,92,967,971,971,92,967,47.13
2008,9,20,20,30,22.200000000000003,88,875,954,19,401,416,48.28
2008,9,20,21,30,21.6,79,718,921,598,217,632,50.56
2008,9,20,22,30,20.6,68,507,854,306,219,376,54.49
2008,9,20,23,30,19.1,53,268,714,27,116,124,61.88
2008,9,21,0,30,17.2,22,44,309,1,23,23,76.03
2008,9,21,1,30,16,0,0,0,0,0,0,84.87
2008,9,21,2,30,15.4,0,0,0,0,0,0,88.64
2008,9,21,3,30,14.8,0,0,0,0,0,0,92.36
2008,9,21,4,30,14.3,0,0,0,0,0,0,95.81
2008,9,21,5,30,13.8,0,0,0,0,0,0,98.94
2008,9,21,6,30,13.4,0,0,0,0,0,0,100
2008,9,21,7,30,13,0,0,0,0,0,0,100
2008,9,21,8,30,12.700000000000001,0,0,0,0,0,0,100
2008,9,21,9,30,12.3,0,0,0,0,0,0,100
2008,9,21,10,30,12,0,0,0,0,0,0,100
2008,9,21,11,30,11.600000000000001,0,0,0,0,0,0,100
2008,9,21,12,30,11.700000000000001,0,0,0,0,0,0,99.94
2008,9,21,13,30,12.700000000000001,43,141,545,0,31,31,94
2008,9,21,14,30,14.5,65,382,781,31,212,225,84.62
2008,9,21,15,30,17,76,612,886,2,229,229,71.51
2008,9,21,16,30,19.1,82,799,943,12,354,363,60.54
2008,9,21,17,30,20.700000000000003,85,927,972,156,478,613,54.160000000000004
2008,9,21,18,30,21.6,82,985,988,113,488,591,51.120000000000005
2008,9,21,19,30,22,83,966,984,1,304,305,49.54
2008,9,21,20,30,21.900000000000002,81,874,965,2,327,328,49.22
2008,9,21,21,30,21.3,83,712,913,0,110,110,50.46
2008,9,21,22,30,20.400000000000002,72,502,841,0,60,60,52.83
2008,9,21,23,30,19,56,261,692,4,114,115,58.480000000000004
2008,9,22,0,30,17.2,22,40,279,0,15,15,75.09
2008,9,22,1,30,16,0,0,0,0,0,0,84.37
2008,9,22,2,30,15.4,0,0,0,0,0,0,86.8
2008,9,22,3,30,14.8,0,0,0,0,0,0,89.82000000000001
2008,9,22,4,30,14.200000000000001,0,0,0,0,0,0,93.57000000000001
2008,9,22,5,30,13.600000000000001,0,0,0,0,0,0,97.33
2008,9,22,6,30,13,0,0,0,0,0,0,100
2008,9,22,7,30,12.600000000000001,0,0,0,0,0,0,100
2008,9,22,8,30,12.3,0,0,0,0,0,0,100
2008,9,22,9,30,12,0,0,0,0,0,0,100
2008,9,22,10,30,11.8,0,0,0,0,0,0,100
2008,9,22,11,30,11.600000000000001,0,0,0,0,0,0,100
2008,9,22,12,30,11.700000000000001,0,0,0,0,0,0,100
2008,9,22,13,30,12.600000000000001,41,140,554,6,55,56,95.09
2008,9,22,14,30,14.200000000000001,62,381,789,17,139,146,86.61
2008,9,22,15,30,16.400000000000002,74,608,886,76,328,374,74.12
2008,9,22,16,30,18.5,81,794,938,1,274,275,62.410000000000004
2008,9,22,17,30,20.200000000000003,84,919,965,159,475,612,56.14
2008,9,22,18,30,21.400000000000002,83,975,979,78,467,538,53.120000000000005
2008,9,22,19,30,22,83,955,974,297,483,748,52.11
2008,9,22,20,30,21.900000000000002,81,863,955,955,81,863,52.78
2008,9,22,21,30,21.3,76,703,915,915,76,703,55.160000000000004
2008,9,22,22,30,20.200000000000003,68,493,838,701,120,476,59.76
2008,9,22,23,30,18.8,54,254,683,387,110,224,67.16
2008,9,23,0,30,17.3,21,36,254,0,21,21,78.96000000000001
2008,9,23,1,30,16.400000000000002,0,0,0,0,0,0,85.88
2008,9,23,2,30,15.9,0,0,0,0,0,0,89.01
2008,9,23,3,30,15.3,0,0,0,0,0,0,93.43
2008,9,23,4,30,14.700000000000001,0,0,0,0,0,0,97.54
2008,9,23,5,30,14.200000000000001,0,0,0,0,0,0,99.68
2008,9,23,6,30,13.8,0,0,0,0,0,0,100
2008,9,23,7,30,13.600000000000001,0,0,0,0,0,0,100
2008,9,23,8,30,13.5,0,0,0,0,0,0,100
2008,9,23,9,30,13.3,0,0,0,0,0,0,100
2008,9,23,10,30,13,0,0,0,0,0,0,100
2008,9,23,11,30,12.700000000000001,0,0,0,0,0,0,100
2008,9,23,12,30,12.8,0,0,0,0,0,0,100
2008,9,23,13,30,14,35,140,591,0,33,33,92.98
2008,9,23,14,30,16,52,380,813,15,184,189,81.91
2008,9,23,15,30,18.3,62,606,906,133,261,341,71.17
2008,9,23,16,30,20.200000000000003,68,790,954,7,336,342,62.660000000000004
2008,9,23,17,30,21.5,71,915,980,136,449,566,57.93
2008,9,23,18,30,22.200000000000003,72,971,989,315,480,766,55.47
2008,9,23,19,30,22.3,72,950,984,0,255,255,54.93
2008,9,23,20,30,21.900000000000002,69,858,967,0,97,97,56.32
2008,9,23,21,30,21.200000000000003,75,698,914,0,173,173,59
2008,9,23,22,30,20.1,66,488,839,839,66,488,63.68
2008,9,23,23,30,18.5,52,250,688,0,25,25,71.97
2008,9,24,0,30,16.8,20,34,252,0,10,10,83.78
2008,9,24,1,30,15.700000000000001,0,0,0,0,0,0,90.67
2008,9,24,2,30,15.100000000000001,0,0,0,0,0,0,93.63
2008,9,24,3,30,14.5,0,0,0,0,0,0,97.4
2008,9,24,4,30,14.200000000000001,0,0,0,0,0,0,99.58
2008,9,24,5,30,14.100000000000001,0,0,0,0,0,0,100
2008,9,24,6,30,14.100000000000001,0,0,0,0,0,0,100
2008,9,24,7,30,14.200000000000001,0,0,0,0,0,0,100
2008,9,24,8,30,14.200000000000001,0,0,0,0,0,0,100
2008,9,24,9,30,14.100000000000001,0,0,0,0,0,0,100
2008,9,24,10,30,13.700000000000001,0,0,0,0,0,0,100
2008,9,24,11,30,13.3,0,0,0,0,0,0,100
2008,9,24,12,30,13.3,0,0,0,0,0,0,100
2008,9,24,13,30,14,35,139,587,0,31,31,96.14
2008,9,24,14,30,15.5,53,379,812,0,80,80,88.02
2008,9,24,15,30,17.6,62,605,907,0,126,126,76.15
2008,9,24,16,30,19.6,69,790,955,1,256,256,65.16
2008,9,24,17,30,21,73,915,979,3,365,368,59.300000000000004
2008,9,24,18,30,22.1,73,970,991,991,73,970,55.74
2008,9,24,19,30,22.5,73,949,985,985,73,949,54.72
2008,9,24,20,30,22.200000000000003,70,856,968,968,70,856,56.03
2008,9,24,21,30,21.3,69,696,924,13,308,317,59.75
2008,9,24,22,30,19.8,62,486,849,345,197,369,67.12
2008,9,24,23,30,18,50,247,691,691,50,247,78.18
2008,9,25,0,30,16.5,19,32,245,0,16,16,90.23
2008,9,25,1,30,15.700000000000001,0,0,0,0,0,0,96.52
2008,9,25,2,30,15.200000000000001,0,0,0,0,0,0,98.16
2008,9,25,3,30,14.700000000000001,0,0,0,0,0,0,99.25
2008,9,25,4,30,14.200000000000001,0,0,0,0,0,0,100
2008,9,25,5,30,13.3,0,0,0,0,0,0,100
2008,9,25,6,30,12.4,0,0,0,0,0,0,99.8
2008,9,25,7,30,11.700000000000001,0,0,0,0,0,0,98.78
2008,9,25,8,30,11.3,0,0,0,0,0,0,98.82000000000001
2008,9,25,9,30,11,0,0,0,0,0,0,99.53
2008,9,25,10,30,10.700000000000001,0,0,0,0,0,0,100
2008,9,25,11,30,10.5,0,0,0,0,0,0,100
2008,9,25,12,30,10.600000000000001,0,0,0,0,0,0,99.98
2008,9,25,13,30,11.600000000000001,34,140,604,1,57,57,93.47
2008,9,25,14,30,13.5,54,380,817,817,54,380,82.84
2008,9,25,15,30,16,66,607,907,907,66,607,70.25
2008,9,25,16,30,18.3,75,792,952,952,75,792,60.03
2008,9,25,17,30,19.8,80,917,976,976,80,917,55.43
2008,9,25,18,30,20.900000000000002,82,972,986,25,447,470,52.69
2008,9,25,19,30,21.6,81,950,981,0,242,243,51.36
2008,9,25,20,30,21.700000000000003,77,856,964,0,123,123,51.71
2008,9,25,21,30,21.200000000000003,80,692,908,1,253,254,53.72
2008,9,25,22,30,19.900000000000002,71,480,827,31,241,256,58.82
2008,9,25,23,30,18,56,241,657,657,56,241,68.26
2008,9,26,0,30,16.3,19,28,179,0,13,13,81.56
2008,9,26,1,30,15.200000000000001,0,0,0,0,0,0,90.19
2008,9,26,2,30,14.600000000000001,0,0,0,0,0,0,94.12
2008,9,26,3,30,14,0,0,0,0,0,0,96.9
2008,9,26,4,30,13.3,0,0,0,0,0,0,99.38
2008,9,26,5,30,12.600000000000001,0,0,0,0,0,0,100
2008,9,26,6,30,12,0,0,0,0,0,0,100
2008,9,26,7,30,11.5,0,0,0,0,0,0,100
2008,9,26,8,30,11.100000000000001,0,0,0,0,0,0,100
2008,9,26,9,30,10.700000000000001,0,0,0,0,0,0,100
2008,9,26,10,30,10.4,0,0,0,0,0,0,100
2008,9,26,11,30,10.100000000000001,0,0,0,0,0,0,100
2008,9,26,12,30,10.3,0,0,0,0,0,0,98.31
2008,9,26,13,30,11.5,39,136,563,0,23,23,90.62
2008,9,26,14,30,14,60,377,797,1,139,139,78.17
2008,9,26,15,30,16.900000000000002,72,605,896,1,221,221,64.38
2008,9,26,16,30,19.200000000000003,80,790,945,1,297,298,55.69
2008,9,26,17,30,20.700000000000003,85,915,971,0,179,179,51.19
2008,9,26,18,30,21.700000000000003,100,963,960,0,229,229,48.34
2008,9,26,19,30,22.200000000000003,101,942,953,0,183,183,46.85
2008,9,26,20,30,22.200000000000003,98,847,932,0,178,179,46.47
2008,9,26,21,30,21.700000000000003,84,689,902,25,320,337,47.11
2008,9,26,22,30,20.8,73,480,828,1,161,161,49.14
2008,9,26,23,30,19.200000000000003,55,240,668,668,55,240,54.03
2008,9,27,0,30,16.8,17,27,212,0,11,11,70.10000000000001
2008,9,27,1,30,15.100000000000001,0,0,0,0,0,0,77.87
2008,9,27,2,30,13.9,0,0,0,0,0,0,77.92
2008,9,27,3,30,12.600000000000001,0,0,0,0,0,0,80.37
2008,9,27,4,30,11.600000000000001,0,0,0,0,0,0,83.41
2008,9,27,5,30,10.9,0,0,0,0,0,0,87.03
2008,9,27,6,30,10.4,0,0,0,0,0,0,90.75
2008,9,27,7,30,10.200000000000001,0,0,0,0,0,0,91.5
2008,9,27,8,30,9.9,0,0,0,0,0,0,91.97
2008,9,27,9,30,9.5,0,0,0,0,0,0,94.44
2008,9,27,10,30,9.1,0,0,0,0,0,0,98.87
2008,9,27,11,30,8.700000000000001,0,0,0,0,0,0,100
2008,9,27,12,30,9.200000000000001,0,0,0,0,0,0,99
2008,9,27,13,30,11.4,45,132,507,507,45,132,86.82000000000001
2008,9,27,14,30,14.8,70,373,763,763,70,373,68.72
2008,9,27,15,30,17.900000000000002,84,602,873,873,84,602,53.22
2008,9,27,16,30,19.900000000000002,95,788,925,925,95,788,48.83
2008,9,27,17,30,21.400000000000002,102,911,950,950,102,911,46.2
2008,9,27,18,30,22.400000000000002,128,957,924,1,332,332,44.37
2008,9,27,19,30,22.900000000000002,128,936,918,54,459,506,43.18
2008,9,27,20,30,22.900000000000002,125,837,889,40,408,440,42.75
2008,9,27,21,30,22.3,121,674,829,35,334,358,43.57
2008,9,27,22,30,21.3,103,464,742,167,281,362,45.47
2008,9,27,23,30,19.3,72,227,570,570,72,227,51.58
2008,9,28,0,30,16.5,18,23,129,129,18,23,69.74
2008,9,28,1,30,14.5,0,0,0,0,0,0,77.86
2008,9,28,2,30,13.3,0,0,0,0,0,0,78.97
2008,9,28,3,30,12.3,0,0,0,0,0,0,81.49
2008,9,28,4,30,11.3,0,0,0,0,0,0,86.24
2008,9,28,5,30,10.5,0,0,0,0,0,0,91.36
2008,9,28,6,30,9.9,0,0,0,0,0,0,95.43
2008,9,28,7,30,9.4,0,0,0,0,0,0,98.14
2008,9,28,8,30,9,0,0,0,0,0,0,100
2008,9,28,9,30,8.700000000000001,0,0,0,0,0,0,100
2008,9,28,10,30,8.6,0,0,0,0,0,0,100
2008,9,28,11,30,8.700000000000001,0,0,0,0,0,0,100
2008,9,28,12,30,9.5,0,0,0,0,0,0,100
2008,9,28,13,30,11.4,60,122,364,364,60,122,90.85000000000001
2008,9,28,14,30,14.200000000000001,102,357,645,645,102,357,76.51
2008,9,28,15,30,16.900000000000002,126,586,779,779,126,586,64.33
2008,9,28,16,30,18.900000000000002,144,771,841,841,144,771,56.85
2008,9,28,17,30,20.5,149,898,881,881,149,898,51.61
2008,9,28,18,30,21.6,96,971,978,978,96,971,48.06
2008,9,28,19,30,22.1,96,948,973,973,96,948,46.24
2008,9,28,20,30,22,95,852,949,949,95,852,45.7
2008,9,28,21,30,21.400000000000002,94,686,892,892,94,686,46.78
2008,9,28,22,30,20.400000000000002,85,471,799,799,85,471,49.300000000000004
2008,9,28,23,30,18.6,65,229,609,609,65,229,55.95
2008,9,29,0,30,16.6,17,21,120,120,17,21,70.79
2008,9,29,1,30,15.3,0,0,0,0,0,0,79.88
2008,9,29,2,30,14.5,0,0,0,0,0,0,82.7
2008,9,29,3,30,13.700000000000001,0,0,0,0,0,0,86.68
2008,9,29,4,30,13,0,0,0,0,0,0,90.76
2008,9,29,5,30,12.3,0,0,0,0,0,0,95.32000000000001
2008,9,29,6,30,11.700000000000001,0,0,0,0,0,0,98.71000000000001
2008,9,29,7,30,11.100000000000001,0,0,0,0,0,0,100
2008,9,29,8,30,10.5,0,0,0,0,0,0,100
2008,9,29,9,30,10,0,0,0,0,0,0,100
2008,9,29,10,30,9.8,0,0,0,0,0,0,100
2008,9,29,11,30,9.5,0,0,0,0,0,0,100
2008,9,29,12,30,9.9,0,0,0,0,0,0,100
2008,9,29,13,30,11.600000000000001,62,121,354,354,62,121,90.63
2008,9,29,14,30,14.200000000000001,107,357,636,636,107,357,75.74
2008,9,29,15,30,16.7,132,585,770,770,132,585,64.82000000000001
2008,9,29,16,30,18.7,146,772,842,842,146,772,57.63
2008,9,29,17,30,20.200000000000003,149,901,887,887,149,901,52.79
2008,9,29,18,30,21.3,129,961,933,933,129,961,49.04
2008,9,29,19,30,21.8,128,938,928,928,128,938,46.88
2008,9,29,20,30,21.6,125,838,898,898,125,838,46.42
2008,9,29,21,30,20.900000000000002,102,681,878,878,102,681,46.81
2008,9,29,22,30,20,91,465,781,781,91,465,48.79
2008,9,29,23,30,18.2,67,225,594,594,67,225,54.18
2008,9,30,0,30,15.700000000000001,16,20,122,122,16,20,66.07000000000001
2008,9,30,1,30,13.8,0,0,0,0,0,0,70.98
2008,9,30,2,30,12.200000000000001,0,0,0,0,0,0,71.08
2008,9,30,3,30,10.8,0,0,0,0,0,0,75.72
2008,9,30,4,30,9.700000000000001,0,0,0,0,0,0,84.04
2008,9,30,5,30,8.9,0,0,0,0,0,0,91.16
2008,9,30,6,30,8.4,0,0,0,0,0,0,95.96000000000001
2008,9,30,7,30,8.200000000000001,0,0,0,0,0,0,100
2008,9,30,8,30,8.5,0,0,0,0,0,0,100
2008,9,30,9,30,8.700000000000001,0,0,0,0,0,0,100
2008,9,30,10,30,8.6,0,0,0,0,0,0,100
2008,9,30,11,30,8.3,0,0,0,0,0,0,100
2008,9,30,12,30,8.700000000000001,0,0,0,0,0,0,100
2008,9,30,13,30,10.600000000000001,56,127,424,424,56,127,91.52
2008,9,30,14,30,13.200000000000001,84,375,743,743,84,375,74.28
2008,9,30,15,30,15.8,91,614,892,892,91,614,56.660000000000004
2008,9,30,16,30,17.900000000000002,94,810,966,966,94,810,45.08
2008,9,30,17,30,19.6,94,940,1002,1002,94,940,37.82
2008,9,30,18,30,21,94,995,1014,1014,94,995,32.87
2008,9,30,19,30,21.8,92,973,1013,1013,92,973,30.05
2008,9,30,20,30,22,88,870,990,990,88,870,28.72
2008,9,30,21,30,21.6,85,702,941,941,85,702,28.48
2008,9,30,22,30,20.5,74,483,861,861,74,483,29.87
2008,9,30,23,30,17.7,55,235,690,690,55,235,36.94
2008,10,1,0,30,14.200000000000001,15,19,165,165,15,19,60.02
2008,10,1,1,30,12.200000000000001,0,0,0,0,0,0,67.09
2008,10,1,2,30,11.200000000000001,0,0,0,0,0,0,68.60000000000001
2008,10,1,3,30,10.200000000000001,0,0,0,0,0,0,73
2008,10,1,4,30,9.200000000000001,0,0,0,0,0,0,79.56
2008,10,1,5,30,8.200000000000001,0,0,0,0,0,0,87.09
2008,10,1,6,30,7.6000000000000005,0,0,0,0,0,0,92.09
2008,10,1,7,30,7,0,0,0,0,0,0,98.51
2008,10,1,8,30,6.6000000000000005,0,0,0,0,0,0,100
2008,10,1,9,30,6.6000000000000005,0,0,0,0,0,0,100
2008,10,1,10,30,6.9,0,0,0,0,0,0,100
2008,10,1,11,30,6.9,0,0,0,0,0,0,100
2008,10,1,12,30,6.800000000000001,0,0,0,0,0,0,99.32000000000001
2008,10,1,13,30,8.1,44,137,561,561,44,137,86.97
2008,10,1,14,30,11.4,63,393,849,849,63,393,66.54
2008,10,1,15,30,15,70,633,963,963,70,633,41.22
2008,10,1,16,30,17.7,76,826,1014,1014,76,826,28.75
2008,10,1,17,30,19.700000000000003,80,949,1033,1033,80,949,24.89
2008,10,1,18,30,21,84,1003,1039,1039,84,1003,23.05
2008,10,1,19,30,21.8,83,975,1030,1030,83,975,22.2
2008,10,1,20,30,22,80,875,1011,1011,80,875,22.19
2008,10,1,21,30,21.700000000000003,72,708,976,976,72,708,22.94
2008,10,1,22,30,20.700000000000003,63,485,895,895,63,485,25.080000000000002
2008,10,1,23,30,17.900000000000002,48,235,730,730,48,235,33.3
2008,10,2,0,30,14.3,13,18,195,195,13,18,62.660000000000004
2008,10,2,1,30,12.4,0,0,0,0,0,0,68.65
2008,10,2,2,30,11.4,0,0,0,0,0,0,72.91
2008,10,2,3,30,10.3,0,0,0,0,0,0,79.2
2008,10,2,4,30,9.3,0,0,0,0,0,0,85.91
2008,10,2,5,30,8.6,0,0,0,0,0,0,90.11
2008,10,2,6,30,8.1,0,0,0,0,0,0,93.51
2008,10,2,7,30,7.7,0,0,0,0,0,0,96.45
2008,10,2,8,30,7.2,0,0,0,0,0,0,100
2008,10,2,9,30,7,0,0,0,0,0,0,100
2008,10,2,10,30,7.1000000000000005,0,0,0,0,0,0,100
2008,10,2,11,30,7.2,0,0,0,0,0,0,100
2008,10,2,12,30,7.300000000000001,0,0,0,0,0,0,99.18
2008,10,2,13,30,8.6,45,132,528,528,45,132,86.69
2008,10,2,14,30,12.100000000000001,69,382,809,809,69,382,66.2
2008,10,2,15,30,15.9,80,619,924,924,80,619,48.1
2008,10,2,16,30,18.6,87,810,981,981,87,810,35.96
2008,10,2,17,30,20.200000000000003,91,938,1009,1009,91,938,31.09
2008,10,2,18,30,21.400000000000002,89,993,1025,1025,89,993,28.28
2008,10,2,19,30,22.1,87,970,1023,1023,87,970,26.61
2008,10,2,20,30,22.3,84,866,999,999,84,866,25.96
2008,10,2,21,30,22,76,699,961,961,76,699,26.17
2008,10,2,22,30,21.1,67,479,883,883,67,479,27.5
2008,10,2,23,30,18.400000000000002,50,229,712,712,50,229,34.730000000000004
2008,10,3,0,30,14.9,12,16,174,174,12,16,64.9
2008,10,3,1,30,13,0,0,0,0,0,0,68.38
2008,10,3,2,30,11.9,0,0,0,0,0,0,71.5
2008,10,3,3,30,10.8,0,0,0,0,0,0,76.25
2008,10,3,4,30,9.8,0,0,0,0,0,0,81.23
2008,10,3,5,30,9,0,0,0,0,0,0,85.59
2008,10,3,6,30,8.4,0,0,0,0,0,0,89.11
2008,10,3,7,30,7.9,0,0,0,0,0,0,92.62
2008,10,3,8,30,7.5,0,0,0,0,0,0,95.65
2008,10,3,9,30,7,0,0,0,0,0,0,99.5
2008,10,3,10,30,6.7,0,0,0,0,0,0,100
2008,10,3,11,30,6.4,0,0,0,0,0,0,100
2008,10,3,12,30,6.9,0,0,0,0,0,0,100
2008,10,3,13,30,9.200000000000001,42,132,555,555,42,132,85.86
2008,10,3,14,30,13,65,381,819,819,65,381,66.97
2008,10,3,15,30,17,76,615,928,928,76,615,46.13
2008,10,3,16,30,19.900000000000002,84,805,981,981,84,805,33.75
2008,10,3,17,30,21.6,89,932,1008,1008,89,932,28.810000000000002
2008,10,3,18,30,22.6,89,986,1020,1020,89,986,27
2008,10,3,19,30,23.200000000000003,89,958,1011,1011,89,958,26.07
2008,10,3,20,30,23.3,87,857,988,988,87,857,25.94
2008,10,3,21,30,22.900000000000002,78,688,947,947,78,688,26.53
2008,10,3,22,30,21.900000000000002,68,469,867,867,68,469,28.2
2008,10,3,23,30,19.200000000000003,50,222,692,692,50,222,35.660000000000004
2008,10,4,0,30,15.8,11,14,145,145,11,14,64.46000000000001
2008,10,4,1,30,13.8,0,0,0,0,0,0,69.38
2008,10,4,2,30,12.700000000000001,0,0,0,0,0,0,71.18
2008,10,4,3,30,11.700000000000001,0,0,0,0,0,0,73.05
2008,10,4,4,30,10.8,0,0,0,0,0,0,74.4
2008,10,4,5,30,9.9,0,0,0,0,0,0,76.4
2008,10,4,6,30,9.200000000000001,0,0,0,0,0,0,79.16
2008,10,4,7,30,8.700000000000001,0,0,0,0,0,0,82.53
2008,10,4,8,30,8.1,0,0,0,0,0,0,87.53
2008,10,4,9,30,7.6000000000000005,0,0,0,0,0,0,92.78
2008,10,4,10,30,7.1000000000000005,0,0,0,0,0,0,97.2
2008,10,4,11,30,6.7,0,0,0,0,0,0,100
2008,10,4,12,30,7.4,0,0,0,0,0,0,95.09
2008,10,4,13,30,10.100000000000001,39,130,565,565,39,130,80.31
2008,10,4,14,30,14.700000000000001,62,376,818,818,62,376,60.57
2008,10,4,15,30,19.3,74,609,924,924,74,609,40.92
2008,10,4,16,30,22,82,797,976,976,82,797,30.92
2008,10,4,17,30,23.3,87,922,1002,1002,87,922,28.35
2008,10,4,18,30,24.1,90,975,1010,1010,90,975,27.18
2008,10,4,19,30,24.5,90,950,1004,1004,90,950,26.42
2008,10,4,20,30,24.6,87,850,984,984,87,850,25.85
2008,10,4,21,30,24.200000000000003,82,680,935,935,82,680,26.01
2008,10,4,22,30,23.1,70,461,852,852,70,461,27.46
2008,10,4,23,30,20.400000000000002,52,215,670,670,52,215,34.89
2008,10,5,0,30,17,0,0,0,0,0,0,63.52
2008,10,5,1,30,15,0,0,0,0,0,0,66.13
2008,10,5,2,30,13.8,0,0,0,0,0,0,68.27
2008,10,5,3,30,12.600000000000001,0,0,0,0,0,0,70.63
2008,10,5,4,30,11.4,0,0,0,0,0,0,73.5
2008,10,5,5,30,10.3,0,0,0,0,0,0,76.26
2008,10,5,6,30,9.5,0,0,0,0,0,0,78.22
2008,10,5,7,30,8.9,0,0,0,0,0,0,80.36
2008,10,5,8,30,8.5,0,0,0,0,0,0,81.85000000000001
2008,10,5,9,30,8.1,0,0,0,0,0,0,83.99
2008,10,5,10,30,7.9,0,0,0,0,0,0,85.82000000000001
2008,10,5,11,30,7.800000000000001,0,0,0,0,0,0,88.56
2008,10,5,12,30,8.8,0,0,0,0,0,0,85.77
2008,10,5,13,30,11.9,43,125,515,515,43,125,74.92
2008,10,5,14,30,16.2,69,366,776,776,69,366,60.980000000000004
2008,10,5,15,30,20.1,84,596,887,887,84,596,53.06
2008,10,5,16,30,22.700000000000003,94,782,944,944,94,782,43.11
2008,10,5,17,30,24.3,100,907,972,972,100,907,36.24
2008,10,5,18,30,25.5,100,959,985,985,100,959,32.230000000000004
2008,10,5,19,30,26.200000000000003,98,931,978,978,98,931,29.71
2008,10,5,20,30,26.5,93,832,957,957,93,832,28.11
2008,10,5,21,30,26.3,83,666,915,915,83,666,27.63
2008,10,5,22,30,25.5,71,450,833,833,71,450,28.63
2008,10,5,23,30,23.8,52,206,644,644,52,206,33.21
2008,10,6,0,30,21.6,0,0,0,0,0,0,50.31
2008,10,6,1,30,19.5,0,0,0,0,0,0,59.28
2008,10,6,2,30,17.6,0,0,0,0,0,0,71.69
2008,10,6,3,30,16.3,0,0,0,0,0,0,74.32000000000001
2008,10,6,4,30,15.4,0,0,0,0,0,0,77.74
2008,10,6,5,30,14.5,0,0,0,0,0,0,87.51
2008,10,6,6,30,13.8,0,0,0,0,0,0,93.78
2008,10,6,7,30,13.200000000000001,0,0,0,0,0,0,97.3
2008,10,6,8,30,12.600000000000001,0,0,0,0,0,0,100
2008,10,6,9,30,12,0,0,0,0,0,0,100
2008,10,6,10,30,11.600000000000001,0,0,0,0,0,0,100
2008,10,6,11,30,11.3,0,0,0,0,0,0,100
2008,10,6,12,30,11.5,0,0,0,0,0,0,100
2008,10,6,13,30,13.100000000000001,47,118,449,449,47,118,90.87
2008,10,6,14,30,15.700000000000001,75,358,746,746,75,358,76.53
2008,10,6,15,30,18.1,86,589,875,875,86,589,62.480000000000004
2008,10,6,16,30,20.200000000000003,93,778,942,942,93,778,53.2
2008,10,6,17,30,22,96,900,972,972,96,900,46.84
2008,10,6,18,30,23.3,100,951,978,978,100,951,42.33
2008,10,6,19,30,24.1,102,924,969,969,102,924,39.28
2008,10,6,20,30,24.3,99,822,940,940,99,822,37.97
2008,10,6,21,30,24.1,88,658,902,902,88,658,37.980000000000004
2008,10,6,22,30,23.1,75,441,811,811,75,441,39.84
2008,10,6,23,30,20.900000000000002,53,201,626,626,53,201,47.53
2008,10,7,0,30,18.1,0,0,0,0,0,0,70.37
2008,10,7,1,30,16.400000000000002,0,0,0,0,0,0,76.32000000000001
2008,10,7,2,30,15.5,0,0,0,0,0,0,78.44
2008,10,7,3,30,14.700000000000001,0,0,0,0,0,0,80.59
2008,10,7,4,30,13.9,0,0,0,0,0,0,82.86
2008,10,7,5,30,13.100000000000001,0,0,0,0,0,0,85.53
2008,10,7,6,30,12.4,0,0,0,0,0,0,87.66
2008,10,7,7,30,11.8,0,0,0,0,0,0,89.19
2008,10,7,8,30,11.4,0,0,0,0,0,0,89.76
2008,10,7,9,30,11.3,0,0,0,0,0,0,89.12
2008,10,7,10,30,11.100000000000001,0,0,0,0,0,0,90.45
2008,10,7,11,30,10.8,0,0,0,0,0,0,94
2008,10,7,12,30,11.200000000000001,0,0,0,0,0,0,94.02
2008,10,7,13,30,13.200000000000001,49,113,414,414,49,113,87.53
2008,10,7,14,30,16.400000000000002,89,343,671,671,89,343,76.02
2008,10,7,15,30,19.200000000000003,109,568,801,801,109,568,65.05
2008,10,7,16,30,21.200000000000003,122,750,867,867,122,750,55.71
2008,10,7,17,30,22.400000000000002,132,871,896,896,132,871,51.18
2008,10,7,18,30,23.1,112,930,944,944,112,930,48.02
2008,10,7,19,30,23.400000000000002,112,905,938,938,112,905,46.03
2008,10,7,20,30,23.3,111,802,904,904,111,802,45.44
2008,10,7,21,30,22.700000000000003,103,636,849,849,103,636,46.74
2008,10,7,22,30,21.6,89,422,746,540,155,396,50.1
2008,10,7,23,30,19.700000000000003,64,186,524,4,70,71,58.160000000000004
2008,10,8,0,30,17.7,0,0,0,0,0,0,72.25
2008,10,8,1,30,16.400000000000002,0,0,0,0,0,0,79.47
2008,10,8,2,30,15.4,0,0,0,0,0,0,84.7
2008,10,8,3,30,14.600000000000001,0,0,0,0,0,0,89.8
2008,10,8,4,30,14,0,0,0,0,0,0,93.60000000000001
2008,10,8,5,30,13.4,0,0,0,0,0,0,97.32000000000001
2008,10,8,6,30,12.8,0,0,0,0,0,0,100
2008,10,8,7,30,12.5,0,0,0,0,0,0,100
2008,10,8,8,30,12.4,0,0,0,0,0,0,100
2008,10,8,9,30,12.4,0,0,0,0,0,0,100
2008,10,8,10,30,12.3,0,0,0,0,0,0,100
2008,10,8,11,30,12.200000000000001,0,0,0,0,0,0,100
2008,10,8,12,30,12.3,0,0,0,0,0,0,99.53
2008,10,8,13,30,13.100000000000001,43,113,450,2,43,43,94.68
2008,10,8,14,30,15,68,347,741,165,205,267,86.23
2008,10,8,15,30,17.5,79,572,866,866,79,572,75.18
2008,10,8,16,30,19.700000000000003,84,755,929,165,414,533,64.32000000000001
2008,10,8,17,30,21.3,87,875,959,107,420,508,57.28
2008,10,8,18,30,22.200000000000003,121,913,917,5,385,389,53.19
2008,10,8,19,30,22.5,124,886,905,12,402,412,51.14
2008,10,8,20,30,22.1,121,785,873,117,366,455,51.13
2008,10,8,21,30,21.3,110,622,820,214,355,489,52.68
2008,10,8,22,30,20.400000000000002,93,411,719,2,166,167,55.300000000000004
2008,10,8,23,30,18.900000000000002,64,179,505,4,104,105,62.410000000000004
2008,10,9,0,30,17.1,0,0,0,0,0,0,78.08
2008,10,9,1,30,16,0,0,0,0,0,0,83.13
2008,10,9,2,30,15.200000000000001,0,0,0,0,0,0,85.38
2008,10,9,3,30,14.5,0,0,0,0,0,0,87.73
2008,10,9,4,30,13.8,0,0,0,0,0,0,90.76
2008,10,9,5,30,13.200000000000001,0,0,0,0,0,0,94.61
2008,10,9,6,30,12.600000000000001,0,0,0,0,0,0,98.8
2008,10,9,7,30,12.3,0,0,0,0,0,0,100
2008,10,9,8,30,12.100000000000001,0,0,0,0,0,0,100
2008,10,9,9,30,11.9,0,0,0,0,0,0,100
2008,10,9,10,30,11.600000000000001,0,0,0,0,0,0,100
2008,10,9,11,30,11.3,0,0,0,0,0,0,100
2008,10,9,12,30,11.3,0,0,0,0,0,0,98.09
2008,10,9,13,30,12.5,44,110,431,431,44,110,89.38
2008,10,9,14,30,15.200000000000001,70,342,728,728,70,342,74.69
2008,10,9,15,30,18.5,81,566,856,856,81,566,61.19
2008,10,9,16,30,21,86,748,920,920,86,748,53.26
2008,10,9,17,30,22.200000000000003,91,868,950,950,91,868,50.620000000000005
2008,10,9,18,30,22.6,91,918,963,963,91,918,50.2
2008,10,9,19,30,22.6,91,891,954,954,91,891,50.51
2008,10,9,20,30,22.200000000000003,88,792,931,931,88,792,51.67
2008,10,9,21,30,21.6,87,625,868,868,87,625,54.11
2008,10,9,22,30,20.6,75,413,770,770,75,413,59.54
2008,10,9,23,30,19.200000000000003,54,179,560,560,54,179,70.98
2008,10,10,0,30,18,0,0,0,0,0,0,85.5
2008,10,10,1,30,17.1,0,0,0,0,0,0,91.53
2008,10,10,2,30,16.5,0,0,0,0,0,0,93.97
2008,10,10,3,30,16,0,0,0,0,0,0,96.34
2008,10,10,4,30,15.700000000000001,0,0,0,0,0,0,97.71000000000001
2008,10,10,5,30,15.4,0,0,0,0,0,0,99.25
2008,10,10,6,30,15.200000000000001,0,0,0,0,0,0,99.95
2008,10,10,7,30,14.9,0,0,0,0,0,0,100
2008,10,10,8,30,14.5,0,0,0,0,0,0,100
2008,10,10,9,30,14.100000000000001,0,0,0,0,0,0,100
2008,10,10,10,30,13.600000000000001,0,0,0,0,0,0,100
2008,10,10,11,30,13.200000000000001,0,0,0,0,0,0,100
2008,10,10,12,30,13.100000000000001,0,0,0,0,0,0,100
2008,10,10,13,30,14.200000000000001,38,111,486,1,62,63,92.83
2008,10,10,14,30,16.5,62,343,756,756,62,343,79.13
2008,10,10,15,30,19.1,75,565,867,867,75,565,63.410000000000004
2008,10,10,16,30,21.3,83,745,923,923,83,745,53.69
2008,10,10,17,30,23,87,865,954,954,87,865,48.45
2008,10,10,18,30,24.1,101,909,945,945,101,909,45.480000000000004
2008,10,10,19,30,24.5,99,882,938,938,99,882,44.36
2008,10,10,20,30,24.1,96,783,913,392,371,667,45.4
2008,10,10,21,30,23.200000000000003,90,619,858,858,90,619,48.25
2008,10,10,22,30,22.200000000000003,78,408,759,154,223,291,52.21
2008,10,10,23,30,20.5,55,175,547,547,55,175,62
2008,10,11,0,30,19,0,0,0,0,0,0,79.05
2008,10,11,1,30,18.1,0,0,0,0,0,0,82.49
2008,10,11,2,30,17.2,0,0,0,0,0,0,85.2
2008,10,11,3,30,16,0,0,0,0,0,0,88.83
2008,10,11,4,30,15,0,0,0,0,0,0,90.22
2008,10,11,5,30,14.200000000000001,0,0,0,0,0,0,91.23
2008,10,11,6,30,13.4,0,0,0,0,0,0,94.18
2008,10,11,7,30,12.9,0,0,0,0,0,0,97.3
2008,10,11,8,30,12.5,0,0,0,0,0,0,100
2008,10,11,9,30,12.3,0,0,0,0,0,0,100
2008,10,11,10,30,12.100000000000001,0,0,0,0,0,0,100
2008,10,11,11,30,12,0,0,0,0,0,0,100
2008,10,11,12,30,12.100000000000001,0,0,0,0,0,0,98.93
2008,10,11,13,30,13.4,38,111,491,491,38,111,91.08
2008,10,11,14,30,16.1,64,344,756,31,197,208,77.97
2008,10,11,15,30,19.5,79,564,863,863,79,564,63.96
2008,10,11,16,30,22.400000000000002,88,744,919,919,88,744,52.35
2008,10,11,17,30,24.3,95,861,942,942,95,861,45.68
2008,10,11,18,30,25.5,98,909,951,951,98,909,42.35
2008,10,11,19,30,25.8,100,880,939,939,100,880,42.13
2008,10,11,20,30,25.3,100,779,906,906,100,779,43.96
2008,10,11,21,30,24.5,94,614,849,849,94,614,46.67
2008,10,11,22,30,23.5,80,403,749,749,80,403,50.620000000000005
2008,10,11,23,30,21.6,55,171,533,533,55,171,59.730000000000004
2008,10,12,0,30,19.700000000000003,0,0,0,0,0,0,76.24
2008,10,12,1,30,18.7,0,0,0,0,0,0,81.78
2008,10,12,2,30,18,0,0,0,0,0,0,85.59
2008,10,12,3,30,17.3,0,0,0,0,0,0,89.35000000000001
2008,10,12,4,30,16.7,0,0,0,0,0,0,92.06
2008,10,12,5,30,16.1,0,0,0,0,0,0,94.36
2008,10,12,6,30,15.600000000000001,0,0,0,0,0,0,96.27
2008,10,12,7,30,15.200000000000001,0,0,0,0,0,0,97.95
2008,10,12,8,30,14.8,0,0,0,0,0,0,99.69
2008,10,12,9,30,14.4,0,0,0,0,0,0,100
2008,10,12,10,30,14,0,0,0,0,0,0,100
2008,10,12,11,30,13.8,0,0,0,0,0,0,100
2008,10,12,12,30,14.100000000000001,0,0,0,0,0,0,100
2008,10,12,13,30,15.700000000000001,40,106,447,2,63,64,92.28
2008,10,12,14,30,18.3,66,335,731,731,66,335,80.03
2008,10,12,15,30,20.700000000000003,79,555,849,849,79,555,68.03
2008,10,12,16,30,22.400000000000002,88,732,906,906,88,732,60.13
2008,10,12,17,30,23.400000000000002,95,850,932,932,95,850,55.85
2008,10,12,18,30,23.8,123,887,899,899,123,887,53.69
2008,10,12,19,30,23.5,127,858,884,884,127,858,53.870000000000005
2008,10,12,20,30,22.700000000000003,124,757,849,382,377,662,56.06
2008,10,12,21,30,21.900000000000002,133,587,746,597,218,581,59.35
2008,10,12,22,30,21.1,109,380,634,634,109,380,63.190000000000005
2008,10,12,23,30,19.8,71,156,401,401,71,156,71.22
2008,10,13,0,30,18.6,0,0,0,0,0,0,85.14
2008,10,13,1,30,17.8,0,0,0,0,0,0,88.92
2008,10,13,2,30,17.3,0,0,0,0,0,0,89.76
2008,10,13,3,30,16.900000000000002,0,0,0,0,0,0,90.23
2008,10,13,4,30,16.5,0,0,0,0,0,0,90.85000000000001
2008,10,13,5,30,16.2,0,0,0,0,0,0,90.77
2008,10,13,6,30,15.8,0,0,0,0,0,0,90.82000000000001
2008,10,13,7,30,15.200000000000001,0,0,0,0,0,0,92.13
2008,10,13,8,30,14.700000000000001,0,0,0,0,0,0,93.23
2008,10,13,9,30,14.3,0,0,0,0,0,0,94.2
2008,10,13,10,30,13.9,0,0,0,0,0,0,96.35000000000001
2008,10,13,11,30,13.5,0,0,0,0,0,0,99.64
2008,10,13,12,30,13.600000000000001,0,0,0,0,0,0,99.86
2008,10,13,13,30,15,43,103,412,2,63,63,92.4
2008,10,13,14,30,17.8,70,333,719,14,176,181,80.52
2008,10,13,15,30,20.700000000000003,82,556,849,48,291,318,67.43
2008,10,13,16,30,22.900000000000002,87,736,916,36,349,374,57.24
2008,10,13,17,30,24.400000000000002,90,858,952,952,90,858,50.76
2008,10,13,18,30,25.3,111,899,931,931,111,899,47.45
2008,10,13,19,30,25.5,109,870,924,924,109,870,46.480000000000004
2008,10,13,20,30,25.1,103,771,900,43,373,405,46.910000000000004
2008,10,13,21,30,24.200000000000003,95,606,845,845,95,606,48.910000000000004
2008,10,13,22,30,22.900000000000002,80,393,740,613,131,391,53.46
2008,10,13,23,30,21,55,162,512,512,55,162,62.6
2008,10,14,0,30,19.1,0,0,0,0,0,0,75.06
2008,10,14,1,30,17.900000000000002,0,0,0,0,0,0,81.83
2008,10,14,2,30,17.1,0,0,0,0,0,0,86.42
2008,10,14,3,30,16.3,0,0,0,0,0,0,89.58
2008,10,14,4,30,15.4,0,0,0,0,0,0,92.45
2008,10,14,5,30,14.700000000000001,0,0,0,0,0,0,94.54
2008,10,14,6,30,14.3,0,0,0,0,0,0,97.09
2008,10,14,7,30,14.100000000000001,0,0,0,0,0,0,98.32000000000001
2008,10,14,8,30,13.8,0,0,0,0,0,0,99.32000000000001
2008,10,14,9,30,13.200000000000001,0,0,0,0,0,0,100
2008,10,14,10,30,12.700000000000001,0,0,0,0,0,0,100
2008,10,14,11,30,12.200000000000001,0,0,0,0,0,0,100
2008,10,14,12,30,12,0,0,0,0,0,0,99.08
2008,10,14,13,30,12.700000000000001,34,112,545,30,68,72,92.26
2008,10,14,14,30,14.5,55,350,811,811,55,350,80.43
2008,10,14,15,30,17,66,576,918,413,210,439,66.8
2008,10,14,16,30,19.8,71,760,977,377,296,562,54.620000000000005
2008,10,14,17,30,21.900000000000002,73,881,1006,628,230,735,46.82
2008,10,14,18,30,23.200000000000003,74,929,1015,1015,74,929,42.38
2008,10,14,19,30,24,72,902,1011,532,276,712,39.480000000000004
2008,10,14,20,30,24.1,69,801,992,665,196,687,38.22
2008,10,14,21,30,23.8,65,634,948,742,155,601,37.62
2008,10,14,22,30,22.8,55,418,865,865,55,418,38.65
2008,10,14,23,30,20.200000000000003,39,178,675,675,39,178,45.26
2008,10,15,0,30,17.3,0,0,0,0,0,0,62.480000000000004
2008,10,15,1,30,15.700000000000001,0,0,0,0,0,0,67.52
2008,10,15,2,30,14.8,0,0,0,0,0,0,70.35000000000001
2008,10,15,3,30,13.8,0,0,0,0,0,0,75.98
2008,10,15,4,30,12.8,0,0,0,0,0,0,82.55
2008,10,15,5,30,12.100000000000001,0,0,0,0,0,0,87.68
2008,10,15,6,30,11.4,0,0,0,0,0,0,92.67
2008,10,15,7,30,10.9,0,0,0,0,0,0,96.39
2008,10,15,8,30,10.5,0,0,0,0,0,0,99.17
2008,10,15,9,30,10.200000000000001,0,0,0,0,0,0,100
2008,10,15,10,30,9.9,0,0,0,0,0,0,100
2008,10,15,11,30,9.5,0,0,0,0,0,0,100
2008,10,15,12,30,9.600000000000001,0,0,0,0,0,0,98.91
2008,10,15,13,30,11.100000000000001,33,111,551,1,59,59,87.79
2008,10,15,14,30,15.3,53,348,815,815,53,348,67.45
2008,10,15,15,30,19.6,63,572,921,921,63,572,45.43
2008,10,15,16,30,21.8,71,751,968,968,71,751,36.74
2008,10,15,17,30,22.900000000000002,75,867,990,990,75,867,34.35
2008,10,15,18,30,23.5,85,913,987,987,85,913,33.5
2008,10,15,19,30,23.700000000000003,88,882,973,973,88,882,33.56
2008,10,15,20,30,23.200000000000003,86,778,942,0,71,71,35.22
2008,10,15,21,30,22.200000000000003,78,614,897,19,281,292,38.15
2008,10,15,22,30,21,67,400,801,801,67,400,42.07
2008,10,15,23,30,19.1,47,164,579,0,37,37,49.32
2008,10,16,0,30,17.2,0,0,0,0,0,0,62.54
2008,10,16,1,30,16,0,0,0,0,0,0,69.02
2008,10,16,2,30,15,0,0,0,0,0,0,73.92
2008,10,16,3,30,14,0,0,0,0,0,0,82.12
2008,10,16,4,30,13.100000000000001,0,0,0,0,0,0,91.84
2008,10,16,5,30,12.600000000000001,0,0,0,0,0,0,98.27
2008,10,16,6,30,12.3,0,0,0,0,0,0,100
2008,10,16,7,30,12.200000000000001,0,0,0,0,0,0,100
2008,10,16,8,30,12.200000000000001,0,0,0,0,0,0,100
2008,10,16,9,30,12.100000000000001,0,0,0,0,0,0,100
2008,10,16,10,30,11.700000000000001,0,0,0,0,0,0,100
2008,10,16,11,30,11.5,0,0,0,0,0,0,100
2008,10,16,12,30,11.600000000000001,0,0,0,0,0,0,100
2008,10,16,13,30,12.700000000000001,37,103,469,469,37,103,95.48
2008,10,16,14,30,14.600000000000001,61,334,763,763,61,334,87.3
2008,10,16,15,30,16.900000000000002,71,558,885,885,71,558,73.4
2008,10,16,16,30,18.900000000000002,78,737,941,941,78,737,59.54
2008,10,16,17,30,20.400000000000002,84,855,968,199,459,618,52.84
2008,10,16,18,30,21.400000000000002,86,902,977,3,354,356,49.370000000000005
2008,10,16,19,30,22.1,86,874,971,11,385,394,47.160000000000004
2008,10,16,20,30,22.200000000000003,82,774,948,283,400,607,46.54
2008,10,16,21,30,21.700000000000003,92,600,855,1,222,222,47.83
2008,10,16,22,30,20.6,81,386,740,12,185,190,51.76
2008,10,16,23,30,18.8,56,153,488,488,56,153,60.230000000000004
2008,10,17,0,30,17,0,0,0,0,0,0,73.03
2008,10,17,1,30,16,0,0,0,0,0,0,80.62
2008,10,17,2,30,15.3,0,0,0,0,0,0,85.48
2008,10,17,3,30,14.700000000000001,0,0,0,0,0,0,89.81
2008,10,17,4,30,14.3,0,0,0,0,0,0,92.79
2008,10,17,5,30,13.700000000000001,0,0,0,0,0,0,96.22
2008,10,17,6,30,13,0,0,0,0,0,0,100
2008,10,17,7,30,12.4,0,0,0,0,0,0,100
2008,10,17,8,30,12.200000000000001,0,0,0,0,0,0,100
2008,10,17,9,30,11.9,0,0,0,0,0,0,100
2008,10,17,10,30,11.700000000000001,0,0,0,0,0,0,100
2008,10,17,11,30,11.4,0,0,0,0,0,0,100
2008,10,17,12,30,11.5,0,0,0,0,0,0,100
2008,10,17,13,30,12.700000000000001,33,105,525,525,33,105,94.11
2008,10,17,14,30,15.100000000000001,53,337,798,0,127,127,78.44
2008,10,17,15,30,17.8,64,560,908,2,217,218,64.44
2008,10,17,16,30,20.1,71,739,960,55,360,398,54.76
2008,10,17,17,30,21.700000000000003,75,858,987,2,329,331,49.02
2008,10,17,18,30,22.700000000000003,83,903,986,0,249,250,45.82
2008,10,17,19,30,23.3,83,875,978,75,425,486,43.92
2008,10,17,20,30,23.3,80,773,954,234,413,583,43.44
2008,10,17,21,30,22.900000000000002,71,609,913,913,71,609,44.04
2008,10,17,22,30,21.8,61,395,818,818,61,395,46.7
2008,10,17,23,30,19.8,42,160,609,609,42,160,53.88
2008,10,18,0,30,18,0,0,0,0,0,0,65.08
2008,10,18,1,30,16.900000000000002,0,0,0,0,0,0,69.92
2008,10,18,2,30,15.9,0,0,0,0,0,0,74.46000000000001
2008,10,18,3,30,14.9,0,0,0,0,0,0,78.89
2008,10,18,4,30,13.700000000000001,0,0,0,0,0,0,84.51
2008,10,18,5,30,12.8,0,0,0,0,0,0,89.10000000000001
2008,10,18,6,30,12.100000000000001,0,0,0,0,0,0,93.29
2008,10,18,7,30,11.600000000000001,0,0,0,0,0,0,97.86
2008,10,18,8,30,11.5,0,0,0,0,0,0,100
2008,10,18,9,30,11.5,0,0,0,0,0,0,100
2008,10,18,10,30,11.3,0,0,0,0,0,0,100
2008,10,18,11,30,11.100000000000001,0,0,0,0,0,0,100
2008,10,18,12,30,11.3,0,0,0,0,0,0,100
2008,10,18,13,30,12.8,38,99,445,445,38,99,93.94
2008,10,18,14,30,15.100000000000001,62,331,761,40,195,209,82.5
2008,10,18,15,30,17.3,73,554,883,85,312,358,71.84
2008,10,18,16,30,19.200000000000003,78,734,946,946,78,734,61.27
2008,10,18,17,30,20.6,82,852,974,143,450,563,54.02
2008,10,18,18,30,21.700000000000003,87,901,982,1,292,292,49.17
2008,10,18,19,30,22.400000000000002,86,872,975,259,458,667,46.21
2008,10,18,20,30,22.5,83,771,951,951,83,771,45.14
2008,10,18,21,30,22.200000000000003,81,603,891,891,81,603,44.92
2008,10,18,22,30,21.400000000000002,68,389,794,794,68,389,45.82
2008,10,18,23,30,19.400000000000002,46,155,572,572,46,155,51.71
2008,10,19,0,30,17.3,0,0,0,0,0,0,67.92
2008,10,19,1,30,16.2,0,0,0,0,0,0,72.46000000000001
2008,10,19,2,30,15.600000000000001,0,0,0,0,0,0,73.7
2008,10,19,3,30,14.700000000000001,0,0,0,0,0,0,77.25
2008,10,19,4,30,13.5,0,0,0,0,0,0,83.39
2008,10,19,5,30,12.200000000000001,0,0,0,0,0,0,89.95
2008,10,19,6,30,11.100000000000001,0,0,0,0,0,0,95.42
2008,10,19,7,30,10.3,0,0,0,0,0,0,100
2008,10,19,8,30,9.8,0,0,0,0,0,0,100
2008,10,19,9,30,9.700000000000001,0,0,0,0,0,0,100
2008,10,19,10,30,9.5,0,0,0,0,0,0,100
2008,10,19,11,30,9.200000000000001,0,0,0,0,0,0,100
2008,10,19,12,30,9.1,0,0,0,0,0,0,100
2008,10,19,13,30,10.100000000000001,33,107,557,557,33,107,92.77
2008,10,19,14,30,12.8,53,350,842,842,53,350,79.08
2008,10,19,15,30,16.5,63,581,956,956,63,581,62.25
2008,10,19,16,30,19.6,67,766,1012,1012,67,766,42.57
2008,10,19,17,30,21.6,70,887,1038,1038,70,887,32.95
2008,10,19,18,30,22.900000000000002,76,939,1046,1046,76,939,27.990000000000002
2008,10,19,19,30,23.8,74,910,1042,1042,74,910,24.79
2008,10,19,20,30,24.1,71,805,1022,1022,71,805,23.09
2008,10,19,21,30,23.700000000000003,65,635,979,979,65,635,22.64
2008,10,19,22,30,22.5,55,411,887,887,55,411,23.81
2008,10,19,23,30,19.1,38,167,688,688,38,167,32.43
2008,10,20,0,30,15.3,0,0,0,0,0,0,56.25
2008,10,20,1,30,13.5,0,0,0,0,0,0,58.980000000000004
2008,10,20,2,30,12.200000000000001,0,0,0,0,0,0,62.04
2008,10,20,3,30,11,0,0,0,0,0,0,66.03
2008,10,20,4,30,9.9,0,0,0,0,0,0,70.19
2008,10,20,5,30,8.9,0,0,0,0,0,0,74.45
2008,10,20,6,30,8.200000000000001,0,0,0,0,0,0,78.08
2008,10,20,7,30,7.5,0,0,0,0,0,0,81.88
2008,10,20,8,30,6.800000000000001,0,0,0,0,0,0,85.18
2008,10,20,9,30,6.1000000000000005,0,0,0,0,0,0,86.9
2008,10,20,10,30,5.4,0,0,0,0,0,0,85.71000000000001
2008,10,20,11,30,4.800000000000001,0,0,0,0,0,0,81.23
2008,10,20,12,30,5,0,0,0,0,0,0,71.14
2008,10,20,13,30,8,29,116,661,661,29,116,54.58
2008,10,20,14,30,12.700000000000001,46,367,918,918,46,367,34.39
2008,10,20,15,30,17.3,55,601,1013,1013,55,601,23.5
2008,10,20,16,30,21,60,789,1060,1060,60,789,13.91
2008,10,20,17,30,22.8,64,913,1083,1083,64,913,12.200000000000001
2008,10,20,18,30,24,68,953,1077,1077,68,953,11.950000000000001
2008,10,20,19,30,24.6,68,923,1072,1072,68,923,12.01
2008,10,20,20,30,24.700000000000003,66,818,1051,1051,66,818,12.280000000000001
2008,10,20,21,30,24.3,61,639,999,999,61,639,12.790000000000001
2008,10,20,22,30,22.900000000000002,53,416,913,913,53,416,14.38
2008,10,20,23,30,19.5,37,168,711,711,37,168,26.96
2008,10,21,0,30,15.9,0,0,0,0,0,0,47.2
2008,10,21,1,30,14.100000000000001,0,0,0,0,0,0,45.89
2008,10,21,2,30,12.600000000000001,0,0,0,0,0,0,49.300000000000004
2008,10,21,3,30,11.100000000000001,0,0,0,0,0,0,53.95
2008,10,21,4,30,9.8,0,0,0,0,0,0,58.51
2008,10,21,5,30,8.700000000000001,0,0,0,0,0,0,63.26
2008,10,21,6,30,7.800000000000001,0,0,0,0,0,0,68.19
2008,10,21,7,30,7.2,0,0,0,0,0,0,71.65
2008,10,21,8,30,6.7,0,0,0,0,0,0,74.62
2008,10,21,9,30,6.4,0,0,0,0,0,0,76.51
2008,10,21,10,30,6.1000000000000005,0,0,0,0,0,0,78.28
2008,10,21,11,30,5.9,0,0,0,0,0,0,79.19
2008,10,21,12,30,6.300000000000001,0,0,0,0,0,0,76.39
2008,10,21,13,30,9.1,31,106,579,579,31,106,64.36
2008,10,21,14,30,13.4,52,349,856,856,52,349,47.72
2008,10,21,15,30,18.2,62,579,962,962,62,579,35.24
2008,10,21,16,30,22.200000000000003,69,763,1013,1013,69,763,19.55
2008,10,21,17,30,23.900000000000002,73,884,1039,1039,73,884,16.63
2008,10,21,18,30,24.700000000000003,78,926,1036,1036,78,926,16.41
2008,10,21,19,30,25.1,77,896,1031,1031,77,896,16.490000000000002
2008,10,21,20,30,25.1,74,789,1005,0,139,139,16.830000000000002
2008,10,21,21,30,24.6,71,615,947,947,71,615,17.63
2008,10,21,22,30,23.200000000000003,60,396,853,853,60,396,19.68
2008,10,21,23,30,19.700000000000003,41,154,627,627,41,154,33.13
2008,10,22,0,30,16.1,0,0,0,0,0,0,53.85
2008,10,22,1,30,14.4,0,0,0,0,0,0,54.22
2008,10,22,2,30,13.3,0,0,0,0,0,0,57.19
2008,10,22,3,30,12.3,0,0,0,0,0,0,61.96
2008,10,22,4,30,11.4,0,0,0,0,0,0,66.66
2008,10,22,5,30,10.700000000000001,0,0,0,0,0,0,69.68
2008,10,22,6,30,10.100000000000001,0,0,0,0,0,0,71.8
2008,10,22,7,30,9.8,0,0,0,0,0,0,72.62
2008,10,22,8,30,9.8,0,0,0,0,0,0,72.82000000000001
2008,10,22,9,30,9.9,0,0,0,0,0,0,73.93
2008,10,22,10,30,9.9,0,0,0,0,0,0,76.53
2008,10,22,11,30,9.700000000000001,0,0,0,0,0,0,79.74
2008,10,22,12,30,9.8,0,0,0,0,0,0,80.72
2008,10,22,13,30,11.5,34,96,490,490,34,96,74.91
2008,10,22,14,30,14.700000000000001,59,328,781,781,59,328,60.96
2008,10,22,15,30,18,72,550,895,895,72,550,47.67
2008,10,22,16,30,20.6,80,732,957,957,80,732,36.17
2008,10,22,17,30,22.200000000000003,85,850,984,984,85,850,30.61
2008,10,22,18,30,23.1,88,897,993,993,88,897,28.27
2008,10,22,19,30,23.6,87,870,990,990,87,870,27.18
2008,10,22,20,30,23.6,83,767,966,504,328,685,26.91
2008,10,22,21,30,23.1,75,600,918,918,75,600,27.51
2008,10,22,22,30,21.900000000000002,65,381,811,811,65,381,29.85
2008,10,22,23,30,18.8,44,145,567,567,44,145,39.54
2008,10,23,0,30,15.700000000000001,0,0,0,0,0,0,57.95
2008,10,23,1,30,14.100000000000001,0,0,0,0,0,0,61.28
2008,10,23,2,30,13.100000000000001,0,0,0,0,0,0,64.34
2008,10,23,3,30,12.3,0,0,0,0,0,0,67.49
2008,10,23,4,30,11.5,0,0,0,0,0,0,71.02
2008,10,23,5,30,10.700000000000001,0,0,0,0,0,0,74.62
2008,10,23,6,30,9.700000000000001,0,0,0,0,0,0,79.74
2008,10,23,7,30,8.8,0,0,0,0,0,0,84.94
2008,10,23,8,30,8.1,0,0,0,0,0,0,90
2008,10,23,9,30,7.6000000000000005,0,0,0,0,0,0,94.84
2008,10,23,10,30,7.1000000000000005,0,0,0,0,0,0,99.83
2008,10,23,11,30,7,0,0,0,0,0,0,100
2008,10,23,12,30,7.2,0,0,0,0,0,0,97.55
2008,10,23,13,30,8.200000000000001,44,86,332,332,44,86,89.35000000000001
2008,10,23,14,30,10.4,83,311,667,667,83,311,80.33
2008,10,23,15,30,13.700000000000001,97,536,826,826,97,536,68.48
2008,10,23,16,30,17.5,97,721,920,920,97,721,53.980000000000004
2008,10,23,17,30,20.3,95,843,967,967,95,843,43.13
2008,10,23,18,30,22.1,93,891,984,984,93,891,36.37
2008,10,23,19,30,23.1,92,862,978,978,92,862,32.29
2008,10,23,20,30,23.5,88,757,950,950,88,757,29.92
2008,10,23,21,30,23.400000000000002,80,590,898,898,80,590,28.85
2008,10,23,22,30,22.5,70,373,785,785,70,373,30.080000000000002
2008,10,23,23,30,20,47,138,521,293,83,134,39.29
2008,10,24,0,30,17.2,0,0,0,0,0,0,61.18
2008,10,24,1,30,15.700000000000001,0,0,0,0,0,0,64.72
2008,10,24,2,30,14.600000000000001,0,0,0,0,0,0,67.34
2008,10,24,3,30,13.5,0,0,0,0,0,0,71.37
2008,10,24,4,30,12.5,0,0,0,0,0,0,75.84
2008,10,24,5,30,11.700000000000001,0,0,0,0,0,0,79.60000000000001
2008,10,24,6,30,11.100000000000001,0,0,0,0,0,0,82.97
2008,10,24,7,30,10.600000000000001,0,0,0,0,0,0,86.52
2008,10,24,8,30,10.200000000000001,0,0,0,0,0,0,89.59
2008,10,24,9,30,9.8,0,0,0,0,0,0,92.5
2008,10,24,10,30,9.4,0,0,0,0,0,0,94.88
2008,10,24,11,30,9.1,0,0,0,0,0,0,96.26
2008,10,24,12,30,9.200000000000001,0,0,0,0,0,0,95.02
2008,10,24,13,30,10.9,38,88,408,15,58,59,85.22
2008,10,24,14,30,13.8,70,314,719,404,123,260,71.79
2008,10,24,15,30,16.900000000000002,87,534,847,548,187,476,57.550000000000004
2008,10,24,16,30,19.1,97,712,911,564,227,608,46.31
2008,10,24,17,30,20.200000000000003,102,830,944,649,229,729,42.38
2008,10,24,18,30,20.8,118,871,933,643,252,771,40.17
2008,10,24,19,30,21.1,119,838,918,580,274,729,39.1
2008,10,24,20,30,20.900000000000002,118,734,880,146,365,468,39.4
2008,10,24,21,30,20.5,111,565,806,221,285,410,40.31
2008,10,24,22,30,19.700000000000003,95,351,668,180,204,273,42.54
2008,10,24,23,30,18.6,59,125,389,38,97,103,50.57
2008,10,25,0,30,17.3,0,0,0,0,0,0,60.07
2008,10,25,1,30,16.1,0,0,0,0,0,0,65.67
2008,10,25,2,30,15.100000000000001,0,0,0,0,0,0,71.06
2008,10,25,3,30,14.3,0,0,0,0,0,0,74.65
2008,10,25,4,30,13.600000000000001,0,0,0,0,0,0,77.95
2008,10,25,5,30,13.100000000000001,0,0,0,0,0,0,81.63
2008,10,25,6,30,12.700000000000001,0,0,0,0,0,0,85.58
2008,10,25,7,30,12.4,0,0,0,0,0,0,88.76
2008,10,25,8,30,12,0,0,0,0,0,0,91.59
2008,10,25,9,30,11.600000000000001,0,0,0,0,0,0,94.02
2008,10,25,10,30,11.4,0,0,0,0,0,0,95.24
2008,10,25,11,30,11.3,0,0,0,0,0,0,95.99000000000001
2008,10,25,12,30,11.4,0,0,0,0,0,0,95.16
2008,10,25,13,30,12.700000000000001,42,82,333,0,14,14,87.47
2008,10,25,14,30,16,75,307,687,0,47,47,71.17
2008,10,25,15,30,19.3,88,529,839,1,178,179,50.61
2008,10,25,16,30,21.400000000000002,96,709,913,1,260,260,38.4
2008,10,25,17,30,22.6,101,827,947,553,275,700,34.02
2008,10,25,18,30,23.200000000000003,97,875,967,967,97,875,31.76
2008,10,25,19,30,23.400000000000002,97,845,959,0,137,137,30.59
2008,10,25,20,30,23,93,742,931,0,139,139,30.61
2008,10,25,21,30,22.3,90,574,862,49,303,330,31.32
2008,10,25,22,30,21,77,359,744,0,102,102,33.19
2008,10,25,23,30,18.6,48,131,491,30,92,97,45.730000000000004
2008,10,26,0,30,16.2,0,0,0,0,0,0,60.93
2008,10,26,1,30,14.8,0,0,0,0,0,0,61.58
2008,10,26,2,30,13.600000000000001,0,0,0,0,0,0,62.21
2008,10,26,3,30,12.700000000000001,0,0,0,0,0,0,64.49
2008,10,26,4,30,11.9,0,0,0,0,0,0,68.84
2008,10,26,5,30,11.200000000000001,0,0,0,0,0,0,74.08
2008,10,26,6,30,10.5,0,0,0,0,0,0,80.19
2008,10,26,7,30,9.9,0,0,0,0,0,0,85.99
2008,10,26,8,30,9.5,0,0,0,0,0,0,90.61
2008,10,26,9,30,9.4,0,0,0,0,0,0,92.16
2008,10,26,10,30,9.4,0,0,0,0,0,0,92.52
2008,10,26,11,30,9.5,0,0,0,0,0,0,91.88
2008,10,26,12,30,9.9,0,0,0,0,0,0,89.24
2008,10,26,13,30,11.700000000000001,37,83,394,394,37,83,80.74
2008,10,26,14,30,14.700000000000001,69,306,708,0,75,75,67.14
2008,10,26,15,30,17.7,85,524,841,841,85,524,53.44
2008,10,26,16,30,20,92,703,913,913,92,703,44.79
2008,10,26,17,30,21.6,96,820,948,659,295,798,40.42
2008,10,26,18,30,22.400000000000002,100,865,956,191,474,627,38.52
2008,10,26,19,30,22.3,101,834,944,944,101,834,38.6
2008,10,26,20,30,21.6,98,732,914,914,98,732,39.84
2008,10,26,21,30,21,78,572,887,887,78,572,41.17
2008,10,26,22,30,20.200000000000003,65,359,780,780,65,359,44.04
2008,10,26,23,30,18.5,42,129,529,5,64,65,56.76
2008,10,27,0,30,16.7,0,0,0,0,0,0,71.15
2008,10,27,1,30,15.8,0,0,0,0,0,0,71.77
2008,10,27,2,30,15.100000000000001,0,0,0,0,0,0,73.15
2008,10,27,3,30,14.5,0,0,0,0,0,0,74.24
2008,10,27,4,30,14,0,0,0,0,0,0,75.14
2008,10,27,5,30,13.700000000000001,0,0,0,0,0,0,75.59
2008,10,27,6,30,13.4,0,0,0,0,0,0,77.06
2008,10,27,7,30,13.100000000000001,0,0,0,0,0,0,79.55
2008,10,27,8,30,12.700000000000001,0,0,0,0,0,0,83.05
2008,10,27,9,30,12.4,0,0,0,0,0,0,86.11
2008,10,27,10,30,12,0,0,0,0,0,0,89.52
2008,10,27,11,30,11.8,0,0,0,0,0,0,91.4
2008,10,27,12,30,11.700000000000001,0,0,0,0,0,0,92.47
2008,10,27,13,30,12.3,46,73,237,0,31,31,89.43
2008,10,27,14,30,13.8,91,291,605,605,91,291,82.08
2008,10,27,15,30,15.700000000000001,104,514,789,789,104,514,71.71000000000001
2008,10,27,16,30,17.400000000000002,103,695,890,890,103,695,59.88
2008,10,27,17,30,18.7,99,817,944,944,99,817,50.93
2008,10,27,18,30,19.5,96,864,965,965,96,864,46.37
2008,10,27,19,30,19.6,92,836,963,963,92,836,45.13
2008,10,27,20,30,19.1,85,733,939,0,219,219,46.26
2008,10,27,21,30,18.400000000000002,71,571,903,301,290,457,48.17
2008,10,27,22,30,17.2,60,358,798,9,163,167,52.19
2008,10,27,23,30,15.700000000000001,39,128,549,0,47,47,58.24
2008,10,28,0,30,14.100000000000001,0,0,0,0,0,0,65.7
2008,10,28,1,30,12.700000000000001,0,0,0,0,0,0,73.41
2008,10,28,2,30,11.600000000000001,0,0,0,0,0,0,80.27
2008,10,28,3,30,10.8,0,0,0,0,0,0,86.21000000000001
2008,10,28,4,30,10.4,0,0,0,0,0,0,89.05
2008,10,28,5,30,10,0,0,0,0,0,0,90.69
2008,10,28,6,30,9.700000000000001,0,0,0,0,0,0,90.60000000000001
2008,10,28,7,30,9.3,0,0,0,0,0,0,90.15
2008,10,28,8,30,9,0,0,0,0,0,0,89.65
2008,10,28,9,30,8.6,0,0,0,0,0,0,90.35000000000001
2008,10,28,10,30,8.200000000000001,0,0,0,0,0,0,91.99
2008,10,28,11,30,7.9,0,0,0,0,0,0,92.74
2008,10,28,12,30,7.7,0,0,0,0,0,0,93.17
2008,10,28,13,30,8.3,33,85,457,457,33,85,89.06
2008,10,28,14,30,9.8,60,314,773,50,190,206,80.32000000000001
2008,10,28,15,30,11.600000000000001,74,534,891,97,308,358,70.98
2008,10,28,16,30,13.600000000000001,83,713,951,2,274,275,61.92
2008,10,28,17,30,15.5,89,827,975,0,209,209,54.44
2008,10,28,18,30,16.7,100,866,967,0,189,189,50.76
2008,10,28,19,30,17.3,98,834,957,1,288,289,49.36
2008,10,28,20,30,17.2,94,729,926,274,389,577,49.800000000000004
2008,10,28,21,30,16.5,97,558,837,121,331,398,51.93
2008,10,28,22,30,15.3,80,346,719,69,218,244,55.620000000000005
2008,10,28,23,30,13.600000000000001,48,121,453,453,48,121,61.13
2008,10,29,0,30,11.700000000000001,0,0,0,0,0,0,67.81
2008,10,29,1,30,10.3,0,0,0,0,0,0,71.88
2008,10,29,2,30,9.3,0,0,0,0,0,0,73.76
2008,10,29,3,30,8.4,0,0,0,0,0,0,75.67
2008,10,29,4,30,7.5,0,0,0,0,0,0,78.54
2008,10,29,5,30,6.5,0,0,0,0,0,0,82.53
2008,10,29,6,30,5.800000000000001,0,0,0,0,0,0,84.66
2008,10,29,7,30,5.4,0,0,0,0,0,0,84.85000000000001
2008,10,29,8,30,5.1000000000000005,0,0,0,0,0,0,85.8
2008,10,29,9,30,4.800000000000001,0,0,0,0,0,0,87.97
2008,10,29,10,30,4.6000000000000005,0,0,0,0,0,0,90.11
2008,10,29,11,30,4.4,0,0,0,0,0,0,92.14
2008,10,29,12,30,4.4,0,0,0,0,0,0,92.7
2008,10,29,13,30,5.800000000000001,31,84,480,480,31,84,84.51
2008,10,29,14,30,8.700000000000001,54,316,801,64,158,179,68.59
2008,10,29,15,30,12.100000000000001,66,539,922,52,287,314,55.01
2008,10,29,16,30,15.8,72,718,979,185,395,517,43.230000000000004
2008,10,29,17,30,19,76,835,1008,1008,76,835,34.59
2008,10,29,18,30,20.900000000000002,79,880,1015,1015,79,880,31.2
2008,10,29,19,30,21.700000000000003,78,851,1010,1010,78,851,30.19
2008,10,29,20,30,21.900000000000002,74,747,986,986,74,747,29.77
2008,10,29,21,30,21.5,68,580,936,936,68,580,30.09
2008,10,29,22,30,20.1,57,364,836,836,57,364,32.72
2008,10,29,23,30,17.1,37,129,591,591,37,129,48.84
2008,10,30,0,30,14.3,0,0,0,0,0,0,63.620000000000005
2008,10,30,1,30,12.9,0,0,0,0,0,0,64.67
2008,10,30,2,30,11.700000000000001,0,0,0,0,0,0,66.63
2008,10,30,3,30,10.5,0,0,0,0,0,0,68.65
2008,10,30,4,30,9.4,0,0,0,0,0,0,71.47
2008,10,30,5,30,8.6,0,0,0,0,0,0,74.57000000000001
2008,10,30,6,30,7.9,0,0,0,0,0,0,78.39
2008,10,30,7,30,7.4,0,0,0,0,0,0,82.05
2008,10,30,8,30,6.9,0,0,0,0,0,0,85.93
2008,10,30,9,30,6.4,0,0,0,0,0,0,89.62
2008,10,30,10,30,6,0,0,0,0,0,0,92.14
2008,10,30,11,30,5.7,0,0,0,0,0,0,93.14
2008,10,30,12,30,6,0,0,0,0,0,0,89.19
2008,10,30,13,30,7.800000000000001,29,84,495,22,54,57,77.17
2008,10,30,14,30,11,53,315,807,248,153,233,60.09
2008,10,30,15,30,14.8,66,538,925,925,66,538,43.39
2008,10,30,16,30,18.2,72,718,984,984,72,718,28.82
2008,10,30,17,30,20.1,76,835,1011,1011,76,835,27.05
2008,10,30,18,30,21.1,81,880,1016,1016,81,880,26.01
2008,10,30,19,30,21.700000000000003,80,846,1006,629,247,727,24.830000000000002
2008,10,30,20,30,21.6,77,743,981,237,322,482,24.45
2008,10,30,21,30,20.900000000000002,78,572,909,569,196,505,25.36
2008,10,30,22,30,19.200000000000003,65,356,797,439,153,313,28.900000000000002
2008,10,30,23,30,16.400000000000002,41,123,535,4,74,74,48.730000000000004
2008,10,31,0,30,14.3,0,0,0,0,0,0,57.32
2008,10,31,1,30,13.100000000000001,0,0,0,0,0,0,59
2008,10,31,2,30,12.100000000000001,0,0,0,0,0,0,61.2
2008,10,31,3,30,11,0,0,0,0,0,0,64.42
2008,10,31,4,30,9.9,0,0,0,0,0,0,70.22
2008,10,31,5,30,9.200000000000001,0,0,0,0,0,0,77.15
2008,10,31,6,30,8.700000000000001,0,0,0,0,0,0,83.69
2008,10,31,7,30,8.3,0,0,0,0,0,0,88.8
2008,10,31,8,30,7.9,0,0,0,0,0,0,93.75
2008,10,31,9,30,7.6000000000000005,0,0,0,0,0,0,97.49000000000001
2008,10,31,10,30,7.2,0,0,0,0,0,0,100
2008,10,31,11,30,6.7,0,0,0,0,0,0,100
2008,10,31,12,30,6.5,0,0,0,0,0,0,100
2008,10,31,13,30,7.800000000000001,33,79,430,430,33,79,93.19
2008,10,31,14,30,10.600000000000001,59,309,779,779,59,309,75.65
2008,10,31,15,30,14.4,68,535,919,919,68,535,56.84
2008,10,31,16,30,18.2,74,716,983,983,74,716,36.7
2008,10,31,17,30,20.700000000000003,77,834,1014,1014,77,834,24.13
2008,10,31,18,30,21.8,79,879,1022,1022,79,879,21.64
2008,10,31,19,30,22.3,77,849,1017,1017,77,849,20.73
2008,10,31,20,30,22.400000000000002,73,745,994,994,73,745,20.41
2008,10,31,21,30,21.900000000000002,66,577,946,946,66,577,20.87
2008,10,31,22,30,20.6,55,361,846,846,55,361,22.85
2008,10,31,23,30,17,35,126,603,603,35,126,32.61
2008,11,1,0,30,13.4,0,0,0,0,0,0,52.02
2008,11,1,1,30,11.9,0,0,0,0,0,0,55.33
2008,11,1,2,30,10.8,0,0,0,0,0,0,61.06
2008,11,1,3,30,9.700000000000001,0,0,0,0,0,0,69.37
2008,11,1,4,30,8.5,0,0,0,0,0,0,79.26
2008,11,1,5,30,7.5,0,0,0,0,0,0,88.24
2008,11,1,6,30,6.6000000000000005,0,0,0,0,0,0,97.23
2008,11,1,7,30,6.1000000000000005,0,0,0,0,0,0,100
2008,11,1,8,30,6.1000000000000005,0,0,0,0,0,0,100
2008,11,1,9,30,6.1000000000000005,0,0,0,0,0,0,100
2008,11,1,10,30,5.800000000000001,0,0,0,0,0,0,100
2008,11,1,11,30,5.4,0,0,0,0,0,0,100
2008,11,1,12,30,5.300000000000001,0,0,0,0,0,0,99.19
2008,11,1,13,30,6.300000000000001,31,80,473,473,31,80,91.35000000000001
2008,11,1,14,30,9,55,311,806,806,55,311,76.71000000000001
2008,11,1,15,30,12.5,64,536,936,936,64,536,61.19
2008,11,1,16,30,15.9,69,717,997,75,361,410,48.11
2008,11,1,17,30,18.5,71,835,1027,1027,71,835,36.96
2008,11,1,18,30,20.1,71,877,1034,1034,71,877,30.990000000000002
2008,11,1,19,30,20.900000000000002,69,847,1029,1029,69,847,28.41
2008,11,1,20,30,21.200000000000003,65,743,1008,1008,65,743,27.310000000000002
2008,11,1,21,30,21,61,575,957,957,61,575,27.16
2008,11,1,22,30,19.8,51,360,860,860,51,360,28.98
2008,11,1,23,30,16.6,33,124,614,614,33,124,40.13
2008,11,2,0,30,13.3,0,0,0,0,0,0,60.19
2008,11,2,1,30,11.8,0,0,0,0,0,0,62.01
2008,11,2,2,30,10.8,0,0,0,0,0,0,64.84
2008,11,2,3,30,9.700000000000001,0,0,0,0,0,0,69.69
2008,11,2,4,30,8.700000000000001,0,0,0,0,0,0,76.49
2008,11,2,5,30,7.7,0,0,0,0,0,0,84.83
2008,11,2,6,30,6.9,0,0,0,0,0,0,93.45
2008,11,2,7,30,6.300000000000001,0,0,0,0,0,0,100
2008,11,2,8,30,6,0,0,0,0,0,0,100
2008,11,2,9,30,6.1000000000000005,0,0,0,0,0,0,100
2008,11,2,10,30,6.300000000000001,0,0,0,0,0,0,100
2008,11,2,11,30,6.1000000000000005,0,0,0,0,0,0,100
2008,11,2,12,30,5.800000000000001,0,0,0,0,0,0,100
2008,11,2,13,30,6.7,28,79,505,505,28,79,91.93
2008,11,2,14,30,9.9,49,313,835,0,73,73,71.85000000000001
2008,11,2,15,30,14.4,59,537,953,14,238,245,51.68
2008,11,2,16,30,18.2,65,717,1009,1009,65,717,35.49
2008,11,2,17,30,20.1,68,835,1036,1036,68,835,29.43
2008,11,2,18,30,21.3,72,880,1042,1042,72,880,25.86
2008,11,2,19,30,22,71,849,1036,1036,71,849,23.5
2008,11,2,20,30,22.1,67,745,1013,1013,67,745,22.35
2008,11,2,21,30,21.700000000000003,60,577,967,967,60,577,21.98
2008,11,2,22,30,20.400000000000002,51,360,870,870,51,360,23.2
2008,11,2,23,30,17.1,32,124,626,626,32,124,35.38
2008,11,3,0,30,13.8,0,0,0,0,0,0,54.230000000000004
2008,11,3,1,30,12.3,0,0,0,0,0,0,54.45
2008,11,3,2,30,11.100000000000001,0,0,0,0,0,0,56.34
2008,11,3,3,30,10,0,0,0,0,0,0,58.53
2008,11,3,4,30,8.8,0,0,0,0,0,0,61.88
2008,11,3,5,30,7.800000000000001,0,0,0,0,0,0,65.66
2008,11,3,6,30,7,0,0,0,0,0,0,70.60000000000001
2008,11,3,7,30,6.4,0,0,0,0,0,0,77.22
2008,11,3,8,30,5.9,0,0,0,0,0,0,85.04
2008,11,3,9,30,5.4,0,0,0,0,0,0,93.82000000000001
2008,11,3,10,30,5.1000000000000005,0,0,0,0,0,0,100
2008,11,3,11,30,4.800000000000001,0,0,0,0,0,0,100
2008,11,3,12,30,5,0,0,0,0,0,0,100
2008,11,3,13,30,6.800000000000001,27,76,493,493,27,76,89.36
2008,11,3,14,30,10.4,49,306,822,822,49,306,69.74
2008,11,3,15,30,15.3,59,528,941,941,59,528,51.29
2008,11,3,16,30,19.6,65,706,997,997,65,706,34.38
2008,11,3,17,30,21.8,69,823,1025,1025,69,823,25.87
2008,11,3,18,30,22.900000000000002,72,865,1028,1028,72,865,23.16
2008,11,3,19,30,23.5,71,835,1022,1022,71,835,22.01
2008,11,3,20,30,23.6,68,732,997,997,68,732,21.72
2008,11,3,21,30,23.1,63,565,945,53,298,326,22.3
2008,11,3,22,30,21.700000000000003,54,348,835,835,54,348,24.34
2008,11,3,23,30,18.5,34,117,574,574,34,117,36.61
2008,11,4,0,30,15.3,0,0,0,0,0,0,56.11
2008,11,4,1,30,13.700000000000001,0,0,0,0,0,0,57.31
2008,11,4,2,30,12.4,0,0,0,0,0,0,59.58
2008,11,4,3,30,11.200000000000001,0,0,0,0,0,0,62.050000000000004
2008,11,4,4,30,10.200000000000001,0,0,0,0,0,0,64.24
2008,11,4,5,30,9.200000000000001,0,0,0,0,0,0,66.84
2008,11,4,6,30,8.4,0,0,0,0,0,0,69.19
2008,11,4,7,30,7.7,0,0,0,0,0,0,72.14
2008,11,4,8,30,7.2,0,0,0,0,0,0,75.10000000000001
2008,11,4,9,30,6.9,0,0,0,0,0,0,77.28
2008,11,4,10,30,6.6000000000000005,0,0,0,0,0,0,81.02
2008,11,4,11,30,6.4,0,0,0,0,0,0,86.02
2008,11,4,12,30,6.7,0,0,0,0,0,0,90.24
2008,11,4,13,30,9.200000000000001,25,73,491,491,25,73,81.74
2008,11,4,14,30,13.700000000000001,48,300,812,812,48,300,65.79
2008,11,4,15,30,18,59,520,930,930,59,520,52.2
2008,11,4,16,30,21,65,695,984,984,65,695,40.42
2008,11,4,17,30,22.700000000000003,69,811,1011,1011,69,811,34.14
2008,11,4,18,30,23.8,74,855,1015,1015,74,855,30.62
2008,11,4,19,30,24.400000000000002,73,825,1009,1009,73,825,28.47
2008,11,4,20,30,24.5,70,720,980,980,70,720,27.32
2008,11,4,21,30,24,64,555,930,930,64,555,27.28
2008,11,4,22,30,22.8,54,343,825,825,54,343,28.78
2008,11,4,23,30,20.6,34,112,555,555,34,112,38.12
2008,11,5,0,30,18.5,0,0,0,0,0,0,51.75
2008,11,5,1,30,17,0,0,0,0,0,0,53.47
2008,11,5,2,30,15.5,0,0,0,0,0,0,59.92
2008,11,5,3,30,14.100000000000001,0,0,0,0,0,0,64.97
2008,11,5,4,30,12.700000000000001,0,0,0,0,0,0,72.22
2008,11,5,5,30,11.700000000000001,0,0,0,0,0,0,81.5
2008,11,5,6,30,11,0,0,0,0,0,0,90.93
2008,11,5,7,30,10.3,0,0,0,0,0,0,97.84
2008,11,5,8,30,9.8,0,0,0,0,0,0,100
2008,11,5,9,30,9.200000000000001,0,0,0,0,0,0,100
2008,11,5,10,30,8.6,0,0,0,0,0,0,100
2008,11,5,11,30,8,0,0,0,0,0,0,100
2008,11,5,12,30,7.7,0,0,0,0,0,0,100
2008,11,5,13,30,9,25,73,505,505,25,73,89.38
2008,11,5,14,30,12.5,45,304,843,843,45,304,67.45
2008,11,5,15,30,16.900000000000002,53,527,963,963,53,527,44.62
2008,11,5,16,30,20.200000000000003,57,709,1024,1024,57,709,28.400000000000002
2008,11,5,17,30,22.1,58,826,1052,1052,58,826,22.94
2008,11,5,18,30,23.400000000000002,62,877,1065,1065,62,877,19.85
2008,11,5,19,30,24.1,59,846,1060,1060,59,846,18.14
2008,11,5,20,30,24.3,56,737,1034,1034,56,737,17.39
2008,11,5,21,30,23.8,52,570,987,987,52,570,17.67
2008,11,5,22,30,22.200000000000003,43,354,895,895,43,354,19.71
2008,11,5,23,30,18.400000000000002,28,119,655,655,28,119,34.76
2008,11,6,0,30,14.9,0,0,0,0,0,0,50.94
2008,11,6,1,30,13.3,0,0,0,0,0,0,53.4
2008,11,6,2,30,12.100000000000001,0,0,0,0,0,0,57.99
2008,11,6,3,30,11.200000000000001,0,0,0,0,0,0,64.33
2008,11,6,4,30,10.5,0,0,0,0,0,0,72.22
2008,11,6,5,30,9.8,0,0,0,0,0,0,80.38
2008,11,6,6,30,9,0,0,0,0,0,0,87.54
2008,11,6,7,30,8.3,0,0,0,0,0,0,92.94
2008,11,6,8,30,7.6000000000000005,0,0,0,0,0,0,97.49000000000001
2008,11,6,9,30,7,0,0,0,0,0,0,100
2008,11,6,10,30,6.4,0,0,0,0,0,0,100
2008,11,6,11,30,5.800000000000001,0,0,0,0,0,0,100
2008,11,6,12,30,5.7,0,0,0,0,0,0,100
2008,11,6,13,30,7.7,24,72,522,522,24,72,86.21000000000001
2008,11,6,14,30,11.700000000000001,44,300,838,838,44,300,65.52
2008,11,6,15,30,16.3,54,521,954,954,54,521,47.54
2008,11,6,16,30,20,61,699,1007,1007,61,699,32.37
2008,11,6,17,30,21.700000000000003,64,816,1034,1034,64,816,28.1
2008,11,6,18,30,22.8,72,858,1031,1031,72,858,25.62
2008,11,6,19,30,23.5,71,828,1025,1025,71,828,23.990000000000002
2008,11,6,20,30,23.700000000000003,67,725,1001,1001,67,725,23.23
2008,11,6,21,30,23.3,63,558,948,948,63,558,23.3
2008,11,6,22,30,22,52,344,846,846,52,344,25.01
2008,11,6,23,30,18.7,32,111,578,578,32,111,39.14
2008,11,7,0,30,15.5,0,0,0,0,0,0,54.74
2008,11,7,1,30,13.8,0,0,0,0,0,0,57.04
2008,11,7,2,30,12.600000000000001,0,0,0,0,0,0,60.58
2008,11,7,3,30,11.4,0,0,0,0,0,0,64.95
2008,11,7,4,30,10.4,0,0,0,0,0,0,69.22
2008,11,7,5,30,9.5,0,0,0,0,0,0,73.23
2008,11,7,6,30,8.8,0,0,0,0,0,0,76.14
2008,11,7,7,30,8.5,0,0,0,0,0,0,77.07000000000001
2008,11,7,8,30,8.5,0,0,0,0,0,0,77.56
2008,11,7,9,30,8.6,0,0,0,0,0,0,78.31
2008,11,7,10,30,8.6,0,0,0,0,0,0,80.19
2008,11,7,11,30,8.6,0,0,0,0,0,0,81.89
2008,11,7,12,30,8.700000000000001,0,0,0,0,0,0,82.3
2008,11,7,13,30,10,27,65,419,419,27,65,75.8
2008,11,7,14,30,13.100000000000001,55,288,769,769,55,288,63.17
2008,11,7,15,30,16.8,69,507,900,900,69,507,51.6
2008,11,7,16,30,19.5,77,684,963,963,77,684,43.03
2008,11,7,17,30,21,82,800,992,992,82,800,38
2008,11,7,18,30,22,83,842,1000,1000,83,842,34.74
2008,11,7,19,30,22.6,82,812,992,992,82,812,32.74
2008,11,7,20,30,22.700000000000003,79,710,965,965,79,710,31.94
2008,11,7,21,30,22.200000000000003,74,542,901,330,228,400,32.4
2008,11,7,22,30,20.8,62,330,784,393,141,275,35.2
2008,11,7,23,30,17.7,37,104,502,502,37,104,44.480000000000004
2008,11,8,0,30,14.8,0,0,0,0,0,0,56.56
2008,11,8,1,30,13.3,0,0,0,0,0,0,58.52
2008,11,8,2,30,12,0,0,0,0,0,0,60.72
2008,11,8,3,30,10.700000000000001,0,0,0,0,0,0,64.46000000000001
2008,11,8,4,30,9.5,0,0,0,0,0,0,69.52
2008,11,8,5,30,8.8,0,0,0,0,0,0,73.01
2008,11,8,6,30,8.5,0,0,0,0,0,0,74.8
2008,11,8,7,30,8.4,0,0,0,0,0,0,75.11
2008,11,8,8,30,8.3,0,0,0,0,0,0,77.27
2008,11,8,9,30,8.200000000000001,0,0,0,0,0,0,81.67
2008,11,8,10,30,8.1,0,0,0,0,0,0,86.81
2008,11,8,11,30,8,0,0,0,0,0,0,92.79
2008,11,8,12,30,8.200000000000001,0,0,0,0,0,0,96.54
2008,11,8,13,30,9.600000000000001,34,56,250,250,34,56,91.86
2008,11,8,14,30,12.700000000000001,79,267,629,629,79,267,78.63
2008,11,8,15,30,15.700000000000001,96,484,803,803,96,484,68.82000000000001
2008,11,8,16,30,18.400000000000002,98,666,905,905,98,666,56.39
2008,11,8,17,30,20.5,98,784,952,952,98,784,45.06
2008,11,8,18,30,21.900000000000002,93,832,978,978,93,832,37.64
2008,11,8,19,30,22.700000000000003,92,802,971,971,92,802,33.38
2008,11,8,20,30,23,86,702,947,947,86,702,30.810000000000002
2008,11,8,21,30,22.900000000000002,76,540,897,897,76,540,29.18
2008,11,8,22,30,22,60,330,793,47,197,213,29.57
2008,11,8,23,30,19.700000000000003,36,103,506,506,36,103,37.56
2008,11,9,0,30,17.400000000000002,0,0,0,0,0,0,52.03
2008,11,9,1,30,16.1,0,0,0,0,0,0,57.120000000000005
2008,11,9,2,30,15.3,0,0,0,0,0,0,60.910000000000004
2008,11,9,3,30,14.8,0,0,0,0,0,0,60.94
2008,11,9,4,30,13.4,0,0,0,0,0,0,65.25
2008,11,9,5,30,11.4,0,0,0,0,0,0,74.81
2008,11,9,6,30,10.100000000000001,0,0,0,0,0,0,82.86
2008,11,9,7,30,9.4,0,0,0,0,0,0,88.45
2008,11,9,8,30,8.9,0,0,0,0,0,0,93.73
2008,11,9,9,30,8.3,0,0,0,0,0,0,99.13
2008,11,9,10,30,8,0,0,0,0,0,0,100
2008,11,9,11,30,7.7,0,0,0,0,0,0,100
2008,11,9,12,30,7.300000000000001,0,0,0,0,0,0,100
2008,11,9,13,30,8.9,26,62,425,7,39,39,93.39
2008,11,9,14,30,12.8,53,285,784,410,127,248,72.24
2008,11,9,15,30,16.900000000000002,66,503,910,910,66,503,54.47
2008,11,9,16,30,19.5,75,677,965,588,214,581,42.09
2008,11,9,17,30,21,81,793,994,760,196,741,36
2008,11,9,18,30,22,89,833,989,989,89,833,32.730000000000004
2008,11,9,19,30,22.6,83,805,990,740,205,744,31.05
2008,11,9,20,30,22.6,76,702,967,242,379,536,30.96
2008,11,9,21,30,22.1,65,540,924,924,65,540,31.89
2008,11,9,22,30,20.700000000000003,53,330,819,443,125,275,34.86
2008,11,9,23,30,17.7,32,104,553,10,67,69,43.89
2008,11,10,0,30,14.8,0,0,0,0,0,0,58.63
2008,11,10,1,30,13.9,0,0,0,0,0,0,64.35
2008,11,10,2,30,13.4,0,0,0,0,0,0,69.51
2008,11,10,3,30,12.600000000000001,0,0,0,0,0,0,76.43
2008,11,10,4,30,11.4,0,0,0,0,0,0,85.62
2008,11,10,5,30,10.3,0,0,0,0,0,0,94.88
2008,11,10,6,30,9.600000000000001,0,0,0,0,0,0,100
2008,11,10,7,30,8.9,0,0,0,0,0,0,100
2008,11,10,8,30,8.4,0,0,0,0,0,0,100
2008,11,10,9,30,8.1,0,0,0,0,0,0,100
2008,11,10,10,30,7.7,0,0,0,0,0,0,100
2008,11,10,11,30,7.300000000000001,0,0,0,0,0,0,100
2008,11,10,12,30,7.1000000000000005,0,0,0,0,0,0,100
2008,11,10,13,30,8.200000000000001,23,63,479,12,40,41,91.18
2008,11,10,14,30,11.200000000000001,45,286,821,821,45,286,75.07000000000001
2008,11,10,15,30,14.8,55,505,944,380,236,417,58.050000000000004
2008,11,10,16,30,17.7,61,679,996,996,61,679,45.4
2008,11,10,17,30,19.900000000000002,65,792,1019,1019,65,792,37.4
2008,11,10,18,30,21.400000000000002,66,838,1030,1030,66,838,32.58
2008,11,10,19,30,22.400000000000002,63,808,1026,1026,63,808,29.7
2008,11,10,20,30,22.6,58,707,1006,1006,58,707,28.77
2008,11,10,21,30,22.1,56,543,954,698,149,506,29.650000000000002
2008,11,10,22,30,20.6,46,333,853,853,46,333,32.83
2008,11,10,23,30,17.3,29,106,598,598,29,106,43.06
2008,11,11,0,30,14.100000000000001,0,0,0,0,0,0,59.21
2008,11,11,1,30,12.700000000000001,0,0,0,0,0,0,66.33
2008,11,11,2,30,11.600000000000001,0,0,0,0,0,0,74.35000000000001
2008,11,11,3,30,10.600000000000001,0,0,0,0,0,0,84.26
2008,11,11,4,30,9.700000000000001,0,0,0,0,0,0,95.22
2008,11,11,5,30,8.9,0,0,0,0,0,0,100
2008,11,11,6,30,8.200000000000001,0,0,0,0,0,0,100
2008,11,11,7,30,7.6000000000000005,0,0,0,0,0,0,100
2008,11,11,8,30,7.300000000000001,0,0,0,0,0,0,100
2008,11,11,9,30,7.1000000000000005,0,0,0,0,0,0,100
2008,11,11,10,30,6.9,0,0,0,0,0,0,100
2008,11,11,11,30,7,0,0,0,0,0,0,100
2008,11,11,12,30,7.2,0,0,0,0,0,0,100
2008,11,11,13,30,8,23,60,459,459,23,60,96.35000000000001
2008,11,11,14,30,10.4,46,286,827,827,46,286,81.14
2008,11,11,15,30,14.100000000000001,53,506,956,956,53,506,61.28
2008,11,11,16,30,17.900000000000002,57,684,1015,1015,57,684,40.17
2008,11,11,17,30,20.8,59,800,1044,1044,59,800,25.310000000000002
2008,11,11,18,30,22.5,65,847,1048,1048,65,847,20.26
2008,11,11,19,30,23.5,62,813,1039,1039,62,813,17.92
2008,11,11,20,30,23.8,58,712,1017,1017,58,712,17.11
2008,11,11,21,30,23.400000000000002,52,547,971,971,52,547,17.68
2008,11,11,22,30,21.700000000000003,43,333,870,870,43,333,19.830000000000002
2008,11,11,23,30,17.7,27,105,614,614,27,105,32
2008,11,12,0,30,14.200000000000001,0,0,0,0,0,0,47.6
2008,11,12,1,30,12.700000000000001,0,0,0,0,0,0,53.050000000000004
2008,11,12,2,30,11.600000000000001,0,0,0,0,0,0,59.83
2008,11,12,3,30,10.700000000000001,0,0,0,0,0,0,67.78
2008,11,12,4,30,9.9,0,0,0,0,0,0,76.9
2008,11,12,5,30,9,0,0,0,0,0,0,87.33
2008,11,12,6,30,8.200000000000001,0,0,0,0,0,0,96.16
2008,11,12,7,30,7.7,0,0,0,0,0,0,99.65
2008,11,12,8,30,7.4,0,0,0,0,0,0,99.07000000000001
2008,11,12,9,30,6.9,0,0,0,0,0,0,100
2008,11,12,10,30,6.300000000000001,0,0,0,0,0,0,100
2008,11,12,11,30,5.4,0,0,0,0,0,0,100
2008,11,12,12,30,4.800000000000001,0,0,0,0,0,0,100
2008,11,12,13,30,6.6000000000000005,21,61,515,515,21,61,87.88
2008,11,12,14,30,10.5,42,289,860,860,42,289,65.09
2008,11,12,15,30,14,52,513,978,978,52,513,47.53
2008,11,12,16,30,17,57,692,1034,1034,57,692,34.57
2008,11,12,17,30,19.400000000000002,59,810,1062,1062,59,810,24.67
2008,11,12,18,30,21,59,856,1072,1072,59,856,19.29
2008,11,12,19,30,22.1,57,826,1068,1068,57,826,16.1
2008,11,12,20,30,22.400000000000002,54,718,1039,1039,54,718,14.700000000000001
2008,11,12,21,30,22.1,51,553,990,990,51,553,14.69
2008,11,12,22,30,20.3,43,336,885,885,43,336,17
2008,11,12,23,30,16.6,27,105,624,624,27,105,32.25
2008,11,13,0,30,13.5,0,0,0,0,0,0,46.54
2008,11,13,1,30,12.200000000000001,0,0,0,0,0,0,52.45
2008,11,13,2,30,10.9,0,0,0,0,0,0,61.02
2008,11,13,3,30,9.5,0,0,0,0,0,0,66.56
2008,11,13,4,30,8.200000000000001,0,0,0,0,0,0,70.18
2008,11,13,5,30,7.300000000000001,0,0,0,0,0,0,73.79
2008,11,13,6,30,6.4,0,0,0,0,0,0,77.46000000000001
2008,11,13,7,30,5.6000000000000005,0,0,0,0,0,0,80.05
2008,11,13,8,30,4.9,0,0,0,0,0,0,81.26
2008,11,13,9,30,4.3,0,0,0,0,0,0,81.02
2008,11,13,10,30,3.9000000000000004,0,0,0,0,0,0,79.2
2008,11,13,11,30,3.6,0,0,0,0,0,0,76.58
2008,11,13,12,30,3.6,0,0,0,0,0,0,72.97
2008,11,13,13,30,5.7,22,56,446,446,22,56,61.690000000000005
2008,11,13,14,30,9.700000000000001,47,278,812,812,47,278,46.62
2008,11,13,15,30,13,58,501,946,946,58,501,37.17
2008,11,13,16,30,15.200000000000001,64,680,1008,1008,64,680,34.26
2008,11,13,17,30,16.900000000000002,66,794,1033,1033,66,794,29.990000000000002
2008,11,13,18,30,18.2,71,839,1039,1039,71,839,26.23
2008,11,13,19,30,19.1,68,810,1035,1035,68,810,23.63
2008,11,13,20,30,19.400000000000002,63,709,1014,1014,63,709,22.34
2008,11,13,21,30,19,58,544,963,963,58,544,22.42
2008,11,13,22,30,17.6,47,332,864,864,47,332,24.55
2008,11,13,23,30,14.200000000000001,28,102,599,599,28,102,33.81
2008,11,14,0,30,10.9,0,0,0,0,0,0,51.56
2008,11,14,1,30,9.8,0,0,0,0,0,0,54.01
2008,11,14,2,30,9.3,0,0,0,0,0,0,54.26
2008,11,14,3,30,9,0,0,0,0,0,0,53.2
2008,11,14,4,30,8.9,0,0,0,0,0,0,51.31
2008,11,14,5,30,8.200000000000001,0,0,0,0,0,0,51.550000000000004
2008,11,14,6,30,6.6000000000000005,0,0,0,0,0,0,58.27
2008,11,14,7,30,5.6000000000000005,0,0,0,0,0,0,63.370000000000005
2008,11,14,8,30,5.300000000000001,0,0,0,0,0,0,65.24
2008,11,14,9,30,5.2,0,0,0,0,0,0,67.2
2008,11,14,10,30,5.1000000000000005,0,0,0,0,0,0,70.76
2008,11,14,11,30,5,0,0,0,0,0,0,75.96000000000001
2008,11,14,12,30,5.1000000000000005,0,0,0,0,0,0,80.51
2008,11,14,13,30,7.7,19,56,510,510,19,56,70.63
2008,11,14,14,30,12.100000000000001,39,280,856,856,39,280,55.65
2008,11,14,15,30,16.6,48,501,975,975,48,501,43.4
2008,11,14,16,30,20.3,54,680,1030,1030,54,680,27.07
2008,11,14,17,30,22.200000000000003,58,797,1055,1055,58,797,21.78
2008,11,14,18,30,23.400000000000002,61,844,1063,1063,61,844,19.17
2008,11,14,19,30,24,62,816,1056,1056,62,816,17.78
2008,11,14,20,30,24,59,714,1034,1034,59,714,17.35
2008,11,14,21,30,23.3,53,548,986,986,53,548,18.11
2008,11,14,22,30,21.3,45,332,877,877,45,332,20.400000000000002
2008,11,14,23,30,17,28,102,609,609,28,102,33.35
2008,11,15,0,30,13.3,0,0,0,0,0,0,45.33
2008,11,15,1,30,11.600000000000001,0,0,0,0,0,0,46.9
2008,11,15,2,30,10.100000000000001,0,0,0,0,0,0,50.45
2008,11,15,3,30,8.9,0,0,0,0,0,0,54.910000000000004
2008,11,15,4,30,8,0,0,0,0,0,0,58
2008,11,15,5,30,7.4,0,0,0,0,0,0,59.68
2008,11,15,6,30,6.7,0,0,0,0,0,0,61.68
2008,11,15,7,30,5.9,0,0,0,0,0,0,64.36
2008,11,15,8,30,5.4,0,0,0,0,0,0,66.1
2008,11,15,9,30,4.800000000000001,0,0,0,0,0,0,70.22
2008,11,15,10,30,3.9000000000000004,0,0,0,0,0,0,78.19
2008,11,15,11,30,3.1,0,0,0,0,0,0,86.35000000000001
2008,11,15,12,30,2.5,0,0,0,0,0,0,93.55
2008,11,15,13,30,3.5,24,50,372,372,24,50,88.91
2008,11,15,14,30,6.1000000000000005,54,268,768,768,54,268,75.03
2008,11,15,15,30,8.8,68,488,909,909,68,488,62.29
2008,11,15,16,30,11.5,75,666,977,977,75,666,52.14
2008,11,15,17,30,13.9,79,784,1010,1010,79,784,44.7
2008,11,15,18,30,15.8,80,830,1022,1022,80,830,39.13
2008,11,15,19,30,17,79,802,1016,1016,79,802,35.2
2008,11,15,20,30,17.5,75,701,990,990,75,701,33.17
2008,11,15,21,30,17.2,68,536,937,937,68,536,33.06
2008,11,15,22,30,16,55,322,820,820,55,322,35.39
2008,11,15,23,30,13,32,96,528,528,32,96,44.07
2008,11,16,0,30,10,0,0,0,0,0,0,56.17
2008,11,16,1,30,8.3,0,0,0,0,0,0,59.54
2008,11,16,2,30,6.6000000000000005,0,0,0,0,0,0,64.4
2008,11,16,3,30,5.300000000000001,0,0,0,0,0,0,69.01
2008,11,16,4,30,4.4,0,0,0,0,0,0,74.23
2008,11,16,5,30,4,0,0,0,0,0,0,78.85000000000001
2008,11,16,6,30,3.6,0,0,0,0,0,0,86.67
2008,11,16,7,30,3,0,0,0,0,0,0,96.54
2008,11,16,8,30,2.5,0,0,0,0,0,0,100
2008,11,16,9,30,2.3000000000000003,0,0,0,0,0,0,100
2008,11,16,10,30,2.5,0,0,0,0,0,0,100
2008,11,16,11,30,2.6,0,0,0,0,0,0,100
2008,11,16,12,30,2.5,0,0,0,0,0,0,100
2008,11,16,13,30,3.4000000000000004,23,47,357,357,23,47,92.65
2008,11,16,14,30,6,52,266,777,1,91,91,77.28
2008,11,16,15,30,9.8,64,486,922,0,131,131,60.57
2008,11,16,16,30,14,70,665,989,2,262,263,46.56
2008,11,16,17,30,17.1,73,783,1021,439,359,664,38.11
2008,11,16,18,30,18.8,74,829,1033,1033,74,829,33.84
2008,11,16,19,30,19.900000000000002,73,801,1028,1028,73,801,30.8
2008,11,16,20,30,20.3,68,697,1000,1000,68,697,29.17
2008,11,16,21,30,19.900000000000002,62,534,947,947,62,534,29.19
2008,11,16,22,30,18.400000000000002,52,323,837,837,52,323,31.740000000000002
2008,11,16,23,30,14.8,31,96,548,548,31,96,43.68
2008,11,17,0,30,11.600000000000001,0,0,0,0,0,0,58.69
2008,11,17,1,30,10.200000000000001,0,0,0,0,0,0,61.800000000000004
2008,11,17,2,30,9.1,0,0,0,0,0,0,65.57000000000001
2008,11,17,3,30,8,0,0,0,0,0,0,69.93
2008,11,17,4,30,7.2,0,0,0,0,0,0,73.13
2008,11,17,5,30,6.9,0,0,0,0,0,0,73.18
2008,11,17,6,30,6.7,0,0,0,0,0,0,72.60000000000001
2008,11,17,7,30,6.4,0,0,0,0,0,0,72.94
2008,11,17,8,30,6.1000000000000005,0,0,0,0,0,0,73.43
2008,11,17,9,30,5.9,0,0,0,0,0,0,73.45
2008,11,17,10,30,5.9,0,0,0,0,0,0,72.51
2008,11,17,11,30,6.1000000000000005,0,0,0,0,0,0,70.61
2008,11,17,12,30,6.2,0,0,0,0,0,0,69.49
2008,11,17,13,30,7.5,21,48,419,419,21,48,63.5
2008,11,17,14,30,10.600000000000001,46,267,809,809,46,267,55.22
2008,11,17,15,30,13.8,59,487,940,940,59,487,45.13
2008,11,17,16,30,16.2,66,665,1002,1002,66,665,38.54
2008,11,17,17,30,18,69,783,1033,1033,69,783,33.08
2008,11,17,18,30,19.200000000000003,71,830,1043,1043,71,830,29.52
2008,11,17,19,30,19.8,71,802,1036,1036,71,802,27.48
2008,11,17,20,30,19.8,68,701,1010,1010,68,701,26.78
2008,11,17,21,30,19.200000000000003,62,537,956,956,62,537,27.26
2008,11,17,22,30,17.6,52,324,843,843,52,324,30.16
2008,11,17,23,30,14.100000000000001,31,95,542,542,31,95,40.19
2008,11,18,0,30,11.100000000000001,0,0,0,0,0,0,53.46
2008,11,18,1,30,9.600000000000001,0,0,0,0,0,0,57.910000000000004
2008,11,18,2,30,8.3,0,0,0,0,0,0,62.56
2008,11,18,3,30,7.2,0,0,0,0,0,0,66.51
2008,11,18,4,30,6.4,0,0,0,0,0,0,69.11
2008,11,18,5,30,5.7,0,0,0,0,0,0,71.68
2008,11,18,6,30,5.2,0,0,0,0,0,0,73.46000000000001
2008,11,18,7,30,5,0,0,0,0,0,0,73.67
2008,11,18,8,30,5,0,0,0,0,0,0,73.78
2008,11,18,9,30,4.800000000000001,0,0,0,0,0,0,75.08
2008,11,18,10,30,4.5,0,0,0,0,0,0,76.82000000000001
2008,11,18,11,30,4,0,0,0,0,0,0,79.65
2008,11,18,12,30,3.6,0,0,0,0,0,0,81.83
2008,11,18,13,30,5,21,46,396,396,21,46,74.25
2008,11,18,14,30,8.3,48,265,802,802,48,265,63.52
2008,11,18,15,30,11.9,61,486,939,939,61,486,50.65
2008,11,18,16,30,14.8,70,661,994,994,70,661,39.85
2008,11,18,17,30,16.7,75,779,1024,1024,75,779,35.19
2008,11,18,18,30,18,76,826,1034,1034,76,826,32.52
2008,11,18,19,30,18.8,74,795,1024,1024,74,795,30.46
2008,11,18,20,30,19,71,695,999,999,71,695,29.47
2008,11,18,21,30,18.6,62,532,952,952,62,532,29.61
2008,11,18,22,30,17.2,51,321,843,843,51,321,32.08
2008,11,18,23,30,13.9,30,95,558,558,30,95,43.37
2008,11,19,0,30,10.8,0,0,0,0,0,0,55.81
2008,11,19,1,30,9.3,0,0,0,0,0,0,57.21
2008,11,19,2,30,7.800000000000001,0,0,0,0,0,0,59.910000000000004
2008,11,19,3,30,6.5,0,0,0,0,0,0,63.57
2008,11,19,4,30,5.7,0,0,0,0,0,0,66.42
2008,11,19,5,30,4.9,0,0,0,0,0,0,70.99
2008,11,19,6,30,3.8000000000000003,0,0,0,0,0,0,78.3
2008,11,19,7,30,2.9000000000000004,0,0,0,0,0,0,85.16
2008,11,19,8,30,2,0,0,0,0,0,0,92.84
2008,11,19,9,30,1.2000000000000002,0,0,0,0,0,0,100
2008,11,19,10,30,0.5,0,0,0,0,0,0,100
2008,11,19,11,30,0,0,0,0,0,0,0,100
2008,11,19,12,30,-0.30000000000000004,0,0,0,0,0,0,100
2008,11,19,13,30,0.6000000000000001,20,47,446,446,20,47,90.82000000000001
2008,11,19,14,30,3.5,43,274,862,862,43,274,68.57000000000001
2008,11,19,15,30,7.7,51,498,994,994,51,498,45.81
2008,11,19,16,30,11.9,56,680,1053,1053,56,680,30.990000000000002
2008,11,19,17,30,15.3,58,799,1081,1081,58,799,20.79
2008,11,19,18,30,17.8,58,847,1092,1092,58,847,16.32
2008,11,19,19,30,19.400000000000002,58,819,1087,1087,58,819,13.75
2008,11,19,20,30,20,55,711,1054,1054,55,711,12.94
2008,11,19,21,30,19.8,52,546,1004,1004,52,546,13.120000000000001
2008,11,19,22,30,18,43,332,905,905,43,332,15.33
2008,11,19,23,30,13.9,26,101,639,639,26,101,37.19
2008,11,20,0,30,10.3,0,0,0,0,0,0,43.81
2008,11,20,1,30,8.6,0,0,0,0,0,0,46.65
2008,11,20,2,30,7.4,0,0,0,0,0,0,49.86
2008,11,20,3,30,6.300000000000001,0,0,0,0,0,0,54.47
2008,11,20,4,30,5.4,0,0,0,0,0,0,60.33
2008,11,20,5,30,4.7,0,0,0,0,0,0,67.08
2008,11,20,6,30,4.1000000000000005,0,0,0,0,0,0,73.8
2008,11,20,7,30,3.4000000000000004,0,0,0,0,0,0,80.76
2008,11,20,8,30,2.9000000000000004,0,0,0,0,0,0,86.03
2008,11,20,9,30,2.4000000000000004,0,0,0,0,0,0,89.69
2008,11,20,10,30,2,0,0,0,0,0,0,90.37
2008,11,20,11,30,1.7000000000000002,0,0,0,0,0,0,89.07000000000001
2008,11,20,12,30,1.7000000000000002,0,0,0,0,0,0,85.2
2008,11,20,13,30,4.3,18,45,468,468,18,45,67.62
2008,11,20,14,30,8.9,40,267,856,856,40,267,50.81
2008,11,20,15,30,13.600000000000001,51,489,982,982,51,489,36.77
2008,11,20,16,30,18,57,669,1039,1039,57,669,23.71
2008,11,20,17,30,20.3,61,783,1057,1057,61,783,16.76
2008,11,20,18,30,21.3,70,831,1058,1058,70,831,15.84
2008,11,20,19,30,21.8,70,804,1051,1051,70,804,15.55
2008,11,20,20,30,21.700000000000003,66,699,1020,1020,66,699,15.81
2008,11,20,21,30,21,60,535,970,970,60,535,16.78
2008,11,20,22,30,18.900000000000002,50,323,861,861,50,323,19.71
2008,11,20,23,30,14.700000000000001,29,95,569,28,63,66,33.05
2008,11,21,0,30,11.3,0,0,0,0,0,0,45.14
2008,11,21,1,30,10.100000000000001,0,0,0,0,0,0,46.94
2008,11,21,2,30,8.8,0,0,0,0,0,0,50.72
2008,11,21,3,30,7.4,0,0,0,0,0,0,56.050000000000004
2008,11,21,4,30,6,0,0,0,0,0,0,63.02
2008,11,21,5,30,4.9,0,0,0,0,0,0,69.49
2008,11,21,6,30,4.1000000000000005,0,0,0,0,0,0,75.36
2008,11,21,7,30,3.5,0,0,0,0,0,0,81.33
2008,11,21,8,30,3.2,0,0,0,0,0,0,88.19
2008,11,21,9,30,3.4000000000000004,0,0,0,0,0,0,93.75
2008,11,21,10,30,4.3,0,0,0,0,0,0,95.15
2008,11,21,11,30,5.1000000000000005,0,0,0,0,0,0,97.25
2008,11,21,12,30,5.6000000000000005,0,0,0,0,0,0,98.87
2008,11,21,13,30,6.300000000000001,20,37,311,311,20,37,96.7
2008,11,21,14,30,7.6000000000000005,51,247,749,14,140,144,89.92
2008,11,21,15,30,10,64,464,902,902,64,464,76.81
2008,11,21,16,30,13,68,642,978,978,68,642,59.81
2008,11,21,17,30,15.5,70,759,1014,1014,70,759,47.08
2008,11,21,18,30,17,73,806,1023,1023,73,806,39.96
2008,11,21,19,30,17.5,73,780,1016,1016,73,780,36.58
2008,11,21,20,30,17.3,70,682,989,270,360,527,35.69
2008,11,21,21,30,16.7,63,519,933,933,63,519,36.97
2008,11,21,22,30,15.3,52,311,821,821,52,311,41.480000000000004
2008,11,21,23,30,13,30,90,522,7,58,58,57.2
2008,11,22,0,30,11.3,0,0,0,0,0,0,65.81
2008,11,22,1,30,10.700000000000001,0,0,0,0,0,0,69.81
2008,11,22,2,30,10,0,0,0,0,0,0,75.75
2008,11,22,3,30,8.9,0,0,0,0,0,0,82.65
2008,11,22,4,30,7.9,0,0,0,0,0,0,88.55
2008,11,22,5,30,7.1000000000000005,0,0,0,0,0,0,92
2008,11,22,6,30,6.5,0,0,0,0,0,0,93.61
2008,11,22,7,30,5.9,0,0,0,0,0,0,95.08
2008,11,22,8,30,5.300000000000001,0,0,0,0,0,0,96.83
2008,11,22,9,30,4.9,0,0,0,0,0,0,97.45
2008,11,22,10,30,4.6000000000000005,0,0,0,0,0,0,97.82000000000001
2008,11,22,11,30,4.4,0,0,0,0,0,0,97.34
2008,11,22,12,30,4.2,0,0,0,0,0,0,96.92
2008,11,22,13,30,4.9,19,36,341,2,23,23,91.69
2008,11,22,14,30,7.2,46,246,773,72,152,171,77.59
2008,11,22,15,30,10.600000000000001,58,463,917,295,208,338,62.74
2008,11,22,16,30,14.4,65,639,983,575,181,517,49.480000000000004
2008,11,22,17,30,17,70,756,1014,713,187,669,41.02
2008,11,22,18,30,18.400000000000002,76,803,1018,1018,76,803,37.07
2008,11,22,19,30,19.1,73,774,1010,798,180,734,34.72
2008,11,22,20,30,19.400000000000002,69,677,986,598,213,582,33.26
2008,11,22,21,30,19,67,515,920,632,151,459,33.26
2008,11,22,22,30,17.6,54,307,803,536,114,283,35.61
2008,11,22,23,30,14.3,31,88,503,239,56,83,49.03
2008,11,23,0,30,11.4,0,0,0,0,0,0,61.6
2008,11,23,1,30,10.200000000000001,0,0,0,0,0,0,63.32
2008,11,23,2,30,9.200000000000001,0,0,0,0,0,0,65.31
2008,11,23,3,30,8.1,0,0,0,0,0,0,68.47
2008,11,23,4,30,7.1000000000000005,0,0,0,0,0,0,72.45
2008,11,23,5,30,6.1000000000000005,0,0,0,0,0,0,78.24
2008,11,23,6,30,5.5,0,0,0,0,0,0,84.24
2008,11,23,7,30,5.4,0,0,0,0,0,0,89.81
2008,11,23,8,30,5.6000000000000005,0,0,0,0,0,0,93.87
2008,11,23,9,30,5.6000000000000005,0,0,0,0,0,0,96.81
2008,11,23,10,30,5.300000000000001,0,0,0,0,0,0,100
2008,11,23,11,30,5.2,0,0,0,0,0,0,100
2008,11,23,12,30,5.2,0,0,0,0,0,0,99.18
2008,11,23,13,30,6,19,33,289,0,10,10,92.64
2008,11,23,14,30,8.4,48,236,734,70,125,143,78.39
2008,11,23,15,30,12.200000000000001,61,449,885,623,142,415,61.18
2008,11,23,16,30,16,69,623,955,955,69,623,46.35
2008,11,23,17,30,18.6,72,737,986,986,72,737,35.79
2008,11,23,18,30,20,72,785,1001,1001,72,785,30.54
2008,11,23,19,30,20.8,71,759,995,995,71,759,27.44
2008,11,23,20,30,21,69,661,964,964,69,661,26.43
2008,11,23,21,30,20.700000000000003,63,504,909,909,63,504,26.95
2008,11,23,22,30,19.3,51,302,797,302,138,233,29.7
2008,11,23,23,30,16.3,29,86,505,19,56,58,43.27
2008,11,24,0,30,13.8,0,0,0,0,0,0,52.5
2008,11,24,1,30,12.700000000000001,0,0,0,0,0,0,53.04
2008,11,24,2,30,11.9,0,0,0,0,0,0,54.870000000000005
2008,11,24,3,30,11.100000000000001,0,0,0,0,0,0,57.53
2008,11,24,4,30,10.4,0,0,0,0,0,0,61.72
2008,11,24,5,30,9.700000000000001,0,0,0,0,0,0,65.65
2008,11,24,6,30,9,0,0,0,0,0,0,68.84
2008,11,24,7,30,8.5,0,0,0,0,0,0,71.52
2008,11,24,8,30,7.9,0,0,0,0,0,0,75.01
2008,11,24,9,30,7.4,0,0,0,0,0,0,78.19
2008,11,24,10,30,7.2,0,0,0,0,0,0,79.82000000000001
2008,11,24,11,30,7.300000000000001,0,0,0,0,0,0,79.38
2008,11,24,12,30,7.6000000000000005,0,0,0,0,0,0,77.38
2008,11,24,13,30,9,17,32,321,2,21,21,69.67
2008,11,24,14,30,11.9,47,237,753,284,125,197,59.65
2008,11,24,15,30,15.200000000000001,61,453,902,902,61,453,44.35
2008,11,24,16,30,17.6,69,629,969,969,69,629,33.06
2008,11,24,17,30,18.8,73,749,1006,1006,73,749,28.810000000000002
2008,11,24,18,30,19.5,79,796,1010,1010,79,796,27.16
2008,11,24,19,30,19.700000000000003,77,770,1006,1006,77,770,26.35
2008,11,24,20,30,19.5,73,677,985,985,73,677,26.060000000000002
2008,11,24,21,30,18.7,66,517,930,930,66,517,26.78
2008,11,24,22,30,17.1,54,310,816,816,54,310,29.46
2008,11,24,23,30,13.8,30,89,523,523,30,89,38.89
2008,11,25,0,30,10.9,0,0,0,0,0,0,51.980000000000004
2008,11,25,1,30,9.8,0,0,0,0,0,0,55.230000000000004
2008,11,25,2,30,8.9,0,0,0,0,0,0,60.14
2008,11,25,3,30,7.800000000000001,0,0,0,0,0,0,68.95
2008,11,25,4,30,6.800000000000001,0,0,0,0,0,0,79.01
2008,11,25,5,30,6,0,0,0,0,0,0,88.31
2008,11,25,6,30,5.5,0,0,0,0,0,0,95.69
2008,11,25,7,30,5.6000000000000005,0,0,0,0,0,0,100
2008,11,25,8,30,6.2,0,0,0,0,0,0,100
2008,11,25,9,30,6.6000000000000005,0,0,0,0,0,0,100
2008,11,25,10,30,6.7,0,0,0,0,0,0,100
2008,11,25,11,30,6.5,0,0,0,0,0,0,100
2008,11,25,12,30,6.2,0,0,0,0,0,0,100
2008,11,25,13,30,7,18,30,281,281,18,30,98.82000000000001
2008,11,25,14,30,9.1,48,235,748,180,137,182,84.7
2008,11,25,15,30,11.8,60,452,907,907,60,452,69.69
2008,11,25,16,30,14.700000000000001,66,629,979,979,66,629,55.980000000000004
2008,11,25,17,30,17.2,68,747,1015,1015,68,747,45.14
2008,11,25,18,30,19.1,71,792,1020,1020,71,792,37.94
2008,11,25,19,30,20.200000000000003,69,767,1016,1016,69,767,33.85
2008,11,25,20,30,20.8,65,672,993,993,65,672,31.26
2008,11,25,21,30,20.700000000000003,57,514,946,946,57,514,30.2
2008,11,25,22,30,19.400000000000002,46,309,840,840,46,309,31.69
2008,11,25,23,30,16,27,90,559,559,27,90,48.88
2008,11,26,0,30,12.9,0,0,0,0,0,0,57.300000000000004
2008,11,26,1,30,11.700000000000001,0,0,0,0,0,0,59.32
2008,11,26,2,30,11,0,0,0,0,0,0,61.04
2008,11,26,3,30,10,0,0,0,0,0,0,65.32000000000001
2008,11,26,4,30,9,0,0,0,0,0,0,72.37
2008,11,26,5,30,8.3,0,0,0,0,0,0,80.17
2008,11,26,6,30,7.7,0,0,0,0,0,0,87.17
2008,11,26,7,30,7.2,0,0,0,0,0,0,92.51
2008,11,26,8,30,6.7,0,0,0,0,0,0,96.55
2008,11,26,9,30,6.300000000000001,0,0,0,0,0,0,98.71000000000001
2008,11,26,10,30,6,0,0,0,0,0,0,99.69
2008,11,26,11,30,5.6000000000000005,0,0,0,0,0,0,100
2008,11,26,12,30,5.6000000000000005,0,0,0,0,0,0,99.71000000000001
2008,11,26,13,30,7.300000000000001,15,29,332,332,15,29,87.33
2008,11,26,14,30,11,43,232,764,764,43,232,68.02
2008,11,26,15,30,15.700000000000001,55,445,907,907,55,445,51.04
2008,11,26,16,30,19.6,63,619,972,972,63,619,35.550000000000004
2008,11,26,17,30,21.6,68,733,1000,1000,68,733,29.080000000000002
2008,11,26,18,30,22.6,68,781,1012,1012,68,781,26.71
2008,11,26,19,30,23.200000000000003,68,760,1010,1010,68,760,25.13
2008,11,26,20,30,23.400000000000002,64,663,983,983,64,663,24.150000000000002
2008,11,26,21,30,23,58,506,931,931,58,506,24.12
2008,11,26,22,30,21.3,48,304,820,820,48,304,26.61
2008,11,26,23,30,17.6,28,87,532,532,28,87,44.17
2008,11,27,0,30,14.4,0,0,0,0,0,0,52.64
2008,11,27,1,30,13.200000000000001,0,0,0,0,0,0,55.38
2008,11,27,2,30,12,0,0,0,0,0,0,59.89
2008,11,27,3,30,11.3,0,0,0,0,0,0,62.31
2008,11,27,4,30,11.3,0,0,0,0,0,0,60.52
2008,11,27,5,30,10.8,0,0,0,0,0,0,61.53
2008,11,27,6,30,9.600000000000001,0,0,0,0,0,0,67.06
2008,11,27,7,30,8.6,0,0,0,0,0,0,73.47
2008,11,27,8,30,8.200000000000001,0,0,0,0,0,0,77.66
2008,11,27,9,30,7.800000000000001,0,0,0,0,0,0,82.49
2008,11,27,10,30,7.6000000000000005,0,0,0,0,0,0,86.72
2008,11,27,11,30,7.4,0,0,0,0,0,0,90.77
2008,11,27,12,30,7.4,0,0,0,0,0,0,92.51
2008,11,27,13,30,9.3,15,27,308,308,15,27,81.39
2008,11,27,14,30,13.100000000000001,43,228,754,754,43,228,64.02
2008,11,27,15,30,17.2,55,440,903,903,55,440,48.56
2008,11,27,16,30,20.6,61,614,971,971,61,614,32.63
2008,11,27,17,30,22.3,65,731,1003,1003,65,731,26.85
2008,11,27,18,30,23.400000000000002,72,778,1007,1007,72,778,24.240000000000002
2008,11,27,19,30,23.8,70,755,1002,1002,70,755,23.61
2008,11,27,20,30,23.5,67,661,977,977,67,661,24.44
2008,11,27,21,30,23,58,504,926,926,58,504,25.89
2008,11,27,22,30,21.3,47,302,823,823,47,302,29.5
2008,11,27,23,30,17.7,26,87,546,546,26,87,43.52
2008,11,28,0,30,14.8,0,0,0,0,0,0,55.86
2008,11,28,1,30,13.700000000000001,0,0,0,0,0,0,59.76
2008,11,28,2,30,12.9,0,0,0,0,0,0,63.83
2008,11,28,3,30,12.100000000000001,0,0,0,0,0,0,68.76
2008,11,28,4,30,11.4,0,0,0,0,0,0,73.28
2008,11,28,5,30,10.600000000000001,0,0,0,0,0,0,77.29
2008,11,28,6,30,9.9,0,0,0,0,0,0,80.5
2008,11,28,7,30,9.3,0,0,0,0,0,0,83.04
2008,11,28,8,30,8.8,0,0,0,0,0,0,84.44
2008,11,28,9,30,8.3,0,0,0,0,0,0,85.07000000000001
2008,11,28,10,30,8,0,0,0,0,0,0,83.78
2008,11,28,11,30,7.7,0,0,0,0,0,0,82.07000000000001
2008,11,28,12,30,7.7,0,0,0,0,0,0,78.77
2008,11,28,13,30,9.4,14,26,333,0,12,12,68.17
2008,11,28,14,30,12.9,39,225,766,0,16,16,54.39
2008,11,28,15,30,16.7,51,434,904,67,187,215,44.300000000000004
2008,11,28,16,30,19.700000000000003,59,607,968,221,272,398,37.78
2008,11,28,17,30,21.5,63,721,996,996,63,721,33.27
2008,11,28,18,30,22.6,62,770,1011,1011,62,770,30.900000000000002
2008,11,28,19,30,22.900000000000002,62,747,1004,413,294,575,30.36
2008,11,28,20,30,22.400000000000002,60,654,981,38,320,343,31.43
2008,11,28,21,30,21.400000000000002,54,500,930,429,189,394,33.47
2008,11,28,22,30,19.700000000000003,45,301,827,12,111,114,36.86
2008,11,28,23,30,17.1,26,87,551,120,57,70,44.11
2008,11,29,0,30,15,0,0,0,0,0,0,52.97
2008,11,29,1,30,14.100000000000001,0,0,0,0,0,0,56.230000000000004
2008,11,29,2,30,13.4,0,0,0,0,0,0,59.410000000000004
2008,11,29,3,30,12.600000000000001,0,0,0,0,0,0,63.89
2008,11,29,4,30,11.9,0,0,0,0,0,0,69.97
2008,11,29,5,30,11.3,0,0,0,0,0,0,76.57000000000001
2008,11,29,6,30,10.700000000000001,0,0,0,0,0,0,81.29
2008,11,29,7,30,10.200000000000001,0,0,0,0,0,0,83.10000000000001
2008,11,29,8,30,9.600000000000001,0,0,0,0,0,0,84.33
2008,11,29,9,30,9,0,0,0,0,0,0,84.7
2008,11,29,10,30,8.6,0,0,0,0,0,0,84.01
2008,11,29,11,30,8.3,0,0,0,0,0,0,82.96000000000001
2008,11,29,12,30,7.6000000000000005,0,0,0,0,0,0,84.22
2008,11,29,13,30,8.1,14,25,337,337,14,25,78.81
2008,11,29,14,30,10.3,39,231,803,304,113,185,66.85
2008,11,29,15,30,13.200000000000001,48,451,956,179,224,300,47.35
2008,11,29,16,30,15.700000000000001,53,633,1028,1028,53,633,31.42
2008,11,29,17,30,17.400000000000002,57,753,1058,1058,57,753,24.04
2008,11,29,18,30,18.7,64,800,1055,588,238,648,20.18
2008,11,29,19,30,19.400000000000002,60,776,1054,1054,60,776,18.11
2008,11,29,20,30,19.3,56,681,1033,413,265,514,17.29
2008,11,29,21,30,18.2,53,523,982,726,142,490,17.79
2008,11,29,22,30,16.2,44,316,876,238,160,234,19.78
2008,11,29,23,30,13.600000000000001,26,93,598,141,60,75,25.36
2008,11,30,0,30,11.4,0,0,0,0,0,0,33.92
2008,11,30,1,30,9.9,0,0,0,0,0,0,41.4
2008,11,30,2,30,8.4,0,0,0,0,0,0,49.26
2008,11,30,3,30,7,0,0,0,0,0,0,55.1
2008,11,30,4,30,5.800000000000001,0,0,0,0,0,0,58.43
2008,11,30,5,30,4.7,0,0,0,0,0,0,60.81
2008,11,30,6,30,3.5,0,0,0,0,0,0,62.77
2008,11,30,7,30,2.5,0,0,0,0,0,0,63.27
2008,11,30,8,30,1.8,0,0,0,0,0,0,63.31
2008,11,30,9,30,1.4000000000000001,0,0,0,0,0,0,63.190000000000005
2008,11,30,10,30,1,0,0,0,0,0,0,63.74
2008,11,30,11,30,0.8,0,0,0,0,0,0,63.93
2008,11,30,12,30,0.7000000000000001,0,0,0,0,0,0,64.53
2008,11,30,13,30,2.8000000000000003,13,25,383,383,13,25,56.95
2008,11,30,14,30,6.800000000000001,36,234,836,836,36,234,47.08
2008,11,30,15,30,10.3,45,454,976,976,45,454,38.01
2008,11,30,16,30,12.8,51,634,1038,1038,51,634,30.830000000000002
2008,11,30,17,30,14.700000000000001,54,755,1068,1068,54,755,25.830000000000002
2008,11,30,18,30,16.1,57,807,1078,1078,57,807,22.93
2008,11,30,19,30,16.8,58,784,1072,1072,58,784,21.61
2008,11,30,20,30,16.8,55,689,1050,1050,55,689,21.47
2008,11,30,21,30,16.2,51,529,1001,1001,51,529,22.150000000000002
2008,11,30,22,30,14.600000000000001,43,321,898,898,43,321,24.59
2008,11,30,23,30,10.8,26,95,621,621,26,95,34.87
2008,12,1,0,30,7.5,0,0,0,0,0,0,50.410000000000004
2008,12,1,1,30,6.1000000000000005,0,0,0,0,0,0,54.07
2008,12,1,2,30,5,0,0,0,0,0,0,56.74
2008,12,1,3,30,4.1000000000000005,0,0,0,0,0,0,58.57
2008,12,1,4,30,3.5,0,0,0,0,0,0,59.24
2008,12,1,5,30,3,0,0,0,0,0,0,59.39
2008,12,1,6,30,2.8000000000000003,0,0,0,0,0,0,58.35
2008,12,1,7,30,2.4000000000000004,0,0,0,0,0,0,58.38
2008,12,1,8,30,1.9000000000000001,0,0,0,0,0,0,59.68
2008,12,1,9,30,1.3,0,0,0,0,0,0,61.85
2008,12,1,10,30,0.9,0,0,0,0,0,0,63.35
2008,12,1,11,30,0.7000000000000001,0,0,0,0,0,0,64.01
2008,12,1,12,30,0.9,0,0,0,0,0,0,62.89
2008,12,1,13,30,2.6,13,24,377,377,13,24,55.5
2008,12,1,14,30,6.1000000000000005,36,234,845,845,36,234,48.09
2008,12,1,15,30,9.8,47,456,984,984,47,456,33.980000000000004
2008,12,1,16,30,12.600000000000001,53,638,1046,1046,53,638,26.04
2008,12,1,17,30,14.700000000000001,55,760,1078,1078,55,760,21.3
2008,12,1,18,30,16.2,59,812,1086,1086,59,812,18.5
2008,12,1,19,30,17.2,59,790,1080,1080,59,790,16.79
2008,12,1,20,30,17.7,57,694,1059,1059,57,694,15.66
2008,12,1,21,30,17.400000000000002,53,534,1009,1009,53,534,15.530000000000001
2008,12,1,22,30,15.600000000000001,44,325,909,909,44,325,17.73
2008,12,1,23,30,11.3,26,96,633,633,26,96,36.77
2008,12,2,0,30,7.9,0,0,0,0,0,0,45.08
2008,12,2,1,30,6.4,0,0,0,0,0,0,46.93
2008,12,2,2,30,5.2,0,0,0,0,0,0,49.88
2008,12,2,3,30,4.3,0,0,0,0,0,0,52.15
2008,12,2,4,30,3.8000000000000003,0,0,0,0,0,0,52.410000000000004
2008,12,2,5,30,3.7,0,0,0,0,0,0,50.43
2008,12,2,6,30,3.5,0,0,0,0,0,0,48.71
2008,12,2,7,30,2.8000000000000003,0,0,0,0,0,0,49.63
2008,12,2,8,30,1.8,0,0,0,0,0,0,52.65
2008,12,2,9,30,0.9,0,0,0,0,0,0,55.36
2008,12,2,10,30,0.4,0,0,0,0,0,0,56.38
2008,12,2,11,30,0.1,0,0,0,0,0,0,56.43
2008,12,2,12,30,0,0,0,0,0,0,0,55.65
2008,12,2,13,30,2.4000000000000004,12,22,375,375,12,22,46.22
2008,12,2,14,30,7.300000000000001,35,235,861,861,35,235,38.03
2008,12,2,15,30,12.3,45,458,1002,1002,45,458,24.55
2008,12,2,16,30,16.6,50,642,1064,1064,50,642,17.85
2008,12,2,17,30,19.5,52,755,1080,1080,52,755,12.17
2008,12,2,18,30,21.1,57,810,1088,1088,57,810,9.97
2008,12,2,19,30,22,58,788,1082,1082,58,788,9.35
2008,12,2,20,30,22.200000000000003,56,693,1060,1060,56,693,9.450000000000001
2008,12,2,21,30,21.700000000000003,50,533,1015,1015,50,533,10.13
2008,12,2,22,30,19.5,41,324,916,916,41,324,12.57
2008,12,2,23,30,16.400000000000002,25,97,652,652,25,97,31.93
2008,12,3,0,30,14.8,0,0,0,0,0,0,24.8
2008,12,3,1,30,14.200000000000001,0,0,0,0,0,0,22.98
2008,12,3,2,30,11.9,0,0,0,0,0,0,25.990000000000002
2008,12,3,3,30,8.6,0,0,0,0,0,0,37.71
2008,12,3,4,30,6.5,0,0,0,0,0,0,48.78
2008,12,3,5,30,5.9,0,0,0,0,0,0,55.47
2008,12,3,6,30,5.5,0,0,0,0,0,0,63.54
2008,12,3,7,30,5,0,0,0,0,0,0,68.11
2008,12,3,8,30,4.7,0,0,0,0,0,0,66.23
2008,12,3,9,30,4.7,0,0,0,0,0,0,62.620000000000005
2008,12,3,10,30,5.1000000000000005,0,0,0,0,0,0,58.620000000000005
2008,12,3,11,30,5.300000000000001,0,0,0,0,0,0,56.43
2008,12,3,12,30,5.6000000000000005,0,0,0,0,0,0,53.83
2008,12,3,13,30,6.9,12,20,331,331,12,20,48.47
2008,12,3,14,30,9,38,225,817,817,38,225,41.7
2008,12,3,15,30,12.100000000000001,51,446,962,527,149,365,34.1
2008,12,3,16,30,16.400000000000002,56,627,1029,668,163,533,25.23
2008,12,3,17,30,19.6,60,743,1052,336,342,560,16.69
2008,12,3,18,30,20.900000000000002,66,796,1058,396,319,592,14.620000000000001
2008,12,3,19,30,21.5,64,769,1047,341,346,575,13.92
2008,12,3,20,30,21.3,62,676,1023,174,317,422,14.11
2008,12,3,21,30,20.400000000000002,60,519,964,38,220,238,14.97
2008,12,3,22,30,17.8,50,311,844,198,168,229,18.81
2008,12,3,23,30,14.3,29,90,550,19,58,60,36.87
2008,12,4,0,30,11.5,0,0,0,0,0,0,45.07
2008,12,4,1,30,10,0,0,0,0,0,0,45.72
2008,12,4,2,30,9.4,0,0,0,0,0,0,47.58
2008,12,4,3,30,8.5,0,0,0,0,0,0,52.25
2008,12,4,4,30,7.7,0,0,0,0,0,0,50.24
2008,12,4,5,30,7.7,0,0,0,0,0,0,47.17
2008,12,4,6,30,8.1,0,0,0,0,0,0,43.4
2008,12,4,7,30,7.9,0,0,0,0,0,0,43.24
2008,12,4,8,30,7.4,0,0,0,0,0,0,44.08
2008,12,4,9,30,7,0,0,0,0,0,0,43.95
2008,12,4,10,30,6.800000000000001,0,0,0,0,0,0,43.88
2008,12,4,11,30,6.4,0,0,0,0,0,0,44.410000000000004
2008,12,4,12,30,5.4,0,0,0,0,0,0,46.42
2008,12,4,13,30,5.7,12,17,226,226,12,17,45.53
2008,12,4,14,30,8.4,43,213,751,751,43,213,44.28
2008,12,4,15,30,11.9,58,430,912,912,58,430,31.51
2008,12,4,16,30,14.9,66,606,979,979,66,606,26.44
2008,12,4,17,30,17,71,727,1013,1013,71,727,23.77
2008,12,4,18,30,18.400000000000002,73,779,1026,1026,73,779,23.19
2008,12,4,19,30,19.200000000000003,73,755,1015,1015,73,755,23.42
2008,12,4,20,30,19.6,70,663,989,989,70,663,23.650000000000002
2008,12,4,21,30,19.5,62,506,934,934,62,506,24.22
2008,12,4,22,30,18.2,50,305,823,823,50,305,26.69
2008,12,4,23,30,15.8,29,88,534,534,29,88,41.99
2008,12,5,0,30,13.9,0,0,0,0,0,0,41.03
2008,12,5,1,30,12.600000000000001,0,0,0,0,0,0,44.57
2008,12,5,2,30,10.700000000000001,0,0,0,0,0,0,51.9
2008,12,5,3,30,8.9,0,0,0,0,0,0,60.07
2008,12,5,4,30,7.9,0,0,0,0,0,0,66.1
2008,12,5,5,30,7.5,0,0,0,0,0,0,70.48
2008,12,5,6,30,7.1000000000000005,0,0,0,0,0,0,75.11
2008,12,5,7,30,6,0,0,0,0,0,0,82.23
2008,12,5,8,30,4.9,0,0,0,0,0,0,89.7
2008,12,5,9,30,4.2,0,0,0,0,0,0,95.24
2008,12,5,10,30,3.6,0,0,0,0,0,0,99.87
2008,12,5,11,30,3.3000000000000003,0,0,0,0,0,0,100
2008,12,5,12,30,3.2,0,0,0,0,0,0,100
2008,12,5,13,30,5.2,11,16,274,274,11,16,85.84
2008,12,5,14,30,9.3,36,208,771,771,36,208,64.64
2008,12,5,15,30,13.600000000000001,46,420,924,924,46,420,47.94
2008,12,5,16,30,16.900000000000002,53,597,990,990,53,597,37.37
2008,12,5,17,30,18.8,57,716,1022,1022,57,716,32.71
2008,12,5,18,30,20.200000000000003,59,769,1034,1034,59,769,29.310000000000002
2008,12,5,19,30,20.900000000000002,60,747,1024,1024,60,747,27.310000000000002
2008,12,5,20,30,21,57,657,1002,344,322,528,26.64
2008,12,5,21,30,20.5,56,503,941,564,157,425,27.55
2008,12,5,22,30,18.6,46,304,835,835,46,304,31.75
2008,12,5,23,30,15.5,27,89,549,549,27,89,48.25
2008,12,6,0,30,13.3,0,0,0,0,0,0,56.77
2008,12,6,1,30,12.100000000000001,0,0,0,0,0,0,60.910000000000004
2008,12,6,2,30,11.200000000000001,0,0,0,0,0,0,64.43
2008,12,6,3,30,10.4,0,0,0,0,0,0,67.71000000000001
2008,12,6,4,30,9.600000000000001,0,0,0,0,0,0,72.19
2008,12,6,5,30,9,0,0,0,0,0,0,75.91
2008,12,6,6,30,8.3,0,0,0,0,0,0,80.36
2008,12,6,7,30,7.6000000000000005,0,0,0,0,0,0,85.76
2008,12,6,8,30,6.7,0,0,0,0,0,0,92.2
2008,12,6,9,30,6,0,0,0,0,0,0,96.69
2008,12,6,10,30,5.5,0,0,0,0,0,0,99.66
2008,12,6,11,30,5.1000000000000005,0,0,0,0,0,0,100
2008,12,6,12,30,4.800000000000001,0,0,0,0,0,0,100
2008,12,6,13,30,6.5,10,15,243,243,10,15,90.8
2008,12,6,14,30,10.4,38,204,749,749,38,204,69.56
2008,12,6,15,30,14.200000000000001,51,417,909,909,51,417,51.42
2008,12,6,16,30,17.1,57,593,980,980,57,593,39.910000000000004
2008,12,6,17,30,18.900000000000002,61,712,1013,1013,61,712,34.6
2008,12,6,18,30,20.1,67,765,1019,1019,67,765,30.580000000000002
2008,12,6,19,30,20.700000000000003,66,746,1015,1015,66,746,27.72
2008,12,6,20,30,20.700000000000003,63,656,991,991,63,656,26.3
2008,12,6,21,30,20.1,57,504,940,940,57,504,26.310000000000002
2008,12,6,22,30,18.3,48,306,835,835,48,306,29.1
2008,12,6,23,30,14.600000000000001,28,90,550,550,28,90,40.42
2008,12,7,0,30,11.4,0,0,0,0,0,0,52.1
2008,12,7,1,30,9.9,0,0,0,0,0,0,55.300000000000004
2008,12,7,2,30,8.6,0,0,0,0,0,0,58.57
2008,12,7,3,30,7.7,0,0,0,0,0,0,60.18
2008,12,7,4,30,7.5,0,0,0,0,0,0,58.81
2008,12,7,5,30,7.7,0,0,0,0,0,0,55.44
2008,12,7,6,30,7.5,0,0,0,0,0,0,53.93
2008,12,7,7,30,6.9,0,0,0,0,0,0,54.92
2008,12,7,8,30,6.300000000000001,0,0,0,0,0,0,56.58
2008,12,7,9,30,5.800000000000001,0,0,0,0,0,0,58.2
2008,12,7,10,30,5.5,0,0,0,0,0,0,58.96
2008,12,7,11,30,4.9,0,0,0,0,0,0,61.160000000000004
2008,12,7,12,30,4.3,0,0,0,0,0,0,63.660000000000004
2008,12,7,13,30,5.6000000000000005,0,0,0,0,0,0,58.230000000000004
2008,12,7,14,30,9.3,38,206,769,769,38,206,50.31
2008,12,7,15,30,13.5,51,422,924,924,51,422,38.47
2008,12,7,16,30,17,58,597,989,989,58,597,32.34
2008,12,7,17,30,19.1,62,719,1023,1023,62,719,26.91
2008,12,7,18,30,20.5,65,772,1034,1034,65,772,23.57
2008,12,7,19,30,21.400000000000002,64,753,1031,1031,64,753,21.81
2008,12,7,20,30,21.6,60,663,1009,1009,60,663,21.2
2008,12,7,21,30,21.3,56,510,956,956,56,510,21.38
2008,12,7,22,30,19.6,47,310,851,851,47,310,23.73
2008,12,7,23,30,16.1,28,92,572,28,57,61,43.62
2008,12,8,0,30,13.5,0,0,0,0,0,0,47.92
2008,12,8,1,30,12.5,0,0,0,0,0,0,49.99
2008,12,8,2,30,11.9,0,0,0,0,0,0,51.71
2008,12,8,3,30,11.3,0,0,0,0,0,0,53.49
2008,12,8,4,30,10.4,0,0,0,0,0,0,57.13
2008,12,8,5,30,9.700000000000001,0,0,0,0,0,0,59.19
2008,12,8,6,30,9.4,0,0,0,0,0,0,62.58
2008,12,8,7,30,9.3,0,0,0,0,0,0,69.69
2008,12,8,8,30,8.9,0,0,0,0,0,0,81.74
2008,12,8,9,30,8.3,0,0,0,0,0,0,94.53
2008,12,8,10,30,7.800000000000001,0,0,0,0,0,0,100
2008,12,8,11,30,7.300000000000001,0,0,0,0,0,0,100
2008,12,8,12,30,7.2,0,0,0,0,0,0,100
2008,12,8,13,30,8.200000000000001,0,0,0,0,0,0,91.51
2008,12,8,14,30,11,36,201,765,13,116,118,72.37
2008,12,8,15,30,15,46,416,928,928,46,416,54.160000000000004
2008,12,8,16,30,18.7,52,593,998,998,52,593,34.83
2008,12,8,17,30,21,55,715,1031,1031,55,715,25.25
2008,12,8,18,30,22.1,61,770,1039,1039,61,770,21.39
2008,12,8,19,30,21.900000000000002,59,748,1031,1031,59,748,20.39
2008,12,8,20,30,20.8,55,658,1012,1012,55,658,21.17
2008,12,8,21,30,19.3,53,510,962,155,251,324,23.37
2008,12,8,22,30,17.400000000000002,44,310,858,480,116,265,27.44
2008,12,8,23,30,14.200000000000001,26,94,598,40,62,67,37.910000000000004
2008,12,9,0,30,11.600000000000001,0,0,0,0,0,0,48.82
2008,12,9,1,30,11.100000000000001,0,0,0,0,0,0,50.78
2008,12,9,2,30,10.3,0,0,0,0,0,0,56.67
2008,12,9,3,30,9.3,0,0,0,0,0,0,66.9
2008,12,9,4,30,8.5,0,0,0,0,0,0,76.60000000000001
2008,12,9,5,30,8.1,0,0,0,0,0,0,81.22
2008,12,9,6,30,7.800000000000001,0,0,0,0,0,0,82.52
2008,12,9,7,30,7.4,0,0,0,0,0,0,83
2008,12,9,8,30,6.9,0,0,0,0,0,0,84.47
2008,12,9,9,30,6.4,0,0,0,0,0,0,85.91
2008,12,9,10,30,6,0,0,0,0,0,0,86.72
2008,12,9,11,30,5.7,0,0,0,0,0,0,87.4
2008,12,9,12,30,5.5,0,0,0,0,0,0,87.4
2008,12,9,13,30,6.4,0,0,0,0,0,0,80.65
2008,12,9,14,30,9.3,33,206,807,807,33,206,65.21000000000001
2008,12,9,15,30,13.4,42,423,962,962,42,423,47.57
2008,12,9,16,30,16.8,47,604,1030,757,157,566,31.17
2008,12,9,17,30,18.8,50,727,1062,1062,50,727,25.66
2008,12,9,18,30,20,63,787,1063,1063,63,787,23.6
2008,12,9,19,30,20.5,60,763,1054,1054,60,763,23.04
2008,12,9,20,30,20.3,55,669,1029,1029,55,669,23.66
2008,12,9,21,30,19.400000000000002,55,516,971,642,157,462,25.23
2008,12,9,22,30,17.7,44,315,874,344,143,250,28.11
2008,12,9,23,30,14.3,26,96,614,614,26,96,36.9
2008,12,10,0,30,11.8,0,0,0,0,0,0,48.02
2008,12,10,1,30,11.100000000000001,0,0,0,0,0,0,52.51
2008,12,10,2,30,10.3,0,0,0,0,0,0,57.78
2008,12,10,3,30,9.4,0,0,0,0,0,0,63.68
2008,12,10,4,30,8.4,0,0,0,0,0,0,70.29
2008,12,10,5,30,7.4,0,0,0,0,0,0,76.27
2008,12,10,6,30,5.9,0,0,0,0,0,0,81.91
2008,12,10,7,30,3.6,0,0,0,0,0,0,84.3
2008,12,10,8,30,1.4000000000000001,0,0,0,0,0,0,89.83
2008,12,10,9,30,0.4,0,0,0,0,0,0,90
2008,12,10,10,30,-0.1,0,0,0,0,0,0,88.43
2008,12,10,11,30,-0.6000000000000001,0,0,0,0,0,0,86.99
2008,12,10,12,30,-1.2000000000000002,0,0,0,0,0,0,86.81
2008,12,10,13,30,-1.1,0,0,0,0,0,0,83.3
2008,12,10,14,30,0.30000000000000004,46,200,724,89,126,145,71.5
2008,12,10,15,30,2.6,57,425,933,933,57,425,56.36
2008,12,10,16,30,5.1000000000000005,62,616,1028,1028,62,616,44.11
2008,12,10,17,30,7.2,63,742,1067,1067,63,742,35.65
2008,12,10,18,30,8.700000000000001,62,798,1083,1083,62,798,29.79
2008,12,10,19,30,9.600000000000001,59,780,1082,1082,59,780,25.080000000000002
2008,12,10,20,30,9.9,55,689,1064,1064,55,689,22.21
2008,12,10,21,30,9.5,51,534,1016,1016,51,534,21.82
2008,12,10,22,30,8.1,43,328,919,564,138,313,23.73
2008,12,10,23,30,4.9,27,102,655,655,27,102,31.5
2008,12,11,0,30,2,0,0,0,0,0,0,48.1
2008,12,11,1,30,0.8,0,0,0,0,0,0,52.61
2008,12,11,2,30,-0.2,0,0,0,0,0,0,56.27
2008,12,11,3,30,-0.9,0,0,0,0,0,0,58.32
2008,12,11,4,30,-1.5,0,0,0,0,0,0,59.79
2008,12,11,5,30,-2,0,0,0,0,0,0,60.71
2008,12,11,6,30,-2.4000000000000004,0,0,0,0,0,0,61.230000000000004
2008,12,11,7,30,-2.7,0,0,0,0,0,0,62.01
2008,12,11,8,30,-3,0,0,0,0,0,0,62.47
2008,12,11,9,30,-3.2,0,0,0,0,0,0,63.03
2008,12,11,10,30,-3.3000000000000003,0,0,0,0,0,0,63.4
2008,12,11,11,30,-3.2,0,0,0,0,0,0,63.03
2008,12,11,12,30,-3.2,0,0,0,0,0,0,63.370000000000005
2008,12,11,13,30,-1.4000000000000001,0,0,0,0,0,0,55.88
2008,12,11,14,30,2.3000000000000003,33,204,812,812,33,204,46.61
2008,12,11,15,30,5.800000000000001,43,422,968,968,43,422,33.74
2008,12,11,16,30,8.9,49,605,1036,1036,49,605,26.55
2008,12,11,17,30,11.5,52,730,1068,1068,52,730,22.25
2008,12,11,18,30,13.5,59,789,1076,1076,59,789,20.63
2008,12,11,19,30,14.8,59,766,1062,1062,59,766,20.51
2008,12,11,20,30,15.4,57,677,1040,1040,57,677,20.95
2008,12,11,21,30,15.200000000000001,50,523,996,996,50,523,21.87
2008,12,11,22,30,13.200000000000001,43,321,894,894,43,321,25.53
2008,12,11,23,30,9.600000000000001,27,100,623,623,27,100,43.61
2008,12,12,0,30,6.9,0,0,0,0,0,0,51.42
2008,12,12,1,30,5.4,0,0,0,0,0,0,53.84
2008,12,12,2,30,4,0,0,0,0,0,0,55.97
2008,12,12,3,30,3.1,0,0,0,0,0,0,55.88
2008,12,12,4,30,2.8000000000000003,0,0,0,0,0,0,54.29
2008,12,12,5,30,2.8000000000000003,0,0,0,0,0,0,52.44
2008,12,12,6,30,2.5,0,0,0,0,0,0,52.47
2008,12,12,7,30,1.8,0,0,0,0,0,0,54.49
2008,12,12,8,30,1.2000000000000002,0,0,0,0,0,0,57.19
2008,12,12,9,30,0.9,0,0,0,0,0,0,58.57
2008,12,12,10,30,0.8,0,0,0,0,0,0,59.04
2008,12,12,11,30,0.5,0,0,0,0,0,0,59.61
2008,12,12,12,30,0,0,0,0,0,0,0,60.29
2008,12,12,13,30,1.8,0,0,0,0,0,0,53.01
2008,12,12,14,30,5.800000000000001,34,197,785,785,34,197,45.410000000000004
2008,12,12,15,30,10.3,44,413,947,947,44,413,33
2008,12,12,16,30,14.4,50,594,1016,1016,50,594,25.27
2008,12,12,17,30,17,53,718,1050,1050,53,718,21.42
2008,12,12,18,30,18.8,57,776,1060,1060,57,776,19.04
2008,12,12,19,30,19.8,55,754,1052,1052,55,754,17.63
2008,12,12,20,30,20.1,54,667,1029,1029,54,667,17.01
2008,12,12,21,30,19.8,49,516,982,982,49,516,17.13
2008,12,12,22,30,17.8,42,317,881,881,42,317,19.73
2008,12,12,23,30,13.5,26,98,619,45,62,67,42.02
2008,12,13,0,30,10.100000000000001,0,0,0,0,0,0,45.03
2008,12,13,1,30,8.8,0,0,0,0,0,0,46.18
2008,12,13,2,30,7.6000000000000005,0,0,0,0,0,0,49.44
2008,12,13,3,30,6.5,0,0,0,0,0,0,53.54
2008,12,13,4,30,5.800000000000001,0,0,0,0,0,0,57.11
2008,12,13,5,30,5.4,0,0,0,0,0,0,59.74
2008,12,13,6,30,5.300000000000001,0,0,0,0,0,0,61.26
2008,12,13,7,30,5.5,0,0,0,0,0,0,61.59
2008,12,13,8,30,5.800000000000001,0,0,0,0,0,0,61.4
2008,12,13,9,30,5.7,0,0,0,0,0,0,62.31
2008,12,13,10,30,5.300000000000001,0,0,0,0,0,0,63.53
2008,12,13,11,30,5,0,0,0,0,0,0,63.79
2008,12,13,12,30,4.6000000000000005,0,0,0,0,0,0,64.25
2008,12,13,13,30,5.7,0,0,0,0,0,0,58.56
2008,12,13,14,30,8.8,38,194,757,7,106,107,48.04
2008,12,13,15,30,13,53,411,925,88,241,276,37.75
2008,12,13,16,30,16.900000000000002,61,589,991,270,263,407,28.830000000000002
2008,12,13,17,30,19,67,714,1025,1025,67,714,24.240000000000002
2008,12,13,18,30,19.6,72,767,1028,752,257,766,22.400000000000002
2008,12,13,19,30,19.6,71,751,1024,69,331,377,21.900000000000002
2008,12,13,20,30,19.5,67,664,1003,221,303,434,21.89
2008,12,13,21,30,19.1,58,515,960,82,249,288,22.05
2008,12,13,22,30,17.2,46,316,864,28,149,158,25.11
2008,12,13,23,30,13.4,28,99,600,4,45,45,37.03
2008,12,14,0,30,10.9,0,0,0,0,0,0,47.92
2008,12,14,1,30,10.3,0,0,0,0,0,0,51.230000000000004
2008,12,14,2,30,9.8,0,0,0,0,0,0,54.97
2008,12,14,3,30,8.9,0,0,0,0,0,0,60.61
2008,12,14,4,30,7.9,0,0,0,0,0,0,66.28
2008,12,14,5,30,7.300000000000001,0,0,0,0,0,0,68.69
2008,12,14,6,30,7.2,0,0,0,0,0,0,67.09
2008,12,14,7,30,7.2,0,0,0,0,0,0,63.410000000000004
2008,12,14,8,30,7.2,0,0,0,0,0,0,59.67
2008,12,14,9,30,7.2,0,0,0,0,0,0,56.65
2008,12,14,10,30,7.2,0,0,0,0,0,0,54.65
2008,12,14,11,30,7.1000000000000005,0,0,0,0,0,0,53.84
2008,12,14,12,30,6.7,0,0,0,0,0,0,54.410000000000004
2008,12,14,13,30,7.300000000000001,0,0,0,0,0,0,50.71
2008,12,14,14,30,9.700000000000001,35,187,749,749,35,187,41.71
2008,12,14,15,30,13.8,46,398,913,913,46,398,30.64
2008,12,14,16,30,18,53,577,985,985,53,577,18.51
2008,12,14,17,30,20.900000000000002,55,700,1022,1022,55,700,14.18
2008,12,14,18,30,22.400000000000002,55,756,1037,1037,55,756,15.68
2008,12,14,19,30,23,55,741,1033,1033,55,741,17.71
2008,12,14,20,30,22.8,53,656,1012,1012,53,656,19.29
2008,12,14,21,30,21.900000000000002,50,506,958,958,50,506,21.09
2008,12,14,22,30,19.6,43,311,856,856,43,311,25.12
2008,12,14,23,30,16.3,27,98,589,589,27,98,34.69
2008,12,15,0,30,14.200000000000001,0,0,0,0,0,0,43.050000000000004
2008,12,15,1,30,13.3,0,0,0,0,0,0,46.08
2008,12,15,2,30,12.5,0,0,0,0,0,0,49.09
2008,12,15,3,30,11.700000000000001,0,0,0,0,0,0,52.36
2008,12,15,4,30,10.9,0,0,0,0,0,0,55.84
2008,12,15,5,30,10.200000000000001,0,0,0,0,0,0,59.01
2008,12,15,6,30,9.4,0,0,0,0,0,0,61.9
2008,12,15,7,30,8.8,0,0,0,0,0,0,62.620000000000005
2008,12,15,8,30,8.4,0,0,0,0,0,0,61.75
2008,12,15,9,30,8,0,0,0,0,0,0,61.36
2008,12,15,10,30,7.800000000000001,0,0,0,0,0,0,61.58
2008,12,15,11,30,7.6000000000000005,0,0,0,0,0,0,62.99
2008,12,15,12,30,7.5,0,0,0,0,0,0,65.33
2008,12,15,13,30,8.8,0,0,0,0,0,0,61.730000000000004
2008,12,15,14,30,11.700000000000001,36,181,723,56,103,115,53.410000000000004
2008,12,15,15,30,15.600000000000001,48,392,895,416,148,308,42.410000000000004
2008,12,15,16,30,19.6,54,568,971,971,54,568,32.2
2008,12,15,17,30,21.900000000000002,58,691,1007,706,183,627,26.48
2008,12,15,18,30,23.1,61,749,1018,1018,61,749,24.7
2008,12,15,19,30,23.8,59,734,1018,591,216,608,24.150000000000002
2008,12,15,20,30,23.900000000000002,54,649,999,651,179,567,24.55
2008,12,15,21,30,23.400000000000002,55,504,941,622,145,442,25.72
2008,12,15,22,30,21.700000000000003,46,309,838,838,46,309,28.900000000000002
2008,12,15,23,30,18.5,28,98,578,43,64,69,46.65
2008,12,16,0,30,15.9,0,0,0,0,0,0,48.19
2008,12,16,1,30,14.5,0,0,0,0,0,0,51.57
2008,12,16,2,30,13.5,0,0,0,0,0,0,53.980000000000004
2008,12,16,3,30,12.5,0,0,0,0,0,0,56.4
2008,12,16,4,30,11.100000000000001,0,0,0,0,0,0,61.13
2008,12,16,5,30,9.700000000000001,0,0,0,0,0,0,67.65
2008,12,16,6,30,8.700000000000001,0,0,0,0,0,0,73.83
2008,12,16,7,30,8.1,0,0,0,0,0,0,78.71000000000001
2008,12,16,8,30,7.7,0,0,0,0,0,0,82.02
2008,12,16,9,30,7.300000000000001,0,0,0,0,0,0,84.54
2008,12,16,10,30,7,0,0,0,0,0,0,85.3
2008,12,16,11,30,6.9,0,0,0,0,0,0,83.87
2008,12,16,12,30,6.9,0,0,0,0,0,0,81.72
2008,12,16,13,30,8.5,0,0,0,0,0,0,72.12
2008,12,16,14,30,11.9,35,185,752,752,35,185,57.95
2008,12,16,15,30,16.3,47,402,930,930,47,402,45.01
2008,12,16,16,30,20.700000000000003,54,584,1003,1003,54,584,31.470000000000002
2008,12,16,17,30,23.200000000000003,58,710,1038,725,245,701,21.92
2008,12,16,18,30,24.5,62,770,1050,664,225,673,18.26
2008,12,16,19,30,25,62,756,1046,481,291,610,16.68
2008,12,16,20,30,24.8,61,671,1023,694,189,603,16.26
2008,12,16,21,30,23.6,56,521,974,500,200,439,17.18
2008,12,16,22,30,20.8,46,320,869,869,46,320,23.86
2008,12,16,23,30,17,28,103,612,612,28,103,42.52
2008,12,17,0,30,14.3,0,0,0,0,0,0,46.77
2008,12,17,1,30,12.8,0,0,0,0,0,0,50.19
2008,12,17,2,30,11.700000000000001,0,0,0,0,0,0,53.300000000000004
2008,12,17,3,30,10.8,0,0,0,0,0,0,56.730000000000004
2008,12,17,4,30,10.100000000000001,0,0,0,0,0,0,59.730000000000004
2008,12,17,5,30,9.3,0,0,0,0,0,0,63.370000000000005
2008,12,17,6,30,8.5,0,0,0,0,0,0,67.58
2008,12,17,7,30,7.7,0,0,0,0,0,0,71.98
2008,12,17,8,30,7,0,0,0,0,0,0,75.67
2008,12,17,9,30,6.4,0,0,0,0,0,0,77.78
2008,12,17,10,30,5.9,0,0,0,0,0,0,78.11
2008,12,17,11,30,5.6000000000000005,0,0,0,0,0,0,76.24
2008,12,17,12,30,5.5,0,0,0,0,0,0,72.83
2008,12,17,13,30,7.4,0,0,0,0,0,0,60.57
2008,12,17,14,30,11.5,39,185,742,742,39,185,48.28
2008,12,17,15,30,16,53,403,919,919,53,403,33.97
2008,12,17,16,30,20,62,582,986,986,62,582,24.25
2008,12,17,17,30,22.5,67,709,1023,1023,67,709,18.37
2008,12,17,18,30,23.8,70,768,1037,1037,70,768,16.7
2008,12,17,19,30,24.400000000000002,70,755,1032,1032,70,755,15.98
2008,12,17,20,30,24.5,68,666,1001,1001,68,666,15.84
2008,12,17,21,30,24,63,516,947,619,169,466,16.42
2008,12,17,22,30,21.8,54,318,834,834,54,318,19.42
2008,12,17,23,30,18.5,32,100,549,204,64,89,38.67
2008,12,18,0,30,16,0,0,0,0,0,0,38.44
2008,12,18,1,30,14,0,0,0,0,0,0,43.79
2008,12,18,2,30,12.4,0,0,0,0,0,0,49.69
2008,12,18,3,30,11.4,0,0,0,0,0,0,53.99
2008,12,18,4,30,10.5,0,0,0,0,0,0,59.85
2008,12,18,5,30,9.8,0,0,0,0,0,0,65.37
2008,12,18,6,30,9.1,0,0,0,0,0,0,69.61
2008,12,18,7,30,8.5,0,0,0,0,0,0,71.77
2008,12,18,8,30,8.1,0,0,0,0,0,0,71.3
2008,12,18,9,30,7.800000000000001,0,0,0,0,0,0,68.88
2008,12,18,10,30,7.5,0,0,0,0,0,0,66.23
2008,12,18,11,30,7.300000000000001,0,0,0,0,0,0,64.2
2008,12,18,12,30,7.2,0,0,0,0,0,0,63.47
2008,12,18,13,30,8.700000000000001,0,0,0,0,0,0,57.54
2008,12,18,14,30,11.9,38,180,726,726,38,180,48.49
2008,12,18,15,30,15.9,53,396,906,906,53,396,39.22
2008,12,18,16,30,19.3,61,579,985,985,61,579,32.730000000000004
2008,12,18,17,30,21.3,65,705,1022,1022,65,705,27.02
2008,12,18,18,30,22.400000000000002,69,765,1034,1034,69,765,24.01
2008,12,18,19,30,23,67,753,1034,1034,67,753,22.330000000000002
2008,12,18,20,30,23,63,669,1014,1014,63,669,21.61
2008,12,18,21,30,22.200000000000003,57,521,967,967,57,521,22.06
2008,12,18,22,30,20,47,323,869,869,47,323,25.05
2008,12,18,23,30,15.8,28,106,621,621,28,106,38.410000000000004
2008,12,19,0,30,12.600000000000001,0,0,0,0,0,0,49.02
2008,12,19,1,30,11.4,0,0,0,0,0,0,52.050000000000004
2008,12,19,2,30,10.600000000000001,0,0,0,0,0,0,54.35
2008,12,19,3,30,10,0,0,0,0,0,0,56.22
2008,12,19,4,30,9.3,0,0,0,0,0,0,58.6
2008,12,19,5,30,8.700000000000001,0,0,0,0,0,0,61.03
2008,12,19,6,30,8,0,0,0,0,0,0,63.92
2008,12,19,7,30,7.5,0,0,0,0,0,0,65.03
2008,12,19,8,30,7,0,0,0,0,0,0,64.9
2008,12,19,9,30,6.5,0,0,0,0,0,0,63.97
2008,12,19,10,30,6.2,0,0,0,0,0,0,62.86
2008,12,19,11,30,5.800000000000001,0,0,0,0,0,0,63.71
2008,12,19,12,30,5.6000000000000005,0,0,0,0,0,0,64.94
2008,12,19,13,30,7.6000000000000005,0,0,0,0,0,0,57.51
2008,12,19,14,30,11.9,32,182,773,773,32,182,47.29
2008,12,19,15,30,16.3,43,399,942,942,43,399,36.410000000000004
2008,12,19,16,30,20.1,49,582,1015,1015,49,582,26.69
2008,12,19,17,30,22.3,54,710,1049,1049,54,710,20.080000000000002
2008,12,19,18,30,23.5,58,772,1061,1061,58,772,17.52
2008,12,19,19,30,24.200000000000003,59,756,1050,1050,59,756,16.12
2008,12,19,20,30,24.3,57,672,1030,1030,57,672,15.73
2008,12,19,21,30,23.8,51,524,986,986,51,524,16.23
2008,12,19,22,30,21.6,44,325,882,882,44,325,18.79
2008,12,19,23,30,18.3,28,108,633,633,28,108,37.18
2008,12,20,0,30,15.700000000000001,0,0,0,0,0,0,37.230000000000004
2008,12,20,1,30,13.700000000000001,0,0,0,0,0,0,42.21
2008,12,20,2,30,11.9,0,0,0,0,0,0,48.72
2008,12,20,3,30,10.600000000000001,0,0,0,0,0,0,53.6
2008,12,20,4,30,9.600000000000001,0,0,0,0,0,0,57.49
2008,12,20,5,30,8.8,0,0,0,0,0,0,60.36
2008,12,20,6,30,8,0,0,0,0,0,0,62.940000000000005
2008,12,20,7,30,7.4,0,0,0,0,0,0,64.48
2008,12,20,8,30,6.800000000000001,0,0,0,0,0,0,66.09
2008,12,20,9,30,6.300000000000001,0,0,0,0,0,0,67.41
2008,12,20,10,30,5.800000000000001,0,0,0,0,0,0,68.89
2008,12,20,11,30,5.4,0,0,0,0,0,0,69.59
2008,12,20,12,30,5.2,0,0,0,0,0,0,68.79
2008,12,20,13,30,7.1000000000000005,0,0,0,0,0,0,58.5
2008,12,20,14,30,11,38,179,737,737,38,179,45.910000000000004
2008,12,20,15,30,15.4,52,397,918,918,52,397,33.53
2008,12,20,16,30,19.6,61,582,995,491,216,473,24.18
2008,12,20,17,30,22.1,66,711,1032,845,144,672,19.1
2008,12,20,18,30,23.1,68,772,1047,1047,68,772,17.84
2008,12,20,19,30,23.5,68,760,1044,1044,68,760,16.77
2008,12,20,20,30,23.400000000000002,65,677,1023,1023,65,677,16.26
2008,12,20,21,30,22.700000000000003,57,529,979,979,57,529,16.55
2008,12,20,22,30,20.400000000000002,48,330,882,882,48,330,19.55
2008,12,20,23,30,16.7,30,110,630,7,68,69,41.39
2008,12,21,0,30,14.4,0,0,0,0,0,0,39.94
2008,12,21,1,30,13.3,0,0,0,0,0,0,40.81
2008,12,21,2,30,12.9,0,0,0,0,0,0,40.37
2008,12,21,3,30,12.700000000000001,0,0,0,0,0,0,39.32
2008,12,21,4,30,12.200000000000001,0,0,0,0,0,0,39.43
2008,12,21,5,30,11,0,0,0,0,0,0,42.230000000000004
2008,12,21,6,30,9.4,0,0,0,0,0,0,47.09
2008,12,21,7,30,8,0,0,0,0,0,0,50.14
2008,12,21,8,30,7,0,0,0,0,0,0,52.42
2008,12,21,9,30,6.300000000000001,0,0,0,0,0,0,54.28
2008,12,21,10,30,5.9,0,0,0,0,0,0,55.32
2008,12,21,11,30,5.6000000000000005,0,0,0,0,0,0,56.160000000000004
2008,12,21,12,30,5.5,0,0,0,0,0,0,56.51
2008,12,21,13,30,7.5,0,0,0,0,0,0,49.69
2008,12,21,14,30,11.4,34,175,738,738,34,175,44.86
2008,12,21,15,30,15.8,47,390,916,916,47,390,31.8
2008,12,21,16,30,19.5,55,573,992,992,55,573,24.39
2008,12,21,17,30,21.6,59,701,1030,1030,59,701,19.35
2008,12,21,18,30,22.6,59,762,1045,1045,59,762,17.6
2008,12,21,19,30,23.200000000000003,59,752,1043,1043,59,752,16.53
2008,12,21,20,30,23.200000000000003,58,670,1022,1022,58,670,16.16
2008,12,21,21,30,22.8,54,521,969,969,54,521,16.26
2008,12,21,22,30,21.200000000000003,45,326,870,870,45,326,18
2008,12,21,23,30,17.900000000000002,29,109,622,622,29,109,35.4
2008,12,22,0,30,14.600000000000001,0,0,0,0,0,0,38.28
2008,12,22,1,30,12.600000000000001,0,0,0,0,0,0,44.63
2008,12,22,2,30,11,0,0,0,0,0,0,50.21
2008,12,22,3,30,9.700000000000001,0,0,0,0,0,0,55.09
2008,12,22,4,30,8.8,0,0,0,0,0,0,56.78
2008,12,22,5,30,7.800000000000001,0,0,0,0,0,0,62
2008,12,22,6,30,7,0,0,0,0,0,0,73.18
2008,12,22,7,30,6.800000000000001,0,0,0,0,0,0,84.63
2008,12,22,8,30,6.9,0,0,0,0,0,0,90.51
2008,12,22,9,30,6.800000000000001,0,0,0,0,0,0,93.82000000000001
2008,12,22,10,30,6.5,0,0,0,0,0,0,96.64
2008,12,22,11,30,6.300000000000001,0,0,0,0,0,0,97.5
2008,12,22,12,30,6.1000000000000005,0,0,0,0,0,0,97.61
2008,12,22,13,30,6.6000000000000005,0,0,0,0,0,0,92.82000000000001
2008,12,22,14,30,8.6,38,170,700,700,38,170,79.17
2008,12,22,15,30,11.9,52,384,891,891,52,384,60.83
2008,12,22,16,30,15.4,60,569,976,976,60,569,44.12
2008,12,22,17,30,18.1,64,697,1016,1016,64,697,32.87
2008,12,22,18,30,19.8,67,759,1030,1030,67,759,27.25
2008,12,22,19,30,20.700000000000003,66,749,1028,1028,66,749,24.42
2008,12,22,20,30,20.8,64,667,1005,1005,64,667,23.27
2008,12,22,21,30,20.1,58,522,958,958,58,522,23.830000000000002
2008,12,22,22,30,18.2,49,326,856,856,49,326,27.03
2008,12,22,23,30,15,30,110,607,607,30,110,36.79
2008,12,23,0,30,12.200000000000001,0,0,0,0,0,0,48.52
2008,12,23,1,30,10.9,0,0,0,0,0,0,53.65
2008,12,23,2,30,10.100000000000001,0,0,0,0,0,0,57.870000000000005
2008,12,23,3,30,9.5,0,0,0,0,0,0,61.61
2008,12,23,4,30,8.8,0,0,0,0,0,0,66.36
2008,12,23,5,30,7.9,0,0,0,0,0,0,72.2
2008,12,23,6,30,7.2,0,0,0,0,0,0,77.29
2008,12,23,7,30,6.6000000000000005,0,0,0,0,0,0,83.07000000000001
2008,12,23,8,30,6.300000000000001,0,0,0,0,0,0,90.03
2008,12,23,9,30,6.2,0,0,0,0,0,0,97.55
2008,12,23,10,30,6.300000000000001,0,0,0,0,0,0,100
2008,12,23,11,30,6.4,0,0,0,0,0,0,100
2008,12,23,12,30,6.5,0,0,0,0,0,0,100
2008,12,23,13,30,7.4,0,0,0,0,0,0,96.46000000000001
2008,12,23,14,30,10,41,168,682,124,98,121,80.86
2008,12,23,15,30,13.200000000000001,54,386,892,892,54,386,61.5
2008,12,23,16,30,15.8,62,568,973,973,62,568,45.11
2008,12,23,17,30,17.6,66,697,1013,1013,66,697,36.07
2008,12,23,18,30,18.7,71,756,1020,1020,71,756,32.230000000000004
2008,12,23,19,30,19.3,71,744,1012,1012,71,744,30.8
2008,12,23,20,30,19.200000000000003,68,663,991,991,68,663,31.02
2008,12,23,21,30,18.6,62,516,937,937,62,516,32.24
2008,12,23,22,30,17.2,52,323,833,833,52,323,35.160000000000004
2008,12,23,23,30,14.600000000000001,33,109,573,201,68,94,43.230000000000004
2008,12,24,0,30,12.3,0,0,0,0,0,0,54.300000000000004
2008,12,24,1,30,11.100000000000001,0,0,0,0,0,0,59.660000000000004
2008,12,24,2,30,10.3,0,0,0,0,0,0,64.06
2008,12,24,3,30,9.3,0,0,0,0,0,0,70.43
2008,12,24,4,30,8.200000000000001,0,0,0,0,0,0,79.55
2008,12,24,5,30,7.5,0,0,0,0,0,0,88.27
2008,12,24,6,30,6.9,0,0,0,0,0,0,95.63
2008,12,24,7,30,6.4,0,0,0,0,0,0,98.41
2008,12,24,8,30,5.800000000000001,0,0,0,0,0,0,98.06
2008,12,24,9,30,5.1000000000000005,0,0,0,0,0,0,97.07000000000001
2008,12,24,10,30,4.5,0,0,0,0,0,0,96.07000000000001
2008,12,24,11,30,4.2,0,0,0,0,0,0,94.11
2008,12,24,12,30,4.1000000000000005,0,0,0,0,0,0,91.48
2008,12,24,13,30,5.300000000000001,0,0,0,0,0,0,81.86
2008,12,24,14,30,8.200000000000001,35,170,725,725,35,170,66.04
2008,12,24,15,30,12,50,386,907,907,50,386,51.75
2008,12,24,16,30,15.4,57,570,986,986,57,570,36.38
2008,12,24,17,30,17.5,63,697,1018,1018,63,697,28.330000000000002
2008,12,24,18,30,18.7,66,760,1033,1033,66,760,24.67
2008,12,24,19,30,19.3,66,751,1030,446,340,637,22.43
2008,12,24,20,30,19.3,63,670,1009,1009,63,670,21.7
2008,12,24,21,30,18.900000000000002,56,526,965,965,56,526,22.03
2008,12,24,22,30,17.2,46,332,872,872,46,332,25.62
2008,12,24,23,30,14.3,29,115,634,634,29,115,46.43
2008,12,25,0,30,12.200000000000001,0,0,0,0,0,0,43.01
2008,12,25,1,30,11.4,0,0,0,0,0,0,42.62
2008,12,25,2,30,11,0,0,0,0,0,0,42.22
2008,12,25,3,30,10.3,0,0,0,0,0,0,43.25
2008,12,25,4,30,9.200000000000001,0,0,0,0,0,0,46.27
2008,12,25,5,30,7.7,0,0,0,0,0,0,51.26
2008,12,25,6,30,6.4,0,0,0,0,0,0,56.07
2008,12,25,7,30,5.6000000000000005,0,0,0,0,0,0,58.980000000000004
2008,12,25,8,30,5.2,0,0,0,0,0,0,60.660000000000004
2008,12,25,9,30,4.9,0,0,0,0,0,0,62.4
2008,12,25,10,30,4.800000000000001,0,0,0,0,0,0,63.56
2008,12,25,11,30,4.6000000000000005,0,0,0,0,0,0,64.94
2008,12,25,12,30,4.6000000000000005,0,0,0,0,0,0,65.3
2008,12,25,13,30,6.7,0,0,0,0,0,0,57.53
2008,12,25,14,30,10.600000000000001,33,166,725,725,33,166,46.92
2008,12,25,15,30,14.9,45,380,907,907,45,380,37.43
2008,12,25,16,30,18.3,53,564,984,984,53,564,31.89
2008,12,25,17,30,19.900000000000002,58,693,1021,1021,58,693,28.36
2008,12,25,18,30,21,62,757,1034,1034,62,757,25.79
2008,12,25,19,30,21.6,61,749,1032,1032,61,749,24.07
2008,12,25,20,30,21.700000000000003,58,669,1013,1013,58,669,23.16
2008,12,25,21,30,21.200000000000003,53,526,968,968,53,526,23.47
2008,12,25,22,30,19.200000000000003,44,332,878,878,44,332,26.45
2008,12,25,23,30,15.3,28,117,646,646,28,117,42.03
2008,12,26,0,30,12.4,0,0,0,0,0,0,50.04
2008,12,26,1,30,11.3,0,0,0,0,0,0,52.31
2008,12,26,2,30,10.700000000000001,0,0,0,0,0,0,53.980000000000004
2008,12,26,3,30,10.100000000000001,0,0,0,0,0,0,56.63
2008,12,26,4,30,9.4,0,0,0,0,0,0,60.18
2008,12,26,5,30,8.8,0,0,0,0,0,0,63.440000000000005
2008,12,26,6,30,8.200000000000001,0,0,0,0,0,0,66.78
2008,12,26,7,30,7.800000000000001,0,0,0,0,0,0,68.68
2008,12,26,8,30,7.5,0,0,0,0,0,0,68.76
2008,12,26,9,30,7.2,0,0,0,0,0,0,66.59
2008,12,26,10,30,7,0,0,0,0,0,0,63.160000000000004
2008,12,26,11,30,7,0,0,0,0,0,0,61.68
2008,12,26,12,30,7.1000000000000005,0,0,0,0,0,0,63.64
2008,12,26,13,30,8.3,0,0,0,0,0,0,62.57
2008,12,26,14,30,11,36,163,697,697,36,163,56.21
2008,12,26,15,30,14.3,51,378,887,887,51,378,47.47
2008,12,26,16,30,17.400000000000002,59,559,965,965,59,559,37.42
2008,12,26,17,30,19.200000000000003,64,689,1003,1003,64,689,33.230000000000004
2008,12,26,18,30,20.1,66,750,1016,636,204,631,31.310000000000002
2008,12,26,19,30,20.200000000000003,64,740,1014,637,194,618,31.330000000000002
2008,12,26,20,30,19.700000000000003,62,662,993,993,62,662,32.76
2008,12,26,21,30,18.900000000000002,55,520,950,950,55,520,34.480000000000004
2008,12,26,22,30,17.7,45,329,859,859,45,329,37.01
2008,12,26,23,30,14.9,28,116,631,631,28,116,44.65
2008,12,27,0,30,12.3,0,0,0,0,0,0,54.620000000000005
2008,12,27,1,30,11.100000000000001,0,0,0,0,0,0,59.99
2008,12,27,2,30,10,0,0,0,0,0,0,65.69
2008,12,27,3,30,9.1,0,0,0,0,0,0,71.59
2008,12,27,4,30,8.4,0,0,0,0,0,0,77.32000000000001
2008,12,27,5,30,7.7,0,0,0,0,0,0,82.65
2008,12,27,6,30,7.2,0,0,0,0,0,0,84.94
2008,12,27,7,30,6.800000000000001,0,0,0,0,0,0,85.32000000000001
2008,12,27,8,30,6.4,0,0,0,0,0,0,86.13
2008,12,27,9,30,6.1000000000000005,0,0,0,0,0,0,87.12
2008,12,27,10,30,5.7,0,0,0,0,0,0,89.28
2008,12,27,11,30,5.5,0,0,0,0,0,0,90.82000000000001
2008,12,27,12,30,5.300000000000001,0,0,0,0,0,0,92.36
2008,12,27,13,30,6.2,0,0,0,0,0,0,86.60000000000001
2008,12,27,14,30,9.3,32,163,717,106,98,117,69.18
2008,12,27,15,30,13.8,42,375,907,907,42,375,48.74
2008,12,27,16,30,17.400000000000002,49,559,985,985,49,559,34.75
2008,12,27,17,30,19.700000000000003,54,689,1022,1022,54,689,29.8
2008,12,27,18,30,21.200000000000003,58,754,1035,1035,58,754,27.04
2008,12,27,19,30,22,58,745,1029,1029,58,745,25.62
2008,12,27,20,30,22.1,55,664,1006,1006,55,664,25.42
2008,12,27,21,30,21.5,47,522,966,966,47,522,26.52
2008,12,27,22,30,19.700000000000003,40,332,876,876,40,332,30.01
2008,12,27,23,30,16,27,119,650,650,27,119,42.410000000000004
2008,12,28,0,30,13,0,0,0,0,0,0,54.45
2008,12,28,1,30,11.700000000000001,0,0,0,0,0,0,59.52
2008,12,28,2,30,10.700000000000001,0,0,0,0,0,0,63.89
2008,12,28,3,30,9.700000000000001,0,0,0,0,0,0,68.86
2008,12,28,4,30,8.700000000000001,0,0,0,0,0,0,74.94
2008,12,28,5,30,7.9,0,0,0,0,0,0,81.67
2008,12,28,6,30,7.2,0,0,0,0,0,0,89.09
2008,12,28,7,30,6.5,0,0,0,0,0,0,97.33
2008,12,28,8,30,6,0,0,0,0,0,0,100
2008,12,28,9,30,5.300000000000001,0,0,0,0,0,0,100
2008,12,28,10,30,4.800000000000001,0,0,0,0,0,0,100
2008,12,28,11,30,4.6000000000000005,0,0,0,0,0,0,100
2008,12,28,12,30,4.6000000000000005,0,0,0,0,0,0,100
2008,12,28,13,30,5.2,0,0,0,0,0,0,98.32000000000001
2008,12,28,14,30,7.2,35,165,720,720,35,165,83.29
2008,12,28,15,30,10.8,47,382,913,913,47,382,65.26
2008,12,28,16,30,15.200000000000001,53,565,988,988,53,565,45.58
2008,12,28,17,30,18.400000000000002,57,696,1027,1027,57,696,31.42
2008,12,28,18,30,19.900000000000002,58,762,1044,1044,58,762,26.490000000000002
2008,12,28,19,30,20.8,58,755,1042,1042,58,755,23.69
2008,12,28,20,30,20.900000000000002,56,674,1019,1019,56,674,22.57
2008,12,28,21,30,20.400000000000002,51,532,975,635,203,516,22.61
2008,12,28,22,30,18.6,44,340,882,378,146,273,25.44
2008,12,28,23,30,15.4,30,122,647,268,65,104,44.87
2008,12,29,0,30,12.8,0,0,0,0,0,0,46.51
2008,12,29,1,30,11,0,0,0,0,0,0,47.97
2008,12,29,2,30,9,0,0,0,0,0,0,52.47
2008,12,29,3,30,7.5,0,0,0,0,0,0,55.5
2008,12,29,4,30,6.5,0,0,0,0,0,0,56.34
2008,12,29,5,30,5.7,0,0,0,0,0,0,57.24
2008,12,29,6,30,5.2,0,0,0,0,0,0,58.07
2008,12,29,7,30,5.2,0,0,0,0,0,0,57.49
2008,12,29,8,30,5.1000000000000005,0,0,0,0,0,0,59.09
2008,12,29,9,30,4.9,0,0,0,0,0,0,61.92
2008,12,29,10,30,4.4,0,0,0,0,0,0,66.42
2008,12,29,11,30,4,0,0,0,0,0,0,71.24
2008,12,29,12,30,3.9000000000000004,0,0,0,0,0,0,79.02
2008,12,29,13,30,5.300000000000001,0,0,0,0,0,0,79.89
2008,12,29,14,30,7.7,61,139,436,436,61,139,76.49
2008,12,29,15,30,10,94,345,688,498,158,341,74.31
2008,12,29,16,30,12.200000000000001,105,527,816,148,321,397,67.27
2008,12,29,17,30,13.9,109,659,884,91,376,433,60.4
2008,12,29,18,30,15,96,729,938,449,290,593,55.800000000000004
2008,12,29,19,30,15.8,93,724,944,509,260,600,52.79
2008,12,29,20,30,16.1,88,649,922,536,221,547,51.730000000000004
2008,12,29,21,30,15.9,76,511,878,47,234,257,52.24
2008,12,29,22,30,14.9,62,323,775,34,164,176,55.51
2008,12,29,23,30,13,39,115,524,45,76,82,65.84
2008,12,30,0,30,11.700000000000001,0,0,0,0,0,0,68.63
2008,12,30,1,30,11.100000000000001,0,0,0,0,0,0,70.64
2008,12,30,2,30,10.700000000000001,0,0,0,0,0,0,72.36
2008,12,30,3,30,10.100000000000001,0,0,0,0,0,0,75.77
2008,12,30,4,30,9.200000000000001,0,0,0,0,0,0,82.42
2008,12,30,5,30,8.200000000000001,0,0,0,0,0,0,91.9
2008,12,30,6,30,7.6000000000000005,0,0,0,0,0,0,99.75
2008,12,30,7,30,7.4,0,0,0,0,0,0,100
2008,12,30,8,30,7.300000000000001,0,0,0,0,0,0,100
2008,12,30,9,30,7.1000000000000005,0,0,0,0,0,0,100
2008,12,30,10,30,6.9,0,0,0,0,0,0,100
2008,12,30,11,30,6.7,0,0,0,0,0,0,100
2008,12,30,12,30,6.6000000000000005,0,0,0,0,0,0,100
2008,12,30,13,30,7.300000000000001,0,0,0,0,0,0,95.31
2008,12,30,14,30,9.3,43,152,613,613,43,152,83.56
2008,12,30,15,30,12.9,61,365,832,95,202,237,66.62
2008,12,30,16,30,17.1,70,547,922,189,277,375,50.980000000000004
2008,12,30,17,30,19.700000000000003,76,678,966,199,305,429,41.31
2008,12,30,18,30,20.5,81,741,978,641,225,658,38.410000000000004
2008,12,30,19,30,20.200000000000003,87,731,959,454,280,584,38.9
2008,12,30,20,30,18.900000000000002,91,650,916,201,300,423,42.660000000000004
2008,12,30,21,30,17.5,72,516,895,226,248,360,47.730000000000004
2008,12,30,22,30,16.1,60,328,788,113,186,224,53.59
2008,12,30,23,30,14.3,38,118,541,0,10,10,63.31
2008,12,31,0,30,12.8,0,0,0,0,0,0,68.86
2008,12,31,1,30,12,0,0,0,0,0,0,71.14
2008,12,31,2,30,11.4,0,0,0,0,0,0,73.43
2008,12,31,3,30,10.9,0,0,0,0,0,0,76.06
2008,12,31,4,30,10.100000000000001,0,0,0,0,0,0,80.83
2008,12,31,5,30,9.200000000000001,0,0,0,0,0,0,86.62
2008,12,31,6,30,8.4,0,0,0,0,0,0,92.38
2008,12,31,7,30,7.800000000000001,0,0,0,0,0,0,96.75
2008,12,31,8,30,7.300000000000001,0,0,0,0,0,0,100
2008,12,31,9,30,6.9,0,0,0,0,0,0,100
2008,12,31,10,30,6.6000000000000005,0,0,0,0,0,0,100
2008,12,31,11,30,6.4,0,0,0,0,0,0,100
2008,12,31,12,30,6.300000000000001,0,0,0,0,0,0,100
2008,12,31,13,30,8.200000000000001,0,0,0,0,0,0,90.55
2008,12,31,14,30,11.8,38,153,647,647,38,153,71.15
2008,12,31,15,30,15.3,55,365,850,850,55,365,56.86
2008,12,31,16,30,17.6,65,549,936,936,65,549,44.61
2008,12,31,17,30,18.1,74,677,968,968,74,677,41.17
2008,12,31,18,30,18.2,74,746,994,543,257,624,40.12
2008,12,31,19,30,18.2,75,741,991,248,324,491,39.71
2008,12,31,20,30,18.1,72,665,970,264,290,452,39.730000000000004
2008,12,31,21,30,17.6,65,528,928,520,224,484,40.800000000000004
2008,12,31,22,30,16.5,54,338,832,832,54,338,43.59
2008,12,31,23,30,13.9,35,125,601,601,35,125,53.56
