Source,Location ID,City,State,Country,Latitude,Longitude,Time Zone,Elevation,Local Time Zone,Clearsky DHI Units,Clearsky DNI Units,Clearsky GHI Units,Dew Point Units,DHI Units,DNI Units,GHI Units,Solar Zenith Angle Units,Temperature Units,Pressure Units,Relative Humidity Units,Precipitable Water Units,Wind Direction Units,Wind Speed Units,Cloud Type -15,Cloud Type 0,Cloud Type 1,Cloud Type 2,Cloud Type 3,Cloud Type 4,Cloud Type 5,Cloud Type 6,Cloud Type 7,Cloud Type 8,Cloud Type 9,Cloud Type 10,Cloud Type 11,Cloud Type 12,Fill Flag 0,Fill Flag 1,Fill Flag 2,Fill Flag 3,Fill Flag 4,Fill Flag 5,Surface Albedo Units,Version
NSRDB,532795,-,-,-,20.13,-103.14,0,1761,-6,w/m2,w/m2,w/m2,c,w/m2,w/m2,w/m2,Degree,c,mbar,%,cm,Degrees,m/s,N/A,Clear,Probably Clear,Fog,Water,Super-Cooled Water,Mixed,Opaque Ice,Cirrus,Overlapping,Overshooting,Unknown,Dust,Smoke,N/A,Missing Image,Low Irradiance,Exceeds Clearsky,Missing CLoud Properties,Rayleigh Violation,N/A,4.0.1
Year,Month,Day,Hour,Minute,Temperature,Clearsky DHI,Clearsky GHI,Clearsky DNI,DNI,DHI,GHI,Relative Humidity
2008,1,1,0,30,19.3,0,0,0,0,0,0,39.410000000000004
2008,1,1,1,30,18.2,0,0,0,0,0,0,40.92
2008,1,1,2,30,17.400000000000002,0,0,0,0,0,0,40.85
2008,1,1,3,30,16.6,0,0,0,0,0,0,40.26
2008,1,1,4,30,15.3,0,0,0,0,0,0,41.230000000000004
2008,1,1,5,30,13.4,0,0,0,0,0,0,44.2
2008,1,1,6,30,11.600000000000001,0,0,0,0,0,0,48.09
2008,1,1,7,30,10.200000000000001,0,0,0,0,0,0,52.13
2008,1,1,8,30,9.200000000000001,0,0,0,0,0,0,55.67
2008,1,1,9,30,8.5,0,0,0,0,0,0,58.94
2008,1,1,10,30,8,0,0,0,0,0,0,62.2
2008,1,1,11,30,7.6000000000000005,0,0,0,0,0,0,65.6
2008,1,1,12,30,7.300000000000001,0,0,0,0,0,0,69.12
2008,1,1,13,30,8.700000000000001,0,0,0,0,0,0,65.72
2008,1,1,14,30,12.100000000000001,43,198,736,736,43,198,55.75
2008,1,1,15,30,16.2,58,425,908,908,58,425,44.42
2008,1,1,16,30,19.900000000000002,69,620,983,983,69,620,36.08
2008,1,1,17,30,22.3,75,755,1014,1014,75,755,30.02
2008,1,1,18,30,23.8,79,820,1024,1024,79,820,26.54
2008,1,1,19,30,24.6,79,815,1021,1021,79,815,24.89
2008,1,1,20,30,24.900000000000002,78,732,993,993,78,732,24.41
2008,1,1,21,30,24.5,78,581,928,928,78,581,25.3
2008,1,1,22,30,23.1,68,380,820,820,68,380,28.66
2008,1,1,23,30,20.3,47,154,581,581,47,154,43.08
2008,1,2,0,30,17.6,0,0,0,0,0,0,50.21
2008,1,2,1,30,15.600000000000001,0,0,0,0,0,0,59.38
2008,1,2,2,30,14,0,0,0,0,0,0,65.75
2008,1,2,3,30,12,0,0,0,0,0,0,70.12
2008,1,2,4,30,10.100000000000001,0,0,0,0,0,0,73.27
2008,1,2,5,30,8.8,0,0,0,0,0,0,74.42
2008,1,2,6,30,7.800000000000001,0,0,0,0,0,0,74.93
2008,1,2,7,30,7,0,0,0,0,0,0,74.46000000000001
2008,1,2,8,30,6.300000000000001,0,0,0,0,0,0,73.83
2008,1,2,9,30,5.7,0,0,0,0,0,0,73.67
2008,1,2,10,30,5.2,0,0,0,0,0,0,74.10000000000001
2008,1,2,11,30,4.800000000000001,0,0,0,0,0,0,74.79
2008,1,2,12,30,4.5,0,0,0,0,0,0,75.23
2008,1,2,13,30,5.2,0,0,0,0,0,0,70.83
2008,1,2,14,30,7.6000000000000005,53,181,612,181,112,150,60.09
2008,1,2,15,30,11,74,403,817,146,238,297,49.75
2008,1,2,16,30,14.200000000000001,86,595,908,301,309,477,42.94
2008,1,2,17,30,16.900000000000002,93,730,950,950,93,730,38.22
2008,1,2,18,30,18.900000000000002,96,799,969,969,96,799,34.88
2008,1,2,19,30,20.1,97,794,965,965,97,794,32.89
2008,1,2,20,30,20.700000000000003,95,715,941,941,95,715,32.1
2008,1,2,21,30,20.5,88,571,888,888,88,571,32.58
2008,1,2,22,30,19.1,75,375,783,783,75,375,35.480000000000004
2008,1,2,23,30,16.2,51,154,551,551,51,154,43.81
2008,1,3,0,30,13.4,0,0,0,0,0,0,52.49
2008,1,3,1,30,11.600000000000001,0,0,0,0,0,0,54.29
2008,1,3,2,30,9.9,0,0,0,0,0,0,56.050000000000004
2008,1,3,3,30,8.3,0,0,0,0,0,0,58.910000000000004
2008,1,3,4,30,7,0,0,0,0,0,0,61.300000000000004
2008,1,3,5,30,5.9,0,0,0,0,0,0,64.09
2008,1,3,6,30,5.2,0,0,0,0,0,0,66.21000000000001
2008,1,3,7,30,4.6000000000000005,0,0,0,0,0,0,68.37
2008,1,3,8,30,4.3,0,0,0,0,0,0,69.41
2008,1,3,9,30,3.9000000000000004,0,0,0,0,0,0,71.32000000000001
2008,1,3,10,30,3.7,0,0,0,0,0,0,72.24
2008,1,3,11,30,3.5,0,0,0,0,0,0,73.35000000000001
2008,1,3,12,30,3.3000000000000003,0,0,0,0,0,0,74.39
2008,1,3,13,30,4.4,0,0,0,0,0,0,68.77
2008,1,3,14,30,7.300000000000001,50,184,640,640,50,184,56.96
2008,1,3,15,30,11.200000000000001,69,409,842,842,69,409,46.480000000000004
2008,1,3,16,30,15,79,604,938,938,79,604,39.18
2008,1,3,17,30,18.2,84,743,983,983,84,743,34.47
2008,1,3,18,30,20.700000000000003,87,814,1002,1002,87,814,30.95
2008,1,3,19,30,22.200000000000003,87,810,1000,1000,87,810,29.080000000000002
2008,1,3,20,30,22.8,85,732,978,978,85,732,29.05
2008,1,3,21,30,22.6,82,585,920,920,82,585,29.650000000000002
2008,1,3,22,30,21.1,70,387,823,823,70,387,32.75
2008,1,3,23,30,17.7,48,162,604,604,48,162,48.67
2008,1,4,0,30,14.8,0,0,0,0,0,0,56.52
2008,1,4,1,30,13.4,0,0,0,0,0,0,58.36
2008,1,4,2,30,12.3,0,0,0,0,0,0,61.43
2008,1,4,3,30,11,0,0,0,0,0,0,65.46000000000001
2008,1,4,4,30,9.700000000000001,0,0,0,0,0,0,68.66
2008,1,4,5,30,8.5,0,0,0,0,0,0,70.85000000000001
2008,1,4,6,30,7.4,0,0,0,0,0,0,73.3
2008,1,4,7,30,6.5,0,0,0,0,0,0,76.31
2008,1,4,8,30,5.800000000000001,0,0,0,0,0,0,79.56
2008,1,4,9,30,5.300000000000001,0,0,0,0,0,0,82.36
2008,1,4,10,30,4.800000000000001,0,0,0,0,0,0,85.37
2008,1,4,11,30,4.3,0,0,0,0,0,0,88.52
2008,1,4,12,30,4.1000000000000005,0,0,0,0,0,0,89.89
2008,1,4,13,30,5.4,0,0,0,0,0,0,82.39
2008,1,4,14,30,8.9,50,186,652,652,50,186,66.3
2008,1,4,15,30,13.600000000000001,68,414,860,860,68,414,51.06
2008,1,4,16,30,18.1,76,611,953,953,76,611,39.99
2008,1,4,17,30,21.3,80,752,1001,1001,80,752,32.62
2008,1,4,18,30,23,83,827,1024,1024,83,827,27.53
2008,1,4,19,30,23.900000000000002,82,824,1024,1024,82,824,24.19
2008,1,4,20,30,24.3,78,746,1007,1007,78,746,21.97
2008,1,4,21,30,24,72,600,963,963,72,600,20.68
2008,1,4,22,30,22.6,61,401,877,877,61,401,21.22
2008,1,4,23,30,20.200000000000003,42,173,685,685,42,173,32.93
2008,1,5,0,30,18.2,0,0,0,0,0,0,32.43
2008,1,5,1,30,17.2,0,0,0,0,0,0,32.78
2008,1,5,2,30,16.400000000000002,0,0,0,0,0,0,33.96
2008,1,5,3,30,15.5,0,0,0,0,0,0,35.35
2008,1,5,4,30,14.600000000000001,0,0,0,0,0,0,37.17
2008,1,5,5,30,13.5,0,0,0,0,0,0,40.32
2008,1,5,6,30,12.100000000000001,0,0,0,0,0,0,42.54
2008,1,5,7,30,10.8,0,0,0,0,0,0,46.51
2008,1,5,8,30,9.600000000000001,0,0,0,0,0,0,51.07
2008,1,5,9,30,8.8,0,0,0,0,0,0,55.59
2008,1,5,10,30,8.200000000000001,0,0,0,0,0,0,60.08
2008,1,5,11,30,8,0,0,0,0,0,0,63.24
2008,1,5,12,30,8.1,0,0,0,0,0,0,65.02
2008,1,5,13,30,10,0,0,0,0,0,0,59.82
2008,1,5,14,30,13.700000000000001,51,179,616,616,51,179,54.800000000000004
2008,1,5,15,30,17.6,73,403,821,821,73,403,43.34
2008,1,5,16,30,20.8,84,597,916,916,84,597,38.22
2008,1,5,17,30,22.8,91,737,962,962,91,737,33.06
2008,1,5,18,30,24.1,93,809,983,983,93,809,29.44
2008,1,5,19,30,24.700000000000003,93,807,984,984,93,807,27.810000000000002
2008,1,5,20,30,24.8,89,730,963,674,217,665,27.27
2008,1,5,21,30,24.3,82,586,915,586,200,523,27.740000000000002
2008,1,5,22,30,22.8,70,390,820,402,167,324,29.94
2008,1,5,23,30,19.6,48,165,602,122,106,130,43.44
2008,1,6,0,30,16.8,0,0,0,0,0,0,53.5
2008,1,6,1,30,15.3,0,0,0,0,0,0,58.49
2008,1,6,2,30,14.200000000000001,0,0,0,0,0,0,63.76
2008,1,6,3,30,13.5,0,0,0,0,0,0,67.98
2008,1,6,4,30,13.200000000000001,0,0,0,0,0,0,69.25
2008,1,6,5,30,13,0,0,0,0,0,0,70.62
2008,1,6,6,30,12.700000000000001,0,0,0,0,0,0,72.14
2008,1,6,7,30,12.4,0,0,0,0,0,0,73.45
2008,1,6,8,30,12.100000000000001,0,0,0,0,0,0,74.65
2008,1,6,9,30,11.700000000000001,0,0,0,0,0,0,76.29
2008,1,6,10,30,11.4,0,0,0,0,0,0,77.32000000000001
2008,1,6,11,30,11,0,0,0,0,0,0,78.85000000000001
2008,1,6,12,30,10.700000000000001,0,0,0,0,0,0,80.06
2008,1,6,13,30,11.8,0,0,0,0,0,0,74.23
2008,1,6,14,30,14.700000000000001,50,179,623,623,50,179,63.92
2008,1,6,15,30,18.900000000000002,70,405,833,833,70,405,48.04
2008,1,6,16,30,22.1,81,599,925,925,81,599,36.38
2008,1,6,17,30,23.700000000000003,87,740,971,971,87,740,31.51
2008,1,6,18,30,24.6,90,812,989,989,90,812,28.73
2008,1,6,19,30,25,91,810,988,988,91,810,27.19
2008,1,6,20,30,24.900000000000002,88,734,968,968,88,734,26.89
2008,1,6,21,30,24.3,80,591,923,923,80,591,27.32
2008,1,6,22,30,22.6,67,394,833,833,67,394,30.060000000000002
2008,1,6,23,30,19.1,46,169,628,628,46,169,44.06
2008,1,7,0,30,16.1,0,0,0,0,0,0,55.480000000000004
2008,1,7,1,30,14.8,0,0,0,0,0,0,58.72
2008,1,7,2,30,14,0,0,0,0,0,0,60.88
2008,1,7,3,30,13.5,0,0,0,0,0,0,61.67
2008,1,7,4,30,13.100000000000001,0,0,0,0,0,0,62.95
2008,1,7,5,30,12.9,0,0,0,0,0,0,63.01
2008,1,7,6,30,12.600000000000001,0,0,0,0,0,0,63.06
2008,1,7,7,30,12.3,0,0,0,0,0,0,63.14
2008,1,7,8,30,12.100000000000001,0,0,0,0,0,0,62.92
2008,1,7,9,30,11.8,0,0,0,0,0,0,63.550000000000004
2008,1,7,10,30,11.5,0,0,0,0,0,0,65.06
2008,1,7,11,30,11.100000000000001,0,0,0,0,0,0,67.72
2008,1,7,12,30,10.8,0,0,0,0,0,0,70.47
2008,1,7,13,30,11.8,0,0,0,0,0,0,67.75
2008,1,7,14,30,15,43,188,701,701,43,188,59.910000000000004
2008,1,7,15,30,19.1,59,417,891,891,59,417,43.18
2008,1,7,16,30,22.200000000000003,67,615,976,976,67,615,27.8
2008,1,7,17,30,23.6,72,753,1011,1011,72,753,23.28
2008,1,7,18,30,24.400000000000002,73,826,1031,1031,73,826,21.53
2008,1,7,19,30,24.700000000000003,74,825,1029,1029,74,825,20.990000000000002
2008,1,7,20,30,24.5,72,749,1011,1011,72,749,21.17
2008,1,7,21,30,23.8,66,605,971,971,66,605,21.94
2008,1,7,22,30,22,58,407,884,198,225,303,24.830000000000002
2008,1,7,23,30,18.6,42,178,689,689,42,178,38.62
2008,1,8,0,30,15.9,0,0,0,0,0,0,49.04
2008,1,8,1,30,15,0,0,0,0,0,0,50.51
2008,1,8,2,30,14.600000000000001,0,0,0,0,0,0,51.26
2008,1,8,3,30,14.5,0,0,0,0,0,0,50.84
2008,1,8,4,30,14.3,0,0,0,0,0,0,50.7
2008,1,8,5,30,14.200000000000001,0,0,0,0,0,0,50.46
2008,1,8,6,30,14.100000000000001,0,0,0,0,0,0,49.910000000000004
2008,1,8,7,30,13.9,0,0,0,0,0,0,49.89
2008,1,8,8,30,13.5,0,0,0,0,0,0,50.61
2008,1,8,9,30,12.9,0,0,0,0,0,0,51.6
2008,1,8,10,30,12.4,0,0,0,0,0,0,53.07
2008,1,8,11,30,12.100000000000001,0,0,0,0,0,0,53.17
2008,1,8,12,30,11.700000000000001,0,0,0,0,0,0,53.63
2008,1,8,13,30,12.100000000000001,0,0,0,0,0,0,52.07
2008,1,8,14,30,14.200000000000001,41,192,729,729,41,192,52.620000000000005
2008,1,8,15,30,17.900000000000002,57,423,913,913,57,423,36.04
2008,1,8,16,30,21.3,64,623,995,995,64,623,22.18
2008,1,8,17,30,23.1,69,766,1034,1034,69,766,19.27
2008,1,8,18,30,24.1,70,840,1053,1053,70,840,18.12
2008,1,8,19,30,24.700000000000003,69,839,1054,1054,69,839,17.48
2008,1,8,20,30,24.900000000000002,65,763,1039,1039,65,763,17.2
2008,1,8,21,30,24.5,61,618,1000,1000,61,618,17.56
2008,1,8,22,30,22.900000000000002,52,418,923,923,52,418,19.61
2008,1,8,23,30,19.700000000000003,38,187,742,742,38,187,33.79
2008,1,9,0,30,17,0,0,0,0,0,0,40.410000000000004
2008,1,9,1,30,15.8,0,0,0,0,0,0,41.79
2008,1,9,2,30,14.9,0,0,0,0,0,0,42.7
2008,1,9,3,30,14.4,0,0,0,0,0,0,43.29
2008,1,9,4,30,14.100000000000001,0,0,0,0,0,0,44.09
2008,1,9,5,30,13.9,0,0,0,0,0,0,44.35
2008,1,9,6,30,13.9,0,0,0,0,0,0,43.57
2008,1,9,7,30,13.600000000000001,0,0,0,0,0,0,44.160000000000004
2008,1,9,8,30,13,0,0,0,0,0,0,45.92
2008,1,9,9,30,12.200000000000001,0,0,0,0,0,0,48.38
2008,1,9,10,30,11.200000000000001,0,0,0,0,0,0,51.38
2008,1,9,11,30,10,0,0,0,0,0,0,55.2
2008,1,9,12,30,9.1,0,0,0,0,0,0,57.800000000000004
2008,1,9,13,30,10.4,0,0,0,0,0,0,53.28
2008,1,9,14,30,14,41,190,725,725,41,190,47.37
2008,1,9,15,30,18.400000000000002,55,421,910,910,55,421,33.58
2008,1,9,16,30,22.1,63,617,985,985,63,617,24.04
2008,1,9,17,30,23.700000000000003,69,760,1023,1023,69,760,21.84
2008,1,9,18,30,24.5,69,835,1044,1044,69,835,21.34
2008,1,9,19,30,24.700000000000003,70,831,1038,1038,70,831,21.62
2008,1,9,20,30,24.400000000000002,67,756,1022,1022,67,756,22.22
2008,1,9,21,30,23.6,62,613,983,983,62,613,23.43
2008,1,9,22,30,21.900000000000002,54,415,904,904,54,415,26.3
2008,1,9,23,30,18.3,39,186,724,724,39,186,37.800000000000004
2008,1,10,0,30,15,0,0,0,0,0,0,50.08
2008,1,10,1,30,14,0,0,0,0,0,0,51.17
2008,1,10,2,30,13.4,0,0,0,0,0,0,52.09
2008,1,10,3,30,13,0,0,0,0,0,0,51.89
2008,1,10,4,30,12.600000000000001,0,0,0,0,0,0,51.47
2008,1,10,5,30,12.200000000000001,0,0,0,0,0,0,51.19
2008,1,10,6,30,12,0,0,0,0,0,0,50.34
2008,1,10,7,30,11.9,0,0,0,0,0,0,49.15
2008,1,10,8,30,11.8,0,0,0,0,0,0,48.09
2008,1,10,9,30,11.5,0,0,0,0,0,0,48.29
2008,1,10,10,30,11.200000000000001,0,0,0,0,0,0,49.06
2008,1,10,11,30,10.700000000000001,0,0,0,0,0,0,51.03
2008,1,10,12,30,10.4,0,0,0,0,0,0,52.75
2008,1,10,13,30,11.200000000000001,0,0,0,0,0,0,51.04
2008,1,10,14,30,13.600000000000001,38,190,736,196,105,145,50.67
2008,1,10,15,30,17.400000000000002,52,420,915,572,131,361,35.81
2008,1,10,16,30,20.700000000000003,59,618,994,994,59,618,22.62
2008,1,10,17,30,22.3,64,761,1032,1032,64,761,19.76
2008,1,10,18,30,23.3,67,836,1047,1047,67,836,20.32
2008,1,10,19,30,24,67,833,1043,1043,67,833,20.45
2008,1,10,20,30,24.1,65,758,1026,1026,65,758,20.830000000000002
2008,1,10,21,30,23.6,59,616,990,990,59,616,21.69
2008,1,10,22,30,22,52,418,911,364,172,319,24.14
2008,1,10,23,30,18.6,38,189,731,32,116,122,38
2008,1,11,0,30,15.9,0,0,0,0,0,0,47.160000000000004
2008,1,11,1,30,14.9,0,0,0,0,0,0,47.63
2008,1,11,2,30,14.100000000000001,0,0,0,0,0,0,50.6
2008,1,11,3,30,13.4,0,0,0,0,0,0,53.370000000000005
2008,1,11,4,30,12.9,0,0,0,0,0,0,54.79
2008,1,11,5,30,12.700000000000001,0,0,0,0,0,0,54.58
2008,1,11,6,30,12.5,0,0,0,0,0,0,54.1
2008,1,11,7,30,12.200000000000001,0,0,0,0,0,0,53.96
2008,1,11,8,30,11.9,0,0,0,0,0,0,53.800000000000004
2008,1,11,9,30,11.5,0,0,0,0,0,0,53.93
2008,1,11,10,30,11.100000000000001,0,0,0,0,0,0,54.410000000000004
2008,1,11,11,30,10.600000000000001,0,0,0,0,0,0,55.75
2008,1,11,12,30,10,0,0,0,0,0,0,57.43
2008,1,11,13,30,11,0,0,0,0,0,0,54.11
2008,1,11,14,30,13.8,39,189,727,479,77,175,49.660000000000004
2008,1,11,15,30,17.6,54,419,908,908,54,419,34.69
2008,1,11,16,30,20.6,62,618,987,987,62,618,22.580000000000002
2008,1,11,17,30,22,67,762,1027,1027,67,762,19.080000000000002
2008,1,11,18,30,22.700000000000003,66,838,1048,459,316,654,18.21
2008,1,11,19,30,23.200000000000003,67,838,1047,777,177,749,18.580000000000002
2008,1,11,20,30,23.3,64,764,1032,267,344,525,19.29
2008,1,11,21,30,22.8,63,621,987,211,290,409,20.64
2008,1,11,22,30,21.200000000000003,55,423,909,45,186,204,23.72
2008,1,11,23,30,17.5,40,192,732,178,109,146,36.4
2008,1,12,0,30,14.200000000000001,0,0,0,0,0,0,48.86
2008,1,12,1,30,12.9,0,0,0,0,0,0,52.730000000000004
2008,1,12,2,30,12,0,0,0,0,0,0,56.53
2008,1,12,3,30,11.5,0,0,0,0,0,0,58.65
2008,1,12,4,30,11.3,0,0,0,0,0,0,59.07
2008,1,12,5,30,11.200000000000001,0,0,0,0,0,0,58.58
2008,1,12,6,30,11.200000000000001,0,0,0,0,0,0,57.68
2008,1,12,7,30,11,0,0,0,0,0,0,57.63
2008,1,12,8,30,10.700000000000001,0,0,0,0,0,0,58.06
2008,1,12,9,30,10.4,0,0,0,0,0,0,58.410000000000004
2008,1,12,10,30,9.9,0,0,0,0,0,0,59.43
2008,1,12,11,30,9.200000000000001,0,0,0,0,0,0,61.58
2008,1,12,12,30,8.4,0,0,0,0,0,0,64.77
2008,1,12,13,30,9.4,0,0,0,0,0,0,60.79
2008,1,12,14,30,12.3,40,193,741,27,117,122,55.660000000000004
2008,1,12,15,30,16.1,56,427,923,553,141,364,40.15
2008,1,12,16,30,19.3,64,629,1004,611,196,540,23.490000000000002
2008,1,12,17,30,20.900000000000002,69,775,1041,1041,69,775,18.64
2008,1,12,18,30,21.900000000000002,72,852,1057,1057,72,852,16.990000000000002
2008,1,12,19,30,22.5,72,853,1058,1058,72,853,16.9
2008,1,12,20,30,22.900000000000002,69,778,1043,1043,69,778,15.91
2008,1,12,21,30,22.700000000000003,61,634,1010,1010,61,634,15.620000000000001
2008,1,12,22,30,21.200000000000003,54,434,932,932,54,434,17.21
2008,1,12,23,30,17.900000000000002,40,198,748,748,40,198,32.56
2008,1,13,0,30,15.200000000000001,0,0,0,0,0,0,40.95
2008,1,13,1,30,13.9,0,0,0,0,0,0,41.9
2008,1,13,2,30,12.5,0,0,0,0,0,0,45.51
2008,1,13,3,30,11.600000000000001,0,0,0,0,0,0,47.26
2008,1,13,4,30,11.4,0,0,0,0,0,0,46.22
2008,1,13,5,30,11.5,0,0,0,0,0,0,43.910000000000004
2008,1,13,6,30,11.200000000000001,0,0,0,0,0,0,42.77
2008,1,13,7,30,10.200000000000001,0,0,0,0,0,0,43.84
2008,1,13,8,30,8.6,0,0,0,0,0,0,48.31
2008,1,13,9,30,7,0,0,0,0,0,0,54.870000000000005
2008,1,13,10,30,6.1000000000000005,0,0,0,0,0,0,60.300000000000004
2008,1,13,11,30,5.7,0,0,0,0,0,0,65.51
2008,1,13,12,30,5.5,0,0,0,0,0,0,72.43
2008,1,13,13,30,7,0,0,0,0,0,0,71.79
2008,1,13,14,30,10.5,53,181,621,48,120,130,63.480000000000004
2008,1,13,15,30,14.8,75,410,833,245,227,325,51.68
2008,1,13,16,30,19.1,83,612,938,243,335,472,36.61
2008,1,13,17,30,21.8,84,760,995,995,84,760,25.060000000000002
2008,1,13,18,30,23.1,88,837,1012,408,398,699,22.78
2008,1,13,19,30,23.5,86,836,1012,1012,86,836,22.64
2008,1,13,20,30,23.3,82,763,997,674,194,655,22.78
2008,1,13,21,30,22.3,75,621,958,730,158,574,24.12
2008,1,13,22,30,20.3,65,423,872,317,200,330,28.28
2008,1,13,23,30,17.3,47,193,682,682,47,193,42.18
2008,1,14,0,30,15.200000000000001,0,0,0,0,0,0,49.74
2008,1,14,1,30,14.3,0,0,0,0,0,0,51.99
2008,1,14,2,30,13.600000000000001,0,0,0,0,0,0,52.800000000000004
2008,1,14,3,30,13.100000000000001,0,0,0,0,0,0,51.64
2008,1,14,4,30,12.8,0,0,0,0,0,0,50.800000000000004
2008,1,14,5,30,12.700000000000001,0,0,0,0,0,0,49.370000000000005
2008,1,14,6,30,12.700000000000001,0,0,0,0,0,0,48.77
2008,1,14,7,30,12.5,0,0,0,0,0,0,48.27
2008,1,14,8,30,12.200000000000001,0,0,0,0,0,0,48.29
2008,1,14,9,30,12.100000000000001,0,0,0,0,0,0,48.2
2008,1,14,10,30,12.100000000000001,0,0,0,0,0,0,48.03
2008,1,14,11,30,11.9,0,0,0,0,0,0,48.74
2008,1,14,12,30,11.5,0,0,0,0,0,0,50.01
2008,1,14,13,30,12.200000000000001,0,0,0,0,0,0,49.07
2008,1,14,14,30,14.700000000000001,51,178,617,204,107,149,49.71
2008,1,14,15,30,17.5,71,406,830,830,71,406,37.37
2008,1,14,16,30,19.6,81,605,927,456,227,485,35.59
2008,1,14,17,30,20.8,87,750,974,545,252,623,36.57
2008,1,14,18,30,21.6,87,825,995,671,223,720,35.93
2008,1,14,19,30,21.8,87,827,996,528,282,674,35.74
2008,1,14,20,30,21.5,85,752,973,678,201,666,36.64
2008,1,14,21,30,21,76,613,936,936,76,613,38.08
2008,1,14,22,30,20,65,417,853,379,178,335,40.77
2008,1,14,23,30,17.400000000000002,46,191,669,237,106,158,50.06
2008,1,15,0,30,14.9,0,0,0,0,0,0,62.32
2008,1,15,1,30,14,0,0,0,0,0,0,66.67
2008,1,15,2,30,13.5,0,0,0,0,0,0,70.22
2008,1,15,3,30,13.100000000000001,0,0,0,0,0,0,73.25
2008,1,15,4,30,12.600000000000001,0,0,0,0,0,0,76.21000000000001
2008,1,15,5,30,12.200000000000001,0,0,0,0,0,0,77.91
2008,1,15,6,30,11.9,0,0,0,0,0,0,79.14
2008,1,15,7,30,11.600000000000001,0,0,0,0,0,0,80.59
2008,1,15,8,30,11.200000000000001,0,0,0,0,0,0,82.19
2008,1,15,9,30,11,0,0,0,0,0,0,82.84
2008,1,15,10,30,10.9,0,0,0,0,0,0,83.02
2008,1,15,11,30,10.9,0,0,0,0,0,0,82.71000000000001
2008,1,15,12,30,10.8,0,0,0,0,0,0,82.91
2008,1,15,13,30,12,0,0,0,0,0,0,76.52
2008,1,15,14,30,15.100000000000001,40,183,696,164,106,140,63.59
2008,1,15,15,30,17.8,56,412,883,0,83,83,44.92
2008,1,15,16,30,19.5,64,610,966,489,216,493,34.36
2008,1,15,17,30,20.6,68,755,1006,507,259,605,30.12
2008,1,15,18,30,21.3,72,832,1022,255,348,538,28.18
2008,1,15,19,30,21.5,73,834,1021,624,308,773,27.37
2008,1,15,20,30,21.1,71,762,1005,577,236,633,27.54
2008,1,15,21,30,20.200000000000003,68,624,965,81,334,381,28.32
2008,1,15,22,30,18.6,59,428,887,487,186,388,30.580000000000002
2008,1,15,23,30,15.8,43,199,710,127,120,148,37.27
2008,1,16,0,30,13.200000000000001,0,0,0,0,0,0,49.09
2008,1,16,1,30,11.600000000000001,0,0,0,0,0,0,57.44
2008,1,16,2,30,10.4,0,0,0,0,0,0,63.96
2008,1,16,3,30,9.4,0,0,0,0,0,0,70.03
2008,1,16,4,30,8.9,0,0,0,0,0,0,74.18
2008,1,16,5,30,8.6,0,0,0,0,0,0,77.49
2008,1,16,6,30,8,0,0,0,0,0,0,81.44
2008,1,16,7,30,7.7,0,0,0,0,0,0,82.36
2008,1,16,8,30,7.800000000000001,0,0,0,0,0,0,79.95
2008,1,16,9,30,8.200000000000001,0,0,0,0,0,0,75.43
2008,1,16,10,30,8.4,0,0,0,0,0,0,72.39
2008,1,16,11,30,8.4,0,0,0,0,0,0,70.86
2008,1,16,12,30,8.3,0,0,0,0,0,0,70.13
2008,1,16,13,30,9.1,0,0,0,0,0,0,65.9
2008,1,16,14,30,11.5,41,191,729,7,71,72,59.03
2008,1,16,15,30,14.700000000000001,56,427,916,418,161,330,41.300000000000004
2008,1,16,16,30,17,64,627,992,599,199,539,30.44
2008,1,16,17,30,18.5,70,774,1030,689,196,667,26.22
2008,1,16,18,30,19.8,70,853,1051,642,229,708,23.39
2008,1,16,19,30,20.5,71,856,1050,1050,71,856,22.19
2008,1,16,20,30,20.400000000000002,69,780,1030,1030,69,780,22.400000000000002
2008,1,16,21,30,19.8,64,638,991,991,64,638,23.6
2008,1,16,22,30,18.400000000000002,57,439,914,914,57,439,26.51
2008,1,16,23,30,15.5,42,207,742,742,42,207,37.36
2008,1,17,0,30,13,0,0,0,0,0,0,49.97
2008,1,17,1,30,12.100000000000001,0,0,0,0,0,0,53.83
2008,1,17,2,30,11.5,0,0,0,0,0,0,57.49
2008,1,17,3,30,10.600000000000001,0,0,0,0,0,0,61.97
2008,1,17,4,30,10.100000000000001,0,0,0,0,0,0,64.44
2008,1,17,5,30,9.9,0,0,0,0,0,0,65.72
2008,1,17,6,30,9.700000000000001,0,0,0,0,0,0,66.72
2008,1,17,7,30,9.700000000000001,0,0,0,0,0,0,66.63
2008,1,17,8,30,9.8,0,0,0,0,0,0,65.95
2008,1,17,9,30,9.600000000000001,0,0,0,0,0,0,66.71000000000001
2008,1,17,10,30,9.4,0,0,0,0,0,0,67.48
2008,1,17,11,30,9.3,0,0,0,0,0,0,67.3
2008,1,17,12,30,9.200000000000001,0,0,0,0,0,0,67.55
2008,1,17,13,30,10.100000000000001,0,0,0,0,0,0,63.95
2008,1,17,14,30,12.200000000000001,40,186,711,70,117,131,60.14
2008,1,17,15,30,15,54,418,896,896,54,418,47.62
2008,1,17,16,30,17.400000000000002,62,618,978,65,319,356,42.18
2008,1,17,17,30,18.7,68,764,1017,1017,68,764,39.78
2008,1,17,18,30,19.400000000000002,71,840,1029,1029,71,840,38.22
2008,1,17,19,30,19.5,71,843,1030,571,249,677,37.59
2008,1,17,20,30,19.200000000000003,69,772,1015,493,257,599,37.93
2008,1,17,21,30,18.7,68,631,968,303,276,452,39.1
2008,1,17,22,30,17.7,60,434,889,698,112,406,41.93
2008,1,17,23,30,15.5,44,205,715,0,32,32,50.97
2008,1,18,0,30,13.3,0,0,0,0,0,0,63.72
2008,1,18,1,30,12,0,0,0,0,0,0,70.25
2008,1,18,2,30,11.200000000000001,0,0,0,0,0,0,75.42
2008,1,18,3,30,10.700000000000001,0,0,0,0,0,0,78.99
2008,1,18,4,30,10.3,0,0,0,0,0,0,81.21000000000001
2008,1,18,5,30,10.100000000000001,0,0,0,0,0,0,82.47
2008,1,18,6,30,10.200000000000001,0,0,0,0,0,0,81.85000000000001
2008,1,18,7,30,10.3,0,0,0,0,0,0,80.61
2008,1,18,8,30,10.200000000000001,0,0,0,0,0,0,80.15
2008,1,18,9,30,10.100000000000001,0,0,0,0,0,0,79.89
2008,1,18,10,30,10,0,0,0,0,0,0,79.8
2008,1,18,11,30,9.8,0,0,0,0,0,0,80.2
2008,1,18,12,30,9.8,0,0,0,0,0,0,79.42
2008,1,18,13,30,10.9,0,0,0,0,0,0,73.2
2008,1,18,14,30,13.3,45,182,666,6,71,72,64.69
2008,1,18,15,30,15.9,64,410,855,74,239,269,49.36
2008,1,18,16,30,18,76,609,935,49,302,330,36.47
2008,1,18,17,30,19.3,83,755,979,159,412,521,28.57
2008,1,18,18,30,19.900000000000002,83,832,999,999,83,832,26.04
2008,1,18,19,30,19.700000000000003,86,835,995,506,292,673,27.310000000000002
2008,1,18,20,30,18.900000000000002,87,761,969,400,290,568,30.13
2008,1,18,21,30,17.400000000000002,85,618,913,640,183,557,34.47
2008,1,18,22,30,15.3,77,420,809,509,152,368,40.97
2008,1,18,23,30,12.9,57,195,609,15,106,109,50.370000000000005
2008,1,19,0,30,11,0,0,0,0,0,0,59.93
2008,1,19,1,30,10,0,0,0,0,0,0,65.95
2008,1,19,2,30,9.600000000000001,0,0,0,0,0,0,69.27
2008,1,19,3,30,9.3,0,0,0,0,0,0,71.73
2008,1,19,4,30,9.200000000000001,0,0,0,0,0,0,71.89
2008,1,19,5,30,9,0,0,0,0,0,0,72.11
2008,1,19,6,30,8.700000000000001,0,0,0,0,0,0,72.89
2008,1,19,7,30,8.3,0,0,0,0,0,0,74.7
2008,1,19,8,30,7.9,0,0,0,0,0,0,77.05
2008,1,19,9,30,7.6000000000000005,0,0,0,0,0,0,79.06
2008,1,19,10,30,7.4,0,0,0,0,0,0,80.84
2008,1,19,11,30,7.2,0,0,0,0,0,0,82.02
2008,1,19,12,30,6.9,0,0,0,0,0,0,83.58
2008,1,19,13,30,8.200000000000001,0,0,0,0,0,0,77.54
2008,1,19,14,30,11.100000000000001,43,181,668,211,103,146,65.54
2008,1,19,15,30,14.9,62,409,855,430,152,327,50.95
2008,1,19,16,30,18.6,71,609,941,636,162,525,38.52
2008,1,19,17,30,20.900000000000002,74,755,988,988,74,755,33.38
2008,1,19,18,30,21.900000000000002,76,834,1009,1009,76,834,31.61
2008,1,19,19,30,22.1,75,838,1011,555,330,749,31.09
2008,1,19,20,30,22,73,768,995,17,340,351,30.92
2008,1,19,21,30,21.6,66,629,960,322,310,499,31.560000000000002
2008,1,19,22,30,20.700000000000003,58,435,885,0,99,99,33.6
2008,1,19,23,30,18.5,43,208,715,0,66,66,43.06
2008,1,20,0,30,16.7,0,0,0,0,0,0,51.4
2008,1,20,1,30,16.1,0,0,0,0,0,0,52.160000000000004
2008,1,20,2,30,15.600000000000001,0,0,0,0,0,0,52.370000000000005
2008,1,20,3,30,15,0,0,0,0,0,0,52.7
2008,1,20,4,30,14.3,0,0,0,0,0,0,54.28
2008,1,20,5,30,13.4,0,0,0,0,0,0,57.03
2008,1,20,6,30,12.200000000000001,0,0,0,0,0,0,61.39
2008,1,20,7,30,10.9,0,0,0,0,0,0,66.86
2008,1,20,8,30,9.8,0,0,0,0,0,0,71.79
2008,1,20,9,30,8.6,0,0,0,0,0,0,77.4
2008,1,20,10,30,7.5,0,0,0,0,0,0,82.47
2008,1,20,11,30,6.800000000000001,0,0,0,0,0,0,85.56
2008,1,20,12,30,6.5,0,0,0,0,0,0,87.19
2008,1,20,13,30,8.200000000000001,0,0,0,0,0,0,78.19
2008,1,20,14,30,12.100000000000001,43,183,676,676,43,183,62.65
2008,1,20,15,30,16.8,58,413,871,356,174,319,48.43
2008,1,20,16,30,20.200000000000003,67,612,951,330,251,440,40.11
2008,1,20,17,30,21.8,72,758,993,315,338,556,35.59
2008,1,20,18,30,22.6,75,835,1008,441,304,636,33.410000000000004
2008,1,20,19,30,22.900000000000002,76,839,1007,485,302,669,32.76
2008,1,20,20,30,22.6,76,769,987,184,352,481,33.55
2008,1,20,21,30,21.5,78,626,928,43,268,293,36.2
2008,1,20,22,30,19.900000000000002,70,431,840,1,83,83,40.77
2008,1,20,23,30,17.400000000000002,50,206,668,551,37,165,51.25
2008,1,21,0,30,15,0,0,0,0,0,0,63.18
2008,1,21,1,30,13.9,0,0,0,0,0,0,67.49
2008,1,21,2,30,13.3,0,0,0,0,0,0,71.46000000000001
2008,1,21,3,30,12.8,0,0,0,0,0,0,74.54
2008,1,21,4,30,12.700000000000001,0,0,0,0,0,0,75.33
2008,1,21,5,30,12.4,0,0,0,0,0,0,76.71000000000001
2008,1,21,6,30,11.9,0,0,0,0,0,0,78.5
2008,1,21,7,30,11.5,0,0,0,0,0,0,79.59
2008,1,21,8,30,11.3,0,0,0,0,0,0,79.57000000000001
2008,1,21,9,30,11.200000000000001,0,0,0,0,0,0,79.38
2008,1,21,10,30,11.100000000000001,0,0,0,0,0,0,79.71000000000001
2008,1,21,11,30,10.700000000000001,0,0,0,0,0,0,81.84
2008,1,21,12,30,10.3,0,0,0,0,0,0,83.81
2008,1,21,13,30,11.700000000000001,0,0,0,0,0,0,76.25
2008,1,21,14,30,15.600000000000001,43,183,676,676,43,183,61.22
2008,1,21,15,30,19.5,59,414,869,869,59,414,44.74
2008,1,21,16,30,22.200000000000003,67,615,954,954,67,615,32.83
2008,1,21,17,30,23.6,72,762,997,997,72,762,28.6
2008,1,21,18,30,24.6,74,842,1016,1016,74,842,26.36
2008,1,21,19,30,25.1,73,847,1018,1018,73,847,25.3
2008,1,21,20,30,25.1,71,777,1003,1003,71,777,25.39
2008,1,21,21,30,24.700000000000003,66,638,964,964,66,638,26.09
2008,1,21,22,30,23.3,59,443,888,888,59,443,28.23
2008,1,21,23,30,20.1,44,214,723,1,77,77,38.42
2008,1,22,0,30,17.1,11,14,200,200,11,14,51.050000000000004
2008,1,22,1,30,15.9,0,0,0,0,0,0,52.07
2008,1,22,2,30,15.100000000000001,0,0,0,0,0,0,52.730000000000004
2008,1,22,3,30,14.200000000000001,0,0,0,0,0,0,53.59
2008,1,22,4,30,13.100000000000001,0,0,0,0,0,0,56.67
2008,1,22,5,30,12.200000000000001,0,0,0,0,0,0,59.77
2008,1,22,6,30,11.4,0,0,0,0,0,0,62.940000000000005
2008,1,22,7,30,10.9,0,0,0,0,0,0,64.68
2008,1,22,8,30,10.4,0,0,0,0,0,0,66.22
2008,1,22,9,30,10.200000000000001,0,0,0,0,0,0,66.97
2008,1,22,10,30,10,0,0,0,0,0,0,68.25
2008,1,22,11,30,9.700000000000001,0,0,0,0,0,0,69.63
2008,1,22,12,30,9.3,0,0,0,0,0,0,71.37
2008,1,22,13,30,10.9,0,0,0,0,0,0,64.16
2008,1,22,14,30,14.600000000000001,41,186,694,694,41,186,51.300000000000004
2008,1,22,15,30,18.7,58,418,879,879,58,418,39.32
2008,1,22,16,30,21.700000000000003,69,618,954,954,69,618,31.01
2008,1,22,17,30,23,76,765,993,776,167,706,28.78
2008,1,22,18,30,23.700000000000003,80,845,1009,482,284,650,27.490000000000002
2008,1,22,19,30,24.1,81,850,1009,1009,81,850,26.580000000000002
2008,1,22,20,30,24.1,79,780,992,469,291,623,26.3
2008,1,22,21,30,23.700000000000003,77,640,946,140,278,361,26.73
2008,1,22,22,30,22.200000000000003,67,444,866,106,231,277,30.6
2008,1,22,23,30,19.6,50,215,692,0,4,4,47.79
2008,1,23,0,30,17.5,12,15,165,0,6,6,50.42
2008,1,23,1,30,16.400000000000002,0,0,0,0,0,0,51.49
2008,1,23,2,30,15.5,0,0,0,0,0,0,52.53
2008,1,23,3,30,14.9,0,0,0,0,0,0,52.83
2008,1,23,4,30,14.4,0,0,0,0,0,0,53.52
2008,1,23,5,30,14,0,0,0,0,0,0,54.550000000000004
2008,1,23,6,30,13.5,0,0,0,0,0,0,56.160000000000004
2008,1,23,7,30,12.9,0,0,0,0,0,0,58.050000000000004
2008,1,23,8,30,12.100000000000001,0,0,0,0,0,0,61
2008,1,23,9,30,11.5,0,0,0,0,0,0,63.75
2008,1,23,10,30,11.100000000000001,0,0,0,0,0,0,66.34
2008,1,23,11,30,10.5,0,0,0,0,0,0,69.61
2008,1,23,12,30,10.100000000000001,0,0,0,0,0,0,71.24
2008,1,23,13,30,12.100000000000001,0,0,0,0,0,0,63.01
2008,1,23,14,30,16,44,184,671,671,44,184,50.39
2008,1,23,15,30,20.200000000000003,62,417,865,865,62,417,38.82
2008,1,23,16,30,23.700000000000003,72,620,950,950,72,620,30.330000000000002
2008,1,23,17,30,25.900000000000002,79,771,994,994,79,771,26.05
2008,1,23,18,30,27.200000000000003,82,852,1012,1012,82,852,23.59
2008,1,23,19,30,27.900000000000002,83,857,1012,1012,83,857,21.91
2008,1,23,20,30,28,82,787,994,994,82,787,21.06
2008,1,23,21,30,27.6,76,645,950,950,76,645,21.16
2008,1,23,22,30,26,67,448,871,871,67,448,23.66
2008,1,23,23,30,22.5,50,218,698,698,50,218,36.02
2008,1,24,0,30,19.1,12,16,175,175,12,16,48.980000000000004
2008,1,24,1,30,17.3,0,0,0,0,0,0,54.33
2008,1,24,2,30,16.1,0,0,0,0,0,0,60.21
2008,1,24,3,30,15.5,0,0,0,0,0,0,64
2008,1,24,4,30,15.3,0,0,0,0,0,0,64.32000000000001
2008,1,24,5,30,15.3,0,0,0,0,0,0,63.370000000000005
2008,1,24,6,30,15.100000000000001,0,0,0,0,0,0,62.93
2008,1,24,7,30,14.5,0,0,0,0,0,0,64.22
2008,1,24,8,30,13.9,0,0,0,0,0,0,65.99
2008,1,24,9,30,13.5,0,0,0,0,0,0,67.33
2008,1,24,10,30,13.200000000000001,0,0,0,0,0,0,68.60000000000001
2008,1,24,11,30,13.100000000000001,0,0,0,0,0,0,69.68
2008,1,24,12,30,13,0,0,0,0,0,0,71.56
2008,1,24,13,30,14.3,0,0,0,0,0,0,67.67
2008,1,24,14,30,17.900000000000002,52,175,584,584,52,175,57.33
2008,1,24,15,30,21.5,77,402,789,789,77,402,44.13
2008,1,24,16,30,23.8,90,601,881,881,90,601,39.09
2008,1,24,17,30,24.900000000000002,100,747,927,927,100,747,37.83
2008,1,24,18,30,25.5,108,827,942,942,108,827,37.58
2008,1,24,19,30,25.6,111,829,935,935,111,829,37.9
2008,1,24,20,30,25.400000000000002,110,760,911,911,110,760,38.65
2008,1,24,21,30,24.8,116,617,833,833,116,617,39.92
2008,1,24,22,30,23.8,99,425,738,0,18,18,42.07
2008,1,24,23,30,21.1,72,203,540,540,72,203,50.65
2008,1,25,0,30,18.400000000000002,13,15,70,70,13,15,63.550000000000004
2008,1,25,1,30,16.900000000000002,0,0,0,0,0,0,70.03
2008,1,25,2,30,15.9,0,0,0,0,0,0,76.43
2008,1,25,3,30,15,0,0,0,0,0,0,82.14
2008,1,25,4,30,14.3,0,0,0,0,0,0,85.2
2008,1,25,5,30,13.8,0,0,0,0,0,0,84.91
2008,1,25,6,30,13.5,0,0,0,0,0,0,82.07000000000001
2008,1,25,7,30,13.200000000000001,0,0,0,0,0,0,78.95
2008,1,25,8,30,12.8,0,0,0,0,0,0,76.75
2008,1,25,9,30,12.4,0,0,0,0,0,0,75.3
2008,1,25,10,30,12.100000000000001,0,0,0,0,0,0,75.32000000000001
2008,1,25,11,30,11.9,0,0,0,0,0,0,76.85000000000001
2008,1,25,12,30,11.9,0,0,0,0,0,0,78.24
2008,1,25,13,30,13.700000000000001,0,0,0,0,0,0,71.5
2008,1,25,14,30,17.7,65,171,499,499,65,171,58.44
2008,1,25,15,30,21.6,97,396,724,466,164,357,40.39
2008,1,25,16,30,24.200000000000003,116,596,827,537,191,503,34.14
2008,1,25,17,30,25.5,128,743,877,632,231,674,32.74
2008,1,25,18,30,26.3,116,832,935,647,255,750,31.650000000000002
2008,1,25,19,30,26.700000000000003,120,836,929,409,404,719,30.990000000000002
2008,1,25,20,30,26.700000000000003,122,763,895,895,122,763,30.93
2008,1,25,21,30,26.3,120,623,831,2,142,144,31.46
2008,1,25,22,30,25.1,115,423,695,84,228,265,33.67
2008,1,25,23,30,23,86,198,458,2,109,109,41.65
2008,1,26,0,30,21.1,13,14,33,33,13,14,51.34
2008,1,26,1,30,19.8,0,0,0,0,0,0,56.26
2008,1,26,2,30,18.5,0,0,0,0,0,0,62.59
2008,1,26,3,30,17.5,0,0,0,0,0,0,67.04
2008,1,26,4,30,16.7,0,0,0,0,0,0,69.73
2008,1,26,5,30,15.9,0,0,0,0,0,0,72.27
2008,1,26,6,30,15.3,0,0,0,0,0,0,73.12
2008,1,26,7,30,14.600000000000001,0,0,0,0,0,0,74.21000000000001
2008,1,26,8,30,13.9,0,0,0,0,0,0,75.25
2008,1,26,9,30,13.3,0,0,0,0,0,0,76.44
2008,1,26,10,30,12.700000000000001,0,0,0,0,0,0,79.44
2008,1,26,11,30,12,0,0,0,0,0,0,84.26
2008,1,26,12,30,11.600000000000001,0,0,0,0,0,0,87.60000000000001
2008,1,26,13,30,13.200000000000001,0,0,0,0,0,0,80.44
2008,1,26,14,30,16.8,65,170,494,0,70,70,65.65
2008,1,26,15,30,20.6,96,396,722,722,96,396,52.870000000000005
2008,1,26,16,30,23.400000000000002,112,596,830,830,112,596,44.26
2008,1,26,17,30,25,122,745,885,516,259,622,40.160000000000004
2008,1,26,18,30,25.900000000000002,151,816,865,301,446,677,37.09
2008,1,26,19,30,26.200000000000003,158,820,857,287,455,677,34.57
2008,1,26,20,30,26.200000000000003,154,751,830,423,380,684,32.79
2008,1,26,21,30,25.900000000000002,140,615,783,783,140,615,32.28
2008,1,26,22,30,24.8,122,423,673,461,204,410,33.58
2008,1,26,23,30,22.6,84,204,480,480,84,204,40.6
2008,1,27,0,30,20.400000000000002,14,16,59,0,13,13,51.28
2008,1,27,1,30,19.1,0,0,0,0,0,0,55.92
2008,1,27,2,30,18,0,0,0,0,0,0,60.57
2008,1,27,3,30,17,0,0,0,0,0,0,64.77
2008,1,27,4,30,16.1,0,0,0,0,0,0,69
2008,1,27,5,30,15.200000000000001,0,0,0,0,0,0,71.91
2008,1,27,6,30,14.3,0,0,0,0,0,0,74.05
2008,1,27,7,30,13.5,0,0,0,0,0,0,75.56
2008,1,27,8,30,12.8,0,0,0,0,0,0,76.39
2008,1,27,9,30,12.200000000000001,0,0,0,0,0,0,76.42
2008,1,27,10,30,11.700000000000001,0,0,0,0,0,0,76.48
2008,1,27,11,30,11.100000000000001,0,0,0,0,0,0,78.66
2008,1,27,12,30,10.700000000000001,0,0,0,0,0,0,80.88
2008,1,27,13,30,12.100000000000001,0,0,0,0,0,0,74.57000000000001
2008,1,27,14,30,15.600000000000001,61,177,544,544,61,177,60.06
2008,1,27,15,30,19.5,86,409,774,774,86,409,47.46
2008,1,27,16,30,22.700000000000003,98,615,885,885,98,615,38.35
2008,1,27,17,30,24.8,104,767,941,941,104,767,32.05
2008,1,27,18,30,25.900000000000002,105,851,968,968,105,851,29.29
2008,1,27,19,30,26.400000000000002,107,857,966,966,107,857,28.580000000000002
2008,1,27,20,30,26.5,105,785,942,942,105,785,27.92
2008,1,27,21,30,26,101,645,891,891,101,645,28.19
2008,1,27,22,30,24.700000000000003,93,446,784,784,93,446,30.32
2008,1,27,23,30,22.400000000000002,71,217,580,580,71,217,38.33
2008,1,28,0,30,20.1,16,19,97,0,11,11,49.980000000000004
2008,1,28,1,30,18.5,0,0,0,0,0,0,54.14
2008,1,28,2,30,17.1,0,0,0,0,0,0,61.24
2008,1,28,3,30,15.8,0,0,0,0,0,0,69.76
2008,1,28,4,30,14.700000000000001,0,0,0,0,0,0,77.76
2008,1,28,5,30,14,0,0,0,0,0,0,83.25
2008,1,28,6,30,13.5,0,0,0,0,0,0,86.10000000000001
2008,1,28,7,30,13.200000000000001,0,0,0,0,0,0,86.69
2008,1,28,8,30,13,0,0,0,0,0,0,86.66
2008,1,28,9,30,12.8,0,0,0,0,0,0,86.64
2008,1,28,10,30,12.700000000000001,0,0,0,0,0,0,86.19
2008,1,28,11,30,12.5,0,0,0,0,0,0,86.49
2008,1,28,12,30,12.4,0,0,0,0,0,0,86.35000000000001
2008,1,28,13,30,13.9,0,0,0,0,0,0,78.17
2008,1,28,14,30,17.8,60,179,552,552,60,179,61.5
2008,1,28,15,30,21.700000000000003,85,410,778,778,85,410,43.35
2008,1,28,16,30,24.1,97,617,885,356,311,519,35.96
2008,1,28,17,30,25.6,104,768,937,609,230,662,32.660000000000004
2008,1,28,18,30,26.6,100,854,975,690,241,774,30.96
2008,1,28,19,30,27,101,861,976,976,101,861,29.89
2008,1,28,20,30,27,99,789,953,953,99,789,29.43
2008,1,28,21,30,26.5,98,649,897,897,98,649,29.93
2008,1,28,22,30,25.1,92,448,788,788,92,448,32.38
2008,1,28,23,30,22.5,71,218,579,579,71,218,39.410000000000004
2008,1,29,0,30,19.700000000000003,16,20,97,0,10,10,51.69
2008,1,29,1,30,17.900000000000002,0,0,0,0,0,0,59.35
2008,1,29,2,30,16.400000000000002,0,0,0,0,0,0,67.83
2008,1,29,3,30,15.200000000000001,0,0,0,0,0,0,74.13
2008,1,29,4,30,14.3,0,0,0,0,0,0,77.62
2008,1,29,5,30,13.600000000000001,0,0,0,0,0,0,79.10000000000001
2008,1,29,6,30,13,0,0,0,0,0,0,79.75
2008,1,29,7,30,12.200000000000001,0,0,0,0,0,0,81.82000000000001
2008,1,29,8,30,11.5,0,0,0,0,0,0,83.82000000000001
2008,1,29,9,30,10.9,0,0,0,0,0,0,86.24
2008,1,29,10,30,10.5,0,0,0,0,0,0,88.34
2008,1,29,11,30,10.3,0,0,0,0,0,0,89.31
2008,1,29,12,30,10.3,0,0,0,0,0,0,88.79
2008,1,29,13,30,12.200000000000001,0,0,0,0,0,0,78.04
2008,1,29,14,30,16.3,45,197,700,700,45,197,60.09
2008,1,29,15,30,20.1,61,436,892,892,61,436,39.800000000000004
2008,1,29,16,30,22.5,71,645,975,975,71,645,31.220000000000002
2008,1,29,17,30,23.900000000000002,76,799,1016,1016,76,799,28.02
2008,1,29,18,30,24.8,79,879,1031,1031,79,879,25.85
2008,1,29,19,30,25.200000000000003,79,887,1033,771,207,811,24.71
2008,1,29,20,30,25.1,76,815,1015,411,377,676,24.47
2008,1,29,21,30,24.400000000000002,72,674,977,977,72,674,25.46
2008,1,29,22,30,23.1,62,476,908,908,62,476,27.95
2008,1,29,23,30,20.700000000000003,47,242,755,179,139,185,37.9
2008,1,30,0,30,18.7,15,25,277,0,14,14,46.82
2008,1,30,1,30,17.900000000000002,0,0,0,0,0,0,47.45
2008,1,30,2,30,17.2,0,0,0,0,0,0,49.5
2008,1,30,3,30,16.5,0,0,0,0,0,0,51.7
2008,1,30,4,30,15.9,0,0,0,0,0,0,53.45
2008,1,30,5,30,15.3,0,0,0,0,0,0,55.28
2008,1,30,6,30,14.8,0,0,0,0,0,0,56.7
2008,1,30,7,30,14.3,0,0,0,0,0,0,57.730000000000004
2008,1,30,8,30,13.700000000000001,0,0,0,0,0,0,59.17
2008,1,30,9,30,13.3,0,0,0,0,0,0,60.65
2008,1,30,10,30,12.9,0,0,0,0,0,0,62.45
2008,1,30,11,30,12.700000000000001,0,0,0,0,0,0,63.59
2008,1,30,12,30,12.8,0,0,0,0,0,0,63.59
2008,1,30,13,30,13.8,0,0,0,0,0,0,60.26
2008,1,30,14,30,16.8,44,195,696,696,44,195,51.67
2008,1,30,15,30,20.400000000000002,61,433,882,882,61,433,39.22
2008,1,30,16,30,22.8,71,640,963,963,71,640,33.43
2008,1,30,17,30,24.1,78,789,997,997,78,789,31.26
2008,1,30,18,30,24.5,82,872,1014,1014,82,872,30.95
2008,1,30,19,30,24.200000000000003,84,877,1010,1010,84,877,32.03
2008,1,30,20,30,23.8,83,808,992,992,83,808,33.51
2008,1,30,21,30,23.1,76,667,955,955,76,667,35.78
2008,1,30,22,30,21.900000000000002,67,471,880,113,272,324,39.52
2008,1,30,23,30,19.700000000000003,52,238,718,718,52,238,47.93
2008,1,31,0,30,17.5,17,26,234,234,17,26,59.4
2008,1,31,1,30,15.8,0,0,0,0,0,0,68.78
2008,1,31,2,30,14.3,0,0,0,0,0,0,78.96000000000001
2008,1,31,3,30,13.4,0,0,0,0,0,0,86.60000000000001
2008,1,31,4,30,12.9,0,0,0,0,0,0,91.61
2008,1,31,5,30,12.5,0,0,0,0,0,0,95.24
2008,1,31,6,30,12.100000000000001,0,0,0,0,0,0,98.29
2008,1,31,7,30,11.600000000000001,0,0,0,0,0,0,100
2008,1,31,8,30,11.3,0,0,0,0,0,0,100
2008,1,31,9,30,11.100000000000001,0,0,0,0,0,0,100
2008,1,31,10,30,11,0,0,0,0,0,0,100
2008,1,31,11,30,10.700000000000001,0,0,0,0,0,0,100
2008,1,31,12,30,10.5,0,0,0,0,0,0,100
2008,1,31,13,30,12,0,0,0,0,0,0,91.64
2008,1,31,14,30,15.700000000000001,45,197,696,696,45,197,71.25
2008,1,31,15,30,19.700000000000003,57,437,895,895,57,437,50.57
2008,1,31,16,30,22.6,65,644,976,976,65,644,37.230000000000004
2008,1,31,17,30,24.3,70,797,1017,1017,70,797,31.330000000000002
2008,1,31,18,30,25.400000000000002,74,881,1032,1032,74,881,27.7
2008,1,31,19,30,25.900000000000002,74,886,1030,1030,74,886,26.400000000000002
2008,1,31,20,30,26,72,818,1016,1016,72,818,25.88
2008,1,31,21,30,25.5,70,678,977,977,70,678,26.39
2008,1,31,22,30,24.3,62,478,901,901,62,478,28.47
2008,1,31,23,30,21.200000000000003,48,244,747,747,48,244,35.980000000000004
2008,2,1,0,30,17.900000000000002,16,28,285,285,16,28,50.14
2008,2,1,1,30,16.1,0,0,0,0,0,0,58.230000000000004
2008,2,1,2,30,14.8,0,0,0,0,0,0,68.64
2008,2,1,3,30,13.9,0,0,0,0,0,0,78.51
2008,2,1,4,30,13.4,0,0,0,0,0,0,84.88
2008,2,1,5,30,13.200000000000001,0,0,0,0,0,0,87.69
2008,2,1,6,30,13.200000000000001,0,0,0,0,0,0,87.85000000000001
2008,2,1,7,30,12.9,0,0,0,0,0,0,88.36
2008,2,1,8,30,11.9,0,0,0,0,0,0,92.01
2008,2,1,9,30,10.8,0,0,0,0,0,0,95.65
2008,2,1,10,30,10.200000000000001,0,0,0,0,0,0,95.22
2008,2,1,11,30,9.600000000000001,0,0,0,0,0,0,93.54
2008,2,1,12,30,9.4,0,0,0,0,0,0,88.94
2008,2,1,13,30,11.3,0,0,0,0,0,0,74.89
2008,2,1,14,30,15.3,49,196,668,668,49,196,57.2
2008,2,1,15,30,19.400000000000002,67,436,866,866,67,436,45.74
2008,2,1,16,30,22.200000000000003,77,646,954,954,77,646,38.68
2008,2,1,17,30,23.700000000000003,82,800,999,999,82,800,33.74
2008,2,1,18,30,24.6,81,886,1025,1025,81,886,30.41
2008,2,1,19,30,25.1,81,894,1027,1027,81,894,28.38
2008,2,1,20,30,25,79,825,1012,1012,79,825,27.72
2008,2,1,21,30,24.5,72,685,979,979,72,685,27.98
2008,2,1,22,30,23.200000000000003,64,486,909,909,64,486,30.03
2008,2,1,23,30,20.200000000000003,49,250,758,758,49,250,37.37
2008,2,2,0,30,16.900000000000002,17,30,297,297,17,30,51.59
2008,2,2,1,30,15.200000000000001,0,0,0,0,0,0,60.09
2008,2,2,2,30,14.3,0,0,0,0,0,0,67.26
2008,2,2,3,30,13.600000000000001,0,0,0,0,0,0,73.43
2008,2,2,4,30,13.200000000000001,0,0,0,0,0,0,76.72
2008,2,2,5,30,13,0,0,0,0,0,0,77.79
2008,2,2,6,30,12.700000000000001,0,0,0,0,0,0,78.76
2008,2,2,7,30,12.3,0,0,0,0,0,0,79.7
2008,2,2,8,30,11.9,0,0,0,0,0,0,80.61
2008,2,2,9,30,11.3,0,0,0,0,0,0,82.83
2008,2,2,10,30,10.600000000000001,0,0,0,0,0,0,86.05
2008,2,2,11,30,10,0,0,0,0,0,0,89.4
2008,2,2,12,30,9.600000000000001,0,0,0,0,0,0,92.12
2008,2,2,13,30,11.8,0,0,0,0,0,0,80.06
2008,2,2,14,30,16.2,48,199,682,682,48,199,61.54
2008,2,2,15,30,20.400000000000002,66,441,878,878,66,441,41.65
2008,2,2,16,30,23,75,651,963,963,75,651,29.84
2008,2,2,17,30,24.5,81,806,1006,1006,81,806,26.29
2008,2,2,18,30,25.5,82,892,1029,1029,82,892,24.310000000000002
2008,2,2,19,30,26,82,900,1030,1030,82,900,23.18
2008,2,2,20,30,26.1,80,831,1015,1015,80,831,22.86
2008,2,2,21,30,25.6,76,690,976,976,76,690,23.6
2008,2,2,22,30,24.3,67,488,900,900,67,488,25.18
2008,2,2,23,30,21,52,251,744,744,52,251,32.11
2008,2,3,0,30,17.400000000000002,18,31,281,281,18,31,47.08
2008,2,3,1,30,15.700000000000001,0,0,0,0,0,0,52.08
2008,2,3,2,30,14.600000000000001,0,0,0,0,0,0,56.47
2008,2,3,3,30,13.700000000000001,0,0,0,0,0,0,59.82
2008,2,3,4,30,12.8,0,0,0,0,0,0,62.74
2008,2,3,5,30,12,0,0,0,0,0,0,65.4
2008,2,3,6,30,11.3,0,0,0,0,0,0,67.94
2008,2,3,7,30,10.8,0,0,0,0,0,0,70.39
2008,2,3,8,30,10.3,0,0,0,0,0,0,73.19
2008,2,3,9,30,9.8,0,0,0,0,0,0,76.26
2008,2,3,10,30,9.3,0,0,0,0,0,0,79.79
2008,2,3,11,30,9,0,0,0,0,0,0,82.06
2008,2,3,12,30,9,0,0,0,0,0,0,82.28
2008,2,3,13,30,11.200000000000001,0,0,0,0,0,0,71.4
2008,2,3,14,30,15.600000000000001,52,200,664,664,52,200,53.75
2008,2,3,15,30,19.5,72,442,860,860,72,442,37.67
2008,2,3,16,30,22.3,84,653,948,948,84,653,29.91
2008,2,3,17,30,24.3,92,808,990,990,92,808,24.57
2008,2,3,18,30,25.700000000000003,94,894,1011,1011,94,894,21.05
2008,2,3,19,30,26.400000000000002,95,902,1012,1012,95,902,19.37
2008,2,3,20,30,26.5,93,833,995,995,93,833,18.89
2008,2,3,21,30,26.1,87,692,958,958,87,692,19.07
2008,2,3,22,30,24.8,76,491,881,881,76,491,20.330000000000002
2008,2,3,23,30,21.5,58,253,721,721,58,253,28.150000000000002
2008,2,4,0,30,18.1,19,32,259,259,19,32,42.01
2008,2,4,1,30,16.400000000000002,0,0,0,0,0,0,44.39
2008,2,4,2,30,15.3,0,0,0,0,0,0,47.26
2008,2,4,3,30,14.3,0,0,0,0,0,0,50.1
2008,2,4,4,30,13.3,0,0,0,0,0,0,53.410000000000004
2008,2,4,5,30,12.5,0,0,0,0,0,0,56.47
2008,2,4,6,30,11.8,0,0,0,0,0,0,59.22
2008,2,4,7,30,11.200000000000001,0,0,0,0,0,0,61.44
2008,2,4,8,30,10.700000000000001,0,0,0,0,0,0,63.45
2008,2,4,9,30,10.200000000000001,0,0,0,0,0,0,65.47
2008,2,4,10,30,9.700000000000001,0,0,0,0,0,0,67.47
2008,2,4,11,30,9.200000000000001,0,0,0,0,0,0,69.4
2008,2,4,12,30,9,0,0,0,0,0,0,69.99
2008,2,4,13,30,11.100000000000001,0,0,0,0,0,0,61.230000000000004
2008,2,4,14,30,15.700000000000001,48,205,693,693,48,205,46.160000000000004
2008,2,4,15,30,20.3,66,448,883,883,66,448,29.93
2008,2,4,16,30,23.200000000000003,77,659,966,966,77,659,23.52
2008,2,4,17,30,24.6,83,815,1008,1008,83,815,22.09
2008,2,4,18,30,25.400000000000002,85,898,1025,1025,85,898,21.34
2008,2,4,19,30,25.8,86,907,1025,1025,86,907,20.93
2008,2,4,20,30,25.700000000000003,84,837,1010,1010,84,837,21.150000000000002
2008,2,4,21,30,25,77,694,973,973,77,694,22
2008,2,4,22,30,23.700000000000003,68,494,901,901,68,494,23.88
2008,2,4,23,30,20.400000000000002,53,257,748,748,53,257,30.69
2008,2,5,0,30,16.900000000000002,19,34,301,301,19,34,44.39
2008,2,5,1,30,15.200000000000001,0,0,0,0,0,0,50.79
2008,2,5,2,30,14.100000000000001,0,0,0,0,0,0,56.21
2008,2,5,3,30,13,0,0,0,0,0,0,62.230000000000004
2008,2,5,4,30,12.100000000000001,0,0,0,0,0,0,66.72
2008,2,5,5,30,11.600000000000001,0,0,0,0,0,0,68.71000000000001
2008,2,5,6,30,11.3,0,0,0,0,0,0,68.86
2008,2,5,7,30,11,0,0,0,0,0,0,69
2008,2,5,8,30,10.8,0,0,0,0,0,0,69
2008,2,5,9,30,10.5,0,0,0,0,0,0,69.73
2008,2,5,10,30,10.200000000000001,0,0,0,0,0,0,70.67
2008,2,5,11,30,10,0,0,0,0,0,0,71.33
2008,2,5,12,30,10,0,0,0,0,0,0,71.18
2008,2,5,13,30,11.9,0,0,0,0,0,0,63.07
2008,2,5,14,30,16,42,211,743,743,42,211,49.65
2008,2,5,15,30,20,56,455,918,918,56,455,31.8
2008,2,5,16,30,22.6,64,666,994,994,64,666,23.06
2008,2,5,17,30,24.1,69,822,1032,1032,69,822,20.73
2008,2,5,18,30,25,72,905,1045,1045,72,905,19.52
2008,2,5,19,30,25.400000000000002,73,913,1045,1045,73,913,18.93
2008,2,5,20,30,25.200000000000003,72,844,1031,1031,72,844,19.1
2008,2,5,21,30,24.5,68,703,997,997,68,703,20
2008,2,5,22,30,23.1,61,503,929,929,61,503,22.07
2008,2,5,23,30,19.900000000000002,47,264,787,787,47,264,28.77
2008,2,6,0,30,16.5,19,37,354,354,19,37,43.03
2008,2,6,1,30,14.9,0,0,0,0,0,0,49.38
2008,2,6,2,30,13.8,0,0,0,0,0,0,55.03
2008,2,6,3,30,12.8,0,0,0,0,0,0,60.32
2008,2,6,4,30,12.100000000000001,0,0,0,0,0,0,63.2
2008,2,6,5,30,11.700000000000001,0,0,0,0,0,0,64.2
2008,2,6,6,30,11.4,0,0,0,0,0,0,64.68
2008,2,6,7,30,11.100000000000001,0,0,0,0,0,0,65.41
2008,2,6,8,30,10.600000000000001,0,0,0,0,0,0,67.86
2008,2,6,9,30,10,0,0,0,0,0,0,71.43
2008,2,6,10,30,9.4,0,0,0,0,0,0,74.88
2008,2,6,11,30,8.9,0,0,0,0,0,0,77.28
2008,2,6,12,30,8.8,0,0,0,0,0,0,77.12
2008,2,6,13,30,10.9,0,0,0,0,0,0,66.7
2008,2,6,14,30,15,42,213,744,744,42,213,51.36
2008,2,6,15,30,19.1,57,457,915,915,57,457,36.730000000000004
2008,2,6,16,30,22.1,66,669,992,992,66,669,24.89
2008,2,6,17,30,23.8,72,825,1028,1028,72,825,21.54
2008,2,6,18,30,24.8,76,911,1043,1043,76,911,20.21
2008,2,6,19,30,25.1,77,920,1044,1044,77,920,19.92
2008,2,6,20,30,24.8,76,848,1026,1026,76,848,20.22
2008,2,6,21,30,23.900000000000002,71,706,992,992,71,706,21.23
2008,2,6,22,30,22.5,62,506,926,926,62,506,23.42
2008,2,6,23,30,19.5,49,267,783,783,49,267,29.88
2008,2,7,0,30,16.400000000000002,19,39,351,351,19,39,42.85
2008,2,7,1,30,15,0,0,0,0,0,0,48.78
2008,2,7,2,30,14.3,0,0,0,0,0,0,52.730000000000004
2008,2,7,3,30,13.600000000000001,0,0,0,0,0,0,56.050000000000004
2008,2,7,4,30,13,0,0,0,0,0,0,58.65
2008,2,7,5,30,12.700000000000001,0,0,0,0,0,0,59.620000000000005
2008,2,7,6,30,12.600000000000001,0,0,0,0,0,0,59.43
2008,2,7,7,30,12.700000000000001,0,0,0,0,0,0,58.46
2008,2,7,8,30,12.600000000000001,0,0,0,0,0,0,58.2
2008,2,7,9,30,12.4,0,0,0,0,0,0,58.31
2008,2,7,10,30,12,0,0,0,0,0,0,59.38
2008,2,7,11,30,11.600000000000001,0,0,0,0,0,0,60.800000000000004
2008,2,7,12,30,11.200000000000001,0,0,0,0,0,0,62.31
2008,2,7,13,30,12.200000000000001,0,0,0,0,0,0,58.72
2008,2,7,14,30,14.9,43,214,737,419,97,194,50.92
2008,2,7,15,30,18.2,58,458,909,273,236,356,37.19
2008,2,7,16,30,21.200000000000003,67,669,986,643,197,590,23.51
2008,2,7,17,30,23.200000000000003,72,825,1024,585,259,689,18.46
2008,2,7,18,30,24.5,77,911,1039,677,236,780,16.91
2008,2,7,19,30,25.3,77,920,1041,1041,77,920,16.330000000000002
2008,2,7,20,30,25.400000000000002,76,848,1022,439,316,647,16.45
2008,2,7,21,30,24.8,74,706,982,982,74,706,17.12
2008,2,7,22,30,23.400000000000002,67,506,910,910,67,506,18.37
2008,2,7,23,30,21.1,53,265,756,142,158,198,26.490000000000002
2008,2,8,0,30,19.1,21,39,318,4,26,26,37.04
2008,2,8,1,30,17.900000000000002,0,0,0,0,0,0,40.25
2008,2,8,2,30,17,0,0,0,0,0,0,44.19
2008,2,8,3,30,16,0,0,0,0,0,0,49.07
2008,2,8,4,30,15.200000000000001,0,0,0,0,0,0,53.800000000000004
2008,2,8,5,30,14.600000000000001,0,0,0,0,0,0,57.58
2008,2,8,6,30,14.100000000000001,0,0,0,0,0,0,59.6
2008,2,8,7,30,13.600000000000001,0,0,0,0,0,0,60.82
2008,2,8,8,30,13.3,0,0,0,0,0,0,60.84
2008,2,8,9,30,13.100000000000001,0,0,0,0,0,0,60
2008,2,8,10,30,12.8,0,0,0,0,0,0,59.19
2008,2,8,11,30,12.5,0,0,0,0,0,0,58.300000000000004
2008,2,8,12,30,12.4,0,0,0,0,0,0,57.06
2008,2,8,13,30,13.8,0,0,0,0,0,0,51.75
2008,2,8,14,30,17.5,47,210,695,695,47,210,42.56
2008,2,8,15,30,21,66,449,869,869,66,449,33.55
2008,2,8,16,30,23,77,658,947,947,77,658,29.41
2008,2,8,17,30,24.400000000000002,85,810,982,982,85,810,27.22
2008,2,8,18,30,25.3,84,897,1008,727,224,810,26.38
2008,2,8,19,30,25.700000000000003,87,904,1005,1005,87,904,26.38
2008,2,8,20,30,25.5,86,835,987,717,201,746,27.2
2008,2,8,21,30,24.8,79,694,951,642,205,621,28.86
2008,2,8,22,30,23.5,73,495,870,5,135,138,31.61
2008,2,8,23,30,20.900000000000002,58,259,709,54,140,156,38.58
2008,2,9,0,30,18.1,23,37,246,2,24,24,50.99
2008,2,9,1,30,16.5,0,0,0,0,0,0,59.15
2008,2,9,2,30,15.3,0,0,0,0,0,0,66.26
2008,2,9,3,30,14.3,0,0,0,0,0,0,72.22
2008,2,9,4,30,13.600000000000001,0,0,0,0,0,0,75.92
2008,2,9,5,30,13.100000000000001,0,0,0,0,0,0,77.77
2008,2,9,6,30,12.8,0,0,0,0,0,0,77.79
2008,2,9,7,30,12.5,0,0,0,0,0,0,77.48
2008,2,9,8,30,12.100000000000001,0,0,0,0,0,0,77.5
2008,2,9,9,30,11.700000000000001,0,0,0,0,0,0,77.44
2008,2,9,10,30,11.4,0,0,0,0,0,0,77.06
2008,2,9,11,30,10.8,0,0,0,0,0,0,77.84
2008,2,9,12,30,10.600000000000001,0,0,0,0,0,0,76.29
2008,2,9,13,30,12.8,0,0,0,0,0,0,65.34
2008,2,9,14,30,17.3,46,214,714,714,46,214,49.78
2008,2,9,15,30,21.5,63,457,889,889,63,457,35.96
2008,2,9,16,30,24.1,73,666,963,963,73,666,27.740000000000002
2008,2,9,17,30,25.6,78,822,1003,1003,78,822,24.650000000000002
2008,2,9,18,30,26.5,83,907,1019,1019,83,907,23.32
2008,2,9,19,30,26.900000000000002,83,916,1020,607,346,841,23.51
2008,2,9,20,30,26.900000000000002,82,847,1004,722,172,722,23.46
2008,2,9,21,30,26.400000000000002,83,702,953,703,179,635,23.95
2008,2,9,22,30,25.200000000000003,75,502,877,127,252,314,25.53
2008,2,9,23,30,22.400000000000002,60,264,713,611,12,187,30.27
2008,2,10,0,30,19.200000000000003,23,40,264,1,24,24,43.56
2008,2,10,1,30,17.400000000000002,0,0,0,0,0,0,49.35
2008,2,10,2,30,16.3,0,0,0,0,0,0,54.56
2008,2,10,3,30,15.700000000000001,0,0,0,0,0,0,58.51
2008,2,10,4,30,15.600000000000001,0,0,0,0,0,0,59.71
2008,2,10,5,30,15.5,0,0,0,0,0,0,60
2008,2,10,6,30,15.4,0,0,0,0,0,0,59.870000000000005
2008,2,10,7,30,14.9,0,0,0,0,0,0,60.910000000000004
2008,2,10,8,30,14.200000000000001,0,0,0,0,0,0,63.09
2008,2,10,9,30,13.4,0,0,0,0,0,0,65.92
2008,2,10,10,30,12.4,0,0,0,0,0,0,70.03
2008,2,10,11,30,11.3,0,0,0,0,0,0,75.52
2008,2,10,12,30,11,0,0,0,0,0,0,78.14
2008,2,10,13,30,13.200000000000001,0,0,0,0,0,0,69.9
2008,2,10,14,30,17.5,55,207,637,637,55,207,55
2008,2,10,15,30,21.5,78,445,823,823,78,445,40.52
2008,2,10,16,30,23.900000000000002,92,652,903,903,92,652,32.93
2008,2,10,17,30,25.3,103,805,943,943,103,805,29.57
2008,2,10,18,30,26,102,893,974,423,417,760,27.85
2008,2,10,19,30,26.1,109,898,962,28,419,441,27.310000000000002
2008,2,10,20,30,25.8,111,828,937,174,383,517,27.810000000000002
2008,2,10,21,30,25.1,113,685,875,216,337,477,29.13
2008,2,10,22,30,24,101,486,785,0,49,49,31.37
2008,2,10,23,30,21.700000000000003,76,254,616,410,131,249,37.13
2008,2,11,0,30,19.1,26,38,186,2,28,28,48.1
2008,2,11,1,30,17.400000000000002,0,0,0,0,0,0,54.2
2008,2,11,2,30,16.400000000000002,0,0,0,0,0,0,58.64
2008,2,11,3,30,15.600000000000001,0,0,0,0,0,0,62.72
2008,2,11,4,30,15,0,0,0,0,0,0,65.53
2008,2,11,5,30,14.4,0,0,0,0,0,0,67.79
2008,2,11,6,30,13.5,0,0,0,0,0,0,71.8
2008,2,11,7,30,12.8,0,0,0,0,0,0,76.13
2008,2,11,8,30,12.3,0,0,0,0,0,0,80.33
2008,2,11,9,30,11.8,0,0,0,0,0,0,84.51
2008,2,11,10,30,11.5,0,0,0,0,0,0,87.93
2008,2,11,11,30,11.100000000000001,0,0,0,0,0,0,91.65
2008,2,11,12,30,11.100000000000001,0,0,0,0,0,0,92.86
2008,2,11,13,30,13.100000000000001,0,0,0,0,0,0,82.64
2008,2,11,14,30,16.900000000000002,68,202,554,554,68,202,64.81
2008,2,11,15,30,20.200000000000003,92,443,782,782,92,443,50.13
2008,2,11,16,30,22.400000000000002,102,654,887,887,102,654,40.300000000000004
2008,2,11,17,30,23.900000000000002,112,809,933,933,112,809,33.160000000000004
2008,2,11,18,30,24.8,121,893,946,946,121,893,29.650000000000002
2008,2,11,19,30,25.3,122,902,948,231,494,684,28.150000000000002
2008,2,11,20,30,25.200000000000003,118,834,931,931,118,834,27.97
2008,2,11,21,30,24.700000000000003,121,689,867,867,121,689,28.35
2008,2,11,22,30,23.700000000000003,104,491,785,785,104,491,29.69
2008,2,11,23,30,21.3,77,258,620,620,77,258,34.74
2008,2,12,0,30,18.7,27,39,185,0,21,21,46.550000000000004
2008,2,12,1,30,17.2,0,0,0,0,0,0,52.08
2008,2,12,2,30,16.2,0,0,0,0,0,0,56.26
2008,2,12,3,30,15.4,0,0,0,0,0,0,60.42
2008,2,12,4,30,14.700000000000001,0,0,0,0,0,0,63.43
2008,2,12,5,30,13.9,0,0,0,0,0,0,66.02
2008,2,12,6,30,12.9,0,0,0,0,0,0,69.22
2008,2,12,7,30,12.100000000000001,0,0,0,0,0,0,72.29
2008,2,12,8,30,11.4,0,0,0,0,0,0,75.68
2008,2,12,9,30,10.9,0,0,0,0,0,0,78.67
2008,2,12,10,30,10.600000000000001,0,0,0,0,0,0,81.14
2008,2,12,11,30,10.4,0,0,0,0,0,0,83.03
2008,2,12,12,30,10.8,0,0,0,0,0,0,81.25
2008,2,12,13,30,13.100000000000001,0,0,0,0,0,0,70.67
2008,2,12,14,30,17.400000000000002,49,222,716,716,49,222,51.77
2008,2,12,15,30,20.8,66,468,889,889,66,468,32.37
2008,2,12,16,30,22.700000000000003,77,680,964,964,77,680,26.72
2008,2,12,17,30,23.900000000000002,85,834,999,999,85,834,24.53
2008,2,12,18,30,24.700000000000003,86,922,1020,1020,86,922,23.19
2008,2,12,19,30,25,88,930,1020,1020,88,930,22.55
2008,2,12,20,30,24.8,86,861,1005,325,356,607,22.52
2008,2,12,21,30,24.1,80,720,972,142,396,489,23.19
2008,2,12,22,30,22.700000000000003,71,518,902,595,162,457,25.16
2008,2,12,23,30,20,55,278,759,4,117,118,30.37
2008,2,13,0,30,17.2,23,47,349,4,31,31,40.65
2008,2,13,1,30,15.8,0,0,0,0,0,0,46.660000000000004
2008,2,13,2,30,15,0,0,0,0,0,0,50.52
2008,2,13,3,30,14.200000000000001,0,0,0,0,0,0,53.74
2008,2,13,4,30,13.600000000000001,0,0,0,0,0,0,55.45
2008,2,13,5,30,13.200000000000001,0,0,0,0,0,0,55.75
2008,2,13,6,30,12.8,0,0,0,0,0,0,55.6
2008,2,13,7,30,12.5,0,0,0,0,0,0,55.07
2008,2,13,8,30,12.4,0,0,0,0,0,0,53.75
2008,2,13,9,30,12.4,0,0,0,0,0,0,52.370000000000005
2008,2,13,10,30,12.200000000000001,0,0,0,0,0,0,52.22
2008,2,13,11,30,11.700000000000001,0,0,0,0,0,0,53.42
2008,2,13,12,30,11.4,0,0,0,0,0,0,54.01
2008,2,13,13,30,13.100000000000001,11,14,158,158,11,14,49.160000000000004
2008,2,13,14,30,16.900000000000002,50,225,713,118,138,167,37.85
2008,2,13,15,30,20.400000000000002,67,472,892,892,67,472,27.36
2008,2,13,16,30,22.700000000000003,75,687,973,973,75,687,24.41
2008,2,13,17,30,24.200000000000003,80,845,1015,1015,80,845,22.34
2008,2,13,18,30,25.200000000000003,81,932,1035,1035,81,932,20.47
2008,2,13,19,30,25.6,81,941,1037,1037,81,941,19.42
2008,2,13,20,30,25.6,78,872,1025,1025,78,872,18.77
2008,2,13,21,30,25.1,72,730,994,994,72,730,18.67
2008,2,13,22,30,23.900000000000002,64,528,932,932,64,528,19.5
2008,2,13,23,30,20.6,50,288,803,803,50,288,24.13
2008,2,14,0,30,16.900000000000002,22,50,410,410,22,50,37.22
2008,2,14,1,30,15,0,0,0,0,0,0,42.5
2008,2,14,2,30,13.9,0,0,0,0,0,0,45.72
2008,2,14,3,30,13,0,0,0,0,0,0,48.34
2008,2,14,4,30,12.100000000000001,0,0,0,0,0,0,50.82
2008,2,14,5,30,11.4,0,0,0,0,0,0,52.69
2008,2,14,6,30,10.9,0,0,0,0,0,0,54.370000000000005
2008,2,14,7,30,10.4,0,0,0,0,0,0,56.480000000000004
2008,2,14,8,30,10.3,0,0,0,0,0,0,57.11
2008,2,14,9,30,10.5,0,0,0,0,0,0,56.2
2008,2,14,10,30,10.8,0,0,0,0,0,0,54.5
2008,2,14,11,30,11.3,0,0,0,0,0,0,51.71
2008,2,14,12,30,11.700000000000001,0,0,0,0,0,0,49.620000000000005
2008,2,14,13,30,13,12,16,209,0,5,5,46.230000000000004
2008,2,14,14,30,16.2,47,233,749,749,47,233,40.300000000000004
2008,2,14,15,30,20,63,482,914,914,63,482,27.400000000000002
2008,2,14,16,30,22.5,72,694,985,985,72,694,21.46
2008,2,14,17,30,24,79,852,1022,1022,79,852,19.580000000000002
2008,2,14,18,30,24.900000000000002,81,940,1041,1041,81,940,18.82
2008,2,14,19,30,25.3,81,945,1038,1038,81,945,18.77
2008,2,14,20,30,25.3,80,876,1023,1023,80,876,19.14
2008,2,14,21,30,24.6,74,733,993,993,74,733,20.240000000000002
2008,2,14,22,30,23.3,65,530,928,928,65,530,22.12
2008,2,14,23,30,20.200000000000003,51,288,793,793,51,288,27.76
2008,2,15,0,30,16.7,22,52,412,412,22,52,39.97
2008,2,15,1,30,14.700000000000001,0,0,0,0,0,0,46.72
2008,2,15,2,30,13.700000000000001,0,0,0,0,0,0,49.99
2008,2,15,3,30,13.200000000000001,0,0,0,0,0,0,51.42
2008,2,15,4,30,13.100000000000001,0,0,0,0,0,0,51.35
2008,2,15,5,30,12.9,0,0,0,0,0,0,51.57
2008,2,15,6,30,12.5,0,0,0,0,0,0,52.410000000000004
2008,2,15,7,30,12.100000000000001,0,0,0,0,0,0,52.93
2008,2,15,8,30,11.600000000000001,0,0,0,0,0,0,53.54
2008,2,15,9,30,11,0,0,0,0,0,0,54.57
2008,2,15,10,30,10.3,0,0,0,0,0,0,56.42
2008,2,15,11,30,9.5,0,0,0,0,0,0,59.02
2008,2,15,12,30,9.200000000000001,0,0,0,0,0,0,59.94
2008,2,15,13,30,11.4,12,18,272,272,12,18,52.620000000000005
2008,2,15,14,30,16.1,43,244,803,803,43,244,40.44
2008,2,15,15,30,21,58,498,957,957,58,498,23.830000000000002
2008,2,15,16,30,24.200000000000003,67,717,1026,1026,67,717,13.93
2008,2,15,17,30,25.8,72,879,1062,1062,72,879,12.290000000000001
2008,2,15,18,30,26.8,75,961,1070,1070,75,961,12.15
2008,2,15,19,30,27.3,75,971,1071,1071,75,971,12.17
2008,2,15,20,30,27.3,74,900,1058,1058,74,900,12.22
2008,2,15,21,30,26.700000000000003,68,755,1029,1029,68,755,12.65
2008,2,15,22,30,25.3,60,549,969,969,60,549,13.93
2008,2,15,23,30,21.5,48,301,841,841,48,301,19.34
2008,2,16,0,30,17.400000000000002,22,56,465,465,22,56,33.18
2008,2,16,1,30,15.600000000000001,0,0,0,0,0,0,35.07
2008,2,16,2,30,14.600000000000001,0,0,0,0,0,0,36.92
2008,2,16,3,30,13.8,0,0,0,0,0,0,38.29
2008,2,16,4,30,13.5,0,0,0,0,0,0,38.03
2008,2,16,5,30,13.4,0,0,0,0,0,0,36.76
2008,2,16,6,30,13.5,0,0,0,0,0,0,34.980000000000004
2008,2,16,7,30,13.200000000000001,0,0,0,0,0,0,34.61
2008,2,16,8,30,12.4,0,0,0,0,0,0,36.07
2008,2,16,9,30,11.5,0,0,0,0,0,0,38.72
2008,2,16,10,30,10.8,0,0,0,0,0,0,41.730000000000004
2008,2,16,11,30,10.4,0,0,0,0,0,0,43.5
2008,2,16,12,30,10.3,0,0,0,0,0,0,44.07
2008,2,16,13,30,12.5,12,18,244,244,12,18,39.86
2008,2,16,14,30,16.900000000000002,45,241,773,773,45,241,31.84
2008,2,16,15,30,21.5,60,491,931,931,60,491,21.27
2008,2,16,16,30,24.900000000000002,68,708,1004,1004,68,708,15.63
2008,2,16,17,30,26.400000000000002,73,864,1037,1037,73,864,15.52
2008,2,16,18,30,27.3,74,951,1054,1054,74,951,15.21
2008,2,16,19,30,27.8,74,961,1056,1056,74,961,14.77
2008,2,16,20,30,27.700000000000003,73,890,1042,1042,73,890,14.780000000000001
2008,2,16,21,30,27.1,69,747,1010,1010,69,747,15.17
2008,2,16,22,30,25.700000000000003,62,542,948,948,62,542,16.39
2008,2,16,23,30,22.1,49,297,819,819,49,297,20.94
2008,2,17,0,30,18,22,56,441,441,22,56,33.25
2008,2,17,1,30,15.9,0,0,0,0,0,0,37.34
2008,2,17,2,30,14.9,0,0,0,0,0,0,39.77
2008,2,17,3,30,14.200000000000001,0,0,0,0,0,0,41.29
2008,2,17,4,30,13.9,0,0,0,0,0,0,41.480000000000004
2008,2,17,5,30,13.600000000000001,0,0,0,0,0,0,41.94
2008,2,17,6,30,13.200000000000001,0,0,0,0,0,0,43.04
2008,2,17,7,30,12.8,0,0,0,0,0,0,44.2
2008,2,17,8,30,12.3,0,0,0,0,0,0,45.56
2008,2,17,9,30,11.600000000000001,0,0,0,0,0,0,47.84
2008,2,17,10,30,11,0,0,0,0,0,0,50.27
2008,2,17,11,30,10.4,0,0,0,0,0,0,52.84
2008,2,17,12,30,10.100000000000001,0,0,0,0,0,0,54.08
2008,2,17,13,30,12.200000000000001,12,21,329,329,12,21,48.38
2008,2,17,14,30,16.8,38,251,832,832,38,251,36.62
2008,2,17,15,30,21.200000000000003,48,504,979,979,48,504,21.38
2008,2,17,16,30,24,54,723,1044,1044,54,723,14.61
2008,2,17,17,30,25.8,58,884,1077,1077,58,884,12.47
2008,2,17,18,30,27,63,973,1090,1090,63,973,11.34
2008,2,17,19,30,27.8,63,982,1092,1092,63,982,11.09
2008,2,17,20,30,27.900000000000002,61,911,1080,1080,61,911,11.26
2008,2,17,21,30,27.5,59,766,1050,1050,59,766,11.52
2008,2,17,22,30,26.200000000000003,53,558,994,994,53,558,12.700000000000001
2008,2,17,23,30,22.5,42,309,874,874,42,309,18.18
2008,2,18,0,30,18.5,21,61,511,511,21,61,32.02
2008,2,18,1,30,16.5,0,0,0,0,0,0,34.54
2008,2,18,2,30,15.100000000000001,0,0,0,0,0,0,39.27
2008,2,18,3,30,13.9,0,0,0,0,0,0,43.35
2008,2,18,4,30,13.200000000000001,0,0,0,0,0,0,44.730000000000004
2008,2,18,5,30,12.8,0,0,0,0,0,0,43.85
2008,2,18,6,30,12.5,0,0,0,0,0,0,42.29
2008,2,18,7,30,12.200000000000001,0,0,0,0,0,0,41.02
2008,2,18,8,30,11.700000000000001,0,0,0,0,0,0,40.99
2008,2,18,9,30,10.9,0,0,0,0,0,0,42.38
2008,2,18,10,30,10,0,0,0,0,0,0,44.84
2008,2,18,11,30,9.200000000000001,0,0,0,0,0,0,47.52
2008,2,18,12,30,9.1,0,0,0,0,0,0,48.4
2008,2,18,13,30,12,13,21,308,308,13,21,42.230000000000004
2008,2,18,14,30,16.900000000000002,41,249,804,804,41,249,32.94
2008,2,18,15,30,21.200000000000003,54,502,954,954,54,502,25.830000000000002
2008,2,18,16,30,24,62,716,1015,1015,62,716,22.26
2008,2,18,17,30,25.6,67,875,1050,1050,67,875,20.48
2008,2,18,18,30,26.700000000000003,73,959,1057,1057,73,959,20.01
2008,2,18,19,30,27.200000000000003,74,968,1058,1058,74,968,19.61
2008,2,18,20,30,27.3,73,897,1044,1044,73,897,19.42
2008,2,18,21,30,26.900000000000002,69,750,1008,1008,69,750,19.7
2008,2,18,22,30,25.700000000000003,62,546,945,945,62,546,21.12
2008,2,18,23,30,22.3,50,300,814,814,50,300,26.69
2008,2,19,0,30,18.3,24,58,434,434,24,58,39.06
2008,2,19,1,30,16.1,0,0,0,0,0,0,46.07
2008,2,19,2,30,15,0,0,0,0,0,0,51.64
2008,2,19,3,30,14.5,0,0,0,0,0,0,54.300000000000004
2008,2,19,4,30,14.200000000000001,0,0,0,0,0,0,54.870000000000005
2008,2,19,5,30,14.200000000000001,0,0,0,0,0,0,53.81
2008,2,19,6,30,14.100000000000001,0,0,0,0,0,0,53.230000000000004
2008,2,19,7,30,13.5,0,0,0,0,0,0,54.77
2008,2,19,8,30,12.600000000000001,0,0,0,0,0,0,58.42
2008,2,19,9,30,11.5,0,0,0,0,0,0,63.64
2008,2,19,10,30,10.700000000000001,0,0,0,0,0,0,68.15
2008,2,19,11,30,10.200000000000001,0,0,0,0,0,0,71.35000000000001
2008,2,19,12,30,10.200000000000001,0,0,0,0,0,0,72.11
2008,2,19,13,30,12.600000000000001,14,22,271,271,14,22,63.06
2008,2,19,14,30,16.900000000000002,46,250,783,783,46,250,49.29
2008,2,19,15,30,20.6,59,502,938,938,59,502,35.42
2008,2,19,16,30,23.1,66,720,1010,1010,66,720,26.37
2008,2,19,17,30,24.900000000000002,71,879,1046,1046,71,879,21.75
2008,2,19,18,30,26.1,71,967,1064,1064,71,967,19.48
2008,2,19,19,30,26.700000000000003,72,976,1065,1065,72,976,18.59
2008,2,19,20,30,26.8,70,905,1052,1052,70,905,18.41
2008,2,19,21,30,26.400000000000002,67,760,1021,1021,67,760,18.5
2008,2,19,22,30,25.3,60,551,955,955,60,551,19.43
2008,2,19,23,30,21.900000000000002,48,305,829,829,48,305,23.990000000000002
2008,2,20,0,30,17.900000000000002,23,61,463,463,23,61,37.12
2008,2,20,1,30,15.9,0,0,0,0,0,0,43.31
2008,2,20,2,30,14.9,0,0,0,0,0,0,47.69
2008,2,20,3,30,14.200000000000001,0,0,0,0,0,0,50.81
2008,2,20,4,30,13.700000000000001,0,0,0,0,0,0,51.97
2008,2,20,5,30,13.3,0,0,0,0,0,0,51.910000000000004
2008,2,20,6,30,13,0,0,0,0,0,0,51.9
2008,2,20,7,30,12.9,0,0,0,0,0,0,51.97
2008,2,20,8,30,12.700000000000001,0,0,0,0,0,0,52.59
2008,2,20,9,30,12.5,0,0,0,0,0,0,53.07
2008,2,20,10,30,12.100000000000001,0,0,0,0,0,0,54.09
2008,2,20,11,30,11.700000000000001,0,0,0,0,0,0,55.01
2008,2,20,12,30,11.5,0,0,0,0,0,0,55.4
2008,2,20,13,30,13.5,14,24,311,311,14,24,49.45
2008,2,20,14,30,18,44,256,802,802,44,256,38.44
2008,2,20,15,30,21.8,56,509,953,953,56,509,27.23
2008,2,20,16,30,24.200000000000003,63,727,1021,1021,63,727,20.89
2008,2,20,17,30,25.700000000000003,67,883,1050,1050,67,883,17.98
2008,2,20,18,30,26.700000000000003,72,971,1063,1063,72,971,16.29
2008,2,20,19,30,27.1,73,980,1064,1064,73,980,15.66
2008,2,20,20,30,27,73,908,1050,1050,73,908,15.370000000000001
2008,2,20,21,30,26.1,68,763,1019,176,344,464,15.8
2008,2,20,22,30,24.5,62,556,957,726,152,527,17.14
2008,2,20,23,30,21.5,50,309,831,831,50,309,21.740000000000002
2008,2,21,0,30,18.400000000000002,24,63,465,155,43,56,33.64
2008,2,21,1,30,16.7,0,0,0,0,0,0,39.04
2008,2,21,2,30,15.600000000000001,0,0,0,0,0,0,43.13
2008,2,21,3,30,14.700000000000001,0,0,0,0,0,0,46.32
2008,2,21,4,30,14.3,0,0,0,0,0,0,46.92
2008,2,21,5,30,14.200000000000001,0,0,0,0,0,0,46.300000000000004
2008,2,21,6,30,14.100000000000001,0,0,0,0,0,0,45.84
2008,2,21,7,30,14,0,0,0,0,0,0,45.59
2008,2,21,8,30,13.8,0,0,0,0,0,0,46.06
2008,2,21,9,30,13.5,0,0,0,0,0,0,47.050000000000004
2008,2,21,10,30,13.100000000000001,0,0,0,0,0,0,48.38
2008,2,21,11,30,12.5,0,0,0,0,0,0,50.120000000000005
2008,2,21,12,30,12.3,0,0,0,0,0,0,50.42
2008,2,21,13,30,14.100000000000001,15,27,325,325,15,27,45.68
2008,2,21,14,30,18.2,46,261,806,159,140,183,35.96
2008,2,21,15,30,22,60,516,953,953,60,516,19.740000000000002
2008,2,21,16,30,24.400000000000002,69,731,1014,246,334,494,12.52
2008,2,21,17,30,25.700000000000003,75,892,1048,764,170,766,11.55
2008,2,21,18,30,26.6,76,980,1065,785,208,875,11.700000000000001
2008,2,21,19,30,27.200000000000003,78,984,1060,144,459,583,12.41
2008,2,21,20,30,27.200000000000003,76,912,1047,720,186,762,13.44
2008,2,21,21,30,26.6,73,763,1007,702,207,688,14.870000000000001
2008,2,21,22,30,25.200000000000003,66,556,945,625,174,498,17
2008,2,21,23,30,22.1,53,307,808,583,102,285,21.67
2008,2,22,0,30,18.1,25,63,440,440,25,63,33.72
2008,2,22,1,30,15.700000000000001,0,0,0,0,0,0,40.31
2008,2,22,2,30,14.600000000000001,0,0,0,0,0,0,43.47
2008,2,22,3,30,14,0,0,0,0,0,0,45.07
2008,2,22,4,30,13.700000000000001,0,0,0,0,0,0,45.02
2008,2,22,5,30,13.5,0,0,0,0,0,0,44.25
2008,2,22,6,30,13.3,0,0,0,0,0,0,43.63
2008,2,22,7,30,13.200000000000001,0,0,0,0,0,0,43.31
2008,2,22,8,30,12.9,0,0,0,0,0,0,43.910000000000004
2008,2,22,9,30,12.5,0,0,0,0,0,0,44.660000000000004
2008,2,22,10,30,12,0,0,0,0,0,0,45.46
2008,2,22,11,30,11.3,0,0,0,0,0,0,47.22
2008,2,22,12,30,11,0,0,0,0,0,0,48.050000000000004
2008,2,22,13,30,13.100000000000001,15,27,311,311,15,27,43.35
2008,2,22,14,30,17.6,47,261,794,794,47,261,32.65
2008,2,22,15,30,21.700000000000003,61,516,945,945,61,516,19.16
2008,2,22,16,30,24.3,69,735,1013,1013,69,735,14.280000000000001
2008,2,22,17,30,26.200000000000003,74,895,1049,1049,74,895,12.030000000000001
2008,2,22,18,30,27.5,77,983,1064,1064,77,983,10.96
2008,2,22,19,30,28.200000000000003,77,991,1066,1066,77,991,10.83
2008,2,22,20,30,28.400000000000002,75,919,1053,1053,75,919,11.450000000000001
2008,2,22,21,30,28,69,773,1024,1024,69,773,11.98
2008,2,22,22,30,26.8,62,565,965,965,62,565,13.13
2008,2,22,23,30,23.400000000000002,50,315,839,839,50,315,17.490000000000002
2008,2,23,0,30,19.6,24,66,484,484,24,66,30.38
2008,2,23,1,30,17.7,0,0,0,0,0,0,31.720000000000002
2008,2,23,2,30,16.3,0,0,0,0,0,0,34.46
2008,2,23,3,30,15,0,0,0,0,0,0,36.38
2008,2,23,4,30,14.100000000000001,0,0,0,0,0,0,36.68
2008,2,23,5,30,13.5,0,0,0,0,0,0,35.86
2008,2,23,6,30,13,0,0,0,0,0,0,34.96
2008,2,23,7,30,12.600000000000001,0,0,0,0,0,0,34.25
2008,2,23,8,30,11.9,0,0,0,0,0,0,34.67
2008,2,23,9,30,11.100000000000001,0,0,0,0,0,0,36.050000000000004
2008,2,23,10,30,10.100000000000001,0,0,0,0,0,0,38.45
2008,2,23,11,30,9.1,0,0,0,0,0,0,41.39
2008,2,23,12,30,9,0,0,0,0,0,0,42.29
2008,2,23,13,30,11.9,16,29,336,336,16,29,37.61
2008,2,23,14,30,16.900000000000002,46,266,806,806,46,266,27.16
2008,2,23,15,30,21.900000000000002,60,523,954,954,60,523,18.48
2008,2,23,16,30,25.900000000000002,69,742,1020,1020,69,742,12.1
2008,2,23,17,30,28,74,898,1049,1049,74,898,10.84
2008,2,23,18,30,29.400000000000002,79,986,1061,1061,79,986,10
2008,2,23,19,30,30.1,80,994,1061,1061,80,994,9.74
2008,2,23,20,30,30.200000000000003,78,922,1049,1049,78,922,10.01
2008,2,23,21,30,29.8,75,775,1014,1014,75,775,10.56
2008,2,23,22,30,28.700000000000003,67,566,952,952,67,566,11.370000000000001
2008,2,23,23,30,25.5,53,314,819,819,53,314,15.55
2008,2,24,0,30,21.900000000000002,26,66,457,457,26,66,27.94
2008,2,24,1,30,19.700000000000003,0,0,0,0,0,0,31.14
2008,2,24,2,30,18.3,0,0,0,0,0,0,32.89
2008,2,24,3,30,17,0,0,0,0,0,0,34.35
2008,2,24,4,30,16.2,0,0,0,0,0,0,35.09
2008,2,24,5,30,15.8,0,0,0,0,0,0,34.13
2008,2,24,6,30,15.600000000000001,0,0,0,0,0,0,32.47
2008,2,24,7,30,15.200000000000001,0,0,0,0,0,0,31.5
2008,2,24,8,30,14.9,0,0,0,0,0,0,30.76
2008,2,24,9,30,14.5,0,0,0,0,0,0,30.580000000000002
2008,2,24,10,30,13.8,0,0,0,0,0,0,31.34
2008,2,24,11,30,12.8,0,0,0,0,0,0,33.04
2008,2,24,12,30,12.200000000000001,0,0,0,0,0,0,34.17
2008,2,24,13,30,14.3,16,31,338,338,16,31,32.45
2008,2,24,14,30,19,47,270,808,808,47,270,24.5
2008,2,24,15,30,23.900000000000002,60,526,955,955,60,526,16.05
2008,2,24,16,30,27.700000000000003,67,746,1022,1022,67,746,11.34
2008,2,24,17,30,29.700000000000003,72,907,1057,1057,72,907,10.75
2008,2,24,18,30,31,75,995,1071,1071,75,995,9.950000000000001
2008,2,24,19,30,31.700000000000003,76,1003,1072,1072,76,1003,9.47
2008,2,24,20,30,31.8,75,930,1058,1058,75,930,9.24
2008,2,24,21,30,31.400000000000002,71,782,1026,1026,71,782,9.3
2008,2,24,22,30,30.200000000000003,64,569,959,959,64,569,9.950000000000001
2008,2,24,23,30,26.8,52,318,833,833,52,318,14.08
2008,2,25,0,30,22.700000000000003,26,68,473,473,26,68,26.12
2008,2,25,1,30,20.6,0,0,0,0,0,0,28.79
2008,2,25,2,30,19.6,0,0,0,0,0,0,30.19
2008,2,25,3,30,18.5,0,0,0,0,0,0,32.17
2008,2,25,4,30,16.900000000000002,0,0,0,0,0,0,38.03
2008,2,25,5,30,15.4,0,0,0,0,0,0,43.660000000000004
2008,2,25,6,30,14.5,0,0,0,0,0,0,47.88
2008,2,25,7,30,13.8,0,0,0,0,0,0,52.18
2008,2,25,8,30,13.4,0,0,0,0,0,0,55.71
2008,2,25,9,30,13.200000000000001,0,0,0,0,0,0,58.22
2008,2,25,10,30,13.3,0,0,0,0,0,0,58.83
2008,2,25,11,30,13.200000000000001,0,0,0,0,0,0,59.86
2008,2,25,12,30,13.100000000000001,0,0,0,0,0,0,61.13
2008,2,25,13,30,14.5,19,29,204,204,19,29,57.81
2008,2,25,14,30,18,62,254,687,687,62,254,47.27
2008,2,25,15,30,22.1,81,503,859,859,81,503,33.71
2008,2,25,16,30,25.200000000000003,92,719,940,359,360,599,25.8
2008,2,25,17,30,27.200000000000003,100,878,982,982,100,878,22.400000000000002
2008,2,25,18,30,28.6,107,963,995,995,107,963,19.78
2008,2,25,19,30,29.5,106,972,998,998,106,972,17.94
2008,2,25,20,30,29.8,102,900,985,985,102,900,17.01
2008,2,25,21,30,29.5,96,757,952,952,96,757,16.78
2008,2,25,22,30,28.3,83,551,885,885,83,551,17.39
2008,2,25,23,30,25.200000000000003,65,307,752,752,65,307,21.72
2008,2,26,0,30,21.400000000000002,30,65,378,378,30,65,35.04
2008,2,26,1,30,19.1,0,0,0,0,0,0,37.85
2008,2,26,2,30,17.8,0,0,0,0,0,0,40.480000000000004
2008,2,26,3,30,16.8,0,0,0,0,0,0,44.58
2008,2,26,4,30,15.8,0,0,0,0,0,0,49.71
2008,2,26,5,30,14.8,0,0,0,0,0,0,55.24
2008,2,26,6,30,14,0,0,0,0,0,0,60.42
2008,2,26,7,30,13.5,0,0,0,0,0,0,63.78
2008,2,26,8,30,13,0,0,0,0,0,0,66.32000000000001
2008,2,26,9,30,12.600000000000001,0,0,0,0,0,0,67.79
2008,2,26,10,30,12.3,0,0,0,0,0,0,68.25
2008,2,26,11,30,11.9,0,0,0,0,0,0,69.07000000000001
2008,2,26,12,30,12,0,0,0,0,0,0,67.69
2008,2,26,13,30,14.100000000000001,18,35,339,339,18,35,59.51
2008,2,26,14,30,18.400000000000002,50,274,794,794,50,274,44.09
2008,2,26,15,30,22.700000000000003,64,530,943,943,64,530,23.75
2008,2,26,16,30,25.900000000000002,72,749,1010,1010,72,749,15.35
2008,2,26,17,30,28.1,78,910,1044,1044,78,910,12.1
2008,2,26,18,30,29.6,80,997,1061,1061,80,997,11.48
2008,2,26,19,30,30.3,80,1005,1062,1062,80,1005,10.950000000000001
2008,2,26,20,30,30.5,77,932,1051,1051,77,932,10.65
2008,2,26,21,30,30.1,73,784,1019,1019,73,784,10.73
2008,2,26,22,30,28.900000000000002,66,574,959,959,66,574,11.48
2008,2,26,23,30,25.1,52,321,829,829,52,321,15.8
2008,2,27,0,30,20.6,26,71,476,476,26,71,30.04
2008,2,27,1,30,18.400000000000002,0,0,0,0,0,0,33.03
2008,2,27,2,30,17.3,0,0,0,0,0,0,37.62
2008,2,27,3,30,16,0,0,0,0,0,0,42.37
2008,2,27,4,30,14.700000000000001,0,0,0,0,0,0,46.35
2008,2,27,5,30,13.8,0,0,0,0,0,0,47.77
2008,2,27,6,30,13.3,0,0,0,0,0,0,48.050000000000004
2008,2,27,7,30,12.4,0,0,0,0,0,0,50.230000000000004
2008,2,27,8,30,11.100000000000001,0,0,0,0,0,0,53.09
2008,2,27,9,30,10.200000000000001,0,0,0,0,0,0,53.63
2008,2,27,10,30,9.4,0,0,0,0,0,0,53.160000000000004
2008,2,27,11,30,8.9,0,0,0,0,0,0,52.4
2008,2,27,12,30,8.700000000000001,0,0,0,0,0,0,51.74
2008,2,27,13,30,9.700000000000001,21,34,253,253,21,34,47.32
2008,2,27,14,30,12.4,61,269,730,730,61,269,38.99
2008,2,27,15,30,16.3,78,524,895,895,78,524,31.37
2008,2,27,16,30,20.6,88,740,969,969,88,740,25.8
2008,2,27,17,30,24,94,900,1008,1008,94,900,20.990000000000002
2008,2,27,18,30,26.3,97,987,1026,1026,97,987,17.29
2008,2,27,19,30,27.400000000000002,98,990,1021,1021,98,990,15.36
2008,2,27,20,30,27.700000000000003,98,917,1003,1003,98,917,14.89
2008,2,27,21,30,27.1,94,766,959,307,399,614,16.03
2008,2,27,22,30,26.1,86,557,884,884,86,557,17.13
2008,2,27,23,30,23.6,69,307,731,731,69,307,21.05
2008,2,28,0,30,20.6,33,65,342,2,45,45,31.1
2008,2,28,1,30,18.6,0,0,0,0,0,0,37.51
2008,2,28,2,30,16.8,0,0,0,0,0,0,47.4
2008,2,28,3,30,15.200000000000001,0,0,0,0,0,0,59.28
2008,2,28,4,30,14.4,0,0,0,0,0,0,67.08
2008,2,28,5,30,13.9,0,0,0,0,0,0,71.03
2008,2,28,6,30,13.4,0,0,0,0,0,0,72.05
2008,2,28,7,30,12.9,0,0,0,0,0,0,70.3
2008,2,28,8,30,12.3,0,0,0,0,0,0,67.87
2008,2,28,9,30,11.9,0,0,0,0,0,0,64.66
2008,2,28,10,30,11.600000000000001,0,0,0,0,0,0,62.22
2008,2,28,11,30,11.4,0,0,0,0,0,0,60.88
2008,2,28,12,30,11.600000000000001,0,0,0,0,0,0,59.300000000000004
2008,2,28,13,30,13,22,34,222,222,22,34,55.06
2008,2,28,14,30,15.600000000000001,66,264,687,687,66,264,47.96
2008,2,28,15,30,18.400000000000002,86,515,855,855,86,515,40.77
2008,2,28,16,30,20.700000000000003,98,731,936,936,98,731,33.69
2008,2,28,17,30,22.5,106,890,977,392,435,749,27.38
2008,2,28,18,30,23.700000000000003,108,977,998,790,171,860,23.92
2008,2,28,19,30,24.400000000000002,109,984,998,998,109,984,22.32
2008,2,28,20,30,24.5,106,911,982,680,239,796,22
2008,2,28,21,30,24.200000000000003,99,765,948,948,99,765,22.46
2008,2,28,22,30,23.400000000000002,87,557,878,878,87,557,23.84
2008,2,28,23,30,21,68,311,740,740,68,311,28.48
2008,3,1,0,30,19.5,31,71,407,407,31,71,35.2
2008,3,1,1,30,17.400000000000002,0,0,0,0,0,0,40.51
2008,3,1,2,30,16,0,0,0,0,0,0,45.480000000000004
2008,3,1,3,30,14.8,0,0,0,0,0,0,50.58
2008,3,1,4,30,13.9,0,0,0,0,0,0,53.800000000000004
2008,3,1,5,30,13.200000000000001,0,0,0,0,0,0,55.74
2008,3,1,6,30,12.5,0,0,0,0,0,0,57.660000000000004
2008,3,1,7,30,11.9,0,0,0,0,0,0,59.72
2008,3,1,8,30,11.4,0,0,0,0,0,0,62.1
2008,3,1,9,30,10.9,0,0,0,0,0,0,65.15
2008,3,1,10,30,10.5,0,0,0,0,0,0,67.83
2008,3,1,11,30,10.200000000000001,0,0,0,0,0,0,70.34
2008,3,1,12,30,10.700000000000001,0,0,0,0,0,0,69.03
2008,3,1,13,30,13.600000000000001,23,40,277,277,23,40,58.54
2008,3,1,14,30,18.400000000000002,62,273,713,713,62,273,42.47
2008,3,1,15,30,22.6,81,523,871,871,81,523,27.51
2008,3,1,16,30,25.200000000000003,93,738,944,585,226,626,21.59
2008,3,1,17,30,26.900000000000002,104,894,976,976,104,894,19.39
2008,3,1,18,30,28,126,973,965,412,474,836,19.3
2008,3,1,19,30,28.6,131,978,959,959,131,978,18.62
2008,3,1,20,30,28.6,133,899,928,686,260,825,18.56
2008,3,1,21,30,28,133,749,870,636,214,665,19.75
2008,3,1,22,30,27,115,542,791,791,115,542,21.62
2008,3,1,23,30,24.5,89,299,635,116,186,225,25.92
2008,3,2,0,30,21.400000000000002,40,64,231,1,29,29,34.36
2008,3,2,1,30,19.1,0,0,0,0,0,0,38.29
2008,3,2,2,30,17.6,0,0,0,0,0,0,41.58
2008,3,2,3,30,16.1,0,0,0,0,0,0,45.28
2008,3,2,4,30,14.700000000000001,0,0,0,0,0,0,48.31
2008,3,2,5,30,13.9,0,0,0,0,0,0,49.27
2008,3,2,6,30,13.5,0,0,0,0,0,0,49.34
2008,3,2,7,30,13.200000000000001,0,0,0,0,0,0,49.89
2008,3,2,8,30,12.9,0,0,0,0,0,0,51.15
2008,3,2,9,30,12.700000000000001,0,0,0,0,0,0,52.660000000000004
2008,3,2,10,30,12.700000000000001,0,0,0,0,0,0,53.84
2008,3,2,11,30,12.8,0,0,0,0,0,0,54.4
2008,3,2,12,30,13.3,0,0,0,0,0,0,52.86
2008,3,2,13,30,15.600000000000001,26,40,215,215,26,40,47.1
2008,3,2,14,30,19.700000000000003,70,272,676,676,70,272,34.58
2008,3,2,15,30,23.1,89,523,850,850,89,523,20.36
2008,3,2,16,30,24.900000000000002,98,741,935,935,98,741,18.1
2008,3,2,17,30,26.3,102,903,985,985,102,903,17.57
2008,3,2,18,30,27.1,101,990,1010,702,267,886,17.51
2008,3,2,19,30,27.3,102,993,1007,652,277,855,17.78
2008,3,2,20,30,26.8,101,919,989,535,298,740,18.6
2008,3,2,21,30,25.3,95,769,950,321,338,565,20.79
2008,3,2,22,30,23.3,85,562,880,366,277,475,24.38
2008,3,2,23,30,21.3,67,315,742,0,41,41,29.3
2008,3,3,0,30,19.1,33,71,381,8,46,46,37.25
2008,3,3,1,30,17.400000000000002,0,0,0,0,0,0,43.97
2008,3,3,2,30,16.1,0,0,0,0,0,0,48.870000000000005
2008,3,3,3,30,15.200000000000001,0,0,0,0,0,0,52.32
2008,3,3,4,30,14.5,0,0,0,0,0,0,54.69
2008,3,3,5,30,14,0,0,0,0,0,0,56.120000000000005
2008,3,3,6,30,13.700000000000001,0,0,0,0,0,0,56.410000000000004
2008,3,3,7,30,13.5,0,0,0,0,0,0,56.27
2008,3,3,8,30,13.4,0,0,0,0,0,0,55.4
2008,3,3,9,30,13.3,0,0,0,0,0,0,54.56
2008,3,3,10,30,13.3,0,0,0,0,0,0,53.65
2008,3,3,11,30,13.200000000000001,0,0,0,0,0,0,53.29
2008,3,3,12,30,13.3,0,0,0,0,0,0,52.370000000000005
2008,3,3,13,30,14.8,23,47,362,0,28,28,48.410000000000004
2008,3,3,14,30,18.6,54,291,785,785,54,291,35.410000000000004
2008,3,3,15,30,22.400000000000002,69,549,934,934,69,549,15.57
2008,3,3,16,30,24.700000000000003,77,769,1002,1002,77,769,10.64
2008,3,3,17,30,26.3,81,928,1037,750,289,901,9.16
2008,3,3,18,30,27.3,79,1011,1054,794,275,977,8.59
2008,3,3,19,30,27.700000000000003,79,1017,1055,300,437,703,8.73
2008,3,3,20,30,27.6,78,943,1041,265,413,632,9.07
2008,3,3,21,30,26.900000000000002,73,791,1007,718,193,705,9.73
2008,3,3,22,30,25.5,67,581,946,748,151,558,10.94
2008,3,3,23,30,22.700000000000003,54,329,818,13,118,122,13.55
2008,3,4,0,30,19.400000000000002,28,78,481,68,55,62,22.72
2008,3,4,1,30,17.2,0,0,0,0,0,0,30.46
2008,3,4,2,30,15.9,0,0,0,0,0,0,35.43
2008,3,4,3,30,15.100000000000001,0,0,0,0,0,0,38.22
2008,3,4,4,30,14.9,0,0,0,0,0,0,38.550000000000004
2008,3,4,5,30,14.9,0,0,0,0,0,0,38.300000000000004
2008,3,4,6,30,14.9,0,0,0,0,0,0,37.83
2008,3,4,7,30,14.700000000000001,0,0,0,0,0,0,37.63
2008,3,4,8,30,14.5,0,0,0,0,0,0,37.29
2008,3,4,9,30,14.200000000000001,0,0,0,0,0,0,37.56
2008,3,4,10,30,14,0,0,0,0,0,0,37.93
2008,3,4,11,30,13.700000000000001,0,0,0,0,0,0,38.57
2008,3,4,12,30,13.8,0,0,0,0,0,0,38.03
2008,3,4,13,30,15.5,22,50,395,5,31,31,35.49
2008,3,4,14,30,19.1,49,291,791,44,142,155,26.34
2008,3,4,15,30,22.8,63,542,924,359,227,413,15.450000000000001
2008,3,4,16,30,25.3,71,756,987,560,239,627,12.35
2008,3,4,17,30,26.400000000000002,78,910,1016,263,473,688,12.42
2008,3,4,18,30,26.5,82,994,1028,675,232,830,13.21
2008,3,4,19,30,25.900000000000002,85,996,1022,324,424,713,14.26
2008,3,4,20,30,24.8,85,923,1006,331,385,660,15.85
2008,3,4,21,30,23.700000000000003,83,773,965,506,250,612,18.05
2008,3,4,22,30,22.3,74,566,902,80,256,300,21.04
2008,3,4,23,30,20.5,59,321,778,533,126,306,25.43
2008,3,5,0,30,18.7,30,77,452,1,46,46,33.63
2008,3,5,1,30,17.6,0,0,0,0,0,0,37.32
2008,3,5,2,30,17,0,0,0,0,0,0,37.9
2008,3,5,3,30,16.5,0,0,0,0,0,0,38.02
2008,3,5,4,30,15.8,0,0,0,0,0,0,38.49
2008,3,5,5,30,15,0,0,0,0,0,0,38.47
2008,3,5,6,30,14.200000000000001,0,0,0,0,0,0,37.76
2008,3,5,7,30,13.600000000000001,0,0,0,0,0,0,37.18
2008,3,5,8,30,13.200000000000001,0,0,0,0,0,0,36.37
2008,3,5,9,30,12.8,0,0,0,0,0,0,36.14
2008,3,5,10,30,12.4,0,0,0,0,0,0,36.35
2008,3,5,11,30,12.200000000000001,0,0,0,0,0,0,35.78
2008,3,5,12,30,12.5,0,0,0,0,0,0,34.300000000000004
2008,3,5,13,30,14.9,21,55,458,458,21,55,31.98
2008,3,5,14,30,19.200000000000003,46,306,843,843,46,306,22.1
2008,3,5,15,30,22.8,57,563,969,969,57,563,12.97
2008,3,5,16,30,24.900000000000002,64,781,1029,1029,64,781,10.94
2008,3,5,17,30,26.400000000000002,69,940,1060,1060,69,940,10.14
2008,3,5,18,30,27.400000000000002,74,1026,1070,1070,74,1026,9.98
2008,3,5,19,30,27.900000000000002,74,1032,1071,1071,74,1032,10.34
2008,3,5,20,30,27.8,72,952,1053,1053,72,952,10.82
2008,3,5,21,30,27.1,75,802,1015,1015,75,802,11.53
2008,3,5,22,30,25.700000000000003,66,591,958,958,66,591,12.81
2008,3,5,23,30,22.8,53,336,836,836,53,336,15.67
2008,3,6,0,30,19,28,82,512,512,28,82,22.68
2008,3,6,1,30,16.1,0,0,0,0,0,0,30.400000000000002
2008,3,6,2,30,14.600000000000001,0,0,0,0,0,0,34.62
2008,3,6,3,30,13.600000000000001,0,0,0,0,0,0,36.89
2008,3,6,4,30,12.9,0,0,0,0,0,0,37.68
2008,3,6,5,30,12.4,0,0,0,0,0,0,37.68
2008,3,6,6,30,12,0,0,0,0,0,0,37.42
2008,3,6,7,30,11.5,0,0,0,0,0,0,37.660000000000004
2008,3,6,8,30,11,0,0,0,0,0,0,38.36
2008,3,6,9,30,10.5,0,0,0,0,0,0,39.22
2008,3,6,10,30,10.100000000000001,0,0,0,0,0,0,39.910000000000004
2008,3,6,11,30,9.8,0,0,0,0,0,0,40.29
2008,3,6,12,30,10.200000000000001,0,0,0,0,0,0,38.730000000000004
2008,3,6,13,30,13,22,59,481,481,22,59,34.910000000000004
2008,3,6,14,30,17.5,46,315,862,862,46,315,23.490000000000002
2008,3,6,15,30,21.3,58,575,984,984,58,575,12.64
2008,3,6,16,30,23.5,65,795,1043,1043,65,795,10.67
2008,3,6,17,30,25.1,69,955,1073,1073,69,955,10.58
2008,3,6,18,30,26.1,73,1041,1084,1084,73,1041,10.8
2008,3,6,19,30,26.6,73,1040,1078,1078,73,1040,11.22
2008,3,6,20,30,26.400000000000002,72,965,1066,1066,72,965,11.93
2008,3,6,21,30,25.6,72,814,1032,1032,72,814,12.9
2008,3,6,22,30,24.1,65,600,973,973,65,600,14.34
2008,3,6,23,30,21.400000000000002,54,344,853,853,54,344,17.28
2008,3,7,0,30,17.7,29,85,521,521,29,85,24.45
2008,3,7,1,30,14.9,0,0,0,0,0,0,32.07
2008,3,7,2,30,13.3,0,0,0,0,0,0,36.660000000000004
2008,3,7,3,30,12.200000000000001,0,0,0,0,0,0,39.230000000000004
2008,3,7,4,30,11.3,0,0,0,0,0,0,40.38
2008,3,7,5,30,10.5,0,0,0,0,0,0,41.12
2008,3,7,6,30,9.9,0,0,0,0,0,0,41.64
2008,3,7,7,30,9.4,0,0,0,0,0,0,42.03
2008,3,7,8,30,9,0,0,0,0,0,0,42.5
2008,3,7,9,30,8.5,0,0,0,0,0,0,43.35
2008,3,7,10,30,8,0,0,0,0,0,0,44.22
2008,3,7,11,30,7.5,0,0,0,0,0,0,44.86
2008,3,7,12,30,7.800000000000001,0,0,0,0,0,0,43.050000000000004
2008,3,7,13,30,10.700000000000001,24,65,510,510,24,65,36.44
2008,3,7,14,30,15.600000000000001,50,330,887,887,50,330,23.73
2008,3,7,15,30,19.5,63,597,1010,1010,63,597,10.33
2008,3,7,16,30,21.900000000000002,72,823,1067,1067,72,823,7.3100000000000005
2008,3,7,17,30,23.900000000000002,76,986,1097,1097,76,986,6.29
2008,3,7,18,30,25.200000000000003,80,1074,1110,1110,80,1074,5.94
2008,3,7,19,30,26,79,1066,1097,1097,79,1066,5.84
2008,3,7,20,30,26.3,77,989,1084,1084,77,989,5.8100000000000005
2008,3,7,21,30,25.900000000000002,73,834,1055,1055,73,834,5.89
2008,3,7,22,30,24.900000000000002,66,617,999,999,66,617,6.28
2008,3,7,23,30,21.700000000000003,54,356,882,882,54,356,8.11
2008,3,8,0,30,17.8,30,90,550,550,30,90,18.61
2008,3,8,1,30,15.700000000000001,0,0,0,0,0,0,21.39
2008,3,8,2,30,14.700000000000001,0,0,0,0,0,0,23.26
2008,3,8,3,30,13.9,0,0,0,0,0,0,24.990000000000002
2008,3,8,4,30,13.3,0,0,0,0,0,0,25.48
2008,3,8,5,30,12,0,0,0,0,0,0,26.54
2008,3,8,6,30,9.9,0,0,0,0,0,0,29.94
2008,3,8,7,30,8,0,0,0,0,0,0,35.37
2008,3,8,8,30,6.6000000000000005,0,0,0,0,0,0,40.97
2008,3,8,9,30,5.4,0,0,0,0,0,0,47.18
2008,3,8,10,30,4.5,0,0,0,0,0,0,53.46
2008,3,8,11,30,3.7,0,0,0,0,0,0,59.660000000000004
2008,3,8,12,30,4.1000000000000005,0,0,0,0,0,0,60.410000000000004
2008,3,8,13,30,7,26,64,456,456,26,64,51.64
2008,3,8,14,30,12,54,322,842,842,54,322,36.35
2008,3,8,15,30,17.1,67,585,974,974,67,585,23.55
2008,3,8,16,30,20.400000000000002,74,808,1037,1037,74,808,14.84
2008,3,8,17,30,22.3,78,969,1070,1070,78,969,12.07
2008,3,8,18,30,23.5,82,1055,1082,1082,82,1055,11.06
2008,3,8,19,30,24,82,1052,1075,1075,82,1052,10.78
2008,3,8,20,30,24.1,79,975,1063,1063,79,975,10.870000000000001
2008,3,8,21,30,23.700000000000003,77,822,1029,1029,77,822,11.38
2008,3,8,22,30,22.700000000000003,69,607,973,973,69,607,12.47
2008,3,8,23,30,19.8,55,347,847,847,55,347,15.780000000000001
2008,3,9,0,30,15.700000000000001,30,87,517,517,30,87,25.27
2008,3,9,1,30,13.200000000000001,0,0,0,0,0,0,33.14
2008,3,9,2,30,12.100000000000001,0,0,0,0,0,0,36.99
2008,3,9,3,30,11.3,0,0,0,0,0,0,40.27
2008,3,9,4,30,10.700000000000001,0,0,0,0,0,0,42.34
2008,3,9,5,30,10.200000000000001,0,0,0,0,0,0,43.72
2008,3,9,6,30,9.8,0,0,0,0,0,0,44.78
2008,3,9,7,30,9.5,0,0,0,0,0,0,45.5
2008,3,9,8,30,9.200000000000001,0,0,0,0,0,0,46.28
2008,3,9,9,30,9,0,0,0,0,0,0,46.76
2008,3,9,10,30,8.700000000000001,0,0,0,0,0,0,47.74
2008,3,9,11,30,8.6,0,0,0,0,0,0,48.36
2008,3,9,12,30,9.200000000000001,0,0,0,0,0,0,46.9
2008,3,9,13,30,12.100000000000001,25,65,462,462,25,65,40.83
2008,3,9,14,30,16.400000000000002,52,319,827,827,52,319,29.09
2008,3,9,15,30,19.6,65,573,949,949,65,573,22.01
2008,3,9,16,30,21.5,74,791,1009,1009,74,791,20.6
2008,3,9,17,30,22.900000000000002,79,949,1041,1041,79,949,19.27
2008,3,9,18,30,23.900000000000002,81,1034,1057,1057,81,1034,18.31
2008,3,9,19,30,24.400000000000002,81,1038,1057,1057,81,1038,17.84
2008,3,9,20,30,24.400000000000002,79,961,1044,1044,79,961,17.990000000000002
2008,3,9,21,30,23.8,74,807,1010,1010,74,807,18.81
2008,3,9,22,30,22.6,66,595,952,952,66,595,20.3
2008,3,9,23,30,20.1,54,342,833,833,54,342,24.09
2008,3,10,0,30,16.5,29,86,509,509,29,86,33.54
2008,3,10,1,30,14.100000000000001,0,0,0,0,0,0,42.83
2008,3,10,2,30,13,0,0,0,0,0,0,48.84
2008,3,10,3,30,12,0,0,0,0,0,0,54.230000000000004
2008,3,10,4,30,11.100000000000001,0,0,0,0,0,0,58.25
2008,3,10,5,30,10.600000000000001,0,0,0,0,0,0,60.17
2008,3,10,6,30,10.200000000000001,0,0,0,0,0,0,61.01
2008,3,10,7,30,10,0,0,0,0,0,0,60.42
2008,3,10,8,30,9.9,0,0,0,0,0,0,59.18
2008,3,10,9,30,9.700000000000001,0,0,0,0,0,0,58.44
2008,3,10,10,30,9.5,0,0,0,0,0,0,57.76
2008,3,10,11,30,9.200000000000001,0,0,0,0,0,0,57.72
2008,3,10,12,30,9.5,0,0,0,0,0,0,55.89
2008,3,10,13,30,12.3,25,70,501,501,25,70,47.78
2008,3,10,14,30,16.8,49,329,858,858,49,329,33.85
2008,3,10,15,30,20.200000000000003,61,585,973,973,61,585,23.12
2008,3,10,16,30,22.400000000000002,68,804,1031,1031,68,804,19.650000000000002
2008,3,10,17,30,24.200000000000003,71,958,1057,1057,71,958,17.87
2008,3,10,18,30,25.5,75,1042,1068,1068,75,1042,17.01
2008,3,10,19,30,26.200000000000003,75,1042,1064,1064,75,1042,17.28
2008,3,10,20,30,26.400000000000002,73,961,1047,1047,73,961,18.22
2008,3,10,21,30,26.1,72,807,1010,1010,72,807,19.19
2008,3,10,22,30,25.200000000000003,65,595,952,952,65,595,20.73
2008,3,10,23,30,22.700000000000003,52,341,832,832,52,341,24.85
2008,3,11,0,30,19.1,29,87,513,51,59,65,35.01
2008,3,11,1,30,16.7,0,0,0,0,0,0,41.2
2008,3,11,2,30,15.5,0,0,0,0,0,0,46.52
2008,3,11,3,30,14.3,0,0,0,0,0,0,52.67
2008,3,11,4,30,13.3,0,0,0,0,0,0,58.03
2008,3,11,5,30,12.5,0,0,0,0,0,0,61.5
2008,3,11,6,30,11.9,0,0,0,0,0,0,62.81
2008,3,11,7,30,11.3,0,0,0,0,0,0,62.76
2008,3,11,8,30,10.600000000000001,0,0,0,0,0,0,63.04
2008,3,11,9,30,10.100000000000001,0,0,0,0,0,0,63.38
2008,3,11,10,30,9.700000000000001,0,0,0,0,0,0,64.05
2008,3,11,11,30,9.4,0,0,0,0,0,0,63.93
2008,3,11,12,30,10,0,0,0,0,0,0,59.42
2008,3,11,13,30,12.4,27,69,446,446,27,69,50.11
2008,3,11,14,30,16.400000000000002,56,321,807,271,169,258,37.68
2008,3,11,15,30,20.400000000000002,70,577,935,935,70,577,27.77
2008,3,11,16,30,23.3,78,794,998,998,78,794,21.740000000000002
2008,3,11,17,30,25.1,83,951,1031,1031,83,951,18.87
2008,3,11,18,30,26.1,87,1035,1044,1044,87,1035,18.45
2008,3,11,19,30,26.6,86,1035,1042,1042,86,1035,18.06
2008,3,11,20,30,26.6,83,958,1030,1030,83,958,18
2008,3,11,21,30,26,77,807,1001,427,368,680,18.55
2008,3,11,22,30,24.900000000000002,69,595,942,942,69,595,19.990000000000002
2008,3,11,23,30,22.400000000000002,56,343,821,545,121,310,24.66
2008,3,12,0,30,19.5,31,87,495,495,31,87,35.39
2008,3,12,1,30,17.8,0,0,0,0,0,0,39.51
2008,3,12,2,30,16.6,0,0,0,0,0,0,44.08
2008,3,12,3,30,15.4,0,0,0,0,0,0,49.160000000000004
2008,3,12,4,30,14.4,0,0,0,0,0,0,52.7
2008,3,12,5,30,13.4,0,0,0,0,0,0,55.92
2008,3,12,6,30,12.600000000000001,0,0,0,0,0,0,58.050000000000004
2008,3,12,7,30,12,0,0,0,0,0,0,59.52
2008,3,12,8,30,11.8,0,0,0,0,0,0,59.51
2008,3,12,9,30,11.700000000000001,0,0,0,0,0,0,59.52
2008,3,12,10,30,11.8,0,0,0,0,0,0,59.22
2008,3,12,11,30,11.700000000000001,0,0,0,0,0,0,59.75
2008,3,12,12,30,12.100000000000001,0,0,0,0,0,0,58.57
2008,3,12,13,30,14.8,27,71,451,451,27,71,51.01
2008,3,12,14,30,19.6,54,319,796,796,54,319,36.800000000000004
2008,3,12,15,30,23.6,67,571,923,923,67,571,27.05
2008,3,12,16,30,25.700000000000003,75,785,986,986,75,785,24.330000000000002
2008,3,12,17,30,27.1,79,940,1018,1018,79,940,22.52
2008,3,12,18,30,28,82,1023,1033,1033,82,1023,21.09
2008,3,12,19,30,28.400000000000002,81,1029,1038,1038,81,1029,20.17
2008,3,12,20,30,28.200000000000003,78,952,1026,1026,78,952,19.92
2008,3,12,21,30,27.400000000000002,78,801,988,988,78,801,20.31
2008,3,12,22,30,26.1,70,591,930,74,319,361,21.34
2008,3,12,23,30,23.700000000000003,57,340,810,223,185,263,24.11
2008,3,13,0,30,20.5,31,88,492,492,31,88,30.11
2008,3,13,1,30,18.1,0,0,0,0,0,0,37.02
2008,3,13,2,30,16.7,0,0,0,0,0,0,40.72
2008,3,13,3,30,15.5,0,0,0,0,0,0,43.29
2008,3,13,4,30,14.4,0,0,0,0,0,0,44.89
2008,3,13,5,30,13.600000000000001,0,0,0,0,0,0,45.15
2008,3,13,6,30,12.9,0,0,0,0,0,0,45.03
2008,3,13,7,30,12.5,0,0,0,0,0,0,43.82
2008,3,13,8,30,12.4,0,0,0,0,0,0,41.51
2008,3,13,9,30,12.4,0,0,0,0,0,0,39.01
2008,3,13,10,30,12.4,0,0,0,0,0,0,37.050000000000004
2008,3,13,11,30,12.5,0,0,0,0,0,0,35.53
2008,3,13,12,30,13.200000000000001,0,0,0,0,0,0,32.7
2008,3,13,13,30,15.600000000000001,24,77,520,520,24,77,29.84
2008,3,13,14,30,19.5,45,328,841,841,45,328,21.63
2008,3,13,15,30,22.6,56,581,955,955,56,581,16.4
2008,3,13,16,30,24.1,63,795,1010,1010,63,795,16.2
2008,3,13,17,30,24.900000000000002,67,950,1040,1040,67,950,16.11
2008,3,13,18,30,25.400000000000002,74,1032,1049,1049,74,1032,16.11
2008,3,13,19,30,25.900000000000002,73,1035,1050,1050,73,1035,16.11
2008,3,13,20,30,26.1,70,961,1042,1042,70,961,16.34
2008,3,13,21,30,25.8,70,810,1009,1009,70,810,16.82
2008,3,13,22,30,24.900000000000002,63,599,952,952,63,599,17.78
2008,3,13,23,30,22.6,52,348,842,842,52,348,20.39
2008,3,14,0,30,18.8,29,92,537,537,29,92,27.92
2008,3,14,1,30,16.1,0,0,0,0,0,0,34.39
2008,3,14,2,30,14.700000000000001,0,0,0,0,0,0,38.21
2008,3,14,3,30,13.4,0,0,0,0,0,0,41.99
2008,3,14,4,30,12.4,0,0,0,0,0,0,44.44
2008,3,14,5,30,11.700000000000001,0,0,0,0,0,0,45
2008,3,14,6,30,11.200000000000001,0,0,0,0,0,0,44.08
2008,3,14,7,30,10.600000000000001,0,0,0,0,0,0,43.59
2008,3,14,8,30,10.200000000000001,0,0,0,0,0,0,43.46
2008,3,14,9,30,9.700000000000001,0,0,0,0,0,0,44.6
2008,3,14,10,30,9.1,0,0,0,0,0,0,46.54
2008,3,14,11,30,8.3,0,0,0,0,0,0,49.26
2008,3,14,12,30,8.700000000000001,0,0,0,0,0,0,48.230000000000004
2008,3,14,13,30,11.8,27,89,595,595,27,89,41.19
2008,3,14,14,30,17.1,49,359,912,912,49,359,27.66
2008,3,14,15,30,21.8,60,625,1023,1023,60,625,11.5
2008,3,14,16,30,24.8,67,850,1076,1076,67,850,6.25
2008,3,14,17,30,26.6,71,1011,1104,1104,71,1011,5.23
2008,3,14,18,30,27.900000000000002,77,1097,1113,1113,77,1097,5.03
2008,3,14,19,30,28.700000000000003,77,1086,1098,1098,77,1086,4.99
2008,3,14,20,30,28.900000000000002,76,1006,1086,1086,76,1006,4.97
2008,3,14,21,30,28.6,72,850,1057,1057,72,850,5.08
2008,3,14,22,30,27.5,64,630,1004,1004,64,630,5.53
2008,3,14,23,30,24.700000000000003,53,368,894,894,53,368,7.24
2008,3,15,0,30,20.5,30,100,592,592,30,100,17.89
2008,3,15,1,30,17.2,0,0,0,0,0,0,21.98
2008,3,15,2,30,14.9,0,0,0,0,0,0,27.19
2008,3,15,3,30,13.200000000000001,0,0,0,0,0,0,33.36
2008,3,15,4,30,12,0,0,0,0,0,0,37.49
2008,3,15,5,30,11.3,0,0,0,0,0,0,39.72
2008,3,15,6,30,10.9,0,0,0,0,0,0,40.660000000000004
2008,3,15,7,30,10.600000000000001,0,0,0,0,0,0,41.410000000000004
2008,3,15,8,30,10.5,0,0,0,0,0,0,42
2008,3,15,9,30,10.5,0,0,0,0,0,0,42.34
2008,3,15,10,30,10.600000000000001,0,0,0,0,0,0,42.29
2008,3,15,11,30,10.5,0,0,0,0,0,0,42.72
2008,3,15,12,30,11,0,0,0,0,0,0,41.27
2008,3,15,13,30,13.700000000000001,29,84,517,517,29,84,36.78
2008,3,15,14,30,18.8,54,344,845,845,54,344,25.82
2008,3,15,15,30,23.6,67,603,963,963,67,603,14.18
2008,3,15,16,30,26.400000000000002,75,822,1022,1022,75,822,10.33
2008,3,15,17,30,27.900000000000002,80,979,1052,1052,80,979,10.43
2008,3,15,18,30,29,83,1062,1064,1064,83,1062,9.82
2008,3,15,19,30,29.5,84,1058,1058,1058,84,1058,9.8
2008,3,15,20,30,29.6,82,979,1044,1044,82,979,10.19
2008,3,15,21,30,29.1,80,825,1010,1010,80,825,10.92
2008,3,15,22,30,27.900000000000002,72,606,945,945,72,606,12.11
2008,3,15,23,30,24.900000000000002,58,351,828,828,58,351,15.15
2008,3,16,0,30,20.5,32,93,510,510,32,93,24.69
2008,3,16,1,30,17.6,0,0,0,0,0,0,30.580000000000002
2008,3,16,2,30,16.1,0,0,0,0,0,0,35.57
2008,3,16,3,30,15,0,0,0,0,0,0,40
2008,3,16,4,30,14.3,0,0,0,0,0,0,42.62
2008,3,16,5,30,14,0,0,0,0,0,0,43.19
2008,3,16,6,30,13.9,0,0,0,0,0,0,42.75
2008,3,16,7,30,13.700000000000001,0,0,0,0,0,0,42.5
2008,3,16,8,30,13.200000000000001,0,0,0,0,0,0,43.53
2008,3,16,9,30,12.700000000000001,0,0,0,0,0,0,44.75
2008,3,16,10,30,12.4,0,0,0,0,0,0,45.72
2008,3,16,11,30,12.100000000000001,0,0,0,0,0,0,46.910000000000004
2008,3,16,12,30,12.4,0,0,0,0,0,0,46.54
2008,3,16,13,30,15,30,85,498,498,30,85,41.63
2008,3,16,14,30,19.5,56,340,820,820,56,340,29.080000000000002
2008,3,16,15,30,23.3,70,595,938,938,70,595,17.53
2008,3,16,16,30,25.5,80,810,995,995,80,810,14.47
2008,3,16,17,30,26.900000000000002,87,961,1019,1019,87,961,14.42
2008,3,16,18,30,27.8,89,1043,1035,1035,89,1043,15.09
2008,3,16,19,30,28.200000000000003,89,1044,1034,1034,89,1044,15.83
2008,3,16,20,30,28.1,87,965,1020,1020,87,965,16.55
2008,3,16,21,30,27.400000000000002,78,814,995,995,78,814,17.37
2008,3,16,22,30,26,70,601,936,936,70,601,18.86
2008,3,16,23,30,23.6,56,349,822,822,56,349,22.13
2008,3,17,0,30,19.900000000000002,31,93,516,516,31,93,30.01
2008,3,17,1,30,17,0,0,0,0,0,0,39.08
2008,3,17,2,30,15.8,0,0,0,0,0,0,43.51
2008,3,17,3,30,15.100000000000001,0,0,0,0,0,0,46.61
2008,3,17,4,30,14.5,0,0,0,0,0,0,48.78
2008,3,17,5,30,13.9,0,0,0,0,0,0,50.61
2008,3,17,6,30,13.3,0,0,0,0,0,0,52.2
2008,3,17,7,30,12.8,0,0,0,0,0,0,53.17
2008,3,17,8,30,12.5,0,0,0,0,0,0,53.7
2008,3,17,9,30,12.600000000000001,0,0,0,0,0,0,52.480000000000004
2008,3,17,10,30,12.700000000000001,0,0,0,0,0,0,50.88
2008,3,17,11,30,12.4,0,0,0,0,0,0,50.52
2008,3,17,12,30,12.5,0,0,0,0,0,0,49.71
2008,3,17,13,30,15.100000000000001,30,89,513,513,30,89,44.18
2008,3,17,14,30,19.200000000000003,54,344,828,828,54,344,32.3
2008,3,17,15,30,22.200000000000003,66,598,945,945,66,598,27.01
2008,3,17,16,30,24.200000000000003,74,812,1002,1002,74,812,23.64
2008,3,17,17,30,25.8,79,966,1032,1032,79,966,20.51
2008,3,17,18,30,26.8,81,1044,1041,1041,81,1044,18.59
2008,3,17,19,30,27.200000000000003,81,1045,1041,1041,81,1045,17.82
2008,3,17,20,30,27,79,963,1025,1025,79,963,18.1
2008,3,17,21,30,26.1,78,811,989,989,78,811,19.03
2008,3,17,22,30,24.400000000000002,71,598,928,928,71,598,21.36
2008,3,17,23,30,21.900000000000002,57,347,811,811,57,347,25.96
2008,3,18,0,30,18.7,32,93,501,7,60,61,34.24
2008,3,18,1,30,16.1,0,0,0,0,0,0,44.84
2008,3,18,2,30,14.4,0,0,0,0,0,0,53.58
2008,3,18,3,30,13.100000000000001,0,0,0,0,0,0,61.13
2008,3,18,4,30,12.100000000000001,0,0,0,0,0,0,67.59
2008,3,18,5,30,11.3,0,0,0,0,0,0,72.69
2008,3,18,6,30,10.600000000000001,0,0,0,0,0,0,76.51
2008,3,18,7,30,10,0,0,0,0,0,0,79.83
2008,3,18,8,30,9.5,0,0,0,0,0,0,82.87
2008,3,18,9,30,9,0,0,0,0,0,0,86.16
2008,3,18,10,30,8.6,0,0,0,0,0,0,88.96000000000001
2008,3,18,11,30,8.3,0,0,0,0,0,0,91.23
2008,3,18,12,30,9.3,0,0,0,0,0,0,85.71000000000001
2008,3,18,13,30,12.5,30,94,538,538,30,94,69.87
2008,3,18,14,30,16.5,54,354,849,849,54,354,51.21
2008,3,18,15,30,19.5,66,612,964,964,66,612,38.17
2008,3,18,16,30,21.900000000000002,73,829,1021,1021,73,829,29.490000000000002
2008,3,18,17,30,23.8,78,984,1049,1049,78,984,24.080000000000002
2008,3,18,18,30,25.1,80,1066,1063,1063,80,1066,20.990000000000002
2008,3,18,19,30,25.700000000000003,81,1066,1062,1062,81,1066,19.62
2008,3,18,20,30,25.700000000000003,79,986,1049,1049,79,986,19.1
2008,3,18,21,30,25.200000000000003,74,831,1019,1019,74,831,19.17
2008,3,18,22,30,24,67,619,968,968,67,619,19.94
2008,3,18,23,30,21.5,55,361,853,853,55,361,22.88
2008,3,19,0,30,17.8,32,98,540,540,32,98,30.46
2008,3,19,1,30,14.8,0,0,0,0,0,0,40.37
2008,3,19,2,30,13.200000000000001,0,0,0,0,0,0,47.28
2008,3,19,3,30,11.8,0,0,0,0,0,0,53.68
2008,3,19,4,30,11.200000000000001,0,0,0,0,0,0,56.57
2008,3,19,5,30,10.9,0,0,0,0,0,0,57.14
2008,3,19,6,30,10.600000000000001,0,0,0,0,0,0,57.11
2008,3,19,7,30,9.9,0,0,0,0,0,0,57.22
2008,3,19,8,30,8.9,0,0,0,0,0,0,58
2008,3,19,9,30,8,0,0,0,0,0,0,61.24
2008,3,19,10,30,7.2,0,0,0,0,0,0,65.91
2008,3,19,11,30,6.5,0,0,0,0,0,0,71.04
2008,3,19,12,30,7.4,0,0,0,0,0,0,68.94
2008,3,19,13,30,11.100000000000001,31,101,576,576,31,101,55.7
2008,3,19,14,30,16.1,54,364,867,867,54,364,40.550000000000004
2008,3,19,15,30,20.3,67,624,977,977,67,624,28.810000000000002
2008,3,19,16,30,23.3,76,836,1023,1023,76,836,21.88
2008,3,19,17,30,25.5,82,992,1051,1051,82,992,17.64
2008,3,19,18,30,27.200000000000003,85,1073,1063,1063,85,1073,14.72
2008,3,19,19,30,28.200000000000003,85,1068,1057,1057,85,1068,13.42
2008,3,19,20,30,28.5,82,987,1044,1044,82,987,13.35
2008,3,19,21,30,28.200000000000003,78,832,1014,1014,78,832,13
2008,3,19,22,30,27.3,69,616,957,957,69,616,13.41
2008,3,19,23,30,24.700000000000003,57,359,842,842,57,359,16.080000000000002
2008,3,20,0,30,20.900000000000002,32,97,526,526,32,97,25.150000000000002
2008,3,20,1,30,18.2,0,0,0,0,0,0,29.240000000000002
2008,3,20,2,30,16.5,0,0,0,0,0,0,34.04
2008,3,20,3,30,15.4,0,0,0,0,0,0,38.82
2008,3,20,4,30,14.9,0,0,0,0,0,0,42.44
2008,3,20,5,30,14.3,0,0,0,0,0,0,44.910000000000004
2008,3,20,6,30,13.100000000000001,0,0,0,0,0,0,48.29
2008,3,20,7,30,11.600000000000001,0,0,0,0,0,0,52.160000000000004
2008,3,20,8,30,10.5,0,0,0,0,0,0,53.86
2008,3,20,9,30,9.5,0,0,0,0,0,0,55.19
2008,3,20,10,30,8.700000000000001,0,0,0,0,0,0,56.6
2008,3,20,11,30,8,0,0,0,0,0,0,58.61
2008,3,20,12,30,8.6,0,0,0,0,0,0,56.26
2008,3,20,13,30,11.4,35,96,490,490,35,96,47.14
2008,3,20,14,30,15.8,62,354,811,811,62,354,36.26
2008,3,20,15,30,20.1,75,610,934,934,75,610,34.33
2008,3,20,16,30,23.1,82,826,996,996,82,826,29.45
2008,3,20,17,30,25.1,86,980,1029,1029,86,980,24.490000000000002
2008,3,20,18,30,26.6,91,1056,1035,1035,91,1056,21.23
2008,3,20,19,30,27.5,89,1056,1037,1037,89,1056,19.48
2008,3,20,20,30,27.900000000000002,85,976,1026,1026,85,976,18.900000000000002
2008,3,20,21,30,27.700000000000003,79,820,993,993,79,820,19.93
2008,3,20,22,30,26.900000000000002,70,606,936,936,70,606,20.81
2008,3,20,23,30,24.900000000000002,57,351,817,817,57,351,23.78
2008,3,21,0,30,22.1,32,96,513,513,32,96,30.45
2008,3,21,1,30,19.8,0,0,0,0,0,0,36.2
2008,3,21,2,30,18.400000000000002,0,0,0,0,0,0,41.77
2008,3,21,3,30,17,0,0,0,0,0,0,48.69
2008,3,21,4,30,16,0,0,0,0,0,0,54.620000000000005
2008,3,21,5,30,15.100000000000001,0,0,0,0,0,0,58.81
2008,3,21,6,30,13.600000000000001,0,0,0,0,0,0,63.56
2008,3,21,7,30,12.3,0,0,0,0,0,0,65.82000000000001
2008,3,21,8,30,11.3,0,0,0,0,0,0,64.91
2008,3,21,9,30,10.5,0,0,0,0,0,0,62.11
2008,3,21,10,30,9.700000000000001,0,0,0,0,0,0,59.69
2008,3,21,11,30,9,0,0,0,0,0,0,59.08
2008,3,21,12,30,9.700000000000001,0,0,0,0,0,0,55.620000000000005
2008,3,21,13,30,12.8,36,98,488,488,36,98,45.76
2008,3,21,14,30,17.7,63,356,804,804,63,356,33.53
2008,3,21,15,30,22.8,78,611,926,926,78,611,25.54
2008,3,21,16,30,26,87,826,986,986,87,826,19.81
2008,3,21,17,30,27.900000000000002,94,980,1017,1017,94,980,16.240000000000002
2008,3,21,18,30,29.1,98,1059,1028,1028,98,1059,14.92
2008,3,21,19,30,29.8,100,1063,1031,1031,100,1063,13.76
2008,3,21,20,30,30,97,982,1016,1016,97,982,12.94
2008,3,21,21,30,29.6,94,825,978,978,94,825,12.81
2008,3,21,22,30,28.6,84,609,915,915,84,609,13.13
2008,3,21,23,30,26.1,68,353,787,787,68,353,15.17
2008,3,22,0,30,22.5,37,95,459,459,37,95,23.77
2008,3,22,1,30,19.900000000000002,0,0,0,0,0,0,28.23
2008,3,22,2,30,18,0,0,0,0,0,0,34.28
2008,3,22,3,30,16.3,0,0,0,0,0,0,41.57
2008,3,22,4,30,15,0,0,0,0,0,0,47.32
2008,3,22,5,30,13.9,0,0,0,0,0,0,50.76
2008,3,22,6,30,12.700000000000001,0,0,0,0,0,0,52.76
2008,3,22,7,30,11.700000000000001,0,0,0,0,0,0,53.76
2008,3,22,8,30,11,0,0,0,0,0,0,54.800000000000004
2008,3,22,9,30,10.600000000000001,0,0,0,0,0,0,56.050000000000004
2008,3,22,10,30,10.4,0,0,0,0,0,0,56.980000000000004
2008,3,22,11,30,10.200000000000001,0,0,0,0,0,0,57.69
2008,3,22,12,30,10.9,0,0,0,0,0,0,54.6
2008,3,22,13,30,13.9,38,102,479,479,38,102,44.85
2008,3,22,14,30,18.7,67,361,799,799,67,361,31.42
2008,3,22,15,30,23.3,81,614,920,920,81,614,19.78
2008,3,22,16,30,26.1,91,829,981,981,91,829,15.38
2008,3,22,17,30,28,98,982,1012,1012,98,982,13.5
2008,3,22,18,30,29.1,101,1061,1024,1024,101,1061,12.92
2008,3,22,19,30,29.700000000000003,102,1056,1019,1019,102,1056,13.74
2008,3,22,20,30,29.8,99,975,1004,1004,99,975,13.98
2008,3,22,21,30,29.400000000000002,93,817,967,967,93,817,14.42
2008,3,22,22,30,28.3,83,603,904,904,83,603,15.36
2008,3,22,23,30,25.900000000000002,66,350,781,248,194,284,17.6
2008,3,23,0,30,22.1,36,95,463,1,49,49,24.060000000000002
2008,3,23,1,30,19.200000000000003,0,0,0,0,0,0,30.45
2008,3,23,2,30,17.6,0,0,0,0,0,0,34.17
2008,3,23,3,30,16.400000000000002,0,0,0,0,0,0,37.56
2008,3,23,4,30,15.5,0,0,0,0,0,0,39.78
2008,3,23,5,30,15,0,0,0,0,0,0,40.45
2008,3,23,6,30,14.8,0,0,0,0,0,0,40.62
2008,3,23,7,30,14.8,0,0,0,0,0,0,40.57
2008,3,23,8,30,14.8,0,0,0,0,0,0,40.050000000000004
2008,3,23,9,30,14.700000000000001,0,0,0,0,0,0,39.65
2008,3,23,10,30,14.3,0,0,0,0,0,0,39.46
2008,3,23,11,30,14,0,0,0,0,0,0,39.29
2008,3,23,12,30,14.5,0,0,0,0,0,0,37.27
2008,3,23,13,30,17,35,108,535,87,73,84,33.63
2008,3,23,14,30,20.400000000000002,62,367,823,405,154,304,24.04
2008,3,23,15,30,22.900000000000002,76,622,937,187,348,457,19.57
2008,3,23,16,30,24.6,85,836,993,626,243,716,18.75
2008,3,23,17,30,25.900000000000002,91,985,1019,1019,91,985,18.07
2008,3,23,18,30,27,98,1062,1027,1027,98,1062,17.34
2008,3,23,19,30,27.700000000000003,97,1061,1028,1028,97,1061,16.92
2008,3,23,20,30,27.700000000000003,94,976,1010,1010,94,976,17.04
2008,3,23,21,30,27,86,823,981,981,86,823,17.92
2008,3,23,22,30,25.700000000000003,77,608,920,920,77,608,19.6
2008,3,23,23,30,23.5,62,355,804,804,62,355,22.91
2008,3,24,0,30,20.200000000000003,34,99,503,503,34,99,30.35
2008,3,24,1,30,17.900000000000002,0,0,0,0,0,0,38.35
2008,3,24,2,30,17,0,0,0,0,0,0,42.18
2008,3,24,3,30,15.8,0,0,0,0,0,0,45.65
2008,3,24,4,30,14.700000000000001,0,0,0,0,0,0,47.93
2008,3,24,5,30,14.3,0,0,0,0,0,0,47.74
2008,3,24,6,30,14.5,0,0,0,0,0,0,45.61
2008,3,24,7,30,14.100000000000001,0,0,0,0,0,0,45.77
2008,3,24,8,30,12.8,0,0,0,0,0,0,51.410000000000004
2008,3,24,9,30,11.8,0,0,0,0,0,0,59.13
2008,3,24,10,30,11.100000000000001,0,0,0,0,0,0,67.05
2008,3,24,11,30,10.3,0,0,0,0,0,0,75.60000000000001
2008,3,24,12,30,11,0,0,0,0,0,0,75.56
2008,3,24,13,30,13.8,39,107,482,482,39,107,65.2
2008,3,24,14,30,17.900000000000002,65,366,803,803,65,366,49.18
2008,3,24,15,30,21.6,76,620,928,928,76,620,33.05
2008,3,24,16,30,24.1,83,833,988,988,83,833,25.11
2008,3,24,17,30,26,88,985,1019,1019,88,985,20.68
2008,3,24,18,30,27.200000000000003,106,1058,1011,1011,106,1058,18.32
2008,3,24,19,30,27.900000000000002,105,1057,1012,1012,105,1057,17.04
2008,3,24,20,30,28.1,101,972,994,994,101,972,16.490000000000002
2008,3,24,21,30,27.700000000000003,97,817,957,957,97,817,16.77
2008,3,24,22,30,26.700000000000003,86,601,890,890,86,601,17.93
2008,3,24,23,30,24.5,70,348,762,762,70,348,21.12
2008,3,25,0,30,21,39,95,437,437,39,95,29.14
2008,3,25,1,30,18.3,0,0,0,0,0,0,38.730000000000004
2008,3,25,2,30,17,0,0,0,0,0,0,46.4
2008,3,25,3,30,15.8,0,0,0,0,0,0,54.65
2008,3,25,4,30,15.100000000000001,0,0,0,0,0,0,60.2
2008,3,25,5,30,14.9,0,0,0,0,0,0,61.71
2008,3,25,6,30,14.5,0,0,0,0,0,0,62.35
2008,3,25,7,30,13.600000000000001,0,0,0,0,0,0,65.11
2008,3,25,8,30,12.700000000000001,0,0,0,0,0,0,68.51
2008,3,25,9,30,11.9,0,0,0,0,0,0,72.63
2008,3,25,10,30,11.100000000000001,0,0,0,0,0,0,77.42
2008,3,25,11,30,10.3,0,0,0,0,0,0,82.57000000000001
2008,3,25,12,30,11.100000000000001,0,0,0,0,0,0,79.04
2008,3,25,13,30,14.4,42,107,450,9,73,74,64.67
2008,3,25,14,30,18.8,73,360,759,759,73,360,47.44
2008,3,25,15,30,22.3,89,609,882,882,89,609,33.51
2008,3,25,16,30,24.1,102,819,941,941,102,819,28.62
2008,3,25,17,30,25,110,965,968,968,110,965,27.13
2008,3,25,18,30,25.3,114,1042,983,731,256,946,26.89
2008,3,25,19,30,25.6,116,1039,980,274,464,722,26.740000000000002
2008,3,25,20,30,25.8,112,956,962,478,352,772,26.61
2008,3,25,21,30,25.5,99,804,936,592,241,687,27.04
2008,3,25,22,30,24.8,88,593,872,872,88,593,27.91
2008,3,25,23,30,23.3,70,344,745,60,166,188,30.6
2008,3,26,0,30,20.8,39,95,430,430,39,95,38.39
2008,3,26,1,30,18.900000000000002,0,0,0,0,0,0,43.660000000000004
2008,3,26,2,30,17.900000000000002,0,0,0,0,0,0,46.22
2008,3,26,3,30,16.900000000000002,0,0,0,0,0,0,49.19
2008,3,26,4,30,15.9,0,0,0,0,0,0,52.54
2008,3,26,5,30,15.100000000000001,0,0,0,0,0,0,55.43
2008,3,26,6,30,14.5,0,0,0,0,0,0,57.83
2008,3,26,7,30,14.200000000000001,0,0,0,0,0,0,59.44
2008,3,26,8,30,14,0,0,0,0,0,0,61.06
2008,3,26,9,30,13.700000000000001,0,0,0,0,0,0,63.14
2008,3,26,10,30,13.4,0,0,0,0,0,0,65.17
2008,3,26,11,30,13.200000000000001,0,0,0,0,0,0,66.86
2008,3,26,12,30,13.9,0,0,0,0,0,0,64.46000000000001
2008,3,26,13,30,16.400000000000002,44,108,438,73,79,89,55.97
2008,3,26,14,30,20.200000000000003,76,360,745,257,184,283,42.480000000000004
2008,3,26,15,30,23.3,93,609,870,870,93,609,32.62
2008,3,26,16,30,25.6,104,818,934,934,104,818,27.19
2008,3,26,17,30,27.1,112,970,969,969,112,970,24.52
2008,3,26,18,30,28,118,1046,980,431,490,898,22.93
2008,3,26,19,30,28.6,119,1040,976,976,119,1040,21.740000000000002
2008,3,26,20,30,28.8,115,958,959,959,115,958,21.04
2008,3,26,21,30,28.6,113,803,914,914,113,803,20.76
2008,3,26,22,30,28.1,100,591,846,846,100,591,20.82
2008,3,26,23,30,26.200000000000003,80,341,708,708,80,341,22.95
2008,3,27,0,30,23,44,92,366,366,44,92,30.25
2008,3,27,1,30,20.400000000000002,0,0,0,0,0,0,36.12
2008,3,27,2,30,18.900000000000002,0,0,0,0,0,0,39.03
2008,3,27,3,30,17.6,0,0,0,0,0,0,42.54
2008,3,27,4,30,16.6,0,0,0,0,0,0,45.74
2008,3,27,5,30,15.600000000000001,0,0,0,0,0,0,49.17
2008,3,27,6,30,14.5,0,0,0,0,0,0,52.910000000000004
2008,3,27,7,30,13.4,0,0,0,0,0,0,56.76
2008,3,27,8,30,12.5,0,0,0,0,0,0,60.2
2008,3,27,9,30,12,0,0,0,0,0,0,62.14
2008,3,27,10,30,11.600000000000001,0,0,0,0,0,0,63.59
2008,3,27,11,30,11.4,0,0,0,0,0,0,64.1
2008,3,27,12,30,12.5,0,0,0,0,0,0,59.19
2008,3,27,13,30,16,44,113,457,457,44,113,47.61
2008,3,27,14,30,20.8,76,366,755,755,76,366,31.68
2008,3,27,15,30,24.6,93,616,879,879,93,616,22
2008,3,27,16,30,26.900000000000002,103,829,946,946,103,829,19.56
2008,3,27,17,30,28.5,109,979,980,980,109,979,18.44
2008,3,27,18,30,29.6,108,1057,1000,1000,108,1057,18.35
2008,3,27,19,30,30.3,107,1054,1001,1001,107,1054,18.1
2008,3,27,20,30,30.5,103,972,986,986,103,972,17.88
2008,3,27,21,30,30.200000000000003,94,818,957,957,94,818,17.97
2008,3,27,22,30,29.200000000000003,84,605,895,895,84,605,18.76
2008,3,27,23,30,26.900000000000002,68,352,770,770,68,352,21.13
2008,3,28,0,30,23.200000000000003,38,100,465,465,38,100,27
2008,3,28,1,30,20.200000000000003,0,0,0,0,0,0,31.990000000000002
2008,3,28,2,30,18.6,0,0,0,0,0,0,34.12
2008,3,28,3,30,17.1,0,0,0,0,0,0,36
2008,3,28,4,30,16.1,0,0,0,0,0,0,35.24
2008,3,28,5,30,15.100000000000001,0,0,0,0,0,0,33.3
2008,3,28,6,30,14.100000000000001,0,0,0,0,0,0,33.9
2008,3,28,7,30,13.5,0,0,0,0,0,0,34.31
2008,3,28,8,30,13.100000000000001,0,0,0,0,0,0,34.56
2008,3,28,9,30,13.100000000000001,0,0,0,0,0,0,34.19
2008,3,28,10,30,13.100000000000001,0,0,0,0,0,0,33.96
2008,3,28,11,30,13.3,0,0,0,0,0,0,33.25
2008,3,28,12,30,14.200000000000001,0,0,0,0,0,0,31.13
2008,3,28,13,30,17.3,43,119,493,493,43,119,28.12
2008,3,28,14,30,21.700000000000003,72,376,783,783,72,376,18.75
2008,3,28,15,30,25.1,89,628,901,901,89,628,15.51
2008,3,28,16,30,27.200000000000003,99,836,957,957,99,836,15.200000000000001
2008,3,28,17,30,28.8,106,986,989,989,106,986,15.21
2008,3,28,18,30,29.8,116,1060,993,993,116,1060,15.63
2008,3,28,19,30,30.200000000000003,116,1060,996,996,116,1060,15.84
2008,3,28,20,30,30.1,111,978,983,983,111,978,15.9
2008,3,28,21,30,29.400000000000002,114,818,929,929,114,818,16.12
2008,3,28,22,30,28,101,603,861,861,101,603,16.67
2008,3,28,23,30,25.700000000000003,80,351,733,733,80,351,17.990000000000002
2008,3,29,0,30,21.900000000000002,44,99,412,412,44,99,22.57
2008,3,29,1,30,18.900000000000002,0,0,0,0,0,0,28.64
2008,3,29,2,30,17.2,0,0,0,0,0,0,31.2
2008,3,29,3,30,15.700000000000001,0,0,0,0,0,0,33.56
2008,3,29,4,30,14.600000000000001,0,0,0,0,0,0,35.15
2008,3,29,5,30,13.9,0,0,0,0,0,0,35.92
2008,3,29,6,30,13.600000000000001,0,0,0,0,0,0,35.69
2008,3,29,7,30,13.8,0,0,0,0,0,0,34.12
2008,3,29,8,30,14.100000000000001,0,0,0,0,0,0,32.29
2008,3,29,9,30,14.200000000000001,0,0,0,0,0,0,31.28
2008,3,29,10,30,13.9,0,0,0,0,0,0,31.67
2008,3,29,11,30,13.600000000000001,0,0,0,0,0,0,32.57
2008,3,29,12,30,14.3,0,0,0,0,0,0,31.44
2008,3,29,13,30,17.400000000000002,46,120,470,470,46,120,28.02
2008,3,29,14,30,21.700000000000003,79,377,762,762,79,377,19.01
2008,3,29,15,30,24.900000000000002,95,632,891,891,95,632,16.94
2008,3,29,16,30,26.900000000000002,104,844,957,957,104,844,16.17
2008,3,29,17,30,28.5,108,995,994,994,108,995,14.72
2008,3,29,18,30,29.5,105,1073,1016,1016,105,1073,13.63
2008,3,29,19,30,29.900000000000002,101,1075,1026,1026,101,1075,12.9
2008,3,29,20,30,29.8,93,993,1018,1018,93,993,12.450000000000001
2008,3,29,21,30,29.200000000000003,84,837,993,993,84,837,12.51
2008,3,29,22,30,27.900000000000002,73,622,941,941,73,622,13.15
2008,3,29,23,30,25.5,58,369,838,838,58,369,14.88
2008,3,30,0,30,21.3,34,108,555,555,34,108,20.95
2008,3,30,1,30,18,0,0,0,0,0,0,29.05
2008,3,30,2,30,16.6,0,0,0,0,0,0,32.28
2008,3,30,3,30,15.600000000000001,0,0,0,0,0,0,34.72
2008,3,30,4,30,15,0,0,0,0,0,0,35.94
2008,3,30,5,30,14.8,0,0,0,0,0,0,36.02
2008,3,30,6,30,14.700000000000001,0,0,0,0,0,0,35.62
2008,3,30,7,30,14.5,0,0,0,0,0,0,35.53
2008,3,30,8,30,14.4,0,0,0,0,0,0,35.37
2008,3,30,9,30,14.3,0,0,0,0,0,0,35.6
2008,3,30,10,30,14.100000000000001,0,0,0,0,0,0,36.13
2008,3,30,11,30,13.700000000000001,0,0,0,0,0,0,37.29
2008,3,30,12,30,14.100000000000001,0,0,0,0,0,0,36.77
2008,3,30,13,30,16.8,37,133,601,601,37,133,32.95
2008,3,30,14,30,21.200000000000003,58,396,857,857,58,396,22.89
2008,3,30,15,30,24.700000000000003,69,646,955,955,69,646,16.9
2008,3,30,16,30,26.900000000000002,76,857,1007,1007,76,857,14.83
2008,3,30,17,30,28.6,80,1006,1034,1034,80,1006,13.6
2008,3,30,18,30,29.8,86,1080,1041,1041,86,1080,13.370000000000001
2008,3,30,19,30,30.400000000000002,87,1076,1039,1039,87,1076,13.27
2008,3,30,20,30,30.400000000000002,84,992,1026,1026,84,992,13.35
2008,3,30,21,30,29.900000000000002,80,833,990,990,80,833,13.82
2008,3,30,22,30,28.700000000000003,72,618,934,308,312,492,14.870000000000001
2008,3,30,23,30,26.5,58,364,822,822,58,364,16.81
2008,3,31,0,30,22.6,34,106,533,533,34,106,22.14
2008,3,31,1,30,19.400000000000002,0,0,0,0,0,0,29.5
2008,3,31,2,30,17.900000000000002,0,0,0,0,0,0,33.21
2008,3,31,3,30,16.5,0,0,0,0,0,0,37.050000000000004
2008,3,31,4,30,15.600000000000001,0,0,0,0,0,0,39.46
2008,3,31,5,30,15.100000000000001,0,0,0,0,0,0,40.26
2008,3,31,6,30,14.8,0,0,0,0,0,0,40.07
2008,3,31,7,30,14.700000000000001,0,0,0,0,0,0,39.42
2008,3,31,8,30,14.5,0,0,0,0,0,0,39.26
2008,3,31,9,30,14.200000000000001,0,0,0,0,0,0,39.74
2008,3,31,10,30,13.9,0,0,0,0,0,0,40.46
2008,3,31,11,30,13.5,0,0,0,0,0,0,41.69
2008,3,31,12,30,14.100000000000001,0,0,0,0,0,0,40.33
2008,3,31,13,30,17.3,37,138,615,615,37,138,35.1
2008,3,31,14,30,22.5,58,402,864,864,58,402,21.97
2008,3,31,15,30,26.900000000000002,69,659,970,970,69,659,10.75
2008,3,31,16,30,29.400000000000002,76,870,1020,1020,76,870,9.52
2008,3,31,17,30,31,80,1021,1048,1048,80,1021,10.19
2008,3,31,18,30,32.2,86,1096,1055,1055,86,1096,9.75
2008,3,31,19,30,32.9,86,1091,1055,1055,86,1091,9.33
2008,3,31,20,30,33.1,84,1006,1041,1041,84,1006,9.15
2008,3,31,21,30,32.7,81,848,1007,1007,81,848,9.27
2008,3,31,22,30,31.700000000000003,72,630,952,952,72,630,9.74
2008,3,31,23,30,29,59,372,841,841,59,372,11.39
2008,4,1,0,30,24.6,35,110,550,550,35,110,19.26
2008,4,1,1,30,21.200000000000003,0,0,0,0,0,0,24.17
2008,4,1,2,30,19.3,0,0,0,0,0,0,25.62
2008,4,1,3,30,17.900000000000002,0,0,0,0,0,0,28
2008,4,1,4,30,17,0,0,0,0,0,0,28.92
2008,4,1,5,30,16.3,0,0,0,0,0,0,29.060000000000002
2008,4,1,6,30,16,0,0,0,0,0,0,28.59
2008,4,1,7,30,15.8,0,0,0,0,0,0,28.18
2008,4,1,8,30,15.700000000000001,0,0,0,0,0,0,27.78
2008,4,1,9,30,15.600000000000001,0,0,0,0,0,0,27.57
2008,4,1,10,30,15.4,0,0,0,0,0,0,27.72
2008,4,1,11,30,14.9,0,0,0,0,0,0,28.560000000000002
2008,4,1,12,30,15.200000000000001,0,0,0,0,0,0,28.060000000000002
2008,4,1,13,30,18,40,140,598,598,40,140,26.53
2008,4,1,14,30,23,63,405,851,851,63,405,17.330000000000002
2008,4,1,15,30,27.700000000000003,76,659,954,954,76,659,10.24
2008,4,1,16,30,30.5,84,870,1007,1007,84,870,9.09
2008,4,1,17,30,32.1,89,1015,1029,1029,89,1015,8.57
2008,4,1,18,30,33.2,93,1089,1039,1039,93,1089,8.25
2008,4,1,19,30,33.800000000000004,94,1084,1037,1037,94,1084,8.35
2008,4,1,20,30,33.9,92,999,1022,1022,92,999,8.64
2008,4,1,21,30,33.4,87,837,984,984,87,837,9.19
2008,4,1,22,30,32.300000000000004,79,621,923,923,79,621,10.08
2008,4,1,23,30,29.6,65,365,803,803,65,365,12.5
2008,4,2,0,30,25.200000000000003,37,106,499,499,37,106,20.04
2008,4,2,1,30,21.700000000000003,0,0,0,0,0,0,27.19
2008,4,2,2,30,19.900000000000002,0,0,0,0,0,0,34.05
2008,4,2,3,30,18.1,0,0,0,0,0,0,41.27
2008,4,2,4,30,16.8,0,0,0,0,0,0,45.7
2008,4,2,5,30,16.3,0,0,0,0,0,0,46.59
2008,4,2,6,30,15.9,0,0,0,0,0,0,46.87
2008,4,2,7,30,15.200000000000001,0,0,0,0,0,0,47.92
2008,4,2,8,30,14.5,0,0,0,0,0,0,49.38
2008,4,2,9,30,14.100000000000001,0,0,0,0,0,0,49.92
2008,4,2,10,30,13.9,0,0,0,0,0,0,49.78
2008,4,2,11,30,14,0,0,0,0,0,0,48.54
2008,4,2,12,30,15,0,0,0,0,0,0,44.77
2008,4,2,13,30,17.900000000000002,42,139,568,568,42,139,38.160000000000004
2008,4,2,14,30,22.700000000000003,67,401,824,824,67,401,26.75
2008,4,2,15,30,27.5,81,653,933,933,81,653,15.23
2008,4,2,16,30,30.6,89,863,987,987,89,863,9.76
2008,4,2,17,30,32.4,96,1011,1014,1014,96,1011,9.31
2008,4,2,18,30,33.5,119,1079,1000,1000,119,1079,9.32
2008,4,2,19,30,34.1,118,1069,995,995,118,1069,9.19
2008,4,2,20,30,34.1,114,985,979,979,114,985,9.4
2008,4,2,21,30,33.5,113,826,934,934,113,826,9.950000000000001
2008,4,2,22,30,32.300000000000004,102,607,860,860,102,607,11
2008,4,2,23,30,29.8,82,354,724,724,82,354,13.280000000000001
2008,4,3,0,30,26,45,101,397,397,45,101,20.27
2008,4,3,1,30,23,0,0,0,0,0,0,26.98
2008,4,3,2,30,21.200000000000003,0,0,0,0,0,0,33.84
2008,4,3,3,30,19.400000000000002,0,0,0,0,0,0,41.09
2008,4,3,4,30,18.3,0,0,0,0,0,0,45.85
2008,4,3,5,30,17.900000000000002,0,0,0,0,0,0,47.33
2008,4,3,6,30,17.5,0,0,0,0,0,0,48.06
2008,4,3,7,30,17,0,0,0,0,0,0,49.160000000000004
2008,4,3,8,30,16.400000000000002,0,0,0,0,0,0,50.910000000000004
2008,4,3,9,30,15.9,0,0,0,0,0,0,53.32
2008,4,3,10,30,15.4,0,0,0,0,0,0,55.81
2008,4,3,11,30,15,0,0,0,0,0,0,58.38
2008,4,3,12,30,15.700000000000001,0,0,0,0,0,0,57.22
2008,4,3,13,30,18.900000000000002,60,128,390,390,60,128,48.77
2008,4,3,14,30,23.6,102,380,681,681,102,380,32.79
2008,4,3,15,30,27.400000000000002,123,627,818,818,123,627,21.27
2008,4,3,16,30,29.900000000000002,131,836,896,896,131,836,16.7
2008,4,3,17,30,31.700000000000003,135,982,938,938,135,982,14.34
2008,4,3,18,30,32.800000000000004,129,1063,970,970,129,1063,13.530000000000001
2008,4,3,19,30,33.4,126,1057,971,971,126,1057,12.86
2008,4,3,20,30,33.5,119,977,963,963,119,977,12.36
2008,4,3,21,30,33.1,104,823,941,941,104,823,12.200000000000001
2008,4,3,22,30,32,89,609,882,882,89,609,12.47
2008,4,3,23,30,29.700000000000003,71,359,769,769,71,359,13.64
2008,4,4,0,30,25.5,39,106,473,473,39,106,18.82
2008,4,4,1,30,22,0,0,0,0,0,0,27.63
2008,4,4,2,30,20.200000000000003,0,0,0,0,0,0,33.42
2008,4,4,3,30,18.7,0,0,0,0,0,0,37.85
2008,4,4,4,30,17.7,0,0,0,0,0,0,40.28
2008,4,4,5,30,16.8,0,0,0,0,0,0,41.67
2008,4,4,6,30,16.1,0,0,0,0,0,0,42.59
2008,4,4,7,30,15.600000000000001,0,0,0,0,0,0,43.57
2008,4,4,8,30,15.5,0,0,0,0,0,0,43.59
2008,4,4,9,30,15.4,0,0,0,0,0,0,43.9
2008,4,4,10,30,15.3,0,0,0,0,0,0,44.65
2008,4,4,11,30,15.100000000000001,0,0,0,0,0,0,45.92
2008,4,4,12,30,15.700000000000001,0,0,0,0,0,0,44.96
2008,4,4,13,30,18.7,49,143,527,527,49,143,39.26
2008,4,4,14,30,23.400000000000002,79,406,795,795,79,406,25.47
2008,4,4,15,30,27.1,94,660,914,914,94,660,13.83
2008,4,4,16,30,29.400000000000002,100,877,985,985,100,877,9.98
2008,4,4,17,30,31,102,1027,1021,1021,102,1027,8.43
2008,4,4,18,30,32.1,102,1102,1037,1037,102,1102,7.62
2008,4,4,19,30,32.7,100,1097,1040,1040,100,1097,7.25
2008,4,4,20,30,32.6,95,1006,1022,672,285,884,7.3
2008,4,4,21,30,32,91,847,987,660,216,721,7.8100000000000005
2008,4,4,22,30,30.8,80,626,925,925,80,626,9.23
2008,4,4,23,30,28.400000000000002,65,368,804,527,132,331,12.66
2008,4,5,0,30,24.6,38,108,499,499,38,108,21.37
2008,4,5,1,30,21.3,0,0,0,0,0,0,33.96
2008,4,5,2,30,19.6,0,0,0,0,0,0,43.35
2008,4,5,3,30,18.1,0,0,0,0,0,0,52.29
2008,4,5,4,30,16.6,0,0,0,0,0,0,61.550000000000004
2008,4,5,5,30,15.3,0,0,0,0,0,0,70.96000000000001
2008,4,5,6,30,14.600000000000001,0,0,0,0,0,0,77.83
2008,4,5,7,30,14.3,0,0,0,0,0,0,81.18
2008,4,5,8,30,14.100000000000001,0,0,0,0,0,0,82.38
2008,4,5,9,30,13.8,0,0,0,0,0,0,83.36
2008,4,5,10,30,13.600000000000001,0,0,0,0,0,0,82.12
2008,4,5,11,30,13.200000000000001,0,0,0,0,0,0,82.06
2008,4,5,12,30,13.8,0,0,0,0,0,0,78.25
2008,4,5,13,30,16.2,46,149,569,569,46,149,66.59
2008,4,5,14,30,20.1,67,413,836,836,67,413,45.57
2008,4,5,15,30,23.6,78,664,943,943,78,664,28.03
2008,4,5,16,30,26.1,86,869,991,991,86,869,21.98
2008,4,5,17,30,28,92,1011,1012,1012,92,1011,18.98
2008,4,5,18,30,29.3,97,1083,1021,1021,97,1083,17.34
2008,4,5,19,30,30,99,1073,1013,1013,99,1073,16.52
2008,4,5,20,30,30.200000000000003,98,984,993,993,98,984,16.42
2008,4,5,21,30,29.700000000000003,91,826,959,959,91,826,17.47
2008,4,5,22,30,28.5,82,612,896,896,82,612,19.97
2008,4,5,23,30,26.3,68,358,770,770,68,358,24.93
2008,4,6,0,30,23.200000000000003,40,106,468,468,40,106,34.33
2008,4,6,1,30,20.200000000000003,0,0,0,0,0,0,48.800000000000004
2008,4,6,2,30,18.400000000000002,0,0,0,0,0,0,62.4
2008,4,6,3,30,17.2,0,0,0,0,0,0,72.10000000000001
2008,4,6,4,30,16.5,0,0,0,0,0,0,77.44
2008,4,6,5,30,15.9,0,0,0,0,0,0,81.47
2008,4,6,6,30,15.4,0,0,0,0,0,0,84.83
2008,4,6,7,30,14.9,0,0,0,0,0,0,88.03
2008,4,6,8,30,14.4,0,0,0,0,0,0,91.3
2008,4,6,9,30,14.100000000000001,0,0,0,0,0,0,92.57000000000001
2008,4,6,10,30,13.9,0,0,0,0,0,0,93.13
2008,4,6,11,30,13.600000000000001,0,0,0,0,0,0,94.55
2008,4,6,12,30,14.4,0,0,0,0,0,0,89.60000000000001
2008,4,6,13,30,16.8,49,148,539,539,49,148,76.74
2008,4,6,14,30,20.1,70,409,813,813,70,409,58.95
2008,4,6,15,30,23.400000000000002,80,659,927,927,80,659,40.17
2008,4,6,16,30,26,87,863,978,978,87,863,29.28
2008,4,6,17,30,28.1,92,1007,1006,1006,92,1007,23.42
2008,4,6,18,30,29.6,95,1079,1017,1017,95,1079,19.89
2008,4,6,19,30,30.6,95,1072,1016,1016,95,1072,17.7
2008,4,6,20,30,31,93,984,996,996,93,984,16.580000000000002
2008,4,6,21,30,30.8,90,827,960,960,90,827,16.34
2008,4,6,22,30,29.900000000000002,82,613,897,897,82,613,17.080000000000002
2008,4,6,23,30,27.900000000000002,67,360,771,771,67,360,19.64
2008,4,7,0,30,24.400000000000002,40,107,473,473,40,107,26.36
2008,4,7,1,30,21.3,0,0,0,0,0,0,36.32
2008,4,7,2,30,19.5,0,0,0,0,0,0,45.21
2008,4,7,3,30,17.900000000000002,0,0,0,0,0,0,53.97
2008,4,7,4,30,16.7,0,0,0,0,0,0,60.6
2008,4,7,5,30,15.9,0,0,0,0,0,0,64.63
2008,4,7,6,30,15.3,0,0,0,0,0,0,67.21000000000001
2008,4,7,7,30,14.700000000000001,0,0,0,0,0,0,68.77
2008,4,7,8,30,14.200000000000001,0,0,0,0,0,0,68.23
2008,4,7,9,30,13.8,0,0,0,0,0,0,66.62
2008,4,7,10,30,13.4,0,0,0,0,0,0,64.62
2008,4,7,11,30,13.100000000000001,0,0,0,0,0,0,62.1
2008,4,7,12,30,14.3,0,0,0,0,0,0,54.29
2008,4,7,13,30,17.8,44,158,610,610,44,158,41.44
2008,4,7,14,30,22.1,66,422,847,847,66,422,27.1
2008,4,7,15,30,25.6,78,676,953,953,78,676,19.76
2008,4,7,16,30,28.1,85,886,1007,1007,85,886,15.22
2008,4,7,17,30,29.900000000000002,88,1032,1035,1035,88,1032,11.91
2008,4,7,18,30,31.200000000000003,91,1110,1051,1051,91,1110,9.68
2008,4,7,19,30,32,91,1103,1050,1050,91,1103,8.32
2008,4,7,20,30,32.300000000000004,88,1016,1037,1037,88,1016,7.49
2008,4,7,21,30,32,83,862,1014,1014,83,862,7.08
2008,4,7,22,30,31.1,74,642,959,959,74,642,7.25
2008,4,7,23,30,28.8,61,380,842,842,61,380,8.63
2008,4,8,0,30,25,36,117,560,560,36,117,14.75
2008,4,8,1,30,21.700000000000003,0,0,0,0,0,0,23.76
2008,4,8,2,30,19.5,0,0,0,0,0,0,32.980000000000004
2008,4,8,3,30,17.5,0,0,0,0,0,0,42.02
2008,4,8,4,30,16.1,0,0,0,0,0,0,49.49
2008,4,8,5,30,15,0,0,0,0,0,0,55.51
2008,4,8,6,30,14.5,0,0,0,0,0,0,57.65
2008,4,8,7,30,14.3,0,0,0,0,0,0,57.94
2008,4,8,8,30,14,0,0,0,0,0,0,58.42
2008,4,8,9,30,13.700000000000001,0,0,0,0,0,0,59.59
2008,4,8,10,30,13.200000000000001,0,0,0,0,0,0,61.870000000000005
2008,4,8,11,30,12.9,0,0,0,0,0,0,63.64
2008,4,8,12,30,13.9,0,0,0,0,0,0,60.17
2008,4,8,13,30,17.5,43,163,633,633,43,163,48.85
2008,4,8,14,30,22.6,63,429,863,863,63,429,28.45
2008,4,8,15,30,26.400000000000002,76,676,954,954,76,676,15.43
2008,4,8,16,30,28.5,84,884,1002,1002,84,884,13.530000000000001
2008,4,8,17,30,30.1,91,1029,1027,1027,91,1029,12.59
2008,4,8,18,30,31.200000000000003,94,1096,1032,1032,94,1096,11.96
2008,4,8,19,30,31.8,96,1088,1028,1028,96,1088,11.76
2008,4,8,20,30,31.8,94,997,1007,1007,94,997,12.09
2008,4,8,21,30,31.200000000000003,87,837,974,974,87,837,13.13
2008,4,8,22,30,29.900000000000002,80,618,907,907,80,618,15.17
2008,4,8,23,30,27.6,66,364,783,783,66,364,19.03
2008,4,9,0,30,24,39,110,486,486,39,110,27.18
2008,4,9,1,30,20.900000000000002,0,0,0,0,0,0,38.87
2008,4,9,2,30,18.8,0,0,0,0,0,0,49.88
2008,4,9,3,30,17.3,0,0,0,0,0,0,57.93
2008,4,9,4,30,16.1,0,0,0,0,0,0,62.47
2008,4,9,5,30,15.100000000000001,0,0,0,0,0,0,65.67
2008,4,9,6,30,14.4,0,0,0,0,0,0,66.04
2008,4,9,7,30,13.700000000000001,0,0,0,0,0,0,66.67
2008,4,9,8,30,13.200000000000001,0,0,0,0,0,0,66.61
2008,4,9,9,30,12.700000000000001,0,0,0,0,0,0,66.28
2008,4,9,10,30,12.4,0,0,0,0,0,0,64.87
2008,4,9,11,30,12.100000000000001,0,0,0,0,0,0,63.46
2008,4,9,12,30,13.4,0,0,0,0,0,0,56.21
2008,4,9,13,30,16.8,44,164,618,618,44,164,44.27
2008,4,9,14,30,21.6,66,426,846,846,66,426,31.19
2008,4,9,15,30,26.3,78,678,949,949,78,678,17.34
2008,4,9,16,30,29.1,87,885,999,999,87,885,11.6
2008,4,9,17,30,30.900000000000002,92,1030,1025,1025,92,1030,9.83
2008,4,9,18,30,31.900000000000002,96,1101,1033,1033,96,1101,9.11
2008,4,9,19,30,32.4,98,1092,1029,1029,98,1092,9.11
2008,4,9,20,30,32.300000000000004,97,1005,1013,1013,97,1005,9.43
2008,4,9,21,30,31.5,96,844,970,970,96,844,10.09
2008,4,9,22,30,29.900000000000002,88,623,900,900,88,623,11.42
2008,4,9,23,30,27.5,72,368,776,776,72,368,13.73
2008,4,10,0,30,23.700000000000003,42,112,476,56,80,88,19.26
2008,4,10,1,30,20.3,0,0,0,0,0,0,28.75
2008,4,10,2,30,18.400000000000002,0,0,0,0,0,0,36.7
2008,4,10,3,30,16.900000000000002,0,0,0,0,0,0,43.54
2008,4,10,4,30,16,0,0,0,0,0,0,47.57
2008,4,10,5,30,15.700000000000001,0,0,0,0,0,0,48.43
2008,4,10,6,30,15.5,0,0,0,0,0,0,47.99
2008,4,10,7,30,15.3,0,0,0,0,0,0,46.94
2008,4,10,8,30,15,0,0,0,0,0,0,46.75
2008,4,10,9,30,14.700000000000001,0,0,0,0,0,0,47
2008,4,10,10,30,14.5,0,0,0,0,0,0,47.19
2008,4,10,11,30,14.200000000000001,0,0,0,0,0,0,47.85
2008,4,10,12,30,14.9,0,0,0,0,0,0,45.71
2008,4,10,13,30,17.900000000000002,49,166,599,599,49,166,38.65
2008,4,10,14,30,22.3,74,430,831,831,74,430,26.92
2008,4,10,15,30,26,88,680,933,933,88,680,16.44
2008,4,10,16,30,28.400000000000002,98,887,985,985,98,887,12.450000000000001
2008,4,10,17,30,30.1,104,1027,1006,1006,104,1027,10.870000000000001
2008,4,10,18,30,31.3,105,1099,1020,1020,105,1099,10.13
2008,4,10,19,30,31.8,106,1090,1017,1017,106,1090,9.89
2008,4,10,20,30,31.700000000000003,104,1002,1000,1000,104,1002,10.05
2008,4,10,21,30,31,96,841,966,966,96,841,10.67
2008,4,10,22,30,29.700000000000003,87,624,902,902,87,624,11.89
2008,4,10,23,30,27.400000000000002,71,368,776,776,71,368,14.38
2008,4,11,0,30,23.8,42,112,479,479,42,112,20.06
2008,4,11,1,30,20.5,0,0,0,0,0,0,29.22
2008,4,11,2,30,18.8,0,0,0,0,0,0,36.45
2008,4,11,3,30,17.3,0,0,0,0,0,0,43.09
2008,4,11,4,30,16.3,0,0,0,0,0,0,47.37
2008,4,11,5,30,15.600000000000001,0,0,0,0,0,0,49.36
2008,4,11,6,30,15.100000000000001,0,0,0,0,0,0,50.29
2008,4,11,7,30,14.8,0,0,0,0,0,0,50.53
2008,4,11,8,30,14.5,0,0,0,0,0,0,50.99
2008,4,11,9,30,14.200000000000001,0,0,0,0,0,0,51.6
2008,4,11,10,30,13.8,0,0,0,0,0,0,52.870000000000005
2008,4,11,11,30,13.5,0,0,0,0,0,0,53.85
2008,4,11,12,30,14.4,0,0,0,0,0,0,49.980000000000004
2008,4,11,13,30,17.5,53,163,553,553,53,163,40.56
2008,4,11,14,30,22.200000000000003,81,422,789,789,81,422,27.52
2008,4,11,15,30,26.6,98,669,896,896,98,669,14.450000000000001
2008,4,11,16,30,29.400000000000002,108,871,949,949,108,871,11.01
2008,4,11,17,30,31.3,114,1014,979,979,114,1014,9.84
2008,4,11,18,30,32.5,130,1079,973,973,130,1079,9.4
2008,4,11,19,30,33.1,131,1070,970,712,333,1023,10.16
2008,4,11,20,30,33.300000000000004,128,979,947,947,128,979,10.92
2008,4,11,21,30,32.800000000000004,132,818,888,525,306,711,11.57
2008,4,11,22,30,31.700000000000003,119,601,807,513,229,534,12.91
2008,4,11,23,30,29.5,97,351,664,368,183,324,14.91
2008,4,12,0,30,26,52,104,353,9,63,64,19.91
2008,4,12,1,30,23,0,0,0,0,0,0,27.32
2008,4,12,2,30,21.6,0,0,0,0,0,0,31.95
2008,4,12,3,30,20.5,0,0,0,0,0,0,34.71
2008,4,12,4,30,19.5,0,0,0,0,0,0,35.76
2008,4,12,5,30,18.400000000000002,0,0,0,0,0,0,36.480000000000004
2008,4,12,6,30,17.2,0,0,0,0,0,0,37.51
2008,4,12,7,30,16.2,0,0,0,0,0,0,38.34
2008,4,12,8,30,15.4,0,0,0,0,0,0,39.660000000000004
2008,4,12,9,30,15,0,0,0,0,0,0,41.18
2008,4,12,10,30,14.700000000000001,0,0,0,0,0,0,43.64
2008,4,12,11,30,14.5,0,0,0,0,0,0,46.800000000000004
2008,4,12,12,30,15.700000000000001,0,0,0,0,0,0,46.6
2008,4,12,13,30,19,74,150,379,379,74,150,42.17
2008,4,12,14,30,23.200000000000003,121,397,635,635,121,397,34.37
2008,4,12,15,30,26.8,148,635,761,761,148,635,24.5
2008,4,12,16,30,29.400000000000002,165,836,833,833,165,836,17.66
2008,4,12,17,30,31.200000000000003,175,977,871,871,175,977,14.77
2008,4,12,18,30,32.300000000000004,159,1053,915,915,159,1053,13.780000000000001
2008,4,12,19,30,32.7,164,1042,906,906,164,1042,13.92
2008,4,12,20,30,32.7,165,954,878,84,509,585,14.49
2008,4,12,21,30,32.1,146,799,845,335,426,685,15.27
2008,4,12,22,30,30.900000000000002,127,589,774,226,343,479,16.63
2008,4,12,23,30,28.900000000000002,98,346,644,644,98,346,19.14
2008,4,13,0,30,25.6,52,104,352,352,52,104,24.95
2008,4,13,1,30,22.700000000000003,0,0,0,0,0,0,33.78
2008,4,13,2,30,20.900000000000002,0,0,0,0,0,0,41.9
2008,4,13,3,30,19.5,0,0,0,0,0,0,48.79
2008,4,13,4,30,19,0,0,0,0,0,0,51.800000000000004
2008,4,13,5,30,18.7,0,0,0,0,0,0,53.08
2008,4,13,6,30,18,0,0,0,0,0,0,56.04
2008,4,13,7,30,17.2,0,0,0,0,0,0,60.9
2008,4,13,8,30,16.5,0,0,0,0,0,0,66.23
2008,4,13,9,30,15.8,0,0,0,0,0,0,71.76
2008,4,13,10,30,15.100000000000001,0,0,0,0,0,0,77.3
2008,4,13,11,30,14.600000000000001,0,0,0,0,0,0,81.88
2008,4,13,12,30,15.600000000000001,0,0,0,0,0,0,78.03
2008,4,13,13,30,18.5,77,147,341,341,77,147,64.29
2008,4,13,14,30,22,123,391,615,615,123,391,49.620000000000005
2008,4,13,15,30,25.200000000000003,142,630,760,760,142,630,38
2008,4,13,16,30,27.700000000000003,151,830,841,841,151,830,30.73
2008,4,13,17,30,29.5,158,970,881,881,158,970,26.64
2008,4,13,18,30,30.400000000000002,216,1019,821,821,216,1019,24.54
2008,4,13,19,30,30.8,234,1004,793,1,365,366,23.330000000000002
2008,4,13,20,30,30.8,239,913,748,748,239,913,22.85
2008,4,13,21,30,29.900000000000002,206,764,721,518,317,718,24.07
2008,4,13,22,30,28.3,184,555,621,159,315,410,27.37
2008,4,13,23,30,26.3,142,318,456,35,180,194,32.71
2008,4,14,0,30,24.3,66,88,150,120,69,87,39.730000000000004
2008,4,14,1,30,22.700000000000003,0,0,0,0,0,0,47.77
2008,4,14,2,30,21.5,0,0,0,0,0,0,54.99
2008,4,14,3,30,20.5,0,0,0,0,0,0,60.88
2008,4,14,4,30,19.6,0,0,0,0,0,0,65.6
2008,4,14,5,30,18.8,0,0,0,0,0,0,68.64
2008,4,14,6,30,17.8,0,0,0,0,0,0,71.69
2008,4,14,7,30,16.7,0,0,0,0,0,0,74.69
2008,4,14,8,30,15.600000000000001,0,0,0,0,0,0,77.02
2008,4,14,9,30,14.600000000000001,0,0,0,0,0,0,77.9
2008,4,14,10,30,13.9,0,0,0,0,0,0,77.28
2008,4,14,11,30,13.4,0,0,0,0,0,0,77.28
2008,4,14,12,30,13.4,0,0,0,0,0,0,75.86
2008,4,14,13,30,14.4,82,145,301,0,23,23,69.7
2008,4,14,14,30,16.6,136,384,563,275,215,336,58.97
2008,4,14,15,30,19.6,162,620,710,48,326,357,48.67
2008,4,14,16,30,22.700000000000003,168,821,806,69,435,491,40.980000000000004
2008,4,14,17,30,25.6,166,964,863,287,526,791,34.95
2008,4,14,18,30,27.5,158,1038,899,899,158,1038,30.71
2008,4,14,19,30,28.5,152,1032,906,464,472,923,27.6
2008,4,14,20,30,28.900000000000002,145,948,890,890,145,948,25.45
2008,4,14,21,30,28.6,132,795,856,638,216,710,24.92
2008,4,14,22,30,27.8,117,586,785,785,117,586,25.67
2008,4,14,23,30,26.3,92,344,653,416,167,327,27.87
2008,4,15,0,30,23.6,50,105,364,99,82,97,36.300000000000004
2008,4,15,1,30,21.400000000000002,0,0,0,0,0,0,45.56
2008,4,15,2,30,20.200000000000003,0,0,0,0,0,0,51.620000000000005
2008,4,15,3,30,19.400000000000002,0,0,0,0,0,0,57.29
2008,4,15,4,30,18.400000000000002,0,0,0,0,0,0,60.13
2008,4,15,5,30,17,0,0,0,0,0,0,62.95
2008,4,15,6,30,15.9,0,0,0,0,0,0,64.14
2008,4,15,7,30,14.9,0,0,0,0,0,0,66.45
2008,4,15,8,30,14.200000000000001,0,0,0,0,0,0,69.35000000000001
2008,4,15,9,30,13.700000000000001,0,0,0,0,0,0,71.98
2008,4,15,10,30,13.600000000000001,0,0,0,0,0,0,73.22
2008,4,15,11,30,13.600000000000001,0,0,0,0,0,0,75.33
2008,4,15,12,30,14.200000000000001,0,0,0,0,0,0,73.60000000000001
2008,4,15,13,30,16.2,82,151,325,25,118,123,65.18
2008,4,15,14,30,19.5,133,392,587,210,252,344,57.300000000000004
2008,4,15,15,30,22.8,148,632,748,748,148,632,49.25
2008,4,15,16,30,25.400000000000002,155,832,834,834,155,832,39.15
2008,4,15,17,30,27.3,165,970,870,428,470,867,32.31
2008,4,15,18,30,28.400000000000002,161,1040,896,896,161,1040,28.8
2008,4,15,19,30,29.1,162,1030,893,893,162,1030,26.45
2008,4,15,20,30,29.200000000000003,156,947,876,876,156,947,25.060000000000002
2008,4,15,21,30,28.900000000000002,126,800,870,870,126,800,24.67
2008,4,15,22,30,28,116,589,791,791,116,589,25.47
2008,4,15,23,30,26.6,94,346,653,653,94,346,27.42
2008,4,16,0,30,24.5,51,106,366,366,51,106,33.12
2008,4,16,1,30,22.400000000000002,0,0,0,0,0,0,40.59
2008,4,16,2,30,21,0,0,0,0,0,0,47.800000000000004
2008,4,16,3,30,20,0,0,0,0,0,0,55.25
2008,4,16,4,30,19.1,0,0,0,0,0,0,61.51
2008,4,16,5,30,18.3,0,0,0,0,0,0,66.35
2008,4,16,6,30,17.6,0,0,0,0,0,0,69.98
2008,4,16,7,30,17.1,0,0,0,0,0,0,72.25
2008,4,16,8,30,16.8,0,0,0,0,0,0,73.37
2008,4,16,9,30,16.7,0,0,0,0,0,0,72.9
2008,4,16,10,30,16.6,0,0,0,0,0,0,72.7
2008,4,16,11,30,16.400000000000002,0,0,0,0,0,0,73.29
2008,4,16,12,30,17,0,0,0,0,0,0,70.28
2008,4,16,13,30,19.5,72,161,414,61,116,129,59.410000000000004
2008,4,16,14,30,22.8,112,406,662,269,205,324,44.4
2008,4,16,15,30,25.6,133,645,790,496,258,580,34.33
2008,4,16,16,30,27.8,144,844,860,860,144,844,28.38
2008,4,16,17,30,29.400000000000002,156,983,891,693,314,956,24.68
2008,4,16,18,30,30.5,164,1048,901,688,233,908,22.38
2008,4,16,19,30,31.1,164,1038,898,672,285,939,21.06
2008,4,16,20,30,31.3,162,951,873,873,162,951,20.400000000000002
2008,4,16,21,30,30.8,136,800,855,855,136,800,20.78
2008,4,16,22,30,29.8,125,588,772,772,125,588,22.03
2008,4,16,23,30,28.1,105,341,610,610,105,341,24.93
2008,4,17,0,30,25.5,58,102,283,283,58,102,30.95
2008,4,17,1,30,23.3,0,0,0,0,0,0,39.22
2008,4,17,2,30,21.900000000000002,0,0,0,0,0,0,46.35
2008,4,17,3,30,20.6,0,0,0,0,0,0,52.13
2008,4,17,4,30,19.400000000000002,0,0,0,0,0,0,55.65
2008,4,17,5,30,18.3,0,0,0,0,0,0,56.27
2008,4,17,6,30,17.3,0,0,0,0,0,0,55.480000000000004
2008,4,17,7,30,16.900000000000002,0,0,0,0,0,0,53
2008,4,17,8,30,16.7,0,0,0,0,0,0,51.28
2008,4,17,9,30,16.5,0,0,0,0,0,0,51.59
2008,4,17,10,30,16.1,0,0,0,0,0,0,55.09
2008,4,17,11,30,15.600000000000001,0,0,0,0,0,0,60.07
2008,4,17,12,30,16.2,0,0,0,0,0,0,60.77
2008,4,17,13,30,18.900000000000002,63,173,507,39,121,130,52.07
2008,4,17,14,30,22.6,91,430,758,758,91,430,33.69
2008,4,17,15,30,25.900000000000002,104,673,874,874,104,673,21.21
2008,4,17,16,30,28.3,111,877,939,939,111,877,17.03
2008,4,17,17,30,29.900000000000002,116,1020,974,974,116,1020,14.92
2008,4,17,18,30,31,116,1089,990,990,116,1089,13.15
2008,4,17,19,30,31.5,117,1078,986,986,117,1078,12
2008,4,17,20,30,31,116,990,967,967,116,990,11.8
2008,4,17,21,30,29.6,107,832,934,934,107,832,12.64
2008,4,17,22,30,27.8,97,618,867,867,97,618,14.36
2008,4,17,23,30,25.900000000000002,78,368,748,748,78,368,17.02
2008,4,18,0,30,23.1,44,118,476,476,44,118,22.71
2008,4,18,1,30,20.5,0,0,0,0,0,0,30.650000000000002
2008,4,18,2,30,18.7,0,0,0,0,0,0,36.77
2008,4,18,3,30,17.1,0,0,0,0,0,0,43.54
2008,4,18,4,30,15.9,0,0,0,0,0,0,50.120000000000005
2008,4,18,5,30,15,0,0,0,0,0,0,55.71
2008,4,18,6,30,14.5,0,0,0,0,0,0,59.300000000000004
2008,4,18,7,30,14.200000000000001,0,0,0,0,0,0,61.39
2008,4,18,8,30,14.200000000000001,0,0,0,0,0,0,61.47
2008,4,18,9,30,14.3,0,0,0,0,0,0,60.39
2008,4,18,10,30,14.100000000000001,0,0,0,0,0,0,59.84
2008,4,18,11,30,13.700000000000001,0,0,0,0,0,0,59.6
2008,4,18,12,30,14.700000000000001,0,0,0,0,0,0,54.75
2008,4,18,13,30,18.1,50,188,628,628,50,188,44.37
2008,4,18,14,30,22.6,73,448,835,835,73,448,28.39
2008,4,18,15,30,26.3,87,696,933,933,87,696,16.91
2008,4,18,16,30,28.8,95,899,984,984,95,899,12.9
2008,4,18,17,30,30.5,100,1039,1010,1010,100,1039,11.15
2008,4,18,18,30,31.8,100,1107,1024,1024,100,1107,9.94
2008,4,18,19,30,32.6,100,1101,1026,1026,100,1101,9.09
2008,4,18,20,30,33,98,1012,1011,1011,98,1012,8.49
2008,4,18,21,30,32.800000000000004,92,848,974,974,92,848,8.63
2008,4,18,22,30,32,83,632,914,914,83,632,9.41
2008,4,18,23,30,30.1,68,379,800,800,68,379,9.91
2008,4,19,0,30,26.6,41,122,521,521,41,122,14.96
2008,4,19,1,30,23,0,0,0,0,0,0,22.04
2008,4,19,2,30,20.6,0,0,0,0,0,0,30.46
2008,4,19,3,30,18.8,0,0,0,0,0,0,38.800000000000004
2008,4,19,4,30,17.6,0,0,0,0,0,0,44.13
2008,4,19,5,30,17.2,0,0,0,0,0,0,45.1
2008,4,19,6,30,16.8,0,0,0,0,0,0,45.17
2008,4,19,7,30,16.3,0,0,0,0,0,0,46.75
2008,4,19,8,30,15.5,0,0,0,0,0,0,50.21
2008,4,19,9,30,14.700000000000001,0,0,0,0,0,0,55.72
2008,4,19,10,30,13.9,0,0,0,0,0,0,62.4
2008,4,19,11,30,13.4,0,0,0,0,0,0,68.16
2008,4,19,12,30,14.8,0,0,0,0,0,0,64.74
2008,4,19,13,30,18.6,59,179,538,108,122,146,52.54
2008,4,19,14,30,22.900000000000002,88,430,757,342,224,378,39.17
2008,4,19,15,30,26.5,106,669,859,315,348,554,26.44
2008,4,19,16,30,29.1,118,866,914,423,408,754,20.04
2008,4,19,17,30,30.900000000000002,126,1000,939,461,452,882,17.16
2008,4,19,18,30,32.2,132,1065,948,948,132,1065,16.03
2008,4,19,19,30,32.9,134,1054,943,543,432,962,16.29
2008,4,19,20,30,33.1,129,966,924,924,129,966,16.37
2008,4,19,21,30,32.800000000000004,119,811,890,890,119,811,16.84
2008,4,19,22,30,31.8,107,598,817,817,107,598,18.14
2008,4,19,23,30,30,86,354,687,687,86,354,20.45
2008,4,20,0,30,26.700000000000003,50,111,394,394,50,111,25.34
2008,4,20,1,30,23.700000000000003,0,0,0,0,0,0,33.85
2008,4,20,2,30,22.1,0,0,0,0,0,0,42.410000000000004
2008,4,20,3,30,20.700000000000003,0,0,0,0,0,0,49.81
2008,4,20,4,30,19.400000000000002,0,0,0,0,0,0,53.89
2008,4,20,5,30,18.2,0,0,0,0,0,0,55.42
2008,4,20,6,30,17.1,0,0,0,0,0,0,57.370000000000005
2008,4,20,7,30,16.5,0,0,0,0,0,0,57.59
2008,4,20,8,30,16,0,0,0,0,0,0,56.94
2008,4,20,9,30,15.700000000000001,0,0,0,0,0,0,55.67
2008,4,20,10,30,15.5,0,0,0,0,0,0,54.22
2008,4,20,11,30,15.5,0,0,0,0,0,0,52.11
2008,4,20,12,30,16.8,0,0,0,0,0,0,46.33
2008,4,20,13,30,20,66,179,500,500,66,179,36.99
2008,4,20,14,30,24.5,100,429,723,723,100,429,23.48
2008,4,20,15,30,28.1,121,664,826,826,121,664,15.47
2008,4,20,16,30,30.200000000000003,135,861,884,884,135,861,14.44
2008,4,20,17,30,31.700000000000003,145,997,913,479,451,898,13.9
2008,4,20,18,30,32.800000000000004,222,1035,825,626,387,1004,13.51
2008,4,20,19,30,33.5,222,1023,821,583,423,992,13.33
2008,4,20,20,30,33.6,215,934,793,521,436,908,13.83
2008,4,20,21,30,33.2,235,767,683,683,235,767,14.56
2008,4,20,22,30,32.2,205,560,589,589,205,560,15.55
2008,4,20,23,30,30.3,155,327,440,131,241,292,17
2008,4,21,0,30,27,66,97,192,192,66,97,21.64
2008,4,21,1,30,24,0,0,0,0,0,0,28.41
2008,4,21,2,30,22,0,0,0,0,0,0,33.89
2008,4,21,3,30,20.5,0,0,0,0,0,0,38.01
2008,4,21,4,30,19.200000000000003,0,0,0,0,0,0,40.25
2008,4,21,5,30,18.3,0,0,0,0,0,0,40.6
2008,4,21,6,30,17.5,0,0,0,0,0,0,40.300000000000004
2008,4,21,7,30,16.8,0,0,0,0,0,0,39.82
2008,4,21,8,30,16.3,0,0,0,0,0,0,39.12
2008,4,21,9,30,16,0,0,0,0,0,0,38.6
2008,4,21,10,30,15.9,0,0,0,0,0,0,38.14
2008,4,21,11,30,15.8,0,0,0,0,0,0,38.08
2008,4,21,12,30,17,0,0,0,0,0,0,35.14
2008,4,21,13,30,20.5,75,177,450,450,75,177,28.46
2008,4,21,14,30,24.900000000000002,113,428,691,691,113,428,18.94
2008,4,21,15,30,28.5,132,669,815,815,132,669,13.16
2008,4,21,16,30,30.900000000000002,142,868,884,884,142,868,11.21
2008,4,21,17,30,32.800000000000004,146,1008,924,924,146,1008,10.19
2008,4,21,18,30,34.1,127,1082,968,968,127,1082,9.73
2008,4,21,19,30,34.800000000000004,125,1071,968,968,125,1071,10.290000000000001
2008,4,21,20,30,35,120,984,953,953,120,984,10.450000000000001
2008,4,21,21,30,34.7,105,830,930,930,105,830,10.75
2008,4,21,22,30,33.800000000000004,94,615,864,864,94,615,11.51
2008,4,21,23,30,31.700000000000003,76,367,744,744,76,367,13.27
2008,4,22,0,30,27.900000000000002,45,119,469,469,45,119,17.76
2008,4,22,1,30,24.400000000000002,0,0,0,0,0,0,23.62
2008,4,22,2,30,22.5,0,0,0,0,0,0,27.84
2008,4,22,3,30,20.8,0,0,0,0,0,0,31.12
2008,4,22,4,30,19.700000000000003,0,0,0,0,0,0,32.56
2008,4,22,5,30,19.3,0,0,0,0,0,0,32.85
2008,4,22,6,30,18.900000000000002,0,0,0,0,0,0,33.97
2008,4,22,7,30,18.400000000000002,0,0,0,0,0,0,36.76
2008,4,22,8,30,17.7,0,0,0,0,0,0,40.49
2008,4,22,9,30,16.900000000000002,0,0,0,0,0,0,45.2
2008,4,22,10,30,16.3,0,0,0,0,0,0,49.76
2008,4,22,11,30,16,0,0,0,0,0,0,52.99
2008,4,22,12,30,17.1,0,0,0,0,0,0,50.96
2008,4,22,13,30,20.6,53,193,609,609,53,193,41.88
2008,4,22,14,30,25.700000000000003,76,448,812,812,76,448,25.150000000000002
2008,4,22,15,30,29.6,89,688,907,907,89,688,14.040000000000001
2008,4,22,16,30,32,97,886,958,958,97,886,11.65
2008,4,22,17,30,33.7,102,1023,985,985,102,1023,10.57
2008,4,22,18,30,34.9,109,1086,989,989,109,1086,10.64
2008,4,22,19,30,35.5,110,1074,985,985,110,1074,10.9
2008,4,22,20,30,35.6,109,985,966,966,109,985,11.06
2008,4,22,21,30,35.2,103,826,928,928,103,826,11.64
2008,4,22,22,30,34,94,611,857,857,94,611,13.200000000000001
2008,4,22,23,30,31.700000000000003,77,363,729,729,77,363,16.2
2008,4,23,0,30,27.900000000000002,46,117,447,447,46,117,22.7
2008,4,23,1,30,24.6,0,0,0,0,0,0,32.6
2008,4,23,2,30,22.900000000000002,0,0,0,0,0,0,40.1
2008,4,23,3,30,21.200000000000003,0,0,0,0,0,0,46.04
2008,4,23,4,30,19.900000000000002,0,0,0,0,0,0,48.300000000000004
2008,4,23,5,30,19.1,0,0,0,0,0,0,50.07
2008,4,23,6,30,18.2,0,0,0,0,0,0,54.13
2008,4,23,7,30,17.1,0,0,0,0,0,0,60.75
2008,4,23,8,30,16.1,0,0,0,0,0,0,68.81
2008,4,23,9,30,15.4,0,0,0,0,0,0,77.24
2008,4,23,10,30,15,0,0,0,0,0,0,84.9
2008,4,23,11,30,14.8,0,0,0,0,0,0,91.31
2008,4,23,12,30,16.2,0,0,0,0,0,0,86.73
2008,4,23,13,30,19.6,71,183,481,481,71,183,71.51
2008,4,23,14,30,23.700000000000003,102,431,715,715,102,431,53.21
2008,4,23,15,30,27.3,121,667,824,824,121,667,36.72
2008,4,23,16,30,29.900000000000002,133,858,879,879,133,858,28.18
2008,4,23,17,30,31.8,142,992,909,909,142,992,23.45
2008,4,23,18,30,33.1,153,1053,911,911,153,1053,20.63
2008,4,23,19,30,33.800000000000004,152,1039,906,906,152,1039,19.19
2008,4,23,20,30,33.9,149,952,885,885,149,952,18.62
2008,4,23,21,30,33.6,142,796,839,839,142,796,18.66
2008,4,23,22,30,32.5,127,586,759,759,127,586,19.8
2008,4,23,23,30,30.700000000000003,105,345,611,611,105,345,22.150000000000002
2008,4,24,0,30,27.8,58,108,313,313,58,108,27.44
2008,4,24,1,30,25,0,0,0,0,0,0,35.39
2008,4,24,2,30,23.1,0,0,0,0,0,0,42.79
2008,4,24,3,30,21.5,0,0,0,0,0,0,49.42
2008,4,24,4,30,20.200000000000003,0,0,0,0,0,0,55.25
2008,4,24,5,30,19.3,0,0,0,0,0,0,60.370000000000005
2008,4,24,6,30,18.5,0,0,0,0,0,0,65.53
2008,4,24,7,30,17.900000000000002,0,0,0,0,0,0,69.62
2008,4,24,8,30,17.3,0,0,0,0,0,0,73.35000000000001
2008,4,24,9,30,16.7,0,0,0,0,0,0,76.37
2008,4,24,10,30,16.1,0,0,0,0,0,0,78.74
2008,4,24,11,30,15.700000000000001,0,0,0,0,0,0,79.47
2008,4,24,12,30,17.1,0,0,0,0,0,0,71.23
2008,4,24,13,30,20.900000000000002,71,185,486,486,71,185,54.18
2008,4,24,14,30,25.1,104,435,716,716,104,435,31.05
2008,4,24,15,30,28.200000000000003,123,672,826,826,123,672,19.54
2008,4,24,16,30,30.5,136,867,886,886,136,867,16.02
2008,4,24,17,30,32.2,143,1003,918,918,143,1003,14.200000000000001
2008,4,24,18,30,33.4,147,1067,931,931,147,1067,13.19
2008,4,24,19,30,34.1,146,1055,928,928,146,1055,12.8
2008,4,24,20,30,34.2,140,967,910,910,140,967,12.950000000000001
2008,4,24,21,30,33.7,132,811,870,870,132,811,13.58
2008,4,24,22,30,32.5,117,599,796,796,117,599,14.75
2008,4,24,23,30,30.3,95,357,665,665,95,357,17.04
2008,4,25,0,30,27.1,52,115,387,387,52,115,21.61
2008,4,25,1,30,24,0,0,0,0,0,0,28.3
2008,4,25,2,30,22,0,0,0,0,0,0,34.06
2008,4,25,3,30,20.400000000000002,0,0,0,0,0,0,38.550000000000004
2008,4,25,4,30,19,0,0,0,0,0,0,42.24
2008,4,25,5,30,18.1,0,0,0,0,0,0,44.800000000000004
2008,4,25,6,30,17.400000000000002,0,0,0,0,0,0,46.79
2008,4,25,7,30,16.8,0,0,0,0,0,0,48.74
2008,4,25,8,30,16.3,0,0,0,0,0,0,50.47
2008,4,25,9,30,15.8,0,0,0,0,0,0,52.22
2008,4,25,10,30,15.5,0,0,0,0,0,0,53.230000000000004
2008,4,25,11,30,15.200000000000001,0,0,0,0,0,0,53.980000000000004
2008,4,25,12,30,16.7,0,0,0,0,0,0,48.69
2008,4,25,13,30,20.6,67,194,533,533,67,194,37.63
2008,4,25,14,30,25.200000000000003,96,445,750,750,96,445,21.150000000000002
2008,4,25,15,30,28.400000000000002,114,685,859,859,114,685,13.620000000000001
2008,4,25,16,30,30.5,124,882,917,917,124,882,11.46
2008,4,25,17,30,32.1,130,1019,948,948,130,1019,10.370000000000001
2008,4,25,18,30,33.300000000000004,131,1084,963,963,131,1084,9.78
2008,4,25,19,30,34,127,1072,964,964,127,1072,9.450000000000001
2008,4,25,20,30,34.300000000000004,121,985,951,951,121,985,9.3
2008,4,25,21,30,34,113,828,916,916,113,828,9.5
2008,4,25,22,30,33.2,99,617,854,854,99,617,10.1
2008,4,25,23,30,31.3,79,371,738,738,79,371,11.53
2008,4,26,0,30,27.5,46,123,471,471,46,123,15.790000000000001
2008,4,26,1,30,23.900000000000002,0,0,0,0,0,0,23.51
2008,4,26,2,30,22.1,0,0,0,0,0,0,28.28
2008,4,26,3,30,20.700000000000003,0,0,0,0,0,0,31.720000000000002
2008,4,26,4,30,19.700000000000003,0,0,0,0,0,0,33.76
2008,4,26,5,30,18.900000000000002,0,0,0,0,0,0,35.86
2008,4,26,6,30,18.2,0,0,0,0,0,0,38.71
2008,4,26,7,30,17.5,0,0,0,0,0,0,42.86
2008,4,26,8,30,16.8,0,0,0,0,0,0,48.26
2008,4,26,9,30,16,0,0,0,0,0,0,54.67
2008,4,26,10,30,15.100000000000001,0,0,0,0,0,0,62.14
2008,4,26,11,30,14.5,0,0,0,0,0,0,69.82000000000001
2008,4,26,12,30,15.8,0,0,0,0,0,0,69.29
2008,4,26,13,30,19.1,61,198,568,568,61,198,59.27
2008,4,26,14,30,23.3,85,450,782,258,247,367,42.660000000000004
2008,4,26,15,30,27.3,99,687,881,323,353,568,24.96
2008,4,26,16,30,30.1,111,881,930,505,380,798,17.29
2008,4,26,17,30,31.900000000000002,119,1016,955,955,119,1016,14.52
2008,4,26,18,30,33.1,131,1073,951,717,276,986,13.32
2008,4,26,19,30,33.800000000000004,141,1058,935,479,371,840,12.92
2008,4,26,20,30,33.7,152,962,890,721,209,864,13.3
2008,4,26,21,30,33,166,796,805,592,277,739,14.52
2008,4,26,22,30,31.700000000000003,155,583,706,242,350,496,16.68
2008,4,26,23,30,29.700000000000003,123,343,556,224,201,290,19.82
2008,4,27,0,30,26.900000000000002,62,111,296,296,62,111,24.900000000000002
2008,4,27,1,30,24.200000000000003,0,0,0,0,0,0,31.740000000000002
2008,4,27,2,30,22.3,0,0,0,0,0,0,37.38
2008,4,27,3,30,20.700000000000003,0,0,0,0,0,0,41.54
2008,4,27,4,30,19.5,0,0,0,0,0,0,43.63
2008,4,27,5,30,18.8,0,0,0,0,0,0,44.46
2008,4,27,6,30,18.3,0,0,0,0,0,0,45.43
2008,4,27,7,30,17.900000000000002,0,0,0,0,0,0,46.95
2008,4,27,8,30,17.400000000000002,0,0,0,0,0,0,49.38
2008,4,27,9,30,16.900000000000002,0,0,0,0,0,0,51.82
2008,4,27,10,30,16.400000000000002,0,0,0,0,0,0,54.5
2008,4,27,11,30,16,0,0,0,0,0,0,57.17
2008,4,27,12,30,16.900000000000002,0,0,0,0,0,0,55.38
2008,4,27,13,30,20.200000000000003,73,196,508,51,139,151,45.74
2008,4,27,14,30,24.200000000000003,106,445,723,300,211,351,28.82
2008,4,27,15,30,27.3,126,682,832,229,370,523,18.18
2008,4,27,16,30,29.5,137,877,892,541,283,732,14.33
2008,4,27,17,30,31.200000000000003,144,1013,926,711,258,927,12.56
2008,4,27,18,30,32.300000000000004,151,1072,929,685,289,968,11.75
2008,4,27,19,30,32.9,150,1060,927,927,150,1060,11.44
2008,4,27,20,30,33.1,149,970,902,686,284,907,11.51
2008,4,27,21,30,32.5,153,808,837,623,275,762,12.39
2008,4,27,22,30,31.3,142,594,744,486,241,536,14.3
2008,4,27,23,30,29.200000000000003,115,349,589,401,171,330,17.87
2008,4,28,0,30,26.1,63,112,294,30,85,90,24.51
2008,4,28,1,30,23.3,0,0,0,0,0,0,33.67
2008,4,28,2,30,21.6,0,0,0,0,0,0,41.49
2008,4,28,3,30,20.200000000000003,0,0,0,0,0,0,47.81
2008,4,28,4,30,18.900000000000002,0,0,0,0,0,0,52.410000000000004
2008,4,28,5,30,17.900000000000002,0,0,0,0,0,0,55.13
2008,4,28,6,30,17.2,0,0,0,0,0,0,55.74
2008,4,28,7,30,16.6,0,0,0,0,0,0,54.43
2008,4,28,8,30,16,0,0,0,0,0,0,53.660000000000004
2008,4,28,9,30,15.3,0,0,0,0,0,0,54.01
2008,4,28,10,30,14.8,0,0,0,0,0,0,53.88
2008,4,28,11,30,14.5,0,0,0,0,0,0,52.84
2008,4,28,12,30,16,0,0,0,0,0,0,46.4
2008,4,28,13,30,19.900000000000002,62,203,576,576,62,203,35.050000000000004
2008,4,28,14,30,23.900000000000002,89,454,776,776,89,454,22.39
2008,4,28,15,30,26.900000000000002,106,691,872,872,106,691,17.36
2008,4,28,16,30,29.200000000000003,117,881,920,920,117,881,15.280000000000001
2008,4,28,17,30,30.900000000000002,125,1015,947,947,125,1015,13.97
2008,4,28,18,30,32.1,130,1078,956,956,130,1078,12.97
2008,4,28,19,30,32.9,131,1064,951,951,131,1064,12.26
2008,4,28,20,30,33.2,128,975,931,931,128,975,11.950000000000001
2008,4,28,21,30,33,123,819,890,890,123,819,12
2008,4,28,22,30,32,115,606,808,808,115,606,12.71
2008,4,28,23,30,30,97,359,660,660,97,359,15.02
2008,4,29,0,30,26.6,56,117,365,39,91,97,22.29
2008,4,29,1,30,23.400000000000002,0,0,0,0,0,0,34.45
2008,4,29,2,30,21.400000000000002,0,0,0,0,0,0,47.12
2008,4,29,3,30,19.900000000000002,0,0,0,0,0,0,58.65
2008,4,29,4,30,18.8,0,0,0,0,0,0,66.99
2008,4,29,5,30,18,0,0,0,0,0,0,72.44
2008,4,29,6,30,17.2,0,0,0,0,0,0,77.09
2008,4,29,7,30,16.6,0,0,0,0,0,0,81.54
2008,4,29,8,30,16.2,0,0,0,0,0,0,84.77
2008,4,29,9,30,15.8,0,0,0,0,0,0,87.69
2008,4,29,10,30,15.5,0,0,0,0,0,0,89.8
2008,4,29,11,30,15.100000000000001,0,0,0,0,0,0,92.16
2008,4,29,12,30,16.3,0,0,0,0,0,0,85.08
2008,4,29,13,30,19.5,64,201,552,552,64,201,67.52
2008,4,29,14,30,23,89,452,770,770,89,452,39.62
2008,4,29,15,30,25.700000000000003,102,688,871,871,102,688,24.560000000000002
2008,4,29,16,30,27.900000000000002,111,881,926,926,111,881,19.650000000000002
2008,4,29,17,30,29.6,117,1015,955,955,117,1015,17.240000000000002
2008,4,29,18,30,30.8,131,1074,951,951,131,1074,15.89
2008,4,29,19,30,31.6,133,1060,944,944,133,1060,15.21
2008,4,29,20,30,31.700000000000003,133,971,921,921,133,971,15.23
2008,4,29,21,30,31.3,133,811,866,507,304,701,15.74
2008,4,29,22,30,30.1,126,597,773,773,126,597,17.18
2008,4,29,23,30,28.200000000000003,108,353,615,0,27,27,19.88
2008,4,30,0,30,25.400000000000002,62,115,317,46,93,100,25.080000000000002
2008,4,30,1,30,22.700000000000003,0,0,0,0,0,0,32.6
2008,4,30,2,30,20.8,0,0,0,0,0,0,39.57
2008,4,30,3,30,19.400000000000002,0,0,0,0,0,0,44.480000000000004
2008,4,30,4,30,18.5,0,0,0,0,0,0,47.64
2008,4,30,5,30,17.8,0,0,0,0,0,0,50.31
2008,4,30,6,30,17.3,0,0,0,0,0,0,52.050000000000004
2008,4,30,7,30,16.7,0,0,0,0,0,0,53.15
2008,4,30,8,30,16.1,0,0,0,0,0,0,54.19
2008,4,30,9,30,15.600000000000001,0,0,0,0,0,0,54.660000000000004
2008,4,30,10,30,15.100000000000001,0,0,0,0,0,0,55.59
2008,4,30,11,30,14.8,0,0,0,0,0,0,55.97
2008,4,30,12,30,16.2,0,0,0,0,0,0,50.63
2008,4,30,13,30,19.3,84,194,441,441,84,194,43.32
2008,4,30,14,30,22.6,117,442,685,685,117,442,37.88
2008,4,30,15,30,25.5,131,680,815,815,131,680,29.12
2008,4,30,16,30,27.900000000000002,139,875,884,884,139,875,22.05
2008,4,30,17,30,29.6,143,1012,922,922,143,1012,18.150000000000002
2008,4,30,18,30,30.900000000000002,139,1078,946,946,139,1078,15.92
2008,4,30,19,30,31.6,137,1065,945,723,256,966,14.450000000000001
2008,4,30,20,30,31.8,135,976,923,718,242,896,13.51
2008,4,30,21,30,31.5,124,822,891,518,301,707,13.01
2008,4,30,22,30,30.5,113,610,817,91,294,349,13.08
2008,4,30,23,30,28.8,93,367,688,3,100,102,13.81
2008,5,1,0,30,25.700000000000003,53,123,420,96,91,108,16.27
2008,5,1,1,30,22.700000000000003,0,0,0,0,0,0,21.080000000000002
2008,5,1,2,30,20.8,0,0,0,0,0,0,25.01
2008,5,1,3,30,19.1,0,0,0,0,0,0,28.85
2008,5,1,4,30,17.8,0,0,0,0,0,0,32.55
2008,5,1,5,30,17.1,0,0,0,0,0,0,35.1
2008,5,1,6,30,16.6,0,0,0,0,0,0,37.050000000000004
2008,5,1,7,30,16.1,0,0,0,0,0,0,39.24
2008,5,1,8,30,15.700000000000001,0,0,0,0,0,0,41.64
2008,5,1,9,30,15.200000000000001,0,0,0,0,0,0,44.07
2008,5,1,10,30,14.600000000000001,0,0,0,0,0,0,46.78
2008,5,1,11,30,14.3,0,0,0,0,0,0,48.57
2008,5,1,12,30,15.5,10,12,86,86,10,12,45.89
2008,5,1,13,30,19.3,63,213,600,600,63,213,37.42
2008,5,1,14,30,23.6,88,467,796,796,88,467,21.48
2008,5,1,15,30,26.700000000000003,104,705,892,892,104,705,12.5
2008,5,1,16,30,28.700000000000003,112,901,947,947,112,901,10.97
2008,5,1,17,30,30.3,116,1036,976,976,116,1036,10.120000000000001
2008,5,1,18,30,31.5,120,1104,990,990,120,1104,9.39
2008,5,1,19,30,32.2,118,1090,989,989,118,1090,8.75
2008,5,1,20,30,32.300000000000004,115,997,968,968,115,997,8.42
2008,5,1,21,30,31.900000000000002,111,839,928,928,111,839,8.56
2008,5,1,22,30,30.8,100,627,864,864,100,627,9.39
2008,5,1,23,30,28.8,82,377,737,737,82,377,11.09
2008,5,2,0,30,25.6,49,129,469,78,93,106,15
2008,5,2,1,30,22.6,0,0,0,0,0,0,20.68
2008,5,2,2,30,20.400000000000002,0,0,0,0,0,0,25.67
2008,5,2,3,30,18.7,0,0,0,0,0,0,29.46
2008,5,2,4,30,17.400000000000002,0,0,0,0,0,0,32.03
2008,5,2,5,30,16.5,0,0,0,0,0,0,33.61
2008,5,2,6,30,15.600000000000001,0,0,0,0,0,0,35.410000000000004
2008,5,2,7,30,14.8,0,0,0,0,0,0,37.65
2008,5,2,8,30,14.100000000000001,0,0,0,0,0,0,40.13
2008,5,2,9,30,13.700000000000001,0,0,0,0,0,0,42
2008,5,2,10,30,13.600000000000001,0,0,0,0,0,0,42.96
2008,5,2,11,30,13.5,0,0,0,0,0,0,43.7
2008,5,2,12,30,15.3,11,14,119,119,11,14,39.230000000000004
2008,5,2,13,30,19.400000000000002,56,221,654,654,56,221,29.43
2008,5,2,14,30,23.5,76,478,843,843,76,478,16.3
2008,5,2,15,30,26.1,88,718,933,933,88,718,12.58
2008,5,2,16,30,28,93,913,983,983,93,913,11.21
2008,5,2,17,30,29.6,97,1048,1009,1009,97,1048,10.13
2008,5,2,18,30,30.8,103,1110,1013,1013,103,1110,9.33
2008,5,2,19,30,31.5,104,1096,1010,1010,104,1096,8.81
2008,5,2,20,30,31.700000000000003,102,1006,993,993,102,1006,8.6
2008,5,2,21,30,31.400000000000002,99,848,955,955,99,848,8.71
2008,5,2,22,30,30.5,90,635,894,894,90,635,9.27
2008,5,2,23,30,28.700000000000003,75,383,771,771,75,383,10.43
2008,5,3,0,30,25.200000000000003,46,133,506,506,46,133,13.6
2008,5,3,1,30,21.700000000000003,0,0,0,0,0,0,19.21
2008,5,3,2,30,19.6,0,0,0,0,0,0,23.26
2008,5,3,3,30,18,0,0,0,0,0,0,26.810000000000002
2008,5,3,4,30,16.900000000000002,0,0,0,0,0,0,29.01
2008,5,3,5,30,15.9,0,0,0,0,0,0,30.29
2008,5,3,6,30,15.200000000000001,0,0,0,0,0,0,31.16
2008,5,3,7,30,14.700000000000001,0,0,0,0,0,0,32.2
2008,5,3,8,30,14.3,0,0,0,0,0,0,33.43
2008,5,3,9,30,14,0,0,0,0,0,0,34.58
2008,5,3,10,30,13.700000000000001,0,0,0,0,0,0,35.69
2008,5,3,11,30,13.4,0,0,0,0,0,0,36.75
2008,5,3,12,30,14.8,12,15,152,152,12,15,33.81
2008,5,3,13,30,19,53,226,682,682,53,226,25.900000000000002
2008,5,3,14,30,23.6,71,483,860,860,71,483,14.88
2008,5,3,15,30,26.900000000000002,83,721,944,944,83,721,10.11
2008,5,3,16,30,29.200000000000003,89,916,989,989,89,916,9.34
2008,5,3,17,30,30.8,93,1051,1014,1014,93,1051,8.94
2008,5,3,18,30,31.900000000000002,112,1103,997,997,112,1103,8.620000000000001
2008,5,3,19,30,32.6,110,1089,995,995,110,1089,8.31
2008,5,3,20,30,32.800000000000004,108,1000,979,979,108,1000,8.08
2008,5,3,21,30,32.5,113,838,924,924,113,838,8.05
2008,5,3,22,30,31.5,101,627,861,861,101,627,8.36
2008,5,3,23,30,29.6,82,380,742,742,82,380,9.1
2008,5,4,0,30,26,50,132,472,472,50,132,11.46
2008,5,4,1,30,22.6,0,0,0,0,0,0,15.69
2008,5,4,2,30,20.5,0,0,0,0,0,0,18.7
2008,5,4,3,30,18.7,0,0,0,0,0,0,22.46
2008,5,4,4,30,17.5,0,0,0,0,0,0,25.47
2008,5,4,5,30,16.6,0,0,0,0,0,0,28.080000000000002
2008,5,4,6,30,15.9,0,0,0,0,0,0,30.41
2008,5,4,7,30,15.600000000000001,0,0,0,0,0,0,31.89
2008,5,4,8,30,15.200000000000001,0,0,0,0,0,0,33.42
2008,5,4,9,30,14.8,0,0,0,0,0,0,35.12
2008,5,4,10,30,14.600000000000001,0,0,0,0,0,0,36.28
2008,5,4,11,30,14.4,0,0,0,0,0,0,37.17
2008,5,4,12,30,16.2,11,12,33,33,11,12,33.43
2008,5,4,13,30,20.200000000000003,90,200,433,433,90,200,26.28
2008,5,4,14,30,24.5,133,444,647,647,133,444,17.89
2008,5,4,15,30,27.700000000000003,157,676,766,766,157,676,12.620000000000001
2008,5,4,16,30,29.8,164,867,840,840,164,867,11.77
2008,5,4,17,30,31.3,165,1002,887,887,165,1002,12.1
2008,5,4,18,30,32.300000000000004,168,1064,901,901,168,1064,12.3
2008,5,4,19,30,32.7,163,1052,904,904,163,1052,12.59
2008,5,4,20,30,32.5,157,965,886,641,354,938,12.99
2008,5,4,21,30,31.900000000000002,174,799,796,115,463,553,13.61
2008,5,4,22,30,30.700000000000003,152,591,719,719,152,591,14.63
2008,5,4,23,30,28.900000000000002,119,354,586,586,119,354,16.43
2008,5,5,0,30,25.900000000000002,65,120,318,318,65,120,20.75
2008,5,5,1,30,22.900000000000002,0,0,0,0,0,0,27.810000000000002
2008,5,5,2,30,21.1,0,0,0,0,0,0,34.160000000000004
2008,5,5,3,30,19.700000000000003,0,0,0,0,0,0,39.89
2008,5,5,4,30,18.7,0,0,0,0,0,0,43.77
2008,5,5,5,30,18.400000000000002,0,0,0,0,0,0,44.88
2008,5,5,6,30,18.400000000000002,0,0,0,0,0,0,44.480000000000004
2008,5,5,7,30,18,0,0,0,0,0,0,44.64
2008,5,5,8,30,17.2,0,0,0,0,0,0,46.86
2008,5,5,9,30,16.3,0,0,0,0,0,0,50.88
2008,5,5,10,30,15.5,0,0,0,0,0,0,56.44
2008,5,5,11,30,15.100000000000001,0,0,0,0,0,0,61.63
2008,5,5,12,30,16.5,9,10,20,20,9,10,59.2
2008,5,5,13,30,20.1,101,192,350,350,101,192,48.67
2008,5,5,14,30,23.700000000000003,158,428,560,560,158,428,33.36
2008,5,5,15,30,26.3,194,653,676,676,194,653,24.44
2008,5,5,16,30,28.400000000000002,212,840,750,750,212,840,20.75
2008,5,5,17,30,30,221,971,794,794,221,971,18.91
2008,5,5,18,30,31.200000000000003,279,1015,740,740,279,1015,17.92
2008,5,5,19,30,31.8,284,1000,728,728,284,1000,17.63
2008,5,5,20,30,32,275,913,699,699,275,913,17.64
2008,5,5,21,30,31.700000000000003,223,771,698,698,223,771,18.01
2008,5,5,22,30,30.8,198,568,604,604,198,568,18.900000000000002
2008,5,5,23,30,29.200000000000003,151,337,460,460,151,337,20.72
2008,5,6,0,30,26.6,74,112,219,219,74,112,24.51
2008,5,6,1,30,23.8,0,0,0,0,0,0,30.85
2008,5,6,2,30,21.900000000000002,0,0,0,0,0,0,37.72
2008,5,6,3,30,20.3,0,0,0,0,0,0,46.410000000000004
2008,5,6,4,30,18.900000000000002,0,0,0,0,0,0,54.02
2008,5,6,5,30,17.8,0,0,0,0,0,0,59.45
2008,5,6,6,30,17.2,0,0,0,0,0,0,62.46
2008,5,6,7,30,16.900000000000002,0,0,0,0,0,0,64.47
2008,5,6,8,30,16.5,0,0,0,0,0,0,67.28
2008,5,6,9,30,16.3,0,0,0,0,0,0,69.58
2008,5,6,10,30,16,0,0,0,0,0,0,72.07000000000001
2008,5,6,11,30,15.700000000000001,0,0,0,0,0,0,74.33
2008,5,6,12,30,16.900000000000002,10,10,20,20,10,10,69.75
2008,5,6,13,30,20.1,103,192,345,345,103,192,57.03
2008,5,6,14,30,23.700000000000003,156,429,564,564,156,429,42.62
2008,5,6,15,30,26.6,189,653,682,682,189,653,31.37
2008,5,6,16,30,28.900000000000002,215,836,741,741,215,836,25.990000000000002
2008,5,6,17,30,30.5,241,960,760,760,241,960,23.75
2008,5,6,18,30,31.400000000000002,313,998,689,689,313,998,22.78
2008,5,6,19,30,31.700000000000003,324,981,667,667,324,981,22.67
2008,5,6,20,30,31.3,314,893,634,634,314,893,23.5
2008,5,6,21,30,30.6,306,738,549,13,384,394,25.16
2008,5,6,22,30,29.3,255,541,467,4,180,183,28.52
2008,5,6,23,30,27.6,180,319,345,0,52,52,33.63
2008,5,7,0,30,25.400000000000002,77,102,147,0,32,32,41.25
2008,5,7,1,30,23.200000000000003,0,0,0,0,0,0,51.13
2008,5,7,2,30,21.6,0,0,0,0,0,0,59.9
2008,5,7,3,30,20.400000000000002,0,0,0,0,0,0,66.48
2008,5,7,4,30,19.6,0,0,0,0,0,0,70.52
2008,5,7,5,30,18.900000000000002,0,0,0,0,0,0,73.54
2008,5,7,6,30,18.3,0,0,0,0,0,0,75.79
2008,5,7,7,30,17.7,0,0,0,0,0,0,78.46000000000001
2008,5,7,8,30,17.2,0,0,0,0,0,0,80.99
2008,5,7,9,30,16.7,0,0,0,0,0,0,83.45
2008,5,7,10,30,16.5,0,0,0,0,0,0,84.10000000000001
2008,5,7,11,30,16.5,0,0,0,0,0,0,83.61
2008,5,7,12,30,17.400000000000002,11,12,32,0,10,10,78.92
2008,5,7,13,30,19.700000000000003,94,197,396,28,146,154,67.49
2008,5,7,14,30,23,135,438,626,318,225,379,49.54
2008,5,7,15,30,26.3,158,666,747,422,286,573,31.79
2008,5,7,16,30,28.6,172,854,814,484,344,750,24.44
2008,5,7,17,30,30.1,182,984,848,478,356,809,21.41
2008,5,7,18,30,30.900000000000002,221,1032,815,390,436,825,20.13
2008,5,7,19,30,31.400000000000002,222,1017,808,529,375,896,19.42
2008,5,7,20,30,31.5,217,928,779,329,445,746,19.28
2008,5,7,21,30,31.400000000000002,164,791,798,561,283,724,19.53
2008,5,7,22,30,30.700000000000003,145,587,721,493,254,556,20.650000000000002
2008,5,7,23,30,29.3,117,351,579,111,236,281,22.900000000000002
2008,5,8,0,30,26.6,65,120,308,0,45,45,27.73
2008,5,8,1,30,24,0,0,0,0,0,0,34.59
2008,5,8,2,30,22.6,0,0,0,0,0,0,40.19
2008,5,8,3,30,21.400000000000002,0,0,0,0,0,0,45.36
2008,5,8,4,30,20.200000000000003,0,0,0,0,0,0,50.39
2008,5,8,5,30,19.1,0,0,0,0,0,0,54.72
2008,5,8,6,30,18.2,0,0,0,0,0,0,58.08
2008,5,8,7,30,17.7,0,0,0,0,0,0,59.95
2008,5,8,8,30,17.5,0,0,0,0,0,0,60.550000000000004
2008,5,8,9,30,17.3,0,0,0,0,0,0,61.02
2008,5,8,10,30,17,0,0,0,0,0,0,61.800000000000004
2008,5,8,11,30,16.7,0,0,0,0,0,0,62.550000000000004
2008,5,8,12,30,17.900000000000002,12,13,40,40,12,13,57.69
2008,5,8,13,30,21.200000000000003,97,197,382,382,97,197,45.29
2008,5,8,14,30,24.8,157,433,569,569,157,433,30.94
2008,5,8,15,30,27.700000000000003,196,655,673,673,196,655,22.6
2008,5,8,16,30,29.900000000000002,222,839,735,735,222,839,18.240000000000002
2008,5,8,17,30,31.700000000000003,238,967,770,770,238,967,16.3
2008,5,8,18,30,33,223,1031,811,811,223,1031,15.39
2008,5,8,19,30,33.7,218,1019,814,814,218,1019,15.43
2008,5,8,20,30,33.9,208,933,794,794,208,933,15.58
2008,5,8,21,30,33.6,176,789,779,779,176,789,15.93
2008,5,8,22,30,32.7,151,587,711,711,151,587,16.7
2008,5,8,23,30,31,117,353,580,580,117,353,18.14
2008,5,9,0,30,27.8,63,123,338,38,98,105,21.94
2008,5,9,1,30,24.5,0,0,0,0,0,0,28.45
2008,5,9,2,30,22.5,0,0,0,0,0,0,33.45
2008,5,9,3,30,21,0,0,0,0,0,0,38.2
2008,5,9,4,30,19.700000000000003,0,0,0,0,0,0,43.58
2008,5,9,5,30,18.7,0,0,0,0,0,0,48.43
2008,5,9,6,30,18,0,0,0,0,0,0,52.03
2008,5,9,7,30,17.7,0,0,0,0,0,0,53.65
2008,5,9,8,30,17.5,0,0,0,0,0,0,54.550000000000004
2008,5,9,9,30,17.2,0,0,0,0,0,0,55.7
2008,5,9,10,30,16.900000000000002,0,0,0,0,0,0,57.07
2008,5,9,11,30,16.7,0,0,0,0,0,0,57.96
2008,5,9,12,30,17.900000000000002,13,14,49,0,11,11,53.9
2008,5,9,13,30,21.200000000000003,92,202,420,47,151,164,43.51
2008,5,9,14,30,25.3,136,440,625,155,286,361,30.05
2008,5,9,15,30,28.8,161,667,741,299,380,584,21.27
2008,5,9,16,30,31.200000000000003,175,854,809,809,175,854,18
2008,5,9,17,30,32.9,184,983,844,844,184,983,16.59
2008,5,9,18,30,34.1,228,1026,801,801,228,1026,16.6
2008,5,9,19,30,34.800000000000004,233,1011,790,790,233,1011,16.56
2008,5,9,20,30,35,232,920,753,753,232,920,16.61
2008,5,9,21,30,34.5,226,768,689,689,226,768,17.36
2008,5,9,22,30,33.300000000000004,204,565,587,587,204,565,19.14
2008,5,9,23,30,31.3,158,335,434,434,158,335,22.27
2008,5,10,0,30,28.400000000000002,76,112,201,201,76,112,27.42
2008,5,10,1,30,25.700000000000003,0,0,0,0,0,0,33.7
2008,5,10,2,30,23.900000000000002,0,0,0,0,0,0,40.12
2008,5,10,3,30,22.400000000000002,0,0,0,0,0,0,45.81
2008,5,10,4,30,21.1,0,0,0,0,0,0,50.2
2008,5,10,5,30,20.1,0,0,0,0,0,0,53.7
2008,5,10,6,30,19.5,0,0,0,0,0,0,55.7
2008,5,10,7,30,19,0,0,0,0,0,0,56.25
2008,5,10,8,30,18.7,0,0,0,0,0,0,56.22
2008,5,10,9,30,18.7,0,0,0,0,0,0,55.870000000000005
2008,5,10,10,30,18.6,0,0,0,0,0,0,55.95
2008,5,10,11,30,18.400000000000002,0,0,0,0,0,0,56.58
2008,5,10,12,30,19.400000000000002,9,9,14,14,9,9,53.31
2008,5,10,13,30,22.400000000000002,116,187,269,269,116,187,43.63
2008,5,10,14,30,26.1,184,418,480,480,184,418,30.490000000000002
2008,5,10,15,30,29.1,222,638,609,609,222,638,24.07
2008,5,10,16,30,31.400000000000002,244,821,688,688,244,821,21.1
2008,5,10,17,30,33.1,260,947,726,726,260,947,19.240000000000002
2008,5,10,18,30,34.300000000000004,248,1012,767,767,248,1012,18.87
2008,5,10,19,30,34.9,257,995,749,749,257,995,18.34
2008,5,10,20,30,35,265,906,702,471,464,894,18.080000000000002
2008,5,10,21,30,34.4,258,754,629,464,355,720,18.91
2008,5,10,22,30,33.5,224,556,541,384,319,556,20.45
2008,5,10,23,30,31.900000000000002,165,332,408,88,231,266,22.87
2008,5,11,0,30,29.3,78,113,197,32,103,109,27.28
2008,5,11,1,30,26.5,0,0,0,0,0,0,34.04
2008,5,11,2,30,24.5,0,0,0,0,0,0,41.410000000000004
2008,5,11,3,30,22.900000000000002,0,0,0,0,0,0,46.42
2008,5,11,4,30,21.5,0,0,0,0,0,0,48.11
2008,5,11,5,30,20.1,0,0,0,0,0,0,47.53
2008,5,11,6,30,18.900000000000002,0,0,0,0,0,0,49.09
2008,5,11,7,30,18.2,0,0,0,0,0,0,51.83
2008,5,11,8,30,17.6,0,0,0,0,0,0,54.18
2008,5,11,9,30,16.900000000000002,0,0,0,0,0,0,56.370000000000005
2008,5,11,10,30,16.5,0,0,0,0,0,0,57.17
2008,5,11,11,30,16.3,0,0,0,0,0,0,56.9
2008,5,11,12,30,17.6,15,17,65,65,15,17,51.34
2008,5,11,13,30,21.200000000000003,84,214,486,486,84,214,40.12
2008,5,11,14,30,25.5,116,458,701,701,116,458,22.61
2008,5,11,15,30,29.1,135,689,811,811,135,689,14.98
2008,5,11,16,30,31.8,148,878,868,868,148,878,12.05
2008,5,11,17,30,33.800000000000004,163,1007,892,892,163,1007,10.57
2008,5,11,18,30,35.1,192,1055,866,866,192,1055,9.82
2008,5,11,19,30,35.800000000000004,199,1038,851,851,199,1038,10.33
2008,5,11,20,30,36,198,949,822,822,198,949,10.200000000000001
2008,5,11,21,30,35.800000000000004,201,790,747,747,201,790,10.06
2008,5,11,22,30,34.9,175,587,669,669,175,587,10.38
2008,5,11,23,30,33.1,135,354,535,535,135,354,11.65
2008,5,12,0,30,29.5,71,122,281,37,104,110,17.3
2008,5,12,1,30,25.8,0,0,0,0,0,0,23.990000000000002
2008,5,12,2,30,23.6,0,0,0,0,0,0,30.87
2008,5,12,3,30,22.1,0,0,0,0,0,0,37.14
2008,5,12,4,30,21,0,0,0,0,0,0,42.29
2008,5,12,5,30,20.5,0,0,0,0,0,0,44.89
2008,5,12,6,30,20.1,0,0,0,0,0,0,46.68
2008,5,12,7,30,19.5,0,0,0,0,0,0,49.59
2008,5,12,8,30,19,0,0,0,0,0,0,52.44
2008,5,12,9,30,18.8,0,0,0,0,0,0,54.120000000000005
2008,5,12,10,30,18.7,0,0,0,0,0,0,54.32
2008,5,12,11,30,18.3,0,0,0,0,0,0,56.14
2008,5,12,12,30,19.200000000000003,12,13,25,25,12,13,54.33
2008,5,12,13,30,22.1,108,195,326,326,108,195,46.85
2008,5,12,14,30,25.6,165,428,537,537,165,428,34.38
2008,5,12,15,30,28.3,203,651,655,655,203,651,25.42
2008,5,12,16,30,30.3,228,834,720,720,228,834,21.43
2008,5,12,17,30,31.900000000000002,248,956,748,748,248,956,19.32
2008,5,12,18,30,33.1,202,1030,831,831,202,1030,18.080000000000002
2008,5,12,19,30,33.800000000000004,213,1013,812,385,533,913,17.400000000000002
2008,5,12,20,30,33.9,214,925,778,305,451,730,17.32
2008,5,12,21,30,33.6,165,786,787,266,370,580,17.87
2008,5,12,22,30,32.5,152,583,698,154,309,403,19.54
2008,5,12,23,30,30.6,127,349,541,1,92,92,22.580000000000002
2008,5,13,0,30,27.8,72,121,267,0,29,29,28.25
2008,5,13,1,30,25,0,0,0,0,0,0,37.33
2008,5,13,2,30,23,0,0,0,0,0,0,44.87
2008,5,13,3,30,21.5,0,0,0,0,0,0,51.4
2008,5,13,4,30,20.400000000000002,0,0,0,0,0,0,56.27
2008,5,13,5,30,19.5,0,0,0,0,0,0,60.43
2008,5,13,6,30,18.7,0,0,0,0,0,0,64.37
2008,5,13,7,30,18,0,0,0,0,0,0,68.45
2008,5,13,8,30,17.400000000000002,0,0,0,0,0,0,72.81
2008,5,13,9,30,16.8,0,0,0,0,0,0,76.65
2008,5,13,10,30,16.3,0,0,0,0,0,0,79.37
2008,5,13,11,30,15.9,0,0,0,0,0,0,81.12
2008,5,13,12,30,17,16,18,58,58,16,18,75.34
2008,5,13,13,30,19.700000000000003,90,210,447,447,90,210,62.300000000000004
2008,5,13,14,30,22.8,128,446,649,649,128,446,42.63
2008,5,13,15,30,25.700000000000003,154,670,753,753,154,670,29.53
2008,5,13,16,30,28,172,854,811,609,339,852,25.14
2008,5,13,17,30,29.700000000000003,184,980,840,613,371,951,23.27
2008,5,13,18,30,30.900000000000002,220,1027,810,368,552,918,22.02
2008,5,13,19,30,31.5,222,1012,801,537,390,920,21.25
2008,5,13,20,30,31.5,221,925,770,531,370,855,20.93
2008,5,13,21,30,30.900000000000002,214,772,708,390,428,736,20.95
2008,5,13,22,30,29.5,191,572,618,199,329,452,21.7
2008,5,13,23,30,27.5,147,346,484,0,56,56,23.330000000000002
2008,5,14,0,30,25,76,122,248,248,76,122,26.48
2008,5,14,1,30,22.8,0,0,0,0,0,0,30.560000000000002
2008,5,14,2,30,21.200000000000003,0,0,0,0,0,0,34.15
2008,5,14,3,30,20,0,0,0,0,0,0,37.69
2008,5,14,4,30,19.1,0,0,0,0,0,0,40.54
2008,5,14,5,30,18.5,0,0,0,0,0,0,42.08
2008,5,14,6,30,17.900000000000002,0,0,0,0,0,0,43.34
2008,5,14,7,30,17.2,0,0,0,0,0,0,45.13
2008,5,14,8,30,16.5,0,0,0,0,0,0,47.44
2008,5,14,9,30,16.1,0,0,0,0,0,0,48.97
2008,5,14,10,30,16.1,0,0,0,0,0,0,48.84
2008,5,14,11,30,16.3,0,0,0,0,0,0,47.76
2008,5,14,12,30,17.6,16,18,46,0,17,17,43.63
2008,5,14,13,30,20.5,102,206,386,10,140,143,35.44
2008,5,14,14,30,23.400000000000002,156,437,573,214,286,391,26.61
2008,5,14,15,30,25.5,190,659,684,345,380,617,22.28
2008,5,14,16,30,27.400000000000002,205,844,759,759,205,844,19.76
2008,5,14,17,30,29.200000000000003,205,973,810,810,205,973,18.21
2008,5,14,18,30,30.700000000000003,184,1041,860,860,184,1041,17.38
2008,5,14,19,30,31.6,175,1026,863,863,175,1026,17.16
2008,5,14,20,30,31.900000000000002,168,941,845,16,444,459,17.400000000000002
2008,5,14,21,30,31.700000000000003,143,797,828,0,178,178,17.990000000000002
2008,5,14,22,30,30.8,131,596,754,11,211,217,19.51
2008,5,14,23,30,29.1,108,361,616,0,49,49,22.650000000000002
2008,5,15,0,30,26.6,64,129,351,351,64,129,28.560000000000002
2008,5,15,1,30,24.1,0,0,0,0,0,0,37.09
2008,5,15,2,30,22.400000000000002,0,0,0,0,0,0,44.94
2008,5,15,3,30,21.400000000000002,0,0,0,0,0,0,50.660000000000004
2008,5,15,4,30,20.700000000000003,0,0,0,0,0,0,54.01
2008,5,15,5,30,20.3,0,0,0,0,0,0,55.79
2008,5,15,6,30,19.900000000000002,0,0,0,0,0,0,57.79
2008,5,15,7,30,19.6,0,0,0,0,0,0,59.370000000000005
2008,5,15,8,30,19.200000000000003,0,0,0,0,0,0,61.36
2008,5,15,9,30,18.900000000000002,0,0,0,0,0,0,62.800000000000004
2008,5,15,10,30,18.7,0,0,0,0,0,0,63.7
2008,5,15,11,30,18.6,0,0,0,0,0,0,64.18
2008,5,15,12,30,19.400000000000002,16,17,35,0,12,12,61.230000000000004
2008,5,15,13,30,20.900000000000002,104,200,355,35,156,166,55.730000000000004
2008,5,15,14,30,22.700000000000003,154,431,562,562,154,431,48.730000000000004
2008,5,15,15,30,24.5,177,653,693,693,177,653,42.54
2008,5,15,16,30,25.8,197,834,756,756,197,834,38.480000000000004
2008,5,15,17,30,26.900000000000002,208,959,792,268,550,804,35.410000000000004
2008,5,15,18,30,27.5,245,1008,766,621,325,944,33.13
2008,5,15,19,30,27.700000000000003,256,991,745,2,397,399,31.73
2008,5,15,20,30,27.900000000000002,256,904,709,0,231,231,30.71
2008,5,15,21,30,27.700000000000003,246,754,643,0,210,210,30.78
2008,5,15,22,30,27,217,558,551,1,227,227,32.05
2008,5,15,23,30,26.1,164,335,417,77,219,251,34.31
2008,5,16,0,30,24.700000000000003,80,118,201,201,80,118,38.18
2008,5,16,1,30,23.200000000000003,0,0,0,0,0,0,43.45
2008,5,16,2,30,21.900000000000002,0,0,0,0,0,0,49.19
2008,5,16,3,30,20.700000000000003,0,0,0,0,0,0,55.31
2008,5,16,4,30,19.700000000000003,0,0,0,0,0,0,60.97
2008,5,16,5,30,18.8,0,0,0,0,0,0,66.09
2008,5,16,6,30,18.1,0,0,0,0,0,0,70.11
2008,5,16,7,30,17.400000000000002,0,0,0,0,0,0,73.95
2008,5,16,8,30,16.900000000000002,0,0,0,0,0,0,76.63
2008,5,16,9,30,16.400000000000002,0,0,0,0,0,0,79.18
2008,5,16,10,30,16,0,0,0,0,0,0,81.45
2008,5,16,11,30,15.600000000000001,0,0,0,0,0,0,83.84
2008,5,16,12,30,17,18,24,132,0,15,15,77.04
2008,5,16,13,30,20.1,69,225,573,155,146,188,64.11
2008,5,16,14,30,23.3,95,469,758,758,95,469,47.94
2008,5,16,15,30,26.1,110,696,854,854,110,696,33.29
2008,5,16,16,30,28.200000000000003,120,882,905,905,120,882,26.060000000000002
2008,5,16,17,30,29.8,127,1010,931,931,127,1010,22.23
2008,5,16,18,30,31,128,1070,945,945,128,1070,20.03
2008,5,16,19,30,31.700000000000003,129,1053,938,938,129,1053,19.1
2008,5,16,20,30,31.700000000000003,127,964,915,295,512,782,19.45
2008,5,16,21,30,31.200000000000003,113,814,887,441,319,667,20.86
2008,5,16,22,30,29.900000000000002,104,610,817,337,313,522,23.64
2008,5,16,23,30,28.1,87,374,695,695,87,374,27.76
2008,5,17,0,30,25.6,54,139,447,447,54,139,34.1
2008,5,17,1,30,23.200000000000003,0,0,0,0,0,0,41.800000000000004
2008,5,17,2,30,21.400000000000002,0,0,0,0,0,0,49.38
2008,5,17,3,30,19.900000000000002,0,0,0,0,0,0,56.31
2008,5,17,4,30,18.8,0,0,0,0,0,0,62.160000000000004
2008,5,17,5,30,18,0,0,0,0,0,0,66.81
2008,5,17,6,30,17.400000000000002,0,0,0,0,0,0,70.37
2008,5,17,7,30,17,0,0,0,0,0,0,73.31
2008,5,17,8,30,16.7,0,0,0,0,0,0,75.72
2008,5,17,9,30,16.5,0,0,0,0,0,0,77.47
2008,5,17,10,30,16.3,0,0,0,0,0,0,78.86
2008,5,17,11,30,16.1,0,0,0,0,0,0,80.13
2008,5,17,12,30,17.5,18,23,101,101,18,23,73.65
2008,5,17,13,30,20.700000000000003,76,222,531,85,153,176,59.97
2008,5,17,14,30,24.200000000000003,104,465,732,732,104,465,41.02
2008,5,17,15,30,26.8,120,691,831,831,120,691,30.04
2008,5,17,16,30,28.8,131,877,885,885,131,877,24.830000000000002
2008,5,17,17,30,30.200000000000003,139,1005,913,913,139,1005,21.740000000000002
2008,5,17,18,30,31.200000000000003,141,1065,927,927,141,1065,19.52
2008,5,17,19,30,31.700000000000003,143,1050,920,920,143,1050,18.26
2008,5,17,20,30,31.6,144,960,892,892,144,960,18.06
2008,5,17,21,30,30.900000000000002,138,810,849,389,406,713,18.86
2008,5,17,22,30,29.6,126,605,773,773,126,605,20.93
2008,5,17,23,30,27.8,104,371,644,644,104,371,24.46
2008,5,18,0,30,25.5,63,137,390,390,63,137,30.07
2008,5,18,1,30,23.1,0,0,0,0,0,0,38.06
2008,5,18,2,30,21.3,0,0,0,0,0,0,46.89
2008,5,18,3,30,19.8,0,0,0,0,0,0,55.76
2008,5,18,4,30,18.6,0,0,0,0,0,0,63.49
2008,5,18,5,30,17.6,0,0,0,0,0,0,70.18
2008,5,18,6,30,16.8,0,0,0,0,0,0,75.74
2008,5,18,7,30,16.2,0,0,0,0,0,0,79.82000000000001
2008,5,18,8,30,15.8,0,0,0,0,0,0,82.17
2008,5,18,9,30,15.5,0,0,0,0,0,0,83.21000000000001
2008,5,18,10,30,15.4,0,0,0,0,0,0,83.43
2008,5,18,11,30,15.4,0,0,0,0,0,0,83.12
2008,5,18,12,30,17,19,24,104,104,19,24,74.60000000000001
2008,5,18,13,30,20.3,78,221,523,523,78,221,57.08
2008,5,18,14,30,23.400000000000002,109,461,714,714,109,461,42.06
2008,5,18,15,30,25.700000000000003,129,685,809,809,129,685,33.67
2008,5,18,16,30,27.5,146,868,857,857,146,868,28.22
2008,5,18,17,30,28.8,159,993,880,880,159,993,24.95
2008,5,18,18,30,29.8,158,1054,899,561,425,984,22.81
2008,5,18,19,30,30.5,158,1041,896,574,339,905,21.34
2008,5,18,20,30,30.700000000000003,154,953,873,595,314,858,20.55
2008,5,18,21,30,30,144,801,831,293,437,669,21.41
2008,5,18,22,30,28.6,133,597,748,408,263,516,24.46
2008,5,18,23,30,26.700000000000003,112,364,606,328,185,321,29.37
2008,5,19,0,30,24.6,71,132,319,319,71,132,35.94
2008,5,19,1,30,22.900000000000002,0,0,0,0,0,0,42.82
2008,5,19,2,30,21.5,0,0,0,0,0,0,49.88
2008,5,19,3,30,20.3,0,0,0,0,0,0,56.33
2008,5,19,4,30,19.3,0,0,0,0,0,0,61.84
2008,5,19,5,30,18.6,0,0,0,0,0,0,65.94
2008,5,19,6,30,17.7,0,0,0,0,0,0,70.55
2008,5,19,7,30,16.8,0,0,0,0,0,0,75.17
2008,5,19,8,30,16.1,0,0,0,0,0,0,78.72
2008,5,19,9,30,15.700000000000001,0,0,0,0,0,0,80.69
2008,5,19,10,30,15.4,0,0,0,0,0,0,82.3
2008,5,19,11,30,15.3,0,0,0,0,0,0,83.05
2008,5,19,12,30,16.7,19,25,126,126,19,25,75.99
2008,5,19,13,30,19.700000000000003,70,226,565,565,70,226,60.65
2008,5,19,14,30,22.400000000000002,95,468,754,754,95,468,45.480000000000004
2008,5,19,15,30,24.6,112,692,844,844,112,692,36.82
2008,5,19,16,30,26.3,124,876,893,893,124,876,31.78
2008,5,19,17,30,27.6,131,1003,920,920,131,1003,28.400000000000002
2008,5,19,18,30,28.6,130,1064,937,937,130,1064,26.17
2008,5,19,19,30,29.400000000000002,131,1050,933,94,518,610,24.52
2008,5,19,20,30,29.700000000000003,129,964,913,479,360,798,23.53
2008,5,19,21,30,29.5,113,816,888,18,309,323,23.53
2008,5,19,22,30,28.6,105,611,815,64,277,317,24.990000000000002
2008,5,19,23,30,27.1,91,375,684,684,91,375,28.2
2008,5,20,0,30,25.1,60,139,414,414,60,139,33.82
2008,5,20,1,30,23.3,0,0,0,0,0,0,41.29
2008,5,20,2,30,21.700000000000003,0,0,0,0,0,0,49.75
2008,5,20,3,30,20.3,0,0,0,0,0,0,57.75
2008,5,20,4,30,19.1,0,0,0,0,0,0,64.92
2008,5,20,5,30,18,0,0,0,0,0,0,71.87
2008,5,20,6,30,17.3,0,0,0,0,0,0,76.86
2008,5,20,7,30,16.6,0,0,0,0,0,0,81.41
2008,5,20,8,30,16,0,0,0,0,0,0,84.9
2008,5,20,9,30,15.4,0,0,0,0,0,0,87.65
2008,5,20,10,30,14.8,0,0,0,0,0,0,88.71000000000001
2008,5,20,11,30,14.4,0,0,0,0,0,0,88.81
2008,5,20,12,30,15.8,19,27,174,174,19,27,79.11
2008,5,20,13,30,18.900000000000002,61,235,631,631,61,235,61.32
2008,5,20,14,30,22.1,80,478,806,806,80,478,45.800000000000004
2008,5,20,15,30,24.700000000000003,91,708,897,897,91,708,36.13
2008,5,20,16,30,26.8,98,894,944,944,98,894,28.87
2008,5,20,17,30,28.5,104,1021,967,967,104,1021,23.86
2008,5,20,18,30,29.6,118,1076,961,961,118,1076,21.16
2008,5,20,19,30,30.3,121,1059,951,951,121,1059,19.57
2008,5,20,20,30,30.6,118,973,933,933,118,973,18.89
2008,5,20,21,30,30.200000000000003,120,817,880,28,393,416,19.26
2008,5,20,22,30,29.200000000000003,115,611,797,123,304,381,20.69
2008,5,20,23,30,27.3,102,372,647,33,225,239,24.63
2008,5,21,0,30,24.700000000000003,68,136,353,0,16,16,32.27
2008,5,21,1,30,22.400000000000002,0,0,0,0,0,0,42.59
2008,5,21,2,30,20.700000000000003,0,0,0,0,0,0,53.49
2008,5,21,3,30,19.6,0,0,0,0,0,0,61.53
2008,5,21,4,30,18.8,0,0,0,0,0,0,66.28
2008,5,21,5,30,18.1,0,0,0,0,0,0,69.51
2008,5,21,6,30,17.400000000000002,0,0,0,0,0,0,72.27
2008,5,21,7,30,16.8,0,0,0,0,0,0,74.3
2008,5,21,8,30,16.2,0,0,0,0,0,0,75.2
2008,5,21,9,30,15.600000000000001,0,0,0,0,0,0,76.64
2008,5,21,10,30,14.8,0,0,0,0,0,0,78.87
2008,5,21,11,30,14.4,0,0,0,0,0,0,78.93
2008,5,21,12,30,15.8,20,26,129,0,13,13,70.39
2008,5,21,13,30,18.900000000000002,69,230,581,8,133,135,54.11
2008,5,21,14,30,22,91,473,772,217,271,379,38.980000000000004
2008,5,21,15,30,24.700000000000003,104,703,870,101,390,460,30.37
2008,5,21,16,30,26.900000000000002,112,889,923,923,112,889,25.52
2008,5,21,17,30,28.6,116,1017,951,717,297,977,22.080000000000002
2008,5,21,18,30,29.8,125,1074,952,952,125,1074,19.52
2008,5,21,19,30,30.5,126,1061,948,948,126,1061,17.740000000000002
2008,5,21,20,30,30.6,125,972,924,924,125,972,16.830000000000002
2008,5,21,21,30,30.200000000000003,122,821,882,882,122,821,16.72
2008,5,21,22,30,29.1,120,613,792,164,310,412,17.87
2008,5,21,23,30,27.200000000000003,104,376,652,35,184,199,20.92
2008,5,22,0,30,24.700000000000003,67,140,375,375,67,140,26.47
2008,5,22,1,30,22.200000000000003,0,0,0,0,0,0,34.42
2008,5,22,2,30,20.400000000000002,0,0,0,0,0,0,42.78
2008,5,22,3,30,18.900000000000002,0,0,0,0,0,0,50.910000000000004
2008,5,22,4,30,17.8,0,0,0,0,0,0,57.18
2008,5,22,5,30,16.8,0,0,0,0,0,0,61.78
2008,5,22,6,30,15.8,0,0,0,0,0,0,66.41
2008,5,22,7,30,14.8,0,0,0,0,0,0,71.76
2008,5,22,8,30,14.100000000000001,0,0,0,0,0,0,75.7
2008,5,22,9,30,13.600000000000001,0,0,0,0,0,0,78.54
2008,5,22,10,30,13.3,0,0,0,0,0,0,80.11
2008,5,22,11,30,13.200000000000001,0,0,0,0,0,0,80.62
2008,5,22,12,30,14.5,20,29,182,182,20,29,74.23
2008,5,22,13,30,17.7,60,239,649,649,60,239,58.04
2008,5,22,14,30,20.900000000000002,78,488,829,829,78,488,40.92
2008,5,22,15,30,23.6,88,718,915,915,88,718,30.18
2008,5,22,16,30,25.8,96,905,960,960,96,905,23.78
2008,5,22,17,30,27.6,100,1034,984,984,100,1034,19.830000000000002
2008,5,22,18,30,28.900000000000002,113,1090,979,979,113,1090,17.41
2008,5,22,19,30,29.700000000000003,114,1076,976,976,114,1076,15.98
2008,5,22,20,30,29.900000000000002,111,987,955,505,425,888,15.52
2008,5,22,21,30,29.5,104,836,923,923,104,836,15.89
2008,5,22,22,30,28.400000000000002,95,629,857,289,335,515,17.36
2008,5,22,23,30,26.5,80,392,744,744,80,392,20.59
2008,5,23,0,30,23.8,54,151,495,495,54,151,26.54
2008,5,23,1,30,20.900000000000002,0,0,0,0,0,0,35.99
2008,5,23,2,30,18.900000000000002,0,0,0,0,0,0,46.06
2008,5,23,3,30,17.5,0,0,0,0,0,0,54.64
2008,5,23,4,30,16.400000000000002,0,0,0,0,0,0,61.27
2008,5,23,5,30,15.4,0,0,0,0,0,0,67.18
2008,5,23,6,30,14.5,0,0,0,0,0,0,73.06
2008,5,23,7,30,13.700000000000001,0,0,0,0,0,0,78.43
2008,5,23,8,30,13.100000000000001,0,0,0,0,0,0,82.83
2008,5,23,9,30,12.600000000000001,0,0,0,0,0,0,86.54
2008,5,23,10,30,12.200000000000001,0,0,0,0,0,0,89.42
2008,5,23,11,30,12.100000000000001,0,0,0,0,0,0,90.29
2008,5,23,12,30,13.600000000000001,21,30,182,182,21,30,81.86
2008,5,23,13,30,16.5,61,243,655,655,61,243,67.03
2008,5,23,14,30,20.1,76,494,842,842,76,494,48.86
2008,5,23,15,30,23.700000000000003,84,729,937,937,84,729,29.44
2008,5,23,16,30,26.400000000000002,90,917,981,981,90,917,19.95
2008,5,23,17,30,28.400000000000002,94,1046,1004,1004,94,1046,15.63
2008,5,23,18,30,30,99,1106,1011,1011,99,1106,13.030000000000001
2008,5,23,19,30,31,98,1093,1009,1009,98,1093,11.48
2008,5,23,20,30,31.400000000000002,94,1007,996,996,94,1007,10.6
2008,5,23,21,30,31.3,89,855,966,966,89,855,10.23
2008,5,23,22,30,30.400000000000002,81,647,908,908,81,647,10.66
2008,5,23,23,30,28.6,68,408,807,807,68,408,12.17
2008,5,24,0,30,25.6,46,160,579,579,46,160,16.42
2008,5,24,1,30,22.400000000000002,0,0,0,0,0,0,25.060000000000002
2008,5,24,2,30,20.1,0,0,0,0,0,0,35.77
2008,5,24,3,30,18.6,0,0,0,0,0,0,47.57
2008,5,24,4,30,17.5,0,0,0,0,0,0,57.59
2008,5,24,5,30,16.400000000000002,0,0,0,0,0,0,66.55
2008,5,24,6,30,15.4,0,0,0,0,0,0,73.61
2008,5,24,7,30,14.600000000000001,0,0,0,0,0,0,79.32000000000001
2008,5,24,8,30,13.9,0,0,0,0,0,0,84.84
2008,5,24,9,30,13.3,0,0,0,0,0,0,89.38
2008,5,24,10,30,12.8,0,0,0,0,0,0,93.02
2008,5,24,11,30,12.700000000000001,0,0,0,0,0,0,93.74
2008,5,24,12,30,14.3,20,28,166,166,20,28,84.56
2008,5,24,13,30,17.7,64,235,614,614,64,235,66.58
2008,5,24,14,30,21.8,85,479,795,795,85,479,46.76
2008,5,24,15,30,25.700000000000003,96,705,884,884,96,705,31.1
2008,5,24,16,30,28.700000000000003,105,890,932,932,105,890,22.990000000000002
2008,5,24,17,30,30.900000000000002,111,1021,960,960,111,1021,18.54
2008,5,24,18,30,32.4,142,1070,931,931,142,1070,16.21
2008,5,24,19,30,33.300000000000004,141,1053,925,443,498,934,14.99
2008,5,24,20,30,33.7,138,968,906,692,310,944,14.32
2008,5,24,21,30,33.5,143,811,841,841,143,811,14.290000000000001
2008,5,24,22,30,32.7,131,609,765,320,335,535,14.92
2008,5,24,23,30,31.200000000000003,109,374,629,90,248,286,16.47
2008,5,25,0,30,28.1,67,141,370,3,89,90,21.41
2008,5,25,1,30,24.700000000000003,0,0,0,0,0,0,31.150000000000002
2008,5,25,2,30,22.3,0,0,0,0,0,0,42.63
2008,5,25,3,30,20.6,0,0,0,0,0,0,55.18
2008,5,25,4,30,19.3,0,0,0,0,0,0,64.82000000000001
2008,5,25,5,30,18.5,0,0,0,0,0,0,70.82000000000001
2008,5,25,6,30,17.8,0,0,0,0,0,0,75.64
2008,5,25,7,30,17.2,0,0,0,0,0,0,80.01
2008,5,25,8,30,16.6,0,0,0,0,0,0,84.03
2008,5,25,9,30,16.3,0,0,0,0,0,0,86
2008,5,25,10,30,16.1,0,0,0,0,0,0,86.93
2008,5,25,11,30,16.1,0,0,0,0,0,0,86.72
2008,5,25,12,30,17.6,19,21,33,33,19,21,79.39
2008,5,25,13,30,20.8,107,207,356,356,107,207,65.06
2008,5,25,14,30,24.1,153,439,577,577,153,439,50.78
2008,5,25,15,30,26.6,176,661,704,704,176,661,40.95
2008,5,25,16,30,28.700000000000003,188,843,778,778,188,843,33.96
2008,5,25,17,30,30.3,195,971,819,819,195,971,29.2
2008,5,25,18,30,31.400000000000002,216,1023,810,810,216,1023,25.98
2008,5,25,19,30,32,215,1011,807,807,215,1011,23.92
2008,5,25,20,30,32.1,215,928,778,778,215,928,22.89
2008,5,25,21,30,31.6,196,781,737,737,196,781,23.04
2008,5,25,22,30,30.6,178,582,645,645,178,582,24.3
2008,5,25,23,30,29,142,357,510,510,142,357,27.1
2008,5,26,0,30,26.6,81,133,263,263,81,133,32.63
2008,5,26,1,30,24.1,0,0,0,0,0,0,41.5
2008,5,26,2,30,22.1,0,0,0,0,0,0,52.13
2008,5,26,3,30,20.6,0,0,0,0,0,0,61.51
2008,5,26,4,30,19.6,0,0,0,0,0,0,67.75
2008,5,26,5,30,19,0,0,0,0,0,0,71.39
2008,5,26,6,30,18.8,0,0,0,0,0,0,72.53
2008,5,26,7,30,18.6,0,0,0,0,0,0,73.38
2008,5,26,8,30,18.400000000000002,0,0,0,0,0,0,74.36
2008,5,26,9,30,18.2,0,0,0,0,0,0,75.33
2008,5,26,10,30,17.7,0,0,0,0,0,0,77.7
2008,5,26,11,30,17.3,0,0,0,0,0,0,79.75
2008,5,26,12,30,18.400000000000002,20,22,40,40,20,22,74.77
2008,5,26,13,30,21.200000000000003,101,210,388,388,101,210,62.410000000000004
2008,5,26,14,30,24.6,140,442,609,609,140,442,45.230000000000004
2008,5,26,15,30,27.5,161,664,730,730,161,664,30.94
2008,5,26,16,30,29.6,174,846,797,797,174,846,26.04
2008,5,26,17,30,31.3,183,971,832,832,183,971,23.13
2008,5,26,18,30,32.4,247,1012,767,767,247,1012,21.38
2008,5,26,19,30,32.9,260,995,745,745,260,995,20.43
2008,5,26,20,30,33.1,263,910,706,706,263,910,19.93
2008,5,26,21,30,32.9,213,774,707,707,213,774,19.89
2008,5,26,22,30,32.1,193,578,614,614,193,578,20.740000000000002
2008,5,26,23,30,30.6,159,350,452,452,159,350,22.87
2008,5,27,0,30,28.1,89,128,195,195,89,128,27.73
2008,5,27,1,30,25.6,0,0,0,0,0,0,35.35
2008,5,27,2,30,23.8,0,0,0,0,0,0,44.06
2008,5,27,3,30,22.700000000000003,0,0,0,0,0,0,51.410000000000004
2008,5,27,4,30,22,0,0,0,0,0,0,56.28
2008,5,27,5,30,21.6,0,0,0,0,0,0,59.04
2008,5,27,6,30,21.200000000000003,0,0,0,0,0,0,61.31
2008,5,27,7,30,20.8,0,0,0,0,0,0,63.34
2008,5,27,8,30,20.400000000000002,0,0,0,0,0,0,65.55
2008,5,27,9,30,20.1,0,0,0,0,0,0,67.33
2008,5,27,10,30,19.700000000000003,0,0,0,0,0,0,69.33
2008,5,27,11,30,19.5,0,0,0,0,0,0,70.46000000000001
2008,5,27,12,30,20.200000000000003,14,15,14,14,14,15,67.95
2008,5,27,13,30,22.400000000000002,119,199,283,283,119,199,59.65
2008,5,27,14,30,25.200000000000003,167,428,527,527,167,428,48.85
2008,5,27,15,30,28,185,650,676,676,185,650,39.35
2008,5,27,16,30,30.200000000000003,191,836,766,766,191,836,32.63
2008,5,27,17,30,31.900000000000002,193,963,813,813,193,963,27.76
2008,5,27,18,30,33,241,1007,769,769,241,1007,24.75
2008,5,27,19,30,33.5,255,991,746,746,255,991,23.11
2008,5,27,20,30,33.7,253,907,713,713,253,907,22.27
2008,5,27,21,30,33.4,214,769,698,698,214,769,22.06
2008,5,27,22,30,32.300000000000004,193,574,608,608,193,574,23.38
2008,5,27,23,30,30.400000000000002,148,353,482,482,148,353,27.04
2008,5,28,0,30,27.6,80,134,266,53,113,124,34.79
2008,5,28,1,30,24.700000000000003,0,0,0,0,0,0,46.49
2008,5,28,2,30,22.900000000000002,0,0,0,0,0,0,57.67
2008,5,28,3,30,21.8,0,0,0,0,0,0,65.41
2008,5,28,4,30,21.3,0,0,0,0,0,0,68.99
2008,5,28,5,30,21.200000000000003,0,0,0,0,0,0,69.54
2008,5,28,6,30,21,0,0,0,0,0,0,70.01
2008,5,28,7,30,20.400000000000002,0,0,0,0,0,0,71.7
2008,5,28,8,30,19.5,0,0,0,0,0,0,74.24
2008,5,28,9,30,18.8,0,0,0,0,0,0,75.94
2008,5,28,10,30,18.2,0,0,0,0,0,0,77.51
2008,5,28,11,30,18,0,0,0,0,0,0,77.72
2008,5,28,12,30,18.900000000000002,22,26,70,70,22,26,72.65
2008,5,28,13,30,21.200000000000003,93,217,446,446,93,217,61.54
2008,5,28,14,30,24.1,126,452,657,657,126,452,50.480000000000004
2008,5,28,15,30,26.700000000000003,140,676,778,778,140,676,42.77
2008,5,28,16,30,29,142,860,852,852,142,860,35.69
2008,5,28,17,30,30.900000000000002,144,988,891,891,144,988,29.59
2008,5,28,18,30,32.300000000000004,156,1044,892,892,156,1044,25.39
2008,5,28,19,30,33,157,1031,886,886,157,1031,23.01
2008,5,28,20,30,33.1,159,946,858,858,159,946,21.71
2008,5,28,21,30,33,131,806,848,848,131,806,20.98
2008,5,28,22,30,32.300000000000004,122,609,776,776,122,609,21.04
2008,5,28,23,30,30.900000000000002,99,379,658,658,99,379,22.14
2008,5,29,0,30,27.900000000000002,61,150,440,440,61,150,27.060000000000002
2008,5,29,1,30,24.6,0,0,0,0,0,0,37.77
2008,5,29,2,30,22.700000000000003,0,0,0,0,0,0,47.45
2008,5,29,3,30,21.8,0,0,0,0,0,0,54.09
2008,5,29,4,30,21.200000000000003,0,0,0,0,0,0,57.86
2008,5,29,5,30,20.3,0,0,0,0,0,0,61.96
2008,5,29,6,30,19.3,0,0,0,0,0,0,66.58
2008,5,29,7,30,18.400000000000002,0,0,0,0,0,0,70.96000000000001
2008,5,29,8,30,17.900000000000002,0,0,0,0,0,0,73.97
2008,5,29,9,30,17.400000000000002,0,0,0,0,0,0,76.67
2008,5,29,10,30,16.900000000000002,0,0,0,0,0,0,79.17
2008,5,29,11,30,16.5,0,0,0,0,0,0,80.58
2008,5,29,12,30,17.3,22,28,95,95,22,28,75.36
2008,5,29,13,30,19.5,77,228,540,540,77,228,61.25
2008,5,29,14,30,22.400000000000002,96,473,761,761,96,473,44.25
2008,5,29,15,30,25.3,102,704,875,875,102,704,32.11
2008,5,29,16,30,27.8,104,894,938,938,104,894,23.490000000000002
2008,5,29,17,30,29.8,107,1023,968,968,107,1023,18.150000000000002
2008,5,29,18,30,31.200000000000003,114,1081,971,971,114,1081,15.530000000000001
2008,5,29,19,30,32.1,112,1066,967,967,112,1066,14.280000000000001
2008,5,29,20,30,32.5,110,982,950,950,110,982,13.76
2008,5,29,21,30,32.5,101,835,922,922,101,835,13.47
2008,5,29,22,30,31.900000000000002,92,635,865,865,92,635,13.46
2008,5,29,23,30,30.700000000000003,77,401,760,760,77,401,13.98
2008,5,30,0,30,27.6,51,161,540,540,51,161,16.93
2008,5,30,1,30,24,0,0,0,0,0,0,25.91
2008,5,30,2,30,21.8,0,0,0,0,0,0,35.39
2008,5,30,3,30,20.3,0,0,0,0,0,0,45.34
2008,5,30,4,30,19.400000000000002,0,0,0,0,0,0,53.21
2008,5,30,5,30,18.900000000000002,0,0,0,0,0,0,58.15
2008,5,30,6,30,18.3,0,0,0,0,0,0,62.15
2008,5,30,7,30,17.400000000000002,0,0,0,0,0,0,67.38
2008,5,30,8,30,16.5,0,0,0,0,0,0,72.56
2008,5,30,9,30,15.9,0,0,0,0,0,0,76.39
2008,5,30,10,30,15.600000000000001,0,0,0,0,0,0,78.78
2008,5,30,11,30,15.700000000000001,0,0,0,0,0,0,79.12
2008,5,30,12,30,17.1,22,29,128,128,22,29,73.15
2008,5,30,13,30,20.1,74,228,548,548,74,228,62.27
2008,5,30,14,30,23.3,99,463,734,734,99,463,50.980000000000004
2008,5,30,15,30,26,111,685,834,834,111,685,41.35
2008,5,30,16,30,28.200000000000003,120,868,889,889,120,868,33.25
2008,5,30,17,30,29.700000000000003,131,990,907,907,131,990,28.12
2008,5,30,18,30,30.6,139,1045,909,909,139,1045,25.29
2008,5,30,19,30,31.1,147,1028,894,894,147,1028,23.78
2008,5,30,20,30,31,152,943,862,862,152,943,23.47
2008,5,30,21,30,30.400000000000002,156,792,799,799,156,792,24.18
2008,5,30,22,30,29.1,147,593,710,710,147,593,26.85
2008,5,30,23,30,27.3,120,367,577,577,120,367,31.71
2008,5,31,0,30,25.200000000000003,73,143,340,340,73,143,39.09
2008,5,31,1,30,23.200000000000003,0,0,0,0,0,0,49.32
2008,5,31,2,30,21.700000000000003,0,0,0,0,0,0,60.160000000000004
2008,5,31,3,30,20.8,0,0,0,0,0,0,68.18
2008,5,31,4,30,20.400000000000002,0,0,0,0,0,0,72.19
2008,5,31,5,30,20.1,0,0,0,0,0,0,74.61
2008,5,31,6,30,19.900000000000002,0,0,0,0,0,0,76.13
2008,5,31,7,30,19.6,0,0,0,0,0,0,78.04
2008,5,31,8,30,19.3,0,0,0,0,0,0,79.66
2008,5,31,9,30,19,0,0,0,0,0,0,81.36
2008,5,31,10,30,18.6,0,0,0,0,0,0,83.60000000000001
2008,5,31,11,30,18.400000000000002,0,0,0,0,0,0,84.77
2008,5,31,12,30,19.1,20,23,45,45,20,23,81.03
2008,5,31,13,30,20.700000000000003,97,207,392,392,97,207,72.49
2008,5,31,14,30,22.200000000000003,136,432,597,597,136,432,64.04
2008,5,31,15,30,23.400000000000002,160,646,706,706,160,646,57.68
2008,5,31,16,30,24.400000000000002,177,823,768,768,177,823,52.65
2008,5,31,17,30,25.3,187,947,804,804,187,947,48.28
2008,5,31,18,30,26,190,1007,820,820,190,1007,44.52
2008,5,31,19,30,26.6,186,996,822,822,186,996,41.25
2008,5,31,20,30,27,174,920,812,812,174,920,39.07
2008,5,31,21,30,27.1,165,777,768,309,367,613,38.13
2008,5,31,22,30,26.8,137,591,720,342,258,474,38.53
2008,5,31,23,30,26.1,108,370,611,0,23,23,40.21
2008,6,1,0,30,24.6,68,145,373,15,92,95,44.56
2008,6,1,1,30,23,0,0,0,0,0,0,50.38
2008,6,1,2,30,22,0,0,0,0,0,0,54.9
2008,6,1,3,30,21.200000000000003,0,0,0,0,0,0,58.89
2008,6,1,4,30,20.6,0,0,0,0,0,0,62.17
2008,6,1,5,30,20.1,0,0,0,0,0,0,65.07000000000001
2008,6,1,6,30,19.700000000000003,0,0,0,0,0,0,67.46000000000001
2008,6,1,7,30,19.3,0,0,0,0,0,0,69.64
2008,6,1,8,30,18.6,0,0,0,0,0,0,73.44
2008,6,1,9,30,17.900000000000002,0,0,0,0,0,0,77.57000000000001
2008,6,1,10,30,17.3,0,0,0,0,0,0,81.37
2008,6,1,11,30,17.1,0,0,0,0,0,0,82.91
2008,6,1,12,30,18.8,21,28,118,118,21,28,74.78
2008,6,1,13,30,22.1,75,223,530,530,75,223,59.480000000000004
2008,6,1,14,30,25.3,100,459,723,723,100,459,46.77
2008,6,1,15,30,27.900000000000002,115,681,824,824,115,681,38.78
2008,6,1,16,30,30.1,122,863,881,881,122,863,32.13
2008,6,1,17,30,32,128,992,913,913,128,992,26.72
2008,6,1,18,30,33.300000000000004,139,1049,914,914,139,1049,22.98
2008,6,1,19,30,34.1,139,1037,910,910,139,1037,20.48
2008,6,1,20,30,34.6,135,956,893,893,135,956,19.42
2008,6,1,21,30,34.5,124,812,863,863,124,812,18.6
2008,6,1,22,30,33.800000000000004,113,617,800,800,113,617,18.38
2008,6,1,23,30,32.300000000000004,93,388,687,687,93,388,19.240000000000002
2008,6,2,0,30,29.6,60,157,467,467,60,157,22.23
2008,6,2,1,30,26.8,0,0,0,0,0,0,28.61
2008,6,2,2,30,24.900000000000002,0,0,0,0,0,0,34.7
2008,6,2,3,30,23.1,0,0,0,0,0,0,41.02
2008,6,2,4,30,21.6,0,0,0,0,0,0,46.92
2008,6,2,5,30,20.5,0,0,0,0,0,0,51.6
2008,6,2,6,30,19.700000000000003,0,0,0,0,0,0,56.17
2008,6,2,7,30,19.1,0,0,0,0,0,0,60.13
2008,6,2,8,30,18.6,0,0,0,0,0,0,63.58
2008,6,2,9,30,18,0,0,0,0,0,0,67.25
2008,6,2,10,30,17.400000000000002,0,0,0,0,0,0,70.88
2008,6,2,11,30,17.2,0,0,0,0,0,0,72.54
2008,6,2,12,30,18.7,22,29,135,0,21,21,66.66
2008,6,2,13,30,21.8,72,230,563,179,147,197,54.26
2008,6,2,14,30,25,93,470,759,759,93,470,43.2
2008,6,2,15,30,27.8,102,697,866,866,102,697,35.51
2008,6,2,16,30,30.200000000000003,104,886,930,930,104,886,27.72
2008,6,2,17,30,32.300000000000004,104,1018,966,966,104,1018,20.91
2008,6,2,18,30,33.9,108,1081,977,977,108,1081,16.2
2008,6,2,19,30,34.9,104,1074,983,983,104,1074,13.21
2008,6,2,20,30,35.4,99,992,972,972,99,992,11.42
2008,6,2,21,30,35.300000000000004,92,846,945,945,92,846,10.61
2008,6,2,22,30,34.6,82,646,894,894,82,646,10.53
2008,6,2,23,30,33.1,69,412,797,797,69,412,11.200000000000001
2008,6,3,0,30,29.6,47,170,583,583,47,170,14.94
2008,6,3,1,30,25.8,0,0,0,0,0,0,24.69
2008,6,3,2,30,23.3,0,0,0,0,0,0,35.01
2008,6,3,3,30,21.5,0,0,0,0,0,0,44.92
2008,6,3,4,30,20.5,0,0,0,0,0,0,51.54
2008,6,3,5,30,19.900000000000002,0,0,0,0,0,0,56.27
2008,6,3,6,30,19.3,0,0,0,0,0,0,60.76
2008,6,3,7,30,18.7,0,0,0,0,0,0,64.51
2008,6,3,8,30,18,0,0,0,0,0,0,68.22
2008,6,3,9,30,17.400000000000002,0,0,0,0,0,0,71.2
2008,6,3,10,30,16.7,0,0,0,0,0,0,74.28
2008,6,3,11,30,16.400000000000002,0,0,0,0,0,0,75.41
2008,6,3,12,30,17.8,20,33,242,242,20,33,69.28
2008,6,3,13,30,21.1,55,245,679,679,55,245,55.35
2008,6,3,14,30,24.900000000000002,71,488,841,841,71,488,38.97
2008,6,3,15,30,28.200000000000003,80,717,927,927,80,717,25.27
2008,6,3,16,30,30.6,85,905,975,975,85,905,17.57
2008,6,3,17,30,32.4,89,1033,999,999,89,1033,13.85
2008,6,3,18,30,33.800000000000004,97,1093,1000,1000,97,1093,11.67
2008,6,3,19,30,34.6,97,1081,997,997,97,1081,10.42
2008,6,3,20,30,35,96,997,981,981,96,997,9.75
2008,6,3,21,30,34.9,93,849,947,947,93,849,9.61
2008,6,3,22,30,34.1,85,646,889,889,85,646,10.05
2008,6,3,23,30,32.6,72,412,789,789,72,412,11.33
2008,6,4,0,30,29.3,50,169,563,176,107,145,16.03
2008,6,4,1,30,25.400000000000002,0,0,0,0,0,0,27.060000000000002
2008,6,4,2,30,22.6,0,0,0,0,0,0,39.92
2008,6,4,3,30,20.6,0,0,0,0,0,0,55.1
2008,6,4,4,30,19.400000000000002,0,0,0,0,0,0,67.77
2008,6,4,5,30,18.8,0,0,0,0,0,0,75.66
2008,6,4,6,30,18.5,0,0,0,0,0,0,79.5
2008,6,4,7,30,18.1,0,0,0,0,0,0,82.53
2008,6,4,8,30,17.8,0,0,0,0,0,0,84.54
2008,6,4,9,30,17.6,0,0,0,0,0,0,85.74
2008,6,4,10,30,17.3,0,0,0,0,0,0,87.5
2008,6,4,11,30,17.400000000000002,0,0,0,0,0,0,87.09
2008,6,4,12,30,18.5,23,26,63,63,23,26,81.37
2008,6,4,13,30,21.3,89,217,456,456,89,217,68.16
2008,6,4,14,30,24.8,118,451,672,672,118,451,52.730000000000004
2008,6,4,15,30,27.900000000000002,132,672,786,786,132,672,40.81
2008,6,4,16,30,30.1,136,856,857,857,136,856,33.88
2008,6,4,17,30,31.8,134,983,898,898,134,983,28.740000000000002
2008,6,4,18,30,33,142,1041,903,903,142,1041,25.26
2008,6,4,19,30,33.5,149,1027,890,890,149,1027,23.2
2008,6,4,20,30,33.7,152,942,860,860,152,942,21.91
2008,6,4,21,30,33.4,141,798,822,683,230,776,21.740000000000002
2008,6,4,22,30,32,135,602,737,737,135,602,23.64
2008,6,4,23,30,29.6,112,376,611,611,112,376,28.38
2008,6,5,0,30,26.400000000000002,71,150,374,51,106,117,37.96
2008,6,5,1,30,23.200000000000003,0,0,0,0,0,0,52.44
2008,6,5,2,30,21.200000000000003,0,0,0,0,0,0,65.13
2008,6,5,3,30,20.1,0,0,0,0,0,0,72.15
2008,6,5,4,30,19.5,0,0,0,0,0,0,75.2
2008,6,5,5,30,19.1,0,0,0,0,0,0,76.79
2008,6,5,6,30,18.7,0,0,0,0,0,0,78.34
2008,6,5,7,30,18.400000000000002,0,0,0,0,0,0,79.7
2008,6,5,8,30,18.1,0,0,0,0,0,0,81.14
2008,6,5,9,30,17.8,0,0,0,0,0,0,82.38
2008,6,5,10,30,17.400000000000002,0,0,0,0,0,0,84.52
2008,6,5,11,30,17.1,0,0,0,0,0,0,86.16
2008,6,5,12,30,17.900000000000002,22,25,56,56,22,25,81.79
2008,6,5,13,30,20,93,216,441,441,93,216,70.21000000000001
2008,6,5,14,30,23,120,452,671,671,120,452,54.24
2008,6,5,15,30,26,135,676,787,787,135,676,39.01
2008,6,5,16,30,28.6,145,858,849,849,145,858,30.3
2008,6,5,17,30,30.700000000000003,148,987,888,888,148,987,25.71
2008,6,5,18,30,32.4,154,1047,898,898,154,1047,22.740000000000002
2008,6,5,19,30,33.5,153,1037,896,896,153,1037,20.650000000000002
2008,6,5,20,30,34,152,955,873,873,152,955,19.27
2008,6,5,21,30,33.9,141,809,835,835,141,809,18.78
2008,6,5,22,30,33.1,137,610,747,747,137,610,19.330000000000002
2008,6,5,23,30,31.200000000000003,122,377,589,589,122,377,21.55
2008,6,6,0,30,28.1,80,149,325,325,80,149,26.92
2008,6,6,1,30,24.700000000000003,0,0,0,0,0,0,37.07
2008,6,6,2,30,22.200000000000003,0,0,0,0,0,0,50.24
2008,6,6,3,30,20.6,0,0,0,0,0,0,61.83
2008,6,6,4,30,19.700000000000003,0,0,0,0,0,0,69.12
2008,6,6,5,30,19.200000000000003,0,0,0,0,0,0,72.57000000000001
2008,6,6,6,30,18.900000000000002,0,0,0,0,0,0,74.19
2008,6,6,7,30,18.6,0,0,0,0,0,0,75.82000000000001
2008,6,6,8,30,18.3,0,0,0,0,0,0,77.61
2008,6,6,9,30,17.900000000000002,0,0,0,0,0,0,80.14
2008,6,6,10,30,17.5,0,0,0,0,0,0,82.82000000000001
2008,6,6,11,30,17.3,0,0,0,0,0,0,84.53
2008,6,6,12,30,18,22,25,53,53,22,25,81.37
2008,6,6,13,30,20.1,93,211,423,423,93,211,71.13
2008,6,6,14,30,22.900000000000002,128,440,629,629,128,440,58.67
2008,6,6,15,30,25.900000000000002,148,657,742,742,148,657,47.17
2008,6,6,16,30,28.5,160,836,805,805,160,836,37.93
2008,6,6,17,30,30.3,174,959,831,831,174,959,32.6
2008,6,6,18,30,31.3,158,1026,872,872,158,1026,30.23
2008,6,6,19,30,31.5,166,1010,855,855,166,1010,29.64
2008,6,6,20,30,31.1,168,929,826,390,467,827,29.94
2008,6,6,21,30,30.3,130,796,834,834,130,796,31.25
2008,6,6,22,30,29.200000000000003,123,601,754,754,123,601,34.07
2008,6,6,23,30,27.8,103,378,634,634,103,378,38.300000000000004
2008,6,7,0,30,25.8,68,153,393,62,106,120,45.26
2008,6,7,1,30,23.5,0,0,0,0,0,0,56.56
2008,6,7,2,30,21.8,0,0,0,0,0,0,68.37
2008,6,7,3,30,20.8,0,0,0,0,0,0,75.73
2008,6,7,4,30,20.1,0,0,0,0,0,0,80.23
2008,6,7,5,30,19.700000000000003,0,0,0,0,0,0,83.82000000000001
2008,6,7,6,30,19.400000000000002,0,0,0,0,0,0,86.81
2008,6,7,7,30,19.1,0,0,0,0,0,0,89.18
2008,6,7,8,30,18.900000000000002,0,0,0,0,0,0,90.39
2008,6,7,9,30,18.7,0,0,0,0,0,0,91.25
2008,6,7,10,30,18.5,0,0,0,0,0,0,91.99
2008,6,7,11,30,18.5,0,0,0,0,0,0,91.73
2008,6,7,12,30,19.200000000000003,22,26,85,0,7,7,87.27
2008,6,7,13,30,21.200000000000003,79,216,490,23,146,152,76.95
2008,6,7,14,30,23.8,104,447,693,73,274,310,62.11
2008,6,7,15,30,25.8,123,660,783,274,360,548,51.61
2008,6,7,16,30,27.400000000000002,138,837,832,832,138,837,45.21
2008,6,7,17,30,28.6,146,961,862,862,146,961,40.77
2008,6,7,18,30,29.3,180,1010,834,834,180,1010,37.67
2008,6,7,19,30,29.700000000000003,175,1002,838,838,175,1002,35.58
2008,6,7,20,30,29.5,168,924,822,822,168,924,35.44
2008,6,7,21,30,28.8,136,790,817,817,136,790,37.24
2008,6,7,22,30,27.700000000000003,122,599,750,253,294,454,40.92
2008,6,7,23,30,26.200000000000003,102,377,630,215,210,304,46.86
2008,6,8,0,30,24.200000000000003,68,152,389,208,106,151,58.69
2008,6,8,1,30,22.400000000000002,0,0,0,0,0,0,72.07000000000001
2008,6,8,2,30,21.200000000000003,0,0,0,0,0,0,80.39
2008,6,8,3,30,20.3,0,0,0,0,0,0,86.58
2008,6,8,4,30,19.700000000000003,0,0,0,0,0,0,90.22
2008,6,8,5,30,19.400000000000002,0,0,0,0,0,0,90.93
2008,6,8,6,30,19.1,0,0,0,0,0,0,91.62
2008,6,8,7,30,18.8,0,0,0,0,0,0,92.67
2008,6,8,8,30,18.6,0,0,0,0,0,0,93.58
2008,6,8,9,30,18.400000000000002,0,0,0,0,0,0,94.32000000000001
2008,6,8,10,30,18.3,0,0,0,0,0,0,94.73
2008,6,8,11,30,18.2,0,0,0,0,0,0,94.84
2008,6,8,12,30,18.7,21,26,82,0,10,10,91.42
2008,6,8,13,30,20.200000000000003,80,212,475,0,74,74,82.43
2008,6,8,14,30,22.200000000000003,109,439,668,96,274,322,71.07000000000001
2008,6,8,15,30,24.1,124,653,773,773,124,653,61.27
2008,6,8,16,30,25.700000000000003,132,832,834,834,132,832,54.07
2008,6,8,17,30,26.900000000000002,136,956,869,869,136,956,48.84
2008,6,8,18,30,27.5,173,1004,835,835,173,1004,45.56
2008,6,8,19,30,27.1,174,994,831,831,174,994,45.71
2008,6,8,20,30,26.200000000000003,179,911,796,796,179,911,48.800000000000004
2008,6,8,21,30,24.900000000000002,171,769,747,8,269,276,54.46
2008,6,8,22,30,23.400000000000002,165,576,647,40,277,303,62.120000000000005
2008,6,8,23,30,22,141,357,494,153,212,279,70.5
2008,6,9,0,30,20.900000000000002,87,141,248,248,87,141,78.05
2008,6,9,1,30,20.1,0,0,0,0,0,0,83.95
2008,6,9,2,30,19.6,0,0,0,0,0,0,87.79
2008,6,9,3,30,19.200000000000003,0,0,0,0,0,0,90.73
2008,6,9,4,30,19,0,0,0,0,0,0,92.25
2008,6,9,5,30,18.7,0,0,0,0,0,0,94.17
2008,6,9,6,30,18.5,0,0,0,0,0,0,95.36
2008,6,9,7,30,18.3,0,0,0,0,0,0,95.88
2008,6,9,8,30,18.1,0,0,0,0,0,0,96.34
2008,6,9,9,30,17.8,0,0,0,0,0,0,96.92
2008,6,9,10,30,17.6,0,0,0,0,0,0,96.58
2008,6,9,11,30,17.6,0,0,0,0,0,0,95.5
2008,6,9,12,30,17.900000000000002,20,29,158,0,5,5,93.55
2008,6,9,13,30,18.5,63,220,565,0,14,14,89.3
2008,6,9,14,30,19.6,84,449,739,27,176,189,82.15
2008,6,9,15,30,21.3,96,664,829,0,141,141,71.47
2008,6,9,16,30,23.200000000000003,104,842,880,9,369,377,61.72
2008,6,9,17,30,24.700000000000003,108,965,908,182,498,670,54.88
2008,6,9,18,30,25.6,113,1024,916,156,484,640,50.99
2008,6,9,19,30,25.900000000000002,116,1013,909,180,517,694,49.4
2008,6,9,20,30,25.3,118,933,885,369,369,709,50.78
2008,6,9,21,30,23.900000000000002,121,789,834,0,126,126,56.56
2008,6,9,22,30,22.400000000000002,119,596,750,38,261,286,64.66
2008,6,9,23,30,21.1,102,375,623,10,143,147,73.03
2008,6,10,0,30,20.1,70,152,378,1,44,44,81.14
2008,6,10,1,30,19.400000000000002,0,0,0,0,0,0,86.88
2008,6,10,2,30,19,0,0,0,0,0,0,91.32000000000001
2008,6,10,3,30,18.900000000000002,0,0,0,0,0,0,92.34
2008,6,10,4,30,18.7,0,0,0,0,0,0,92.38
2008,6,10,5,30,18.6,0,0,0,0,0,0,94.44
2008,6,10,6,30,18.3,0,0,0,0,0,0,96.18
2008,6,10,7,30,18.1,0,0,0,0,0,0,97.42
2008,6,10,8,30,18,0,0,0,0,0,0,97.78
2008,6,10,9,30,17.900000000000002,0,0,0,0,0,0,98.13
2008,6,10,10,30,17.900000000000002,0,0,0,0,0,0,97.95
2008,6,10,11,30,17.900000000000002,0,0,0,0,0,0,97.58
2008,6,10,12,30,18,21,27,120,0,7,7,96.15
2008,6,10,13,30,18.5,68,217,537,0,28,29,91.72
2008,6,10,14,30,19.400000000000002,88,445,725,1,79,79,85.99
2008,6,10,15,30,20.5,98,661,823,8,221,227,79.52
2008,6,10,16,30,21.200000000000003,102,839,879,26,343,365,74.66
2008,6,10,17,30,21.5,106,963,907,87,433,515,72.03
2008,6,10,18,30,21.5,111,1022,916,162,435,597,71.09
2008,6,10,19,30,21.5,113,1013,912,81,464,545,70.16
2008,6,10,20,30,21.3,110,936,897,108,445,545,70.10000000000001
2008,6,10,21,30,21,115,793,845,231,344,529,70.44
2008,6,10,22,30,20.5,105,604,783,26,289,306,72.05
2008,6,10,23,30,19.6,89,384,673,78,200,234,76.28
2008,6,11,0,30,18.6,61,159,446,10,84,86,82.41
2008,6,11,1,30,17.7,0,0,0,0,0,0,89.32000000000001
2008,6,11,2,30,17.2,0,0,0,0,0,0,91.62
2008,6,11,3,30,16.7,0,0,0,0,0,0,93.72
2008,6,11,4,30,16.400000000000002,0,0,0,0,0,0,94.29
2008,6,11,5,30,16.1,0,0,0,0,0,0,95.09
2008,6,11,6,30,16,0,0,0,0,0,0,94.62
2008,6,11,7,30,15.9,0,0,0,0,0,0,94.41
2008,6,11,8,30,15.8,0,0,0,0,0,0,94.29
2008,6,11,9,30,15.8,0,0,0,0,0,0,93.7
2008,6,11,10,30,15.9,0,0,0,0,0,0,92.68
2008,6,11,11,30,15.9,0,0,0,0,0,0,92.59
2008,6,11,12,30,16.5,21,25,79,0,6,6,89.07000000000001
2008,6,11,13,30,17.900000000000002,83,210,456,0,20,20,81.14
2008,6,11,14,30,19.6,114,437,656,4,190,192,70.7
2008,6,11,15,30,21.400000000000002,128,652,766,0,115,115,60.81
2008,6,11,16,30,23.3,136,831,829,0,177,178,52.99
2008,6,11,17,30,24.900000000000002,144,957,862,0,218,218,47.7
2008,6,11,18,30,25.900000000000002,150,1016,871,0,83,83,44.550000000000004
2008,6,11,19,30,26.1,153,1006,864,0,132,132,43.480000000000004
2008,6,11,20,30,26.1,148,928,847,11,417,427,42.980000000000004
2008,6,11,21,30,25.700000000000003,133,792,821,113,427,517,43.54
2008,6,11,22,30,24.8,120,602,754,367,252,486,45.83
2008,6,11,23,30,23.400000000000002,101,382,638,272,191,311,50.52
2008,6,12,0,30,21.700000000000003,68,158,408,408,68,158,58.410000000000004
2008,6,12,1,30,20.1,0,0,0,0,0,0,68.46000000000001
2008,6,12,2,30,18.900000000000002,0,0,0,0,0,0,75.2
2008,6,12,3,30,18.1,0,0,0,0,0,0,80.32000000000001
2008,6,12,4,30,17.400000000000002,0,0,0,0,0,0,84.7
2008,6,12,5,30,16.900000000000002,0,0,0,0,0,0,87.82000000000001
2008,6,12,6,30,16.6,0,0,0,0,0,0,89.73
2008,6,12,7,30,16.400000000000002,0,0,0,0,0,0,90.66
2008,6,12,8,30,16.3,0,0,0,0,0,0,91.28
2008,6,12,9,30,16.2,0,0,0,0,0,0,92.05
2008,6,12,10,30,16.2,0,0,0,0,0,0,92.33
2008,6,12,11,30,16.1,0,0,0,0,0,0,93.38
2008,6,12,12,30,16.7,21,27,109,0,5,5,89.91
2008,6,12,13,30,18.2,74,214,507,3,63,64,80.83
2008,6,12,14,30,20,100,442,694,290,207,350,68.05
2008,6,12,15,30,21.8,117,656,788,0,110,110,57.370000000000005
2008,6,12,16,30,23.3,130,834,841,0,180,180,51.59
2008,6,12,17,30,24.3,140,959,868,0,169,169,48.58
2008,6,12,18,30,25.200000000000003,148,1018,875,0,159,159,45.79
2008,6,12,19,30,25.700000000000003,150,1010,872,0,244,245,44.12
2008,6,12,20,30,25.900000000000002,144,934,856,1,309,310,42.95
2008,6,12,21,30,25.700000000000003,149,789,797,0,221,221,42.88
2008,6,12,22,30,25.3,134,602,732,5,263,266,43.550000000000004
2008,6,12,23,30,24.400000000000002,110,381,615,30,227,240,45.72
2008,6,13,0,30,22.700000000000003,71,158,391,157,115,150,51.47
2008,6,13,1,30,20.8,0,0,0,0,0,0,61.910000000000004
2008,6,13,2,30,19.5,0,0,0,0,0,0,68.37
2008,6,13,3,30,18.6,0,0,0,0,0,0,73.41
2008,6,13,4,30,17.8,0,0,0,0,0,0,78.21000000000001
2008,6,13,5,30,17.2,0,0,0,0,0,0,82.62
2008,6,13,6,30,16.900000000000002,0,0,0,0,0,0,85.69
2008,6,13,7,30,16.7,0,0,0,0,0,0,87.78
2008,6,13,8,30,16.6,0,0,0,0,0,0,89.08
2008,6,13,9,30,16.6,0,0,0,0,0,0,89.89
2008,6,13,10,30,16.7,0,0,0,0,0,0,90.25
2008,6,13,11,30,16.8,0,0,0,0,0,0,90.27
2008,6,13,12,30,17.6,20,23,55,0,10,10,86.65
2008,6,13,13,30,19.700000000000003,90,206,421,6,90,91,76.97
2008,6,13,14,30,22.400000000000002,118,435,646,0,59,59,63
2008,6,13,15,30,24.900000000000002,126,657,778,2,168,169,51.52
2008,6,13,16,30,26.8,128,839,850,3,214,216,44.18
2008,6,13,17,30,28.200000000000003,131,968,888,141,477,610,39.85
2008,6,13,18,30,29,149,1024,879,879,149,1024,37.47
2008,6,13,19,30,29.3,154,1014,871,871,154,1014,36.36
2008,6,13,20,30,29,152,936,850,606,293,852,36.550000000000004
2008,6,13,21,30,28.400000000000002,130,801,836,497,281,680,37.87
2008,6,13,22,30,27.900000000000002,118,612,773,479,225,531,39.24
2008,6,13,23,30,26.8,97,390,665,445,174,370,41.99
2008,6,14,0,30,24.8,63,165,457,153,113,147,49.64
2008,6,14,1,30,22.6,0,0,0,0,0,0,62.27
2008,6,14,2,30,21,0,0,0,0,0,0,72.64
2008,6,14,3,30,19.900000000000002,0,0,0,0,0,0,81.33
2008,6,14,4,30,19.3,0,0,0,0,0,0,86.9
2008,6,14,5,30,19,0,0,0,0,0,0,89.74
2008,6,14,6,30,18.7,0,0,0,0,0,0,91.68
2008,6,14,7,30,18.400000000000002,0,0,0,0,0,0,93.04
2008,6,14,8,30,18.1,0,0,0,0,0,0,94.26
2008,6,14,9,30,17.7,0,0,0,0,0,0,95.25
2008,6,14,10,30,17.3,0,0,0,0,0,0,95.79
2008,6,14,11,30,17.1,0,0,0,0,0,0,95.2
2008,6,14,12,30,18,20,29,157,0,8,8,89.96000000000001
2008,6,14,13,30,20.1,64,223,579,0,8,8,80.09
2008,6,14,14,30,22.6,83,458,765,6,200,203,65.51
2008,6,14,15,30,25.1,92,678,858,3,275,278,51.730000000000004
2008,6,14,16,30,27.1,99,858,908,908,99,858,42.64
2008,6,14,17,30,28.6,104,982,932,932,104,982,36.86
2008,6,14,18,30,29.700000000000003,116,1041,930,930,116,1041,33.35
2008,6,14,19,30,30.1,121,1029,919,919,121,1029,31.91
2008,6,14,20,30,30,121,948,897,897,121,948,31.79
2008,6,14,21,30,29.400000000000002,115,807,861,861,115,807,32.96
2008,6,14,22,30,28.200000000000003,109,613,787,787,109,613,36.02
2008,6,14,23,30,26.5,93,390,672,672,93,390,41
2008,6,15,0,30,24.400000000000002,65,164,442,0,6,6,50.43
2008,6,15,1,30,22.400000000000002,0,0,0,0,0,0,63.39
2008,6,15,2,30,20.900000000000002,0,0,0,0,0,0,74
2008,6,15,3,30,20.1,0,0,0,0,0,0,81.05
2008,6,15,4,30,19.6,0,0,0,0,0,0,85.81
2008,6,15,5,30,19.200000000000003,0,0,0,0,0,0,88.91
2008,6,15,6,30,18.8,0,0,0,0,0,0,90.99
2008,6,15,7,30,18.400000000000002,0,0,0,0,0,0,92.86
2008,6,15,8,30,18.1,0,0,0,0,0,0,93.99
2008,6,15,9,30,17.8,0,0,0,0,0,0,94.8
2008,6,15,10,30,17.5,0,0,0,0,0,0,95.54
2008,6,15,11,30,17.400000000000002,0,0,0,0,0,0,94.63
2008,6,15,12,30,18.2,20,28,149,0,11,11,89.95
2008,6,15,13,30,20,63,220,570,28,141,149,80.11
2008,6,15,14,30,22.200000000000003,83,450,748,748,83,450,66.23
2008,6,15,15,30,24.400000000000002,99,666,832,7,288,293,54.97
2008,6,15,16,30,25.900000000000002,109,844,879,5,352,355,48.01
2008,6,15,17,30,26.900000000000002,116,971,907,907,116,971,43.88
2008,6,15,18,30,27.6,133,1027,899,899,133,1027,41.44
2008,6,15,19,30,27.8,135,1018,894,894,135,1018,41.07
2008,6,15,20,30,27.6,130,940,877,877,130,940,41.69
2008,6,15,21,30,26.900000000000002,102,810,880,880,102,810,43.71
2008,6,15,22,30,25.900000000000002,93,620,822,453,276,566,47.13
2008,6,15,23,30,24.700000000000003,77,399,726,726,77,399,52.54
2008,6,16,0,30,22.8,55,170,515,515,55,170,62.1
2008,6,16,1,30,21,0,0,0,0,0,0,74.16
2008,6,16,2,30,19.8,0,0,0,0,0,0,78.76
2008,6,16,3,30,18.900000000000002,0,0,0,0,0,0,82.72
2008,6,16,4,30,18.2,0,0,0,0,0,0,86.7
2008,6,16,5,30,17.8,0,0,0,0,0,0,88.86
2008,6,16,6,30,17.6,0,0,0,0,0,0,89.84
2008,6,16,7,30,17.5,0,0,0,0,0,0,90.55
2008,6,16,8,30,17.5,0,0,0,0,0,0,90.9
2008,6,16,9,30,17.400000000000002,0,0,0,0,0,0,91.65
2008,6,16,10,30,17.400000000000002,0,0,0,0,0,0,91.63
2008,6,16,11,30,17.2,0,0,0,0,0,0,93.05
2008,6,16,12,30,17.400000000000002,20,25,89,0,7,7,91.89
2008,6,16,13,30,18.3,74,212,505,0,42,42,85.4
2008,6,16,14,30,20,96,442,706,81,269,308,72.96000000000001
2008,6,16,15,30,22.3,108,661,813,813,108,661,60.13
2008,6,16,16,30,24.5,114,842,872,872,114,842,51.620000000000005
2008,6,16,17,30,26.3,116,968,905,905,116,968,45.63
2008,6,16,18,30,27.400000000000002,130,1026,901,901,130,1026,41.57
2008,6,16,19,30,27.900000000000002,132,1017,896,896,132,1017,39.36
2008,6,16,20,30,27.900000000000002,130,939,876,876,130,939,38.51
2008,6,16,21,30,27.5,131,797,827,0,116,116,38.68
2008,6,16,22,30,26.700000000000003,121,607,757,11,215,222,40.230000000000004
2008,6,16,23,30,25.700000000000003,103,387,640,4,120,122,43.19
2008,6,17,0,30,24.200000000000003,69,163,416,136,117,147,48.980000000000004
2008,6,17,1,30,22.700000000000003,0,0,0,0,0,0,56.83
2008,6,17,2,30,21.5,0,0,0,0,0,0,61.86
2008,6,17,3,30,20.3,0,0,0,0,0,0,67.46000000000001
2008,6,17,4,30,19.200000000000003,0,0,0,0,0,0,74.13
2008,6,17,5,30,18.400000000000002,0,0,0,0,0,0,79.68
2008,6,17,6,30,18,0,0,0,0,0,0,83.46000000000001
2008,6,17,7,30,17.8,0,0,0,0,0,0,86.01
2008,6,17,8,30,17.6,0,0,0,0,0,0,87.61
2008,6,17,9,30,17.5,0,0,0,0,0,0,88.7
2008,6,17,10,30,17.5,0,0,0,0,0,0,88.96000000000001
2008,6,17,11,30,17.400000000000002,0,0,0,0,0,0,89.69
2008,6,17,12,30,17.900000000000002,17,18,24,0,6,6,87.17
2008,6,17,13,30,19.6,103,196,341,6,128,130,78.37
2008,6,17,14,30,21.900000000000002,128,426,609,609,128,426,65.63
2008,6,17,15,30,24.200000000000003,135,648,754,754,135,648,53.800000000000004
2008,6,17,16,30,26.1,141,831,826,826,141,831,46.7
2008,6,17,17,30,27.700000000000003,146,959,864,864,146,959,41.37
2008,6,17,18,30,28.8,123,1031,914,914,123,1031,37.17
2008,6,17,19,30,29.1,127,1022,906,906,127,1022,34.800000000000004
2008,6,17,20,30,29,126,945,886,886,126,945,34.19
2008,6,17,21,30,28.6,120,806,852,852,120,806,34.63
2008,6,17,22,30,27.900000000000002,107,618,796,64,290,331,36.13
2008,6,17,23,30,26.900000000000002,87,398,700,105,210,257,38.61
2008,6,18,0,30,25.1,60,171,492,22,99,104,44.95
2008,6,18,1,30,23.1,0,0,0,0,0,0,55.6
2008,6,18,2,30,21.6,0,0,0,0,0,0,62.85
2008,6,18,3,30,20.400000000000002,0,0,0,0,0,0,70.05
2008,6,18,4,30,19.700000000000003,0,0,0,0,0,0,75.64
2008,6,18,5,30,19.200000000000003,0,0,0,0,0,0,79.78
2008,6,18,6,30,18.900000000000002,0,0,0,0,0,0,82.28
2008,6,18,7,30,18.6,0,0,0,0,0,0,84.43
2008,6,18,8,30,18.400000000000002,0,0,0,0,0,0,86.27
2008,6,18,9,30,18.2,0,0,0,0,0,0,88.19
2008,6,18,10,30,18,0,0,0,0,0,0,90.25
2008,6,18,11,30,18,0,0,0,0,0,0,90.28
2008,6,18,12,30,18.7,20,24,88,0,16,16,86.67
2008,6,18,13,30,20.700000000000003,75,210,496,496,75,210,76.56
2008,6,18,14,30,23,98,440,699,699,98,440,63.86
2008,6,18,15,30,24.8,112,657,801,801,112,657,55.49
2008,6,18,16,30,26,124,835,853,853,124,835,50.47
2008,6,18,17,30,26.900000000000002,132,962,882,882,132,962,46.17
2008,6,18,18,30,27.700000000000003,129,1026,903,903,129,1026,41.730000000000004
2008,6,18,19,30,28.3,131,1020,900,900,131,1020,38.34
2008,6,18,20,30,28.6,128,945,885,885,128,945,36.36
2008,6,18,21,30,28.6,119,809,856,856,119,809,35.14
2008,6,18,22,30,28.3,107,621,799,540,219,566,35.15
2008,6,18,23,30,27.3,88,400,699,699,88,400,37.51
2008,6,19,0,30,25.1,60,173,496,260,106,165,44.27
2008,6,19,1,30,22.6,0,0,0,0,0,0,55.28
2008,6,19,2,30,21,0,0,0,0,0,0,62.730000000000004
2008,6,19,3,30,19.700000000000003,0,0,0,0,0,0,70.74
2008,6,19,4,30,18.7,0,0,0,0,0,0,77.95
2008,6,19,5,30,18.1,0,0,0,0,0,0,83.08
2008,6,19,6,30,17.6,0,0,0,0,0,0,86.95
2008,6,19,7,30,17.2,0,0,0,0,0,0,89.54
2008,6,19,8,30,16.7,0,0,0,0,0,0,92.35000000000001
2008,6,19,9,30,16.2,0,0,0,0,0,0,94.89
2008,6,19,10,30,15.9,0,0,0,0,0,0,96.43
2008,6,19,11,30,15.9,0,0,0,0,0,0,96.07000000000001
2008,6,19,12,30,17.6,20,26,117,117,20,26,86.9
2008,6,19,13,30,20.8,70,215,533,533,70,215,71.5
2008,6,19,14,30,24.1,95,444,716,716,95,444,51.93
2008,6,19,15,30,26.700000000000003,113,660,806,806,113,660,41.480000000000004
2008,6,19,16,30,28.700000000000003,126,839,856,856,126,839,36
2008,6,19,17,30,30.200000000000003,135,965,882,882,135,965,31.580000000000002
2008,6,19,18,30,31,148,1024,882,882,148,1024,29.03
2008,6,19,19,30,31.1,156,1014,868,868,156,1014,28.11
2008,6,19,20,30,30.700000000000003,152,936,849,849,152,936,28.59
2008,6,19,21,30,30,129,804,836,215,376,549,30.11
2008,6,19,22,30,29.1,121,612,763,342,265,485,32.26
2008,6,19,23,30,27.900000000000002,104,391,644,346,185,339,35.74
2008,6,20,0,30,26,72,166,411,56,116,129,42.74
2008,6,20,1,30,23.900000000000002,0,0,0,0,0,0,53.18
2008,6,20,2,30,22.400000000000002,0,0,0,0,0,0,62.01
2008,6,20,3,30,21.3,0,0,0,0,0,0,69.7
2008,6,20,4,30,20.5,0,0,0,0,0,0,75.05
2008,6,20,5,30,20.1,0,0,0,0,0,0,76.99
2008,6,20,6,30,19.700000000000003,0,0,0,0,0,0,77.93
2008,6,20,7,30,19.400000000000002,0,0,0,0,0,0,78.7
2008,6,20,8,30,18.900000000000002,0,0,0,0,0,0,80.8
2008,6,20,9,30,18.6,0,0,0,0,0,0,81.98
2008,6,20,10,30,18.2,0,0,0,0,0,0,83.48
2008,6,20,11,30,18.1,0,0,0,0,0,0,83.19
2008,6,20,12,30,19.6,19,26,131,0,17,17,76.09
2008,6,20,13,30,22.6,66,220,567,28,150,157,62.47
2008,6,20,14,30,25.400000000000002,88,455,753,180,265,353,48.49
2008,6,20,15,30,27.8,102,675,844,844,102,675,36.050000000000004
2008,6,20,16,30,29.6,112,856,892,892,112,856,29.88
2008,6,20,17,30,31.1,120,983,918,918,120,983,26.19
2008,6,20,18,30,32.2,133,1044,917,917,133,1044,23.48
2008,6,20,19,30,32.9,135,1036,912,912,135,1036,21.54
2008,6,20,20,30,33.2,134,959,892,892,134,959,20.62
2008,6,20,21,30,33,130,818,852,429,307,653,20.29
2008,6,20,22,30,32.2,121,625,782,580,206,580,20.87
2008,6,20,23,30,30.5,103,399,663,455,172,375,23.5
2008,6,21,0,30,27.5,71,170,435,157,115,151,31.35
2008,6,21,1,30,24.3,0,0,0,0,0,0,44.96
2008,6,21,2,30,22.200000000000003,0,0,0,0,0,0,56.15
2008,6,21,3,30,20.8,0,0,0,0,0,0,66.91
2008,6,21,4,30,19.900000000000002,0,0,0,0,0,0,75.08
2008,6,21,5,30,19.200000000000003,0,0,0,0,0,0,80.84
2008,6,21,6,30,18.6,0,0,0,0,0,0,84.48
2008,6,21,7,30,18.2,0,0,0,0,0,0,86.47
2008,6,21,8,30,18,0,0,0,0,0,0,86.73
2008,6,21,9,30,17.900000000000002,0,0,0,0,0,0,86.32000000000001
2008,6,21,10,30,17.8,0,0,0,0,0,0,85.84
2008,6,21,11,30,17.7,0,0,0,0,0,0,86
2008,6,21,12,30,18.6,17,19,27,0,7,7,81.61
2008,6,21,13,30,20.900000000000002,105,194,332,0,15,15,69.89
2008,6,21,14,30,23.5,145,419,565,49,225,249,57.27
2008,6,21,15,30,25.900000000000002,158,640,710,324,299,519,46.07
2008,6,21,16,30,27.8,166,823,789,507,279,701,37.84
2008,6,21,17,30,29.200000000000003,177,951,824,596,307,867,32.95
2008,6,21,18,30,30.200000000000003,199,1008,814,814,199,1008,30.12
2008,6,21,19,30,30.6,201,1001,810,810,201,1001,28.560000000000002
2008,6,21,20,30,30.8,197,923,786,786,197,923,27.55
2008,6,21,21,30,30.5,151,799,803,803,151,799,27.98
2008,6,21,22,30,29.5,146,606,714,714,146,606,29.830000000000002
2008,6,21,23,30,27.8,128,382,568,386,186,359,34.1
2008,6,22,0,30,25.900000000000002,87,158,306,105,108,132,41.12
2008,6,22,1,30,24.1,0,0,0,0,0,0,49.85
2008,6,22,2,30,22.8,0,0,0,0,0,0,57.410000000000004
2008,6,22,3,30,21.700000000000003,0,0,0,0,0,0,63.78
2008,6,22,4,30,21,0,0,0,0,0,0,68.06
2008,6,22,5,30,20.6,0,0,0,0,0,0,70.63
2008,6,22,6,30,20.1,0,0,0,0,0,0,73.03
2008,6,22,7,30,19.6,0,0,0,0,0,0,74.94
2008,6,22,8,30,19.200000000000003,0,0,0,0,0,0,76.09
2008,6,22,9,30,18.6,0,0,0,0,0,0,78.18
2008,6,22,10,30,18,0,0,0,0,0,0,80.66
2008,6,22,11,30,17.5,0,0,0,0,0,0,82.84
2008,6,22,12,30,18.2,17,19,42,0,7,7,79.24
2008,6,22,13,30,20.200000000000003,97,198,376,0,9,9,68.41
2008,6,22,14,30,22.700000000000003,136,424,594,12,168,174,56.85
2008,6,22,15,30,25.1,153,641,720,260,319,496,48.01
2008,6,22,16,30,27.200000000000003,159,825,800,192,395,556,41.29
2008,6,22,17,30,28.6,165,951,836,323,420,724,37.08
2008,6,22,18,30,29.3,177,1011,839,573,280,849,35.2
2008,6,22,19,30,29.200000000000003,188,1000,821,552,351,896,35.72
2008,6,22,20,30,28.400000000000002,190,920,790,548,321,828,38.02
2008,6,22,21,30,27.1,159,790,781,297,431,671,42.21
2008,6,22,22,30,25.5,153,597,687,687,153,597,48.44
2008,6,22,23,30,23.700000000000003,130,378,552,0,128,128,56.5
2008,6,23,0,30,22,87,157,306,306,87,157,65.97
2008,6,23,1,30,20.700000000000003,0,0,0,0,0,0,75.46000000000001
2008,6,23,2,30,19.8,0,0,0,0,0,0,83.02
2008,6,23,3,30,19.400000000000002,0,0,0,0,0,0,86.06
2008,6,23,4,30,19,0,0,0,0,0,0,88.36
2008,6,23,5,30,18.8,0,0,0,0,0,0,89.52
2008,6,23,6,30,18.5,0,0,0,0,0,0,91.25
2008,6,23,7,30,18.2,0,0,0,0,0,0,92.65
2008,6,23,8,30,18,0,0,0,0,0,0,93.37
2008,6,23,9,30,17.8,0,0,0,0,0,0,94.12
2008,6,23,10,30,17.6,0,0,0,0,0,0,95.16
2008,6,23,11,30,17.3,0,0,0,0,0,0,95.68
2008,6,23,12,30,17.400000000000002,19,23,88,0,14,14,93.29
2008,6,23,13,30,18.2,73,208,503,184,129,179,87.28
2008,6,23,14,30,19.400000000000002,99,436,696,294,215,357,78.66
2008,6,23,15,30,20.8,116,652,792,472,236,556,68.99
2008,6,23,16,30,22.1,128,832,846,151,456,581,61.28
2008,6,23,17,30,23.1,136,958,874,476,341,788,56.31
2008,6,23,18,30,23.8,157,1012,861,562,308,866,53.38
2008,6,23,19,30,24.200000000000003,160,1005,855,689,251,932,51.88
2008,6,23,20,30,24.200000000000003,156,929,835,313,426,715,51.82
2008,6,23,21,30,24.1,129,800,831,279,350,575,52.25
2008,6,23,22,30,23.8,118,613,767,324,273,483,53.33
2008,6,23,23,30,23.1,99,393,654,225,207,308,55.82
2008,6,24,0,30,21.8,68,169,439,95,114,135,61.870000000000005
2008,6,24,1,30,20.6,0,0,0,0,0,0,70.78
2008,6,24,2,30,20.1,0,0,0,0,0,0,73.94
2008,6,24,3,30,19.700000000000003,0,0,0,0,0,0,76.24
2008,6,24,4,30,19.3,0,0,0,0,0,0,78.88
2008,6,24,5,30,18.8,0,0,0,0,0,0,82.32000000000001
2008,6,24,6,30,18.3,0,0,0,0,0,0,85.8
2008,6,24,7,30,17.900000000000002,0,0,0,0,0,0,88.75
2008,6,24,8,30,17.6,0,0,0,0,0,0,91.05
2008,6,24,9,30,17.5,0,0,0,0,0,0,92.22
2008,6,24,10,30,17.400000000000002,0,0,0,0,0,0,92.74
2008,6,24,11,30,17.3,0,0,0,0,0,0,92.81
2008,6,24,12,30,17.400000000000002,16,18,32,0,8,8,90.98
2008,6,24,13,30,18.1,92,197,393,39,146,157,85.12
2008,6,24,14,30,19.400000000000002,127,423,612,151,270,343,74.58
2008,6,24,15,30,21.200000000000003,153,637,716,716,153,637,63.47
2008,6,24,16,30,23,175,814,768,768,175,814,56.34
2008,6,24,17,30,24.6,186,940,802,802,186,940,51.94
2008,6,24,18,30,25.8,121,1027,912,912,121,1027,48.36
2008,6,24,19,30,26.5,119,1020,912,912,119,1020,45.56
2008,6,24,20,30,26.6,114,947,900,900,114,947,44.480000000000004
2008,6,24,21,30,26.200000000000003,114,807,857,857,114,807,45.01
2008,6,24,22,30,25.200000000000003,106,618,791,791,106,618,48.01
2008,6,24,23,30,24,92,397,678,212,199,294,53.63
2008,6,25,0,30,22.400000000000002,67,170,445,173,111,151,64.1
2008,6,25,1,30,20.900000000000002,0,0,0,0,0,0,75.3
2008,6,25,2,30,19.900000000000002,0,0,0,0,0,0,81.06
2008,6,25,3,30,19.3,0,0,0,0,0,0,84.16
2008,6,25,4,30,19,0,0,0,0,0,0,85.73
2008,6,25,5,30,18.8,0,0,0,0,0,0,85.53
2008,6,25,6,30,18.5,0,0,0,0,0,0,84.93
2008,6,25,7,30,18.1,0,0,0,0,0,0,87.69
2008,6,25,8,30,17.8,0,0,0,0,0,0,90.19
2008,6,25,9,30,17.400000000000002,0,0,0,0,0,0,91.26
2008,6,25,10,30,17,0,0,0,0,0,0,93.43
2008,6,25,11,30,16.7,0,0,0,0,0,0,94.72
2008,6,25,12,30,17.1,17,20,48,0,10,10,90.97
2008,6,25,13,30,18.6,88,198,411,121,138,170,84.07000000000001
2008,6,25,14,30,20.700000000000003,125,422,615,1,171,171,73.09
2008,6,25,15,30,22.900000000000002,141,640,739,0,148,148,61.93
2008,6,25,16,30,24.700000000000003,147,822,812,812,147,822,54.120000000000005
2008,6,25,17,30,26.1,151,950,851,851,151,950,48.7
2008,6,25,18,30,27.1,138,1020,888,888,138,1020,44.96
2008,6,25,19,30,27.6,140,1014,884,884,140,1014,42.45
2008,6,25,20,30,27.8,140,939,863,863,140,939,41.19
2008,6,25,21,30,27.5,135,800,821,821,135,800,41.35
2008,6,25,22,30,26.8,123,613,757,757,123,613,42.89
2008,6,25,23,30,25.700000000000003,103,394,648,648,103,394,45.96
2008,6,26,0,30,23.900000000000002,72,169,419,33,123,130,53.53
2008,6,26,1,30,22.200000000000003,0,0,0,0,0,0,63.93
2008,6,26,2,30,21.1,0,0,0,0,0,0,69.61
2008,6,26,3,30,20.3,0,0,0,0,0,0,74.39
2008,6,26,4,30,19.700000000000003,0,0,0,0,0,0,78.7
2008,6,26,5,30,19.200000000000003,0,0,0,0,0,0,81.93
2008,6,26,6,30,18.7,0,0,0,0,0,0,84.48
2008,6,26,7,30,18.3,0,0,0,0,0,0,86.37
2008,6,26,8,30,17.8,0,0,0,0,0,0,88.36
2008,6,26,9,30,17.3,0,0,0,0,0,0,89.81
2008,6,26,10,30,16.8,0,0,0,0,0,0,91.25
2008,6,26,11,30,16.5,0,0,0,0,0,0,91.61
2008,6,26,12,30,17.6,18,20,52,0,9,9,86.02
2008,6,26,13,30,19.900000000000002,81,203,457,5,84,85,76.23
2008,6,26,14,30,22.700000000000003,110,432,668,55,221,247,60.18
2008,6,26,15,30,25.3,125,653,782,245,321,487,49.45
2008,6,26,16,30,27.200000000000003,132,834,846,458,304,685,43.13
2008,6,26,17,30,28.6,138,963,879,565,284,814,38.9
2008,6,26,18,30,29.3,177,1012,841,841,177,1012,36.660000000000004
2008,6,26,19,30,29.6,181,1003,831,586,333,912,35.410000000000004
2008,6,26,20,30,29.6,182,925,802,294,434,707,35.08
2008,6,26,21,30,29,153,795,792,792,153,795,35.88
2008,6,26,22,30,27.8,144,605,712,712,144,605,38.35
2008,6,26,23,30,25.900000000000002,123,385,581,581,123,385,44.79
2008,6,27,0,30,23.700000000000003,86,162,325,325,86,162,56.09
2008,6,27,1,30,21.8,0,0,0,0,0,0,68.96000000000001
2008,6,27,2,30,20.6,0,0,0,0,0,0,78.85000000000001
2008,6,27,3,30,20,0,0,0,0,0,0,85.23
2008,6,27,4,30,19.6,0,0,0,0,0,0,89.61
2008,6,27,5,30,19.3,0,0,0,0,0,0,92.11
2008,6,27,6,30,19,0,0,0,0,0,0,93.46000000000001
2008,6,27,7,30,18.7,0,0,0,0,0,0,93.97
2008,6,27,8,30,18.400000000000002,0,0,0,0,0,0,94.36
2008,6,27,9,30,18.2,0,0,0,0,0,0,93.83
2008,6,27,10,30,18,0,0,0,0,0,0,93.06
2008,6,27,11,30,17.8,0,0,0,0,0,0,92.73
2008,6,27,12,30,18,17,19,43,0,9,9,90.4
2008,6,27,13,30,18.7,88,192,392,392,88,192,85.3
2008,6,27,14,30,19.5,133,412,580,8,206,210,79.51
2008,6,27,15,30,20,161,625,688,688,161,625,76.42
2008,6,27,16,30,20.900000000000002,163,812,782,782,163,812,71.73
2008,6,27,17,30,22.3,157,948,842,842,157,948,65.36
2008,6,27,18,30,23.900000000000002,128,1025,904,904,128,1025,59.19
2008,6,27,19,30,25.1,128,1023,905,905,128,1023,54.45
2008,6,27,20,30,25.900000000000002,122,950,893,893,122,950,51.24
2008,6,27,21,30,26.200000000000003,115,814,862,862,115,814,49.2
2008,6,27,22,30,25.900000000000002,101,627,811,811,101,627,48.74
2008,6,27,23,30,25,84,407,715,367,173,339,50.84
2008,6,28,0,30,22.900000000000002,59,179,513,54,117,130,59.42
2008,6,28,1,30,20.700000000000003,0,0,0,0,0,0,72.78
2008,6,28,2,30,19.5,0,0,0,0,0,0,79.54
2008,6,28,3,30,18.8,0,0,0,0,0,0,85.59
2008,6,28,4,30,18.5,0,0,0,0,0,0,89.98
2008,6,28,5,30,18.400000000000002,0,0,0,0,0,0,92.93
2008,6,28,6,30,18.2,0,0,0,0,0,0,95.19
2008,6,28,7,30,18.1,0,0,0,0,0,0,95.98
2008,6,28,8,30,18,0,0,0,0,0,0,96.87
2008,6,28,9,30,17.900000000000002,0,0,0,0,0,0,97.65
2008,6,28,10,30,17.900000000000002,0,0,0,0,0,0,97.69
2008,6,28,11,30,17.900000000000002,0,0,0,0,0,0,97.55
2008,6,28,12,30,18.6,16,18,41,0,10,10,93.60000000000001
2008,6,28,13,30,20,85,196,421,1,48,49,87.16
2008,6,28,14,30,21.8,119,423,632,358,206,378,76.7
2008,6,28,15,30,23.700000000000003,139,640,745,745,139,640,66.09
2008,6,28,16,30,25.6,150,824,813,813,150,824,56.63
2008,6,28,17,30,27.200000000000003,153,954,853,853,153,954,48.84
2008,6,28,18,30,28.3,182,1011,836,836,182,1011,42.59
2008,6,28,19,30,29,185,1005,829,829,185,1005,38.410000000000004
2008,6,28,20,30,29.200000000000003,184,930,805,805,184,930,36.13
2008,6,28,21,30,29.200000000000003,126,813,848,848,126,813,35.04
2008,6,28,22,30,28.700000000000003,114,625,786,786,114,625,35.72
2008,6,28,23,30,27.6,96,403,680,680,96,403,38.07
2008,6,29,0,30,25.5,65,176,473,473,65,176,46.800000000000004
2008,6,29,1,30,23.6,0,0,0,0,0,0,59.410000000000004
2008,6,29,2,30,22.5,0,0,0,0,0,0,65.73
2008,6,29,3,30,21.5,0,0,0,0,0,0,71.84
2008,6,29,4,30,20.6,0,0,0,0,0,0,77.09
2008,6,29,5,30,19.8,0,0,0,0,0,0,81.37
2008,6,29,6,30,19.1,0,0,0,0,0,0,84.28
2008,6,29,7,30,18.400000000000002,0,0,0,0,0,0,86.65
2008,6,29,8,30,17.7,0,0,0,0,0,0,89.33
2008,6,29,9,30,17,0,0,0,0,0,0,92.10000000000001
2008,6,29,10,30,16.400000000000002,0,0,0,0,0,0,94.15
2008,6,29,11,30,16.3,0,0,0,0,0,0,92.9
2008,6,29,12,30,17.5,17,21,96,0,16,16,84.88
2008,6,29,13,30,20,70,207,517,69,131,149,72.19
2008,6,29,14,30,22.6,98,438,707,367,198,374,62.96
2008,6,29,15,30,24.900000000000002,112,658,812,454,243,548,54.980000000000004
2008,6,29,16,30,26.700000000000003,119,842,873,486,305,708,47.62
2008,6,29,17,30,28,126,972,901,590,303,856,41.29
2008,6,29,18,30,28.700000000000003,140,1031,897,654,272,922,37.59
2008,6,29,19,30,28.900000000000002,150,1022,882,657,279,928,35.97
2008,6,29,20,30,28.6,155,944,850,506,342,811,36.17
2008,6,29,21,30,27.900000000000002,120,816,858,587,248,724,38.18
2008,6,29,22,30,26.8,103,629,809,420,241,514,41.800000000000004
2008,6,29,23,30,25.1,85,407,711,385,169,344,48.85
2008,6,30,0,30,23,61,177,494,182,111,154,61.34
2008,6,30,1,30,21.200000000000003,0,0,0,0,0,0,76
2008,6,30,2,30,20.200000000000003,0,0,0,0,0,0,84.93
2008,6,30,3,30,19.700000000000003,0,0,0,0,0,0,89.86
2008,6,30,4,30,19.3,0,0,0,0,0,0,93.28
2008,6,30,5,30,19,0,0,0,0,0,0,94.73
2008,6,30,6,30,18.8,0,0,0,0,0,0,94.94
2008,6,30,7,30,18.5,0,0,0,0,0,0,95.7
2008,6,30,8,30,18.3,0,0,0,0,0,0,96.06
2008,6,30,9,30,18.1,0,0,0,0,0,0,96.53
2008,6,30,10,30,17.8,0,0,0,0,0,0,97.27
2008,6,30,11,30,17.5,0,0,0,0,0,0,97.31
2008,6,30,12,30,17.7,16,20,97,0,8,8,94.52
2008,6,30,13,30,18.3,63,203,532,532,63,203,90.21000000000001
2008,6,30,14,30,19.3,87,430,716,436,178,386,83.07000000000001
2008,6,30,15,30,20.400000000000002,105,644,802,0,28,28,73.63
2008,6,30,16,30,21.3,121,821,845,0,184,184,66.43
2008,6,30,17,30,21.900000000000002,136,944,861,74,463,533,62.690000000000005
2008,6,30,18,30,22.400000000000002,175,996,826,570,318,884,60.300000000000004
2008,6,30,19,30,22.5,182,989,816,10,446,456,59.83
2008,6,30,20,30,22.3,179,916,795,11,369,380,60.82
2008,6,30,21,30,21.8,145,790,795,0,69,69,64.09
2008,6,30,22,30,21.1,128,607,737,7,210,214,69.11
2008,6,30,23,30,20.3,105,390,629,0,18,18,75.60000000000001
2008,7,1,0,30,19.5,73,167,404,9,97,99,82.61
2008,7,1,1,30,18.900000000000002,0,0,0,0,0,0,88.94
2008,7,1,2,30,18.7,0,0,0,0,0,0,92.33
2008,7,1,3,30,18.6,0,0,0,0,0,0,94.45
2008,7,1,4,30,18.400000000000002,0,0,0,0,0,0,96.53
2008,7,1,5,30,18.1,0,0,0,0,0,0,97.97
2008,7,1,6,30,17.7,0,0,0,0,0,0,98.71000000000001
2008,7,1,7,30,17.3,0,0,0,0,0,0,98.43
2008,7,1,8,30,16.900000000000002,0,0,0,0,0,0,97.96000000000001
2008,7,1,9,30,16.6,0,0,0,0,0,0,97.74000000000001
2008,7,1,10,30,16.400000000000002,0,0,0,0,0,0,97.26
2008,7,1,11,30,16.5,0,0,0,0,0,0,95.26
2008,7,1,12,30,17.2,16,20,109,0,8,8,90.86
2008,7,1,13,30,18.400000000000002,60,203,550,29,104,112,84.87
2008,7,1,14,30,19.8,81,432,734,121,257,315,75.79
2008,7,1,15,30,21.400000000000002,93,648,827,261,293,468,66.84
2008,7,1,16,30,22.8,103,827,875,83,372,441,61.21
2008,7,1,17,30,23.8,112,952,896,124,448,564,57.78
2008,7,1,18,30,24.200000000000003,129,1012,889,68,437,504,56.28
2008,7,1,19,30,23.8,128,1008,889,26,400,426,57.29
2008,7,1,20,30,23,121,936,878,140,458,589,60.82
2008,7,1,21,30,22.200000000000003,112,803,850,174,350,491,65.44
2008,7,1,22,30,21.3,96,619,804,93,296,356,70.53
2008,7,1,23,30,20.400000000000002,77,404,719,4,113,115,75.53
2008,7,2,0,30,19.400000000000002,53,179,532,26,108,114,81.54
2008,7,2,1,30,18.6,0,0,0,0,0,0,87.06
2008,7,2,2,30,18,0,0,0,0,0,0,91.31
2008,7,2,3,30,17.6,0,0,0,0,0,0,93.35000000000001
2008,7,2,4,30,17.2,0,0,0,0,0,0,94.57000000000001
2008,7,2,5,30,16.900000000000002,0,0,0,0,0,0,94.66
2008,7,2,6,30,16.7,0,0,0,0,0,0,94.38
2008,7,2,7,30,16.3,0,0,0,0,0,0,94.91
2008,7,2,8,30,16,0,0,0,0,0,0,95.21000000000001
2008,7,2,9,30,15.700000000000001,0,0,0,0,0,0,96.22
2008,7,2,10,30,15.600000000000001,0,0,0,0,0,0,96.16
2008,7,2,11,30,15.600000000000001,0,0,0,0,0,0,96.07000000000001
2008,7,2,12,30,16.5,14,22,201,0,3,3,91.71000000000001
2008,7,2,13,30,18.3,44,213,651,21,127,133,82.87
2008,7,2,14,30,20.3,57,444,811,811,57,444,71.64
2008,7,2,15,30,22,66,660,886,886,66,660,62.81
2008,7,2,16,30,23.3,72,840,928,110,396,487,57.36
2008,7,2,17,30,24.3,75,968,952,952,75,968,53.620000000000005
2008,7,2,18,30,24.900000000000002,90,1028,945,186,508,693,51.63
2008,7,2,19,30,25.1,89,1025,945,107,485,592,51.120000000000005
2008,7,2,20,30,24.8,86,953,934,934,86,953,51.79
2008,7,2,21,30,24.200000000000003,81,819,908,908,81,819,52.93
2008,7,2,22,30,23.200000000000003,74,634,861,189,289,412,55.6
2008,7,2,23,30,22,63,415,774,36,224,240,59.51
2008,7,3,0,30,20.3,45,186,598,10,109,111,66.39
2008,7,3,1,30,18.8,0,0,0,0,0,0,74.31
2008,7,3,2,30,17.8,0,0,0,0,0,0,80.57000000000001
2008,7,3,3,30,17,0,0,0,0,0,0,85.71000000000001
2008,7,3,4,30,16.400000000000002,0,0,0,0,0,0,89.54
2008,7,3,5,30,15.9,0,0,0,0,0,0,92.92
2008,7,3,6,30,15.600000000000001,0,0,0,0,0,0,94.81
2008,7,3,7,30,15.200000000000001,0,0,0,0,0,0,96.87
2008,7,3,8,30,15,0,0,0,0,0,0,97.38
2008,7,3,9,30,14.9,0,0,0,0,0,0,97.11
2008,7,3,10,30,14.700000000000001,0,0,0,0,0,0,97.78
2008,7,3,11,30,14.700000000000001,0,0,0,0,0,0,97.25
2008,7,3,12,30,15.3,14,21,169,169,14,21,93.51
2008,7,3,13,30,16.7,49,211,625,0,7,7,86.61
2008,7,3,14,30,18.8,64,442,794,0,60,60,76.4
2008,7,3,15,30,21.3,73,661,877,0,167,167,65.2
2008,7,3,16,30,23.400000000000002,78,842,924,3,336,339,57.07
2008,7,3,17,30,24.8,81,970,948,27,445,470,52.09
2008,7,3,18,30,25.8,94,1030,943,1,330,331,48.84
2008,7,3,19,30,26.1,95,1027,941,194,516,708,47.69
2008,7,3,20,30,25.8,93,953,926,107,466,566,48.33
2008,7,3,21,30,25.1,97,814,881,881,97,814,50.44
2008,7,3,22,30,24.1,90,628,826,8,273,278,53.81
2008,7,3,23,30,22.8,77,407,727,727,77,407,58.46
2008,7,4,0,30,21.200000000000003,56,179,522,322,99,175,65.44
2008,7,4,1,30,19.8,0,0,0,0,0,0,73.51
2008,7,4,2,30,18.900000000000002,0,0,0,0,0,0,79.15
2008,7,4,3,30,18.2,0,0,0,0,0,0,83.82000000000001
2008,7,4,4,30,17.6,0,0,0,0,0,0,88.09
2008,7,4,5,30,17.1,0,0,0,0,0,0,91.25
2008,7,4,6,30,16.6,0,0,0,0,0,0,93.96000000000001
2008,7,4,7,30,16.2,0,0,0,0,0,0,95.54
2008,7,4,8,30,15.9,0,0,0,0,0,0,95.85000000000001
2008,7,4,9,30,15.700000000000001,0,0,0,0,0,0,95.92
2008,7,4,10,30,15.700000000000001,0,0,0,0,0,0,94.77
2008,7,4,11,30,15.9,0,0,0,0,0,0,92.78
2008,7,4,12,30,16.8,15,18,86,0,4,4,87.95
2008,7,4,13,30,18.8,66,199,517,19,104,109,78.65
2008,7,4,14,30,21.5,91,427,706,243,210,326,64.49
2008,7,4,15,30,24,106,643,803,70,288,335,53.300000000000004
2008,7,4,16,30,25.700000000000003,114,825,860,83,377,445,48
2008,7,4,17,30,26.6,117,954,893,134,461,587,45.62
2008,7,4,18,30,26.900000000000002,125,1017,898,432,458,887,44.85
2008,7,4,19,30,26.700000000000003,124,1013,898,898,124,1013,45.4
2008,7,4,20,30,26.1,120,940,883,30,443,471,47.56
2008,7,4,21,30,25.1,115,804,848,142,437,553,51.65
2008,7,4,22,30,24,106,619,787,305,281,480,56.69
2008,7,4,23,30,22.700000000000003,91,399,679,60,206,233,63.4
2008,7,5,0,30,21.200000000000003,65,173,454,2,61,62,72.59
2008,7,5,1,30,19.900000000000002,0,0,0,0,0,0,81.96000000000001
2008,7,5,2,30,19,0,0,0,0,0,0,88.67
2008,7,5,3,30,18.5,0,0,0,0,0,0,92.83
2008,7,5,4,30,18.1,0,0,0,0,0,0,95.73
2008,7,5,5,30,17.900000000000002,0,0,0,0,0,0,97.04
2008,7,5,6,30,17.6,0,0,0,0,0,0,98.42
2008,7,5,7,30,17.400000000000002,0,0,0,0,0,0,98.19
2008,7,5,8,30,17.2,0,0,0,0,0,0,98.39
2008,7,5,9,30,17.1,0,0,0,0,0,0,98.21000000000001
2008,7,5,10,30,16.900000000000002,0,0,0,0,0,0,98.76
2008,7,5,11,30,16.8,0,0,0,0,0,0,97.85000000000001
2008,7,5,12,30,17.2,14,18,91,0,5,5,94.94
2008,7,5,13,30,17.900000000000002,62,197,525,0,34,34,92.87
2008,7,5,14,30,18.5,84,423,714,11,150,155,90.24
2008,7,5,15,30,19.200000000000003,95,641,816,33,252,274,86.51
2008,7,5,16,30,20,101,822,873,63,358,410,82.46000000000001
2008,7,5,17,30,21.1,105,951,903,487,318,774,76.98
2008,7,5,18,30,22,113,1014,907,907,113,1014,71.72
2008,7,5,19,30,22.400000000000002,117,1010,902,902,117,1010,68.12
2008,7,5,20,30,22.200000000000003,115,938,887,887,115,938,68.05
2008,7,5,21,30,21.700000000000003,132,796,816,376,332,638,70.9
2008,7,5,22,30,21.200000000000003,121,611,751,1,137,137,74.16
2008,7,5,23,30,20.5,99,395,650,9,139,143,79.09
2008,7,6,0,30,19.5,66,173,451,2,59,60,87.02
2008,7,6,1,30,18.6,0,0,0,0,0,0,94.28
2008,7,6,2,30,18.2,0,0,0,0,0,0,95.02
2008,7,6,3,30,18.1,0,0,0,0,0,0,93.96000000000001
2008,7,6,4,30,18,0,0,0,0,0,0,92.57000000000001
2008,7,6,5,30,17.8,0,0,0,0,0,0,92.62
2008,7,6,6,30,17.5,0,0,0,0,0,0,93.83
2008,7,6,7,30,17.1,0,0,0,0,0,0,95.93
2008,7,6,8,30,16.8,0,0,0,0,0,0,96.82000000000001
2008,7,6,9,30,16.5,0,0,0,0,0,0,97.45
2008,7,6,10,30,16.3,0,0,0,0,0,0,97.58
2008,7,6,11,30,16.3,0,0,0,0,0,0,96.81
2008,7,6,12,30,17.400000000000002,14,16,72,0,5,5,91.83
2008,7,6,13,30,19.400000000000002,67,194,497,0,22,22,87.7
2008,7,6,14,30,21.200000000000003,91,420,696,0,14,14,79.49
2008,7,6,15,30,22.6,107,636,794,3,257,259,71.03
2008,7,6,16,30,23.5,117,817,848,1,255,255,66.16
2008,7,6,17,30,24.1,123,945,877,557,286,808,62.980000000000004
2008,7,6,18,30,24.200000000000003,155,999,851,487,362,845,62
2008,7,6,19,30,23.6,162,993,840,579,316,889,64.84
2008,7,6,20,30,22.5,162,919,815,430,348,748,71.62
2008,7,6,21,30,21.6,175,777,740,0,137,138,78.3
2008,7,6,22,30,20.8,164,591,655,0,32,32,84.91
2008,7,6,23,30,20.200000000000003,136,377,529,0,20,20,90.16
2008,7,7,0,30,19.6,85,161,320,2,63,64,94.75
2008,7,7,1,30,19.3,0,0,0,0,0,0,97.15
2008,7,7,2,30,19.1,0,0,0,0,0,0,98.4
2008,7,7,3,30,18.8,0,0,0,0,0,0,99.61
2008,7,7,4,30,18.6,0,0,0,0,0,0,99.47
2008,7,7,5,30,18.400000000000002,0,0,0,0,0,0,99.21000000000001
2008,7,7,6,30,18.1,0,0,0,0,0,0,99.99000000000001
2008,7,7,7,30,17.8,0,0,0,0,0,0,100
2008,7,7,8,30,17.6,0,0,0,0,0,0,100
2008,7,7,9,30,17.5,0,0,0,0,0,0,99.93
2008,7,7,10,30,17.5,0,0,0,0,0,0,99.3
2008,7,7,11,30,17.6,0,0,0,0,0,0,98.28
2008,7,7,12,30,17.8,13,17,132,0,4,4,97.45
2008,7,7,13,30,18.2,54,198,565,3,59,60,96.16
2008,7,7,14,30,18.7,71,426,751,0,20,20,94.35000000000001
2008,7,7,15,30,19.8,81,643,842,254,278,448,88.11
2008,7,7,16,30,21,88,824,892,1,284,285,80.76
2008,7,7,17,30,21.8,90,953,922,85,468,547,75.43
2008,7,7,18,30,22.200000000000003,91,1019,935,142,457,598,72.59
2008,7,7,19,30,22.3,90,1017,936,368,381,745,71.72
2008,7,7,20,30,22.1,87,947,925,292,414,685,72.45
2008,7,7,21,30,21.700000000000003,84,813,895,122,372,472,74.46000000000001
2008,7,7,22,30,21,75,629,849,8,210,215,78.5
2008,7,7,23,30,20.200000000000003,63,412,765,0,40,40,83.73
2008,7,8,0,30,19.3,46,184,581,1,45,45,90.82000000000001
2008,7,8,1,30,18.6,0,0,0,0,0,0,95.78
2008,7,8,2,30,18.2,0,0,0,0,0,0,97.37
2008,7,8,3,30,18,0,0,0,0,0,0,98.05
2008,7,8,4,30,17.8,0,0,0,0,0,0,98.65
2008,7,8,5,30,17.6,0,0,0,0,0,0,98.93
2008,7,8,6,30,17.400000000000002,0,0,0,0,0,0,98.88
2008,7,8,7,30,17.2,0,0,0,0,0,0,98.73
2008,7,8,8,30,16.900000000000002,0,0,0,0,0,0,99.06
2008,7,8,9,30,16.7,0,0,0,0,0,0,98.96000000000001
2008,7,8,10,30,16.6,0,0,0,0,0,0,98.58
2008,7,8,11,30,16.5,0,0,0,0,0,0,98.25
2008,7,8,12,30,16.7,12,17,186,0,4,4,96.57000000000001
2008,7,8,13,30,17,45,203,623,0,17,17,94.66
2008,7,8,14,30,17.6,63,431,779,0,41,41,90.24
2008,7,8,15,30,18.6,77,646,854,0,118,118,83.94
2008,7,8,16,30,19.6,86,827,898,1,136,136,77.98
2008,7,8,17,30,20.5,91,955,923,3,294,296,73.61
2008,7,8,18,30,21,94,1020,933,44,445,488,71.9
2008,7,8,19,30,21.1,95,1017,931,18,401,418,71.96000000000001
2008,7,8,20,30,20.8,94,946,916,179,442,609,73.82000000000001
2008,7,8,21,30,20.200000000000003,92,811,883,8,242,248,77.06
2008,7,8,22,30,19.400000000000002,86,626,827,17,246,257,81.53
2008,7,8,23,30,18.400000000000002,74,407,732,0,55,55,87.3
2008,7,9,0,30,17.5,54,179,528,3,63,64,92.62
2008,7,9,1,30,16.8,0,0,0,0,0,0,96.33
2008,7,9,2,30,16.5,0,0,0,0,0,0,96.96000000000001
2008,7,9,3,30,16.3,0,0,0,0,0,0,96.89
2008,7,9,4,30,16,0,0,0,0,0,0,97.33
2008,7,9,5,30,15.8,0,0,0,0,0,0,97.49000000000001
2008,7,9,6,30,15.5,0,0,0,0,0,0,98.06
2008,7,9,7,30,15.200000000000001,0,0,0,0,0,0,98.63
2008,7,9,8,30,15,0,0,0,0,0,0,98.24000000000001
2008,7,9,9,30,15,0,0,0,0,0,0,97.06
2008,7,9,10,30,15.100000000000001,0,0,0,0,0,0,95.41
2008,7,9,11,30,15,0,0,0,0,0,0,95.38
2008,7,9,12,30,15.5,13,15,75,0,5,5,93.11
2008,7,9,13,30,16.900000000000002,67,191,490,127,128,160,88.71000000000001
2008,7,9,14,30,18.7,98,417,677,261,217,339,81.42
2008,7,9,15,30,20.5,115,634,780,65,280,323,70.37
2008,7,9,16,30,22,123,818,843,30,314,339,63.17
2008,7,9,17,30,23.200000000000003,123,949,882,5,343,348,59.03
2008,7,9,18,30,24.200000000000003,121,1017,902,11,374,385,55.99
2008,7,9,19,30,24.5,119,1015,904,5,318,323,55.38
2008,7,9,20,30,24.1,117,942,888,1,186,186,57.03
2008,7,9,21,30,23.1,117,805,845,0,101,101,61.74
2008,7,9,22,30,21.900000000000002,115,617,769,0,67,67,69.32000000000001
2008,7,9,23,30,20.700000000000003,103,395,639,0,64,64,77.81
2008,7,10,0,30,19.5,76,168,391,0,34,34,86.51
2008,7,10,1,30,18.6,0,0,0,0,0,0,93.01
2008,7,10,2,30,18.1,0,0,0,0,0,0,95.61
2008,7,10,3,30,17.7,0,0,0,0,0,0,97.05
2008,7,10,4,30,17.400000000000002,0,0,0,0,0,0,97.41
2008,7,10,5,30,17.1,0,0,0,0,0,0,97.55
2008,7,10,6,30,16.8,0,0,0,0,0,0,97.84
2008,7,10,7,30,16.400000000000002,0,0,0,0,0,0,98.91
2008,7,10,8,30,16.1,0,0,0,0,0,0,98.32000000000001
2008,7,10,9,30,16,0,0,0,0,0,0,98.28
2008,7,10,10,30,15.8,0,0,0,0,0,0,98.3
2008,7,10,11,30,15.600000000000001,0,0,0,0,0,0,98.02
2008,7,10,12,30,15.8,13,15,82,0,3,3,96.15
2008,7,10,13,30,16.5,62,192,518,0,35,35,94.26
2008,7,10,14,30,17.3,89,419,703,0,122,123,91.18
2008,7,10,15,30,18.3,106,636,797,3,256,258,86.91
2008,7,10,16,30,19.200000000000003,119,816,845,5,346,350,82.31
2008,7,10,17,30,19.900000000000002,131,944,869,216,509,711,78.87
2008,7,10,18,30,20.200000000000003,151,1005,860,13,451,464,77.24
2008,7,10,19,30,20.200000000000003,158,1000,849,287,532,817,77.19
2008,7,10,20,30,20,156,927,828,599,279,836,79.23
2008,7,10,21,30,19.6,163,787,766,31,342,367,82.58
2008,7,10,22,30,19.200000000000003,149,603,695,78,318,369,86.03
2008,7,10,23,30,18.7,125,386,573,223,227,329,90.46000000000001
2008,7,11,0,30,18.1,81,166,359,0,12,12,95.54
2008,7,11,1,30,17.6,0,0,0,0,0,0,98
2008,7,11,2,30,17.3,0,0,0,0,0,0,98.72
2008,7,11,3,30,17.2,0,0,0,0,0,0,98.75
2008,7,11,4,30,17.2,0,0,0,0,0,0,98.61
2008,7,11,5,30,17.2,0,0,0,0,0,0,98.91
2008,7,11,6,30,17.1,0,0,0,0,0,0,99.44
2008,7,11,7,30,17,0,0,0,0,0,0,99.39
2008,7,11,8,30,16.8,0,0,0,0,0,0,99.83
2008,7,11,9,30,16.6,0,0,0,0,0,0,99.75
2008,7,11,10,30,16.3,0,0,0,0,0,0,99.48
2008,7,11,11,30,16,0,0,0,0,0,0,98.74000000000001
2008,7,11,12,30,16.1,12,15,90,0,5,5,95.63
2008,7,11,13,30,16.8,56,195,554,0,59,59,91.49
2008,7,11,14,30,18.3,77,426,745,399,174,361,82.32000000000001
2008,7,11,15,30,20.3,90,646,837,110,357,430,70.51
2008,7,11,16,30,22,100,828,883,185,446,598,61.940000000000005
2008,7,11,17,30,23.200000000000003,111,957,905,3,385,389,57.03
2008,7,11,18,30,23.900000000000002,124,1021,902,27,474,501,54.46
2008,7,11,19,30,24.1,131,1016,893,1,287,287,53.68
2008,7,11,20,30,23.700000000000003,131,944,873,23,418,440,54.88
2008,7,11,21,30,22.900000000000002,129,806,831,228,353,539,57.71
2008,7,11,22,30,21.900000000000002,118,620,767,169,292,402,61.89
2008,7,11,23,30,20.8,98,401,666,77,212,247,67.23
2008,7,12,0,30,19.400000000000002,67,175,457,3,72,73,76.16
2008,7,12,1,30,18.3,0,0,0,0,0,0,84.25
2008,7,12,2,30,17.7,0,0,0,0,0,0,87.7
2008,7,12,3,30,17.1,0,0,0,0,0,0,91.04
2008,7,12,4,30,16.7,0,0,0,0,0,0,92.96000000000001
2008,7,12,5,30,16.3,0,0,0,0,0,0,94.75
2008,7,12,6,30,15.9,0,0,0,0,0,0,96.31
2008,7,12,7,30,15.700000000000001,0,0,0,0,0,0,96.29
2008,7,12,8,30,15.5,0,0,0,0,0,0,96.25
2008,7,12,9,30,15.200000000000001,0,0,0,0,0,0,96.86
2008,7,12,10,30,14.9,0,0,0,0,0,0,97.11
2008,7,12,11,30,14.9,0,0,0,0,0,0,95.49
2008,7,12,12,30,15.8,11,13,49,49,11,13,90.52
2008,7,12,13,30,17.6,73,185,450,25,129,135,83.88
2008,7,12,14,30,19.5,110,409,641,641,110,409,73.99
2008,7,12,15,30,21.3,133,626,743,743,133,626,65.46000000000001
2008,7,12,16,30,22.900000000000002,147,807,802,176,459,605,60.19
2008,7,12,17,30,24,159,937,831,526,327,819,57.19
2008,7,12,18,30,24.400000000000002,147,1007,866,212,541,752,56.15
2008,7,12,19,30,24.1,160,1001,849,568,313,876,57.24
2008,7,12,20,30,23.6,161,928,824,465,354,786,59.59
2008,7,12,21,30,23,141,799,807,399,327,652,62.83
2008,7,12,22,30,22.3,129,612,739,294,275,467,67.09
2008,7,12,23,30,21.400000000000002,109,393,623,287,199,330,73.48
2008,7,13,0,30,20.200000000000003,77,168,387,387,77,168,82.12
2008,7,13,1,30,19.1,0,0,0,0,0,0,91.31
2008,7,13,2,30,18.7,0,0,0,0,0,0,93.79
2008,7,13,3,30,18.400000000000002,0,0,0,0,0,0,95.56
2008,7,13,4,30,18.2,0,0,0,0,0,0,96.60000000000001
2008,7,13,5,30,18.1,0,0,0,0,0,0,96.91
2008,7,13,6,30,18,0,0,0,0,0,0,97.05
2008,7,13,7,30,17.900000000000002,0,0,0,0,0,0,96.8
2008,7,13,8,30,17.7,0,0,0,0,0,0,97.77
2008,7,13,9,30,17.7,0,0,0,0,0,0,96.96000000000001
2008,7,13,10,30,17.6,0,0,0,0,0,0,97.05
2008,7,13,11,30,17.3,0,0,0,0,0,0,98.05
2008,7,13,12,30,17.400000000000002,10,11,29,0,6,6,97.13
2008,7,13,13,30,17.900000000000002,74,181,429,53,122,135,94.38
2008,7,13,14,30,18.6,99,410,666,284,206,339,91.8
2008,7,13,15,30,19.6,111,629,780,139,364,456,86.77
2008,7,13,16,30,20.700000000000003,119,814,844,602,231,727,78.95
2008,7,13,17,30,21.5,127,946,876,268,498,749,71.34
2008,7,13,18,30,22.1,123,1018,901,901,123,1018,65.78
2008,7,13,19,30,22.400000000000002,124,1015,899,899,124,1015,63.72
2008,7,13,20,30,22.5,117,947,892,0,212,212,63.5
2008,7,13,21,30,22.200000000000003,110,812,861,1,157,157,65.33
2008,7,13,22,30,21.6,105,624,793,0,38,38,69.11
2008,7,13,23,30,20.700000000000003,88,404,693,0,26,26,75.17
2008,7,14,0,30,19.5,63,175,478,24,111,116,84.22
2008,7,14,1,30,18.3,0,0,0,0,0,0,93.23
2008,7,14,2,30,17.7,0,0,0,0,0,0,95.68
2008,7,14,3,30,17.400000000000002,0,0,0,0,0,0,97.02
2008,7,14,4,30,17.1,0,0,0,0,0,0,98.56
2008,7,14,5,30,17,0,0,0,0,0,0,98.61
2008,7,14,6,30,17,0,0,0,0,0,0,98.03
2008,7,14,7,30,17,0,0,0,0,0,0,97.66
2008,7,14,8,30,17,0,0,0,0,0,0,97.11
2008,7,14,9,30,16.8,0,0,0,0,0,0,97.31
2008,7,14,10,30,16.5,0,0,0,0,0,0,98.28
2008,7,14,11,30,16.400000000000002,0,0,0,0,0,0,98.28
2008,7,14,12,30,16.8,10,11,35,0,2,2,95.94
2008,7,14,13,30,17.7,76,180,420,0,18,18,93.36
2008,7,14,14,30,18.8,116,403,617,303,204,345,87.97
2008,7,14,15,30,20,146,617,710,26,251,268,80.38
2008,7,14,16,30,20.900000000000002,169,796,761,39,351,383,74.95
2008,7,14,17,30,21.6,181,925,795,22,397,418,71.41
2008,7,14,18,30,22.1,176,996,825,198,550,747,68.8
2008,7,14,19,30,22.400000000000002,173,997,831,1,332,333,67.23
2008,7,14,20,30,22.3,163,928,821,503,326,795,67.51
2008,7,14,21,30,21.900000000000002,126,805,833,224,365,548,69.48
2008,7,14,22,30,21.400000000000002,111,620,778,570,187,560,72.86
2008,7,14,23,30,20.5,91,401,681,0,16,16,78.93
2008,7,15,0,30,19.200000000000003,62,175,478,2,58,58,89.12
2008,7,15,1,30,18.2,0,0,0,0,0,0,95.52
2008,7,15,2,30,17.6,0,0,0,0,0,0,97.5
2008,7,15,3,30,17.2,0,0,0,0,0,0,98.89
2008,7,15,4,30,16.900000000000002,0,0,0,0,0,0,99.51
2008,7,15,5,30,16.8,0,0,0,0,0,0,99.69
2008,7,15,6,30,16.7,0,0,0,0,0,0,100
2008,7,15,7,30,16.7,0,0,0,0,0,0,99.61
2008,7,15,8,30,16.400000000000002,0,0,0,0,0,0,99.83
2008,7,15,9,30,16,0,0,0,0,0,0,100
2008,7,15,10,30,15.8,0,0,0,0,0,0,100
2008,7,15,11,30,15.8,0,0,0,0,0,0,98.11
2008,7,15,12,30,16.3,11,13,75,0,4,4,93.64
2008,7,15,13,30,17.7,57,192,551,551,57,192,90.53
2008,7,15,14,30,19.900000000000002,79,424,740,2,189,190,79.46000000000001
2008,7,15,15,30,22.6,93,643,830,830,93,643,61.75
2008,7,15,16,30,24.5,104,827,879,879,104,827,53.02
2008,7,15,17,30,25.400000000000002,112,958,905,905,112,958,50.28
2008,7,15,18,30,25.5,115,1026,917,917,115,1026,50.04
2008,7,15,19,30,25.3,118,1023,912,912,118,1023,50.54
2008,7,15,20,30,25,116,952,898,898,116,952,52.06
2008,7,15,21,30,24.5,115,815,857,0,88,88,54.410000000000004
2008,7,15,22,30,23.700000000000003,106,626,796,1,136,136,58.21
2008,7,15,23,30,22.700000000000003,88,406,696,0,59,59,64.36
2008,7,16,0,30,20.900000000000002,61,177,495,9,95,97,75.45
2008,7,16,1,30,19.3,0,0,0,0,0,0,86.52
2008,7,16,2,30,18.6,0,0,0,0,0,0,90.24
2008,7,16,3,30,18.2,0,0,0,0,0,0,93.08
2008,7,16,4,30,18.1,0,0,0,0,0,0,93.51
2008,7,16,5,30,18,0,0,0,0,0,0,93.38
2008,7,16,6,30,17.5,0,0,0,0,0,0,95.63
2008,7,16,7,30,16.900000000000002,0,0,0,0,0,0,98.34
2008,7,16,8,30,16.400000000000002,0,0,0,0,0,0,100
2008,7,16,9,30,16,0,0,0,0,0,0,100
2008,7,16,10,30,15.700000000000001,0,0,0,0,0,0,100
2008,7,16,11,30,15.5,0,0,0,0,0,0,100
2008,7,16,12,30,16.400000000000002,10,11,45,45,10,11,95.54
2008,7,16,13,30,18.2,66,189,504,504,66,189,87.52
2008,7,16,14,30,20.400000000000002,90,426,723,1,147,147,75.16
2008,7,16,15,30,22.8,101,652,833,107,367,438,62.11
2008,7,16,16,30,24.6,108,843,894,1,302,303,53.63
2008,7,16,17,30,26.1,112,975,924,924,112,975,47.5
2008,7,16,18,30,27.200000000000003,114,1042,935,935,114,1042,43.28
2008,7,16,19,30,27.900000000000002,115,1038,931,931,115,1038,40.800000000000004
2008,7,16,20,30,28,115,963,911,911,115,963,40.28
2008,7,16,21,30,27.400000000000002,115,823,867,867,115,823,42.03
2008,7,16,22,30,26.5,109,630,798,798,109,630,45.62
2008,7,16,23,30,25,92,406,692,692,92,406,53.08
2008,7,17,0,30,22.6,64,176,477,477,64,176,68.24
2008,7,17,1,30,20.6,0,0,0,0,0,0,83.73
2008,7,17,2,30,19.700000000000003,0,0,0,0,0,0,89.06
2008,7,17,3,30,19.400000000000002,0,0,0,0,0,0,92.54
2008,7,17,4,30,19.200000000000003,0,0,0,0,0,0,94.54
2008,7,17,5,30,19.1,0,0,0,0,0,0,94.47
2008,7,17,6,30,18.900000000000002,0,0,0,0,0,0,94.55
2008,7,17,7,30,18.6,0,0,0,0,0,0,94.86
2008,7,17,8,30,18.2,0,0,0,0,0,0,95.88
2008,7,17,9,30,17.7,0,0,0,0,0,0,97.63
2008,7,17,10,30,17.2,0,0,0,0,0,0,99.45
2008,7,17,11,30,16.900000000000002,0,0,0,0,0,0,99.86
2008,7,17,12,30,17.6,10,12,62,62,10,12,94.98
2008,7,17,13,30,19.3,58,190,542,542,58,190,88.48
2008,7,17,14,30,21.200000000000003,76,427,757,757,76,427,78.81
2008,7,17,15,30,22.900000000000002,85,654,861,21,301,316,67.18
2008,7,17,16,30,24.5,92,841,912,304,424,674,58.01
2008,7,17,17,30,25.6,98,975,938,938,98,975,52.38
2008,7,17,18,30,26.3,117,1037,927,927,117,1037,48.96
2008,7,17,19,30,26.3,121,1032,919,919,121,1032,48.45
2008,7,17,20,30,25.900000000000002,123,955,893,893,123,955,49.83
2008,7,17,21,30,25,115,816,860,860,115,816,53.03
2008,7,17,22,30,23.5,109,624,788,311,283,487,59.21
2008,7,17,23,30,21.700000000000003,94,401,676,5,120,122,68.94
2008,7,18,0,30,19.900000000000002,67,172,448,94,122,144,80.85000000000001
2008,7,18,1,30,18.6,0,0,0,0,0,0,90.24
2008,7,18,2,30,18,0,0,0,0,0,0,94.16
2008,7,18,3,30,17.7,0,0,0,0,0,0,96.07000000000001
2008,7,18,4,30,17.3,0,0,0,0,0,0,97.62
2008,7,18,5,30,17,0,0,0,0,0,0,98.22
2008,7,18,6,30,16.5,0,0,0,0,0,0,99.58
2008,7,18,7,30,16.2,0,0,0,0,0,0,99.35000000000001
2008,7,18,8,30,16,0,0,0,0,0,0,98.8
2008,7,18,9,30,15.8,0,0,0,0,0,0,98.68
2008,7,18,10,30,15.600000000000001,0,0,0,0,0,0,97.72
2008,7,18,11,30,15.5,0,0,0,0,0,0,95.85000000000001
2008,7,18,12,30,16.3,10,10,44,0,3,3,89.79
2008,7,18,13,30,18.6,64,185,497,33,112,120,78.99
2008,7,18,14,30,21.400000000000002,90,417,706,408,167,356,61.95
2008,7,18,15,30,23.3,105,638,807,333,300,520,55.61
2008,7,18,16,30,24.1,118,824,859,408,299,634,50.99
2008,7,18,17,30,24.3,124,955,889,204,471,662,49.64
2008,7,18,18,30,24.5,130,1023,898,898,130,1023,49.85
2008,7,18,19,30,24.400000000000002,134,1018,892,892,134,1018,50.46
2008,7,18,20,30,24.1,132,947,875,337,403,717,51.72
2008,7,18,21,30,23.6,121,811,846,109,420,509,53.46
2008,7,18,22,30,22.8,111,624,785,306,268,469,57.300000000000004
2008,7,18,23,30,21.700000000000003,92,402,682,27,184,196,64.22
2008,7,19,0,30,20.400000000000002,63,174,474,0,4,4,74.08
2008,7,19,1,30,19.400000000000002,0,0,0,0,0,0,83.4
2008,7,19,2,30,18.7,0,0,0,0,0,0,87.16
2008,7,19,3,30,18.2,0,0,0,0,0,0,89.06
2008,7,19,4,30,17.900000000000002,0,0,0,0,0,0,89.66
2008,7,19,5,30,17.7,0,0,0,0,0,0,89.59
2008,7,19,6,30,17.5,0,0,0,0,0,0,89.3
2008,7,19,7,30,17.2,0,0,0,0,0,0,90.60000000000001
2008,7,19,8,30,16.900000000000002,0,0,0,0,0,0,92.41
2008,7,19,9,30,16.6,0,0,0,0,0,0,93.69
2008,7,19,10,30,16.5,0,0,0,0,0,0,93.62
2008,7,19,11,30,16.400000000000002,0,0,0,0,0,0,93.3
2008,7,19,12,30,17,0,0,0,0,0,0,89.85000000000001
2008,7,19,13,30,18.6,55,188,550,550,55,188,85.35000000000001
2008,7,19,14,30,20.6,77,419,741,375,180,354,72.14
2008,7,19,15,30,22.400000000000002,91,641,833,833,91,641,60.78
2008,7,19,16,30,23.900000000000002,102,826,883,500,275,686,53.75
2008,7,19,17,30,24.900000000000002,109,959,910,424,358,754,49.42
2008,7,19,18,30,25.5,116,1026,917,482,356,835,47.01
2008,7,19,19,30,25.700000000000003,122,1023,908,908,122,1023,46.28
2008,7,19,20,30,25.5,123,950,888,888,123,950,46.660000000000004
2008,7,19,21,30,25,129,810,835,312,342,597,48.13
2008,7,19,22,30,24.3,122,619,761,237,304,458,50.74
2008,7,19,23,30,23.1,105,397,643,4,120,121,57.86
2008,7,20,0,30,21.5,74,167,400,0,30,30,68.69
2008,7,20,1,30,20.200000000000003,0,0,0,0,0,0,78.37
2008,7,20,2,30,19.3,0,0,0,0,0,0,84.02
2008,7,20,3,30,18.8,0,0,0,0,0,0,87.87
2008,7,20,4,30,18.400000000000002,0,0,0,0,0,0,90.5
2008,7,20,5,30,18,0,0,0,0,0,0,92.52
2008,7,20,6,30,17.7,0,0,0,0,0,0,93.99
2008,7,20,7,30,17.5,0,0,0,0,0,0,94.88
2008,7,20,8,30,17.2,0,0,0,0,0,0,96.05
2008,7,20,9,30,16.900000000000002,0,0,0,0,0,0,96.5
2008,7,20,10,30,16.400000000000002,0,0,0,0,0,0,97.12
2008,7,20,11,30,16,0,0,0,0,0,0,96.9
2008,7,20,12,30,16.2,0,0,0,0,0,0,93.60000000000001
2008,7,20,13,30,17.3,85,171,357,14,123,126,87.36
2008,7,20,14,30,19.3,126,398,588,588,126,398,75.72
2008,7,20,15,30,21.900000000000002,147,619,715,229,363,514,61.97
2008,7,20,16,30,24.200000000000003,157,806,791,273,447,671,52.58
2008,7,20,17,30,26,161,941,835,308,502,790,46.910000000000004
2008,7,20,18,30,26.900000000000002,152,1015,869,344,517,858,44.97
2008,7,20,19,30,26.900000000000002,157,1010,860,860,157,1010,45.910000000000004
2008,7,20,20,30,26.200000000000003,157,936,836,836,157,936,48.96
2008,7,20,21,30,25.200000000000003,155,798,788,469,312,694,53.38
2008,7,20,22,30,24,144,607,708,365,269,507,59.75
2008,7,20,23,30,22.700000000000003,120,387,588,32,189,203,67.96000000000001
2008,7,21,0,30,21.3,84,159,325,8,88,90,77.64
2008,7,21,1,30,20.5,0,0,0,0,0,0,85.53
2008,7,21,2,30,19.8,0,0,0,0,0,0,91.04
2008,7,21,3,30,19.1,0,0,0,0,0,0,94.9
2008,7,21,4,30,18.6,0,0,0,0,0,0,97.46000000000001
2008,7,21,5,30,18.3,0,0,0,0,0,0,98.83
2008,7,21,6,30,17.900000000000002,0,0,0,0,0,0,99.73
2008,7,21,7,30,17.400000000000002,0,0,0,0,0,0,99.9
2008,7,21,8,30,17.1,0,0,0,0,0,0,98.52
2008,7,21,9,30,17,0,0,0,0,0,0,97.41
2008,7,21,10,30,16.900000000000002,0,0,0,0,0,0,97.22
2008,7,21,11,30,16.8,0,0,0,0,0,0,96.49000000000001
2008,7,21,12,30,17,0,0,0,0,0,0,94.47
2008,7,21,13,30,17.5,67,176,454,454,67,176,91.39
2008,7,21,14,30,18.7,94,405,676,676,94,405,83.19
2008,7,21,15,30,20.5,109,629,790,456,242,543,72.55
2008,7,21,16,30,22.1,118,818,854,539,272,714,65.66
2008,7,21,17,30,23.5,124,956,890,890,124,956,60.11
2008,7,21,18,30,24.700000000000003,110,1034,931,931,110,1034,55.15
2008,7,21,19,30,25.5,109,1036,934,934,109,1036,51.730000000000004
2008,7,21,20,30,25.900000000000002,106,966,923,923,106,966,49.18
2008,7,21,21,30,25.8,110,826,878,878,110,826,48.22
2008,7,21,22,30,25.200000000000003,100,636,821,821,100,636,49.33
2008,7,21,23,30,24.1,84,412,723,241,229,338,53.69
2008,7,22,0,30,22,60,177,506,506,60,177,67.22
2008,7,22,1,30,19.900000000000002,0,0,0,0,0,0,79.95
2008,7,22,2,30,18.8,0,0,0,0,0,0,85.99
2008,7,22,3,30,18.2,0,0,0,0,0,0,90.5
2008,7,22,4,30,17.900000000000002,0,0,0,0,0,0,93.43
2008,7,22,5,30,17.8,0,0,0,0,0,0,94.21000000000001
2008,7,22,6,30,17.7,0,0,0,0,0,0,93.85000000000001
2008,7,22,7,30,17.400000000000002,0,0,0,0,0,0,93.96000000000001
2008,7,22,8,30,17,0,0,0,0,0,0,94.98
2008,7,22,9,30,16.5,0,0,0,0,0,0,96.26
2008,7,22,10,30,16.2,0,0,0,0,0,0,96.23
2008,7,22,11,30,16.1,0,0,0,0,0,0,95.10000000000001
2008,7,22,12,30,17,0,0,0,0,0,0,89.47
2008,7,22,13,30,19,58,185,534,61,117,131,82.97
2008,7,22,14,30,21.200000000000003,78,421,745,319,188,334,70.98
2008,7,22,15,30,23.1,92,644,838,292,307,499,60.95
2008,7,22,16,30,24.6,105,829,883,358,319,612,54.39
2008,7,22,17,30,25.6,117,958,900,460,335,765,50.410000000000004
2008,7,22,18,30,26.200000000000003,139,1019,886,506,335,838,48.11
2008,7,22,19,30,26.1,151,1012,868,498,325,818,47.97
2008,7,22,20,30,25.5,156,936,837,341,425,743,50.06
2008,7,22,21,30,24.700000000000003,159,795,779,481,272,665,53.58
2008,7,22,22,30,23.8,147,606,704,499,220,546,57.71
2008,7,22,23,30,22.700000000000003,119,388,595,321,204,349,63.54
2008,7,23,0,30,21.1,78,162,365,91,124,145,73.5
2008,7,23,1,30,19.700000000000003,0,0,0,0,0,0,83.24
2008,7,23,2,30,19,0,0,0,0,0,0,88.32000000000001
2008,7,23,3,30,18.6,0,0,0,0,0,0,92.63
2008,7,23,4,30,18.400000000000002,0,0,0,0,0,0,95.08
2008,7,23,5,30,18.2,0,0,0,0,0,0,96.72
2008,7,23,6,30,18,0,0,0,0,0,0,97.66
2008,7,23,7,30,17.900000000000002,0,0,0,0,0,0,97.54
2008,7,23,8,30,17.6,0,0,0,0,0,0,98.3
2008,7,23,9,30,17.400000000000002,0,0,0,0,0,0,98.44
2008,7,23,10,30,17.1,0,0,0,0,0,0,99.2
2008,7,23,11,30,17,0,0,0,0,0,0,98.91
2008,7,23,12,30,17.6,0,0,0,0,0,0,94.59
2008,7,23,13,30,19,54,184,549,2,88,89,85.99
2008,7,23,14,30,20.700000000000003,75,419,750,300,193,331,74.98
2008,7,23,15,30,22.400000000000002,88,642,843,296,292,487,65.93
2008,7,23,16,30,23.900000000000002,97,829,893,427,306,657,59.47
2008,7,23,17,30,25,103,965,922,562,288,813,55.370000000000005
2008,7,23,18,30,25.6,131,1026,902,360,421,779,52.870000000000005
2008,7,23,19,30,25.900000000000002,130,1024,902,571,306,873,51.14
2008,7,23,20,30,25.900000000000002,127,952,886,563,303,827,50.550000000000004
2008,7,23,21,30,25.6,119,816,856,856,119,816,51.160000000000004
2008,7,23,22,30,25,109,627,795,795,109,627,53.2
2008,7,23,23,30,23.8,91,402,688,688,91,402,58.38
2008,7,24,0,30,22,62,171,473,23,109,115,68.62
2008,7,24,1,30,20.200000000000003,0,0,0,0,0,0,81.18
2008,7,24,2,30,19,0,0,0,0,0,0,87.37
2008,7,24,3,30,18.400000000000002,0,0,0,0,0,0,92.37
2008,7,24,4,30,18,0,0,0,0,0,0,95.8
2008,7,24,5,30,17.7,0,0,0,0,0,0,97.92
2008,7,24,6,30,17.400000000000002,0,0,0,0,0,0,99.65
2008,7,24,7,30,17.3,0,0,0,0,0,0,99.88
2008,7,24,8,30,17.1,0,0,0,0,0,0,100
2008,7,24,9,30,16.900000000000002,0,0,0,0,0,0,100
2008,7,24,10,30,16.7,0,0,0,0,0,0,100
2008,7,24,11,30,16.6,0,0,0,0,0,0,100
2008,7,24,12,30,17.5,0,0,0,0,0,0,95.19
2008,7,24,13,30,19.1,59,180,513,0,3,3,88.58
2008,7,24,14,30,21,80,412,725,24,218,229,78.60000000000001
2008,7,24,15,30,23,90,637,832,217,347,490,67.75
2008,7,24,16,30,24.700000000000003,99,824,884,884,99,824,59.7
2008,7,24,17,30,25.900000000000002,108,955,907,907,108,955,54.550000000000004
2008,7,24,18,30,26.5,113,1022,915,915,113,1022,51.79
2008,7,24,19,30,26.400000000000002,118,1019,908,908,118,1019,51.39
2008,7,24,20,30,25.8,121,944,884,884,121,944,53.32
2008,7,24,21,30,24.8,125,804,832,80,365,430,58.65
2008,7,24,22,30,23.700000000000003,119,613,759,405,254,518,66.22
2008,7,24,23,30,22.400000000000002,100,391,643,214,207,304,75.52
2008,7,25,0,30,21.200000000000003,68,163,417,37,104,113,85.05
2008,7,25,1,30,20.3,0,0,0,0,0,0,92.98
2008,7,25,2,30,19.900000000000002,0,0,0,0,0,0,95.7
2008,7,25,3,30,19.700000000000003,0,0,0,0,0,0,96.85000000000001
2008,7,25,4,30,19.5,0,0,0,0,0,0,98.06
2008,7,25,5,30,19.400000000000002,0,0,0,0,0,0,98.5
2008,7,25,6,30,19.3,0,0,0,0,0,0,98.8
2008,7,25,7,30,19,0,0,0,0,0,0,100
2008,7,25,8,30,18.7,0,0,0,0,0,0,100
2008,7,25,9,30,18.5,0,0,0,0,0,0,100
2008,7,25,10,30,18.3,0,0,0,0,0,0,100
2008,7,25,11,30,18.1,0,0,0,0,0,0,100
2008,7,25,12,30,18.1,0,0,0,0,0,0,98.9
2008,7,25,13,30,18.2,49,180,556,1,65,65,97.9
2008,7,25,14,30,18.400000000000002,70,413,752,154,208,278,96.43
2008,7,25,15,30,19,88,634,831,268,285,461,90.73
2008,7,25,16,30,20.1,105,819,871,871,105,819,82.85000000000001
2008,7,25,17,30,21.5,116,952,896,896,116,952,74.34
2008,7,25,18,30,22.700000000000003,125,1020,901,901,125,1020,67.5
2008,7,25,19,30,23.200000000000003,126,1017,898,569,311,875,64.68
2008,7,25,20,30,23.1,123,945,883,547,302,811,64.75
2008,7,25,21,30,22.700000000000003,117,809,849,192,368,525,66.18
2008,7,25,22,30,22,109,620,785,4,191,194,69.26
2008,7,25,23,30,21,92,398,679,89,216,256,75.19
2008,7,26,0,30,19.700000000000003,62,168,465,37,109,117,84.83
2008,7,26,1,30,18.6,0,0,0,0,0,0,93.44
2008,7,26,2,30,18,0,0,0,0,0,0,95.48
2008,7,26,3,30,17.7,0,0,0,0,0,0,96.02
2008,7,26,4,30,17.400000000000002,0,0,0,0,0,0,97.09
2008,7,26,5,30,17.3,0,0,0,0,0,0,97.36
2008,7,26,6,30,17.2,0,0,0,0,0,0,97.61
2008,7,26,7,30,17.2,0,0,0,0,0,0,96.93
2008,7,26,8,30,17.1,0,0,0,0,0,0,97.27
2008,7,26,9,30,16.900000000000002,0,0,0,0,0,0,98.36
2008,7,26,10,30,16.8,0,0,0,0,0,0,98.06
2008,7,26,11,30,16.8,0,0,0,0,0,0,97.09
2008,7,26,12,30,17.2,0,0,0,0,0,0,94.13
2008,7,26,13,30,18.400000000000002,74,169,404,29,124,130,89.54
2008,7,26,14,30,20.1,104,402,653,653,104,402,79.3
2008,7,26,15,30,21.900000000000002,119,628,775,775,119,628,67.3
2008,7,26,16,30,23.3,127,817,843,843,127,817,59.870000000000005
2008,7,26,17,30,24,133,952,878,878,133,952,56.56
2008,7,26,18,30,24.1,116,1029,920,920,116,1029,55.9
2008,7,26,19,30,24,119,1025,914,914,119,1025,56.39
2008,7,26,20,30,23.5,118,951,894,329,402,708,58.410000000000004
2008,7,26,21,30,22.8,120,811,848,0,69,69,62.01
2008,7,26,22,30,21.8,114,618,776,0,88,89,67.76
2008,7,26,23,30,20.6,98,394,658,2,102,103,76.66
2008,7,27,0,30,19.3,69,162,412,0,29,29,85.36
2008,7,27,1,30,18.5,0,0,0,0,0,0,92.07000000000001
2008,7,27,2,30,18.2,0,0,0,0,0,0,94.86
2008,7,27,3,30,18,0,0,0,0,0,0,96.46000000000001
2008,7,27,4,30,17.900000000000002,0,0,0,0,0,0,97.18
2008,7,27,5,30,17.7,0,0,0,0,0,0,98.24000000000001
2008,7,27,6,30,17.5,0,0,0,0,0,0,98.86
2008,7,27,7,30,17.3,0,0,0,0,0,0,99.19
2008,7,27,8,30,17.1,0,0,0,0,0,0,99.38
2008,7,27,9,30,16.8,0,0,0,0,0,0,99.78
2008,7,27,10,30,16.6,0,0,0,0,0,0,98.98
2008,7,27,11,30,16.400000000000002,0,0,0,0,0,0,97.81
2008,7,27,12,30,16.7,0,0,0,0,0,0,94.7
2008,7,27,13,30,17.400000000000002,62,175,483,9,77,79,90.88
2008,7,27,14,30,18.5,91,407,695,4,173,174,80.37
2008,7,27,15,30,20,109,633,799,68,339,384,68.82000000000001
2008,7,27,16,30,21.3,122,820,854,343,412,693,60.97
2008,7,27,17,30,22.200000000000003,132,953,879,245,513,742,57.29
2008,7,27,18,30,22.700000000000003,121,1028,914,174,519,692,55.83
2008,7,27,19,30,22.6,123,1026,911,911,123,1026,56.38
2008,7,27,20,30,22.3,118,955,898,898,118,955,57.7
2008,7,27,21,30,21.8,115,815,860,860,115,815,60.07
2008,7,27,22,30,21.1,104,625,803,803,104,625,63.78
2008,7,27,23,30,20.3,85,401,705,705,85,401,68.74
2008,7,28,0,30,18.900000000000002,58,169,493,493,58,169,78.52
2008,7,28,1,30,17.8,0,0,0,0,0,0,86.52
2008,7,28,2,30,17.1,0,0,0,0,0,0,89.89
2008,7,28,3,30,16.400000000000002,0,0,0,0,0,0,93.02
2008,7,28,4,30,15.9,0,0,0,0,0,0,95.38
2008,7,28,5,30,15.4,0,0,0,0,0,0,97.81
2008,7,28,6,30,15,0,0,0,0,0,0,99.36
2008,7,28,7,30,14.600000000000001,0,0,0,0,0,0,100
2008,7,28,8,30,14.3,0,0,0,0,0,0,100
2008,7,28,9,30,14,0,0,0,0,0,0,100
2008,7,28,10,30,13.9,0,0,0,0,0,0,100
2008,7,28,11,30,14,0,0,0,0,0,0,100
2008,7,28,12,30,15.200000000000001,0,0,0,0,0,0,94.85000000000001
2008,7,28,13,30,17.5,57,179,530,530,57,179,85.8
2008,7,28,14,30,20.3,80,416,739,739,80,416,72.53
2008,7,28,15,30,23.200000000000003,92,643,841,841,92,643,57.620000000000005
2008,7,28,16,30,25.400000000000002,100,832,894,894,100,832,47.6
2008,7,28,17,30,27,106,970,926,926,106,970,41.65
2008,7,28,18,30,27.900000000000002,101,1041,947,947,101,1041,39.28
2008,7,28,19,30,28.3,101,1039,946,946,101,1039,38.45
2008,7,28,20,30,28.3,99,965,931,931,99,965,38.480000000000004
2008,7,28,21,30,27.8,94,827,901,901,94,827,39.95
2008,7,28,22,30,26.8,87,635,843,424,237,512,43.03
2008,7,28,23,30,25.3,74,407,744,173,208,285,49.07
2008,7,29,0,30,22.900000000000002,52,172,536,77,111,128,63.63
2008,7,29,1,30,20.900000000000002,0,0,0,0,0,0,77.58
2008,7,29,2,30,19.700000000000003,0,0,0,0,0,0,83.07000000000001
2008,7,29,3,30,18.8,0,0,0,0,0,0,87.72
2008,7,29,4,30,18.1,0,0,0,0,0,0,91.41
2008,7,29,5,30,17.5,0,0,0,0,0,0,94.37
2008,7,29,6,30,16.8,0,0,0,0,0,0,97.88
2008,7,29,7,30,16.2,0,0,0,0,0,0,100
2008,7,29,8,30,15.600000000000001,0,0,0,0,0,0,100
2008,7,29,9,30,15.100000000000001,0,0,0,0,0,0,100
2008,7,29,10,30,14.700000000000001,0,0,0,0,0,0,100
2008,7,29,11,30,14.600000000000001,0,0,0,0,0,0,100
2008,7,29,12,30,15.8,0,0,0,0,0,0,93.39
2008,7,29,13,30,18.3,53,181,555,128,113,142,80.77
2008,7,29,14,30,21.200000000000003,74,417,755,167,241,317,66.05
2008,7,29,15,30,23.8,88,643,848,848,88,643,55.26
2008,7,29,16,30,25.6,98,831,896,896,98,831,49.54
2008,7,29,17,30,26.700000000000003,106,964,919,919,106,964,46.79
2008,7,29,18,30,27.1,113,1030,924,924,113,1030,46.050000000000004
2008,7,29,19,30,26.8,118,1026,915,915,118,1026,47.17
2008,7,29,20,30,26,119,950,894,894,119,950,49.660000000000004
2008,7,29,21,30,25.1,103,816,877,630,214,727,53.46
2008,7,29,22,30,24.1,92,626,824,492,215,534,59.4
2008,7,29,23,30,22.8,74,403,735,109,204,253,68.35000000000001
2008,7,30,0,30,21.200000000000003,50,171,544,189,100,141,82.19
2008,7,30,1,30,19.8,0,0,0,0,0,0,91.15
2008,7,30,2,30,19.1,0,0,0,0,0,0,94.09
2008,7,30,3,30,18.6,0,0,0,0,0,0,96.32000000000001
2008,7,30,4,30,18.1,0,0,0,0,0,0,98.18
2008,7,30,5,30,17.8,0,0,0,0,0,0,98.98
2008,7,30,6,30,17.6,0,0,0,0,0,0,99.3
2008,7,30,7,30,17.400000000000002,0,0,0,0,0,0,99.82000000000001
2008,7,30,8,30,17.2,0,0,0,0,0,0,100
2008,7,30,9,30,17,0,0,0,0,0,0,100
2008,7,30,10,30,16.8,0,0,0,0,0,0,100
2008,7,30,11,30,16.7,0,0,0,0,0,0,100
2008,7,30,12,30,17.2,0,0,0,0,0,0,96.97
2008,7,30,13,30,18.2,53,177,539,57,119,132,94.52
2008,7,30,14,30,19.700000000000003,76,411,740,740,76,411,85.16
2008,7,30,15,30,21.700000000000003,89,638,839,839,89,638,69.10000000000001
2008,7,30,16,30,23.5,99,827,890,890,99,827,57.35
2008,7,30,17,30,24.5,107,961,915,915,107,961,53.800000000000004
2008,7,30,18,30,24.900000000000002,100,1035,942,942,100,1035,53.14
2008,7,30,19,30,24.8,102,1031,937,937,102,1031,54.11
2008,7,30,20,30,24,101,956,920,920,101,956,58.050000000000004
2008,7,30,21,30,23,104,815,875,875,104,815,63.14
2008,7,30,22,30,22.1,97,622,812,333,271,486,68.42
2008,7,30,23,30,21,83,396,703,284,193,320,75.51
2008,7,31,0,30,19.8,59,162,466,466,59,162,83.56
2008,7,31,1,30,19,0,0,0,0,0,0,89.19
2008,7,31,2,30,18.5,0,0,0,0,0,0,92.42
2008,7,31,3,30,18.2,0,0,0,0,0,0,94.17
2008,7,31,4,30,17.900000000000002,0,0,0,0,0,0,95.36
2008,7,31,5,30,17.3,0,0,0,0,0,0,97.79
2008,7,31,6,30,16.8,0,0,0,0,0,0,98.7
2008,7,31,7,30,16.5,0,0,0,0,0,0,97.99000000000001
2008,7,31,8,30,16.1,0,0,0,0,0,0,98.09
2008,7,31,9,30,15.700000000000001,0,0,0,0,0,0,98.42
2008,7,31,10,30,15.200000000000001,0,0,0,0,0,0,99.19
2008,7,31,11,30,14.700000000000001,0,0,0,0,0,0,99.72
2008,7,31,12,30,15.4,0,0,0,0,0,0,93.51
2008,7,31,13,30,17.400000000000002,56,181,548,12,83,86,87
2008,7,31,14,30,19.8,79,421,756,107,206,255,73.27
2008,7,31,15,30,22.200000000000003,93,650,852,852,93,650,57.08
2008,7,31,16,30,24,104,840,900,129,443,548,48.88
2008,7,31,17,30,25.400000000000002,112,974,923,503,342,811,44.53
2008,7,31,18,30,26.3,129,1038,916,279,462,739,42.5
2008,7,31,19,30,26.700000000000003,133,1033,908,54,486,540,41.88
2008,7,31,20,30,26.700000000000003,134,954,882,108,451,552,42.31
2008,7,31,21,30,26.3,129,813,841,71,413,471,43.93
2008,7,31,22,30,25.3,123,617,763,763,123,617,47.69
2008,7,31,23,30,23.700000000000003,109,387,624,624,109,387,54.21
2008,8,1,0,30,21.5,73,155,372,147,113,145,67.6
2008,8,1,1,30,19.700000000000003,0,0,0,0,0,0,82.45
2008,8,1,2,30,18.7,0,0,0,0,0,0,88.76
2008,8,1,3,30,18.2,0,0,0,0,0,0,92.67
2008,8,1,4,30,17.8,0,0,0,0,0,0,95.25
2008,8,1,5,30,17.5,0,0,0,0,0,0,96.45
2008,8,1,6,30,17.2,0,0,0,0,0,0,97.28
2008,8,1,7,30,17,0,0,0,0,0,0,97.65
2008,8,1,8,30,16.900000000000002,0,0,0,0,0,0,97.49000000000001
2008,8,1,9,30,16.6,0,0,0,0,0,0,98.76
2008,8,1,10,30,16.400000000000002,0,0,0,0,0,0,98.84
2008,8,1,11,30,16.400000000000002,0,0,0,0,0,0,98.10000000000001
2008,8,1,12,30,17,0,0,0,0,0,0,94.97
2008,8,1,13,30,18.2,69,164,420,27,118,124,90.51
2008,8,1,14,30,19.3,96,396,664,664,96,396,83.86
2008,8,1,15,30,20.400000000000002,117,619,769,769,117,619,75.54
2008,8,1,16,30,21.400000000000002,131,806,826,826,131,806,69.09
2008,8,1,17,30,22,138,941,861,861,138,941,65.41
2008,8,1,18,30,22.400000000000002,126,1017,898,898,126,1017,63.29
2008,8,1,19,30,22.5,126,1015,897,897,126,1015,62.85
2008,8,1,20,30,22.6,121,943,884,884,121,943,62.6
2008,8,1,21,30,22.3,106,809,866,866,106,809,64.12
2008,8,1,22,30,21.900000000000002,99,618,804,804,99,618,66.46000000000001
2008,8,1,23,30,21.1,83,393,699,699,83,393,71.13
2008,8,2,0,30,19.900000000000002,57,160,476,476,57,160,79.65
2008,8,2,1,30,18.900000000000002,0,0,0,0,0,0,88.44
2008,8,2,2,30,18.3,0,0,0,0,0,0,91.53
2008,8,2,3,30,17.900000000000002,0,0,0,0,0,0,93.99
2008,8,2,4,30,17.7,0,0,0,0,0,0,95.36
2008,8,2,5,30,17.5,0,0,0,0,0,0,96.47
2008,8,2,6,30,17.3,0,0,0,0,0,0,97.23
2008,8,2,7,30,17,0,0,0,0,0,0,98.26
2008,8,2,8,30,16.6,0,0,0,0,0,0,99.77
2008,8,2,9,30,16.1,0,0,0,0,0,0,100
2008,8,2,10,30,15.700000000000001,0,0,0,0,0,0,100
2008,8,2,11,30,15.8,0,0,0,0,0,0,100
2008,8,2,12,30,16.900000000000002,0,0,0,0,0,0,93.37
2008,8,2,13,30,18.7,62,169,472,13,111,114,85.08
2008,8,2,14,30,20.6,91,404,695,45,239,260,73.41
2008,8,2,15,30,22.3,109,631,800,110,291,363,64.16
2008,8,2,16,30,23.700000000000003,123,820,853,404,316,646,58.32
2008,8,2,17,30,24.700000000000003,136,952,875,270,428,681,54.67
2008,8,2,18,30,25.3,173,1010,844,535,337,867,52.43
2008,8,2,19,30,25.5,181,1006,833,539,336,870,51.03
2008,8,2,20,30,25.5,175,934,817,113,457,561,50.370000000000005
2008,8,2,21,30,25.200000000000003,165,797,778,527,283,710,50.84
2008,8,2,22,30,24.700000000000003,143,607,721,133,319,405,52.68
2008,8,2,23,30,23.8,110,386,626,223,214,312,57.38
2008,8,3,0,30,22.1,67,157,416,204,107,151,68.1
2008,8,3,1,30,20.400000000000002,0,0,0,0,0,0,81.92
2008,8,3,2,30,19.200000000000003,0,0,0,0,0,0,86.11
2008,8,3,3,30,18.5,0,0,0,0,0,0,88.86
2008,8,3,4,30,18.1,0,0,0,0,0,0,90.85000000000001
2008,8,3,5,30,17.900000000000002,0,0,0,0,0,0,92.79
2008,8,3,6,30,17.5,0,0,0,0,0,0,95.76
2008,8,3,7,30,16.900000000000002,0,0,0,0,0,0,97.39
2008,8,3,8,30,16,0,0,0,0,0,0,98.78
2008,8,3,9,30,15.3,0,0,0,0,0,0,99.21000000000001
2008,8,3,10,30,14.9,0,0,0,0,0,0,99.05
2008,8,3,11,30,14.700000000000001,0,0,0,0,0,0,98.68
2008,8,3,12,30,15.200000000000001,0,0,0,0,0,0,94.92
2008,8,3,13,30,16.400000000000002,59,170,492,16,113,116,91.32000000000001
2008,8,3,14,30,18.1,89,403,697,697,89,403,83.66
2008,8,3,15,30,20.3,110,626,791,791,110,626,73.07000000000001
2008,8,3,16,30,22.1,126,812,840,201,452,616,64.37
2008,8,3,17,30,23.1,140,944,861,861,140,944,60.32
2008,8,3,18,30,23.200000000000003,165,1004,847,847,165,1004,60.06
2008,8,3,19,30,22.6,165,1001,844,844,165,1001,63.31
2008,8,3,20,30,21.700000000000003,159,928,828,293,422,693,69.25
2008,8,3,21,30,20.900000000000002,151,789,786,0,71,71,75.31
2008,8,3,22,30,20,139,598,712,148,306,401,82.12
2008,8,3,23,30,19.3,115,373,585,0,53,53,88.41
2008,8,4,0,30,18.7,72,147,351,22,114,119,93.67
2008,8,4,1,30,18.3,0,0,0,0,0,0,96.87
2008,8,4,2,30,18.1,0,0,0,0,0,0,98.16
2008,8,4,3,30,17.7,0,0,0,0,0,0,99.72
2008,8,4,4,30,17.2,0,0,0,0,0,0,100
2008,8,4,5,30,16.8,0,0,0,0,0,0,100
2008,8,4,6,30,16.5,0,0,0,0,0,0,100
2008,8,4,7,30,16.3,0,0,0,0,0,0,99.56
2008,8,4,8,30,16.1,0,0,0,0,0,0,98.02
2008,8,4,9,30,16,0,0,0,0,0,0,95.71000000000001
2008,8,4,10,30,15.600000000000001,0,0,0,0,0,0,95.56
2008,8,4,11,30,15.4,0,0,0,0,0,0,94.75
2008,8,4,12,30,16.3,0,0,0,0,0,0,89.91
2008,8,4,13,30,18.5,73,160,387,11,112,114,86.04
2008,8,4,14,30,20.6,115,390,610,0,108,108,74.29
2008,8,4,15,30,22.6,141,613,725,1,240,241,61.82
2008,8,4,16,30,24.1,157,803,791,109,438,527,55.660000000000004
2008,8,4,17,30,25.200000000000003,164,939,831,97,488,578,52.07
2008,8,4,18,30,25.900000000000002,163,1011,855,226,555,778,50.04
2008,8,4,19,30,26.1,166,1006,849,849,166,1006,49.47
2008,8,4,20,30,25.700000000000003,165,930,825,825,165,930,50.64
2008,8,4,21,30,24.8,130,801,829,220,369,546,53.94
2008,8,4,22,30,24.1,119,608,761,122,303,381,58.02
2008,8,4,23,30,23.1,96,383,654,125,200,255,64.06
2008,8,5,0,30,21.3,64,152,416,49,101,111,75.24
2008,8,5,1,30,19.6,0,0,0,0,0,0,86.56
2008,8,5,2,30,18.5,0,0,0,0,0,0,92.68
2008,8,5,3,30,18,0,0,0,0,0,0,94.95
2008,8,5,4,30,17.900000000000002,0,0,0,0,0,0,95.24
2008,8,5,5,30,18.1,0,0,0,0,0,0,93.5
2008,8,5,6,30,18,0,0,0,0,0,0,93.51
2008,8,5,7,30,17.7,0,0,0,0,0,0,95.05
2008,8,5,8,30,17.1,0,0,0,0,0,0,97.67
2008,8,5,9,30,16.5,0,0,0,0,0,0,98.64
2008,8,5,10,30,15.9,0,0,0,0,0,0,99.8
2008,8,5,11,30,15.5,0,0,0,0,0,0,99.67
2008,8,5,12,30,15.8,0,0,0,0,0,0,95.58
2008,8,5,13,30,17.1,61,169,485,485,61,169,91.72
2008,8,5,14,30,19.400000000000002,87,407,713,19,152,161,81.27
2008,8,5,15,30,22.200000000000003,98,640,832,36,314,337,64.65
2008,8,5,16,30,24.5,104,834,894,894,104,834,52.36
2008,8,5,17,30,26,109,971,925,925,109,971,46.4
2008,8,5,18,30,27.1,114,1039,933,933,114,1039,43.160000000000004
2008,8,5,19,30,27.700000000000003,117,1036,929,929,117,1036,41.56
2008,8,5,20,30,27.6,118,959,906,906,118,959,41.68
2008,8,5,21,30,27,127,811,846,502,290,696,43.47
2008,8,5,22,30,26.1,119,614,771,470,237,539,46.89
2008,8,5,23,30,24.6,98,385,655,655,98,385,53.230000000000004
2008,8,6,0,30,22.200000000000003,63,152,424,424,63,152,66.16
2008,8,6,1,30,20.1,0,0,0,0,0,0,80.64
2008,8,6,2,30,19.200000000000003,0,0,0,0,0,0,86.08
2008,8,6,3,30,18.5,0,0,0,0,0,0,91.89
2008,8,6,4,30,18.2,0,0,0,0,0,0,94.8
2008,8,6,5,30,18,0,0,0,0,0,0,95.89
2008,8,6,6,30,18.1,0,0,0,0,0,0,94.60000000000001
2008,8,6,7,30,18.1,0,0,0,0,0,0,93.52
2008,8,6,8,30,17.8,0,0,0,0,0,0,94.36
2008,8,6,9,30,17.400000000000002,0,0,0,0,0,0,96.26
2008,8,6,10,30,17,0,0,0,0,0,0,97.57000000000001
2008,8,6,11,30,16.6,0,0,0,0,0,0,98.23
2008,8,6,12,30,17,0,0,0,0,0,0,93.61
2008,8,6,13,30,18.3,64,164,450,0,3,3,86.8
2008,8,6,14,30,20.200000000000003,93,402,687,367,176,340,76.36
2008,8,6,15,30,22.1,107,633,807,0,176,176,66.26
2008,8,6,16,30,23.8,115,826,871,103,416,500,58.28
2008,8,6,17,30,25,119,962,904,904,119,962,53.32
2008,8,6,18,30,25.700000000000003,122,1030,917,917,122,1030,50.75
2008,8,6,19,30,25.8,126,1025,909,909,126,1025,50.47
2008,8,6,20,30,25.400000000000002,125,948,889,889,125,948,52.25
2008,8,6,21,30,24.5,125,804,841,194,356,512,56.29
2008,8,6,22,30,23.6,115,610,772,267,283,454,61.660000000000004
2008,8,6,23,30,22.400000000000002,98,381,650,355,178,333,69.63
2008,8,7,0,30,20.700000000000003,66,147,386,386,66,147,81.59
2008,8,7,1,30,19.5,0,0,0,0,0,0,91.27
2008,8,7,2,30,18.900000000000002,0,0,0,0,0,0,94.10000000000001
2008,8,7,3,30,18.7,0,0,0,0,0,0,94.7
2008,8,7,4,30,18.6,0,0,0,0,0,0,94.34
2008,8,7,5,30,18.5,0,0,0,0,0,0,94.08
2008,8,7,6,30,18.2,0,0,0,0,0,0,95.63
2008,8,7,7,30,17.900000000000002,0,0,0,0,0,0,97.60000000000001
2008,8,7,8,30,17.6,0,0,0,0,0,0,98.67
2008,8,7,9,30,17.5,0,0,0,0,0,0,98.61
2008,8,7,10,30,17.3,0,0,0,0,0,0,99.15
2008,8,7,11,30,17,0,0,0,0,0,0,100
2008,8,7,12,30,17.1,0,0,0,0,0,0,96.34
2008,8,7,13,30,17.7,64,161,437,0,8,8,94.42
2008,8,7,14,30,18.6,93,395,675,0,124,124,90.05
2008,8,7,15,30,19.6,112,622,784,214,302,441,85.52
2008,8,7,16,30,20.6,120,813,849,1,305,306,79.04
2008,8,7,17,30,21.400000000000002,121,951,890,1,282,282,72.81
2008,8,7,18,30,21.8,120,1023,911,0,161,162,69.27
2008,8,7,19,30,22.1,116,1022,916,14,364,378,66.51
2008,8,7,20,30,22.3,110,949,906,277,393,650,64.52
2008,8,7,21,30,22.200000000000003,109,809,868,402,297,621,63.72
2008,8,7,22,30,22,97,616,813,304,257,451,63.56
2008,8,7,23,30,21.3,80,388,708,239,197,301,66.67
2008,8,8,0,30,20.1,53,153,479,16,90,93,73.52
2008,8,8,1,30,19.200000000000003,0,0,0,0,0,0,78.60000000000001
2008,8,8,2,30,18.6,0,0,0,0,0,0,79.18
2008,8,8,3,30,18.2,0,0,0,0,0,0,80.51
2008,8,8,4,30,17.900000000000002,0,0,0,0,0,0,81.25
2008,8,8,5,30,17.6,0,0,0,0,0,0,82
2008,8,8,6,30,17.2,0,0,0,0,0,0,83.44
2008,8,8,7,30,16.900000000000002,0,0,0,0,0,0,83.89
2008,8,8,8,30,16.5,0,0,0,0,0,0,85.04
2008,8,8,9,30,16,0,0,0,0,0,0,87.54
2008,8,8,10,30,15.600000000000001,0,0,0,0,0,0,90.13
2008,8,8,11,30,15.3,0,0,0,0,0,0,92.23
2008,8,8,12,30,16.2,0,0,0,0,0,0,87.52
2008,8,8,13,30,18.3,53,169,529,14,108,111,83.72
2008,8,8,14,30,20.200000000000003,76,409,746,746,76,409,72.92
2008,8,8,15,30,21.700000000000003,90,637,842,842,90,637,61.27
2008,8,8,16,30,22.900000000000002,100,828,893,4,345,349,54.88
2008,8,8,17,30,23.8,109,964,918,918,109,964,51.120000000000005
2008,8,8,18,30,24.400000000000002,118,1031,921,615,282,891,49.21
2008,8,8,19,30,24.6,123,1026,914,25,430,455,48.49
2008,8,8,20,30,24.400000000000002,124,949,891,1,210,211,48.96
2008,8,8,21,30,23.900000000000002,117,807,855,567,248,705,50.97
2008,8,8,22,30,23.3,108,611,788,399,240,495,54.26
2008,8,8,23,30,22.400000000000002,93,380,663,444,154,346,59.36
2008,8,9,0,30,21.1,61,146,415,13,91,93,68.71000000000001
2008,8,9,1,30,20.1,0,0,0,0,0,0,78.51
2008,8,9,2,30,19.6,0,0,0,0,0,0,80.62
2008,8,9,3,30,19.200000000000003,0,0,0,0,0,0,82.23
2008,8,9,4,30,18.900000000000002,0,0,0,0,0,0,83.54
2008,8,9,5,30,18.5,0,0,0,0,0,0,85.58
2008,8,9,6,30,18.2,0,0,0,0,0,0,87.02
2008,8,9,7,30,17.8,0,0,0,0,0,0,89.05
2008,8,9,8,30,17.5,0,0,0,0,0,0,90.86
2008,8,9,9,30,17.2,0,0,0,0,0,0,92.85000000000001
2008,8,9,10,30,17,0,0,0,0,0,0,94.18
2008,8,9,11,30,16.900000000000002,0,0,0,0,0,0,94.76
2008,8,9,12,30,17.3,0,0,0,0,0,0,92.52
2008,8,9,13,30,18.3,75,153,356,356,75,153,90.45
2008,8,9,14,30,19.700000000000003,125,380,572,572,125,380,84.77
2008,8,9,15,30,21.1,154,604,693,693,154,604,77.10000000000001
2008,8,9,16,30,22.200000000000003,172,794,764,764,172,794,68.64
2008,8,9,17,30,23.1,184,929,801,801,184,929,63.550000000000004
2008,8,9,18,30,23.6,140,1016,884,884,140,1016,61.15
2008,8,9,19,30,23.8,142,1013,881,881,142,1013,60.34
2008,8,9,20,30,23.8,139,938,863,863,139,938,60.47
2008,8,9,21,30,23.400000000000002,113,803,857,579,250,717,62.230000000000004
2008,8,9,22,30,22.8,101,609,799,0,95,95,65.14
2008,8,9,23,30,21.8,83,381,692,4,117,118,70.34
2008,8,10,0,30,20.400000000000002,53,148,467,3,56,57,80.01
2008,8,10,1,30,19.200000000000003,0,0,0,0,0,0,88.34
2008,8,10,2,30,18.6,0,0,0,0,0,0,90.5
2008,8,10,3,30,18,0,0,0,0,0,0,93.41
2008,8,10,4,30,17.5,0,0,0,0,0,0,95.72
2008,8,10,5,30,17.1,0,0,0,0,0,0,97.92
2008,8,10,6,30,16.8,0,0,0,0,0,0,99.8
2008,8,10,7,30,16.5,0,0,0,0,0,0,100
2008,8,10,8,30,16.3,0,0,0,0,0,0,100
2008,8,10,9,30,16.1,0,0,0,0,0,0,100
2008,8,10,10,30,16,0,0,0,0,0,0,100
2008,8,10,11,30,16,0,0,0,0,0,0,100
2008,8,10,12,30,16.7,0,0,0,0,0,0,95.65
2008,8,10,13,30,18.400000000000002,62,161,455,455,62,161,86.69
2008,8,10,14,30,20.400000000000002,88,399,697,697,88,399,77.64
2008,8,10,15,30,22.3,101,631,817,9,280,285,70.2
2008,8,10,16,30,23.900000000000002,108,826,882,882,108,826,63.68
2008,8,10,17,30,25,111,964,917,917,111,964,58.67
2008,8,10,18,30,25.8,115,1034,929,929,115,1034,54.120000000000005
2008,8,10,19,30,26.200000000000003,116,1033,929,639,283,913,51.08
2008,8,10,20,30,26.200000000000003,115,955,909,658,256,864,49.75
2008,8,10,21,30,25.900000000000002,111,813,873,5,244,248,49.480000000000004
2008,8,10,22,30,25.3,102,616,809,18,233,245,50.88
2008,8,10,23,30,24,83,385,705,51,202,224,56.11
2008,8,11,0,30,21.700000000000003,53,149,477,25,95,100,71.2
2008,8,11,1,30,19.900000000000002,0,0,0,0,0,0,82.08
2008,8,11,2,30,19,0,0,0,0,0,0,86.09
2008,8,11,3,30,18.400000000000002,0,0,0,0,0,0,89.66
2008,8,11,4,30,17.8,0,0,0,0,0,0,93.5
2008,8,11,5,30,17.3,0,0,0,0,0,0,96.76
2008,8,11,6,30,16.900000000000002,0,0,0,0,0,0,99.17
2008,8,11,7,30,16.6,0,0,0,0,0,0,100
2008,8,11,8,30,16.3,0,0,0,0,0,0,100
2008,8,11,9,30,16.1,0,0,0,0,0,0,100
2008,8,11,10,30,15.9,0,0,0,0,0,0,100
2008,8,11,11,30,15.9,0,0,0,0,0,0,100
2008,8,11,12,30,16.8,0,0,0,0,0,0,95.02
2008,8,11,13,30,18.7,58,164,487,487,58,164,86.05
2008,8,11,14,30,21,83,404,721,51,195,218,73.16
2008,8,11,15,30,23.400000000000002,94,637,836,6,273,277,59.72
2008,8,11,16,30,25.1,101,829,894,119,360,457,53.63
2008,8,11,17,30,26.1,106,966,925,550,298,809,50.94
2008,8,11,18,30,26.700000000000003,119,1031,922,504,353,851,48.74
2008,8,11,19,30,26.900000000000002,120,1028,919,919,120,1028,47.47
2008,8,11,20,30,26.900000000000002,118,950,902,902,118,950,46.79
2008,8,11,21,30,26.5,107,810,875,615,217,711,47.24
2008,8,11,22,30,25.900000000000002,96,614,817,317,260,461,49.15
2008,8,11,23,30,24.6,78,384,715,53,193,216,55.13
2008,8,12,0,30,22.3,51,147,481,4,87,88,69.75
2008,8,12,1,30,20.200000000000003,0,0,0,0,0,0,83.51
2008,8,12,2,30,19.1,0,0,0,0,0,0,88.62
2008,8,12,3,30,18.400000000000002,0,0,0,0,0,0,93.4
2008,8,12,4,30,17.900000000000002,0,0,0,0,0,0,95.99000000000001
2008,8,12,5,30,17.5,0,0,0,0,0,0,96.85000000000001
2008,8,12,6,30,17.1,0,0,0,0,0,0,97.29
2008,8,12,7,30,16.6,0,0,0,0,0,0,98.33
2008,8,12,8,30,16.2,0,0,0,0,0,0,98.89
2008,8,12,9,30,15.8,0,0,0,0,0,0,99.01
2008,8,12,10,30,15.4,0,0,0,0,0,0,99.57000000000001
2008,8,12,11,30,15.200000000000001,0,0,0,0,0,0,99.08
2008,8,12,12,30,15.8,0,0,0,0,0,0,95.15
2008,8,12,13,30,17.1,54,165,512,0,4,4,91.8
2008,8,12,14,30,18.900000000000002,81,404,726,90,208,248,83.98
2008,8,12,15,30,21.3,99,632,822,103,356,423,72.22
2008,8,12,16,30,23.3,108,823,878,878,108,823,63.71
2008,8,12,17,30,24.6,112,959,911,149,485,623,59
2008,8,12,18,30,25.400000000000002,110,1028,929,298,521,817,55.56
2008,8,12,19,30,25.700000000000003,111,1025,926,577,297,866,53.38
2008,8,12,20,30,25.5,110,947,908,306,480,762,53.38
2008,8,12,21,30,24.700000000000003,105,804,872,0,103,103,56.230000000000004
2008,8,12,22,30,23.700000000000003,95,607,810,271,254,425,61.28
2008,8,12,23,30,22.3,80,376,694,356,166,317,69.83
2008,8,13,0,30,20.6,53,141,444,5,87,88,81.36
2008,8,13,1,30,19.200000000000003,0,0,0,0,0,0,90.96000000000001
2008,8,13,2,30,18.7,0,0,0,0,0,0,93.83
2008,8,13,3,30,18.3,0,0,0,0,0,0,96.79
2008,8,13,4,30,18,0,0,0,0,0,0,98.21000000000001
2008,8,13,5,30,17.5,0,0,0,0,0,0,99.79
2008,8,13,6,30,17.1,0,0,0,0,0,0,100
2008,8,13,7,30,16.8,0,0,0,0,0,0,100
2008,8,13,8,30,16.400000000000002,0,0,0,0,0,0,100
2008,8,13,9,30,16.2,0,0,0,0,0,0,100
2008,8,13,10,30,16.1,0,0,0,0,0,0,100
2008,8,13,11,30,16.1,0,0,0,0,0,0,99.65
2008,8,13,12,30,16.7,0,0,0,0,0,0,95.60000000000001
2008,8,13,13,30,18.2,61,159,453,226,103,152,90.83
2008,8,13,14,30,20.1,92,394,680,393,177,351,81.53
2008,8,13,15,30,22.1,110,623,792,792,110,623,68
2008,8,13,16,30,23.700000000000003,120,815,854,854,120,815,59.92
2008,8,13,17,30,24.6,127,952,887,887,127,952,56.730000000000004
2008,8,13,18,30,25.200000000000003,101,1031,940,940,101,1031,54.480000000000004
2008,8,13,19,30,25.400000000000002,105,1026,934,934,105,1026,53.370000000000005
2008,8,13,20,30,25.200000000000003,105,948,915,290,406,674,53.54
2008,8,13,21,30,24.700000000000003,102,805,879,879,102,805,54.88
2008,8,13,22,30,23.900000000000002,97,606,808,3,160,163,57.980000000000004
2008,8,13,23,30,22.6,82,375,690,400,166,336,65.21000000000001
2008,8,14,0,30,20.8,54,139,441,0,31,31,77.81
2008,8,14,1,30,19.5,0,0,0,0,0,0,86.97
2008,8,14,2,30,18.8,0,0,0,0,0,0,90.18
2008,8,14,3,30,18.2,0,0,0,0,0,0,92.94
2008,8,14,4,30,17.8,0,0,0,0,0,0,95.10000000000001
2008,8,14,5,30,17.400000000000002,0,0,0,0,0,0,97.25
2008,8,14,6,30,17.1,0,0,0,0,0,0,98.41
2008,8,14,7,30,16.900000000000002,0,0,0,0,0,0,98.46000000000001
2008,8,14,8,30,16.6,0,0,0,0,0,0,99.16
2008,8,14,9,30,16.5,0,0,0,0,0,0,98.55
2008,8,14,10,30,16.400000000000002,0,0,0,0,0,0,98.16
2008,8,14,11,30,16.6,0,0,0,0,0,0,96.03
2008,8,14,12,30,17.1,0,0,0,0,0,0,92.5
2008,8,14,13,30,18.6,58,160,474,474,58,160,87.76
2008,8,14,14,30,20.700000000000003,85,398,705,52,238,260,77.27
2008,8,14,15,30,22.700000000000003,98,629,820,17,290,301,64.4
2008,8,14,16,30,24.1,105,822,881,881,105,822,57.89
2008,8,14,17,30,25.1,110,959,914,914,110,959,54.2
2008,8,14,18,30,25.700000000000003,114,1029,926,926,114,1029,52.120000000000005
2008,8,14,19,30,25.900000000000002,113,1025,926,926,113,1025,51.28
2008,8,14,20,30,25.6,109,949,913,8,411,419,51.52
2008,8,14,21,30,25.1,104,806,878,17,305,318,52.68
2008,8,14,22,30,24.3,94,609,818,118,350,425,55.56
2008,8,14,23,30,22.900000000000002,76,378,716,112,207,255,62.08
2008,8,15,0,30,20.700000000000003,49,141,482,0,29,29,75.99
2008,8,15,1,30,19,0,0,0,0,0,0,87.77
2008,8,15,2,30,18.400000000000002,0,0,0,0,0,0,91.43
2008,8,15,3,30,18,0,0,0,0,0,0,94.86
2008,8,15,4,30,17.6,0,0,0,0,0,0,97.47
2008,8,15,5,30,17.1,0,0,0,0,0,0,99.98
2008,8,15,6,30,16.7,0,0,0,0,0,0,100
2008,8,15,7,30,16.5,0,0,0,0,0,0,100
2008,8,15,8,30,16.3,0,0,0,0,0,0,100
2008,8,15,9,30,16.1,0,0,0,0,0,0,100
2008,8,15,10,30,15.9,0,0,0,0,0,0,100
2008,8,15,11,30,15.8,0,0,0,0,0,0,99.34
2008,8,15,12,30,16.7,0,0,0,0,0,0,93.11
2008,8,15,13,30,18.900000000000002,56,159,485,2,54,54,86.17
2008,8,15,14,30,21.200000000000003,84,396,707,139,240,301,71.86
2008,8,15,15,30,23,98,626,816,91,348,407,61.07
2008,8,15,16,30,24.400000000000002,107,820,877,246,438,638,54.86
2008,8,15,17,30,25.400000000000002,113,956,908,207,507,699,51.63
2008,8,15,18,30,26.1,116,1026,921,921,116,1026,49.61
2008,8,15,19,30,26.3,118,1020,917,917,118,1020,49.22
2008,8,15,20,30,26.200000000000003,116,943,899,899,116,943,49.72
2008,8,15,21,30,25.6,121,795,844,3,218,221,51.08
2008,8,15,22,30,24.900000000000002,112,597,772,4,167,169,53.02
2008,8,15,23,30,23.6,91,366,658,14,163,168,58.47
2008,8,16,0,30,21.6,56,133,410,116,97,119,70.82000000000001
2008,8,16,1,30,20,0,0,0,0,0,0,81.42
2008,8,16,2,30,19.1,0,0,0,0,0,0,85.47
2008,8,16,3,30,18.400000000000002,0,0,0,0,0,0,89.96000000000001
2008,8,16,4,30,17.900000000000002,0,0,0,0,0,0,93.56
2008,8,16,5,30,17.5,0,0,0,0,0,0,95.68
2008,8,16,6,30,17.2,0,0,0,0,0,0,96.78
2008,8,16,7,30,16.900000000000002,0,0,0,0,0,0,97.91
2008,8,16,8,30,16.6,0,0,0,0,0,0,98.92
2008,8,16,9,30,16.400000000000002,0,0,0,0,0,0,99.57000000000001
2008,8,16,10,30,16.3,0,0,0,0,0,0,99.68
2008,8,16,11,30,16.3,0,0,0,0,0,0,99.12
2008,8,16,12,30,17.2,0,0,0,0,0,0,93.60000000000001
2008,8,16,13,30,18.8,61,157,448,14,106,109,89.37
2008,8,16,14,30,20.8,90,396,692,17,204,211,79.47
2008,8,16,15,30,22.8,108,626,801,0,183,183,68.37
2008,8,16,16,30,24.400000000000002,122,817,856,856,122,817,60.31
2008,8,16,17,30,25.6,131,954,885,885,131,954,55.22
2008,8,16,18,30,26.5,138,1022,895,895,138,1022,51.42
2008,8,16,19,30,27,136,1018,897,897,136,1018,48.89
2008,8,16,20,30,27.200000000000003,130,940,882,882,130,940,46.980000000000004
2008,8,16,21,30,27,125,795,842,842,125,795,46.63
2008,8,16,22,30,26.3,112,596,775,775,112,596,48.51
2008,8,16,23,30,24.6,92,364,652,652,92,364,55.94
2008,8,17,0,30,22.1,58,130,386,386,58,130,72.3
2008,8,17,1,30,19.900000000000002,0,0,0,0,0,0,86.03
2008,8,17,2,30,19.1,0,0,0,0,0,0,91.25
2008,8,17,3,30,18.7,0,0,0,0,0,0,94.95
2008,8,17,4,30,18.5,0,0,0,0,0,0,96.55
2008,8,17,5,30,18.400000000000002,0,0,0,0,0,0,97.46000000000001
2008,8,17,6,30,18.3,0,0,0,0,0,0,98.05
2008,8,17,7,30,18.1,0,0,0,0,0,0,98.71000000000001
2008,8,17,8,30,17.900000000000002,0,0,0,0,0,0,99.15
2008,8,17,9,30,17.7,0,0,0,0,0,0,99.28
2008,8,17,10,30,17.5,0,0,0,0,0,0,99.51
2008,8,17,11,30,17.400000000000002,0,0,0,0,0,0,99.51
2008,8,17,12,30,17.6,0,0,0,0,0,0,97.68
2008,8,17,13,30,18,68,149,380,4,73,74,95.99000000000001
2008,8,17,14,30,18.8,105,383,630,5,127,130,92.64
2008,8,17,15,30,20,122,612,759,65,301,343,86.72
2008,8,17,16,30,21.5,127,807,836,78,376,439,77.39
2008,8,17,17,30,22.700000000000003,130,945,878,238,438,659,69.42
2008,8,17,18,30,23.3,142,1011,881,285,418,699,65.15
2008,8,17,19,30,23.3,145,1004,874,430,378,801,64.02
2008,8,17,20,30,22.8,145,924,849,498,304,761,66.1
2008,8,17,21,30,22,142,777,799,358,326,611,70.69
2008,8,17,22,30,21.1,129,581,725,74,274,320,76.65
2008,8,17,23,30,20.1,103,352,598,38,178,193,83.79
2008,8,18,0,30,19.3,60,123,339,138,95,120,90.04
2008,8,18,1,30,18.7,0,0,0,0,0,0,94.61
2008,8,18,2,30,18.5,0,0,0,0,0,0,95.89
2008,8,18,3,30,18.2,0,0,0,0,0,0,97.39
2008,8,18,4,30,17.900000000000002,0,0,0,0,0,0,98.52
2008,8,18,5,30,17.5,0,0,0,0,0,0,99.98
2008,8,18,6,30,17.2,0,0,0,0,0,0,100
2008,8,18,7,30,16.900000000000002,0,0,0,0,0,0,100
2008,8,18,8,30,16.7,0,0,0,0,0,0,100
2008,8,18,9,30,16.400000000000002,0,0,0,0,0,0,100
2008,8,18,10,30,16.1,0,0,0,0,0,0,100
2008,8,18,11,30,15.9,0,0,0,0,0,0,99.12
2008,8,18,12,30,16.3,0,0,0,0,0,0,95.68
2008,8,18,13,30,17.400000000000002,54,158,489,196,101,143,91.24
2008,8,18,14,30,19.1,81,395,713,614,27,297,81.08
2008,8,18,15,30,21,98,624,816,165,302,408,68.7
2008,8,18,16,30,22.900000000000002,111,815,867,58,398,445,59.92
2008,8,18,17,30,24.3,121,949,892,892,121,949,55.59
2008,8,18,18,30,25.1,129,1016,899,899,129,1016,53.57
2008,8,18,19,30,25.200000000000003,135,1007,889,536,307,833,53.79
2008,8,18,20,30,24.700000000000003,135,928,866,416,341,722,56.14
2008,8,18,21,30,23.900000000000002,142,778,801,801,142,778,59.980000000000004
2008,8,18,22,30,23,133,578,716,716,133,578,65.68
2008,8,18,23,30,21.8,104,350,597,0,29,29,73.71000000000001
2008,8,19,0,30,20.400000000000002,60,121,341,2,47,47,84.53
2008,8,19,1,30,19.400000000000002,0,0,0,0,0,0,91.57000000000001
2008,8,19,2,30,18.8,0,0,0,0,0,0,95.03
2008,8,19,3,30,18.400000000000002,0,0,0,0,0,0,97.16
2008,8,19,4,30,18.1,0,0,0,0,0,0,98.26
2008,8,19,5,30,17.7,0,0,0,0,0,0,99.63
2008,8,19,6,30,17.400000000000002,0,0,0,0,0,0,100
2008,8,19,7,30,17.1,0,0,0,0,0,0,100
2008,8,19,8,30,16.900000000000002,0,0,0,0,0,0,100
2008,8,19,9,30,16.7,0,0,0,0,0,0,100
2008,8,19,10,30,16.400000000000002,0,0,0,0,0,0,100
2008,8,19,11,30,16.2,0,0,0,0,0,0,99.60000000000001
2008,8,19,12,30,16.8,0,0,0,0,0,0,94.61
2008,8,19,13,30,17.8,49,160,522,0,4,4,93.3
2008,8,19,14,30,19.200000000000003,71,400,748,285,183,309,86.3
2008,8,19,15,30,21.1,81,631,853,853,81,631,75.17
2008,8,19,16,30,22.900000000000002,87,824,907,907,87,824,63.96
2008,8,19,17,30,23.900000000000002,92,958,934,934,92,958,59.480000000000004
2008,8,19,18,30,24.400000000000002,111,1021,924,924,111,1021,57.6
2008,8,19,19,30,24.3,115,1014,917,917,115,1014,57.57
2008,8,19,20,30,23.8,112,935,900,900,112,935,59.300000000000004
2008,8,19,21,30,23.1,110,788,856,856,110,788,62.76
2008,8,19,22,30,22.400000000000002,99,590,794,23,232,246,67.09
2008,8,19,23,30,21.3,80,358,677,74,188,219,73.88
2008,8,20,0,30,20,50,124,415,16,78,81,84.01
2008,8,20,1,30,18.900000000000002,0,0,0,0,0,0,93.3
2008,8,20,2,30,18.400000000000002,0,0,0,0,0,0,95.68
2008,8,20,3,30,18,0,0,0,0,0,0,97.25
2008,8,20,4,30,17.5,0,0,0,0,0,0,98.78
2008,8,20,5,30,17.1,0,0,0,0,0,0,99.15
2008,8,20,6,30,16.8,0,0,0,0,0,0,99.38
2008,8,20,7,30,16.6,0,0,0,0,0,0,99.63
2008,8,20,8,30,16.400000000000002,0,0,0,0,0,0,99.61
2008,8,20,9,30,16.400000000000002,0,0,0,0,0,0,99.07000000000001
2008,8,20,10,30,16.400000000000002,0,0,0,0,0,0,99.28
2008,8,20,11,30,16.400000000000002,0,0,0,0,0,0,98.76
2008,8,20,12,30,16.7,0,0,0,0,0,0,96.33
2008,8,20,13,30,17.3,52,156,498,0,6,6,94.62
2008,8,20,14,30,18,78,394,719,0,71,71,90.91
2008,8,20,15,30,19,95,622,816,4,259,262,84.87
2008,8,20,16,30,20.3,107,813,871,118,424,519,77.55
2008,8,20,17,30,21.6,114,948,900,0,235,235,70.87
2008,8,20,18,30,22.200000000000003,122,1015,907,6,425,431,66.81
2008,8,20,19,30,22.200000000000003,128,1008,897,4,405,409,66.14
2008,8,20,20,30,21.900000000000002,130,926,872,872,130,926,67.48
2008,8,20,21,30,21.400000000000002,125,780,830,88,365,434,70.59
2008,8,20,22,30,20.700000000000003,119,579,745,472,214,505,75.37
2008,8,20,23,30,20,98,347,609,0,7,7,81.22
2008,8,21,0,30,19.1,60,115,315,55,68,77,88.44
2008,8,21,1,30,18.400000000000002,0,0,0,0,0,0,94.25
2008,8,21,2,30,18,0,0,0,0,0,0,95.91
2008,8,21,3,30,17.7,0,0,0,0,0,0,95.89
2008,8,21,4,30,17.5,0,0,0,0,0,0,96.04
2008,8,21,5,30,17.400000000000002,0,0,0,0,0,0,96.21000000000001
2008,8,21,6,30,17.400000000000002,0,0,0,0,0,0,95.52
2008,8,21,7,30,17.3,0,0,0,0,0,0,95.63
2008,8,21,8,30,17.3,0,0,0,0,0,0,95.26
2008,8,21,9,30,17.2,0,0,0,0,0,0,95.72
2008,8,21,10,30,17,0,0,0,0,0,0,96.25
2008,8,21,11,30,16.7,0,0,0,0,0,0,96.74000000000001
2008,8,21,12,30,17.1,0,0,0,0,0,0,93.35000000000001
2008,8,21,13,30,18.7,63,151,422,11,103,105,89.95
2008,8,21,14,30,21,97,388,662,662,97,388,78.33
2008,8,21,15,30,22.900000000000002,121,616,769,204,355,486,66.03
2008,8,21,16,30,23.900000000000002,134,808,832,832,134,808,59.38
2008,8,21,17,30,24.400000000000002,138,946,871,139,485,614,56.54
2008,8,21,18,30,24.700000000000003,128,1017,904,270,534,800,55.95
2008,8,21,19,30,24.6,130,1011,899,23,469,491,56.65
2008,8,21,20,30,24.200000000000003,127,930,880,880,127,930,58.480000000000004
2008,8,21,21,30,23.400000000000002,133,778,818,301,413,649,61.84
2008,8,21,22,30,22.3,121,579,743,361,253,475,67.86
2008,8,21,23,30,21,98,346,610,416,170,339,76.85000000000001
2008,8,22,0,30,19.6,58,114,325,14,75,77,86.89
2008,8,22,1,30,18.8,0,0,0,0,0,0,93.25
2008,8,22,2,30,18.400000000000002,0,0,0,0,0,0,95.86
2008,8,22,3,30,18.1,0,0,0,0,0,0,97.78
2008,8,22,4,30,17.900000000000002,0,0,0,0,0,0,98.41
2008,8,22,5,30,17.6,0,0,0,0,0,0,99.2
2008,8,22,6,30,17.3,0,0,0,0,0,0,99.86
2008,8,22,7,30,17,0,0,0,0,0,0,100
2008,8,22,8,30,16.8,0,0,0,0,0,0,99.55
2008,8,22,9,30,16.6,0,0,0,0,0,0,98.89
2008,8,22,10,30,16.400000000000002,0,0,0,0,0,0,98.38
2008,8,22,11,30,16.2,0,0,0,0,0,0,98.11
2008,8,22,12,30,16.6,0,0,0,0,0,0,94.55
2008,8,22,13,30,18,55,154,473,10,80,82,90.33
2008,8,22,14,30,20.1,84,392,703,25,217,228,78.60000000000001
2008,8,22,15,30,22.200000000000003,101,622,809,98,352,415,64.8
2008,8,22,16,30,23.900000000000002,109,816,873,112,421,511,55.54
2008,8,22,17,30,25,112,953,908,254,501,737,52.06
2008,8,22,18,30,25.400000000000002,117,1019,918,250,532,778,51.52
2008,8,22,19,30,25.3,119,1012,913,587,297,871,52.59
2008,8,22,20,30,24.700000000000003,117,931,894,0,106,106,55.31
2008,8,22,21,30,23.900000000000002,106,786,865,0,113,114,59.08
2008,8,22,22,30,23.200000000000003,94,589,807,1,112,113,63.410000000000004
2008,8,22,23,30,22.1,77,355,690,104,189,231,70.56
2008,8,23,0,30,20.400000000000002,47,119,422,208,77,112,82.42
2008,8,23,1,30,19,0,0,0,0,0,0,91.49
2008,8,23,2,30,18.3,0,0,0,0,0,0,94.29
2008,8,23,3,30,17.8,0,0,0,0,0,0,95.91
2008,8,23,4,30,17.5,0,0,0,0,0,0,96.62
2008,8,23,5,30,17.2,0,0,0,0,0,0,97.57000000000001
2008,8,23,6,30,17,0,0,0,0,0,0,98.11
2008,8,23,7,30,16.7,0,0,0,0,0,0,99.37
2008,8,23,8,30,16.5,0,0,0,0,0,0,99.42
2008,8,23,9,30,16.400000000000002,0,0,0,0,0,0,99.3
2008,8,23,10,30,16.3,0,0,0,0,0,0,99.63
2008,8,23,11,30,16.3,0,0,0,0,0,0,99.60000000000001
2008,8,23,12,30,16.8,0,0,0,0,0,0,96.71000000000001
2008,8,23,13,30,17.5,43,160,560,3,84,85,96.38
2008,8,23,14,30,18.2,62,400,772,0,126,126,93.19
2008,8,23,15,30,19.3,75,630,863,196,341,467,86.25
2008,8,23,16,30,20.5,84,821,910,910,84,821,77.73
2008,8,23,17,30,21.6,91,956,936,5,395,400,70.60000000000001
2008,8,23,18,30,22.200000000000003,113,1017,921,193,522,712,67.21000000000001
2008,8,23,19,30,22.5,114,1011,918,918,114,1011,65.72
2008,8,23,20,30,22.400000000000002,111,931,902,902,111,931,65.92
2008,8,23,21,30,21.8,104,785,867,867,104,785,68.35000000000001
2008,8,23,22,30,21.1,93,585,805,805,93,585,71.98
2008,8,23,23,30,20.1,74,352,695,695,74,352,77.34
2008,8,24,0,30,18.7,44,117,438,0,4,4,86.67
2008,8,24,1,30,17.7,0,0,0,0,0,0,93.37
2008,8,24,2,30,17.1,0,0,0,0,0,0,96.18
2008,8,24,3,30,16.6,0,0,0,0,0,0,97.89
2008,8,24,4,30,16.2,0,0,0,0,0,0,99.15
2008,8,24,5,30,15.8,0,0,0,0,0,0,100
2008,8,24,6,30,15.4,0,0,0,0,0,0,100
2008,8,24,7,30,15.100000000000001,0,0,0,0,0,0,100
2008,8,24,8,30,14.9,0,0,0,0,0,0,100
2008,8,24,9,30,14.8,0,0,0,0,0,0,100
2008,8,24,10,30,14.8,0,0,0,0,0,0,100
2008,8,24,11,30,14.9,0,0,0,0,0,0,99.2
2008,8,24,12,30,15.600000000000001,0,0,0,0,0,0,94.85000000000001
2008,8,24,13,30,17.400000000000002,52,155,500,307,90,153,89.34
2008,8,24,14,30,19.6,76,397,733,205,225,314,79.7
2008,8,24,15,30,21.900000000000002,88,629,842,842,88,629,67.22
2008,8,24,16,30,23.5,95,823,900,900,95,823,59.57
2008,8,24,17,30,24.6,99,958,930,930,99,958,56.33
2008,8,24,18,30,25.1,106,1024,935,309,515,819,55.39
2008,8,24,19,30,25.1,111,1014,925,925,111,1014,55.77
2008,8,24,20,30,24.6,113,931,901,901,113,931,57.81
2008,8,24,21,30,23.700000000000003,111,781,856,322,329,581,61.71
2008,8,24,22,30,22.6,104,578,778,280,268,438,68.61
2008,8,24,23,30,21.3,85,343,650,239,189,284,77.35000000000001
2008,8,25,0,30,19.900000000000002,50,110,365,140,81,104,87.03
2008,8,25,1,30,18.900000000000002,0,0,0,0,0,0,94.96000000000001
2008,8,25,2,30,18.3,0,0,0,0,0,0,97.68
2008,8,25,3,30,17.900000000000002,0,0,0,0,0,0,98.58
2008,8,25,4,30,17.5,0,0,0,0,0,0,99.15
2008,8,25,5,30,17.2,0,0,0,0,0,0,99.62
2008,8,25,6,30,17,0,0,0,0,0,0,99.42
2008,8,25,7,30,16.8,0,0,0,0,0,0,99.49000000000001
2008,8,25,8,30,16.5,0,0,0,0,0,0,100
2008,8,25,9,30,16.3,0,0,0,0,0,0,100
2008,8,25,10,30,16.1,0,0,0,0,0,0,99.67
2008,8,25,11,30,15.9,0,0,0,0,0,0,99.4
2008,8,25,12,30,16.400000000000002,0,0,0,0,0,0,95.38
2008,8,25,13,30,18,49,156,519,3,84,85,90.65
2008,8,25,14,30,20.1,72,397,744,744,72,397,79.7
2008,8,25,15,30,22,89,626,836,836,89,626,67.1
2008,8,25,16,30,23.5,101,818,887,887,101,818,58.18
2008,8,25,17,30,24.400000000000002,106,952,916,916,106,952,54.620000000000005
2008,8,25,18,30,24.5,104,1020,934,934,104,1020,55.01
2008,8,25,19,30,24.1,108,1010,926,926,108,1010,57.7
2008,8,25,20,30,23.400000000000002,106,928,906,906,106,928,62.120000000000005
2008,8,25,21,30,22.6,116,775,844,224,359,534,67.44
2008,8,25,22,30,21.5,105,573,771,224,321,457,74.76
2008,8,25,23,30,20.400000000000002,83,340,652,0,77,77,83.16
2008,8,26,0,30,19.3,48,108,375,375,48,108,91.77
2008,8,26,1,30,18.7,0,0,0,0,0,0,96.15
2008,8,26,2,30,18.400000000000002,0,0,0,0,0,0,97.88
2008,8,26,3,30,18.2,0,0,0,0,0,0,98.46000000000001
2008,8,26,4,30,17.8,0,0,0,0,0,0,99.92
2008,8,26,5,30,17.400000000000002,0,0,0,0,0,0,100
2008,8,26,6,30,17,0,0,0,0,0,0,100
2008,8,26,7,30,16.6,0,0,0,0,0,0,100
2008,8,26,8,30,16.3,0,0,0,0,0,0,100
2008,8,26,9,30,16,0,0,0,0,0,0,100
2008,8,26,10,30,15.700000000000001,0,0,0,0,0,0,100
2008,8,26,11,30,15.4,0,0,0,0,0,0,100
2008,8,26,12,30,16,0,0,0,0,0,0,95.86
2008,8,26,13,30,17.3,44,158,556,0,3,3,93.21000000000001
2008,8,26,14,30,18.7,63,400,771,41,224,242,87.8
2008,8,26,15,30,20.200000000000003,72,631,871,354,257,484,79.64
2008,8,26,16,30,21.700000000000003,78,823,922,372,308,608,70.17
2008,8,26,17,30,23,83,958,948,30,414,442,64.19
2008,8,26,18,30,23.900000000000002,85,1023,957,8,341,349,61.230000000000004
2008,8,26,19,30,24.3,85,1015,956,135,441,572,60.35
2008,8,26,20,30,23.8,83,933,939,62,417,474,63.1
2008,8,26,21,30,22.8,84,784,898,28,284,306,68.61
2008,8,26,22,30,21.700000000000003,78,581,834,394,217,455,75.71000000000001
2008,8,26,23,30,20.5,65,346,718,270,174,280,84.7
2008,8,27,0,30,19.400000000000002,41,109,431,0,26,26,91.86
2008,8,27,1,30,18.8,0,0,0,0,0,0,96.08
2008,8,27,2,30,18.5,0,0,0,0,0,0,97.47
2008,8,27,3,30,18.3,0,0,0,0,0,0,98.15
2008,8,27,4,30,18.1,0,0,0,0,0,0,98.76
2008,8,27,5,30,17.900000000000002,0,0,0,0,0,0,99.28
2008,8,27,6,30,17.7,0,0,0,0,0,0,99.55
2008,8,27,7,30,17.400000000000002,0,0,0,0,0,0,99.77
2008,8,27,8,30,17,0,0,0,0,0,0,100
2008,8,27,9,30,16.7,0,0,0,0,0,0,100
2008,8,27,10,30,16.400000000000002,0,0,0,0,0,0,99.69
2008,8,27,11,30,16.3,0,0,0,0,0,0,99.16
2008,8,27,12,30,16.5,0,0,0,0,0,0,97.52
2008,8,27,13,30,16.900000000000002,43,156,554,83,102,119,95.89
2008,8,27,14,30,17.8,63,396,764,394,165,337,91.2
2008,8,27,15,30,19.1,77,626,856,343,258,478,84.57000000000001
2008,8,27,16,30,20.6,86,816,905,171,435,573,76.47
2008,8,27,17,30,22.1,92,951,932,548,289,794,69.55
2008,8,27,18,30,23,103,1015,932,502,334,825,66.09
2008,8,27,19,30,23.200000000000003,104,1007,929,20,456,475,65.96000000000001
2008,8,27,20,30,22.900000000000002,104,924,907,7,395,401,67.74
2008,8,27,21,30,22.3,127,764,820,103,377,457,71.07000000000001
2008,8,27,22,30,21.6,120,561,733,146,277,365,75.72
2008,8,27,23,30,20.700000000000003,97,327,590,63,189,213,82.81
2008,8,28,0,30,19.6,53,98,291,1,38,38,90.97
2008,8,28,1,30,18.7,0,0,0,0,0,0,96.64
2008,8,28,2,30,18.3,0,0,0,0,0,0,97.79
2008,8,28,3,30,17.900000000000002,0,0,0,0,0,0,98.67
2008,8,28,4,30,17.6,0,0,0,0,0,0,99.29
2008,8,28,5,30,17.3,0,0,0,0,0,0,100
2008,8,28,6,30,17.1,0,0,0,0,0,0,100
2008,8,28,7,30,16.900000000000002,0,0,0,0,0,0,100
2008,8,28,8,30,16.7,0,0,0,0,0,0,100
2008,8,28,9,30,16.6,0,0,0,0,0,0,99.60000000000001
2008,8,28,10,30,16.5,0,0,0,0,0,0,99.24000000000001
2008,8,28,11,30,16.5,0,0,0,0,0,0,98.54
2008,8,28,12,30,17.2,0,0,0,0,0,0,94.05
2008,8,28,13,30,18.900000000000002,53,151,485,485,53,151,90.47
2008,8,28,14,30,21.1,77,393,726,726,77,393,80.67
2008,8,28,15,30,22.700000000000003,93,624,830,830,93,624,68.3
2008,8,28,16,30,23.8,101,818,889,183,444,591,61.31
2008,8,28,17,30,24.5,106,952,918,298,484,759,58.410000000000004
2008,8,28,18,30,24.8,108,1019,932,0,182,182,58.19
2008,8,28,19,30,24.700000000000003,109,1009,927,495,339,819,58.94
2008,8,28,20,30,24.3,109,924,905,117,429,534,60.6
2008,8,28,21,30,23.700000000000003,103,775,868,66,387,438,62.99
2008,8,28,22,30,22.8,94,571,796,80,321,369,67.43
2008,8,28,23,30,21.5,77,335,670,213,176,258,76.62
2008,8,29,0,30,20.200000000000003,45,102,375,0,25,25,86.57000000000001
2008,8,29,1,30,19.200000000000003,0,0,0,0,0,0,93.60000000000001
2008,8,29,2,30,18.7,0,0,0,0,0,0,96.54
2008,8,29,3,30,18.400000000000002,0,0,0,0,0,0,98.10000000000001
2008,8,29,4,30,18.1,0,0,0,0,0,0,98.97
2008,8,29,5,30,17.8,0,0,0,0,0,0,99.02
2008,8,29,6,30,17.6,0,0,0,0,0,0,98.71000000000001
2008,8,29,7,30,17.5,0,0,0,0,0,0,97.89
2008,8,29,8,30,17.400000000000002,0,0,0,0,0,0,97.06
2008,8,29,9,30,17.1,0,0,0,0,0,0,97.53
2008,8,29,10,30,17,0,0,0,0,0,0,97.12
2008,8,29,11,30,17,0,0,0,0,0,0,96.33
2008,8,29,12,30,17.6,0,0,0,0,0,0,92.67
2008,8,29,13,30,19.3,49,152,505,1,42,42,89.26
2008,8,29,14,30,21.8,76,391,726,0,11,11,78.93
2008,8,29,15,30,23.900000000000002,96,619,818,44,259,287,66.23
2008,8,29,16,30,24.8,110,810,868,24,378,397,58.02
2008,8,29,17,30,25.1,114,946,903,470,334,767,55.44
2008,8,29,18,30,25.200000000000003,125,1009,905,564,311,862,55.97
2008,8,29,19,30,25.1,125,999,901,619,281,881,57
2008,8,29,20,30,24.700000000000003,120,917,885,885,120,917,59.14
2008,8,29,21,30,24.200000000000003,147,753,785,306,340,576,61.870000000000005
2008,8,29,22,30,23.5,136,549,693,309,258,442,65.75
2008,8,29,23,30,22.400000000000002,109,316,541,72,215,243,73.75
2008,8,30,0,30,21.1,57,90,223,8,64,65,83.58
2008,8,30,1,30,20.3,0,0,0,0,0,0,88.01
2008,8,30,2,30,19.900000000000002,0,0,0,0,0,0,89.31
2008,8,30,3,30,19.3,0,0,0,0,0,0,92.58
2008,8,30,4,30,18.8,0,0,0,0,0,0,95.52
2008,8,30,5,30,18.400000000000002,0,0,0,0,0,0,97.21000000000001
2008,8,30,6,30,17.900000000000002,0,0,0,0,0,0,98.77
2008,8,30,7,30,17.2,0,0,0,0,0,0,99.7
2008,8,30,8,30,16.6,0,0,0,0,0,0,99.75
2008,8,30,9,30,16.3,0,0,0,0,0,0,98.67
2008,8,30,10,30,16.1,0,0,0,0,0,0,98.46000000000001
2008,8,30,11,30,16,0,0,0,0,0,0,97.92
2008,8,30,12,30,16.2,0,0,0,0,0,0,95.66
2008,8,30,13,30,17.1,54,145,447,62,96,109,93.15
2008,8,30,14,30,18.2,80,385,705,292,179,306,91.53
2008,8,30,15,30,19.5,99,614,805,120,351,428,88.56
2008,8,30,16,30,20.900000000000002,120,801,845,0,116,116,82.47
2008,8,30,17,30,21.900000000000002,141,932,860,261,501,741,77.02
2008,8,30,18,30,22.5,138,1000,883,13,447,459,73.01
2008,8,30,19,30,22.6,143,989,874,379,482,849,72.56
2008,8,30,20,30,22.5,141,906,852,0,85,85,73.48
2008,8,30,21,30,22.200000000000003,129,758,816,1,141,141,75.56
2008,8,30,22,30,21.700000000000003,113,557,746,3,158,160,79.10000000000001
2008,8,30,23,30,20.700000000000003,90,322,611,128,187,235,86.12
2008,8,31,0,30,19.700000000000003,51,90,272,21,74,77,94.13
2008,8,31,1,30,19,0,0,0,0,0,0,97.79
2008,8,31,2,30,18.7,0,0,0,0,0,0,99.03
2008,8,31,3,30,18.5,0,0,0,0,0,0,99.35000000000001
2008,8,31,4,30,18.400000000000002,0,0,0,0,0,0,99.43
2008,8,31,5,30,18.3,0,0,0,0,0,0,99.23
2008,8,31,6,30,18,0,0,0,0,0,0,99.89
2008,8,31,7,30,17.7,0,0,0,0,0,0,100
2008,8,31,8,30,17.3,0,0,0,0,0,0,100
2008,8,31,9,30,17,0,0,0,0,0,0,100
2008,8,31,10,30,16.6,0,0,0,0,0,0,100
2008,8,31,11,30,16.400000000000002,0,0,0,0,0,0,100
2008,8,31,12,30,16.900000000000002,0,0,0,0,0,0,95.64
2008,8,31,13,30,18.1,52,150,482,10,97,99,93.63
2008,8,31,14,30,19.6,79,391,719,90,238,277,87.45
2008,8,31,15,30,21.6,94,623,827,275,278,454,76.73
2008,8,31,16,30,23.3,102,816,887,334,321,590,66.73
2008,8,31,17,30,24.400000000000002,108,952,918,499,324,783,61.92
2008,8,31,18,30,25.1,116,1014,922,554,303,843,59.6
2008,8,31,19,30,25.400000000000002,121,1001,910,521,329,833,58.7
2008,8,31,20,30,25.1,120,915,887,309,396,673,59.71
2008,8,31,21,30,24.400000000000002,123,760,829,70,347,401,62.25
2008,8,31,22,30,23.200000000000003,116,553,739,245,266,411,68.21000000000001
2008,8,31,23,30,21.700000000000003,93,317,594,194,178,251,77.65
2008,9,1,0,30,20.3,50,88,270,2,44,44,88.05
2008,9,1,1,30,19.400000000000002,0,0,0,0,0,0,94.10000000000001
2008,9,1,2,30,18.900000000000002,0,0,0,0,0,0,96.47
2008,9,1,3,30,18.400000000000002,0,0,0,0,0,0,98.54
2008,9,1,4,30,17.900000000000002,0,0,0,0,0,0,99.04
2008,9,1,5,30,17.5,0,0,0,0,0,0,99.36
2008,9,1,6,30,17.1,0,0,0,0,0,0,99.66
2008,9,1,7,30,16.8,0,0,0,0,0,0,99.5
2008,9,1,8,30,16.5,0,0,0,0,0,0,99.4
2008,9,1,9,30,16.2,0,0,0,0,0,0,99.75
2008,9,1,10,30,16,0,0,0,0,0,0,99.68
2008,9,1,11,30,15.8,0,0,0,0,0,0,99.78
2008,9,1,12,30,16.5,0,0,0,0,0,0,94.61
2008,9,1,13,30,18.1,51,150,491,491,51,150,91.10000000000001
2008,9,1,14,30,20,76,392,729,729,76,392,83.13
2008,9,1,15,30,22.200000000000003,92,623,833,833,92,623,71.38
2008,9,1,16,30,23.900000000000002,102,816,888,888,102,816,63.18
2008,9,1,17,30,25,107,951,919,919,107,951,59.7
2008,9,1,18,30,25.700000000000003,110,1016,931,931,110,1016,57.7
2008,9,1,19,30,25.700000000000003,114,1004,922,922,114,1004,58.13
2008,9,1,20,30,24.900000000000002,116,917,896,173,487,641,61.67
2008,9,1,21,30,23.6,106,764,860,3,201,203,68.56
2008,9,1,22,30,22.3,101,556,773,191,257,369,76.81
2008,9,1,23,30,21.200000000000003,84,318,624,102,191,229,84.83
2008,9,2,0,30,20.200000000000003,46,87,302,0,3,3,92.06
2008,9,2,1,30,19.5,0,0,0,0,0,0,96.56
2008,9,2,2,30,19,0,0,0,0,0,0,98.78
2008,9,2,3,30,18.5,0,0,0,0,0,0,100
2008,9,2,4,30,18.1,0,0,0,0,0,0,100
2008,9,2,5,30,17.7,0,0,0,0,0,0,100
2008,9,2,6,30,17.400000000000002,0,0,0,0,0,0,100
2008,9,2,7,30,17.2,0,0,0,0,0,0,100
2008,9,2,8,30,17.2,0,0,0,0,0,0,99.79
2008,9,2,9,30,17.2,0,0,0,0,0,0,98.89
2008,9,2,10,30,17.2,0,0,0,0,0,0,98.37
2008,9,2,11,30,17.2,0,0,0,0,0,0,97.18
2008,9,2,12,30,17.6,0,0,0,0,0,0,93.05
2008,9,2,13,30,19.1,51,148,484,211,95,137,88.31
2008,9,2,14,30,21.200000000000003,77,390,725,725,77,390,80.11
2008,9,2,15,30,22.8,95,620,824,824,95,620,69.59
2008,9,2,16,30,24.1,109,810,872,872,109,810,62.85
2008,9,2,17,30,25,116,944,903,903,116,944,58.38
2008,9,2,18,30,25.5,152,998,870,870,152,998,56.21
2008,9,2,19,30,25.700000000000003,158,985,858,858,158,985,55.58
2008,9,2,20,30,25.6,154,899,835,835,154,899,55.95
2008,9,2,21,30,25.200000000000003,167,739,750,481,284,651,57.79
2008,9,2,22,30,24.6,147,536,663,48,249,277,61.230000000000004
2008,9,2,23,30,23.400000000000002,113,303,513,36,185,198,68.69
2008,9,3,0,30,21.5,52,80,208,208,52,80,81.41
2008,9,3,1,30,20.1,0,0,0,0,0,0,91.12
2008,9,3,2,30,19.400000000000002,0,0,0,0,0,0,94.28
2008,9,3,3,30,19,0,0,0,0,0,0,96.12
2008,9,3,4,30,18.7,0,0,0,0,0,0,96.94
2008,9,3,5,30,18.3,0,0,0,0,0,0,98.18
2008,9,3,6,30,18,0,0,0,0,0,0,99.33
2008,9,3,7,30,17.900000000000002,0,0,0,0,0,0,99.23
2008,9,3,8,30,17.7,0,0,0,0,0,0,99.87
2008,9,3,9,30,17.6,0,0,0,0,0,0,99.85000000000001
2008,9,3,10,30,17.3,0,0,0,0,0,0,100
2008,9,3,11,30,16.900000000000002,0,0,0,0,0,0,100
2008,9,3,12,30,17.2,0,0,0,0,0,0,96.91
2008,9,3,13,30,18.3,59,145,431,1,43,43,94.61
2008,9,3,14,30,20,91,389,691,180,209,286,88.03
2008,9,3,15,30,22.3,104,626,820,485,231,540,75.47
2008,9,3,16,30,24.5,110,825,891,397,331,650,60.27
2008,9,3,17,30,26.1,114,962,926,256,436,670,50.82
2008,9,3,18,30,27.1,119,1027,936,214,439,647,45.77
2008,9,3,19,30,27.8,118,1017,934,934,118,1017,42.92
2008,9,3,20,30,28.1,116,928,913,913,116,928,41.62
2008,9,3,21,30,28,109,774,874,874,109,774,41.050000000000004
2008,9,3,22,30,27.6,97,564,801,801,97,564,41.35
2008,9,3,23,30,26.200000000000003,78,323,665,665,78,323,46.39
2008,9,4,0,30,23.6,41,87,346,346,41,87,60.870000000000005
2008,9,4,1,30,21.5,0,0,0,0,0,0,73.73
2008,9,4,2,30,20.400000000000002,0,0,0,0,0,0,80.49
2008,9,4,3,30,20,0,0,0,0,0,0,85.08
2008,9,4,4,30,19.900000000000002,0,0,0,0,0,0,87.55
2008,9,4,5,30,19.8,0,0,0,0,0,0,87.48
2008,9,4,6,30,19.5,0,0,0,0,0,0,89.11
2008,9,4,7,30,19,0,0,0,0,0,0,91.96000000000001
2008,9,4,8,30,18.5,0,0,0,0,0,0,94.85000000000001
2008,9,4,9,30,17.900000000000002,0,0,0,0,0,0,97.29
2008,9,4,10,30,17.1,0,0,0,0,0,0,99.48
2008,9,4,11,30,16.400000000000002,0,0,0,0,0,0,100
2008,9,4,12,30,16.6,0,0,0,0,0,0,96.16
2008,9,4,13,30,17.7,55,151,486,58,97,108,91.47
2008,9,4,14,30,19.400000000000002,82,401,743,395,175,345,81.37
2008,9,4,15,30,21.8,94,642,863,863,94,642,64.84
2008,9,4,16,30,24,101,840,923,923,101,840,52.45
2008,9,4,17,30,25.700000000000003,106,978,952,952,106,978,46.730000000000004
2008,9,4,18,30,26.900000000000002,109,1041,961,961,109,1041,43.87
2008,9,4,19,30,27.6,111,1027,954,954,111,1027,42.47
2008,9,4,20,30,27.8,110,936,931,931,110,936,41.94
2008,9,4,21,30,27.5,106,778,886,886,106,778,42.33
2008,9,4,22,30,26.900000000000002,96,566,810,810,96,566,43.43
2008,9,4,23,30,25.5,78,320,663,663,78,320,48.29
2008,9,5,0,30,23.1,41,84,332,332,41,84,62.050000000000004
2008,9,5,1,30,21.3,0,0,0,0,0,0,73.33
2008,9,5,2,30,20.5,0,0,0,0,0,0,77.35000000000001
2008,9,5,3,30,19.8,0,0,0,0,0,0,80.99
2008,9,5,4,30,19,0,0,0,0,0,0,83.58
2008,9,5,5,30,17.900000000000002,0,0,0,0,0,0,88.77
2008,9,5,6,30,16.8,0,0,0,0,0,0,93.75
2008,9,5,7,30,15.9,0,0,0,0,0,0,97.06
2008,9,5,8,30,15,0,0,0,0,0,0,100
2008,9,5,9,30,14.200000000000001,0,0,0,0,0,0,100
2008,9,5,10,30,13.600000000000001,0,0,0,0,0,0,100
2008,9,5,11,30,13.5,0,0,0,0,0,0,100
2008,9,5,12,30,14.3,0,0,0,0,0,0,98.31
2008,9,5,13,30,16.3,52,157,528,39,108,115,87.45
2008,9,5,14,30,18.900000000000002,79,409,766,766,79,409,74.73
2008,9,5,15,30,21.6,93,648,873,873,93,648,59.58
2008,9,5,16,30,23.6,102,844,927,927,102,844,50.25
2008,9,5,17,30,25.200000000000003,109,976,949,949,109,976,45.46
2008,9,5,18,30,26.3,116,1035,950,950,116,1035,43.19
2008,9,5,19,30,27,120,1017,936,936,120,1017,42.47
2008,9,5,20,30,27.1,121,924,906,906,121,924,43.21
2008,9,5,21,30,26.700000000000003,120,764,852,852,120,764,45.12
2008,9,5,22,30,25.900000000000002,109,553,768,768,109,553,48.45
2008,9,5,23,30,24.5,85,311,625,625,85,311,54.89
2008,9,6,0,30,22.6,42,79,292,292,42,79,68.91
2008,9,6,1,30,21.200000000000003,0,0,0,0,0,0,78.42
2008,9,6,2,30,20.400000000000002,0,0,0,0,0,0,82.27
2008,9,6,3,30,19.700000000000003,0,0,0,0,0,0,86.55
2008,9,6,4,30,19.200000000000003,0,0,0,0,0,0,88.85000000000001
2008,9,6,5,30,18.400000000000002,0,0,0,0,0,0,91.64
2008,9,6,6,30,17.5,0,0,0,0,0,0,94.08
2008,9,6,7,30,16.5,0,0,0,0,0,0,95.96000000000001
2008,9,6,8,30,15.700000000000001,0,0,0,0,0,0,97.27
2008,9,6,9,30,15.100000000000001,0,0,0,0,0,0,98.04
2008,9,6,10,30,14.700000000000001,0,0,0,0,0,0,98.48
2008,9,6,11,30,14.8,0,0,0,0,0,0,96.69
2008,9,6,12,30,15.3,0,0,0,0,0,0,92.98
2008,9,6,13,30,16.3,55,144,450,450,55,144,86.7
2008,9,6,14,30,17.900000000000002,84,387,705,705,84,387,76.4
2008,9,6,15,30,19.900000000000002,91,626,843,843,91,626,66.28
2008,9,6,16,30,22,92,826,917,917,92,826,57.17
2008,9,6,17,30,23.700000000000003,95,962,950,950,95,962,50.42
2008,9,6,18,30,24.8,102,1021,952,952,102,1021,47.75
2008,9,6,19,30,25.6,108,1005,939,939,108,1005,46.92
2008,9,6,20,30,25.700000000000003,118,910,896,896,118,910,47.93
2008,9,6,21,30,24.900000000000002,140,742,799,799,140,742,51.33
2008,9,6,22,30,23.6,135,529,686,246,277,418,56.86
2008,9,6,23,30,21.900000000000002,106,293,523,65,202,226,65.12
2008,9,7,0,30,19.900000000000002,47,70,188,4,59,59,78.08
2008,9,7,1,30,18.5,0,0,0,0,0,0,87.7
2008,9,7,2,30,17.7,0,0,0,0,0,0,91.88
2008,9,7,3,30,17.2,0,0,0,0,0,0,93.81
2008,9,7,4,30,16.8,0,0,0,0,0,0,95.26
2008,9,7,5,30,16.6,0,0,0,0,0,0,96.11
2008,9,7,6,30,16.400000000000002,0,0,0,0,0,0,96.46000000000001
2008,9,7,7,30,16.1,0,0,0,0,0,0,96.45
2008,9,7,8,30,15.700000000000001,0,0,0,0,0,0,96.77
2008,9,7,9,30,15.4,0,0,0,0,0,0,96.74000000000001
2008,9,7,10,30,15.100000000000001,0,0,0,0,0,0,96.98
2008,9,7,11,30,14.8,0,0,0,0,0,0,97.43
2008,9,7,12,30,15.100000000000001,0,0,0,0,0,0,94.2
2008,9,7,13,30,16.3,69,134,330,0,33,33,89.25
2008,9,7,14,30,18.1,117,368,585,53,239,262,83.29
2008,9,7,15,30,20.1,147,595,707,1,240,241,75.95
2008,9,7,16,30,21.8,159,786,784,784,159,786,70.69
2008,9,7,17,30,22.700000000000003,160,921,835,238,512,729,69.31
2008,9,7,18,30,22.900000000000002,157,983,856,380,405,772,70.28
2008,9,7,19,30,22.5,154,971,856,49,427,473,73.76
2008,9,7,20,30,21.900000000000002,141,886,845,1,285,286,77.83
2008,9,7,21,30,21.3,140,730,786,292,330,549,81.87
2008,9,7,22,30,20.5,124,524,700,5,161,164,86.89
2008,9,7,23,30,19.700000000000003,95,290,550,0,41,41,92.07000000000001
2008,9,8,0,30,19,43,69,221,9,44,45,96.78
2008,9,8,1,30,18.5,0,0,0,0,0,0,99
2008,9,8,2,30,18.1,0,0,0,0,0,0,99.86
2008,9,8,3,30,17.7,0,0,0,0,0,0,100
2008,9,8,4,30,17.3,0,0,0,0,0,0,99.94
2008,9,8,5,30,17,0,0,0,0,0,0,99.66
2008,9,8,6,30,16.7,0,0,0,0,0,0,99.62
2008,9,8,7,30,16.5,0,0,0,0,0,0,99.25
2008,9,8,8,30,16.3,0,0,0,0,0,0,99.31
2008,9,8,9,30,16.1,0,0,0,0,0,0,99.46000000000001
2008,9,8,10,30,16.2,0,0,0,0,0,0,98.25
2008,9,8,11,30,16.3,0,0,0,0,0,0,98.73
2008,9,8,12,30,16.7,0,0,0,0,0,0,97.05
2008,9,8,13,30,17.400000000000002,41,148,548,11,68,70,95.36
2008,9,8,14,30,18.1,61,391,770,1,123,124,92.56
2008,9,8,15,30,19,78,619,855,19,224,236,88.97
2008,9,8,16,30,20.1,91,808,898,131,353,457,83.33
2008,9,8,17,30,21.200000000000003,98,941,926,11,324,334,76.69
2008,9,8,18,30,21.900000000000002,102,1003,936,90,418,505,71.87
2008,9,8,19,30,22,103,990,932,45,436,479,70.75
2008,9,8,20,30,21.6,99,902,914,384,329,666,73.65
2008,9,8,21,30,21,94,748,875,402,275,576,77.71000000000001
2008,9,8,22,30,20.200000000000003,84,541,806,270,242,395,83.65
2008,9,8,23,30,19.3,67,302,669,28,152,162,89.69
2008,9,9,0,30,18.400000000000002,34,72,331,7,44,44,95.82000000000001
2008,9,9,1,30,17.8,0,0,0,0,0,0,98.16
2008,9,9,2,30,17.400000000000002,0,0,0,0,0,0,99.11
2008,9,9,3,30,17,0,0,0,0,0,0,99.55
2008,9,9,4,30,16.6,0,0,0,0,0,0,100
2008,9,9,5,30,16.2,0,0,0,0,0,0,100
2008,9,9,6,30,15.9,0,0,0,0,0,0,100
2008,9,9,7,30,15.8,0,0,0,0,0,0,99.95
2008,9,9,8,30,15.600000000000001,0,0,0,0,0,0,100
2008,9,9,9,30,15.5,0,0,0,0,0,0,99.8
2008,9,9,10,30,15.3,0,0,0,0,0,0,99.69
2008,9,9,11,30,15.3,0,0,0,0,0,0,98.21000000000001
2008,9,9,12,30,16,0,0,0,0,0,0,93.18
2008,9,9,13,30,17.900000000000002,43,148,535,6,88,89,88.71000000000001
2008,9,9,14,30,20,65,391,762,1,145,145,81.22
2008,9,9,15,30,21.6,77,622,862,1,231,232,72.77
2008,9,9,16,30,23,85,814,915,107,400,486,65.55
2008,9,9,17,30,24.1,90,945,940,230,488,698,61.5
2008,9,9,18,30,24.5,92,1005,949,0,254,254,60.27
2008,9,9,19,30,24.200000000000003,95,991,943,17,443,459,62.74
2008,9,9,20,30,23.3,94,902,921,189,399,565,67.81
2008,9,9,21,30,22.3,101,741,859,195,408,553,73.79
2008,9,9,22,30,21.200000000000003,93,533,779,492,175,453,80.39
2008,9,9,23,30,20.1,72,295,640,26,144,153,87.10000000000001
2008,9,10,0,30,19,34,68,307,1,34,34,93.97
2008,9,10,1,30,18.2,0,0,0,0,0,0,97.39
2008,9,10,2,30,17.7,0,0,0,0,0,0,97.63
2008,9,10,3,30,17.2,0,0,0,0,0,0,98.51
2008,9,10,4,30,16.8,0,0,0,0,0,0,98.65
2008,9,10,5,30,16.400000000000002,0,0,0,0,0,0,99.18
2008,9,10,6,30,16.1,0,0,0,0,0,0,99.19
2008,9,10,7,30,15.8,0,0,0,0,0,0,99.34
2008,9,10,8,30,15.5,0,0,0,0,0,0,99.63
2008,9,10,9,30,15.4,0,0,0,0,0,0,98.98
2008,9,10,10,30,15.200000000000001,0,0,0,0,0,0,99.38
2008,9,10,11,30,15.100000000000001,0,0,0,0,0,0,99.13
2008,9,10,12,30,15.600000000000001,0,0,0,0,0,0,94.55
2008,9,10,13,30,17.2,41,148,549,0,29,29,90.03
2008,9,10,14,30,19.200000000000003,63,391,769,22,158,167,83.26
2008,9,10,15,30,21.1,75,621,865,108,343,411,74.52
2008,9,10,16,30,22.8,81,813,920,132,420,525,65.91
2008,9,10,17,30,24.3,84,946,949,2,356,358,60.25
2008,9,10,18,30,25.200000000000003,89,1006,954,172,493,659,57.86
2008,9,10,19,30,25.400000000000002,92,991,948,215,508,711,57.910000000000004
2008,9,10,20,30,24.8,93,901,924,924,93,901,60.77
2008,9,10,21,30,23.8,93,743,875,875,93,743,65.63
2008,9,10,22,30,22.5,90,531,786,0,105,105,73.26
2008,9,10,23,30,21.1,76,289,621,8,149,152,83.44
2008,9,11,0,30,19.8,37,63,241,1,35,35,92.4
2008,9,11,1,30,19.1,0,0,0,0,0,0,96.97
2008,9,11,2,30,18.7,0,0,0,0,0,0,98.57000000000001
2008,9,11,3,30,18.400000000000002,0,0,0,0,0,0,99.01
2008,9,11,4,30,17.900000000000002,0,0,0,0,0,0,99.93
2008,9,11,5,30,17.5,0,0,0,0,0,0,99.49000000000001
2008,9,11,6,30,17.1,0,0,0,0,0,0,99.51
2008,9,11,7,30,16.6,0,0,0,0,0,0,99.92
2008,9,11,8,30,16.2,0,0,0,0,0,0,99.74000000000001
2008,9,11,9,30,15.9,0,0,0,0,0,0,98.95
2008,9,11,10,30,15.600000000000001,0,0,0,0,0,0,99.04
2008,9,11,11,30,15.5,0,0,0,0,0,0,98.4
2008,9,11,12,30,16.1,0,0,0,0,0,0,94.60000000000001
2008,9,11,13,30,17.2,53,141,455,455,53,141,91.99
2008,9,11,14,30,18.8,82,382,704,704,82,382,84.65
2008,9,11,15,30,20.900000000000002,96,615,823,823,96,615,73.45
2008,9,11,16,30,22.8,105,808,885,134,433,539,64.31
2008,9,11,17,30,24.1,113,939,911,0,154,154,59.86
2008,9,11,18,30,24.5,114,1001,926,0,178,178,59.27
2008,9,11,19,30,24.5,116,986,919,87,480,562,59.89
2008,9,11,20,30,24.200000000000003,113,897,899,0,213,213,61.67
2008,9,11,21,30,23.900000000000002,111,737,847,0,89,89,63.6
2008,9,11,22,30,23.3,99,528,767,0,166,166,67.22
2008,9,11,23,30,22.1,78,288,617,520,48,226,75.29
2008,9,12,0,30,20.6,35,62,261,0,6,6,87.54
2008,9,12,1,30,19.5,0,0,0,0,0,0,93.03
2008,9,12,2,30,18.900000000000002,0,0,0,0,0,0,95.04
2008,9,12,3,30,18.3,0,0,0,0,0,0,97.5
2008,9,12,4,30,17.900000000000002,0,0,0,0,0,0,98.61
2008,9,12,5,30,17.5,0,0,0,0,0,0,99.94
2008,9,12,6,30,17.1,0,0,0,0,0,0,100
2008,9,12,7,30,16.900000000000002,0,0,0,0,0,0,100
2008,9,12,8,30,16.8,0,0,0,0,0,0,100
2008,9,12,9,30,16.7,0,0,0,0,0,0,100
2008,9,12,10,30,16.6,0,0,0,0,0,0,100
2008,9,12,11,30,16.400000000000002,0,0,0,0,0,0,100
2008,9,12,12,30,16.900000000000002,0,0,0,0,0,0,96.33
2008,9,12,13,30,17.900000000000002,52,141,465,465,52,141,94.10000000000001
2008,9,12,14,30,19.400000000000002,80,383,715,715,80,383,88.34
2008,9,12,15,30,21.6,94,616,829,2,243,244,78.03
2008,9,12,16,30,24,103,807,886,223,435,612,65.21000000000001
2008,9,12,17,30,25.6,111,938,914,914,111,938,57.5
2008,9,12,18,30,26.400000000000002,127,995,908,908,127,995,54.4
2008,9,12,19,30,26.700000000000003,128,980,902,902,128,980,53.36
2008,9,12,20,30,26.400000000000002,124,889,880,182,394,552,54.63
2008,9,12,21,30,25.700000000000003,112,733,842,203,343,493,57.730000000000004
2008,9,12,22,30,24.8,101,523,759,199,261,372,62.46
2008,9,12,23,30,23.5,78,283,608,1,65,66,70.71000000000001
2008,9,13,0,30,21.8,34,59,250,0,18,18,83.77
2008,9,13,1,30,20.6,0,0,0,0,0,0,89.5
2008,9,13,2,30,19.8,0,0,0,0,0,0,93.19
2008,9,13,3,30,19.3,0,0,0,0,0,0,95.48
2008,9,13,4,30,18.900000000000002,0,0,0,0,0,0,97.85000000000001
2008,9,13,5,30,18.6,0,0,0,0,0,0,99.66
2008,9,13,6,30,18.3,0,0,0,0,0,0,100
2008,9,13,7,30,18.1,0,0,0,0,0,0,100
2008,9,13,8,30,17.900000000000002,0,0,0,0,0,0,100
2008,9,13,9,30,17.8,0,0,0,0,0,0,100
2008,9,13,10,30,17.7,0,0,0,0,0,0,100
2008,9,13,11,30,17.7,0,0,0,0,0,0,100
2008,9,13,12,30,18.2,0,0,0,0,0,0,97.66
2008,9,13,13,30,19.5,51,140,462,2,47,48,92.69
2008,9,13,14,30,21.400000000000002,78,381,715,26,211,222,85.02
2008,9,13,15,30,22.900000000000002,92,613,829,829,92,613,77.31
2008,9,13,16,30,23.8,102,804,886,183,367,511,69.65
2008,9,13,17,30,24.5,109,934,912,1,314,315,66.01
2008,9,13,18,30,24.6,141,984,883,30,465,493,65.11
2008,9,13,19,30,24.1,149,965,866,245,524,755,67.59
2008,9,13,20,30,23.5,148,872,836,178,489,643,71.72
2008,9,13,21,30,22.900000000000002,138,715,785,363,316,583,76.55
2008,9,13,22,30,22.1,120,507,701,150,260,343,82.32000000000001
2008,9,13,23,30,21.1,90,272,544,335,153,265,88.8
2008,9,14,0,30,20.200000000000003,36,53,182,9,48,49,95.52
2008,9,14,1,30,19.6,0,0,0,0,0,0,98.69
2008,9,14,2,30,19.3,0,0,0,0,0,0,99.36
2008,9,14,3,30,19,0,0,0,0,0,0,99.83
2008,9,14,4,30,18.8,0,0,0,0,0,0,99.29
2008,9,14,5,30,18.7,0,0,0,0,0,0,98.53
2008,9,14,6,30,18.6,0,0,0,0,0,0,98.2
2008,9,14,7,30,18.400000000000002,0,0,0,0,0,0,98.3
2008,9,14,8,30,18.1,0,0,0,0,0,0,100
2008,9,14,9,30,18,0,0,0,0,0,0,100
2008,9,14,10,30,17.8,0,0,0,0,0,0,100
2008,9,14,11,30,17.6,0,0,0,0,0,0,100
2008,9,14,12,30,17.8,0,0,0,0,0,0,97.22
2008,9,14,13,30,18.7,42,144,532,1,41,41,94.67
2008,9,14,14,30,19.900000000000002,63,387,766,25,154,164,91.18
2008,9,14,15,30,21.200000000000003,76,619,864,210,271,403,82.51
2008,9,14,16,30,22.3,85,809,914,914,85,809,70.47
2008,9,14,17,30,23.400000000000002,91,940,941,941,91,940,61.410000000000004
2008,9,14,18,30,24.400000000000002,93,1000,951,374,384,740,57.07
2008,9,14,19,30,24.6,96,982,943,181,497,667,56.24
2008,9,14,20,30,24.200000000000003,96,890,918,918,96,890,58.08
2008,9,14,21,30,23.1,99,729,863,494,247,608,64.15
2008,9,14,22,30,21.700000000000003,90,518,779,26,208,223,73.11
2008,9,14,23,30,20.3,72,277,619,11,111,115,82.84
2008,9,15,0,30,19.3,32,53,225,1,32,32,90.16
2008,9,15,1,30,18.8,0,0,0,0,0,0,94.83
2008,9,15,2,30,18.6,0,0,0,0,0,0,97.15
2008,9,15,3,30,18.5,0,0,0,0,0,0,98.36
2008,9,15,4,30,18.3,0,0,0,0,0,0,99.29
2008,9,15,5,30,18.1,0,0,0,0,0,0,99.61
2008,9,15,6,30,17.8,0,0,0,0,0,0,100
2008,9,15,7,30,17.6,0,0,0,0,0,0,99.58
2008,9,15,8,30,17.3,0,0,0,0,0,0,99.36
2008,9,15,9,30,17,0,0,0,0,0,0,100
2008,9,15,10,30,16.8,0,0,0,0,0,0,99.2
2008,9,15,11,30,16.6,0,0,0,0,0,0,99.01
2008,9,15,12,30,16.6,0,0,0,0,0,0,98.02
2008,9,15,13,30,17,43,143,523,0,16,16,96.71000000000001
2008,9,15,14,30,17.6,63,386,767,0,48,48,94.63
2008,9,15,15,30,18.5,73,619,871,0,134,134,89.25
2008,9,15,16,30,19.6,83,809,919,0,119,119,82.07000000000001
2008,9,15,17,30,20.8,89,939,944,0,140,140,73.98
2008,9,15,18,30,21.700000000000003,93,1000,953,12,346,358,68.38
2008,9,15,19,30,22,93,984,951,0,242,242,65.95
2008,9,15,20,30,22,89,894,934,1,280,280,65.5
2008,9,15,21,30,21.5,84,736,896,10,225,232,67.73
2008,9,15,22,30,20.900000000000002,74,525,828,137,253,327,70.82000000000001
2008,9,15,23,30,19.900000000000002,57,284,692,12,103,107,78.17
2008,9,16,0,30,18.7,27,55,321,1,27,27,87.58
2008,9,16,1,30,17.900000000000002,0,0,0,0,0,0,91.05
2008,9,16,2,30,17.400000000000002,0,0,0,0,0,0,93.77
2008,9,16,3,30,17,0,0,0,0,0,0,96.69
2008,9,16,4,30,16.8,0,0,0,0,0,0,97.77
2008,9,16,5,30,16.5,0,0,0,0,0,0,99.02
2008,9,16,6,30,16.1,0,0,0,0,0,0,100
2008,9,16,7,30,15.600000000000001,0,0,0,0,0,0,100
2008,9,16,8,30,15.200000000000001,0,0,0,0,0,0,99.38
2008,9,16,9,30,14.9,0,0,0,0,0,0,98.88
2008,9,16,10,30,14.600000000000001,0,0,0,0,0,0,98.45
2008,9,16,11,30,14.200000000000001,0,0,0,0,0,0,98.49000000000001
2008,9,16,12,30,14.4,0,0,0,0,0,0,94.51
2008,9,16,13,30,15.4,48,141,489,0,33,33,89.17
2008,9,16,14,30,17,74,383,733,25,210,220,82.49
2008,9,16,15,30,19.1,90,614,838,838,90,614,72.23
2008,9,16,16,30,21.200000000000003,101,805,892,188,438,586,63.99
2008,9,16,17,30,22.6,110,933,916,221,495,693,60.72
2008,9,16,18,30,23.200000000000003,119,991,918,0,134,134,59.93
2008,9,16,19,30,23.200000000000003,121,972,909,0,221,222,60.86
2008,9,16,20,30,22.700000000000003,117,879,887,1,293,294,63.95
2008,9,16,21,30,22,129,713,806,6,230,235,68.07000000000001
2008,9,16,22,30,21.1,116,500,709,122,266,332,73.75
2008,9,16,23,30,20,89,262,534,214,163,232,81.75
2008,9,17,0,30,18.900000000000002,33,45,143,9,43,44,89.93
2008,9,17,1,30,18.3,0,0,0,0,0,0,94.91
2008,9,17,2,30,18,0,0,0,0,0,0,96.67
2008,9,17,3,30,17.8,0,0,0,0,0,0,97.83
2008,9,17,4,30,17.7,0,0,0,0,0,0,98.21000000000001
2008,9,17,5,30,17.6,0,0,0,0,0,0,98.32000000000001
2008,9,17,6,30,17.400000000000002,0,0,0,0,0,0,98.61
2008,9,17,7,30,16.900000000000002,0,0,0,0,0,0,99.16
2008,9,17,8,30,16.3,0,0,0,0,0,0,99.8
2008,9,17,9,30,15.600000000000001,0,0,0,0,0,0,100
2008,9,17,10,30,15,0,0,0,0,0,0,100
2008,9,17,11,30,14.5,0,0,0,0,0,0,100
2008,9,17,12,30,14.600000000000001,0,0,0,0,0,0,97.15
2008,9,17,13,30,15.8,62,132,371,371,62,132,89.5
2008,9,17,14,30,18.2,103,370,635,15,195,201,78.2
2008,9,17,15,30,21.200000000000003,125,601,762,4,255,257,65.11
2008,9,17,16,30,23.5,140,789,823,93,408,482,56.46
2008,9,17,17,30,24.8,151,919,855,477,347,775,52.95
2008,9,17,18,30,25.400000000000002,126,988,911,301,419,705,51.870000000000005
2008,9,17,19,30,25.6,127,969,903,903,127,969,51.52
2008,9,17,20,30,25.5,123,877,880,880,123,877,51.800000000000004
2008,9,17,21,30,25.1,106,721,853,853,106,721,52.870000000000005
2008,9,17,22,30,24.400000000000002,92,509,774,66,239,275,55.51
2008,9,17,23,30,23.3,71,269,620,0,47,47,61.57
2008,9,18,0,30,21.8,28,47,230,5,26,27,73.02
2008,9,18,1,30,20.6,0,0,0,0,0,0,82.16
2008,9,18,2,30,19.900000000000002,0,0,0,0,0,0,85.33
2008,9,18,3,30,19.400000000000002,0,0,0,0,0,0,87.3
2008,9,18,4,30,18.900000000000002,0,0,0,0,0,0,88.56
2008,9,18,5,30,18.2,0,0,0,0,0,0,91.99
2008,9,18,6,30,17.3,0,0,0,0,0,0,94.53
2008,9,18,7,30,16.400000000000002,0,0,0,0,0,0,95.92
2008,9,18,8,30,15.700000000000001,0,0,0,0,0,0,95.5
2008,9,18,9,30,15.100000000000001,0,0,0,0,0,0,94.82000000000001
2008,9,18,10,30,14.600000000000001,0,0,0,0,0,0,94.68
2008,9,18,11,30,14,0,0,0,0,0,0,95.34
2008,9,18,12,30,14.200000000000001,0,0,0,0,0,0,91.29
2008,9,18,13,30,15.8,53,138,454,20,81,84,81.5
2008,9,18,14,30,18.3,82,380,710,34,219,233,68.64
2008,9,18,15,30,21.200000000000003,98,613,827,827,98,613,59.050000000000004
2008,9,18,16,30,23.700000000000003,108,805,886,886,108,805,52.57
2008,9,18,17,30,25.400000000000002,114,934,915,915,114,934,49.32
2008,9,18,18,30,26.200000000000003,116,993,928,928,116,993,48.54
2008,9,18,19,30,26.200000000000003,120,973,916,916,120,973,49.83
2008,9,18,20,30,25.400000000000002,119,877,888,888,119,877,53.17
2008,9,18,21,30,24.3,138,705,790,6,231,235,58.28
2008,9,18,22,30,23.200000000000003,125,492,686,0,46,46,64.41
2008,9,18,23,30,21.8,93,254,508,0,49,49,74.62
2008,9,19,0,30,20.200000000000003,30,40,132,0,10,10,87.88
2008,9,19,1,30,19.400000000000002,0,0,0,0,0,0,93.88
2008,9,19,2,30,19.1,0,0,0,0,0,0,95.96000000000001
2008,9,19,3,30,18.900000000000002,0,0,0,0,0,0,96.78
2008,9,19,4,30,18.8,0,0,0,0,0,0,96.32000000000001
2008,9,19,5,30,18.7,0,0,0,0,0,0,96.16
2008,9,19,6,30,18.400000000000002,0,0,0,0,0,0,97.60000000000001
2008,9,19,7,30,17.900000000000002,0,0,0,0,0,0,98.8
2008,9,19,8,30,17.2,0,0,0,0,0,0,99.93
2008,9,19,9,30,16.6,0,0,0,0,0,0,99.78
2008,9,19,10,30,16,0,0,0,0,0,0,99.29
2008,9,19,11,30,15.4,0,0,0,0,0,0,99.3
2008,9,19,12,30,15.200000000000001,0,0,0,0,0,0,96.68
2008,9,19,13,30,15.5,56,134,418,2,48,48,93.48
2008,9,19,14,30,16.6,90,374,677,157,205,271,87.25
2008,9,19,15,30,18.6,108,605,798,217,274,410,77.98
2008,9,19,16,30,21.3,118,797,864,502,259,653,65.76
2008,9,19,17,30,23.5,124,927,898,898,124,927,57.22
2008,9,19,18,30,24.8,114,990,929,929,114,990,54.08
2008,9,19,19,30,25.3,114,972,924,924,114,972,52.96
2008,9,19,20,30,25.200000000000003,112,879,902,23,365,385,53.45
2008,9,19,21,30,24.700000000000003,104,717,857,0,107,107,55.35
2008,9,19,22,30,23.900000000000002,92,504,775,0,20,20,59.730000000000004
2008,9,19,23,30,22.6,71,262,612,0,27,27,67.51
2008,9,20,0,30,21.3,27,42,202,0,18,18,77.78
2008,9,20,1,30,20.6,0,0,0,0,0,0,81.67
2008,9,20,2,30,20.1,0,0,0,0,0,0,83.60000000000001
2008,9,20,3,30,19.400000000000002,0,0,0,0,0,0,87.98
2008,9,20,4,30,18.8,0,0,0,0,0,0,93.71000000000001
2008,9,20,5,30,18.3,0,0,0,0,0,0,97.37
2008,9,20,6,30,17.8,0,0,0,0,0,0,98.69
2008,9,20,7,30,17.2,0,0,0,0,0,0,99.28
2008,9,20,8,30,16.6,0,0,0,0,0,0,99.93
2008,9,20,9,30,16.1,0,0,0,0,0,0,99.05
2008,9,20,10,30,15.600000000000001,0,0,0,0,0,0,98.06
2008,9,20,11,30,15.100000000000001,0,0,0,0,0,0,97.06
2008,9,20,12,30,14.8,0,0,0,0,0,0,96.23
2008,9,20,13,30,14.9,55,133,420,0,8,8,94.33
2008,9,20,14,30,15.5,81,376,708,49,226,246,91.13
2008,9,20,15,30,16.7,91,610,835,835,91,610,86.01
2008,9,20,16,30,18.6,99,801,896,896,99,801,78
2008,9,20,17,30,20,105,929,924,924,105,929,72.05
2008,9,20,18,30,20.400000000000002,146,972,877,877,146,972,70.84
2008,9,20,19,30,20.200000000000003,147,952,869,869,147,952,73.29
2008,9,20,20,30,19.900000000000002,142,857,843,581,282,774,77.09
2008,9,20,21,30,19.6,137,694,783,216,348,502,80.92
2008,9,20,22,30,19.200000000000003,123,482,681,84,262,306,85.73
2008,9,20,23,30,18.7,95,243,479,6,104,106,91.27
2008,9,21,0,30,18.2,27,35,102,0,18,18,96.49000000000001
2008,9,21,1,30,17.8,0,0,0,0,0,0,98.01
2008,9,21,2,30,17.6,0,0,0,0,0,0,98.15
2008,9,21,3,30,17.3,0,0,0,0,0,0,98.45
2008,9,21,4,30,16.900000000000002,0,0,0,0,0,0,99.06
2008,9,21,5,30,16.6,0,0,0,0,0,0,98.66
2008,9,21,6,30,16.1,0,0,0,0,0,0,99.06
2008,9,21,7,30,15.600000000000001,0,0,0,0,0,0,98.78
2008,9,21,8,30,15.100000000000001,0,0,0,0,0,0,98.63
2008,9,21,9,30,14.700000000000001,0,0,0,0,0,0,98.51
2008,9,21,10,30,14.3,0,0,0,0,0,0,99.04
2008,9,21,11,30,14,0,0,0,0,0,0,99.13
2008,9,21,12,30,14.200000000000001,0,0,0,0,0,0,96.12
2008,9,21,13,30,15.3,53,135,440,440,53,135,91.19
2008,9,21,14,30,17.3,84,376,702,702,84,376,84.57000000000001
2008,9,21,15,30,20,100,608,819,819,100,608,74.5
2008,9,21,16,30,22.400000000000002,113,798,876,876,113,798,64.69
2008,9,21,17,30,23.900000000000002,124,924,898,127,460,573,59.09
2008,9,21,18,30,24.700000000000003,122,982,916,916,122,982,57.08
2008,9,21,19,30,24.700000000000003,126,960,903,903,126,960,57.800000000000004
2008,9,21,20,30,24.200000000000003,125,863,874,874,125,863,59.76
2008,9,21,21,30,23.3,140,692,778,778,140,692,64.04
2008,9,21,22,30,22.1,126,479,674,323,236,405,71.24
2008,9,21,23,30,20.700000000000003,93,241,484,73,174,196,80.49
2008,9,22,0,30,19.400000000000002,26,32,99,0,23,23,90.48
2008,9,22,1,30,18.7,0,0,0,0,0,0,95.01
2008,9,22,2,30,18.400000000000002,0,0,0,0,0,0,96.27
2008,9,22,3,30,18.3,0,0,0,0,0,0,96.24000000000001
2008,9,22,4,30,18.2,0,0,0,0,0,0,96.51
2008,9,22,5,30,18,0,0,0,0,0,0,98.01
2008,9,22,6,30,17.7,0,0,0,0,0,0,99.26
2008,9,22,7,30,17.3,0,0,0,0,0,0,100
2008,9,22,8,30,16.8,0,0,0,0,0,0,100
2008,9,22,9,30,16.3,0,0,0,0,0,0,99.18
2008,9,22,10,30,15.8,0,0,0,0,0,0,98.23
2008,9,22,11,30,15.4,0,0,0,0,0,0,97.45
2008,9,22,12,30,15.4,0,0,0,0,0,0,95.38
2008,9,22,13,30,16.400000000000002,44,137,507,8,66,68,90.17
2008,9,22,14,30,18,69,379,746,15,183,189,83.43
2008,9,22,15,30,20.1,84,610,850,89,336,391,74.09
2008,9,22,16,30,21.900000000000002,94,798,903,69,398,452,65.63
2008,9,22,17,30,23,102,925,927,145,467,596,61.88
2008,9,22,18,30,23.6,125,974,906,137,478,606,61.410000000000004
2008,9,22,19,30,23.8,127,953,897,216,513,712,62.190000000000005
2008,9,22,20,30,23.5,123,858,873,9,379,386,64.05
2008,9,22,21,30,22.900000000000002,118,696,819,268,323,513,67.09
2008,9,22,22,30,22.1,104,482,725,200,263,367,72.16
2008,9,22,23,30,21,80,243,540,0,32,32,79.91
2008,9,23,0,30,19.8,24,32,123,0,12,12,89.63
2008,9,23,1,30,19.1,0,0,0,0,0,0,93.12
2008,9,23,2,30,18.7,0,0,0,0,0,0,93.85000000000001
2008,9,23,3,30,18.400000000000002,0,0,0,0,0,0,94
2008,9,23,4,30,18.1,0,0,0,0,0,0,95.48
2008,9,23,5,30,17.7,0,0,0,0,0,0,97.97
2008,9,23,6,30,17.5,0,0,0,0,0,0,98.71000000000001
2008,9,23,7,30,17.2,0,0,0,0,0,0,99.10000000000001
2008,9,23,8,30,16.900000000000002,0,0,0,0,0,0,99.63
2008,9,23,9,30,16.7,0,0,0,0,0,0,99.60000000000001
2008,9,23,10,30,16.5,0,0,0,0,0,0,99.73
2008,9,23,11,30,16.3,0,0,0,0,0,0,99.83
2008,9,23,12,30,16.400000000000002,0,0,0,0,0,0,97.81
2008,9,23,13,30,17.1,52,132,440,4,82,82,94.7
2008,9,23,14,30,18.6,82,372,700,1,140,140,88.68
2008,9,23,15,30,20.8,97,602,817,52,304,336,78.61
2008,9,23,16,30,22.900000000000002,108,791,876,16,360,373,67.28
2008,9,23,17,30,24.1,118,918,902,459,338,745,61.34
2008,9,23,18,30,24.6,129,970,900,288,442,711,60.050000000000004
2008,9,23,19,30,24.700000000000003,136,948,885,552,314,821,60.07
2008,9,23,20,30,24.5,134,851,855,604,260,767,60.28
2008,9,23,21,30,24,129,688,795,795,129,688,61.7
2008,9,23,22,30,23.3,109,477,712,712,109,477,65.18
2008,9,23,23,30,22.3,77,241,549,549,77,241,71.84
2008,9,24,0,30,21.200000000000003,23,31,138,2,25,25,78.92
2008,9,24,1,30,20.3,0,0,0,0,0,0,82.23
2008,9,24,2,30,19.700000000000003,0,0,0,0,0,0,84.61
2008,9,24,3,30,19.200000000000003,0,0,0,0,0,0,87.82000000000001
2008,9,24,4,30,18.7,0,0,0,0,0,0,92.8
2008,9,24,5,30,18.3,0,0,0,0,0,0,96.76
2008,9,24,6,30,18,0,0,0,0,0,0,98.09
2008,9,24,7,30,17.5,0,0,0,0,0,0,99.06
2008,9,24,8,30,16.8,0,0,0,0,0,0,99.75
2008,9,24,9,30,16.2,0,0,0,0,0,0,100
2008,9,24,10,30,15.8,0,0,0,0,0,0,100
2008,9,24,11,30,15.600000000000001,0,0,0,0,0,0,100
2008,9,24,12,30,16,0,0,0,0,0,0,96.47
2008,9,24,13,30,17.2,46,136,495,4,82,82,93.59
2008,9,24,14,30,18.900000000000002,70,380,748,1,131,131,87.58
2008,9,24,15,30,21.1,83,611,857,91,268,324,76.21000000000001
2008,9,24,16,30,23.1,92,800,911,349,329,600,64.21000000000001
2008,9,24,17,30,24.5,98,926,936,563,284,783,58.17
2008,9,24,18,30,25.3,113,977,928,515,316,796,55.72
2008,9,24,19,30,25.5,118,953,913,429,355,748,55.5
2008,9,24,20,30,25,119,855,881,127,403,509,57.76
2008,9,24,21,30,24.1,115,690,822,161,334,446,61.86
2008,9,24,22,30,23.200000000000003,103,475,723,333,215,386,67.33
2008,9,24,23,30,21.900000000000002,76,237,546,546,76,237,76.19
2008,9,25,0,30,20.5,22,29,123,1,21,21,87.31
2008,9,25,1,30,19.700000000000003,0,0,0,0,0,0,90.47
2008,9,25,2,30,19.3,0,0,0,0,0,0,91.14
2008,9,25,3,30,18.900000000000002,0,0,0,0,0,0,92.44
2008,9,25,4,30,18.400000000000002,0,0,0,0,0,0,95
2008,9,25,5,30,17.8,0,0,0,0,0,0,97.39
2008,9,25,6,30,17.1,0,0,0,0,0,0,98.8
2008,9,25,7,30,16.3,0,0,0,0,0,0,99.75
2008,9,25,8,30,15.700000000000001,0,0,0,0,0,0,100
2008,9,25,9,30,15.3,0,0,0,0,0,0,99.73
2008,9,25,10,30,14.9,0,0,0,0,0,0,99.76
2008,9,25,11,30,14.700000000000001,0,0,0,0,0,0,99.24000000000001
2008,9,25,12,30,14.700000000000001,0,0,0,0,0,0,97.43
2008,9,25,13,30,15.600000000000001,44,137,514,1,63,63,92.56
2008,9,25,14,30,17.5,67,380,759,118,226,275,84.86
2008,9,25,15,30,19.8,81,609,858,224,329,466,74.78
2008,9,25,16,30,21.6,92,795,906,206,428,588,65.54
2008,9,25,17,30,22.700000000000003,99,921,931,180,410,568,61.68
2008,9,25,18,30,23.3,107,975,933,558,304,822,60.65
2008,9,25,19,30,23.5,109,952,924,493,310,760,61.13
2008,9,25,20,30,23.400000000000002,107,855,898,449,288,662,62.230000000000004
2008,9,25,21,30,23,118,685,816,151,304,409,64.58
2008,9,25,22,30,22.200000000000003,107,470,711,94,247,295,69.77
2008,9,25,23,30,21.1,81,231,518,116,152,185,77.14
2008,9,26,0,30,20,21,25,84,0,11,11,85.41
2008,9,26,1,30,19.1,0,0,0,0,0,0,91.5
2008,9,26,2,30,18.5,0,0,0,0,0,0,94.38
2008,9,26,3,30,17.7,0,0,0,0,0,0,95.05
2008,9,26,4,30,16.7,0,0,0,0,0,0,92.69
2008,9,26,5,30,15.700000000000001,0,0,0,0,0,0,90.38
2008,9,26,6,30,15.100000000000001,0,0,0,0,0,0,90.54
2008,9,26,7,30,14.700000000000001,0,0,0,0,0,0,90.8
2008,9,26,8,30,14.5,0,0,0,0,0,0,90.61
2008,9,26,9,30,14.3,0,0,0,0,0,0,90.52
2008,9,26,10,30,14,0,0,0,0,0,0,91.23
2008,9,26,11,30,13.8,0,0,0,0,0,0,91.18
2008,9,26,12,30,13.8,0,0,0,0,0,0,89.88
2008,9,26,13,30,14.600000000000001,43,136,513,9,86,88,85.59
2008,9,26,14,30,16.2,70,376,745,189,214,292,78.49
2008,9,26,15,30,18,88,605,843,843,88,605,70.66
2008,9,26,16,30,19.900000000000002,100,792,894,894,100,792,63.370000000000005
2008,9,26,17,30,21.3,108,919,920,920,108,919,60.24
2008,9,26,18,30,22.1,101,976,944,632,266,852,58.79
2008,9,26,19,30,22.5,101,955,939,256,495,729,58.21
2008,9,26,20,30,22.400000000000002,98,858,917,209,459,632,59.49
2008,9,26,21,30,22.1,88,697,879,563,217,607,61.89
2008,9,26,22,30,21.400000000000002,78,483,799,203,269,371,65.98
2008,9,26,23,30,20.3,59,240,631,345,112,211,74.04
2008,9,27,0,30,19.3,18,27,181,1,19,19,83.59
2008,9,27,1,30,18.8,0,0,0,0,0,0,84.93
2008,9,27,2,30,18.6,0,0,0,0,0,0,84.79
2008,9,27,3,30,18.2,0,0,0,0,0,0,86.34
2008,9,27,4,30,17.8,0,0,0,0,0,0,89.66
2008,9,27,5,30,17.2,0,0,0,0,0,0,93.06
2008,9,27,6,30,16.5,0,0,0,0,0,0,94.86
2008,9,27,7,30,15.8,0,0,0,0,0,0,95.31
2008,9,27,8,30,15.100000000000001,0,0,0,0,0,0,94.60000000000001
2008,9,27,9,30,14.600000000000001,0,0,0,0,0,0,94.58
2008,9,27,10,30,14.3,0,0,0,0,0,0,94.47
2008,9,27,11,30,14,0,0,0,0,0,0,94.66
2008,9,27,12,30,14,0,0,0,0,0,0,93.2
2008,9,27,13,30,15,56,127,396,396,56,127,87.05
2008,9,27,14,30,16.8,92,365,664,664,92,365,78.34
2008,9,27,15,30,19.5,112,594,788,788,112,594,68.17
2008,9,27,16,30,22.200000000000003,126,782,850,850,126,782,58.58
2008,9,27,17,30,24,137,907,876,876,137,907,53.32
2008,9,27,18,30,24.6,120,969,919,919,120,969,52.77
2008,9,27,19,30,24.5,127,943,900,900,127,943,54.07
2008,9,27,20,30,23.900000000000002,126,844,869,869,126,844,57.19
2008,9,27,21,30,23,129,675,793,793,129,675,61.46
2008,9,27,22,30,21.900000000000002,113,460,689,689,113,460,67.52
2008,9,27,23,30,20.6,82,223,498,498,82,223,78.56
2008,9,28,0,30,19.6,18,21,73,0,15,15,85.68
2008,9,28,1,30,18.900000000000002,0,0,0,0,0,0,89.27
2008,9,28,2,30,18.6,0,0,0,0,0,0,92.03
2008,9,28,3,30,18.3,0,0,0,0,0,0,94.22
2008,9,28,4,30,18.1,0,0,0,0,0,0,95.82000000000001
2008,9,28,5,30,17.900000000000002,0,0,0,0,0,0,96.87
2008,9,28,6,30,17.7,0,0,0,0,0,0,97.5
2008,9,28,7,30,17.3,0,0,0,0,0,0,98.75
2008,9,28,8,30,16.7,0,0,0,0,0,0,98.95
2008,9,28,9,30,16,0,0,0,0,0,0,97.62
2008,9,28,10,30,15.5,0,0,0,0,0,0,96.12
2008,9,28,11,30,14.9,0,0,0,0,0,0,95.66
2008,9,28,12,30,14.700000000000001,0,0,0,0,0,0,93.39
2008,9,28,13,30,15.100000000000001,58,126,380,380,58,126,88.06
2008,9,28,14,30,16.400000000000002,99,363,645,645,99,363,78.71000000000001
2008,9,28,15,30,18.5,121,594,773,773,121,594,68.09
2008,9,28,16,30,20.900000000000002,134,784,843,843,134,784,59.13
2008,9,28,17,30,22.8,141,912,879,879,141,912,53.79
2008,9,28,18,30,24,116,977,933,933,116,977,50.25
2008,9,28,19,30,24.700000000000003,117,956,927,927,117,956,47.84
2008,9,28,20,30,24.900000000000002,116,857,900,900,116,857,46.88
2008,9,28,21,30,24.700000000000003,113,690,843,843,113,690,47.480000000000004
2008,9,28,22,30,24,100,472,746,746,100,472,50.86
2008,9,28,23,30,22.5,73,230,563,563,73,230,57.74
2008,9,29,0,30,20.700000000000003,17,22,112,112,17,22,72.58
2008,9,29,1,30,19.400000000000002,0,0,0,0,0,0,78.59
2008,9,29,2,30,18.2,0,0,0,0,0,0,84.17
2008,9,29,3,30,17.2,0,0,0,0,0,0,89.18
2008,9,29,4,30,16.400000000000002,0,0,0,0,0,0,92.73
2008,9,29,5,30,15.5,0,0,0,0,0,0,95.44
2008,9,29,6,30,14.600000000000001,0,0,0,0,0,0,96.71000000000001
2008,9,29,7,30,13.700000000000001,0,0,0,0,0,0,96.39
2008,9,29,8,30,12.9,0,0,0,0,0,0,96.57000000000001
2008,9,29,9,30,12.200000000000001,0,0,0,0,0,0,97.31
2008,9,29,10,30,11.600000000000001,0,0,0,0,0,0,97.84
2008,9,29,11,30,11.200000000000001,0,0,0,0,0,0,97.60000000000001
2008,9,29,12,30,11.100000000000001,0,0,0,0,0,0,95.86
2008,9,29,13,30,12.200000000000001,52,136,472,46,92,101,87.99
2008,9,29,14,30,14.4,81,385,746,189,198,275,76.71000000000001
2008,9,29,15,30,17.3,94,625,872,689,152,572,64.03
2008,9,29,16,30,20.3,101,819,935,935,101,819,51.81
2008,9,29,17,30,22.5,104,947,965,965,104,947,43.660000000000004
2008,9,29,18,30,24,105,1004,977,977,105,1004,39.050000000000004
2008,9,29,19,30,25.1,103,978,971,971,103,978,36.81
2008,9,29,20,30,25.5,99,876,947,947,99,876,36.550000000000004
2008,9,29,21,30,25.400000000000002,95,708,899,899,95,708,37.52
2008,9,29,22,30,24.700000000000003,83,487,815,815,83,487,40.31
2008,9,29,23,30,22.8,62,238,638,638,62,238,48.19
2008,9,30,0,30,20.5,16,22,160,160,16,22,66.27
2008,9,30,1,30,18.900000000000002,0,0,0,0,0,0,67.11
2008,9,30,2,30,17.5,0,0,0,0,0,0,72.73
2008,9,30,3,30,16,0,0,0,0,0,0,79.98
2008,9,30,4,30,14.5,0,0,0,0,0,0,85.69
2008,9,30,5,30,13.4,0,0,0,0,0,0,88.02
2008,9,30,6,30,12.5,0,0,0,0,0,0,89.32000000000001
2008,9,30,7,30,11.700000000000001,0,0,0,0,0,0,91.2
2008,9,30,8,30,11.100000000000001,0,0,0,0,0,0,92.78
2008,9,30,9,30,10.700000000000001,0,0,0,0,0,0,93.59
2008,9,30,10,30,10.3,0,0,0,0,0,0,94.45
2008,9,30,11,30,9.9,0,0,0,0,0,0,95.36
2008,9,30,12,30,10.100000000000001,0,0,0,0,0,0,92.5
2008,9,30,13,30,11.8,56,132,428,428,56,132,82.54
2008,9,30,14,30,14.700000000000001,92,379,709,709,92,379,69.23
2008,9,30,15,30,18,109,617,837,837,109,617,57.58
2008,9,30,16,30,21,119,810,901,901,119,810,49.43
2008,9,30,17,30,23.3,126,940,933,933,126,940,44.83
2008,9,30,18,30,24.8,134,993,936,936,134,993,42.24
2008,9,30,19,30,25.700000000000003,133,967,928,928,133,967,40.74
2008,9,30,20,30,26,128,866,904,904,128,866,40.08
2008,9,30,21,30,25.8,126,695,838,838,126,695,40.09
2008,9,30,22,30,25,108,475,745,745,108,475,41.43
2008,9,30,23,30,23.1,76,228,557,557,76,228,47.300000000000004
2008,10,1,0,30,20.900000000000002,15,18,83,83,15,18,61.230000000000004
2008,10,1,1,30,19.6,0,0,0,0,0,0,62.18
2008,10,1,2,30,18.3,0,0,0,0,0,0,68.02
2008,10,1,3,30,16.900000000000002,0,0,0,0,0,0,75.59
2008,10,1,4,30,15.5,0,0,0,0,0,0,83.86
2008,10,1,5,30,14.4,0,0,0,0,0,0,86.84
2008,10,1,6,30,13.4,0,0,0,0,0,0,87.9
2008,10,1,7,30,12.5,0,0,0,0,0,0,88.44
2008,10,1,8,30,11.700000000000001,0,0,0,0,0,0,89.14
2008,10,1,9,30,11,0,0,0,0,0,0,90.45
2008,10,1,10,30,10.3,0,0,0,0,0,0,92.23
2008,10,1,11,30,9.5,0,0,0,0,0,0,94.59
2008,10,1,12,30,9.3,0,0,0,0,0,0,92.59
2008,10,1,13,30,10.8,49,141,523,523,49,141,82.39
2008,10,1,14,30,13.700000000000001,73,398,803,803,73,398,65.22
2008,10,1,15,30,16.7,84,645,926,926,84,645,51.01
2008,10,1,16,30,19.3,90,839,979,979,90,839,40.77
2008,10,1,17,30,21.5,94,970,1007,1007,94,970,34.56
2008,10,1,18,30,23.1,95,1022,1014,1014,95,1022,31.580000000000002
2008,10,1,19,30,24.1,95,998,1009,1009,95,998,30.46
2008,10,1,20,30,24.5,92,892,984,984,92,892,30.51
2008,10,1,21,30,24.3,85,721,943,943,85,721,31.64
2008,10,1,22,30,23.6,74,494,859,859,74,494,34.08
2008,10,1,23,30,21.400000000000002,55,239,684,684,55,239,43.11
2008,10,2,0,30,18.8,14,19,172,172,14,19,64.59
2008,10,2,1,30,17.1,0,0,0,0,0,0,63.07
2008,10,2,2,30,15.8,0,0,0,0,0,0,67.68
2008,10,2,3,30,14.5,0,0,0,0,0,0,72.77
2008,10,2,4,30,13.200000000000001,0,0,0,0,0,0,77.85000000000001
2008,10,2,5,30,12.200000000000001,0,0,0,0,0,0,81.36
2008,10,2,6,30,11.5,0,0,0,0,0,0,82.35000000000001
2008,10,2,7,30,11,0,0,0,0,0,0,83.29
2008,10,2,8,30,10.5,0,0,0,0,0,0,85.27
2008,10,2,9,30,10,0,0,0,0,0,0,87.85000000000001
2008,10,2,10,30,9.9,0,0,0,0,0,0,88.54
2008,10,2,11,30,9.9,0,0,0,0,0,0,88.75
2008,10,2,12,30,10.3,0,0,0,0,0,0,87.02
2008,10,2,13,30,11.9,57,129,413,413,57,129,79.12
2008,10,2,14,30,14.600000000000001,94,375,697,697,94,375,66.81
2008,10,2,15,30,17.7,111,612,830,830,111,612,54.99
2008,10,2,16,30,20.6,120,806,898,898,120,806,45.56
2008,10,2,17,30,22.6,126,935,933,933,126,935,41.83
2008,10,2,18,30,24,121,993,956,956,121,993,38.82
2008,10,2,19,30,24.900000000000002,121,968,949,949,121,968,36.61
2008,10,2,20,30,25.200000000000003,119,866,922,922,119,866,35.54
2008,10,2,21,30,25,110,696,872,872,110,696,35.84
2008,10,2,22,30,24.3,95,472,776,776,95,472,37.51
2008,10,2,23,30,22.6,70,223,578,578,70,223,42.54
2008,10,3,0,30,20.200000000000003,14,16,75,75,14,16,60.35
2008,10,3,1,30,18.8,0,0,0,0,0,0,69.58
2008,10,3,2,30,18.1,0,0,0,0,0,0,69.92
2008,10,3,3,30,17.3,0,0,0,0,0,0,71.42
2008,10,3,4,30,16.2,0,0,0,0,0,0,77.64
2008,10,3,5,30,15.3,0,0,0,0,0,0,84.68
2008,10,3,6,30,14.8,0,0,0,0,0,0,88.60000000000001
2008,10,3,7,30,14.3,0,0,0,0,0,0,92.08
2008,10,3,8,30,13.700000000000001,0,0,0,0,0,0,95.37
2008,10,3,9,30,13.200000000000001,0,0,0,0,0,0,96.69
2008,10,3,10,30,12.700000000000001,0,0,0,0,0,0,96.60000000000001
2008,10,3,11,30,12.3,0,0,0,0,0,0,96.08
2008,10,3,12,30,12.4,0,0,0,0,0,0,93.32000000000001
2008,10,3,13,30,13.8,65,119,314,314,65,119,84.07000000000001
2008,10,3,14,30,16.400000000000002,113,357,606,606,113,357,71.32000000000001
2008,10,3,15,30,19.3,136,590,753,753,136,590,61
2008,10,3,16,30,21.8,150,779,826,826,150,779,53.24
2008,10,3,17,30,23.6,160,905,861,861,160,905,48.230000000000004
2008,10,3,18,30,24.700000000000003,105,980,962,962,105,980,45.36
2008,10,3,19,30,25.200000000000003,108,954,951,951,108,954,43.62
2008,10,3,20,30,25.3,109,852,921,921,109,852,42.550000000000004
2008,10,3,21,30,25,110,678,851,851,110,678,42.39
2008,10,3,22,30,24.400000000000002,98,458,748,748,98,458,43.71
2008,10,3,23,30,22.900000000000002,71,213,545,545,71,213,49.83
2008,10,4,0,30,21.200000000000003,12,13,53,53,12,13,62.63
2008,10,4,1,30,20,0,0,0,0,0,0,70.09
2008,10,4,2,30,18.8,0,0,0,0,0,0,75.75
2008,10,4,3,30,17.900000000000002,0,0,0,0,0,0,81.42
2008,10,4,4,30,17.400000000000002,0,0,0,0,0,0,85.65
2008,10,4,5,30,17,0,0,0,0,0,0,89.28
2008,10,4,6,30,16.3,0,0,0,0,0,0,93.59
2008,10,4,7,30,15.600000000000001,0,0,0,0,0,0,97.01
2008,10,4,8,30,15,0,0,0,0,0,0,98.82000000000001
2008,10,4,9,30,14.5,0,0,0,0,0,0,98.51
2008,10,4,10,30,13.9,0,0,0,0,0,0,98.39
2008,10,4,11,30,13.3,0,0,0,0,0,0,98.07000000000001
2008,10,4,12,30,13.100000000000001,0,0,0,0,0,0,95.25
2008,10,4,13,30,14,68,118,291,291,68,118,86.16
2008,10,4,14,30,16.1,118,357,597,597,118,357,73.52
2008,10,4,15,30,18.8,139,592,752,752,139,592,61.120000000000005
2008,10,4,16,30,21.400000000000002,150,785,838,838,150,785,50.15
2008,10,4,17,30,23.1,154,915,881,881,154,915,44.5
2008,10,4,18,30,24.1,150,971,906,906,150,971,42.32
2008,10,4,19,30,24.700000000000003,150,943,895,895,150,943,41.14
2008,10,4,20,30,24.900000000000002,145,841,867,867,145,841,40.6
2008,10,4,21,30,24.900000000000002,133,672,812,812,133,672,40.300000000000004
2008,10,4,22,30,24.400000000000002,112,453,712,712,112,453,41.27
2008,10,4,23,30,23,78,210,514,514,78,210,46.53
2008,10,5,0,30,21,11,12,47,47,11,12,62.14
2008,10,5,1,30,19.3,0,0,0,0,0,0,69.60000000000001
2008,10,5,2,30,18.1,0,0,0,0,0,0,75.92
2008,10,5,3,30,17.5,0,0,0,0,0,0,79.78
2008,10,5,4,30,17.1,0,0,0,0,0,0,82.55
2008,10,5,5,30,16.8,0,0,0,0,0,0,85.11
2008,10,5,6,30,16.1,0,0,0,0,0,0,89.11
2008,10,5,7,30,15.200000000000001,0,0,0,0,0,0,93.51
2008,10,5,8,30,14.5,0,0,0,0,0,0,95.39
2008,10,5,9,30,13.9,0,0,0,0,0,0,95.48
2008,10,5,10,30,13.4,0,0,0,0,0,0,94.73
2008,10,5,11,30,12.9,0,0,0,0,0,0,94.5
2008,10,5,12,30,12.9,0,0,0,0,0,0,92.44
2008,10,5,13,30,14.100000000000001,69,114,263,263,69,114,84.76
2008,10,5,14,30,16.7,128,347,548,548,128,347,72.8
2008,10,5,15,30,19.900000000000002,156,576,702,702,156,576,59.980000000000004
2008,10,5,16,30,22.6,170,765,786,786,170,765,50.09
2008,10,5,17,30,24.400000000000002,180,891,826,826,180,891,45.27
2008,10,5,18,30,25.400000000000002,143,956,899,899,143,956,43.13
2008,10,5,19,30,25.6,152,925,876,876,152,925,43.08
2008,10,5,20,30,25.1,154,820,831,831,154,820,44.94
2008,10,5,21,30,24,157,643,736,270,339,517,48.910000000000004
2008,10,5,22,30,22.6,141,424,595,81,242,281,55.870000000000005
2008,10,5,23,30,20.8,96,188,360,101,137,162,67.02
2008,10,6,0,30,19.200000000000003,6,7,7,0,5,5,81.11
2008,10,6,1,30,18.400000000000002,0,0,0,0,0,0,86.96000000000001
2008,10,6,2,30,18.1,0,0,0,0,0,0,90.03
2008,10,6,3,30,17.900000000000002,0,0,0,0,0,0,92.28
2008,10,6,4,30,17.6,0,0,0,0,0,0,95.10000000000001
2008,10,6,5,30,17.3,0,0,0,0,0,0,97.4
2008,10,6,6,30,17,0,0,0,0,0,0,98.77
2008,10,6,7,30,16.8,0,0,0,0,0,0,99.68
2008,10,6,8,30,16.7,0,0,0,0,0,0,99.66
2008,10,6,9,30,16.6,0,0,0,0,0,0,99.61
2008,10,6,10,30,16.6,0,0,0,0,0,0,98.94
2008,10,6,11,30,16.5,0,0,0,0,0,0,98.74000000000001
2008,10,6,12,30,16.6,0,0,0,0,0,0,96.53
2008,10,6,13,30,17.400000000000002,59,115,331,0,46,46,92.3
2008,10,6,14,30,19,104,346,610,1,160,160,82.07000000000001
2008,10,6,15,30,20.700000000000003,131,570,735,1,213,214,71.02
2008,10,6,16,30,22.200000000000003,149,753,800,117,429,517,62.33
2008,10,6,17,30,23.3,161,875,833,833,161,875,57.19
2008,10,6,18,30,23.8,205,913,786,786,205,913,55.04
2008,10,6,19,30,23.700000000000003,206,887,774,141,514,638,55.7
2008,10,6,20,30,23.3,197,788,742,0,249,249,57.9
2008,10,6,21,30,22.700000000000003,180,622,672,435,295,581,61.300000000000004
2008,10,6,22,30,21.900000000000002,147,412,562,4,191,193,66.7
2008,10,6,23,30,20.6,94,182,355,0,60,60,75.38
2008,10,7,0,30,19.200000000000003,0,0,0,0,0,0,87.48
2008,10,7,1,30,18.3,0,0,0,0,0,0,91.95
2008,10,7,2,30,17.900000000000002,0,0,0,0,0,0,94.2
2008,10,7,3,30,17.6,0,0,0,0,0,0,96.02
2008,10,7,4,30,17.400000000000002,0,0,0,0,0,0,97.68
2008,10,7,5,30,17.3,0,0,0,0,0,0,98.42
2008,10,7,6,30,17.1,0,0,0,0,0,0,99.48
2008,10,7,7,30,17,0,0,0,0,0,0,99.62
2008,10,7,8,30,16.8,0,0,0,0,0,0,99.99000000000001
2008,10,7,9,30,16.8,0,0,0,0,0,0,99.04
2008,10,7,10,30,16.8,0,0,0,0,0,0,98.02
2008,10,7,11,30,16.6,0,0,0,0,0,0,98.58
2008,10,7,12,30,16.7,0,0,0,0,0,0,97.13
2008,10,7,13,30,17.5,67,107,237,1,71,71,94.86
2008,10,7,14,30,18.8,120,336,546,546,120,336,90.43
2008,10,7,15,30,20.3,138,566,718,71,336,379,82.33
2008,10,7,16,30,22,141,757,818,265,419,619,70.72
2008,10,7,17,30,23.6,136,885,875,875,136,885,61.13
2008,10,7,18,30,24.700000000000003,134,938,895,895,134,938,56.32
2008,10,7,19,30,25.1,137,910,881,881,137,910,54.7
2008,10,7,20,30,24.8,137,807,844,844,137,807,55.47
2008,10,7,21,30,24.200000000000003,141,634,755,755,141,634,57.95
2008,10,7,22,30,23.400000000000002,126,418,625,26,197,209,62.26
2008,10,7,23,30,22,86,183,394,0,47,47,71.08
2008,10,8,0,30,20.6,0,0,0,0,0,0,83.9
2008,10,8,1,30,19.700000000000003,0,0,0,0,0,0,87.65
2008,10,8,2,30,19.1,0,0,0,0,0,0,91.03
2008,10,8,3,30,18.7,0,0,0,0,0,0,93.15
2008,10,8,4,30,18.2,0,0,0,0,0,0,94.76
2008,10,8,5,30,17.6,0,0,0,0,0,0,97.62
2008,10,8,6,30,17.1,0,0,0,0,0,0,98.28
2008,10,8,7,30,16.5,0,0,0,0,0,0,98.81
2008,10,8,8,30,15.9,0,0,0,0,0,0,99.67
2008,10,8,9,30,15.5,0,0,0,0,0,0,99.2
2008,10,8,10,30,15,0,0,0,0,0,0,99.49000000000001
2008,10,8,11,30,14.5,0,0,0,0,0,0,99.94
2008,10,8,12,30,14.700000000000001,0,0,0,0,0,0,95.98
2008,10,8,13,30,15.9,50,118,410,0,31,32,91.4
2008,10,8,14,30,17.7,83,353,686,8,110,113,85.82000000000001
2008,10,8,15,30,20,102,578,802,13,205,213,75.91
2008,10,8,16,30,21.900000000000002,114,762,863,20,277,292,67.19
2008,10,8,17,30,23.1,121,883,894,92,398,476,63.18
2008,10,8,18,30,23.700000000000003,127,933,901,35,443,475,61.5
2008,10,8,19,30,23.8,129,904,887,887,129,904,61.18
2008,10,8,20,30,23.5,127,803,855,131,441,544,62.58
2008,10,8,21,30,22.900000000000002,121,635,791,85,359,414,65.63
2008,10,8,22,30,22,108,419,670,3,175,177,70.14
2008,10,8,23,30,20.6,77,182,432,35,137,145,78.66
2008,10,9,0,30,19.3,0,0,0,0,0,0,89.73
2008,10,9,1,30,18.6,0,0,0,0,0,0,93.43
2008,10,9,2,30,18.3,0,0,0,0,0,0,94.84
2008,10,9,3,30,18.2,0,0,0,0,0,0,94.55
2008,10,9,4,30,18.1,0,0,0,0,0,0,93.47
2008,10,9,5,30,17.6,0,0,0,0,0,0,95.4
2008,10,9,6,30,16.900000000000002,0,0,0,0,0,0,98.53
2008,10,9,7,30,16.400000000000002,0,0,0,0,0,0,99.45
2008,10,9,8,30,15.9,0,0,0,0,0,0,100
2008,10,9,9,30,15.5,0,0,0,0,0,0,100
2008,10,9,10,30,15.100000000000001,0,0,0,0,0,0,100
2008,10,9,11,30,14.8,0,0,0,0,0,0,99.85000000000001
2008,10,9,12,30,15.100000000000001,0,0,0,0,0,0,96.11
2008,10,9,13,30,16.400000000000002,55,114,357,2,72,73,91.3
2008,10,9,14,30,18.5,95,346,637,637,95,346,85.10000000000001
2008,10,9,15,30,20.900000000000002,116,571,769,769,116,571,75.52
2008,10,9,16,30,22.700000000000003,131,753,833,833,131,753,66.07000000000001
2008,10,9,17,30,23.900000000000002,139,876,866,866,139,876,60.32
2008,10,9,18,30,24.3,147,923,869,869,147,923,58.39
2008,10,9,19,30,24.1,154,894,850,850,154,894,58.63
2008,10,9,20,30,23.400000000000002,151,791,812,90,409,479,61.690000000000005
2008,10,9,21,30,22.8,130,629,772,534,240,585,65.49
2008,10,9,22,30,22,111,414,657,1,71,72,71.44
2008,10,9,23,30,20.900000000000002,76,180,435,0,20,20,79.53
2008,10,10,0,30,19.8,0,0,0,0,0,0,89.33
2008,10,10,1,30,19.200000000000003,0,0,0,0,0,0,93
2008,10,10,2,30,18.900000000000002,0,0,0,0,0,0,94.82000000000001
2008,10,10,3,30,18.6,0,0,0,0,0,0,96.61
2008,10,10,4,30,18.400000000000002,0,0,0,0,0,0,97.72
2008,10,10,5,30,18.1,0,0,0,0,0,0,98.95
2008,10,10,6,30,17.8,0,0,0,0,0,0,99.89
2008,10,10,7,30,17.3,0,0,0,0,0,0,100
2008,10,10,8,30,16.900000000000002,0,0,0,0,0,0,100
2008,10,10,9,30,16.7,0,0,0,0,0,0,99.04
2008,10,10,10,30,16.6,0,0,0,0,0,0,97.8
2008,10,10,11,30,16.400000000000002,0,0,0,0,0,0,97.75
2008,10,10,12,30,16.3,0,0,0,0,0,0,97.7
2008,10,10,13,30,16.8,66,104,233,0,53,53,95.82000000000001
2008,10,10,14,30,18.1,127,327,510,0,109,109,89.74
2008,10,10,15,30,20.200000000000003,153,552,676,36,292,313,81.03
2008,10,10,16,30,22.6,163,737,770,9,339,346,68.59
2008,10,10,17,30,24.400000000000002,169,862,817,817,169,862,59.230000000000004
2008,10,10,18,30,25.5,151,918,863,573,298,808,54.77
2008,10,10,19,30,25.900000000000002,154,890,848,338,385,677,52.980000000000004
2008,10,10,20,30,25.8,151,788,813,629,256,748,52.63
2008,10,10,21,30,25.1,160,614,706,510,260,588,54.230000000000004
2008,10,10,22,30,24.1,134,401,584,137,232,294,58.99
2008,10,10,23,30,22.5,88,170,348,6,97,99,69.75
2008,10,11,0,30,20.6,0,0,0,0,0,0,82.5
2008,10,11,1,30,19.200000000000003,0,0,0,0,0,0,88.95
2008,10,11,2,30,18.400000000000002,0,0,0,0,0,0,92.21000000000001
2008,10,11,3,30,17.8,0,0,0,0,0,0,95.11
2008,10,11,4,30,17.400000000000002,0,0,0,0,0,0,97.01
2008,10,11,5,30,17,0,0,0,0,0,0,99.31
2008,10,11,6,30,16.7,0,0,0,0,0,0,100
2008,10,11,7,30,16.6,0,0,0,0,0,0,100
2008,10,11,8,30,16.6,0,0,0,0,0,0,100
2008,10,11,9,30,16.5,0,0,0,0,0,0,99.06
2008,10,11,10,30,16.3,0,0,0,0,0,0,98.15
2008,10,11,11,30,16.1,0,0,0,0,0,0,97.39
2008,10,11,12,30,16.2,0,0,0,0,0,0,95.41
2008,10,11,13,30,16.7,72,92,123,0,9,9,92.17
2008,10,11,14,30,17.5,167,308,361,0,6,6,88.34
2008,10,11,15,30,18.400000000000002,232,518,487,0,103,103,84.71000000000001
2008,10,11,16,30,19.5,265,694,578,205,409,561,81.45
2008,10,11,17,30,20.900000000000002,266,820,655,285,429,670,77.71000000000001
2008,10,11,18,30,22.1,262,872,687,160,464,606,74.26
2008,10,11,19,30,22.5,239,850,707,7,318,324,73.16
2008,10,11,20,30,22.200000000000003,215,756,694,39,393,423,74.25
2008,10,11,21,30,21.5,159,606,698,332,299,512,78.46000000000001
2008,10,11,22,30,20.700000000000003,131,396,585,0,17,17,84.17
2008,10,11,23,30,19.8,83,168,362,31,114,121,90.7
2008,10,12,0,30,18.8,0,0,0,0,0,0,96.85000000000001
2008,10,12,1,30,18.3,0,0,0,0,0,0,98.02
2008,10,12,2,30,17.900000000000002,0,0,0,0,0,0,99.19
2008,10,12,3,30,17.5,0,0,0,0,0,0,100
2008,10,12,4,30,17.2,0,0,0,0,0,0,100
2008,10,12,5,30,16.900000000000002,0,0,0,0,0,0,100
2008,10,12,6,30,16.6,0,0,0,0,0,0,100
2008,10,12,7,30,16.3,0,0,0,0,0,0,100
2008,10,12,8,30,16.1,0,0,0,0,0,0,100
2008,10,12,9,30,16,0,0,0,0,0,0,100
2008,10,12,10,30,15.9,0,0,0,0,0,0,99.57000000000001
2008,10,12,11,30,16,0,0,0,0,0,0,98.04
2008,10,12,12,30,16.3,0,0,0,0,0,0,95.56
2008,10,12,13,30,17.3,45,115,435,3,72,72,92.42
2008,10,12,14,30,18.900000000000002,71,351,720,278,188,296,89.24
2008,10,12,15,30,20.700000000000003,84,577,842,225,313,446,80.3
2008,10,12,16,30,22.6,90,760,904,153,411,525,69.16
2008,10,12,17,30,24,93,881,935,87,431,505,62.42
2008,10,12,18,30,24.6,116,922,912,328,463,753,60.06
2008,10,12,19,30,24.6,118,894,901,291,464,714,60.24
2008,10,12,20,30,24.200000000000003,114,792,873,0,220,220,61.92
2008,10,12,21,30,23.5,129,615,763,763,129,615,65.04
2008,10,12,22,30,22.6,110,401,649,57,194,220,69.94
2008,10,12,23,30,21.200000000000003,73,170,423,87,121,141,78.39
2008,10,13,0,30,19.8,0,0,0,0,0,0,89.56
2008,10,13,1,30,19,0,0,0,0,0,0,92.82000000000001
2008,10,13,2,30,18.6,0,0,0,0,0,0,94.98
2008,10,13,3,30,18.2,0,0,0,0,0,0,96.9
2008,10,13,4,30,18,0,0,0,0,0,0,97.61
2008,10,13,5,30,17.8,0,0,0,0,0,0,98.12
2008,10,13,6,30,17.6,0,0,0,0,0,0,98.69
2008,10,13,7,30,17.400000000000002,0,0,0,0,0,0,99.52
2008,10,13,8,30,17.400000000000002,0,0,0,0,0,0,99.72
2008,10,13,9,30,17.5,0,0,0,0,0,0,98.87
2008,10,13,10,30,17.6,0,0,0,0,0,0,98.09
2008,10,13,11,30,17.5,0,0,0,0,0,0,98.67
2008,10,13,12,30,17.5,0,0,0,0,0,0,98.47
2008,10,13,13,30,18.2,63,102,244,244,63,102,94.9
2008,10,13,14,30,19.8,108,333,584,0,13,13,86.28
2008,10,13,15,30,21.700000000000003,124,562,750,750,124,562,75.94
2008,10,13,16,30,23.5,131,749,838,838,131,749,67.18
2008,10,13,17,30,24.900000000000002,130,874,887,887,130,874,60.6
2008,10,13,18,30,25.700000000000003,150,917,872,872,150,917,56.76
2008,10,13,19,30,26,153,886,855,855,153,886,54.870000000000005
2008,10,13,20,30,25.8,151,781,815,815,151,781,54.97
2008,10,13,21,30,25.1,128,618,774,774,128,618,56.54
2008,10,13,22,30,24,110,401,653,653,110,401,60.480000000000004
2008,10,13,23,30,22.200000000000003,75,167,409,409,75,167,70.62
2008,10,14,0,30,20.400000000000002,0,0,0,0,0,0,84.15
2008,10,14,1,30,19.400000000000002,0,0,0,0,0,0,89.60000000000001
2008,10,14,2,30,18.8,0,0,0,0,0,0,93.21000000000001
2008,10,14,3,30,18.3,0,0,0,0,0,0,96.01
2008,10,14,4,30,18,0,0,0,0,0,0,97.7
2008,10,14,5,30,17.8,0,0,0,0,0,0,98.42
2008,10,14,6,30,17.6,0,0,0,0,0,0,98.02
2008,10,14,7,30,17.3,0,0,0,0,0,0,97.97
2008,10,14,8,30,17.2,0,0,0,0,0,0,96.59
2008,10,14,9,30,16.900000000000002,0,0,0,0,0,0,96.96000000000001
2008,10,14,10,30,16.3,0,0,0,0,0,0,98.75
2008,10,14,11,30,15.600000000000001,0,0,0,0,0,0,100
2008,10,14,12,30,15.3,0,0,0,0,0,0,98.5
2008,10,14,13,30,16.2,45,116,454,7,77,78,93.88
2008,10,14,14,30,18,72,358,743,57,215,237,86.98
2008,10,14,15,30,20.3,84,588,867,867,84,588,73.38
2008,10,14,16,30,22.6,91,772,925,2,296,298,59.44
2008,10,14,17,30,24.200000000000003,97,895,953,129,448,556,51.97
2008,10,14,18,30,25.200000000000003,102,943,959,959,102,943,47.61
2008,10,14,19,30,25.5,102,913,949,949,102,913,45.83
2008,10,14,20,30,25.400000000000002,97,810,925,925,97,810,45.58
2008,10,14,21,30,24.900000000000002,90,639,871,871,90,639,46.72
2008,10,14,22,30,24.1,78,420,772,772,78,420,49.02
2008,10,14,23,30,22.400000000000002,54,180,563,563,54,180,56.870000000000005
2008,10,15,0,30,20.5,0,0,0,0,0,0,71.91
2008,10,15,1,30,19.1,0,0,0,0,0,0,80.12
2008,10,15,2,30,18.1,0,0,0,0,0,0,86.07000000000001
2008,10,15,3,30,17.400000000000002,0,0,0,0,0,0,89.93
2008,10,15,4,30,17,0,0,0,0,0,0,92.77
2008,10,15,5,30,16.7,0,0,0,0,0,0,94.05
2008,10,15,6,30,16.3,0,0,0,0,0,0,94.96000000000001
2008,10,15,7,30,15.9,0,0,0,0,0,0,95.78
2008,10,15,8,30,15.3,0,0,0,0,0,0,96.95
2008,10,15,9,30,14.700000000000001,0,0,0,0,0,0,98.11
2008,10,15,10,30,14.200000000000001,0,0,0,0,0,0,98.98
2008,10,15,11,30,13.700000000000001,0,0,0,0,0,0,100
2008,10,15,12,30,13.8,0,0,0,0,0,0,97.7
2008,10,15,13,30,15,48,113,418,418,48,113,90.45
2008,10,15,14,30,17.6,78,351,714,714,78,351,78.63
2008,10,15,15,30,20.700000000000003,91,580,844,844,91,580,66.25
2008,10,15,16,30,23,99,766,908,908,99,766,55.84
2008,10,15,17,30,24.3,106,886,934,934,106,886,50.39
2008,10,15,18,30,24.8,111,934,941,941,111,934,47.86
2008,10,15,19,30,25,114,902,926,926,114,902,46.28
2008,10,15,20,30,24.8,110,799,899,899,110,799,45.88
2008,10,15,21,30,24.400000000000002,114,625,817,817,114,625,46.79
2008,10,15,22,30,23.700000000000003,97,406,704,704,97,406,48.870000000000005
2008,10,15,23,30,22.3,65,169,476,155,99,133,56
2008,10,16,0,30,20.5,0,0,0,0,0,0,69.03
2008,10,16,1,30,19.200000000000003,0,0,0,0,0,0,75.03
2008,10,16,2,30,18.400000000000002,0,0,0,0,0,0,77.44
2008,10,16,3,30,18.1,0,0,0,0,0,0,78.19
2008,10,16,4,30,18,0,0,0,0,0,0,77.60000000000001
2008,10,16,5,30,17.3,0,0,0,0,0,0,80.48
2008,10,16,6,30,16.2,0,0,0,0,0,0,86.39
2008,10,16,7,30,15.4,0,0,0,0,0,0,89.82000000000001
2008,10,16,8,30,14.600000000000001,0,0,0,0,0,0,92.91
2008,10,16,9,30,14,0,0,0,0,0,0,95.21000000000001
2008,10,16,10,30,13.4,0,0,0,0,0,0,98.05
2008,10,16,11,30,13,0,0,0,0,0,0,100
2008,10,16,12,30,13.200000000000001,0,0,0,0,0,0,98.86
2008,10,16,13,30,14.9,55,107,340,340,55,107,90.17
2008,10,16,14,30,17.8,98,339,633,633,98,339,78.2
2008,10,16,15,30,20.8,122,565,767,767,122,565,65.55
2008,10,16,16,30,23.200000000000003,140,745,827,827,140,745,55.94
2008,10,16,17,30,24.8,154,864,854,854,154,864,50.84
2008,10,16,18,30,25.900000000000002,164,908,855,855,164,908,47.72
2008,10,16,19,30,26.3,170,874,830,830,170,874,46.53
2008,10,16,20,30,26.3,169,768,784,784,169,768,46.25
2008,10,16,21,30,26.1,127,611,778,778,127,611,45.95
2008,10,16,22,30,25.5,109,395,655,655,109,395,46.92
2008,10,16,23,30,24,72,160,411,411,72,160,52.89
2008,10,17,0,30,22.3,0,0,0,0,0,0,69.05
2008,10,17,1,30,21.3,0,0,0,0,0,0,73.12
2008,10,17,2,30,20.6,0,0,0,0,0,0,74.88
2008,10,17,3,30,19.6,0,0,0,0,0,0,79.78
2008,10,17,4,30,18.6,0,0,0,0,0,0,87.65
2008,10,17,5,30,17.8,0,0,0,0,0,0,89.71000000000001
2008,10,17,6,30,17.1,0,0,0,0,0,0,91.4
2008,10,17,7,30,16.5,0,0,0,0,0,0,92.9
2008,10,17,8,30,15.9,0,0,0,0,0,0,94.35000000000001
2008,10,17,9,30,15.4,0,0,0,0,0,0,95.73
2008,10,17,10,30,15,0,0,0,0,0,0,96.86
2008,10,17,11,30,14.600000000000001,0,0,0,0,0,0,98.2
2008,10,17,12,30,14.600000000000001,0,0,0,0,0,0,96.65
2008,10,17,13,30,15.8,46,109,407,407,46,109,89.21000000000001
2008,10,17,14,30,17.900000000000002,77,343,702,702,77,343,79.65
2008,10,17,15,30,20.400000000000002,94,569,826,826,94,569,68.87
2008,10,17,16,30,22.700000000000003,105,751,887,887,105,751,60.27
2008,10,17,17,30,24.400000000000002,111,871,917,917,111,871,54.99
2008,10,17,18,30,25.5,112,918,929,929,112,918,51.9
2008,10,17,19,30,26,114,887,915,915,114,887,50.38
2008,10,17,20,30,26,111,783,885,885,111,783,49.79
2008,10,17,21,30,25.5,103,614,826,826,103,614,50.88
2008,10,17,22,30,24.6,88,398,719,719,88,398,54.51
2008,10,17,23,30,23,60,162,480,480,60,162,64.91
2008,10,18,0,30,21.400000000000002,0,0,0,0,0,0,79.13
2008,10,18,1,30,20.3,0,0,0,0,0,0,83.97
2008,10,18,2,30,19.5,0,0,0,0,0,0,86.48
2008,10,18,3,30,18.6,0,0,0,0,0,0,87.76
2008,10,18,4,30,17.6,0,0,0,0,0,0,89.41
2008,10,18,5,30,16.8,0,0,0,0,0,0,90.86
2008,10,18,6,30,16,0,0,0,0,0,0,92.49
2008,10,18,7,30,15.5,0,0,0,0,0,0,93.24
2008,10,18,8,30,15.100000000000001,0,0,0,0,0,0,94.45
2008,10,18,9,30,14.700000000000001,0,0,0,0,0,0,96.08
2008,10,18,10,30,14.4,0,0,0,0,0,0,96.81
2008,10,18,11,30,14.100000000000001,0,0,0,0,0,0,97.14
2008,10,18,12,30,14.100000000000001,0,0,0,0,0,0,95.58
2008,10,18,13,30,15,41,113,474,474,41,113,89.92
2008,10,18,14,30,16.900000000000002,69,351,747,747,69,351,80.85000000000001
2008,10,18,15,30,19.1,84,577,860,860,84,577,70.16
2008,10,18,16,30,21.200000000000003,93,760,919,919,93,760,60.1
2008,10,18,17,30,22.700000000000003,98,879,946,203,468,636,54.06
2008,10,18,18,30,23.700000000000003,97,928,961,344,382,679,50.76
2008,10,18,19,30,24.200000000000003,96,897,952,283,386,624,49.2
2008,10,18,20,30,24.3,93,793,926,502,271,650,48.69
2008,10,18,21,30,24,106,616,828,444,233,506,49.49
2008,10,18,22,30,23.200000000000003,94,397,706,438,171,358,52.050000000000004
2008,10,18,23,30,21.5,65,159,453,68,106,120,61.44
2008,10,19,0,30,19.6,0,0,0,0,0,0,76.35000000000001
2008,10,19,1,30,18.400000000000002,0,0,0,0,0,0,78.43
2008,10,19,2,30,17.5,0,0,0,0,0,0,80.39
2008,10,19,3,30,16.6,0,0,0,0,0,0,83.35000000000001
2008,10,19,4,30,15.700000000000001,0,0,0,0,0,0,85.74
2008,10,19,5,30,14.8,0,0,0,0,0,0,88.11
2008,10,19,6,30,14,0,0,0,0,0,0,90.62
2008,10,19,7,30,13.4,0,0,0,0,0,0,92.26
2008,10,19,8,30,12.8,0,0,0,0,0,0,94.21000000000001
2008,10,19,9,30,12.4,0,0,0,0,0,0,95.31
2008,10,19,10,30,12.200000000000001,0,0,0,0,0,0,95.41
2008,10,19,11,30,12,0,0,0,0,0,0,95.73
2008,10,19,12,30,12.100000000000001,0,0,0,0,0,0,94.38
2008,10,19,13,30,13.3,44,110,445,445,44,110,86.88
2008,10,19,14,30,15.5,72,347,733,733,72,347,75.63
2008,10,19,15,30,18.2,87,573,850,850,87,573,64.02
2008,10,19,16,30,20.8,96,755,911,911,96,755,54.910000000000004
2008,10,19,17,30,22.8,103,874,937,937,103,874,49.26
2008,10,19,18,30,24.1,105,920,946,946,105,920,46.550000000000004
2008,10,19,19,30,24.6,108,887,929,929,108,887,45.94
2008,10,19,20,30,24.3,114,777,881,881,114,777,47.31
2008,10,19,21,30,23.6,109,606,812,812,109,606,49.93
2008,10,19,22,30,22.700000000000003,96,389,687,687,96,389,53.93
2008,10,19,23,30,21.5,63,155,445,445,63,155,61.71
2008,10,20,0,30,20.200000000000003,0,0,0,0,0,0,73.71000000000001
2008,10,20,1,30,19.200000000000003,0,0,0,0,0,0,76.68
2008,10,20,2,30,18.2,0,0,0,0,0,0,79.3
2008,10,20,3,30,17.3,0,0,0,0,0,0,82.15
2008,10,20,4,30,16.3,0,0,0,0,0,0,86.11
2008,10,20,5,30,15.5,0,0,0,0,0,0,87.42
2008,10,20,6,30,14.600000000000001,0,0,0,0,0,0,89.84
2008,10,20,7,30,13.9,0,0,0,0,0,0,91.65
2008,10,20,8,30,13.3,0,0,0,0,0,0,93.57000000000001
2008,10,20,9,30,12.8,0,0,0,0,0,0,95.48
2008,10,20,10,30,12.4,0,0,0,0,0,0,97.09
2008,10,20,11,30,12.200000000000001,0,0,0,0,0,0,97.31
2008,10,20,12,30,12.200000000000001,0,0,0,0,0,0,95.98
2008,10,20,13,30,13.200000000000001,49,105,379,379,49,105,88.2
2008,10,20,14,30,15.600000000000001,83,342,694,694,83,342,74.60000000000001
2008,10,20,15,30,18.6,96,571,835,835,96,571,62.93
2008,10,20,16,30,21.5,103,756,906,906,103,756,54.14
2008,10,20,17,30,23.700000000000003,106,875,938,938,106,875,48.58
2008,10,20,18,30,25.200000000000003,107,924,952,952,107,924,44.95
2008,10,20,19,30,26.200000000000003,106,892,941,941,106,892,42.51
2008,10,20,20,30,26.400000000000002,105,784,906,906,105,784,42.15
2008,10,20,21,30,25.900000000000002,100,614,843,843,100,614,43.37
2008,10,20,22,30,24.8,89,393,719,719,89,393,46.7
2008,10,20,23,30,23.1,60,155,466,466,60,155,55.93
2008,10,21,0,30,21.3,0,0,0,0,0,0,70.54
2008,10,21,1,30,20.1,0,0,0,0,0,0,76.19
2008,10,21,2,30,19.3,0,0,0,0,0,0,80.47
2008,10,21,3,30,18.7,0,0,0,0,0,0,83.38
2008,10,21,4,30,18,0,0,0,0,0,0,87.82000000000001
2008,10,21,5,30,17.400000000000002,0,0,0,0,0,0,90.79
2008,10,21,6,30,16.7,0,0,0,0,0,0,92.31
2008,10,21,7,30,16,0,0,0,0,0,0,92.4
2008,10,21,8,30,15.3,0,0,0,0,0,0,93.2
2008,10,21,9,30,14.700000000000001,0,0,0,0,0,0,93.92
2008,10,21,10,30,14.200000000000001,0,0,0,0,0,0,94.62
2008,10,21,11,30,13.8,0,0,0,0,0,0,94.59
2008,10,21,12,30,13.700000000000001,0,0,0,0,0,0,92.91
2008,10,21,13,30,14.5,57,96,267,267,57,96,86.13
2008,10,21,14,30,16.7,108,322,576,576,108,322,73.98
2008,10,21,15,30,19.700000000000003,131,545,732,732,131,545,63.26
2008,10,21,16,30,22.3,140,730,822,822,140,730,56.6
2008,10,21,17,30,23.700000000000003,144,851,866,866,144,851,51.300000000000004
2008,10,21,18,30,24.3,105,915,947,947,105,915,48.28
2008,10,21,19,30,24.5,108,884,933,933,108,884,46.800000000000004
2008,10,21,20,30,24.200000000000003,108,778,899,899,108,778,47.2
2008,10,21,21,30,23.700000000000003,103,607,833,833,103,607,48.730000000000004
2008,10,21,22,30,23,88,390,720,372,173,329,51.69
2008,10,21,23,30,21.3,56,155,491,281,93,150,60.72
2008,10,22,0,30,19.3,0,0,0,0,0,0,78.37
2008,10,22,1,30,18.3,0,0,0,0,0,0,81.83
2008,10,22,2,30,17.7,0,0,0,0,0,0,84.76
2008,10,22,3,30,17.400000000000002,0,0,0,0,0,0,85.87
2008,10,22,4,30,17.400000000000002,0,0,0,0,0,0,85.03
2008,10,22,5,30,17.2,0,0,0,0,0,0,85.71000000000001
2008,10,22,6,30,16.7,0,0,0,0,0,0,88.2
2008,10,22,7,30,16.2,0,0,0,0,0,0,89.84
2008,10,22,8,30,15.600000000000001,0,0,0,0,0,0,91.29
2008,10,22,9,30,15,0,0,0,0,0,0,92.18
2008,10,22,10,30,14.5,0,0,0,0,0,0,92.39
2008,10,22,11,30,13.9,0,0,0,0,0,0,93.17
2008,10,22,12,30,13.600000000000001,0,0,0,0,0,0,92.07000000000001
2008,10,22,13,30,13.8,54,97,294,294,54,97,89.12
2008,10,22,14,30,14.9,102,323,601,33,204,216,82.23
2008,10,22,15,30,16.900000000000002,124,548,753,37,282,302,74.29
2008,10,22,16,30,19.8,133,734,839,229,417,581,61.77
2008,10,22,17,30,22.1,135,858,889,585,276,752,48.93
2008,10,22,18,30,23.200000000000003,119,915,933,647,229,781,42.29
2008,10,22,19,30,23.700000000000003,116,885,929,929,116,885,39.33
2008,10,22,20,30,23.700000000000003,108,784,910,530,274,668,37.77
2008,10,22,21,30,23.3,100,615,854,0,65,65,37.79
2008,10,22,22,30,22.5,81,398,761,0,62,62,40.21
2008,10,22,23,30,21.400000000000002,53,158,536,6,68,69,46.52
2008,10,23,0,30,20.1,0,0,0,0,0,0,50.480000000000004
2008,10,23,1,30,19,0,0,0,0,0,0,54.59
2008,10,23,2,30,18.1,0,0,0,0,0,0,59.7
2008,10,23,3,30,17.400000000000002,0,0,0,0,0,0,64.67
2008,10,23,4,30,17,0,0,0,0,0,0,67.18
2008,10,23,5,30,16.900000000000002,0,0,0,0,0,0,67.09
2008,10,23,6,30,16.5,0,0,0,0,0,0,67.66
2008,10,23,7,30,15.700000000000001,0,0,0,0,0,0,71.2
2008,10,23,8,30,15.100000000000001,0,0,0,0,0,0,73.62
2008,10,23,9,30,14.600000000000001,0,0,0,0,0,0,74.84
2008,10,23,10,30,14,0,0,0,0,0,0,77.2
2008,10,23,11,30,13.200000000000001,0,0,0,0,0,0,81.86
2008,10,23,12,30,12.700000000000001,0,0,0,0,0,0,84.95
2008,10,23,13,30,13.4,40,107,468,468,40,107,83.68
2008,10,23,14,30,14.600000000000001,68,345,755,755,68,345,82.34
2008,10,23,15,30,16.400000000000002,85,571,867,867,85,571,73.91
2008,10,23,16,30,19.1,96,754,924,924,96,754,58.97
2008,10,23,17,30,21.3,104,871,947,645,253,776,45.730000000000004
2008,10,23,18,30,22.3,112,914,945,645,264,812,43.44
2008,10,23,19,30,22.6,112,881,933,551,263,717,44.27
2008,10,23,20,30,22.5,110,774,899,526,244,633,46.1
2008,10,23,21,30,22.3,105,601,827,170,288,390,47.95
2008,10,23,22,30,21.6,89,382,709,467,157,350,52.32
2008,10,23,23,30,20.400000000000002,57,147,464,24,93,97,65.01
2008,10,24,0,30,19.1,0,0,0,0,0,0,70.89
2008,10,24,1,30,18.3,0,0,0,0,0,0,74.22
2008,10,24,2,30,17.6,0,0,0,0,0,0,79.18
2008,10,24,3,30,17,0,0,0,0,0,0,83.82000000000001
2008,10,24,4,30,16.5,0,0,0,0,0,0,88.03
2008,10,24,5,30,16.2,0,0,0,0,0,0,91.08
2008,10,24,6,30,16,0,0,0,0,0,0,93.19
2008,10,24,7,30,15.9,0,0,0,0,0,0,93.88
2008,10,24,8,30,15.8,0,0,0,0,0,0,93.61
2008,10,24,9,30,15.700000000000001,0,0,0,0,0,0,92.75
2008,10,24,10,30,15.3,0,0,0,0,0,0,93.56
2008,10,24,11,30,14.8,0,0,0,0,0,0,94.91
2008,10,24,12,30,14.600000000000001,0,0,0,0,0,0,94.13
2008,10,24,13,30,15.4,52,93,288,0,29,29,88.94
2008,10,24,14,30,17.1,98,318,603,0,27,27,80.67
2008,10,24,15,30,18.900000000000002,123,539,744,1,101,101,69.96000000000001
2008,10,24,16,30,20.3,138,718,817,68,344,392,63.47
2008,10,24,17,30,21,145,835,854,59,370,417,60.34
2008,10,24,18,30,21.200000000000003,249,845,705,1,327,328,59.43
2008,10,24,19,30,20.900000000000002,243,815,697,0,237,238,60.36
2008,10,24,20,30,20.400000000000002,226,713,662,1,176,177,62.11
2008,10,24,21,30,19.700000000000003,200,550,587,1,140,141,64.97
2008,10,24,22,30,18.900000000000002,158,342,448,6,122,125,69.12
2008,10,24,23,30,17.900000000000002,84,124,209,0,50,50,76.39
2008,10,25,0,30,17,0,0,0,0,0,0,83.9
2008,10,25,1,30,16.6,0,0,0,0,0,0,86.49
2008,10,25,2,30,16.3,0,0,0,0,0,0,87.86
2008,10,25,3,30,15.9,0,0,0,0,0,0,90.09
2008,10,25,4,30,15.600000000000001,0,0,0,0,0,0,91.93
2008,10,25,5,30,15.3,0,0,0,0,0,0,93.98
2008,10,25,6,30,15.100000000000001,0,0,0,0,0,0,95.02
2008,10,25,7,30,14.9,0,0,0,0,0,0,96.05
2008,10,25,8,30,14.700000000000001,0,0,0,0,0,0,96.74000000000001
2008,10,25,9,30,14.5,0,0,0,0,0,0,96.96000000000001
2008,10,25,10,30,14.3,0,0,0,0,0,0,96.93
2008,10,25,11,30,14.100000000000001,0,0,0,0,0,0,96.46000000000001
2008,10,25,12,30,13.9,0,0,0,0,0,0,95.64
2008,10,25,13,30,14.3,52,91,275,2,48,49,91.72
2008,10,25,14,30,15.200000000000001,94,315,610,0,36,36,86.63
2008,10,25,15,30,16.6,112,537,764,5,231,234,77.82000000000001
2008,10,25,16,30,18.400000000000002,119,719,849,1,256,256,69.05
2008,10,25,17,30,20.3,118,842,899,348,420,700,60.89
2008,10,25,18,30,21.400000000000002,95,897,952,2,332,334,55.730000000000004
2008,10,25,19,30,21.700000000000003,92,868,949,403,318,648,53.2
2008,10,25,20,30,21.5,88,765,925,627,216,675,53.01
2008,10,25,21,30,20.8,103,588,819,521,202,511,55.04
2008,10,25,22,30,19.8,85,374,710,439,164,342,59.69
2008,10,25,23,30,18.1,54,143,474,474,54,143,72.91
2008,10,26,0,30,16.7,0,0,0,0,0,0,83.92
2008,10,26,1,30,16,0,0,0,0,0,0,85.47
2008,10,26,2,30,15.600000000000001,0,0,0,0,0,0,86.99
2008,10,26,3,30,15.100000000000001,0,0,0,0,0,0,89.08
2008,10,26,4,30,14.700000000000001,0,0,0,0,0,0,90.42
2008,10,26,5,30,14.3,0,0,0,0,0,0,91.58
2008,10,26,6,30,13.700000000000001,0,0,0,0,0,0,93.09
2008,10,26,7,30,13.100000000000001,0,0,0,0,0,0,93.55
2008,10,26,8,30,12.600000000000001,0,0,0,0,0,0,93.47
2008,10,26,9,30,12.100000000000001,0,0,0,0,0,0,93.53
2008,10,26,10,30,11.8,0,0,0,0,0,0,93.15
2008,10,26,11,30,11.5,0,0,0,0,0,0,93.5
2008,10,26,12,30,11.5,0,0,0,0,0,0,92.51
2008,10,26,13,30,12.700000000000001,39,103,467,1,49,49,85.64
2008,10,26,14,30,15.200000000000001,67,341,759,11,174,177,73.29
2008,10,26,15,30,18.2,81,569,882,290,295,455,57.53
2008,10,26,16,30,21.1,88,753,944,944,88,753,40.4
2008,10,26,17,30,23.200000000000003,93,871,970,970,93,871,30.330000000000002
2008,10,26,18,30,24.400000000000002,95,917,979,979,95,917,27.92
2008,10,26,19,30,25.1,96,886,969,969,96,886,27.45
2008,10,26,20,30,25.3,94,780,940,940,94,780,28.34
2008,10,26,21,30,25,87,608,883,883,87,608,29.87
2008,10,26,22,30,24.200000000000003,74,388,779,148,230,290,32.8
2008,10,26,23,30,22.6,48,149,545,1,62,62,44.75
2008,10,27,0,30,20.8,0,0,0,0,0,0,52.910000000000004
2008,10,27,1,30,19.6,0,0,0,0,0,0,52.160000000000004
2008,10,27,2,30,18.7,0,0,0,0,0,0,53.69
2008,10,27,3,30,17.2,0,0,0,0,0,0,57.42
2008,10,27,4,30,15.200000000000001,0,0,0,0,0,0,66.08
2008,10,27,5,30,13.700000000000001,0,0,0,0,0,0,73.9
2008,10,27,6,30,12.700000000000001,0,0,0,0,0,0,79.02
2008,10,27,7,30,11.9,0,0,0,0,0,0,83.46000000000001
2008,10,27,8,30,11.3,0,0,0,0,0,0,87.06
2008,10,27,9,30,11.100000000000001,0,0,0,0,0,0,88.53
2008,10,27,10,30,11.100000000000001,0,0,0,0,0,0,89.34
2008,10,27,11,30,11.100000000000001,0,0,0,0,0,0,89.37
2008,10,27,12,30,11.3,0,0,0,0,0,0,87.55
2008,10,27,13,30,12.600000000000001,42,100,426,3,64,65,80.07000000000001
2008,10,27,14,30,14.600000000000001,78,332,709,709,78,332,70.9
2008,10,27,15,30,16.6,101,553,820,36,277,296,62.59
2008,10,27,16,30,18.2,119,733,875,875,119,733,53.71
2008,10,27,17,30,19.1,132,848,897,11,381,390,48.88
2008,10,27,18,30,19.5,132,893,910,351,455,749,48.11
2008,10,27,19,30,19.6,131,861,899,899,131,861,50.17
2008,10,27,20,30,19.400000000000002,123,755,871,871,123,755,53.36
2008,10,27,21,30,19.1,109,585,811,237,328,467,56.09
2008,10,27,22,30,18.2,92,369,692,692,92,369,62.18
2008,10,27,23,30,17,58,137,432,1,75,75,70.37
2008,10,28,0,30,16,0,0,0,0,0,0,74.58
2008,10,28,1,30,15.5,0,0,0,0,0,0,76.25
2008,10,28,2,30,15.100000000000001,0,0,0,0,0,0,78.19
2008,10,28,3,30,14.700000000000001,0,0,0,0,0,0,80.07000000000001
2008,10,28,4,30,14.100000000000001,0,0,0,0,0,0,82.19
2008,10,28,5,30,13.3,0,0,0,0,0,0,83.54
2008,10,28,6,30,12.4,0,0,0,0,0,0,83.25
2008,10,28,7,30,11.700000000000001,0,0,0,0,0,0,80.59
2008,10,28,8,30,11.3,0,0,0,0,0,0,77.61
2008,10,28,9,30,10.9,0,0,0,0,0,0,76.07000000000001
2008,10,28,10,30,10.8,0,0,0,0,0,0,74.79
2008,10,28,11,30,10.700000000000001,0,0,0,0,0,0,75.25
2008,10,28,12,30,10.8,0,0,0,0,0,0,75.52
2008,10,28,13,30,11.4,42,95,392,0,20,20,74.2
2008,10,28,14,30,12.700000000000001,76,325,700,8,151,154,70.89
2008,10,28,15,30,14.4,94,548,828,12,245,252,66.54
2008,10,28,16,30,16.5,105,726,888,355,360,608,60.63
2008,10,28,17,30,18.5,113,844,918,286,361,589,55.230000000000004
2008,10,28,18,30,20,120,886,919,4,365,369,51.13
2008,10,28,19,30,21,122,854,906,411,344,676,48.99
2008,10,28,20,30,21.3,118,750,874,199,354,498,48.9
2008,10,28,21,30,21,108,581,811,261,270,422,50.43
2008,10,28,22,30,19.900000000000002,89,368,700,280,180,292,55.25
2008,10,28,23,30,17.900000000000002,55,137,450,17,80,84,68.08
2008,10,29,0,30,15.9,0,0,0,0,0,0,77.38
2008,10,29,1,30,14.700000000000001,0,0,0,0,0,0,78.14
2008,10,29,2,30,13.600000000000001,0,0,0,0,0,0,78.31
2008,10,29,3,30,12.600000000000001,0,0,0,0,0,0,78.54
2008,10,29,4,30,11.700000000000001,0,0,0,0,0,0,80.24
2008,10,29,5,30,10.9,0,0,0,0,0,0,82.60000000000001
2008,10,29,6,30,10.3,0,0,0,0,0,0,84.81
2008,10,29,7,30,10,0,0,0,0,0,0,85.8
2008,10,29,8,30,9.700000000000001,0,0,0,0,0,0,86.94
2008,10,29,9,30,9.600000000000001,0,0,0,0,0,0,86.78
2008,10,29,10,30,9.5,0,0,0,0,0,0,86.60000000000001
2008,10,29,11,30,9.4,0,0,0,0,0,0,86.27
2008,10,29,12,30,9.5,0,0,0,0,0,0,84.81
2008,10,29,13,30,10.3,44,92,366,2,40,40,79.72
2008,10,29,14,30,12.200000000000001,80,321,681,190,176,243,69.61
2008,10,29,15,30,14.700000000000001,98,544,818,247,262,397,60.620000000000005
2008,10,29,16,30,17.400000000000002,109,723,883,137,411,506,53.04
2008,10,29,17,30,19.700000000000003,116,841,914,423,330,666,48
2008,10,29,18,30,21.200000000000003,122,886,921,632,231,755,44.89
2008,10,29,19,30,22,124,852,904,254,387,591,43.58
2008,10,29,20,30,22.1,122,744,864,582,217,636,44.65
2008,10,29,21,30,21.700000000000003,111,577,803,167,283,380,46.63
2008,10,29,22,30,20.6,92,362,684,87,205,239,52.46
2008,10,29,23,30,18.900000000000002,56,133,427,8,70,71,68.89
2008,10,30,0,30,17.3,0,0,0,0,0,0,75.16
2008,10,30,1,30,16.5,0,0,0,0,0,0,74.26
2008,10,30,2,30,15.9,0,0,0,0,0,0,74.74
2008,10,30,3,30,15.200000000000001,0,0,0,0,0,0,75.47
2008,10,30,4,30,14.3,0,0,0,0,0,0,78.54
2008,10,30,5,30,13.5,0,0,0,0,0,0,79.94
2008,10,30,6,30,12.700000000000001,0,0,0,0,0,0,80.8
2008,10,30,7,30,11.9,0,0,0,0,0,0,82.77
2008,10,30,8,30,11.3,0,0,0,0,0,0,85.06
2008,10,30,9,30,10.8,0,0,0,0,0,0,87.85000000000001
2008,10,30,10,30,10.4,0,0,0,0,0,0,90.2
2008,10,30,11,30,10.100000000000001,0,0,0,0,0,0,91.93
2008,10,30,12,30,10.100000000000001,0,0,0,0,0,0,91.39
2008,10,30,13,30,11.3,48,87,304,304,48,87,84.43
2008,10,30,14,30,14,92,314,631,631,92,314,71.76
2008,10,30,15,30,17.3,112,537,783,783,112,537,60.47
2008,10,30,16,30,20.400000000000002,120,719,865,265,393,576,51.07
2008,10,30,17,30,22.5,124,839,906,368,419,710,42.93
2008,10,30,18,30,23.900000000000002,117,889,934,934,117,889,38.57
2008,10,30,19,30,24.700000000000003,116,858,926,19,394,409,36.32
2008,10,30,20,30,24.900000000000002,111,753,895,353,378,631,35.79
2008,10,30,21,30,24.700000000000003,105,583,828,828,105,583,36.21
2008,10,30,22,30,23.8,88,364,703,66,227,253,38.04
2008,10,30,23,30,21.700000000000003,55,132,439,108,92,111,49.35
2008,10,31,0,30,19.6,0,0,0,0,0,0,64.33
2008,10,31,1,30,18.3,0,0,0,0,0,0,65.45
2008,10,31,2,30,17,0,0,0,0,0,0,70.64
2008,10,31,3,30,15.9,0,0,0,0,0,0,74.75
2008,10,31,4,30,15,0,0,0,0,0,0,75.98
2008,10,31,5,30,14.100000000000001,0,0,0,0,0,0,77.85000000000001
2008,10,31,6,30,13.4,0,0,0,0,0,0,81.35000000000001
2008,10,31,7,30,12.8,0,0,0,0,0,0,84.75
2008,10,31,8,30,12.3,0,0,0,0,0,0,87.62
2008,10,31,9,30,12,0,0,0,0,0,0,89.51
2008,10,31,10,30,11.700000000000001,0,0,0,0,0,0,91.3
2008,10,31,11,30,11.4,0,0,0,0,0,0,92.93
2008,10,31,12,30,11.3,0,0,0,0,0,0,92.71000000000001
2008,10,31,13,30,12.5,45,86,315,315,45,86,85.36
2008,10,31,14,30,14.9,86,312,648,648,86,312,73.64
2008,10,31,15,30,17.900000000000002,103,535,799,799,103,535,62.440000000000005
2008,10,31,16,30,20.8,111,717,879,265,388,570,54.300000000000004
2008,10,31,17,30,23,114,837,920,920,114,837,48.050000000000004
2008,10,31,18,30,24.5,112,887,940,940,112,887,43.77
2008,10,31,19,30,25.400000000000002,109,857,936,936,109,857,40.4
2008,10,31,20,30,25.700000000000003,102,754,914,914,102,754,38.13
2008,10,31,21,30,25.5,94,585,854,854,94,585,37.13
2008,10,31,22,30,24.5,77,370,751,751,77,370,37.69
2008,10,31,23,30,21.8,47,136,511,511,47,136,49.84
2008,11,1,0,30,19,0,0,0,0,0,0,64.21000000000001
2008,11,1,1,30,17.400000000000002,0,0,0,0,0,0,64.19
2008,11,1,2,30,15.9,0,0,0,0,0,0,68.26
2008,11,1,3,30,14.5,0,0,0,0,0,0,72.51
2008,11,1,4,30,13.3,0,0,0,0,0,0,77.37
2008,11,1,5,30,12.4,0,0,0,0,0,0,81.79
2008,11,1,6,30,11.700000000000001,0,0,0,0,0,0,86.03
2008,11,1,7,30,11.3,0,0,0,0,0,0,88.98
2008,11,1,8,30,11,0,0,0,0,0,0,91.67
2008,11,1,9,30,10.8,0,0,0,0,0,0,93.8
2008,11,1,10,30,10.600000000000001,0,0,0,0,0,0,95.72
2008,11,1,11,30,10.4,0,0,0,0,0,0,97.12
2008,11,1,12,30,10.4,0,0,0,0,0,0,96.58
2008,11,1,13,30,11.700000000000001,50,83,265,265,50,83,88.66
2008,11,1,14,30,14.5,95,309,618,618,95,309,74.68
2008,11,1,15,30,17.6,111,536,790,790,111,536,62.620000000000005
2008,11,1,16,30,20.400000000000002,119,721,876,876,119,721,54.88
2008,11,1,17,30,22.400000000000002,120,843,923,923,120,843,49.89
2008,11,1,18,30,23.700000000000003,99,898,973,973,99,898,45.93
2008,11,1,19,30,24.5,98,869,970,970,98,869,42.53
2008,11,1,20,30,24.8,93,764,945,945,93,764,40.15
2008,11,1,21,30,24.6,87,592,884,884,87,592,39.33
2008,11,1,22,30,23.6,73,374,776,776,73,374,40.9
2008,11,1,23,30,21.200000000000003,47,137,524,524,47,137,52.45
2008,11,2,0,30,18.6,0,0,0,0,0,0,67.2
2008,11,2,1,30,17.2,0,0,0,0,0,0,67.09
2008,11,2,2,30,16.2,0,0,0,0,0,0,69.46000000000001
2008,11,2,3,30,15.4,0,0,0,0,0,0,72.7
2008,11,2,4,30,14.3,0,0,0,0,0,0,76.98
2008,11,2,5,30,13.100000000000001,0,0,0,0,0,0,82.35000000000001
2008,11,2,6,30,12.100000000000001,0,0,0,0,0,0,86.76
2008,11,2,7,30,11.200000000000001,0,0,0,0,0,0,91.74
2008,11,2,8,30,10.5,0,0,0,0,0,0,95.86
2008,11,2,9,30,10,0,0,0,0,0,0,99.49000000000001
2008,11,2,10,30,9.9,0,0,0,0,0,0,100
2008,11,2,11,30,9.9,0,0,0,0,0,0,100
2008,11,2,12,30,10,0,0,0,0,0,0,98.67
2008,11,2,13,30,11.4,40,89,391,391,40,89,89.04
2008,11,2,14,30,14.100000000000001,72,321,724,724,72,321,75.46000000000001
2008,11,2,15,30,17.5,84,547,864,864,84,547,62.4
2008,11,2,16,30,20.6,90,732,938,938,90,732,52.93
2008,11,2,17,30,22.6,91,853,976,976,91,853,45.37
2008,11,2,18,30,23.900000000000002,89,900,992,992,89,900,40.46
2008,11,2,19,30,24.5,88,869,986,986,88,869,38.54
2008,11,2,20,30,24.6,83,764,962,962,83,764,37.910000000000004
2008,11,2,21,30,24.3,76,594,911,911,76,594,37.84
2008,11,2,22,30,23.400000000000002,63,376,813,813,63,376,39.39
2008,11,2,23,30,21.400000000000002,40,138,576,576,40,138,46.85
2008,11,3,0,30,19.400000000000002,0,0,0,0,0,0,58.64
2008,11,3,1,30,18.2,0,0,0,0,0,0,60.29
2008,11,3,2,30,17.3,0,0,0,0,0,0,63.370000000000005
2008,11,3,3,30,16.7,0,0,0,0,0,0,64.93
2008,11,3,4,30,15.8,0,0,0,0,0,0,67.78
2008,11,3,5,30,14.200000000000001,0,0,0,0,0,0,74.92
2008,11,3,6,30,12.700000000000001,0,0,0,0,0,0,82.25
2008,11,3,7,30,11.5,0,0,0,0,0,0,88.53
2008,11,3,8,30,10.600000000000001,0,0,0,0,0,0,93.33
2008,11,3,9,30,10,0,0,0,0,0,0,96.56
2008,11,3,10,30,9.600000000000001,0,0,0,0,0,0,98.68
2008,11,3,11,30,9.3,0,0,0,0,0,0,100
2008,11,3,12,30,9.4,0,0,0,0,0,0,99.8
2008,11,3,13,30,11,41,86,370,370,41,86,89.86
2008,11,3,14,30,14.100000000000001,75,318,710,710,75,318,75.04
2008,11,3,15,30,17.7,89,545,858,858,89,545,61.15
2008,11,3,16,30,21,94,728,931,931,94,728,48.5
2008,11,3,17,30,23.1,98,848,965,965,98,848,39.46
2008,11,3,18,30,24.3,101,894,975,975,101,894,35.21
2008,11,3,19,30,24.8,100,863,966,966,100,863,33.36
2008,11,3,20,30,25,96,758,939,939,96,758,32.44
2008,11,3,21,30,24.700000000000003,89,587,879,879,89,587,32.46
2008,11,3,22,30,23.8,73,368,771,771,73,368,34.02
2008,11,3,23,30,21.6,46,132,516,516,46,132,41.88
2008,11,4,0,30,19,0,0,0,0,0,0,59.86
2008,11,4,1,30,17.6,0,0,0,0,0,0,64.47
2008,11,4,2,30,16.5,0,0,0,0,0,0,69.61
2008,11,4,3,30,15.4,0,0,0,0,0,0,76.39
2008,11,4,4,30,14.600000000000001,0,0,0,0,0,0,83.75
2008,11,4,5,30,14.5,0,0,0,0,0,0,88.74
2008,11,4,6,30,14.4,0,0,0,0,0,0,92.41
2008,11,4,7,30,14.3,0,0,0,0,0,0,94.62
2008,11,4,8,30,14.200000000000001,0,0,0,0,0,0,95.84
2008,11,4,9,30,14,0,0,0,0,0,0,97.04
2008,11,4,10,30,13.600000000000001,0,0,0,0,0,0,98.61
2008,11,4,11,30,13.100000000000001,0,0,0,0,0,0,99.89
2008,11,4,12,30,12.700000000000001,0,0,0,0,0,0,99.95
2008,11,4,13,30,13.8,43,81,317,317,43,81,90.95
2008,11,4,14,30,17.1,83,308,664,664,83,308,74.26
2008,11,4,15,30,20.5,98,533,821,821,98,533,57
2008,11,4,16,30,22.900000000000002,109,714,892,892,109,714,44.96
2008,11,4,17,30,24.3,118,832,922,922,118,832,39.95
2008,11,4,18,30,25,102,886,966,966,102,886,38.14
2008,11,4,19,30,25.3,106,851,947,947,106,851,38.33
2008,11,4,20,30,25,106,744,910,910,106,744,39.6
2008,11,4,21,30,24.400000000000002,95,574,849,849,95,574,41.410000000000004
2008,11,4,22,30,23.3,85,355,712,712,85,355,45.01
2008,11,4,23,30,21.200000000000003,53,123,423,118,89,108,53.63
2008,11,5,0,30,18.900000000000002,0,0,0,0,0,0,71.96000000000001
2008,11,5,1,30,17.5,0,0,0,0,0,0,77.62
2008,11,5,2,30,16.5,0,0,0,0,0,0,83.52
2008,11,5,3,30,15.8,0,0,0,0,0,0,89.07000000000001
2008,11,5,4,30,15.3,0,0,0,0,0,0,93.45
2008,11,5,5,30,14.700000000000001,0,0,0,0,0,0,97.75
2008,11,5,6,30,14.200000000000001,0,0,0,0,0,0,100
2008,11,5,7,30,13.8,0,0,0,0,0,0,100
2008,11,5,8,30,13.5,0,0,0,0,0,0,100
2008,11,5,9,30,13.3,0,0,0,0,0,0,100
2008,11,5,10,30,13.100000000000001,0,0,0,0,0,0,100
2008,11,5,11,30,13,0,0,0,0,0,0,100
2008,11,5,12,30,13.100000000000001,0,0,0,0,0,0,100
2008,11,5,13,30,14.4,40,81,348,348,40,81,93.53
2008,11,5,14,30,17.3,76,306,684,684,76,306,79.49
2008,11,5,15,30,20.400000000000002,90,532,838,838,90,532,63.7
2008,11,5,16,30,22.900000000000002,99,712,908,186,398,523,50.51
2008,11,5,17,30,24.400000000000002,107,829,937,937,107,829,43.88
2008,11,5,18,30,25.1,131,867,911,911,131,867,41.660000000000004
2008,11,5,19,30,25.5,130,836,901,901,130,836,40.62
2008,11,5,20,30,25.400000000000002,124,732,870,870,124,732,40.910000000000004
2008,11,5,21,30,24.8,129,556,761,761,129,556,42.04
2008,11,5,22,30,23.700000000000003,108,341,616,616,108,341,45.08
2008,11,5,23,30,21.400000000000002,61,116,335,11,87,88,56.050000000000004
2008,11,6,0,30,19.1,0,0,0,0,0,0,73.56
2008,11,6,1,30,17.7,0,0,0,0,0,0,78.48
2008,11,6,2,30,16.6,0,0,0,0,0,0,85.68
2008,11,6,3,30,15.9,0,0,0,0,0,0,91.61
2008,11,6,4,30,15.4,0,0,0,0,0,0,95.88
2008,11,6,5,30,14.9,0,0,0,0,0,0,99.73
2008,11,6,6,30,14.4,0,0,0,0,0,0,100
2008,11,6,7,30,14,0,0,0,0,0,0,100
2008,11,6,8,30,13.8,0,0,0,0,0,0,100
2008,11,6,9,30,13.5,0,0,0,0,0,0,100
2008,11,6,10,30,13.3,0,0,0,0,0,0,100
2008,11,6,11,30,13.100000000000001,0,0,0,0,0,0,100
2008,11,6,12,30,13.200000000000001,0,0,0,0,0,0,100
2008,11,6,13,30,14.4,42,78,309,309,42,78,93.92
2008,11,6,14,30,17,83,303,660,660,83,303,80.46000000000001
2008,11,6,15,30,20,98,528,820,57,297,327,66.76
2008,11,6,16,30,22.5,107,710,897,897,107,710,54.7
2008,11,6,17,30,24.200000000000003,111,829,935,935,111,829,46.18
2008,11,6,18,30,25.400000000000002,99,880,970,970,99,880,41.04
2008,11,6,19,30,26.1,96,850,966,966,96,850,38.24
2008,11,6,20,30,26.200000000000003,90,747,943,943,90,747,37.2
2008,11,6,21,30,25.8,82,576,884,884,82,576,37.37
2008,11,6,22,30,24.8,69,359,771,771,69,359,39.24
2008,11,6,23,30,22.6,45,125,493,493,45,125,47.56
2008,11,7,0,30,20.400000000000002,0,0,0,0,0,0,65.52
2008,11,7,1,30,18.8,0,0,0,0,0,0,72.32000000000001
2008,11,7,2,30,17.6,0,0,0,0,0,0,76.66
2008,11,7,3,30,16.6,0,0,0,0,0,0,81.69
2008,11,7,4,30,15.8,0,0,0,0,0,0,86.88
2008,11,7,5,30,15.200000000000001,0,0,0,0,0,0,91.08
2008,11,7,6,30,14.9,0,0,0,0,0,0,92.82000000000001
2008,11,7,7,30,14.600000000000001,0,0,0,0,0,0,93.96000000000001
2008,11,7,8,30,14.200000000000001,0,0,0,0,0,0,95.14
2008,11,7,9,30,13.600000000000001,0,0,0,0,0,0,96.94
2008,11,7,10,30,13.100000000000001,0,0,0,0,0,0,97.49000000000001
2008,11,7,11,30,12.5,0,0,0,0,0,0,98.07000000000001
2008,11,7,12,30,12.200000000000001,0,0,0,0,0,0,96.67
2008,11,7,13,30,13.4,37,79,366,366,37,79,87.27
2008,11,7,14,30,16.7,71,306,711,711,71,306,71.5
2008,11,7,15,30,20.3,86,531,854,43,279,301,56.980000000000004
2008,11,7,16,30,22.8,95,712,923,923,95,712,48.050000000000004
2008,11,7,17,30,24.400000000000002,102,828,948,948,102,828,42.95
2008,11,7,18,30,25.3,121,866,929,929,121,866,40.32
2008,11,7,19,30,25.5,127,832,907,907,127,832,39.34
2008,11,7,20,30,25,128,723,859,859,128,723,39.92
2008,11,7,21,30,23.900000000000002,128,549,758,758,128,549,42.67
2008,11,7,22,30,22.5,103,337,625,625,103,337,49.09
2008,11,7,23,30,20.400000000000002,58,113,340,340,58,113,63.09
2008,11,8,0,30,18.2,0,0,0,0,0,0,76.14
2008,11,8,1,30,16.7,0,0,0,0,0,0,81.41
2008,11,8,2,30,15.8,0,0,0,0,0,0,85.94
2008,11,8,3,30,15.3,0,0,0,0,0,0,88.97
2008,11,8,4,30,15.100000000000001,0,0,0,0,0,0,90.27
2008,11,8,5,30,15,0,0,0,0,0,0,90.60000000000001
2008,11,8,6,30,14.9,0,0,0,0,0,0,90.88
2008,11,8,7,30,14.3,0,0,0,0,0,0,94.02
2008,11,8,8,30,13.600000000000001,0,0,0,0,0,0,98.17
2008,11,8,9,30,13.100000000000001,0,0,0,0,0,0,100
2008,11,8,10,30,12.700000000000001,0,0,0,0,0,0,100
2008,11,8,11,30,12.200000000000001,0,0,0,0,0,0,100
2008,11,8,12,30,12,0,0,0,0,0,0,100
2008,11,8,13,30,13.600000000000001,46,69,208,208,46,69,95.11
2008,11,8,14,30,17.2,103,285,553,553,103,285,77.26
2008,11,8,15,30,20.6,127,505,730,730,127,505,59.85
2008,11,8,16,30,22.8,141,684,814,814,141,684,49.78
2008,11,8,17,30,24.1,151,801,853,853,151,801,45.1
2008,11,8,18,30,24.900000000000002,117,861,932,932,117,861,42.76
2008,11,8,19,30,25.200000000000003,120,830,916,916,120,830,41.82
2008,11,8,20,30,25.1,120,722,871,871,120,722,41.75
2008,11,8,21,30,24.5,112,553,798,798,112,553,43.15
2008,11,8,22,30,23.400000000000002,95,339,655,655,95,339,46.31
2008,11,8,23,30,21.1,56,113,364,364,56,113,56.94
2008,11,9,0,30,18.7,0,0,0,0,0,0,75.19
2008,11,9,1,30,17.2,0,0,0,0,0,0,80.76
2008,11,9,2,30,16.3,0,0,0,0,0,0,86.11
2008,11,9,3,30,15.4,0,0,0,0,0,0,92.15
2008,11,9,4,30,14.700000000000001,0,0,0,0,0,0,96.83
2008,11,9,5,30,14.200000000000001,0,0,0,0,0,0,99.92
2008,11,9,6,30,13.8,0,0,0,0,0,0,100
2008,11,9,7,30,13.5,0,0,0,0,0,0,100
2008,11,9,8,30,13.3,0,0,0,0,0,0,100
2008,11,9,9,30,13.3,0,0,0,0,0,0,100
2008,11,9,10,30,13.100000000000001,0,0,0,0,0,0,100
2008,11,9,11,30,12.8,0,0,0,0,0,0,100
2008,11,9,12,30,12.700000000000001,0,0,0,0,0,0,100
2008,11,9,13,30,13.9,39,74,314,314,39,74,92.32000000000001
2008,11,9,14,30,16.900000000000002,77,298,680,680,77,298,77.05
2008,11,9,15,30,19.900000000000002,91,523,839,839,91,523,57.27
2008,11,9,16,30,21.700000000000003,100,704,910,910,100,704,47.82
2008,11,9,17,30,22.900000000000002,107,820,939,939,107,820,44.65
2008,11,9,18,30,23.6,102,869,963,963,102,869,43.230000000000004
2008,11,9,19,30,23.8,100,840,958,958,100,840,42.79
2008,11,9,20,30,23.6,94,734,930,930,94,734,43.07
2008,11,9,21,30,23.1,83,568,881,881,83,568,44.61
2008,11,9,22,30,21.900000000000002,68,353,772,772,68,353,48.24
2008,11,9,23,30,19.5,43,122,504,504,43,122,58.300000000000004
2008,11,10,0,30,16.900000000000002,0,0,0,0,0,0,75.79
2008,11,10,1,30,15.5,0,0,0,0,0,0,82.60000000000001
2008,11,10,2,30,14.600000000000001,0,0,0,0,0,0,88.3
2008,11,10,3,30,13.9,0,0,0,0,0,0,93.08
2008,11,10,4,30,13.3,0,0,0,0,0,0,97.02
2008,11,10,5,30,12.9,0,0,0,0,0,0,99.07000000000001
2008,11,10,6,30,12.700000000000001,0,0,0,0,0,0,99.43
2008,11,10,7,30,12.5,0,0,0,0,0,0,100
2008,11,10,8,30,12.3,0,0,0,0,0,0,100
2008,11,10,9,30,12.100000000000001,0,0,0,0,0,0,100
2008,11,10,10,30,12,0,0,0,0,0,0,100
2008,11,10,11,30,11.8,0,0,0,0,0,0,99.5
2008,11,10,12,30,11.600000000000001,0,0,0,0,0,0,98.69
2008,11,10,13,30,12.8,30,80,463,463,30,80,89.61
2008,11,10,14,30,16,54,313,800,800,54,313,72.51
2008,11,10,15,30,19.5,63,540,929,929,63,540,47.56
2008,11,10,16,30,21.6,69,721,987,987,69,721,36.980000000000004
2008,11,10,17,30,22.900000000000002,73,838,1012,1012,73,838,33.87
2008,11,10,18,30,23.8,71,885,1026,1026,71,885,32.36
2008,11,10,19,30,24.3,70,855,1020,1020,70,855,31.85
2008,11,10,20,30,24.3,67,749,994,994,67,749,32.42
2008,11,10,21,30,23.900000000000002,64,580,940,940,64,580,33.980000000000004
2008,11,10,22,30,22.6,54,362,837,837,54,362,37.13
2008,11,10,23,30,19.700000000000003,35,127,594,594,35,127,50.550000000000004
2008,11,11,0,30,16.8,0,0,0,0,0,0,69.33
2008,11,11,1,30,15.5,0,0,0,0,0,0,73.36
2008,11,11,2,30,14.8,0,0,0,0,0,0,77.19
2008,11,11,3,30,14.200000000000001,0,0,0,0,0,0,80.96000000000001
2008,11,11,4,30,13.8,0,0,0,0,0,0,83.8
2008,11,11,5,30,13.5,0,0,0,0,0,0,86.38
2008,11,11,6,30,13.200000000000001,0,0,0,0,0,0,88.94
2008,11,11,7,30,12.8,0,0,0,0,0,0,91.55
2008,11,11,8,30,12.3,0,0,0,0,0,0,94.38
2008,11,11,9,30,11.9,0,0,0,0,0,0,96.34
2008,11,11,10,30,11.3,0,0,0,0,0,0,99.66
2008,11,11,11,30,10.8,0,0,0,0,0,0,100
2008,11,11,12,30,10.600000000000001,0,0,0,0,0,0,100
2008,11,11,13,30,12.3,30,77,453,453,30,77,93.73
2008,11,11,14,30,16,58,308,781,781,58,308,77.36
2008,11,11,15,30,19.8,66,535,920,920,66,535,55.82
2008,11,11,16,30,22.6,70,718,985,985,70,718,39.4
2008,11,11,17,30,24.200000000000003,73,837,1015,1015,73,837,35.1
2008,11,11,18,30,25.3,72,884,1028,1028,72,884,33.160000000000004
2008,11,11,19,30,25.8,71,851,1018,1018,71,851,32.61
2008,11,11,20,30,25.900000000000002,68,747,995,995,68,747,32.72
2008,11,11,21,30,25.400000000000002,62,579,948,948,62,579,34.03
2008,11,11,22,30,24,53,361,844,844,53,361,36.9
2008,11,11,23,30,20.700000000000003,34,126,601,601,34,126,52.68
2008,11,12,0,30,17.6,0,0,0,0,0,0,70.47
2008,11,12,1,30,16.3,0,0,0,0,0,0,73.60000000000001
2008,11,12,2,30,15.5,0,0,0,0,0,0,77.13
2008,11,12,3,30,14.9,0,0,0,0,0,0,79.98
2008,11,12,4,30,14.5,0,0,0,0,0,0,81.65
2008,11,12,5,30,14.200000000000001,0,0,0,0,0,0,83.13
2008,11,12,6,30,13.9,0,0,0,0,0,0,85.11
2008,11,12,7,30,13.4,0,0,0,0,0,0,88.29
2008,11,12,8,30,13,0,0,0,0,0,0,90.95
2008,11,12,9,30,12.700000000000001,0,0,0,0,0,0,92.94
2008,11,12,10,30,12.3,0,0,0,0,0,0,95.38
2008,11,12,11,30,12,0,0,0,0,0,0,97.02
2008,11,12,12,30,11.9,0,0,0,0,0,0,97.35000000000001
2008,11,12,13,30,13.200000000000001,28,76,469,469,28,76,89.21000000000001
2008,11,12,14,30,16.400000000000002,54,308,797,797,54,308,77.17
2008,11,12,15,30,20.1,64,533,923,923,64,533,58.79
2008,11,12,16,30,22.900000000000002,69,712,983,983,69,712,43.22
2008,11,12,17,30,24.5,71,831,1013,1013,71,831,36.86
2008,11,12,18,30,25.3,73,878,1023,1023,73,878,34.38
2008,11,12,19,30,25.700000000000003,72,846,1014,1014,72,846,33.06
2008,11,12,20,30,25.5,69,743,991,991,69,743,33.230000000000004
2008,11,12,21,30,24.700000000000003,63,575,941,941,63,575,34.53
2008,11,12,22,30,23,53,359,842,842,53,359,38.37
2008,11,12,23,30,20,34,125,598,598,34,125,52.56
2008,11,13,0,30,17.400000000000002,0,0,0,0,0,0,68.41
2008,11,13,1,30,16.3,0,0,0,0,0,0,73.18
2008,11,13,2,30,15.5,0,0,0,0,0,0,77.86
2008,11,13,3,30,14.8,0,0,0,0,0,0,81.46000000000001
2008,11,13,4,30,14.3,0,0,0,0,0,0,83.15
2008,11,13,5,30,13.8,0,0,0,0,0,0,84.49
2008,11,13,6,30,13.3,0,0,0,0,0,0,87
2008,11,13,7,30,12.9,0,0,0,0,0,0,89.13
2008,11,13,8,30,12.600000000000001,0,0,0,0,0,0,90.71000000000001
2008,11,13,9,30,12.3,0,0,0,0,0,0,92.08
2008,11,13,10,30,11.8,0,0,0,0,0,0,93.3
2008,11,13,11,30,11.200000000000001,0,0,0,0,0,0,94.97
2008,11,13,12,30,10.700000000000001,0,0,0,0,0,0,95.84
2008,11,13,13,30,11.9,27,78,517,517,27,78,86.52
2008,11,13,14,30,15.200000000000001,49,317,848,848,49,317,71.4
2008,11,13,15,30,18.900000000000002,57,547,971,971,57,547,45.910000000000004
2008,11,13,16,30,21.6,62,731,1027,1027,62,731,31.29
2008,11,13,17,30,23.200000000000003,64,847,1049,1049,64,847,26.59
2008,11,13,18,30,24.1,65,895,1058,1058,65,895,24.72
2008,11,13,19,30,24.700000000000003,64,865,1053,1053,64,865,23.86
2008,11,13,20,30,24.6,61,756,1026,1026,61,756,23.97
2008,11,13,21,30,23.900000000000002,56,587,978,978,56,587,25.12
2008,11,13,22,30,22.200000000000003,48,368,884,884,48,368,28.78
2008,11,13,23,30,18.7,31,129,650,650,31,129,45.34
2008,11,14,0,30,15.4,0,0,0,0,0,0,63.980000000000004
2008,11,14,1,30,13.9,0,0,0,0,0,0,69.18
2008,11,14,2,30,12.9,0,0,0,0,0,0,75.14
2008,11,14,3,30,12.200000000000001,0,0,0,0,0,0,79.95
2008,11,14,4,30,11.600000000000001,0,0,0,0,0,0,84.85000000000001
2008,11,14,5,30,11.3,0,0,0,0,0,0,87.34
2008,11,14,6,30,11.100000000000001,0,0,0,0,0,0,88.55
2008,11,14,7,30,10.700000000000001,0,0,0,0,0,0,90.18
2008,11,14,8,30,10.200000000000001,0,0,0,0,0,0,92.37
2008,11,14,9,30,9.700000000000001,0,0,0,0,0,0,94.68
2008,11,14,10,30,9,0,0,0,0,0,0,98.83
2008,11,14,11,30,8.3,0,0,0,0,0,0,100
2008,11,14,12,30,8.1,0,0,0,0,0,0,100
2008,11,14,13,30,10.100000000000001,25,77,529,529,25,77,92.87
2008,11,14,14,30,14.100000000000001,46,313,850,850,46,313,74.74
2008,11,14,15,30,18.3,55,541,967,967,55,541,53.370000000000005
2008,11,14,16,30,22,59,723,1025,1025,59,723,31.21
2008,11,14,17,30,24.200000000000003,62,844,1052,1052,62,844,21.88
2008,11,14,18,30,25.3,65,888,1053,1053,65,888,20.85
2008,11,14,19,30,25.700000000000003,64,858,1048,1048,64,858,21.22
2008,11,14,20,30,25.700000000000003,62,751,1020,1020,62,751,22.09
2008,11,14,21,30,25.1,60,582,967,967,60,582,23.55
2008,11,14,22,30,23.400000000000002,51,364,869,869,51,364,26.85
2008,11,14,23,30,19.900000000000002,33,125,620,620,33,125,44.7
2008,11,15,0,30,16.6,0,0,0,0,0,0,61.24
2008,11,15,1,30,15.3,0,0,0,0,0,0,63.93
2008,11,15,2,30,14.5,0,0,0,0,0,0,67.3
2008,11,15,3,30,13.700000000000001,0,0,0,0,0,0,71.29
2008,11,15,4,30,12.9,0,0,0,0,0,0,76.17
2008,11,15,5,30,12.100000000000001,0,0,0,0,0,0,81.87
2008,11,15,6,30,11.3,0,0,0,0,0,0,87.83
2008,11,15,7,30,10.5,0,0,0,0,0,0,93.7
2008,11,15,8,30,9.9,0,0,0,0,0,0,98.26
2008,11,15,9,30,9.4,0,0,0,0,0,0,100
2008,11,15,10,30,8.9,0,0,0,0,0,0,100
2008,11,15,11,30,8.6,0,0,0,0,0,0,100
2008,11,15,12,30,8.9,0,0,0,0,0,0,94.60000000000001
2008,11,15,13,30,11.200000000000001,28,69,432,432,28,69,77.94
2008,11,15,14,30,15,59,296,762,762,59,296,64.86
2008,11,15,15,30,18.3,73,521,897,897,73,521,56.29
2008,11,15,16,30,20.6,80,706,970,970,80,706,44.36
2008,11,15,17,30,22.5,83,823,998,998,83,823,37.25
2008,11,15,18,30,23.900000000000002,83,871,1013,1013,83,871,33.82
2008,11,15,19,30,24.8,82,842,1007,1007,82,842,32.13
2008,11,15,20,30,25.3,79,736,977,977,79,736,31.17
2008,11,15,21,30,25.1,73,566,916,916,73,566,31.38
2008,11,15,22,30,23.8,62,350,802,802,62,350,34.29
2008,11,15,23,30,21.200000000000003,39,116,523,523,39,116,48.22
2008,11,16,0,30,18.8,0,0,0,0,0,0,55.39
2008,11,16,1,30,16.8,0,0,0,0,0,0,59.88
2008,11,16,2,30,14.600000000000001,0,0,0,0,0,0,70.81
2008,11,16,3,30,13.100000000000001,0,0,0,0,0,0,75.59
2008,11,16,4,30,11.9,0,0,0,0,0,0,77.38
2008,11,16,5,30,10.700000000000001,0,0,0,0,0,0,79.15
2008,11,16,6,30,9.600000000000001,0,0,0,0,0,0,81.72
2008,11,16,7,30,8.8,0,0,0,0,0,0,84.45
2008,11,16,8,30,8.3,0,0,0,0,0,0,86.12
2008,11,16,9,30,7.800000000000001,0,0,0,0,0,0,88.10000000000001
2008,11,16,10,30,7.5,0,0,0,0,0,0,88.83
2008,11,16,11,30,7.2,0,0,0,0,0,0,89.47
2008,11,16,12,30,7,0,0,0,0,0,0,89.72
2008,11,16,13,30,8.4,31,63,347,347,31,63,81.36
2008,11,16,14,30,11.5,65,286,716,716,65,286,66.72
2008,11,16,15,30,15.200000000000001,80,509,864,864,80,509,54.63
2008,11,16,16,30,18.7,89,690,935,935,89,690,46.89
2008,11,16,17,30,21.5,93,810,971,971,93,810,40.64
2008,11,16,18,30,23.3,95,857,983,983,95,857,36.87
2008,11,16,19,30,24.3,94,828,976,976,94,828,34.82
2008,11,16,20,30,24.5,89,724,945,945,89,724,34.2
2008,11,16,21,30,24.200000000000003,82,558,888,888,82,558,34.42
2008,11,16,22,30,23,68,344,771,771,68,344,36.57
2008,11,16,23,30,20.3,41,114,495,495,41,114,50.42
2008,11,17,0,30,18,0,0,0,0,0,0,59.4
2008,11,17,1,30,16.7,0,0,0,0,0,0,59.49
2008,11,17,2,30,15.200000000000001,0,0,0,0,0,0,64.27
2008,11,17,3,30,13.8,0,0,0,0,0,0,69.37
2008,11,17,4,30,12.700000000000001,0,0,0,0,0,0,72.95
2008,11,17,5,30,11.3,0,0,0,0,0,0,77.08
2008,11,17,6,30,9.9,0,0,0,0,0,0,81.09
2008,11,17,7,30,8.9,0,0,0,0,0,0,83.14
2008,11,17,8,30,8.1,0,0,0,0,0,0,85.78
2008,11,17,9,30,7.6000000000000005,0,0,0,0,0,0,87.35000000000001
2008,11,17,10,30,7.1000000000000005,0,0,0,0,0,0,89.4
2008,11,17,11,30,6.6000000000000005,0,0,0,0,0,0,91.81
2008,11,17,12,30,6.4,0,0,0,0,0,0,92.38
2008,11,17,13,30,7.9,28,68,443,443,28,68,82.7
2008,11,17,14,30,11.100000000000001,54,299,800,800,54,299,66.78
2008,11,17,15,30,14.9,67,526,930,930,67,526,52.9
2008,11,17,16,30,18.3,74,709,993,993,74,709,41.82
2008,11,17,17,30,20.700000000000003,78,830,1023,1023,78,830,34.97
2008,11,17,18,30,22.3,80,878,1032,1032,80,878,31.57
2008,11,17,19,30,23.3,80,845,1019,1019,80,845,29.69
2008,11,17,20,30,23.8,77,742,993,993,77,742,28.62
2008,11,17,21,30,23.8,72,573,937,937,72,573,28.28
2008,11,17,22,30,22.6,60,353,822,822,60,353,29.900000000000002
2008,11,17,23,30,19.5,37,118,555,555,37,118,46.5
2008,11,18,0,30,16.5,0,0,0,0,0,0,54.17
2008,11,18,1,30,15,0,0,0,0,0,0,55.800000000000004
2008,11,18,2,30,13.8,0,0,0,0,0,0,59.89
2008,11,18,3,30,12.5,0,0,0,0,0,0,65.25
2008,11,18,4,30,11.200000000000001,0,0,0,0,0,0,71.25
2008,11,18,5,30,10.100000000000001,0,0,0,0,0,0,76.87
2008,11,18,6,30,9.1,0,0,0,0,0,0,82.46000000000001
2008,11,18,7,30,8.3,0,0,0,0,0,0,87.60000000000001
2008,11,18,8,30,7.7,0,0,0,0,0,0,91.97
2008,11,18,9,30,7.1000000000000005,0,0,0,0,0,0,95.45
2008,11,18,10,30,6.6000000000000005,0,0,0,0,0,0,96.85000000000001
2008,11,18,11,30,6.2,0,0,0,0,0,0,96.42
2008,11,18,12,30,6,0,0,0,0,0,0,94.54
2008,11,18,13,30,7.1000000000000005,32,62,348,1,41,41,84.52
2008,11,18,14,30,10,64,290,745,341,152,255,66.64
2008,11,18,15,30,13.600000000000001,75,518,903,263,277,406,49.6
2008,11,18,16,30,17,80,706,983,644,208,618,37.47
2008,11,18,17,30,19.8,83,829,1018,427,384,696,29
2008,11,18,18,30,21.900000000000002,86,877,1027,1027,86,877,23.56
2008,11,18,19,30,23.1,84,853,1027,1027,84,853,21.05
2008,11,18,20,30,23.700000000000003,81,749,1003,1003,81,749,19.990000000000002
2008,11,18,21,30,23.5,71,580,955,955,71,580,19.88
2008,11,18,22,30,21.900000000000002,60,361,849,559,130,328,22.37
2008,11,18,23,30,18.3,37,121,582,1,57,57,40.99
2008,11,19,0,30,15,0,0,0,0,0,0,47.72
2008,11,19,1,30,13.4,0,0,0,0,0,0,49.57
2008,11,19,2,30,11.9,0,0,0,0,0,0,54.26
2008,11,19,3,30,10.4,0,0,0,0,0,0,59.9
2008,11,19,4,30,9.200000000000001,0,0,0,0,0,0,64.64
2008,11,19,5,30,8.1,0,0,0,0,0,0,70.45
2008,11,19,6,30,7.4,0,0,0,0,0,0,76.05
2008,11,19,7,30,6.800000000000001,0,0,0,0,0,0,81.32000000000001
2008,11,19,8,30,6.300000000000001,0,0,0,0,0,0,85.82000000000001
2008,11,19,9,30,6,0,0,0,0,0,0,88.51
2008,11,19,10,30,5.7,0,0,0,0,0,0,90.37
2008,11,19,11,30,5.6000000000000005,0,0,0,0,0,0,90.89
2008,11,19,12,30,5.5,0,0,0,0,0,0,91.2
2008,11,19,13,30,6.7,35,55,231,1,37,37,83.4
2008,11,19,14,30,9.5,81,272,636,346,158,261,68.82000000000001
2008,11,19,15,30,13.200000000000001,98,495,813,813,98,495,55.19
2008,11,19,16,30,16.7,107,677,898,898,107,677,47.72
2008,11,19,17,30,19.8,112,795,936,622,235,689,42.36
2008,11,19,18,30,22.200000000000003,119,841,941,941,119,841,37.57
2008,11,19,19,30,23.6,116,814,936,936,116,814,35.14
2008,11,19,20,30,24.1,111,710,902,299,353,552,34.550000000000004
2008,11,19,21,30,23.8,91,550,864,610,172,496,35.19
2008,11,19,22,30,22.6,75,337,744,542,138,329,37.68
2008,11,19,23,30,19.900000000000002,44,110,459,25,79,82,52.34
2008,11,20,0,30,17.5,0,0,0,0,0,0,59.57
2008,11,20,1,30,16.2,0,0,0,0,0,0,58.42
2008,11,20,2,30,14.9,0,0,0,0,0,0,60.27
2008,11,20,3,30,13.4,0,0,0,0,0,0,63.800000000000004
2008,11,20,4,30,11.9,0,0,0,0,0,0,68.11
2008,11,20,5,30,10.600000000000001,0,0,0,0,0,0,72.48
2008,11,20,6,30,9.600000000000001,0,0,0,0,0,0,77.44
2008,11,20,7,30,9,0,0,0,0,0,0,81.79
2008,11,20,8,30,8.5,0,0,0,0,0,0,85.93
2008,11,20,9,30,8.200000000000001,0,0,0,0,0,0,88.8
2008,11,20,10,30,7.9,0,0,0,0,0,0,91.66
2008,11,20,11,30,7.7,0,0,0,0,0,0,93.54
2008,11,20,12,30,7.5,0,0,0,0,0,0,94.65
2008,11,20,13,30,8.4,31,57,316,316,31,57,88.39
2008,11,20,14,30,10.9,68,282,720,720,68,282,74.42
2008,11,20,15,30,14.700000000000001,81,509,882,882,81,509,58.97
2008,11,20,16,30,18.6,87,694,962,962,87,694,45.230000000000004
2008,11,20,17,30,21.5,88,821,1008,1008,88,821,33.52
2008,11,20,18,30,23.200000000000003,87,871,1024,1024,87,871,27.150000000000002
2008,11,20,19,30,24.1,85,843,1020,1020,85,843,24.5
2008,11,20,20,30,24.5,81,741,996,996,81,741,22.64
2008,11,20,21,30,24.200000000000003,74,572,941,941,74,572,21.75
2008,11,20,22,30,22.900000000000002,61,355,835,835,61,355,22.64
2008,11,20,23,30,20.5,37,119,570,570,37,119,36.19
2008,11,21,0,30,18.5,0,0,0,0,0,0,38.21
2008,11,21,1,30,17.3,0,0,0,0,0,0,39.15
2008,11,21,2,30,15.700000000000001,0,0,0,0,0,0,44.38
2008,11,21,3,30,13.9,0,0,0,0,0,0,49.870000000000005
2008,11,21,4,30,12,0,0,0,0,0,0,58.17
2008,11,21,5,30,10.200000000000001,0,0,0,0,0,0,68.42
2008,11,21,6,30,9,0,0,0,0,0,0,77.53
2008,11,21,7,30,8.1,0,0,0,0,0,0,85.07000000000001
2008,11,21,8,30,7.4,0,0,0,0,0,0,91.16
2008,11,21,9,30,7.1000000000000005,0,0,0,0,0,0,95.01
2008,11,21,10,30,6.9,0,0,0,0,0,0,99.28
2008,11,21,11,30,7,0,0,0,0,0,0,100
2008,11,21,12,30,7.5,0,0,0,0,0,0,97.24000000000001
2008,11,21,13,30,8.5,33,53,243,243,33,53,90.87
2008,11,21,14,30,11,78,269,649,649,78,269,79.19
2008,11,21,15,30,14.600000000000001,91,494,835,835,91,494,65.72
2008,11,21,16,30,17.900000000000002,95,678,926,926,95,678,54.24
2008,11,21,17,30,20.200000000000003,97,797,966,405,379,672,46.09
2008,11,21,18,30,21.8,96,846,984,984,96,846,40.54
2008,11,21,19,30,22.8,93,817,977,668,233,728,37.2
2008,11,21,20,30,23.200000000000003,89,714,946,946,89,714,35.54
2008,11,21,21,30,23.1,82,547,880,880,82,547,34.93
2008,11,21,22,30,22.1,69,336,759,759,69,336,35.980000000000004
2008,11,21,23,30,19.700000000000003,42,108,461,461,42,108,46.12
2008,11,22,0,30,17.5,0,0,0,0,0,0,52.64
2008,11,22,1,30,16.3,0,0,0,0,0,0,55.31
2008,11,22,2,30,14.9,0,0,0,0,0,0,62.71
2008,11,22,3,30,13.5,0,0,0,0,0,0,71.77
2008,11,22,4,30,12.600000000000001,0,0,0,0,0,0,77.44
2008,11,22,5,30,12,0,0,0,0,0,0,80.19
2008,11,22,6,30,11.100000000000001,0,0,0,0,0,0,83.15
2008,11,22,7,30,10.100000000000001,0,0,0,0,0,0,86.16
2008,11,22,8,30,9.3,0,0,0,0,0,0,88.26
2008,11,22,9,30,8.700000000000001,0,0,0,0,0,0,89.53
2008,11,22,10,30,8.200000000000001,0,0,0,0,0,0,90.8
2008,11,22,11,30,7.800000000000001,0,0,0,0,0,0,91.86
2008,11,22,12,30,7.7,0,0,0,0,0,0,91.10000000000001
2008,11,22,13,30,8.700000000000001,31,48,225,225,31,48,84.28
2008,11,22,14,30,11.4,76,257,619,619,76,257,70.52
2008,11,22,15,30,14.8,97,473,784,784,97,473,57.870000000000005
2008,11,22,16,30,17.8,109,651,866,866,109,651,50.36
2008,11,22,17,30,19.900000000000002,115,772,910,910,115,772,46
2008,11,22,18,30,21,106,824,944,944,106,824,42.67
2008,11,22,19,30,21.5,104,797,937,416,376,683,40.63
2008,11,22,20,30,21.5,99,699,910,665,208,647,40.14
2008,11,22,21,30,21.1,89,539,855,855,89,539,40.68
2008,11,22,22,30,19.8,72,330,737,394,150,288,44.13
2008,11,22,23,30,17.5,42,107,455,255,70,106,60.68
2008,11,23,0,30,15.600000000000001,0,0,0,0,0,0,65.2
2008,11,23,1,30,14.600000000000001,0,0,0,0,0,0,66.55
2008,11,23,2,30,13.600000000000001,0,0,0,0,0,0,69.64
2008,11,23,3,30,12.4,0,0,0,0,0,0,73.27
2008,11,23,4,30,11.4,0,0,0,0,0,0,77.09
2008,11,23,5,30,10.600000000000001,0,0,0,0,0,0,81.07000000000001
2008,11,23,6,30,10.200000000000001,0,0,0,0,0,0,84.01
2008,11,23,7,30,10.100000000000001,0,0,0,0,0,0,85.9
2008,11,23,8,30,9.8,0,0,0,0,0,0,88.7
2008,11,23,9,30,9.5,0,0,0,0,0,0,91.18
2008,11,23,10,30,9.1,0,0,0,0,0,0,93.83
2008,11,23,11,30,8.5,0,0,0,0,0,0,97.34
2008,11,23,12,30,8.1,0,0,0,0,0,0,99.38
2008,11,23,13,30,9.200000000000001,29,48,256,256,29,48,91.83
2008,11,23,14,30,11.9,69,260,662,662,69,260,76.64
2008,11,23,15,30,15.3,84,481,834,834,84,481,61.61
2008,11,23,16,30,18.8,90,662,918,918,90,662,49.15
2008,11,23,17,30,21.400000000000002,93,783,960,960,93,783,40.07
2008,11,23,18,30,22.900000000000002,94,835,977,977,94,835,36.38
2008,11,23,19,30,23.8,92,809,972,972,92,809,33.65
2008,11,23,20,30,24.1,87,710,947,947,87,710,32.12
2008,11,23,21,30,23.6,79,547,892,892,79,547,32.64
2008,11,23,22,30,22.1,65,337,779,779,65,337,35.92
2008,11,23,23,30,19.1,39,111,511,511,39,111,53.63
2008,11,24,0,30,16.400000000000002,0,0,0,0,0,0,64.46000000000001
2008,11,24,1,30,14.9,0,0,0,0,0,0,66.48
2008,11,24,2,30,13.8,0,0,0,0,0,0,69.61
2008,11,24,3,30,13,0,0,0,0,0,0,71.91
2008,11,24,4,30,12.200000000000001,0,0,0,0,0,0,74.45
2008,11,24,5,30,11.4,0,0,0,0,0,0,77.57000000000001
2008,11,24,6,30,10.8,0,0,0,0,0,0,80.34
2008,11,24,7,30,10.4,0,0,0,0,0,0,82.87
2008,11,24,8,30,10,0,0,0,0,0,0,85.96000000000001
2008,11,24,9,30,9.5,0,0,0,0,0,0,89.46000000000001
2008,11,24,10,30,9.200000000000001,0,0,0,0,0,0,91.47
2008,11,24,11,30,8.9,0,0,0,0,0,0,93.63
2008,11,24,12,30,8.8,0,0,0,0,0,0,95.12
2008,11,24,13,30,10.200000000000001,26,49,311,0,29,29,87.52
2008,11,24,14,30,13.3,61,263,705,705,61,263,73.04
2008,11,24,15,30,17.5,76,481,855,855,76,481,57.11
2008,11,24,16,30,21.400000000000002,83,660,931,522,212,536,42.95
2008,11,24,17,30,23.6,87,780,966,713,188,699,35.72
2008,11,24,18,30,24.8,89,827,976,723,170,716,32.72
2008,11,24,19,30,25.400000000000002,88,801,969,969,88,801,31.54
2008,11,24,20,30,25.6,84,701,939,939,84,701,31.330000000000002
2008,11,24,21,30,25.400000000000002,77,540,881,881,77,540,31.69
2008,11,24,22,30,24.1,64,331,765,765,64,331,34.18
2008,11,24,23,30,21.8,39,108,492,492,39,108,48.26
2008,11,25,0,30,20,0,0,0,0,0,0,51.34
2008,11,25,1,30,18.8,0,0,0,0,0,0,53.75
2008,11,25,2,30,17.400000000000002,0,0,0,0,0,0,58.44
2008,11,25,3,30,15.8,0,0,0,0,0,0,64
2008,11,25,4,30,14.200000000000001,0,0,0,0,0,0,68.53
2008,11,25,5,30,13,0,0,0,0,0,0,70.93
2008,11,25,6,30,11.8,0,0,0,0,0,0,74.91
2008,11,25,7,30,10.9,0,0,0,0,0,0,79.76
2008,11,25,8,30,10.100000000000001,0,0,0,0,0,0,85.61
2008,11,25,9,30,9.5,0,0,0,0,0,0,90.92
2008,11,25,10,30,9,0,0,0,0,0,0,96.09
2008,11,25,11,30,8.8,0,0,0,0,0,0,99.16
2008,11,25,12,30,8.9,0,0,0,0,0,0,99.09
2008,11,25,13,30,10.100000000000001,26,47,288,288,26,47,91.31
2008,11,25,14,30,13,60,260,706,706,60,260,76.07000000000001
2008,11,25,15,30,16.3,73,480,865,865,73,480,62
2008,11,25,16,30,19.3,81,660,938,938,81,660,50.02
2008,11,25,17,30,21.6,84,780,975,975,84,780,40.63
2008,11,25,18,30,23.200000000000003,84,830,990,990,84,830,35.71
2008,11,25,19,30,24.200000000000003,83,805,984,984,83,805,33.28
2008,11,25,20,30,24.5,79,707,959,959,79,707,32.25
2008,11,25,21,30,24.3,72,545,905,905,72,545,32.22
2008,11,25,22,30,23.1,60,336,794,794,60,336,34.19
2008,11,25,23,30,20.3,37,111,526,526,37,111,48.89
2008,11,26,0,30,17.6,0,0,0,0,0,0,57.75
2008,11,26,1,30,16.1,0,0,0,0,0,0,59.89
2008,11,26,2,30,14.9,0,0,0,0,0,0,64.04
2008,11,26,3,30,13.9,0,0,0,0,0,0,68.76
2008,11,26,4,30,12.8,0,0,0,0,0,0,74.49
2008,11,26,5,30,11.8,0,0,0,0,0,0,79.9
2008,11,26,6,30,11,0,0,0,0,0,0,84.56
2008,11,26,7,30,10.3,0,0,0,0,0,0,89.28
2008,11,26,8,30,9.700000000000001,0,0,0,0,0,0,94.14
2008,11,26,9,30,9.1,0,0,0,0,0,0,99.29
2008,11,26,10,30,8.700000000000001,0,0,0,0,0,0,100
2008,11,26,11,30,8.5,0,0,0,0,0,0,100
2008,11,26,12,30,8.700000000000001,0,0,0,0,0,0,100
2008,11,26,13,30,10.4,28,42,207,207,28,42,91.95
2008,11,26,14,30,13.8,73,249,626,626,73,249,75.09
2008,11,26,15,30,17.900000000000002,91,467,802,802,91,467,60.89
2008,11,26,16,30,21.3,99,647,891,891,99,647,50.94
2008,11,26,17,30,23.3,102,767,935,935,102,767,43.74
2008,11,26,18,30,24.6,95,821,966,966,95,821,38.6
2008,11,26,19,30,25.3,93,796,961,961,93,796,35.97
2008,11,26,20,30,25.400000000000002,89,699,933,933,89,699,35.11
2008,11,26,21,30,25.1,80,539,878,878,80,539,35.12
2008,11,26,22,30,23.900000000000002,66,331,762,762,66,331,37.19
2008,11,26,23,30,20.900000000000002,39,108,487,487,39,108,51.67
2008,11,27,0,30,18,0,0,0,0,0,0,65.7
2008,11,27,1,30,16.5,0,0,0,0,0,0,70.01
2008,11,27,2,30,15.3,0,0,0,0,0,0,75.37
2008,11,27,3,30,14.4,0,0,0,0,0,0,80.14
2008,11,27,4,30,13.600000000000001,0,0,0,0,0,0,86.32000000000001
2008,11,27,5,30,13.200000000000001,0,0,0,0,0,0,89.81
2008,11,27,6,30,12.9,0,0,0,0,0,0,92.2
2008,11,27,7,30,12.600000000000001,0,0,0,0,0,0,94.05
2008,11,27,8,30,12.3,0,0,0,0,0,0,95.53
2008,11,27,9,30,11.8,0,0,0,0,0,0,98.01
2008,11,27,10,30,11.3,0,0,0,0,0,0,100
2008,11,27,11,30,11,0,0,0,0,0,0,100
2008,11,27,12,30,10.8,0,0,0,0,0,0,100
2008,11,27,13,30,12.200000000000001,23,44,303,303,23,44,91.49
2008,11,27,14,30,15.700000000000001,57,257,718,718,57,257,74.18
2008,11,27,15,30,19.900000000000002,70,478,875,875,70,478,54.89
2008,11,27,16,30,23.200000000000003,79,658,946,946,79,658,37.57
2008,11,27,17,30,24.8,84,779,980,980,84,779,31.71
2008,11,27,18,30,25.700000000000003,85,829,993,993,85,829,30.02
2008,11,27,19,30,26.1,84,802,984,984,84,802,29.92
2008,11,27,20,30,26,80,705,958,958,80,705,30.560000000000002
2008,11,27,21,30,25.6,73,544,903,903,73,544,31.63
2008,11,27,22,30,24.1,60,334,790,790,60,334,34.71
2008,11,27,23,30,20.8,37,110,523,523,37,110,51.730000000000004
2008,11,28,0,30,17.900000000000002,0,0,0,0,0,0,65.69
2008,11,28,1,30,16.6,0,0,0,0,0,0,68.54
2008,11,28,2,30,15.600000000000001,0,0,0,0,0,0,72.29
2008,11,28,3,30,14.700000000000001,0,0,0,0,0,0,76.39
2008,11,28,4,30,13.9,0,0,0,0,0,0,80.36
2008,11,28,5,30,13.100000000000001,0,0,0,0,0,0,84.7
2008,11,28,6,30,12.4,0,0,0,0,0,0,89.63
2008,11,28,7,30,11.8,0,0,0,0,0,0,94.96000000000001
2008,11,28,8,30,11.4,0,0,0,0,0,0,99.07000000000001
2008,11,28,9,30,11.100000000000001,0,0,0,0,0,0,100
2008,11,28,10,30,10.9,0,0,0,0,0,0,100
2008,11,28,11,30,10.700000000000001,0,0,0,0,0,0,100
2008,11,28,12,30,10.600000000000001,0,0,0,0,0,0,100
2008,11,28,13,30,12.100000000000001,22,44,345,345,22,44,93.79
2008,11,28,14,30,15.3,52,260,753,753,52,260,77.85000000000001
2008,11,28,15,30,19.5,64,482,903,903,64,482,57.71
2008,11,28,16,30,23,70,664,974,974,70,664,36.65
2008,11,28,17,30,24.700000000000003,74,785,1006,1006,74,785,31.220000000000002
2008,11,28,18,30,25.700000000000003,76,835,1017,1017,76,835,28.95
2008,11,28,19,30,26,75,808,1008,1008,75,808,28.28
2008,11,28,20,30,25.900000000000002,73,711,982,982,73,711,28.560000000000002
2008,11,28,21,30,25.3,66,551,931,931,66,551,29.61
2008,11,28,22,30,23.6,56,340,820,820,56,340,33.37
2008,11,28,23,30,20.200000000000003,35,113,560,560,35,113,51.67
2008,11,29,0,30,17.3,0,0,0,0,0,0,64.53
2008,11,29,1,30,16.1,0,0,0,0,0,0,69.37
2008,11,29,2,30,15.100000000000001,0,0,0,0,0,0,75.39
2008,11,29,3,30,14.3,0,0,0,0,0,0,80.22
2008,11,29,4,30,13.5,0,0,0,0,0,0,85.51
2008,11,29,5,30,12.8,0,0,0,0,0,0,90.71000000000001
2008,11,29,6,30,12,0,0,0,0,0,0,96.76
2008,11,29,7,30,11.200000000000001,0,0,0,0,0,0,100
2008,11,29,8,30,10.600000000000001,0,0,0,0,0,0,100
2008,11,29,9,30,10.200000000000001,0,0,0,0,0,0,100
2008,11,29,10,30,9.9,0,0,0,0,0,0,100
2008,11,29,11,30,9.9,0,0,0,0,0,0,100
2008,11,29,12,30,10.200000000000001,0,0,0,0,0,0,100
2008,11,29,13,30,11.5,21,43,351,351,21,43,93.32000000000001
2008,11,29,14,30,14.200000000000001,50,259,763,763,50,259,79.07000000000001
2008,11,29,15,30,17.900000000000002,61,479,907,907,61,479,59.730000000000004
2008,11,29,16,30,21,67,659,975,327,324,523,42.32
2008,11,29,17,30,22.5,71,778,1002,561,230,625,38.17
2008,11,29,18,30,23.3,73,826,1011,1011,73,826,36.77
2008,11,29,19,30,23.400000000000002,75,802,1002,650,197,668,37.15
2008,11,29,20,30,23.1,73,706,975,669,172,607,38.28
2008,11,29,21,30,22.3,67,546,922,534,170,447,40.72
2008,11,29,22,30,21,57,338,812,560,116,310,44.72
2008,11,29,23,30,18.2,36,113,546,22,69,73,56.86
2008,11,30,0,30,15.4,0,0,0,0,0,0,73.07000000000001
2008,11,30,1,30,14.200000000000001,0,0,0,0,0,0,79.63
2008,11,30,2,30,13.4,0,0,0,0,0,0,85.63
2008,11,30,3,30,12.8,0,0,0,0,0,0,91.19
2008,11,30,4,30,12.4,0,0,0,0,0,0,94.98
2008,11,30,5,30,12.100000000000001,0,0,0,0,0,0,97.56
2008,11,30,6,30,11.9,0,0,0,0,0,0,99.09
2008,11,30,7,30,11.600000000000001,0,0,0,0,0,0,100
2008,11,30,8,30,11.3,0,0,0,0,0,0,100
2008,11,30,9,30,10.8,0,0,0,0,0,0,100
2008,11,30,10,30,10.4,0,0,0,0,0,0,100
2008,11,30,11,30,10.200000000000001,0,0,0,0,0,0,100
2008,11,30,12,30,10.100000000000001,0,0,0,0,0,0,100
2008,11,30,13,30,11.200000000000001,23,40,289,289,23,40,96.45
2008,11,30,14,30,13.8,55,258,747,747,55,258,81.39
2008,11,30,15,30,17,64,488,925,925,64,488,62.940000000000005
2008,11,30,16,30,20.1,66,674,1004,1004,66,674,40.410000000000004
2008,11,30,17,30,22.200000000000003,68,797,1039,1039,68,797,27.52
2008,11,30,18,30,23.400000000000002,68,849,1051,1051,68,849,23.85
2008,11,30,19,30,23.900000000000002,68,826,1046,1046,68,826,22.62
2008,11,30,20,30,23.900000000000002,65,728,1023,1023,65,728,22.490000000000002
2008,11,30,21,30,23.5,61,562,966,966,61,562,23.18
2008,11,30,22,30,22.1,51,351,865,865,51,351,25.29
2008,11,30,23,30,19.200000000000003,33,119,612,612,33,119,39.02
2008,12,1,0,30,16.400000000000002,0,0,0,0,0,0,51.49
2008,12,1,1,30,14.8,0,0,0,0,0,0,56.51
2008,12,1,2,30,13.600000000000001,0,0,0,0,0,0,62.51
2008,12,1,3,30,12.700000000000001,0,0,0,0,0,0,68.27
2008,12,1,4,30,12.100000000000001,0,0,0,0,0,0,73.58
2008,12,1,5,30,11.700000000000001,0,0,0,0,0,0,77.43
2008,12,1,6,30,11.4,0,0,0,0,0,0,80.13
2008,12,1,7,30,10.9,0,0,0,0,0,0,83.28
2008,12,1,8,30,10.3,0,0,0,0,0,0,86.68
2008,12,1,9,30,9.700000000000001,0,0,0,0,0,0,89.91
2008,12,1,10,30,8.9,0,0,0,0,0,0,94.13
2008,12,1,11,30,8.1,0,0,0,0,0,0,98.10000000000001
2008,12,1,12,30,7.4,0,0,0,0,0,0,100
2008,12,1,13,30,9.200000000000001,20,39,330,330,20,39,87.91
2008,12,1,14,30,13,52,253,750,750,52,253,69.33
2008,12,1,15,30,16.8,68,476,897,897,68,476,55.02
2008,12,1,16,30,19.6,77,658,964,964,77,658,45.46
2008,12,1,17,30,21.400000000000002,83,781,997,997,83,781,38.980000000000004
2008,12,1,18,30,22.700000000000003,82,831,1010,1010,82,831,34.61
2008,12,1,19,30,23.5,82,808,1004,1004,82,808,31.62
2008,12,1,20,30,23.700000000000003,78,712,980,980,78,712,30.05
2008,12,1,21,30,23.400000000000002,71,551,924,924,71,551,29.86
2008,12,1,22,30,22.1,60,341,813,813,60,341,31.87
2008,12,1,23,30,19.5,37,112,535,535,37,112,44.75
2008,12,2,0,30,17.2,0,0,0,0,0,0,52.58
2008,12,2,1,30,16.1,0,0,0,0,0,0,53.58
2008,12,2,2,30,15,0,0,0,0,0,0,56.97
2008,12,2,3,30,14,0,0,0,0,0,0,60.58
2008,12,2,4,30,13,0,0,0,0,0,0,64.89
2008,12,2,5,30,12.200000000000001,0,0,0,0,0,0,68.58
2008,12,2,6,30,11.4,0,0,0,0,0,0,71.98
2008,12,2,7,30,10.200000000000001,0,0,0,0,0,0,76.96000000000001
2008,12,2,8,30,9,0,0,0,0,0,0,82.32000000000001
2008,12,2,9,30,7.9,0,0,0,0,0,0,87.28
2008,12,2,10,30,7.1000000000000005,0,0,0,0,0,0,91.03
2008,12,2,11,30,6.6000000000000005,0,0,0,0,0,0,95.34
2008,12,2,12,30,6.6000000000000005,0,0,0,0,0,0,97.29
2008,12,2,13,30,8.200000000000001,23,35,228,228,23,35,88.64
2008,12,2,14,30,11.3,63,248,693,693,63,248,74.72
2008,12,2,15,30,15.100000000000001,77,474,875,875,77,474,59.51
2008,12,2,16,30,18.900000000000002,83,660,960,960,83,660,44.160000000000004
2008,12,2,17,30,21.700000000000003,87,785,1000,1000,87,785,31.39
2008,12,2,18,30,23.200000000000003,88,838,1015,1015,88,838,25.93
2008,12,2,19,30,24,88,811,1002,1002,88,811,23.92
2008,12,2,20,30,24.200000000000003,87,713,968,968,87,713,23.37
2008,12,2,21,30,23.700000000000003,83,549,900,900,83,549,24.060000000000002
2008,12,2,22,30,22.1,70,336,770,770,70,336,26.84
2008,12,2,23,30,19.200000000000003,41,110,484,484,41,110,42.64
2008,12,3,0,30,16.6,0,0,0,0,0,0,51.78
2008,12,3,1,30,15,0,0,0,0,0,0,56.44
2008,12,3,2,30,13.700000000000001,0,0,0,0,0,0,61.92
2008,12,3,3,30,13,0,0,0,0,0,0,65.14
2008,12,3,4,30,12.8,0,0,0,0,0,0,65.91
2008,12,3,5,30,12.8,0,0,0,0,0,0,66.18
2008,12,3,6,30,12.600000000000001,0,0,0,0,0,0,67.77
2008,12,3,7,30,12.4,0,0,0,0,0,0,68.96000000000001
2008,12,3,8,30,12.200000000000001,0,0,0,0,0,0,69.38
2008,12,3,9,30,11.600000000000001,0,0,0,0,0,0,71.62
2008,12,3,10,30,11,0,0,0,0,0,0,73.29
2008,12,3,11,30,10.5,0,0,0,0,0,0,75.01
2008,12,3,12,30,10.200000000000001,0,0,0,0,0,0,76.25
2008,12,3,13,30,11.100000000000001,19,33,264,264,19,33,71.88
2008,12,3,14,30,13.8,55,241,706,706,55,241,64.38
2008,12,3,15,30,17.5,72,462,866,200,261,351,48.660000000000004
2008,12,3,16,30,20.400000000000002,82,644,941,941,82,644,35.88
2008,12,3,17,30,21.700000000000003,87,767,977,977,87,767,33.34
2008,12,3,18,30,22.5,88,818,990,593,255,693,32.09
2008,12,3,19,30,22.700000000000003,87,796,984,984,87,796,31.900000000000002
2008,12,3,20,30,22.200000000000003,84,702,958,958,84,702,32.7
2008,12,3,21,30,21.400000000000002,76,543,902,902,76,543,34.59
2008,12,3,22,30,20.200000000000003,62,335,790,790,62,335,39.13
2008,12,3,23,30,17.6,37,112,524,50,77,84,53.910000000000004
2008,12,4,0,30,15.5,0,0,0,0,0,0,60.7
2008,12,4,1,30,14.9,0,0,0,0,0,0,60.050000000000004
2008,12,4,2,30,14.5,0,0,0,0,0,0,59.34
2008,12,4,3,30,14.100000000000001,0,0,0,0,0,0,58.980000000000004
2008,12,4,4,30,13.700000000000001,0,0,0,0,0,0,59.47
2008,12,4,5,30,13.3,0,0,0,0,0,0,59.980000000000004
2008,12,4,6,30,12.8,0,0,0,0,0,0,61.38
2008,12,4,7,30,12.4,0,0,0,0,0,0,62.49
2008,12,4,8,30,11.9,0,0,0,0,0,0,64.06
2008,12,4,9,30,11.200000000000001,0,0,0,0,0,0,66.93
2008,12,4,10,30,10.5,0,0,0,0,0,0,70.08
2008,12,4,11,30,9.600000000000001,0,0,0,0,0,0,74.55
2008,12,4,12,30,8.700000000000001,0,0,0,0,0,0,79.51
2008,12,4,13,30,10,18,33,288,288,18,33,73.72
2008,12,4,14,30,13.600000000000001,52,242,728,728,52,242,63.06
2008,12,4,15,30,17.6,68,463,882,882,68,463,47.83
2008,12,4,16,30,20.6,77,645,954,954,77,645,38.550000000000004
2008,12,4,17,30,22.3,83,768,988,988,83,768,34.32
2008,12,4,18,30,23.3,88,818,992,992,88,818,31.5
2008,12,4,19,30,23.700000000000003,87,797,987,987,87,797,29.86
2008,12,4,20,30,23.700000000000003,82,703,963,963,82,703,29.27
2008,12,4,21,30,23.200000000000003,76,545,907,907,76,545,29.71
2008,12,4,22,30,21.700000000000003,62,339,801,801,62,339,31.6
2008,12,4,23,30,18.5,37,115,544,544,37,115,47.22
2008,12,5,0,30,15.9,0,0,0,0,0,0,56.230000000000004
2008,12,5,1,30,14.9,0,0,0,0,0,0,56.34
2008,12,5,2,30,14.4,0,0,0,0,0,0,56.22
2008,12,5,3,30,14.100000000000001,0,0,0,0,0,0,55.36
2008,12,5,4,30,13.9,0,0,0,0,0,0,54.44
2008,12,5,5,30,13.700000000000001,0,0,0,0,0,0,53.74
2008,12,5,6,30,12.9,0,0,0,0,0,0,56.78
2008,12,5,7,30,11.9,0,0,0,0,0,0,60.660000000000004
2008,12,5,8,30,10.9,0,0,0,0,0,0,65.16
2008,12,5,9,30,10.100000000000001,0,0,0,0,0,0,69.59
2008,12,5,10,30,9.200000000000001,0,0,0,0,0,0,75.27
2008,12,5,11,30,8.200000000000001,0,0,0,0,0,0,81.65
2008,12,5,12,30,7.5,0,0,0,0,0,0,87.39
2008,12,5,13,30,9.1,18,32,295,295,18,32,80.49
2008,12,5,14,30,12.9,51,243,745,745,51,243,67.94
2008,12,5,15,30,17.2,65,467,901,901,65,467,51.09
2008,12,5,16,30,20.900000000000002,72,648,972,972,72,648,32.96
2008,12,5,17,30,22.8,76,772,1007,1007,76,772,26.32
2008,12,5,18,30,23.8,75,827,1024,1024,75,827,24.27
2008,12,5,19,30,24.3,74,807,1020,1020,74,807,23.91
2008,12,5,20,30,24.3,71,713,997,997,71,713,24.580000000000002
2008,12,5,21,30,23.8,66,552,939,939,66,552,25.43
2008,12,5,22,30,22.200000000000003,55,345,836,836,55,345,28.150000000000002
2008,12,5,23,30,19.400000000000002,35,118,579,579,35,118,43.65
2008,12,6,0,30,17.1,0,0,0,0,0,0,51.5
2008,12,6,1,30,16,0,0,0,0,0,0,53.6
2008,12,6,2,30,14.8,0,0,0,0,0,0,57.92
2008,12,6,3,30,13.700000000000001,0,0,0,0,0,0,62.4
2008,12,6,4,30,12.700000000000001,0,0,0,0,0,0,65.39
2008,12,6,5,30,12,0,0,0,0,0,0,67.3
2008,12,6,6,30,11.4,0,0,0,0,0,0,69.22
2008,12,6,7,30,10.9,0,0,0,0,0,0,71.11
2008,12,6,8,30,10.5,0,0,0,0,0,0,72.58
2008,12,6,9,30,10,0,0,0,0,0,0,75.15
2008,12,6,10,30,9.5,0,0,0,0,0,0,77.85000000000001
2008,12,6,11,30,9.1,0,0,0,0,0,0,80.28
2008,12,6,12,30,8.700000000000001,0,0,0,0,0,0,82.45
2008,12,6,13,30,10.200000000000001,17,30,280,280,17,30,74.92
2008,12,6,14,30,13.8,50,237,731,731,50,237,62.88
2008,12,6,15,30,17.900000000000002,65,458,887,887,65,458,48.79
2008,12,6,16,30,21.3,74,639,956,956,74,639,36.95
2008,12,6,17,30,23.3,79,762,990,990,79,762,30.8
2008,12,6,18,30,24.6,83,816,1001,1001,83,816,28.1
2008,12,6,19,30,25.200000000000003,83,793,990,990,83,793,27.05
2008,12,6,20,30,25.3,81,699,962,962,81,699,26.43
2008,12,6,21,30,24.900000000000002,73,542,907,907,73,542,26.7
2008,12,6,22,30,23.700000000000003,61,336,792,792,61,336,27.91
2008,12,6,23,30,21.400000000000002,37,113,527,217,70,101,39.22
2008,12,7,0,30,19.5,0,0,0,0,0,0,43.160000000000004
2008,12,7,1,30,18.2,0,0,0,0,0,0,42.81
2008,12,7,2,30,16.900000000000002,0,0,0,0,0,0,46.45
2008,12,7,3,30,16,0,0,0,0,0,0,49.09
2008,12,7,4,30,15.100000000000001,0,0,0,0,0,0,51.89
2008,12,7,5,30,14.200000000000001,0,0,0,0,0,0,55.31
2008,12,7,6,30,13.3,0,0,0,0,0,0,59.11
2008,12,7,7,30,12.3,0,0,0,0,0,0,63.59
2008,12,7,8,30,11.100000000000001,0,0,0,0,0,0,69.26
2008,12,7,9,30,10.100000000000001,0,0,0,0,0,0,74.63
2008,12,7,10,30,9.3,0,0,0,0,0,0,79.56
2008,12,7,11,30,8.6,0,0,0,0,0,0,84.63
2008,12,7,12,30,8.3,0,0,0,0,0,0,88.08
2008,12,7,13,30,10,17,27,221,221,17,27,81.81
2008,12,7,14,30,13.700000000000001,59,225,653,653,59,225,69.48
2008,12,7,15,30,17.7,82,441,815,815,82,441,56.21
2008,12,7,16,30,21.5,94,622,895,895,94,622,41.72
2008,12,7,17,30,23.700000000000003,100,742,933,477,333,662,34.33
2008,12,7,18,30,24.900000000000002,96,800,963,429,371,685,31.68
2008,12,7,19,30,25.400000000000002,96,780,956,956,96,780,30.71
2008,12,7,20,30,25.400000000000002,94,689,925,925,94,689,30.38
2008,12,7,21,30,24.8,89,529,851,851,89,529,31.400000000000002
2008,12,7,22,30,23.3,76,326,722,167,181,239,34.88
2008,12,7,23,30,20.8,45,108,435,2,45,46,48.76
2008,12,8,0,30,18.7,0,0,0,0,0,0,58.52
2008,12,8,1,30,17.3,0,0,0,0,0,0,62.47
2008,12,8,2,30,16.2,0,0,0,0,0,0,68.14
2008,12,8,3,30,15.3,0,0,0,0,0,0,73.65
2008,12,8,4,30,14.600000000000001,0,0,0,0,0,0,78.71000000000001
2008,12,8,5,30,14.100000000000001,0,0,0,0,0,0,83.14
2008,12,8,6,30,13.8,0,0,0,0,0,0,86.07000000000001
2008,12,8,7,30,13.600000000000001,0,0,0,0,0,0,87.47
2008,12,8,8,30,13.3,0,0,0,0,0,0,88.86
2008,12,8,9,30,13.200000000000001,0,0,0,0,0,0,88.86
2008,12,8,10,30,13.100000000000001,0,0,0,0,0,0,88.77
2008,12,8,11,30,12.9,0,0,0,0,0,0,89.01
2008,12,8,12,30,12.700000000000001,0,0,0,0,0,0,89.32000000000001
2008,12,8,13,30,13.600000000000001,17,24,165,1,17,17,83.61
2008,12,8,14,30,16.400000000000002,61,220,633,633,61,220,71.78
2008,12,8,15,30,19.700000000000003,81,437,812,812,81,437,51.88
2008,12,8,16,30,21.6,94,617,891,891,94,617,40.32
2008,12,8,17,30,22.3,100,741,932,932,100,741,38.27
2008,12,8,18,30,22.900000000000002,100,794,951,749,192,740,37.04
2008,12,8,19,30,23.400000000000002,99,776,946,677,283,767,36.36
2008,12,8,20,30,23.3,92,687,926,667,200,629,36.61
2008,12,8,21,30,22.8,82,534,874,874,82,534,37.11
2008,12,8,22,30,21.400000000000002,68,331,759,759,68,331,40.09
2008,12,8,23,30,18.3,40,112,493,493,40,112,54.44
2008,12,9,0,30,15.5,0,0,0,0,0,0,67.17
2008,12,9,1,30,14.5,0,0,0,0,0,0,69.78
2008,12,9,2,30,13.9,0,0,0,0,0,0,72.16
2008,12,9,3,30,13.5,0,0,0,0,0,0,73.51
2008,12,9,4,30,13.100000000000001,0,0,0,0,0,0,74.98
2008,12,9,5,30,12.5,0,0,0,0,0,0,77.10000000000001
2008,12,9,6,30,12.100000000000001,0,0,0,0,0,0,77.84
2008,12,9,7,30,11.9,0,0,0,0,0,0,77.65
2008,12,9,8,30,12.100000000000001,0,0,0,0,0,0,76
2008,12,9,9,30,12,0,0,0,0,0,0,75.26
2008,12,9,10,30,11.600000000000001,0,0,0,0,0,0,75.71000000000001
2008,12,9,11,30,11.4,0,0,0,0,0,0,75.23
2008,12,9,12,30,11.3,0,0,0,0,0,0,74.33
2008,12,9,13,30,12.200000000000001,16,24,205,205,16,24,68.72
2008,12,9,14,30,14.9,55,225,684,684,55,225,62.230000000000004
2008,12,9,15,30,18.400000000000002,72,446,857,857,72,446,44.47
2008,12,9,16,30,20.900000000000002,82,630,937,937,82,630,30.330000000000002
2008,12,9,17,30,22,86,756,977,977,86,756,27.810000000000002
2008,12,9,18,30,22.5,87,810,992,315,364,593,26.92
2008,12,9,19,30,22.200000000000003,86,792,988,692,216,711,27.29
2008,12,9,20,30,21.400000000000002,82,702,966,966,82,702,28.560000000000002
2008,12,9,21,30,20.8,72,548,921,595,182,489,30.46
2008,12,9,22,30,19.700000000000003,59,344,820,538,132,320,33.5
2008,12,9,23,30,16.6,37,120,566,566,37,120,48.34
2008,12,10,0,30,13.8,0,0,0,0,0,0,60.47
2008,12,10,1,30,13,0,0,0,0,0,0,62.46
2008,12,10,2,30,12.600000000000001,0,0,0,0,0,0,64.18
2008,12,10,3,30,12.5,0,0,0,0,0,0,64.87
2008,12,10,4,30,12.200000000000001,0,0,0,0,0,0,66.63
2008,12,10,5,30,11.8,0,0,0,0,0,0,67.72
2008,12,10,6,30,11.4,0,0,0,0,0,0,68.5
2008,12,10,7,30,11.200000000000001,0,0,0,0,0,0,70.25
2008,12,10,8,30,10.9,0,0,0,0,0,0,72.61
2008,12,10,9,30,10.5,0,0,0,0,0,0,75.11
2008,12,10,10,30,10,0,0,0,0,0,0,78.25
2008,12,10,11,30,9.3,0,0,0,0,0,0,82.87
2008,12,10,12,30,8.6,0,0,0,0,0,0,88.05
2008,12,10,13,30,10,15,26,300,300,15,26,82
2008,12,10,14,30,13.600000000000001,44,233,763,763,44,233,69.29
2008,12,10,15,30,17.400000000000002,56,457,923,923,56,457,50.28
2008,12,10,16,30,20.400000000000002,62,642,995,405,295,531,32.74
2008,12,10,17,30,22.3,65,772,1034,1034,65,772,25.93
2008,12,10,18,30,23.5,64,833,1056,425,324,634,22.77
2008,12,10,19,30,24.3,64,815,1052,1052,64,815,20.86
2008,12,10,20,30,24.5,62,727,1037,1037,62,727,19.98
2008,12,10,21,30,24.1,58,570,988,988,58,570,19.76
2008,12,10,22,30,22.400000000000002,49,361,894,894,49,361,21.76
2008,12,10,23,30,19.200000000000003,32,129,659,659,32,129,38.06
2008,12,11,0,30,16.5,0,0,0,0,0,0,41.410000000000004
2008,12,11,1,30,14.9,0,0,0,0,0,0,44.160000000000004
2008,12,11,2,30,13.600000000000001,0,0,0,0,0,0,50.34
2008,12,11,3,30,12.200000000000001,0,0,0,0,0,0,56.68
2008,12,11,4,30,10.8,0,0,0,0,0,0,60.67
2008,12,11,5,30,9.5,0,0,0,0,0,0,63.54
2008,12,11,6,30,8.3,0,0,0,0,0,0,65.28
2008,12,11,7,30,7.2,0,0,0,0,0,0,65.51
2008,12,11,8,30,6.2,0,0,0,0,0,0,64.13
2008,12,11,9,30,5.4,0,0,0,0,0,0,63.03
2008,12,11,10,30,4.800000000000001,0,0,0,0,0,0,62.1
2008,12,11,11,30,4.3,0,0,0,0,0,0,61.7
2008,12,11,12,30,4,0,0,0,0,0,0,61.43
2008,12,11,13,30,5.1000000000000005,14,26,331,331,14,26,56.33
2008,12,11,14,30,8.4,43,239,800,256,123,185,44.95
2008,12,11,15,30,12.4,57,467,949,340,206,353,34.01
2008,12,11,16,30,16.1,66,650,1004,382,251,473,26.07
2008,12,11,17,30,18.900000000000002,72,778,1034,305,347,555,21.400000000000002
2008,12,11,18,30,20.700000000000003,77,835,1042,201,393,539,19.92
2008,12,11,19,30,21.3,78,817,1036,289,382,588,18.95
2008,12,11,20,30,21.3,76,720,1004,265,334,504,18.68
2008,12,11,21,30,20.8,72,561,945,340,247,423,20.36
2008,12,11,22,30,19.700000000000003,61,353,835,622,115,332,27.51
2008,12,11,23,30,18.400000000000002,39,123,564,23,76,79,34.29
2008,12,12,0,30,17.5,0,0,0,0,0,0,28.32
2008,12,12,1,30,16.6,0,0,0,0,0,0,28.560000000000002
2008,12,12,2,30,15.700000000000001,0,0,0,0,0,0,30.080000000000002
2008,12,12,3,30,14.700000000000001,0,0,0,0,0,0,31.220000000000002
2008,12,12,4,30,13.700000000000001,0,0,0,0,0,0,33.93
2008,12,12,5,30,12.3,0,0,0,0,0,0,38.19
2008,12,12,6,30,10.9,0,0,0,0,0,0,44.4
2008,12,12,7,30,9.5,0,0,0,0,0,0,50.77
2008,12,12,8,30,8.200000000000001,0,0,0,0,0,0,58.550000000000004
2008,12,12,9,30,7.300000000000001,0,0,0,0,0,0,64.05
2008,12,12,10,30,6.5,0,0,0,0,0,0,67.38
2008,12,12,11,30,5.7,0,0,0,0,0,0,69.82000000000001
2008,12,12,12,30,5,0,0,0,0,0,0,71.4
2008,12,12,13,30,6.1000000000000005,14,21,206,206,14,21,64.81
2008,12,12,14,30,9.4,53,224,707,707,53,224,50.800000000000004
2008,12,12,15,30,14,71,449,879,879,71,449,37.93
2008,12,12,16,30,18.7,81,636,957,957,81,636,27.7
2008,12,12,17,30,21.700000000000003,87,764,994,994,87,764,21.330000000000002
2008,12,12,18,30,23.200000000000003,88,819,1006,1006,88,819,20.46
2008,12,12,19,30,23.900000000000002,88,801,1000,1000,88,801,19.830000000000002
2008,12,12,20,30,24,85,711,975,975,85,711,19.54
2008,12,12,21,30,23.3,77,555,921,921,77,555,20.28
2008,12,12,22,30,21.6,64,349,813,813,64,349,23.41
2008,12,12,23,30,18.7,40,121,546,546,40,121,40.36
2008,12,13,0,30,16.3,0,0,0,0,0,0,45.5
2008,12,13,1,30,15,0,0,0,0,0,0,50.11
2008,12,13,2,30,13.8,0,0,0,0,0,0,54.64
2008,12,13,3,30,13,0,0,0,0,0,0,58.620000000000005
2008,12,13,4,30,12.5,0,0,0,0,0,0,63.79
2008,12,13,5,30,12.3,0,0,0,0,0,0,67.01
2008,12,13,6,30,12,0,0,0,0,0,0,69.48
2008,12,13,7,30,11.4,0,0,0,0,0,0,72.32000000000001
2008,12,13,8,30,10.5,0,0,0,0,0,0,75.94
2008,12,13,9,30,9.700000000000001,0,0,0,0,0,0,78.47
2008,12,13,10,30,9.1,0,0,0,0,0,0,79.77
2008,12,13,11,30,8.6,0,0,0,0,0,0,80.95
2008,12,13,12,30,8.3,0,0,0,0,0,0,81.5
2008,12,13,13,30,9.600000000000001,14,20,209,1,12,12,74.39
2008,12,13,14,30,12.600000000000001,50,223,719,32,119,127,64.83
2008,12,13,15,30,16.3,66,447,890,465,168,367,49.71
2008,12,13,16,30,19.400000000000002,74,634,969,441,288,543,39.97
2008,12,13,17,30,20.900000000000002,80,760,1002,543,257,626,36.38
2008,12,13,18,30,21.700000000000003,90,816,1001,711,221,737,34.76
2008,12,13,19,30,22,88,800,999,999,88,800,33.54
2008,12,13,20,30,21.900000000000002,84,707,971,971,84,707,33.21
2008,12,13,21,30,21.1,73,555,928,407,260,471,34.660000000000004
2008,12,13,22,30,19.400000000000002,61,350,825,825,61,350,39.21
2008,12,13,23,30,16.5,38,125,573,1,52,53,55.88
2008,12,14,0,30,14.100000000000001,0,0,0,0,0,0,63.550000000000004
2008,12,14,1,30,13,0,0,0,0,0,0,66.11
2008,12,14,2,30,12.3,0,0,0,0,0,0,68.68
2008,12,14,3,30,11.8,0,0,0,0,0,0,70.19
2008,12,14,4,30,11.5,0,0,0,0,0,0,70.2
2008,12,14,5,30,11.3,0,0,0,0,0,0,69.15
2008,12,14,6,30,11.100000000000001,0,0,0,0,0,0,68.15
2008,12,14,7,30,10.8,0,0,0,0,0,0,68.03
2008,12,14,8,30,10.100000000000001,0,0,0,0,0,0,70.17
2008,12,14,9,30,9.3,0,0,0,0,0,0,73.33
2008,12,14,10,30,8.5,0,0,0,0,0,0,76.94
2008,12,14,11,30,7.6000000000000005,0,0,0,0,0,0,81.78
2008,12,14,12,30,6.9,0,0,0,0,0,0,86.21000000000001
2008,12,14,13,30,8.4,13,21,285,285,13,21,78.85000000000001
2008,12,14,14,30,12.100000000000001,44,229,776,776,44,229,66.58
2008,12,14,15,30,16.8,58,455,933,205,250,338,46.42
2008,12,14,16,30,20.6,64,644,1007,501,274,562,23.27
2008,12,14,17,30,22.5,68,774,1041,1041,68,774,19.61
2008,12,14,18,30,23.6,70,833,1054,1054,70,833,19.05
2008,12,14,19,30,24.3,69,813,1044,1044,69,813,18.650000000000002
2008,12,14,20,30,24.3,67,724,1022,1022,67,724,19.16
2008,12,14,21,30,23.700000000000003,61,568,976,976,61,568,20.23
2008,12,14,22,30,21.700000000000003,52,362,880,880,52,362,23.88
2008,12,14,23,30,17.900000000000002,34,131,639,639,34,131,43.64
2008,12,15,0,30,14.9,0,0,0,0,0,0,50.6
2008,12,15,1,30,13.9,0,0,0,0,0,0,51.11
2008,12,15,2,30,13.4,0,0,0,0,0,0,50.1
2008,12,15,3,30,13.200000000000001,0,0,0,0,0,0,49.17
2008,12,15,4,30,13.100000000000001,0,0,0,0,0,0,48.43
2008,12,15,5,30,12.8,0,0,0,0,0,0,48.44
2008,12,15,6,30,12.200000000000001,0,0,0,0,0,0,50.26
2008,12,15,7,30,11.600000000000001,0,0,0,0,0,0,51.84
2008,12,15,8,30,11,0,0,0,0,0,0,53.44
2008,12,15,9,30,10.200000000000001,0,0,0,0,0,0,56.25
2008,12,15,10,30,9.3,0,0,0,0,0,0,59.92
2008,12,15,11,30,8.5,0,0,0,0,0,0,63.54
2008,12,15,12,30,7.9,0,0,0,0,0,0,66.41
2008,12,15,13,30,9.4,13,19,251,251,13,19,60.9
2008,12,15,14,30,13,46,222,746,746,46,222,54.7
2008,12,15,15,30,17.2,62,446,904,904,62,446,40.6
2008,12,15,16,30,21.200000000000003,71,632,977,977,71,632,31.26
2008,12,15,17,30,23.8,76,762,1012,1012,76,762,24.51
2008,12,15,18,30,25.200000000000003,79,821,1027,1027,79,821,20.88
2008,12,15,19,30,25.900000000000002,78,806,1022,1022,78,806,19.01
2008,12,15,20,30,26,76,717,998,998,76,717,18.48
2008,12,15,21,30,25.5,70,562,948,948,70,562,18.85
2008,12,15,22,30,23.700000000000003,59,355,840,840,59,355,22.13
2008,12,15,23,30,20.900000000000002,38,129,593,593,38,129,41.800000000000004
2008,12,16,0,30,19,0,0,0,0,0,0,41.45
2008,12,16,1,30,18.2,0,0,0,0,0,0,41.79
2008,12,16,2,30,17.8,0,0,0,0,0,0,41.230000000000004
2008,12,16,3,30,17.5,0,0,0,0,0,0,39.77
2008,12,16,4,30,16.8,0,0,0,0,0,0,39.89
2008,12,16,5,30,15.600000000000001,0,0,0,0,0,0,43.01
2008,12,16,6,30,14.5,0,0,0,0,0,0,47.43
2008,12,16,7,30,13.700000000000001,0,0,0,0,0,0,51.050000000000004
2008,12,16,8,30,13.4,0,0,0,0,0,0,53.26
2008,12,16,9,30,13.200000000000001,0,0,0,0,0,0,54.49
2008,12,16,10,30,12.9,0,0,0,0,0,0,56
2008,12,16,11,30,12.200000000000001,0,0,0,0,0,0,58.84
2008,12,16,12,30,11.4,0,0,0,0,0,0,62.07
2008,12,16,13,30,12.100000000000001,12,16,151,0,10,10,59.620000000000005
2008,12,16,14,30,14.8,55,209,658,5,115,116,57.02
2008,12,16,15,30,18.8,75,428,836,483,159,363,40.75
2008,12,16,16,30,22.5,86,613,919,409,246,480,28.57
2008,12,16,17,30,24.5,94,742,960,726,196,687,23.84
2008,12,16,18,30,25.3,99,801,970,708,217,729,23.07
2008,12,16,19,30,25.6,100,786,963,400,382,666,23.09
2008,12,16,20,30,25.400000000000002,98,695,929,397,292,547,23.71
2008,12,16,21,30,24.6,105,535,826,496,203,461,25.14
2008,12,16,22,30,22.8,87,334,696,226,184,264,29.41
2008,12,16,23,30,19.900000000000002,52,116,413,25,85,89,48.82
2008,12,17,0,30,17.5,0,0,0,0,0,0,53.45
2008,12,17,1,30,16,0,0,0,0,0,0,56.52
2008,12,17,2,30,14.9,0,0,0,0,0,0,58.97
2008,12,17,3,30,14.200000000000001,0,0,0,0,0,0,60.17
2008,12,17,4,30,13.700000000000001,0,0,0,0,0,0,61.81
2008,12,17,5,30,13.4,0,0,0,0,0,0,62.86
2008,12,17,6,30,13.200000000000001,0,0,0,0,0,0,63.49
2008,12,17,7,30,12.700000000000001,0,0,0,0,0,0,65.3
2008,12,17,8,30,12.3,0,0,0,0,0,0,66.68
2008,12,17,9,30,11.8,0,0,0,0,0,0,68.36
2008,12,17,10,30,11.100000000000001,0,0,0,0,0,0,70.98
2008,12,17,11,30,10.4,0,0,0,0,0,0,73.72
2008,12,17,12,30,10,0,0,0,0,0,0,74.89
2008,12,17,13,30,11.3,12,14,92,92,12,14,68.24
2008,12,17,14,30,14.700000000000001,62,200,595,595,62,200,59.660000000000004
2008,12,17,15,30,18.900000000000002,85,419,794,794,85,419,43.99
2008,12,17,16,30,22.3,97,605,888,888,97,605,32.3
2008,12,17,17,30,24,102,734,937,937,102,734,28.89
2008,12,17,18,30,24.8,86,804,993,993,86,804,27.89
2008,12,17,19,30,25.200000000000003,87,790,988,988,87,790,27.64
2008,12,17,20,30,25.1,84,700,958,958,84,700,28.14
2008,12,17,21,30,24.400000000000002,77,549,905,905,77,549,29.5
2008,12,17,22,30,22.700000000000003,64,348,800,800,64,348,33.27
2008,12,17,23,30,19.3,40,126,550,550,40,126,49.82
2008,12,18,0,30,16.400000000000002,0,0,0,0,0,0,60.47
2008,12,18,1,30,15.3,0,0,0,0,0,0,62.67
2008,12,18,2,30,14.600000000000001,0,0,0,0,0,0,64.56
2008,12,18,3,30,14,0,0,0,0,0,0,67.2
2008,12,18,4,30,13.5,0,0,0,0,0,0,69.87
2008,12,18,5,30,13.100000000000001,0,0,0,0,0,0,71.85000000000001
2008,12,18,6,30,12.700000000000001,0,0,0,0,0,0,73.71000000000001
2008,12,18,7,30,12.3,0,0,0,0,0,0,75.43
2008,12,18,8,30,11.9,0,0,0,0,0,0,76.97
2008,12,18,9,30,11.3,0,0,0,0,0,0,79.36
2008,12,18,10,30,10.8,0,0,0,0,0,0,81.18
2008,12,18,11,30,10.3,0,0,0,0,0,0,83.05
2008,12,18,12,30,9.9,0,0,0,0,0,0,84.55
2008,12,18,13,30,11.5,12,15,151,151,12,15,75.49
2008,12,18,14,30,15,51,205,670,670,51,205,63.300000000000004
2008,12,18,15,30,19.1,69,424,848,848,69,424,48.19
2008,12,18,16,30,22.400000000000002,79,609,929,929,79,609,36.410000000000004
2008,12,18,17,30,24.1,86,737,967,967,86,737,32.29
2008,12,18,18,30,25.1,89,797,982,982,89,797,29.73
2008,12,18,19,30,25.5,91,783,972,972,91,783,28.96
2008,12,18,20,30,25.5,91,696,941,941,91,696,28.810000000000002
2008,12,18,21,30,25,88,544,871,871,88,544,29.46
2008,12,18,22,30,23.400000000000002,73,345,765,765,73,345,32.27
2008,12,18,23,30,20.3,45,125,509,509,45,125,48.9
2008,12,19,0,30,17.8,0,0,0,0,0,0,56.17
2008,12,19,1,30,16.7,0,0,0,0,0,0,57.1
2008,12,19,2,30,15.8,0,0,0,0,0,0,57.83
2008,12,19,3,30,14.8,0,0,0,0,0,0,60.31
2008,12,19,4,30,13.9,0,0,0,0,0,0,62.88
2008,12,19,5,30,13,0,0,0,0,0,0,65.7
2008,12,19,6,30,12.100000000000001,0,0,0,0,0,0,68.72
2008,12,19,7,30,11.5,0,0,0,0,0,0,70.53
2008,12,19,8,30,10.8,0,0,0,0,0,0,72.89
2008,12,19,9,30,10.3,0,0,0,0,0,0,74.63
2008,12,19,10,30,9.700000000000001,0,0,0,0,0,0,77.05
2008,12,19,11,30,9.200000000000001,0,0,0,0,0,0,79.04
2008,12,19,12,30,8.8,0,0,0,0,0,0,80.7
2008,12,19,13,30,10.5,11,14,146,146,11,14,71.92
2008,12,19,14,30,14.100000000000001,53,203,655,655,53,203,59.49
2008,12,19,15,30,18.3,78,421,823,823,78,421,46.22
2008,12,19,16,30,22.400000000000002,95,605,896,896,95,605,34.95
2008,12,19,17,30,24.900000000000002,109,735,930,930,109,735,29.580000000000002
2008,12,19,18,30,26.3,75,814,1024,1024,75,814,25.54
2008,12,19,19,30,27,76,802,1020,1020,76,802,22.830000000000002
2008,12,19,20,30,27.3,75,715,994,994,75,715,21.330000000000002
2008,12,19,21,30,27,74,558,925,925,74,558,20.92
2008,12,19,22,30,25.6,65,355,810,810,65,355,22.73
2008,12,19,23,30,22.8,43,130,545,545,43,130,36.85
2008,12,20,0,30,20.1,0,0,0,0,0,0,42.47
2008,12,20,1,30,18.400000000000002,0,0,0,0,0,0,47.57
2008,12,20,2,30,17.2,0,0,0,0,0,0,51.72
2008,12,20,3,30,16.2,0,0,0,0,0,0,54.6
2008,12,20,4,30,15.4,0,0,0,0,0,0,54.88
2008,12,20,5,30,14.5,0,0,0,0,0,0,57.410000000000004
2008,12,20,6,30,13.4,0,0,0,0,0,0,61.07
2008,12,20,7,30,12.200000000000001,0,0,0,0,0,0,65.63
2008,12,20,8,30,11.100000000000001,0,0,0,0,0,0,70.35000000000001
2008,12,20,9,30,10.3,0,0,0,0,0,0,74.34
2008,12,20,10,30,9.5,0,0,0,0,0,0,79.19
2008,12,20,11,30,8.9,0,0,0,0,0,0,83.9
2008,12,20,12,30,8.5,0,0,0,0,0,0,88.26
2008,12,20,13,30,10.200000000000001,0,0,0,0,0,0,81.24
2008,12,20,14,30,13.700000000000001,61,193,580,580,61,193,68.49
2008,12,20,15,30,17.8,84,411,786,786,84,411,54.96
2008,12,20,16,30,21.700000000000003,94,601,891,891,94,601,43.02
2008,12,20,17,30,24.1,100,732,941,941,100,732,35.07
2008,12,20,18,30,25.400000000000002,102,795,959,959,102,795,31.580000000000002
2008,12,20,19,30,26.1,102,783,957,957,102,783,29.01
2008,12,20,20,30,26.3,98,699,932,932,98,699,27.490000000000002
2008,12,20,21,30,26,78,554,908,908,78,554,26.87
2008,12,20,22,30,24.700000000000003,65,354,802,802,65,354,27.98
2008,12,20,23,30,22.1,42,131,555,555,42,131,39.77
2008,12,21,0,30,19.700000000000003,0,0,0,0,0,0,46.54
2008,12,21,1,30,18,0,0,0,0,0,0,51.97
2008,12,21,2,30,16.5,0,0,0,0,0,0,58.53
2008,12,21,3,30,15.3,0,0,0,0,0,0,64.82000000000001
2008,12,21,4,30,14.4,0,0,0,0,0,0,72.54
2008,12,21,5,30,13.600000000000001,0,0,0,0,0,0,79.53
2008,12,21,6,30,13,0,0,0,0,0,0,84.44
2008,12,21,7,30,12.5,0,0,0,0,0,0,87.47
2008,12,21,8,30,12,0,0,0,0,0,0,89.04
2008,12,21,9,30,11.5,0,0,0,0,0,0,89.27
2008,12,21,10,30,11.200000000000001,0,0,0,0,0,0,87.88
2008,12,21,11,30,10.700000000000001,0,0,0,0,0,0,87.64
2008,12,21,12,30,10.3,0,0,0,0,0,0,86.86
2008,12,21,13,30,11.3,0,0,0,0,0,0,78.4
2008,12,21,14,30,14.200000000000001,49,204,688,688,49,204,64.98
2008,12,21,15,30,18.3,66,430,879,879,66,430,48.43
2008,12,21,16,30,22,74,620,964,964,74,620,34.85
2008,12,21,17,30,24.1,78,757,1011,1011,78,757,27.61
2008,12,21,18,30,25.400000000000002,80,821,1028,1028,80,821,23.67
2008,12,21,19,30,26.1,78,814,1034,1034,78,814,20.27
2008,12,21,20,30,26.200000000000003,75,729,1013,1013,75,729,17.71
2008,12,21,21,30,25.700000000000003,70,575,961,961,70,575,16.42
2008,12,21,22,30,24.200000000000003,61,373,865,865,61,373,17.16
2008,12,21,23,30,21.5,40,141,624,624,40,141,30.6
2008,12,22,0,30,19.3,0,0,0,0,0,0,31.76
2008,12,22,1,30,17.900000000000002,0,0,0,0,0,0,32.38
2008,12,22,2,30,16.5,0,0,0,0,0,0,37.29
2008,12,22,3,30,15,0,0,0,0,0,0,43.6
2008,12,22,4,30,13.3,0,0,0,0,0,0,51.81
2008,12,22,5,30,11.4,0,0,0,0,0,0,60.79
2008,12,22,6,30,9.700000000000001,0,0,0,0,0,0,69.60000000000001
2008,12,22,7,30,8.5,0,0,0,0,0,0,78.36
2008,12,22,8,30,7.7,0,0,0,0,0,0,85.27
2008,12,22,9,30,7.4,0,0,0,0,0,0,88.74
2008,12,22,10,30,7.4,0,0,0,0,0,0,90.53
2008,12,22,11,30,7.6000000000000005,0,0,0,0,0,0,91.56
2008,12,22,12,30,8.1,0,0,0,0,0,0,90.68
2008,12,22,13,30,9.5,0,0,0,0,0,0,84.3
2008,12,22,14,30,12.200000000000001,81,180,442,0,40,40,72.24
2008,12,22,15,30,15.5,115,394,676,12,198,203,62.51
2008,12,22,16,30,18.5,131,580,795,795,131,580,56.82
2008,12,22,17,30,20.400000000000002,137,710,855,855,137,710,50.82
2008,12,22,18,30,21.5,140,774,879,388,396,676,46.69
2008,12,22,19,30,21.900000000000002,141,760,870,870,141,760,44.99
2008,12,22,20,30,21.700000000000003,135,676,837,837,135,676,45.21
2008,12,22,21,30,21,135,524,737,737,135,524,46.88
2008,12,22,22,30,19.8,115,326,584,584,115,326,50.7
2008,12,22,23,30,17.6,67,116,300,300,67,116,61.44
2008,12,23,0,30,15.700000000000001,0,0,0,0,0,0,73.04
2008,12,23,1,30,14.5,0,0,0,0,0,0,78.82000000000001
2008,12,23,2,30,13.5,0,0,0,0,0,0,84.92
2008,12,23,3,30,12.8,0,0,0,0,0,0,90.12
2008,12,23,4,30,12.100000000000001,0,0,0,0,0,0,95.58
2008,12,23,5,30,11.600000000000001,0,0,0,0,0,0,99.66
2008,12,23,6,30,11.200000000000001,0,0,0,0,0,0,100
2008,12,23,7,30,10.700000000000001,0,0,0,0,0,0,100
2008,12,23,8,30,10.5,0,0,0,0,0,0,100
2008,12,23,9,30,10.4,0,0,0,0,0,0,100
2008,12,23,10,30,10.5,0,0,0,0,0,0,100
2008,12,23,11,30,10.4,0,0,0,0,0,0,100
2008,12,23,12,30,10.4,0,0,0,0,0,0,100
2008,12,23,13,30,11.3,0,0,0,0,0,0,95.94
2008,12,23,14,30,13.9,56,195,630,630,56,195,80.84
2008,12,23,15,30,17.400000000000002,69,420,851,851,69,420,60.33
2008,12,23,16,30,19.900000000000002,76,608,942,942,76,608,40.26
2008,12,23,17,30,21.200000000000003,81,741,983,983,81,741,36.26
2008,12,23,18,30,22,83,802,998,998,83,802,34.660000000000004
2008,12,23,19,30,22.400000000000002,83,792,995,995,83,792,33.67
2008,12,23,20,30,22.400000000000002,80,709,972,972,80,709,33.25
2008,12,23,21,30,21.8,73,561,925,925,73,561,33.81
2008,12,23,22,30,20.400000000000002,61,363,830,830,61,363,35.85
2008,12,23,23,30,17.2,40,141,606,606,40,141,47.01
2008,12,24,0,30,14.3,0,0,0,0,0,0,60.31
2008,12,24,1,30,13.200000000000001,0,0,0,0,0,0,62.65
2008,12,24,2,30,12.4,0,0,0,0,0,0,64.58
2008,12,24,3,30,11.8,0,0,0,0,0,0,65.75
2008,12,24,4,30,11.200000000000001,0,0,0,0,0,0,67.27
2008,12,24,5,30,10.8,0,0,0,0,0,0,67.94
2008,12,24,6,30,10.5,0,0,0,0,0,0,68.32000000000001
2008,12,24,7,30,10.200000000000001,0,0,0,0,0,0,68.9
2008,12,24,8,30,10,0,0,0,0,0,0,69.23
2008,12,24,9,30,9.700000000000001,0,0,0,0,0,0,70.06
2008,12,24,10,30,9.5,0,0,0,0,0,0,70.59
2008,12,24,11,30,9.200000000000001,0,0,0,0,0,0,71.91
2008,12,24,12,30,8.9,0,0,0,0,0,0,73.60000000000001
2008,12,24,13,30,10.200000000000001,0,0,0,0,0,0,68.33
2008,12,24,14,30,13.700000000000001,44,201,714,714,44,201,59.050000000000004
2008,12,24,15,30,17.8,59,422,883,883,59,422,43.63
2008,12,24,16,30,21,68,611,961,961,68,611,32.36
2008,12,24,17,30,22.700000000000003,75,743,996,996,75,743,27.16
2008,12,24,18,30,23.700000000000003,79,807,1010,1010,79,807,24.95
2008,12,24,19,30,24.200000000000003,81,793,998,998,81,793,24.11
2008,12,24,20,30,24.200000000000003,81,710,970,970,81,710,24.13
2008,12,24,21,30,23.8,75,562,919,919,75,562,24.62
2008,12,24,22,30,22.5,64,362,816,816,64,362,26.19
2008,12,24,23,30,20.3,43,139,573,573,43,139,36.660000000000004
2008,12,25,0,30,18.3,0,0,0,0,0,0,42.1
2008,12,25,1,30,17.1,0,0,0,0,0,0,44.65
2008,12,25,2,30,16.2,0,0,0,0,0,0,46.550000000000004
2008,12,25,3,30,15.600000000000001,0,0,0,0,0,0,47.65
2008,12,25,4,30,15.100000000000001,0,0,0,0,0,0,48.34
2008,12,25,5,30,14.5,0,0,0,0,0,0,49.52
2008,12,25,6,30,13.8,0,0,0,0,0,0,51.28
2008,12,25,7,30,13,0,0,0,0,0,0,53.6
2008,12,25,8,30,12,0,0,0,0,0,0,57.06
2008,12,25,9,30,10.9,0,0,0,0,0,0,61.24
2008,12,25,10,30,10,0,0,0,0,0,0,64.68
2008,12,25,11,30,9.200000000000001,0,0,0,0,0,0,67.77
2008,12,25,12,30,8.700000000000001,0,0,0,0,0,0,69.7
2008,12,25,13,30,10.100000000000001,0,0,0,0,0,0,64.06
2008,12,25,14,30,13.600000000000001,50,191,643,643,50,191,55.050000000000004
2008,12,25,15,30,17.7,70,411,832,832,70,411,41.12
2008,12,25,16,30,21.200000000000003,81,599,919,919,81,599,31.48
2008,12,25,17,30,23,89,729,956,956,89,729,28.23
2008,12,25,18,30,23.900000000000002,96,793,966,966,96,793,27.68
2008,12,25,19,30,24.3,95,785,965,965,95,785,27.98
2008,12,25,20,30,24.200000000000003,90,702,941,941,90,702,29.080000000000002
2008,12,25,21,30,23.700000000000003,92,552,865,865,92,552,30.57
2008,12,25,22,30,22.3,77,355,757,757,77,355,33.480000000000004
2008,12,25,23,30,19.3,49,135,507,507,49,135,47.42
2008,12,26,0,30,17,0,0,0,0,0,0,56.980000000000004
2008,12,26,1,30,16.1,0,0,0,0,0,0,60.01
2008,12,26,2,30,15.3,0,0,0,0,0,0,62.870000000000005
2008,12,26,3,30,14.5,0,0,0,0,0,0,65.47
2008,12,26,4,30,13.8,0,0,0,0,0,0,67.22
2008,12,26,5,30,13.200000000000001,0,0,0,0,0,0,69.14
2008,12,26,6,30,12.8,0,0,0,0,0,0,70.48
2008,12,26,7,30,12.5,0,0,0,0,0,0,71.27
2008,12,26,8,30,12,0,0,0,0,0,0,73.16
2008,12,26,9,30,11.5,0,0,0,0,0,0,75.27
2008,12,26,10,30,11,0,0,0,0,0,0,77.53
2008,12,26,11,30,10.700000000000001,0,0,0,0,0,0,78.95
2008,12,26,12,30,10.700000000000001,0,0,0,0,0,0,78.68
2008,12,26,13,30,11.9,0,0,0,0,0,0,72.57000000000001
2008,12,26,14,30,14.8,52,189,633,633,52,189,63.56
2008,12,26,15,30,18.7,70,412,836,836,70,412,48.21
2008,12,26,16,30,21.700000000000003,80,601,925,925,80,601,36.85
2008,12,26,17,30,23,86,734,968,968,86,734,33.1
2008,12,26,18,30,23.700000000000003,86,799,987,987,86,799,31.470000000000002
2008,12,26,19,30,23.900000000000002,87,791,984,984,87,791,31.14
2008,12,26,20,30,23.6,84,707,958,958,84,707,31.740000000000002
2008,12,26,21,30,22.900000000000002,75,562,914,914,75,562,33.15
2008,12,26,22,30,21.400000000000002,62,366,822,822,62,366,36.37
2008,12,26,23,30,18.2,40,145,606,606,40,145,48.15
2008,12,27,0,30,15.3,0,0,0,0,0,0,61.72
2008,12,27,1,30,14.200000000000001,0,0,0,0,0,0,64.53
2008,12,27,2,30,13.4,0,0,0,0,0,0,66.76
2008,12,27,3,30,12.700000000000001,0,0,0,0,0,0,68.61
2008,12,27,4,30,12.100000000000001,0,0,0,0,0,0,70.27
2008,12,27,5,30,11.5,0,0,0,0,0,0,72.13
2008,12,27,6,30,11.100000000000001,0,0,0,0,0,0,72.98
2008,12,27,7,30,10.8,0,0,0,0,0,0,73.21000000000001
2008,12,27,8,30,10.600000000000001,0,0,0,0,0,0,73.11
2008,12,27,9,30,10.4,0,0,0,0,0,0,73.3
2008,12,27,10,30,10.100000000000001,0,0,0,0,0,0,74.14
2008,12,27,11,30,9.700000000000001,0,0,0,0,0,0,75.82000000000001
2008,12,27,12,30,9.4,0,0,0,0,0,0,77.44
2008,12,27,13,30,10.700000000000001,0,0,0,0,0,0,71.34
2008,12,27,14,30,14.100000000000001,40,197,727,727,40,197,60.9
2008,12,27,15,30,17.900000000000002,53,419,898,898,53,419,44.82
2008,12,27,16,30,20.6,60,608,974,974,60,608,34.03
2008,12,27,17,30,22,66,739,1005,1005,66,739,31.220000000000002
2008,12,27,18,30,23,73,805,1014,1014,73,805,29.25
2008,12,27,19,30,23.5,74,797,1011,1011,74,797,28.490000000000002
2008,12,27,20,30,23.5,72,714,985,985,72,714,28.64
2008,12,27,21,30,23,65,569,943,943,65,569,29.66
2008,12,27,22,30,21.400000000000002,55,371,849,849,55,371,33.39
2008,12,27,23,30,18.3,38,149,636,37,96,102,47.730000000000004
2008,12,28,0,30,15.8,0,0,0,0,0,0,57.65
2008,12,28,1,30,14.9,0,0,0,0,0,0,59.9
2008,12,28,2,30,14.4,0,0,0,0,0,0,61.84
2008,12,28,3,30,14.100000000000001,0,0,0,0,0,0,62.76
2008,12,28,4,30,14,0,0,0,0,0,0,62.99
2008,12,28,5,30,14,0,0,0,0,0,0,62.56
2008,12,28,6,30,13.700000000000001,0,0,0,0,0,0,63.36
2008,12,28,7,30,13.200000000000001,0,0,0,0,0,0,64.94
2008,12,28,8,30,12.600000000000001,0,0,0,0,0,0,67.1
2008,12,28,9,30,12,0,0,0,0,0,0,69.86
2008,12,28,10,30,11.5,0,0,0,0,0,0,72.47
2008,12,28,11,30,11.100000000000001,0,0,0,0,0,0,74.39
2008,12,28,12,30,10.8,0,0,0,0,0,0,75.79
2008,12,28,13,30,11.600000000000001,0,0,0,0,0,0,71.81
2008,12,28,14,30,13.5,45,192,684,45,109,119,67.69
2008,12,28,15,30,15.9,62,413,864,174,206,277,56.58
2008,12,28,16,30,18.7,72,600,941,661,161,533,47.09
2008,12,28,17,30,20.900000000000002,78,734,979,979,78,734,39.660000000000004
2008,12,28,18,30,22.1,80,798,993,648,201,669,35.93
2008,12,28,19,30,22.6,81,791,990,712,192,703,34.33
2008,12,28,20,30,22.700000000000003,80,711,966,508,261,593,33.96
2008,12,28,21,30,22.400000000000002,74,565,916,613,163,491,35.01
2008,12,28,22,30,21.400000000000002,63,369,818,470,144,319,37.84
2008,12,28,23,30,19.700000000000003,43,147,593,593,43,147,50.31
2008,12,29,0,30,18.5,0,0,0,0,0,0,48.800000000000004
2008,12,29,1,30,17.900000000000002,0,0,0,0,0,0,48.71
2008,12,29,2,30,17.2,0,0,0,0,0,0,49.84
2008,12,29,3,30,16.400000000000002,0,0,0,0,0,0,52.160000000000004
2008,12,29,4,30,15.4,0,0,0,0,0,0,56.02
2008,12,29,5,30,14.3,0,0,0,0,0,0,60.78
2008,12,29,6,30,13.200000000000001,0,0,0,0,0,0,66.29
2008,12,29,7,30,12.3,0,0,0,0,0,0,71.3
2008,12,29,8,30,11.600000000000001,0,0,0,0,0,0,76
2008,12,29,9,30,11.100000000000001,0,0,0,0,0,0,80.23
2008,12,29,10,30,10.700000000000001,0,0,0,0,0,0,83.78
2008,12,29,11,30,10.4,0,0,0,0,0,0,87.07000000000001
2008,12,29,12,30,10.200000000000001,0,0,0,0,0,0,89.27
2008,12,29,13,30,10.9,0,0,0,0,0,0,85.31
2008,12,29,14,30,12.8,58,179,566,109,118,141,75.87
2008,12,29,15,30,15.4,81,397,778,545,147,368,63.86
2008,12,29,16,30,18.3,92,583,875,393,230,450,52.97
2008,12,29,17,30,20.6,99,718,925,336,312,537,44.49
2008,12,29,18,30,21.8,102,782,942,649,216,685,41.27
2008,12,29,19,30,22.3,105,775,933,379,322,594,41.25
2008,12,29,20,30,22.3,106,694,898,487,257,576,41.5
2008,12,29,21,30,21.900000000000002,93,553,854,190,273,375,42.53
2008,12,29,22,30,20.900000000000002,83,357,729,59,186,208,45.550000000000004
2008,12,29,23,30,19.3,55,139,471,73,102,115,57.32
2008,12,30,0,30,18.1,0,0,0,0,0,0,59.26
2008,12,30,1,30,17.400000000000002,0,0,0,0,0,0,59.93
2008,12,30,2,30,16.7,0,0,0,0,0,0,61.74
2008,12,30,3,30,16,0,0,0,0,0,0,64.68
2008,12,30,4,30,15.100000000000001,0,0,0,0,0,0,69.59
2008,12,30,5,30,14.100000000000001,0,0,0,0,0,0,74.74
2008,12,30,6,30,13.200000000000001,0,0,0,0,0,0,78.85000000000001
2008,12,30,7,30,12.4,0,0,0,0,0,0,82.68
2008,12,30,8,30,11.8,0,0,0,0,0,0,85.8
2008,12,30,9,30,11.5,0,0,0,0,0,0,87.35000000000001
2008,12,30,10,30,11.3,0,0,0,0,0,0,88.8
2008,12,30,11,30,11.200000000000001,0,0,0,0,0,0,89.55
2008,12,30,12,30,11.200000000000001,0,0,0,0,0,0,89.75
2008,12,30,13,30,11.9,0,0,0,0,0,0,86.01
2008,12,30,14,30,13.5,94,154,284,17,122,126,77.69
2008,12,30,15,30,15.700000000000001,149,359,520,9,190,194,69.04
2008,12,30,16,30,18.2,172,544,663,474,241,507,61.22
2008,12,30,17,30,20.400000000000002,181,680,745,414,311,588,53.38
2008,12,30,18,30,21.900000000000002,201,742,748,538,282,671,47.78
2008,12,30,19,30,22.200000000000003,204,733,735,126,381,472,46.33
2008,12,30,20,30,21.8,195,656,702,462,314,617,46.85
2008,12,30,21,30,21.200000000000003,185,513,607,327,289,466,47.97
2008,12,30,22,30,20.3,148,327,475,127,228,275,50.94
2008,12,30,23,30,18.900000000000002,81,123,230,40,107,114,60.550000000000004
2008,12,31,0,30,17.7,0,0,0,0,0,0,65.3
2008,12,31,1,30,17.2,0,0,0,0,0,0,65.23
2008,12,31,2,30,16.5,0,0,0,0,0,0,66.73
2008,12,31,3,30,15.700000000000001,0,0,0,0,0,0,69.15
2008,12,31,4,30,15,0,0,0,0,0,0,71.83
2008,12,31,5,30,14.4,0,0,0,0,0,0,74.24
2008,12,31,6,30,13.9,0,0,0,0,0,0,76.13
2008,12,31,7,30,13.3,0,0,0,0,0,0,78.62
2008,12,31,8,30,12.700000000000001,0,0,0,0,0,0,81.34
2008,12,31,9,30,12.200000000000001,0,0,0,0,0,0,83.47
2008,12,31,10,30,11.5,0,0,0,0,0,0,86.3
2008,12,31,11,30,10.9,0,0,0,0,0,0,88.13
2008,12,31,12,30,10.4,0,0,0,0,0,0,89.29
2008,12,31,13,30,11.8,0,0,0,0,0,0,79.95
2008,12,31,14,30,15.200000000000001,61,174,535,535,61,174,65.91
2008,12,31,15,30,19,85,393,761,761,85,393,51.99
2008,12,31,16,30,21.8,96,583,870,870,96,583,42.17
2008,12,31,17,30,23.400000000000002,100,719,926,926,100,719,37.17
2008,12,31,18,30,24.3,100,789,951,951,100,789,33.9
2008,12,31,19,30,24.8,99,784,952,952,99,784,31.66
2008,12,31,20,30,24.900000000000002,96,706,928,928,96,706,30.5
2008,12,31,21,30,24.5,90,562,871,871,90,562,30.400000000000002
2008,12,31,22,30,23.200000000000003,77,366,761,761,77,366,32.39
2008,12,31,23,30,20.900000000000002,51,148,527,527,51,148,43.99
