Source,Location ID,City,State,Country,Latitude,Longitude,Time Zone,Elevation,Local Time Zone,Clearsky DHI Units,Clearsky DNI Units,Clearsky GHI Units,Dew Point Units,DHI Units,DNI Units,GHI Units,Solar Zenith Angle Units,Temperature Units,Pressure Units,Relative Humidity Units,Precipitable Water Units,Wind Direction Units,Wind Speed Units,Cloud Type -15,Cloud Type 0,Cloud Type 1,Cloud Type 2,Cloud Type 3,Cloud Type 4,Cloud Type 5,Cloud Type 6,Cloud Type 7,Cloud Type 8,Cloud Type 9,Cloud Type 10,Cloud Type 11,Cloud Type 12,Fill Flag 0,Fill Flag 1,Fill Flag 2,Fill Flag 3,Fill Flag 4,Fill Flag 5,Surface Albedo Units,Version
NSRDB,532792,-,-,-,20.25,-103.14,0,1518,-6,w/m2,w/m2,w/m2,c,w/m2,w/m2,w/m2,Degree,c,mbar,%,cm,Degrees,m/s,N/A,Clear,Probably Clear,Fog,Water,Super-Cooled Water,Mixed,Opaque Ice,Cirrus,Overlapping,Overshooting,Unknown,Dust,Smoke,N/A,Missing Image,Low Irradiance,Exceeds Clearsky,Missing CLoud Properties,Rayleigh Violation,N/A,4.0.1
Year,Month,Day,Hour,Minute,Temperature,Clearsky DHI,Clearsky GHI,Clearsky DNI,DNI,DHI,GHI,Relative Humidity
2008,1,1,0,30,20.700000000000003,0,0,0,0,0,0,32.24
2008,1,1,1,30,19.5,0,0,0,0,0,0,33.32
2008,1,1,2,30,18.6,0,0,0,0,0,0,33.08
2008,1,1,3,30,17.7,0,0,0,0,0,0,32.69
2008,1,1,4,30,16.400000000000002,0,0,0,0,0,0,33.79
2008,1,1,5,30,14.700000000000001,0,0,0,0,0,0,36.13
2008,1,1,6,30,12.9,0,0,0,0,0,0,39.95
2008,1,1,7,30,11.5,0,0,0,0,0,0,44.53
2008,1,1,8,30,10.4,0,0,0,0,0,0,49.31
2008,1,1,9,30,9.8,0,0,0,0,0,0,53.25
2008,1,1,10,30,9.3,0,0,0,0,0,0,57.34
2008,1,1,11,30,8.9,0,0,0,0,0,0,61.22
2008,1,1,12,30,8.6,0,0,0,0,0,0,65.02
2008,1,1,13,30,9.8,0,0,0,0,0,0,62.4
2008,1,1,14,30,13,42,195,723,723,42,195,53.4
2008,1,1,15,30,17.1,58,422,904,904,58,422,42.21
2008,1,1,16,30,20.6,68,612,973,386,283,498,35.67
2008,1,1,17,30,22.900000000000002,75,746,1004,395,343,607,30.490000000000002
2008,1,1,18,30,24.400000000000002,78,815,1019,450,357,682,26.82
2008,1,1,19,30,25.3,78,806,1012,530,326,708,24.98
2008,1,1,20,30,25.700000000000003,77,724,985,985,77,724,24.42
2008,1,1,21,30,25.3,76,574,921,921,76,574,25.36
2008,1,1,22,30,24,67,375,812,156,217,276,28.63
2008,1,1,23,30,21.3,47,151,569,569,47,151,40.45
2008,1,2,0,30,18.6,0,0,0,0,0,0,48.21
2008,1,2,1,30,16.6,0,0,0,0,0,0,56.660000000000004
2008,1,2,2,30,14.700000000000001,0,0,0,0,0,0,63.480000000000004
2008,1,2,3,30,12.9,0,0,0,0,0,0,66.18
2008,1,2,4,30,11.200000000000001,0,0,0,0,0,0,67.67
2008,1,2,5,30,9.8,0,0,0,0,0,0,69.32000000000001
2008,1,2,6,30,8.8,0,0,0,0,0,0,70.05
2008,1,2,7,30,8,0,0,0,0,0,0,69.86
2008,1,2,8,30,7.4,0,0,0,0,0,0,69.06
2008,1,2,9,30,6.800000000000001,0,0,0,0,0,0,69.10000000000001
2008,1,2,10,30,6.300000000000001,0,0,0,0,0,0,69.61
2008,1,2,11,30,5.9,0,0,0,0,0,0,70.27
2008,1,2,12,30,5.6000000000000005,0,0,0,0,0,0,70.64
2008,1,2,13,30,6.2,0,0,0,0,0,0,66.89
2008,1,2,14,30,8.5,51,179,612,277,103,161,56.93
2008,1,2,15,30,11.8,72,400,816,152,231,292,47.25
2008,1,2,16,30,15,82,588,905,264,308,455,40.53
2008,1,2,17,30,17.7,89,724,951,339,354,581,35.86
2008,1,2,18,30,19.700000000000003,92,793,968,417,361,663,32.82
2008,1,2,19,30,21.1,94,788,964,964,94,788,30.830000000000002
2008,1,2,20,30,21.700000000000003,92,710,938,938,92,710,30.16
2008,1,2,21,30,21.400000000000002,86,567,885,223,307,428,30.86
2008,1,2,22,30,20,74,372,780,118,221,267,33.55
2008,1,2,23,30,17.2,51,152,546,32,102,108,40.88
2008,1,3,0,30,14.4,0,0,0,0,0,0,48.69
2008,1,3,1,30,12.700000000000001,0,0,0,0,0,0,50.61
2008,1,3,2,30,11.100000000000001,0,0,0,0,0,0,52.21
2008,1,3,3,30,9.5,0,0,0,0,0,0,54.79
2008,1,3,4,30,8,0,0,0,0,0,0,57.78
2008,1,3,5,30,6.9,0,0,0,0,0,0,60.33
2008,1,3,6,30,6.1000000000000005,0,0,0,0,0,0,62.67
2008,1,3,7,30,5.5,0,0,0,0,0,0,64.65
2008,1,3,8,30,5.1000000000000005,0,0,0,0,0,0,66.04
2008,1,3,9,30,4.800000000000001,0,0,0,0,0,0,67.34
2008,1,3,10,30,4.5,0,0,0,0,0,0,68.68
2008,1,3,11,30,4.2,0,0,0,0,0,0,70.16
2008,1,3,12,30,4.1000000000000005,0,0,0,0,0,0,70.60000000000001
2008,1,3,13,30,5,0,0,0,0,0,0,66.18
2008,1,3,14,30,7.800000000000001,50,181,626,626,50,181,54.97
2008,1,3,15,30,11.600000000000001,69,405,836,836,69,405,44.660000000000004
2008,1,3,16,30,15.3,78,597,928,928,78,597,37.54
2008,1,3,17,30,18.6,83,735,975,975,83,735,32.63
2008,1,3,18,30,21.200000000000003,85,808,998,998,85,808,29.38
2008,1,3,19,30,22.8,85,805,997,997,85,805,27.88
2008,1,3,20,30,23.6,82,727,976,976,82,727,27.85
2008,1,3,21,30,23.5,80,581,920,920,80,581,28.27
2008,1,3,22,30,22.1,68,384,824,824,68,384,30.900000000000002
2008,1,3,23,30,18.8,47,160,606,606,47,160,44.39
2008,1,4,0,30,16,0,0,0,0,0,0,50.82
2008,1,4,1,30,14.700000000000001,0,0,0,0,0,0,52.32
2008,1,4,2,30,13.5,0,0,0,0,0,0,55.69
2008,1,4,3,30,12.200000000000001,0,0,0,0,0,0,59.74
2008,1,4,4,30,10.8,0,0,0,0,0,0,63.410000000000004
2008,1,4,5,30,9.5,0,0,0,0,0,0,66.29
2008,1,4,6,30,8.4,0,0,0,0,0,0,68.91
2008,1,4,7,30,7.4,0,0,0,0,0,0,72.31
2008,1,4,8,30,6.7,0,0,0,0,0,0,75.4
2008,1,4,9,30,6.1000000000000005,0,0,0,0,0,0,78.48
2008,1,4,10,30,5.6000000000000005,0,0,0,0,0,0,81.16
2008,1,4,11,30,5.2,0,0,0,0,0,0,83.36
2008,1,4,12,30,4.9,0,0,0,0,0,0,85.17
2008,1,4,13,30,6.2,0,0,0,0,0,0,77.93
2008,1,4,14,30,9.600000000000001,49,184,646,646,49,184,62.85
2008,1,4,15,30,14.200000000000001,66,411,859,859,66,411,48.44
2008,1,4,16,30,18.7,74,607,953,953,74,607,37.96
2008,1,4,17,30,22.200000000000003,77,747,1000,1000,77,747,30.580000000000002
2008,1,4,18,30,24.1,79,818,1019,1019,79,818,25.28
2008,1,4,19,30,25.1,78,815,1019,1019,78,815,22
2008,1,4,20,30,25.5,74,742,1007,1007,74,742,19.94
2008,1,4,21,30,25.3,69,597,964,964,69,597,18.64
2008,1,4,22,30,23.900000000000002,59,398,879,879,59,398,19.18
2008,1,4,23,30,21.5,41,170,679,679,41,170,29.17
2008,1,5,0,30,19.700000000000003,0,0,0,0,0,0,28
2008,1,5,1,30,18.8,0,0,0,0,0,0,28.14
2008,1,5,2,30,17.900000000000002,0,0,0,0,0,0,29.400000000000002
2008,1,5,3,30,17,0,0,0,0,0,0,30.75
2008,1,5,4,30,16.1,0,0,0,0,0,0,32.56
2008,1,5,5,30,14.8,0,0,0,0,0,0,36.13
2008,1,5,6,30,13.100000000000001,0,0,0,0,0,0,38.93
2008,1,5,7,30,11.4,0,0,0,0,0,0,44.33
2008,1,5,8,30,10.100000000000001,0,0,0,0,0,0,49.76
2008,1,5,9,30,9.1,0,0,0,0,0,0,55.68
2008,1,5,10,30,8.5,0,0,0,0,0,0,60.96
2008,1,5,11,30,8.200000000000001,0,0,0,0,0,0,65.28
2008,1,5,12,30,8.200000000000001,0,0,0,0,0,0,67.9
2008,1,5,13,30,10.100000000000001,0,0,0,0,0,0,62.050000000000004
2008,1,5,14,30,13.8,52,177,606,606,52,177,54.49
2008,1,5,15,30,18,72,399,815,815,72,399,42.24
2008,1,5,16,30,21.8,83,592,910,317,300,477,35.64
2008,1,5,17,30,24.200000000000003,89,731,958,364,355,599,29.55
2008,1,5,18,30,25.5,91,803,980,383,383,662,25.93
2008,1,5,19,30,26.200000000000003,91,801,980,445,358,680,24.23
2008,1,5,20,30,26.200000000000003,88,724,959,562,239,612,23.88
2008,1,5,21,30,25.700000000000003,81,582,912,510,203,483,24.29
2008,1,5,22,30,24.3,69,384,811,71,196,224,25.96
2008,1,5,23,30,21.400000000000002,48,162,594,248,93,141,37.06
2008,1,6,0,30,18.7,0,0,0,0,0,0,44.1
2008,1,6,1,30,17.2,0,0,0,0,0,0,48.29
2008,1,6,2,30,15.9,0,0,0,0,0,0,53.52
2008,1,6,3,30,15,0,0,0,0,0,0,57.730000000000004
2008,1,6,4,30,14.4,0,0,0,0,0,0,59.99
2008,1,6,5,30,14,0,0,0,0,0,0,62.43
2008,1,6,6,30,13.700000000000001,0,0,0,0,0,0,64.12
2008,1,6,7,30,13.5,0,0,0,0,0,0,65.11
2008,1,6,8,30,13.200000000000001,0,0,0,0,0,0,66.34
2008,1,6,9,30,12.8,0,0,0,0,0,0,68.03
2008,1,6,10,30,12.5,0,0,0,0,0,0,69.18
2008,1,6,11,30,12.200000000000001,0,0,0,0,0,0,70.36
2008,1,6,12,30,11.9,0,0,0,0,0,0,71.55
2008,1,6,13,30,12.8,0,0,0,0,0,0,67.46000000000001
2008,1,6,14,30,15.700000000000001,50,177,613,613,50,177,58.04
2008,1,6,15,30,19.8,70,399,821,821,70,399,44.42
2008,1,6,16,30,23.1,80,592,915,284,306,464,34.26
2008,1,6,17,30,24.8,86,734,965,348,359,593,29.59
2008,1,6,18,30,25.900000000000002,88,805,986,394,377,664,26.57
2008,1,6,19,30,26.3,88,804,986,451,355,683,24.990000000000002
2008,1,6,20,30,26.3,85,728,965,326,359,577,24.34
2008,1,6,21,30,25.700000000000003,78,586,921,921,78,586,24.57
2008,1,6,22,30,24.1,66,391,830,830,66,391,26.69
2008,1,6,23,30,20.6,45,167,625,625,45,167,38.84
2008,1,7,0,30,17.6,0,0,0,0,0,0,47.79
2008,1,7,1,30,16.400000000000002,0,0,0,0,0,0,50.22
2008,1,7,2,30,15.5,0,0,0,0,0,0,52.38
2008,1,7,3,30,14.700000000000001,0,0,0,0,0,0,54
2008,1,7,4,30,14.200000000000001,0,0,0,0,0,0,55.6
2008,1,7,5,30,13.8,0,0,0,0,0,0,56.660000000000004
2008,1,7,6,30,13.5,0,0,0,0,0,0,57.06
2008,1,7,7,30,13.200000000000001,0,0,0,0,0,0,57.25
2008,1,7,8,30,13,0,0,0,0,0,0,57.160000000000004
2008,1,7,9,30,12.8,0,0,0,0,0,0,57.43
2008,1,7,10,30,12.5,0,0,0,0,0,0,58.78
2008,1,7,11,30,12,0,0,0,0,0,0,61.56
2008,1,7,12,30,11.5,0,0,0,0,0,0,65.07000000000001
2008,1,7,13,30,12.5,0,0,0,0,0,0,62.67
2008,1,7,14,30,15.700000000000001,43,184,687,687,43,184,55.43
2008,1,7,15,30,20,59,411,880,880,59,411,40.07
2008,1,7,16,30,23.3,66,607,965,965,66,607,25.84
2008,1,7,17,30,24.900000000000002,71,747,1006,386,346,605,21.11
2008,1,7,18,30,25.8,72,820,1026,416,370,673,19.26
2008,1,7,19,30,26.200000000000003,72,819,1026,544,323,719,18.53
2008,1,7,20,30,26,71,743,1006,1006,71,743,18.66
2008,1,7,21,30,25.3,65,600,966,257,308,451,19.36
2008,1,7,22,30,23.5,57,403,880,222,215,302,21.86
2008,1,7,23,30,20.1,41,176,684,684,41,176,33.21
2008,1,8,0,30,17.3,0,0,0,0,0,0,42.21
2008,1,8,1,30,16.400000000000002,0,0,0,0,0,0,43.63
2008,1,8,2,30,16,0,0,0,0,0,0,44.71
2008,1,8,3,30,15.700000000000001,0,0,0,0,0,0,45.69
2008,1,8,4,30,15.4,0,0,0,0,0,0,46.51
2008,1,8,5,30,15.3,0,0,0,0,0,0,46.67
2008,1,8,6,30,15.100000000000001,0,0,0,0,0,0,46.79
2008,1,8,7,30,14.9,0,0,0,0,0,0,46.95
2008,1,8,8,30,14.600000000000001,0,0,0,0,0,0,47.38
2008,1,8,9,30,14.100000000000001,0,0,0,0,0,0,48.160000000000004
2008,1,8,10,30,13.700000000000001,0,0,0,0,0,0,49.1
2008,1,8,11,30,13.4,0,0,0,0,0,0,49.370000000000005
2008,1,8,12,30,13,0,0,0,0,0,0,49.88
2008,1,8,13,30,13.3,0,0,0,0,0,0,48.79
2008,1,8,14,30,15.4,41,190,722,722,41,190,47.9
2008,1,8,15,30,19.200000000000003,56,420,909,909,56,420,33.65
2008,1,8,16,30,22.700000000000003,62,618,992,992,62,618,19.98
2008,1,8,17,30,24.5,66,760,1032,391,352,615,17.64
2008,1,8,18,30,25.6,66,834,1051,428,374,686,16.34
2008,1,8,19,30,26.200000000000003,65,833,1053,501,345,711,15.620000000000001
2008,1,8,20,30,26.400000000000002,62,758,1037,1037,62,758,15.24
2008,1,8,21,30,26,58,613,998,998,58,613,15.43
2008,1,8,22,30,24.400000000000002,50,412,914,914,50,412,17.1
2008,1,8,23,30,21.400000000000002,37,183,732,732,37,183,28.330000000000002
2008,1,9,0,30,18.8,0,0,0,0,0,0,33.410000000000004
2008,1,9,1,30,17.6,0,0,0,0,0,0,34.71
2008,1,9,2,30,16.7,0,0,0,0,0,0,35.51
2008,1,9,3,30,16,0,0,0,0,0,0,36.84
2008,1,9,4,30,15.5,0,0,0,0,0,0,38.53
2008,1,9,5,30,15.200000000000001,0,0,0,0,0,0,39.59
2008,1,9,6,30,15.100000000000001,0,0,0,0,0,0,39.64
2008,1,9,7,30,14.8,0,0,0,0,0,0,40.47
2008,1,9,8,30,14.200000000000001,0,0,0,0,0,0,42.18
2008,1,9,9,30,13.4,0,0,0,0,0,0,44.480000000000004
2008,1,9,10,30,12.3,0,0,0,0,0,0,47.65
2008,1,9,11,30,11,0,0,0,0,0,0,51.49
2008,1,9,12,30,10.100000000000001,0,0,0,0,0,0,54.07
2008,1,9,13,30,11.3,0,0,0,0,0,0,50.32
2008,1,9,14,30,14.700000000000001,40,187,713,713,40,187,44.93
2008,1,9,15,30,19.200000000000003,55,415,897,897,55,415,32.71
2008,1,9,16,30,23.1,63,612,979,979,63,612,23.490000000000002
2008,1,9,17,30,24.900000000000002,68,754,1019,391,347,611,20.650000000000002
2008,1,9,18,30,25.900000000000002,68,825,1034,424,368,679,19.56
2008,1,9,19,30,26.200000000000003,67,825,1035,521,332,713,19.42
2008,1,9,20,30,26,66,750,1018,306,369,574,19.72
2008,1,9,21,30,25.200000000000003,61,608,980,980,61,608,20.72
2008,1,9,22,30,23.6,53,412,900,900,53,412,23.03
2008,1,9,23,30,19.900000000000002,39,184,716,716,39,184,32.93
2008,1,10,0,30,16.6,0,0,0,0,0,0,42.84
2008,1,10,1,30,15.4,0,0,0,0,0,0,44.65
2008,1,10,2,30,14.700000000000001,0,0,0,0,0,0,46.26
2008,1,10,3,30,14.200000000000001,0,0,0,0,0,0,46.82
2008,1,10,4,30,13.700000000000001,0,0,0,0,0,0,47.04
2008,1,10,5,30,13.4,0,0,0,0,0,0,46.68
2008,1,10,6,30,13.200000000000001,0,0,0,0,0,0,45.96
2008,1,10,7,30,13.100000000000001,0,0,0,0,0,0,45.08
2008,1,10,8,30,13,0,0,0,0,0,0,44.42
2008,1,10,9,30,12.8,0,0,0,0,0,0,44.53
2008,1,10,10,30,12.4,0,0,0,0,0,0,45.75
2008,1,10,11,30,11.9,0,0,0,0,0,0,47.74
2008,1,10,12,30,11.600000000000001,0,0,0,0,0,0,49.38
2008,1,10,13,30,12.3,0,0,0,0,0,0,48.160000000000004
2008,1,10,14,30,14.600000000000001,38,187,729,310,90,153,47.11
2008,1,10,15,30,18.3,52,416,909,250,188,288,34.12
2008,1,10,16,30,21.8,58,613,989,657,158,527,20.900000000000002
2008,1,10,17,30,23.6,62,756,1028,608,198,608,17.3
2008,1,10,18,30,24.8,65,830,1044,410,376,676,17.61
2008,1,10,19,30,25.5,65,827,1040,484,346,701,17.6
2008,1,10,20,30,25.6,63,753,1022,334,361,587,17.75
2008,1,10,21,30,25.1,58,611,985,222,320,444,18.45
2008,1,10,22,30,23.400000000000002,51,415,907,410,158,322,20.650000000000002
2008,1,10,23,30,20.1,38,187,726,70,115,129,32.26
2008,1,11,0,30,17.400000000000002,0,0,0,0,0,0,39.13
2008,1,11,1,30,16.400000000000002,0,0,0,0,0,0,39.03
2008,1,11,2,30,15.5,0,0,0,0,0,0,41.910000000000004
2008,1,11,3,30,14.600000000000001,0,0,0,0,0,0,45.1
2008,1,11,4,30,14,0,0,0,0,0,0,47.11
2008,1,11,5,30,13.700000000000001,0,0,0,0,0,0,47.800000000000004
2008,1,11,6,30,13.600000000000001,0,0,0,0,0,0,47.57
2008,1,11,7,30,13.3,0,0,0,0,0,0,47.53
2008,1,11,8,30,13,0,0,0,0,0,0,47.28
2008,1,11,9,30,12.700000000000001,0,0,0,0,0,0,46.88
2008,1,11,10,30,12.3,0,0,0,0,0,0,47.12
2008,1,11,11,30,11.700000000000001,0,0,0,0,0,0,48.46
2008,1,11,12,30,11.100000000000001,0,0,0,0,0,0,50.04
2008,1,11,13,30,12,0,0,0,0,0,0,47.6
2008,1,11,14,30,14.8,39,186,719,719,39,186,43.93
2008,1,11,15,30,18.400000000000002,54,416,903,203,224,305,31.7
2008,1,11,16,30,21.400000000000002,62,614,983,408,275,504,21.92
2008,1,11,17,30,23,66,757,1023,433,333,626,17.88
2008,1,11,18,30,23.900000000000002,65,832,1044,604,246,691,16.5
2008,1,11,19,30,24.5,66,833,1043,558,240,650,16.46
2008,1,11,20,30,24.6,64,759,1027,58,317,356,16.85
2008,1,11,21,30,24.1,62,616,983,58,260,293,17.89
2008,1,11,22,30,22.5,54,419,905,35,178,192,20.45
2008,1,11,23,30,18.8,40,190,725,4,57,58,31.46
2008,1,12,0,30,15.600000000000001,0,0,0,0,0,0,41.18
2008,1,12,1,30,14.3,0,0,0,0,0,0,44.7
2008,1,12,2,30,13.4,0,0,0,0,0,0,48.370000000000005
2008,1,12,3,30,12.8,0,0,0,0,0,0,50.93
2008,1,12,4,30,12.4,0,0,0,0,0,0,52.45
2008,1,12,5,30,12.200000000000001,0,0,0,0,0,0,52.77
2008,1,12,6,30,12.100000000000001,0,0,0,0,0,0,52.46
2008,1,12,7,30,11.9,0,0,0,0,0,0,52.57
2008,1,12,8,30,11.700000000000001,0,0,0,0,0,0,52.68
2008,1,12,9,30,11.4,0,0,0,0,0,0,53.11
2008,1,12,10,30,10.8,0,0,0,0,0,0,54.58
2008,1,12,11,30,9.9,0,0,0,0,0,0,57.730000000000004
2008,1,12,12,30,9.1,0,0,0,0,0,0,61.09
2008,1,12,13,30,10,0,0,0,0,0,0,58.33
2008,1,12,14,30,13.100000000000001,40,190,736,153,108,139,52.4
2008,1,12,15,30,17.2,55,427,927,317,209,336,37.88
2008,1,12,16,30,20.700000000000003,62,629,1008,684,144,528,20.72
2008,1,12,17,30,22.6,67,770,1038,284,387,580,15.08
2008,1,12,18,30,23.8,69,846,1055,350,408,666,13.49
2008,1,12,19,30,24.5,69,847,1056,323,419,657,13.59
2008,1,12,20,30,24.8,65,773,1042,328,377,599,12.86
2008,1,12,21,30,24.5,59,629,1006,269,320,472,12.67
2008,1,12,22,30,23,52,430,930,47,231,250,13.96
2008,1,12,23,30,19.700000000000003,39,197,752,752,39,197,26.53
2008,1,13,0,30,16.900000000000002,0,0,0,0,0,0,32.47
2008,1,13,1,30,15.4,0,0,0,0,0,0,33.03
2008,1,13,2,30,14,0,0,0,0,0,0,36.25
2008,1,13,3,30,13.100000000000001,0,0,0,0,0,0,38.51
2008,1,13,4,30,12.9,0,0,0,0,0,0,38.56
2008,1,13,5,30,13,0,0,0,0,0,0,37.06
2008,1,13,6,30,12.600000000000001,0,0,0,0,0,0,36.36
2008,1,13,7,30,11.600000000000001,0,0,0,0,0,0,37.21
2008,1,13,8,30,9.9,0,0,0,0,0,0,41.27
2008,1,13,9,30,8.200000000000001,0,0,0,0,0,0,47.800000000000004
2008,1,13,10,30,7.2,0,0,0,0,0,0,54.67
2008,1,13,11,30,6.800000000000001,0,0,0,0,0,0,62.38
2008,1,13,12,30,6.6000000000000005,0,0,0,0,0,0,71.23
2008,1,13,13,30,8,0,0,0,0,0,0,71.89
2008,1,13,14,30,11.4,55,176,592,592,55,176,63.190000000000005
2008,1,13,15,30,15.4,78,405,815,815,78,405,51.83
2008,1,13,16,30,19.700000000000003,85,606,925,303,310,480,37.7
2008,1,13,17,30,22.700000000000003,85,750,980,355,364,605,25.240000000000002
2008,1,13,18,30,24.200000000000003,88,826,1000,415,379,686,21.54
2008,1,13,19,30,24.8,87,829,1003,517,344,726,20.89
2008,1,13,20,30,24.6,83,753,983,450,264,571,20.96
2008,1,13,21,30,23.6,75,613,944,569,178,502,22.12
2008,1,13,22,30,21.5,65,417,859,512,155,364,26.3
2008,1,13,23,30,18.7,47,189,666,420,90,179,38.18
2008,1,14,0,30,16.7,0,0,0,0,0,0,43.17
2008,1,14,1,30,15.8,0,0,0,0,0,0,45.26
2008,1,14,2,30,15,0,0,0,0,0,0,46.97
2008,1,14,3,30,14.3,0,0,0,0,0,0,47.68
2008,1,14,4,30,13.8,0,0,0,0,0,0,47.97
2008,1,14,5,30,13.600000000000001,0,0,0,0,0,0,47.15
2008,1,14,6,30,13.600000000000001,0,0,0,0,0,0,46.26
2008,1,14,7,30,13.4,0,0,0,0,0,0,45.800000000000004
2008,1,14,8,30,13.200000000000001,0,0,0,0,0,0,45.63
2008,1,14,9,30,13.100000000000001,0,0,0,0,0,0,45.550000000000004
2008,1,14,10,30,13,0,0,0,0,0,0,45.800000000000004
2008,1,14,11,30,12.600000000000001,0,0,0,0,0,0,47.15
2008,1,14,12,30,12.200000000000001,0,0,0,0,0,0,48.65
2008,1,14,13,30,13,0,0,0,0,0,0,47.39
2008,1,14,14,30,15.5,50,176,615,60,107,119,46.39
2008,1,14,15,30,18.6,69,400,823,417,160,328,34.54
2008,1,14,16,30,20.8,79,598,920,481,216,487,31.42
2008,1,14,17,30,22.1,84,742,967,725,176,669,32.51
2008,1,14,18,30,23,84,819,992,730,159,700,32
2008,1,14,19,30,23.3,84,818,990,557,261,674,31.68
2008,1,14,20,30,23.1,82,746,971,624,211,638,32.13
2008,1,14,21,30,22.5,74,606,930,594,190,530,33.44
2008,1,14,22,30,21.5,64,413,848,511,151,362,35.660000000000004
2008,1,14,23,30,18.8,46,189,664,664,46,189,43.81
2008,1,15,0,30,16.1,0,0,0,0,0,0,54.86
2008,1,15,1,30,15.200000000000001,0,0,0,0,0,0,58.78
2008,1,15,2,30,14.700000000000001,0,0,0,0,0,0,61.85
2008,1,15,3,30,14.3,0,0,0,0,0,0,64.55
2008,1,15,4,30,13.700000000000001,0,0,0,0,0,0,67.79
2008,1,15,5,30,13.200000000000001,0,0,0,0,0,0,70.16
2008,1,15,6,30,12.8,0,0,0,0,0,0,72.01
2008,1,15,7,30,12.600000000000001,0,0,0,0,0,0,73.33
2008,1,15,8,30,12.200000000000001,0,0,0,0,0,0,75.5
2008,1,15,9,30,12.100000000000001,0,0,0,0,0,0,76.19
2008,1,15,10,30,12,0,0,0,0,0,0,76.82000000000001
2008,1,15,11,30,11.9,0,0,0,0,0,0,77.42
2008,1,15,12,30,11.8,0,0,0,0,0,0,77.99
2008,1,15,13,30,12.9,0,0,0,0,0,0,72.81
2008,1,15,14,30,16,41,180,683,155,98,130,60.730000000000004
2008,1,15,15,30,18.8,55,407,873,0,102,102,42.83
2008,1,15,16,30,20.6,63,606,960,492,208,486,31.27
2008,1,15,17,30,21.900000000000002,67,749,1002,648,207,648,26.17
2008,1,15,18,30,22.700000000000003,70,826,1019,717,204,736,23.91
2008,1,15,19,30,22.900000000000002,71,829,1019,260,418,612,23.01
2008,1,15,20,30,22.6,69,757,1001,51,348,383,22.95
2008,1,15,21,30,21.700000000000003,66,617,959,0,116,117,23.75
2008,1,15,22,30,20.1,58,424,884,63,236,262,25.88
2008,1,15,23,30,17.3,43,197,704,3,93,94,31.66
2008,1,16,0,30,14.4,0,0,0,0,0,0,42.49
2008,1,16,1,30,12.8,0,0,0,0,0,0,50.06
2008,1,16,2,30,11.600000000000001,0,0,0,0,0,0,56.370000000000005
2008,1,16,3,30,10.600000000000001,0,0,0,0,0,0,62.22
2008,1,16,4,30,10,0,0,0,0,0,0,66.64
2008,1,16,5,30,9.600000000000001,0,0,0,0,0,0,70.28
2008,1,16,6,30,9.1,0,0,0,0,0,0,73.74
2008,1,16,7,30,8.700000000000001,0,0,0,0,0,0,75.79
2008,1,16,8,30,8.9,0,0,0,0,0,0,73.8
2008,1,16,9,30,9.1,0,0,0,0,0,0,71.56
2008,1,16,10,30,9.200000000000001,0,0,0,0,0,0,70.12
2008,1,16,11,30,9.200000000000001,0,0,0,0,0,0,69.49
2008,1,16,12,30,9.1,0,0,0,0,0,0,69.59
2008,1,16,13,30,9.9,0,0,0,0,0,0,65.91
2008,1,16,14,30,12.600000000000001,41,187,713,114,109,132,57.96
2008,1,16,15,30,15.9,56,420,904,443,160,338,41.14
2008,1,16,16,30,18.2,64,622,986,544,178,486,30.5
2008,1,16,17,30,19.900000000000002,68,769,1027,558,237,618,25.42
2008,1,16,18,30,21.3,68,847,1047,669,205,703,22.12
2008,1,16,19,30,22.1,68,846,1043,724,168,708,20.490000000000002
2008,1,16,20,30,22.1,66,774,1027,749,171,687,20.31
2008,1,16,21,30,21.6,63,633,988,308,311,489,21.06
2008,1,16,22,30,20.1,56,436,910,910,56,436,23.6
2008,1,16,23,30,17.2,42,205,737,737,42,205,32.230000000000004
2008,1,17,0,30,14.600000000000001,0,0,0,0,0,0,43
2008,1,17,1,30,13.700000000000001,0,0,0,0,0,0,46.68
2008,1,17,2,30,13,0,0,0,0,0,0,50.38
2008,1,17,3,30,12.100000000000001,0,0,0,0,0,0,54.5
2008,1,17,4,30,11.3,0,0,0,0,0,0,58.19
2008,1,17,5,30,11,0,0,0,0,0,0,60.35
2008,1,17,6,30,10.8,0,0,0,0,0,0,61.92
2008,1,17,7,30,10.700000000000001,0,0,0,0,0,0,62.690000000000005
2008,1,17,8,30,10.700000000000001,0,0,0,0,0,0,63.02
2008,1,17,9,30,10.5,0,0,0,0,0,0,64.27
2008,1,17,10,30,10.3,0,0,0,0,0,0,65.39
2008,1,17,11,30,10.200000000000001,0,0,0,0,0,0,65.65
2008,1,17,12,30,10.100000000000001,0,0,0,0,0,0,66.1
2008,1,17,13,30,11,0,0,0,0,0,0,62.410000000000004
2008,1,17,14,30,13.3,40,184,703,703,40,184,56.79
2008,1,17,15,30,16.400000000000002,54,416,895,895,54,416,44.06
2008,1,17,16,30,19.1,60,613,975,376,281,494,37.57
2008,1,17,17,30,20.5,66,759,1014,1014,66,759,34.72
2008,1,17,18,30,21.3,68,837,1030,1030,68,837,32.69
2008,1,17,19,30,21.400000000000002,68,838,1027,402,300,601,31.900000000000002
2008,1,17,20,30,21.1,66,767,1012,696,178,659,31.990000000000002
2008,1,17,21,30,20.5,66,626,966,389,222,447,33.06
2008,1,17,22,30,19.5,59,429,882,244,211,313,35.45
2008,1,17,23,30,17.1,44,202,707,98,121,143,43.57
2008,1,18,0,30,14.700000000000001,0,0,0,0,0,0,55.31
2008,1,18,1,30,13.200000000000001,0,0,0,0,0,0,62.29
2008,1,18,2,30,12.3,0,0,0,0,0,0,67.99
2008,1,18,3,30,11.700000000000001,0,0,0,0,0,0,72.5
2008,1,18,4,30,11.4,0,0,0,0,0,0,74.79
2008,1,18,5,30,11.100000000000001,0,0,0,0,0,0,76.8
2008,1,18,6,30,11.100000000000001,0,0,0,0,0,0,77.12
2008,1,18,7,30,11.100000000000001,0,0,0,0,0,0,77.06
2008,1,18,8,30,11.100000000000001,0,0,0,0,0,0,76.59
2008,1,18,9,30,10.9,0,0,0,0,0,0,77.34
2008,1,18,10,30,10.700000000000001,0,0,0,0,0,0,78.22
2008,1,18,11,30,10.600000000000001,0,0,0,0,0,0,78.68
2008,1,18,12,30,10.5,0,0,0,0,0,0,78.9
2008,1,18,13,30,11.700000000000001,0,0,0,0,0,0,72.51
2008,1,18,14,30,14.4,44,180,662,82,106,123,62.17
2008,1,18,15,30,17.3,61,407,856,405,159,323,45.78
2008,1,18,16,30,19.6,72,605,937,7,244,248,32.76
2008,1,18,17,30,20.900000000000002,78,751,980,437,330,629,25.35
2008,1,18,18,30,21.400000000000002,80,827,999,376,384,665,22.650000000000002
2008,1,18,19,30,20.900000000000002,83,827,991,144,424,532,23.59
2008,1,18,20,30,19.8,83,754,966,75,322,375,26.45
2008,1,18,21,30,18.1,82,611,909,88,328,379,31.080000000000002
2008,1,18,22,30,15.9,75,415,805,53,185,207,38.38
2008,1,18,23,30,13.600000000000001,56,193,606,2,54,54,48.11
2008,1,19,0,30,11.8,0,0,0,0,0,0,57.660000000000004
2008,1,19,1,30,10.9,0,0,0,0,0,0,62.95
2008,1,19,2,30,10.5,0,0,0,0,0,0,65.8
2008,1,19,3,30,10.3,0,0,0,0,0,0,67.36
2008,1,19,4,30,10.200000000000001,0,0,0,0,0,0,67.36
2008,1,19,5,30,9.9,0,0,0,0,0,0,68.14
2008,1,19,6,30,9.4,0,0,0,0,0,0,69.86
2008,1,19,7,30,8.9,0,0,0,0,0,0,72.06
2008,1,19,8,30,8.200000000000001,0,0,0,0,0,0,75.8
2008,1,19,9,30,7.7,0,0,0,0,0,0,78.88
2008,1,19,10,30,7.4,0,0,0,0,0,0,81.07000000000001
2008,1,19,11,30,7,0,0,0,0,0,0,83.55
2008,1,19,12,30,6.7,0,0,0,0,0,0,85.43
2008,1,19,13,30,8.200000000000001,0,0,0,0,0,0,77.88
2008,1,19,14,30,11.4,42,181,676,18,89,92,64.22
2008,1,19,15,30,15.200000000000001,59,407,860,259,212,317,49.29
2008,1,19,16,30,19,67,606,946,561,192,512,35.68
2008,1,19,17,30,21.5,70,752,991,737,164,671,29.46
2008,1,19,18,30,22.700000000000003,71,831,1012,386,380,669,27.080000000000002
2008,1,19,19,30,23.1,71,835,1013,525,331,727,26.13
2008,1,19,20,30,23.1,69,764,997,330,367,597,25.77
2008,1,19,21,30,22.8,63,626,961,258,319,470,26.07
2008,1,19,22,30,21.900000000000002,55,433,887,67,240,269,27.77
2008,1,19,23,30,19.8,42,207,720,4,100,101,35.660000000000004
2008,1,20,0,30,18,0,0,0,0,0,0,41.39
2008,1,20,1,30,17.400000000000002,0,0,0,0,0,0,41.980000000000004
2008,1,20,2,30,16.8,0,0,0,0,0,0,42.4
2008,1,20,3,30,16.1,0,0,0,0,0,0,42.88
2008,1,20,4,30,15.3,0,0,0,0,0,0,44.62
2008,1,20,5,30,14.100000000000001,0,0,0,0,0,0,48.24
2008,1,20,6,30,12.700000000000001,0,0,0,0,0,0,53.52
2008,1,20,7,30,11.4,0,0,0,0,0,0,59.7
2008,1,20,8,30,10.200000000000001,0,0,0,0,0,0,66.03
2008,1,20,9,30,9.1,0,0,0,0,0,0,72.13
2008,1,20,10,30,8,0,0,0,0,0,0,77.92
2008,1,20,11,30,7.300000000000001,0,0,0,0,0,0,81.74
2008,1,20,12,30,6.9,0,0,0,0,0,0,84.15
2008,1,20,13,30,8.4,0,0,0,0,0,0,76.45
2008,1,20,14,30,12.200000000000001,44,179,658,96,107,126,61.4
2008,1,20,15,30,17.2,59,408,859,503,134,338,46.43
2008,1,20,16,30,21.200000000000003,66,605,943,388,241,462,37.75
2008,1,20,17,30,23.200000000000003,71,750,986,263,331,513,32.79
2008,1,20,18,30,24.1,73,829,1005,356,344,612,30.330000000000002
2008,1,20,19,30,24.5,74,831,1002,151,357,471,29.43
2008,1,20,20,30,24.200000000000003,74,761,981,116,335,417,29.990000000000002
2008,1,20,21,30,23.200000000000003,75,619,924,51,268,298,32
2008,1,20,22,30,21.700000000000003,67,427,839,16,152,160,35.61
2008,1,20,23,30,19,48,203,667,28,113,119,44.74
2008,1,21,0,30,16.3,0,0,0,0,0,0,55.61
2008,1,21,1,30,15.100000000000001,0,0,0,0,0,0,59.63
2008,1,21,2,30,14.3,0,0,0,0,0,0,63.9
2008,1,21,3,30,13.8,0,0,0,0,0,0,66.92
2008,1,21,4,30,13.600000000000001,0,0,0,0,0,0,68.39
2008,1,21,5,30,13.4,0,0,0,0,0,0,69.3
2008,1,21,6,30,13.100000000000001,0,0,0,0,0,0,70.06
2008,1,21,7,30,12.8,0,0,0,0,0,0,70.69
2008,1,21,8,30,12.700000000000001,0,0,0,0,0,0,70.39
2008,1,21,9,30,12.700000000000001,0,0,0,0,0,0,69.79
2008,1,21,10,30,12.4,0,0,0,0,0,0,70.93
2008,1,21,11,30,12,0,0,0,0,0,0,72.73
2008,1,21,12,30,11.5,0,0,0,0,0,0,75.08
2008,1,21,13,30,12.8,0,0,0,0,0,0,69.06
2008,1,21,14,30,16.5,42,181,670,670,42,181,56.27
2008,1,21,15,30,20.6,57,409,863,863,57,409,40.43
2008,1,21,16,30,23.3,66,609,948,948,66,609,29.86
2008,1,21,17,30,24.700000000000003,70,757,994,994,70,757,26.16
2008,1,21,18,30,25.700000000000003,71,836,1014,418,371,687,24.19
2008,1,21,19,30,26.200000000000003,70,839,1013,529,330,731,23.32
2008,1,21,20,30,26.200000000000003,69,769,997,356,359,609,23.45
2008,1,21,21,30,25.8,64,631,959,959,64,631,24.18
2008,1,21,22,30,24.5,57,438,883,883,57,438,26
2008,1,21,23,30,21.3,43,211,717,717,43,211,34.76
2008,1,22,0,30,18.2,10,14,195,195,10,14,45.64
2008,1,22,1,30,17,0,0,0,0,0,0,46.87
2008,1,22,2,30,16.1,0,0,0,0,0,0,48.11
2008,1,22,3,30,15.200000000000001,0,0,0,0,0,0,49.160000000000004
2008,1,22,4,30,14.200000000000001,0,0,0,0,0,0,52.15
2008,1,22,5,30,13.3,0,0,0,0,0,0,55.370000000000005
2008,1,22,6,30,12.600000000000001,0,0,0,0,0,0,58.09
2008,1,22,7,30,12.100000000000001,0,0,0,0,0,0,59.85
2008,1,22,8,30,11.700000000000001,0,0,0,0,0,0,61.07
2008,1,22,9,30,11.4,0,0,0,0,0,0,62.13
2008,1,22,10,30,11.100000000000001,0,0,0,0,0,0,63.64
2008,1,22,11,30,10.700000000000001,0,0,0,0,0,0,65.44
2008,1,22,12,30,10.3,0,0,0,0,0,0,67.09
2008,1,22,13,30,11.8,0,0,0,0,0,0,60.86
2008,1,22,14,30,15.4,41,184,688,688,41,184,48.96
2008,1,22,15,30,19.5,57,413,873,873,57,413,37.32
2008,1,22,16,30,22.5,66,614,953,369,285,497,29.03
2008,1,22,17,30,23.8,73,758,988,701,171,657,26.98
2008,1,22,18,30,24.6,77,838,1005,685,196,714,25.67
2008,1,22,19,30,25,77,843,1006,740,160,723,24.88
2008,1,22,20,30,25.1,76,773,989,564,226,623,24.55
2008,1,22,21,30,24.8,73,632,942,286,266,437,24.85
2008,1,22,22,30,23.400000000000002,64,440,865,135,223,282,27.92
2008,1,22,23,30,21,48,213,693,18,109,113,41.6
2008,1,23,0,30,18.900000000000002,11,15,168,0,5,5,44.14
2008,1,23,1,30,17.7,0,0,0,0,0,0,45.82
2008,1,23,2,30,16.900000000000002,0,0,0,0,0,0,46.85
2008,1,23,3,30,16.3,0,0,0,0,0,0,47.230000000000004
2008,1,23,4,30,15.8,0,0,0,0,0,0,48
2008,1,23,5,30,15.5,0,0,0,0,0,0,48.75
2008,1,23,6,30,15,0,0,0,0,0,0,50.32
2008,1,23,7,30,14.4,0,0,0,0,0,0,52.21
2008,1,23,8,30,13.700000000000001,0,0,0,0,0,0,54.88
2008,1,23,9,30,13,0,0,0,0,0,0,58.07
2008,1,23,10,30,12.5,0,0,0,0,0,0,60.9
2008,1,23,11,30,11.9,0,0,0,0,0,0,63.910000000000004
2008,1,23,12,30,11.5,0,0,0,0,0,0,65.34
2008,1,23,13,30,13.3,0,0,0,0,0,0,58.39
2008,1,23,14,30,17,43,182,663,663,43,182,47.19
2008,1,23,15,30,21.200000000000003,61,411,854,854,61,411,36.06
2008,1,23,16,30,24.8,71,614,942,328,301,490,28.27
2008,1,23,17,30,27,77,761,983,339,372,607,24.490000000000002
2008,1,23,18,30,28.3,80,844,1006,386,395,688,22.29
2008,1,23,19,30,29,81,849,1006,460,369,721,20.740000000000002
2008,1,23,20,30,29.200000000000003,80,779,987,321,383,611,19.75
2008,1,23,21,30,28.8,75,640,947,279,326,493,19.7
2008,1,23,22,30,27.3,66,443,864,229,238,338,21.72
2008,1,23,23,30,23.900000000000002,49,215,690,690,49,215,32.09
2008,1,24,0,30,20.5,12,16,173,173,12,16,42.63
2008,1,24,1,30,18.8,0,0,0,0,0,0,46.85
2008,1,24,2,30,17.6,0,0,0,0,0,0,51.730000000000004
2008,1,24,3,30,16.8,0,0,0,0,0,0,55.42
2008,1,24,4,30,16.5,0,0,0,0,0,0,55.79
2008,1,24,5,30,16.400000000000002,0,0,0,0,0,0,55.18
2008,1,24,6,30,16.2,0,0,0,0,0,0,54.77
2008,1,24,7,30,15.8,0,0,0,0,0,0,55.15
2008,1,24,8,30,15.200000000000001,0,0,0,0,0,0,56.53
2008,1,24,9,30,14.5,0,0,0,0,0,0,58.85
2008,1,24,10,30,14.100000000000001,0,0,0,0,0,0,60.43
2008,1,24,11,30,13.8,0,0,0,0,0,0,62.35
2008,1,24,12,30,13.600000000000001,0,0,0,0,0,0,64.41
2008,1,24,13,30,15,0,0,0,0,0,0,60.550000000000004
2008,1,24,14,30,18.6,50,174,588,588,50,174,51.36
2008,1,24,15,30,22.6,73,398,789,789,73,398,38.38
2008,1,24,16,30,25.200000000000003,85,596,883,337,295,489,33.09
2008,1,24,17,30,26.6,94,742,929,355,360,608,31.67
2008,1,24,18,30,27.3,100,819,944,368,393,674,31.650000000000002
2008,1,24,19,30,27.5,103,824,941,457,364,714,32.05
2008,1,24,20,30,27.3,104,753,913,315,379,603,32.95
2008,1,24,21,30,26.700000000000003,110,611,834,231,338,476,34.17
2008,1,24,22,30,25.6,97,420,735,158,252,321,36.33
2008,1,24,23,30,22.8,70,200,535,535,70,200,44.06
2008,1,25,0,30,20,13,14,64,64,13,14,55.42
2008,1,25,1,30,18.6,0,0,0,0,0,0,60.730000000000004
2008,1,25,2,30,17.6,0,0,0,0,0,0,65.87
2008,1,25,3,30,16.6,0,0,0,0,0,0,70.58
2008,1,25,4,30,15.700000000000001,0,0,0,0,0,0,73.3
2008,1,25,5,30,15.200000000000001,0,0,0,0,0,0,72.56
2008,1,25,6,30,15,0,0,0,0,0,0,69.63
2008,1,25,7,30,14.700000000000001,0,0,0,0,0,0,67.24
2008,1,25,8,30,14.3,0,0,0,0,0,0,65.77
2008,1,25,9,30,13.9,0,0,0,0,0,0,65.23
2008,1,25,10,30,13.4,0,0,0,0,0,0,66.8
2008,1,25,11,30,13.100000000000001,0,0,0,0,0,0,69.54
2008,1,25,12,30,13.100000000000001,0,0,0,0,0,0,71.79
2008,1,25,13,30,14.8,0,0,0,0,0,0,66.82000000000001
2008,1,25,14,30,18.5,64,169,502,502,64,169,56.21
2008,1,25,15,30,22.3,94,393,726,234,216,313,39.71
2008,1,25,16,30,25.1,112,592,827,270,257,414,32.03
2008,1,25,17,30,26.5,124,738,877,600,225,645,29.900000000000002
2008,1,25,18,30,27.3,113,825,931,536,254,663,28.89
2008,1,25,19,30,27.8,116,828,925,341,411,673,28.23
2008,1,25,20,30,28,117,757,896,649,219,682,27.95
2008,1,25,21,30,27.700000000000003,115,616,832,610,180,548,28.16
2008,1,25,22,30,26.6,108,421,704,479,169,381,29.82
2008,1,25,23,30,24.6,82,197,471,27,136,143,36.56
2008,1,26,0,30,22.6,13,14,36,36,13,14,43.81
2008,1,26,1,30,21.200000000000003,0,0,0,0,0,0,48.28
2008,1,26,2,30,19.900000000000002,0,0,0,0,0,0,53.61
2008,1,26,3,30,18.8,0,0,0,0,0,0,57.5
2008,1,26,4,30,17.900000000000002,0,0,0,0,0,0,59.95
2008,1,26,5,30,17,0,0,0,0,0,0,62.72
2008,1,26,6,30,16.2,0,0,0,0,0,0,64.67
2008,1,26,7,30,15.5,0,0,0,0,0,0,66.48
2008,1,26,8,30,14.8,0,0,0,0,0,0,68.75
2008,1,26,9,30,14.200000000000001,0,0,0,0,0,0,71.35000000000001
2008,1,26,10,30,13.600000000000001,0,0,0,0,0,0,75.14
2008,1,26,11,30,12.9,0,0,0,0,0,0,80
2008,1,26,12,30,12.5,0,0,0,0,0,0,83.52
2008,1,26,13,30,13.9,0,0,0,0,0,0,77.74
2008,1,26,14,30,17.3,66,167,479,1,69,70,64.15
2008,1,26,15,30,21.200000000000003,97,390,708,708,97,390,51.33
2008,1,26,16,30,24.3,112,589,820,254,323,471,42.09
2008,1,26,17,30,26.200000000000003,121,736,876,514,270,631,37.230000000000004
2008,1,26,18,30,27.3,149,806,857,243,444,630,33.9
2008,1,26,19,30,27.8,153,811,851,334,423,681,31.240000000000002
2008,1,26,20,30,27.8,148,745,832,268,410,602,29.53
2008,1,26,21,30,27.5,133,611,788,229,349,488,28.7
2008,1,26,22,30,26.400000000000002,117,420,680,481,181,395,29.45
2008,1,26,23,30,24.3,81,201,483,46,142,154,35.24
2008,1,27,0,30,22.3,14,16,61,0,13,13,42.78
2008,1,27,1,30,20.900000000000002,0,0,0,0,0,0,46.9
2008,1,27,2,30,19.700000000000003,0,0,0,0,0,0,50.7
2008,1,27,3,30,18.5,0,0,0,0,0,0,54.51
2008,1,27,4,30,17.3,0,0,0,0,0,0,59.15
2008,1,27,5,30,16.3,0,0,0,0,0,0,62.300000000000004
2008,1,27,6,30,15.4,0,0,0,0,0,0,64.5
2008,1,27,7,30,14.5,0,0,0,0,0,0,66.85
2008,1,27,8,30,13.700000000000001,0,0,0,0,0,0,69.26
2008,1,27,9,30,13.100000000000001,0,0,0,0,0,0,70.95
2008,1,27,10,30,12.600000000000001,0,0,0,0,0,0,72.60000000000001
2008,1,27,11,30,12,0,0,0,0,0,0,75.53
2008,1,27,12,30,11.600000000000001,0,0,0,0,0,0,78.04
2008,1,27,13,30,12.9,0,0,0,0,0,0,72.27
2008,1,27,14,30,16.2,60,176,547,547,60,176,58.79
2008,1,27,15,30,20.1,84,406,775,775,84,406,45.99
2008,1,27,16,30,23.6,94,612,887,302,316,492,35.69
2008,1,27,17,30,25.8,100,762,941,353,374,623,28.59
2008,1,27,18,30,27.1,102,845,965,368,410,693,25.45
2008,1,27,19,30,27.700000000000003,103,851,965,470,374,738,24.59
2008,1,27,20,30,27.700000000000003,102,782,944,944,102,782,23.91
2008,1,27,21,30,27.3,96,640,893,893,96,640,23.66
2008,1,27,22,30,26.1,87,444,797,797,87,444,25.16
2008,1,27,23,30,24,65,215,599,50,143,155,32.19
2008,1,28,0,30,21.8,15,18,114,114,15,18,40.74
2008,1,28,1,30,20.200000000000003,0,0,0,0,0,0,43.92
2008,1,28,2,30,18.8,0,0,0,0,0,0,50
2008,1,28,3,30,17.5,0,0,0,0,0,0,57.230000000000004
2008,1,28,4,30,16.3,0,0,0,0,0,0,64.92
2008,1,28,5,30,15.3,0,0,0,0,0,0,72.04
2008,1,28,6,30,14.700000000000001,0,0,0,0,0,0,76.17
2008,1,28,7,30,14.3,0,0,0,0,0,0,78.32000000000001
2008,1,28,8,30,14.100000000000001,0,0,0,0,0,0,78.8
2008,1,28,9,30,14,0,0,0,0,0,0,78.54
2008,1,28,10,30,13.9,0,0,0,0,0,0,78.25
2008,1,28,11,30,13.8,0,0,0,0,0,0,78.12
2008,1,28,12,30,13.700000000000001,0,0,0,0,0,0,78.17
2008,1,28,13,30,15.100000000000001,0,0,0,0,0,0,71.26
2008,1,28,14,30,18.8,60,174,533,533,60,174,56.95
2008,1,28,15,30,22.8,85,404,763,763,85,404,40.36
2008,1,28,16,30,25.3,97,607,870,297,316,489,33.6
2008,1,28,17,30,26.8,104,758,926,231,410,573,30.45
2008,1,28,18,30,27.8,96,845,970,685,205,733,28.93
2008,1,28,19,30,28.3,96,852,972,972,96,852,27.73
2008,1,28,20,30,28.400000000000002,95,782,949,319,388,619,27.07
2008,1,28,21,30,27.8,93,642,896,896,93,642,27.52
2008,1,28,22,30,26.5,87,444,790,790,87,444,29.43
2008,1,28,23,30,23.8,68,216,586,83,144,165,35.62
2008,1,29,0,30,21,16,20,105,0,11,11,45.65
2008,1,29,1,30,19.3,0,0,0,0,0,0,51.660000000000004
2008,1,29,2,30,17.8,0,0,0,0,0,0,58.18
2008,1,29,3,30,16.6,0,0,0,0,0,0,63.24
2008,1,29,4,30,15.5,0,0,0,0,0,0,67.27
2008,1,29,5,30,14.700000000000001,0,0,0,0,0,0,69.96000000000001
2008,1,29,6,30,13.9,0,0,0,0,0,0,72.78
2008,1,29,7,30,13.200000000000001,0,0,0,0,0,0,75.45
2008,1,29,8,30,12.5,0,0,0,0,0,0,78.55
2008,1,29,9,30,12,0,0,0,0,0,0,81.17
2008,1,29,10,30,11.8,0,0,0,0,0,0,82.47
2008,1,29,11,30,11.600000000000001,0,0,0,0,0,0,83.42
2008,1,29,12,30,11.700000000000001,0,0,0,0,0,0,82.41
2008,1,29,13,30,13.4,0,0,0,0,0,0,73.24
2008,1,29,14,30,17.2,44,194,695,695,44,194,57.63
2008,1,29,15,30,20.900000000000002,60,431,885,885,60,431,39.7
2008,1,29,16,30,23.3,68,638,969,969,68,638,31.3
2008,1,29,17,30,24.700000000000003,73,790,1010,349,377,625,27.82
2008,1,29,18,30,25.6,75,871,1027,412,392,712,25.47
2008,1,29,19,30,26,75,878,1029,757,164,756,24.19
2008,1,29,20,30,26,72,806,1010,750,162,706,23.69
2008,1,29,21,30,25.5,68,667,973,298,331,514,24.35
2008,1,29,22,30,24.3,60,469,900,470,201,414,26.51
2008,1,29,23,30,22,46,237,745,48,143,155,34.43
2008,1,30,0,30,19.900000000000002,15,25,270,0,13,13,42.35
2008,1,30,1,30,19,0,0,0,0,0,0,43.800000000000004
2008,1,30,2,30,18.2,0,0,0,0,0,0,46.37
2008,1,30,3,30,17.5,0,0,0,0,0,0,48.77
2008,1,30,4,30,16.900000000000002,0,0,0,0,0,0,50.660000000000004
2008,1,30,5,30,16.3,0,0,0,0,0,0,52.59
2008,1,30,6,30,15.8,0,0,0,0,0,0,54.120000000000005
2008,1,30,7,30,15.3,0,0,0,0,0,0,55.47
2008,1,30,8,30,14.8,0,0,0,0,0,0,56.870000000000005
2008,1,30,9,30,14.4,0,0,0,0,0,0,58.38
2008,1,30,10,30,14.100000000000001,0,0,0,0,0,0,59.79
2008,1,30,11,30,13.9,0,0,0,0,0,0,60.95
2008,1,30,12,30,13.9,0,0,0,0,0,0,61.21
2008,1,30,13,30,14.8,0,0,0,0,0,0,58.2
2008,1,30,14,30,17.8,43,192,688,688,43,192,49.47
2008,1,30,15,30,21.400000000000002,59,427,873,873,59,427,37.77
2008,1,30,16,30,23.8,68,631,954,954,68,631,31.740000000000002
2008,1,30,17,30,25.3,74,782,994,399,355,639,29.060000000000002
2008,1,30,18,30,26,77,862,1008,422,384,712,28.240000000000002
2008,1,30,19,30,25.8,79,869,1007,501,356,749,29.03
2008,1,30,20,30,25.400000000000002,78,797,986,370,372,642,30.32
2008,1,30,21,30,24.700000000000003,72,660,952,304,326,514,32.32
2008,1,30,22,30,23.5,64,466,877,207,251,346,35.57
2008,1,30,23,30,21.400000000000002,50,234,711,711,50,234,42.4
2008,1,31,0,30,19.1,16,25,231,231,16,25,52.33
2008,1,31,1,30,17.3,0,0,0,0,0,0,60.6
2008,1,31,2,30,15.8,0,0,0,0,0,0,68.95
2008,1,31,3,30,14.9,0,0,0,0,0,0,75.14
2008,1,31,4,30,14.3,0,0,0,0,0,0,79.9
2008,1,31,5,30,13.8,0,0,0,0,0,0,83.76
2008,1,31,6,30,13.4,0,0,0,0,0,0,86.81
2008,1,31,7,30,13,0,0,0,0,0,0,89.61
2008,1,31,8,30,12.700000000000001,0,0,0,0,0,0,91.62
2008,1,31,9,30,12.5,0,0,0,0,0,0,92.84
2008,1,31,10,30,12.3,0,0,0,0,0,0,93.55
2008,1,31,11,30,12,0,0,0,0,0,0,94.52
2008,1,31,12,30,11.700000000000001,0,0,0,0,0,0,95.24
2008,1,31,13,30,13.200000000000001,0,0,0,0,0,0,85.60000000000001
2008,1,31,14,30,16.900000000000002,45,194,683,683,45,194,67.34
2008,1,31,15,30,21,57,431,886,886,57,431,47.45
2008,1,31,16,30,23.900000000000002,63,637,970,970,63,637,34.28
2008,1,31,17,30,25.6,67,789,1011,1011,67,789,28.490000000000002
2008,1,31,18,30,26.8,70,872,1027,477,365,737,24.79
2008,1,31,19,30,27.400000000000002,71,880,1028,577,330,784,23.37
2008,1,31,20,30,27.5,68,812,1014,1014,68,812,22.84
2008,1,31,21,30,27.1,66,673,976,976,66,673,23.06
2008,1,31,22,30,25.900000000000002,60,474,900,900,60,474,24.75
2008,1,31,23,30,22.8,47,242,745,745,47,242,31.17
2008,2,1,0,30,19.6,16,27,283,283,16,27,42.36
2008,2,1,1,30,17.8,0,0,0,0,0,0,49.160000000000004
2008,2,1,2,30,16.6,0,0,0,0,0,0,57.63
2008,2,1,3,30,15.600000000000001,0,0,0,0,0,0,66.62
2008,2,1,4,30,14.9,0,0,0,0,0,0,73.43
2008,2,1,5,30,14.5,0,0,0,0,0,0,77.28
2008,2,1,6,30,14.4,0,0,0,0,0,0,77.89
2008,2,1,7,30,14.100000000000001,0,0,0,0,0,0,78.05
2008,2,1,8,30,13.100000000000001,0,0,0,0,0,0,80.93
2008,2,1,9,30,12,0,0,0,0,0,0,84.08
2008,2,1,10,30,11.4,0,0,0,0,0,0,84.55
2008,2,1,11,30,10.8,0,0,0,0,0,0,84.34
2008,2,1,12,30,10.5,0,0,0,0,0,0,81.68
2008,2,1,13,30,12.200000000000001,0,0,0,0,0,0,70.38
2008,2,1,14,30,16.1,49,192,650,650,49,192,54.42
2008,2,1,15,30,20.3,67,429,850,850,67,429,43.300000000000004
2008,2,1,16,30,23.400000000000002,76,638,944,944,76,638,36.550000000000004
2008,2,1,17,30,25.1,81,791,991,391,366,646,31.57
2008,2,1,18,30,26.200000000000003,79,876,1017,415,395,720,27.82
2008,2,1,19,30,26.700000000000003,79,884,1019,502,364,761,25.7
2008,2,1,20,30,26.700000000000003,77,816,1004,1004,77,816,24.77
2008,2,1,21,30,26.200000000000003,71,677,971,971,71,677,24.85
2008,2,1,22,30,25,63,480,900,900,63,480,26.39
2008,2,1,23,30,21.900000000000002,49,247,747,747,49,247,32.660000000000004
2008,2,2,0,30,18.5,17,29,286,286,17,29,44.75
2008,2,2,1,30,16.900000000000002,0,0,0,0,0,0,51.96
2008,2,2,2,30,15.8,0,0,0,0,0,0,59.03
2008,2,2,3,30,15,0,0,0,0,0,0,65.02
2008,2,2,4,30,14.4,0,0,0,0,0,0,69.24
2008,2,2,5,30,14.100000000000001,0,0,0,0,0,0,71.17
2008,2,2,6,30,13.9,0,0,0,0,0,0,71.94
2008,2,2,7,30,13.600000000000001,0,0,0,0,0,0,72.7
2008,2,2,8,30,13.100000000000001,0,0,0,0,0,0,74.58
2008,2,2,9,30,12.5,0,0,0,0,0,0,77.26
2008,2,2,10,30,11.9,0,0,0,0,0,0,80.3
2008,2,2,11,30,11.3,0,0,0,0,0,0,83.78
2008,2,2,12,30,11,0,0,0,0,0,0,85.93
2008,2,2,13,30,12.9,0,0,0,0,0,0,76.32000000000001
2008,2,2,14,30,17.2,48,197,675,675,48,197,58.84
2008,2,2,15,30,21.400000000000002,65,436,869,869,65,436,40.02
2008,2,2,16,30,24.1,74,644,955,955,74,644,27.98
2008,2,2,17,30,25.700000000000003,79,797,998,998,79,797,24.39
2008,2,2,18,30,26.8,79,883,1021,1021,79,883,22.330000000000002
2008,2,2,19,30,27.400000000000002,80,891,1022,505,367,768,21.06
2008,2,2,20,30,27.400000000000002,78,822,1008,1008,78,822,20.77
2008,2,2,21,30,27,74,682,970,970,74,682,21.2
2008,2,2,22,30,25.8,66,484,895,895,66,484,22.34
2008,2,2,23,30,22.400000000000002,52,249,738,738,52,249,28.310000000000002
2008,2,3,0,30,18.900000000000002,18,30,277,277,18,30,40.38
2008,2,3,1,30,17.2,0,0,0,0,0,0,44.78
2008,2,3,2,30,16.1,0,0,0,0,0,0,48.78
2008,2,3,3,30,15.200000000000001,0,0,0,0,0,0,52.15
2008,2,3,4,30,14.200000000000001,0,0,0,0,0,0,55.93
2008,2,3,5,30,13.4,0,0,0,0,0,0,59.59
2008,2,3,6,30,12.700000000000001,0,0,0,0,0,0,63.07
2008,2,3,7,30,12.100000000000001,0,0,0,0,0,0,66.36
2008,2,3,8,30,11.700000000000001,0,0,0,0,0,0,68.83
2008,2,3,9,30,11.200000000000001,0,0,0,0,0,0,71.76
2008,2,3,10,30,10.8,0,0,0,0,0,0,74.06
2008,2,3,11,30,10.4,0,0,0,0,0,0,75.95
2008,2,3,12,30,10.3,0,0,0,0,0,0,75.98
2008,2,3,13,30,12.3,0,0,0,0,0,0,66.16
2008,2,3,14,30,16.6,51,199,663,663,51,199,49.910000000000004
2008,2,3,15,30,20.700000000000003,70,439,860,860,70,439,34.46
2008,2,3,16,30,23.5,81,648,947,947,81,648,27.18
2008,2,3,17,30,25.5,88,802,989,396,374,661,22.16
2008,2,3,18,30,26.900000000000002,90,888,1010,420,406,738,18.92
2008,2,3,19,30,27.6,91,896,1011,499,379,776,17.41
2008,2,3,20,30,27.700000000000003,89,827,995,348,401,660,16.94
2008,2,3,21,30,27.200000000000003,83,687,958,958,83,687,17.21
2008,2,3,22,30,26,73,486,879,879,73,486,18.22
2008,2,3,23,30,22.8,56,250,719,719,56,250,24.53
2008,2,4,0,30,19.400000000000002,19,31,263,263,19,31,35.660000000000004
2008,2,4,1,30,17.7,0,0,0,0,0,0,38.07
2008,2,4,2,30,16.400000000000002,0,0,0,0,0,0,41.56
2008,2,4,3,30,15.3,0,0,0,0,0,0,45.33
2008,2,4,4,30,14.3,0,0,0,0,0,0,49.34
2008,2,4,5,30,13.5,0,0,0,0,0,0,52.88
2008,2,4,6,30,12.8,0,0,0,0,0,0,55.79
2008,2,4,7,30,12.3,0,0,0,0,0,0,57.64
2008,2,4,8,30,11.9,0,0,0,0,0,0,58.99
2008,2,4,9,30,11.5,0,0,0,0,0,0,60.4
2008,2,4,10,30,11,0,0,0,0,0,0,62.18
2008,2,4,11,30,10.600000000000001,0,0,0,0,0,0,63.56
2008,2,4,12,30,10.3,0,0,0,0,0,0,64.47
2008,2,4,13,30,12.100000000000001,0,0,0,0,0,0,57.54
2008,2,4,14,30,16.6,48,202,685,685,48,202,43.58
2008,2,4,15,30,21.3,65,444,878,878,65,444,27.67
2008,2,4,16,30,24.3,75,652,957,957,75,652,21.57
2008,2,4,17,30,25.8,81,806,1000,1000,81,806,20.12
2008,2,4,18,30,26.700000000000003,83,892,1020,476,380,757,19.23
2008,2,4,19,30,27.1,83,900,1022,1022,83,900,18.81
2008,2,4,20,30,27.1,81,828,1003,1003,81,828,18.79
2008,2,4,21,30,26.5,76,689,968,968,76,689,19.400000000000002
2008,2,4,22,30,25.200000000000003,67,490,895,895,67,490,21.05
2008,2,4,23,30,21.900000000000002,53,254,740,18,143,148,26.8
2008,2,5,0,30,18.3,19,33,291,291,19,33,38.47
2008,2,5,1,30,16.7,0,0,0,0,0,0,43.82
2008,2,5,2,30,15.600000000000001,0,0,0,0,0,0,48.78
2008,2,5,3,30,14.5,0,0,0,0,0,0,54.04
2008,2,5,4,30,13.600000000000001,0,0,0,0,0,0,58.22
2008,2,5,5,30,13,0,0,0,0,0,0,60.88
2008,2,5,6,30,12.600000000000001,0,0,0,0,0,0,61.95
2008,2,5,7,30,12.4,0,0,0,0,0,0,62.120000000000005
2008,2,5,8,30,12.100000000000001,0,0,0,0,0,0,63.050000000000004
2008,2,5,9,30,11.8,0,0,0,0,0,0,64.11
2008,2,5,10,30,11.5,0,0,0,0,0,0,65.19
2008,2,5,11,30,11.4,0,0,0,0,0,0,65.43
2008,2,5,12,30,11.4,0,0,0,0,0,0,65.24
2008,2,5,13,30,13.100000000000001,0,0,0,0,0,0,58.410000000000004
2008,2,5,14,30,16.900000000000002,42,209,737,737,42,209,46.83
2008,2,5,15,30,21,55,449,909,909,55,449,30.650000000000002
2008,2,5,16,30,23.700000000000003,62,659,987,987,62,659,21.5
2008,2,5,17,30,25.3,67,813,1024,1024,67,813,18.56
2008,2,5,18,30,26.400000000000002,69,899,1042,445,391,745,16.94
2008,2,5,19,30,26.8,70,907,1043,566,345,800,16.25
2008,2,5,20,30,26.700000000000003,68,838,1029,1029,68,838,16.17
2008,2,5,21,30,26.1,65,698,995,995,65,698,16.77
2008,2,5,22,30,24.700000000000003,59,499,927,927,59,499,18.5
2008,2,5,23,30,21.400000000000002,46,262,784,784,46,262,24.060000000000002
2008,2,6,0,30,17.900000000000002,18,37,353,1,22,22,35.93
2008,2,6,1,30,16.3,0,0,0,0,0,0,41.57
2008,2,6,2,30,15.200000000000001,0,0,0,0,0,0,46.81
2008,2,6,3,30,14.200000000000001,0,0,0,0,0,0,51.83
2008,2,6,4,30,13.4,0,0,0,0,0,0,55.54
2008,2,6,5,30,12.8,0,0,0,0,0,0,58.5
2008,2,6,6,30,12.4,0,0,0,0,0,0,60.81
2008,2,6,7,30,12.100000000000001,0,0,0,0,0,0,62.88
2008,2,6,8,30,11.700000000000001,0,0,0,0,0,0,65.67
2008,2,6,9,30,11.100000000000001,0,0,0,0,0,0,69.28
2008,2,6,10,30,10.4,0,0,0,0,0,0,73
2008,2,6,11,30,9.8,0,0,0,0,0,0,75.68
2008,2,6,12,30,9.700000000000001,0,0,0,0,0,0,75.12
2008,2,6,13,30,11.700000000000001,0,0,0,0,0,0,64.96000000000001
2008,2,6,14,30,15.8,42,211,737,737,42,211,49.59
2008,2,6,15,30,20.200000000000003,56,453,910,910,56,453,35.15
2008,2,6,16,30,23.400000000000002,64,661,984,421,291,547,23.05
2008,2,6,17,30,25.200000000000003,69,816,1021,501,334,700,19.25
2008,2,6,18,30,26.200000000000003,73,901,1037,532,358,783,17.86
2008,2,6,19,30,26.700000000000003,74,910,1038,512,370,783,17.39
2008,2,6,20,30,26.5,72,841,1024,386,387,677,17.63
2008,2,6,21,30,25.700000000000003,67,701,992,324,340,547,18.44
2008,2,6,22,30,24.3,60,502,924,924,60,502,20.26
2008,2,6,23,30,21.3,48,263,775,7,128,130,25.61
2008,2,7,0,30,18.2,19,37,343,343,19,37,36.17
2008,2,7,1,30,16.900000000000002,0,0,0,0,0,0,41.13
2008,2,7,2,30,16.1,0,0,0,0,0,0,45.06
2008,2,7,3,30,15.3,0,0,0,0,0,0,48.45
2008,2,7,4,30,14.700000000000001,0,0,0,0,0,0,50.96
2008,2,7,5,30,14.200000000000001,0,0,0,0,0,0,52.620000000000005
2008,2,7,6,30,14.100000000000001,0,0,0,0,0,0,52.63
2008,2,7,7,30,14.100000000000001,0,0,0,0,0,0,52.2
2008,2,7,8,30,13.9,0,0,0,0,0,0,52.51
2008,2,7,9,30,13.700000000000001,0,0,0,0,0,0,52.800000000000004
2008,2,7,10,30,13.3,0,0,0,0,0,0,53.69
2008,2,7,11,30,12.700000000000001,0,0,0,0,0,0,55.36
2008,2,7,12,30,12.3,0,0,0,0,0,0,56.43
2008,2,7,13,30,13.4,0,0,0,0,0,0,52.39
2008,2,7,14,30,16.1,43,212,731,731,43,212,44.96
2008,2,7,15,30,19.5,58,454,904,287,227,353,33.230000000000004
2008,2,7,16,30,22.6,65,665,982,656,154,554,21.14
2008,2,7,17,30,24.700000000000003,70,820,1022,607,228,673,16.18
2008,2,7,18,30,26.1,74,905,1037,474,320,700,14.59
2008,2,7,19,30,26.8,74,914,1039,777,160,789,14.07
2008,2,7,20,30,26.900000000000002,73,842,1020,625,219,691,14.120000000000001
2008,2,7,21,30,26.200000000000003,72,701,979,345,334,556,14.790000000000001
2008,2,7,22,30,24.900000000000002,65,501,907,295,250,392,15.63
2008,2,7,23,30,22.900000000000002,52,263,754,37,155,166,21.55
2008,2,8,0,30,21,20,38,316,4,26,27,28.89
2008,2,8,1,30,19.8,0,0,0,0,0,0,31.32
2008,2,8,2,30,18.8,0,0,0,0,0,0,34.67
2008,2,8,3,30,17.8,0,0,0,0,0,0,38.67
2008,2,8,4,30,17,0,0,0,0,0,0,42.74
2008,2,8,5,30,16.2,0,0,0,0,0,0,46.660000000000004
2008,2,8,6,30,15.600000000000001,0,0,0,0,0,0,49.050000000000004
2008,2,8,7,30,15,0,0,0,0,0,0,50.52
2008,2,8,8,30,14.600000000000001,0,0,0,0,0,0,50.99
2008,2,8,9,30,14.3,0,0,0,0,0,0,50.78
2008,2,8,10,30,13.8,0,0,0,0,0,0,50.980000000000004
2008,2,8,11,30,13.3,0,0,0,0,0,0,51.15
2008,2,8,12,30,13.100000000000001,0,0,0,0,0,0,50.88
2008,2,8,13,30,14.600000000000001,0,0,0,0,0,0,46.09
2008,2,8,14,30,18.3,46,206,687,687,46,206,37.74
2008,2,8,15,30,22,64,445,865,865,64,445,29.490000000000002
2008,2,8,16,30,24.200000000000003,75,651,941,941,75,651,25.67
2008,2,8,17,30,25.700000000000003,82,801,977,388,370,655,23.740000000000002
2008,2,8,18,30,26.6,81,888,1002,428,393,738,23.04
2008,2,8,19,30,27.1,82,894,999,756,182,796,23.01
2008,2,8,20,30,27,83,826,981,573,235,670,23.740000000000002
2008,2,8,21,30,26.400000000000002,76,686,944,328,332,544,25.18
2008,2,8,22,30,25.1,71,489,863,297,246,390,27.73
2008,2,8,23,30,22.6,57,254,697,160,137,182,33.730000000000004
2008,2,9,0,30,19.900000000000002,23,36,224,0,18,18,44.07
2008,2,9,1,30,18.3,0,0,0,0,0,0,51.34
2008,2,9,2,30,17.1,0,0,0,0,0,0,57.47
2008,2,9,3,30,16,0,0,0,0,0,0,63.02
2008,2,9,4,30,15.200000000000001,0,0,0,0,0,0,66.81
2008,2,9,5,30,14.700000000000001,0,0,0,0,0,0,68.45
2008,2,9,6,30,14.4,0,0,0,0,0,0,68.43
2008,2,9,7,30,14.200000000000001,0,0,0,0,0,0,67.51
2008,2,9,8,30,13.8,0,0,0,0,0,0,67.61
2008,2,9,9,30,13.3,0,0,0,0,0,0,68.1
2008,2,9,10,30,12.8,0,0,0,0,0,0,68.8
2008,2,9,11,30,12.3,0,0,0,0,0,0,69.13
2008,2,9,12,30,12,0,0,0,0,0,0,68.13
2008,2,9,13,30,13.9,0,0,0,0,0,0,59.78
2008,2,9,14,30,18.3,46,211,704,704,46,211,45.94
2008,2,9,15,30,22.5,62,452,880,880,62,452,33.57
2008,2,9,16,30,25.3,71,662,960,317,325,520,25.72
2008,2,9,17,30,26.8,76,813,996,356,388,651,22.72
2008,2,9,18,30,27.8,80,899,1014,408,410,739,21.3
2008,2,9,19,30,28.200000000000003,81,907,1014,482,382,775,21.57
2008,2,9,20,30,28.200000000000003,80,839,998,341,403,662,21.47
2008,2,9,21,30,27.8,82,696,947,55,295,331,21.78
2008,2,9,22,30,26.6,74,496,868,3,118,119,23.18
2008,2,9,23,30,24,60,260,701,2,58,59,26.64
2008,2,10,0,30,21,23,38,252,0,20,20,36.96
2008,2,10,1,30,19.3,0,0,0,0,0,0,41.14
2008,2,10,2,30,18.1,0,0,0,0,0,0,45.88
2008,2,10,3,30,17.400000000000002,0,0,0,0,0,0,49.730000000000004
2008,2,10,4,30,17.1,0,0,0,0,0,0,51.88
2008,2,10,5,30,17,0,0,0,0,0,0,52.79
2008,2,10,6,30,16.8,0,0,0,0,0,0,53.45
2008,2,10,7,30,16.3,0,0,0,0,0,0,54.800000000000004
2008,2,10,8,30,15.700000000000001,0,0,0,0,0,0,56.64
2008,2,10,9,30,14.8,0,0,0,0,0,0,59.96
2008,2,10,10,30,13.8,0,0,0,0,0,0,64.24
2008,2,10,11,30,12.700000000000001,0,0,0,0,0,0,70.11
2008,2,10,12,30,12.3,0,0,0,0,0,0,73.89
2008,2,10,13,30,14.4,0,0,0,0,0,0,67.19
2008,2,10,14,30,18.5,56,202,614,614,56,202,53.61
2008,2,10,15,30,22.5,78,437,806,259,234,350,39.160000000000004
2008,2,10,16,30,25.1,91,644,893,299,329,514,30.970000000000002
2008,2,10,17,30,26.5,102,796,934,370,382,657,27.7
2008,2,10,18,30,27.3,99,884,967,143,448,564,25.88
2008,2,10,19,30,27.400000000000002,106,887,955,277,455,681,25.3
2008,2,10,20,30,27.1,110,818,926,116,417,505,25.76
2008,2,10,21,30,26.400000000000002,115,673,856,247,322,483,27.03
2008,2,10,22,30,25.3,104,476,760,12,170,176,29.18
2008,2,10,23,30,23.1,79,247,583,333,134,230,34.22
2008,2,11,0,30,20.700000000000003,26,36,158,2,27,27,43.09
2008,2,11,1,30,19.200000000000003,0,0,0,0,0,0,48.14
2008,2,11,2,30,18.1,0,0,0,0,0,0,52.300000000000004
2008,2,11,3,30,17.2,0,0,0,0,0,0,56.35
2008,2,11,4,30,16.6,0,0,0,0,0,0,59.22
2008,2,11,5,30,15.9,0,0,0,0,0,0,62.26
2008,2,11,6,30,15,0,0,0,0,0,0,66.52
2008,2,11,7,30,14.200000000000001,0,0,0,0,0,0,71.31
2008,2,11,8,30,13.5,0,0,0,0,0,0,76.3
2008,2,11,9,30,12.9,0,0,0,0,0,0,80.74
2008,2,11,10,30,12.4,0,0,0,0,0,0,84.67
2008,2,11,11,30,11.8,0,0,0,0,0,0,88.91
2008,2,11,12,30,11.8,0,0,0,0,0,0,89.66
2008,2,11,13,30,13.9,0,0,0,0,0,0,79.13
2008,2,11,14,30,17.8,68,199,547,547,68,199,61.690000000000005
2008,2,11,15,30,21.3,92,436,769,769,92,436,46.92
2008,2,11,16,30,23.6,102,646,875,283,340,515,37.28
2008,2,11,17,30,25.1,111,799,922,341,399,653,30.78
2008,2,11,18,30,26.1,117,883,940,398,419,743,27.330000000000002
2008,2,11,19,30,26.5,118,892,943,491,385,788,26.13
2008,2,11,20,30,26.5,114,825,926,334,412,668,25.77
2008,2,11,21,30,26,116,681,864,271,364,542,26.14
2008,2,11,22,30,25,101,485,780,198,279,377,27.37
2008,2,11,23,30,22.700000000000003,76,254,614,467,118,254,31.6
2008,2,12,0,30,20.200000000000003,27,38,181,181,27,38,40.910000000000004
2008,2,12,1,30,18.8,0,0,0,0,0,0,45.63
2008,2,12,2,30,17.900000000000002,0,0,0,0,0,0,49.14
2008,2,12,3,30,17.2,0,0,0,0,0,0,52.5
2008,2,12,4,30,16.5,0,0,0,0,0,0,55.38
2008,2,12,5,30,15.600000000000001,0,0,0,0,0,0,58.46
2008,2,12,6,30,14.5,0,0,0,0,0,0,62.57
2008,2,12,7,30,13.600000000000001,0,0,0,0,0,0,66.43
2008,2,12,8,30,12.9,0,0,0,0,0,0,70.17
2008,2,12,9,30,12.3,0,0,0,0,0,0,73.91
2008,2,12,10,30,12,0,0,0,0,0,0,76.45
2008,2,12,11,30,11.9,0,0,0,0,0,0,77.61
2008,2,12,12,30,12.200000000000001,0,0,0,0,0,0,76.28
2008,2,12,13,30,14.3,0,0,0,0,0,0,67.05
2008,2,12,14,30,18.400000000000002,48,219,709,709,48,219,49.61
2008,2,12,15,30,21.900000000000002,64,462,882,882,64,462,31.02
2008,2,12,16,30,23.900000000000002,75,673,958,958,75,673,25.080000000000002
2008,2,12,17,30,25.200000000000003,81,829,998,998,81,829,22.66
2008,2,12,18,30,26.1,82,915,1018,1018,82,915,21.07
2008,2,12,19,30,26.5,84,924,1018,1018,84,924,20.150000000000002
2008,2,12,20,30,26.400000000000002,82,852,1000,356,404,679,19.77
2008,2,12,21,30,25.700000000000003,76,712,967,285,358,545,20.2
2008,2,12,22,30,24.400000000000002,68,513,898,151,254,329,21.61
2008,2,12,23,30,21.700000000000003,54,275,753,81,146,170,25.830000000000002
2008,2,13,0,30,18.900000000000002,23,46,343,5,30,30,34.18
2008,2,13,1,30,17.400000000000002,0,0,0,0,0,0,39.47
2008,2,13,2,30,16.6,0,0,0,0,0,0,42.65
2008,2,13,3,30,15.8,0,0,0,0,0,0,45.300000000000004
2008,2,13,4,30,15.200000000000001,0,0,0,0,0,0,46.660000000000004
2008,2,13,5,30,14.700000000000001,0,0,0,0,0,0,47.29
2008,2,13,6,30,14.3,0,0,0,0,0,0,47.43
2008,2,13,7,30,14,0,0,0,0,0,0,47.5
2008,2,13,8,30,13.9,0,0,0,0,0,0,47.03
2008,2,13,9,30,13.8,0,0,0,0,0,0,46.81
2008,2,13,10,30,13.5,0,0,0,0,0,0,47.2
2008,2,13,11,30,12.9,0,0,0,0,0,0,48.52
2008,2,13,12,30,12.4,0,0,0,0,0,0,49.6
2008,2,13,13,30,14.100000000000001,0,0,0,0,0,0,44.69
2008,2,13,14,30,18,50,222,703,703,50,222,34.31
2008,2,13,15,30,21.6,66,466,881,881,66,466,25.09
2008,2,13,16,30,24,74,679,964,328,331,537,22.150000000000002
2008,2,13,17,30,25.5,78,835,1007,364,396,670,20.39
2008,2,13,18,30,26.6,80,922,1027,428,411,763,18.54
2008,2,13,19,30,27.1,79,932,1029,503,383,800,17.42
2008,2,13,20,30,27.1,77,863,1017,380,400,694,16.79
2008,2,13,21,30,26.6,71,725,990,285,363,552,16.71
2008,2,13,22,30,25.5,63,524,927,269,267,400,17.36
2008,2,13,23,30,22.3,50,283,791,149,163,207,21.11
2008,2,14,0,30,18.6,22,49,397,397,22,49,31.64
2008,2,14,1,30,16.7,0,0,0,0,0,0,36.2
2008,2,14,2,30,15.600000000000001,0,0,0,0,0,0,39.27
2008,2,14,3,30,14.600000000000001,0,0,0,0,0,0,42.25
2008,2,14,4,30,13.600000000000001,0,0,0,0,0,0,45.13
2008,2,14,5,30,12.9,0,0,0,0,0,0,47.050000000000004
2008,2,14,6,30,12.3,0,0,0,0,0,0,48.980000000000004
2008,2,14,7,30,11.8,0,0,0,0,0,0,50.910000000000004
2008,2,14,8,30,11.600000000000001,0,0,0,0,0,0,52
2008,2,14,9,30,11.700000000000001,0,0,0,0,0,0,51.86
2008,2,14,10,30,12,0,0,0,0,0,0,50.72
2008,2,14,11,30,12.3,0,0,0,0,0,0,49.27
2008,2,14,12,30,12.5,0,0,0,0,0,0,48.28
2008,2,14,13,30,13.8,11,15,205,205,11,15,45.04
2008,2,14,14,30,17.2,46,229,741,741,46,229,38.480000000000004
2008,2,14,15,30,21.1,62,475,906,906,62,475,26.240000000000002
2008,2,14,16,30,23.700000000000003,70,689,982,982,70,689,20.03
2008,2,14,17,30,25.400000000000002,76,846,1020,1020,76,846,17.67
2008,2,14,18,30,26.400000000000002,77,930,1034,500,383,795,16.66
2008,2,14,19,30,26.900000000000002,78,939,1035,1035,78,939,16.44
2008,2,14,20,30,26.8,77,870,1021,1021,77,870,16.84
2008,2,14,21,30,26.200000000000003,71,726,986,986,71,726,17.7
2008,2,14,22,30,24.900000000000002,64,524,921,921,64,524,19.35
2008,2,14,23,30,21.8,51,286,789,789,51,286,24.17
2008,2,15,0,30,18.2,22,51,403,403,22,51,34.33
2008,2,15,1,30,16.2,0,0,0,0,0,0,40.47
2008,2,15,2,30,15.200000000000001,0,0,0,0,0,0,43.88
2008,2,15,3,30,14.700000000000001,0,0,0,0,0,0,45.63
2008,2,15,4,30,14.4,0,0,0,0,0,0,46.52
2008,2,15,5,30,14.3,0,0,0,0,0,0,46.68
2008,2,15,6,30,14,0,0,0,0,0,0,47.300000000000004
2008,2,15,7,30,13.600000000000001,0,0,0,0,0,0,47.86
2008,2,15,8,30,13.200000000000001,0,0,0,0,0,0,48.29
2008,2,15,9,30,12.600000000000001,0,0,0,0,0,0,49.49
2008,2,15,10,30,11.9,0,0,0,0,0,0,51.51
2008,2,15,11,30,11.100000000000001,0,0,0,0,0,0,54.21
2008,2,15,12,30,10.700000000000001,0,0,0,0,0,0,55.71
2008,2,15,13,30,12.700000000000001,11,17,268,268,11,17,49.620000000000005
2008,2,15,14,30,17.3,43,240,790,790,43,240,38.24
2008,2,15,15,30,22.1,56,491,947,947,56,491,22.67
2008,2,15,16,30,25.3,64,708,1017,1017,64,708,13.48
2008,2,15,17,30,27,69,867,1052,442,382,717,11.49
2008,2,15,18,30,28.1,72,955,1067,483,406,806,11.120000000000001
2008,2,15,19,30,28.700000000000003,72,964,1069,547,382,839,10.92
2008,2,15,20,30,28.6,71,894,1055,430,399,734,10.91
2008,2,15,21,30,28.1,65,750,1026,387,345,603,11.19
2008,2,15,22,30,26.700000000000003,58,544,967,967,58,544,12.21
2008,2,15,23,30,23,47,298,839,839,47,298,16.39
2008,2,16,0,30,18.900000000000002,22,55,463,463,22,55,27.2
2008,2,16,1,30,17,0,0,0,0,0,0,29.09
2008,2,16,2,30,16,0,0,0,0,0,0,30.91
2008,2,16,3,30,15.200000000000001,0,0,0,0,0,0,32.46
2008,2,16,4,30,14.9,0,0,0,0,0,0,32.67
2008,2,16,5,30,14.9,0,0,0,0,0,0,31.77
2008,2,16,6,30,14.9,0,0,0,0,0,0,30.89
2008,2,16,7,30,14.5,0,0,0,0,0,0,31.14
2008,2,16,8,30,13.8,0,0,0,0,0,0,32.5
2008,2,16,9,30,13,0,0,0,0,0,0,34.67
2008,2,16,10,30,12.4,0,0,0,0,0,0,37.03
2008,2,16,11,30,12,0,0,0,0,0,0,38.57
2008,2,16,12,30,11.8,0,0,0,0,0,0,39.39
2008,2,16,13,30,13.8,12,18,241,241,12,18,35.86
2008,2,16,14,30,17.900000000000002,45,239,766,766,45,239,29.400000000000002
2008,2,16,15,30,22.6,59,485,922,922,59,485,19.740000000000002
2008,2,16,16,30,26,67,700,996,996,67,700,14.59
2008,2,16,17,30,27.6,70,859,1034,419,384,703,14.280000000000001
2008,2,16,18,30,28.700000000000003,72,946,1052,458,409,789,13.72
2008,2,16,19,30,29.200000000000003,72,955,1054,547,373,832,13.21
2008,2,16,20,30,29.200000000000003,70,881,1036,437,386,728,13.06
2008,2,16,21,30,28.6,66,739,1004,343,351,581,13.41
2008,2,16,22,30,27.200000000000003,60,536,942,285,268,412,14.49
2008,2,16,23,30,23.700000000000003,48,295,816,198,162,222,18.36
2008,2,17,0,30,19.6,22,55,440,440,22,55,28.150000000000002
2008,2,17,1,30,17.400000000000002,0,0,0,0,0,0,32.2
2008,2,17,2,30,16.400000000000002,0,0,0,0,0,0,34.87
2008,2,17,3,30,15.5,0,0,0,0,0,0,37.25
2008,2,17,4,30,15,0,0,0,0,0,0,38.54
2008,2,17,5,30,14.600000000000001,0,0,0,0,0,0,39.69
2008,2,17,6,30,14.200000000000001,0,0,0,0,0,0,40.94
2008,2,17,7,30,13.700000000000001,0,0,0,0,0,0,42.37
2008,2,17,8,30,13.200000000000001,0,0,0,0,0,0,43.77
2008,2,17,9,30,12.700000000000001,0,0,0,0,0,0,45.33
2008,2,17,10,30,12.200000000000001,0,0,0,0,0,0,47.14
2008,2,17,11,30,11.700000000000001,0,0,0,0,0,0,48.85
2008,2,17,12,30,11.5,0,0,0,0,0,0,49.370000000000005
2008,2,17,13,30,13.3,12,20,324,324,12,20,44.58
2008,2,17,14,30,17.6,38,249,827,827,38,249,34.24
2008,2,17,15,30,22.1,48,501,973,973,48,501,19.71
2008,2,17,16,30,25,54,719,1040,1040,54,719,13.200000000000001
2008,2,17,17,30,26.8,56,878,1074,435,392,725,11.16
2008,2,17,18,30,28.200000000000003,60,967,1088,486,412,817,9.92
2008,2,17,19,30,28.900000000000002,60,976,1089,554,385,851,9.81
2008,2,17,20,30,29.1,59,905,1077,407,413,733,9.950000000000001
2008,2,17,21,30,28.700000000000003,56,761,1047,1047,56,761,10.13
2008,2,17,22,30,27.5,51,554,990,990,51,554,11.05
2008,2,17,23,30,23.900000000000002,42,307,867,867,42,307,15.39
2008,2,18,0,30,20,21,60,506,506,21,60,25.69
2008,2,18,1,30,18,0,0,0,0,0,0,27.12
2008,2,18,2,30,16.6,0,0,0,0,0,0,30.7
2008,2,18,3,30,15.3,0,0,0,0,0,0,34.160000000000004
2008,2,18,4,30,14.4,0,0,0,0,0,0,36.160000000000004
2008,2,18,5,30,13.8,0,0,0,0,0,0,36.730000000000004
2008,2,18,6,30,13.5,0,0,0,0,0,0,36.44
2008,2,18,7,30,13.3,0,0,0,0,0,0,36.01
2008,2,18,8,30,12.8,0,0,0,0,0,0,36.5
2008,2,18,9,30,12,0,0,0,0,0,0,37.85
2008,2,18,10,30,11,0,0,0,0,0,0,40.12
2008,2,18,11,30,10.100000000000001,0,0,0,0,0,0,42.5
2008,2,18,12,30,9.9,0,0,0,0,0,0,43.31
2008,2,18,13,30,12.8,12,21,309,309,12,21,37.410000000000004
2008,2,18,14,30,17.8,41,247,800,800,41,247,28.77
2008,2,18,15,30,22.400000000000002,53,498,950,950,53,498,21.81
2008,2,18,16,30,25.5,60,711,1012,1012,60,711,18.240000000000002
2008,2,18,17,30,27.200000000000003,64,869,1047,433,384,717,16.73
2008,2,18,18,30,28.400000000000002,70,953,1055,485,400,806,16.4
2008,2,18,19,30,29,71,962,1055,558,371,842,15.99
2008,2,18,20,30,29.1,70,892,1042,435,392,736,15.84
2008,2,18,21,30,28.700000000000003,67,748,1009,1009,67,748,16.11
2008,2,18,22,30,27.5,60,541,942,305,266,422,17.31
2008,2,18,23,30,24,49,298,811,811,49,298,21.95
2008,2,19,0,30,19.900000000000002,23,57,430,430,23,57,32.13
2008,2,19,1,30,17.8,0,0,0,0,0,0,37.52
2008,2,19,2,30,16.7,0,0,0,0,0,0,42.42
2008,2,19,3,30,15.9,0,0,0,0,0,0,45.88
2008,2,19,4,30,15.600000000000001,0,0,0,0,0,0,46.83
2008,2,19,5,30,15.5,0,0,0,0,0,0,46.57
2008,2,19,6,30,15.4,0,0,0,0,0,0,46.24
2008,2,19,7,30,15,0,0,0,0,0,0,47.2
2008,2,19,8,30,13.9,0,0,0,0,0,0,51.39
2008,2,19,9,30,12.700000000000001,0,0,0,0,0,0,57.21
2008,2,19,10,30,11.700000000000001,0,0,0,0,0,0,63.29
2008,2,19,11,30,11,0,0,0,0,0,0,68.39
2008,2,19,12,30,11,0,0,0,0,0,0,70.06
2008,2,19,13,30,13.4,14,22,258,258,14,22,61.58
2008,2,19,14,30,17.900000000000002,46,247,772,772,46,247,47.42
2008,2,19,15,30,21.900000000000002,59,498,932,932,59,498,32.86
2008,2,19,16,30,24.6,65,715,1005,1005,65,715,23.44
2008,2,19,17,30,26.5,69,873,1042,444,381,724,18.79
2008,2,19,18,30,27.8,70,961,1060,503,396,818,16.32
2008,2,19,19,30,28.5,69,970,1062,617,350,873,15.24
2008,2,19,20,30,28.6,68,899,1050,1050,68,899,14.96
2008,2,19,21,30,28.200000000000003,65,755,1018,1018,65,755,14.98
2008,2,19,22,30,27.1,59,550,957,957,59,550,15.700000000000001
2008,2,19,23,30,23.6,48,304,830,830,48,304,19.28
2008,2,20,0,30,19.5,23,60,455,455,23,60,29.95
2008,2,20,1,30,17.5,0,0,0,0,0,0,35.4
2008,2,20,2,30,16.400000000000002,0,0,0,0,0,0,40.08
2008,2,20,3,30,15.5,0,0,0,0,0,0,44.13
2008,2,20,4,30,14.9,0,0,0,0,0,0,46.37
2008,2,20,5,30,14.5,0,0,0,0,0,0,47.6
2008,2,20,6,30,14.3,0,0,0,0,0,0,48.46
2008,2,20,7,30,14.200000000000001,0,0,0,0,0,0,49.300000000000004
2008,2,20,8,30,13.9,0,0,0,0,0,0,50.54
2008,2,20,9,30,13.600000000000001,0,0,0,0,0,0,51.26
2008,2,20,10,30,13.200000000000001,0,0,0,0,0,0,52.120000000000005
2008,2,20,11,30,12.600000000000001,0,0,0,0,0,0,53.59
2008,2,20,12,30,12.3,0,0,0,0,0,0,54.050000000000004
2008,2,20,13,30,14.4,14,24,298,298,14,24,47.550000000000004
2008,2,20,14,30,19,43,252,792,792,43,252,36.42
2008,2,20,15,30,23.1,55,502,943,943,55,502,25.17
2008,2,20,16,30,25.6,61,718,1013,1013,61,718,18.39
2008,2,20,17,30,27.200000000000003,65,877,1048,1048,65,877,15.55
2008,2,20,18,30,28.3,69,965,1061,554,376,844,14.05
2008,2,20,19,30,28.8,71,973,1061,1061,71,973,13.56
2008,2,20,20,30,28.6,70,903,1047,389,416,725,13.43
2008,2,20,21,30,27.8,66,758,1016,543,225,594,13.76
2008,2,20,22,30,26.200000000000003,61,550,948,642,160,491,14.9
2008,2,20,23,30,23.200000000000003,49,305,821,821,49,305,18.78
2008,2,21,0,30,20.1,24,61,455,384,18,50,28.28
2008,2,21,1,30,18.400000000000002,0,0,0,0,0,0,33.08
2008,2,21,2,30,17.2,0,0,0,0,0,0,37.18
2008,2,21,3,30,16.3,0,0,0,0,0,0,41.06
2008,2,21,4,30,15.8,0,0,0,0,0,0,42.910000000000004
2008,2,21,5,30,15.600000000000001,0,0,0,0,0,0,43.45
2008,2,21,6,30,15.5,0,0,0,0,0,0,43.69
2008,2,21,7,30,15.3,0,0,0,0,0,0,44.24
2008,2,21,8,30,15.100000000000001,0,0,0,0,0,0,44.89
2008,2,21,9,30,14.9,0,0,0,0,0,0,45.72
2008,2,21,10,30,14.5,0,0,0,0,0,0,47.07
2008,2,21,11,30,13.9,0,0,0,0,0,0,48.86
2008,2,21,12,30,13.600000000000001,0,0,0,0,0,0,49.58
2008,2,21,13,30,15.3,15,26,311,311,15,26,45.13
2008,2,21,14,30,19.3,45,257,795,411,102,211,35.44
2008,2,21,15,30,23.3,59,509,942,213,224,326,19.63
2008,2,21,16,30,25.8,67,726,1010,108,321,392,11.77
2008,2,21,17,30,27.200000000000003,72,886,1045,746,173,754,10.5
2008,2,21,18,30,28.1,74,969,1057,701,202,796,10.47
2008,2,21,19,30,28.700000000000003,75,977,1056,479,336,746,11
2008,2,21,20,30,28.700000000000003,73,902,1039,246,370,567,11.86
2008,2,21,21,30,28.1,71,758,1004,684,198,666,13.11
2008,2,21,22,30,26.700000000000003,64,549,937,619,155,476,14.88
2008,2,21,23,30,23.700000000000003,52,304,804,549,112,284,18.54
2008,2,22,0,30,19.8,25,62,435,435,25,62,27.92
2008,2,22,1,30,17.3,0,0,0,0,0,0,33.64
2008,2,22,2,30,16.2,0,0,0,0,0,0,36.47
2008,2,22,3,30,15.5,0,0,0,0,0,0,38.26
2008,2,22,4,30,15.100000000000001,0,0,0,0,0,0,38.86
2008,2,22,5,30,14.8,0,0,0,0,0,0,38.99
2008,2,22,6,30,14.600000000000001,0,0,0,0,0,0,38.93
2008,2,22,7,30,14.3,0,0,0,0,0,0,39.52
2008,2,22,8,30,14.100000000000001,0,0,0,0,0,0,40.09
2008,2,22,9,30,13.700000000000001,0,0,0,0,0,0,40.87
2008,2,22,10,30,13.200000000000001,0,0,0,0,0,0,41.76
2008,2,22,11,30,12.600000000000001,0,0,0,0,0,0,43.160000000000004
2008,2,22,12,30,12.3,0,0,0,0,0,0,43.75
2008,2,22,13,30,14.200000000000001,15,27,302,302,15,27,39.56
2008,2,22,14,30,18.6,47,259,790,790,47,259,29.91
2008,2,22,15,30,22.700000000000003,60,512,940,940,60,512,17.44
2008,2,22,16,30,25.5,67,730,1010,394,334,592,12.8
2008,2,22,17,30,27.400000000000002,72,889,1046,415,403,728,10.75
2008,2,22,18,30,28.700000000000003,74,977,1062,449,431,812,9.75
2008,2,22,19,30,29.400000000000002,74,985,1063,495,413,837,9.64
2008,2,22,20,30,29.6,72,913,1051,427,408,749,10.28
2008,2,22,21,30,29.200000000000003,67,768,1021,353,365,607,10.76
2008,2,22,22,30,28.1,60,561,962,301,278,435,11.68
2008,2,22,23,30,24.8,49,313,836,196,173,234,15.120000000000001
2008,2,23,0,30,21.1,24,65,476,476,24,65,24.72
2008,2,23,1,30,19.1,0,0,0,0,0,0,25.61
2008,2,23,2,30,17.6,0,0,0,0,0,0,27.900000000000002
2008,2,23,3,30,16.3,0,0,0,0,0,0,29.650000000000002
2008,2,23,4,30,15.4,0,0,0,0,0,0,30.25
2008,2,23,5,30,14.8,0,0,0,0,0,0,30.01
2008,2,23,6,30,14.5,0,0,0,0,0,0,29.310000000000002
2008,2,23,7,30,14.100000000000001,0,0,0,0,0,0,28.98
2008,2,23,8,30,13.5,0,0,0,0,0,0,29.29
2008,2,23,9,30,12.700000000000001,0,0,0,0,0,0,30.55
2008,2,23,10,30,11.600000000000001,0,0,0,0,0,0,32.84
2008,2,23,11,30,10.5,0,0,0,0,0,0,35.84
2008,2,23,12,30,10.200000000000001,0,0,0,0,0,0,37.51
2008,2,23,13,30,12.9,16,29,331,331,16,29,33.96
2008,2,23,14,30,17.7,46,264,802,802,46,264,25.59
2008,2,23,15,30,22.8,59,519,951,951,59,519,17.59
2008,2,23,16,30,27,67,733,1011,345,353,580,11
2008,2,23,17,30,29.3,71,893,1046,352,432,708,9.700000000000001
2008,2,23,18,30,30.6,76,979,1058,404,456,800,8.92
2008,2,23,19,30,31.3,76,988,1060,495,416,842,8.63
2008,2,23,20,30,31.5,75,916,1046,430,408,754,8.78
2008,2,23,21,30,31.1,72,770,1012,358,365,612,9.200000000000001
2008,2,23,22,30,30,65,562,951,279,286,432,9.85
2008,2,23,23,30,26.900000000000002,52,313,823,169,178,232,13.18
2008,2,24,0,30,23.400000000000002,25,66,462,462,25,66,22.580000000000002
2008,2,24,1,30,21.3,0,0,0,0,0,0,24.89
2008,2,24,2,30,19.700000000000003,0,0,0,0,0,0,26.26
2008,2,24,3,30,18.3,0,0,0,0,0,0,27.310000000000002
2008,2,24,4,30,17.3,0,0,0,0,0,0,28.47
2008,2,24,5,30,16.900000000000002,0,0,0,0,0,0,28.07
2008,2,24,6,30,16.7,0,0,0,0,0,0,27.150000000000002
2008,2,24,7,30,16.400000000000002,0,0,0,0,0,0,26.54
2008,2,24,8,30,16.1,0,0,0,0,0,0,26.09
2008,2,24,9,30,15.700000000000001,0,0,0,0,0,0,26.04
2008,2,24,10,30,14.9,0,0,0,0,0,0,26.97
2008,2,24,11,30,13.8,0,0,0,0,0,0,28.6
2008,2,24,12,30,13.200000000000001,0,0,0,0,0,0,29.66
2008,2,24,13,30,15.3,16,31,336,336,16,31,27.85
2008,2,24,14,30,19.900000000000002,46,268,804,804,46,268,21.64
2008,2,24,15,30,24.900000000000002,58,522,953,953,58,522,14.450000000000001
2008,2,24,16,30,28.900000000000002,65,741,1021,364,349,591,10.28
2008,2,24,17,30,31,68,901,1056,401,416,732,9.84
2008,2,24,18,30,32.300000000000004,72,988,1069,462,431,827,9.11
2008,2,24,19,30,33,73,996,1070,512,412,854,8.700000000000001
2008,2,24,20,30,33.1,71,919,1051,390,425,740,8.53
2008,2,24,21,30,32.7,68,773,1019,368,362,617,8.64
2008,2,24,22,30,31.5,62,565,958,330,273,446,9.290000000000001
2008,2,24,23,30,28,50,316,832,832,50,316,12.86
2008,2,25,0,30,24.1,25,67,470,470,25,67,22.35
2008,2,25,1,30,22,0,0,0,0,0,0,24.1
2008,2,25,2,30,20.8,0,0,0,0,0,0,25.560000000000002
2008,2,25,3,30,19.8,0,0,0,0,0,0,27.51
2008,2,25,4,30,18.400000000000002,0,0,0,0,0,0,33.01
2008,2,25,5,30,16.900000000000002,0,0,0,0,0,0,38.89
2008,2,25,6,30,15.8,0,0,0,0,0,0,43.7
2008,2,25,7,30,15,0,0,0,0,0,0,48.050000000000004
2008,2,25,8,30,14.3,0,0,0,0,0,0,52.31
2008,2,25,9,30,14,0,0,0,0,0,0,55.160000000000004
2008,2,25,10,30,13.9,0,0,0,0,0,0,56.88
2008,2,25,11,30,13.700000000000001,0,0,0,0,0,0,58.94
2008,2,25,12,30,13.600000000000001,0,0,0,0,0,0,60.6
2008,2,25,13,30,15.200000000000001,19,28,203,203,19,28,56.54
2008,2,25,14,30,18.7,61,252,685,685,61,252,46.38
2008,2,25,15,30,23,79,499,856,268,263,394,33.22
2008,2,25,16,30,26.5,89,713,938,336,351,574,24.14
2008,2,25,17,30,28.6,95,871,980,367,416,707,20.13
2008,2,25,18,30,30.1,101,956,993,302,479,739,17.38
2008,2,25,19,30,30.900000000000002,101,964,996,506,402,841,15.75
2008,2,25,20,30,31.1,97,893,983,328,442,708,15.02
2008,2,25,21,30,30.700000000000003,92,749,946,292,382,585,14.99
2008,2,25,22,30,29.5,81,547,882,481,204,458,15.74
2008,2,25,23,30,26.400000000000002,63,303,743,432,127,266,19.95
2008,2,26,0,30,22.900000000000002,30,63,372,14,47,49,30.01
2008,2,26,1,30,20.8,0,0,0,0,0,0,31.87
2008,2,26,2,30,19.6,0,0,0,0,0,0,34.12
2008,2,26,3,30,18.5,0,0,0,0,0,0,38.69
2008,2,26,4,30,17.3,0,0,0,0,0,0,45.01
2008,2,26,5,30,16.1,0,0,0,0,0,0,51.79
2008,2,26,6,30,15.3,0,0,0,0,0,0,57.08
2008,2,26,7,30,14.700000000000001,0,0,0,0,0,0,60.57
2008,2,26,8,30,14.4,0,0,0,0,0,0,61.96
2008,2,26,9,30,14.100000000000001,0,0,0,0,0,0,62.59
2008,2,26,10,30,13.700000000000001,0,0,0,0,0,0,63.050000000000004
2008,2,26,11,30,13.3,0,0,0,0,0,0,63.440000000000005
2008,2,26,12,30,13.3,0,0,0,0,0,0,62.35
2008,2,26,13,30,15.3,18,34,330,330,18,34,54.72
2008,2,26,14,30,19.400000000000002,50,271,788,788,50,271,40.95
2008,2,26,15,30,23.900000000000002,63,526,938,938,63,526,22.03
2008,2,26,16,30,27.3,71,744,1006,1006,71,744,14.07
2008,2,26,17,30,29.5,75,904,1042,407,414,737,10.93
2008,2,26,18,30,31,77,991,1058,450,436,825,10.5
2008,2,26,19,30,31.700000000000003,77,998,1060,554,391,873,10.05
2008,2,26,20,30,31.900000000000002,75,921,1042,1042,75,921,9.790000000000001
2008,2,26,21,30,31.400000000000002,70,775,1011,328,376,604,9.950000000000001
2008,2,26,22,30,30.200000000000003,64,567,950,276,287,434,10.68
2008,2,26,23,30,26.6,52,318,823,199,175,240,14.13
2008,2,27,0,30,22.1,26,69,464,464,26,69,25.28
2008,2,27,1,30,19.900000000000002,0,0,0,0,0,0,27.45
2008,2,27,2,30,18.8,0,0,0,0,0,0,31.36
2008,2,27,3,30,17.400000000000002,0,0,0,0,0,0,36.410000000000004
2008,2,27,4,30,15.9,0,0,0,0,0,0,41.67
2008,2,27,5,30,15.100000000000001,0,0,0,0,0,0,43.61
2008,2,27,6,30,14.4,0,0,0,0,0,0,45.1
2008,2,27,7,30,13.4,0,0,0,0,0,0,47.64
2008,2,27,8,30,12.100000000000001,0,0,0,0,0,0,49.93
2008,2,27,9,30,11.200000000000001,0,0,0,0,0,0,49.93
2008,2,27,10,30,10.600000000000001,0,0,0,0,0,0,48.52
2008,2,27,11,30,10.100000000000001,0,0,0,0,0,0,47.61
2008,2,27,12,30,9.9,0,0,0,0,0,0,46.87
2008,2,27,13,30,10.8,21,34,242,242,21,34,43.22
2008,2,27,14,30,13.3,60,265,718,718,60,265,35.86
2008,2,27,15,30,17,77,517,886,886,77,517,28.98
2008,2,27,16,30,21,86,734,964,964,86,734,24.13
2008,2,27,17,30,24.5,92,893,1002,372,428,725,19.91
2008,2,27,18,30,27,94,976,1018,408,451,805,16.55
2008,2,27,19,30,28.400000000000002,95,983,1018,471,427,838,14.25
2008,2,27,20,30,28.700000000000003,95,910,998,349,442,727,13.46
2008,2,27,21,30,28.1,91,760,956,312,380,599,14.33
2008,2,27,22,30,27.200000000000003,83,553,882,280,287,436,14.99
2008,2,27,23,30,24.900000000000002,67,305,732,169,180,235,17.89
2008,2,28,0,30,22.200000000000003,32,65,351,1,42,42,25.39
2008,2,28,1,30,20.200000000000003,0,0,0,0,0,0,29.89
2008,2,28,2,30,18.400000000000002,0,0,0,0,0,0,37.42
2008,2,28,3,30,16.8,0,0,0,0,0,0,46.79
2008,2,28,4,30,15.9,0,0,0,0,0,0,53.82
2008,2,28,5,30,15.200000000000001,0,0,0,0,0,0,58.230000000000004
2008,2,28,6,30,14.5,0,0,0,0,0,0,59.870000000000005
2008,2,28,7,30,13.9,0,0,0,0,0,0,58.83
2008,2,28,8,30,13.3,0,0,0,0,0,0,57.06
2008,2,28,9,30,12.8,0,0,0,0,0,0,55.39
2008,2,28,10,30,12.4,0,0,0,0,0,0,54.660000000000004
2008,2,28,11,30,12.100000000000001,0,0,0,0,0,0,54.53
2008,2,28,12,30,12.200000000000001,0,0,0,0,0,0,53.910000000000004
2008,2,28,13,30,13.5,22,34,211,211,22,34,50.33
2008,2,28,14,30,16.3,66,260,673,673,66,260,43.35
2008,2,28,15,30,19.400000000000002,86,508,843,843,86,508,37.63
2008,2,28,16,30,21.900000000000002,96,722,926,616,210,626,32.17
2008,2,28,17,30,23.8,102,880,969,355,429,714,25.98
2008,2,28,18,30,25.1,105,969,994,430,440,814,22.240000000000002
2008,2,28,19,30,25.8,105,976,995,526,402,862,20.38
2008,2,28,20,30,25.900000000000002,103,904,979,346,441,725,19.79
2008,2,28,21,30,25.700000000000003,96,759,944,339,373,611,19.85
2008,2,28,22,30,24.900000000000002,85,553,874,874,85,553,20.92
2008,2,28,23,30,22.5,67,308,735,137,185,230,24.76
2008,3,1,0,30,21.1,30,70,406,7,48,49,29.39
2008,3,1,1,30,19,0,0,0,0,0,0,33.63
2008,3,1,2,30,17.5,0,0,0,0,0,0,38.050000000000004
2008,3,1,3,30,16.2,0,0,0,0,0,0,42.7
2008,3,1,4,30,15.3,0,0,0,0,0,0,45.94
2008,3,1,5,30,14.4,0,0,0,0,0,0,49.06
2008,3,1,6,30,13.8,0,0,0,0,0,0,51.59
2008,3,1,7,30,13.200000000000001,0,0,0,0,0,0,54.89
2008,3,1,8,30,12.600000000000001,0,0,0,0,0,0,58.89
2008,3,1,9,30,12.200000000000001,0,0,0,0,0,0,62.31
2008,3,1,10,30,11.9,0,0,0,0,0,0,65.03
2008,3,1,11,30,11.5,0,0,0,0,0,0,68.01
2008,3,1,12,30,11.9,0,0,0,0,0,0,67.08
2008,3,1,13,30,14.700000000000001,22,39,274,274,22,39,56.4
2008,3,1,14,30,19.5,61,270,711,711,61,270,40.45
2008,3,1,15,30,23.8,79,517,864,864,79,517,25.650000000000002
2008,3,1,16,30,26.400000000000002,90,730,938,640,198,636,19.87
2008,3,1,17,30,28.1,100,887,974,720,174,756,17.89
2008,3,1,18,30,29.200000000000003,120,962,961,562,307,800,18
2008,3,1,19,30,29.8,124,967,956,426,451,826,17.26
2008,3,1,20,30,29.900000000000002,126,889,926,675,215,771,16.95
2008,3,1,21,30,29.400000000000002,125,742,873,408,303,592,17.900000000000002
2008,3,1,22,30,28.400000000000002,110,538,795,518,196,475,19.55
2008,3,1,23,30,25.900000000000002,86,297,638,72,167,191,23.29
2008,3,2,0,30,22.8,39,63,240,2,35,35,30.62
2008,3,2,1,30,20.8,0,0,0,0,0,0,33.07
2008,3,2,2,30,19.400000000000002,0,0,0,0,0,0,35.89
2008,3,2,3,30,17.900000000000002,0,0,0,0,0,0,39.58
2008,3,2,4,30,16.400000000000002,0,0,0,0,0,0,43.37
2008,3,2,5,30,15.4,0,0,0,0,0,0,45.72
2008,3,2,6,30,14.9,0,0,0,0,0,0,46.81
2008,3,2,7,30,14.600000000000001,0,0,0,0,0,0,48.08
2008,3,2,8,30,14.200000000000001,0,0,0,0,0,0,50.22
2008,3,2,9,30,14.100000000000001,0,0,0,0,0,0,51.58
2008,3,2,10,30,14.100000000000001,0,0,0,0,0,0,52.76
2008,3,2,11,30,14.200000000000001,0,0,0,0,0,0,53.07
2008,3,2,12,30,14.600000000000001,0,0,0,0,0,0,51.89
2008,3,2,13,30,16.8,26,39,216,216,26,39,46.11
2008,3,2,14,30,20.8,69,269,672,672,69,269,33.55
2008,3,2,15,30,24.200000000000003,86,520,849,849,86,520,19.63
2008,3,2,16,30,26,94,735,935,935,94,735,16.71
2008,3,2,17,30,27.3,97,893,981,431,404,754,15.950000000000001
2008,3,2,18,30,28.200000000000003,95,980,1007,765,171,844,15.56
2008,3,2,19,30,28.5,95,986,1007,676,223,821,15.530000000000001
2008,3,2,20,30,28,94,913,990,762,151,782,16.1
2008,3,2,21,30,26.6,90,763,949,649,210,670,17.73
2008,3,2,22,30,24.8,82,557,879,250,296,431,20.39
2008,3,2,23,30,22.8,65,313,742,294,160,258,24.23
2008,3,3,0,30,20.400000000000002,32,71,382,54,55,60,30.77
2008,3,3,1,30,18.5,0,0,0,0,0,0,36.52
2008,3,3,2,30,17.2,0,0,0,0,0,0,40.5
2008,3,3,3,30,16.3,0,0,0,0,0,0,43.21
2008,3,3,4,30,15.5,0,0,0,0,0,0,45.53
2008,3,3,5,30,15,0,0,0,0,0,0,46.96
2008,3,3,6,30,14.600000000000001,0,0,0,0,0,0,47.81
2008,3,3,7,30,14.4,0,0,0,0,0,0,48.14
2008,3,3,8,30,14.200000000000001,0,0,0,0,0,0,48.11
2008,3,3,9,30,14.100000000000001,0,0,0,0,0,0,47.9
2008,3,3,10,30,14.100000000000001,0,0,0,0,0,0,47.52
2008,3,3,11,30,14,0,0,0,0,0,0,47.46
2008,3,3,12,30,14.100000000000001,0,0,0,0,0,0,46.7
2008,3,3,13,30,15.700000000000001,22,47,367,367,22,47,42.78
2008,3,3,14,30,19.5,53,291,790,790,53,291,31.16
2008,3,3,15,30,23.5,66,546,934,314,268,430,13.99
2008,3,3,16,30,26,73,764,1002,568,236,628,9.39
2008,3,3,17,30,27.700000000000003,77,922,1037,340,446,724,8.1
2008,3,3,18,30,28.8,75,1009,1058,769,221,900,7.69
2008,3,3,19,30,29.3,75,1010,1054,768,216,897,7.87
2008,3,3,20,30,29.3,74,936,1040,694,218,794,8.15
2008,3,3,21,30,28.6,70,785,1005,590,214,634,8.71
2008,3,3,22,30,27.200000000000003,64,577,944,512,181,459,9.67
2008,3,3,23,30,24.400000000000002,53,326,815,512,109,280,11.83
2008,3,4,0,30,20.900000000000002,28,77,479,84,55,63,19.19
2008,3,4,1,30,18.7,0,0,0,0,0,0,25.54
2008,3,4,2,30,17.5,0,0,0,0,0,0,29.42
2008,3,4,3,30,16.6,0,0,0,0,0,0,31.900000000000002
2008,3,4,4,30,16.3,0,0,0,0,0,0,32.49
2008,3,4,5,30,16.2,0,0,0,0,0,0,32.660000000000004
2008,3,4,6,30,16.2,0,0,0,0,0,0,32.42
2008,3,4,7,30,16.1,0,0,0,0,0,0,32.21
2008,3,4,8,30,15.8,0,0,0,0,0,0,32.21
2008,3,4,9,30,15.5,0,0,0,0,0,0,32.45
2008,3,4,10,30,15.100000000000001,0,0,0,0,0,0,33.17
2008,3,4,11,30,14.700000000000001,0,0,0,0,0,0,34.02
2008,3,4,12,30,14.700000000000001,0,0,0,0,0,0,33.85
2008,3,4,13,30,16.3,21,49,397,9,33,33,31.63
2008,3,4,14,30,19.900000000000002,48,289,789,2,68,69,23.75
2008,3,4,15,30,23.700000000000003,61,538,922,13,168,175,14.11
2008,3,4,16,30,26.5,68,749,982,156,321,429,10.6
2008,3,4,17,30,27.700000000000003,74,904,1014,654,199,734,10.43
2008,3,4,18,30,27.900000000000002,77,988,1028,705,209,833,11.09
2008,3,4,19,30,27.400000000000002,80,990,1022,256,417,645,11.96
2008,3,4,20,30,26.6,80,917,1006,563,275,743,13.040000000000001
2008,3,4,21,30,25.6,78,770,969,608,193,627,14.67
2008,3,4,22,30,24.3,70,564,906,127,256,325,16.86
2008,3,4,23,30,22.400000000000002,56,320,782,543,114,297,20.37
2008,3,5,0,30,20.400000000000002,29,76,454,0,31,31,26.89
2008,3,5,1,30,19,0,0,0,0,0,0,30.740000000000002
2008,3,5,2,30,18.2,0,0,0,0,0,0,32.15
2008,3,5,3,30,17.400000000000002,0,0,0,0,0,0,33.19
2008,3,5,4,30,16.6,0,0,0,0,0,0,33.79
2008,3,5,5,30,15.9,0,0,0,0,0,0,33.46
2008,3,5,6,30,15.100000000000001,0,0,0,0,0,0,33.03
2008,3,5,7,30,14.600000000000001,0,0,0,0,0,0,32.43
2008,3,5,8,30,14.200000000000001,0,0,0,0,0,0,31.92
2008,3,5,9,30,13.9,0,0,0,0,0,0,31.73
2008,3,5,10,30,13.600000000000001,0,0,0,0,0,0,31.91
2008,3,5,11,30,13.4,0,0,0,0,0,0,31.6
2008,3,5,12,30,13.700000000000001,0,0,0,0,0,0,30.45
2008,3,5,13,30,15.9,21,55,454,454,21,55,28.11
2008,3,5,14,30,20.1,45,304,837,837,45,304,20.19
2008,3,5,15,30,23.8,56,559,965,965,56,559,11.61
2008,3,5,16,30,25.900000000000002,63,776,1025,723,251,755,9.69
2008,3,5,17,30,27.5,67,935,1056,766,270,900,8.93
2008,3,5,18,30,28.5,72,1020,1067,805,263,978,8.8
2008,3,5,19,30,29.1,72,1026,1068,598,378,913,9.13
2008,3,5,20,30,29,70,951,1055,1055,70,951,9.57
2008,3,5,21,30,28.400000000000002,71,797,1013,1013,71,797,10.15
2008,3,5,22,30,27,63,587,956,956,63,587,11.24
2008,3,5,23,30,24.3,51,334,834,178,186,246,13.42
2008,3,6,0,30,20.400000000000002,28,82,511,511,28,82,19.14
2008,3,6,1,30,17.5,0,0,0,0,0,0,25.32
2008,3,6,2,30,15.9,0,0,0,0,0,0,28.88
2008,3,6,3,30,14.8,0,0,0,0,0,0,31
2008,3,6,4,30,14,0,0,0,0,0,0,32.1
2008,3,6,5,30,13.4,0,0,0,0,0,0,32.730000000000004
2008,3,6,6,30,13,0,0,0,0,0,0,32.96
2008,3,6,7,30,12.5,0,0,0,0,0,0,33.660000000000004
2008,3,6,8,30,12,0,0,0,0,0,0,34.6
2008,3,6,9,30,11.600000000000001,0,0,0,0,0,0,35.42
2008,3,6,10,30,11.200000000000001,0,0,0,0,0,0,36.26
2008,3,6,11,30,11,0,0,0,0,0,0,36.61
2008,3,6,12,30,11.4,0,0,0,0,0,0,35.39
2008,3,6,13,30,14,22,58,471,471,22,58,31.66
2008,3,6,14,30,18.5,47,313,854,854,47,313,21.68
2008,3,6,15,30,22.200000000000003,58,571,979,979,58,571,12.17
2008,3,6,16,30,24.400000000000002,64,790,1038,1038,64,790,10.25
2008,3,6,17,30,26,69,950,1067,434,427,785,9.93
2008,3,6,18,30,27.200000000000003,72,1029,1073,799,206,919,9.93
2008,3,6,19,30,27.700000000000003,71,1034,1074,549,408,900,10.24
2008,3,6,20,30,27.6,70,959,1062,412,437,781,10.77
2008,3,6,21,30,26.8,70,808,1028,344,389,637,11.620000000000001
2008,3,6,22,30,25.400000000000002,64,596,969,271,304,453,12.83
2008,3,6,23,30,22.700000000000003,53,342,847,114,198,236,15.43
2008,3,7,0,30,19.1,29,84,516,516,29,84,21.26
2008,3,7,1,30,16.1,0,0,0,0,0,0,27.94
2008,3,7,2,30,14.4,0,0,0,0,0,0,31.95
2008,3,7,3,30,13.200000000000001,0,0,0,0,0,0,34.410000000000004
2008,3,7,4,30,12.4,0,0,0,0,0,0,35.38
2008,3,7,5,30,11.700000000000001,0,0,0,0,0,0,36.13
2008,3,7,6,30,11.3,0,0,0,0,0,0,36.39
2008,3,7,7,30,11,0,0,0,0,0,0,36.54
2008,3,7,8,30,10.600000000000001,0,0,0,0,0,0,37.09
2008,3,7,9,30,10.200000000000001,0,0,0,0,0,0,37.72
2008,3,7,10,30,9.8,0,0,0,0,0,0,38.39
2008,3,7,11,30,9.3,0,0,0,0,0,0,39.18
2008,3,7,12,30,9.3,0,0,0,0,0,0,38.52
2008,3,7,13,30,11.8,25,64,497,497,25,64,33.24
2008,3,7,14,30,16.5,50,327,879,879,50,327,22.19
2008,3,7,15,30,20.400000000000002,63,593,1004,1004,63,593,9.84
2008,3,7,16,30,22.900000000000002,70,817,1063,1063,70,817,6.79
2008,3,7,17,30,24.8,75,980,1092,494,424,834,5.8100000000000005
2008,3,7,18,30,26.200000000000003,77,1068,1106,559,434,934,5.34
2008,3,7,19,30,27.1,77,1060,1093,1078,65,1033,5.15
2008,3,7,20,30,27.3,76,982,1080,1080,76,982,5.1000000000000005
2008,3,7,21,30,27,73,829,1049,1049,73,829,5.1000000000000005
2008,3,7,22,30,26,65,612,993,993,65,612,5.38
2008,3,7,23,30,23,54,352,872,872,54,352,6.75
2008,3,8,0,30,19.5,30,88,535,535,30,88,14.530000000000001
2008,3,8,1,30,17.7,0,0,0,0,0,0,15.9
2008,3,8,2,30,16.7,0,0,0,0,0,0,17.2
2008,3,8,3,30,15.700000000000001,0,0,0,0,0,0,18.66
2008,3,8,4,30,14.600000000000001,0,0,0,0,0,0,19.92
2008,3,8,5,30,13,0,0,0,0,0,0,21.740000000000002
2008,3,8,6,30,10.8,0,0,0,0,0,0,25.810000000000002
2008,3,8,7,30,9,0,0,0,0,0,0,31.84
2008,3,8,8,30,7.6000000000000005,0,0,0,0,0,0,38.86
2008,3,8,9,30,6.4,0,0,0,0,0,0,46.32
2008,3,8,10,30,5.5,0,0,0,0,0,0,53.52
2008,3,8,11,30,4.7,0,0,0,0,0,0,60.160000000000004
2008,3,8,12,30,5,0,0,0,0,0,0,61.34
2008,3,8,13,30,7.7,26,62,434,434,26,62,52.99
2008,3,8,14,30,12.600000000000001,54,317,825,825,54,317,37.72
2008,3,8,15,30,17.7,67,576,958,316,285,453,24.67
2008,3,8,16,30,21.400000000000002,73,796,1023,351,385,633,15.11
2008,3,8,17,30,23.5,76,955,1057,394,450,777,11.49
2008,3,8,18,30,24.8,79,1041,1070,441,469,865,10.13
2008,3,8,19,30,25.5,79,1045,1071,536,424,908,9.5
2008,3,8,20,30,25.6,78,969,1059,399,451,787,9.41
2008,3,8,21,30,25.200000000000003,75,816,1025,377,385,658,9.72
2008,3,8,22,30,24.200000000000003,68,602,967,322,296,474,10.58
2008,3,8,23,30,21.3,55,344,841,841,55,344,13.23
2008,3,9,0,30,17.2,30,86,510,510,30,86,21.05
2008,3,9,1,30,14.600000000000001,0,0,0,0,0,0,27.8
2008,3,9,2,30,13.5,0,0,0,0,0,0,31.51
2008,3,9,3,30,12.600000000000001,0,0,0,0,0,0,35.1
2008,3,9,4,30,11.700000000000001,0,0,0,0,0,0,38.22
2008,3,9,5,30,11.100000000000001,0,0,0,0,0,0,40.04
2008,3,9,6,30,10.8,0,0,0,0,0,0,40.87
2008,3,9,7,30,10.5,0,0,0,0,0,0,41.67
2008,3,9,8,30,10.3,0,0,0,0,0,0,42.18
2008,3,9,9,30,10.100000000000001,0,0,0,0,0,0,42.71
2008,3,9,10,30,9.9,0,0,0,0,0,0,43.39
2008,3,9,11,30,9.700000000000001,0,0,0,0,0,0,44.32
2008,3,9,12,30,10.200000000000001,0,0,0,0,0,0,43.230000000000004
2008,3,9,13,30,13,25,64,449,449,25,64,37.51
2008,3,9,14,30,17.5,51,314,816,816,51,314,26.47
2008,3,9,15,30,20.8,64,569,945,621,216,548,19.72
2008,3,9,16,30,22.700000000000003,72,786,1006,717,257,766,18.37
2008,3,9,17,30,24.200000000000003,76,943,1039,785,259,915,16.990000000000002
2008,3,9,18,30,25.200000000000003,78,1027,1053,1053,78,1027,16.05
2008,3,9,19,30,25.8,78,1031,1054,564,396,906,15.47
2008,3,9,20,30,25.8,76,955,1042,399,438,775,15.56
2008,3,9,21,30,25.3,71,801,1007,347,381,633,16.16
2008,3,9,22,30,24.1,64,591,949,331,284,468,17.45
2008,3,9,23,30,21.6,53,339,831,201,186,255,20.73
2008,3,10,0,30,18,29,85,505,505,29,85,28.650000000000002
2008,3,10,1,30,15.600000000000001,0,0,0,0,0,0,36.7
2008,3,10,2,30,14.600000000000001,0,0,0,0,0,0,41.84
2008,3,10,3,30,13.5,0,0,0,0,0,0,46.94
2008,3,10,4,30,12.600000000000001,0,0,0,0,0,0,50.64
2008,3,10,5,30,12,0,0,0,0,0,0,52.85
2008,3,10,6,30,11.600000000000001,0,0,0,0,0,0,53.76
2008,3,10,7,30,11.5,0,0,0,0,0,0,52.95
2008,3,10,8,30,11.4,0,0,0,0,0,0,52.07
2008,3,10,9,30,11.200000000000001,0,0,0,0,0,0,51.74
2008,3,10,10,30,10.9,0,0,0,0,0,0,51.71
2008,3,10,11,30,10.600000000000001,0,0,0,0,0,0,51.870000000000005
2008,3,10,12,30,10.8,0,0,0,0,0,0,50.870000000000005
2008,3,10,13,30,13.4,25,69,481,481,25,69,43.910000000000004
2008,3,10,14,30,17.8,50,324,842,842,50,324,31.92
2008,3,10,15,30,21.200000000000003,60,581,969,969,60,581,22.32
2008,3,10,16,30,23.6,66,799,1027,1027,66,799,18
2008,3,10,17,30,25.400000000000002,69,952,1053,510,389,816,15.780000000000001
2008,3,10,18,30,26.700000000000003,72,1036,1066,523,418,891,14.68
2008,3,10,19,30,27.5,72,1035,1062,585,385,916,14.73
2008,3,10,20,30,27.700000000000003,71,954,1044,433,420,787,15.57
2008,3,10,21,30,27.5,69,804,1011,1011,69,804,16.28
2008,3,10,22,30,26.6,62,591,949,949,62,591,17.580000000000002
2008,3,10,23,30,24.1,51,340,832,238,179,262,21.01
2008,3,11,0,30,20.5,29,86,513,513,29,86,29.5
2008,3,11,1,30,18.1,0,0,0,0,0,0,34.12
2008,3,11,2,30,16.8,0,0,0,0,0,0,38.85
2008,3,11,3,30,15.600000000000001,0,0,0,0,0,0,44.25
2008,3,11,4,30,14.600000000000001,0,0,0,0,0,0,49.2
2008,3,11,5,30,13.700000000000001,0,0,0,0,0,0,52.95
2008,3,11,6,30,13,0,0,0,0,0,0,54.94
2008,3,11,7,30,12.3,0,0,0,0,0,0,56.160000000000004
2008,3,11,8,30,11.700000000000001,0,0,0,0,0,0,57.18
2008,3,11,9,30,11.100000000000001,0,0,0,0,0,0,58.44
2008,3,11,10,30,10.600000000000001,0,0,0,0,0,0,59.39
2008,3,11,11,30,10.3,0,0,0,0,0,0,59.07
2008,3,11,12,30,10.9,0,0,0,0,0,0,54.89
2008,3,11,13,30,13.3,27,68,436,436,27,68,46.77
2008,3,11,14,30,17.400000000000002,55,317,797,797,55,317,35.58
2008,3,11,15,30,21.400000000000002,68,571,927,310,282,450,26.55
2008,3,11,16,30,24.3,76,786,990,345,378,625,21.2
2008,3,11,17,30,26.200000000000003,81,942,1023,390,437,766,18.29
2008,3,11,18,30,27.3,85,1025,1036,393,474,830,17.78
2008,3,11,19,30,27.8,84,1028,1037,487,432,875,17.31
2008,3,11,20,30,27.8,81,952,1025,357,453,756,17.14
2008,3,11,21,30,27.3,75,799,992,334,386,630,17.44
2008,3,11,22,30,26.200000000000003,68,589,933,606,167,506,18.61
2008,3,11,23,30,23.8,56,338,812,376,155,286,22.53
2008,3,12,0,30,20.900000000000002,30,86,492,27,60,63,31.26
2008,3,12,1,30,19.1,0,0,0,0,0,0,34.35
2008,3,12,2,30,17.8,0,0,0,0,0,0,38.57
2008,3,12,3,30,16.6,0,0,0,0,0,0,43.5
2008,3,12,4,30,15.5,0,0,0,0,0,0,47.46
2008,3,12,5,30,14.600000000000001,0,0,0,0,0,0,50.45
2008,3,12,6,30,13.8,0,0,0,0,0,0,52.78
2008,3,12,7,30,13.3,0,0,0,0,0,0,54.1
2008,3,12,8,30,13.100000000000001,0,0,0,0,0,0,54.22
2008,3,12,9,30,13.100000000000001,0,0,0,0,0,0,53.93
2008,3,12,10,30,13.200000000000001,0,0,0,0,0,0,53.59
2008,3,12,11,30,13.100000000000001,0,0,0,0,0,0,53.86
2008,3,12,12,30,13.4,0,0,0,0,0,0,52.870000000000005
2008,3,12,13,30,15.9,27,70,447,447,27,70,46.36
2008,3,12,14,30,20.700000000000003,53,317,793,793,53,317,33.76
2008,3,12,15,30,24.700000000000003,66,567,919,919,66,567,25.59
2008,3,12,16,30,26.900000000000002,73,780,982,982,73,780,22.95
2008,3,12,17,30,28.400000000000002,76,935,1016,435,409,776,21.07
2008,3,12,18,30,29.400000000000002,79,1016,1031,436,445,841,19.52
2008,3,12,19,30,29.900000000000002,78,1020,1032,537,396,885,18.46
2008,3,12,20,30,29.700000000000003,76,944,1019,393,429,763,18.05
2008,3,12,21,30,29,75,794,983,347,376,630,18.06
2008,3,12,22,30,27.700000000000003,68,585,922,300,289,457,18.71
2008,3,12,23,30,25.3,56,338,807,142,193,243,20.75
2008,3,13,0,30,22,31,87,489,45,61,66,25.53
2008,3,13,1,30,19.5,0,0,0,0,0,0,31.19
2008,3,13,2,30,18.2,0,0,0,0,0,0,34.160000000000004
2008,3,13,3,30,16.8,0,0,0,0,0,0,36.910000000000004
2008,3,13,4,30,15.600000000000001,0,0,0,0,0,0,38.7
2008,3,13,5,30,14.8,0,0,0,0,0,0,39.31
2008,3,13,6,30,14.100000000000001,0,0,0,0,0,0,39.72
2008,3,13,7,30,13.600000000000001,0,0,0,0,0,0,39.56
2008,3,13,8,30,13.3,0,0,0,0,0,0,38.74
2008,3,13,9,30,13.3,0,0,0,0,0,0,37.050000000000004
2008,3,13,10,30,13.200000000000001,0,0,0,0,0,0,35.97
2008,3,13,11,30,13.3,0,0,0,0,0,0,34.7
2008,3,13,12,30,13.9,0,0,0,0,0,0,32.42
2008,3,13,13,30,16.3,24,76,516,516,24,76,29.080000000000002
2008,3,13,14,30,20.3,45,326,837,837,45,326,21.21
2008,3,13,15,30,23.5,54,577,952,952,54,577,15.26
2008,3,13,16,30,25.200000000000003,61,790,1008,1008,61,790,14.89
2008,3,13,17,30,26.200000000000003,65,944,1037,491,386,802,14.64
2008,3,13,18,30,27.1,71,1026,1047,460,436,857,14.25
2008,3,13,19,30,27.8,70,1029,1048,560,388,900,14.02
2008,3,13,20,30,28,67,955,1040,392,435,769,14.120000000000001
2008,3,13,21,30,27.700000000000003,67,805,1006,360,375,640,14.370000000000001
2008,3,13,22,30,26.8,62,595,949,397,267,489,14.98
2008,3,13,23,30,24.3,51,346,840,312,169,279,17.06
2008,3,14,0,30,20.400000000000002,29,92,538,49,61,67,23.02
2008,3,14,1,30,17.6,0,0,0,0,0,0,28.41
2008,3,14,2,30,16.2,0,0,0,0,0,0,31.42
2008,3,14,3,30,14.8,0,0,0,0,0,0,34.75
2008,3,14,4,30,13.8,0,0,0,0,0,0,36.87
2008,3,14,5,30,13,0,0,0,0,0,0,37.96
2008,3,14,6,30,12.5,0,0,0,0,0,0,37.96
2008,3,14,7,30,12,0,0,0,0,0,0,38.26
2008,3,14,8,30,11.700000000000001,0,0,0,0,0,0,38.82
2008,3,14,9,30,11.3,0,0,0,0,0,0,40.160000000000004
2008,3,14,10,30,10.600000000000001,0,0,0,0,0,0,42.480000000000004
2008,3,14,11,30,9.700000000000001,0,0,0,0,0,0,45.54
2008,3,14,12,30,9.9,0,0,0,0,0,0,45.300000000000004
2008,3,14,13,30,12.8,27,88,588,588,27,88,39.02
2008,3,14,14,30,17.900000000000002,49,357,906,906,49,357,26.82
2008,3,14,15,30,22.8,59,622,1018,1018,59,622,11.21
2008,3,14,16,30,25.900000000000002,66,845,1072,432,382,696,5.82
2008,3,14,17,30,27.900000000000002,69,993,1087,434,451,821,4.78
2008,3,14,18,30,29.200000000000003,74,1078,1096,460,479,900,4.61
2008,3,14,19,30,30,75,1080,1095,554,432,941,4.59
2008,3,14,20,30,30.200000000000003,74,1000,1082,409,463,813,4.59
2008,3,14,21,30,29.900000000000002,70,845,1053,384,396,679,4.7
2008,3,14,22,30,28.900000000000002,63,627,999,332,305,492,5.08
2008,3,14,23,30,26.400000000000002,52,366,891,220,197,275,6.37
2008,3,15,0,30,22.6,29,97,574,29,64,68,14.15
2008,3,15,1,30,19.400000000000002,0,0,0,0,0,0,17.1
2008,3,15,2,30,17,0,0,0,0,0,0,21.06
2008,3,15,3,30,15,0,0,0,0,0,0,26.35
2008,3,15,4,30,13.700000000000001,0,0,0,0,0,0,30.41
2008,3,15,5,30,12.9,0,0,0,0,0,0,33.43
2008,3,15,6,30,12.3,0,0,0,0,0,0,35.86
2008,3,15,7,30,12,0,0,0,0,0,0,37.6
2008,3,15,8,30,11.9,0,0,0,0,0,0,38.81
2008,3,15,9,30,12,0,0,0,0,0,0,39.28
2008,3,15,10,30,12,0,0,0,0,0,0,39.74
2008,3,15,11,30,12,0,0,0,0,0,0,39.88
2008,3,15,12,30,12.4,0,0,0,0,0,0,38.75
2008,3,15,13,30,14.9,29,84,514,514,29,84,34.39
2008,3,15,14,30,19.900000000000002,53,342,842,842,53,342,24.64
2008,3,15,15,30,24.900000000000002,65,599,961,961,65,599,13.33
2008,3,15,16,30,27.700000000000003,72,816,1020,371,388,659,9.5
2008,3,15,17,30,29.3,77,973,1050,389,460,792,9.66
2008,3,15,18,30,30.400000000000002,80,1050,1056,422,482,869,9.02
2008,3,15,19,30,30.900000000000002,81,1052,1055,473,457,892,8.96
2008,3,15,20,30,31,80,973,1041,403,449,795,9.27
2008,3,15,21,30,30.5,78,815,1000,337,397,645,9.9
2008,3,15,22,30,29.400000000000002,70,602,941,310,300,475,10.85
2008,3,15,23,30,26.400000000000002,57,348,821,223,190,269,13.46
2008,3,16,0,30,22.1,32,92,502,502,32,92,21.25
2008,3,16,1,30,19.3,0,0,0,0,0,0,25.52
2008,3,16,2,30,17.8,0,0,0,0,0,0,29.64
2008,3,16,3,30,16.5,0,0,0,0,0,0,34.11
2008,3,16,4,30,15.600000000000001,0,0,0,0,0,0,37.19
2008,3,16,5,30,15.100000000000001,0,0,0,0,0,0,38.62
2008,3,16,6,30,14.9,0,0,0,0,0,0,38.78
2008,3,16,7,30,14.8,0,0,0,0,0,0,38.44
2008,3,16,8,30,14.5,0,0,0,0,0,0,38.980000000000004
2008,3,16,9,30,14.100000000000001,0,0,0,0,0,0,39.96
2008,3,16,10,30,13.8,0,0,0,0,0,0,40.86
2008,3,16,11,30,13.4,0,0,0,0,0,0,42.24
2008,3,16,12,30,13.600000000000001,0,0,0,0,0,0,42.21
2008,3,16,13,30,16.2,30,84,492,492,30,84,37.57
2008,3,16,14,30,20.700000000000003,55,336,811,811,55,336,26.75
2008,3,16,15,30,24.5,68,588,930,930,68,588,16.5
2008,3,16,16,30,26.8,77,801,988,988,77,801,13.36
2008,3,16,17,30,28.200000000000003,83,955,1017,429,427,794,13.14
2008,3,16,18,30,29.1,85,1032,1029,438,457,860,13.74
2008,3,16,19,30,29.6,85,1034,1029,543,404,905,14.41
2008,3,16,20,30,29.6,83,956,1014,403,436,782,15.05
2008,3,16,21,30,29,75,806,989,989,75,806,15.76
2008,3,16,22,30,27.6,68,595,930,930,68,595,17.11
2008,3,16,23,30,25.200000000000003,56,345,814,814,56,345,19.96
2008,3,17,0,30,21.6,31,92,507,40,63,68,26.5
2008,3,17,1,30,18.6,0,0,0,0,0,0,34.51
2008,3,17,2,30,17.2,0,0,0,0,0,0,39.09
2008,3,17,3,30,16.400000000000002,0,0,0,0,0,0,42.2
2008,3,17,4,30,15.8,0,0,0,0,0,0,44.07
2008,3,17,5,30,15.100000000000001,0,0,0,0,0,0,45.93
2008,3,17,6,30,14.5,0,0,0,0,0,0,47.36
2008,3,17,7,30,14,0,0,0,0,0,0,48.39
2008,3,17,8,30,13.700000000000001,0,0,0,0,0,0,48.86
2008,3,17,9,30,13.700000000000001,0,0,0,0,0,0,48.230000000000004
2008,3,17,10,30,13.600000000000001,0,0,0,0,0,0,47.69
2008,3,17,11,30,13.100000000000001,0,0,0,0,0,0,48.5
2008,3,17,12,30,13.3,0,0,0,0,0,0,47.67
2008,3,17,13,30,16.1,30,87,503,503,30,87,41.61
2008,3,17,14,30,20.3,53,340,819,819,53,340,29.95
2008,3,17,15,30,23.5,65,592,937,333,283,470,24.490000000000002
2008,3,17,16,30,25.6,72,804,995,413,359,663,21.69
2008,3,17,17,30,27.200000000000003,76,957,1025,434,421,794,18.830000000000002
2008,3,17,18,30,28.3,78,1034,1035,477,434,875,16.94
2008,3,17,19,30,28.8,78,1035,1036,598,372,925,16.12
2008,3,17,20,30,28.6,76,954,1019,416,425,784,16.36
2008,3,17,21,30,27.6,76,803,982,982,76,803,17.35
2008,3,17,22,30,26,69,592,921,921,69,592,19.36
2008,3,17,23,30,23.5,57,343,803,274,177,274,23.47
2008,3,18,0,30,20.400000000000002,32,92,495,111,62,75,30.61
2008,3,18,1,30,17.8,0,0,0,0,0,0,39.94
2008,3,18,2,30,16,0,0,0,0,0,0,48.19
2008,3,18,3,30,14.700000000000001,0,0,0,0,0,0,55.1
2008,3,18,4,30,13.700000000000001,0,0,0,0,0,0,61.120000000000005
2008,3,18,5,30,12.8,0,0,0,0,0,0,66.54
2008,3,18,6,30,12,0,0,0,0,0,0,71.12
2008,3,18,7,30,11.3,0,0,0,0,0,0,75.33
2008,3,18,8,30,10.700000000000001,0,0,0,0,0,0,79.16
2008,3,18,9,30,10.100000000000001,0,0,0,0,0,0,83.21000000000001
2008,3,18,10,30,9.700000000000001,0,0,0,0,0,0,86.22
2008,3,18,11,30,9.4,0,0,0,0,0,0,88.63
2008,3,18,12,30,10.3,0,0,0,0,0,0,83.99
2008,3,18,13,30,13.4,30,92,522,522,30,92,68.88
2008,3,18,14,30,17.3,53,352,845,845,53,352,50.550000000000004
2008,3,18,15,30,20.5,64,608,961,961,64,608,36.83
2008,3,18,16,30,23,71,823,1017,1017,71,823,27.560000000000002
2008,3,18,17,30,25,75,978,1047,456,428,822,21.830000000000002
2008,3,18,18,30,26.400000000000002,77,1059,1060,448,468,884,18.56
2008,3,18,19,30,27.1,78,1060,1059,599,392,948,16.95
2008,3,18,20,30,27.200000000000003,76,980,1045,402,451,798,16.23
2008,3,18,21,30,26.8,72,826,1016,1016,72,826,16.05
2008,3,18,22,30,25.6,66,615,963,963,66,615,16.580000000000002
2008,3,18,23,30,23.200000000000003,55,358,846,235,191,276,18.73
2008,3,19,0,30,19.400000000000002,32,97,533,533,32,97,25.09
2008,3,19,1,30,16.400000000000002,0,0,0,0,0,0,33.230000000000004
2008,3,19,2,30,14.8,0,0,0,0,0,0,38.99
2008,3,19,3,30,13.5,0,0,0,0,0,0,43.88
2008,3,19,4,30,12.700000000000001,0,0,0,0,0,0,46.67
2008,3,19,5,30,12.3,0,0,0,0,0,0,47.29
2008,3,19,6,30,12,0,0,0,0,0,0,47.18
2008,3,19,7,30,11.3,0,0,0,0,0,0,46.86
2008,3,19,8,30,10.3,0,0,0,0,0,0,47
2008,3,19,9,30,9.3,0,0,0,0,0,0,50.050000000000004
2008,3,19,10,30,8.3,0,0,0,0,0,0,54.86
2008,3,19,11,30,7.5,0,0,0,0,0,0,59.82
2008,3,19,12,30,8.4,0,0,0,0,0,0,58.03
2008,3,19,13,30,11.9,31,99,559,559,31,99,47.37
2008,3,19,14,30,16.8,54,361,861,861,54,361,35.01
2008,3,19,15,30,21.1,66,615,965,965,66,615,26.77
2008,3,19,16,30,24.1,74,831,1018,397,384,679,21.400000000000002
2008,3,19,17,30,26.400000000000002,80,980,1040,409,453,807,17.400000000000002
2008,3,19,18,30,28.200000000000003,83,1060,1052,460,466,894,14.52
2008,3,19,19,30,29.200000000000003,84,1061,1051,530,430,923,13.280000000000001
2008,3,19,20,30,29.700000000000003,81,981,1038,395,456,799,13.1
2008,3,19,21,30,29.5,77,822,1002,1002,77,822,12.6
2008,3,19,22,30,28.6,69,608,944,359,288,494,12.88
2008,3,19,23,30,26.1,57,354,826,826,57,354,15.14
2008,3,20,0,30,22.6,32,96,512,512,32,96,22.61
2008,3,20,1,30,20,0,0,0,0,0,0,24.93
2008,3,20,2,30,18.400000000000002,0,0,0,0,0,0,28.25
2008,3,20,3,30,17.1,0,0,0,0,0,0,32.24
2008,3,20,4,30,16.5,0,0,0,0,0,0,35.300000000000004
2008,3,20,5,30,15.600000000000001,0,0,0,0,0,0,38.36
2008,3,20,6,30,14.3,0,0,0,0,0,0,41.85
2008,3,20,7,30,12.9,0,0,0,0,0,0,45.22
2008,3,20,8,30,11.700000000000001,0,0,0,0,0,0,47.7
2008,3,20,9,30,10.700000000000001,0,0,0,0,0,0,49.800000000000004
2008,3,20,10,30,9.9,0,0,0,0,0,0,51.9
2008,3,20,11,30,9.200000000000001,0,0,0,0,0,0,54.5
2008,3,20,12,30,9.700000000000001,0,0,0,0,0,0,53.27
2008,3,20,13,30,12.3,36,95,474,474,36,95,45.64
2008,3,20,14,30,16.6,62,351,801,801,62,351,35.31
2008,3,20,15,30,20.900000000000002,75,605,925,925,75,605,31.720000000000002
2008,3,20,16,30,24.1,82,819,989,385,384,671,27.18
2008,3,20,17,30,26.3,85,973,1023,383,459,791,22.13
2008,3,20,18,30,27.900000000000002,90,1052,1033,430,477,877,18.63
2008,3,20,19,30,28.8,88,1049,1031,515,429,908,16.75
2008,3,20,20,30,29.200000000000003,85,969,1019,373,457,781,16.09
2008,3,20,21,30,29,79,817,990,343,393,649,17.09
2008,3,20,22,30,28.200000000000003,70,601,928,300,300,472,17.72
2008,3,20,23,30,26.400000000000002,57,350,811,227,189,271,19.93
2008,3,21,0,30,23.900000000000002,33,95,502,502,33,95,24.57
2008,3,21,1,30,21.900000000000002,0,0,0,0,0,0,28.150000000000002
2008,3,21,2,30,20.3,0,0,0,0,0,0,32.77
2008,3,21,3,30,18.900000000000002,0,0,0,0,0,0,38.22
2008,3,21,4,30,17.8,0,0,0,0,0,0,43.34
2008,3,21,5,30,16.5,0,0,0,0,0,0,48.06
2008,3,21,6,30,14.8,0,0,0,0,0,0,52.83
2008,3,21,7,30,13.4,0,0,0,0,0,0,55.160000000000004
2008,3,21,8,30,12.3,0,0,0,0,0,0,55.370000000000005
2008,3,21,9,30,11.3,0,0,0,0,0,0,55.09
2008,3,21,10,30,10.5,0,0,0,0,0,0,54.75
2008,3,21,11,30,9.8,0,0,0,0,0,0,55.6
2008,3,21,12,30,10.5,0,0,0,0,0,0,53.11
2008,3,21,13,30,13.600000000000001,36,98,478,478,36,98,44.04
2008,3,21,14,30,18.5,64,354,796,796,64,354,32.35
2008,3,21,15,30,23.6,77,607,919,919,77,607,23.71
2008,3,21,16,30,27,86,824,985,371,393,672,17.61
2008,3,21,17,30,28.900000000000002,92,977,1016,385,464,799,14.41
2008,3,21,18,30,30.200000000000003,96,1056,1028,492,451,910,13.35
2008,3,21,19,30,30.900000000000002,97,1055,1026,618,384,961,12.38
2008,3,21,20,30,31.1,95,975,1012,397,457,802,11.67
2008,3,21,21,30,30.700000000000003,91,820,976,393,385,678,11.57
2008,3,21,22,30,29.700000000000003,82,605,912,284,313,476,11.92
2008,3,21,23,30,27.400000000000002,67,350,783,236,194,279,13.530000000000001
2008,3,22,0,30,24.1,37,95,455,23,67,70,19.85
2008,3,22,1,30,21.5,0,0,0,0,0,0,22.52
2008,3,22,2,30,19.3,0,0,0,0,0,0,27.62
2008,3,22,3,30,17.5,0,0,0,0,0,0,33.46
2008,3,22,4,30,16.1,0,0,0,0,0,0,38.95
2008,3,22,5,30,14.8,0,0,0,0,0,0,43.62
2008,3,22,6,30,13.600000000000001,0,0,0,0,0,0,47.14
2008,3,22,7,30,12.700000000000001,0,0,0,0,0,0,49.370000000000005
2008,3,22,8,30,12.200000000000001,0,0,0,0,0,0,50.56
2008,3,22,9,30,11.9,0,0,0,0,0,0,51.68
2008,3,22,10,30,11.700000000000001,0,0,0,0,0,0,52.58
2008,3,22,11,30,11.5,0,0,0,0,0,0,53.14
2008,3,22,12,30,12.200000000000001,0,0,0,0,0,0,50.25
2008,3,22,13,30,14.9,38,100,472,472,38,100,41.980000000000004
2008,3,22,14,30,19.8,66,356,791,791,66,356,29.36
2008,3,22,15,30,24.5,79,610,916,916,79,610,18.37
2008,3,22,16,30,27.3,88,823,978,344,403,662,14.26
2008,3,22,17,30,29.1,94,972,1005,407,450,805,12.58
2008,3,22,18,30,30.200000000000003,98,1050,1016,417,484,874,12.040000000000001
2008,3,22,19,30,30.8,98,1049,1016,569,404,936,12.93
2008,3,22,20,30,30.900000000000002,95,965,997,347,470,772,13.16
2008,3,22,21,30,30.5,91,811,962,344,395,653,13.530000000000001
2008,3,22,22,30,29.5,81,599,900,280,309,470,14.27
2008,3,22,23,30,27.200000000000003,65,347,776,208,195,270,16.080000000000002
2008,3,23,0,30,23.400000000000002,36,95,457,0,41,41,21.56
2008,3,23,1,30,20.5,0,0,0,0,0,0,26.740000000000002
2008,3,23,2,30,19.1,0,0,0,0,0,0,29.67
2008,3,23,3,30,18,0,0,0,0,0,0,32.64
2008,3,23,4,30,17.3,0,0,0,0,0,0,34.480000000000004
2008,3,23,5,30,16.7,0,0,0,0,0,0,35.660000000000004
2008,3,23,6,30,16.3,0,0,0,0,0,0,36.550000000000004
2008,3,23,7,30,16.1,0,0,0,0,0,0,36.9
2008,3,23,8,30,16,0,0,0,0,0,0,36.85
2008,3,23,9,30,15.700000000000001,0,0,0,0,0,0,37.09
2008,3,23,10,30,15.3,0,0,0,0,0,0,37.2
2008,3,23,11,30,15,0,0,0,0,0,0,37.230000000000004
2008,3,23,12,30,15.4,0,0,0,0,0,0,35.79
2008,3,23,13,30,17.8,36,107,524,524,36,107,31.96
2008,3,23,14,30,21.400000000000002,61,364,818,134,211,260,23.17
2008,3,23,15,30,24.200000000000003,73,618,934,510,198,496,17.86
2008,3,23,16,30,26,82,830,991,650,217,707,16.65
2008,3,23,17,30,27.400000000000002,86,978,1017,390,456,798,15.72
2008,3,23,18,30,28.6,91,1056,1027,446,468,887,14.780000000000001
2008,3,23,19,30,29.200000000000003,91,1054,1027,562,407,934,14.3
2008,3,23,20,30,29.200000000000003,88,970,1009,402,445,797,14.290000000000001
2008,3,23,21,30,28.6,82,818,981,367,385,660,14.82
2008,3,23,22,30,27.400000000000002,74,604,920,920,74,604,16
2008,3,23,23,30,25.1,60,353,804,220,192,272,18.66
2008,3,24,0,30,21.6,34,99,505,62,68,75,25.14
2008,3,24,1,30,19.400000000000002,0,0,0,0,0,0,31.720000000000002
2008,3,24,2,30,18.5,0,0,0,0,0,0,35.230000000000004
2008,3,24,3,30,17.2,0,0,0,0,0,0,38.62
2008,3,24,4,30,16.1,0,0,0,0,0,0,40.68
2008,3,24,5,30,15.8,0,0,0,0,0,0,40.34
2008,3,24,6,30,16,0,0,0,0,0,0,38.79
2008,3,24,7,30,15.5,0,0,0,0,0,0,39.49
2008,3,24,8,30,14.3,0,0,0,0,0,0,44.71
2008,3,24,9,30,13.3,0,0,0,0,0,0,53.17
2008,3,24,10,30,12.5,0,0,0,0,0,0,61.940000000000005
2008,3,24,11,30,11.8,0,0,0,0,0,0,69.56
2008,3,24,12,30,12.3,0,0,0,0,0,0,70.54
2008,3,24,13,30,14.8,40,105,465,465,40,105,61.940000000000005
2008,3,24,14,30,18.6,66,360,787,787,66,360,47.78
2008,3,24,15,30,22.200000000000003,76,613,916,916,76,613,33.92
2008,3,24,16,30,25,81,824,980,980,81,824,25.46
2008,3,24,17,30,27,85,975,1012,390,452,795,20.580000000000002
2008,3,24,18,30,28.400000000000002,101,1047,1006,411,481,868,17.740000000000002
2008,3,24,19,30,29.200000000000003,101,1046,1005,515,428,912,16.16
2008,3,24,20,30,29.400000000000002,98,965,991,361,464,779,15.46
2008,3,24,21,30,29.1,94,808,950,950,94,808,15.47
2008,3,24,22,30,28.1,84,596,886,886,84,596,16.32
2008,3,24,23,30,26,69,346,758,758,69,346,18.77
2008,3,25,0,30,22.5,38,95,435,435,38,95,25.47
2008,3,25,1,30,20,0,0,0,0,0,0,32.75
2008,3,25,2,30,18.6,0,0,0,0,0,0,39.47
2008,3,25,3,30,17.3,0,0,0,0,0,0,47.24
2008,3,25,4,30,16.5,0,0,0,0,0,0,52.980000000000004
2008,3,25,5,30,16.2,0,0,0,0,0,0,55.26
2008,3,25,6,30,15.700000000000001,0,0,0,0,0,0,56.51
2008,3,25,7,30,14.700000000000001,0,0,0,0,0,0,59.71
2008,3,25,8,30,13.8,0,0,0,0,0,0,63.17
2008,3,25,9,30,13,0,0,0,0,0,0,67.33
2008,3,25,10,30,12.200000000000001,0,0,0,0,0,0,72.13
2008,3,25,11,30,11.4,0,0,0,0,0,0,77.08
2008,3,25,12,30,12.100000000000001,0,0,0,0,0,0,74.60000000000001
2008,3,25,13,30,15.100000000000001,42,106,447,447,42,106,62.300000000000004
2008,3,25,14,30,19.400000000000002,71,356,754,754,71,356,46.77
2008,3,25,15,30,23.1,85,603,878,878,85,603,32.95
2008,3,25,16,30,25.200000000000003,97,811,938,330,401,652,27.150000000000002
2008,3,25,17,30,26.3,104,958,968,345,470,774,25.18
2008,3,25,18,30,26.8,106,1032,981,362,496,838,24.580000000000002
2008,3,25,19,30,27.200000000000003,107,1030,980,364,402,745,24.22
2008,3,25,20,30,27.400000000000002,104,949,964,269,425,661,24.080000000000002
2008,3,25,21,30,27,93,799,937,467,285,637,24.59
2008,3,25,22,30,26.3,83,587,870,502,214,505,25.37
2008,3,25,23,30,24.8,68,340,741,81,188,218,27.68
2008,3,26,0,30,22.3,38,94,429,30,67,70,34.14
2008,3,26,1,30,20.400000000000002,0,0,0,0,0,0,38.78
2008,3,26,2,30,19.5,0,0,0,0,0,0,40.83
2008,3,26,3,30,18.5,0,0,0,0,0,0,43.45
2008,3,26,4,30,17.5,0,0,0,0,0,0,46.47
2008,3,26,5,30,16.6,0,0,0,0,0,0,49.64
2008,3,26,6,30,16,0,0,0,0,0,0,52.49
2008,3,26,7,30,15.600000000000001,0,0,0,0,0,0,55.01
2008,3,26,8,30,15.3,0,0,0,0,0,0,57.31
2008,3,26,9,30,15,0,0,0,0,0,0,59.49
2008,3,26,10,30,14.700000000000001,0,0,0,0,0,0,61.49
2008,3,26,11,30,14.5,0,0,0,0,0,0,63
2008,3,26,12,30,15.100000000000001,0,0,0,0,0,0,61.14
2008,3,26,13,30,17.5,43,107,437,437,43,107,53.2
2008,3,26,14,30,21.1,73,355,738,435,145,311,41.07
2008,3,26,15,30,24.3,90,602,865,865,90,602,31.59
2008,3,26,16,30,26.5,100,809,929,353,392,662,26.42
2008,3,26,17,30,28,107,958,962,369,458,784,23.61
2008,3,26,18,30,28.8,114,1032,970,417,472,867,22.13
2008,3,26,19,30,29.200000000000003,114,1029,970,514,421,907,21.22
2008,3,26,20,30,29.400000000000002,111,948,953,953,111,948,20.55
2008,3,26,21,30,29.3,109,794,908,908,109,794,20.18
2008,3,26,22,30,28.8,95,584,842,842,95,584,20.21
2008,3,26,23,30,27.1,77,337,709,709,77,337,21.92
2008,3,27,0,30,24,42,92,376,376,42,92,27.900000000000002
2008,3,27,1,30,21.5,0,0,0,0,0,0,32.410000000000004
2008,3,27,2,30,20.1,0,0,0,0,0,0,34.95
2008,3,27,3,30,18.8,0,0,0,0,0,0,38.230000000000004
2008,3,27,4,30,17.7,0,0,0,0,0,0,41.74
2008,3,27,5,30,16.6,0,0,0,0,0,0,45.660000000000004
2008,3,27,6,30,15.4,0,0,0,0,0,0,49.72
2008,3,27,7,30,14.3,0,0,0,0,0,0,53.4
2008,3,27,8,30,13.5,0,0,0,0,0,0,55.980000000000004
2008,3,27,9,30,13.100000000000001,0,0,0,0,0,0,57.1
2008,3,27,10,30,12.8,0,0,0,0,0,0,57.800000000000004
2008,3,27,11,30,12.700000000000001,0,0,0,0,0,0,57.67
2008,3,27,12,30,13.700000000000001,0,0,0,0,0,0,53.56
2008,3,27,13,30,17.1,43,113,462,462,43,113,43.300000000000004
2008,3,27,14,30,21.8,73,364,757,757,73,364,29.29
2008,3,27,15,30,25.6,89,612,878,878,89,612,20.64
2008,3,27,16,30,27.900000000000002,98,820,942,360,396,672,18.3
2008,3,27,17,30,29.6,103,972,979,396,455,806,17.12
2008,3,27,18,30,30.8,102,1050,1000,431,472,880,16.96
2008,3,27,19,30,31.5,101,1047,1000,536,416,923,16.65
2008,3,27,20,30,31.8,98,965,985,393,450,796,16.25
2008,3,27,21,30,31.5,89,813,957,339,396,652,16.25
2008,3,27,22,30,30.5,80,601,895,277,309,470,16.84
2008,3,27,23,30,28.3,66,350,772,772,66,350,18.69
2008,3,28,0,30,24.5,37,99,470,470,37,99,23.79
2008,3,28,1,30,21.5,0,0,0,0,0,0,27.67
2008,3,28,2,30,19.900000000000002,0,0,0,0,0,0,29.400000000000002
2008,3,28,3,30,18.5,0,0,0,0,0,0,30.94
2008,3,28,4,30,17.400000000000002,0,0,0,0,0,0,30.42
2008,3,28,5,30,16.3,0,0,0,0,0,0,29.04
2008,3,28,6,30,15.3,0,0,0,0,0,0,29.7
2008,3,28,7,30,14.600000000000001,0,0,0,0,0,0,30.38
2008,3,28,8,30,14.3,0,0,0,0,0,0,30.62
2008,3,28,9,30,14.3,0,0,0,0,0,0,30.43
2008,3,28,10,30,14.4,0,0,0,0,0,0,30.12
2008,3,28,11,30,14.5,0,0,0,0,0,0,29.76
2008,3,28,12,30,15.4,0,0,0,0,0,0,27.95
2008,3,28,13,30,18.400000000000002,42,118,495,495,42,118,25.18
2008,3,28,14,30,22.700000000000003,70,373,779,779,70,373,17.34
2008,3,28,15,30,26.200000000000003,85,622,896,896,85,622,13.96
2008,3,28,16,30,28.400000000000002,94,831,957,957,94,831,13.47
2008,3,28,17,30,30.1,100,979,989,404,454,813,13.51
2008,3,28,18,30,31.200000000000003,110,1052,991,468,459,904,13.98
2008,3,28,19,30,31.700000000000003,109,1049,993,552,414,936,14.19
2008,3,28,20,30,31.6,106,968,978,396,454,803,14.290000000000001
2008,3,28,21,30,31,109,809,924,336,405,659,14.36
2008,3,28,22,30,29.700000000000003,97,598,860,292,313,483,14.700000000000001
2008,3,28,23,30,27.400000000000002,78,349,733,175,207,272,15.67
2008,3,29,0,30,23.6,43,98,410,410,43,98,19.490000000000002
2008,3,29,1,30,20.5,0,0,0,0,0,0,24.84
2008,3,29,2,30,18.8,0,0,0,0,0,0,27.28
2008,3,29,3,30,17.3,0,0,0,0,0,0,29.44
2008,3,29,4,30,16.1,0,0,0,0,0,0,31.05
2008,3,29,5,30,15.4,0,0,0,0,0,0,31.740000000000002
2008,3,29,6,30,15,0,0,0,0,0,0,31.78
2008,3,29,7,30,15.100000000000001,0,0,0,0,0,0,30.75
2008,3,29,8,30,15.3,0,0,0,0,0,0,29.53
2008,3,29,9,30,15.3,0,0,0,0,0,0,28.92
2008,3,29,10,30,14.9,0,0,0,0,0,0,29.54
2008,3,29,11,30,14.5,0,0,0,0,0,0,30.79
2008,3,29,12,30,15.200000000000001,0,0,0,0,0,0,30.05
2008,3,29,13,30,18.3,46,119,470,470,46,119,26.61
2008,3,29,14,30,22.8,76,374,763,763,76,374,18.17
2008,3,29,15,30,26.1,91,624,887,887,91,624,15.370000000000001
2008,3,29,16,30,28.3,99,838,956,956,99,838,14.5
2008,3,29,17,30,29.900000000000002,102,989,994,390,467,815,13.22
2008,3,29,18,30,31,100,1066,1015,444,475,898,12.200000000000001
2008,3,29,19,30,31.5,96,1068,1025,578,403,951,11.44
2008,3,29,20,30,31.5,88,987,1018,431,442,823,10.9
2008,3,29,21,30,30.900000000000002,80,832,991,368,392,671,10.89
2008,3,29,22,30,29.6,70,618,939,273,315,474,11.38
2008,3,29,23,30,27.200000000000003,56,367,838,230,196,281,12.790000000000001
2008,3,30,0,30,23,33,108,554,12,69,70,17.900000000000002
2008,3,30,1,30,19.700000000000003,0,0,0,0,0,0,24.77
2008,3,30,2,30,18.3,0,0,0,0,0,0,27.85
2008,3,30,3,30,17.2,0,0,0,0,0,0,30.42
2008,3,30,4,30,16.400000000000002,0,0,0,0,0,0,32.08
2008,3,30,5,30,16,0,0,0,0,0,0,32.730000000000004
2008,3,30,6,30,15.9,0,0,0,0,0,0,32.59
2008,3,30,7,30,15.700000000000001,0,0,0,0,0,0,32.730000000000004
2008,3,30,8,30,15.600000000000001,0,0,0,0,0,0,32.78
2008,3,30,9,30,15.5,0,0,0,0,0,0,33.12
2008,3,30,10,30,15.200000000000001,0,0,0,0,0,0,33.95
2008,3,30,11,30,14.8,0,0,0,0,0,0,35.12
2008,3,30,12,30,15.200000000000001,0,0,0,0,0,0,34.72
2008,3,30,13,30,18,36,131,593,39,86,92,30.75
2008,3,30,14,30,22.400000000000002,56,392,849,849,56,392,21.580000000000002
2008,3,30,15,30,26,66,640,948,948,66,640,15.6
2008,3,30,16,30,28.400000000000002,73,848,1001,365,398,680,13.52
2008,3,30,17,30,30.200000000000003,77,996,1028,425,443,823,12.42
2008,3,30,18,30,31.400000000000002,82,1070,1035,467,457,902,12.370000000000001
2008,3,30,19,30,32.1,82,1066,1034,821,172,953,12.3
2008,3,30,20,30,32.2,80,983,1020,425,438,814,12.31
2008,3,30,21,30,31.700000000000003,77,827,988,339,398,656,12.71
2008,3,30,22,30,30.5,69,614,931,149,335,423,13.56
2008,3,30,23,30,28.3,57,361,819,231,194,280,15.08
2008,3,31,0,30,24.400000000000002,34,106,530,16,70,72,19.37
2008,3,31,1,30,21.200000000000003,0,0,0,0,0,0,25.39
2008,3,31,2,30,19.700000000000003,0,0,0,0,0,0,28.560000000000002
2008,3,31,3,30,18.2,0,0,0,0,0,0,32.03
2008,3,31,4,30,17.2,0,0,0,0,0,0,34.25
2008,3,31,5,30,16.6,0,0,0,0,0,0,35.29
2008,3,31,6,30,16.2,0,0,0,0,0,0,35.57
2008,3,31,7,30,15.9,0,0,0,0,0,0,35.89
2008,3,31,8,30,15.600000000000001,0,0,0,0,0,0,36.51
2008,3,31,9,30,15.3,0,0,0,0,0,0,37.35
2008,3,31,10,30,15.100000000000001,0,0,0,0,0,0,38.04
2008,3,31,11,30,14.8,0,0,0,0,0,0,38.97
2008,3,31,12,30,15.3,0,0,0,0,0,0,37.94
2008,3,31,13,30,18.400000000000002,37,137,614,614,37,137,32.76
2008,3,31,14,30,23.6,56,400,862,862,56,400,20.81
2008,3,31,15,30,28.1,66,652,963,963,66,652,10.09
2008,3,31,16,30,30.5,72,862,1015,1015,72,862,8.66
2008,3,31,17,30,32.2,76,1010,1042,445,443,842,9.47
2008,3,31,18,30,33.4,81,1089,1054,517,444,939,9.1
2008,3,31,19,30,34.2,81,1084,1053,1039,67,1057,8.620000000000001
2008,3,31,20,30,34.4,79,1000,1040,449,439,837,8.43
2008,3,31,21,30,34,77,842,1005,1005,77,842,8.51
2008,3,31,22,30,33,70,626,949,949,70,626,8.94
2008,3,31,23,30,30.400000000000002,58,370,838,838,58,370,10.33
2008,4,1,0,30,26,34,109,545,64,74,83,17.01
2008,4,1,1,30,22.700000000000003,0,0,0,0,0,0,20.76
2008,4,1,2,30,20.900000000000002,0,0,0,0,0,0,21.42
2008,4,1,3,30,19.400000000000002,0,0,0,0,0,0,23.45
2008,4,1,4,30,18.400000000000002,0,0,0,0,0,0,24.490000000000002
2008,4,1,5,30,17.6,0,0,0,0,0,0,24.98
2008,4,1,6,30,17.2,0,0,0,0,0,0,24.92
2008,4,1,7,30,17,0,0,0,0,0,0,24.740000000000002
2008,4,1,8,30,16.900000000000002,0,0,0,0,0,0,24.46
2008,4,1,9,30,16.7,0,0,0,0,0,0,24.490000000000002
2008,4,1,10,30,16.5,0,0,0,0,0,0,24.63
2008,4,1,11,30,16,0,0,0,0,0,0,25.27
2008,4,1,12,30,16.3,0,0,0,0,0,0,24.79
2008,4,1,13,30,18.900000000000002,40,139,595,595,40,139,23.41
2008,4,1,14,30,24,62,402,848,848,62,402,15.68
2008,4,1,15,30,28.8,74,654,951,951,74,654,9.11
2008,4,1,16,30,31.8,81,861,1000,395,398,706,8.07
2008,4,1,17,30,33.4,85,1008,1027,413,461,833,7.640000000000001
2008,4,1,18,30,34.5,89,1083,1037,455,476,912,7.34
2008,4,1,19,30,35.1,89,1077,1035,546,424,945,7.43
2008,4,1,20,30,35.2,88,993,1020,414,454,821,7.7
2008,4,1,21,30,34.800000000000004,84,832,982,366,395,674,8.13
2008,4,1,22,30,33.7,77,617,920,318,305,492,8.870000000000001
2008,4,1,23,30,31,63,362,800,205,203,279,10.92
2008,4,2,0,30,26.6,37,106,502,502,37,106,17.52
2008,4,2,1,30,23.400000000000002,0,0,0,0,0,0,21.97
2008,4,2,2,30,21.700000000000003,0,0,0,0,0,0,26.88
2008,4,2,3,30,19.900000000000002,0,0,0,0,0,0,32.76
2008,4,2,4,30,18.2,0,0,0,0,0,0,37.410000000000004
2008,4,2,5,30,17.400000000000002,0,0,0,0,0,0,39.24
2008,4,2,6,30,17.1,0,0,0,0,0,0,39.4
2008,4,2,7,30,16.400000000000002,0,0,0,0,0,0,40.42
2008,4,2,8,30,15.8,0,0,0,0,0,0,41.57
2008,4,2,9,30,15.4,0,0,0,0,0,0,42.32
2008,4,2,10,30,15.3,0,0,0,0,0,0,42.27
2008,4,2,11,30,15.4,0,0,0,0,0,0,41.74
2008,4,2,12,30,16.3,0,0,0,0,0,0,39.21
2008,4,2,13,30,19.1,42,138,563,563,42,138,34
2008,4,2,14,30,23.700000000000003,66,396,814,814,66,396,25.34
2008,4,2,15,30,28.5,79,645,923,308,323,512,16.1
2008,4,2,16,30,31.700000000000003,87,853,979,363,408,693,10.39
2008,4,2,17,30,33.5,93,1000,1006,391,469,822,9.6
2008,4,2,18,30,34.6,113,1067,994,448,480,910,9.48
2008,4,2,19,30,35.2,113,1062,992,518,439,935,9.200000000000001
2008,4,2,20,30,35.2,110,974,972,387,464,808,9.27
2008,4,2,21,30,34.6,111,816,925,330,411,663,9.68
2008,4,2,22,30,33.5,100,602,855,266,323,479,10.49
2008,4,2,23,30,31,81,349,714,181,208,276,12.41
2008,4,3,0,30,27.200000000000003,45,100,395,33,75,80,18.29
2008,4,3,1,30,24.400000000000002,0,0,0,0,0,0,22.17
2008,4,3,2,30,22.6,0,0,0,0,0,0,26.96
2008,4,3,3,30,20.8,0,0,0,0,0,0,32.7
2008,4,3,4,30,19.700000000000003,0,0,0,0,0,0,36.85
2008,4,3,5,30,19.200000000000003,0,0,0,0,0,0,38.68
2008,4,3,6,30,18.7,0,0,0,0,0,0,39.79
2008,4,3,7,30,18,0,0,0,0,0,0,41.480000000000004
2008,4,3,8,30,17.400000000000002,0,0,0,0,0,0,43.19
2008,4,3,9,30,16.900000000000002,0,0,0,0,0,0,45.34
2008,4,3,10,30,16.6,0,0,0,0,0,0,47.09
2008,4,3,11,30,16.3,0,0,0,0,0,0,49.33
2008,4,3,12,30,17,0,0,0,0,0,0,48.71
2008,4,3,13,30,20.1,61,126,375,375,61,126,42.17
2008,4,3,14,30,24.700000000000003,103,372,661,661,103,372,29.84
2008,4,3,15,30,28.8,122,616,802,802,122,616,20.06
2008,4,3,16,30,31.400000000000002,130,825,884,337,420,684,15.63
2008,4,3,17,30,33.1,133,970,926,392,467,821,13.48
2008,4,3,18,30,34.2,124,1051,964,443,474,900,12.69
2008,4,3,19,30,34.800000000000004,121,1049,969,522,431,931,11.92
2008,4,3,20,30,34.9,114,966,957,382,462,802,11.26
2008,4,3,21,30,34.4,99,817,939,288,419,639,10.98
2008,4,3,22,30,33.300000000000004,87,605,881,242,324,466,11.03
2008,4,3,23,30,31,69,357,766,154,210,268,11.91
2008,4,4,0,30,26.900000000000002,39,104,468,28,74,78,16.03
2008,4,4,1,30,23.400000000000002,0,0,0,0,0,0,23.080000000000002
2008,4,4,2,30,21.6,0,0,0,0,0,0,28
2008,4,4,3,30,20.1,0,0,0,0,0,0,32.17
2008,4,4,4,30,18.8,0,0,0,0,0,0,35.49
2008,4,4,5,30,17.900000000000002,0,0,0,0,0,0,37.43
2008,4,4,6,30,17.1,0,0,0,0,0,0,39.13
2008,4,4,7,30,16.7,0,0,0,0,0,0,40.18
2008,4,4,8,30,16.5,0,0,0,0,0,0,40.63
2008,4,4,9,30,16.400000000000002,0,0,0,0,0,0,41.02
2008,4,4,10,30,16.2,0,0,0,0,0,0,41.95
2008,4,4,11,30,16,0,0,0,0,0,0,43.09
2008,4,4,12,30,16.6,0,0,0,0,0,0,42.15
2008,4,4,13,30,19.5,49,143,529,529,49,143,36.77
2008,4,4,14,30,24.200000000000003,77,404,796,796,77,404,24.46
2008,4,4,15,30,28.1,89,657,918,292,338,519,12.82
2008,4,4,16,30,30.5,93,872,989,410,405,727,8.92
2008,4,4,17,30,32.1,94,1022,1025,424,469,853,7.57
2008,4,4,18,30,33.2,94,1097,1040,464,483,930,6.86
2008,4,4,19,30,33.7,91,1086,1037,593,402,971,6.58
2008,4,4,20,30,33.6,87,1001,1025,587,296,819,6.63
2008,4,4,21,30,33.1,86,842,989,629,216,697,6.99
2008,4,4,22,30,31.900000000000002,76,623,927,283,318,485,8.02
2008,4,4,23,30,29.6,63,366,805,221,201,284,10.42
2008,4,5,0,30,25.700000000000003,37,109,504,43,76,82,16.59
2008,4,5,1,30,22.5,0,0,0,0,0,0,25.5
2008,4,5,2,30,20.8,0,0,0,0,0,0,32.43
2008,4,5,3,30,19.1,0,0,0,0,0,0,39.9
2008,4,5,4,30,17.6,0,0,0,0,0,0,47.49
2008,4,5,5,30,16.400000000000002,0,0,0,0,0,0,55.06
2008,4,5,6,30,15.600000000000001,0,0,0,0,0,0,61.5
2008,4,5,7,30,15.3,0,0,0,0,0,0,65
2008,4,5,8,30,15,0,0,0,0,0,0,67.16
2008,4,5,9,30,14.700000000000001,0,0,0,0,0,0,68.49
2008,4,5,10,30,14.5,0,0,0,0,0,0,67.66
2008,4,5,11,30,14.100000000000001,0,0,0,0,0,0,67.69
2008,4,5,12,30,14.600000000000001,0,0,0,0,0,0,65.09
2008,4,5,13,30,17.2,43,150,587,587,43,150,55.21
2008,4,5,14,30,21.3,64,410,838,838,64,410,37.2
2008,4,5,15,30,24.900000000000002,74,660,943,943,74,660,22.21
2008,4,5,16,30,27.5,82,867,994,994,82,867,17.03
2008,4,5,17,30,29.400000000000002,88,1008,1014,1014,88,1008,14.66
2008,4,5,18,30,30.8,92,1076,1020,1020,92,1076,13.32
2008,4,5,19,30,31.6,93,1069,1017,1017,93,1069,12.71
2008,4,5,20,30,31.700000000000003,90,981,998,998,90,981,12.81
2008,4,5,21,30,31.400000000000002,84,823,964,964,84,823,13.530000000000001
2008,4,5,22,30,30.3,77,610,902,902,77,610,15.4
2008,4,5,23,30,28.200000000000003,63,358,779,779,63,358,19.12
2008,4,6,0,30,24.900000000000002,38,106,479,479,38,106,26.82
2008,4,6,1,30,21.900000000000002,0,0,0,0,0,0,38.56
2008,4,6,2,30,20.1,0,0,0,0,0,0,49.75
2008,4,6,3,30,18.8,0,0,0,0,0,0,58.49
2008,4,6,4,30,17.8,0,0,0,0,0,0,65.05
2008,4,6,5,30,17,0,0,0,0,0,0,70.4
2008,4,6,6,30,16.3,0,0,0,0,0,0,75.3
2008,4,6,7,30,15.700000000000001,0,0,0,0,0,0,79.68
2008,4,6,8,30,15.3,0,0,0,0,0,0,82.79
2008,4,6,9,30,15,0,0,0,0,0,0,84.48
2008,4,6,10,30,14.8,0,0,0,0,0,0,85.34
2008,4,6,11,30,14.600000000000001,0,0,0,0,0,0,86.49
2008,4,6,12,30,15.4,0,0,0,0,0,0,82.10000000000001
2008,4,6,13,30,17.900000000000002,49,146,528,528,49,146,70.43
2008,4,6,14,30,21.3,70,404,802,802,70,404,55.02
2008,4,6,15,30,24.700000000000003,79,651,917,917,79,651,37.2
2008,4,6,16,30,27.400000000000002,85,856,973,973,85,856,26.57
2008,4,6,17,30,29.5,88,1000,1003,1003,88,1000,20.92
2008,4,6,18,30,31.1,90,1072,1015,792,247,1013,17.45
2008,4,6,19,30,32.1,91,1061,1009,1009,91,1061,15.370000000000001
2008,4,6,20,30,32.4,89,977,993,993,89,977,14.39
2008,4,6,21,30,32.2,86,821,958,958,86,821,14.06
2008,4,6,22,30,31.3,78,607,895,895,78,607,14.6
2008,4,6,23,30,29.200000000000003,65,357,771,218,198,281,16.64
2008,4,7,0,30,25.5,38,106,471,471,38,106,22.22
2008,4,7,1,30,22.3,0,0,0,0,0,0,30.14
2008,4,7,2,30,20.5,0,0,0,0,0,0,36.97
2008,4,7,3,30,19,0,0,0,0,0,0,43.74
2008,4,7,4,30,17.7,0,0,0,0,0,0,49.660000000000004
2008,4,7,5,30,16.8,0,0,0,0,0,0,53.71
2008,4,7,6,30,16.2,0,0,0,0,0,0,56.160000000000004
2008,4,7,7,30,15.5,0,0,0,0,0,0,58.19
2008,4,7,8,30,14.9,0,0,0,0,0,0,58
2008,4,7,9,30,14.5,0,0,0,0,0,0,56.56
2008,4,7,10,30,14.200000000000001,0,0,0,0,0,0,54.43
2008,4,7,11,30,13.9,0,0,0,0,0,0,52.33
2008,4,7,12,30,14.9,0,0,0,0,0,0,46.31
2008,4,7,13,30,18.3,43,158,618,618,43,158,35.76
2008,4,7,14,30,22.900000000000002,63,422,854,854,63,422,22.97
2008,4,7,15,30,26.700000000000003,74,677,960,960,74,677,14.74
2008,4,7,16,30,29.200000000000003,81,885,1012,414,404,733,11.13
2008,4,7,17,30,31,84,1031,1039,463,451,873,8.75
2008,4,7,18,30,32.300000000000004,87,1110,1056,472,485,942,7.17
2008,4,7,19,30,33.1,87,1103,1055,566,429,974,6.23
2008,4,7,20,30,33.300000000000004,84,1016,1042,451,451,855,5.72
2008,4,7,21,30,33.1,80,857,1011,361,411,689,5.47
2008,4,7,22,30,32.2,72,638,956,318,317,505,5.66
2008,4,7,23,30,29.900000000000002,59,380,846,846,59,380,6.71
2008,4,8,0,30,26,36,117,564,564,36,117,11.78
2008,4,8,1,30,22.700000000000003,0,0,0,0,0,0,18.11
2008,4,8,2,30,20.5,0,0,0,0,0,0,24.94
2008,4,8,3,30,18.7,0,0,0,0,0,0,31.85
2008,4,8,4,30,17.2,0,0,0,0,0,0,38.96
2008,4,8,5,30,16.1,0,0,0,0,0,0,45.37
2008,4,8,6,30,15.5,0,0,0,0,0,0,48.93
2008,4,8,7,30,15.200000000000001,0,0,0,0,0,0,50.6
2008,4,8,8,30,14.9,0,0,0,0,0,0,51.84
2008,4,8,9,30,14.600000000000001,0,0,0,0,0,0,53.19
2008,4,8,10,30,14.200000000000001,0,0,0,0,0,0,54.76
2008,4,8,11,30,13.8,0,0,0,0,0,0,56.300000000000004
2008,4,8,12,30,14.8,0,0,0,0,0,0,52.870000000000005
2008,4,8,13,30,18.3,42,163,632,632,42,163,42.77
2008,4,8,14,30,23.400000000000002,62,426,862,862,62,426,25.93
2008,4,8,15,30,27.5,73,676,957,957,73,676,12.93
2008,4,8,16,30,29.8,80,883,1007,1007,80,883,10.6
2008,4,8,17,30,31.400000000000002,85,1023,1027,482,434,874,9.870000000000001
2008,4,8,18,30,32.6,88,1094,1037,501,455,941,9.3
2008,4,8,19,30,33.300000000000004,89,1081,1029,1029,89,1081,9.02
2008,4,8,20,30,33.4,88,994,1012,424,449,829,9.15
2008,4,8,21,30,32.9,82,834,978,362,396,675,9.8
2008,4,8,22,30,31.700000000000003,75,616,913,305,308,489,11.200000000000001
2008,4,8,23,30,29.400000000000002,62,363,791,207,202,280,13.89
2008,4,9,0,30,25.700000000000003,37,109,495,495,37,109,20.150000000000002
2008,4,9,1,30,22.400000000000002,0,0,0,0,0,0,29.900000000000002
2008,4,9,2,30,20.5,0,0,0,0,0,0,38.730000000000004
2008,4,9,3,30,18.900000000000002,0,0,0,0,0,0,46.04
2008,4,9,4,30,17.400000000000002,0,0,0,0,0,0,50.870000000000005
2008,4,9,5,30,16.2,0,0,0,0,0,0,54.54
2008,4,9,6,30,15.4,0,0,0,0,0,0,55.57
2008,4,9,7,30,14.700000000000001,0,0,0,0,0,0,57.29
2008,4,9,8,30,14.100000000000001,0,0,0,0,0,0,58.88
2008,4,9,9,30,13.8,0,0,0,0,0,0,58.910000000000004
2008,4,9,10,30,13.5,0,0,0,0,0,0,58.480000000000004
2008,4,9,11,30,13.200000000000001,0,0,0,0,0,0,57.870000000000005
2008,4,9,12,30,14.4,0,0,0,0,0,0,52.06
2008,4,9,13,30,17.7,44,162,611,611,44,162,41.35
2008,4,9,14,30,22.5,65,423,843,843,65,423,28.86
2008,4,9,15,30,27.3,76,671,941,941,76,671,16.18
2008,4,9,16,30,30.3,83,880,996,679,295,838,10.71
2008,4,9,17,30,32.1,88,1024,1022,450,450,862,9.02
2008,4,9,18,30,33.300000000000004,92,1094,1031,460,478,925,8.21
2008,4,9,19,30,33.9,93,1085,1028,507,450,939,8.13
2008,4,9,20,30,33.800000000000004,92,998,1011,408,460,826,8.34
2008,4,9,21,30,33.2,94,838,966,339,412,673,8.66
2008,4,9,22,30,31.8,86,618,897,311,313,497,9.43
2008,4,9,23,30,29.400000000000002,71,365,770,176,212,279,11.15
2008,4,10,0,30,25.5,42,111,469,26,79,82,15.67
2008,4,10,1,30,22,0,0,0,0,0,0,23.56
2008,4,10,2,30,20.1,0,0,0,0,0,0,30.2
2008,4,10,3,30,18.5,0,0,0,0,0,0,36.62
2008,4,10,4,30,17.5,0,0,0,0,0,0,40.6
2008,4,10,5,30,17,0,0,0,0,0,0,42.22
2008,4,10,6,30,16.7,0,0,0,0,0,0,42.54
2008,4,10,7,30,16.5,0,0,0,0,0,0,42.07
2008,4,10,8,30,16.1,0,0,0,0,0,0,42.53
2008,4,10,9,30,15.9,0,0,0,0,0,0,42.74
2008,4,10,10,30,15.600000000000001,0,0,0,0,0,0,43.34
2008,4,10,11,30,15.3,0,0,0,0,0,0,44.03
2008,4,10,12,30,16,0,0,0,0,0,0,42.12
2008,4,10,13,30,18.900000000000002,48,166,599,599,48,166,35.72
2008,4,10,14,30,23.400000000000002,72,427,830,830,72,427,24.63
2008,4,10,15,30,27.1,85,676,930,930,85,676,14.99
2008,4,10,16,30,29.5,94,877,977,977,94,877,11.38
2008,4,10,17,30,31.400000000000002,100,1020,1004,1004,100,1020,9.76
2008,4,10,18,30,32.7,100,1091,1018,798,256,1033,9.05
2008,4,10,19,30,33.300000000000004,101,1082,1015,585,407,972,8.83
2008,4,10,20,30,33.300000000000004,99,991,993,398,463,820,8.950000000000001
2008,4,10,21,30,32.7,92,835,964,334,411,668,9.43
2008,4,10,22,30,31.400000000000002,84,616,895,291,316,489,10.39
2008,4,10,23,30,29.200000000000003,70,364,772,164,213,276,12.34
2008,4,11,0,30,25.5,41,111,474,474,41,111,17.080000000000002
2008,4,11,1,30,22.3,0,0,0,0,0,0,24.42
2008,4,11,2,30,20.6,0,0,0,0,0,0,30.22
2008,4,11,3,30,19.1,0,0,0,0,0,0,35.61
2008,4,11,4,30,17.900000000000002,0,0,0,0,0,0,39.79
2008,4,11,5,30,17.1,0,0,0,0,0,0,42.17
2008,4,11,6,30,16.400000000000002,0,0,0,0,0,0,44.050000000000004
2008,4,11,7,30,16,0,0,0,0,0,0,45.17
2008,4,11,8,30,15.700000000000001,0,0,0,0,0,0,46.03
2008,4,11,9,30,15.5,0,0,0,0,0,0,46.62
2008,4,11,10,30,15.200000000000001,0,0,0,0,0,0,47.53
2008,4,11,11,30,14.9,0,0,0,0,0,0,48.42
2008,4,11,12,30,15.700000000000001,0,0,0,0,0,0,45.2
2008,4,11,13,30,18.5,52,162,546,546,52,162,37.31
2008,4,11,14,30,23,80,417,782,385,206,372,26
2008,4,11,15,30,27.5,95,662,889,335,329,543,13.47
2008,4,11,16,30,30.400000000000002,104,864,946,354,423,707,9.98
2008,4,11,17,30,32.300000000000004,111,1006,975,330,500,803,8.93
2008,4,11,18,30,33.6,127,1070,967,756,280,1017,8.52
2008,4,11,19,30,34.2,127,1058,962,392,507,886,9.370000000000001
2008,4,11,20,30,34.4,125,971,942,352,482,798,10.14
2008,4,11,21,30,33.9,128,810,884,645,236,733,10.71
2008,4,11,22,30,32.9,117,595,803,482,224,511,11.81
2008,4,11,23,30,30.8,96,348,658,262,189,289,13.25
2008,4,12,0,30,27.3,52,104,351,0,28,28,17.11
2008,4,12,1,30,24.5,0,0,0,0,0,0,22.400000000000002
2008,4,12,2,30,23.200000000000003,0,0,0,0,0,0,25.54
2008,4,12,3,30,22,0,0,0,0,0,0,28.01
2008,4,12,4,30,20.700000000000003,0,0,0,0,0,0,29.97
2008,4,12,5,30,19.400000000000002,0,0,0,0,0,0,31.89
2008,4,12,6,30,18.3,0,0,0,0,0,0,33.39
2008,4,12,7,30,17.400000000000002,0,0,0,0,0,0,34.59
2008,4,12,8,30,16.8,0,0,0,0,0,0,36.04
2008,4,12,9,30,16.400000000000002,0,0,0,0,0,0,38.08
2008,4,12,10,30,16.1,0,0,0,0,0,0,41.09
2008,4,12,11,30,15.8,0,0,0,0,0,0,45.26
2008,4,12,12,30,16.900000000000002,0,0,0,0,0,0,46.32
2008,4,12,13,30,20.200000000000003,74,147,358,3,91,91,42.38
2008,4,12,14,30,24.1,122,389,614,614,122,389,36.15
2008,4,12,15,30,27.8,149,626,746,746,149,626,26.25
2008,4,12,16,30,30.5,163,824,820,232,463,650,18.580000000000002
2008,4,12,17,30,32.4,171,964,861,373,487,830,15.05
2008,4,12,18,30,33.6,154,1040,908,373,513,877,13.6
2008,4,12,19,30,34.1,158,1030,899,431,482,900,13.4
2008,4,12,20,30,34.1,160,942,869,321,492,781,13.72
2008,4,12,21,30,33.6,143,791,839,254,434,630,14.1
2008,4,12,22,30,32.5,127,583,764,186,341,452,14.94
2008,4,12,23,30,30.6,99,341,630,104,220,259,16.740000000000002
2008,4,13,0,30,27.400000000000002,52,102,334,27,79,83,21.28
2008,4,13,1,30,24.5,0,0,0,0,0,0,28.400000000000002
2008,4,13,2,30,22.8,0,0,0,0,0,0,34.97
2008,4,13,3,30,21.400000000000002,0,0,0,0,0,0,41.19
2008,4,13,4,30,20.8,0,0,0,0,0,0,44.69
2008,4,13,5,30,20.400000000000002,0,0,0,0,0,0,46.980000000000004
2008,4,13,6,30,19.5,0,0,0,0,0,0,51.42
2008,4,13,7,30,18.6,0,0,0,0,0,0,56.92
2008,4,13,8,30,17.900000000000002,0,0,0,0,0,0,62.43
2008,4,13,9,30,17.2,0,0,0,0,0,0,67.98
2008,4,13,10,30,16.6,0,0,0,0,0,0,72.53
2008,4,13,11,30,16.1,0,0,0,0,0,0,76.34
2008,4,13,12,30,16.900000000000002,0,0,0,0,0,0,73.37
2008,4,13,13,30,19.5,76,145,340,340,76,145,61.01
2008,4,13,14,30,22.900000000000002,119,387,613,613,119,387,46.93
2008,4,13,15,30,26.200000000000003,137,623,757,757,137,623,35.95
2008,4,13,16,30,28.8,145,821,836,836,145,821,28.990000000000002
2008,4,13,17,30,30.700000000000003,152,959,875,875,152,959,24.95
2008,4,13,18,30,31.8,202,1008,824,319,540,852,22.64
2008,4,13,19,30,32.2,218,993,799,604,372,958,21.45
2008,4,13,20,30,32.300000000000004,225,902,752,242,525,742,20.79
2008,4,13,21,30,31.6,196,755,724,431,313,647,21.53
2008,4,13,22,30,30.1,177,549,622,279,280,447,24.18
2008,4,13,23,30,28.200000000000003,139,314,454,248,205,300,28.54
2008,4,14,0,30,26.1,65,87,148,97,69,83,34.83
2008,4,14,1,30,24.5,0,0,0,0,0,0,41.93
2008,4,14,2,30,23.200000000000003,0,0,0,0,0,0,48.800000000000004
2008,4,14,3,30,22.1,0,0,0,0,0,0,54.46
2008,4,14,4,30,21,0,0,0,0,0,0,59.21
2008,4,14,5,30,20,0,0,0,0,0,0,62.18
2008,4,14,6,30,18.8,0,0,0,0,0,0,64.96000000000001
2008,4,14,7,30,17.6,0,0,0,0,0,0,67.62
2008,4,14,8,30,16.5,0,0,0,0,0,0,69.93
2008,4,14,9,30,15.700000000000001,0,0,0,0,0,0,70.85000000000001
2008,4,14,10,30,15.100000000000001,0,0,0,0,0,0,71.4
2008,4,14,11,30,14.600000000000001,0,0,0,0,0,0,72.33
2008,4,14,12,30,14.700000000000001,0,0,0,0,0,0,70.85000000000001
2008,4,14,13,30,15.8,82,143,293,1,43,43,64.94
2008,4,14,14,30,18.1,135,378,555,0,123,123,54.57
2008,4,14,15,30,21.1,156,613,709,201,364,493,44.77
2008,4,14,16,30,24.400000000000002,159,813,808,185,458,608,36.79
2008,4,14,17,30,27.200000000000003,153,957,870,344,483,801,31.310000000000002
2008,4,14,18,30,29.200000000000003,144,1031,906,383,495,870,27.23
2008,4,14,19,30,30.3,140,1023,909,355,501,846,24.26
2008,4,14,20,30,30.700000000000003,135,942,895,300,482,753,22.31
2008,4,14,21,30,30.400000000000002,125,790,859,258,420,619,21.85
2008,4,14,22,30,29.6,113,580,782,782,113,580,22.56
2008,4,14,23,30,27.900000000000002,92,340,642,265,180,282,24.810000000000002
2008,4,15,0,30,25.3,51,103,347,318,49,97,32.13
2008,4,15,1,30,23,0,0,0,0,0,0,40.54
2008,4,15,2,30,21.8,0,0,0,0,0,0,45.62
2008,4,15,3,30,20.900000000000002,0,0,0,0,0,0,50.800000000000004
2008,4,15,4,30,19.900000000000002,0,0,0,0,0,0,53.5
2008,4,15,5,30,18.6,0,0,0,0,0,0,55.46
2008,4,15,6,30,17.3,0,0,0,0,0,0,57.49
2008,4,15,7,30,16.3,0,0,0,0,0,0,59.980000000000004
2008,4,15,8,30,15.600000000000001,0,0,0,0,0,0,62.730000000000004
2008,4,15,9,30,15,0,0,0,0,0,0,65.49
2008,4,15,10,30,14.8,0,0,0,0,0,0,66.75
2008,4,15,11,30,14.700000000000001,0,0,0,0,0,0,68.19
2008,4,15,12,30,15.3,0,0,0,0,0,0,66.21000000000001
2008,4,15,13,30,17.3,78,151,347,82,117,135,58.22
2008,4,15,14,30,20.6,124,390,600,218,241,338,50.15
2008,4,15,15,30,24,142,626,748,255,353,518,43.81
2008,4,15,16,30,26.6,150,823,829,326,427,692,35.51
2008,4,15,17,30,28.6,159,959,865,634,242,829,29.39
2008,4,15,18,30,29.8,152,1029,895,372,504,868,26.150000000000002
2008,4,15,19,30,30.5,152,1022,895,880,135,991,24.07
2008,4,15,20,30,30.8,148,937,875,655,315,906,22.580000000000002
2008,4,15,21,30,30.5,123,791,863,633,226,716,22.2
2008,4,15,22,30,29.6,114,584,785,785,114,584,22.87
2008,4,15,23,30,28.200000000000003,93,343,645,645,93,343,24.51
2008,4,16,0,30,26.1,51,105,352,30,79,84,29.67
2008,4,16,1,30,24,0,0,0,0,0,0,36.06
2008,4,16,2,30,22.6,0,0,0,0,0,0,42.230000000000004
2008,4,16,3,30,21.5,0,0,0,0,0,0,48.86
2008,4,16,4,30,20.6,0,0,0,0,0,0,54.800000000000004
2008,4,16,5,30,19.700000000000003,0,0,0,0,0,0,60.07
2008,4,16,6,30,18.8,0,0,0,0,0,0,64.62
2008,4,16,7,30,18.2,0,0,0,0,0,0,67.12
2008,4,16,8,30,17.900000000000002,0,0,0,0,0,0,67.99
2008,4,16,9,30,17.7,0,0,0,0,0,0,67.74
2008,4,16,10,30,17.6,0,0,0,0,0,0,67.11
2008,4,16,11,30,17.3,0,0,0,0,0,0,67.74
2008,4,16,12,30,18.1,0,0,0,0,0,0,63.99
2008,4,16,13,30,20.6,71,159,413,152,114,147,53.95
2008,4,16,14,30,23.900000000000002,109,402,659,328,203,348,40.75
2008,4,16,15,30,26.8,129,639,787,524,233,573,31.66
2008,4,16,16,30,29.1,139,838,860,605,249,741,26.16
2008,4,16,17,30,30.700000000000003,148,975,893,374,480,827,22.78
2008,4,16,18,30,31.8,153,1039,903,348,523,865,20.63
2008,4,16,19,30,32.4,152,1032,904,458,466,911,19.3
2008,4,16,20,30,32.7,149,945,882,323,488,780,18.44
2008,4,16,21,30,32.300000000000004,126,796,864,592,313,773,18.41
2008,4,16,22,30,31.400000000000002,116,586,784,244,326,472,19.1
2008,4,16,23,30,29.700000000000003,97,341,630,94,220,256,21.09
2008,4,17,0,30,26.900000000000002,55,103,310,310,55,103,25.92
2008,4,17,1,30,24.6,0,0,0,0,0,0,32.57
2008,4,17,2,30,23.3,0,0,0,0,0,0,37.300000000000004
2008,4,17,3,30,21.900000000000002,0,0,0,0,0,0,41.550000000000004
2008,4,17,4,30,20.400000000000002,0,0,0,0,0,0,44.92
2008,4,17,5,30,19.1,0,0,0,0,0,0,45.800000000000004
2008,4,17,6,30,18.2,0,0,0,0,0,0,45.36
2008,4,17,7,30,17.6,0,0,0,0,0,0,44.65
2008,4,17,8,30,17.400000000000002,0,0,0,0,0,0,44.14
2008,4,17,9,30,17.2,0,0,0,0,0,0,45.17
2008,4,17,10,30,17,0,0,0,0,0,0,47.68
2008,4,17,11,30,16.6,0,0,0,0,0,0,51.31
2008,4,17,12,30,17.3,0,0,0,0,0,0,51.09
2008,4,17,13,30,20,61,173,513,140,116,146,43.99
2008,4,17,14,30,23.8,88,428,761,443,209,407,28.43
2008,4,17,15,30,27,99,672,880,593,270,656,18.07
2008,4,17,16,30,29.400000000000002,106,873,941,941,106,873,14.620000000000001
2008,4,17,17,30,31,110,1015,975,457,450,874,12.94
2008,4,17,18,30,32,109,1087,995,466,477,935,11.5
2008,4,17,19,30,32.300000000000004,110,1076,992,551,424,961,10.53
2008,4,17,20,30,31.700000000000003,108,988,975,762,267,955,10.26
2008,4,17,21,30,30.400000000000002,101,832,942,692,280,817,10.66
2008,4,17,22,30,29.1,90,618,879,302,317,498,11.47
2008,4,17,23,30,27.400000000000002,73,368,762,247,203,299,13.1
2008,4,18,0,30,24.3,41,118,497,107,81,98,17.94
2008,4,18,1,30,21.5,0,0,0,0,0,0,25.01
2008,4,18,2,30,19.8,0,0,0,0,0,0,29.650000000000002
2008,4,18,3,30,18.400000000000002,0,0,0,0,0,0,34.78
2008,4,18,4,30,17.2,0,0,0,0,0,0,40.45
2008,4,18,5,30,16.3,0,0,0,0,0,0,45.5
2008,4,18,6,30,15.700000000000001,0,0,0,0,0,0,49.29
2008,4,18,7,30,15.3,0,0,0,0,0,0,51.9
2008,4,18,8,30,15.200000000000001,0,0,0,0,0,0,53.03
2008,4,18,9,30,15.3,0,0,0,0,0,0,52.620000000000005
2008,4,18,10,30,15.200000000000001,0,0,0,0,0,0,52.11
2008,4,18,11,30,14.8,0,0,0,0,0,0,51.99
2008,4,18,12,30,15.700000000000001,0,0,0,0,0,0,48.35
2008,4,18,13,30,19,49,188,632,632,49,188,39.68
2008,4,18,14,30,23.5,70,446,837,837,70,446,25.94
2008,4,18,15,30,27.3,82,693,935,935,82,693,15.35
2008,4,18,16,30,29.900000000000002,90,894,984,414,410,748,11.51
2008,4,18,17,30,31.700000000000003,95,1034,1010,450,460,878,9.82
2008,4,18,18,30,33,95,1106,1029,464,487,943,8.68
2008,4,18,19,30,33.800000000000004,95,1095,1026,529,444,960,7.890000000000001
2008,4,18,20,30,34.2,93,1007,1010,392,474,828,7.3500000000000005
2008,4,18,21,30,34,88,848,978,978,88,848,7.54
2008,4,18,22,30,33.2,79,629,914,346,306,514,8.290000000000001
2008,4,18,23,30,31.400000000000002,66,377,801,286,196,308,8.42
2008,4,19,0,30,28.1,40,121,524,524,40,121,13.07
2008,4,19,1,30,24.6,0,0,0,0,0,0,18.16
2008,4,19,2,30,22.1,0,0,0,0,0,0,24.490000000000002
2008,4,19,3,30,20.400000000000002,0,0,0,0,0,0,30.44
2008,4,19,4,30,19.3,0,0,0,0,0,0,34.550000000000004
2008,4,19,5,30,18.6,0,0,0,0,0,0,36.53
2008,4,19,6,30,18,0,0,0,0,0,0,38.11
2008,4,19,7,30,17.3,0,0,0,0,0,0,41.72
2008,4,19,8,30,16.6,0,0,0,0,0,0,46.67
2008,4,19,9,30,15.8,0,0,0,0,0,0,53.410000000000004
2008,4,19,10,30,15.100000000000001,0,0,0,0,0,0,60.58
2008,4,19,11,30,14.600000000000001,0,0,0,0,0,0,67.02
2008,4,19,12,30,15.9,0,0,0,0,0,0,64.62
2008,4,19,13,30,19.5,60,177,525,3,95,96,53.26
2008,4,19,14,30,23.900000000000002,88,427,751,250,236,349,39.160000000000004
2008,4,19,15,30,27.700000000000003,102,664,858,252,358,523,25.54
2008,4,19,16,30,30.5,113,860,914,297,443,686,18.42
2008,4,19,17,30,32.4,120,994,939,359,486,819,15.39
2008,4,19,18,30,33.7,126,1059,948,364,518,875,14.27
2008,4,19,19,30,34.5,127,1047,943,421,484,894,14.52
2008,4,19,20,30,34.7,124,960,924,330,482,781,14.6
2008,4,19,21,30,34.4,115,806,888,313,412,656,14.99
2008,4,19,22,30,33.5,104,594,815,815,104,594,15.98
2008,4,19,23,30,31.6,85,351,683,683,85,351,17.94
2008,4,20,0,30,28.200000000000003,49,110,390,390,49,110,22.07
2008,4,20,1,30,25.3,0,0,0,0,0,0,28.75
2008,4,20,2,30,23.900000000000002,0,0,0,0,0,0,34.89
2008,4,20,3,30,22.400000000000002,0,0,0,0,0,0,40.85
2008,4,20,4,30,20.900000000000002,0,0,0,0,0,0,44.64
2008,4,20,5,30,19.400000000000002,0,0,0,0,0,0,46.72
2008,4,20,6,30,18.2,0,0,0,0,0,0,49.2
2008,4,20,7,30,17.5,0,0,0,0,0,0,50.42
2008,4,20,8,30,17.1,0,0,0,0,0,0,50.13
2008,4,20,9,30,16.8,0,0,0,0,0,0,49.300000000000004
2008,4,20,10,30,16.7,0,0,0,0,0,0,47.93
2008,4,20,11,30,16.7,0,0,0,0,0,0,46.31
2008,4,20,12,30,17.900000000000002,0,0,0,0,0,0,41.62
2008,4,20,13,30,21,65,176,493,493,65,176,33.71
2008,4,20,14,30,25.5,98,424,716,716,98,424,21.86
2008,4,20,15,30,29.200000000000003,118,659,824,300,349,546,13.89
2008,4,20,16,30,31.400000000000002,131,855,883,367,423,724,12.93
2008,4,20,17,30,32.9,140,988,910,385,480,839,12.5
2008,4,20,18,30,34,212,1026,826,345,550,891,12.17
2008,4,20,19,30,34.7,213,1014,821,393,522,906,12.030000000000001
2008,4,20,20,30,34.800000000000004,204,926,798,280,524,778,12.540000000000001
2008,4,20,21,30,34.5,226,758,685,196,476,629,13.16
2008,4,20,22,30,33.6,195,555,597,170,368,470,13.9
2008,4,20,23,30,31.700000000000003,147,324,454,83,237,270,14.99
2008,4,21,0,30,28.3,65,97,204,7,82,83,18.82
2008,4,21,1,30,25.200000000000003,0,0,0,0,0,0,24.11
2008,4,21,2,30,23.3,0,0,0,0,0,0,27.85
2008,4,21,3,30,21.700000000000003,0,0,0,0,0,0,31.02
2008,4,21,4,30,20.400000000000002,0,0,0,0,0,0,32.7
2008,4,21,5,30,19.400000000000002,0,0,0,0,0,0,33.43
2008,4,21,6,30,18.5,0,0,0,0,0,0,34.11
2008,4,21,7,30,17.8,0,0,0,0,0,0,34.56
2008,4,21,8,30,17.2,0,0,0,0,0,0,35
2008,4,21,9,30,17,0,0,0,0,0,0,34.92
2008,4,21,10,30,17,0,0,0,0,0,0,34.62
2008,4,21,11,30,17,0,0,0,0,0,0,34.38
2008,4,21,12,30,18.1,0,0,0,0,0,0,31.92
2008,4,21,13,30,21.400000000000002,76,175,434,434,76,175,26.080000000000002
2008,4,21,14,30,25.8,114,423,676,676,114,423,17.94
2008,4,21,15,30,29.5,133,661,801,801,133,661,12.58
2008,4,21,16,30,32.1,142,859,873,873,142,859,10.51
2008,4,21,17,30,33.9,145,1001,917,435,470,876,9.56
2008,4,21,18,30,35.2,123,1076,966,465,476,934,9.16
2008,4,21,19,30,35.9,121,1065,966,549,421,958,9.81
2008,4,21,20,30,36.1,116,975,948,376,470,811,9.96
2008,4,21,21,30,35.800000000000004,102,822,925,363,398,680,10.25
2008,4,21,22,30,34.9,91,611,863,355,300,513,10.88
2008,4,21,23,30,32.9,74,365,744,744,74,365,12.27
2008,4,22,0,30,29.1,44,118,466,466,44,118,15.89
2008,4,22,1,30,25.700000000000003,0,0,0,0,0,0,20.02
2008,4,22,2,30,23.8,0,0,0,0,0,0,23.07
2008,4,22,3,30,22.1,0,0,0,0,0,0,25.94
2008,4,22,4,30,20.8,0,0,0,0,0,0,28.01
2008,4,22,5,30,20,0,0,0,0,0,0,29.45
2008,4,22,6,30,19.6,0,0,0,0,0,0,30.54
2008,4,22,7,30,19.400000000000002,0,0,0,0,0,0,31.740000000000002
2008,4,22,8,30,19,0,0,0,0,0,0,33.36
2008,4,22,9,30,18.400000000000002,0,0,0,0,0,0,35.88
2008,4,22,10,30,17.8,0,0,0,0,0,0,38.980000000000004
2008,4,22,11,30,17.6,0,0,0,0,0,0,41.1
2008,4,22,12,30,18.6,0,0,0,0,0,0,39.81
2008,4,22,13,30,21.900000000000002,53,192,602,602,53,192,33.47
2008,4,22,14,30,26.700000000000003,75,444,804,804,75,444,21.55
2008,4,22,15,30,30.700000000000003,88,685,903,903,88,685,12.47
2008,4,22,16,30,33.1,96,881,954,420,399,745,10.35
2008,4,22,17,30,34.9,100,1017,981,447,449,866,9.38
2008,4,22,18,30,36,105,1080,988,484,458,936,9.66
2008,4,22,19,30,36.7,106,1068,984,554,414,956,9.94
2008,4,22,20,30,36.800000000000004,105,977,962,374,465,804,10.09
2008,4,22,21,30,36.4,97,822,930,347,401,671,10.56
2008,4,22,22,30,35.300000000000004,89,608,860,314,307,497,11.700000000000001
2008,4,22,23,30,33.1,74,363,738,738,74,363,13.82
2008,4,23,0,30,29.400000000000002,44,117,461,461,44,117,18.25
2008,4,23,1,30,26.1,0,0,0,0,0,0,25.400000000000002
2008,4,23,2,30,24.400000000000002,0,0,0,0,0,0,30.95
2008,4,23,3,30,22.5,0,0,0,0,0,0,36.1
2008,4,23,4,30,20.900000000000002,0,0,0,0,0,0,38.53
2008,4,23,5,30,20.200000000000003,0,0,0,0,0,0,39.88
2008,4,23,6,30,19.6,0,0,0,0,0,0,42.01
2008,4,23,7,30,18.5,0,0,0,0,0,0,46.96
2008,4,23,8,30,17.5,0,0,0,0,0,0,53.59
2008,4,23,9,30,16.8,0,0,0,0,0,0,61.18
2008,4,23,10,30,16.3,0,0,0,0,0,0,69.16
2008,4,23,11,30,15.9,0,0,0,0,0,0,77.22
2008,4,23,12,30,17.400000000000002,0,0,0,0,0,0,74.94
2008,4,23,13,30,21,67,183,498,498,67,183,62.81
2008,4,23,14,30,25.200000000000003,97,429,722,722,97,429,47.2
2008,4,23,15,30,28.900000000000002,114,664,830,830,114,664,31.18
2008,4,23,16,30,31.6,125,856,886,368,419,723,23.13
2008,4,23,17,30,33.5,133,987,913,388,474,837,19.05
2008,4,23,18,30,34.800000000000004,142,1048,917,410,494,900,16.7
2008,4,23,19,30,35.4,142,1036,914,502,439,930,15.69
2008,4,23,20,30,35.6,138,950,895,361,470,798,15.11
2008,4,23,21,30,35.2,130,796,854,292,420,648,15.18
2008,4,23,22,30,34.2,117,587,778,778,117,587,15.98
2008,4,23,23,30,32.4,95,346,639,154,217,278,17.76
2008,4,24,0,30,29.400000000000002,53,110,352,352,53,110,22
2008,4,24,1,30,26.400000000000002,0,0,0,0,0,0,28.740000000000002
2008,4,24,2,30,24.400000000000002,0,0,0,0,0,0,34.99
2008,4,24,3,30,22.6,0,0,0,0,0,0,40.96
2008,4,24,4,30,21.3,0,0,0,0,0,0,46.11
2008,4,24,5,30,20.3,0,0,0,0,0,0,51.09
2008,4,24,6,30,19.6,0,0,0,0,0,0,55.83
2008,4,24,7,30,19,0,0,0,0,0,0,60.34
2008,4,24,8,30,18.5,0,0,0,0,0,0,64.36
2008,4,24,9,30,18,0,0,0,0,0,0,67.97
2008,4,24,10,30,17.5,0,0,0,0,0,0,71.37
2008,4,24,11,30,17.1,0,0,0,0,0,0,73.91
2008,4,24,12,30,18.5,0,0,0,0,0,0,67.94
2008,4,24,13,30,22.200000000000003,70,184,485,485,70,184,53.26
2008,4,24,14,30,26.400000000000002,102,432,714,714,102,432,31.78
2008,4,24,15,30,29.6,120,669,827,827,120,669,19.37
2008,4,24,16,30,31.8,130,862,887,887,130,862,15.19
2008,4,24,17,30,33.6,136,997,919,415,471,859,12.97
2008,4,24,18,30,34.7,139,1061,933,424,495,914,11.92
2008,4,24,19,30,35.4,138,1050,932,494,450,934,11.43
2008,4,24,20,30,35.5,134,963,913,346,482,797,11.47
2008,4,24,21,30,35.1,125,807,873,300,422,657,11.9
2008,4,24,22,30,34,113,595,798,798,113,595,12.780000000000001
2008,4,24,23,30,31.900000000000002,92,355,667,158,219,281,14.59
2008,4,25,0,30,28.700000000000003,51,114,389,34,87,93,18.43
2008,4,25,1,30,25.700000000000003,0,0,0,0,0,0,23.97
2008,4,25,2,30,23.6,0,0,0,0,0,0,29.16
2008,4,25,3,30,21.8,0,0,0,0,0,0,33.660000000000004
2008,4,25,4,30,20.3,0,0,0,0,0,0,37.37
2008,4,25,5,30,19.200000000000003,0,0,0,0,0,0,40.45
2008,4,25,6,30,18.400000000000002,0,0,0,0,0,0,43.02
2008,4,25,7,30,17.8,0,0,0,0,0,0,45.13
2008,4,25,8,30,17.400000000000002,0,0,0,0,0,0,46.65
2008,4,25,9,30,17,0,0,0,0,0,0,48.06
2008,4,25,10,30,16.7,0,0,0,0,0,0,49.04
2008,4,25,11,30,16.400000000000002,0,0,0,0,0,0,49.75
2008,4,25,12,30,17.7,0,0,0,0,0,0,45.550000000000004
2008,4,25,13,30,21.5,65,191,529,529,65,191,35.410000000000004
2008,4,25,14,30,26.1,94,442,748,748,94,442,20.57
2008,4,25,15,30,29.400000000000002,111,678,853,853,111,678,13.24
2008,4,25,16,30,31.5,120,873,910,910,120,873,11.08
2008,4,25,17,30,33.2,126,1009,942,432,464,869,9.870000000000001
2008,4,25,18,30,34.4,125,1076,962,453,483,931,9.24
2008,4,25,19,30,35.1,122,1065,963,525,436,950,8.89
2008,4,25,20,30,35.300000000000004,116,979,950,395,464,822,8.77
2008,4,25,21,30,35,108,824,916,356,404,682,8.94
2008,4,25,22,30,34.2,94,611,854,854,94,611,9.44
2008,4,25,23,30,32.4,75,368,740,205,211,292,10.59
2008,4,26,0,30,28.6,44,123,480,45,87,95,14.16
2008,4,26,1,30,25.1,0,0,0,0,0,0,20.18
2008,4,26,2,30,23.3,0,0,0,0,0,0,23.92
2008,4,26,3,30,21.900000000000002,0,0,0,0,0,0,27.27
2008,4,26,4,30,20.700000000000003,0,0,0,0,0,0,30.42
2008,4,26,5,30,19.700000000000003,0,0,0,0,0,0,33.63
2008,4,26,6,30,19,0,0,0,0,0,0,36.59
2008,4,26,7,30,18.3,0,0,0,0,0,0,40.12
2008,4,26,8,30,17.900000000000002,0,0,0,0,0,0,43.34
2008,4,26,9,30,17.400000000000002,0,0,0,0,0,0,46.9
2008,4,26,10,30,16.7,0,0,0,0,0,0,51.42
2008,4,26,11,30,16,0,0,0,0,0,0,57.08
2008,4,26,12,30,17.3,0,0,0,0,0,0,56.02
2008,4,26,13,30,20.8,59,196,568,261,113,176,47.44
2008,4,26,14,30,24.900000000000002,83,447,780,224,248,352,34.550000000000004
2008,4,26,15,30,28.700000000000003,97,682,878,347,334,566,21.400000000000002
2008,4,26,16,30,31.3,107,875,927,663,234,783,15.47
2008,4,26,17,30,33.1,114,1005,950,699,253,909,12.99
2008,4,26,18,30,34.300000000000004,124,1066,951,697,215,905,11.790000000000001
2008,4,26,19,30,35,130,1050,938,540,325,854,11.32
2008,4,26,20,30,35,140,956,899,619,271,833,11.47
2008,4,26,21,30,34.4,150,794,823,578,257,708,12.25
2008,4,26,22,30,33.2,138,583,733,156,352,447,13.67
2008,4,26,23,30,31.400000000000002,110,345,592,171,202,270,15.68
2008,4,27,0,30,28.400000000000002,57,111,327,108,91,108,19.41
2008,4,27,1,30,25.5,0,0,0,0,0,0,24.71
2008,4,27,2,30,23.6,0,0,0,0,0,0,28.8
2008,4,27,3,30,21.900000000000002,0,0,0,0,0,0,32.160000000000004
2008,4,27,4,30,20.6,0,0,0,0,0,0,34.38
2008,4,27,5,30,19.700000000000003,0,0,0,0,0,0,36.09
2008,4,27,6,30,19,0,0,0,0,0,0,37.85
2008,4,27,7,30,18.6,0,0,0,0,0,0,39.31
2008,4,27,8,30,18.3,0,0,0,0,0,0,40.61
2008,4,27,9,30,17.900000000000002,0,0,0,0,0,0,42.1
2008,4,27,10,30,17.5,0,0,0,0,0,0,43.69
2008,4,27,11,30,17.2,0,0,0,0,0,0,45.11
2008,4,27,12,30,18.2,0,0,0,0,0,0,43.12
2008,4,27,13,30,21.400000000000002,71,195,511,117,128,157,35.89
2008,4,27,14,30,25.400000000000002,102,443,728,254,215,334,23.240000000000002
2008,4,27,15,30,28.5,120,678,834,262,350,525,15.21
2008,4,27,16,30,30.700000000000003,131,872,893,473,316,709,12.3
2008,4,27,17,30,32.300000000000004,135,1006,927,672,277,909,10.9
2008,4,27,18,30,33.5,141,1068,936,661,247,902,10.1
2008,4,27,19,30,34.1,139,1056,936,724,256,966,9.81
2008,4,27,20,30,34.2,135,964,912,611,285,841,9.9
2008,4,27,21,30,33.7,134,806,860,507,279,675,10.47
2008,4,27,22,30,32.6,123,593,774,134,291,372,11.74
2008,4,27,23,30,30.700000000000003,100,351,633,268,187,294,14.030000000000001
2008,4,28,0,30,27.5,56,113,344,0,18,18,18.84
2008,4,28,1,30,24.5,0,0,0,0,0,0,25.86
2008,4,28,2,30,22.8,0,0,0,0,0,0,31.57
2008,4,28,3,30,21.200000000000003,0,0,0,0,0,0,36.78
2008,4,28,4,30,19.900000000000002,0,0,0,0,0,0,40.25
2008,4,28,5,30,18.900000000000002,0,0,0,0,0,0,42.36
2008,4,28,6,30,18.2,0,0,0,0,0,0,42.84
2008,4,28,7,30,17.7,0,0,0,0,0,0,41.38
2008,4,28,8,30,17.1,0,0,0,0,0,0,40.85
2008,4,28,9,30,16.5,0,0,0,0,0,0,41.13
2008,4,28,10,30,16,0,0,0,0,0,0,41.42
2008,4,28,11,30,15.600000000000001,0,0,0,0,0,0,41.35
2008,4,28,12,30,17.1,0,0,0,0,0,0,36.69
2008,4,28,13,30,21,61,201,573,159,128,167,28.43
2008,4,28,14,30,25,88,450,770,770,88,450,21.45
2008,4,28,15,30,28.1,104,684,865,387,328,587,17.76
2008,4,28,16,30,30.3,115,876,916,435,399,760,15.620000000000001
2008,4,28,17,30,32,123,1005,939,405,471,852,14.16
2008,4,28,18,30,33.300000000000004,127,1068,949,429,490,915,12.92
2008,4,28,19,30,34.1,128,1054,944,500,443,934,12.040000000000001
2008,4,28,20,30,34.4,125,965,924,370,471,807,11.55
2008,4,28,21,30,34.2,118,811,885,282,426,647,11.41
2008,4,28,22,30,33.300000000000004,109,601,809,268,326,489,11.74
2008,4,28,23,30,31.5,92,359,672,187,217,291,13.17
2008,4,29,0,30,28.3,54,118,382,69,90,101,18.14
2008,4,29,1,30,25.3,0,0,0,0,0,0,26.25
2008,4,29,2,30,23.400000000000002,0,0,0,0,0,0,35.39
2008,4,29,3,30,21.700000000000003,0,0,0,0,0,0,45.51
2008,4,29,4,30,20.5,0,0,0,0,0,0,53.69
2008,4,29,5,30,19.700000000000003,0,0,0,0,0,0,59.2
2008,4,29,6,30,18.8,0,0,0,0,0,0,63.89
2008,4,29,7,30,18.2,0,0,0,0,0,0,67.92
2008,4,29,8,30,17.7,0,0,0,0,0,0,71.59
2008,4,29,9,30,17.2,0,0,0,0,0,0,75.26
2008,4,29,10,30,16.7,0,0,0,0,0,0,78.94
2008,4,29,11,30,16.3,0,0,0,0,0,0,82.06
2008,4,29,12,30,17.5,0,0,0,0,0,0,76.63
2008,4,29,13,30,20.700000000000003,65,198,539,539,65,198,62.5
2008,4,29,14,30,24.200000000000003,88,447,762,762,88,447,39.68
2008,4,29,15,30,27.1,100,681,864,864,100,681,24.7
2008,4,29,16,30,29.3,108,876,923,923,108,876,19.29
2008,4,29,17,30,31.1,113,1009,952,423,459,857,16.44
2008,4,29,18,30,32.300000000000004,128,1067,946,428,489,914,14.9
2008,4,29,19,30,33.1,130,1050,938,938,130,1050,14.06
2008,4,29,20,30,33.2,130,961,913,350,478,797,13.91
2008,4,29,21,30,32.800000000000004,129,802,859,299,421,655,14.22
2008,4,29,22,30,31.8,126,592,766,209,342,469,15.16
2008,4,29,23,30,30,107,349,605,205,217,299,17.25
2008,4,30,0,30,27.3,63,113,301,301,63,113,21.48
2008,4,30,1,30,24.700000000000003,0,0,0,0,0,0,27.8
2008,4,30,2,30,23,0,0,0,0,0,0,33.64
2008,4,30,3,30,21.6,0,0,0,0,0,0,38.53
2008,4,30,4,30,20.5,0,0,0,0,0,0,42.57
2008,4,30,5,30,19.700000000000003,0,0,0,0,0,0,45.89
2008,4,30,6,30,19,0,0,0,0,0,0,48.4
2008,4,30,7,30,18.3,0,0,0,0,0,0,49.83
2008,4,30,8,30,17.6,0,0,0,0,0,0,50.910000000000004
2008,4,30,9,30,16.900000000000002,0,0,0,0,0,0,51.82
2008,4,30,10,30,16.400000000000002,0,0,0,0,0,0,52.72
2008,4,30,11,30,16.1,0,0,0,0,0,0,53.13
2008,4,30,12,30,17.400000000000002,0,0,0,0,0,0,48.4
2008,4,30,13,30,20.6,78,194,469,469,78,194,39.96
2008,4,30,14,30,23.900000000000002,108,441,702,702,108,441,32.71
2008,4,30,15,30,26.8,121,678,827,827,121,678,24.59
2008,4,30,16,30,29.200000000000003,127,873,896,896,127,873,18.51
2008,4,30,17,30,30.900000000000002,131,1007,931,931,131,1007,15.32
2008,4,30,18,30,32.2,127,1073,953,953,127,1073,13.49
2008,4,30,19,30,32.9,124,1060,953,473,464,928,12.280000000000001
2008,4,30,20,30,33.1,123,971,932,932,123,971,11.49
2008,4,30,21,30,32.800000000000004,113,820,902,619,253,738,11.1
2008,4,30,22,30,31.8,104,610,832,175,348,455,11.19
2008,4,30,23,30,30,85,366,704,171,221,290,11.99
2008,5,1,0,30,26.900000000000002,50,123,432,1,61,62,14.47
2008,5,1,1,30,23.900000000000002,0,0,0,0,0,0,19.34
2008,5,1,2,30,22,0,0,0,0,0,0,23.86
2008,5,1,3,30,20.3,0,0,0,0,0,0,28.43
2008,5,1,4,30,18.900000000000002,0,0,0,0,0,0,32.75
2008,5,1,5,30,18.1,0,0,0,0,0,0,35.79
2008,5,1,6,30,17.5,0,0,0,0,0,0,38.26
2008,5,1,7,30,17,0,0,0,0,0,0,40.660000000000004
2008,5,1,8,30,16.6,0,0,0,0,0,0,43.31
2008,5,1,9,30,16.1,0,0,0,0,0,0,45.75
2008,5,1,10,30,15.700000000000001,0,0,0,0,0,0,47.62
2008,5,1,11,30,15.4,0,0,0,0,0,0,48.95
2008,5,1,12,30,16.5,10,12,84,84,10,12,45.99
2008,5,1,13,30,20,62,212,596,596,62,212,38.06
2008,5,1,14,30,24.5,87,465,794,794,87,465,21.900000000000002
2008,5,1,15,30,27.8,101,701,890,890,101,701,12.08
2008,5,1,16,30,29.8,109,896,945,945,109,896,10.5
2008,5,1,17,30,31.400000000000002,111,1030,975,463,455,891,9.52
2008,5,1,18,30,32.6,114,1093,986,477,476,950,8.72
2008,5,1,19,30,33.300000000000004,113,1080,984,496,459,947,8.07
2008,5,1,20,30,33.4,109,991,968,362,484,813,7.74
2008,5,1,21,30,33,105,834,931,328,420,677,7.88
2008,5,1,22,30,31.900000000000002,94,620,863,292,324,502,8.65
2008,5,1,23,30,29.900000000000002,78,375,741,182,221,293,10.27
2008,5,2,0,30,26.8,47,128,471,38,92,98,13.8
2008,5,2,1,30,23.700000000000003,0,0,0,0,0,0,19.26
2008,5,2,2,30,21.5,0,0,0,0,0,0,24.03
2008,5,2,3,30,19.8,0,0,0,0,0,0,27.650000000000002
2008,5,2,4,30,18.5,0,0,0,0,0,0,30.22
2008,5,2,5,30,17.5,0,0,0,0,0,0,32.26
2008,5,2,6,30,16.6,0,0,0,0,0,0,34.42
2008,5,2,7,30,15.8,0,0,0,0,0,0,36.97
2008,5,2,8,30,15.200000000000001,0,0,0,0,0,0,39.35
2008,5,2,9,30,14.9,0,0,0,0,0,0,40.89
2008,5,2,10,30,14.8,0,0,0,0,0,0,41.67
2008,5,2,11,30,14.8,0,0,0,0,0,0,41.96
2008,5,2,12,30,16.3,11,14,117,117,11,14,38.26
2008,5,2,13,30,20.200000000000003,56,219,644,644,56,219,28.92
2008,5,2,14,30,24.3,75,476,839,839,75,476,15.74
2008,5,2,15,30,27,85,714,930,930,85,714,11.5
2008,5,2,16,30,28.900000000000002,92,908,979,979,92,908,10.27
2008,5,2,17,30,30.5,95,1042,1005,481,444,898,9.36
2008,5,2,18,30,31.700000000000003,102,1103,1008,491,468,956,8.67
2008,5,2,19,30,32.4,103,1089,1004,509,453,954,8.24
2008,5,2,20,30,32.6,101,1000,987,383,476,824,8.07
2008,5,2,21,30,32.300000000000004,97,842,950,321,423,674,8.19
2008,5,2,22,30,31.400000000000002,88,627,885,293,323,502,8.66
2008,5,2,23,30,29.700000000000003,73,381,767,211,216,300,9.65
2008,5,3,0,30,26.1,46,132,505,99,91,108,12.49
2008,5,3,1,30,22.6,0,0,0,0,0,0,17.45
2008,5,3,2,30,20.700000000000003,0,0,0,0,0,0,20.52
2008,5,3,3,30,19.1,0,0,0,0,0,0,23.55
2008,5,3,4,30,17.900000000000002,0,0,0,0,0,0,25.79
2008,5,3,5,30,16.900000000000002,0,0,0,0,0,0,27.41
2008,5,3,6,30,16.2,0,0,0,0,0,0,28.88
2008,5,3,7,30,15.700000000000001,0,0,0,0,0,0,30.39
2008,5,3,8,30,15.4,0,0,0,0,0,0,31.720000000000002
2008,5,3,9,30,15.200000000000001,0,0,0,0,0,0,32.76
2008,5,3,10,30,14.9,0,0,0,0,0,0,33.77
2008,5,3,11,30,14.5,0,0,0,0,0,0,34.9
2008,5,3,12,30,15.9,12,15,142,142,12,15,31.95
2008,5,3,13,30,19.900000000000002,53,224,669,669,53,224,24.72
2008,5,3,14,30,24.5,71,479,852,852,71,479,14.07
2008,5,3,15,30,28,82,717,938,938,82,717,9.15
2008,5,3,16,30,30.3,88,906,979,426,408,764,8.56
2008,5,3,17,30,32,92,1040,1005,424,470,870,8.28
2008,5,3,18,30,33.1,109,1096,994,437,499,933,8.05
2008,5,3,19,30,33.9,108,1078,986,481,463,936,7.7700000000000005
2008,5,3,20,30,34.1,106,990,969,364,479,811,7.61
2008,5,3,21,30,33.800000000000004,110,830,917,309,426,669,7.63
2008,5,3,22,30,32.9,99,620,854,245,338,488,7.9
2008,5,3,23,30,31.1,81,376,734,130,229,281,8.6
2008,5,4,0,30,27.6,50,130,464,12,88,90,10.85
2008,5,4,1,30,24.400000000000002,0,0,0,0,0,0,14.61
2008,5,4,2,30,22.6,0,0,0,0,0,0,16.9
2008,5,4,3,30,20.8,0,0,0,0,0,0,20.09
2008,5,4,4,30,19.3,0,0,0,0,0,0,23.19
2008,5,4,5,30,18.1,0,0,0,0,0,0,26.28
2008,5,4,6,30,17.2,0,0,0,0,0,0,29.3
2008,5,4,7,30,16.8,0,0,0,0,0,0,31.14
2008,5,4,8,30,16.400000000000002,0,0,0,0,0,0,32.58
2008,5,4,9,30,16.1,0,0,0,0,0,0,33.72
2008,5,4,10,30,15.9,0,0,0,0,0,0,34.44
2008,5,4,11,30,15.8,0,0,0,0,0,0,34.7
2008,5,4,12,30,17.400000000000002,11,12,36,36,11,12,31.5
2008,5,4,13,30,21.200000000000003,87,198,434,3,108,109,25.11
2008,5,4,14,30,25.5,131,439,643,643,131,439,17.51
2008,5,4,15,30,28.900000000000002,156,667,755,755,156,667,12.05
2008,5,4,16,30,31.1,164,856,828,828,164,856,10.97
2008,5,4,17,30,32.7,164,991,875,875,164,991,11.25
2008,5,4,18,30,33.7,167,1052,891,351,537,886,11.59
2008,5,4,19,30,34.2,160,1039,894,388,512,894,11.88
2008,5,4,20,30,34.1,155,952,873,301,503,777,12.16
2008,5,4,21,30,33.5,173,787,781,781,173,787,12.620000000000001
2008,5,4,22,30,32.4,153,585,708,708,153,585,13.31
2008,5,4,23,30,30.6,119,349,571,571,119,349,14.72
2008,5,5,0,30,27.6,65,118,307,307,65,118,18.240000000000002
2008,5,5,1,30,24.5,0,0,0,0,0,0,24.23
2008,5,5,2,30,22.700000000000003,0,0,0,0,0,0,29.69
2008,5,5,3,30,21.200000000000003,0,0,0,0,0,0,34.800000000000004
2008,5,5,4,30,20,0,0,0,0,0,0,38.65
2008,5,5,5,30,19.5,0,0,0,0,0,0,40.19
2008,5,5,6,30,19.5,0,0,0,0,0,0,39.9
2008,5,5,7,30,19.3,0,0,0,0,0,0,39.28
2008,5,5,8,30,18.6,0,0,0,0,0,0,40.45
2008,5,5,9,30,17.900000000000002,0,0,0,0,0,0,42.76
2008,5,5,10,30,17.1,0,0,0,0,0,0,46.79
2008,5,5,11,30,16.8,0,0,0,0,0,0,50.33
2008,5,5,12,30,18.1,9,10,20,20,9,10,48.68
2008,5,5,13,30,21.6,100,190,348,348,100,190,40.480000000000004
2008,5,5,14,30,25.200000000000003,156,423,556,556,156,423,28.55
2008,5,5,15,30,27.8,189,644,671,671,189,644,21.43
2008,5,5,16,30,29.900000000000002,207,830,744,744,207,830,18.42
2008,5,5,17,30,31.5,216,959,786,786,216,959,17.05
2008,5,5,18,30,32.7,265,1003,742,742,265,1003,16.38
2008,5,5,19,30,33.300000000000004,271,987,728,728,271,987,16.22
2008,5,5,20,30,33.5,265,899,695,695,265,899,16.31
2008,5,5,21,30,33.2,217,761,693,693,217,761,16.7
2008,5,5,22,30,32.4,192,561,603,603,192,561,17.44
2008,5,5,23,30,30.900000000000002,147,334,461,461,147,334,18.95
2008,5,6,0,30,28.200000000000003,73,111,221,221,73,111,22.41
2008,5,6,1,30,25.5,0,0,0,0,0,0,27.7
2008,5,6,2,30,23.900000000000002,0,0,0,0,0,0,32.75
2008,5,6,3,30,22.3,0,0,0,0,0,0,39.58
2008,5,6,4,30,20.700000000000003,0,0,0,0,0,0,46.29
2008,5,6,5,30,19.5,0,0,0,0,0,0,50.95
2008,5,6,6,30,18.8,0,0,0,0,0,0,53.78
2008,5,6,7,30,18.400000000000002,0,0,0,0,0,0,55.92
2008,5,6,8,30,18,0,0,0,0,0,0,58.57
2008,5,6,9,30,17.7,0,0,0,0,0,0,61.26
2008,5,6,10,30,17.3,0,0,0,0,0,0,64.36
2008,5,6,11,30,17,0,0,0,0,0,0,66.76
2008,5,6,12,30,18.1,10,10,23,23,10,10,63.29
2008,5,6,13,30,21.3,98,190,354,354,98,190,52.25
2008,5,6,14,30,24.8,148,423,570,570,148,423,39.26
2008,5,6,15,30,27.700000000000003,178,645,688,688,178,645,28.61
2008,5,6,16,30,30,201,828,749,745,199,823,23.35
2008,5,6,17,30,31.700000000000003,222,949,769,321,525,828,21.150000000000002
2008,5,6,18,30,32.7,290,989,703,703,290,989,20.17
2008,5,6,19,30,33.1,301,970,680,680,301,970,19.93
2008,5,6,20,30,32.9,296,884,644,218,560,759,20.41
2008,5,6,21,30,32.2,294,729,554,554,294,729,21.78
2008,5,6,22,30,31.1,246,534,471,230,334,475,24.17
2008,5,6,23,30,29.5,174,313,343,3,107,109,28.03
2008,5,7,0,30,27.3,74,99,143,143,74,99,34.13
2008,5,7,1,30,25.1,0,0,0,0,0,0,42.51
2008,5,7,2,30,23.5,0,0,0,0,0,0,50.25
2008,5,7,3,30,22.3,0,0,0,0,0,0,55.980000000000004
2008,5,7,4,30,21.200000000000003,0,0,0,0,0,0,60.33
2008,5,7,5,30,20.3,0,0,0,0,0,0,63.79
2008,5,7,6,30,19.400000000000002,0,0,0,0,0,0,67.43
2008,5,7,7,30,18.7,0,0,0,0,0,0,70.63
2008,5,7,8,30,18.1,0,0,0,0,0,0,74.08
2008,5,7,9,30,17.7,0,0,0,0,0,0,76.35000000000001
2008,5,7,10,30,17.400000000000002,0,0,0,0,0,0,77.98
2008,5,7,11,30,17.400000000000002,0,0,0,0,0,0,78.14
2008,5,7,12,30,18.400000000000002,11,12,33,33,11,12,73.55
2008,5,7,13,30,20.700000000000003,92,195,394,108,135,163,63.42
2008,5,7,14,30,23.8,134,433,618,326,228,386,47.26
2008,5,7,15,30,26.8,155,658,739,152,394,498,31.75
2008,5,7,16,30,29,169,844,805,458,305,689,24.5
2008,5,7,17,30,30.5,179,972,839,429,375,781,21.39
2008,5,7,18,30,31.5,216,1016,804,363,416,778,19.81
2008,5,7,19,30,32,218,1001,796,440,388,821,19.11
2008,5,7,20,30,32.1,214,915,768,338,412,720,19.03
2008,5,7,21,30,32,154,785,802,418,303,632,19.34
2008,5,7,22,30,31.3,138,581,723,131,351,431,20.57
2008,5,7,23,30,30,112,349,585,243,191,289,22.72
2008,5,8,0,30,27.5,63,119,313,1,71,71,27.14
2008,5,8,1,30,25,0,0,0,0,0,0,33.24
2008,5,8,2,30,23.700000000000003,0,0,0,0,0,0,37.75
2008,5,8,3,30,22.6,0,0,0,0,0,0,41.65
2008,5,8,4,30,21.400000000000002,0,0,0,0,0,0,45.81
2008,5,8,5,30,20.3,0,0,0,0,0,0,49.54
2008,5,8,6,30,19.3,0,0,0,0,0,0,53.08
2008,5,8,7,30,18.7,0,0,0,0,0,0,55.38
2008,5,8,8,30,18.400000000000002,0,0,0,0,0,0,56.7
2008,5,8,9,30,18.2,0,0,0,0,0,0,57.45
2008,5,8,10,30,17.900000000000002,0,0,0,0,0,0,58.31
2008,5,8,11,30,17.7,0,0,0,0,0,0,58.76
2008,5,8,12,30,18.900000000000002,11,13,44,44,11,13,54.22
2008,5,8,13,30,22.1,92,196,397,397,92,196,42.980000000000004
2008,5,8,14,30,25.8,141,428,591,591,141,428,29.66
2008,5,8,15,30,28.700000000000003,174,650,698,698,174,650,21.67
2008,5,8,16,30,31,197,832,758,326,460,734,17.13
2008,5,8,17,30,32.7,211,959,790,343,518,843,15.200000000000001
2008,5,8,18,30,33.9,205,1022,821,326,550,875,14.38
2008,5,8,19,30,34.4,201,1010,822,366,526,887,14.59
2008,5,8,20,30,34.5,193,926,803,305,508,787,14.76
2008,5,8,21,30,34.1,165,782,784,784,165,782,15.1
2008,5,8,22,30,33.300000000000004,144,583,715,217,345,478,15.65
2008,5,8,23,30,31.8,111,350,587,109,233,277,16.62
2008,5,9,0,30,28.6,61,122,341,15,92,95,19.87
2008,5,9,1,30,25.400000000000002,0,0,0,0,0,0,25.34
2008,5,9,2,30,23.6,0,0,0,0,0,0,29.39
2008,5,9,3,30,22.1,0,0,0,0,0,0,34.04
2008,5,9,4,30,20.8,0,0,0,0,0,0,39.45
2008,5,9,5,30,19.700000000000003,0,0,0,0,0,0,44.68
2008,5,9,6,30,18.8,0,0,0,0,0,0,49.02
2008,5,9,7,30,18.5,0,0,0,0,0,0,50.83
2008,5,9,8,30,18.3,0,0,0,0,0,0,51.78
2008,5,9,9,30,18.2,0,0,0,0,0,0,52.17
2008,5,9,10,30,17.900000000000002,0,0,0,0,0,0,53.29
2008,5,9,11,30,17.8,0,0,0,0,0,0,53.75
2008,5,9,12,30,18.900000000000002,13,15,50,0,12,12,50.230000000000004
2008,5,9,13,30,22.1,91,200,416,43,147,159,41.01
2008,5,9,14,30,26.3,134,435,620,142,279,348,27.97
2008,5,9,15,30,29.700000000000003,158,659,734,214,387,533,19.84
2008,5,9,16,30,32.2,170,842,801,324,451,723,16.53
2008,5,9,17,30,34,177,971,838,358,499,838,15.11
2008,5,9,18,30,35.300000000000004,217,1015,801,387,525,910,15.22
2008,5,9,19,30,36,220,997,790,353,534,882,15.25
2008,5,9,20,30,36.2,218,910,758,246,531,755,15.33
2008,5,9,21,30,35.9,211,760,697,697,211,760,15.780000000000001
2008,5,9,22,30,34.800000000000004,192,558,595,371,287,515,17.16
2008,5,9,23,30,33,151,330,440,67,240,267,19.54
2008,5,10,0,30,30.1,74,110,203,6,90,91,23.650000000000002
2008,5,10,1,30,27.3,0,0,0,0,0,0,28.77
2008,5,10,2,30,25.5,0,0,0,0,0,0,34.1
2008,5,10,3,30,23.900000000000002,0,0,0,0,0,0,39.04
2008,5,10,4,30,22.5,0,0,0,0,0,0,43
2008,5,10,5,30,21.3,0,0,0,0,0,0,46.72
2008,5,10,6,30,20.5,0,0,0,0,0,0,49.29
2008,5,10,7,30,19.900000000000002,0,0,0,0,0,0,50.17
2008,5,10,8,30,19.5,0,0,0,0,0,0,50.75
2008,5,10,9,30,19.5,0,0,0,0,0,0,50.77
2008,5,10,10,30,19.5,0,0,0,0,0,0,50.7
2008,5,10,11,30,19.400000000000002,0,0,0,0,0,0,51.03
2008,5,10,12,30,20.3,9,10,14,14,9,10,48.46
2008,5,10,13,30,23.400000000000002,114,185,266,266,114,185,39.660000000000004
2008,5,10,14,30,27.200000000000003,180,413,478,478,180,413,27.26
2008,5,10,15,30,30.400000000000002,213,629,609,609,213,629,20.61
2008,5,10,16,30,32.800000000000004,233,811,688,215,495,676,18.04
2008,5,10,17,30,34.5,245,936,730,305,535,824,16.56
2008,5,10,18,30,35.7,228,1003,779,335,545,879,16.52
2008,5,10,19,30,36.4,239,989,761,332,544,871,16.02
2008,5,10,20,30,36.5,246,899,714,228,538,746,15.77
2008,5,10,21,30,36.1,245,746,637,309,371,614,16.27
2008,5,10,22,30,35.2,215,551,545,257,307,465,17.61
2008,5,10,23,30,33.7,161,329,410,43,201,219,19.52
2008,5,11,0,30,31,77,112,194,16,91,94,23.03
2008,5,11,1,30,28.3,0,0,0,0,0,0,27.91
2008,5,11,2,30,26.400000000000002,0,0,0,0,0,0,33.04
2008,5,11,3,30,24.5,0,0,0,0,0,0,36.94
2008,5,11,4,30,22.8,0,0,0,0,0,0,38.64
2008,5,11,5,30,21.200000000000003,0,0,0,0,0,0,39.14
2008,5,11,6,30,19.900000000000002,0,0,0,0,0,0,41.53
2008,5,11,7,30,19.1,0,0,0,0,0,0,44.28
2008,5,11,8,30,18.400000000000002,0,0,0,0,0,0,46.730000000000004
2008,5,11,9,30,17.7,0,0,0,0,0,0,48.96
2008,5,11,10,30,17.3,0,0,0,0,0,0,50.06
2008,5,11,11,30,17.1,0,0,0,0,0,0,50.07
2008,5,11,12,30,18.5,14,16,64,64,14,16,45.09
2008,5,11,13,30,22,83,210,474,474,83,210,35.54
2008,5,11,14,30,26.1,116,452,687,687,116,452,22.67
2008,5,11,15,30,29.8,135,680,797,797,135,680,15.9
2008,5,11,16,30,32.6,147,867,857,352,445,741,12.69
2008,5,11,17,30,34.800000000000004,159,996,884,382,496,858,10.99
2008,5,11,18,30,36.2,186,1043,860,370,536,905,10.120000000000001
2008,5,11,19,30,37,193,1025,845,381,527,903,10.64
2008,5,11,20,30,37.2,194,937,813,295,521,791,10.46
2008,5,11,21,30,37,202,780,733,214,470,639,10.23
2008,5,11,22,30,36.1,177,577,650,481,235,532,10.46
2008,5,11,23,30,34.4,137,346,510,97,244,284,11.52
2008,5,12,0,30,30.900000000000002,72,119,261,12,97,99,16.67
2008,5,12,1,30,27.400000000000002,0,0,0,0,0,0,21.5
2008,5,12,2,30,25.400000000000002,0,0,0,0,0,0,26.490000000000002
2008,5,12,3,30,23.900000000000002,0,0,0,0,0,0,31.970000000000002
2008,5,12,4,30,22.6,0,0,0,0,0,0,37.550000000000004
2008,5,12,5,30,21.8,0,0,0,0,0,0,41.15
2008,5,12,6,30,21.3,0,0,0,0,0,0,43.42
2008,5,12,7,30,20.700000000000003,0,0,0,0,0,0,46.46
2008,5,12,8,30,20.1,0,0,0,0,0,0,49.69
2008,5,12,9,30,20,0,0,0,0,0,0,51.31
2008,5,12,10,30,19.900000000000002,0,0,0,0,0,0,51.81
2008,5,12,11,30,19.700000000000003,0,0,0,0,0,0,53
2008,5,12,12,30,20.6,11,12,23,23,11,12,51.46
2008,5,12,13,30,23.5,108,191,309,309,108,191,44.49
2008,5,12,14,30,27,167,418,514,514,167,418,33.18
2008,5,12,15,30,29.900000000000002,203,636,632,632,203,636,24.05
2008,5,12,16,30,32,231,817,697,295,475,724,19.71
2008,5,12,17,30,33.7,250,940,728,304,538,826,17.48
2008,5,12,18,30,34.9,198,1017,822,341,532,872,16.23
2008,5,12,19,30,35.5,209,999,801,317,540,852,15.64
2008,5,12,20,30,35.6,211,911,766,32,417,446,15.540000000000001
2008,5,12,21,30,35.2,162,776,778,1,160,161,16.11
2008,5,12,22,30,34.1,150,575,690,24,231,246,17.56
2008,5,12,23,30,32.300000000000004,125,344,534,0,66,66,20.1
2008,5,13,0,30,29.400000000000002,71,119,259,0,3,3,25.34
2008,5,13,1,30,26.700000000000003,0,0,0,0,0,0,33.910000000000004
2008,5,13,2,30,24.900000000000002,0,0,0,0,0,0,39.99
2008,5,13,3,30,23.5,0,0,0,0,0,0,44.99
2008,5,13,4,30,22.3,0,0,0,0,0,0,49.11
2008,5,13,5,30,21.3,0,0,0,0,0,0,52.83
2008,5,13,6,30,20.5,0,0,0,0,0,0,56.29
2008,5,13,7,30,19.700000000000003,0,0,0,0,0,0,60.42
2008,5,13,8,30,19.1,0,0,0,0,0,0,64.35
2008,5,13,9,30,18.6,0,0,0,0,0,0,67.63
2008,5,13,10,30,18.1,0,0,0,0,0,0,70.56
2008,5,13,11,30,17.8,0,0,0,0,0,0,72.12
2008,5,13,12,30,18.8,15,18,56,56,15,18,68.1
2008,5,13,13,30,21.5,88,205,434,434,88,205,56.910000000000004
2008,5,13,14,30,24.700000000000003,128,440,637,637,128,440,39.43
2008,5,13,15,30,27.400000000000002,153,661,742,276,370,559,28.1
2008,5,13,16,30,29.700000000000003,169,840,798,332,442,722,23.94
2008,5,13,17,30,31.400000000000002,181,965,828,343,500,825,22.06
2008,5,13,18,30,32.6,217,1011,797,301,556,856,20.79
2008,5,13,19,30,33.2,223,993,782,510,339,842,20
2008,5,13,20,30,33.300000000000004,226,906,744,480,340,778,19.54
2008,5,13,21,30,32.7,219,757,681,681,219,757,19.56
2008,5,13,22,30,31.400000000000002,202,558,576,145,368,458,20.2
2008,5,13,23,30,29.5,157,334,429,84,244,278,21.8
2008,5,14,0,30,27.1,79,116,201,201,79,116,24.97
2008,5,14,1,30,25,0,0,0,0,0,0,29.1
2008,5,14,2,30,23.400000000000002,0,0,0,0,0,0,32.97
2008,5,14,3,30,22.1,0,0,0,0,0,0,36.89
2008,5,14,4,30,21.1,0,0,0,0,0,0,39.96
2008,5,14,5,30,20.3,0,0,0,0,0,0,41.99
2008,5,14,6,30,19.6,0,0,0,0,0,0,43.56
2008,5,14,7,30,18.900000000000002,0,0,0,0,0,0,45.47
2008,5,14,8,30,18.1,0,0,0,0,0,0,48.04
2008,5,14,9,30,17.7,0,0,0,0,0,0,49.57
2008,5,14,10,30,17.5,0,0,0,0,0,0,50.27
2008,5,14,11,30,17.6,0,0,0,0,0,0,49.910000000000004
2008,5,14,12,30,18.900000000000002,16,18,45,45,16,18,45.89
2008,5,14,13,30,21.8,101,203,376,0,17,17,37.300000000000004
2008,5,14,14,30,24.700000000000003,154,431,563,148,285,358,27.16
2008,5,14,15,30,27.1,187,649,674,253,388,561,21.37
2008,5,14,16,30,29,201,832,750,306,465,722,18.6
2008,5,14,17,30,30.8,201,959,800,347,507,835,16.93
2008,5,14,18,30,32.2,178,1027,852,362,521,881,16.080000000000002
2008,5,14,19,30,33.1,171,1013,854,369,507,870,15.75
2008,5,14,20,30,33.300000000000004,166,929,834,277,501,754,15.950000000000001
2008,5,14,21,30,33.1,140,788,820,0,228,228,16.42
2008,5,14,22,30,32.2,128,588,744,41,264,289,17.67
2008,5,14,23,30,30.6,106,356,608,24,160,170,20.21
2008,5,15,0,30,28.200000000000003,64,128,347,347,64,128,24.98
2008,5,15,1,30,25.8,0,0,0,0,0,0,32.28
2008,5,15,2,30,24,0,0,0,0,0,0,39.81
2008,5,15,3,30,22.8,0,0,0,0,0,0,46.52
2008,5,15,4,30,21.900000000000002,0,0,0,0,0,0,51.08
2008,5,15,5,30,21.400000000000002,0,0,0,0,0,0,53.53
2008,5,15,6,30,21,0,0,0,0,0,0,55.63
2008,5,15,7,30,20.700000000000003,0,0,0,0,0,0,57.25
2008,5,15,8,30,20.3,0,0,0,0,0,0,59.050000000000004
2008,5,15,9,30,20.1,0,0,0,0,0,0,59.980000000000004
2008,5,15,10,30,19.8,0,0,0,0,0,0,61.17
2008,5,15,11,30,19.700000000000003,0,0,0,0,0,0,61.68
2008,5,15,12,30,20.400000000000002,15,17,33,0,14,14,59.17
2008,5,15,13,30,21.900000000000002,104,197,343,43,155,166,53.84
2008,5,15,14,30,23.5,155,422,544,167,247,328,47.47
2008,5,15,15,30,25.1,178,641,674,178,391,513,41.84
2008,5,15,16,30,26.6,195,820,742,742,195,820,37.56
2008,5,15,17,30,27.8,205,944,779,301,514,800,34.46
2008,5,15,18,30,28.5,232,994,764,529,365,893,32.18
2008,5,15,19,30,28.8,246,975,740,9,438,447,30.6
2008,5,15,20,30,29,248,889,701,44,449,489,29.61
2008,5,15,21,30,28.700000000000003,244,740,628,16,294,307,29.810000000000002
2008,5,15,22,30,28.1,218,545,530,0,91,91,30.830000000000002
2008,5,15,23,30,27.200000000000003,166,327,388,29,179,191,32.82
2008,5,16,0,30,25.900000000000002,81,114,174,32,77,83,36.1
2008,5,16,1,30,24.5,0,0,0,0,0,0,40.550000000000004
2008,5,16,2,30,23.200000000000003,0,0,0,0,0,0,45.730000000000004
2008,5,16,3,30,22,0,0,0,0,0,0,51.22
2008,5,16,4,30,20.900000000000002,0,0,0,0,0,0,56.88
2008,5,16,5,30,20,0,0,0,0,0,0,61.78
2008,5,16,6,30,19.200000000000003,0,0,0,0,0,0,66.15
2008,5,16,7,30,18.6,0,0,0,0,0,0,69.77
2008,5,16,8,30,18,0,0,0,0,0,0,73.01
2008,5,16,9,30,17.5,0,0,0,0,0,0,75.71000000000001
2008,5,16,10,30,17,0,0,0,0,0,0,78.54
2008,5,16,11,30,16.7,0,0,0,0,0,0,80.23
2008,5,16,12,30,18.1,18,24,124,0,15,15,73.72
2008,5,16,13,30,21.200000000000003,70,223,560,560,70,223,61.21
2008,5,16,14,30,24.400000000000002,95,463,747,747,95,463,46.22
2008,5,16,15,30,27.1,109,688,844,844,109,688,33.160000000000004
2008,5,16,16,30,29.3,117,873,898,898,117,873,25.82
2008,5,16,17,30,30.900000000000002,123,1000,925,429,454,860,21.86
2008,5,16,18,30,32.2,123,1057,937,457,462,918,19.45
2008,5,16,19,30,32.9,123,1043,933,416,479,889,18.37
2008,5,16,20,30,33.1,121,954,911,320,479,772,18.29
2008,5,16,21,30,32.7,107,806,885,74,352,411,19.27
2008,5,16,22,30,31.5,99,604,815,19,216,228,21.56
2008,5,16,23,30,29.700000000000003,85,370,690,690,85,370,25.29
2008,5,17,0,30,27.3,54,137,440,6,67,68,31.04
2008,5,17,1,30,25,0,0,0,0,0,0,38.18
2008,5,17,2,30,23.1,0,0,0,0,0,0,45.85
2008,5,17,3,30,21.5,0,0,0,0,0,0,53.26
2008,5,17,4,30,20.3,0,0,0,0,0,0,59.72
2008,5,17,5,30,19.400000000000002,0,0,0,0,0,0,64.93
2008,5,17,6,30,18.8,0,0,0,0,0,0,68.56
2008,5,17,7,30,18.2,0,0,0,0,0,0,72.25
2008,5,17,8,30,17.900000000000002,0,0,0,0,0,0,74.66
2008,5,17,9,30,17.7,0,0,0,0,0,0,76.16
2008,5,17,10,30,17.5,0,0,0,0,0,0,77.41
2008,5,17,11,30,17.3,0,0,0,0,0,0,78.67
2008,5,17,12,30,18.6,19,23,96,0,16,16,72.68
2008,5,17,13,30,21.8,76,219,523,13,144,148,58.97
2008,5,17,14,30,25.3,102,458,722,716,104,457,39.800000000000004
2008,5,17,15,30,28,117,684,825,825,117,684,28.84
2008,5,17,16,30,30,127,868,880,308,446,706,23.81
2008,5,17,17,30,31.5,132,995,910,421,458,857,20.64
2008,5,17,18,30,32.6,132,1054,924,924,132,1054,18.36
2008,5,17,19,30,33.1,135,1039,917,917,135,1039,17.07
2008,5,17,20,30,33.2,137,950,888,888,137,950,16.55
2008,5,17,21,30,32.6,132,800,845,65,395,447,17.06
2008,5,17,22,30,31.400000000000002,124,598,764,195,344,465,18.68
2008,5,17,23,30,29.6,105,364,625,203,221,306,21.740000000000002
2008,5,18,0,30,27.3,64,134,366,115,101,123,26.69
2008,5,18,1,30,25.1,0,0,0,0,0,0,33.45
2008,5,18,2,30,23.400000000000002,0,0,0,0,0,0,40.89
2008,5,18,3,30,21.900000000000002,0,0,0,0,0,0,48.38
2008,5,18,4,30,20.6,0,0,0,0,0,0,55.19
2008,5,18,5,30,19.5,0,0,0,0,0,0,61.050000000000004
2008,5,18,6,30,18.6,0,0,0,0,0,0,66.03
2008,5,18,7,30,18,0,0,0,0,0,0,69.59
2008,5,18,8,30,17.400000000000002,0,0,0,0,0,0,72.77
2008,5,18,9,30,17,0,0,0,0,0,0,74.32000000000001
2008,5,18,10,30,16.8,0,0,0,0,0,0,75.2
2008,5,18,11,30,16.8,0,0,0,0,0,0,75.06
2008,5,18,12,30,18.400000000000002,19,24,104,104,19,24,67.6
2008,5,18,13,30,21.6,76,218,519,519,76,218,52.97
2008,5,18,14,30,24.6,105,454,707,707,105,454,40.01
2008,5,18,15,30,26.900000000000002,125,678,804,804,125,678,32.21
2008,5,18,16,30,28.700000000000003,140,859,852,852,140,859,26.85
2008,5,18,17,30,30,154,982,873,873,154,982,23.63
2008,5,18,18,30,31.1,154,1042,891,619,282,900,21.39
2008,5,18,19,30,31.8,154,1028,887,609,299,900,19.98
2008,5,18,20,30,32,152,941,861,213,510,705,19.18
2008,5,18,21,30,31.400000000000002,140,792,824,32,374,399,19.75
2008,5,18,22,30,30.1,130,590,741,221,293,430,22.21
2008,5,18,23,30,28.3,110,359,598,143,230,289,26.3
2008,5,19,0,30,26.3,70,129,310,14,98,100,31.87
2008,5,19,1,30,24.6,0,0,0,0,0,0,38.1
2008,5,19,2,30,23.3,0,0,0,0,0,0,44.300000000000004
2008,5,19,3,30,22.200000000000003,0,0,0,0,0,0,49.99
2008,5,19,4,30,21.200000000000003,0,0,0,0,0,0,55.01
2008,5,19,5,30,20.400000000000002,0,0,0,0,0,0,59.03
2008,5,19,6,30,19.6,0,0,0,0,0,0,62.690000000000005
2008,5,19,7,30,18.7,0,0,0,0,0,0,66.75
2008,5,19,8,30,17.900000000000002,0,0,0,0,0,0,70.31
2008,5,19,9,30,17.400000000000002,0,0,0,0,0,0,72.65
2008,5,19,10,30,16.900000000000002,0,0,0,0,0,0,75.14
2008,5,19,11,30,16.7,0,0,0,0,0,0,76.28
2008,5,19,12,30,18.1,19,25,119,119,19,25,69.92
2008,5,19,13,30,20.900000000000002,71,223,551,551,71,223,57.160000000000004
2008,5,19,14,30,23.6,95,460,739,739,95,460,43.27
2008,5,19,15,30,25.900000000000002,110,684,834,834,110,684,34.47
2008,5,19,16,30,27.5,123,865,881,881,123,865,29.810000000000002
2008,5,19,17,30,28.8,130,991,908,908,130,991,26.7
2008,5,19,18,30,29.900000000000002,128,1051,926,926,128,1051,24.44
2008,5,19,19,30,30.6,128,1038,922,922,128,1038,23.04
2008,5,19,20,30,31,126,951,900,452,348,762,22.07
2008,5,19,21,30,30.700000000000003,110,807,879,12,352,362,22.17
2008,5,19,22,30,29.8,104,604,804,6,172,176,23.44
2008,5,19,23,30,28.3,92,370,668,1,73,74,26.32
2008,5,20,0,30,26.5,61,137,394,0,32,32,30.990000000000002
2008,5,20,1,30,24.8,0,0,0,0,0,0,37.160000000000004
2008,5,20,2,30,23.5,0,0,0,0,0,0,43.45
2008,5,20,3,30,22.200000000000003,0,0,0,0,0,0,49.78
2008,5,20,4,30,20.900000000000002,0,0,0,0,0,0,56.11
2008,5,20,5,30,19.700000000000003,0,0,0,0,0,0,62.29
2008,5,20,6,30,18.8,0,0,0,0,0,0,67.23
2008,5,20,7,30,18.1,0,0,0,0,0,0,71.17
2008,5,20,8,30,17.400000000000002,0,0,0,0,0,0,74.82000000000001
2008,5,20,9,30,16.7,0,0,0,0,0,0,77.88
2008,5,20,10,30,16,0,0,0,0,0,0,79.38
2008,5,20,11,30,15.700000000000001,0,0,0,0,0,0,79.63
2008,5,20,12,30,17,19,27,162,162,19,27,71.99
2008,5,20,13,30,20.1,61,231,616,616,61,231,56.63
2008,5,20,14,30,23.3,79,474,798,472,214,447,42.68
2008,5,20,15,30,25.900000000000002,90,700,887,887,90,700,33.83
2008,5,20,16,30,27.900000000000002,96,884,935,935,96,884,27.27
2008,5,20,17,30,29.5,101,1010,959,959,101,1010,22.79
2008,5,20,18,30,30.700000000000003,115,1065,953,447,468,914,20.1
2008,5,20,19,30,31.400000000000002,118,1047,943,381,495,871,18.59
2008,5,20,20,30,31.6,116,962,924,323,480,775,17.98
2008,5,20,21,30,31.400000000000002,117,808,872,208,439,604,18.01
2008,5,20,22,30,30.5,113,603,788,541,220,557,19.06
2008,5,20,23,30,28.8,100,368,642,63,231,257,21.98
2008,5,21,0,30,26.400000000000002,65,135,357,4,89,90,27.59
2008,5,21,1,30,24.3,0,0,0,0,0,0,35.15
2008,5,21,2,30,22.700000000000003,0,0,0,0,0,0,43.36
2008,5,21,3,30,21.5,0,0,0,0,0,0,50.33
2008,5,21,4,30,20.5,0,0,0,0,0,0,55.1
2008,5,21,5,30,19.5,0,0,0,0,0,0,58.92
2008,5,21,6,30,18.6,0,0,0,0,0,0,61.97
2008,5,21,7,30,17.8,0,0,0,0,0,0,64.59
2008,5,21,8,30,17.1,0,0,0,0,0,0,66.11
2008,5,21,9,30,16.400000000000002,0,0,0,0,0,0,68.26
2008,5,21,10,30,15.700000000000001,0,0,0,0,0,0,70.61
2008,5,21,11,30,15.3,0,0,0,0,0,0,71.66
2008,5,21,12,30,16.7,20,26,123,0,8,8,64.74
2008,5,21,13,30,19.8,69,226,564,199,141,196,50.44
2008,5,21,14,30,22.900000000000002,91,467,759,28,238,252,36.49
2008,5,21,15,30,25.700000000000003,104,692,855,137,384,479,28.26
2008,5,21,16,30,27.900000000000002,111,879,912,375,421,737,24.12
2008,5,21,17,30,29.6,114,1006,941,433,452,862,21.23
2008,5,21,18,30,30.900000000000002,121,1063,945,454,469,921,18.84
2008,5,21,19,30,31.6,122,1049,940,418,483,895,17.21
2008,5,21,20,30,31.900000000000002,121,961,917,322,484,779,16.15
2008,5,21,21,30,31.5,118,811,875,273,428,644,15.97
2008,5,21,22,30,30.5,114,606,790,223,341,480,16.8
2008,5,21,23,30,28.900000000000002,98,372,654,163,230,298,19
2008,5,22,0,30,26.400000000000002,64,139,380,380,64,139,23.54
2008,5,22,1,30,24,0,0,0,0,0,0,30.12
2008,5,22,2,30,22.1,0,0,0,0,0,0,37.67
2008,5,22,3,30,20.5,0,0,0,0,0,0,45.53
2008,5,22,4,30,19.200000000000003,0,0,0,0,0,0,51.93
2008,5,22,5,30,18.1,0,0,0,0,0,0,56.300000000000004
2008,5,22,6,30,17.1,0,0,0,0,0,0,60.33
2008,5,22,7,30,16.1,0,0,0,0,0,0,64.96000000000001
2008,5,22,8,30,15.3,0,0,0,0,0,0,68.88
2008,5,22,9,30,14.700000000000001,0,0,0,0,0,0,71.97
2008,5,22,10,30,14.3,0,0,0,0,0,0,74.01
2008,5,22,11,30,14.200000000000001,0,0,0,0,0,0,74.66
2008,5,22,12,30,15.5,20,29,171,171,20,29,68.75
2008,5,22,13,30,18.6,61,236,632,632,61,236,53.980000000000004
2008,5,22,14,30,21.8,79,481,811,811,79,481,38.800000000000004
2008,5,22,15,30,24.5,88,709,902,902,88,709,29.23
2008,5,22,16,30,26.900000000000002,95,895,949,949,95,895,23.01
2008,5,22,17,30,28.700000000000003,99,1022,974,974,99,1022,19.27
2008,5,22,18,30,30.1,112,1077,968,968,112,1077,16.830000000000002
2008,5,22,19,30,31,112,1064,965,965,112,1064,15.290000000000001
2008,5,22,20,30,31.3,110,978,947,342,482,795,14.63
2008,5,22,21,30,31,103,826,912,266,431,642,14.73
2008,5,22,22,30,29.900000000000002,95,624,849,227,341,482,15.88
2008,5,22,23,30,28.200000000000003,80,387,730,2,151,152,18.330000000000002
2008,5,23,0,30,25.5,53,148,482,75,105,120,23.3
2008,5,23,1,30,22.700000000000003,0,0,0,0,0,0,31.34
2008,5,23,2,30,20.700000000000003,0,0,0,0,0,0,40.410000000000004
2008,5,23,3,30,19.200000000000003,0,0,0,0,0,0,49.02
2008,5,23,4,30,17.900000000000002,0,0,0,0,0,0,56.230000000000004
2008,5,23,5,30,16.900000000000002,0,0,0,0,0,0,62.03
2008,5,23,6,30,15.9,0,0,0,0,0,0,68.18
2008,5,23,7,30,15.100000000000001,0,0,0,0,0,0,73.49
2008,5,23,8,30,14.5,0,0,0,0,0,0,77.75
2008,5,23,9,30,14,0,0,0,0,0,0,81.14
2008,5,23,10,30,13.5,0,0,0,0,0,0,84.28
2008,5,23,11,30,13.5,0,0,0,0,0,0,84.26
2008,5,23,12,30,14.700000000000001,21,30,166,166,21,30,77.58
2008,5,23,13,30,17.400000000000002,63,240,636,636,63,240,64.19
2008,5,23,14,30,20.900000000000002,77,490,832,832,77,490,47.96
2008,5,23,15,30,24.6,84,721,925,925,84,721,28.97
2008,5,23,16,30,27.400000000000002,90,907,970,970,90,907,19.32
2008,5,23,17,30,29.400000000000002,93,1036,995,995,93,1036,15.14
2008,5,23,18,30,31,97,1095,1001,546,426,970,12.63
2008,5,23,19,30,32,96,1082,999,999,96,1082,11.13
2008,5,23,20,30,32.5,93,996,985,985,93,996,10.26
2008,5,23,21,30,32.4,88,846,956,956,88,846,9.91
2008,5,23,22,30,31.700000000000003,79,642,902,902,79,642,10.14
2008,5,23,23,30,30,67,402,797,797,67,402,11.370000000000001
2008,5,24,0,30,27.1,46,159,573,573,46,159,14.950000000000001
2008,5,24,1,30,23.900000000000002,0,0,0,0,0,0,22.16
2008,5,24,2,30,21.700000000000003,0,0,0,0,0,0,30.23
2008,5,24,3,30,20.3,0,0,0,0,0,0,39.72
2008,5,24,4,30,19.1,0,0,0,0,0,0,49.94
2008,5,24,5,30,17.900000000000002,0,0,0,0,0,0,60.31
2008,5,24,6,30,16.8,0,0,0,0,0,0,68.51
2008,5,24,7,30,15.8,0,0,0,0,0,0,75.65
2008,5,24,8,30,15,0,0,0,0,0,0,81.60000000000001
2008,5,24,9,30,14.4,0,0,0,0,0,0,85.86
2008,5,24,10,30,14,0,0,0,0,0,0,88.54
2008,5,24,11,30,13.8,0,0,0,0,0,0,89.35000000000001
2008,5,24,12,30,15.3,20,28,159,159,20,28,80.73
2008,5,24,13,30,18.6,65,232,603,603,65,232,63.85
2008,5,24,14,30,22.6,83,473,786,786,83,473,45.27
2008,5,24,15,30,26.5,95,698,876,876,95,698,30.57
2008,5,24,16,30,29.700000000000003,102,884,928,388,415,743,22.14
2008,5,24,17,30,32,108,1011,953,431,454,863,17.48
2008,5,24,18,30,33.5,138,1058,924,420,495,914,15.24
2008,5,24,19,30,34.5,137,1044,920,370,514,879,13.96
2008,5,24,20,30,34.9,134,957,897,308,496,778,13.3
2008,5,24,21,30,34.800000000000004,136,804,842,557,241,683,13.15
2008,5,24,22,30,34.1,124,602,765,421,237,500,13.52
2008,5,24,23,30,32.6,104,371,634,40,228,245,14.71
2008,5,25,0,30,29.6,65,140,379,1,80,81,18.68
2008,5,25,1,30,26.3,0,0,0,0,0,0,26.29
2008,5,25,2,30,24.1,0,0,0,0,0,0,34.88
2008,5,25,3,30,22.5,0,0,0,0,0,0,45.12
2008,5,25,4,30,21.200000000000003,0,0,0,0,0,0,53.980000000000004
2008,5,25,5,30,20.200000000000003,0,0,0,0,0,0,60.620000000000005
2008,5,25,6,30,19.400000000000002,0,0,0,0,0,0,65.75
2008,5,25,7,30,18.6,0,0,0,0,0,0,70.96000000000001
2008,5,25,8,30,18,0,0,0,0,0,0,75.07000000000001
2008,5,25,9,30,17.7,0,0,0,0,0,0,77.02
2008,5,25,10,30,17.400000000000002,0,0,0,0,0,0,78.5
2008,5,25,11,30,17.400000000000002,0,0,0,0,0,0,78.12
2008,5,25,12,30,18.900000000000002,18,20,37,37,18,20,71.64
2008,5,25,13,30,22.200000000000003,103,204,360,360,103,204,58.56
2008,5,25,14,30,25.6,147,431,572,572,147,431,46.15
2008,5,25,15,30,28.3,169,650,698,698,169,650,37.31
2008,5,25,16,30,30.400000000000002,182,832,772,772,182,832,31.2
2008,5,25,17,30,32,189,959,813,370,492,843,26.88
2008,5,25,18,30,33.1,217,1008,793,396,514,908,23.95
2008,5,25,19,30,33.7,217,995,789,313,547,856,22.02
2008,5,25,20,30,33.800000000000004,215,909,756,274,519,771,21
2008,5,25,21,30,33.4,195,771,724,230,454,637,20.91
2008,5,25,22,30,32.4,180,573,628,628,180,573,21.97
2008,5,25,23,30,30.8,144,350,487,487,144,350,24.37
2008,5,26,0,30,28.5,82,130,241,241,82,130,28.97
2008,5,26,1,30,26.1,0,0,0,0,0,0,36.33
2008,5,26,2,30,24.200000000000003,0,0,0,0,0,0,45.26
2008,5,26,3,30,22.700000000000003,0,0,0,0,0,0,53.81
2008,5,26,4,30,21.5,0,0,0,0,0,0,60.56
2008,5,26,5,30,20.8,0,0,0,0,0,0,64.52
2008,5,26,6,30,20.400000000000002,0,0,0,0,0,0,66.51
2008,5,26,7,30,20.200000000000003,0,0,0,0,0,0,67.45
2008,5,26,8,30,20,0,0,0,0,0,0,68.35000000000001
2008,5,26,9,30,19.8,0,0,0,0,0,0,69.19
2008,5,26,10,30,19.5,0,0,0,0,0,0,70.29
2008,5,26,11,30,19.3,0,0,0,0,0,0,71.11
2008,5,26,12,30,20.3,19,21,35,35,19,21,66.86
2008,5,26,13,30,23,103,206,369,25,156,163,56.1
2008,5,26,14,30,26.200000000000003,142,435,589,589,142,435,41.37
2008,5,26,15,30,29,163,653,712,712,163,653,29.13
2008,5,26,16,30,31.1,174,834,784,305,452,710,24.37
2008,5,26,17,30,32.800000000000004,182,959,820,820,182,959,21.55
2008,5,26,18,30,33.9,245,995,753,351,541,891,19.87
2008,5,26,19,30,34.5,255,981,736,736,255,981,18.87
2008,5,26,20,30,34.7,256,894,695,695,256,894,18.34
2008,5,26,21,30,34.6,209,763,698,698,209,763,18.11
2008,5,26,22,30,33.800000000000004,192,568,601,601,192,568,18.8
2008,5,26,23,30,32.300000000000004,159,345,440,440,159,345,20.68
2008,5,27,0,30,29.900000000000002,88,126,187,39,115,123,24.73
2008,5,27,1,30,27.5,0,0,0,0,0,0,30.95
2008,5,27,2,30,25.900000000000002,0,0,0,0,0,0,37.96
2008,5,27,3,30,24.6,0,0,0,0,0,0,45.18
2008,5,27,4,30,23.700000000000003,0,0,0,0,0,0,50.49
2008,5,27,5,30,23.1,0,0,0,0,0,0,53.870000000000005
2008,5,27,6,30,22.700000000000003,0,0,0,0,0,0,56
2008,5,27,7,30,22.3,0,0,0,0,0,0,57.83
2008,5,27,8,30,21.8,0,0,0,0,0,0,59.95
2008,5,27,9,30,21.5,0,0,0,0,0,0,61.42
2008,5,27,10,30,21.200000000000003,0,0,0,0,0,0,62.83
2008,5,27,11,30,20.900000000000002,0,0,0,0,0,0,64.25
2008,5,27,12,30,21.6,14,15,15,15,14,15,62.230000000000004
2008,5,27,13,30,23.6,117,195,278,278,117,195,55.77
2008,5,27,14,30,26.400000000000002,165,423,519,519,165,423,45.980000000000004
2008,5,27,15,30,29.200000000000003,182,642,668,668,182,642,37.25
2008,5,27,16,30,31.5,185,822,756,756,185,822,30.650000000000002
2008,5,27,17,30,33.2,187,950,805,322,507,812,26
2008,5,27,18,30,34.4,221,996,778,318,547,865,23.02
2008,5,27,19,30,35,230,980,761,761,230,980,21.330000000000002
2008,5,27,20,30,35.2,230,898,728,246,526,751,20.41
2008,5,27,21,30,34.9,198,760,707,190,458,609,20.1
2008,5,27,22,30,34,178,571,626,131,364,446,20.77
2008,5,27,23,30,32.4,139,352,502,17,159,166,23.04
2008,5,28,0,30,29.700000000000003,78,135,280,237,80,128,28.740000000000002
2008,5,28,1,30,27,0,0,0,0,0,0,37.76
2008,5,28,2,30,25.1,0,0,0,0,0,0,47.75
2008,5,28,3,30,23.8,0,0,0,0,0,0,55.75
2008,5,28,4,30,23.1,0,0,0,0,0,0,60.11
2008,5,28,5,30,22.900000000000002,0,0,0,0,0,0,61.09
2008,5,28,6,30,22.5,0,0,0,0,0,0,62.26
2008,5,28,7,30,21.700000000000003,0,0,0,0,0,0,64.61
2008,5,28,8,30,20.8,0,0,0,0,0,0,66.64
2008,5,28,9,30,20,0,0,0,0,0,0,68.5
2008,5,28,10,30,19.200000000000003,0,0,0,0,0,0,70.93
2008,5,28,11,30,18.900000000000002,0,0,0,0,0,0,71.75
2008,5,28,12,30,19.8,21,26,90,90,21,26,67.3
2008,5,28,13,30,22.3,84,218,479,479,84,218,56.230000000000004
2008,5,28,14,30,25.3,114,451,678,678,114,451,45.59
2008,5,28,15,30,28,127,672,791,791,127,672,38.480000000000004
2008,5,28,16,30,30.3,131,855,860,341,431,718,32.2
2008,5,28,17,30,32.2,134,982,896,390,467,837,26.53
2008,5,28,18,30,33.7,143,1038,898,431,475,905,22.44
2008,5,28,19,30,34.5,142,1025,895,356,508,858,19.990000000000002
2008,5,28,20,30,34.800000000000004,142,941,871,325,482,780,18.490000000000002
2008,5,28,21,30,34.6,119,802,858,241,432,623,17.69
2008,5,28,22,30,34,110,607,791,238,336,485,17.31
2008,5,28,23,30,32.6,91,380,679,679,91,380,17.79
2008,5,29,0,30,29.5,57,150,458,458,57,150,21.3
2008,5,29,1,30,26.200000000000003,0,0,0,0,0,0,29.85
2008,5,29,2,30,24.5,0,0,0,0,0,0,36.99
2008,5,29,3,30,23.6,0,0,0,0,0,0,42.980000000000004
2008,5,29,4,30,22.8,0,0,0,0,0,0,47.37
2008,5,29,5,30,21.700000000000003,0,0,0,0,0,0,51.7
2008,5,29,6,30,20.5,0,0,0,0,0,0,56.910000000000004
2008,5,29,7,30,19.6,0,0,0,0,0,0,61.57
2008,5,29,8,30,18.900000000000002,0,0,0,0,0,0,65.96000000000001
2008,5,29,9,30,18.3,0,0,0,0,0,0,69.56
2008,5,29,10,30,17.8,0,0,0,0,0,0,72.26
2008,5,29,11,30,17.400000000000002,0,0,0,0,0,0,74.21000000000001
2008,5,29,12,30,18.3,21,28,113,113,21,28,69.7
2008,5,29,13,30,20.6,73,228,552,552,73,228,57.230000000000004
2008,5,29,14,30,23.400000000000002,92,469,759,260,256,385,41.59
2008,5,29,15,30,26.3,99,697,869,393,329,599,30.09
2008,5,29,16,30,28.8,102,885,931,931,102,885,22.31
2008,5,29,17,30,30.900000000000002,104,1014,961,384,475,839,17.42
2008,5,29,18,30,32.300000000000004,110,1068,961,505,436,940,15.030000000000001
2008,5,29,19,30,33.300000000000004,110,1056,960,374,501,871,13.77
2008,5,29,20,30,33.7,107,973,943,355,470,797,13.23
2008,5,29,21,30,33.7,99,827,915,285,423,650,12.93
2008,5,29,22,30,33.2,90,629,857,322,315,517,12.83
2008,5,29,23,30,32,76,397,753,249,217,323,13.31
2008,5,30,0,30,29,51,161,534,96,109,128,15.83
2008,5,30,1,30,25.5,0,0,0,0,0,0,22.97
2008,5,30,2,30,23.400000000000002,0,0,0,0,0,0,29.830000000000002
2008,5,30,3,30,21.900000000000002,0,0,0,0,0,0,37.300000000000004
2008,5,30,4,30,20.900000000000002,0,0,0,0,0,0,44.160000000000004
2008,5,30,5,30,20.400000000000002,0,0,0,0,0,0,48.69
2008,5,30,6,30,19.8,0,0,0,0,0,0,52.61
2008,5,30,7,30,18.8,0,0,0,0,0,0,57.58
2008,5,30,8,30,17.900000000000002,0,0,0,0,0,0,61.980000000000004
2008,5,30,9,30,17.2,0,0,0,0,0,0,65.78
2008,5,30,10,30,16.8,0,0,0,0,0,0,68.45
2008,5,30,11,30,16.7,0,0,0,0,0,0,69.9
2008,5,30,12,30,18.2,21,29,145,145,21,29,64.56
2008,5,30,13,30,21.3,69,227,562,562,69,227,54.660000000000004
2008,5,30,14,30,24.5,92,461,743,743,92,461,45.56
2008,5,30,15,30,27.400000000000002,105,682,838,385,325,589,36.97
2008,5,30,16,30,29.6,114,862,889,396,402,736,29.84
2008,5,30,17,30,31.3,122,983,910,398,457,834,25
2008,5,30,18,30,32.4,129,1038,913,457,451,906,22.18
2008,5,30,19,30,33,134,1024,901,355,500,851,20.55
2008,5,30,20,30,33.1,140,938,869,293,486,755,19.84
2008,5,30,21,30,32.7,143,787,809,269,426,640,19.990000000000002
2008,5,30,22,30,31.6,137,589,719,241,337,489,21.62
2008,5,30,23,30,29.900000000000002,114,365,585,264,195,308,25.01
2008,5,31,0,30,27.8,70,142,347,123,111,137,30.54
2008,5,31,1,30,25.5,0,0,0,0,0,0,39.84
2008,5,31,2,30,23.900000000000002,0,0,0,0,0,0,49.94
2008,5,31,3,30,22.8,0,0,0,0,0,0,58.61
2008,5,31,4,30,22.200000000000003,0,0,0,0,0,0,63.99
2008,5,31,5,30,21.8,0,0,0,0,0,0,67.13
2008,5,31,6,30,21.400000000000002,0,0,0,0,0,0,69.67
2008,5,31,7,30,21,0,0,0,0,0,0,71.96000000000001
2008,5,31,8,30,20.6,0,0,0,0,0,0,74.15
2008,5,31,9,30,20.200000000000003,0,0,0,0,0,0,76.3
2008,5,31,10,30,19.8,0,0,0,0,0,0,78.42
2008,5,31,11,30,19.6,0,0,0,0,0,0,79.44
2008,5,31,12,30,20.3,20,23,51,51,20,23,75.95
2008,5,31,13,30,21.900000000000002,94,206,399,399,94,206,68.01
2008,5,31,14,30,23.700000000000003,130,430,603,603,130,430,58.88
2008,5,31,15,30,25.200000000000003,152,641,712,712,152,641,51.99
2008,5,31,16,30,26.3,167,816,772,317,431,697,47
2008,5,31,17,30,27.200000000000003,176,938,805,805,176,938,42.88
2008,5,31,18,30,28,177,998,824,397,480,875,39.28
2008,5,31,19,30,28.6,175,988,824,325,508,829,36.36
2008,5,31,20,30,29,165,912,813,267,490,735,34.35
2008,5,31,21,30,29,155,771,772,398,292,609,33.6
2008,5,31,22,30,28.700000000000003,132,586,721,434,228,501,33.96
2008,5,31,23,30,28,104,366,611,39,179,196,35.51
2008,6,1,0,30,26.5,67,144,373,4,62,63,39.56
2008,6,1,1,30,24.8,0,0,0,0,0,0,45.44
2008,6,1,2,30,23.700000000000003,0,0,0,0,0,0,50.27
2008,6,1,3,30,22.900000000000002,0,0,0,0,0,0,54.08
2008,6,1,4,30,22.200000000000003,0,0,0,0,0,0,57.6
2008,6,1,5,30,21.700000000000003,0,0,0,0,0,0,60.47
2008,6,1,6,30,21.200000000000003,0,0,0,0,0,0,63.120000000000005
2008,6,1,7,30,20.700000000000003,0,0,0,0,0,0,65.61
2008,6,1,8,30,20,0,0,0,0,0,0,69.05
2008,6,1,9,30,19.200000000000003,0,0,0,0,0,0,73.26
2008,6,1,10,30,18.7,0,0,0,0,0,0,76.22
2008,6,1,11,30,18.5,0,0,0,0,0,0,77.54
2008,6,1,12,30,20.1,21,28,114,114,21,28,70.2
2008,6,1,13,30,23.3,75,221,520,70,155,174,56.21
2008,6,1,14,30,26.400000000000002,100,454,713,713,100,454,44.44
2008,6,1,15,30,29.1,113,672,813,813,113,672,36.57
2008,6,1,16,30,31.400000000000002,120,855,873,361,415,718,30.18
2008,6,1,17,30,33.300000000000004,125,980,904,394,457,830,25.060000000000002
2008,6,1,18,30,34.6,132,1038,910,447,460,904,21.52
2008,6,1,19,30,35.5,132,1027,906,370,495,860,19.06
2008,6,1,20,30,35.9,129,946,888,297,485,758,18.22
2008,6,1,21,30,35.800000000000004,116,806,865,243,430,625,17.37
2008,6,1,22,30,35.1,107,611,799,286,323,503,17.07
2008,6,1,23,30,33.800000000000004,90,384,685,685,90,384,17.44
2008,6,2,0,30,31.200000000000003,58,156,464,464,58,156,19.67
2008,6,2,1,30,28.6,0,0,0,0,0,0,24.38
2008,6,2,2,30,26.8,0,0,0,0,0,0,28.900000000000002
2008,6,2,3,30,25,0,0,0,0,0,0,34.33
2008,6,2,4,30,23.200000000000003,0,0,0,0,0,0,40.29
2008,6,2,5,30,22,0,0,0,0,0,0,45.13
2008,6,2,6,30,21.200000000000003,0,0,0,0,0,0,49.67
2008,6,2,7,30,20.6,0,0,0,0,0,0,54.120000000000005
2008,6,2,8,30,20,0,0,0,0,0,0,58.51
2008,6,2,9,30,19.400000000000002,0,0,0,0,0,0,62.53
2008,6,2,10,30,18.8,0,0,0,0,0,0,66.44
2008,6,2,11,30,18.5,0,0,0,0,0,0,69.01
2008,6,2,12,30,19.8,21,30,146,146,21,30,64.55
2008,6,2,13,30,22.8,69,229,571,571,69,229,53.06
2008,6,2,14,30,26,88,467,763,763,88,467,41.51
2008,6,2,15,30,28.900000000000002,96,694,870,392,325,595,33.21
2008,6,2,16,30,31.400000000000002,99,881,930,387,412,737,25.54
2008,6,2,17,30,33.5,99,1013,966,442,445,863,19.25
2008,6,2,18,30,35.1,104,1075,975,497,443,939,14.96
2008,6,2,19,30,36.2,100,1064,977,417,483,894,12.24
2008,6,2,20,30,36.7,96,986,968,391,459,819,10.65
2008,6,2,21,30,36.6,89,841,942,353,404,686,9.91
2008,6,2,22,30,35.9,81,643,890,329,316,523,9.85
2008,6,2,23,30,34.5,68,409,791,288,212,336,10.33
2008,6,3,0,30,31.1,47,170,581,144,109,139,13.39
2008,6,3,1,30,27.400000000000002,0,0,0,0,0,0,21
2008,6,3,2,30,25.1,0,0,0,0,0,0,28.13
2008,6,3,3,30,23.400000000000002,0,0,0,0,0,0,36.03
2008,6,3,4,30,22.400000000000002,0,0,0,0,0,0,42.18
2008,6,3,5,30,21.700000000000003,0,0,0,0,0,0,47.12
2008,6,3,6,30,21.1,0,0,0,0,0,0,51.65
2008,6,3,7,30,20.400000000000002,0,0,0,0,0,0,55.92
2008,6,3,8,30,19.6,0,0,0,0,0,0,60.08
2008,6,3,9,30,18.900000000000002,0,0,0,0,0,0,63.93
2008,6,3,10,30,18.1,0,0,0,0,0,0,68.08
2008,6,3,11,30,17.7,0,0,0,0,0,0,70.42
2008,6,3,12,30,19,20,33,239,239,20,33,65.68
2008,6,3,13,30,22.200000000000003,55,242,666,666,55,242,52.99
2008,6,3,14,30,25.900000000000002,70,484,833,833,70,484,37.64
2008,6,3,15,30,29.200000000000003,78,710,919,480,297,627,24.48
2008,6,3,16,30,31.700000000000003,84,897,967,415,402,751,17.02
2008,6,3,17,30,33.6,87,1024,990,450,443,868,13.44
2008,6,3,18,30,35,95,1086,996,490,452,939,11.370000000000001
2008,6,3,19,30,35.9,96,1074,992,397,497,889,10.07
2008,6,3,20,30,36.300000000000004,94,988,972,664,318,928,9.370000000000001
2008,6,3,21,30,36.2,91,841,938,938,91,841,9.15
2008,6,3,22,30,35.5,83,643,885,316,321,521,9.41
2008,6,3,23,30,34,71,410,784,260,219,332,10.35
2008,6,4,0,30,30.8,50,169,564,135,110,139,13.790000000000001
2008,6,4,1,30,27.1,0,0,0,0,0,0,22.01
2008,6,4,2,30,24.5,0,0,0,0,0,0,31.23
2008,6,4,3,30,22.700000000000003,0,0,0,0,0,0,43.64
2008,6,4,4,30,21.5,0,0,0,0,0,0,55.52
2008,6,4,5,30,20.700000000000003,0,0,0,0,0,0,64.46000000000001
2008,6,4,6,30,20.200000000000003,0,0,0,0,0,0,70.06
2008,6,4,7,30,19.700000000000003,0,0,0,0,0,0,74.34
2008,6,4,8,30,19.3,0,0,0,0,0,0,77.49
2008,6,4,9,30,18.900000000000002,0,0,0,0,0,0,80.22
2008,6,4,10,30,18.6,0,0,0,0,0,0,82.27
2008,6,4,11,30,18.7,0,0,0,0,0,0,82.15
2008,6,4,12,30,19.900000000000002,23,26,59,59,23,26,76.55
2008,6,4,13,30,22.6,90,213,440,440,90,213,64.77
2008,6,4,14,30,26,118,443,655,655,118,443,50.95
2008,6,4,15,30,29,131,663,775,775,131,663,40.1
2008,6,4,16,30,31.3,135,844,844,844,135,844,32.94
2008,6,4,17,30,33.1,134,969,883,883,134,969,27.71
2008,6,4,18,30,34.300000000000004,135,1030,899,461,446,905,24.23
2008,6,4,19,30,35,141,1016,886,886,141,1016,21.91
2008,6,4,20,30,35.2,144,932,856,856,144,932,20.56
2008,6,4,21,30,35,133,790,822,822,133,790,20.19
2008,6,4,22,30,33.800000000000004,128,595,738,195,345,469,21.5
2008,6,4,23,30,31.8,108,372,609,609,108,372,25.01
2008,6,5,0,30,28.8,69,148,368,106,111,134,32.74
2008,6,5,1,30,25.700000000000003,0,0,0,0,0,0,45.15
2008,6,5,2,30,23.5,0,0,0,0,0,0,57.31
2008,6,5,3,30,22.200000000000003,0,0,0,0,0,0,64.66
2008,6,5,4,30,21.400000000000002,0,0,0,0,0,0,68.46000000000001
2008,6,5,5,30,20.900000000000002,0,0,0,0,0,0,70.32000000000001
2008,6,5,6,30,20.400000000000002,0,0,0,0,0,0,72.3
2008,6,5,7,30,20,0,0,0,0,0,0,73.86
2008,6,5,8,30,19.700000000000003,0,0,0,0,0,0,75.06
2008,6,5,9,30,19.3,0,0,0,0,0,0,76.57000000000001
2008,6,5,10,30,18.900000000000002,0,0,0,0,0,0,78.21000000000001
2008,6,5,11,30,18.5,0,0,0,0,0,0,80.07000000000001
2008,6,5,12,30,19.200000000000003,22,25,53,53,22,25,76.56
2008,6,5,13,30,21.3,94,212,423,423,94,212,65.68
2008,6,5,14,30,24.200000000000003,123,444,648,648,123,444,51.38
2008,6,5,15,30,27.200000000000003,139,663,765,765,139,663,37.27
2008,6,5,16,30,29.8,148,846,831,831,148,846,29.28
2008,6,5,17,30,31.900000000000002,149,972,871,871,149,972,25.07
2008,6,5,18,30,33.6,154,1033,884,455,464,917,22.31
2008,6,5,19,30,34.800000000000004,153,1021,880,369,503,867,20.25
2008,6,5,20,30,35.300000000000004,152,940,856,313,489,777,19.03
2008,6,5,21,30,35.2,140,797,822,565,324,776,18.64
2008,6,5,22,30,34.4,137,598,728,203,349,478,19.28
2008,6,5,23,30,32.800000000000004,123,370,570,570,123,370,21.21
2008,6,6,0,30,30.1,80,146,310,310,80,146,25.73
2008,6,6,1,30,27.200000000000003,0,0,0,0,0,0,33.55
2008,6,6,2,30,24.900000000000002,0,0,0,0,0,0,43.53
2008,6,6,3,30,23.1,0,0,0,0,0,0,53.410000000000004
2008,6,6,4,30,22,0,0,0,0,0,0,60.120000000000005
2008,6,6,5,30,21.200000000000003,0,0,0,0,0,0,64.43
2008,6,6,6,30,20.700000000000003,0,0,0,0,0,0,66.91
2008,6,6,7,30,20.200000000000003,0,0,0,0,0,0,69.47
2008,6,6,8,30,19.8,0,0,0,0,0,0,71.52
2008,6,6,9,30,19.400000000000002,0,0,0,0,0,0,73.78
2008,6,6,10,30,18.900000000000002,0,0,0,0,0,0,76.57000000000001
2008,6,6,11,30,18.7,0,0,0,0,0,0,77.98
2008,6,6,12,30,19.400000000000002,22,25,52,52,22,25,75.13
2008,6,6,13,30,21.5,93,208,413,413,93,208,65.74
2008,6,6,14,30,24.200000000000003,127,433,617,617,127,433,54.77
2008,6,6,15,30,27.1,146,647,730,730,146,647,44.39
2008,6,6,16,30,29.700000000000003,157,824,794,794,157,824,35.6
2008,6,6,17,30,31.700000000000003,169,945,821,821,169,945,30.23
2008,6,6,18,30,32.800000000000004,154,1012,862,381,486,865,27.86
2008,6,6,19,30,33.1,163,998,846,731,222,944,27.03
2008,6,6,20,30,33,165,917,817,615,322,888,26.740000000000002
2008,6,6,21,30,32.300000000000004,123,790,833,833,123,790,27.560000000000002
2008,6,6,22,30,31.3,120,595,749,203,338,467,29.62
2008,6,6,23,30,30,103,373,622,122,235,288,32.9
2008,6,7,0,30,28,69,150,374,97,113,134,38.65
2008,6,7,1,30,25.900000000000002,0,0,0,0,0,0,47.86
2008,6,7,2,30,24.200000000000003,0,0,0,0,0,0,58.19
2008,6,7,3,30,23,0,0,0,0,0,0,65.76
2008,6,7,4,30,22.1,0,0,0,0,0,0,71.12
2008,6,7,5,30,21.5,0,0,0,0,0,0,75.63
2008,6,7,6,30,21.1,0,0,0,0,0,0,79.32000000000001
2008,6,7,7,30,20.700000000000003,0,0,0,0,0,0,82.18
2008,6,7,8,30,20.5,0,0,0,0,0,0,83.37
2008,6,7,9,30,20.3,0,0,0,0,0,0,84.26
2008,6,7,10,30,20,0,0,0,0,0,0,85.41
2008,6,7,11,30,20,0,0,0,0,0,0,85.05
2008,6,7,12,30,20.700000000000003,22,26,74,0,6,6,81.03
2008,6,7,13,30,22.5,81,212,466,43,125,137,72.56
2008,6,7,14,30,24.8,106,439,672,175,261,347,59.95
2008,6,7,15,30,26.900000000000002,124,651,767,312,337,551,49.68
2008,6,7,16,30,28.5,139,825,817,817,139,825,43.480000000000004
2008,6,7,17,30,29.700000000000003,144,948,851,851,144,948,39.160000000000004
2008,6,7,18,30,30.5,168,999,834,834,168,999,36.01
2008,6,7,19,30,30.900000000000002,165,990,837,837,165,990,34.07
2008,6,7,20,30,30.8,157,914,822,822,157,914,33.64
2008,6,7,21,30,30.200000000000003,129,782,815,815,129,782,34.9
2008,6,7,22,30,29.200000000000003,117,594,752,478,227,531,37.88
2008,6,7,23,30,27.700000000000003,98,374,633,114,202,252,43.33
2008,6,8,0,30,25.8,66,152,395,119,109,135,54.83
2008,6,8,1,30,24.1,0,0,0,0,0,0,67.75
2008,6,8,2,30,22.900000000000002,0,0,0,0,0,0,74.87
2008,6,8,3,30,22.1,0,0,0,0,0,0,79.88
2008,6,8,4,30,21.400000000000002,0,0,0,0,0,0,84.19
2008,6,8,5,30,20.900000000000002,0,0,0,0,0,0,85.98
2008,6,8,6,30,20.5,0,0,0,0,0,0,86.95
2008,6,8,7,30,20.200000000000003,0,0,0,0,0,0,87.86
2008,6,8,8,30,19.900000000000002,0,0,0,0,0,0,89.67
2008,6,8,9,30,19.6,0,0,0,0,0,0,90.66
2008,6,8,10,30,19.400000000000002,0,0,0,0,0,0,91.34
2008,6,8,11,30,19.3,0,0,0,0,0,0,90.99
2008,6,8,12,30,19.8,21,26,86,0,5,5,87.5
2008,6,8,13,30,21.400000000000002,78,210,471,0,51,51,78.3
2008,6,8,14,30,23.5,105,434,666,0,126,126,67.3
2008,6,8,15,30,25.400000000000002,119,647,771,171,365,482,58.17
2008,6,8,16,30,27,125,824,833,833,125,824,51.51
2008,6,8,17,30,28.3,128,947,868,401,431,810,46.39
2008,6,8,18,30,29,158,994,840,840,158,994,43.02
2008,6,8,19,30,28.8,159,983,836,836,159,983,42.37
2008,6,8,20,30,27.900000000000002,161,903,805,269,481,729,44.84
2008,6,8,21,30,26.700000000000003,154,764,761,512,267,678,49.29
2008,6,8,22,30,25.400000000000002,149,574,668,465,238,533,55.44
2008,6,8,23,30,24,129,357,521,168,210,284,63.03
2008,6,9,0,30,22.8,82,142,273,273,82,142,71.06
2008,6,9,1,30,21.900000000000002,0,0,0,0,0,0,77.24
2008,6,9,2,30,21.200000000000003,0,0,0,0,0,0,82.24
2008,6,9,3,30,20.8,0,0,0,0,0,0,85.27
2008,6,9,4,30,20.400000000000002,0,0,0,0,0,0,87.83
2008,6,9,5,30,20.1,0,0,0,0,0,0,89.71000000000001
2008,6,9,6,30,19.900000000000002,0,0,0,0,0,0,90.87
2008,6,9,7,30,19.6,0,0,0,0,0,0,91.58
2008,6,9,8,30,19.3,0,0,0,0,0,0,92.3
2008,6,9,9,30,19,0,0,0,0,0,0,92.62
2008,6,9,10,30,18.8,0,0,0,0,0,0,92.21000000000001
2008,6,9,11,30,18.7,0,0,0,0,0,0,91.64
2008,6,9,12,30,19,20,29,148,0,8,8,89.88
2008,6,9,13,30,19.700000000000003,64,218,552,0,4,4,85.58
2008,6,9,14,30,20.8,85,444,726,4,124,126,79.07000000000001
2008,6,9,15,30,22.400000000000002,97,656,817,2,249,250,69.33
2008,6,9,16,30,24.1,102,833,871,125,415,519,60.93
2008,6,9,17,30,25.6,105,956,901,139,436,568,54.06
2008,6,9,18,30,26.5,109,1014,909,44,458,501,50.19
2008,6,9,19,30,26.900000000000002,112,1002,901,228,505,730,48.2
2008,6,9,20,30,26.5,114,922,877,562,272,789,48.86
2008,6,9,21,30,25.400000000000002,116,781,830,244,321,517,52.92
2008,6,9,22,30,24.1,113,591,751,75,273,321,59.11
2008,6,9,23,30,22.8,98,372,627,4,113,115,66.38
2008,6,10,0,30,21.8,67,152,389,0,9,9,74.13
2008,6,10,1,30,21,0,0,0,0,0,0,80.31
2008,6,10,2,30,20.5,0,0,0,0,0,0,85.2
2008,6,10,3,30,20.200000000000003,0,0,0,0,0,0,87.49
2008,6,10,4,30,20,0,0,0,0,0,0,87.32000000000001
2008,6,10,5,30,19.8,0,0,0,0,0,0,90.13
2008,6,10,6,30,19.6,0,0,0,0,0,0,91.37
2008,6,10,7,30,19.400000000000002,0,0,0,0,0,0,92.5
2008,6,10,8,30,19.200000000000003,0,0,0,0,0,0,93.51
2008,6,10,9,30,19.200000000000003,0,0,0,0,0,0,93.27
2008,6,10,10,30,19.1,0,0,0,0,0,0,93.60000000000001
2008,6,10,11,30,19.1,0,0,0,0,0,0,93.2
2008,6,10,12,30,19.200000000000003,21,26,101,0,9,9,91.7
2008,6,10,13,30,19.700000000000003,72,212,503,4,73,74,88.02
2008,6,10,14,30,20.6,93,437,698,1,97,97,82.46000000000001
2008,6,10,15,30,21.700000000000003,104,650,798,2,155,157,76.15
2008,6,10,16,30,22.6,108,827,857,13,296,307,70.92
2008,6,10,17,30,23.1,111,950,889,36,397,431,67.63
2008,6,10,18,30,23.200000000000003,114,1009,899,465,277,739,66.46000000000001
2008,6,10,19,30,23,116,1000,896,88,441,527,66.57000000000001
2008,6,10,20,30,22.6,114,923,879,18,368,384,67.54
2008,6,10,21,30,22.1,118,782,828,41,316,350,68.96000000000001
2008,6,10,22,30,21.6,107,596,767,342,246,465,70.54
2008,6,10,23,30,20.8,89,379,659,30,167,180,74.14
2008,6,11,0,30,19.8,61,157,437,0,31,31,80.15
2008,6,11,1,30,19,0,0,0,0,0,0,86.2
2008,6,11,2,30,18.5,0,0,0,0,0,0,88.29
2008,6,11,3,30,18.1,0,0,0,0,0,0,89.54
2008,6,11,4,30,17.8,0,0,0,0,0,0,89.93
2008,6,11,5,30,17.6,0,0,0,0,0,0,90.14
2008,6,11,6,30,17.400000000000002,0,0,0,0,0,0,90.57000000000001
2008,6,11,7,30,17.3,0,0,0,0,0,0,90.41
2008,6,11,8,30,17.2,0,0,0,0,0,0,90.28
2008,6,11,9,30,17.2,0,0,0,0,0,0,89.46000000000001
2008,6,11,10,30,17.2,0,0,0,0,0,0,88.79
2008,6,11,11,30,17.2,0,0,0,0,0,0,88.59
2008,6,11,12,30,17.8,21,25,75,0,7,7,85.45
2008,6,11,13,30,19.200000000000003,84,207,441,2,101,101,78.25
2008,6,11,14,30,20.900000000000002,114,430,641,0,89,89,68.89
2008,6,11,15,30,22.700000000000003,128,643,753,0,198,199,59.67
2008,6,11,16,30,24.5,136,819,815,31,382,407,52.7
2008,6,11,17,30,26,142,943,849,0,187,187,47.9
2008,6,11,18,30,26.8,145,1003,863,0,232,232,45.36
2008,6,11,19,30,27,147,993,858,1,321,322,44.47
2008,6,11,20,30,26.900000000000002,142,917,841,48,433,477,44.38
2008,6,11,21,30,26.5,130,782,812,110,407,495,45.09
2008,6,11,22,30,25.6,119,594,744,205,264,395,47.54
2008,6,11,23,30,24.3,101,376,624,243,194,301,52.120000000000005
2008,6,12,0,30,22.700000000000003,69,155,389,44,118,128,60.02
2008,6,12,1,30,21.200000000000003,0,0,0,0,0,0,69.41
2008,6,12,2,30,20.3,0,0,0,0,0,0,74.63
2008,6,12,3,30,19.6,0,0,0,0,0,0,78.91
2008,6,12,4,30,19,0,0,0,0,0,0,82.44
2008,6,12,5,30,18.5,0,0,0,0,0,0,85.23
2008,6,12,6,30,18.2,0,0,0,0,0,0,86.76
2008,6,12,7,30,18,0,0,0,0,0,0,87.63
2008,6,12,8,30,17.8,0,0,0,0,0,0,88.54
2008,6,12,9,30,17.7,0,0,0,0,0,0,89.16
2008,6,12,10,30,17.6,0,0,0,0,0,0,89.76
2008,6,12,11,30,17.6,0,0,0,0,0,0,89.91
2008,6,12,12,30,18.1,21,27,107,0,9,9,86.99
2008,6,12,13,30,19.400000000000002,73,211,498,85,126,150,79.61
2008,6,12,14,30,21.1,99,435,683,1,146,146,69.01
2008,6,12,15,30,22.700000000000003,114,648,781,5,180,183,59.69
2008,6,12,16,30,24.1,125,824,834,5,235,239,53.79
2008,6,12,17,30,25.1,134,946,861,0,220,220,50.32
2008,6,12,18,30,26,143,1005,866,3,371,374,47.160000000000004
2008,6,12,19,30,26.5,147,997,861,77,472,548,45.09
2008,6,12,20,30,26.8,143,920,842,2,340,341,43.62
2008,6,12,21,30,26.700000000000003,145,780,790,429,308,653,43.29
2008,6,12,22,30,26.3,131,594,724,0,82,82,44.03
2008,6,12,23,30,25.5,108,377,610,2,155,156,46.02
2008,6,13,0,30,23.8,70,157,388,388,70,157,51.83
2008,6,13,1,30,22.1,0,0,0,0,0,0,61.370000000000005
2008,6,13,2,30,20.900000000000002,0,0,0,0,0,0,66.85
2008,6,13,3,30,20,0,0,0,0,0,0,71.38
2008,6,13,4,30,19.200000000000003,0,0,0,0,0,0,75.81
2008,6,13,5,30,18.7,0,0,0,0,0,0,79.35000000000001
2008,6,13,6,30,18.400000000000002,0,0,0,0,0,0,82.27
2008,6,13,7,30,18.3,0,0,0,0,0,0,83.96000000000001
2008,6,13,8,30,18.2,0,0,0,0,0,0,85.12
2008,6,13,9,30,18.1,0,0,0,0,0,0,86.23
2008,6,13,10,30,18.1,0,0,0,0,0,0,87.07000000000001
2008,6,13,11,30,18.2,0,0,0,0,0,0,86.75
2008,6,13,12,30,19,20,23,62,0,10,10,83.42
2008,6,13,13,30,21,86,206,432,1,56,56,74.95
2008,6,13,14,30,23.6,111,432,653,6,138,141,62.15
2008,6,13,15,30,25.900000000000002,119,652,781,44,280,310,51.59
2008,6,13,16,30,27.700000000000003,122,832,848,42,344,379,44.660000000000004
2008,6,13,17,30,29,125,959,884,36,439,473,40.54
2008,6,13,18,30,29.900000000000002,141,1014,879,457,440,894,37.85
2008,6,13,19,30,30.200000000000003,145,1004,870,870,145,1004,36.51
2008,6,13,20,30,30.1,144,927,849,575,288,818,36.12
2008,6,13,21,30,29.700000000000003,122,795,836,488,276,668,36.63
2008,6,13,22,30,29.200000000000003,112,606,772,462,230,525,37.45
2008,6,13,23,30,28.400000000000002,93,387,666,316,188,327,38.95
2008,6,14,0,30,26.400000000000002,62,164,457,457,62,164,45.83
2008,6,14,1,30,24.200000000000003,0,0,0,0,0,0,58.22
2008,6,14,2,30,22.700000000000003,0,0,0,0,0,0,66.6
2008,6,14,3,30,21.700000000000003,0,0,0,0,0,0,73.45
2008,6,14,4,30,21,0,0,0,0,0,0,79.09
2008,6,14,5,30,20.5,0,0,0,0,0,0,83.07000000000001
2008,6,14,6,30,20.200000000000003,0,0,0,0,0,0,84.41
2008,6,14,7,30,19.8,0,0,0,0,0,0,86.71000000000001
2008,6,14,8,30,19.3,0,0,0,0,0,0,88.91
2008,6,14,9,30,18.8,0,0,0,0,0,0,90.29
2008,6,14,10,30,18.3,0,0,0,0,0,0,90.94
2008,6,14,11,30,18,0,0,0,0,0,0,90.72
2008,6,14,12,30,19,20,29,152,0,2,2,85.03
2008,6,14,13,30,21.1,65,222,568,0,59,60,75.73
2008,6,14,14,30,23.5,84,453,750,77,262,300,62.39
2008,6,14,15,30,25.900000000000002,95,670,843,33,310,333,50.1
2008,6,14,16,30,27.900000000000002,101,849,894,210,444,619,41.79
2008,6,14,17,30,29.5,106,974,921,921,106,974,36.31
2008,6,14,18,30,30.5,117,1029,917,917,117,1029,33.2
2008,6,14,19,30,31.1,120,1018,909,909,120,1018,31.55
2008,6,14,20,30,31.1,120,939,888,888,120,939,31.23
2008,6,14,21,30,30.6,110,801,859,859,110,801,32.05
2008,6,14,22,30,29.700000000000003,105,610,788,157,344,445,34.07
2008,6,14,23,30,28.3,90,389,675,178,228,307,37.38
2008,6,15,0,30,26.3,63,163,449,13,108,111,45.33
2008,6,15,1,30,24.3,0,0,0,0,0,0,57.9
2008,6,15,2,30,23,0,0,0,0,0,0,66.24
2008,6,15,3,30,22.1,0,0,0,0,0,0,72.76
2008,6,15,4,30,21.400000000000002,0,0,0,0,0,0,78.19
2008,6,15,5,30,20.900000000000002,0,0,0,0,0,0,81.84
2008,6,15,6,30,20.3,0,0,0,0,0,0,84.99
2008,6,15,7,30,19.900000000000002,0,0,0,0,0,0,86.74
2008,6,15,8,30,19.5,0,0,0,0,0,0,88.02
2008,6,15,9,30,19.1,0,0,0,0,0,0,89.16
2008,6,15,10,30,18.8,0,0,0,0,0,0,89.71000000000001
2008,6,15,11,30,18.7,0,0,0,0,0,0,89.06
2008,6,15,12,30,19.5,20,27,130,0,7,7,84.69
2008,6,15,13,30,21.3,66,215,543,9,124,127,75.97
2008,6,15,14,30,23.5,87,443,726,286,232,372,63.15
2008,6,15,15,30,25.6,101,657,815,372,311,565,53.02
2008,6,15,16,30,27,111,834,865,4,334,337,46.94
2008,6,15,17,30,28.1,116,960,896,383,442,803,42.78
2008,6,15,18,30,28.700000000000003,130,1016,891,891,130,1016,40.72
2008,6,15,19,30,29,131,1008,887,887,131,1008,40.01
2008,6,15,20,30,29,128,932,871,871,128,932,39.94
2008,6,15,21,30,28.5,99,802,874,874,99,802,41.06
2008,6,15,22,30,27.700000000000003,92,615,815,317,304,507,43.42
2008,6,15,23,30,26.400000000000002,78,394,714,714,78,394,48.7
2008,6,16,0,30,24.5,55,168,502,502,55,168,57.54
2008,6,16,1,30,22.700000000000003,0,0,0,0,0,0,69.91
2008,6,16,2,30,21.5,0,0,0,0,0,0,74.62
2008,6,16,3,30,20.700000000000003,0,0,0,0,0,0,78.08
2008,6,16,4,30,20,0,0,0,0,0,0,81.8
2008,6,16,5,30,19.5,0,0,0,0,0,0,84.17
2008,6,16,6,30,19.3,0,0,0,0,0,0,85.02
2008,6,16,7,30,19.1,0,0,0,0,0,0,86.45
2008,6,16,8,30,19,0,0,0,0,0,0,87.47
2008,6,16,9,30,18.900000000000002,0,0,0,0,0,0,88.24
2008,6,16,10,30,18.8,0,0,0,0,0,0,89
2008,6,16,11,30,18.7,0,0,0,0,0,0,89.5
2008,6,16,12,30,19,20,25,83,0,16,16,87.65
2008,6,16,13,30,19.900000000000002,75,208,483,18,135,140,81.9
2008,6,16,14,30,21.5,100,434,682,137,261,328,71.32000000000001
2008,6,16,15,30,23.6,112,651,791,791,112,651,60.15
2008,6,16,16,30,25.700000000000003,118,830,853,853,118,830,52
2008,6,16,17,30,27.3,121,956,886,886,121,956,46.13
2008,6,16,18,30,28.400000000000002,132,1013,887,887,132,1013,41.79
2008,6,16,19,30,28.900000000000002,133,1003,881,881,133,1003,39.45
2008,6,16,20,30,28.900000000000002,131,928,863,863,131,928,38.47
2008,6,16,21,30,28.700000000000003,130,788,817,294,408,644,38.07
2008,6,16,22,30,28,120,600,747,427,239,513,39.21
2008,6,16,23,30,27.1,102,382,631,203,227,318,41.84
2008,6,17,0,30,25.5,69,161,410,410,69,161,47.89
2008,6,17,1,30,23.8,0,0,0,0,0,0,56.84
2008,6,17,2,30,22.6,0,0,0,0,0,0,61.33
2008,6,17,3,30,21.6,0,0,0,0,0,0,65.95
2008,6,17,4,30,20.6,0,0,0,0,0,0,71.60000000000001
2008,6,17,5,30,20,0,0,0,0,0,0,75.69
2008,6,17,6,30,19.5,0,0,0,0,0,0,79.42
2008,6,17,7,30,19.200000000000003,0,0,0,0,0,0,81.94
2008,6,17,8,30,18.900000000000002,0,0,0,0,0,0,83.74
2008,6,17,9,30,18.7,0,0,0,0,0,0,85.13
2008,6,17,10,30,18.6,0,0,0,0,0,0,85.78
2008,6,17,11,30,18.6,0,0,0,0,0,0,86.03
2008,6,17,12,30,19.1,17,18,23,0,5,5,83.53
2008,6,17,13,30,20.700000000000003,103,193,325,4,120,121,75.73
2008,6,17,14,30,22.900000000000002,132,418,584,584,132,418,64.35
2008,6,17,15,30,25.1,141,637,729,729,141,637,53.910000000000004
2008,6,17,16,30,26.8,147,819,805,805,147,819,47.69
2008,6,17,17,30,28.3,152,944,841,841,152,944,42.76
2008,6,17,18,30,29.3,121,1021,905,905,121,1021,38.77
2008,6,17,19,30,29.700000000000003,126,1012,897,897,126,1012,36.160000000000004
2008,6,17,20,30,29.700000000000003,124,935,878,878,124,935,35.12
2008,6,17,21,30,29.400000000000002,117,799,846,604,289,776,35.24
2008,6,17,22,30,28.900000000000002,105,613,790,364,253,487,36.11
2008,6,17,23,30,27.900000000000002,85,395,695,329,181,327,38.28
2008,6,18,0,30,26.1,59,170,489,58,112,125,44.4
2008,6,18,1,30,24,0,0,0,0,0,0,54.85
2008,6,18,2,30,22.700000000000003,0,0,0,0,0,0,60.44
2008,6,18,3,30,21.8,0,0,0,0,0,0,65.95
2008,6,18,4,30,21.1,0,0,0,0,0,0,71.28
2008,6,18,5,30,20.700000000000003,0,0,0,0,0,0,74.85000000000001
2008,6,18,6,30,20.3,0,0,0,0,0,0,77.89
2008,6,18,7,30,19.900000000000002,0,0,0,0,0,0,80.32000000000001
2008,6,18,8,30,19.5,0,0,0,0,0,0,83.02
2008,6,18,9,30,19.200000000000003,0,0,0,0,0,0,85.41
2008,6,18,10,30,18.900000000000002,0,0,0,0,0,0,87.62
2008,6,18,11,30,18.900000000000002,0,0,0,0,0,0,87.54
2008,6,18,12,30,19.700000000000003,20,24,90,0,12,12,83.54
2008,6,18,13,30,21.8,74,209,495,495,74,209,73.3
2008,6,18,14,30,24.1,96,435,694,694,96,435,61.28
2008,6,18,15,30,26,109,650,795,795,109,650,53.18
2008,6,18,16,30,27.3,121,829,848,848,121,829,48.14
2008,6,18,17,30,28.3,128,952,875,875,128,952,43.83
2008,6,18,18,30,29.1,123,1018,901,901,123,1018,39.64
2008,6,18,19,30,29.700000000000003,128,1013,896,896,128,1013,36.43
2008,6,18,20,30,30.200000000000003,126,937,878,878,126,937,34.07
2008,6,18,21,30,30.3,115,802,852,852,115,802,32.660000000000004
2008,6,18,22,30,30,106,616,793,268,280,452,32.49
2008,6,18,23,30,29.1,88,397,691,391,172,347,34.21
2008,6,19,0,30,26.700000000000003,60,171,487,186,106,148,40.84
2008,6,19,1,30,24.200000000000003,0,0,0,0,0,0,52.09
2008,6,19,2,30,22.700000000000003,0,0,0,0,0,0,58.04
2008,6,19,3,30,21.5,0,0,0,0,0,0,64.86
2008,6,19,4,30,20.5,0,0,0,0,0,0,71.5
2008,6,19,5,30,19.700000000000003,0,0,0,0,0,0,77.02
2008,6,19,6,30,19.1,0,0,0,0,0,0,81.14
2008,6,19,7,30,18.6,0,0,0,0,0,0,83.89
2008,6,19,8,30,18,0,0,0,0,0,0,87.11
2008,6,19,9,30,17.5,0,0,0,0,0,0,89.72
2008,6,19,10,30,17.2,0,0,0,0,0,0,91.28
2008,6,19,11,30,17.2,0,0,0,0,0,0,91.02
2008,6,19,12,30,18.8,20,25,109,109,20,25,82.71000000000001
2008,6,19,13,30,21.900000000000002,71,212,518,518,71,212,67.9
2008,6,19,14,30,25.1,97,440,704,704,97,440,49.63
2008,6,19,15,30,27.700000000000003,114,653,793,793,114,653,40.17
2008,6,19,16,30,29.700000000000003,125,830,845,845,125,830,34.96
2008,6,19,17,30,31.3,133,954,872,872,133,954,30.66
2008,6,19,18,30,32.2,141,1014,878,878,141,1014,28.14
2008,6,19,19,30,32.4,150,1004,864,864,150,1004,27.17
2008,6,19,20,30,32.1,148,928,844,168,492,647,27.41
2008,6,19,21,30,31.6,127,795,828,4,232,235,28.35
2008,6,19,22,30,30.8,121,607,754,3,157,159,29.900000000000002
2008,6,19,23,30,29.700000000000003,105,386,630,116,208,260,32.45
2008,6,20,0,30,27.700000000000003,73,164,397,203,112,159,38.89
2008,6,20,1,30,25.700000000000003,0,0,0,0,0,0,48.74
2008,6,20,2,30,24.400000000000002,0,0,0,0,0,0,55.32
2008,6,20,3,30,23.3,0,0,0,0,0,0,62
2008,6,20,4,30,22.5,0,0,0,0,0,0,66.88
2008,6,20,5,30,21.900000000000002,0,0,0,0,0,0,69.66
2008,6,20,6,30,21.400000000000002,0,0,0,0,0,0,71.13
2008,6,20,7,30,20.900000000000002,0,0,0,0,0,0,72.94
2008,6,20,8,30,20.400000000000002,0,0,0,0,0,0,75.04
2008,6,20,9,30,19.900000000000002,0,0,0,0,0,0,77.16
2008,6,20,10,30,19.5,0,0,0,0,0,0,78.53
2008,6,20,11,30,19.200000000000003,0,0,0,0,0,0,79.19
2008,6,20,12,30,20.700000000000003,19,26,127,0,18,18,72.53
2008,6,20,13,30,23.700000000000003,67,217,554,166,138,183,59.550000000000004
2008,6,20,14,30,26.5,88,449,739,215,251,356,46.17
2008,6,20,15,30,28.8,102,666,831,311,336,547,35.08
2008,6,20,16,30,30.700000000000003,113,845,879,879,113,845,29.47
2008,6,20,17,30,32.1,120,971,904,904,120,971,26.400000000000002
2008,6,20,18,30,33.2,131,1030,905,905,131,1030,23.990000000000002
2008,6,20,19,30,33.800000000000004,136,1023,898,898,136,1023,22.36
2008,6,20,20,30,34.1,136,946,876,876,136,946,21.46
2008,6,20,21,30,33.9,133,804,831,110,369,458,21.11
2008,6,20,22,30,33.2,123,615,763,253,287,449,21.330000000000002
2008,6,20,23,30,31.700000000000003,104,394,647,369,180,345,23.330000000000002
2008,6,21,0,30,29,71,168,425,425,71,168,29.95
2008,6,21,1,30,26,0,0,0,0,0,0,41.85
2008,6,21,2,30,24.1,0,0,0,0,0,0,49.160000000000004
2008,6,21,3,30,22.900000000000002,0,0,0,0,0,0,57.24
2008,6,21,4,30,21.8,0,0,0,0,0,0,65.62
2008,6,21,5,30,20.900000000000002,0,0,0,0,0,0,72.3
2008,6,21,6,30,20.3,0,0,0,0,0,0,76.21000000000001
2008,6,21,7,30,19.8,0,0,0,0,0,0,78.85000000000001
2008,6,21,8,30,19.400000000000002,0,0,0,0,0,0,80.41
2008,6,21,9,30,19.400000000000002,0,0,0,0,0,0,79.66
2008,6,21,10,30,19.200000000000003,0,0,0,0,0,0,79.55
2008,6,21,11,30,19,0,0,0,0,0,0,80.04
2008,6,21,12,30,19.900000000000002,17,19,30,0,9,9,75.75
2008,6,21,13,30,22.200000000000003,102,193,336,0,19,19,64.88
2008,6,21,14,30,24.700000000000003,140,415,565,27,197,210,53.49
2008,6,21,15,30,26.900000000000002,152,633,709,293,310,509,43.89
2008,6,21,16,30,28.8,159,814,787,486,288,693,36.480000000000004
2008,6,21,17,30,30.3,168,941,822,617,272,852,31.96
2008,6,21,18,30,31.200000000000003,182,1000,823,592,306,895,29.59
2008,6,21,19,30,31.6,185,992,817,626,288,906,28.26
2008,6,21,20,30,31.700000000000003,184,915,790,526,329,816,27.57
2008,6,21,21,30,31.400000000000002,150,787,788,546,264,705,28.02
2008,6,21,22,30,30.400000000000002,145,597,701,97,353,416,29.75
2008,6,21,23,30,29,127,377,558,24,178,188,33.14
2008,6,22,0,30,27.1,87,156,299,1,54,55,39.68
2008,6,22,1,30,25.5,0,0,0,0,0,0,47.21
2008,6,22,2,30,24.3,0,0,0,0,0,0,53.4
2008,6,22,3,30,23.200000000000003,0,0,0,0,0,0,59.04
2008,6,22,4,30,22.400000000000002,0,0,0,0,0,0,63.46
2008,6,22,5,30,21.8,0,0,0,0,0,0,66.92
2008,6,22,6,30,21.3,0,0,0,0,0,0,69.24
2008,6,22,7,30,20.900000000000002,0,0,0,0,0,0,70.39
2008,6,22,8,30,20.400000000000002,0,0,0,0,0,0,71.53
2008,6,22,9,30,19.8,0,0,0,0,0,0,73.29
2008,6,22,10,30,19.200000000000003,0,0,0,0,0,0,75.56
2008,6,22,11,30,18.7,0,0,0,0,0,0,77.48
2008,6,22,12,30,19.3,17,18,35,0,9,9,74.41
2008,6,22,13,30,21.200000000000003,99,194,354,0,21,21,65.05
2008,6,22,14,30,23.6,137,418,577,26,198,210,54.39
2008,6,22,15,30,26,153,634,710,155,324,429,45.59
2008,6,22,16,30,28.1,157,815,790,176,374,521,39.32
2008,6,22,17,30,29.700000000000003,160,943,833,374,379,731,34.97
2008,6,22,18,30,30.6,167,1003,842,598,293,887,32.77
2008,6,22,19,30,30.8,174,993,828,598,307,898,32.47
2008,6,22,20,30,30.400000000000002,175,914,799,352,466,792,33.45
2008,6,22,21,30,29.400000000000002,146,786,791,138,434,545,36.03
2008,6,22,22,30,28,141,595,703,153,354,453,40.300000000000004
2008,6,22,23,30,26.200000000000003,121,378,571,0,97,97,46.85
2008,6,23,0,30,24.400000000000002,82,158,327,327,82,158,55.79
2008,6,23,1,30,22.900000000000002,0,0,0,0,0,0,65.77
2008,6,23,2,30,21.900000000000002,0,0,0,0,0,0,73.9
2008,6,23,3,30,21.3,0,0,0,0,0,0,78.22
2008,6,23,4,30,20.8,0,0,0,0,0,0,81.29
2008,6,23,5,30,20.400000000000002,0,0,0,0,0,0,83.63
2008,6,23,6,30,20.1,0,0,0,0,0,0,85.62
2008,6,23,7,30,19.700000000000003,0,0,0,0,0,0,87.47
2008,6,23,8,30,19.3,0,0,0,0,0,0,88.69
2008,6,23,9,30,19,0,0,0,0,0,0,89.46000000000001
2008,6,23,10,30,18.7,0,0,0,0,0,0,90.57000000000001
2008,6,23,11,30,18.400000000000002,0,0,0,0,0,0,90.96000000000001
2008,6,23,12,30,18.6,19,22,73,0,14,14,88.4
2008,6,23,13,30,19.5,76,204,474,188,131,181,82.57000000000001
2008,6,23,14,30,20.8,103,430,674,294,210,353,74.57000000000001
2008,6,23,15,30,22.3,118,643,775,442,238,537,65.64
2008,6,23,16,30,23.6,129,821,832,588,244,734,58.730000000000004
2008,6,23,17,30,24.6,137,946,861,544,270,781,54.01
2008,6,23,18,30,25.3,153,1002,855,403,376,776,51.07
2008,6,23,19,30,25.6,156,994,848,276,422,695,49.83
2008,6,23,20,30,25.5,153,919,827,270,413,663,49.910000000000004
2008,6,23,21,30,25.400000000000002,127,792,823,378,302,608,50.33
2008,6,23,22,30,25.1,115,606,759,199,272,401,51.36
2008,6,23,23,30,24.5,98,389,648,180,232,313,53.370000000000005
2008,6,24,0,30,23.200000000000003,67,167,431,431,67,167,59.120000000000005
2008,6,24,1,30,22.1,0,0,0,0,0,0,67.13
2008,6,24,2,30,21.5,0,0,0,0,0,0,70.48
2008,6,24,3,30,21.1,0,0,0,0,0,0,72.89
2008,6,24,4,30,20.700000000000003,0,0,0,0,0,0,75.32000000000001
2008,6,24,5,30,20.200000000000003,0,0,0,0,0,0,78.65
2008,6,24,6,30,19.6,0,0,0,0,0,0,82.48
2008,6,24,7,30,19.200000000000003,0,0,0,0,0,0,85.36
2008,6,24,8,30,18.900000000000002,0,0,0,0,0,0,87.57000000000001
2008,6,24,9,30,18.6,0,0,0,0,0,0,89.47
2008,6,24,10,30,18.5,0,0,0,0,0,0,89.47
2008,6,24,11,30,18.400000000000002,0,0,0,0,0,0,89.32000000000001
2008,6,24,12,30,18.5,16,17,28,0,13,13,87.49
2008,6,24,13,30,19,95,193,364,54,146,161,83.08
2008,6,24,14,30,20,133,415,582,160,265,343,74.59
2008,6,24,15,30,21.8,160,625,687,293,350,548,63.870000000000005
2008,6,24,16,30,23.6,178,802,751,246,453,657,56.77
2008,6,24,17,30,25.3,184,927,791,791,184,927,51.85
2008,6,24,18,30,26.6,117,1017,906,906,117,1017,47.95
2008,6,24,19,30,27.400000000000002,114,1013,909,909,114,1013,45.01
2008,6,24,20,30,27.6,111,939,895,895,111,939,43.65
2008,6,24,21,30,27.3,108,801,857,857,108,801,43.800000000000004
2008,6,24,22,30,26.6,100,614,794,794,100,614,45.54
2008,6,24,23,30,25.6,87,396,686,177,231,311,49.480000000000004
2008,6,25,0,30,23.900000000000002,63,171,462,462,63,171,59.14
2008,6,25,1,30,22.200000000000003,0,0,0,0,0,0,71.01
2008,6,25,2,30,21.3,0,0,0,0,0,0,75.76
2008,6,25,3,30,20.8,0,0,0,0,0,0,78.81
2008,6,25,4,30,20.5,0,0,0,0,0,0,80.49
2008,6,25,5,30,20.3,0,0,0,0,0,0,80.74
2008,6,25,6,30,20,0,0,0,0,0,0,80.95
2008,6,25,7,30,19.400000000000002,0,0,0,0,0,0,84.53
2008,6,25,8,30,18.900000000000002,0,0,0,0,0,0,87.52
2008,6,25,9,30,18.5,0,0,0,0,0,0,88.41
2008,6,25,10,30,18,0,0,0,0,0,0,90.23
2008,6,25,11,30,17.6,0,0,0,0,0,0,91.05
2008,6,25,12,30,18.1,18,20,57,0,7,7,87.25
2008,6,25,13,30,19.6,82,199,434,19,113,118,80.5
2008,6,25,14,30,21.700000000000003,114,423,638,36,243,260,69.82000000000001
2008,6,25,15,30,24,128,639,756,113,365,442,59.29
2008,6,25,16,30,26,133,820,827,827,133,820,51.61
2008,6,25,17,30,27.5,135,947,865,865,135,947,46.160000000000004
2008,6,25,18,30,28.6,130,1012,888,888,130,1012,42.37
2008,6,25,19,30,29.200000000000003,131,1006,884,884,131,1006,39.910000000000004
2008,6,25,20,30,29.5,131,930,863,863,131,930,38.46
2008,6,25,21,30,29.200000000000003,126,794,824,824,126,794,38.44
2008,6,25,22,30,28.5,117,609,760,151,350,447,39.660000000000004
2008,6,25,23,30,27.5,98,392,651,174,235,314,42.24
2008,6,26,0,30,25.6,69,168,425,425,69,168,49.95
2008,6,26,1,30,23.700000000000003,0,0,0,0,0,0,61.550000000000004
2008,6,26,2,30,22.700000000000003,0,0,0,0,0,0,66.47
2008,6,26,3,30,21.900000000000002,0,0,0,0,0,0,71.08
2008,6,26,4,30,21.200000000000003,0,0,0,0,0,0,75.62
2008,6,26,5,30,20.700000000000003,0,0,0,0,0,0,78.5
2008,6,26,6,30,20.200000000000003,0,0,0,0,0,0,80.48
2008,6,26,7,30,19.700000000000003,0,0,0,0,0,0,82.69
2008,6,26,8,30,19.200000000000003,0,0,0,0,0,0,84
2008,6,26,9,30,18.7,0,0,0,0,0,0,84.91
2008,6,26,10,30,18.2,0,0,0,0,0,0,85.91
2008,6,26,11,30,17.900000000000002,0,0,0,0,0,0,86.07000000000001
2008,6,26,12,30,18.900000000000002,18,20,53,0,10,10,81.35000000000001
2008,6,26,13,30,21.200000000000003,81,201,450,0,32,32,72.56
2008,6,26,14,30,23.8,110,428,659,62,217,247,58.47
2008,6,26,15,30,26.200000000000003,125,644,770,216,310,455,49.11
2008,6,26,16,30,28,133,825,834,454,292,669,43.71
2008,6,26,17,30,29.3,139,951,865,578,292,835,39.95
2008,6,26,18,30,30,170,1000,836,345,511,854,37.64
2008,6,26,19,30,30.400000000000002,171,993,831,168,457,624,36.12
2008,6,26,20,30,30.400000000000002,170,917,806,274,395,649,35.79
2008,6,26,21,30,30,142,788,797,797,142,788,35.89
2008,6,26,22,30,29.1,133,601,721,721,133,601,37.160000000000004
2008,6,26,23,30,27.6,114,384,598,598,114,384,41.57
2008,6,27,0,30,25.400000000000002,80,162,352,15,100,104,51.47
2008,6,27,1,30,23.400000000000002,0,0,0,0,0,0,64.02
2008,6,27,2,30,22.200000000000003,0,0,0,0,0,0,72.65
2008,6,27,3,30,21.5,0,0,0,0,0,0,79.12
2008,6,27,4,30,21.1,0,0,0,0,0,0,83.7
2008,6,27,5,30,20.700000000000003,0,0,0,0,0,0,87.15
2008,6,27,6,30,20.400000000000002,0,0,0,0,0,0,88.56
2008,6,27,7,30,20.1,0,0,0,0,0,0,89.46000000000001
2008,6,27,8,30,19.8,0,0,0,0,0,0,90.26
2008,6,27,9,30,19.700000000000003,0,0,0,0,0,0,89.77
2008,6,27,10,30,19.5,0,0,0,0,0,0,89.53
2008,6,27,11,30,19.3,0,0,0,0,0,0,89.47
2008,6,27,12,30,19.5,16,17,27,27,16,17,87.38
2008,6,27,13,30,20.200000000000003,96,185,332,332,96,185,82.67
2008,6,27,14,30,21,147,399,522,94,268,313,77.07000000000001
2008,6,27,15,30,21.700000000000003,179,607,634,49,323,356,72.84
2008,6,27,16,30,22.6,184,791,731,269,442,666,68.17
2008,6,27,17,30,24,177,925,797,328,480,789,62.02
2008,6,27,18,30,25.400000000000002,126,1013,893,893,126,1013,56.72
2008,6,27,19,30,26.5,124,1009,894,894,124,1009,52.43
2008,6,27,20,30,27.200000000000003,118,939,886,886,118,939,49.31
2008,6,27,21,30,27.5,109,805,858,593,292,773,47.17
2008,6,27,22,30,27.200000000000003,97,621,808,219,335,477,46.74
2008,6,27,23,30,26.400000000000002,82,403,710,475,156,370,48.64
2008,6,28,0,30,24.200000000000003,58,177,509,23,104,110,57.88
2008,6,28,1,30,22,0,0,0,0,0,0,71.22
2008,6,28,2,30,20.900000000000002,0,0,0,0,0,0,76.82000000000001
2008,6,28,3,30,20.400000000000002,0,0,0,0,0,0,81.19
2008,6,28,4,30,20.1,0,0,0,0,0,0,85.3
2008,6,28,5,30,19.900000000000002,0,0,0,0,0,0,88.71000000000001
2008,6,28,6,30,19.700000000000003,0,0,0,0,0,0,90.99
2008,6,28,7,30,19.5,0,0,0,0,0,0,92.10000000000001
2008,6,28,8,30,19.400000000000002,0,0,0,0,0,0,93.02
2008,6,28,9,30,19.400000000000002,0,0,0,0,0,0,93.19
2008,6,28,10,30,19.3,0,0,0,0,0,0,93.77
2008,6,28,11,30,19.3,0,0,0,0,0,0,93.33
2008,6,28,12,30,19.900000000000002,16,18,39,0,7,7,89.66
2008,6,28,13,30,21.1,84,193,412,1,49,49,84.05
2008,6,28,14,30,22.700000000000003,118,416,620,280,217,351,74.5
2008,6,28,15,30,24.6,138,631,732,502,245,583,64.68
2008,6,28,16,30,26.400000000000002,148,813,801,801,148,813,56.370000000000005
2008,6,28,17,30,27.900000000000002,152,941,841,841,152,941,49.39
2008,6,28,18,30,29,172,998,831,831,172,998,43.6
2008,6,28,19,30,29.6,175,992,826,826,175,992,39.84
2008,6,28,20,30,29.8,173,918,804,804,173,918,37.49
2008,6,28,21,30,29.8,123,802,837,837,123,802,36.45
2008,6,28,22,30,29.400000000000002,112,616,777,511,269,601,37.07
2008,6,28,23,30,28.200000000000003,94,399,673,219,229,328,39.82
2008,6,29,0,30,26.1,65,174,466,94,121,143,48.730000000000004
2008,6,29,1,30,24.200000000000003,0,0,0,0,0,0,60.63
2008,6,29,2,30,23,0,0,0,0,0,0,67.84
2008,6,29,3,30,22,0,0,0,0,0,0,73.93
2008,6,29,4,30,21.200000000000003,0,0,0,0,0,0,78.75
2008,6,29,5,30,20.5,0,0,0,0,0,0,81.94
2008,6,29,6,30,19.900000000000002,0,0,0,0,0,0,83.39
2008,6,29,7,30,19.3,0,0,0,0,0,0,84.42
2008,6,29,8,30,18.6,0,0,0,0,0,0,86.53
2008,6,29,9,30,18,0,0,0,0,0,0,88.34
2008,6,29,10,30,17.5,0,0,0,0,0,0,89.55
2008,6,29,11,30,17.3,0,0,0,0,0,0,88.96000000000001
2008,6,29,12,30,18.400000000000002,17,21,87,1,17,17,81.89
2008,6,29,13,30,20.8,72,204,502,79,144,165,70.26
2008,6,29,14,30,23.5,99,431,692,94,262,307,60.4
2008,6,29,15,30,25.8,113,649,796,226,303,455,52.870000000000005
2008,6,29,16,30,27.6,119,831,859,506,259,678,46.25
2008,6,29,17,30,29,123,960,892,425,348,747,40.45
2008,6,29,18,30,29.900000000000002,131,1022,897,620,221,837,36.61
2008,6,29,19,30,30.200000000000003,138,1013,884,628,278,899,34.86
2008,6,29,20,30,30.1,143,935,854,552,306,817,34.44
2008,6,29,21,30,29.5,119,807,848,429,305,653,35.56
2008,6,29,22,30,28.6,104,622,798,356,245,476,37.74
2008,6,29,23,30,27.200000000000003,85,403,702,136,207,269,42.53
2008,6,30,0,30,25.1,61,176,489,20,97,102,53.5
2008,6,30,1,30,23.200000000000003,0,0,0,0,0,0,68.29
2008,6,30,2,30,22.200000000000003,0,0,0,0,0,0,76.79
2008,6,30,3,30,21.400000000000002,0,0,0,0,0,0,83.16
2008,6,30,4,30,21,0,0,0,0,0,0,86.88
2008,6,30,5,30,20.6,0,0,0,0,0,0,88.94
2008,6,30,6,30,20.200000000000003,0,0,0,0,0,0,90.67
2008,6,30,7,30,19.900000000000002,0,0,0,0,0,0,91.33
2008,6,30,8,30,19.6,0,0,0,0,0,0,91.88
2008,6,30,9,30,19.3,0,0,0,0,0,0,92.45
2008,6,30,10,30,19,0,0,0,0,0,0,92.87
2008,6,30,11,30,18.7,0,0,0,0,0,0,92.94
2008,6,30,12,30,18.8,16,20,86,0,12,12,90.7
2008,6,30,13,30,19.5,65,199,510,299,115,193,86.5
2008,6,30,14,30,20.5,88,423,699,288,190,328,80.34
2008,6,30,15,30,21.6,105,635,789,0,143,143,72.15
2008,6,30,16,30,22.5,119,811,835,101,392,475,65.35
2008,6,30,17,30,23.1,132,934,856,363,446,786,61.59
2008,6,30,18,30,23.400000000000002,172,983,816,561,318,875,59.97
2008,6,30,19,30,23.5,179,975,805,805,179,975,59.4
2008,6,30,20,30,23.400000000000002,177,903,782,507,324,795,59.870000000000005
2008,6,30,21,30,22.900000000000002,143,780,785,4,224,228,62.43
2008,6,30,22,30,22.400000000000002,129,598,721,0,84,84,65.8
2008,6,30,23,30,21.700000000000003,107,385,611,1,73,73,71.07000000000001
2008,7,1,0,30,20.8,75,164,381,2,60,61,77.92
2008,7,1,1,30,20.200000000000003,0,0,0,0,0,0,83.57000000000001
2008,7,1,2,30,19.8,0,0,0,0,0,0,87.45
2008,7,1,3,30,19.700000000000003,0,0,0,0,0,0,89.45
2008,7,1,4,30,19.5,0,0,0,0,0,0,91.29
2008,7,1,5,30,19.3,0,0,0,0,0,0,92.67
2008,7,1,6,30,19,0,0,0,0,0,0,93.54
2008,7,1,7,30,18.6,0,0,0,0,0,0,94.17
2008,7,1,8,30,18.3,0,0,0,0,0,0,93.59
2008,7,1,9,30,18,0,0,0,0,0,0,93.39
2008,7,1,10,30,17.900000000000002,0,0,0,0,0,0,92.25
2008,7,1,11,30,17.900000000000002,0,0,0,0,0,0,91.13
2008,7,1,12,30,18.6,16,20,105,0,8,8,87.27
2008,7,1,13,30,19.700000000000003,60,201,541,86,118,141,82.13
2008,7,1,14,30,21,80,427,726,21,202,212,73.56
2008,7,1,15,30,22.400000000000002,93,640,815,399,238,506,65.52
2008,7,1,16,30,23.700000000000003,103,817,861,449,264,636,60.160000000000004
2008,7,1,17,30,24.700000000000003,113,942,883,0,235,235,56.68
2008,7,1,18,30,25.200000000000003,136,997,867,452,336,785,54.94
2008,7,1,19,30,25.1,137,992,864,72,433,504,54.72
2008,7,1,20,30,24.5,130,922,853,79,392,465,57.29
2008,7,1,21,30,23.6,121,789,822,214,330,504,61.81
2008,7,1,22,30,22.700000000000003,105,609,774,107,289,359,66.81
2008,7,1,23,30,21.700000000000003,85,395,683,114,207,259,72.48
2008,7,2,0,30,20.700000000000003,58,174,489,11,88,91,78.57000000000001
2008,7,2,1,30,19.900000000000002,0,0,0,0,0,0,84.23
2008,7,2,2,30,19.400000000000002,0,0,0,0,0,0,87.7
2008,7,2,3,30,19,0,0,0,0,0,0,89.77
2008,7,2,4,30,18.6,0,0,0,0,0,0,91.02
2008,7,2,5,30,18.3,0,0,0,0,0,0,91.33
2008,7,2,6,30,18,0,0,0,0,0,0,91.33
2008,7,2,7,30,17.7,0,0,0,0,0,0,91
2008,7,2,8,30,17.3,0,0,0,0,0,0,91.59
2008,7,2,9,30,17,0,0,0,0,0,0,92.22
2008,7,2,10,30,16.7,0,0,0,0,0,0,92.86
2008,7,2,11,30,16.7,0,0,0,0,0,0,92.29
2008,7,2,12,30,17.6,14,22,184,0,9,9,87.84
2008,7,2,13,30,19.400000000000002,46,210,630,28,127,134,79.58
2008,7,2,14,30,21.5,59,439,797,797,59,439,68.65
2008,7,2,15,30,23.3,66,654,876,876,66,654,59.97
2008,7,2,16,30,24.700000000000003,71,831,918,220,418,600,54.63
2008,7,2,17,30,25.700000000000003,75,958,941,0,199,199,51.300000000000004
2008,7,2,18,30,26.400000000000002,89,1019,936,581,275,852,49.22
2008,7,2,19,30,26.6,89,1015,936,0,173,173,48.76
2008,7,2,20,30,26.3,86,944,924,275,462,717,49.4
2008,7,2,21,30,25.6,81,811,898,1,255,255,50.910000000000004
2008,7,2,22,30,24.700000000000003,74,628,850,541,190,543,53.27
2008,7,2,23,30,23.5,63,410,764,0,111,111,56.88
2008,7,3,0,30,21.900000000000002,46,184,583,583,46,184,63.14
2008,7,3,1,30,20.3,0,0,0,0,0,0,71.17
2008,7,3,2,30,19.3,0,0,0,0,0,0,76.45
2008,7,3,3,30,18.5,0,0,0,0,0,0,80.94
2008,7,3,4,30,17.8,0,0,0,0,0,0,84.86
2008,7,3,5,30,17.2,0,0,0,0,0,0,88.41
2008,7,3,6,30,16.8,0,0,0,0,0,0,90.60000000000001
2008,7,3,7,30,16.400000000000002,0,0,0,0,0,0,92.52
2008,7,3,8,30,16.2,0,0,0,0,0,0,92.97
2008,7,3,9,30,16,0,0,0,0,0,0,93.2
2008,7,3,10,30,15.9,0,0,0,0,0,0,93.2
2008,7,3,11,30,15.9,0,0,0,0,0,0,92.65
2008,7,3,12,30,16.5,15,21,163,0,2,2,89.22
2008,7,3,13,30,18,49,208,611,2,90,91,82.23
2008,7,3,14,30,20.1,64,438,784,0,66,66,72.65
2008,7,3,15,30,22.5,72,654,868,0,118,118,62.410000000000004
2008,7,3,16,30,24.5,77,834,915,261,415,631,55.230000000000004
2008,7,3,17,30,25.900000000000002,80,961,939,206,476,669,50.64
2008,7,3,18,30,26.900000000000002,90,1021,937,213,500,712,47.59
2008,7,3,19,30,27.3,92,1017,934,9,417,426,46.18
2008,7,3,20,30,27.1,90,944,919,153,453,595,46.47
2008,7,3,21,30,26.5,95,806,874,234,415,605,48
2008,7,3,22,30,25.5,89,621,817,76,323,372,51.08
2008,7,3,23,30,24.3,76,403,718,0,7,7,55.1
2008,7,4,0,30,22.8,56,177,512,287,99,167,61.42
2008,7,4,1,30,21.400000000000002,0,0,0,0,0,0,69.42
2008,7,4,2,30,20.5,0,0,0,0,0,0,74.5
2008,7,4,3,30,19.8,0,0,0,0,0,0,78.54
2008,7,4,4,30,19.1,0,0,0,0,0,0,82.78
2008,7,4,5,30,18.5,0,0,0,0,0,0,86.04
2008,7,4,6,30,18,0,0,0,0,0,0,88.54
2008,7,4,7,30,17.6,0,0,0,0,0,0,89.97
2008,7,4,8,30,17.2,0,0,0,0,0,0,91.18
2008,7,4,9,30,17.1,0,0,0,0,0,0,90.68
2008,7,4,10,30,17,0,0,0,0,0,0,90.14
2008,7,4,11,30,17.2,0,0,0,0,0,0,88.14
2008,7,4,12,30,18.1,15,18,78,0,4,4,83.75
2008,7,4,13,30,19.900000000000002,66,196,502,32,114,122,75.74
2008,7,4,14,30,22.3,91,420,692,0,16,16,63.82
2008,7,4,15,30,24.700000000000003,105,635,792,32,252,273,53.77
2008,7,4,16,30,26.400000000000002,112,814,848,157,360,490,48.660000000000004
2008,7,4,17,30,27.5,114,942,883,137,445,574,45.57
2008,7,4,18,30,28,121,1005,891,156,472,626,44.17
2008,7,4,19,30,27.8,120,1001,889,328,483,808,44.38
2008,7,4,20,30,27.200000000000003,117,929,874,603,257,817,46.39
2008,7,4,21,30,26.3,113,795,838,215,319,493,50.06
2008,7,4,22,30,25.3,105,610,774,289,262,451,54.7
2008,7,4,23,30,24,91,394,666,39,177,195,61.02
2008,7,5,0,30,22.6,66,170,439,26,99,105,69.69
2008,7,5,1,30,21.400000000000002,0,0,0,0,0,0,78.07000000000001
2008,7,5,2,30,20.6,0,0,0,0,0,0,83.91
2008,7,5,3,30,20,0,0,0,0,0,0,88.21000000000001
2008,7,5,4,30,19.700000000000003,0,0,0,0,0,0,90.54
2008,7,5,5,30,19.400000000000002,0,0,0,0,0,0,92.47
2008,7,5,6,30,19.1,0,0,0,0,0,0,93.86
2008,7,5,7,30,18.900000000000002,0,0,0,0,0,0,94.04
2008,7,5,8,30,18.8,0,0,0,0,0,0,93.65
2008,7,5,9,30,18.6,0,0,0,0,0,0,94.14
2008,7,5,10,30,18.400000000000002,0,0,0,0,0,0,94.65
2008,7,5,11,30,18.2,0,0,0,0,0,0,94.07000000000001
2008,7,5,12,30,18.5,14,17,91,0,4,4,91.3
2008,7,5,13,30,19.200000000000003,61,194,518,4,66,67,89.14
2008,7,5,14,30,19.8,83,418,705,43,185,205,86.35000000000001
2008,7,5,15,30,20.5,94,633,805,165,290,401,82.49
2008,7,5,16,30,21.3,100,812,861,86,357,428,78.44
2008,7,5,17,30,22.200000000000003,104,940,892,591,256,810,74.3
2008,7,5,18,30,23,112,1001,895,895,112,1001,69.82000000000001
2008,7,5,19,30,23.200000000000003,116,997,890,890,116,997,67.42
2008,7,5,20,30,23,115,926,873,589,259,807,67.83
2008,7,5,21,30,22.6,126,786,811,508,259,673,70.04
2008,7,5,22,30,22.1,116,604,749,4,177,179,73.10000000000001
2008,7,5,23,30,21.400000000000002,95,391,650,8,132,136,77.76
2008,7,6,0,30,20.5,64,171,452,0,39,39,84.52
2008,7,6,1,30,19.6,0,0,0,0,0,0,90.82000000000001
2008,7,6,2,30,19.200000000000003,0,0,0,0,0,0,91.41
2008,7,6,3,30,19.1,0,0,0,0,0,0,90.56
2008,7,6,4,30,19.1,0,0,0,0,0,0,88.76
2008,7,6,5,30,18.900000000000002,0,0,0,0,0,0,88.84
2008,7,6,6,30,18.6,0,0,0,0,0,0,89.94
2008,7,6,7,30,18.3,0,0,0,0,0,0,91.4
2008,7,6,8,30,18,0,0,0,0,0,0,92.37
2008,7,6,9,30,17.7,0,0,0,0,0,0,92.93
2008,7,6,10,30,17.6,0,0,0,0,0,0,92.62
2008,7,6,11,30,17.7,0,0,0,0,0,0,91.46000000000001
2008,7,6,12,30,18.7,14,16,69,0,7,7,87.46000000000001
2008,7,6,13,30,20.5,67,191,486,0,13,13,84.53
2008,7,6,14,30,22.200000000000003,89,416,689,6,122,125,77.53
2008,7,6,15,30,23.5,103,630,788,0,134,134,70.39
2008,7,6,16,30,24.400000000000002,113,808,841,0,125,125,65.83
2008,7,6,17,30,24.900000000000002,119,935,871,871,119,935,63.120000000000005
2008,7,6,18,30,25,150,987,844,584,295,875,62.28
2008,7,6,19,30,24.6,156,982,834,333,490,820,63.940000000000005
2008,7,6,20,30,23.700000000000003,154,909,813,506,313,784,68.93
2008,7,6,21,30,22.900000000000002,169,767,735,34,330,357,74.19
2008,7,6,22,30,22.1,159,585,652,0,30,30,79.94
2008,7,6,23,30,21.400000000000002,134,372,521,0,29,29,85.32000000000001
2008,7,7,0,30,20.700000000000003,87,158,303,4,86,87,90.35000000000001
2008,7,7,1,30,20.3,0,0,0,0,0,0,93.06
2008,7,7,2,30,20.1,0,0,0,0,0,0,93.89
2008,7,7,3,30,19.8,0,0,0,0,0,0,95.05
2008,7,7,4,30,19.6,0,0,0,0,0,0,95.06
2008,7,7,5,30,19.400000000000002,0,0,0,0,0,0,95.10000000000001
2008,7,7,6,30,19.200000000000003,0,0,0,0,0,0,95.29
2008,7,7,7,30,18.900000000000002,0,0,0,0,0,0,95.87
2008,7,7,8,30,18.7,0,0,0,0,0,0,95.89
2008,7,7,9,30,18.6,0,0,0,0,0,0,95.72
2008,7,7,10,30,18.6,0,0,0,0,0,0,94.91
2008,7,7,11,30,18.7,0,0,0,0,0,0,93.74
2008,7,7,12,30,19,13,17,104,0,5,5,92.3
2008,7,7,13,30,19.3,58,193,525,2,50,51,91.94
2008,7,7,14,30,19.900000000000002,76,419,723,47,185,207,89.91
2008,7,7,15,30,20.900000000000002,87,633,818,156,287,391,84.96000000000001
2008,7,7,16,30,21.900000000000002,93,814,873,489,255,659,79.29
2008,7,7,17,30,22.700000000000003,95,941,904,29,418,445,74.58
2008,7,7,18,30,23,95,1007,918,270,386,655,72.57000000000001
2008,7,7,19,30,23.1,93,1006,922,36,418,454,71.74
2008,7,7,20,30,22.8,88,936,912,155,427,571,73.02
2008,7,7,21,30,22.400000000000002,85,804,883,89,348,420,75.12
2008,7,7,22,30,21.900000000000002,76,623,836,28,254,272,78.26
2008,7,7,23,30,21.200000000000003,63,407,755,0,58,58,82.83
2008,7,8,0,30,20.400000000000002,46,182,572,4,63,63,88.59
2008,7,8,1,30,19.700000000000003,0,0,0,0,0,0,92.56
2008,7,8,2,30,19.400000000000002,0,0,0,0,0,0,93.19
2008,7,8,3,30,19.1,0,0,0,0,0,0,94.22
2008,7,8,4,30,18.900000000000002,0,0,0,0,0,0,94.57000000000001
2008,7,8,5,30,18.7,0,0,0,0,0,0,94.71000000000001
2008,7,8,6,30,18.5,0,0,0,0,0,0,94.66
2008,7,8,7,30,18.3,0,0,0,0,0,0,94.91
2008,7,8,8,30,18.1,0,0,0,0,0,0,94.81
2008,7,8,9,30,17.900000000000002,0,0,0,0,0,0,94.84
2008,7,8,10,30,17.900000000000002,0,0,0,0,0,0,94.06
2008,7,8,11,30,17.8,0,0,0,0,0,0,93.9
2008,7,8,12,30,18.1,12,18,177,0,4,4,92.27
2008,7,8,13,30,18.6,45,200,609,0,6,6,90.2
2008,7,8,14,30,19.200000000000003,63,426,769,0,36,36,86.43
2008,7,8,15,30,20.200000000000003,76,640,845,0,63,63,80.34
2008,7,8,16,30,21.200000000000003,84,818,889,2,177,178,74.72
2008,7,8,17,30,22,89,944,914,14,383,397,71.03
2008,7,8,18,30,22.400000000000002,91,1009,925,26,404,430,69.94
2008,7,8,19,30,22.5,92,1007,923,12,359,371,70.13
2008,7,8,20,30,22.200000000000003,90,935,908,193,420,600,72.04
2008,7,8,21,30,21.6,88,803,876,200,309,472,75.32000000000001
2008,7,8,22,30,20.900000000000002,83,619,821,10,216,222,79.23
2008,7,8,23,30,20,73,402,722,2,93,94,84.35000000000001
2008,7,9,0,30,19.1,55,177,514,0,33,33,89.5
2008,7,9,1,30,18.5,0,0,0,0,0,0,92.18
2008,7,9,2,30,18.1,0,0,0,0,0,0,92.95
2008,7,9,3,30,17.7,0,0,0,0,0,0,93.53
2008,7,9,4,30,17.400000000000002,0,0,0,0,0,0,93.48
2008,7,9,5,30,17.1,0,0,0,0,0,0,93.73
2008,7,9,6,30,16.8,0,0,0,0,0,0,93.81
2008,7,9,7,30,16.400000000000002,0,0,0,0,0,0,94.45
2008,7,9,8,30,16.2,0,0,0,0,0,0,93.81
2008,7,9,9,30,16.2,0,0,0,0,0,0,92.67
2008,7,9,10,30,16.3,0,0,0,0,0,0,91.19
2008,7,9,11,30,16.3,0,0,0,0,0,0,90.55
2008,7,9,12,30,16.7,13,16,88,0,4,4,88.92
2008,7,9,13,30,18,63,191,504,2,55,55,85.58
2008,7,9,14,30,19.8,92,414,682,64,197,228,78.59
2008,7,9,15,30,21.6,109,628,778,0,22,22,68.54
2008,7,9,16,30,23,120,808,834,19,284,299,62.07
2008,7,9,17,30,24.1,122,938,871,227,438,651,58.45
2008,7,9,18,30,24.900000000000002,122,1003,887,135,441,575,56.47
2008,7,9,19,30,25.1,121,1002,888,280,390,668,56.300000000000004
2008,7,9,20,30,24.700000000000003,119,930,871,15,373,386,58.230000000000004
2008,7,9,21,30,23.900000000000002,119,794,828,0,65,65,62.38
2008,7,9,22,30,22.8,116,608,753,0,87,87,69.05
2008,7,9,23,30,21.700000000000003,105,389,623,0,56,56,76.41
2008,7,10,0,30,20.6,77,165,374,0,30,30,83.42
2008,7,10,1,30,19.700000000000003,0,0,0,0,0,0,89.24
2008,7,10,2,30,19.200000000000003,0,0,0,0,0,0,91.37
2008,7,10,3,30,18.8,0,0,0,0,0,0,92.42
2008,7,10,4,30,18.400000000000002,0,0,0,0,0,0,92.76
2008,7,10,5,30,18,0,0,0,0,0,0,93.12
2008,7,10,6,30,17.6,0,0,0,0,0,0,93.58
2008,7,10,7,30,17.3,0,0,0,0,0,0,93.51
2008,7,10,8,30,16.900000000000002,0,0,0,0,0,0,93.31
2008,7,10,9,30,16.7,0,0,0,0,0,0,93.68
2008,7,10,10,30,16.5,0,0,0,0,0,0,93.84
2008,7,10,11,30,16.3,0,0,0,0,0,0,93.29
2008,7,10,12,30,16.6,13,15,69,0,2,2,91.05
2008,7,10,13,30,17.3,65,189,489,1,71,71,89.10000000000001
2008,7,10,14,30,18.3,93,412,679,0,32,32,85.53
2008,7,10,15,30,19.400000000000002,109,625,775,32,295,316,81.48
2008,7,10,16,30,20.5,123,804,826,307,342,595,77.3
2008,7,10,17,30,21.200000000000003,134,931,852,555,294,814,74.89
2008,7,10,18,30,21.5,150,990,847,166,498,662,73.81
2008,7,10,19,30,21.5,155,986,838,271,512,781,74
2008,7,10,20,30,21.3,151,916,822,270,404,655,75.65
2008,7,10,21,30,20.900000000000002,155,779,765,3,219,222,78.69
2008,7,10,22,30,20.5,143,596,693,3,169,171,81.88
2008,7,10,23,30,20,122,382,568,43,203,222,86.2
2008,7,11,0,30,19.3,80,164,351,0,26,26,91.58
2008,7,11,1,30,18.8,0,0,0,0,0,0,93.35000000000001
2008,7,11,2,30,18.5,0,0,0,0,0,0,93.58
2008,7,11,3,30,18.3,0,0,0,0,0,0,94.19
2008,7,11,4,30,18.3,0,0,0,0,0,0,93.9
2008,7,11,5,30,18.2,0,0,0,0,0,0,94.64
2008,7,11,6,30,18.1,0,0,0,0,0,0,95.08
2008,7,11,7,30,18,0,0,0,0,0,0,95.13
2008,7,11,8,30,17.900000000000002,0,0,0,0,0,0,95.07000000000001
2008,7,11,9,30,17.7,0,0,0,0,0,0,95.22
2008,7,11,10,30,17.5,0,0,0,0,0,0,94.79
2008,7,11,11,30,17.2,0,0,0,0,0,0,94.54
2008,7,11,12,30,17.400000000000002,12,15,84,0,4,4,91.36
2008,7,11,13,30,18,57,192,537,2,56,57,88.41
2008,7,11,14,30,19.3,77,420,731,95,245,290,81.03
2008,7,11,15,30,21.200000000000003,89,637,824,374,251,500,70.34
2008,7,11,16,30,23,98,818,873,202,426,593,61.68
2008,7,11,17,30,24.1,107,946,896,533,298,796,57.36
2008,7,11,18,30,24.8,120,1008,894,161,478,639,54.72
2008,7,11,19,30,25,127,1003,884,206,510,714,53.86
2008,7,11,20,30,24.700000000000003,130,930,859,57,429,482,54.660000000000004
2008,7,11,21,30,24,129,794,816,20,311,327,57.050000000000004
2008,7,11,22,30,23.200000000000003,120,610,749,85,299,354,60.480000000000004
2008,7,11,23,30,22.1,100,394,644,15,154,161,65.75
2008,7,12,0,30,20.8,69,171,433,2,54,55,74.24
2008,7,12,1,30,19.700000000000003,0,0,0,0,0,0,81.35000000000001
2008,7,12,2,30,19.1,0,0,0,0,0,0,83.79
2008,7,12,3,30,18.6,0,0,0,0,0,0,86.12
2008,7,12,4,30,18.2,0,0,0,0,0,0,87.76
2008,7,12,5,30,17.8,0,0,0,0,0,0,89.36
2008,7,12,6,30,17.400000000000002,0,0,0,0,0,0,90.82000000000001
2008,7,12,7,30,17.2,0,0,0,0,0,0,91.06
2008,7,12,8,30,17,0,0,0,0,0,0,91.24
2008,7,12,9,30,16.7,0,0,0,0,0,0,92.03
2008,7,12,10,30,16.5,0,0,0,0,0,0,91.81
2008,7,12,11,30,16.400000000000002,0,0,0,0,0,0,90.83
2008,7,12,12,30,17.2,11,12,45,45,11,12,86.68
2008,7,12,13,30,18.8,74,182,432,50,134,146,81.38
2008,7,12,14,30,20.5,111,403,625,625,111,403,72.31
2008,7,12,15,30,22.3,133,617,729,59,319,359,64.42
2008,7,12,16,30,23.900000000000002,145,796,791,305,412,664,59.53
2008,7,12,17,30,24.900000000000002,156,924,821,529,312,807,57.04
2008,7,12,18,30,25.400000000000002,143,996,859,552,296,844,55.730000000000004
2008,7,12,19,30,25.200000000000003,156,987,839,839,156,987,56.13
2008,7,12,20,30,24.6,159,914,811,455,344,767,58.620000000000005
2008,7,12,21,30,24.1,141,786,791,452,295,664,61.44
2008,7,12,22,30,23.400000000000002,130,602,722,291,273,463,65.61
2008,7,12,23,30,22.6,110,387,607,440,176,377,71.77
2008,7,13,0,30,21.3,77,165,374,58,120,134,80.06
2008,7,13,1,30,20.3,0,0,0,0,0,0,87.62
2008,7,13,2,30,19.8,0,0,0,0,0,0,90.12
2008,7,13,3,30,19.5,0,0,0,0,0,0,91.58
2008,7,13,4,30,19.3,0,0,0,0,0,0,92.41
2008,7,13,5,30,19.200000000000003,0,0,0,0,0,0,92.56
2008,7,13,6,30,19.1,0,0,0,0,0,0,92.48
2008,7,13,7,30,18.900000000000002,0,0,0,0,0,0,92.82000000000001
2008,7,13,8,30,18.7,0,0,0,0,0,0,93.7
2008,7,13,9,30,18.6,0,0,0,0,0,0,93.58
2008,7,13,10,30,18.400000000000002,0,0,0,0,0,0,93.95
2008,7,13,11,30,18.2,0,0,0,0,0,0,94.02
2008,7,13,12,30,18.3,10,10,23,0,5,5,92.55
2008,7,13,13,30,18.8,79,177,393,62,118,134,89.96000000000001
2008,7,13,14,30,19.8,106,401,630,347,191,353,86
2008,7,13,15,30,21.1,120,617,749,367,304,548,80.43
2008,7,13,16,30,22.200000000000003,127,799,817,241,347,545,74.52
2008,7,13,17,30,23,133,930,852,598,253,812,68.49
2008,7,13,18,30,23.400000000000002,122,1004,887,887,122,1004,64.43
2008,7,13,19,30,23.6,122,1003,889,889,122,1003,62.800000000000004
2008,7,13,20,30,23.700000000000003,113,937,884,884,113,937,62.35
2008,7,13,21,30,23.5,104,805,859,449,284,650,63.31
2008,7,13,22,30,23,100,618,793,0,27,27,66.02
2008,7,13,23,30,22.200000000000003,84,401,694,121,208,264,70.94
2008,7,14,0,30,20.8,60,175,485,6,78,80,80.41
2008,7,14,1,30,19.5,0,0,0,0,0,0,88.67
2008,7,14,2,30,18.900000000000002,0,0,0,0,0,0,89.89
2008,7,14,3,30,18.5,0,0,0,0,0,0,91.23
2008,7,14,4,30,18.3,0,0,0,0,0,0,91.86
2008,7,14,5,30,18.2,0,0,0,0,0,0,91.93
2008,7,14,6,30,18.1,0,0,0,0,0,0,92.13
2008,7,14,7,30,18.1,0,0,0,0,0,0,92.07000000000001
2008,7,14,8,30,18,0,0,0,0,0,0,92.35000000000001
2008,7,14,9,30,17.7,0,0,0,0,0,0,93.01
2008,7,14,10,30,17.3,0,0,0,0,0,0,94.43
2008,7,14,11,30,17.2,0,0,0,0,0,0,94.19
2008,7,14,12,30,17.8,10,11,35,0,3,3,90.87
2008,7,14,13,30,18.900000000000002,76,178,414,0,4,4,88.14
2008,7,14,14,30,20.200000000000003,112,400,618,37,190,207,82.4
2008,7,14,15,30,21.6,137,612,717,245,286,448,74.33
2008,7,14,16,30,22.700000000000003,155,790,772,396,312,638,68.65
2008,7,14,17,30,23.5,167,918,804,540,315,820,65.33
2008,7,14,18,30,23.900000000000002,166,985,825,378,474,849,63.660000000000004
2008,7,14,19,30,24,166,984,825,327,497,821,63.07
2008,7,14,20,30,23.900000000000002,158,915,813,455,346,770,63.63
2008,7,14,21,30,23.6,128,792,814,412,305,642,65.33
2008,7,14,22,30,23,113,611,761,270,272,449,68.85000000000001
2008,7,14,23,30,22.1,93,395,664,67,207,238,74.7
2008,7,15,0,30,20.700000000000003,63,172,463,1,47,47,84.83
2008,7,15,1,30,19.5,0,0,0,0,0,0,91.37
2008,7,15,2,30,18.900000000000002,0,0,0,0,0,0,92.72
2008,7,15,3,30,18.5,0,0,0,0,0,0,93.93
2008,7,15,4,30,18.3,0,0,0,0,0,0,93.96000000000001
2008,7,15,5,30,18.1,0,0,0,0,0,0,94.96000000000001
2008,7,15,6,30,18.1,0,0,0,0,0,0,95.22
2008,7,15,7,30,18,0,0,0,0,0,0,95.33
2008,7,15,8,30,17.6,0,0,0,0,0,0,95.71000000000001
2008,7,15,9,30,17.3,0,0,0,0,0,0,95.94
2008,7,15,10,30,17.2,0,0,0,0,0,0,95.17
2008,7,15,11,30,17.1,0,0,0,0,0,0,93.75
2008,7,15,12,30,17.6,11,13,78,0,4,4,89.4
2008,7,15,13,30,19.1,55,191,551,0,64,64,86.15
2008,7,15,14,30,21.3,77,419,735,26,220,232,75.52
2008,7,15,15,30,23.8,90,638,827,827,90,638,59.24
2008,7,15,16,30,25.6,100,818,872,872,100,818,51.58
2008,7,15,17,30,26.400000000000002,109,947,897,897,109,947,49.44
2008,7,15,18,30,26.700000000000003,112,1016,911,911,112,1016,48.81
2008,7,15,19,30,26.6,115,1013,906,906,115,1013,49.01
2008,7,15,20,30,26.400000000000002,112,943,892,892,112,943,49.94
2008,7,15,21,30,26.1,110,808,854,67,353,408,51.29
2008,7,15,22,30,25.5,102,622,796,3,169,170,53.76
2008,7,15,23,30,24.400000000000002,85,403,698,0,66,66,59.93
2008,7,16,0,30,22.5,59,176,497,16,92,96,70.85000000000001
2008,7,16,1,30,20.700000000000003,0,0,0,0,0,0,82.24
2008,7,16,2,30,19.900000000000002,0,0,0,0,0,0,85.44
2008,7,16,3,30,19.5,0,0,0,0,0,0,87.65
2008,7,16,4,30,19.400000000000002,0,0,0,0,0,0,87.51
2008,7,16,5,30,19.200000000000003,0,0,0,0,0,0,87.57000000000001
2008,7,16,6,30,18.8,0,0,0,0,0,0,88.93
2008,7,16,7,30,18.2,0,0,0,0,0,0,91.87
2008,7,16,8,30,17.6,0,0,0,0,0,0,94.63
2008,7,16,9,30,17.2,0,0,0,0,0,0,95.69
2008,7,16,10,30,16.8,0,0,0,0,0,0,96.7
2008,7,16,11,30,16.6,0,0,0,0,0,0,96.22
2008,7,16,12,30,17.400000000000002,10,11,45,0,2,2,90.9
2008,7,16,13,30,19.1,66,187,495,22,124,129,85
2008,7,16,14,30,21.3,89,420,713,143,249,315,73.72
2008,7,16,15,30,23.5,99,645,825,124,357,439,62.18
2008,7,16,16,30,25.3,105,833,885,1,298,299,53.97
2008,7,16,17,30,26.700000000000003,108,967,919,919,108,967,48.38
2008,7,16,18,30,27.8,109,1033,930,930,109,1033,44.29
2008,7,16,19,30,28.5,109,1029,928,928,109,1029,41.81
2008,7,16,20,30,28.8,108,955,910,910,108,955,40.77
2008,7,16,21,30,28.400000000000002,107,817,870,870,107,817,41.95
2008,7,16,22,30,27.700000000000003,101,626,803,803,101,626,44.61
2008,7,16,23,30,26.5,87,404,697,697,87,404,50.02
2008,7,17,0,30,24.1,61,175,485,485,61,175,62.67
2008,7,17,1,30,22,0,0,0,0,0,0,78.38
2008,7,17,2,30,21.1,0,0,0,0,0,0,82.31
2008,7,17,3,30,20.700000000000003,0,0,0,0,0,0,86
2008,7,17,4,30,20.5,0,0,0,0,0,0,87.23
2008,7,17,5,30,20.3,0,0,0,0,0,0,87.73
2008,7,17,6,30,20,0,0,0,0,0,0,88.16
2008,7,17,7,30,19.6,0,0,0,0,0,0,88.60000000000001
2008,7,17,8,30,19.1,0,0,0,0,0,0,90.04
2008,7,17,9,30,18.5,0,0,0,0,0,0,92.07000000000001
2008,7,17,10,30,17.900000000000002,0,0,0,0,0,0,94.23
2008,7,17,11,30,17.5,0,0,0,0,0,0,95.02
2008,7,17,12,30,18.3,10,11,50,0,3,3,90.06
2008,7,17,13,30,20.1,63,186,504,504,63,186,83.41
2008,7,17,14,30,22.1,83,420,726,39,232,250,75.07000000000001
2008,7,17,15,30,23.900000000000002,91,644,835,0,158,158,65.26
2008,7,17,16,30,25.5,98,830,891,891,98,830,57.02
2008,7,17,17,30,26.6,103,962,919,919,103,962,51.71
2008,7,17,18,30,27.3,115,1026,918,918,115,1026,48.34
2008,7,17,19,30,27.5,117,1022,912,912,117,1022,47.02
2008,7,17,20,30,27.3,118,946,889,889,118,946,47.410000000000004
2008,7,17,21,30,26.6,112,809,854,854,112,809,49.59
2008,7,17,22,30,25.400000000000002,106,620,786,522,262,603,54.18
2008,7,17,23,30,23.6,90,399,678,176,234,314,63.04
2008,7,18,0,30,21.6,65,171,452,0,4,4,75.56
2008,7,18,1,30,20.1,0,0,0,0,0,0,85.67
2008,7,18,2,30,19.5,0,0,0,0,0,0,88.94
2008,7,18,3,30,19.1,0,0,0,0,0,0,91.35000000000001
2008,7,18,4,30,18.7,0,0,0,0,0,0,92.97
2008,7,18,5,30,18.400000000000002,0,0,0,0,0,0,93.63
2008,7,18,6,30,17.900000000000002,0,0,0,0,0,0,95.09
2008,7,18,7,30,17.7,0,0,0,0,0,0,94.5
2008,7,18,8,30,17.5,0,0,0,0,0,0,94.29
2008,7,18,9,30,17.400000000000002,0,0,0,0,0,0,93.88
2008,7,18,10,30,17.2,0,0,0,0,0,0,93.3
2008,7,18,11,30,17.1,0,0,0,0,0,0,91.82000000000001
2008,7,18,12,30,17.8,10,10,41,0,5,5,86.57000000000001
2008,7,18,13,30,19.700000000000003,65,182,483,32,109,117,78.32000000000001
2008,7,18,14,30,22.200000000000003,90,411,692,200,209,302,63.79
2008,7,18,15,30,23.900000000000002,106,628,791,215,268,410,58.45
2008,7,18,16,30,24.6,118,811,844,571,208,678,52.86
2008,7,18,17,30,24.900000000000002,123,943,877,564,285,812,50.54
2008,7,18,18,30,25.1,130,1008,885,885,130,1008,50.64
2008,7,18,19,30,25,132,1006,881,881,132,1006,51.29
2008,7,18,20,30,24.8,129,935,865,554,288,804,52.160000000000004
2008,7,18,21,30,24.3,119,801,837,386,305,620,53.96
2008,7,18,22,30,23.700000000000003,109,616,776,231,289,441,57.1
2008,7,18,23,30,22.8,91,397,672,0,66,67,63.06
2008,7,19,0,30,21.5,63,171,464,8,84,86,72.03
2008,7,19,1,30,20.5,0,0,0,0,0,0,80.29
2008,7,19,2,30,19.8,0,0,0,0,0,0,83.28
2008,7,19,3,30,19.3,0,0,0,0,0,0,84.45
2008,7,19,4,30,19.1,0,0,0,0,0,0,84.27
2008,7,19,5,30,18.900000000000002,0,0,0,0,0,0,83.96000000000001
2008,7,19,6,30,18.8,0,0,0,0,0,0,83.26
2008,7,19,7,30,18.400000000000002,0,0,0,0,0,0,85.06
2008,7,19,8,30,18,0,0,0,0,0,0,87.49
2008,7,19,9,30,17.7,0,0,0,0,0,0,88.86
2008,7,19,10,30,17.5,0,0,0,0,0,0,89.49
2008,7,19,11,30,17.400000000000002,0,0,0,0,0,0,89.10000000000001
2008,7,19,12,30,18.1,10,11,65,65,10,11,85.56
2008,7,19,13,30,19.700000000000003,56,185,534,2,83,83,82.27
2008,7,19,14,30,21.6,77,414,729,33,221,236,70.75
2008,7,19,15,30,23.3,90,634,823,212,338,478,60.99
2008,7,19,16,30,24.700000000000003,99,817,874,50,378,419,54.54
2008,7,19,17,30,25.700000000000003,106,947,900,585,271,818,50.45
2008,7,19,18,30,26.200000000000003,112,1013,907,592,273,861,48.44
2008,7,19,19,30,26.400000000000002,118,1010,900,588,269,852,47.58
2008,7,19,20,30,26.200000000000003,118,938,880,609,259,826,47.9
2008,7,19,21,30,25.700000000000003,125,799,826,519,262,686,49.24
2008,7,19,22,30,25.1,119,611,753,350,248,476,51.47
2008,7,19,23,30,24.1,103,391,635,202,203,295,57.64
2008,7,20,0,30,22.6,74,165,390,141,118,151,67.3
2008,7,20,1,30,21.3,0,0,0,0,0,0,76
2008,7,20,2,30,20.400000000000002,0,0,0,0,0,0,81.01
2008,7,20,3,30,19.900000000000002,0,0,0,0,0,0,84.11
2008,7,20,4,30,19.400000000000002,0,0,0,0,0,0,87.04
2008,7,20,5,30,19,0,0,0,0,0,0,88.98
2008,7,20,6,30,18.7,0,0,0,0,0,0,90.37
2008,7,20,7,30,18.5,0,0,0,0,0,0,91.18
2008,7,20,8,30,18.2,0,0,0,0,0,0,92.41
2008,7,20,9,30,17.8,0,0,0,0,0,0,93.29
2008,7,20,10,30,17.400000000000002,0,0,0,0,0,0,93.06
2008,7,20,11,30,17,0,0,0,0,0,0,92.52
2008,7,20,12,30,17.2,0,0,0,0,0,0,89.48
2008,7,20,13,30,18.3,84,169,352,25,125,131,84.29
2008,7,20,14,30,20.200000000000003,124,391,578,347,229,390,73.91
2008,7,20,15,30,22.6,145,610,705,281,337,523,61.88
2008,7,20,16,30,24.8,153,796,782,296,421,664,53.21
2008,7,20,17,30,26.5,156,929,827,323,473,776,48.17
2008,7,20,18,30,27.6,145,1004,865,329,498,825,45.730000000000004
2008,7,20,19,30,27.900000000000002,147,1001,862,609,288,893,45.71
2008,7,20,20,30,27.6,145,929,841,563,292,816,47.02
2008,7,20,21,30,26.900000000000002,143,792,795,485,284,680,49.69
2008,7,20,22,30,25.900000000000002,135,602,716,434,239,522,54.46
2008,7,20,23,30,24.700000000000003,114,384,596,104,211,258,61.370000000000005
2008,7,21,0,30,23.200000000000003,81,159,336,21,104,109,70.43
2008,7,21,1,30,22.1,0,0,0,0,0,0,79.96000000000001
2008,7,21,2,30,21.3,0,0,0,0,0,0,85.07000000000001
2008,7,21,3,30,20.5,0,0,0,0,0,0,88.97
2008,7,21,4,30,19.900000000000002,0,0,0,0,0,0,91.66
2008,7,21,5,30,19.5,0,0,0,0,0,0,93.10000000000001
2008,7,21,6,30,19.1,0,0,0,0,0,0,93.9
2008,7,21,7,30,18.5,0,0,0,0,0,0,94.43
2008,7,21,8,30,18.1,0,0,0,0,0,0,93.39
2008,7,21,9,30,17.900000000000002,0,0,0,0,0,0,92.47
2008,7,21,10,30,17.7,0,0,0,0,0,0,92.09
2008,7,21,11,30,17.5,0,0,0,0,0,0,91.53
2008,7,21,12,30,17.6,0,0,0,0,0,0,89.68
2008,7,21,13,30,18.3,65,175,457,77,123,142,85.5
2008,7,21,14,30,19.6,91,401,674,674,91,401,77.3
2008,7,21,15,30,21.5,104,623,787,557,197,564,67.2
2008,7,21,16,30,23.200000000000003,112,810,850,559,228,687,61.45
2008,7,21,17,30,24.5,117,946,887,650,202,809,57.71
2008,7,21,18,30,25.6,106,1024,924,718,158,871,53.89
2008,7,21,19,30,26.400000000000002,105,1027,929,703,226,924,50.6
2008,7,21,20,30,26.8,102,956,917,618,255,831,47.9
2008,7,21,21,30,26.700000000000003,102,820,880,605,221,715,46.77
2008,7,21,22,30,26.400000000000002,93,632,826,303,317,515,46.68
2008,7,21,23,30,25.5,78,410,732,237,223,331,49.76
2008,7,22,0,30,23.3,55,177,527,527,55,177,61.9
2008,7,22,1,30,21,0,0,0,0,0,0,74.33
2008,7,22,2,30,19.900000000000002,0,0,0,0,0,0,79.45
2008,7,22,3,30,19.400000000000002,0,0,0,0,0,0,82.81
2008,7,22,4,30,19,0,0,0,0,0,0,86
2008,7,22,5,30,18.8,0,0,0,0,0,0,87.59
2008,7,22,6,30,18.7,0,0,0,0,0,0,87.37
2008,7,22,7,30,18.400000000000002,0,0,0,0,0,0,87.52
2008,7,22,8,30,17.8,0,0,0,0,0,0,89.32000000000001
2008,7,22,9,30,17.2,0,0,0,0,0,0,90.9
2008,7,22,10,30,16.8,0,0,0,0,0,0,91.21000000000001
2008,7,22,11,30,16.6,0,0,0,0,0,0,90.37
2008,7,22,12,30,17.5,0,0,0,0,0,0,85.13
2008,7,22,13,30,19.700000000000003,61,182,508,117,114,143,78.44
2008,7,22,14,30,21.900000000000002,83,414,718,89,201,242,68.1
2008,7,22,15,30,23.700000000000003,97,634,816,131,310,396,60.06
2008,7,22,16,30,25.200000000000003,110,817,862,326,321,589,54.24
2008,7,22,17,30,26.200000000000003,121,944,880,323,410,712,50.800000000000004
2008,7,22,18,30,26.700000000000003,138,1005,873,453,354,804,48.96
2008,7,22,19,30,26.8,149,998,856,479,321,796,48.480000000000004
2008,7,22,20,30,26.400000000000002,152,923,827,378,381,733,49.82
2008,7,22,21,30,25.8,150,787,781,354,319,608,52.2
2008,7,22,22,30,25.1,137,602,713,422,255,530,55.09
2008,7,22,23,30,24.1,110,386,610,115,245,297,60.050000000000004
2008,7,23,0,30,22.3,72,163,392,66,121,136,70.41
2008,7,23,1,30,20.700000000000003,0,0,0,0,0,0,80.31
2008,7,23,2,30,20,0,0,0,0,0,0,83.92
2008,7,23,3,30,19.6,0,0,0,0,0,0,87.62
2008,7,23,4,30,19.3,0,0,0,0,0,0,90.54
2008,7,23,5,30,19,0,0,0,0,0,0,93
2008,7,23,6,30,18.900000000000002,0,0,0,0,0,0,93.53
2008,7,23,7,30,18.7,0,0,0,0,0,0,94.2
2008,7,23,8,30,18.5,0,0,0,0,0,0,94.53
2008,7,23,9,30,18.3,0,0,0,0,0,0,94.65
2008,7,23,10,30,18,0,0,0,0,0,0,95.38
2008,7,23,11,30,17.900000000000002,0,0,0,0,0,0,94.96000000000001
2008,7,23,12,30,18.5,0,0,0,0,0,0,90.83
2008,7,23,13,30,19.8,56,180,522,14,113,116,83.72
2008,7,23,14,30,21.5,77,412,729,160,197,271,73.93
2008,7,23,15,30,23.200000000000003,89,633,827,422,231,508,65.71000000000001
2008,7,23,16,30,24.700000000000003,97,819,880,473,255,643,59.75
2008,7,23,17,30,25.8,102,952,909,583,270,815,55.9
2008,7,23,18,30,26.400000000000002,125,1012,893,589,268,853,53.68
2008,7,23,19,30,26.700000000000003,125,1011,893,597,239,832,52.11
2008,7,23,20,30,26.700000000000003,122,940,879,565,282,808,51.47
2008,7,23,21,30,26.400000000000002,112,807,853,301,404,650,52.13
2008,7,23,22,30,25.8,103,619,791,302,315,512,54.21
2008,7,23,23,30,24.8,87,398,688,347,182,339,58.96
2008,7,24,0,30,23,60,170,476,229,103,156,69.02
2008,7,24,1,30,21.3,0,0,0,0,0,0,80.03
2008,7,24,2,30,20.200000000000003,0,0,0,0,0,0,84.52
2008,7,24,3,30,19.6,0,0,0,0,0,0,88.57000000000001
2008,7,24,4,30,19.200000000000003,0,0,0,0,0,0,91.56
2008,7,24,5,30,18.900000000000002,0,0,0,0,0,0,93.41
2008,7,24,6,30,18.6,0,0,0,0,0,0,94.89
2008,7,24,7,30,18.400000000000002,0,0,0,0,0,0,95.67
2008,7,24,8,30,18.2,0,0,0,0,0,0,96.31
2008,7,24,9,30,18,0,0,0,0,0,0,96.72
2008,7,24,10,30,17.8,0,0,0,0,0,0,96.83
2008,7,24,11,30,17.7,0,0,0,0,0,0,96.2
2008,7,24,12,30,18.5,0,0,0,0,0,0,91.33
2008,7,24,13,30,19.900000000000002,59,177,499,4,61,62,86.44
2008,7,24,14,30,21.8,80,407,715,366,200,368,77.55
2008,7,24,15,30,23.8,88,628,821,231,330,482,67.81
2008,7,24,16,30,25.400000000000002,97,813,874,874,97,813,60.6
2008,7,24,17,30,26.5,104,943,898,898,104,943,56.17
2008,7,24,18,30,27.1,106,1010,911,911,106,1010,53.410000000000004
2008,7,24,19,30,27.200000000000003,110,1008,905,905,110,1008,52.43
2008,7,24,20,30,26.8,112,934,883,883,112,934,53.35
2008,7,24,21,30,26.1,116,795,833,528,234,665,56.89
2008,7,24,22,30,25.1,110,607,763,437,219,504,63.47
2008,7,24,23,30,23.900000000000002,95,388,650,258,192,308,71.69
2008,7,25,0,30,22.5,65,163,426,16,101,104,81.04
2008,7,25,1,30,21.5,0,0,0,0,0,0,89.04
2008,7,25,2,30,21.1,0,0,0,0,0,0,91.02
2008,7,25,3,30,20.8,0,0,0,0,0,0,92.42
2008,7,25,4,30,20.6,0,0,0,0,0,0,93.63
2008,7,25,5,30,20.400000000000002,0,0,0,0,0,0,94.48
2008,7,25,6,30,20.3,0,0,0,0,0,0,94.85000000000001
2008,7,25,7,30,20.1,0,0,0,0,0,0,95.62
2008,7,25,8,30,19.900000000000002,0,0,0,0,0,0,95.67
2008,7,25,9,30,19.700000000000003,0,0,0,0,0,0,95.85000000000001
2008,7,25,10,30,19.5,0,0,0,0,0,0,96
2008,7,25,11,30,19.400000000000002,0,0,0,0,0,0,95.32000000000001
2008,7,25,12,30,19.400000000000002,0,0,0,0,0,0,94.37
2008,7,25,13,30,19.6,52,176,529,2,53,53,93.46000000000001
2008,7,25,14,30,19.900000000000002,70,407,736,27,162,175,92.12
2008,7,25,15,30,20.400000000000002,86,626,822,184,281,402,87.21000000000001
2008,7,25,16,30,21.400000000000002,100,809,865,217,419,596,79.9
2008,7,25,17,30,22.700000000000003,110,941,890,573,275,810,72.25
2008,7,25,18,30,23.700000000000003,121,1006,891,598,273,867,66.69
2008,7,25,19,30,24.200000000000003,122,1005,890,604,274,873,64.02
2008,7,25,20,30,24.3,119,934,876,346,371,693,63.29
2008,7,25,21,30,23.900000000000002,113,800,842,267,320,538,64.65
2008,7,25,22,30,23.3,105,613,780,88,296,353,67.16
2008,7,25,23,30,22.3,90,392,670,10,138,143,72.73
2008,7,26,0,30,20.900000000000002,62,166,455,30,102,109,82.12
2008,7,26,1,30,19.8,0,0,0,0,0,0,89.56
2008,7,26,2,30,19.3,0,0,0,0,0,0,90.56
2008,7,26,3,30,19,0,0,0,0,0,0,91.13
2008,7,26,4,30,18.8,0,0,0,0,0,0,92
2008,7,26,5,30,18.6,0,0,0,0,0,0,92.84
2008,7,26,6,30,18.5,0,0,0,0,0,0,92.99
2008,7,26,7,30,18.400000000000002,0,0,0,0,0,0,92.68
2008,7,26,8,30,18.2,0,0,0,0,0,0,93.31
2008,7,26,9,30,18,0,0,0,0,0,0,94.07000000000001
2008,7,26,10,30,17.8,0,0,0,0,0,0,93.79
2008,7,26,11,30,17.7,0,0,0,0,0,0,93.08
2008,7,26,12,30,18.1,0,0,0,0,0,0,90.09
2008,7,26,13,30,19.3,79,164,362,24,121,126,86.05
2008,7,26,14,30,21,112,393,615,615,112,393,77.3
2008,7,26,15,30,22.8,128,616,743,181,353,471,66.8
2008,7,26,16,30,24.200000000000003,136,803,814,375,387,694,59.9
2008,7,26,17,30,25,143,935,848,848,143,935,56.24
2008,7,26,18,30,25.400000000000002,118,1015,903,903,118,1015,54.550000000000004
2008,7,26,19,30,25.3,122,1011,897,897,122,1011,54.61
2008,7,26,20,30,25,121,939,879,313,461,753,55.65
2008,7,26,21,30,24.400000000000002,122,800,833,287,408,641,58.56
2008,7,26,22,30,23.5,115,610,761,205,284,417,63.39
2008,7,26,23,30,22.3,98,388,644,353,187,346,71.85000000000001
2008,7,27,0,30,20.900000000000002,68,160,406,1,49,49,80.02
2008,7,27,1,30,19.8,0,0,0,0,0,0,87.78
2008,7,27,2,30,19.400000000000002,0,0,0,0,0,0,90.27
2008,7,27,3,30,19.200000000000003,0,0,0,0,0,0,91.66
2008,7,27,4,30,19,0,0,0,0,0,0,92.68
2008,7,27,5,30,18.8,0,0,0,0,0,0,93.56
2008,7,27,6,30,18.6,0,0,0,0,0,0,94.09
2008,7,27,7,30,18.400000000000002,0,0,0,0,0,0,94.26
2008,7,27,8,30,18.1,0,0,0,0,0,0,94.82000000000001
2008,7,27,9,30,17.8,0,0,0,0,0,0,95.14
2008,7,27,10,30,17.5,0,0,0,0,0,0,95.14
2008,7,27,11,30,17.3,0,0,0,0,0,0,94.13
2008,7,27,12,30,17.5,0,0,0,0,0,0,91.68
2008,7,27,13,30,18.2,66,171,450,2,50,50,88.05
2008,7,27,14,30,19.400000000000002,94,399,669,0,11,11,79.61
2008,7,27,15,30,20.900000000000002,111,621,776,52,299,333,69.66
2008,7,27,16,30,22.200000000000003,122,807,836,105,399,485,61.95
2008,7,27,17,30,23.3,130,940,867,89,446,529,57.4
2008,7,27,18,30,23.900000000000002,116,1016,906,389,460,847,55.49
2008,7,27,19,30,24,118,1014,903,903,118,1014,55.14
2008,7,27,20,30,23.700000000000003,115,941,888,888,115,941,56.160000000000004
2008,7,27,21,30,23.3,113,804,849,849,113,804,57.84
2008,7,27,22,30,22.700000000000003,103,617,791,791,103,617,60.84
2008,7,27,23,30,21.8,86,395,689,203,225,316,66.06
2008,7,28,0,30,20.400000000000002,59,166,472,472,59,166,75.68
2008,7,28,1,30,19.3,0,0,0,0,0,0,82.65
2008,7,28,2,30,18.6,0,0,0,0,0,0,85.78
2008,7,28,3,30,18,0,0,0,0,0,0,88.2
2008,7,28,4,30,17.5,0,0,0,0,0,0,90.23
2008,7,28,5,30,17,0,0,0,0,0,0,92.23
2008,7,28,6,30,16.5,0,0,0,0,0,0,94.17
2008,7,28,7,30,16,0,0,0,0,0,0,96.21000000000001
2008,7,28,8,30,15.700000000000001,0,0,0,0,0,0,97.18
2008,7,28,9,30,15.4,0,0,0,0,0,0,98.41
2008,7,28,10,30,15.200000000000001,0,0,0,0,0,0,98.86
2008,7,28,11,30,15.3,0,0,0,0,0,0,97.24000000000001
2008,7,28,12,30,16.400000000000002,0,0,0,0,0,0,90.85000000000001
2008,7,28,13,30,18.5,58,175,504,504,58,175,82.82000000000001
2008,7,28,14,30,21.1,81,408,718,718,81,408,71.05
2008,7,28,15,30,23.8,93,632,823,823,93,632,58.61
2008,7,28,16,30,25.8,101,821,880,880,101,821,50.25
2008,7,28,17,30,27.3,106,956,911,911,106,956,45.03
2008,7,28,18,30,28.1,99,1027,935,935,99,1027,42.84
2008,7,28,19,30,28.5,99,1026,935,935,99,1026,41.89
2008,7,28,20,30,28.400000000000002,96,954,922,922,96,954,41.97
2008,7,28,21,30,28,92,816,890,890,92,816,43.22
2008,7,28,22,30,27.200000000000003,85,626,833,542,196,547,45.89
2008,7,28,23,30,25.8,73,402,736,430,146,339,51.72
2008,7,29,0,30,23.6,51,170,528,32,97,105,64.88
2008,7,29,1,30,21.6,0,0,0,0,0,0,77.17
2008,7,29,2,30,20.5,0,0,0,0,0,0,81.18
2008,7,29,3,30,19.700000000000003,0,0,0,0,0,0,84.94
2008,7,29,4,30,18.900000000000002,0,0,0,0,0,0,88.92
2008,7,29,5,30,18.3,0,0,0,0,0,0,91.64
2008,7,29,6,30,17.6,0,0,0,0,0,0,94.8
2008,7,29,7,30,17.1,0,0,0,0,0,0,96.72
2008,7,29,8,30,16.6,0,0,0,0,0,0,97.9
2008,7,29,9,30,16.1,0,0,0,0,0,0,98.71000000000001
2008,7,29,10,30,15.700000000000001,0,0,0,0,0,0,98.88
2008,7,29,11,30,15.600000000000001,0,0,0,0,0,0,96.99000000000001
2008,7,29,12,30,16.7,0,0,0,0,0,0,89.19
2008,7,29,13,30,19.1,53,178,539,15,110,114,78.77
2008,7,29,14,30,21.8,75,411,741,202,227,319,66.99
2008,7,29,15,30,24.200000000000003,87,634,835,280,318,502,58.01
2008,7,29,16,30,25.900000000000002,96,821,886,348,385,669,52.78
2008,7,29,17,30,26.900000000000002,104,952,909,909,104,952,50.44
2008,7,29,18,30,27.200000000000003,109,1017,914,914,109,1017,50.15
2008,7,29,19,30,26.8,113,1012,907,907,113,1012,51.550000000000004
2008,7,29,20,30,26.200000000000003,114,938,886,886,114,938,53.64
2008,7,29,21,30,25.400000000000002,97,807,873,873,97,807,57.15
2008,7,29,22,30,24.6,88,620,821,502,208,533,62.38
2008,7,29,23,30,23.5,73,398,729,40,219,237,69.66
2008,7,30,0,30,22,50,169,533,131,105,134,81.5
2008,7,30,1,30,20.700000000000003,0,0,0,0,0,0,87.9
2008,7,30,2,30,20.1,0,0,0,0,0,0,89.71000000000001
2008,7,30,3,30,19.6,0,0,0,0,0,0,91.66
2008,7,30,4,30,19.200000000000003,0,0,0,0,0,0,92.96000000000001
2008,7,30,5,30,18.900000000000002,0,0,0,0,0,0,94.10000000000001
2008,7,30,6,30,18.7,0,0,0,0,0,0,94.73
2008,7,30,7,30,18.5,0,0,0,0,0,0,95.47
2008,7,30,8,30,18.3,0,0,0,0,0,0,95.86
2008,7,30,9,30,18.1,0,0,0,0,0,0,95.8
2008,7,30,10,30,17.900000000000002,0,0,0,0,0,0,96.2
2008,7,30,11,30,17.8,0,0,0,0,0,0,95.88
2008,7,30,12,30,18.3,0,0,0,0,0,0,92.53
2008,7,30,13,30,19.200000000000003,54,174,519,519,54,174,90.98
2008,7,30,14,30,20.5,78,405,721,721,78,405,83.21000000000001
2008,7,30,15,30,22.5,92,627,818,818,92,627,68.61
2008,7,30,16,30,24.200000000000003,101,816,874,874,101,816,57.42
2008,7,30,17,30,25.3,107,949,903,903,107,949,53.51
2008,7,30,18,30,25.8,99,1023,931,931,99,1023,52.68
2008,7,30,19,30,25.700000000000003,100,1019,927,927,100,1019,53.78
2008,7,30,20,30,25.1,99,946,910,910,99,946,56.910000000000004
2008,7,30,21,30,24.3,102,805,865,268,406,624,60.980000000000004
2008,7,30,22,30,23.5,96,615,801,234,325,477,65.71000000000001
2008,7,30,23,30,22.5,83,391,691,191,223,308,72.27
2008,7,31,0,30,21.3,59,160,457,89,112,132,80.13
2008,7,31,1,30,20.400000000000002,0,0,0,0,0,0,85.97
2008,7,31,2,30,19.900000000000002,0,0,0,0,0,0,88.54
2008,7,31,3,30,19.6,0,0,0,0,0,0,90.06
2008,7,31,4,30,19.200000000000003,0,0,0,0,0,0,91.47
2008,7,31,5,30,18.7,0,0,0,0,0,0,93.2
2008,7,31,6,30,18.2,0,0,0,0,0,0,94.16
2008,7,31,7,30,18,0,0,0,0,0,0,93.12
2008,7,31,8,30,17.7,0,0,0,0,0,0,92.77
2008,7,31,9,30,17.3,0,0,0,0,0,0,93.48
2008,7,31,10,30,16.900000000000002,0,0,0,0,0,0,94.06
2008,7,31,11,30,16.400000000000002,0,0,0,0,0,0,95
2008,7,31,12,30,17.1,0,0,0,0,0,0,89.53
2008,7,31,13,30,18.8,57,176,516,10,76,79,85.49
2008,7,31,14,30,21,81,413,733,130,208,267,73.84
2008,7,31,15,30,23.1,93,639,835,0,62,62,59.81
2008,7,31,16,30,24.900000000000002,102,827,886,327,337,604,50.95
2008,7,31,17,30,26.200000000000003,109,962,914,601,274,835,46.35
2008,7,31,18,30,27.1,126,1024,905,650,267,912,44.06
2008,7,31,19,30,27.6,130,1017,895,895,130,1017,43.04
2008,7,31,20,30,27.6,131,941,871,333,462,772,43.38
2008,7,31,21,30,27.200000000000003,126,802,832,252,423,627,44.86
2008,7,31,22,30,26.400000000000002,122,608,751,220,339,481,48.08
2008,7,31,23,30,25,109,381,610,295,197,328,54.27
2008,8,1,0,30,22.8,74,152,353,67,107,122,66.63
2008,8,1,1,30,21,0,0,0,0,0,0,80.89
2008,8,1,2,30,20.200000000000003,0,0,0,0,0,0,85.11
2008,8,1,3,30,19.6,0,0,0,0,0,0,88.45
2008,8,1,4,30,19.3,0,0,0,0,0,0,89.55
2008,8,1,5,30,19,0,0,0,0,0,0,90.2
2008,8,1,6,30,18.7,0,0,0,0,0,0,91.01
2008,8,1,7,30,18.400000000000002,0,0,0,0,0,0,92.02
2008,8,1,8,30,18.2,0,0,0,0,0,0,92.83
2008,8,1,9,30,17.900000000000002,0,0,0,0,0,0,94.26
2008,8,1,10,30,17.7,0,0,0,0,0,0,94.5
2008,8,1,11,30,17.7,0,0,0,0,0,0,93.89
2008,8,1,12,30,18.3,0,0,0,0,0,0,90.84
2008,8,1,13,30,19.3,69,161,403,0,51,51,88.19
2008,8,1,14,30,20.5,95,391,653,39,226,243,82.29
2008,8,1,15,30,21.6,114,610,759,759,114,610,75.06
2008,8,1,16,30,22.6,127,795,817,817,127,795,68.62
2008,8,1,17,30,23.3,135,928,850,850,135,928,64.37
2008,8,1,18,30,23.700000000000003,121,1005,891,891,121,1005,62.29
2008,8,1,19,30,23.900000000000002,122,1003,889,889,122,1003,61.370000000000005
2008,8,1,20,30,23.900000000000002,118,932,876,876,118,932,61.42
2008,8,1,21,30,23.6,105,799,856,856,105,799,62.7
2008,8,1,22,30,23.1,98,609,792,792,98,609,65.19
2008,8,1,23,30,22.3,83,387,684,684,83,387,69.75
2008,8,2,0,30,21.1,58,157,456,456,58,157,77.74
2008,8,2,1,30,20.1,0,0,0,0,0,0,85.60000000000001
2008,8,2,2,30,19.700000000000003,0,0,0,0,0,0,87.55
2008,8,2,3,30,19.3,0,0,0,0,0,0,89.73
2008,8,2,4,30,19.1,0,0,0,0,0,0,90.94
2008,8,2,5,30,18.900000000000002,0,0,0,0,0,0,91.98
2008,8,2,6,30,18.6,0,0,0,0,0,0,93.39
2008,8,2,7,30,18.400000000000002,0,0,0,0,0,0,93.97
2008,8,2,8,30,18,0,0,0,0,0,0,95.27
2008,8,2,9,30,17.5,0,0,0,0,0,0,96.76
2008,8,2,10,30,17,0,0,0,0,0,0,97.93
2008,8,2,11,30,17,0,0,0,0,0,0,96.3
2008,8,2,12,30,18,0,0,0,0,0,0,89.92
2008,8,2,13,30,19.6,65,165,441,7,102,104,83.5
2008,8,2,14,30,21.200000000000003,95,395,665,101,242,287,73.45
2008,8,2,15,30,22.8,113,620,777,175,348,462,64.81
2008,8,2,16,30,24.200000000000003,125,807,835,576,250,720,58.96
2008,8,2,17,30,25.400000000000002,137,937,858,518,287,770,54.97
2008,8,2,18,30,26.1,169,996,834,530,282,808,52.95
2008,8,2,19,30,26.3,175,992,825,518,318,832,51.800000000000004
2008,8,2,20,30,26.3,169,920,809,419,347,735,51.26
2008,8,2,21,30,26,159,784,771,620,240,743,51.88
2008,8,2,22,30,25.6,137,600,717,259,291,458,53.36
2008,8,2,23,30,24.700000000000003,106,381,621,277,203,325,58.52
2008,8,3,0,30,23,66,155,411,126,111,138,68.71000000000001
2008,8,3,1,30,21.200000000000003,0,0,0,0,0,0,80.8
2008,8,3,2,30,20.200000000000003,0,0,0,0,0,0,83.78
2008,8,3,3,30,19.5,0,0,0,0,0,0,86.37
2008,8,3,4,30,19.1,0,0,0,0,0,0,87.73
2008,8,3,5,30,18.8,0,0,0,0,0,0,89.5
2008,8,3,6,30,18.5,0,0,0,0,0,0,91.21000000000001
2008,8,3,7,30,17.900000000000002,0,0,0,0,0,0,92.73
2008,8,3,8,30,17,0,0,0,0,0,0,94.08
2008,8,3,9,30,16.2,0,0,0,0,0,0,94.93
2008,8,3,10,30,15.700000000000001,0,0,0,0,0,0,95.02
2008,8,3,11,30,15.5,0,0,0,0,0,0,94.27
2008,8,3,12,30,16.2,0,0,0,0,0,0,89.71000000000001
2008,8,3,13,30,17.6,58,169,492,62,116,130,86.09
2008,8,3,14,30,19.3,86,398,692,692,86,398,78.55
2008,8,3,15,30,21.5,106,619,786,786,106,619,68.23
2008,8,3,16,30,23.200000000000003,122,802,833,833,122,802,61.33
2008,8,3,17,30,24.200000000000003,137,932,852,852,137,932,58.31
2008,8,3,18,30,24.5,159,992,839,839,159,992,57.7
2008,8,3,19,30,24.1,163,987,832,832,163,987,59.84
2008,8,3,20,30,23.400000000000002,156,915,816,297,472,747,64.01
2008,8,3,21,30,22.700000000000003,148,778,778,1,128,129,68.85000000000001
2008,8,3,22,30,21.8,135,589,705,68,326,370,75.07000000000001
2008,8,3,23,30,20.900000000000002,113,368,580,0,16,16,82.14
2008,8,4,0,30,20.1,72,145,341,1,48,49,88.48
2008,8,4,1,30,19.6,0,0,0,0,0,0,92.18
2008,8,4,2,30,19.3,0,0,0,0,0,0,93.81
2008,8,4,3,30,18.900000000000002,0,0,0,0,0,0,95.41
2008,8,4,4,30,18.5,0,0,0,0,0,0,95.66
2008,8,4,5,30,18.2,0,0,0,0,0,0,95.48
2008,8,4,6,30,17.900000000000002,0,0,0,0,0,0,95.82000000000001
2008,8,4,7,30,17.6,0,0,0,0,0,0,95.44
2008,8,4,8,30,17.400000000000002,0,0,0,0,0,0,94.07000000000001
2008,8,4,9,30,17.3,0,0,0,0,0,0,92.13
2008,8,4,10,30,17.1,0,0,0,0,0,0,90.74
2008,8,4,11,30,16.8,0,0,0,0,0,0,90.7
2008,8,4,12,30,17.5,0,0,0,0,0,0,86.78
2008,8,4,13,30,19.400000000000002,74,157,369,0,5,5,83.57000000000001
2008,8,4,14,30,21.5,116,383,595,0,95,95,73.38
2008,8,4,15,30,23.3,139,604,713,0,129,129,62.6
2008,8,4,16,30,24.900000000000002,152,791,783,139,435,548,56.08
2008,8,4,17,30,26,157,927,825,145,475,610,52.33
2008,8,4,18,30,26.6,153,999,854,269,517,784,50.480000000000004
2008,8,4,19,30,26.900000000000002,155,995,848,445,439,879,49.68
2008,8,4,20,30,26.700000000000003,154,921,827,587,287,832,50.26
2008,8,4,21,30,26,125,792,824,649,177,702,52.72
2008,8,4,22,30,25.400000000000002,115,602,758,300,275,468,55.76
2008,8,4,23,30,24.5,93,380,653,281,180,303,61.14
2008,8,5,0,30,22.6,62,151,421,5,69,70,71.7
2008,8,5,1,30,20.700000000000003,0,0,0,0,0,0,82.76
2008,8,5,2,30,19.700000000000003,0,0,0,0,0,0,87.36
2008,8,5,3,30,19.3,0,0,0,0,0,0,89.2
2008,8,5,4,30,19.3,0,0,0,0,0,0,88.65
2008,8,5,5,30,19.400000000000002,0,0,0,0,0,0,87.19
2008,8,5,6,30,19.200000000000003,0,0,0,0,0,0,87.73
2008,8,5,7,30,18.7,0,0,0,0,0,0,90.33
2008,8,5,8,30,18.1,0,0,0,0,0,0,92.61
2008,8,5,9,30,17.400000000000002,0,0,0,0,0,0,94.29
2008,8,5,10,30,16.8,0,0,0,0,0,0,95.25
2008,8,5,11,30,16.3,0,0,0,0,0,0,95.52
2008,8,5,12,30,16.7,0,0,0,0,0,0,91.19
2008,8,5,13,30,18.1,60,167,476,0,42,42,87.32000000000001
2008,8,5,14,30,20.200000000000003,85,403,707,0,7,7,78.74
2008,8,5,15,30,22.8,96,632,823,481,219,532,64.46000000000001
2008,8,5,16,30,25,101,823,885,885,101,823,53.120000000000005
2008,8,5,17,30,26.6,105,960,917,917,105,960,47.160000000000004
2008,8,5,18,30,27.700000000000003,109,1029,928,928,109,1029,44.06
2008,8,5,19,30,28.3,111,1024,923,923,111,1024,42.58
2008,8,5,20,30,28.400000000000002,112,950,904,904,112,950,42.2
2008,8,5,21,30,28.1,116,805,851,313,401,654,42.95
2008,8,5,22,30,27.400000000000002,108,610,782,782,108,610,45.24
2008,8,5,23,30,26.1,91,383,669,669,91,383,49.480000000000004
2008,8,6,0,30,23.700000000000003,60,152,439,439,60,152,62
2008,8,6,1,30,21.5,0,0,0,0,0,0,77.08
2008,8,6,2,30,20.5,0,0,0,0,0,0,81.75
2008,8,6,3,30,19.900000000000002,0,0,0,0,0,0,86.28
2008,8,6,4,30,19.5,0,0,0,0,0,0,89.46000000000001
2008,8,6,5,30,19.3,0,0,0,0,0,0,90.44
2008,8,6,6,30,19.3,0,0,0,0,0,0,89.87
2008,8,6,7,30,19.3,0,0,0,0,0,0,88.69
2008,8,6,8,30,19,0,0,0,0,0,0,89.38
2008,8,6,9,30,18.5,0,0,0,0,0,0,91.67
2008,8,6,10,30,18.1,0,0,0,0,0,0,92.97
2008,8,6,11,30,17.7,0,0,0,0,0,0,93.55
2008,8,6,12,30,17.900000000000002,0,0,0,0,0,0,90.46000000000001
2008,8,6,13,30,19,65,162,434,0,28,28,85.41
2008,8,6,14,30,20.5,94,395,671,15,148,155,78.08
2008,8,6,15,30,22.3,106,624,794,5,175,178,69.15
2008,8,6,16,30,23.900000000000002,113,814,859,178,433,578,61.46
2008,8,6,17,30,25.200000000000003,117,949,893,893,117,949,56.11
2008,8,6,18,30,26,117,1020,910,910,117,1020,53.11
2008,8,6,19,30,26.3,119,1015,905,626,268,888,52.160000000000004
2008,8,6,20,30,26.200000000000003,117,940,888,888,117,940,52.76
2008,8,6,21,30,25.700000000000003,117,797,842,565,247,703,54.910000000000004
2008,8,6,22,30,25,108,604,775,491,220,534,58.58
2008,8,6,23,30,23.900000000000002,92,378,653,395,171,344,65.69
2008,8,7,0,30,22.1,63,147,400,176,106,143,76.58
2008,8,7,1,30,20.700000000000003,0,0,0,0,0,0,86.67
2008,8,7,2,30,20.1,0,0,0,0,0,0,88.01
2008,8,7,3,30,19.8,0,0,0,0,0,0,88.44
2008,8,7,4,30,19.6,0,0,0,0,0,0,88.38
2008,8,7,5,30,19.5,0,0,0,0,0,0,87.96000000000001
2008,8,7,6,30,19.200000000000003,0,0,0,0,0,0,89.96000000000001
2008,8,7,7,30,18.8,0,0,0,0,0,0,92.68
2008,8,7,8,30,18.5,0,0,0,0,0,0,93.89
2008,8,7,9,30,18.3,0,0,0,0,0,0,94.23
2008,8,7,10,30,18.1,0,0,0,0,0,0,94.66
2008,8,7,11,30,17.8,0,0,0,0,0,0,95.39
2008,8,7,12,30,17.900000000000002,0,0,0,0,0,0,92.03
2008,8,7,13,30,18.6,69,156,394,0,63,64,89.34
2008,8,7,14,30,19.6,101,386,635,0,107,107,84.94
2008,8,7,15,30,20.8,120,609,750,2,233,235,80.11
2008,8,7,16,30,21.900000000000002,129,797,820,235,357,548,74.72
2008,8,7,17,30,22.6,129,933,863,2,335,337,70.5
2008,8,7,18,30,22.900000000000002,128,1004,884,12,357,368,68.12
2008,8,7,19,30,23,123,1004,891,45,419,464,66.49
2008,8,7,20,30,23,115,932,882,22,362,383,65.65
2008,8,7,21,30,22.900000000000002,110,795,849,188,336,488,65.2
2008,8,7,22,30,22.700000000000003,98,606,794,51,286,319,65.22
2008,8,7,23,30,22.1,81,381,689,79,201,236,68.33
2008,8,8,0,30,21.1,54,150,464,26,94,99,73.59
2008,8,8,1,30,20.3,0,0,0,0,0,0,75.8
2008,8,8,2,30,19.900000000000002,0,0,0,0,0,0,75.52
2008,8,8,3,30,19.5,0,0,0,0,0,0,76.58
2008,8,8,4,30,19.3,0,0,0,0,0,0,76.75
2008,8,8,5,30,19,0,0,0,0,0,0,77.54
2008,8,8,6,30,18.7,0,0,0,0,0,0,78.52
2008,8,8,7,30,18.400000000000002,0,0,0,0,0,0,79.25
2008,8,8,8,30,18,0,0,0,0,0,0,80.37
2008,8,8,9,30,17.5,0,0,0,0,0,0,82.59
2008,8,8,10,30,17,0,0,0,0,0,0,85.33
2008,8,8,11,30,16.7,0,0,0,0,0,0,86.92
2008,8,8,12,30,17.400000000000002,0,0,0,0,0,0,83.43
2008,8,8,13,30,19.400000000000002,54,166,507,3,87,88,81.18
2008,8,8,14,30,21.200000000000003,77,402,725,725,77,402,72.4
2008,8,8,15,30,22.6,91,628,825,515,257,592,61.33
2008,8,8,16,30,23.6,100,817,879,879,100,817,55.79
2008,8,8,17,30,24.400000000000002,107,950,905,905,107,950,52.15
2008,8,8,18,30,24.900000000000002,113,1018,914,914,113,1018,50.32
2008,8,8,19,30,25.1,117,1012,906,636,261,889,49.49
2008,8,8,20,30,25,117,937,886,574,273,805,49.69
2008,8,8,21,30,24.700000000000003,111,797,852,241,414,609,51.01
2008,8,8,22,30,24.3,103,603,784,454,225,515,53.32
2008,8,8,23,30,23.5,89,376,663,338,169,316,58
2008,8,9,0,30,22.200000000000003,60,144,412,9,70,72,66.12
2008,8,9,1,30,21.3,0,0,0,0,0,0,74.08
2008,8,9,2,30,20.8,0,0,0,0,0,0,75.39
2008,8,9,3,30,20.400000000000002,0,0,0,0,0,0,77
2008,8,9,4,30,20.1,0,0,0,0,0,0,78.68
2008,8,9,5,30,19.700000000000003,0,0,0,0,0,0,80.68
2008,8,9,6,30,19.3,0,0,0,0,0,0,82.65
2008,8,9,7,30,19,0,0,0,0,0,0,84.31
2008,8,9,8,30,18.7,0,0,0,0,0,0,86.07000000000001
2008,8,9,9,30,18.400000000000002,0,0,0,0,0,0,88.2
2008,8,9,10,30,18.2,0,0,0,0,0,0,89.82000000000001
2008,8,9,11,30,18.1,0,0,0,0,0,0,90.56
2008,8,9,12,30,18.400000000000002,0,0,0,0,0,0,89.11
2008,8,9,13,30,19.200000000000003,74,150,345,9,105,107,87.84
2008,8,9,14,30,20.400000000000002,122,374,564,0,80,80,83.12
2008,8,9,15,30,21.6,149,594,685,685,149,594,76.75
2008,8,9,16,30,22.700000000000003,165,781,756,756,165,781,68.85000000000001
2008,8,9,17,30,23.700000000000003,176,914,793,793,176,914,64.2
2008,8,9,18,30,24.400000000000002,129,1003,883,883,129,1003,61.230000000000004
2008,8,9,19,30,24.700000000000003,131,1000,879,879,131,1000,60.03
2008,8,9,20,30,24.700000000000003,128,926,862,862,128,926,60.22
2008,8,9,21,30,24.5,105,795,857,313,389,641,61.15
2008,8,9,22,30,23.900000000000002,95,603,798,42,252,278,64.09
2008,8,9,23,30,22.900000000000002,79,379,695,50,186,207,69.19
2008,8,10,0,30,21.400000000000002,51,147,473,17,90,93,79.05
2008,8,10,1,30,20.1,0,0,0,0,0,0,86.38
2008,8,10,2,30,19.400000000000002,0,0,0,0,0,0,88.73
2008,8,10,3,30,18.900000000000002,0,0,0,0,0,0,90.67
2008,8,10,4,30,18.3,0,0,0,0,0,0,93.32000000000001
2008,8,10,5,30,17.900000000000002,0,0,0,0,0,0,95.18
2008,8,10,6,30,17.6,0,0,0,0,0,0,96.84
2008,8,10,7,30,17.400000000000002,0,0,0,0,0,0,97.71000000000001
2008,8,10,8,30,17.2,0,0,0,0,0,0,98.43
2008,8,10,9,30,17.1,0,0,0,0,0,0,98.34
2008,8,10,10,30,17,0,0,0,0,0,0,97.92
2008,8,10,11,30,16.900000000000002,0,0,0,0,0,0,97.29
2008,8,10,12,30,17.7,0,0,0,0,0,0,91.5
2008,8,10,13,30,19.400000000000002,60,160,456,456,60,160,83.65
2008,8,10,14,30,21.400000000000002,85,395,695,0,137,137,75.5
2008,8,10,15,30,23.3,96,624,813,813,96,624,68.73
2008,8,10,16,30,24.8,102,817,877,877,102,817,63.2
2008,8,10,17,30,25.8,106,954,911,421,418,810,58.96
2008,8,10,18,30,26.6,111,1022,921,921,111,1022,54.730000000000004
2008,8,10,19,30,26.900000000000002,112,1021,921,664,251,906,52.33
2008,8,10,20,30,26.900000000000002,110,946,904,611,263,827,51.11
2008,8,10,21,30,26.6,107,804,867,23,306,325,51.21
2008,8,10,22,30,25.900000000000002,98,608,803,426,214,484,53.45
2008,8,10,23,30,24.6,82,380,694,159,201,269,59.2
2008,8,11,0,30,22.5,53,147,465,1,37,37,72.52
2008,8,11,1,30,20.8,0,0,0,0,0,0,81.53
2008,8,11,2,30,20,0,0,0,0,0,0,84.62
2008,8,11,3,30,19.400000000000002,0,0,0,0,0,0,87.76
2008,8,11,4,30,18.8,0,0,0,0,0,0,91.2
2008,8,11,5,30,18.3,0,0,0,0,0,0,93.97
2008,8,11,6,30,17.900000000000002,0,0,0,0,0,0,96.10000000000001
2008,8,11,7,30,17.6,0,0,0,0,0,0,97.19
2008,8,11,8,30,17.3,0,0,0,0,0,0,97.94
2008,8,11,9,30,17.1,0,0,0,0,0,0,97.93
2008,8,11,10,30,16.900000000000002,0,0,0,0,0,0,97.82000000000001
2008,8,11,11,30,16.900000000000002,0,0,0,0,0,0,96.62
2008,8,11,12,30,17.7,0,0,0,0,0,0,91.05
2008,8,11,13,30,19.6,56,163,488,0,6,6,82.85000000000001
2008,8,11,14,30,21.900000000000002,79,400,721,0,26,26,71.54
2008,8,11,15,30,24.200000000000003,89,630,834,274,275,453,60.35
2008,8,11,16,30,25.900000000000002,95,822,893,171,357,496,54.53
2008,8,11,17,30,26.8,100,956,921,369,356,699,52.53
2008,8,11,18,30,27.3,111,1020,918,666,240,898,50.83
2008,8,11,19,30,27.5,112,1017,916,916,112,1017,49.730000000000004
2008,8,11,20,30,27.400000000000002,110,940,899,899,110,940,49.53
2008,8,11,21,30,27.1,103,800,869,584,224,693,49.81
2008,8,11,22,30,26.5,93,607,810,339,256,470,51.86
2008,8,11,23,30,25.3,76,379,708,31,168,181,57.95
2008,8,12,0,30,23.1,50,145,477,0,27,27,70.8
2008,8,12,1,30,21.200000000000003,0,0,0,0,0,0,81.22
2008,8,12,2,30,20.3,0,0,0,0,0,0,84.25
2008,8,12,3,30,19.6,0,0,0,0,0,0,87.99
2008,8,12,4,30,19.200000000000003,0,0,0,0,0,0,89.91
2008,8,12,5,30,18.900000000000002,0,0,0,0,0,0,90.85000000000001
2008,8,12,6,30,18.5,0,0,0,0,0,0,91.88
2008,8,12,7,30,18,0,0,0,0,0,0,93.33
2008,8,12,8,30,17.6,0,0,0,0,0,0,94.07000000000001
2008,8,12,9,30,17.1,0,0,0,0,0,0,94.91
2008,8,12,10,30,16.7,0,0,0,0,0,0,95.21000000000001
2008,8,12,11,30,16.400000000000002,0,0,0,0,0,0,95.01
2008,8,12,12,30,17,0,0,0,0,0,0,90.66
2008,8,12,13,30,18.400000000000002,53,164,509,0,3,3,87.69
2008,8,12,14,30,20.3,78,401,726,8,125,129,80.22
2008,8,12,15,30,22.5,93,627,824,222,284,428,70.12
2008,8,12,16,30,24.5,100,816,879,354,384,672,62.09
2008,8,12,17,30,25.8,103,951,911,911,103,951,57.61
2008,8,12,18,30,26.5,103,1020,927,927,103,1020,54.5
2008,8,12,19,30,26.8,104,1014,923,923,104,1014,52.45
2008,8,12,20,30,26.8,103,937,905,905,103,937,51.76
2008,8,12,21,30,26.200000000000003,99,795,869,282,398,624,53.39
2008,8,12,22,30,25.3,90,602,810,534,198,536,57.300000000000004
2008,8,12,23,30,23.900000000000002,77,373,695,458,153,348,65.4
2008,8,13,0,30,22,52,139,443,40,99,107,76.88
2008,8,13,1,30,20.6,0,0,0,0,0,0,85.75
2008,8,13,2,30,20,0,0,0,0,0,0,88.54
2008,8,13,3,30,19.6,0,0,0,0,0,0,91.26
2008,8,13,4,30,19.200000000000003,0,0,0,0,0,0,93.23
2008,8,13,5,30,18.7,0,0,0,0,0,0,94.68
2008,8,13,6,30,18.3,0,0,0,0,0,0,95.31
2008,8,13,7,30,18,0,0,0,0,0,0,95.53
2008,8,13,8,30,17.7,0,0,0,0,0,0,95.85000000000001
2008,8,13,9,30,17.5,0,0,0,0,0,0,95.83
2008,8,13,10,30,17.400000000000002,0,0,0,0,0,0,95.55
2008,8,13,11,30,17.400000000000002,0,0,0,0,0,0,95.05
2008,8,13,12,30,18,0,0,0,0,0,0,91.4
2008,8,13,13,30,19.6,61,156,441,441,61,156,86.9
2008,8,13,14,30,21.5,90,389,674,201,225,314,78.5
2008,8,13,15,30,23.400000000000002,105,616,788,788,105,616,66.37
2008,8,13,16,30,24.900000000000002,113,808,854,854,113,808,58.92
2008,8,13,17,30,25.8,118,941,885,885,118,941,55.660000000000004
2008,8,13,18,30,26.3,97,1020,934,934,97,1020,53.65
2008,8,13,19,30,26.5,98,1015,931,931,98,1015,52.53
2008,8,13,20,30,26.400000000000002,97,938,913,913,97,938,52.31
2008,8,13,21,30,26,95,797,877,877,95,797,53.18
2008,8,13,22,30,25.200000000000003,90,600,809,454,215,501,56.03
2008,8,13,23,30,23.900000000000002,77,371,694,292,195,318,63.06
2008,8,14,0,30,22.1,52,138,443,50,96,106,74.64
2008,8,14,1,30,20.700000000000003,0,0,0,0,0,0,82.98
2008,8,14,2,30,20,0,0,0,0,0,0,85.72
2008,8,14,3,30,19.400000000000002,0,0,0,0,0,0,88.2
2008,8,14,4,30,19,0,0,0,0,0,0,89.92
2008,8,14,5,30,18.7,0,0,0,0,0,0,91.33
2008,8,14,6,30,18.400000000000002,0,0,0,0,0,0,92.74
2008,8,14,7,30,18.1,0,0,0,0,0,0,93.58
2008,8,14,8,30,17.8,0,0,0,0,0,0,94.14
2008,8,14,9,30,17.6,0,0,0,0,0,0,94.18
2008,8,14,10,30,17.5,0,0,0,0,0,0,93.72
2008,8,14,11,30,17.6,0,0,0,0,0,0,92.13
2008,8,14,12,30,18.3,0,0,0,0,0,0,87.67
2008,8,14,13,30,19.900000000000002,59,157,455,52,111,122,83.67
2008,8,14,14,30,21.900000000000002,86,392,691,0,70,70,74.63
2008,8,14,15,30,23.700000000000003,97,620,809,0,133,133,63.72
2008,8,14,16,30,25,103,812,871,871,103,812,57.99
2008,8,14,17,30,26,108,948,904,904,108,948,54.38
2008,8,14,18,30,26.6,114,1013,910,910,114,1013,52.25
2008,8,14,19,30,26.8,113,1010,910,910,113,1010,51.230000000000004
2008,8,14,20,30,26.700000000000003,110,935,896,896,110,935,50.800000000000004
2008,8,14,21,30,26.200000000000003,102,794,866,545,246,681,51.86
2008,8,14,22,30,25.5,93,600,805,281,261,437,54.27
2008,8,14,23,30,24.3,76,371,700,36,172,187,60.17
2008,8,15,0,30,22.200000000000003,49,138,464,10,77,79,73.01
2008,8,15,1,30,20.5,0,0,0,0,0,0,82.8
2008,8,15,2,30,19.700000000000003,0,0,0,0,0,0,86.4
2008,8,15,3,30,19.200000000000003,0,0,0,0,0,0,89.4
2008,8,15,4,30,18.7,0,0,0,0,0,0,92.12
2008,8,15,5,30,18.2,0,0,0,0,0,0,94.43
2008,8,15,6,30,17.8,0,0,0,0,0,0,95.77
2008,8,15,7,30,17.6,0,0,0,0,0,0,95.88
2008,8,15,8,30,17.5,0,0,0,0,0,0,95.8
2008,8,15,9,30,17.3,0,0,0,0,0,0,95.96000000000001
2008,8,15,10,30,17,0,0,0,0,0,0,96.24000000000001
2008,8,15,11,30,16.900000000000002,0,0,0,0,0,0,95.10000000000001
2008,8,15,12,30,17.8,0,0,0,0,0,0,89.01
2008,8,15,13,30,19.900000000000002,56,157,472,0,51,51,83.09
2008,8,15,14,30,22.1,83,391,695,2,149,150,71.27
2008,8,15,15,30,23.900000000000002,97,618,805,4,247,249,61.46
2008,8,15,16,30,25.3,105,808,866,168,426,563,55.370000000000005
2008,8,15,17,30,26.3,109,944,899,899,109,944,52.11
2008,8,15,18,30,27,111,1013,914,424,440,859,50.050000000000004
2008,8,15,19,30,27.3,111,1009,912,263,503,762,49.230000000000004
2008,8,15,20,30,27.1,109,932,895,895,109,932,49.92
2008,8,15,21,30,26.700000000000003,114,787,843,492,269,662,50.68
2008,8,15,22,30,26,106,591,772,447,222,502,52.64
2008,8,15,23,30,24.900000000000002,87,363,658,60,183,208,57.59
2008,8,16,0,30,23,55,132,409,409,55,132,68.72
2008,8,16,1,30,21.5,0,0,0,0,0,0,76.95
2008,8,16,2,30,20.6,0,0,0,0,0,0,79.87
2008,8,16,3,30,19.900000000000002,0,0,0,0,0,0,83.38
2008,8,16,4,30,19.3,0,0,0,0,0,0,86.82000000000001
2008,8,16,5,30,18.8,0,0,0,0,0,0,89.29
2008,8,16,6,30,18.3,0,0,0,0,0,0,91.62
2008,8,16,7,30,18,0,0,0,0,0,0,92.84
2008,8,16,8,30,17.7,0,0,0,0,0,0,93.87
2008,8,16,9,30,17.5,0,0,0,0,0,0,94.69
2008,8,16,10,30,17.400000000000002,0,0,0,0,0,0,94.98
2008,8,16,11,30,17.400000000000002,0,0,0,0,0,0,94.43
2008,8,16,12,30,18.3,0,0,0,0,0,0,89.13
2008,8,16,13,30,20,62,154,431,24,108,113,85.38
2008,8,16,14,30,21.900000000000002,91,389,675,38,224,241,77.09
2008,8,16,15,30,23.8,109,616,785,2,237,238,67.51
2008,8,16,16,30,25.400000000000002,122,806,842,2,302,303,59.9
2008,8,16,17,30,26.6,129,941,874,874,129,941,54.96
2008,8,16,18,30,27.400000000000002,136,1008,884,884,136,1008,51.71
2008,8,16,19,30,27.900000000000002,134,1005,886,886,134,1005,49.39
2008,8,16,20,30,28.1,127,927,871,871,127,927,47.61
2008,8,16,21,30,27.900000000000002,119,786,837,837,119,786,47.28
2008,8,16,22,30,27.3,108,589,770,770,108,589,48.77
2008,8,16,23,30,25.900000000000002,90,359,646,646,90,359,55.03
2008,8,17,0,30,23.5,57,128,380,380,57,128,69.36
2008,8,17,1,30,21.400000000000002,0,0,0,0,0,0,81.38
2008,8,17,2,30,20.5,0,0,0,0,0,0,86.12
2008,8,17,3,30,20.1,0,0,0,0,0,0,89.67
2008,8,17,4,30,19.8,0,0,0,0,0,0,91.92
2008,8,17,5,30,19.700000000000003,0,0,0,0,0,0,93.01
2008,8,17,6,30,19.5,0,0,0,0,0,0,94.38
2008,8,17,7,30,19.400000000000002,0,0,0,0,0,0,94.4
2008,8,17,8,30,19.200000000000003,0,0,0,0,0,0,94.77
2008,8,17,9,30,19,0,0,0,0,0,0,95
2008,8,17,10,30,18.900000000000002,0,0,0,0,0,0,94.7
2008,8,17,11,30,18.8,0,0,0,0,0,0,94.76
2008,8,17,12,30,18.900000000000002,0,0,0,0,0,0,93.54
2008,8,17,13,30,19.3,69,146,362,2,52,52,92.03
2008,8,17,14,30,20,105,375,610,1,69,69,89.18
2008,8,17,15,30,21.1,122,601,742,4,181,184,84.12
2008,8,17,16,30,22.400000000000002,127,793,820,78,356,420,76.84
2008,8,17,17,30,23.5,128,930,864,57,427,480,69.8
2008,8,17,18,30,24.200000000000003,140,995,867,166,448,612,65.07000000000001
2008,8,17,19,30,24.3,140,991,866,452,322,766,63.36
2008,8,17,20,30,24.1,138,912,844,123,431,544,63.88
2008,8,17,21,30,23.6,137,767,792,418,271,603,66.3
2008,8,17,22,30,22.8,125,573,718,497,218,528,70.99
2008,8,17,23,30,21.700000000000003,101,348,594,296,183,305,78.08
2008,8,18,0,30,20.6,60,122,335,23,85,90,85.97
2008,8,18,1,30,19.900000000000002,0,0,0,0,0,0,90.46000000000001
2008,8,18,2,30,19.5,0,0,0,0,0,0,92.54
2008,8,18,3,30,19.3,0,0,0,0,0,0,93.14
2008,8,18,4,30,19,0,0,0,0,0,0,94.3
2008,8,18,5,30,18.7,0,0,0,0,0,0,95.33
2008,8,18,6,30,18.400000000000002,0,0,0,0,0,0,95.86
2008,8,18,7,30,18.1,0,0,0,0,0,0,96.27
2008,8,18,8,30,17.900000000000002,0,0,0,0,0,0,95.82000000000001
2008,8,18,9,30,17.6,0,0,0,0,0,0,95.76
2008,8,18,10,30,17.3,0,0,0,0,0,0,95.65
2008,8,18,11,30,17.1,0,0,0,0,0,0,94.74
2008,8,18,12,30,17.5,0,0,0,0,0,0,91.43
2008,8,18,13,30,18.6,54,155,477,47,104,113,87.25
2008,8,18,14,30,20.200000000000003,80,390,703,100,191,235,78.74
2008,8,18,15,30,22.200000000000003,95,616,807,147,284,379,67.31
2008,8,18,16,30,23.900000000000002,107,805,860,494,262,663,59.96
2008,8,18,17,30,25.200000000000003,114,937,887,887,114,937,56.1
2008,8,18,18,30,25.8,123,1003,893,632,204,827,54.77
2008,8,18,19,30,25.900000000000002,127,995,884,375,365,733,54.980000000000004
2008,8,18,20,30,25.5,127,917,863,576,255,782,56.74
2008,8,18,21,30,24.900000000000002,131,769,805,428,295,634,59.69
2008,8,18,22,30,24.1,123,573,724,539,213,548,64.68
2008,8,18,23,30,22.900000000000002,97,347,605,15,136,142,72.43
2008,8,19,0,30,21.6,57,121,350,2,48,48,82.15
2008,8,19,1,30,20.6,0,0,0,0,0,0,88.31
2008,8,19,2,30,20.1,0,0,0,0,0,0,90.7
2008,8,19,3,30,19.700000000000003,0,0,0,0,0,0,92.51
2008,8,19,4,30,19.200000000000003,0,0,0,0,0,0,94.44
2008,8,19,5,30,18.900000000000002,0,0,0,0,0,0,94.9
2008,8,19,6,30,18.6,0,0,0,0,0,0,95.62
2008,8,19,7,30,18.3,0,0,0,0,0,0,96.04
2008,8,19,8,30,18.2,0,0,0,0,0,0,95.66
2008,8,19,9,30,17.900000000000002,0,0,0,0,0,0,96.29
2008,8,19,10,30,17.6,0,0,0,0,0,0,95.93
2008,8,19,11,30,17.400000000000002,0,0,0,0,0,0,95.17
2008,8,19,12,30,17.900000000000002,0,0,0,0,0,0,91.09
2008,8,19,13,30,18.8,48,158,518,13,81,84,89.78
2008,8,19,14,30,20.1,68,395,742,426,153,341,83.33
2008,8,19,15,30,22,78,624,846,846,78,624,73.25
2008,8,19,16,30,23.700000000000003,84,814,901,400,356,680,63.63
2008,8,19,17,30,24.8,88,947,927,927,88,947,58.92
2008,8,19,18,30,25.200000000000003,105,1009,918,675,216,880,57.53
2008,8,19,19,30,25.200000000000003,108,1002,911,435,428,854,57.28
2008,8,19,20,30,24.8,106,924,894,638,237,821,58.59
2008,8,19,21,30,24.200000000000003,105,778,850,148,343,460,61.11
2008,8,19,22,30,23.5,95,583,789,5,163,165,65.1
2008,8,19,23,30,22.400000000000002,78,354,673,243,168,267,71.63
2008,8,20,0,30,21.1,49,123,415,1,63,64,81.03
2008,8,20,1,30,20,0,0,0,0,0,0,89.19
2008,8,20,2,30,19.5,0,0,0,0,0,0,91.4
2008,8,20,3,30,19,0,0,0,0,0,0,93.24
2008,8,20,4,30,18.6,0,0,0,0,0,0,94.14
2008,8,20,5,30,18.2,0,0,0,0,0,0,94.88
2008,8,20,6,30,17.900000000000002,0,0,0,0,0,0,95.16
2008,8,20,7,30,17.8,0,0,0,0,0,0,94.89
2008,8,20,8,30,17.6,0,0,0,0,0,0,95.28
2008,8,20,9,30,17.6,0,0,0,0,0,0,94.76
2008,8,20,10,30,17.5,0,0,0,0,0,0,94.89
2008,8,20,11,30,17.5,0,0,0,0,0,0,94.16
2008,8,20,12,30,17.8,0,0,0,0,0,0,91.97
2008,8,20,13,30,18.400000000000002,52,154,485,0,6,6,90.45
2008,8,20,14,30,19.200000000000003,77,389,709,0,109,109,86.82000000000001
2008,8,20,15,30,20.1,92,615,811,2,229,230,81.47
2008,8,20,16,30,21.3,102,803,865,59,376,424,74.83
2008,8,20,17,30,22.400000000000002,108,938,895,246,475,702,69.26
2008,8,20,18,30,23,115,1002,902,0,197,197,65.77
2008,8,20,19,30,23.1,118,995,895,342,473,808,64.75
2008,8,20,20,30,22.8,118,917,875,319,448,739,66.01
2008,8,20,21,30,22.400000000000002,118,770,825,342,318,588,68.34
2008,8,20,22,30,21.8,112,572,746,246,258,410,72.49
2008,8,20,23,30,21,93,344,614,23,154,164,78.78
2008,8,21,0,30,20.200000000000003,57,115,330,0,7,7,84.69
2008,8,21,1,30,19.5,0,0,0,0,0,0,89.72
2008,8,21,2,30,19.200000000000003,0,0,0,0,0,0,90.64
2008,8,21,3,30,18.8,0,0,0,0,0,0,91.42
2008,8,21,4,30,18.6,0,0,0,0,0,0,91.44
2008,8,21,5,30,18.5,0,0,0,0,0,0,91.38
2008,8,21,6,30,18.5,0,0,0,0,0,0,90.84
2008,8,21,7,30,18.400000000000002,0,0,0,0,0,0,91.05
2008,8,21,8,30,18.3,0,0,0,0,0,0,91.3
2008,8,21,9,30,18.2,0,0,0,0,0,0,91.87
2008,8,21,10,30,18.2,0,0,0,0,0,0,91.36
2008,8,21,11,30,18,0,0,0,0,0,0,91.4
2008,8,21,12,30,18.3,0,0,0,0,0,0,88.66
2008,8,21,13,30,19.8,63,148,407,21,105,109,86.24
2008,8,21,14,30,21.900000000000002,96,381,648,648,96,381,76.38
2008,8,21,15,30,23.8,119,606,756,756,119,606,65.59
2008,8,21,16,30,24.900000000000002,132,795,817,817,132,795,58.83
2008,8,21,17,30,25.3,137,930,857,857,137,930,56.1
2008,8,21,18,30,25.5,124,1004,894,417,446,856,55.93
2008,8,21,19,30,25.5,126,996,888,97,466,561,56.370000000000005
2008,8,21,20,30,25.200000000000003,123,918,871,314,453,740,57.81
2008,8,21,21,30,24.6,129,768,810,810,129,768,60.26
2008,8,21,22,30,23.700000000000003,118,570,734,518,213,532,65.15
2008,8,21,23,30,22.5,97,341,601,106,217,260,73.22
2008,8,22,0,30,21,58,112,317,6,62,63,82.97
2008,8,22,1,30,20.1,0,0,0,0,0,0,88.79
2008,8,22,2,30,19.700000000000003,0,0,0,0,0,0,90.86
2008,8,22,3,30,19.400000000000002,0,0,0,0,0,0,92.59
2008,8,22,4,30,19.1,0,0,0,0,0,0,93.78
2008,8,22,5,30,18.8,0,0,0,0,0,0,94.7
2008,8,22,6,30,18.6,0,0,0,0,0,0,94.93
2008,8,22,7,30,18.3,0,0,0,0,0,0,95.44
2008,8,22,8,30,18.1,0,0,0,0,0,0,95.16
2008,8,22,9,30,17.900000000000002,0,0,0,0,0,0,94.59
2008,8,22,10,30,17.7,0,0,0,0,0,0,94
2008,8,22,11,30,17.5,0,0,0,0,0,0,93.59
2008,8,22,12,30,17.8,0,0,0,0,0,0,90.99
2008,8,22,13,30,19.1,54,152,467,0,25,25,87.29
2008,8,22,14,30,20.900000000000002,82,387,695,0,24,24,77.94
2008,8,22,15,30,22.6,98,613,800,68,316,360,66.89
2008,8,22,16,30,24.200000000000003,105,804,864,157,422,549,58.28
2008,8,22,17,30,25.3,108,940,899,0,94,94,54.88
2008,8,22,18,30,25.900000000000002,113,1005,907,907,113,1005,53.46
2008,8,22,19,30,26,115,998,903,277,411,682,53.69
2008,8,22,20,30,25.6,113,918,883,0,193,194,55.47
2008,8,22,21,30,24.900000000000002,104,775,853,1,237,237,58.59
2008,8,22,22,30,24.200000000000003,93,579,793,2,134,135,62.75
2008,8,22,23,30,23.3,76,349,677,140,192,248,69.26
2008,8,23,0,30,21.700000000000003,47,117,410,410,47,117,79.51
2008,8,23,1,30,20.5,0,0,0,0,0,0,85.7
2008,8,23,2,30,19.8,0,0,0,0,0,0,88.04
2008,8,23,3,30,19.400000000000002,0,0,0,0,0,0,88.89
2008,8,23,4,30,18.900000000000002,0,0,0,0,0,0,90.4
2008,8,23,5,30,18.400000000000002,0,0,0,0,0,0,92.23
2008,8,23,6,30,18.1,0,0,0,0,0,0,93.16
2008,8,23,7,30,17.7,0,0,0,0,0,0,94.65
2008,8,23,8,30,17.400000000000002,0,0,0,0,0,0,95.23
2008,8,23,9,30,17.2,0,0,0,0,0,0,95.49
2008,8,23,10,30,17.1,0,0,0,0,0,0,95.69
2008,8,23,11,30,17.2,0,0,0,0,0,0,94.68
2008,8,23,12,30,17.7,0,0,0,0,0,0,92.02
2008,8,23,13,30,18.6,44,157,539,28,102,108,91.43
2008,8,23,14,30,19.400000000000002,62,395,759,54,223,247,88.62
2008,8,23,15,30,20.400000000000002,73,623,854,241,318,473,83.22
2008,8,23,16,30,21.700000000000003,82,812,903,903,82,812,74.84
2008,8,23,17,30,22.700000000000003,87,946,929,256,467,703,68.78
2008,8,23,18,30,23.5,108,1005,913,255,500,751,64.92
2008,8,23,19,30,23.8,109,998,910,82,458,539,63.440000000000005
2008,8,23,20,30,23.8,107,919,893,893,107,919,63.35
2008,8,23,21,30,23.3,102,774,856,856,102,774,65.08
2008,8,23,22,30,22.5,92,576,792,792,92,576,68.84
2008,8,23,23,30,21.5,74,346,680,24,189,199,74.22
2008,8,24,0,30,20.1,45,115,419,60,83,93,83.34
2008,8,24,1,30,19.1,0,0,0,0,0,0,89.13
2008,8,24,2,30,18.5,0,0,0,0,0,0,91.47
2008,8,24,3,30,18,0,0,0,0,0,0,93.02
2008,8,24,4,30,17.5,0,0,0,0,0,0,94.5
2008,8,24,5,30,17.1,0,0,0,0,0,0,95.79
2008,8,24,6,30,16.7,0,0,0,0,0,0,97.06
2008,8,24,7,30,16.400000000000002,0,0,0,0,0,0,97.45
2008,8,24,8,30,16.2,0,0,0,0,0,0,97.25
2008,8,24,9,30,16.1,0,0,0,0,0,0,96.55
2008,8,24,10,30,16.1,0,0,0,0,0,0,95.75
2008,8,24,11,30,16.1,0,0,0,0,0,0,95.22
2008,8,24,12,30,16.8,0,0,0,0,0,0,90.89
2008,8,24,13,30,18.5,52,153,484,484,52,153,86.11
2008,8,24,14,30,20.6,77,391,717,182,222,301,77.59
2008,8,24,15,30,22.8,88,621,830,830,88,621,66.69
2008,8,24,16,30,24.5,94,811,887,887,94,811,59
2008,8,24,17,30,25.5,97,947,919,919,97,947,56.230000000000004
2008,8,24,18,30,26,103,1010,925,925,103,1010,55.21
2008,8,24,19,30,26.1,107,1001,916,916,107,1001,55.21
2008,8,24,20,30,25.700000000000003,108,920,894,342,437,747,56.75
2008,8,24,21,30,25,106,772,851,233,404,586,59.63
2008,8,24,22,30,24,100,571,773,500,205,509,65.61
2008,8,24,23,30,22.6,83,339,646,145,193,251,74.29
2008,8,25,0,30,21.200000000000003,49,109,360,360,49,109,83.2
2008,8,25,1,30,20.200000000000003,0,0,0,0,0,0,90.49
2008,8,25,2,30,19.6,0,0,0,0,0,0,92.98
2008,8,25,3,30,19.200000000000003,0,0,0,0,0,0,94.02
2008,8,25,4,30,18.900000000000002,0,0,0,0,0,0,94.43
2008,8,25,5,30,18.6,0,0,0,0,0,0,94.95
2008,8,25,6,30,18.400000000000002,0,0,0,0,0,0,94.92
2008,8,25,7,30,18.2,0,0,0,0,0,0,95.27
2008,8,25,8,30,18,0,0,0,0,0,0,95.36
2008,8,25,9,30,17.7,0,0,0,0,0,0,95.94
2008,8,25,10,30,17.5,0,0,0,0,0,0,95.83
2008,8,25,11,30,17.400000000000002,0,0,0,0,0,0,95.02
2008,8,25,12,30,17.8,0,0,0,0,0,0,91.62
2008,8,25,13,30,19.3,47,154,517,1,59,59,87.4
2008,8,25,14,30,21.3,69,393,743,743,69,393,77.13
2008,8,25,15,30,23.200000000000003,83,620,836,836,83,620,64.94
2008,8,25,16,30,24.6,93,810,886,886,93,810,56.78
2008,8,25,17,30,25.400000000000002,99,943,914,914,99,943,53.92
2008,8,25,18,30,25.5,97,1009,930,930,97,1009,54.480000000000004
2008,8,25,19,30,25.200000000000003,101,999,922,9,411,420,56.79
2008,8,25,20,30,24.6,100,918,903,903,100,918,60.42
2008,8,25,21,30,23.8,107,766,845,3,293,295,65.32000000000001
2008,8,25,22,30,22.8,97,567,776,137,321,404,71.61
2008,8,25,23,30,21.700000000000003,77,338,660,12,124,128,79.51
2008,8,26,0,30,20.6,45,108,394,140,79,102,87.72
2008,8,26,1,30,19.8,0,0,0,0,0,0,92.19
2008,8,26,2,30,19.400000000000002,0,0,0,0,0,0,94.02
2008,8,26,3,30,19.1,0,0,0,0,0,0,94.73
2008,8,26,4,30,18.8,0,0,0,0,0,0,95.57000000000001
2008,8,26,5,30,18.400000000000002,0,0,0,0,0,0,96.16
2008,8,26,6,30,18.1,0,0,0,0,0,0,95.89
2008,8,26,7,30,17.8,0,0,0,0,0,0,95.68
2008,8,26,8,30,17.400000000000002,0,0,0,0,0,0,95.95
2008,8,26,9,30,17.1,0,0,0,0,0,0,95.84
2008,8,26,10,30,16.8,0,0,0,0,0,0,95.98
2008,8,26,11,30,16.6,0,0,0,0,0,0,95.58
2008,8,26,12,30,17.2,0,0,0,0,0,0,91.44
2008,8,26,13,30,18.400000000000002,44,156,545,0,33,33,89.31
2008,8,26,14,30,19.8,63,395,762,85,228,265,84.3
2008,8,26,15,30,21.3,70,624,862,439,206,488,76.89
2008,8,26,16,30,22.8,75,814,915,232,324,511,68.3
2008,8,26,17,30,24,79,947,940,35,397,430,63.480000000000004
2008,8,26,18,30,24.900000000000002,81,1013,952,23,390,412,60.86
2008,8,26,19,30,25.3,81,1004,949,46,413,457,60.03
2008,8,26,20,30,24.900000000000002,79,923,933,17,310,325,62.03
2008,8,26,21,30,24.1,79,776,895,47,316,352,65.99
2008,8,26,22,30,23.1,74,576,832,76,238,284,71.87
2008,8,26,23,30,22,62,343,717,178,176,245,80.01
2008,8,27,0,30,20.8,39,109,440,1,39,39,87.16
2008,8,27,1,30,20,0,0,0,0,0,0,91.9
2008,8,27,2,30,19.6,0,0,0,0,0,0,93.2
2008,8,27,3,30,19.3,0,0,0,0,0,0,94.04
2008,8,27,4,30,19,0,0,0,0,0,0,94.97
2008,8,27,5,30,18.8,0,0,0,0,0,0,95
2008,8,27,6,30,18.5,0,0,0,0,0,0,95.64
2008,8,27,7,30,18.2,0,0,0,0,0,0,95.88
2008,8,27,8,30,17.900000000000002,0,0,0,0,0,0,95.75
2008,8,27,9,30,17.6,0,0,0,0,0,0,95.76
2008,8,27,10,30,17.400000000000002,0,0,0,0,0,0,95.26
2008,8,27,11,30,17.2,0,0,0,0,0,0,95.19
2008,8,27,12,30,17.400000000000002,0,0,0,0,0,0,93.16
2008,8,27,13,30,17.900000000000002,44,153,536,10,74,76,91.25
2008,8,27,14,30,18.7,64,391,749,238,191,294,87.56
2008,8,27,15,30,19.900000000000002,78,618,842,436,220,500,82.27
2008,8,27,16,30,21.400000000000002,87,806,891,0,86,86,75.34
2008,8,27,17,30,22.6,92,939,919,3,357,360,70.45
2008,8,27,18,30,23.5,104,1001,917,310,398,701,67.09
2008,8,27,19,30,23.700000000000003,106,992,912,690,196,866,66.96000000000001
2008,8,27,20,30,23.400000000000002,105,910,892,196,383,560,68.77
2008,8,27,21,30,22.900000000000002,123,754,812,182,340,482,71.72
2008,8,27,22,30,22.3,116,552,725,224,278,412,75.82000000000001
2008,8,27,23,30,21.5,96,322,580,72,184,212,82.11
2008,8,28,0,30,20.5,53,97,281,24,77,81,88.89
2008,8,28,1,30,19.8,0,0,0,0,0,0,92.8
2008,8,28,2,30,19.400000000000002,0,0,0,0,0,0,93.85000000000001
2008,8,28,3,30,19.1,0,0,0,0,0,0,94.3
2008,8,28,4,30,18.8,0,0,0,0,0,0,94.81
2008,8,28,5,30,18.5,0,0,0,0,0,0,95.53
2008,8,28,6,30,18.3,0,0,0,0,0,0,95.62
2008,8,28,7,30,18.1,0,0,0,0,0,0,95.84
2008,8,28,8,30,18,0,0,0,0,0,0,95.33
2008,8,28,9,30,17.8,0,0,0,0,0,0,95.68
2008,8,28,10,30,17.8,0,0,0,0,0,0,94.78
2008,8,28,11,30,17.7,0,0,0,0,0,0,94.58
2008,8,28,12,30,18.3,0,0,0,0,0,0,90.58
2008,8,28,13,30,19.900000000000002,53,149,469,16,99,102,86.83
2008,8,28,14,30,22.1,77,387,712,712,77,387,77.54
2008,8,28,15,30,23.700000000000003,92,616,819,819,92,616,66.32000000000001
2008,8,28,16,30,24.700000000000003,99,808,879,879,99,808,60.35
2008,8,28,17,30,25.5,103,941,910,910,103,941,57.120000000000005
2008,8,28,18,30,26,104,1006,924,924,104,1006,56.01
2008,8,28,19,30,26,105,997,919,2,352,354,56.49
2008,8,28,20,30,25.700000000000003,105,914,898,7,375,382,57.81
2008,8,28,21,30,25.1,100,765,859,348,303,572,60.160000000000004
2008,8,28,22,30,24.3,93,564,787,352,233,444,64.16
2008,8,28,23,30,23.1,76,330,658,159,196,257,72.83
2008,8,29,0,30,21.6,45,100,362,2,38,39,82.97
2008,8,29,1,30,20.6,0,0,0,0,0,0,89.04
2008,8,29,2,30,20.1,0,0,0,0,0,0,91.28
2008,8,29,3,30,19.700000000000003,0,0,0,0,0,0,93.23
2008,8,29,4,30,19.400000000000002,0,0,0,0,0,0,93.87
2008,8,29,5,30,19.1,0,0,0,0,0,0,93.96000000000001
2008,8,29,6,30,19,0,0,0,0,0,0,93
2008,8,29,7,30,18.900000000000002,0,0,0,0,0,0,92.5
2008,8,29,8,30,18.7,0,0,0,0,0,0,92.49
2008,8,29,9,30,18.5,0,0,0,0,0,0,92.48
2008,8,29,10,30,18.3,0,0,0,0,0,0,92.86
2008,8,29,11,30,18.2,0,0,0,0,0,0,92.66
2008,8,29,12,30,18.8,0,0,0,0,0,0,89.06
2008,8,29,13,30,20.3,50,149,487,26,89,94,86.76
2008,8,29,14,30,22.5,76,385,710,62,186,213,78.26
2008,8,29,15,30,24.3,96,610,804,0,142,142,68.1
2008,8,29,16,30,25.200000000000003,109,798,856,24,296,315,60.85
2008,8,29,17,30,25.6,113,932,890,0,219,219,57.78
2008,8,29,18,30,25.8,124,993,891,152,465,614,57.52
2008,8,29,19,30,25.8,124,984,888,614,264,859,57.86
2008,8,29,20,30,25.5,119,904,873,610,251,800,59.43
2008,8,29,21,30,25.1,141,743,780,526,261,667,61.54
2008,8,29,22,30,24.5,130,542,692,413,236,482,64.65
2008,8,29,23,30,23.400000000000002,104,312,542,262,169,269,72.2
2008,8,30,0,30,22.200000000000003,55,89,232,11,67,69,81.39
2008,8,30,1,30,21.400000000000002,0,0,0,0,0,0,84.42
2008,8,30,2,30,21,0,0,0,0,0,0,85.01
2008,8,30,3,30,20.400000000000002,0,0,0,0,0,0,87.73
2008,8,30,4,30,19.900000000000002,0,0,0,0,0,0,90.8
2008,8,30,5,30,19.400000000000002,0,0,0,0,0,0,92.8
2008,8,30,6,30,18.900000000000002,0,0,0,0,0,0,93.89
2008,8,30,7,30,18.1,0,0,0,0,0,0,94.96000000000001
2008,8,30,8,30,17.5,0,0,0,0,0,0,95
2008,8,30,9,30,17.1,0,0,0,0,0,0,94.37
2008,8,30,10,30,16.900000000000002,0,0,0,0,0,0,93.74
2008,8,30,11,30,16.7,0,0,0,0,0,0,93.63
2008,8,30,12,30,17,0,0,0,0,0,0,90.86
2008,8,30,13,30,18,54,143,442,139,99,127,88.4
2008,8,30,14,30,19.3,78,380,696,279,182,303,85.98
2008,8,30,15,30,20.8,94,607,802,54,295,329,82.79
2008,8,30,16,30,22.3,110,794,849,315,389,643,77.44
2008,8,30,17,30,23.400000000000002,128,922,863,863,128,922,72.4
2008,8,30,18,30,24,132,987,876,876,132,987,69.22
2008,8,30,19,30,24.3,137,976,867,867,137,976,68.14
2008,8,30,20,30,24.200000000000003,134,895,847,573,273,787,68.9
2008,8,30,21,30,24,125,748,809,0,100,100,70.41
2008,8,30,22,30,23.400000000000002,112,548,735,139,318,401,74.07000000000001
2008,8,30,23,30,22.3,90,316,594,362,159,297,81.56
2008,8,31,0,30,21.1,51,89,259,5,56,57,90.4
2008,8,31,1,30,20.400000000000002,0,0,0,0,0,0,92.95
2008,8,31,2,30,20,0,0,0,0,0,0,94.49
2008,8,31,3,30,19.8,0,0,0,0,0,0,94.59
2008,8,31,4,30,19.6,0,0,0,0,0,0,94.69
2008,8,31,5,30,19.400000000000002,0,0,0,0,0,0,94.78
2008,8,31,6,30,19.200000000000003,0,0,0,0,0,0,94.71000000000001
2008,8,31,7,30,18.8,0,0,0,0,0,0,95.44
2008,8,31,8,30,18.5,0,0,0,0,0,0,95.58
2008,8,31,9,30,18.1,0,0,0,0,0,0,96.02
2008,8,31,10,30,17.8,0,0,0,0,0,0,96.22
2008,8,31,11,30,17.6,0,0,0,0,0,0,95.52
2008,8,31,12,30,18,0,0,0,0,0,0,91.85000000000001
2008,8,31,13,30,19.1,54,146,452,72,95,109,90.02
2008,8,31,14,30,20.6,82,383,693,8,172,176,84.44
2008,8,31,15,30,22.6,98,612,804,324,238,445,75.05
2008,8,31,16,30,24.3,105,803,867,373,282,582,65.97
2008,8,31,17,30,25.5,111,937,899,586,252,790,60.86
2008,8,31,18,30,26.1,118,998,904,610,242,835,58.82
2008,8,31,19,30,26.400000000000002,124,985,892,624,239,842,57.72
2008,8,31,20,30,26.200000000000003,124,900,866,444,309,706,58.27
2008,8,31,21,30,25.5,127,746,805,437,262,597,60.69
2008,8,31,22,30,24.5,121,542,713,22,258,271,65.79
2008,8,31,23,30,23.1,97,310,563,19,136,143,74.25
2008,9,1,0,30,21.700000000000003,51,85,242,1,43,43,84.23
2008,9,1,1,30,20.8,0,0,0,0,0,0,89.53
2008,9,1,2,30,20.3,0,0,0,0,0,0,91.9
2008,9,1,3,30,19.8,0,0,0,0,0,0,93.96000000000001
2008,9,1,4,30,19.400000000000002,0,0,0,0,0,0,94.39
2008,9,1,5,30,19,0,0,0,0,0,0,94.87
2008,9,1,6,30,18.6,0,0,0,0,0,0,95.13
2008,9,1,7,30,18.2,0,0,0,0,0,0,95.4
2008,9,1,8,30,17.900000000000002,0,0,0,0,0,0,94.86
2008,9,1,9,30,17.7,0,0,0,0,0,0,94.5
2008,9,1,10,30,17.5,0,0,0,0,0,0,94.28
2008,9,1,11,30,17.3,0,0,0,0,0,0,94.41
2008,9,1,12,30,17.900000000000002,0,0,0,0,0,0,90.46000000000001
2008,9,1,13,30,19.3,54,145,455,455,54,145,87.51
2008,9,1,14,30,21,80,383,701,701,80,383,80.63
2008,9,1,15,30,23,95,612,810,810,95,612,70.94
2008,9,1,16,30,24.700000000000003,105,803,868,868,105,803,63.22
2008,9,1,17,30,25.8,110,936,900,900,110,936,59.81
2008,9,1,18,30,26.6,109,1002,918,918,109,1002,57.53
2008,9,1,19,30,26.8,112,991,912,912,112,991,57.050000000000004
2008,9,1,20,30,26.400000000000002,112,905,888,888,112,905,58.52
2008,9,1,21,30,25.5,105,755,850,589,224,674,62.72
2008,9,1,22,30,24.400000000000002,100,549,763,763,100,549,68.95
2008,9,1,23,30,23.200000000000003,83,313,615,121,175,220,77.12
2008,9,2,0,30,21.900000000000002,45,86,293,12,58,60,85.56
2008,9,2,1,30,21,0,0,0,0,0,0,90.55
2008,9,2,2,30,20.5,0,0,0,0,0,0,92.35000000000001
2008,9,2,3,30,19.900000000000002,0,0,0,0,0,0,94.49
2008,9,2,4,30,19.5,0,0,0,0,0,0,95.18
2008,9,2,5,30,19.1,0,0,0,0,0,0,96.10000000000001
2008,9,2,6,30,18.900000000000002,0,0,0,0,0,0,95.87
2008,9,2,7,30,18.7,0,0,0,0,0,0,95.65
2008,9,2,8,30,18.6,0,0,0,0,0,0,95.55
2008,9,2,9,30,18.5,0,0,0,0,0,0,95.14
2008,9,2,10,30,18.5,0,0,0,0,0,0,94.38
2008,9,2,11,30,18.400000000000002,0,0,0,0,0,0,93.92
2008,9,2,12,30,18.8,0,0,0,0,0,0,90.06
2008,9,2,13,30,20.400000000000002,53,145,455,18,98,102,84.73
2008,9,2,14,30,22.3,80,382,701,701,80,382,77.09
2008,9,2,15,30,23.900000000000002,97,610,804,804,97,610,67.65
2008,9,2,16,30,25.1,111,798,857,857,111,798,61.93
2008,9,2,17,30,25.900000000000002,117,931,888,888,117,931,57.96
2008,9,2,18,30,26.400000000000002,143,986,868,868,143,986,55.82
2008,9,2,19,30,26.700000000000003,147,974,859,859,147,974,55.120000000000005
2008,9,2,20,30,26.700000000000003,142,891,840,840,142,891,55.29
2008,9,2,21,30,26.400000000000002,152,732,760,518,267,662,56.410000000000004
2008,9,2,22,30,26,136,531,675,243,245,388,58.43
2008,9,2,23,30,24.900000000000002,105,301,528,165,190,252,65.14
2008,9,3,0,30,22.900000000000002,50,80,225,225,50,80,76.81
2008,9,3,1,30,21.3,0,0,0,0,0,0,86.26
2008,9,3,2,30,20.6,0,0,0,0,0,0,88.73
2008,9,3,3,30,20.1,0,0,0,0,0,0,90.29
2008,9,3,4,30,19.6,0,0,0,0,0,0,91.88
2008,9,3,5,30,19.200000000000003,0,0,0,0,0,0,92.98
2008,9,3,6,30,18.900000000000002,0,0,0,0,0,0,94.35000000000001
2008,9,3,7,30,18.7,0,0,0,0,0,0,95.11
2008,9,3,8,30,18.6,0,0,0,0,0,0,95.35000000000001
2008,9,3,9,30,18.5,0,0,0,0,0,0,95.51
2008,9,3,10,30,18.2,0,0,0,0,0,0,96.21000000000001
2008,9,3,11,30,17.8,0,0,0,0,0,0,96.8
2008,9,3,12,30,18.2,0,0,0,0,0,0,92.34
2008,9,3,13,30,19.400000000000002,59,143,419,7,69,70,90.04
2008,9,3,14,30,21.1,89,383,682,389,171,339,84.3
2008,9,3,15,30,23.3,102,618,810,510,218,543,73.41
2008,9,3,16,30,25.3,107,812,879,611,223,713,60.86
2008,9,3,17,30,26.700000000000003,110,950,917,271,401,649,53.09
2008,9,3,18,30,27.700000000000003,114,1014,928,436,345,768,48.4
2008,9,3,19,30,28.3,113,1002,924,924,113,1002,45.86
2008,9,3,20,30,28.6,111,916,906,906,111,916,44.5
2008,9,3,21,30,28.5,104,764,868,868,104,764,44
2008,9,3,22,30,28.200000000000003,94,558,797,797,94,558,44.25
2008,9,3,23,30,27.1,76,319,659,659,76,319,48.36
2008,9,4,0,30,24.900000000000002,41,86,342,342,41,86,59.29
2008,9,4,1,30,23,0,0,0,0,0,0,68.89
2008,9,4,2,30,21.900000000000002,0,0,0,0,0,0,75.46000000000001
2008,9,4,3,30,21.5,0,0,0,0,0,0,79.36
2008,9,4,4,30,21.400000000000002,0,0,0,0,0,0,81.10000000000001
2008,9,4,5,30,21.200000000000003,0,0,0,0,0,0,81.47
2008,9,4,6,30,20.8,0,0,0,0,0,0,83.46000000000001
2008,9,4,7,30,20.200000000000003,0,0,0,0,0,0,86.56
2008,9,4,8,30,19.5,0,0,0,0,0,0,90.42
2008,9,4,9,30,18.900000000000002,0,0,0,0,0,0,92.67
2008,9,4,10,30,18.1,0,0,0,0,0,0,94.74
2008,9,4,11,30,17.3,0,0,0,0,0,0,95.7
2008,9,4,12,30,17.5,0,0,0,0,0,0,91.41
2008,9,4,13,30,18.6,55,149,473,82,100,116,87.85000000000001
2008,9,4,14,30,20.3,81,395,729,349,176,326,78.99
2008,9,4,15,30,22.6,92,633,851,128,350,432,64.27
2008,9,4,16,30,24.8,99,831,914,914,99,831,52.410000000000004
2008,9,4,17,30,26.400000000000002,104,965,941,941,104,965,47.12
2008,9,4,18,30,27.5,107,1030,953,953,107,1030,44.550000000000004
2008,9,4,19,30,28.200000000000003,108,1015,946,946,108,1015,43.18
2008,9,4,20,30,28.400000000000002,108,926,922,922,108,926,42.84
2008,9,4,21,30,28.200000000000003,104,769,877,877,104,769,43.09
2008,9,4,22,30,27.700000000000003,95,559,801,801,95,559,44.22
2008,9,4,23,30,26.5,78,317,658,658,78,317,48.44
2008,9,5,0,30,24.400000000000002,41,84,334,334,41,84,59.85
2008,9,5,1,30,22.8,0,0,0,0,0,0,66.15
2008,9,5,2,30,21.900000000000002,0,0,0,0,0,0,69.58
2008,9,5,3,30,21.200000000000003,0,0,0,0,0,0,73.16
2008,9,5,4,30,20.200000000000003,0,0,0,0,0,0,76.72
2008,9,5,5,30,19,0,0,0,0,0,0,82.49
2008,9,5,6,30,17.900000000000002,0,0,0,0,0,0,87.97
2008,9,5,7,30,17,0,0,0,0,0,0,91.8
2008,9,5,8,30,16.1,0,0,0,0,0,0,95.47
2008,9,5,9,30,15.4,0,0,0,0,0,0,97.75
2008,9,5,10,30,14.9,0,0,0,0,0,0,99.29
2008,9,5,11,30,14.600000000000001,0,0,0,0,0,0,99.93
2008,9,5,12,30,15.5,0,0,0,0,0,0,93.09
2008,9,5,13,30,17.5,51,155,523,90,104,122,84.2
2008,9,5,14,30,19.900000000000002,77,404,762,440,191,380,73.07000000000001
2008,9,5,15,30,22.3,89,642,869,869,89,642,59.77
2008,9,5,16,30,24.200000000000003,97,836,923,923,97,836,50.53
2008,9,5,17,30,25.700000000000003,102,969,949,949,102,969,45.57
2008,9,5,18,30,26.8,109,1028,950,950,109,1028,43.17
2008,9,5,19,30,27.400000000000002,112,1010,938,938,112,1010,42.56
2008,9,5,20,30,27.6,113,919,911,911,113,919,43.08
2008,9,5,21,30,27.400000000000002,113,759,855,855,113,759,44.43
2008,9,5,22,30,26.8,104,549,772,772,104,549,47.160000000000004
2008,9,5,23,30,25.400000000000002,82,309,628,628,82,309,53.36
2008,9,6,0,30,23.6,41,79,303,303,41,79,66.59
2008,9,6,1,30,22.200000000000003,0,0,0,0,0,0,71.17
2008,9,6,2,30,21.3,0,0,0,0,0,0,75.06
2008,9,6,3,30,20.700000000000003,0,0,0,0,0,0,79.11
2008,9,6,4,30,20,0,0,0,0,0,0,82.49
2008,9,6,5,30,19.200000000000003,0,0,0,0,0,0,85.31
2008,9,6,6,30,18.2,0,0,0,0,0,0,88.73
2008,9,6,7,30,17.400000000000002,0,0,0,0,0,0,90.59
2008,9,6,8,30,16.7,0,0,0,0,0,0,91.99
2008,9,6,9,30,16.1,0,0,0,0,0,0,93.42
2008,9,6,10,30,15.8,0,0,0,0,0,0,93.54
2008,9,6,11,30,15.8,0,0,0,0,0,0,92.46000000000001
2008,9,6,12,30,16.400000000000002,0,0,0,0,0,0,88.46000000000001
2008,9,6,13,30,17.7,52,145,470,24,99,104,81.72
2008,9,6,14,30,19.5,79,384,711,711,79,384,72.05
2008,9,6,15,30,21.5,87,620,840,840,87,620,62.800000000000004
2008,9,6,16,30,23.400000000000002,89,816,909,909,89,816,55.620000000000005
2008,9,6,17,30,24.900000000000002,91,951,943,943,91,951,50.45
2008,9,6,18,30,26.1,95,1010,947,947,95,1010,47.81
2008,9,6,19,30,26.8,100,993,934,934,100,993,47.300000000000004
2008,9,6,20,30,26.8,108,900,896,896,108,900,48.45
2008,9,6,21,30,26.200000000000003,129,735,804,804,129,735,51.08
2008,9,6,22,30,25,129,522,685,685,129,522,55.93
2008,9,6,23,30,23.400000000000002,104,288,512,512,104,288,63.52
2008,9,7,0,30,21.5,47,68,172,28,63,66,75.93
2008,9,7,1,30,20.200000000000003,0,0,0,0,0,0,83.60000000000001
2008,9,7,2,30,19.6,0,0,0,0,0,0,86.34
2008,9,7,3,30,19.1,0,0,0,0,0,0,88.3
2008,9,7,4,30,18.6,0,0,0,0,0,0,89.87
2008,9,7,5,30,18.2,0,0,0,0,0,0,91.13
2008,9,7,6,30,17.8,0,0,0,0,0,0,91.95
2008,9,7,7,30,17.400000000000002,0,0,0,0,0,0,91.29
2008,9,7,8,30,16.8,0,0,0,0,0,0,91.66
2008,9,7,9,30,16.3,0,0,0,0,0,0,92
2008,9,7,10,30,15.9,0,0,0,0,0,0,92.27
2008,9,7,11,30,15.600000000000001,0,0,0,0,0,0,92.26
2008,9,7,12,30,15.9,0,0,0,0,0,0,89.16
2008,9,7,13,30,17.1,67,133,340,0,48,48,84.01
2008,9,7,14,30,19.1,111,365,593,117,233,284,77.47
2008,9,7,15,30,21.200000000000003,138,589,712,1,221,222,71.21000000000001
2008,9,7,16,30,22.900000000000002,152,776,782,1,276,276,67.19
2008,9,7,17,30,24.1,156,908,825,278,475,729,65.24
2008,9,7,18,30,24.5,156,969,843,266,505,761,65.69
2008,9,7,19,30,24.3,156,955,838,248,413,650,68.03
2008,9,7,20,30,23.700000000000003,146,871,823,6,363,368,71.74
2008,9,7,21,30,22.900000000000002,146,715,758,243,325,507,76.58
2008,9,7,22,30,22.1,132,512,665,2,128,130,81.59
2008,9,7,23,30,21.200000000000003,102,282,507,0,38,38,87.32000000000001
2008,9,8,0,30,20.400000000000002,45,66,177,3,39,40,92.31
2008,9,8,1,30,19.900000000000002,0,0,0,0,0,0,94.69
2008,9,8,2,30,19.6,0,0,0,0,0,0,95.11
2008,9,8,3,30,19.200000000000003,0,0,0,0,0,0,95.35000000000001
2008,9,8,4,30,18.7,0,0,0,0,0,0,95.68
2008,9,8,5,30,18.3,0,0,0,0,0,0,95.67
2008,9,8,6,30,18,0,0,0,0,0,0,95.48
2008,9,8,7,30,17.8,0,0,0,0,0,0,94.8
2008,9,8,8,30,17.6,0,0,0,0,0,0,94.68
2008,9,8,9,30,17.400000000000002,0,0,0,0,0,0,94.63
2008,9,8,10,30,17.400000000000002,0,0,0,0,0,0,93.83
2008,9,8,11,30,17.400000000000002,0,0,0,0,0,0,94.56
2008,9,8,12,30,17.8,0,0,0,0,0,0,92.89
2008,9,8,13,30,18.5,43,145,522,2,44,44,91.19
2008,9,8,14,30,19.3,63,385,753,0,36,36,88.06
2008,9,8,15,30,20.3,77,612,845,7,175,179,83.81
2008,9,8,16,30,21.3,89,799,890,174,313,452,79.09
2008,9,8,17,30,22.3,95,930,917,117,376,482,73.94
2008,9,8,18,30,22.900000000000002,99,991,926,379,323,687,70.3
2008,9,8,19,30,23.1,100,978,923,388,331,701,68.91
2008,9,8,20,30,22.8,96,892,906,231,365,568,71.08
2008,9,8,21,30,22.3,91,740,867,285,298,511,74.21000000000001
2008,9,8,22,30,21.5,82,534,797,185,241,346,79.87
2008,9,8,23,30,20.6,65,298,663,1,54,54,85.89
2008,9,9,0,30,19.700000000000003,34,71,326,3,41,41,91.71000000000001
2008,9,9,1,30,19.1,0,0,0,0,0,0,93.4
2008,9,9,2,30,18.7,0,0,0,0,0,0,94.09
2008,9,9,3,30,18.2,0,0,0,0,0,0,95.03
2008,9,9,4,30,17.8,0,0,0,0,0,0,95.43
2008,9,9,5,30,17.400000000000002,0,0,0,0,0,0,96.16
2008,9,9,6,30,17.2,0,0,0,0,0,0,95.53
2008,9,9,7,30,17,0,0,0,0,0,0,95.58
2008,9,9,8,30,16.8,0,0,0,0,0,0,95.72
2008,9,9,9,30,16.5,0,0,0,0,0,0,95.89
2008,9,9,10,30,16.400000000000002,0,0,0,0,0,0,94.74
2008,9,9,11,30,16.3,0,0,0,0,0,0,93.85000000000001
2008,9,9,12,30,17,0,0,0,0,0,0,88.94
2008,9,9,13,30,18.900000000000002,43,146,526,0,20,20,84.82000000000001
2008,9,9,14,30,21,64,386,756,0,14,14,77.76
2008,9,9,15,30,22.5,75,616,855,0,168,168,70.64
2008,9,9,16,30,23.8,82,804,906,378,290,592,64.88
2008,9,9,17,30,24.900000000000002,86,934,933,642,214,798,61.26
2008,9,9,18,30,25.400000000000002,88,995,944,591,251,819,59.81
2008,9,9,19,30,25.3,90,980,937,672,220,858,61.300000000000004
2008,9,9,20,30,24.5,90,892,916,649,219,788,65.41
2008,9,9,21,30,23.6,95,734,858,553,215,627,70.5
2008,9,9,22,30,22.5,88,528,779,125,243,314,76.79
2008,9,9,23,30,21.400000000000002,69,292,642,161,159,215,83.55
2008,9,10,0,30,20.3,34,68,309,2,36,36,90.33
2008,9,10,1,30,19.5,0,0,0,0,0,0,93.67
2008,9,10,2,30,19,0,0,0,0,0,0,93.79
2008,9,10,3,30,18.5,0,0,0,0,0,0,94.63
2008,9,10,4,30,18.1,0,0,0,0,0,0,94.61
2008,9,10,5,30,17.7,0,0,0,0,0,0,95
2008,9,10,6,30,17.400000000000002,0,0,0,0,0,0,94.95
2008,9,10,7,30,17,0,0,0,0,0,0,95.46000000000001
2008,9,10,8,30,16.8,0,0,0,0,0,0,95.07000000000001
2008,9,10,9,30,16.6,0,0,0,0,0,0,94.73
2008,9,10,10,30,16.400000000000002,0,0,0,0,0,0,94.9
2008,9,10,11,30,16.3,0,0,0,0,0,0,94.52
2008,9,10,12,30,16.8,0,0,0,0,0,0,89.91
2008,9,10,13,30,18.400000000000002,41,146,540,4,52,53,86.07000000000001
2008,9,10,14,30,20.400000000000002,61,385,762,107,196,241,79.45
2008,9,10,15,30,22.200000000000003,72,614,859,302,251,442,71.69
2008,9,10,16,30,23.8,78,804,912,218,408,582,64.47
2008,9,10,17,30,25.200000000000003,81,934,940,14,395,407,59.620000000000005
2008,9,10,18,30,25.900000000000002,85,995,948,258,484,731,58.07
2008,9,10,19,30,26.1,87,980,941,941,87,980,58.300000000000004
2008,9,10,20,30,25.700000000000003,88,891,918,212,449,634,60.39
2008,9,10,21,30,24.900000000000002,88,734,871,303,357,582,64.27
2008,9,10,22,30,23.8,84,526,786,454,194,449,70.25
2008,9,10,23,30,22.5,72,287,624,4,125,126,79.38
2008,9,11,0,30,21.1,36,63,250,1,39,39,88.35000000000001
2008,9,11,1,30,20.3,0,0,0,0,0,0,92.71000000000001
2008,9,11,2,30,19.900000000000002,0,0,0,0,0,0,93.96000000000001
2008,9,11,3,30,19.5,0,0,0,0,0,0,94.74
2008,9,11,4,30,19,0,0,0,0,0,0,95.58
2008,9,11,5,30,18.5,0,0,0,0,0,0,95.38
2008,9,11,6,30,18.1,0,0,0,0,0,0,94.96000000000001
2008,9,11,7,30,17.6,0,0,0,0,0,0,95.36
2008,9,11,8,30,17.2,0,0,0,0,0,0,95.04
2008,9,11,9,30,16.900000000000002,0,0,0,0,0,0,94.55
2008,9,11,10,30,16.6,0,0,0,0,0,0,94.72
2008,9,11,11,30,16.5,0,0,0,0,0,0,94
2008,9,11,12,30,17.1,0,0,0,0,0,0,89.86
2008,9,11,13,30,18.3,51,140,460,460,51,140,87.22
2008,9,11,14,30,19.900000000000002,78,378,704,16,198,205,80.4
2008,9,11,15,30,21.900000000000002,91,609,821,0,174,175,70.54
2008,9,11,16,30,23.700000000000003,99,798,880,0,223,224,62.78
2008,9,11,17,30,24.8,106,929,908,348,437,752,59.51
2008,9,11,18,30,25.200000000000003,109,990,920,920,109,990,59.09
2008,9,11,19,30,25.3,111,975,913,166,472,628,59.4
2008,9,11,20,30,25.1,109,885,891,1,283,284,60.89
2008,9,11,21,30,24.8,107,728,841,1,243,243,62.49
2008,9,11,22,30,24.200000000000003,98,521,758,0,101,101,65.99
2008,9,11,23,30,23.1,77,284,606,12,153,157,73.43
2008,9,12,0,30,21.6,35,61,254,83,49,57,84.36
2008,9,12,1,30,20.5,0,0,0,0,0,0,88.85000000000001
2008,9,12,2,30,19.900000000000002,0,0,0,0,0,0,90.92
2008,9,12,3,30,19.400000000000002,0,0,0,0,0,0,92.51
2008,9,12,4,30,18.900000000000002,0,0,0,0,0,0,94.03
2008,9,12,5,30,18.5,0,0,0,0,0,0,95.56
2008,9,12,6,30,18.1,0,0,0,0,0,0,96.44
2008,9,12,7,30,17.900000000000002,0,0,0,0,0,0,95.85000000000001
2008,9,12,8,30,17.8,0,0,0,0,0,0,95.78
2008,9,12,9,30,17.7,0,0,0,0,0,0,95.98
2008,9,12,10,30,17.5,0,0,0,0,0,0,96.23
2008,9,12,11,30,17.400000000000002,0,0,0,0,0,0,95.58
2008,9,12,12,30,17.8,0,0,0,0,0,0,92.33
2008,9,12,13,30,18.900000000000002,52,139,455,455,52,139,90.04
2008,9,12,14,30,20.400000000000002,78,379,708,11,170,175,84.68
2008,9,12,15,30,22.5,91,609,822,0,144,144,75.56
2008,9,12,16,30,24.700000000000003,100,797,880,106,390,474,64.85
2008,9,12,17,30,26.200000000000003,107,928,907,383,424,770,58.36
2008,9,12,18,30,27,120,984,904,904,120,984,55.71
2008,9,12,19,30,27.3,122,968,897,460,412,846,54.81
2008,9,12,20,30,27.200000000000003,118,878,875,875,118,878,55.44
2008,9,12,21,30,26.700000000000003,108,724,837,297,365,584,57.47
2008,9,12,22,30,25.900000000000002,98,516,753,293,269,431,61.22
2008,9,12,23,30,24.700000000000003,76,280,605,13,116,120,68.56
2008,9,13,0,30,22.900000000000002,33,58,250,45,52,57,81.16
2008,9,13,1,30,21.700000000000003,0,0,0,0,0,0,85.66
2008,9,13,2,30,20.900000000000002,0,0,0,0,0,0,88.76
2008,9,13,3,30,20.3,0,0,0,0,0,0,91.07000000000001
2008,9,13,4,30,19.900000000000002,0,0,0,0,0,0,93.27
2008,9,13,5,30,19.5,0,0,0,0,0,0,95.68
2008,9,13,6,30,19.200000000000003,0,0,0,0,0,0,97.45
2008,9,13,7,30,19,0,0,0,0,0,0,98.27
2008,9,13,8,30,18.900000000000002,0,0,0,0,0,0,98.4
2008,9,13,9,30,18.7,0,0,0,0,0,0,98.79
2008,9,13,10,30,18.6,0,0,0,0,0,0,98.67
2008,9,13,11,30,18.7,0,0,0,0,0,0,97.14
2008,9,13,12,30,19.3,0,0,0,0,0,0,92.55
2008,9,13,13,30,20.700000000000003,51,138,452,14,74,77,87.7
2008,9,13,14,30,22.700000000000003,78,376,704,158,220,287,79.95
2008,9,13,15,30,24.200000000000003,91,605,818,505,202,519,72.84
2008,9,13,16,30,25.1,100,793,876,290,315,545,65.65
2008,9,13,17,30,25.8,106,923,905,135,436,558,62.58
2008,9,13,18,30,26,137,970,873,873,137,970,61.65
2008,9,13,19,30,25.700000000000003,146,950,854,434,427,836,63.02
2008,9,13,20,30,25.200000000000003,145,859,824,824,145,859,66.22
2008,9,13,21,30,24.700000000000003,137,704,772,772,137,704,70.43
2008,9,13,22,30,23.700000000000003,121,498,684,219,288,409,76.64
2008,9,13,23,30,22.6,92,266,520,72,180,204,83.36
2008,9,14,0,30,21.6,36,52,161,3,42,42,90.5
2008,9,14,1,30,21,0,0,0,0,0,0,93.49
2008,9,14,2,30,20.700000000000003,0,0,0,0,0,0,94.2
2008,9,14,3,30,20.400000000000002,0,0,0,0,0,0,94.66
2008,9,14,4,30,20.200000000000003,0,0,0,0,0,0,94.04
2008,9,14,5,30,20.1,0,0,0,0,0,0,93.37
2008,9,14,6,30,20,0,0,0,0,0,0,93.15
2008,9,14,7,30,19.700000000000003,0,0,0,0,0,0,93.91
2008,9,14,8,30,19.400000000000002,0,0,0,0,0,0,95.66
2008,9,14,9,30,19.3,0,0,0,0,0,0,95.94
2008,9,14,10,30,19.1,0,0,0,0,0,0,95.67
2008,9,14,11,30,18.900000000000002,0,0,0,0,0,0,95.42
2008,9,14,12,30,19.1,0,0,0,0,0,0,92.86
2008,9,14,13,30,19.900000000000002,43,141,513,2,40,41,91.01
2008,9,14,14,30,21,64,381,750,2,92,93,88.02
2008,9,14,15,30,22.3,76,610,850,187,261,378,80.99
2008,9,14,16,30,23.200000000000003,85,798,901,245,406,600,72
2008,9,14,17,30,24,90,927,929,929,90,927,64.28
2008,9,14,18,30,24.8,93,985,937,233,487,709,60.51
2008,9,14,19,30,25,95,969,930,350,381,711,59.22
2008,9,14,20,30,24.6,96,878,905,252,442,660,60.9
2008,9,14,21,30,23.700000000000003,100,717,846,406,257,554,66.18
2008,9,14,22,30,22.5,91,509,761,422,185,416,73.61
2008,9,14,23,30,21.3,73,272,603,38,150,163,81.59
2008,9,15,0,30,20.400000000000002,32,52,214,0,19,19,87.29
2008,9,15,1,30,19.900000000000002,0,0,0,0,0,0,91.23
2008,9,15,2,30,19.6,0,0,0,0,0,0,93.19
2008,9,15,3,30,19.400000000000002,0,0,0,0,0,0,94.56
2008,9,15,4,30,19.200000000000003,0,0,0,0,0,0,95.4
2008,9,15,5,30,19,0,0,0,0,0,0,95.55
2008,9,15,6,30,18.7,0,0,0,0,0,0,95.71000000000001
2008,9,15,7,30,18.5,0,0,0,0,0,0,95.09
2008,9,15,8,30,18.2,0,0,0,0,0,0,94.99
2008,9,15,9,30,18,0,0,0,0,0,0,95.27
2008,9,15,10,30,17.8,0,0,0,0,0,0,94.86
2008,9,15,11,30,17.6,0,0,0,0,0,0,94.81
2008,9,15,12,30,17.7,0,0,0,0,0,0,93.18
2008,9,15,13,30,18.1,44,140,505,0,11,11,91.81
2008,9,15,14,30,18.6,64,381,751,0,74,74,90.49
2008,9,15,15,30,19.400000000000002,75,610,854,0,99,99,86.17
2008,9,15,16,30,20.5,84,797,904,0,202,203,79.85000000000001
2008,9,15,17,30,21.6,89,927,930,2,213,215,73.16
2008,9,15,18,30,22.5,94,986,939,15,326,340,68.06
2008,9,15,19,30,22.900000000000002,94,970,934,183,398,570,65.34
2008,9,15,20,30,22.900000000000002,90,881,919,217,373,559,64.96000000000001
2008,9,15,21,30,22.5,85,725,879,265,282,474,66.69
2008,9,15,22,30,22,76,516,808,126,226,295,69.15
2008,9,15,23,30,21.1,60,278,669,73,150,174,75.63
2008,9,16,0,30,19.900000000000002,27,53,293,0,22,22,84.45
2008,9,16,1,30,19.1,0,0,0,0,0,0,86.28
2008,9,16,2,30,18.6,0,0,0,0,0,0,88.97
2008,9,16,3,30,18.2,0,0,0,0,0,0,91.63
2008,9,16,4,30,17.900000000000002,0,0,0,0,0,0,93.05
2008,9,16,5,30,17.6,0,0,0,0,0,0,93.77
2008,9,16,6,30,17.1,0,0,0,0,0,0,95.07000000000001
2008,9,16,7,30,16.5,0,0,0,0,0,0,94.52
2008,9,16,8,30,16,0,0,0,0,0,0,94.13
2008,9,16,9,30,15.600000000000001,0,0,0,0,0,0,94.04
2008,9,16,10,30,15.3,0,0,0,0,0,0,93.56
2008,9,16,11,30,15.100000000000001,0,0,0,0,0,0,92.92
2008,9,16,12,30,15.3,0,0,0,0,0,0,89.82000000000001
2008,9,16,13,30,16.400000000000002,48,139,479,12,90,93,84.85000000000001
2008,9,16,14,30,18.2,74,378,721,121,223,274,78.36
2008,9,16,15,30,20.200000000000003,89,607,827,196,328,451,69.74
2008,9,16,16,30,22.1,99,795,882,179,419,560,62.57
2008,9,16,17,30,23.5,108,922,906,133,435,555,59.300000000000004
2008,9,16,18,30,24.1,117,977,906,75,452,523,58.85
2008,9,16,19,30,24.200000000000003,121,959,897,0,247,247,59.78
2008,9,16,20,30,23.900000000000002,118,866,872,1,288,289,61.88
2008,9,16,21,30,23.400000000000002,126,702,795,106,308,385,64.89
2008,9,16,22,30,22.5,114,493,700,1,87,87,70.04
2008,9,16,23,30,21.400000000000002,88,258,525,239,158,235,77.87
2008,9,17,0,30,20.3,32,44,141,141,32,44,85.74
2008,9,17,1,30,19.6,0,0,0,0,0,0,90.29
2008,9,17,2,30,19.200000000000003,0,0,0,0,0,0,92.2
2008,9,17,3,30,19,0,0,0,0,0,0,92.86
2008,9,17,4,30,18.8,0,0,0,0,0,0,93.58
2008,9,17,5,30,18.6,0,0,0,0,0,0,94.07000000000001
2008,9,17,6,30,18.3,0,0,0,0,0,0,94.89
2008,9,17,7,30,17.8,0,0,0,0,0,0,94.98
2008,9,17,8,30,17.1,0,0,0,0,0,0,95.4
2008,9,17,9,30,16.5,0,0,0,0,0,0,95.86
2008,9,17,10,30,15.9,0,0,0,0,0,0,96.14
2008,9,17,11,30,15.4,0,0,0,0,0,0,95.96000000000001
2008,9,17,12,30,15.5,0,0,0,0,0,0,92.54
2008,9,17,13,30,16.6,62,130,359,8,90,92,86.37
2008,9,17,14,30,18.8,102,363,620,7,174,177,76.65
2008,9,17,15,30,21.6,124,590,747,323,307,509,65
2008,9,17,16,30,23.900000000000002,139,777,811,811,139,777,57.230000000000004
2008,9,17,17,30,25.400000000000002,149,905,843,544,303,791,53.730000000000004
2008,9,17,18,30,26.200000000000003,123,974,900,696,166,824,52.24
2008,9,17,19,30,26.6,124,957,893,471,325,764,51.4
2008,9,17,20,30,26.6,121,865,869,869,121,865,51.32
2008,9,17,21,30,26.200000000000003,104,711,841,841,104,711,52.1
2008,9,17,22,30,25.6,92,502,760,760,92,502,54
2008,9,17,23,30,24.5,71,265,605,7,94,96,59.89
2008,9,18,0,30,23.1,28,46,219,0,23,23,69.45
2008,9,18,1,30,21.900000000000002,0,0,0,0,0,0,75.66
2008,9,18,2,30,21.1,0,0,0,0,0,0,79.26
2008,9,18,3,30,20.5,0,0,0,0,0,0,82.03
2008,9,18,4,30,20,0,0,0,0,0,0,83.74
2008,9,18,5,30,19.200000000000003,0,0,0,0,0,0,87.19
2008,9,18,6,30,18.3,0,0,0,0,0,0,89.45
2008,9,18,7,30,17.3,0,0,0,0,0,0,91.14
2008,9,18,8,30,16.5,0,0,0,0,0,0,91.23
2008,9,18,9,30,15.9,0,0,0,0,0,0,90.66
2008,9,18,10,30,15.4,0,0,0,0,0,0,90.63
2008,9,18,11,30,14.9,0,0,0,0,0,0,90.63
2008,9,18,12,30,15.100000000000001,0,0,0,0,0,0,86.69
2008,9,18,13,30,16.7,52,136,448,22,79,83,78
2008,9,18,14,30,19.1,80,375,704,332,164,303,66.42
2008,9,18,15,30,21.700000000000003,95,606,820,820,95,606,58.86
2008,9,18,16,30,24.1,103,795,880,880,103,795,53.56
2008,9,18,17,30,25.8,109,923,909,909,109,923,50.59
2008,9,18,18,30,26.700000000000003,111,982,922,922,111,982,49.800000000000004
2008,9,18,19,30,26.900000000000002,113,961,912,912,113,961,50.54
2008,9,18,20,30,26.5,113,867,884,884,113,867,52.58
2008,9,18,21,30,25.700000000000003,127,698,796,35,293,318,55.910000000000004
2008,9,18,22,30,24.900000000000002,116,488,694,2,119,120,60.15
2008,9,18,23,30,23.5,88,252,518,1,62,62,69.47
2008,9,19,0,30,21.900000000000002,30,40,138,0,12,12,81.38
2008,9,19,1,30,20.8,0,0,0,0,0,0,87.58
2008,9,19,2,30,20.400000000000002,0,0,0,0,0,0,89.44
2008,9,19,3,30,20.1,0,0,0,0,0,0,90.47
2008,9,19,4,30,20,0,0,0,0,0,0,90.13
2008,9,19,5,30,19.8,0,0,0,0,0,0,90.39
2008,9,19,6,30,19.400000000000002,0,0,0,0,0,0,92.3
2008,9,19,7,30,18.7,0,0,0,0,0,0,94.06
2008,9,19,8,30,17.900000000000002,0,0,0,0,0,0,95.01
2008,9,19,9,30,17.2,0,0,0,0,0,0,95.03
2008,9,19,10,30,16.7,0,0,0,0,0,0,94.10000000000001
2008,9,19,11,30,16.1,0,0,0,0,0,0,94.51
2008,9,19,12,30,16,0,0,0,0,0,0,92.17
2008,9,19,13,30,16.5,56,132,406,1,37,37,88.67
2008,9,19,14,30,17.6,89,368,667,54,184,207,83.49
2008,9,19,15,30,19.6,106,597,788,265,259,424,74.87
2008,9,19,16,30,22.1,116,786,855,343,303,572,64.74
2008,9,19,17,30,24.1,121,915,888,440,320,713,57.81
2008,9,19,18,30,25.200000000000003,112,978,918,918,112,978,55.660000000000004
2008,9,19,19,30,25.700000000000003,113,958,910,910,113,958,54.76
2008,9,19,20,30,25.700000000000003,111,865,888,80,393,461,55.02
2008,9,19,21,30,25.3,103,707,846,68,323,372,56.49
2008,9,19,22,30,24.700000000000003,91,496,762,0,45,45,59.93
2008,9,19,23,30,23.6,71,258,599,6,91,92,66.34
2008,9,20,0,30,22.5,26,41,194,0,11,11,74.25
2008,9,20,1,30,21.900000000000002,0,0,0,0,0,0,75.3
2008,9,20,2,30,21.400000000000002,0,0,0,0,0,0,76.4
2008,9,20,3,30,20.6,0,0,0,0,0,0,81.51
2008,9,20,4,30,19.8,0,0,0,0,0,0,88.17
2008,9,20,5,30,19.200000000000003,0,0,0,0,0,0,92.04
2008,9,20,6,30,18.6,0,0,0,0,0,0,93.33
2008,9,20,7,30,17.900000000000002,0,0,0,0,0,0,93.95
2008,9,20,8,30,17.3,0,0,0,0,0,0,94.56
2008,9,20,9,30,16.8,0,0,0,0,0,0,94.01
2008,9,20,10,30,16.3,0,0,0,0,0,0,93.60000000000001
2008,9,20,11,30,15.9,0,0,0,0,0,0,92.95
2008,9,20,12,30,15.700000000000001,0,0,0,0,0,0,92.13
2008,9,20,13,30,15.9,55,131,406,0,48,48,90.04
2008,9,20,14,30,16.7,82,370,691,21,199,208,85.99
2008,9,20,15,30,18,92,602,820,431,270,538,80.77
2008,9,20,16,30,19.8,99,790,883,253,405,604,73.61
2008,9,20,17,30,21.200000000000003,104,917,912,912,104,917,68.24
2008,9,20,18,30,21.700000000000003,138,962,876,876,138,962,66.84
2008,9,20,19,30,21.700000000000003,137,942,870,427,425,820,68.15
2008,9,20,20,30,21.5,133,849,845,845,133,849,70.72
2008,9,20,21,30,21.200000000000003,128,688,786,551,234,627,73.92
2008,9,20,22,30,20.700000000000003,115,477,687,90,250,298,78.52
2008,9,20,23,30,20.1,89,242,495,7,101,103,84.39
2008,9,21,0,30,19.400000000000002,27,35,110,0,15,15,90.61
2008,9,21,1,30,18.900000000000002,0,0,0,0,0,0,92.64
2008,9,21,2,30,18.7,0,0,0,0,0,0,93.21000000000001
2008,9,21,3,30,18.5,0,0,0,0,0,0,93.18
2008,9,21,4,30,18.2,0,0,0,0,0,0,93.57000000000001
2008,9,21,5,30,17.8,0,0,0,0,0,0,93.91
2008,9,21,6,30,17.3,0,0,0,0,0,0,94.19
2008,9,21,7,30,16.8,0,0,0,0,0,0,93.73
2008,9,21,8,30,16.3,0,0,0,0,0,0,93.76
2008,9,21,9,30,15.8,0,0,0,0,0,0,94.11
2008,9,21,10,30,15.5,0,0,0,0,0,0,93.85000000000001
2008,9,21,11,30,15.100000000000001,0,0,0,0,0,0,94.41
2008,9,21,12,30,15.3,0,0,0,0,0,0,91.3
2008,9,21,13,30,16.400000000000002,53,132,430,430,53,132,87.02
2008,9,21,14,30,18.5,83,370,691,691,83,370,80.24
2008,9,21,15,30,21,98,599,809,328,297,501,71.91
2008,9,21,16,30,23.3,109,787,868,331,385,644,63.93
2008,9,21,17,30,24.700000000000003,117,914,895,895,117,914,59.25
2008,9,21,18,30,25.5,116,971,911,911,116,971,57.29
2008,9,21,19,30,25.700000000000003,121,949,898,898,121,949,57.2
2008,9,21,20,30,25.400000000000002,120,853,868,868,120,853,58.33
2008,9,21,21,30,24.6,133,684,778,778,133,684,61.550000000000004
2008,9,21,22,30,23.6,121,473,671,407,210,423,67.63
2008,9,21,23,30,22.200000000000003,91,238,483,175,152,205,76.39
2008,9,22,0,30,20.8,25,32,101,1,24,24,86.23
2008,9,22,1,30,20.1,0,0,0,0,0,0,89.58
2008,9,22,2,30,19.700000000000003,0,0,0,0,0,0,91.27
2008,9,22,3,30,19.6,0,0,0,0,0,0,90.74
2008,9,22,4,30,19.400000000000002,0,0,0,0,0,0,91.15
2008,9,22,5,30,19.1,0,0,0,0,0,0,93.37
2008,9,22,6,30,18.8,0,0,0,0,0,0,94.33
2008,9,22,7,30,18.3,0,0,0,0,0,0,95.41
2008,9,22,8,30,17.8,0,0,0,0,0,0,95.31
2008,9,22,9,30,17.3,0,0,0,0,0,0,94.31
2008,9,22,10,30,16.8,0,0,0,0,0,0,93.61
2008,9,22,11,30,16.400000000000002,0,0,0,0,0,0,93.08
2008,9,22,12,30,16.5,0,0,0,0,0,0,90.51
2008,9,22,13,30,17.400000000000002,44,136,500,53,85,94,86.12
2008,9,22,14,30,19,68,375,739,12,167,172,80.13
2008,9,22,15,30,21.1,81,603,843,230,317,459,71.56
2008,9,22,16,30,22.900000000000002,90,789,896,213,410,576,64.15
2008,9,22,17,30,24.1,96,916,923,95,433,518,60.24
2008,9,22,18,30,24.700000000000003,120,963,900,171,487,647,59.65
2008,9,22,19,30,24.900000000000002,123,941,889,1,294,295,60.300000000000004
2008,9,22,20,30,24.6,119,848,867,3,327,330,61.96
2008,9,22,21,30,24.1,116,686,809,334,294,530,64.51
2008,9,22,22,30,23.400000000000002,103,476,717,551,172,459,68.69
2008,9,22,23,30,22.3,78,239,534,1,55,55,76.26
2008,9,23,0,30,21,24,32,121,0,16,16,85.75
2008,9,23,1,30,20.200000000000003,0,0,0,0,0,0,88.62
2008,9,23,2,30,19.8,0,0,0,0,0,0,89.33
2008,9,23,3,30,19.400000000000002,0,0,0,0,0,0,90.24
2008,9,23,4,30,19,0,0,0,0,0,0,91.86
2008,9,23,5,30,18.7,0,0,0,0,0,0,93.13
2008,9,23,6,30,18.400000000000002,0,0,0,0,0,0,94.13
2008,9,23,7,30,18.1,0,0,0,0,0,0,94.67
2008,9,23,8,30,17.900000000000002,0,0,0,0,0,0,94.74
2008,9,23,9,30,17.7,0,0,0,0,0,0,94.71000000000001
2008,9,23,10,30,17.5,0,0,0,0,0,0,94.95
2008,9,23,11,30,17.3,0,0,0,0,0,0,95.21000000000001
2008,9,23,12,30,17.400000000000002,0,0,0,0,0,0,93.21000000000001
2008,9,23,13,30,18.2,51,130,433,0,51,51,89.74
2008,9,23,14,30,19.6,81,367,691,1,125,126,85.04
2008,9,23,15,30,21.8,95,595,810,14,262,271,75.83
2008,9,23,16,30,23.8,105,782,870,562,233,671,65.89
2008,9,23,17,30,25,112,907,897,633,236,797,60.34
2008,9,23,18,30,25.6,121,961,900,586,277,825,58.63
2008,9,23,19,30,25.700000000000003,125,938,886,606,250,806,58.69
2008,9,23,20,30,25.6,124,843,857,564,252,725,58.81
2008,9,23,21,30,25.200000000000003,124,680,793,564,226,621,59.74
2008,9,23,22,30,24.700000000000003,105,472,709,498,190,447,61.870000000000005
2008,9,23,23,30,23.900000000000002,76,238,545,368,128,237,67.4
2008,9,24,0,30,22.8,22,30,136,1,23,23,72.77
2008,9,24,1,30,22,0,0,0,0,0,0,73.76
2008,9,24,2,30,21.3,0,0,0,0,0,0,77.23
2008,9,24,3,30,20.5,0,0,0,0,0,0,82.22
2008,9,24,4,30,19.900000000000002,0,0,0,0,0,0,87.95
2008,9,24,5,30,19.400000000000002,0,0,0,0,0,0,92.03
2008,9,24,6,30,19,0,0,0,0,0,0,93.68
2008,9,24,7,30,18.5,0,0,0,0,0,0,94.27
2008,9,24,8,30,17.900000000000002,0,0,0,0,0,0,95.04
2008,9,24,9,30,17.3,0,0,0,0,0,0,95.69
2008,9,24,10,30,16.900000000000002,0,0,0,0,0,0,95.66
2008,9,24,11,30,16.6,0,0,0,0,0,0,95.67
2008,9,24,12,30,17,0,0,0,0,0,0,91.82000000000001
2008,9,24,13,30,18.2,45,135,493,9,85,87,89.42
2008,9,24,14,30,20,68,376,743,47,214,234,83.7
2008,9,24,15,30,22,81,604,849,218,320,454,74.43
2008,9,24,16,30,23.900000000000002,90,789,900,369,363,650,63.89
2008,9,24,17,30,25.3,96,915,926,53,418,466,57.980000000000004
2008,9,24,18,30,26,110,964,917,556,290,807,55.94
2008,9,24,19,30,26.3,114,941,904,341,378,691,55.42
2008,9,24,20,30,26.1,114,844,874,364,329,633,56.49
2008,9,24,21,30,25.400000000000002,110,682,819,156,319,428,59.49
2008,9,24,22,30,24.5,98,471,725,123,245,308,64.47
2008,9,24,23,30,23.200000000000003,73,235,550,59,136,153,72.91
2008,9,25,0,30,21.8,21,29,129,0,18,18,82.96000000000001
2008,9,25,1,30,21,0,0,0,0,0,0,84.13
2008,9,25,2,30,20.6,0,0,0,0,0,0,84.72
2008,9,25,3,30,20.1,0,0,0,0,0,0,86.79
2008,9,25,4,30,19.400000000000002,0,0,0,0,0,0,90.37
2008,9,25,5,30,18.8,0,0,0,0,0,0,92.4
2008,9,25,6,30,18.1,0,0,0,0,0,0,93.59
2008,9,25,7,30,17.3,0,0,0,0,0,0,94.88
2008,9,25,8,30,16.8,0,0,0,0,0,0,94.83
2008,9,25,9,30,16.3,0,0,0,0,0,0,95.37
2008,9,25,10,30,16,0,0,0,0,0,0,94.78
2008,9,25,11,30,15.700000000000001,0,0,0,0,0,0,94.79
2008,9,25,12,30,15.8,0,0,0,0,0,0,92.25
2008,9,25,13,30,16.8,43,135,510,2,74,74,87.72
2008,9,25,14,30,18.5,65,376,754,33,159,173,81.66
2008,9,25,15,30,20.700000000000003,78,604,855,56,293,327,72.68
2008,9,25,16,30,22.6,87,789,905,97,371,446,63.88
2008,9,25,17,30,23.900000000000002,93,913,929,277,377,621,59.410000000000004
2008,9,25,18,30,24.6,99,966,933,530,297,789,57.94
2008,9,25,19,30,24.900000000000002,101,943,924,353,362,683,57.94
2008,9,25,20,30,24.700000000000003,100,848,899,465,259,646,59.26
2008,9,25,21,30,24.200000000000003,110,679,819,247,279,451,61.92
2008,9,25,22,30,23.400000000000002,100,466,718,207,218,323,67.07000000000001
2008,9,25,23,30,22.200000000000003,76,230,530,290,122,207,75.25
2008,9,26,0,30,21,21,26,97,0,17,17,83.47
2008,9,26,1,30,20.200000000000003,0,0,0,0,0,0,87.2
2008,9,26,2,30,19.6,0,0,0,0,0,0,89.16
2008,9,26,3,30,18.7,0,0,0,0,0,0,89.49
2008,9,26,4,30,17.7,0,0,0,0,0,0,87.03
2008,9,26,5,30,16.8,0,0,0,0,0,0,85.64
2008,9,26,6,30,16.2,0,0,0,0,0,0,86.17
2008,9,26,7,30,15.9,0,0,0,0,0,0,85.89
2008,9,26,8,30,15.600000000000001,0,0,0,0,0,0,86.11
2008,9,26,9,30,15.4,0,0,0,0,0,0,85.95
2008,9,26,10,30,15.3,0,0,0,0,0,0,85.65
2008,9,26,11,30,15,0,0,0,0,0,0,86.4
2008,9,26,12,30,15.100000000000001,0,0,0,0,0,0,84.66
2008,9,26,13,30,15.700000000000001,43,133,497,30,91,96,81.48
2008,9,26,14,30,16.900000000000002,69,371,736,398,177,340,76.35000000000001
2008,9,26,15,30,18.5,85,598,837,299,298,481,69.42
2008,9,26,16,30,20.1,96,783,889,889,96,783,63.58
2008,9,26,17,30,21.400000000000002,104,907,913,913,104,907,60.57
2008,9,26,18,30,22.3,98,965,936,381,439,792,58.980000000000004
2008,9,26,19,30,22.8,98,944,931,378,431,775,58.4
2008,9,26,20,30,23,95,849,909,170,438,579,58.85
2008,9,26,21,30,22.8,86,689,872,178,369,492,60.550000000000004
2008,9,26,22,30,22.400000000000002,76,477,792,87,270,315,63.29
2008,9,26,23,30,21.3,58,238,627,65,151,169,70.59
2008,9,27,0,30,20.3,18,27,181,1,17,17,79.59
2008,9,27,1,30,19.700000000000003,0,0,0,0,0,0,79.45
2008,9,27,2,30,19.400000000000002,0,0,0,0,0,0,80
2008,9,27,3,30,19,0,0,0,0,0,0,81.79
2008,9,27,4,30,18.6,0,0,0,0,0,0,84.47
2008,9,27,5,30,18,0,0,0,0,0,0,87.43
2008,9,27,6,30,17.2,0,0,0,0,0,0,89.5
2008,9,27,7,30,16.400000000000002,0,0,0,0,0,0,90.37
2008,9,27,8,30,15.700000000000001,0,0,0,0,0,0,89.45
2008,9,27,9,30,15.200000000000001,0,0,0,0,0,0,89.66
2008,9,27,10,30,14.9,0,0,0,0,0,0,89.92
2008,9,27,11,30,14.600000000000001,0,0,0,0,0,0,90.46000000000001
2008,9,27,12,30,14.8,0,0,0,0,0,0,88.17
2008,9,27,13,30,15.9,55,125,390,390,55,125,82.38
2008,9,27,14,30,17.900000000000002,91,361,659,659,91,361,72.65
2008,9,27,15,30,20.400000000000002,109,587,782,782,109,587,63.940000000000005
2008,9,27,16,30,22.700000000000003,120,773,846,846,120,773,56.96
2008,9,27,17,30,24.3,129,898,875,875,129,898,53.050000000000004
2008,9,27,18,30,25,114,958,913,913,114,958,52.15
2008,9,27,19,30,25.200000000000003,119,933,898,898,119,933,52.47
2008,9,27,20,30,24.900000000000002,119,836,869,340,408,689,54.36
2008,9,27,21,30,24.3,124,668,791,791,124,668,57.08
2008,9,27,22,30,23.5,109,456,690,690,109,456,61.370000000000005
2008,9,27,23,30,22.3,80,221,498,498,80,221,71.12
2008,9,28,0,30,21,18,21,76,76,18,21,79.37
2008,9,28,1,30,20.200000000000003,0,0,0,0,0,0,81.60000000000001
2008,9,28,2,30,19.700000000000003,0,0,0,0,0,0,84.99
2008,9,28,3,30,19.400000000000002,0,0,0,0,0,0,86.9
2008,9,28,4,30,19,0,0,0,0,0,0,89.46000000000001
2008,9,28,5,30,18.8,0,0,0,0,0,0,91.04
2008,9,28,6,30,18.6,0,0,0,0,0,0,92.09
2008,9,28,7,30,18.2,0,0,0,0,0,0,93.11
2008,9,28,8,30,17.5,0,0,0,0,0,0,93.47
2008,9,28,9,30,16.8,0,0,0,0,0,0,91.77
2008,9,28,10,30,16.2,0,0,0,0,0,0,90.94
2008,9,28,11,30,15.700000000000001,0,0,0,0,0,0,90.2
2008,9,28,12,30,15.4,0,0,0,0,0,0,88.95
2008,9,28,13,30,15.9,59,123,360,360,59,123,83.83
2008,9,28,14,30,17.1,99,358,635,635,99,358,75.21000000000001
2008,9,28,15,30,19.1,118,588,769,769,118,588,64.93
2008,9,28,16,30,21.3,128,776,842,842,128,776,56.730000000000004
2008,9,28,17,30,23.200000000000003,133,904,881,881,133,904,51.410000000000004
2008,9,28,18,30,24.5,113,969,929,929,113,969,48
2008,9,28,19,30,25.3,114,946,921,921,114,946,45.89
2008,9,28,20,30,25.6,112,848,895,895,112,848,45.1
2008,9,28,21,30,25.5,108,683,841,841,108,683,45.480000000000004
2008,9,28,22,30,25,95,469,750,750,95,469,47.78
2008,9,28,23,30,23.6,70,229,570,570,70,229,53.26
2008,9,29,0,30,21.8,17,22,122,122,17,22,66.66
2008,9,29,1,30,20.400000000000002,0,0,0,0,0,0,69.46000000000001
2008,9,29,2,30,19.1,0,0,0,0,0,0,75.21000000000001
2008,9,29,3,30,18,0,0,0,0,0,0,80.77
2008,9,29,4,30,17,0,0,0,0,0,0,85.42
2008,9,29,5,30,16,0,0,0,0,0,0,88.75
2008,9,29,6,30,15,0,0,0,0,0,0,90.91
2008,9,29,7,30,14.200000000000001,0,0,0,0,0,0,90.98
2008,9,29,8,30,13.5,0,0,0,0,0,0,91.82000000000001
2008,9,29,9,30,12.8,0,0,0,0,0,0,93.31
2008,9,29,10,30,12.4,0,0,0,0,0,0,93.08
2008,9,29,11,30,12,0,0,0,0,0,0,93.19
2008,9,29,12,30,12.100000000000001,0,0,0,0,0,0,90.43
2008,9,29,13,30,13.200000000000001,51,134,464,90,92,108,83.64
2008,9,29,14,30,15.4,80,381,739,13,138,143,72.89
2008,9,29,15,30,18.2,93,618,862,489,204,502,60.83
2008,9,29,16,30,20.900000000000002,99,810,926,926,99,810,50.660000000000004
2008,9,29,17,30,23,101,937,957,957,101,937,43.51
2008,9,29,18,30,24.6,102,990,967,967,102,990,39.300000000000004
2008,9,29,19,30,25.6,101,968,963,963,101,968,37.6
2008,9,29,20,30,26.1,97,867,939,939,97,867,37.29
2008,9,29,21,30,26,93,700,892,892,93,700,38.42
2008,9,29,22,30,25.400000000000002,82,480,804,804,82,480,41.03
2008,9,29,23,30,23.5,61,234,628,628,61,234,48.4
2008,9,30,0,30,21.1,16,22,155,155,16,22,65.5
2008,9,30,1,30,19.5,0,0,0,0,0,0,65.37
2008,9,30,2,30,18.2,0,0,0,0,0,0,69.76
2008,9,30,3,30,16.7,0,0,0,0,0,0,75.94
2008,9,30,4,30,15.4,0,0,0,0,0,0,80.02
2008,9,30,5,30,14.3,0,0,0,0,0,0,82.66
2008,9,30,6,30,13.5,0,0,0,0,0,0,84.05
2008,9,30,7,30,12.8,0,0,0,0,0,0,86.31
2008,9,30,8,30,12.3,0,0,0,0,0,0,87.75
2008,9,30,9,30,11.8,0,0,0,0,0,0,89.12
2008,9,30,10,30,11.3,0,0,0,0,0,0,90.27
2008,9,30,11,30,10.9,0,0,0,0,0,0,90.83
2008,9,30,12,30,11.100000000000001,0,0,0,0,0,0,88.05
2008,9,30,13,30,12.8,55,130,427,427,55,130,78.64
2008,9,30,14,30,15.600000000000001,89,376,707,707,89,376,66.38
2008,9,30,15,30,18.7,104,612,836,836,104,612,55.54
2008,9,30,16,30,21.400000000000002,113,804,902,902,113,804,48.31
2008,9,30,17,30,23.5,119,933,934,934,119,933,44.2
2008,9,30,18,30,25,127,986,937,937,127,986,41.82
2008,9,30,19,30,25.900000000000002,126,960,929,929,126,960,40.69
2008,9,30,20,30,26.200000000000003,122,860,904,904,122,860,40.480000000000004
2008,9,30,21,30,26.1,121,689,839,839,121,689,40.550000000000004
2008,9,30,22,30,25.400000000000002,103,471,749,749,103,471,41.93
2008,9,30,23,30,23.400000000000002,73,226,565,565,73,226,48.25
2008,10,1,0,30,21.1,15,18,90,90,15,18,62.21
2008,10,1,1,30,19.700000000000003,0,0,0,0,0,0,61.74
2008,10,1,2,30,18.6,0,0,0,0,0,0,65.83
2008,10,1,3,30,17.3,0,0,0,0,0,0,71.97
2008,10,1,4,30,16,0,0,0,0,0,0,78.57000000000001
2008,10,1,5,30,14.9,0,0,0,0,0,0,81.9
2008,10,1,6,30,14,0,0,0,0,0,0,83.54
2008,10,1,7,30,13.100000000000001,0,0,0,0,0,0,85.17
2008,10,1,8,30,12.3,0,0,0,0,0,0,86.94
2008,10,1,9,30,11.600000000000001,0,0,0,0,0,0,88.67
2008,10,1,10,30,10.9,0,0,0,0,0,0,90.48
2008,10,1,11,30,10.200000000000001,0,0,0,0,0,0,92.13
2008,10,1,12,30,10.100000000000001,0,0,0,0,0,0,89.99
2008,10,1,13,30,11.700000000000001,49,138,511,511,49,138,79.75
2008,10,1,14,30,14.600000000000001,73,394,795,795,73,394,63.85
2008,10,1,15,30,17.5,83,637,915,915,83,637,50.370000000000005
2008,10,1,16,30,20.1,87,832,974,974,87,832,40.59
2008,10,1,17,30,22.200000000000003,91,963,1003,1003,91,963,34.93
2008,10,1,18,30,23.700000000000003,92,1015,1011,1011,92,1015,32.32
2008,10,1,19,30,24.700000000000003,91,987,1002,1002,91,987,31.29
2008,10,1,20,30,25.1,89,886,981,981,89,886,31.41
2008,10,1,21,30,25,82,713,936,936,82,713,32.42
2008,10,1,22,30,24.400000000000002,72,488,853,853,72,488,34.660000000000004
2008,10,1,23,30,22.400000000000002,55,237,680,680,55,237,42.08
2008,10,2,0,30,19.8,14,19,169,169,14,19,60.18
2008,10,2,1,30,18.1,0,0,0,0,0,0,58.800000000000004
2008,10,2,2,30,16.8,0,0,0,0,0,0,63.07
2008,10,2,3,30,15.4,0,0,0,0,0,0,68.21000000000001
2008,10,2,4,30,14.100000000000001,0,0,0,0,0,0,73.5
2008,10,2,5,30,13.100000000000001,0,0,0,0,0,0,77.12
2008,10,2,6,30,12.4,0,0,0,0,0,0,78.75
2008,10,2,7,30,11.9,0,0,0,0,0,0,80.23
2008,10,2,8,30,11.4,0,0,0,0,0,0,82.63
2008,10,2,9,30,11,0,0,0,0,0,0,84.76
2008,10,2,10,30,10.700000000000001,0,0,0,0,0,0,86.59
2008,10,2,11,30,10.600000000000001,0,0,0,0,0,0,87.3
2008,10,2,12,30,10.9,0,0,0,0,0,0,85.93
2008,10,2,13,30,12.5,55,129,425,425,55,129,78.09
2008,10,2,14,30,15.200000000000001,89,375,708,708,89,375,66.09
2008,10,2,15,30,18.2,103,610,840,840,103,610,54.77
2008,10,2,16,30,21,111,803,908,908,111,803,44.87
2008,10,2,17,30,23.1,115,931,941,941,115,931,40.51
2008,10,2,18,30,24.400000000000002,111,988,962,962,111,988,38.31
2008,10,2,19,30,25.3,111,961,953,953,111,961,36.53
2008,10,2,20,30,25.6,108,859,928,928,108,859,35.72
2008,10,2,21,30,25.400000000000002,101,691,879,879,101,691,36.01
2008,10,2,22,30,24.8,88,468,785,785,88,468,37.46
2008,10,2,23,30,23.1,65,221,591,591,65,221,42.89
2008,10,3,0,30,20.8,13,15,88,88,13,15,57.4
2008,10,3,1,30,19.6,0,0,0,0,0,0,61.06
2008,10,3,2,30,19.200000000000003,0,0,0,0,0,0,60.01
2008,10,3,3,30,18.5,0,0,0,0,0,0,60.24
2008,10,3,4,30,17.1,0,0,0,0,0,0,67.6
2008,10,3,5,30,15.9,0,0,0,0,0,0,75.71000000000001
2008,10,3,6,30,15.200000000000001,0,0,0,0,0,0,80.76
2008,10,3,7,30,14.600000000000001,0,0,0,0,0,0,85.35000000000001
2008,10,3,8,30,13.9,0,0,0,0,0,0,89.5
2008,10,3,9,30,13.4,0,0,0,0,0,0,91.48
2008,10,3,10,30,13,0,0,0,0,0,0,92.03
2008,10,3,11,30,12.600000000000001,0,0,0,0,0,0,92.86
2008,10,3,12,30,12.8,0,0,0,0,0,0,90.29
2008,10,3,13,30,14.3,63,118,318,318,63,118,81.25
2008,10,3,14,30,16.8,109,353,610,610,109,353,69.65
2008,10,3,15,30,19.700000000000003,129,583,755,755,129,583,59.18
2008,10,3,16,30,22.200000000000003,141,773,830,830,141,773,51.72
2008,10,3,17,30,24.1,150,898,865,865,150,898,47.6
2008,10,3,18,30,25.200000000000003,102,972,959,959,102,972,45.27
2008,10,3,19,30,25.8,103,947,950,950,103,947,43.4
2008,10,3,20,30,25.900000000000002,103,844,919,919,103,844,42.44
2008,10,3,21,30,25.700000000000003,103,674,856,856,103,674,42.08
2008,10,3,22,30,25.1,91,455,757,757,91,455,43.49
2008,10,3,23,30,23.700000000000003,67,212,558,558,67,212,48.52
2008,10,4,0,30,22.200000000000003,12,13,64,64,12,13,58.7
2008,10,4,1,30,21.1,0,0,0,0,0,0,61.76
2008,10,4,2,30,20,0,0,0,0,0,0,65.99
2008,10,4,3,30,19,0,0,0,0,0,0,71.43
2008,10,4,4,30,18.3,0,0,0,0,0,0,75.83
2008,10,4,5,30,17.5,0,0,0,0,0,0,81.24
2008,10,4,6,30,16.6,0,0,0,0,0,0,86.33
2008,10,4,7,30,15.700000000000001,0,0,0,0,0,0,90.75
2008,10,4,8,30,15.100000000000001,0,0,0,0,0,0,92.65
2008,10,4,9,30,14.5,0,0,0,0,0,0,93.42
2008,10,4,10,30,13.9,0,0,0,0,0,0,93.88
2008,10,4,11,30,13.3,0,0,0,0,0,0,94.44
2008,10,4,12,30,13.3,0,0,0,0,0,0,91.39
2008,10,4,13,30,14.4,65,118,310,13,89,92,82.88
2008,10,4,14,30,16.6,111,356,613,166,226,292,70.73
2008,10,4,15,30,19.400000000000002,129,590,767,297,322,500,59.29
2008,10,4,16,30,22.1,137,781,849,370,391,672,48.92
2008,10,4,17,30,24,142,909,889,366,452,768,43.64
2008,10,4,18,30,25.200000000000003,139,962,908,397,461,820,41.64
2008,10,4,19,30,25.8,139,936,900,479,413,838,40.67
2008,10,4,20,30,26,135,835,872,293,440,675,40.18
2008,10,4,21,30,25.900000000000002,126,667,816,816,126,667,40.07
2008,10,4,22,30,25.5,107,449,716,716,107,449,40.89
2008,10,4,23,30,24.1,76,207,513,513,76,207,45.21
2008,10,5,0,30,22.200000000000003,11,12,45,45,11,12,57.86
2008,10,5,1,30,20.6,0,0,0,0,0,0,62.84
2008,10,5,2,30,19.5,0,0,0,0,0,0,67.65
2008,10,5,3,30,18.900000000000002,0,0,0,0,0,0,70.7
2008,10,5,4,30,18.5,0,0,0,0,0,0,72.53
2008,10,5,5,30,17.900000000000002,0,0,0,0,0,0,75.96000000000001
2008,10,5,6,30,16.900000000000002,0,0,0,0,0,0,81
2008,10,5,7,30,15.8,0,0,0,0,0,0,85.99
2008,10,5,8,30,14.9,0,0,0,0,0,0,89
2008,10,5,9,30,14.200000000000001,0,0,0,0,0,0,90.17
2008,10,5,10,30,13.600000000000001,0,0,0,0,0,0,90.95
2008,10,5,11,30,13.100000000000001,0,0,0,0,0,0,91.79
2008,10,5,12,30,13.200000000000001,0,0,0,0,0,0,89.74
2008,10,5,13,30,14.600000000000001,67,113,271,271,67,113,81.96000000000001
2008,10,5,14,30,17.3,123,345,556,556,123,345,70.36
2008,10,5,15,30,20.5,149,573,708,708,149,573,59.02
2008,10,5,16,30,23.200000000000003,161,760,792,792,161,760,49.7
2008,10,5,17,30,25,171,883,828,828,171,883,45.2
2008,10,5,18,30,26.1,134,951,905,905,134,951,42.910000000000004
2008,10,5,19,30,26.400000000000002,140,921,886,886,140,921,42.32
2008,10,5,20,30,26.200000000000003,141,816,845,565,276,728,43
2008,10,5,21,30,25.5,142,643,758,493,254,579,45.21
2008,10,5,22,30,24.3,129,424,622,622,129,424,50.63
2008,10,5,23,30,22.400000000000002,90,189,388,201,132,183,60.94
2008,10,6,0,30,20.6,7,7,9,0,5,5,75.60000000000001
2008,10,6,1,30,19.700000000000003,0,0,0,0,0,0,79.75
2008,10,6,2,30,19.3,0,0,0,0,0,0,82.58
2008,10,6,3,30,18.900000000000002,0,0,0,0,0,0,85.41
2008,10,6,4,30,18.6,0,0,0,0,0,0,88.12
2008,10,6,5,30,18.3,0,0,0,0,0,0,90.57000000000001
2008,10,6,6,30,18,0,0,0,0,0,0,92.35000000000001
2008,10,6,7,30,17.8,0,0,0,0,0,0,93.47
2008,10,6,8,30,17.7,0,0,0,0,0,0,93.75
2008,10,6,9,30,17.6,0,0,0,0,0,0,93.77
2008,10,6,10,30,17.5,0,0,0,0,0,0,93.79
2008,10,6,11,30,17.400000000000002,0,0,0,0,0,0,93.58
2008,10,6,12,30,17.400000000000002,0,0,0,0,0,0,92.01
2008,10,6,13,30,18.2,60,111,305,0,32,32,87.95
2008,10,6,14,30,19.900000000000002,107,339,583,139,219,274,78.67
2008,10,6,15,30,21.5,135,558,710,55,309,342,69.9
2008,10,6,16,30,22.900000000000002,152,739,779,153,423,538,62.65
2008,10,6,17,30,23.900000000000002,162,861,815,815,162,861,58.1
2008,10,6,18,30,24.3,198,899,779,779,198,899,56.43
2008,10,6,19,30,24.3,201,872,763,763,201,872,56.45
2008,10,6,20,30,24.1,193,774,729,233,450,635,57.69
2008,10,6,21,30,23.700000000000003,180,611,657,257,313,482,60.01
2008,10,6,22,30,23.1,148,404,545,316,229,378,64.5
2008,10,6,23,30,21.8,94,178,338,19,114,119,72.61
2008,10,7,0,30,20.3,0,0,0,0,0,0,83.63
2008,10,7,1,30,19.5,0,0,0,0,0,0,86.16
2008,10,7,2,30,19,0,0,0,0,0,0,88.64
2008,10,7,3,30,18.6,0,0,0,0,0,0,90.94
2008,10,7,4,30,18.400000000000002,0,0,0,0,0,0,92.16
2008,10,7,5,30,18.2,0,0,0,0,0,0,93.41
2008,10,7,6,30,18.1,0,0,0,0,0,0,93.95
2008,10,7,7,30,17.900000000000002,0,0,0,0,0,0,94.7
2008,10,7,8,30,17.8,0,0,0,0,0,0,94.76
2008,10,7,9,30,17.7,0,0,0,0,0,0,94.61
2008,10,7,10,30,17.6,0,0,0,0,0,0,94.03
2008,10,7,11,30,17.400000000000002,0,0,0,0,0,0,94.23
2008,10,7,12,30,17.5,0,0,0,0,0,0,92.91
2008,10,7,13,30,18.3,69,103,205,205,69,103,90.66
2008,10,7,14,30,19.700000000000003,126,328,509,509,126,328,86.67
2008,10,7,15,30,21.400000000000002,140,556,699,62,317,354,78.73
2008,10,7,16,30,23.200000000000003,137,746,811,331,382,631,67.19
2008,10,7,17,30,24.700000000000003,130,876,873,873,130,876,58.25
2008,10,7,18,30,25.700000000000003,127,927,892,892,127,927,54.08
2008,10,7,19,30,26.200000000000003,127,901,884,884,127,901,52.49
2008,10,7,20,30,26,128,799,846,846,128,799,53.06
2008,10,7,21,30,25.5,131,629,762,762,131,629,55.14
2008,10,7,22,30,24.6,118,414,633,193,233,322,59.44
2008,10,7,23,30,23.200000000000003,82,182,406,2,62,63,67.63
2008,10,8,0,30,21.8,0,0,0,0,0,0,79.07000000000001
2008,10,8,1,30,20.900000000000002,0,0,0,0,0,0,80.96000000000001
2008,10,8,2,30,20.200000000000003,0,0,0,0,0,0,84.71000000000001
2008,10,8,3,30,19.6,0,0,0,0,0,0,87.73
2008,10,8,4,30,19,0,0,0,0,0,0,90.2
2008,10,8,5,30,18.400000000000002,0,0,0,0,0,0,92.41
2008,10,8,6,30,17.8,0,0,0,0,0,0,93.39
2008,10,8,7,30,17.2,0,0,0,0,0,0,93.76
2008,10,8,8,30,16.6,0,0,0,0,0,0,94.72
2008,10,8,9,30,16.2,0,0,0,0,0,0,94.58
2008,10,8,10,30,15.8,0,0,0,0,0,0,94.58
2008,10,8,11,30,15.4,0,0,0,0,0,0,94.67
2008,10,8,12,30,15.600000000000001,0,0,0,0,0,0,91.15
2008,10,8,13,30,16.8,49,116,402,5,53,54,87.46000000000001
2008,10,8,14,30,18.8,81,349,680,64,166,191,81.8
2008,10,8,15,30,21.1,97,573,802,2,121,122,72.44
2008,10,8,16,30,23.200000000000003,107,754,863,177,314,447,63.6
2008,10,8,17,30,24.400000000000002,112,874,894,397,326,664,60
2008,10,8,18,30,25,119,922,898,4,255,259,58.660000000000004
2008,10,8,19,30,25.200000000000003,121,894,886,1,281,282,58.21
2008,10,8,20,30,25,120,793,852,0,207,207,59.300000000000004
2008,10,8,21,30,24.5,115,628,790,138,357,446,61.79
2008,10,8,22,30,23.6,105,413,666,0,117,117,66.05
2008,10,8,23,30,22.1,76,179,422,0,43,43,74.71000000000001
2008,10,9,0,30,20.700000000000003,0,0,0,0,0,0,85.22
2008,10,9,1,30,20,0,0,0,0,0,0,88.15
2008,10,9,2,30,19.700000000000003,0,0,0,0,0,0,89.72
2008,10,9,3,30,19.6,0,0,0,0,0,0,89.84
2008,10,9,4,30,19.400000000000002,0,0,0,0,0,0,89.67
2008,10,9,5,30,19,0,0,0,0,0,0,91.28
2008,10,9,6,30,18.400000000000002,0,0,0,0,0,0,93.74
2008,10,9,7,30,17.900000000000002,0,0,0,0,0,0,94.59
2008,10,9,8,30,17.3,0,0,0,0,0,0,95.14
2008,10,9,9,30,16.8,0,0,0,0,0,0,95.16
2008,10,9,10,30,16.3,0,0,0,0,0,0,95.5
2008,10,9,11,30,15.9,0,0,0,0,0,0,95.32000000000001
2008,10,9,12,30,16,0,0,0,0,0,0,92.47
2008,10,9,13,30,17.2,53,112,354,354,53,112,87.22
2008,10,9,14,30,19.3,92,341,634,634,92,341,80.46000000000001
2008,10,9,15,30,21.700000000000003,112,564,764,764,112,564,72.2
2008,10,9,16,30,23.700000000000003,125,743,828,828,125,743,63.96
2008,10,9,17,30,24.900000000000002,132,864,862,862,132,864,59.04
2008,10,9,18,30,25.400000000000002,140,911,865,865,140,911,56.85
2008,10,9,19,30,25.200000000000003,146,880,844,844,146,880,57.120000000000005
2008,10,9,20,30,24.700000000000003,145,780,808,808,145,780,58.97
2008,10,9,21,30,24.1,127,618,761,761,127,618,62.43
2008,10,9,22,30,23.400000000000002,110,407,647,458,187,397,67.71000000000001
2008,10,9,23,30,22.200000000000003,74,177,428,46,114,125,75.68
2008,10,10,0,30,21.1,0,0,0,0,0,0,84.59
2008,10,10,1,30,20.5,0,0,0,0,0,0,87.41
2008,10,10,2,30,20.1,0,0,0,0,0,0,89.28
2008,10,10,3,30,19.8,0,0,0,0,0,0,90.85000000000001
2008,10,10,4,30,19.6,0,0,0,0,0,0,91.89
2008,10,10,5,30,19.3,0,0,0,0,0,0,93.35000000000001
2008,10,10,6,30,18.900000000000002,0,0,0,0,0,0,94.95
2008,10,10,7,30,18.5,0,0,0,0,0,0,95.56
2008,10,10,8,30,18.1,0,0,0,0,0,0,96.18
2008,10,10,9,30,17.8,0,0,0,0,0,0,94.28
2008,10,10,10,30,17.6,0,0,0,0,0,0,93.4
2008,10,10,11,30,17.400000000000002,0,0,0,0,0,0,93.4
2008,10,10,12,30,17.3,0,0,0,0,0,0,93.55
2008,10,10,13,30,17.8,66,101,212,18,79,82,91.35000000000001
2008,10,10,14,30,19,130,320,487,6,154,157,85.95
2008,10,10,15,30,21,154,542,657,0,136,136,78.07000000000001
2008,10,10,16,30,23.200000000000003,162,725,755,256,406,597,67.4
2008,10,10,17,30,25,166,847,804,300,451,705,59.08
2008,10,10,18,30,26.1,146,906,855,632,253,814,55.370000000000005
2008,10,10,19,30,26.6,148,878,843,303,368,630,53.65
2008,10,10,20,30,26.6,145,777,808,306,339,578,53.06
2008,10,10,21,30,26,155,604,699,398,268,524,54.21
2008,10,10,22,30,25.200000000000003,131,395,579,336,200,354,57.88
2008,10,10,23,30,23.6,86,167,343,343,86,167,68.26
2008,10,11,0,30,21.700000000000003,0,0,0,0,0,0,79.05
2008,10,11,1,30,20.400000000000002,0,0,0,0,0,0,83.61
2008,10,11,2,30,19.5,0,0,0,0,0,0,87.25
2008,10,11,3,30,18.8,0,0,0,0,0,0,90.58
2008,10,11,4,30,18.400000000000002,0,0,0,0,0,0,92.67
2008,10,11,5,30,18,0,0,0,0,0,0,95.01
2008,10,11,6,30,17.7,0,0,0,0,0,0,96.63
2008,10,11,7,30,17.6,0,0,0,0,0,0,96.91
2008,10,11,8,30,17.6,0,0,0,0,0,0,95.81
2008,10,11,9,30,17.400000000000002,0,0,0,0,0,0,95.24
2008,10,11,10,30,17.2,0,0,0,0,0,0,94.29
2008,10,11,11,30,16.900000000000002,0,0,0,0,0,0,94.26
2008,10,11,12,30,17,0,0,0,0,0,0,92.22
2008,10,11,13,30,17.7,71,90,121,0,16,16,88.37
2008,10,11,14,30,18.6,163,303,360,0,12,12,84.48
2008,10,11,15,30,19.5,227,509,480,61,286,322,81.18
2008,10,11,16,30,20.5,265,681,559,1,258,259,78.3
2008,10,11,17,30,21.8,272,801,626,17,393,407,74.89
2008,10,11,18,30,23,276,850,649,80,437,508,71.81
2008,10,11,19,30,23.6,252,831,671,280,425,666,70.37
2008,10,11,20,30,23.5,225,738,659,209,370,533,70.97
2008,10,11,21,30,22.900000000000002,162,594,675,420,270,538,74.26
2008,10,11,22,30,22.200000000000003,133,387,563,205,222,315,79.34
2008,10,11,23,30,21.200000000000003,84,164,343,2,96,97,86.19
2008,10,12,0,30,20.200000000000003,0,0,0,0,0,0,91.54
2008,10,12,1,30,19.6,0,0,0,0,0,0,92.77
2008,10,12,2,30,19.200000000000003,0,0,0,0,0,0,93.86
2008,10,12,3,30,18.900000000000002,0,0,0,0,0,0,94.51
2008,10,12,4,30,18.5,0,0,0,0,0,0,95.66
2008,10,12,5,30,18.2,0,0,0,0,0,0,96.18
2008,10,12,6,30,17.900000000000002,0,0,0,0,0,0,96.10000000000001
2008,10,12,7,30,17.6,0,0,0,0,0,0,96.47
2008,10,12,8,30,17.400000000000002,0,0,0,0,0,0,96.26
2008,10,12,9,30,17.3,0,0,0,0,0,0,95.44
2008,10,12,10,30,17.2,0,0,0,0,0,0,94.91
2008,10,12,11,30,17.2,0,0,0,0,0,0,93.95
2008,10,12,12,30,17.5,0,0,0,0,0,0,91.60000000000001
2008,10,12,13,30,18.400000000000002,47,111,395,395,47,111,88.81
2008,10,12,14,30,19.900000000000002,76,343,688,58,207,229,86.44
2008,10,12,15,30,21.5,88,566,817,264,294,449,79.11
2008,10,12,16,30,23.3,93,748,885,259,383,575,68.89
2008,10,12,17,30,24.8,96,868,918,18,378,393,62.11
2008,10,12,18,30,25.5,116,909,899,231,471,675,59.36
2008,10,12,19,30,25.700000000000003,117,881,888,425,393,758,58.71
2008,10,12,20,30,25.400000000000002,114,780,858,303,393,628,59.88
2008,10,12,21,30,24.700000000000003,129,604,748,748,129,604,62.81
2008,10,12,22,30,23.900000000000002,110,394,632,632,110,394,67.24
2008,10,12,23,30,22.5,73,166,406,406,73,166,75.51
2008,10,13,0,30,21.1,0,0,0,0,0,0,85.18
2008,10,13,1,30,20.400000000000002,0,0,0,0,0,0,86.75
2008,10,13,2,30,20,0,0,0,0,0,0,88.46000000000001
2008,10,13,3,30,19.6,0,0,0,0,0,0,90.11
2008,10,13,4,30,19.3,0,0,0,0,0,0,91.21000000000001
2008,10,13,5,30,19.1,0,0,0,0,0,0,91.69
2008,10,13,6,30,18.8,0,0,0,0,0,0,93
2008,10,13,7,30,18.6,0,0,0,0,0,0,93.73
2008,10,13,8,30,18.5,0,0,0,0,0,0,94.56
2008,10,13,9,30,18.5,0,0,0,0,0,0,94.59
2008,10,13,10,30,18.5,0,0,0,0,0,0,94.43
2008,10,13,11,30,18.5,0,0,0,0,0,0,94.54
2008,10,13,12,30,18.5,0,0,0,0,0,0,94.31
2008,10,13,13,30,19.200000000000003,63,99,222,0,22,22,90.83
2008,10,13,14,30,20.700000000000003,109,327,566,0,108,108,82.99
2008,10,13,15,30,22.5,124,554,737,286,302,469,73.76
2008,10,13,16,30,24.400000000000002,128,739,829,829,128,739,65.41
2008,10,13,17,30,25.8,126,864,879,879,126,864,59.480000000000004
2008,10,13,18,30,26.700000000000003,141,908,872,872,141,908,55.75
2008,10,13,19,30,27.1,143,877,857,857,143,877,53.68
2008,10,13,20,30,27,143,772,816,816,143,772,53.47
2008,10,13,21,30,26.5,123,611,773,773,123,611,54.15
2008,10,13,22,30,25.5,106,397,652,170,243,318,57.36
2008,10,13,23,30,23.8,73,165,410,3,95,95,66.4
2008,10,14,0,30,21.8,0,0,0,0,0,0,80.32000000000001
2008,10,14,1,30,20.8,0,0,0,0,0,0,84.45
2008,10,14,2,30,20.200000000000003,0,0,0,0,0,0,87.43
2008,10,14,3,30,19.700000000000003,0,0,0,0,0,0,89.75
2008,10,14,4,30,19.400000000000002,0,0,0,0,0,0,91.56
2008,10,14,5,30,19.1,0,0,0,0,0,0,93.05
2008,10,14,6,30,18.8,0,0,0,0,0,0,93.28
2008,10,14,7,30,18.5,0,0,0,0,0,0,93.28
2008,10,14,8,30,18.2,0,0,0,0,0,0,93.06
2008,10,14,9,30,17.900000000000002,0,0,0,0,0,0,93.26
2008,10,14,10,30,17.3,0,0,0,0,0,0,94.76
2008,10,14,11,30,16.7,0,0,0,0,0,0,95.62
2008,10,14,12,30,16.400000000000002,0,0,0,0,0,0,94.13
2008,10,14,13,30,17.2,45,114,438,14,79,81,89.76
2008,10,14,14,30,18.900000000000002,72,353,730,114,212,255,83.5
2008,10,14,15,30,21.200000000000003,84,580,854,123,324,395,71.01
2008,10,14,16,30,23.400000000000002,91,763,914,144,403,509,58.58
2008,10,14,17,30,24.900000000000002,96,884,943,71,412,471,52.03
2008,10,14,18,30,25.8,99,932,951,400,424,775,48.4
2008,10,14,19,30,26.200000000000003,99,903,942,428,399,764,46.660000000000004
2008,10,14,20,30,26.1,95,801,918,918,95,801,46.47
2008,10,14,21,30,25.8,88,631,865,865,88,631,46.800000000000004
2008,10,14,22,30,25.1,76,415,766,766,76,415,48.410000000000004
2008,10,14,23,30,23.700000000000003,53,177,555,555,53,177,54.730000000000004
2008,10,15,0,30,21.900000000000002,0,0,0,0,0,0,66.35
2008,10,15,1,30,20.6,0,0,0,0,0,0,72.08
2008,10,15,2,30,19.5,0,0,0,0,0,0,77.86
2008,10,15,3,30,18.7,0,0,0,0,0,0,81.55
2008,10,15,4,30,18.1,0,0,0,0,0,0,84.98
2008,10,15,5,30,17.6,0,0,0,0,0,0,87.27
2008,10,15,6,30,17.1,0,0,0,0,0,0,88.74
2008,10,15,7,30,16.6,0,0,0,0,0,0,90.04
2008,10,15,8,30,15.8,0,0,0,0,0,0,92.57000000000001
2008,10,15,9,30,15.100000000000001,0,0,0,0,0,0,94.43
2008,10,15,10,30,14.600000000000001,0,0,0,0,0,0,95.25
2008,10,15,11,30,14.100000000000001,0,0,0,0,0,0,96.33
2008,10,15,12,30,14.200000000000001,0,0,0,0,0,0,93.9
2008,10,15,13,30,15.600000000000001,47,112,414,414,47,112,85.89
2008,10,15,14,30,18.3,77,347,709,709,77,347,74.7
2008,10,15,15,30,21.400000000000002,90,573,836,836,90,573,63.410000000000004
2008,10,15,16,30,23.8,98,757,899,899,98,757,54.24
2008,10,15,17,30,25.1,103,876,928,928,103,876,49.51
2008,10,15,18,30,25.8,106,924,937,937,106,924,46.7
2008,10,15,19,30,26.1,109,893,923,923,109,893,44.99
2008,10,15,20,30,26,104,791,897,897,104,791,44.31
2008,10,15,21,30,25.6,107,619,818,818,107,619,44.94
2008,10,15,22,30,25,93,402,706,706,93,402,46.25
2008,10,15,23,30,23.700000000000003,63,168,481,0,6,6,52.88
2008,10,16,0,30,21.900000000000002,0,0,0,0,0,0,62.53
2008,10,16,1,30,20.6,0,0,0,0,0,0,66.91
2008,10,16,2,30,19.8,0,0,0,0,0,0,69.77
2008,10,16,3,30,19.6,0,0,0,0,0,0,69.92
2008,10,16,4,30,19.200000000000003,0,0,0,0,0,0,71.35000000000001
2008,10,16,5,30,18.400000000000002,0,0,0,0,0,0,75.25
2008,10,16,6,30,17.400000000000002,0,0,0,0,0,0,80.96000000000001
2008,10,16,7,30,16.6,0,0,0,0,0,0,84.93
2008,10,16,8,30,15.8,0,0,0,0,0,0,88.22
2008,10,16,9,30,15.100000000000001,0,0,0,0,0,0,91.15
2008,10,16,10,30,14.5,0,0,0,0,0,0,93.73
2008,10,16,11,30,14,0,0,0,0,0,0,96.25
2008,10,16,12,30,14.3,0,0,0,0,0,0,94.02
2008,10,16,13,30,16,53,106,346,346,53,106,85.95
2008,10,16,14,30,18.8,93,336,639,639,93,336,75.06
2008,10,16,15,30,21.6,114,559,772,772,114,559,64.27
2008,10,16,16,30,23.900000000000002,129,739,835,835,129,739,55.71
2008,10,16,17,30,25.5,142,856,860,860,142,856,50.92
2008,10,16,18,30,26.5,151,900,860,860,151,900,48.31
2008,10,16,19,30,27,157,866,837,837,157,866,46.97
2008,10,16,20,30,27.1,158,762,792,792,158,762,46.45
2008,10,16,21,30,26.900000000000002,126,602,766,766,126,602,46.29
2008,10,16,22,30,26.400000000000002,109,388,642,642,109,388,47.160000000000004
2008,10,16,23,30,24.8,72,158,400,400,72,158,53.53
2008,10,17,0,30,23,0,0,0,0,0,0,67.31
2008,10,17,1,30,22.1,0,0,0,0,0,0,68.64
2008,10,17,2,30,21.3,0,0,0,0,0,0,71.01
2008,10,17,3,30,20.3,0,0,0,0,0,0,76.15
2008,10,17,4,30,19.3,0,0,0,0,0,0,83.22
2008,10,17,5,30,18.5,0,0,0,0,0,0,85.99
2008,10,17,6,30,17.7,0,0,0,0,0,0,88.64
2008,10,17,7,30,17.1,0,0,0,0,0,0,90.03
2008,10,17,8,30,16.5,0,0,0,0,0,0,91.15
2008,10,17,9,30,15.9,0,0,0,0,0,0,92.96000000000001
2008,10,17,10,30,15.600000000000001,0,0,0,0,0,0,93.41
2008,10,17,11,30,15.3,0,0,0,0,0,0,94.23
2008,10,17,12,30,15.4,0,0,0,0,0,0,92.26
2008,10,17,13,30,16.6,46,108,404,404,46,108,85.68
2008,10,17,14,30,18.8,76,340,698,698,76,340,76.81
2008,10,17,15,30,21.400000000000002,91,563,822,822,91,563,66.28
2008,10,17,16,30,23.6,101,744,884,884,101,744,58.6
2008,10,17,17,30,25.3,107,862,913,913,107,862,53.71
2008,10,17,18,30,26.400000000000002,107,909,924,924,107,909,50.95
2008,10,17,19,30,26.900000000000002,109,879,913,913,109,879,49.67
2008,10,17,20,30,27,106,775,882,882,106,775,49
2008,10,17,21,30,26.6,98,609,828,828,98,609,49.97
2008,10,17,22,30,25.700000000000003,83,394,720,720,83,394,53.32
2008,10,17,23,30,24.1,58,161,486,486,58,161,63
2008,10,18,0,30,22.400000000000002,0,0,0,0,0,0,75.68
2008,10,18,1,30,21.3,0,0,0,0,0,0,79.11
2008,10,18,2,30,20.5,0,0,0,0,0,0,81.4
2008,10,18,3,30,19.5,0,0,0,0,0,0,83.63
2008,10,18,4,30,18.6,0,0,0,0,0,0,85.06
2008,10,18,5,30,17.8,0,0,0,0,0,0,86.46000000000001
2008,10,18,6,30,17.1,0,0,0,0,0,0,87.79
2008,10,18,7,30,16.5,0,0,0,0,0,0,89.34
2008,10,18,8,30,16.1,0,0,0,0,0,0,90.34
2008,10,18,9,30,15.700000000000001,0,0,0,0,0,0,91.68
2008,10,18,10,30,15.3,0,0,0,0,0,0,92.78
2008,10,18,11,30,15,0,0,0,0,0,0,93.06
2008,10,18,12,30,15,0,0,0,0,0,0,91.62
2008,10,18,13,30,16.1,41,111,467,4,68,68,85.08
2008,10,18,14,30,18.2,68,346,741,741,68,346,75.8
2008,10,18,15,30,20.400000000000002,82,571,856,856,82,571,65.87
2008,10,18,16,30,22.400000000000002,90,753,914,914,90,753,57.26
2008,10,18,17,30,23.900000000000002,94,871,942,283,436,670,51.95
2008,10,18,18,30,24.900000000000002,93,920,957,611,257,785,49.08
2008,10,18,19,30,25.400000000000002,92,889,949,48,406,446,47.81
2008,10,18,20,30,25.5,90,787,923,153,343,459,47.42
2008,10,18,21,30,25.3,101,609,827,121,343,417,47.88
2008,10,18,22,30,24.5,89,392,708,497,159,372,50.22
2008,10,18,23,30,22.700000000000003,62,158,460,460,62,158,59.300000000000004
2008,10,19,0,30,20.700000000000003,0,0,0,0,0,0,72.31
2008,10,19,1,30,19.5,0,0,0,0,0,0,73.52
2008,10,19,2,30,18.6,0,0,0,0,0,0,75.65
2008,10,19,3,30,17.7,0,0,0,0,0,0,78.47
2008,10,19,4,30,16.7,0,0,0,0,0,0,81.43
2008,10,19,5,30,15.9,0,0,0,0,0,0,83.66
2008,10,19,6,30,15.100000000000001,0,0,0,0,0,0,86.36
2008,10,19,7,30,14.5,0,0,0,0,0,0,88.09
2008,10,19,8,30,14,0,0,0,0,0,0,89.54
2008,10,19,9,30,13.5,0,0,0,0,0,0,91.08
2008,10,19,10,30,13.3,0,0,0,0,0,0,91.02
2008,10,19,11,30,13.100000000000001,0,0,0,0,0,0,91.15
2008,10,19,12,30,13.200000000000001,0,0,0,0,0,0,89.62
2008,10,19,13,30,14.4,42,109,444,444,42,109,82.74
2008,10,19,14,30,16.7,70,344,731,731,70,344,71.71000000000001
2008,10,19,15,30,19.200000000000003,84,568,848,848,84,568,61.71
2008,10,19,16,30,21.6,92,747,907,907,92,747,53.88
2008,10,19,17,30,23.5,98,865,933,377,401,711,49.01
2008,10,19,18,30,24.8,100,910,942,942,100,910,46.51
2008,10,19,19,30,25.3,104,877,924,458,375,759,46.08
2008,10,19,20,30,25.1,110,770,879,879,110,770,47.300000000000004
2008,10,19,21,30,24.6,105,601,811,811,105,601,49.36
2008,10,19,22,30,23.8,92,385,691,691,92,385,52.85
2008,10,19,23,30,22.5,60,155,458,458,60,155,60.96
2008,10,20,0,30,21.200000000000003,0,0,0,0,0,0,70.76
2008,10,20,1,30,20.200000000000003,0,0,0,0,0,0,71.31
2008,10,20,2,30,19.200000000000003,0,0,0,0,0,0,74.05
2008,10,20,3,30,18.2,0,0,0,0,0,0,77.14
2008,10,20,4,30,17.2,0,0,0,0,0,0,81.2
2008,10,20,5,30,16.3,0,0,0,0,0,0,83.44
2008,10,20,6,30,15.5,0,0,0,0,0,0,85.55
2008,10,20,7,30,14.8,0,0,0,0,0,0,87.38
2008,10,20,8,30,14.200000000000001,0,0,0,0,0,0,89.28
2008,10,20,9,30,13.700000000000001,0,0,0,0,0,0,91.03
2008,10,20,10,30,13.3,0,0,0,0,0,0,92.17
2008,10,20,11,30,12.9,0,0,0,0,0,0,93.24
2008,10,20,12,30,13,0,0,0,0,0,0,91.10000000000001
2008,10,20,13,30,14.100000000000001,47,105,391,391,47,105,82.96000000000001
2008,10,20,14,30,16.5,78,339,701,701,78,339,70.47
2008,10,20,15,30,19.400000000000002,90,567,839,839,90,567,60.34
2008,10,20,16,30,22.200000000000003,96,749,908,908,96,749,53.01
2008,10,20,17,30,24.200000000000003,99,868,939,939,99,868,48.69
2008,10,20,18,30,25.700000000000003,99,914,950,950,99,914,45.550000000000004
2008,10,20,19,30,26.700000000000003,99,885,942,942,99,885,43.49
2008,10,20,20,30,27,98,778,909,909,98,778,42.93
2008,10,20,21,30,26.8,94,608,845,845,94,608,43.28
2008,10,20,22,30,25.900000000000002,83,390,728,728,83,390,45.63
2008,10,20,23,30,24.400000000000002,57,154,478,478,57,154,52.94
2008,10,21,0,30,22.8,0,0,0,0,0,0,63.77
2008,10,21,1,30,21.6,0,0,0,0,0,0,67.47
2008,10,21,2,30,20.6,0,0,0,0,0,0,71.94
2008,10,21,3,30,19.700000000000003,0,0,0,0,0,0,75.94
2008,10,21,4,30,18.900000000000002,0,0,0,0,0,0,80.19
2008,10,21,5,30,18.1,0,0,0,0,0,0,83.68
2008,10,21,6,30,17.400000000000002,0,0,0,0,0,0,84.88
2008,10,21,7,30,16.6,0,0,0,0,0,0,85.52
2008,10,21,8,30,15.8,0,0,0,0,0,0,87.15
2008,10,21,9,30,15.100000000000001,0,0,0,0,0,0,88.76
2008,10,21,10,30,14.5,0,0,0,0,0,0,90.35000000000001
2008,10,21,11,30,14.100000000000001,0,0,0,0,0,0,90.75
2008,10,21,12,30,14,0,0,0,0,0,0,89.36
2008,10,21,13,30,15,55,96,280,280,55,96,82.39
2008,10,21,14,30,17.1,103,320,587,587,103,320,71.78
2008,10,21,15,30,20.1,123,544,745,745,123,544,61.92
2008,10,21,16,30,22.900000000000002,131,726,830,830,131,726,54.83
2008,10,21,17,30,24.6,134,849,876,876,134,849,49.13
2008,10,21,18,30,25.400000000000002,100,911,949,949,100,911,45.72
2008,10,21,19,30,25.8,103,880,936,936,103,880,43.43
2008,10,21,20,30,25.700000000000003,102,775,904,904,102,775,42.74
2008,10,21,21,30,25.3,98,605,840,840,98,605,43.24
2008,10,21,22,30,24.6,84,389,729,482,154,355,45.64
2008,10,21,23,30,22.8,55,155,499,1,75,75,53.63
2008,10,22,0,30,20.6,0,0,0,0,0,0,70.92
2008,10,22,1,30,19.5,0,0,0,0,0,0,73.58
2008,10,22,2,30,18.900000000000002,0,0,0,0,0,0,76.36
2008,10,22,3,30,18.7,0,0,0,0,0,0,77.04
2008,10,22,4,30,18.7,0,0,0,0,0,0,76.04
2008,10,22,5,30,18.2,0,0,0,0,0,0,77.71000000000001
2008,10,22,6,30,17.5,0,0,0,0,0,0,80.97
2008,10,22,7,30,16.900000000000002,0,0,0,0,0,0,82.8
2008,10,22,8,30,16.3,0,0,0,0,0,0,84.3
2008,10,22,9,30,15.700000000000001,0,0,0,0,0,0,85.33
2008,10,22,10,30,15.100000000000001,0,0,0,0,0,0,86.29
2008,10,22,11,30,14.5,0,0,0,0,0,0,87.38
2008,10,22,12,30,14.200000000000001,0,0,0,0,0,0,87.03
2008,10,22,13,30,14.5,52,96,298,298,52,96,84.22
2008,10,22,14,30,15.700000000000001,98,321,605,0,57,57,77.78
2008,10,22,15,30,17.8,119,543,753,242,305,441,69.88
2008,10,22,16,30,20.6,128,727,838,524,247,621,58.65
2008,10,22,17,30,23,129,850,888,654,227,759,47.24
2008,10,22,18,30,24.3,117,905,925,629,231,766,41.050000000000004
2008,10,22,19,30,24.700000000000003,115,876,921,450,388,760,39.160000000000004
2008,10,22,20,30,24.8,107,776,902,902,107,776,37.910000000000004
2008,10,22,21,30,24.5,100,607,843,178,279,386,37.89
2008,10,22,22,30,23.700000000000003,82,391,744,5,111,113,40.17
2008,10,22,23,30,22.5,53,156,521,9,73,74,46.2
2008,10,23,0,30,21.200000000000003,0,0,0,0,0,0,49.84
2008,10,23,1,30,20.1,0,0,0,0,0,0,52.83
2008,10,23,2,30,19.3,0,0,0,0,0,0,57.06
2008,10,23,3,30,18.5,0,0,0,0,0,0,62.28
2008,10,23,4,30,18.1,0,0,0,0,0,0,64.99
2008,10,23,5,30,17.900000000000002,0,0,0,0,0,0,65.55
2008,10,23,6,30,17.5,0,0,0,0,0,0,66.13
2008,10,23,7,30,16.6,0,0,0,0,0,0,70.26
2008,10,23,8,30,15.9,0,0,0,0,0,0,73.12
2008,10,23,9,30,15.4,0,0,0,0,0,0,74.2
2008,10,23,10,30,14.8,0,0,0,0,0,0,76.26
2008,10,23,11,30,14,0,0,0,0,0,0,80.38
2008,10,23,12,30,13.600000000000001,0,0,0,0,0,0,82.44
2008,10,23,13,30,14.200000000000001,40,105,455,455,40,105,81.10000000000001
2008,10,23,14,30,15.5,68,341,745,745,68,341,79.26
2008,10,23,15,30,17.400000000000002,84,567,862,862,84,567,71.46000000000001
2008,10,23,16,30,20,93,749,922,363,358,616,56.910000000000004
2008,10,23,17,30,22.1,100,865,945,397,400,722,44.51
2008,10,23,18,30,23.200000000000003,107,908,945,679,200,776,40.96
2008,10,23,19,30,23.6,107,875,932,677,212,769,40.78
2008,10,23,20,30,23.6,105,769,900,604,199,645,41.69
2008,10,23,21,30,23.5,100,596,830,385,232,462,42.9
2008,10,23,22,30,22.900000000000002,86,379,711,433,156,335,46.28
2008,10,23,23,30,21.8,56,145,463,96,97,115,58.51
2008,10,24,0,30,20.700000000000003,0,0,0,0,0,0,59.42
2008,10,24,1,30,19.900000000000002,0,0,0,0,0,0,62.13
2008,10,24,2,30,19.200000000000003,0,0,0,0,0,0,66.52
2008,10,24,3,30,18.5,0,0,0,0,0,0,71.57000000000001
2008,10,24,4,30,17.8,0,0,0,0,0,0,76.58
2008,10,24,5,30,17.3,0,0,0,0,0,0,80.75
2008,10,24,6,30,17,0,0,0,0,0,0,83.57000000000001
2008,10,24,7,30,16.8,0,0,0,0,0,0,85.29
2008,10,24,8,30,16.7,0,0,0,0,0,0,85.67
2008,10,24,9,30,16.5,0,0,0,0,0,0,85.79
2008,10,24,10,30,16.1,0,0,0,0,0,0,86.96000000000001
2008,10,24,11,30,15.600000000000001,0,0,0,0,0,0,88.56
2008,10,24,12,30,15.3,0,0,0,0,0,0,88.58
2008,10,24,13,30,16,53,91,269,0,22,23,84.4
2008,10,24,14,30,17.7,100,312,583,0,41,41,76.43
2008,10,24,15,30,19.5,124,530,728,10,183,188,67.83
2008,10,24,16,30,20.900000000000002,138,707,803,31,293,315,62.72
2008,10,24,17,30,21.8,145,825,843,8,251,258,59.2
2008,10,24,18,30,22.200000000000003,248,831,690,10,308,317,57.660000000000004
2008,10,24,19,30,22.200000000000003,244,802,680,11,302,311,57.5
2008,10,24,20,30,21.8,228,702,644,2,154,155,58.84
2008,10,24,21,30,21.3,202,540,567,1,126,126,60.77
2008,10,24,22,30,20.5,161,335,425,0,30,30,64.41
2008,10,24,23,30,19.400000000000002,84,120,185,0,33,33,72.19
2008,10,25,0,30,18.5,0,0,0,0,0,0,78.05
2008,10,25,1,30,18.1,0,0,0,0,0,0,79.10000000000001
2008,10,25,2,30,17.8,0,0,0,0,0,0,80.15
2008,10,25,3,30,17.400000000000002,0,0,0,0,0,0,82.55
2008,10,25,4,30,16.900000000000002,0,0,0,0,0,0,85.58
2008,10,25,5,30,16.5,0,0,0,0,0,0,88.28
2008,10,25,6,30,16.2,0,0,0,0,0,0,90.05
2008,10,25,7,30,15.9,0,0,0,0,0,0,91.46000000000001
2008,10,25,8,30,15.700000000000001,0,0,0,0,0,0,92.03
2008,10,25,9,30,15.5,0,0,0,0,0,0,92.28
2008,10,25,10,30,15.3,0,0,0,0,0,0,92.16
2008,10,25,11,30,15,0,0,0,0,0,0,92.18
2008,10,25,12,30,14.9,0,0,0,0,0,0,90.67
2008,10,25,13,30,15.3,53,88,254,3,47,47,87.28
2008,10,25,14,30,16.3,97,309,586,0,18,18,82.18
2008,10,25,15,30,17.6,115,528,745,4,215,217,74.16
2008,10,25,16,30,19.200000000000003,122,708,830,251,380,557,66.36
2008,10,25,17,30,20.8,122,827,877,243,436,632,60.18
2008,10,25,18,30,21.900000000000002,100,885,933,40,350,384,56.07
2008,10,25,19,30,22.3,95,857,932,261,343,556,54.230000000000004
2008,10,25,20,30,22.200000000000003,90,755,908,320,294,528,54.17
2008,10,25,21,30,21.700000000000003,108,576,791,399,226,461,55.730000000000004
2008,10,25,22,30,20.8,89,365,680,445,159,340,59.88
2008,10,25,23,30,19.200000000000003,56,139,443,207,94,133,72.02
2008,10,26,0,30,17.8,0,0,0,0,0,0,80.8
2008,10,26,1,30,17.1,0,0,0,0,0,0,81.98
2008,10,26,2,30,16.6,0,0,0,0,0,0,83.88
2008,10,26,3,30,16.2,0,0,0,0,0,0,85.15
2008,10,26,4,30,15.700000000000001,0,0,0,0,0,0,86.86
2008,10,26,5,30,15.3,0,0,0,0,0,0,87.72
2008,10,26,6,30,14.700000000000001,0,0,0,0,0,0,89.12
2008,10,26,7,30,14.100000000000001,0,0,0,0,0,0,89.87
2008,10,26,8,30,13.5,0,0,0,0,0,0,90.39
2008,10,26,9,30,13,0,0,0,0,0,0,90.54
2008,10,26,10,30,12.700000000000001,0,0,0,0,0,0,90.36
2008,10,26,11,30,12.4,0,0,0,0,0,0,90.71000000000001
2008,10,26,12,30,12.4,0,0,0,0,0,0,89.7
2008,10,26,13,30,13.700000000000001,39,101,451,451,39,101,82.59
2008,10,26,14,30,16.1,67,335,745,21,181,188,71.37
2008,10,26,15,30,19,80,560,869,869,80,560,56.84
2008,10,26,16,30,21.8,86,742,933,933,86,742,40.53
2008,10,26,17,30,23.8,90,861,963,963,90,861,30.75
2008,10,26,18,30,25.1,92,908,973,973,92,908,28.080000000000002
2008,10,26,19,30,25.900000000000002,93,877,964,964,93,877,27.64
2008,10,26,20,30,26.1,91,770,932,932,91,770,28.79
2008,10,26,21,30,26,84,600,878,878,84,600,30.19
2008,10,26,22,30,25.3,71,383,773,773,71,383,33.13
2008,10,26,23,30,23.6,46,147,540,1,58,58,43.71
2008,10,27,0,30,21.8,0,0,0,0,0,0,50.7
2008,10,27,1,30,20.6,0,0,0,0,0,0,49.38
2008,10,27,2,30,19.700000000000003,0,0,0,0,0,0,50.63
2008,10,27,3,30,18.1,0,0,0,0,0,0,54.77
2008,10,27,4,30,16.3,0,0,0,0,0,0,62.53
2008,10,27,5,30,14.8,0,0,0,0,0,0,69.58
2008,10,27,6,30,13.700000000000001,0,0,0,0,0,0,75.29
2008,10,27,7,30,12.9,0,0,0,0,0,0,79.85000000000001
2008,10,27,8,30,12.3,0,0,0,0,0,0,83.36
2008,10,27,9,30,12,0,0,0,0,0,0,85.32000000000001
2008,10,27,10,30,11.9,0,0,0,0,0,0,86.27
2008,10,27,11,30,11.9,0,0,0,0,0,0,85.9
2008,10,27,12,30,12.200000000000001,0,0,0,0,0,0,83.37
2008,10,27,13,30,13.600000000000001,41,98,416,14,69,71,75.98
2008,10,27,14,30,15.700000000000001,76,327,701,701,76,327,67.22
2008,10,27,15,30,17.8,98,547,816,501,247,523,59.25
2008,10,27,16,30,19.5,114,723,869,278,379,573,50.9
2008,10,27,17,30,20.400000000000002,126,837,892,235,447,634,46.910000000000004
2008,10,27,18,30,20.900000000000002,125,882,907,250,464,672,46.1
2008,10,27,19,30,21,123,850,898,572,264,728,47.99
2008,10,27,20,30,20.700000000000003,115,746,871,132,404,500,51.07
2008,10,27,21,30,20.3,105,579,810,39,274,297,53.89
2008,10,27,22,30,19.5,90,365,688,0,115,115,58.82
2008,10,27,23,30,18.3,57,135,423,42,98,106,65.73
2008,10,28,0,30,17.3,0,0,0,0,0,0,69.60000000000001
2008,10,28,1,30,16.900000000000002,0,0,0,0,0,0,70.86
2008,10,28,2,30,16.5,0,0,0,0,0,0,72.61
2008,10,28,3,30,16,0,0,0,0,0,0,75.05
2008,10,28,4,30,15.3,0,0,0,0,0,0,77.33
2008,10,28,5,30,14.4,0,0,0,0,0,0,78.35000000000001
2008,10,28,6,30,13.600000000000001,0,0,0,0,0,0,77.13
2008,10,28,7,30,12.9,0,0,0,0,0,0,75.24
2008,10,28,8,30,12.5,0,0,0,0,0,0,73.02
2008,10,28,9,30,12.200000000000001,0,0,0,0,0,0,71.43
2008,10,28,10,30,12,0,0,0,0,0,0,70.92
2008,10,28,11,30,11.9,0,0,0,0,0,0,71.53
2008,10,28,12,30,12,0,0,0,0,0,0,72.15
2008,10,28,13,30,12.600000000000001,42,93,385,0,22,22,71.35000000000001
2008,10,28,14,30,13.9,75,319,688,0,14,14,68.61
2008,10,28,15,30,15.600000000000001,93,540,817,2,199,200,64.69
2008,10,28,16,30,17.5,103,716,878,2,262,263,59.77
2008,10,28,17,30,19.200000000000003,111,832,908,471,293,667,55.44
2008,10,28,18,30,20.6,117,876,913,189,462,620,51.58
2008,10,28,19,30,21.5,117,843,900,515,282,698,49.39
2008,10,28,20,30,21.8,114,740,867,531,253,637,49.04
2008,10,28,21,30,21.5,105,573,804,291,252,421,50.21
2008,10,28,22,30,20.5,88,362,689,205,181,262,53.75
2008,10,28,23,30,18.6,55,134,437,143,91,117,63.7
2008,10,29,0,30,16.7,0,0,0,0,0,0,71.55
2008,10,29,1,30,15.600000000000001,0,0,0,0,0,0,72.3
2008,10,29,2,30,14.600000000000001,0,0,0,0,0,0,72.78
2008,10,29,3,30,13.700000000000001,0,0,0,0,0,0,73.27
2008,10,29,4,30,12.8,0,0,0,0,0,0,75.49
2008,10,29,5,30,12,0,0,0,0,0,0,78.02
2008,10,29,6,30,11.4,0,0,0,0,0,0,79.92
2008,10,29,7,30,11,0,0,0,0,0,0,81.32000000000001
2008,10,29,8,30,10.8,0,0,0,0,0,0,81.61
2008,10,29,9,30,10.600000000000001,0,0,0,0,0,0,81.95
2008,10,29,10,30,10.5,0,0,0,0,0,0,81.77
2008,10,29,11,30,10.4,0,0,0,0,0,0,81.42
2008,10,29,12,30,10.4,0,0,0,0,0,0,80.72
2008,10,29,13,30,11.200000000000001,43,90,352,5,51,52,75.91
2008,10,29,14,30,12.8,80,315,667,173,172,233,67.48
2008,10,29,15,30,15,97,536,805,228,255,380,59.53
2008,10,29,16,30,17.5,107,714,874,452,257,571,52.44
2008,10,29,17,30,19.700000000000003,114,830,905,337,345,611,47.75
2008,10,29,18,30,21.400000000000002,119,874,910,582,237,719,44.660000000000004
2008,10,29,19,30,22.5,120,840,896,270,373,590,43.06
2008,10,29,20,30,22.900000000000002,119,736,858,301,325,541,43.660000000000004
2008,10,29,21,30,22.6,109,568,793,147,270,355,45.42
2008,10,29,22,30,21.8,91,356,673,31,166,179,49.57
2008,10,29,23,30,20.200000000000003,56,130,418,145,93,119,62.82
2008,10,30,0,30,18.8,0,0,0,0,0,0,67.35
2008,10,30,1,30,17.900000000000002,0,0,0,0,0,0,67.05
2008,10,30,2,30,17.3,0,0,0,0,0,0,67.89
2008,10,30,3,30,16.5,0,0,0,0,0,0,69.16
2008,10,30,4,30,15.5,0,0,0,0,0,0,72.95
2008,10,30,5,30,14.600000000000001,0,0,0,0,0,0,75.31
2008,10,30,6,30,13.8,0,0,0,0,0,0,76.63
2008,10,30,7,30,13,0,0,0,0,0,0,78.88
2008,10,30,8,30,12.3,0,0,0,0,0,0,81.72
2008,10,30,9,30,11.8,0,0,0,0,0,0,84.12
2008,10,30,10,30,11.4,0,0,0,0,0,0,86
2008,10,30,11,30,11.100000000000001,0,0,0,0,0,0,87.18
2008,10,30,12,30,11.100000000000001,0,0,0,0,0,0,86.51
2008,10,30,13,30,12.3,48,85,290,290,48,85,79.79
2008,10,30,14,30,14.9,92,307,614,614,92,307,68.32000000000001
2008,10,30,15,30,18.1,111,528,768,768,111,528,58.06
2008,10,30,16,30,21,119,710,854,240,384,550,49.550000000000004
2008,10,30,17,30,23.200000000000003,122,829,897,226,443,621,41.77
2008,10,30,18,30,24.6,114,879,927,927,114,879,38.06
2008,10,30,19,30,25.5,113,846,915,125,429,529,35.99
2008,10,30,20,30,25.8,109,743,885,108,389,466,35.410000000000004
2008,10,30,21,30,25.6,103,574,817,557,199,521,36
2008,10,30,22,30,24.8,87,359,695,134,219,271,37.64
2008,10,30,23,30,22.900000000000002,55,130,432,134,91,115,47.68
2008,10,31,0,30,21,0,0,0,0,0,0,58.63
2008,10,31,1,30,19.700000000000003,0,0,0,0,0,0,59.58
2008,10,31,2,30,18.2,0,0,0,0,0,0,66.17
2008,10,31,3,30,17.1,0,0,0,0,0,0,70.5
2008,10,31,4,30,16.2,0,0,0,0,0,0,71.51
2008,10,31,5,30,15.3,0,0,0,0,0,0,73.55
2008,10,31,6,30,14.5,0,0,0,0,0,0,77.66
2008,10,31,7,30,14,0,0,0,0,0,0,80.39
2008,10,31,8,30,13.5,0,0,0,0,0,0,82.89
2008,10,31,9,30,13.100000000000001,0,0,0,0,0,0,84.98
2008,10,31,10,30,12.8,0,0,0,0,0,0,86.41
2008,10,31,11,30,12.5,0,0,0,0,0,0,87.67
2008,10,31,12,30,12.4,0,0,0,0,0,0,87.56
2008,10,31,13,30,13.600000000000001,44,85,317,317,44,85,80.69
2008,10,31,14,30,15.9,83,307,646,646,83,307,69.95
2008,10,31,15,30,18.8,99,529,796,527,198,482,59.38
2008,10,31,16,30,21.5,107,710,875,875,107,710,51.96
2008,10,31,17,30,23.6,109,828,916,916,109,828,46.32
2008,10,31,18,30,25.1,108,877,935,935,108,877,42.61
2008,10,31,19,30,26,105,848,931,931,105,848,39.63
2008,10,31,20,30,26.400000000000002,99,746,909,909,99,746,37.36
2008,10,31,21,30,26.3,92,580,851,851,92,580,36.24
2008,10,31,22,30,25.3,75,366,746,746,75,366,36.89
2008,10,31,23,30,22.6,47,134,505,505,47,134,48.99
2008,11,1,0,30,19.8,0,0,0,0,0,0,60.6
2008,11,1,1,30,18.400000000000002,0,0,0,0,0,0,59.34
2008,11,1,2,30,17,0,0,0,0,0,0,62.870000000000005
2008,11,1,3,30,15.600000000000001,0,0,0,0,0,0,67.43
2008,11,1,4,30,14.4,0,0,0,0,0,0,72.58
2008,11,1,5,30,13.5,0,0,0,0,0,0,77.18
2008,11,1,6,30,12.700000000000001,0,0,0,0,0,0,82.08
2008,11,1,7,30,12.200000000000001,0,0,0,0,0,0,85.53
2008,11,1,8,30,11.8,0,0,0,0,0,0,88.37
2008,11,1,9,30,11.4,0,0,0,0,0,0,91.41
2008,11,1,10,30,11.200000000000001,0,0,0,0,0,0,93.11
2008,11,1,11,30,11.100000000000001,0,0,0,0,0,0,93.9
2008,11,1,12,30,11.3,0,0,0,0,0,0,92.26
2008,11,1,13,30,12.700000000000001,49,81,249,249,49,81,84.36
2008,11,1,14,30,15.4,96,303,600,600,96,303,71.9
2008,11,1,15,30,18.400000000000002,111,528,777,777,111,528,60.82
2008,11,1,16,30,21.1,118,712,866,866,118,712,53.33
2008,11,1,17,30,23.1,117,833,914,914,117,833,48.59
2008,11,1,18,30,24.6,96,888,967,967,96,888,44.46
2008,11,1,19,30,25.400000000000002,95,861,964,964,95,861,41.59
2008,11,1,20,30,25.700000000000003,91,756,938,938,91,756,39.65
2008,11,1,21,30,25.6,85,586,877,877,85,586,38.81
2008,11,1,22,30,24.700000000000003,72,367,763,763,72,367,40.32
2008,11,1,23,30,22.400000000000002,47,134,509,509,47,134,50.28
2008,11,2,0,30,20,0,0,0,0,0,0,62.7
2008,11,2,1,30,18.5,0,0,0,0,0,0,62.910000000000004
2008,11,2,2,30,17.7,0,0,0,0,0,0,64.45
2008,11,2,3,30,17,0,0,0,0,0,0,67.03
2008,11,2,4,30,15.9,0,0,0,0,0,0,71.82000000000001
2008,11,2,5,30,14.600000000000001,0,0,0,0,0,0,77.66
2008,11,2,6,30,13.5,0,0,0,0,0,0,82.48
2008,11,2,7,30,12.600000000000001,0,0,0,0,0,0,86.98
2008,11,2,8,30,11.8,0,0,0,0,0,0,91.15
2008,11,2,9,30,11.3,0,0,0,0,0,0,94.13
2008,11,2,10,30,11,0,0,0,0,0,0,96.02
2008,11,2,11,30,10.9,0,0,0,0,0,0,96.3
2008,11,2,12,30,11,0,0,0,0,0,0,94.77
2008,11,2,13,30,12.4,40,87,385,385,40,87,85.81
2008,11,2,14,30,15.100000000000001,70,317,719,719,70,317,72.75
2008,11,2,15,30,18.3,82,541,860,860,82,541,60.660000000000004
2008,11,2,16,30,21.200000000000003,86,725,935,935,86,725,51.58
2008,11,2,17,30,23.3,87,844,972,972,87,844,44.32
2008,11,2,18,30,24.6,86,891,986,986,86,891,39.99
2008,11,2,19,30,25.3,85,861,981,981,85,861,38.17
2008,11,2,20,30,25.5,81,756,956,956,81,756,37.45
2008,11,2,21,30,25.200000000000003,74,588,906,906,74,588,37.29
2008,11,2,22,30,24.3,61,371,806,806,61,371,38.89
2008,11,2,23,30,22.400000000000002,40,136,568,568,40,136,45.52
2008,11,3,0,30,20.400000000000002,0,0,0,0,0,0,55.32
2008,11,3,1,30,19.200000000000003,0,0,0,0,0,0,55.99
2008,11,3,2,30,18.5,0,0,0,0,0,0,57.84
2008,11,3,3,30,17.900000000000002,0,0,0,0,0,0,59.07
2008,11,3,4,30,16.8,0,0,0,0,0,0,62.45
2008,11,3,5,30,15.100000000000001,0,0,0,0,0,0,70.21000000000001
2008,11,3,6,30,13.600000000000001,0,0,0,0,0,0,77.86
2008,11,3,7,30,12.5,0,0,0,0,0,0,83.89
2008,11,3,8,30,11.600000000000001,0,0,0,0,0,0,89.08
2008,11,3,9,30,10.9,0,0,0,0,0,0,93.47
2008,11,3,10,30,10.5,0,0,0,0,0,0,95.89
2008,11,3,11,30,10.3,0,0,0,0,0,0,97.12
2008,11,3,12,30,10.5,0,0,0,0,0,0,95.35000000000001
2008,11,3,13,30,12,42,84,346,346,42,84,86.4
2008,11,3,14,30,15,77,312,692,692,77,312,72.35000000000001
2008,11,3,15,30,18.400000000000002,89,540,847,847,89,540,59.65
2008,11,3,16,30,21.5,94,722,923,923,94,722,48.34
2008,11,3,17,30,23.700000000000003,98,842,959,959,98,842,39.94
2008,11,3,18,30,24.900000000000002,99,885,967,458,385,758,35.81
2008,11,3,19,30,25.5,98,854,959,959,98,854,33.660000000000004
2008,11,3,20,30,25.700000000000003,94,750,932,932,94,750,32.64
2008,11,3,21,30,25.400000000000002,87,581,873,873,87,581,32.59
2008,11,3,22,30,24.6,73,364,763,763,73,364,33.88
2008,11,3,23,30,22.5,46,130,508,508,46,130,40.94
2008,11,4,0,30,20.200000000000003,0,0,0,0,0,0,54.35
2008,11,4,1,30,18.900000000000002,0,0,0,0,0,0,56.04
2008,11,4,2,30,17.900000000000002,0,0,0,0,0,0,59.79
2008,11,4,3,30,16.7,0,0,0,0,0,0,65.76
2008,11,4,4,30,15.9,0,0,0,0,0,0,71.79
2008,11,4,5,30,15.600000000000001,0,0,0,0,0,0,76.32000000000001
2008,11,4,6,30,15.3,0,0,0,0,0,0,80.42
2008,11,4,7,30,15,0,0,0,0,0,0,83.74
2008,11,4,8,30,14.700000000000001,0,0,0,0,0,0,86.41
2008,11,4,9,30,14.3,0,0,0,0,0,0,88.81
2008,11,4,10,30,13.8,0,0,0,0,0,0,91.17
2008,11,4,11,30,13.200000000000001,0,0,0,0,0,0,93.3
2008,11,4,12,30,12.8,0,0,0,0,0,0,93.73
2008,11,4,13,30,14.100000000000001,41,81,329,329,41,81,84.91
2008,11,4,14,30,17.400000000000002,80,306,669,669,80,306,70.03
2008,11,4,15,30,20.900000000000002,95,529,821,821,95,529,55.94
2008,11,4,16,30,23.5,105,708,891,891,105,708,45.21
2008,11,4,17,30,25.1,112,823,920,367,400,683,39.27
2008,11,4,18,30,25.900000000000002,96,877,965,430,392,740,36.84
2008,11,4,19,30,26.3,98,845,951,951,98,845,36.79
2008,11,4,20,30,26.1,97,738,915,915,97,738,37.53
2008,11,4,21,30,25.6,88,570,858,858,88,570,38.95
2008,11,4,22,30,24.5,77,352,726,726,77,352,42.2
2008,11,4,23,30,22.400000000000002,50,123,443,443,50,123,49.79
2008,11,5,0,30,20.1,0,0,0,0,0,0,65.92
2008,11,5,1,30,18.7,0,0,0,0,0,0,70.09
2008,11,5,2,30,17.6,0,0,0,0,0,0,75.5
2008,11,5,3,30,16.8,0,0,0,0,0,0,80.58
2008,11,5,4,30,16,0,0,0,0,0,0,85.99
2008,11,5,5,30,15.4,0,0,0,0,0,0,90.27
2008,11,5,6,30,14.8,0,0,0,0,0,0,94.69
2008,11,5,7,30,14.4,0,0,0,0,0,0,97.62
2008,11,5,8,30,14.200000000000001,0,0,0,0,0,0,98.74000000000001
2008,11,5,9,30,14,0,0,0,0,0,0,99.71000000000001
2008,11,5,10,30,14,0,0,0,0,0,0,99.33
2008,11,5,11,30,13.9,0,0,0,0,0,0,99.59
2008,11,5,12,30,14,0,0,0,0,0,0,98.25
2008,11,5,13,30,15.4,39,79,340,340,39,79,89.33
2008,11,5,14,30,18.1,75,302,676,11,158,161,76.98
2008,11,5,15,30,21.200000000000003,87,523,829,291,270,423,62.22
2008,11,5,16,30,23.6,95,704,903,288,359,553,50.79
2008,11,5,17,30,25.1,102,821,935,935,102,821,44.54
2008,11,5,18,30,26,122,859,913,913,122,859,41.67
2008,11,5,19,30,26.400000000000002,121,828,904,904,121,828,40.57
2008,11,5,20,30,26.400000000000002,115,725,875,875,115,725,40.45
2008,11,5,21,30,25.900000000000002,120,551,769,769,120,551,41.34
2008,11,5,22,30,24.8,101,337,627,627,101,337,44.18
2008,11,5,23,30,22.700000000000003,59,115,344,5,80,80,53.4
2008,11,6,0,30,20.400000000000002,0,0,0,0,0,0,68.73
2008,11,6,1,30,19,0,0,0,0,0,0,72.28
2008,11,6,2,30,17.900000000000002,0,0,0,0,0,0,78.43
2008,11,6,3,30,17,0,0,0,0,0,0,84.4
2008,11,6,4,30,16.3,0,0,0,0,0,0,89.5
2008,11,6,5,30,15.700000000000001,0,0,0,0,0,0,94.02
2008,11,6,6,30,15.100000000000001,0,0,0,0,0,0,98.15
2008,11,6,7,30,14.700000000000001,0,0,0,0,0,0,100
2008,11,6,8,30,14.5,0,0,0,0,0,0,100
2008,11,6,9,30,14.3,0,0,0,0,0,0,100
2008,11,6,10,30,14.100000000000001,0,0,0,0,0,0,100
2008,11,6,11,30,13.9,0,0,0,0,0,0,100
2008,11,6,12,30,14,0,0,0,0,0,0,98.04
2008,11,6,13,30,15.200000000000001,41,77,317,317,41,77,89.69
2008,11,6,14,30,17.7,79,300,666,3,151,152,77.91
2008,11,6,15,30,20.8,92,524,827,827,92,524,64.61
2008,11,6,16,30,23.400000000000002,99,705,904,904,99,705,52.83
2008,11,6,17,30,25.1,101,823,942,942,101,823,44.9
2008,11,6,18,30,26.200000000000003,93,871,969,969,93,871,40.21
2008,11,6,19,30,26.8,90,842,965,965,90,842,37.62
2008,11,6,20,30,27,84,739,942,942,84,739,36.300000000000004
2008,11,6,21,30,26.6,78,571,886,886,78,571,36.44
2008,11,6,22,30,25.6,66,355,771,771,66,355,38.300000000000004
2008,11,6,23,30,23.6,43,123,500,500,43,123,45.45
2008,11,7,0,30,21.400000000000002,0,0,0,0,0,0,60.410000000000004
2008,11,7,1,30,20,0,0,0,0,0,0,64.7
2008,11,7,2,30,18.8,0,0,0,0,0,0,68.61
2008,11,7,3,30,17.8,0,0,0,0,0,0,72.77
2008,11,7,4,30,16.900000000000002,0,0,0,0,0,0,77.46000000000001
2008,11,7,5,30,16.2,0,0,0,0,0,0,81.38
2008,11,7,6,30,15.700000000000001,0,0,0,0,0,0,84.04
2008,11,7,7,30,15.3,0,0,0,0,0,0,85.79
2008,11,7,8,30,14.9,0,0,0,0,0,0,87.08
2008,11,7,9,30,14.3,0,0,0,0,0,0,89.2
2008,11,7,10,30,13.700000000000001,0,0,0,0,0,0,90.87
2008,11,7,11,30,13.200000000000001,0,0,0,0,0,0,91.60000000000001
2008,11,7,12,30,13,0,0,0,0,0,0,90.3
2008,11,7,13,30,14.200000000000001,36,78,370,370,36,78,82.39
2008,11,7,14,30,17.3,68,302,708,708,68,302,68.83
2008,11,7,15,30,20.700000000000003,83,526,851,146,298,374,55.870000000000005
2008,11,7,16,30,23.5,91,705,918,330,348,568,47.38
2008,11,7,17,30,25.3,98,819,945,945,98,819,42.1
2008,11,7,18,30,26.3,113,857,930,930,113,857,39.04
2008,11,7,19,30,26.700000000000003,117,825,913,913,117,825,37.51
2008,11,7,20,30,26.400000000000002,116,719,870,870,116,719,37.51
2008,11,7,21,30,25.5,117,546,774,774,117,546,39.37
2008,11,7,22,30,24.200000000000003,96,335,641,641,96,335,44.03
2008,11,7,23,30,22.1,56,112,358,358,56,112,55.84
2008,11,8,0,30,19.8,0,0,0,0,0,0,68.17
2008,11,8,1,30,18.3,0,0,0,0,0,0,72.72
2008,11,8,2,30,17.400000000000002,0,0,0,0,0,0,76.91
2008,11,8,3,30,16.8,0,0,0,0,0,0,80.04
2008,11,8,4,30,16.5,0,0,0,0,0,0,81.82000000000001
2008,11,8,5,30,16.400000000000002,0,0,0,0,0,0,82.49
2008,11,8,6,30,16.2,0,0,0,0,0,0,83.63
2008,11,8,7,30,15.5,0,0,0,0,0,0,87.3
2008,11,8,8,30,14.700000000000001,0,0,0,0,0,0,91.92
2008,11,8,9,30,14.100000000000001,0,0,0,0,0,0,95.41
2008,11,8,10,30,13.700000000000001,0,0,0,0,0,0,97.37
2008,11,8,11,30,13.100000000000001,0,0,0,0,0,0,100
2008,11,8,12,30,12.9,0,0,0,0,0,0,100
2008,11,8,13,30,14.600000000000001,45,67,201,201,45,67,90.15
2008,11,8,14,30,18,103,280,539,539,103,280,74.19
2008,11,8,15,30,21.3,127,498,716,716,127,498,59.36
2008,11,8,16,30,23.700000000000003,141,675,803,803,141,675,49.32
2008,11,8,17,30,25.200000000000003,149,791,844,844,149,791,43.83
2008,11,8,18,30,26.1,115,852,925,925,115,852,41.02
2008,11,8,19,30,26.400000000000002,117,820,909,909,117,820,39.92
2008,11,8,20,30,26.3,117,713,864,864,117,713,39.79
2008,11,8,21,30,25.8,110,546,790,790,110,546,40.75
2008,11,8,22,30,24.8,94,334,649,649,94,334,43.44
2008,11,8,23,30,22.5,56,111,353,353,56,111,53.26
2008,11,9,0,30,20.1,0,0,0,0,0,0,69.61
2008,11,9,1,30,18.7,0,0,0,0,0,0,73.49
2008,11,9,2,30,17.8,0,0,0,0,0,0,78.22
2008,11,9,3,30,16.8,0,0,0,0,0,0,83.85000000000001
2008,11,9,4,30,16,0,0,0,0,0,0,88.79
2008,11,9,5,30,15.4,0,0,0,0,0,0,92.79
2008,11,9,6,30,14.9,0,0,0,0,0,0,95.93
2008,11,9,7,30,14.5,0,0,0,0,0,0,98.27
2008,11,9,8,30,14.5,0,0,0,0,0,0,97.86
2008,11,9,9,30,14.600000000000001,0,0,0,0,0,0,96.51
2008,11,9,10,30,14.600000000000001,0,0,0,0,0,0,95.63
2008,11,9,11,30,14.3,0,0,0,0,0,0,96.27
2008,11,9,12,30,14.100000000000001,0,0,0,0,0,0,96.2
2008,11,9,13,30,15.3,40,72,295,295,40,72,87.93
2008,11,9,14,30,18.2,78,293,660,660,78,293,74
2008,11,9,15,30,21,90,516,827,827,90,516,55.97
2008,11,9,16,30,22.900000000000002,99,695,901,901,99,695,45.980000000000004
2008,11,9,17,30,24.1,103,813,938,938,103,813,42.35
2008,11,9,18,30,24.900000000000002,97,860,960,960,97,860,40.34
2008,11,9,19,30,25.200000000000003,93,831,957,957,93,831,39.46
2008,11,9,20,30,25.1,88,729,934,934,88,729,39.410000000000004
2008,11,9,21,30,24.5,77,564,887,887,77,564,40.93
2008,11,9,22,30,23.400000000000002,64,350,777,777,64,350,43.82
2008,11,9,23,30,20.8,40,120,515,515,40,120,54.230000000000004
2008,11,10,0,30,18.1,0,0,0,0,0,0,70.22
2008,11,10,1,30,16.8,0,0,0,0,0,0,75.68
2008,11,10,2,30,15.9,0,0,0,0,0,0,81.26
2008,11,10,3,30,15.200000000000001,0,0,0,0,0,0,85.95
2008,11,10,4,30,14.600000000000001,0,0,0,0,0,0,89.81
2008,11,10,5,30,14.200000000000001,0,0,0,0,0,0,92.15
2008,11,10,6,30,13.8,0,0,0,0,0,0,94.29
2008,11,10,7,30,13.600000000000001,0,0,0,0,0,0,95.10000000000001
2008,11,10,8,30,13.5,0,0,0,0,0,0,95.51
2008,11,10,9,30,13.3,0,0,0,0,0,0,96.35000000000001
2008,11,10,10,30,13.200000000000001,0,0,0,0,0,0,95.99000000000001
2008,11,10,11,30,13.100000000000001,0,0,0,0,0,0,95.06
2008,11,10,12,30,13.100000000000001,0,0,0,0,0,0,93.28
2008,11,10,13,30,14.200000000000001,32,77,428,428,32,77,85.63
2008,11,10,14,30,17.1,58,307,772,772,58,307,70.7
2008,11,10,15,30,20.3,66,533,911,911,66,533,48.75
2008,11,10,16,30,22.400000000000002,71,711,971,971,71,711,38.19
2008,11,10,17,30,23.8,74,829,1001,1001,74,829,34.46
2008,11,10,18,30,24.8,72,876,1016,1016,72,876,32.55
2008,11,10,19,30,25.3,69,844,1009,1009,69,844,31.970000000000002
2008,11,10,20,30,25.400000000000002,67,741,986,986,67,741,32.36
2008,11,10,21,30,25,64,571,928,928,64,571,33.95
2008,11,10,22,30,23.8,54,357,826,826,54,357,36.79
2008,11,10,23,30,21,35,124,582,582,35,124,49.14
2008,11,11,0,30,18.2,0,0,0,0,0,0,65.08
2008,11,11,1,30,17,0,0,0,0,0,0,68.14
2008,11,11,2,30,16.2,0,0,0,0,0,0,72.45
2008,11,11,3,30,15.600000000000001,0,0,0,0,0,0,76.28
2008,11,11,4,30,15,0,0,0,0,0,0,80.32000000000001
2008,11,11,5,30,14.600000000000001,0,0,0,0,0,0,83.53
2008,11,11,6,30,14.3,0,0,0,0,0,0,85.98
2008,11,11,7,30,13.9,0,0,0,0,0,0,88.72
2008,11,11,8,30,13.5,0,0,0,0,0,0,91.13
2008,11,11,9,30,13.100000000000001,0,0,0,0,0,0,93.3
2008,11,11,10,30,12.600000000000001,0,0,0,0,0,0,96.01
2008,11,11,11,30,12.100000000000001,0,0,0,0,0,0,99.03
2008,11,11,12,30,12,0,0,0,0,0,0,99.45
2008,11,11,13,30,13.5,32,75,413,413,32,75,90.29
2008,11,11,14,30,16.8,62,302,750,750,62,302,75.68
2008,11,11,15,30,20.400000000000002,70,528,900,900,70,528,56.88
2008,11,11,16,30,23.3,72,710,971,971,72,710,40.89
2008,11,11,17,30,25,74,828,1004,1004,74,828,35.58
2008,11,11,18,30,26.1,72,875,1018,1018,72,875,33.31
2008,11,11,19,30,26.700000000000003,71,843,1009,1009,71,843,32.33
2008,11,11,20,30,26.8,68,740,986,986,68,740,32.35
2008,11,11,21,30,26.3,61,571,935,935,61,571,33.64
2008,11,11,22,30,24.900000000000002,52,357,835,835,52,357,36.37
2008,11,11,23,30,21.8,34,124,590,590,34,124,50.34
2008,11,12,0,30,18.7,0,0,0,0,0,0,66.08
2008,11,12,1,30,17.400000000000002,0,0,0,0,0,0,69.4
2008,11,12,2,30,16.5,0,0,0,0,0,0,73.91
2008,11,12,3,30,15.9,0,0,0,0,0,0,77.24
2008,11,12,4,30,15.5,0,0,0,0,0,0,79.72
2008,11,12,5,30,15.200000000000001,0,0,0,0,0,0,81.8
2008,11,12,6,30,14.8,0,0,0,0,0,0,84.46000000000001
2008,11,12,7,30,14.3,0,0,0,0,0,0,87.78
2008,11,12,8,30,14,0,0,0,0,0,0,89.69
2008,11,12,9,30,13.600000000000001,0,0,0,0,0,0,92.12
2008,11,12,10,30,13.3,0,0,0,0,0,0,93.74
2008,11,12,11,30,13,0,0,0,0,0,0,95.17
2008,11,12,12,30,12.9,0,0,0,0,0,0,94.91
2008,11,12,13,30,14.100000000000001,30,74,436,436,30,74,87.12
2008,11,12,14,30,17,56,302,773,773,56,302,76.63
2008,11,12,15,30,20.6,66,526,908,908,66,526,59.97
2008,11,12,16,30,23.6,69,707,977,977,69,707,43.58
2008,11,12,17,30,25.400000000000002,71,823,1004,1004,71,823,35.49
2008,11,12,18,30,26.3,72,870,1015,1015,72,870,32.7
2008,11,12,19,30,26.700000000000003,70,840,1010,1010,70,840,31.35
2008,11,12,20,30,26.5,67,735,983,983,67,735,31.52
2008,11,12,21,30,25.700000000000003,62,569,933,933,62,569,32.56
2008,11,12,22,30,24,52,355,834,834,52,355,36.160000000000004
2008,11,12,23,30,21.1,33,122,589,589,33,122,49.75
2008,11,13,0,30,18.6,0,0,0,0,0,0,63.120000000000005
2008,11,13,1,30,17.400000000000002,0,0,0,0,0,0,67.38
2008,11,13,2,30,16.6,0,0,0,0,0,0,71.42
2008,11,13,3,30,15.9,0,0,0,0,0,0,74.19
2008,11,13,4,30,15.3,0,0,0,0,0,0,76.31
2008,11,13,5,30,14.700000000000001,0,0,0,0,0,0,78.34
2008,11,13,6,30,14.100000000000001,0,0,0,0,0,0,81.48
2008,11,13,7,30,13.600000000000001,0,0,0,0,0,0,84.35000000000001
2008,11,13,8,30,13.3,0,0,0,0,0,0,85.93
2008,11,13,9,30,12.9,0,0,0,0,0,0,88.03
2008,11,13,10,30,12.5,0,0,0,0,0,0,88.73
2008,11,13,11,30,12,0,0,0,0,0,0,89.99
2008,11,13,12,30,11.600000000000001,0,0,0,0,0,0,90.3
2008,11,13,13,30,12.700000000000001,27,76,498,498,27,76,82.2
2008,11,13,14,30,15.8,50,311,829,829,50,311,68.67
2008,11,13,15,30,19.400000000000002,58,539,957,957,58,539,47.26
2008,11,13,16,30,22.3,62,722,1016,1016,62,722,32.29
2008,11,13,17,30,24,63,842,1045,1045,63,842,26.44
2008,11,13,18,30,25,64,885,1049,1049,64,885,24.1
2008,11,13,19,30,25.6,62,855,1044,1044,62,855,23.28
2008,11,13,20,30,25.6,60,751,1022,1022,60,751,23.21
2008,11,13,21,30,25,55,582,975,975,55,582,24.09
2008,11,13,22,30,23.400000000000002,47,362,875,875,47,362,27.21
2008,11,13,23,30,19.900000000000002,31,126,636,636,31,126,42.660000000000004
2008,11,14,0,30,16.7,0,0,0,0,0,0,58.03
2008,11,14,1,30,15.3,0,0,0,0,0,0,62.01
2008,11,14,2,30,14.4,0,0,0,0,0,0,67.04
2008,11,14,3,30,13.600000000000001,0,0,0,0,0,0,72.10000000000001
2008,11,14,4,30,13,0,0,0,0,0,0,76.61
2008,11,14,5,30,12.600000000000001,0,0,0,0,0,0,79.65
2008,11,14,6,30,12.3,0,0,0,0,0,0,81.8
2008,11,14,7,30,12,0,0,0,0,0,0,83.58
2008,11,14,8,30,11.700000000000001,0,0,0,0,0,0,85.07000000000001
2008,11,14,9,30,11.200000000000001,0,0,0,0,0,0,87.75
2008,11,14,10,30,10.4,0,0,0,0,0,0,92.55
2008,11,14,11,30,9.8,0,0,0,0,0,0,96.78
2008,11,14,12,30,9.600000000000001,0,0,0,0,0,0,98.67
2008,11,14,13,30,11.3,26,75,505,505,26,75,88.46000000000001
2008,11,14,14,30,15,47,308,834,834,47,308,72.16
2008,11,14,15,30,19,55,534,955,955,55,534,53.6
2008,11,14,16,30,22.6,58,715,1014,1014,58,715,33.53
2008,11,14,17,30,24.900000000000002,60,835,1042,1042,60,835,23.46
2008,11,14,18,30,26.1,63,878,1045,1045,63,878,21.63
2008,11,14,19,30,26.6,62,849,1039,1039,62,849,21.57
2008,11,14,20,30,26.700000000000003,61,743,1011,1011,61,743,22.16
2008,11,14,21,30,26.200000000000003,59,575,958,958,59,575,23.44
2008,11,14,22,30,24.6,50,359,860,860,50,359,26.38
2008,11,14,23,30,21.1,33,123,608,608,33,123,42.46
2008,11,15,0,30,17.900000000000002,0,0,0,0,0,0,56.39
2008,11,15,1,30,16.5,0,0,0,0,0,0,59.5
2008,11,15,2,30,15.5,0,0,0,0,0,0,64.56
2008,11,15,3,30,14.600000000000001,0,0,0,0,0,0,70.05
2008,11,15,4,30,13.700000000000001,0,0,0,0,0,0,76.49
2008,11,15,5,30,12.9,0,0,0,0,0,0,83.06
2008,11,15,6,30,12.3,0,0,0,0,0,0,88.27
2008,11,15,7,30,11.700000000000001,0,0,0,0,0,0,92.64
2008,11,15,8,30,11.100000000000001,0,0,0,0,0,0,96.09
2008,11,15,9,30,10.600000000000001,0,0,0,0,0,0,97.63
2008,11,15,10,30,10.100000000000001,0,0,0,0,0,0,98.04
2008,11,15,11,30,9.8,0,0,0,0,0,0,95.96000000000001
2008,11,15,12,30,10.100000000000001,0,0,0,0,0,0,89.42
2008,11,15,13,30,12.3,29,67,403,403,29,67,75.3
2008,11,15,14,30,16.1,61,291,742,742,61,291,63.02
2008,11,15,15,30,19.3,74,514,883,883,74,514,53.9
2008,11,15,16,30,21.6,80,698,958,958,80,698,42.15
2008,11,15,17,30,23.3,82,817,994,994,82,817,36.19
2008,11,15,18,30,24.700000000000003,82,863,1005,1005,82,863,33.12
2008,11,15,19,30,25.6,81,834,999,999,81,834,31.67
2008,11,15,20,30,26,78,728,968,335,352,577,31.1
2008,11,15,21,30,25.8,73,559,907,907,73,559,31.44
2008,11,15,22,30,24.5,63,345,790,790,63,345,34.47
2008,11,15,23,30,21.8,40,114,507,507,40,114,47.01
2008,11,16,0,30,19.200000000000003,0,0,0,0,0,0,54.620000000000005
2008,11,16,1,30,17.400000000000002,0,0,0,0,0,0,58.61
2008,11,16,2,30,15.5,0,0,0,0,0,0,66.45
2008,11,16,3,30,14,0,0,0,0,0,0,70.56
2008,11,16,4,30,12.8,0,0,0,0,0,0,72.60000000000001
2008,11,16,5,30,11.700000000000001,0,0,0,0,0,0,74.58
2008,11,16,6,30,10.700000000000001,0,0,0,0,0,0,77.11
2008,11,16,7,30,10,0,0,0,0,0,0,79.25
2008,11,16,8,30,9.4,0,0,0,0,0,0,81.19
2008,11,16,9,30,8.9,0,0,0,0,0,0,82.89
2008,11,16,10,30,8.5,0,0,0,0,0,0,84.04
2008,11,16,11,30,8.200000000000001,0,0,0,0,0,0,84.49
2008,11,16,12,30,8,0,0,0,0,0,0,84.67
2008,11,16,13,30,9.3,31,62,330,330,31,62,77.33
2008,11,16,14,30,12.3,67,282,700,323,151,250,63.45
2008,11,16,15,30,15.8,82,502,849,849,82,502,52.370000000000005
2008,11,16,16,30,19.200000000000003,90,682,922,922,90,682,44.980000000000004
2008,11,16,17,30,22,94,800,959,959,94,800,39.64
2008,11,16,18,30,24.1,95,848,972,458,371,726,36.18
2008,11,16,19,30,25.3,93,820,966,966,93,820,34.01
2008,11,16,20,30,25.6,88,716,937,937,88,716,33.13
2008,11,16,21,30,25.3,81,551,879,879,81,551,33.29
2008,11,16,22,30,24.200000000000003,68,339,763,763,68,339,35.04
2008,11,16,23,30,21.6,41,112,487,487,41,112,47.22
2008,11,17,0,30,19.400000000000002,0,0,0,0,0,0,54.02
2008,11,17,1,30,18.1,0,0,0,0,0,0,54.15
2008,11,17,2,30,16.6,0,0,0,0,0,0,58.65
2008,11,17,3,30,15.100000000000001,0,0,0,0,0,0,64.13
2008,11,17,4,30,14,0,0,0,0,0,0,67.95
2008,11,17,5,30,12.5,0,0,0,0,0,0,72.79
2008,11,17,6,30,11,0,0,0,0,0,0,77.47
2008,11,17,7,30,10,0,0,0,0,0,0,79.62
2008,11,17,8,30,9.200000000000001,0,0,0,0,0,0,81.87
2008,11,17,9,30,8.6,0,0,0,0,0,0,83.72
2008,11,17,10,30,8,0,0,0,0,0,0,86.07000000000001
2008,11,17,11,30,7.4,0,0,0,0,0,0,88.8
2008,11,17,12,30,7.2,0,0,0,0,0,0,89.17
2008,11,17,13,30,8.700000000000001,28,66,427,427,28,66,79.87
2008,11,17,14,30,11.9,55,294,785,785,55,294,64.18
2008,11,17,15,30,15.700000000000001,67,521,924,924,67,521,50.83
2008,11,17,16,30,19.200000000000003,72,704,989,989,72,704,40.59
2008,11,17,17,30,21.8,76,824,1020,1020,76,824,33.44
2008,11,17,18,30,23.400000000000002,77,868,1026,1026,77,868,30.14
2008,11,17,19,30,24.5,76,840,1019,1019,76,840,28.07
2008,11,17,20,30,25,73,737,994,994,73,737,26.98
2008,11,17,21,30,25,68,566,934,934,68,566,26.63
2008,11,17,22,30,23.8,57,351,827,827,57,351,28.09
2008,11,17,23,30,20.700000000000003,36,117,565,565,36,117,43.27
2008,11,18,0,30,17.8,0,0,0,0,0,0,48.65
2008,11,18,1,30,16.3,0,0,0,0,0,0,50.050000000000004
2008,11,18,2,30,15.100000000000001,0,0,0,0,0,0,54.19
2008,11,18,3,30,13.700000000000001,0,0,0,0,0,0,60.03
2008,11,18,4,30,12.4,0,0,0,0,0,0,66.28
2008,11,18,5,30,11.100000000000001,0,0,0,0,0,0,73.11
2008,11,18,6,30,10.100000000000001,0,0,0,0,0,0,78.79
2008,11,18,7,30,9.3,0,0,0,0,0,0,83.66
2008,11,18,8,30,8.5,0,0,0,0,0,0,88.81
2008,11,18,9,30,7.9,0,0,0,0,0,0,92.21000000000001
2008,11,18,10,30,7.300000000000001,0,0,0,0,0,0,94
2008,11,18,11,30,6.9,0,0,0,0,0,0,93.14
2008,11,18,12,30,6.6000000000000005,0,0,0,0,0,0,91.94
2008,11,18,13,30,7.7,31,61,346,4,43,43,81.81
2008,11,18,14,30,10.600000000000001,62,288,747,330,149,249,64.15
2008,11,18,15,30,14.3,73,517,909,304,261,410,47.17
2008,11,18,16,30,17.7,77,702,983,278,359,536,35.26
2008,11,18,17,30,20.6,79,824,1018,732,191,726,27.07
2008,11,18,18,30,22.8,83,871,1026,775,187,784,22.12
2008,11,18,19,30,24.1,82,848,1026,490,361,726,19.85
2008,11,18,20,30,24.6,78,744,1001,356,357,594,19.17
2008,11,18,21,30,24.5,70,576,952,952,70,576,19.17
2008,11,18,22,30,22.900000000000002,59,357,845,600,124,335,21.72
2008,11,18,23,30,19.3,37,120,576,89,80,93,39.04
2008,11,19,0,30,16.1,0,0,0,0,0,0,43.730000000000004
2008,11,19,1,30,14.600000000000001,0,0,0,0,0,0,45.230000000000004
2008,11,19,2,30,13.100000000000001,0,0,0,0,0,0,49.74
2008,11,19,3,30,11.600000000000001,0,0,0,0,0,0,55.13
2008,11,19,4,30,10.4,0,0,0,0,0,0,60.15
2008,11,19,5,30,9.3,0,0,0,0,0,0,65.97
2008,11,19,6,30,8.4,0,0,0,0,0,0,72.26
2008,11,19,7,30,7.7,0,0,0,0,0,0,77.68
2008,11,19,8,30,7.2,0,0,0,0,0,0,81.55
2008,11,19,9,30,6.800000000000001,0,0,0,0,0,0,84.47
2008,11,19,10,30,6.5,0,0,0,0,0,0,86.3
2008,11,19,11,30,6.300000000000001,0,0,0,0,0,0,87.25
2008,11,19,12,30,6.2,0,0,0,0,0,0,87.3
2008,11,19,13,30,7.300000000000001,35,53,214,214,35,53,79.99
2008,11,19,14,30,10,82,267,618,346,157,260,65.87
2008,11,19,15,30,13.600000000000001,100,489,800,800,100,489,52.6
2008,11,19,16,30,17.1,107,668,885,599,209,589,44.67
2008,11,19,17,30,20.200000000000003,111,788,929,473,287,631,39.63
2008,11,19,18,30,22.700000000000003,116,834,937,549,345,766,36.11
2008,11,19,19,30,24.3,113,805,928,659,227,718,34.27
2008,11,19,20,30,24.900000000000002,107,704,898,572,229,608,33.69
2008,11,19,21,30,24.700000000000003,88,545,862,511,185,456,34
2008,11,19,22,30,23.5,73,334,741,466,138,303,36.38
2008,11,19,23,30,20.8,43,109,455,201,74,103,49.78
2008,11,20,0,30,18.400000000000002,0,0,0,0,0,0,55.53
2008,11,20,1,30,17.1,0,0,0,0,0,0,54.35
2008,11,20,2,30,15.8,0,0,0,0,0,0,55.800000000000004
2008,11,20,3,30,14.5,0,0,0,0,0,0,58.15
2008,11,20,4,30,13.100000000000001,0,0,0,0,0,0,61.7
2008,11,20,5,30,11.700000000000001,0,0,0,0,0,0,67
2008,11,20,6,30,10.700000000000001,0,0,0,0,0,0,72.69
2008,11,20,7,30,10,0,0,0,0,0,0,78.22
2008,11,20,8,30,9.5,0,0,0,0,0,0,82.49
2008,11,20,9,30,9.1,0,0,0,0,0,0,85.56
2008,11,20,10,30,8.8,0,0,0,0,0,0,87.78
2008,11,20,11,30,8.5,0,0,0,0,0,0,89.73
2008,11,20,12,30,8.3,0,0,0,0,0,0,90.51
2008,11,20,13,30,9.200000000000001,31,56,303,303,31,56,84.27
2008,11,20,14,30,11.700000000000001,68,278,709,709,68,278,70.83
2008,11,20,15,30,15.3,82,504,874,874,82,504,56.36
2008,11,20,16,30,19.200000000000003,86,689,956,956,86,689,43.31
2008,11,20,17,30,22.200000000000003,87,811,998,998,87,811,32.27
2008,11,20,18,30,24.200000000000003,85,865,1020,447,385,726,25.740000000000002
2008,11,20,19,30,25.1,83,838,1016,1016,83,838,23.51
2008,11,20,20,30,25.5,79,735,992,992,79,735,21.900000000000002
2008,11,20,21,30,25.3,73,568,936,936,73,568,21.11
2008,11,20,22,30,24,61,350,823,823,61,350,22.09
2008,11,20,23,30,21.700000000000003,37,116,556,556,37,116,35.12
2008,11,21,0,30,19.900000000000002,0,0,0,0,0,0,34.69
2008,11,21,1,30,18.6,0,0,0,0,0,0,35.34
2008,11,21,2,30,16.8,0,0,0,0,0,0,40.37
2008,11,21,3,30,14.8,0,0,0,0,0,0,45.64
2008,11,21,4,30,13,0,0,0,0,0,0,53.14
2008,11,21,5,30,11.3,0,0,0,0,0,0,63.25
2008,11,21,6,30,10,0,0,0,0,0,0,73.95
2008,11,21,7,30,9.1,0,0,0,0,0,0,82.26
2008,11,21,8,30,8.4,0,0,0,0,0,0,88.53
2008,11,21,9,30,8.200000000000001,0,0,0,0,0,0,91.3
2008,11,21,10,30,8.1,0,0,0,0,0,0,93.8
2008,11,21,11,30,8.1,0,0,0,0,0,0,94.5
2008,11,21,12,30,8.5,0,0,0,0,0,0,92.03
2008,11,21,13,30,9.5,33,51,235,235,33,51,85.99
2008,11,21,14,30,12.100000000000001,77,266,643,643,77,266,74.66
2008,11,21,15,30,15.700000000000001,88,490,835,835,88,490,62.21
2008,11,21,16,30,19,92,670,922,922,92,670,51.84
2008,11,21,17,30,21.200000000000003,93,789,962,337,387,631,44.59
2008,11,21,18,30,22.8,92,838,980,392,391,689,39.35
2008,11,21,19,30,23.700000000000003,88,809,974,383,378,662,36.410000000000004
2008,11,21,20,30,24.200000000000003,85,707,943,689,183,638,34.65
2008,11,21,21,30,24,79,543,881,881,79,543,34.2
2008,11,21,22,30,22.900000000000002,67,331,756,756,67,331,35.5
2008,11,21,23,30,20.200000000000003,41,107,464,464,41,107,46.2
2008,11,22,0,30,17.8,0,0,0,0,0,0,52.75
2008,11,22,1,30,16.6,0,0,0,0,0,0,54.93
2008,11,22,2,30,15.5,0,0,0,0,0,0,60.300000000000004
2008,11,22,3,30,14.4,0,0,0,0,0,0,67.31
2008,11,22,4,30,13.5,0,0,0,0,0,0,73.12
2008,11,22,5,30,12.9,0,0,0,0,0,0,76.27
2008,11,22,6,30,12.200000000000001,0,0,0,0,0,0,78.65
2008,11,22,7,30,11.3,0,0,0,0,0,0,81.13
2008,11,22,8,30,10.5,0,0,0,0,0,0,82.76
2008,11,22,9,30,9.8,0,0,0,0,0,0,84.39
2008,11,22,10,30,9.3,0,0,0,0,0,0,85.52
2008,11,22,11,30,8.9,0,0,0,0,0,0,86.43
2008,11,22,12,30,8.8,0,0,0,0,0,0,85.86
2008,11,22,13,30,9.8,30,48,230,230,30,48,79.42
2008,11,22,14,30,12.4,73,254,623,623,73,254,67.03
2008,11,22,15,30,15.600000000000001,93,468,786,786,93,468,55.620000000000005
2008,11,22,16,30,18.6,104,646,869,869,104,646,48.06
2008,11,22,17,30,20.700000000000003,108,764,910,910,108,764,43.61
2008,11,22,18,30,22,103,815,938,416,374,690,40.08
2008,11,22,19,30,22.700000000000003,101,789,933,424,359,671,37.910000000000004
2008,11,22,20,30,22.900000000000002,95,692,907,541,211,567,37.31
2008,11,22,21,30,22.6,86,533,851,851,86,533,37.7
2008,11,22,22,30,21.3,70,326,733,733,70,326,40.550000000000004
2008,11,22,23,30,19,42,106,452,228,70,103,54.69
2008,11,23,0,30,17,0,0,0,0,0,0,59.19
2008,11,23,1,30,16.1,0,0,0,0,0,0,60.27
2008,11,23,2,30,15.100000000000001,0,0,0,0,0,0,63.5
2008,11,23,3,30,14,0,0,0,0,0,0,67.08
2008,11,23,4,30,12.9,0,0,0,0,0,0,71.51
2008,11,23,5,30,12,0,0,0,0,0,0,76.18
2008,11,23,6,30,11.4,0,0,0,0,0,0,80.29
2008,11,23,7,30,11.200000000000001,0,0,0,0,0,0,82.39
2008,11,23,8,30,10.9,0,0,0,0,0,0,84.86
2008,11,23,9,30,10.600000000000001,0,0,0,0,0,0,86.91
2008,11,23,10,30,10.100000000000001,0,0,0,0,0,0,89.71000000000001
2008,11,23,11,30,9.5,0,0,0,0,0,0,93.01
2008,11,23,12,30,9.1,0,0,0,0,0,0,94.91
2008,11,23,13,30,10.200000000000001,28,48,256,256,28,48,87.63
2008,11,23,14,30,12.8,67,257,658,658,67,257,73.38
2008,11,23,15,30,15.9,83,474,824,824,83,474,59.82
2008,11,23,16,30,19.200000000000003,88,655,912,912,88,655,48.52
2008,11,23,17,30,21.900000000000002,90,775,954,954,90,775,39.69
2008,11,23,18,30,23.700000000000003,91,826,972,972,91,826,35.62
2008,11,23,19,30,24.6,89,801,968,968,89,801,33.04
2008,11,23,20,30,24.8,84,702,943,943,84,702,31.76
2008,11,23,21,30,24.3,76,541,888,888,76,541,32.44
2008,11,23,22,30,22.6,63,333,776,776,63,333,36.42
2008,11,23,23,30,19.700000000000003,38,109,508,508,38,109,53.17
2008,11,24,0,30,17.2,0,0,0,0,0,0,61.08
2008,11,24,1,30,15.8,0,0,0,0,0,0,62.43
2008,11,24,2,30,14.8,0,0,0,0,0,0,64.96000000000001
2008,11,24,3,30,14.100000000000001,0,0,0,0,0,0,66.79
2008,11,24,4,30,13.4,0,0,0,0,0,0,68.9
2008,11,24,5,30,12.600000000000001,0,0,0,0,0,0,72.09
2008,11,24,6,30,12,0,0,0,0,0,0,75.18
2008,11,24,7,30,11.600000000000001,0,0,0,0,0,0,77.9
2008,11,24,8,30,11.100000000000001,0,0,0,0,0,0,81.66
2008,11,24,9,30,10.600000000000001,0,0,0,0,0,0,85.28
2008,11,24,10,30,10.100000000000001,0,0,0,0,0,0,88.65
2008,11,24,11,30,9.700000000000001,0,0,0,0,0,0,91.57000000000001
2008,11,24,12,30,9.600000000000001,0,0,0,0,0,0,92.79
2008,11,24,13,30,11.100000000000001,26,47,296,9,36,37,84.69
2008,11,24,14,30,14.3,61,258,690,690,61,258,70.08
2008,11,24,15,30,18.400000000000002,75,475,846,481,179,406,55.09
2008,11,24,16,30,22.3,82,651,920,618,173,555,41.86
2008,11,24,17,30,24.6,86,769,956,636,188,642,34.58
2008,11,24,18,30,25.8,87,816,967,658,196,693,31.68
2008,11,24,19,30,26.5,86,791,961,666,195,684,30.35
2008,11,24,20,30,26.700000000000003,82,692,931,562,209,577,30.13
2008,11,24,21,30,26.400000000000002,75,532,874,624,143,469,30.69
2008,11,24,22,30,25,63,326,757,757,63,326,33.58
2008,11,24,23,30,22.6,38,106,483,483,38,106,47.86
2008,11,25,0,30,20.8,0,0,0,0,0,0,50.14
2008,11,25,1,30,19.5,0,0,0,0,0,0,52.53
2008,11,25,2,30,18.2,0,0,0,0,0,0,56.1
2008,11,25,3,30,16.7,0,0,0,0,0,0,59.870000000000005
2008,11,25,4,30,15.200000000000001,0,0,0,0,0,0,63.99
2008,11,25,5,30,13.9,0,0,0,0,0,0,67.51
2008,11,25,6,30,12.8,0,0,0,0,0,0,71.59
2008,11,25,7,30,11.9,0,0,0,0,0,0,76.76
2008,11,25,8,30,11.200000000000001,0,0,0,0,0,0,82.3
2008,11,25,9,30,10.600000000000001,0,0,0,0,0,0,87.44
2008,11,25,10,30,10.100000000000001,0,0,0,0,0,0,92.06
2008,11,25,11,30,9.8,0,0,0,0,0,0,95.07000000000001
2008,11,25,12,30,9.9,0,0,0,0,0,0,94.9
2008,11,25,13,30,11.200000000000001,25,46,290,290,25,46,87
2008,11,25,14,30,14.200000000000001,58,257,703,703,58,257,72.22
2008,11,25,15,30,17.400000000000002,71,476,861,861,71,476,59.15
2008,11,25,16,30,20.3,78,653,933,933,78,653,47.84
2008,11,25,17,30,22.5,82,773,969,969,82,773,39.62
2008,11,25,18,30,24.1,82,822,984,458,352,696,35.050000000000004
2008,11,25,19,30,25.1,81,797,979,979,81,797,32.89
2008,11,25,20,30,25.5,77,698,949,949,77,698,31.75
2008,11,25,21,30,25.400000000000002,71,537,894,894,71,537,31.57
2008,11,25,22,30,24.200000000000003,59,331,783,783,59,331,33.42
2008,11,25,23,30,21.5,36,109,518,518,36,109,46.37
2008,11,26,0,30,18.900000000000002,0,0,0,0,0,0,53.33
2008,11,26,1,30,17.5,0,0,0,0,0,0,55.01
2008,11,26,2,30,16.400000000000002,0,0,0,0,0,0,58.24
2008,11,26,3,30,15.3,0,0,0,0,0,0,63.42
2008,11,26,4,30,14.100000000000001,0,0,0,0,0,0,69.57000000000001
2008,11,26,5,30,13,0,0,0,0,0,0,75.53
2008,11,26,6,30,12.100000000000001,0,0,0,0,0,0,80.8
2008,11,26,7,30,11.3,0,0,0,0,0,0,85.88
2008,11,26,8,30,10.700000000000001,0,0,0,0,0,0,90.36
2008,11,26,9,30,10.200000000000001,0,0,0,0,0,0,94.38
2008,11,26,10,30,9.8,0,0,0,0,0,0,97.72
2008,11,26,11,30,9.600000000000001,0,0,0,0,0,0,99.58
2008,11,26,12,30,9.700000000000001,0,0,0,0,0,0,98.79
2008,11,26,13,30,11.3,27,41,197,197,27,41,88.45
2008,11,26,14,30,14.600000000000001,72,245,616,616,72,245,72.47
2008,11,26,15,30,18.6,89,461,796,796,89,461,58.480000000000004
2008,11,26,16,30,22.200000000000003,97,640,885,361,311,533,48.31
2008,11,26,17,30,24.5,100,759,928,356,369,622,40.62
2008,11,26,18,30,25.8,93,813,959,414,370,680,35.62
2008,11,26,19,30,26.5,92,788,953,453,344,675,33.14
2008,11,26,20,30,26.6,88,692,926,926,88,692,32.45
2008,11,26,21,30,26.3,80,533,870,870,80,533,32.62
2008,11,26,22,30,25.1,66,327,754,754,66,327,34.59
2008,11,26,23,30,22.1,39,106,479,479,39,106,47.870000000000005
2008,11,27,0,30,19.200000000000003,0,0,0,0,0,0,59.47
2008,11,27,1,30,17.7,0,0,0,0,0,0,63.32
2008,11,27,2,30,16.5,0,0,0,0,0,0,68.16
2008,11,27,3,30,15.5,0,0,0,0,0,0,72.77
2008,11,27,4,30,14.8,0,0,0,0,0,0,78.2
2008,11,27,5,30,14.200000000000001,0,0,0,0,0,0,83.17
2008,11,27,6,30,13.9,0,0,0,0,0,0,86.27
2008,11,27,7,30,13.700000000000001,0,0,0,0,0,0,88.24
2008,11,27,8,30,13.4,0,0,0,0,0,0,90.21000000000001
2008,11,27,9,30,13.100000000000001,0,0,0,0,0,0,91.9
2008,11,27,10,30,12.700000000000001,0,0,0,0,0,0,93.85000000000001
2008,11,27,11,30,12.4,0,0,0,0,0,0,94.91
2008,11,27,12,30,12.100000000000001,0,0,0,0,0,0,95.35000000000001
2008,11,27,13,30,13.4,23,43,295,295,23,43,86.09
2008,11,27,14,30,16.6,57,253,708,708,57,253,71.03
2008,11,27,15,30,20.8,70,472,866,866,70,472,52.88
2008,11,27,16,30,24.1,77,651,940,940,77,651,36.38
2008,11,27,17,30,25.8,81,771,974,355,367,619,30.71
2008,11,27,18,30,26.700000000000003,82,821,988,434,363,688,28.990000000000002
2008,11,27,19,30,27,82,794,979,979,82,794,28.82
2008,11,27,20,30,27,78,697,952,952,78,697,29.17
2008,11,27,21,30,26.6,71,538,898,898,71,538,30.07
2008,11,27,22,30,25.1,59,332,788,788,59,332,32.82
2008,11,27,23,30,21.8,36,109,520,520,36,109,48.06
2008,11,28,0,30,18.8,0,0,0,0,0,0,60.410000000000004
2008,11,28,1,30,17.5,0,0,0,0,0,0,63.03
2008,11,28,2,30,16.5,0,0,0,0,0,0,66.88
2008,11,28,3,30,15.600000000000001,0,0,0,0,0,0,71.93
2008,11,28,4,30,14.8,0,0,0,0,0,0,77.32000000000001
2008,11,28,5,30,14,0,0,0,0,0,0,83.29
2008,11,28,6,30,13.4,0,0,0,0,0,0,88.64
2008,11,28,7,30,13,0,0,0,0,0,0,92.97
2008,11,28,8,30,12.700000000000001,0,0,0,0,0,0,96.17
2008,11,28,9,30,12.5,0,0,0,0,0,0,97.74000000000001
2008,11,28,10,30,12.3,0,0,0,0,0,0,98.66
2008,11,28,11,30,12.100000000000001,0,0,0,0,0,0,99.23
2008,11,28,12,30,12,0,0,0,0,0,0,98.89
2008,11,28,13,30,13.200000000000001,22,43,324,324,22,43,90.12
2008,11,28,14,30,16.1,53,256,738,738,53,256,75.63
2008,11,28,15,30,20.3,63,476,895,895,63,476,56.43
2008,11,28,16,30,23.8,68,657,967,967,68,657,36.15
2008,11,28,17,30,25.6,72,777,999,999,72,777,31.12
2008,11,28,18,30,26.5,73,827,1011,1011,73,827,29.39
2008,11,28,19,30,26.900000000000002,73,801,1001,1001,73,801,28.69
2008,11,28,20,30,26.8,70,704,976,976,70,704,29.05
2008,11,28,21,30,26.200000000000003,64,543,922,922,64,543,30.150000000000002
2008,11,28,22,30,24.6,54,336,815,815,54,336,33.74
2008,11,28,23,30,21.3,34,112,557,557,34,112,49.300000000000004
2008,11,29,0,30,18.400000000000002,0,0,0,0,0,0,61.370000000000005
2008,11,29,1,30,17.2,0,0,0,0,0,0,66.27
2008,11,29,2,30,16.2,0,0,0,0,0,0,72.46000000000001
2008,11,29,3,30,15.3,0,0,0,0,0,0,78.43
2008,11,29,4,30,14.5,0,0,0,0,0,0,84.24
2008,11,29,5,30,13.8,0,0,0,0,0,0,89.55
2008,11,29,6,30,13.100000000000001,0,0,0,0,0,0,94.61
2008,11,29,7,30,12.4,0,0,0,0,0,0,99.54
2008,11,29,8,30,11.9,0,0,0,0,0,0,100
2008,11,29,9,30,11.5,0,0,0,0,0,0,100
2008,11,29,10,30,11.4,0,0,0,0,0,0,100
2008,11,29,11,30,11.5,0,0,0,0,0,0,99.26
2008,11,29,12,30,11.600000000000001,0,0,0,0,0,0,96.23
2008,11,29,13,30,12.700000000000001,21,42,343,343,21,42,87.78
2008,11,29,14,30,15.200000000000001,50,255,753,753,50,255,75.31
2008,11,29,15,30,18.8,60,473,899,899,60,473,57.08
2008,11,29,16,30,21.900000000000002,66,652,967,315,318,509,41.44
2008,11,29,17,30,23.5,71,770,994,674,167,641,36.980000000000004
2008,11,29,18,30,24.3,71,818,1004,721,154,690,35.39
2008,11,29,19,30,24.400000000000002,72,794,996,617,196,643,35.730000000000004
2008,11,29,20,30,24.1,71,696,965,395,264,519,37.14
2008,11,29,21,30,23.400000000000002,66,538,911,220,246,360,39.75
2008,11,29,22,30,22,57,332,798,550,111,301,44.34
2008,11,29,23,30,19.3,36,110,528,169,52,76,55.4
2008,11,30,0,30,16.6,0,0,0,0,0,0,70.04
2008,11,30,1,30,15.3,0,0,0,0,0,0,77.3
2008,11,30,2,30,14.5,0,0,0,0,0,0,82.92
2008,11,30,3,30,13.9,0,0,0,0,0,0,87.9
2008,11,30,4,30,13.5,0,0,0,0,0,0,91.26
2008,11,30,5,30,13.100000000000001,0,0,0,0,0,0,94.23
2008,11,30,6,30,12.8,0,0,0,0,0,0,96.27
2008,11,30,7,30,12.5,0,0,0,0,0,0,98.29
2008,11,30,8,30,12.200000000000001,0,0,0,0,0,0,99.81
2008,11,30,9,30,11.700000000000001,0,0,0,0,0,0,100
2008,11,30,10,30,11.3,0,0,0,0,0,0,100
2008,11,30,11,30,11.100000000000001,0,0,0,0,0,0,100
2008,11,30,12,30,10.9,0,0,0,0,0,0,100
2008,11,30,13,30,12,23,40,291,291,23,40,91.73
2008,11,30,14,30,14.600000000000001,54,256,745,745,54,256,76.91
2008,11,30,15,30,17.6,64,484,920,920,64,484,60.89
2008,11,30,16,30,20.8,65,669,1000,448,290,560,39.79
2008,11,30,17,30,23.1,66,791,1036,452,343,660,26.03
2008,11,30,18,30,24.3,66,844,1048,498,350,719,22.26
2008,11,30,19,30,24.900000000000002,65,820,1043,1043,65,820,20.89
2008,11,30,20,30,25,63,723,1020,1020,63,723,20.580000000000002
2008,11,30,21,30,24.6,59,561,970,970,59,561,21.1
2008,11,30,22,30,23.3,50,347,863,863,50,347,22.72
2008,11,30,23,30,20.700000000000003,32,117,609,609,32,117,33.85
2008,12,1,0,30,18.1,0,0,0,0,0,0,42.47
2008,12,1,1,30,16.7,0,0,0,0,0,0,45.88
2008,12,1,2,30,15.4,0,0,0,0,0,0,51.26
2008,12,1,3,30,14.5,0,0,0,0,0,0,56.2
2008,12,1,4,30,13.700000000000001,0,0,0,0,0,0,61.480000000000004
2008,12,1,5,30,13.200000000000001,0,0,0,0,0,0,65.39
2008,12,1,6,30,12.8,0,0,0,0,0,0,68.41
2008,12,1,7,30,12.3,0,0,0,0,0,0,71.26
2008,12,1,8,30,11.600000000000001,0,0,0,0,0,0,74.74
2008,12,1,9,30,10.8,0,0,0,0,0,0,78.52
2008,12,1,10,30,9.9,0,0,0,0,0,0,82.55
2008,12,1,11,30,9,0,0,0,0,0,0,86.52
2008,12,1,12,30,8.3,0,0,0,0,0,0,88.98
2008,12,1,13,30,9.9,19,38,331,331,19,38,78.10000000000001
2008,12,1,14,30,13.600000000000001,51,251,749,749,51,251,61.89
2008,12,1,15,30,17.400000000000002,65,470,890,890,65,470,49.620000000000005
2008,12,1,16,30,20.5,74,650,958,958,74,650,41.34
2008,12,1,17,30,22.400000000000002,80,772,990,990,80,772,35.93
2008,12,1,18,30,23.700000000000003,79,825,1008,1008,79,825,32.04
2008,12,1,19,30,24.5,78,802,1002,1002,78,802,29.22
2008,12,1,20,30,24.8,75,706,976,976,75,706,27.57
2008,12,1,21,30,24.5,69,546,921,921,69,546,27.25
2008,12,1,22,30,23.3,58,337,809,809,58,337,28.75
2008,12,1,23,30,21,36,111,533,533,36,111,39.35
2008,12,2,0,30,19.1,0,0,0,0,0,0,42.82
2008,12,2,1,30,17.8,0,0,0,0,0,0,44.32
2008,12,2,2,30,16.5,0,0,0,0,0,0,48.08
2008,12,2,3,30,15.3,0,0,0,0,0,0,52.09
2008,12,2,4,30,14.100000000000001,0,0,0,0,0,0,56.67
2008,12,2,5,30,13,0,0,0,0,0,0,61.21
2008,12,2,6,30,11.9,0,0,0,0,0,0,65.81
2008,12,2,7,30,10.700000000000001,0,0,0,0,0,0,71.09
2008,12,2,8,30,9.600000000000001,0,0,0,0,0,0,76.89
2008,12,2,9,30,8.6,0,0,0,0,0,0,82.87
2008,12,2,10,30,8,0,0,0,0,0,0,87.22
2008,12,2,11,30,7.7,0,0,0,0,0,0,91.11
2008,12,2,12,30,7.7,0,0,0,0,0,0,93.14
2008,12,2,13,30,9.1,23,34,207,207,23,34,85.69
2008,12,2,14,30,12.100000000000001,65,245,679,679,65,245,72.25
2008,12,2,15,30,15.700000000000001,78,470,868,868,78,470,57.980000000000004
2008,12,2,16,30,19.400000000000002,82,655,956,956,82,655,44.13
2008,12,2,17,30,22.400000000000002,84,779,997,997,84,779,31.41
2008,12,2,18,30,24.1,85,832,1012,1012,85,832,24.71
2008,12,2,19,30,25,85,805,999,999,85,805,22.330000000000002
2008,12,2,20,30,25.200000000000003,84,707,965,965,84,707,21.48
2008,12,2,21,30,24.8,81,544,895,895,81,544,21.64
2008,12,2,22,30,23.400000000000002,69,332,763,763,69,332,23.62
2008,12,2,23,30,20.700000000000003,41,108,474,474,41,108,37.18
2008,12,3,0,30,18.400000000000002,0,0,0,0,0,0,42.12
2008,12,3,1,30,16.6,0,0,0,0,0,0,46.75
2008,12,3,2,30,15.200000000000001,0,0,0,0,0,0,52.38
2008,12,3,3,30,14.4,0,0,0,0,0,0,56.14
2008,12,3,4,30,14.200000000000001,0,0,0,0,0,0,57.47
2008,12,3,5,30,14,0,0,0,0,0,0,59.22
2008,12,3,6,30,13.8,0,0,0,0,0,0,61.050000000000004
2008,12,3,7,30,13.700000000000001,0,0,0,0,0,0,61.56
2008,12,3,8,30,13.3,0,0,0,0,0,0,62.53
2008,12,3,9,30,12.600000000000001,0,0,0,0,0,0,64.79
2008,12,3,10,30,11.9,0,0,0,0,0,0,66.97
2008,12,3,11,30,11.4,0,0,0,0,0,0,68.72
2008,12,3,12,30,11,0,0,0,0,0,0,70.45
2008,12,3,13,30,11.8,19,31,244,244,19,31,67.26
2008,12,3,14,30,14.5,56,237,688,688,56,237,60.38
2008,12,3,15,30,18.400000000000002,72,455,852,97,263,306,45.800000000000004
2008,12,3,16,30,21.6,81,636,930,930,81,636,33.980000000000004
2008,12,3,17,30,23,87,758,967,967,87,758,31.32
2008,12,3,18,30,23.8,87,811,984,534,252,645,30.16
2008,12,3,19,30,23.700000000000003,87,787,974,974,87,787,30.5
2008,12,3,20,30,23.1,83,693,948,948,83,693,31.470000000000002
2008,12,3,21,30,22.400000000000002,75,534,888,888,75,534,33.44
2008,12,3,22,30,21.3,62,330,778,778,62,330,38.09
2008,12,3,23,30,18.900000000000002,37,109,511,28,72,76,50.94
2008,12,4,0,30,17,0,0,0,0,0,0,54.71
2008,12,4,1,30,16.5,0,0,0,0,0,0,53.71
2008,12,4,2,30,16,0,0,0,0,0,0,53.85
2008,12,4,3,30,15.5,0,0,0,0,0,0,54.4
2008,12,4,4,30,15,0,0,0,0,0,0,55.43
2008,12,4,5,30,14.5,0,0,0,0,0,0,56.57
2008,12,4,6,30,13.9,0,0,0,0,0,0,58.45
2008,12,4,7,30,13.4,0,0,0,0,0,0,59.99
2008,12,4,8,30,12.9,0,0,0,0,0,0,61.660000000000004
2008,12,4,9,30,12.3,0,0,0,0,0,0,63.97
2008,12,4,10,30,11.600000000000001,0,0,0,0,0,0,66.89
2008,12,4,11,30,10.700000000000001,0,0,0,0,0,0,70.99
2008,12,4,12,30,9.8,0,0,0,0,0,0,75.63
2008,12,4,13,30,11,18,32,275,275,18,32,70.28
2008,12,4,14,30,14.5,52,237,713,713,52,237,59.96
2008,12,4,15,30,18.5,68,456,869,869,68,456,45.58
2008,12,4,16,30,21.5,76,636,942,942,76,636,37.03
2008,12,4,17,30,23.200000000000003,81,759,978,978,81,759,33.21
2008,12,4,18,30,24.3,86,811,987,987,86,811,30.41
2008,12,4,19,30,24.900000000000002,85,787,978,978,85,787,28.53
2008,12,4,20,30,24.900000000000002,81,694,954,954,81,694,27.87
2008,12,4,21,30,24.5,74,538,898,898,74,538,28.11
2008,12,4,22,30,23,61,334,791,791,61,334,29.740000000000002
2008,12,4,23,30,20,37,112,529,529,37,112,43.35
2008,12,5,0,30,17.5,0,0,0,0,0,0,49.93
2008,12,5,1,30,16.5,0,0,0,0,0,0,50.1
2008,12,5,2,30,15.9,0,0,0,0,0,0,50.71
2008,12,5,3,30,15.4,0,0,0,0,0,0,51.11
2008,12,5,4,30,15.200000000000001,0,0,0,0,0,0,50.57
2008,12,5,5,30,14.8,0,0,0,0,0,0,50.97
2008,12,5,6,30,13.9,0,0,0,0,0,0,54.29
2008,12,5,7,30,12.8,0,0,0,0,0,0,58.69
2008,12,5,8,30,11.9,0,0,0,0,0,0,63.15
2008,12,5,9,30,11.100000000000001,0,0,0,0,0,0,68.1
2008,12,5,10,30,10.3,0,0,0,0,0,0,73.49
2008,12,5,11,30,9.3,0,0,0,0,0,0,80.37
2008,12,5,12,30,8.5,0,0,0,0,0,0,86.78
2008,12,5,13,30,10,18,31,274,274,18,31,80.43
2008,12,5,14,30,13.600000000000001,52,239,723,723,52,239,67.75
2008,12,5,15,30,17.900000000000002,66,459,886,886,66,459,51.09
2008,12,5,16,30,21.700000000000003,72,642,964,964,72,642,33.56
2008,12,5,17,30,23.8,75,766,1001,207,415,558,26.02
2008,12,5,18,30,24.8,75,818,1014,1014,75,818,23.73
2008,12,5,19,30,25.400000000000002,73,798,1011,1011,73,798,23.14
2008,12,5,20,30,25.5,70,705,987,987,70,705,23.650000000000002
2008,12,5,21,30,25,66,545,929,929,66,545,24.48
2008,12,5,22,30,23.400000000000002,55,340,824,824,55,340,26.91
2008,12,5,23,30,20.700000000000003,35,115,565,16,74,77,41.32
2008,12,6,0,30,18.5,0,0,0,0,0,0,46.26
2008,12,6,1,30,17.400000000000002,0,0,0,0,0,0,48.15
2008,12,6,2,30,16.2,0,0,0,0,0,0,52.33
2008,12,6,3,30,15,0,0,0,0,0,0,57.01
2008,12,6,4,30,14,0,0,0,0,0,0,60.410000000000004
2008,12,6,5,30,13.3,0,0,0,0,0,0,62.89
2008,12,6,6,30,12.8,0,0,0,0,0,0,64.75
2008,12,6,7,30,12.4,0,0,0,0,0,0,66.21000000000001
2008,12,6,8,30,12,0,0,0,0,0,0,67.73
2008,12,6,9,30,11.5,0,0,0,0,0,0,70.21000000000001
2008,12,6,10,30,11,0,0,0,0,0,0,72.60000000000001
2008,12,6,11,30,10.4,0,0,0,0,0,0,75.57000000000001
2008,12,6,12,30,9.8,0,0,0,0,0,0,78.48
2008,12,6,13,30,11.200000000000001,17,29,272,272,17,29,71.88
2008,12,6,14,30,14.700000000000001,50,233,719,719,50,233,60.56
2008,12,6,15,30,18.8,64,451,876,876,64,451,46.96
2008,12,6,16,30,22.3,72,632,950,950,72,632,35.31
2008,12,6,17,30,24.400000000000002,77,755,984,984,77,755,29.21
2008,12,6,18,30,25.6,79,806,993,993,79,806,26.91
2008,12,6,19,30,26.3,79,785,986,986,79,785,25.95
2008,12,6,20,30,26.400000000000002,77,692,957,957,77,692,25.51
2008,12,6,21,30,26.1,71,534,898,898,71,534,25.740000000000002
2008,12,6,22,30,24.8,59,331,789,789,59,331,27.11
2008,12,6,23,30,22.6,36,111,526,219,71,102,37.730000000000004
2008,12,7,0,30,20.6,0,0,0,0,0,0,40.93
2008,12,7,1,30,19.200000000000003,0,0,0,0,0,0,40.75
2008,12,7,2,30,18,0,0,0,0,0,0,43.94
2008,12,7,3,30,17,0,0,0,0,0,0,46.96
2008,12,7,4,30,16.2,0,0,0,0,0,0,49.65
2008,12,7,5,30,15.3,0,0,0,0,0,0,53.14
2008,12,7,6,30,14.5,0,0,0,0,0,0,56.56
2008,12,7,7,30,13.5,0,0,0,0,0,0,60.92
2008,12,7,8,30,12.4,0,0,0,0,0,0,66.04
2008,12,7,9,30,11.4,0,0,0,0,0,0,71.35000000000001
2008,12,7,10,30,10.5,0,0,0,0,0,0,76.82000000000001
2008,12,7,11,30,9.700000000000001,0,0,0,0,0,0,82.62
2008,12,7,12,30,9.4,0,0,0,0,0,0,86.5
2008,12,7,13,30,11,18,27,207,207,18,27,80.77
2008,12,7,14,30,14.5,61,222,636,636,61,222,68.82000000000001
2008,12,7,15,30,18.3,84,435,798,310,195,332,56.22
2008,12,7,16,30,22,95,612,879,279,327,491,43.410000000000004
2008,12,7,17,30,24.400000000000002,101,734,921,260,396,574,35.300000000000004
2008,12,7,18,30,25.8,95,792,955,259,422,611,31.93
2008,12,7,19,30,26.400000000000002,95,773,948,787,139,702,30.51
2008,12,7,20,30,26.5,92,679,915,581,191,563,29.66
2008,12,7,21,30,25.900000000000002,88,524,845,295,241,393,30.44
2008,12,7,22,30,24.5,75,322,715,28,185,195,33.5
2008,12,7,23,30,22.3,45,107,430,181,74,100,45.17
2008,12,8,0,30,20.400000000000002,0,0,0,0,0,0,51.480000000000004
2008,12,8,1,30,19,0,0,0,0,0,0,55.11
2008,12,8,2,30,17.900000000000002,0,0,0,0,0,0,60.24
2008,12,8,3,30,16.900000000000002,0,0,0,0,0,0,65.63
2008,12,8,4,30,16.1,0,0,0,0,0,0,70.73
2008,12,8,5,30,15.5,0,0,0,0,0,0,75.37
2008,12,8,6,30,15,0,0,0,0,0,0,79.24
2008,12,8,7,30,14.600000000000001,0,0,0,0,0,0,82.06
2008,12,8,8,30,14.4,0,0,0,0,0,0,83.21000000000001
2008,12,8,9,30,14.3,0,0,0,0,0,0,83.3
2008,12,8,10,30,14.4,0,0,0,0,0,0,82.36
2008,12,8,11,30,14.200000000000001,0,0,0,0,0,0,82.76
2008,12,8,12,30,14,0,0,0,0,0,0,83.32000000000001
2008,12,8,13,30,14.8,17,23,166,166,17,23,78.69
2008,12,8,14,30,17.6,58,218,635,635,58,218,67.95
2008,12,8,15,30,20.900000000000002,78,432,809,137,254,314,49.79
2008,12,8,16,30,22.700000000000003,89,610,889,889,89,610,39
2008,12,8,17,30,23.6,95,730,926,926,95,730,36.36
2008,12,8,18,30,24.400000000000002,95,785,946,681,180,676,34.730000000000004
2008,12,8,19,30,24.900000000000002,94,767,942,561,237,637,33.910000000000004
2008,12,8,20,30,24.8,87,679,923,634,177,584,34.03
2008,12,8,21,30,24.200000000000003,79,527,869,500,176,434,34.660000000000004
2008,12,8,22,30,22.8,65,326,754,35,189,201,37.35
2008,12,8,23,30,19.700000000000003,39,110,488,488,39,110,50.34
2008,12,9,0,30,17,0,0,0,0,0,0,61.1
2008,12,9,1,30,16.1,0,0,0,0,0,0,63.49
2008,12,9,2,30,15.600000000000001,0,0,0,0,0,0,65.82000000000001
2008,12,9,3,30,15.100000000000001,0,0,0,0,0,0,67.9
2008,12,9,4,30,14.600000000000001,0,0,0,0,0,0,70.09
2008,12,9,5,30,13.9,0,0,0,0,0,0,72.62
2008,12,9,6,30,13.4,0,0,0,0,0,0,74.16
2008,12,9,7,30,13.200000000000001,0,0,0,0,0,0,74.39
2008,12,9,8,30,13.200000000000001,0,0,0,0,0,0,74.05
2008,12,9,9,30,13,0,0,0,0,0,0,73.83
2008,12,9,10,30,12.700000000000001,0,0,0,0,0,0,73.93
2008,12,9,11,30,12.5,0,0,0,0,0,0,73.62
2008,12,9,12,30,12.3,0,0,0,0,0,0,73.22
2008,12,9,13,30,13.200000000000001,16,23,192,192,16,23,67.84
2008,12,9,14,30,15.9,55,221,671,671,55,221,60.53
2008,12,9,15,30,19.3,71,440,847,847,71,440,43.43
2008,12,9,16,30,21.8,80,622,929,929,80,622,29.52
2008,12,9,17,30,22.900000000000002,84,748,971,676,172,634,26.6
2008,12,9,18,30,23.400000000000002,84,805,990,294,352,566,25.61
2008,12,9,19,30,23.200000000000003,83,784,983,673,189,669,25.8
2008,12,9,20,30,22.6,78,695,963,963,78,695,26.84
2008,12,9,21,30,22.200000000000003,69,542,917,476,191,437,28.27
2008,12,9,22,30,21,58,340,814,542,120,308,31.39
2008,12,9,23,30,17.900000000000002,36,117,556,556,36,117,44.64
2008,12,10,0,30,15.200000000000001,0,0,0,0,0,0,55.46
2008,12,10,1,30,14.4,0,0,0,0,0,0,58.22
2008,12,10,2,30,14,0,0,0,0,0,0,60.45
2008,12,10,3,30,13.8,0,0,0,0,0,0,61.89
2008,12,10,4,30,13.5,0,0,0,0,0,0,63.81
2008,12,10,5,30,13,0,0,0,0,0,0,66.02
2008,12,10,6,30,12.700000000000001,0,0,0,0,0,0,67.55
2008,12,10,7,30,12.5,0,0,0,0,0,0,69.56
2008,12,10,8,30,12.200000000000001,0,0,0,0,0,0,72.09
2008,12,10,9,30,11.8,0,0,0,0,0,0,75.05
2008,12,10,10,30,11.3,0,0,0,0,0,0,78.49
2008,12,10,11,30,10.600000000000001,0,0,0,0,0,0,83.02
2008,12,10,12,30,9.9,0,0,0,0,0,0,88.11
2008,12,10,13,30,11.100000000000001,15,25,287,287,15,25,82.73
2008,12,10,14,30,14.3,45,230,752,752,45,230,70.09
2008,12,10,15,30,18,56,454,918,918,56,454,50.33
2008,12,10,16,30,21,61,637,991,400,287,519,32.480000000000004
2008,12,10,17,30,22.8,64,767,1030,1030,64,767,25.84
2008,12,10,18,30,24,63,827,1052,629,235,692,22.64
2008,12,10,19,30,24.8,62,809,1048,1048,62,809,20.67
2008,12,10,20,30,25.1,61,722,1032,1032,61,722,19.7
2008,12,10,21,30,24.700000000000003,58,565,984,984,58,565,19.67
2008,12,10,22,30,23.1,49,358,888,888,49,358,21.46
2008,12,10,23,30,19.8,32,128,651,108,79,95,35.99
2008,12,11,0,30,17,0,0,0,0,0,0,40.14
2008,12,11,1,30,15.600000000000001,0,0,0,0,0,0,42.45
2008,12,11,2,30,14.4,0,0,0,0,0,0,47.35
2008,12,11,3,30,13.200000000000001,0,0,0,0,0,0,52.04
2008,12,11,4,30,11.9,0,0,0,0,0,0,55.26
2008,12,11,5,30,10.600000000000001,0,0,0,0,0,0,57.58
2008,12,11,6,30,9.4,0,0,0,0,0,0,58.96
2008,12,11,7,30,8.3,0,0,0,0,0,0,59.08
2008,12,11,8,30,7.300000000000001,0,0,0,0,0,0,58.28
2008,12,11,9,30,6.4,0,0,0,0,0,0,58.22
2008,12,11,10,30,5.7,0,0,0,0,0,0,58.11
2008,12,11,11,30,5.2,0,0,0,0,0,0,57.79
2008,12,11,12,30,4.800000000000001,0,0,0,0,0,0,57.97
2008,12,11,13,30,5.9,14,25,328,328,14,25,53.17
2008,12,11,14,30,9.200000000000001,42,237,799,338,109,192,42.49
2008,12,11,15,30,13.200000000000001,55,463,946,196,218,303,31.88
2008,12,11,16,30,17,63,650,1011,252,274,420,24.02
2008,12,11,17,30,20,69,773,1034,449,295,600,19.3
2008,12,11,18,30,21.900000000000002,74,829,1041,231,368,536,17.44
2008,12,11,19,30,22.8,74,812,1036,201,376,519,16.37
2008,12,11,20,30,22.900000000000002,71,716,1007,538,221,565,16.26
2008,12,11,21,30,22.3,68,558,949,342,247,424,18.11
2008,12,11,22,30,21.1,59,351,840,840,59,351,23.72
2008,12,11,23,30,19.700000000000003,38,123,575,2,42,43,32.32
2008,12,12,0,30,18.6,0,0,0,0,0,0,26.04
2008,12,12,1,30,17.7,0,0,0,0,0,0,25.85
2008,12,12,2,30,16.6,0,0,0,0,0,0,27.46
2008,12,12,3,30,15.5,0,0,0,0,0,0,28.96
2008,12,12,4,30,14.3,0,0,0,0,0,0,31.95
2008,12,12,5,30,12.9,0,0,0,0,0,0,36.18
2008,12,12,6,30,11.3,0,0,0,0,0,0,42.46
2008,12,12,7,30,10,0,0,0,0,0,0,48.32
2008,12,12,8,30,8.700000000000001,0,0,0,0,0,0,55.35
2008,12,12,9,30,7.7,0,0,0,0,0,0,61.02
2008,12,12,10,30,6.800000000000001,0,0,0,0,0,0,64.63
2008,12,12,11,30,5.9,0,0,0,0,0,0,67.59
2008,12,12,12,30,5.300000000000001,0,0,0,0,0,0,68.92
2008,12,12,13,30,6.5,14,21,213,213,14,21,62.5
2008,12,12,14,30,9.9,51,223,712,712,51,223,49.35
2008,12,12,15,30,14.4,68,446,882,882,68,446,37.04
2008,12,12,16,30,19.200000000000003,77,628,954,954,77,628,26.91
2008,12,12,17,30,22.400000000000002,83,755,990,990,83,755,20.46
2008,12,12,18,30,24,83,813,1007,1007,83,813,19.54
2008,12,12,19,30,24.900000000000002,84,796,1001,1001,84,796,18.62
2008,12,12,20,30,25,81,705,974,974,81,705,18.05
2008,12,12,21,30,24.400000000000002,74,548,916,916,74,548,18.34
2008,12,12,22,30,22.8,63,344,805,805,63,344,21.03
2008,12,12,23,30,20.3,39,120,542,542,39,120,35.230000000000004
2008,12,13,0,30,18.2,0,0,0,0,0,0,36.800000000000004
2008,12,13,1,30,16.900000000000002,0,0,0,0,0,0,40.69
2008,12,13,2,30,15.600000000000001,0,0,0,0,0,0,44.49
2008,12,13,3,30,14.600000000000001,0,0,0,0,0,0,48.14
2008,12,13,4,30,13.9,0,0,0,0,0,0,53.18
2008,12,13,5,30,13.4,0,0,0,0,0,0,57.25
2008,12,13,6,30,12.9,0,0,0,0,0,0,60.38
2008,12,13,7,30,12.200000000000001,0,0,0,0,0,0,63.440000000000005
2008,12,13,8,30,11.200000000000001,0,0,0,0,0,0,67.33
2008,12,13,9,30,10.3,0,0,0,0,0,0,70.49
2008,12,13,10,30,9.600000000000001,0,0,0,0,0,0,72.5
2008,12,13,11,30,9,0,0,0,0,0,0,74.36
2008,12,13,12,30,8.6,0,0,0,0,0,0,75.78
2008,12,13,13,30,9.8,13,19,197,0,11,11,70.09
2008,12,13,14,30,12.700000000000001,50,218,702,127,128,158,61.49
2008,12,13,15,30,16.5,66,440,877,140,252,312,47.800000000000004
2008,12,13,16,30,19.900000000000002,74,625,956,308,319,497,38.76
2008,12,13,17,30,21.8,78,753,996,647,208,647,34.06
2008,12,13,18,30,22.8,87,809,998,669,205,689,31.970000000000002
2008,12,13,19,30,23.1,86,793,996,996,86,793,30.61
2008,12,13,20,30,22.900000000000002,81,701,967,967,81,701,30.330000000000002
2008,12,13,21,30,22.200000000000003,71,549,924,389,258,459,31.330000000000002
2008,12,13,22,30,20.5,60,346,820,820,60,346,35.68
2008,12,13,23,30,17.6,38,123,567,22,81,84,51.550000000000004
2008,12,14,0,30,15.3,0,0,0,0,0,0,56.620000000000005
2008,12,14,1,30,14.200000000000001,0,0,0,0,0,0,58.61
2008,12,14,2,30,13.4,0,0,0,0,0,0,61.230000000000004
2008,12,14,3,30,12.700000000000001,0,0,0,0,0,0,63.52
2008,12,14,4,30,12.3,0,0,0,0,0,0,64.11
2008,12,14,5,30,12.100000000000001,0,0,0,0,0,0,63.57
2008,12,14,6,30,11.9,0,0,0,0,0,0,63.04
2008,12,14,7,30,11.600000000000001,0,0,0,0,0,0,63.35
2008,12,14,8,30,11,0,0,0,0,0,0,65.28
2008,12,14,9,30,10.200000000000001,0,0,0,0,0,0,68.4
2008,12,14,10,30,9.4,0,0,0,0,0,0,71.83
2008,12,14,11,30,8.6,0,0,0,0,0,0,75.94
2008,12,14,12,30,8,0,0,0,0,0,0,79.25
2008,12,14,13,30,9.4,13,21,277,277,13,21,72.78
2008,12,14,14,30,12.9,44,227,769,769,44,227,61.9
2008,12,14,15,30,17.5,57,451,928,141,256,315,43.83
2008,12,14,16,30,21.400000000000002,63,635,994,252,335,480,23.12
2008,12,14,17,30,23.400000000000002,67,763,1029,1029,67,763,18.96
2008,12,14,18,30,24.700000000000003,68,822,1044,1044,68,822,18.05
2008,12,14,19,30,25.400000000000002,67,807,1040,1040,67,807,17.51
2008,12,14,20,30,25.400000000000002,65,714,1013,1013,65,714,17.92
2008,12,14,21,30,24.900000000000002,60,560,965,965,60,560,18.76
2008,12,14,22,30,22.900000000000002,51,356,869,869,51,356,22.16
2008,12,14,23,30,19.200000000000003,34,129,634,634,34,129,40.160000000000004
2008,12,15,0,30,16.3,0,0,0,0,0,0,45.15
2008,12,15,1,30,15.3,0,0,0,0,0,0,45.76
2008,12,15,2,30,14.700000000000001,0,0,0,0,0,0,45.34
2008,12,15,3,30,14.3,0,0,0,0,0,0,45.64
2008,12,15,4,30,14.200000000000001,0,0,0,0,0,0,45.64
2008,12,15,5,30,13.9,0,0,0,0,0,0,46.15
2008,12,15,6,30,13.4,0,0,0,0,0,0,47.67
2008,12,15,7,30,12.9,0,0,0,0,0,0,49.06
2008,12,15,8,30,12.200000000000001,0,0,0,0,0,0,50.96
2008,12,15,9,30,11.4,0,0,0,0,0,0,53.63
2008,12,15,10,30,10.600000000000001,0,0,0,0,0,0,56.620000000000005
2008,12,15,11,30,9.8,0,0,0,0,0,0,59.92
2008,12,15,12,30,9.1,0,0,0,0,0,0,62.77
2008,12,15,13,30,10.4,12,19,242,242,12,19,58.01
2008,12,15,14,30,13.8,45,219,741,741,45,219,52.02
2008,12,15,15,30,17.900000000000002,60,442,901,901,60,442,39.13
2008,12,15,16,30,22,69,627,974,974,69,627,30.26
2008,12,15,17,30,24.700000000000003,74,756,1009,155,411,516,23.17
2008,12,15,18,30,26.1,75,812,1020,209,437,588,19.740000000000002
2008,12,15,19,30,26.8,76,797,1015,1015,76,797,18.150000000000002
2008,12,15,20,30,26.8,73,708,991,991,73,708,17.85
2008,12,15,21,30,26.3,67,556,942,942,67,556,18.25
2008,12,15,22,30,24.6,57,352,839,839,57,352,21.57
2008,12,15,23,30,22.1,37,127,592,592,37,127,37.07
2008,12,16,0,30,20.200000000000003,0,0,0,0,0,0,36.35
2008,12,16,1,30,19.400000000000002,0,0,0,0,0,0,36.660000000000004
2008,12,16,2,30,18.900000000000002,0,0,0,0,0,0,36.51
2008,12,16,3,30,18.6,0,0,0,0,0,0,35.37
2008,12,16,4,30,17.8,0,0,0,0,0,0,35.88
2008,12,16,5,30,16.7,0,0,0,0,0,0,38.33
2008,12,16,6,30,15.5,0,0,0,0,0,0,42.410000000000004
2008,12,16,7,30,14.5,0,0,0,0,0,0,46.39
2008,12,16,8,30,13.9,0,0,0,0,0,0,49.27
2008,12,16,9,30,13.600000000000001,0,0,0,0,0,0,50.94
2008,12,16,10,30,13.200000000000001,0,0,0,0,0,0,52.800000000000004
2008,12,16,11,30,12.600000000000001,0,0,0,0,0,0,55.620000000000005
2008,12,16,12,30,11.9,0,0,0,0,0,0,59.2
2008,12,16,13,30,12.5,12,15,142,0,9,9,58.27
2008,12,16,14,30,15.100000000000001,55,205,643,0,61,61,55.57
2008,12,16,15,30,19,74,423,827,20,207,215,41.25
2008,12,16,16,30,23.1,85,605,908,327,255,442,29.68
2008,12,16,17,30,25.5,92,733,949,606,221,629,23.490000000000002
2008,12,16,18,30,26.5,98,790,959,571,256,668,22.13
2008,12,16,19,30,26.900000000000002,100,776,951,587,234,651,21.87
2008,12,16,20,30,26.8,98,688,921,595,199,581,22.31
2008,12,16,21,30,26.1,106,528,813,206,279,385,23.42
2008,12,16,22,30,24.400000000000002,89,328,679,75,182,209,26.92
2008,12,16,23,30,21.700000000000003,52,113,397,38,86,92,43.47
2008,12,17,0,30,19.400000000000002,0,0,0,0,0,0,45.99
2008,12,17,1,30,17.8,0,0,0,0,0,0,49.42
2008,12,17,2,30,16.6,0,0,0,0,0,0,52.08
2008,12,17,3,30,15.700000000000001,0,0,0,0,0,0,54.050000000000004
2008,12,17,4,30,15,0,0,0,0,0,0,56.67
2008,12,17,5,30,14.600000000000001,0,0,0,0,0,0,58.39
2008,12,17,6,30,14.3,0,0,0,0,0,0,59.68
2008,12,17,7,30,14,0,0,0,0,0,0,60.79
2008,12,17,8,30,13.700000000000001,0,0,0,0,0,0,61.78
2008,12,17,9,30,13.100000000000001,0,0,0,0,0,0,63.81
2008,12,17,10,30,12.4,0,0,0,0,0,0,66.18
2008,12,17,11,30,11.600000000000001,0,0,0,0,0,0,69.11
2008,12,17,12,30,11,0,0,0,0,0,0,71.36
2008,12,17,13,30,12.200000000000001,11,13,82,82,11,13,65.97
2008,12,17,14,30,15.4,62,195,574,574,62,195,58.13
2008,12,17,15,30,19.6,86,411,774,774,86,411,43.54
2008,12,17,16,30,23.1,97,594,872,872,97,594,32.18
2008,12,17,17,30,24.900000000000002,105,724,920,920,105,724,28.26
2008,12,17,18,30,26,82,797,992,129,419,512,26.61
2008,12,17,19,30,26.400000000000002,82,782,986,200,426,567,26.240000000000002
2008,12,17,20,30,26.400000000000002,80,696,959,959,80,696,26.5
2008,12,17,21,30,25.8,74,543,900,900,74,543,27.560000000000002
2008,12,17,22,30,24.1,63,344,793,793,63,344,30.95
2008,12,17,23,30,20.8,40,124,541,541,40,124,46.25
2008,12,18,0,30,17.900000000000002,0,0,0,0,0,0,54.7
2008,12,18,1,30,16.7,0,0,0,0,0,0,56.99
2008,12,18,2,30,15.9,0,0,0,0,0,0,59.27
2008,12,18,3,30,15.200000000000001,0,0,0,0,0,0,62.56
2008,12,18,4,30,14.600000000000001,0,0,0,0,0,0,65.62
2008,12,18,5,30,14.200000000000001,0,0,0,0,0,0,67.76
2008,12,18,6,30,13.8,0,0,0,0,0,0,69.7
2008,12,18,7,30,13.600000000000001,0,0,0,0,0,0,70.5
2008,12,18,8,30,13.200000000000001,0,0,0,0,0,0,72.10000000000001
2008,12,18,9,30,12.8,0,0,0,0,0,0,73.47
2008,12,18,10,30,12.3,0,0,0,0,0,0,75.2
2008,12,18,11,30,11.8,0,0,0,0,0,0,77
2008,12,18,12,30,11.4,0,0,0,0,0,0,78.23
2008,12,18,13,30,12.700000000000001,11,14,142,142,11,14,71.25
2008,12,18,14,30,16,50,201,660,660,50,201,60.2
2008,12,18,15,30,20,67,418,839,839,67,418,46.31
2008,12,18,16,30,23.3,77,601,921,921,77,601,35.51
2008,12,18,17,30,25,83,729,961,961,83,729,31.59
2008,12,18,18,30,26.1,86,789,976,976,86,789,28.830000000000002
2008,12,18,19,30,26.6,87,775,968,968,87,775,27.77
2008,12,18,20,30,26.6,87,689,938,938,87,689,27.54
2008,12,18,21,30,26.1,84,538,871,871,84,538,28.18
2008,12,18,22,30,24.5,70,341,763,763,70,341,30.8
2008,12,18,23,30,21.5,44,123,505,505,44,123,45.68
2008,12,19,0,30,19,0,0,0,0,0,0,51.7
2008,12,19,1,30,17.8,0,0,0,0,0,0,52.85
2008,12,19,2,30,16.900000000000002,0,0,0,0,0,0,53.46
2008,12,19,3,30,16,0,0,0,0,0,0,55.63
2008,12,19,4,30,15.100000000000001,0,0,0,0,0,0,58.18
2008,12,19,5,30,14.3,0,0,0,0,0,0,60.5
2008,12,19,6,30,13.5,0,0,0,0,0,0,63.07
2008,12,19,7,30,12.9,0,0,0,0,0,0,64.94
2008,12,19,8,30,12.200000000000001,0,0,0,0,0,0,67.31
2008,12,19,9,30,11.600000000000001,0,0,0,0,0,0,69.34
2008,12,19,10,30,11,0,0,0,0,0,0,71.68
2008,12,19,11,30,10.4,0,0,0,0,0,0,74.06
2008,12,19,12,30,10,0,0,0,0,0,0,75.57000000000001
2008,12,19,13,30,11.5,10,13,139,139,10,13,68.38
2008,12,19,14,30,15,53,200,646,646,53,200,56.85
2008,12,19,15,30,19.3,75,416,817,817,75,416,43.81
2008,12,19,16,30,23.5,92,600,895,895,92,600,33.2
2008,12,19,17,30,26,104,729,930,930,104,729,28.16
2008,12,19,18,30,27.400000000000002,75,807,1018,1018,75,807,24.310000000000002
2008,12,19,19,30,28.1,75,795,1013,1013,75,795,21.84
2008,12,19,20,30,28.400000000000002,74,706,984,984,74,706,20.490000000000002
2008,12,19,21,30,28,73,553,919,919,73,553,20.240000000000002
2008,12,19,22,30,26.700000000000003,64,349,800,800,64,349,21.79
2008,12,19,23,30,24.200000000000003,42,127,538,538,42,127,33.44
2008,12,20,0,30,21.8,0,0,0,0,0,0,36.68
2008,12,20,1,30,20.1,0,0,0,0,0,0,40.87
2008,12,20,2,30,18.8,0,0,0,0,0,0,44.75
2008,12,20,3,30,17.7,0,0,0,0,0,0,47.89
2008,12,20,4,30,16.7,0,0,0,0,0,0,49.07
2008,12,20,5,30,15.600000000000001,0,0,0,0,0,0,52.72
2008,12,20,6,30,14.5,0,0,0,0,0,0,56.77
2008,12,20,7,30,13.3,0,0,0,0,0,0,61.660000000000004
2008,12,20,8,30,12.200000000000001,0,0,0,0,0,0,66.7
2008,12,20,9,30,11.3,0,0,0,0,0,0,71.66
2008,12,20,10,30,10.600000000000001,0,0,0,0,0,0,76.47
2008,12,20,11,30,9.9,0,0,0,0,0,0,82.24
2008,12,20,12,30,9.5,0,0,0,0,0,0,87.03
2008,12,20,13,30,11.100000000000001,0,0,0,0,0,0,80.93
2008,12,20,14,30,14.5,65,189,551,551,65,189,68.49
2008,12,20,15,30,18.5,87,404,764,764,87,404,55.120000000000005
2008,12,20,16,30,22.400000000000002,97,592,873,873,97,592,43.09
2008,12,20,17,30,25,102,723,926,926,102,723,34.1
2008,12,20,18,30,26.5,104,785,945,945,104,785,30.23
2008,12,20,19,30,27.200000000000003,103,773,943,943,103,773,27.71
2008,12,20,20,30,27.400000000000002,99,689,917,917,99,689,26.17
2008,12,20,21,30,27.1,75,549,905,905,75,549,25.55
2008,12,20,22,30,25.900000000000002,64,351,801,801,64,351,26.37
2008,12,20,23,30,23.700000000000003,41,130,553,553,41,130,36.06
2008,12,21,0,30,21.6,0,0,0,0,0,0,38.93
2008,12,21,1,30,19.900000000000002,0,0,0,0,0,0,43.52
2008,12,21,2,30,18.3,0,0,0,0,0,0,49.36
2008,12,21,3,30,17,0,0,0,0,0,0,54.6
2008,12,21,4,30,15.9,0,0,0,0,0,0,61.31
2008,12,21,5,30,15.100000000000001,0,0,0,0,0,0,66.84
2008,12,21,6,30,14.4,0,0,0,0,0,0,71.34
2008,12,21,7,30,13.8,0,0,0,0,0,0,74.56
2008,12,21,8,30,13.3,0,0,0,0,0,0,76.27
2008,12,21,9,30,13,0,0,0,0,0,0,75.91
2008,12,21,10,30,12.700000000000001,0,0,0,0,0,0,75.08
2008,12,21,11,30,12.3,0,0,0,0,0,0,74.63
2008,12,21,12,30,11.8,0,0,0,0,0,0,74.79
2008,12,21,13,30,12.700000000000001,0,0,0,0,0,0,68.55
2008,12,21,14,30,15.3,48,202,686,686,48,202,58.6
2008,12,21,15,30,19.3,64,423,870,870,64,423,43.86
2008,12,21,16,30,23,72,615,960,960,72,615,32.34
2008,12,21,17,30,25.200000000000003,75,747,1002,1002,75,747,25.88
2008,12,21,18,30,26.6,77,815,1026,1026,77,815,22.32
2008,12,21,19,30,27.3,75,804,1024,1024,75,804,19.27
2008,12,21,20,30,27.400000000000002,73,719,1003,1003,73,719,17.01
2008,12,21,21,30,26.900000000000002,69,571,957,957,69,571,15.9
2008,12,21,22,30,25.400000000000002,59,366,853,853,59,366,16.75
2008,12,21,23,30,22.8,39,138,610,610,39,138,29.38
2008,12,22,0,30,20.700000000000003,0,0,0,0,0,0,28.990000000000002
2008,12,22,1,30,19.3,0,0,0,0,0,0,28.8
2008,12,22,2,30,17.8,0,0,0,0,0,0,32.78
2008,12,22,3,30,15.9,0,0,0,0,0,0,38.980000000000004
2008,12,22,4,30,14.200000000000001,0,0,0,0,0,0,46.19
2008,12,22,5,30,12.5,0,0,0,0,0,0,54.24
2008,12,22,6,30,10.8,0,0,0,0,0,0,64.62
2008,12,22,7,30,9.600000000000001,0,0,0,0,0,0,75.78
2008,12,22,8,30,8.8,0,0,0,0,0,0,84.43
2008,12,22,9,30,8.5,0,0,0,0,0,0,88.22
2008,12,22,10,30,8.5,0,0,0,0,0,0,89.81
2008,12,22,11,30,8.700000000000001,0,0,0,0,0,0,90.41
2008,12,22,12,30,9,0,0,0,0,0,0,89.98
2008,12,22,13,30,10.3,0,0,0,0,0,0,83.69
2008,12,22,14,30,13,79,177,443,0,37,37,71.49
2008,12,22,15,30,16.3,111,389,673,2,157,158,60.84
2008,12,22,16,30,19.5,126,573,792,792,126,573,53.47
2008,12,22,17,30,21.700000000000003,132,702,851,851,132,702,47.300000000000004
2008,12,22,18,30,22.900000000000002,135,763,872,872,135,763,43.26
2008,12,22,19,30,23.400000000000002,134,752,869,235,430,597,41.160000000000004
2008,12,22,20,30,23.3,129,668,836,836,129,668,40.800000000000004
2008,12,22,21,30,22.700000000000003,124,519,752,752,124,519,41.84
2008,12,22,22,30,21.400000000000002,107,323,599,599,107,323,45.2
2008,12,22,23,30,19.1,64,115,313,313,64,115,55.67
2008,12,23,0,30,17,0,0,0,0,0,0,66.56
2008,12,23,1,30,15.9,0,0,0,0,0,0,71.47
2008,12,23,2,30,14.9,0,0,0,0,0,0,77.11
2008,12,23,3,30,14.100000000000001,0,0,0,0,0,0,82.54
2008,12,23,4,30,13.4,0,0,0,0,0,0,87.83
2008,12,23,5,30,12.8,0,0,0,0,0,0,92.42
2008,12,23,6,30,12.3,0,0,0,0,0,0,96.05
2008,12,23,7,30,11.9,0,0,0,0,0,0,98.71000000000001
2008,12,23,8,30,11.600000000000001,0,0,0,0,0,0,100
2008,12,23,9,30,11.600000000000001,0,0,0,0,0,0,100
2008,12,23,10,30,11.700000000000001,0,0,0,0,0,0,98.87
2008,12,23,11,30,11.700000000000001,0,0,0,0,0,0,98.11
2008,12,23,12,30,11.700000000000001,0,0,0,0,0,0,97.13
2008,12,23,13,30,12.5,0,0,0,0,0,0,91.17
2008,12,23,14,30,15.100000000000001,56,191,611,611,56,191,77.23
2008,12,23,15,30,18.5,70,413,837,837,70,413,58.32
2008,12,23,16,30,21.1,76,600,930,930,76,600,38.980000000000004
2008,12,23,17,30,22.400000000000002,80,732,975,975,80,732,34.480000000000004
2008,12,23,18,30,23.3,80,796,995,995,80,796,32.21
2008,12,23,19,30,23.8,80,786,992,992,80,786,30.77
2008,12,23,20,30,23.700000000000003,77,701,967,967,77,701,30.41
2008,12,23,21,30,23.200000000000003,70,557,924,924,70,557,30.63
2008,12,23,22,30,21.8,59,359,827,827,59,359,32.4
2008,12,23,23,30,18.6,39,138,601,601,39,138,42.69
2008,12,24,0,30,15.600000000000001,0,0,0,0,0,0,54.47
2008,12,24,1,30,14.5,0,0,0,0,0,0,56.81
2008,12,24,2,30,13.700000000000001,0,0,0,0,0,0,58.96
2008,12,24,3,30,13,0,0,0,0,0,0,60.86
2008,12,24,4,30,12.4,0,0,0,0,0,0,62.74
2008,12,24,5,30,11.9,0,0,0,0,0,0,64.24
2008,12,24,6,30,11.700000000000001,0,0,0,0,0,0,64.64
2008,12,24,7,30,11.5,0,0,0,0,0,0,65.15
2008,12,24,8,30,11.4,0,0,0,0,0,0,65.55
2008,12,24,9,30,11.200000000000001,0,0,0,0,0,0,66.42
2008,12,24,10,30,11,0,0,0,0,0,0,67.44
2008,12,24,11,30,10.700000000000001,0,0,0,0,0,0,69.15
2008,12,24,12,30,10.3,0,0,0,0,0,0,71.67
2008,12,24,13,30,11.5,0,0,0,0,0,0,67.09
2008,12,24,14,30,14.700000000000001,44,198,703,703,44,198,58.65
2008,12,24,15,30,18.8,59,417,874,874,59,417,43.01
2008,12,24,16,30,21.900000000000002,67,603,952,952,67,603,31.77
2008,12,24,17,30,23.6,73,734,988,215,396,540,26.86
2008,12,24,18,30,24.6,77,795,998,998,77,795,24.69
2008,12,24,19,30,25.1,79,784,991,991,79,784,23.85
2008,12,24,20,30,25.1,78,701,963,963,78,701,23.75
2008,12,24,21,30,24.700000000000003,73,554,910,910,73,554,24.17
2008,12,24,22,30,23.5,63,357,806,806,63,357,25.54
2008,12,24,23,30,21.400000000000002,42,136,563,563,42,136,35
2008,12,25,0,30,19.6,0,0,0,0,0,0,38.22
2008,12,25,1,30,18.5,0,0,0,0,0,0,39.81
2008,12,25,2,30,17.6,0,0,0,0,0,0,41.53
2008,12,25,3,30,17.1,0,0,0,0,0,0,42.37
2008,12,25,4,30,16.6,0,0,0,0,0,0,43.26
2008,12,25,5,30,15.9,0,0,0,0,0,0,44.84
2008,12,25,6,30,15.200000000000001,0,0,0,0,0,0,46.62
2008,12,25,7,30,14.200000000000001,0,0,0,0,0,0,49.49
2008,12,25,8,30,13.100000000000001,0,0,0,0,0,0,53.2
2008,12,25,9,30,12.100000000000001,0,0,0,0,0,0,56.78
2008,12,25,10,30,11.200000000000001,0,0,0,0,0,0,60.08
2008,12,25,11,30,10.4,0,0,0,0,0,0,63.33
2008,12,25,12,30,9.8,0,0,0,0,0,0,66.09
2008,12,25,13,30,11,0,0,0,0,0,0,62.18
2008,12,25,14,30,14.200000000000001,50,187,627,627,50,187,54.49
2008,12,25,15,30,18.400000000000002,70,405,820,820,70,405,40.93
2008,12,25,16,30,22,81,591,909,909,81,591,30.990000000000002
2008,12,25,17,30,23.900000000000002,88,723,950,950,88,723,27.3
2008,12,25,18,30,24.900000000000002,94,783,957,957,94,783,26.330000000000002
2008,12,25,19,30,25.400000000000002,93,775,957,957,93,775,26.35
2008,12,25,20,30,25.3,89,695,935,935,89,695,27.48
2008,12,25,21,30,24.900000000000002,89,544,858,858,89,544,28.75
2008,12,25,22,30,23.400000000000002,74,349,752,752,74,349,31.62
2008,12,25,23,30,20.6,47,132,503,503,47,132,43.67
2008,12,26,0,30,18.2,0,0,0,0,0,0,52.17
2008,12,26,1,30,17.3,0,0,0,0,0,0,54.53
2008,12,26,2,30,16.5,0,0,0,0,0,0,57.4
2008,12,26,3,30,15.8,0,0,0,0,0,0,59.67
2008,12,26,4,30,15,0,0,0,0,0,0,62.2
2008,12,26,5,30,14.4,0,0,0,0,0,0,64.34
2008,12,26,6,30,13.9,0,0,0,0,0,0,66.22
2008,12,26,7,30,13.600000000000001,0,0,0,0,0,0,67.21000000000001
2008,12,26,8,30,13.3,0,0,0,0,0,0,68.17
2008,12,26,9,30,12.8,0,0,0,0,0,0,70.22
2008,12,26,10,30,12.4,0,0,0,0,0,0,71.95
2008,12,26,11,30,12.3,0,0,0,0,0,0,72.19
2008,12,26,12,30,12.3,0,0,0,0,0,0,71.87
2008,12,26,13,30,13.200000000000001,0,0,0,0,0,0,67.64
2008,12,26,14,30,15.8,51,186,624,33,123,131,60.28
2008,12,26,15,30,19.6,69,404,822,822,69,404,46.13
2008,12,26,16,30,22.700000000000003,79,592,913,913,79,592,35.72
2008,12,26,17,30,24.1,85,723,956,956,85,723,32.2
2008,12,26,18,30,24.900000000000002,85,790,979,979,85,790,30.32
2008,12,26,19,30,25.1,85,780,974,974,85,780,29.85
2008,12,26,20,30,24.900000000000002,82,699,951,951,82,699,30.12
2008,12,26,21,30,24.200000000000003,74,554,903,903,74,554,31.220000000000002
2008,12,26,22,30,22.700000000000003,61,360,810,810,61,360,34.15
2008,12,26,23,30,19.6,40,142,592,592,40,142,44.660000000000004
2008,12,27,0,30,16.7,0,0,0,0,0,0,56.59
2008,12,27,1,30,15.5,0,0,0,0,0,0,59.78
2008,12,27,2,30,14.700000000000001,0,0,0,0,0,0,61.980000000000004
2008,12,27,3,30,13.9,0,0,0,0,0,0,64.36
2008,12,27,4,30,13.200000000000001,0,0,0,0,0,0,66.67
2008,12,27,5,30,12.700000000000001,0,0,0,0,0,0,68.13
2008,12,27,6,30,12.4,0,0,0,0,0,0,68.55
2008,12,27,7,30,12.200000000000001,0,0,0,0,0,0,68.48
2008,12,27,8,30,12.100000000000001,0,0,0,0,0,0,68.25
2008,12,27,9,30,12,0,0,0,0,0,0,68.2
2008,12,27,10,30,11.8,0,0,0,0,0,0,68.8
2008,12,27,11,30,11.4,0,0,0,0,0,0,70.54
2008,12,27,12,30,11.100000000000001,0,0,0,0,0,0,72.16
2008,12,27,13,30,12.100000000000001,0,0,0,0,0,0,67.92
2008,12,27,14,30,15.100000000000001,40,194,714,714,40,194,59.24
2008,12,27,15,30,18.900000000000002,53,414,888,888,53,414,43.56
2008,12,27,16,30,21.6,59,601,966,966,59,601,32.71
2008,12,27,17,30,23.1,64,731,999,999,64,731,29.3
2008,12,27,18,30,24.200000000000003,71,796,1007,1007,71,796,27.04
2008,12,27,19,30,24.700000000000003,71,789,1005,1005,71,789,26.16
2008,12,27,20,30,24.8,70,707,979,979,70,707,26.14
2008,12,27,21,30,24.3,63,563,936,936,63,563,26.990000000000002
2008,12,27,22,30,22.700000000000003,54,366,842,842,54,366,30.3
2008,12,27,23,30,19.700000000000003,37,146,629,629,37,146,43.03
2008,12,28,0,30,17.3,0,0,0,0,0,0,51.4
2008,12,28,1,30,16.3,0,0,0,0,0,0,53.78
2008,12,28,2,30,15.700000000000001,0,0,0,0,0,0,55.86
2008,12,28,3,30,15.3,0,0,0,0,0,0,57.09
2008,12,28,4,30,15.100000000000001,0,0,0,0,0,0,57.78
2008,12,28,5,30,14.9,0,0,0,0,0,0,58.46
2008,12,28,6,30,14.700000000000001,0,0,0,0,0,0,59.160000000000004
2008,12,28,7,30,14.200000000000001,0,0,0,0,0,0,60.83
2008,12,28,8,30,13.700000000000001,0,0,0,0,0,0,62.84
2008,12,28,9,30,13.100000000000001,0,0,0,0,0,0,65.55
2008,12,28,10,30,12.700000000000001,0,0,0,0,0,0,67.46000000000001
2008,12,28,11,30,12.3,0,0,0,0,0,0,69.27
2008,12,28,12,30,11.9,0,0,0,0,0,0,70.87
2008,12,28,13,30,12.700000000000001,0,0,0,0,0,0,67.09
2008,12,28,14,30,14.700000000000001,44,188,674,6,69,70,62.29
2008,12,28,15,30,17.3,60,406,853,413,164,331,51.75
2008,12,28,16,30,20.3,70,593,934,507,211,495,42.82
2008,12,28,17,30,22.5,76,723,969,537,255,614,36.45
2008,12,28,18,30,23.700000000000003,78,787,984,541,274,664,33.32
2008,12,28,19,30,24.3,79,780,980,600,232,661,31.89
2008,12,28,20,30,24.400000000000002,78,700,954,443,268,557,31.67
2008,12,28,21,30,24.1,73,556,903,273,245,391,32.910000000000004
2008,12,28,22,30,23,63,362,804,385,165,308,35.64
2008,12,28,23,30,21.200000000000003,43,144,576,576,43,144,46.04
2008,12,29,0,30,19.700000000000003,0,0,0,0,0,0,46.26
2008,12,29,1,30,18.900000000000002,0,0,0,0,0,0,47.32
2008,12,29,2,30,18.2,0,0,0,0,0,0,48.58
2008,12,29,3,30,17.400000000000002,0,0,0,0,0,0,50.82
2008,12,29,4,30,16.6,0,0,0,0,0,0,53.61
2008,12,29,5,30,15.600000000000001,0,0,0,0,0,0,57.64
2008,12,29,6,30,14.600000000000001,0,0,0,0,0,0,62.38
2008,12,29,7,30,13.700000000000001,0,0,0,0,0,0,67.31
2008,12,29,8,30,13,0,0,0,0,0,0,72.48
2008,12,29,9,30,12.4,0,0,0,0,0,0,77.41
2008,12,29,10,30,11.9,0,0,0,0,0,0,80.98
2008,12,29,11,30,11.600000000000001,0,0,0,0,0,0,83.3
2008,12,29,12,30,11.4,0,0,0,0,0,0,84.57000000000001
2008,12,29,13,30,12.100000000000001,0,0,0,0,0,0,80.49
2008,12,29,14,30,13.9,59,175,543,143,109,140,71.83
2008,12,29,15,30,16.400000000000002,83,388,756,481,151,346,60.97
2008,12,29,16,30,19.400000000000002,94,575,860,229,264,393,50.65
2008,12,29,17,30,21.8,100,706,907,141,370,464,42.660000000000004
2008,12,29,18,30,23.3,103,772,927,448,286,609,38.72
2008,12,29,19,30,23.900000000000002,107,762,915,448,294,615,38.35
2008,12,29,20,30,23.900000000000002,109,682,877,264,324,497,38.300000000000004
2008,12,29,21,30,23.5,92,545,842,230,260,383,39.15
2008,12,29,22,30,22.400000000000002,82,351,716,50,194,212,42.02
2008,12,29,23,30,20.900000000000002,55,136,456,26,90,95,51.77
2008,12,30,0,30,19.6,0,0,0,0,0,0,54.39
2008,12,30,1,30,18.8,0,0,0,0,0,0,55.370000000000005
2008,12,30,2,30,18,0,0,0,0,0,0,57.63
2008,12,30,3,30,17.3,0,0,0,0,0,0,60.53
2008,12,30,4,30,16.400000000000002,0,0,0,0,0,0,65.03
2008,12,30,5,30,15.4,0,0,0,0,0,0,69.88
2008,12,30,6,30,14.200000000000001,0,0,0,0,0,0,75.48
2008,12,30,7,30,13.3,0,0,0,0,0,0,79.92
2008,12,30,8,30,12.600000000000001,0,0,0,0,0,0,83.29
2008,12,30,9,30,12.200000000000001,0,0,0,0,0,0,85.07000000000001
2008,12,30,10,30,11.9,0,0,0,0,0,0,86.75
2008,12,30,11,30,11.8,0,0,0,0,0,0,87.22
2008,12,30,12,30,11.8,0,0,0,0,0,0,87.23
2008,12,30,13,30,12.5,0,0,0,0,0,0,83.28
2008,12,30,14,30,14.200000000000001,89,153,301,103,126,148,74.64
2008,12,30,15,30,16.5,140,356,535,48,198,217,65.31
2008,12,30,16,30,19.1,163,538,670,230,277,406,57.34
2008,12,30,17,30,21.6,172,671,747,333,357,579,49.49
2008,12,30,18,30,23.1,192,731,747,278,385,586,44.44
2008,12,30,19,30,23.3,197,723,734,480,303,648,43.45
2008,12,30,20,30,22.900000000000002,188,648,702,431,300,582,44.03
2008,12,30,21,30,22.3,178,505,607,343,268,452,45.13
2008,12,30,22,30,21.6,142,322,477,143,216,270,47.1
2008,12,30,23,30,20.3,79,122,236,236,79,122,55.230000000000004
2008,12,31,0,30,19.1,0,0,0,0,0,0,58.67
2008,12,31,1,30,18.5,0,0,0,0,0,0,59.14
2008,12,31,2,30,17.8,0,0,0,0,0,0,61
2008,12,31,3,30,16.900000000000002,0,0,0,0,0,0,63.93
2008,12,31,4,30,16.1,0,0,0,0,0,0,67.19
2008,12,31,5,30,15.5,0,0,0,0,0,0,69.77
2008,12,31,6,30,15,0,0,0,0,0,0,71.83
2008,12,31,7,30,14.5,0,0,0,0,0,0,73.95
2008,12,31,8,30,14,0,0,0,0,0,0,76.21000000000001
2008,12,31,9,30,13.4,0,0,0,0,0,0,78.64
2008,12,31,10,30,12.8,0,0,0,0,0,0,80.77
2008,12,31,11,30,12.200000000000001,0,0,0,0,0,0,82.61
2008,12,31,12,30,11.8,0,0,0,0,0,0,83.06
2008,12,31,13,30,13,0,0,0,0,0,0,75.44
2008,12,31,14,30,16.400000000000002,60,171,524,524,60,171,61.7
2008,12,31,15,30,20.200000000000003,84,386,748,748,84,386,48.5
2008,12,31,16,30,23,93,575,862,862,93,575,39.78
2008,12,31,17,30,24.5,97,712,920,920,97,712,35.59
2008,12,31,18,30,25.5,95,781,949,182,431,562,32.4
2008,12,31,19,30,26,94,777,950,950,94,777,30.310000000000002
2008,12,31,20,30,26,91,700,927,927,91,700,29.39
2008,12,31,21,30,25.6,85,555,868,868,85,555,29.3
2008,12,31,22,30,24.5,74,362,761,761,74,362,30.68
2008,12,31,23,30,22.400000000000002,49,146,528,528,49,146,40.230000000000004
