Source,Location ID,City,State,Country,Latitude,Longitude,Time Zone,Elevation,Local Time Zone,Clearsky DHI Units,Clearsky DNI Units,Clearsky GHI Units,Dew Point Units,DHI Units,DNI Units,GHI Units,Solar Zenith Angle Units,Temperature Units,Pressure Units,Relative Humidity Units,Precipitable Water Units,Wind Direction Units,Wind Speed Units,Cloud Type -15,Cloud Type 0,Cloud Type 1,Cloud Type 2,Cloud Type 3,Cloud Type 4,Cloud Type 5,Cloud Type 6,Cloud Type 7,Cloud Type 8,Cloud Type 9,Cloud Type 10,Cloud Type 11,Cloud Type 12,Fill Flag 0,Fill Flag 1,Fill Flag 2,Fill Flag 3,Fill Flag 4,Fill Flag 5,Surface Albedo Units,Version
NSRDB,532706,-,-,-,23.69,-103.14,0,1988,-6,w/m2,w/m2,w/m2,c,w/m2,w/m2,w/m2,Degree,c,mbar,%,cm,Degrees,m/s,N/A,Clear,Probably Clear,Fog,Water,Super-Cooled Water,Mixed,Opaque Ice,Cirrus,Overlapping,Overshooting,Unknown,Dust,Smoke,N/A,Missing Image,Low Irradiance,Exceeds Clearsky,Missing CLoud Properties,Rayleigh Violation,N/A,4.0.1
Year,Month,Day,Hour,Minute,Temperature,Clearsky DHI,Clearsky GHI,Clearsky DNI,DNI,DHI,GHI,Relative Humidity
2008,1,1,0,30,14.200000000000001,0,0,0,0,0,0,20.87
2008,1,1,1,30,12.200000000000001,0,0,0,0,0,0,22.57
2008,1,1,2,30,10.600000000000001,0,0,0,0,0,0,24.36
2008,1,1,3,30,9.1,0,0,0,0,0,0,26.400000000000002
2008,1,1,4,30,8,0,0,0,0,0,0,27.92
2008,1,1,5,30,7.2,0,0,0,0,0,0,29.3
2008,1,1,6,30,6.800000000000001,0,0,0,0,0,0,30.92
2008,1,1,7,30,6.6000000000000005,0,0,0,0,0,0,31.28
2008,1,1,8,30,6.2,0,0,0,0,0,0,31.55
2008,1,1,9,30,5.5,0,0,0,0,0,0,32.57
2008,1,1,10,30,4.4,0,0,0,0,0,0,35.13
2008,1,1,11,30,3.1,0,0,0,0,0,0,38.59
2008,1,1,12,30,2,0,0,0,0,0,0,43.49
2008,1,1,13,30,3.4000000000000004,0,0,0,0,0,0,43.15
2008,1,1,14,30,7.1000000000000005,37,166,717,54,105,114,40.46
2008,1,1,15,30,11,55,384,892,892,55,384,41.95
2008,1,1,16,30,14.5,67,570,964,964,67,570,42.19
2008,1,1,17,30,17.2,73,701,1000,1000,73,701,38.11
2008,1,1,18,30,19.1,75,769,1020,1020,75,769,33.44
2008,1,1,19,30,20.1,73,761,1017,1017,73,761,30.8
2008,1,1,20,30,20.400000000000002,70,682,994,994,70,682,30.07
2008,1,1,21,30,19.700000000000003,64,541,948,948,64,541,31.78
2008,1,1,22,30,18,54,347,847,847,54,347,36.5
2008,1,1,23,30,15.3,36,129,606,606,36,129,46.230000000000004
2008,1,2,0,30,13,0,0,0,0,0,0,56.82
2008,1,2,1,30,11.3,0,0,0,0,0,0,65.24
2008,1,2,2,30,9.600000000000001,0,0,0,0,0,0,73.3
2008,1,2,3,30,7.9,0,0,0,0,0,0,79.86
2008,1,2,4,30,6.6000000000000005,0,0,0,0,0,0,82.08
2008,1,2,5,30,5.6000000000000005,0,0,0,0,0,0,82.09
2008,1,2,6,30,4.800000000000001,0,0,0,0,0,0,80.8
2008,1,2,7,30,3.9000000000000004,0,0,0,0,0,0,80.01
2008,1,2,8,30,3,0,0,0,0,0,0,80.05
2008,1,2,9,30,2.3000000000000003,0,0,0,0,0,0,79.94
2008,1,2,10,30,1.8,0,0,0,0,0,0,79.71000000000001
2008,1,2,11,30,1.3,0,0,0,0,0,0,80.15
2008,1,2,12,30,0.7000000000000001,0,0,0,0,0,0,81.15
2008,1,2,13,30,1,0,0,0,0,0,0,77.10000000000001
2008,1,2,14,30,2.8000000000000003,37,164,703,93,102,119,66.8
2008,1,2,15,30,5.9,51,385,906,26,206,216,55.52
2008,1,2,16,30,9.1,58,574,991,233,310,431,46.53
2008,1,2,17,30,11.9,62,710,1032,1032,62,710,39.9
2008,1,2,18,30,14,63,778,1050,1050,63,778,34.97
2008,1,2,19,30,15.200000000000001,63,774,1049,1049,63,774,31.470000000000002
2008,1,2,20,30,15.600000000000001,60,697,1030,1030,60,697,29.310000000000002
2008,1,2,21,30,15.100000000000001,56,555,988,988,56,555,29.02
2008,1,2,22,30,13.5,49,360,897,897,49,360,31.5
2008,1,2,23,30,10.3,33,139,677,677,33,139,39.2
2008,1,3,0,30,7.6000000000000005,0,0,0,0,0,0,48.75
2008,1,3,1,30,6.1000000000000005,0,0,0,0,0,0,54.49
2008,1,3,2,30,4.7,0,0,0,0,0,0,60.85
2008,1,3,3,30,3.2,0,0,0,0,0,0,68.11
2008,1,3,4,30,1.8,0,0,0,0,0,0,74.87
2008,1,3,5,30,0.7000000000000001,0,0,0,0,0,0,79.46000000000001
2008,1,3,6,30,-0.1,0,0,0,0,0,0,81.74
2008,1,3,7,30,-0.7000000000000001,0,0,0,0,0,0,82.72
2008,1,3,8,30,-1.2000000000000002,0,0,0,0,0,0,83.5
2008,1,3,9,30,-1.6,0,0,0,0,0,0,84.39
2008,1,3,10,30,-1.9000000000000001,0,0,0,0,0,0,85.26
2008,1,3,11,30,-2.1,0,0,0,0,0,0,85.99
2008,1,3,12,30,-2.2,0,0,0,0,0,0,86.33
2008,1,3,13,30,-0.9,0,0,0,0,0,0,78.49
2008,1,3,14,30,2.4000000000000004,34,165,732,732,34,165,62.480000000000004
2008,1,3,15,30,6.7,46,387,926,926,46,387,48.68
2008,1,3,16,30,11.200000000000001,54,577,1005,1005,54,577,38.46
2008,1,3,17,30,15.100000000000001,57,713,1045,1045,57,713,30.63
2008,1,3,18,30,17.900000000000002,60,783,1060,1060,60,783,25.84
2008,1,3,19,30,19.8,58,779,1061,1061,58,779,20.900000000000002
2008,1,3,20,30,20.400000000000002,56,703,1043,1043,56,703,17.76
2008,1,3,21,30,20,53,560,1000,1000,53,560,16.82
2008,1,3,22,30,17.900000000000002,45,365,915,915,45,365,18.740000000000002
2008,1,3,23,30,13.600000000000001,31,143,705,705,31,143,33.2
2008,1,4,0,30,10.200000000000001,0,0,0,0,0,0,40.7
2008,1,4,1,30,8.8,0,0,0,0,0,0,46.96
2008,1,4,2,30,7.300000000000001,0,0,0,0,0,0,55.34
2008,1,4,3,30,5.800000000000001,0,0,0,0,0,0,63.24
2008,1,4,4,30,4.5,0,0,0,0,0,0,69.83
2008,1,4,5,30,3.5,0,0,0,0,0,0,74.93
2008,1,4,6,30,2.7,0,0,0,0,0,0,79.22
2008,1,4,7,30,2.2,0,0,0,0,0,0,81.98
2008,1,4,8,30,2,0,0,0,0,0,0,82.99
2008,1,4,9,30,1.9000000000000001,0,0,0,0,0,0,83.3
2008,1,4,10,30,1.9000000000000001,0,0,0,0,0,0,82.86
2008,1,4,11,30,2,0,0,0,0,0,0,81.73
2008,1,4,12,30,2.3000000000000003,0,0,0,0,0,0,79.5
2008,1,4,13,30,4.800000000000001,0,0,0,0,0,0,66.19
2008,1,4,14,30,9.600000000000001,35,162,714,714,35,162,48.6
2008,1,4,15,30,14.600000000000001,50,383,909,909,50,383,35.38
2008,1,4,16,30,19,58,574,991,991,58,574,22.92
2008,1,4,17,30,21.400000000000002,63,711,1031,1031,63,711,14.63
2008,1,4,18,30,22.6,64,781,1049,1049,64,781,13.48
2008,1,4,19,30,23.200000000000003,64,778,1049,1049,64,778,13.01
2008,1,4,20,30,23.200000000000003,61,702,1031,1031,61,702,12.870000000000001
2008,1,4,21,30,22.700000000000003,56,560,990,990,56,560,13.1
2008,1,4,22,30,20.700000000000003,48,366,902,902,48,366,14.81
2008,1,4,23,30,16.900000000000002,33,144,688,688,33,144,29.3
2008,1,5,0,30,13.700000000000001,0,0,0,0,0,0,30.68
2008,1,5,1,30,12.100000000000001,0,0,0,0,0,0,32.56
2008,1,5,2,30,11,0,0,0,0,0,0,34.02
2008,1,5,3,30,10,0,0,0,0,0,0,35.82
2008,1,5,4,30,9,0,0,0,0,0,0,37.86
2008,1,5,5,30,8.3,0,0,0,0,0,0,38.77
2008,1,5,6,30,7.5,0,0,0,0,0,0,40.13
2008,1,5,7,30,6.7,0,0,0,0,0,0,41.99
2008,1,5,8,30,6.300000000000001,0,0,0,0,0,0,43.27
2008,1,5,9,30,6.2,0,0,0,0,0,0,43.88
2008,1,5,10,30,6.300000000000001,0,0,0,0,0,0,44.11
2008,1,5,11,30,6.4,0,0,0,0,0,0,44.550000000000004
2008,1,5,12,30,6.5,0,0,0,0,0,0,45.1
2008,1,5,13,30,8,0,0,0,0,0,0,41.89
2008,1,5,14,30,11.4,36,160,699,30,101,106,39.050000000000004
2008,1,5,15,30,15.9,52,381,897,897,52,381,28.32
2008,1,5,16,30,19.8,61,571,979,979,61,571,21.79
2008,1,5,17,30,21.8,66,708,1020,1020,66,708,18.04
2008,1,5,18,30,22.900000000000002,67,782,1044,1044,67,782,16.26
2008,1,5,19,30,23.5,67,779,1044,1044,67,779,15.13
2008,1,5,20,30,23.6,64,704,1027,1027,64,704,14.48
2008,1,5,21,30,23.1,58,563,987,987,58,563,14.4
2008,1,5,22,30,21.200000000000003,49,368,901,901,49,368,15.96
2008,1,5,23,30,18.2,34,146,691,691,34,146,28.68
2008,1,6,0,30,16,0,0,0,0,0,0,27.52
2008,1,6,1,30,14.5,0,0,0,0,0,0,29.46
2008,1,6,2,30,13,0,0,0,0,0,0,32.31
2008,1,6,3,30,11.5,0,0,0,0,0,0,35.83
2008,1,6,4,30,10,0,0,0,0,0,0,40.1
2008,1,6,5,30,8.700000000000001,0,0,0,0,0,0,45.07
2008,1,6,6,30,7.800000000000001,0,0,0,0,0,0,49.6
2008,1,6,7,30,7.2,0,0,0,0,0,0,53.730000000000004
2008,1,6,8,30,6.7,0,0,0,0,0,0,57.68
2008,1,6,9,30,6.300000000000001,0,0,0,0,0,0,60.76
2008,1,6,10,30,5.9,0,0,0,0,0,0,63.02
2008,1,6,11,30,5.6000000000000005,0,0,0,0,0,0,64.18
2008,1,6,12,30,5.5,0,0,0,0,0,0,64.08
2008,1,6,13,30,7.7,0,0,0,0,0,0,54.800000000000004
2008,1,6,14,30,12.100000000000001,38,162,701,701,38,162,41.89
2008,1,6,15,30,16.7,54,385,902,902,54,385,31.09
2008,1,6,16,30,20.200000000000003,63,578,988,988,63,578,21.97
2008,1,6,17,30,21.8,67,717,1030,1030,67,717,18.72
2008,1,6,18,30,22.700000000000003,70,788,1047,1047,70,788,16.27
2008,1,6,19,30,23.200000000000003,70,786,1047,1047,70,786,14.3
2008,1,6,20,30,23.1,66,716,1039,1039,66,716,13.19
2008,1,6,21,30,22.5,61,574,997,997,61,574,12.91
2008,1,6,22,30,20.3,51,377,914,914,51,377,14.27
2008,1,6,23,30,15.8,34,152,712,712,34,152,23.57
2008,1,7,0,30,12.200000000000001,0,0,0,0,0,0,32.35
2008,1,7,1,30,10.9,0,0,0,0,0,0,34.33
2008,1,7,2,30,9.9,0,0,0,0,0,0,36.12
2008,1,7,3,30,9,0,0,0,0,0,0,38.03
2008,1,7,4,30,8.200000000000001,0,0,0,0,0,0,40.300000000000004
2008,1,7,5,30,7.4,0,0,0,0,0,0,43.4
2008,1,7,6,30,6.7,0,0,0,0,0,0,46.99
2008,1,7,7,30,6.1000000000000005,0,0,0,0,0,0,50.9
2008,1,7,8,30,5.6000000000000005,0,0,0,0,0,0,54.58
2008,1,7,9,30,5.1000000000000005,0,0,0,0,0,0,57.81
2008,1,7,10,30,4.7,0,0,0,0,0,0,60.34
2008,1,7,11,30,4.3,0,0,0,0,0,0,62.42
2008,1,7,12,30,4.1000000000000005,0,0,0,0,0,0,62.09
2008,1,7,13,30,6.1000000000000005,0,0,0,0,0,0,51.660000000000004
2008,1,7,14,30,10.3,34,167,751,46,104,112,37.27
2008,1,7,15,30,15.100000000000001,47,393,943,943,47,393,25.41
2008,1,7,16,30,19.200000000000003,52,588,1025,1025,52,588,13
2008,1,7,17,30,21.400000000000002,57,728,1063,1063,57,728,9.94
2008,1,7,18,30,22.6,62,802,1076,1076,62,802,9.3
2008,1,7,19,30,23.200000000000003,60,799,1078,1078,60,799,9.19
2008,1,7,20,30,23.1,56,724,1063,1063,56,724,9.46
2008,1,7,21,30,22.3,51,581,1025,1025,51,581,10.07
2008,1,7,22,30,20.3,44,384,944,944,44,384,11.52
2008,1,7,23,30,15.9,31,157,752,752,31,157,16.84
2008,1,8,0,30,12.100000000000001,0,0,0,0,0,0,25.51
2008,1,8,1,30,10.5,0,0,0,0,0,0,28.810000000000002
2008,1,8,2,30,9.200000000000001,0,0,0,0,0,0,31.96
2008,1,8,3,30,8,0,0,0,0,0,0,35.52
2008,1,8,4,30,6.9,0,0,0,0,0,0,40.11
2008,1,8,5,30,6,0,0,0,0,0,0,45.02
2008,1,8,6,30,5.2,0,0,0,0,0,0,48.980000000000004
2008,1,8,7,30,4.6000000000000005,0,0,0,0,0,0,49.77
2008,1,8,8,30,4.2,0,0,0,0,0,0,47.230000000000004
2008,1,8,9,30,3.9000000000000004,0,0,0,0,0,0,43.25
2008,1,8,10,30,3.6,0,0,0,0,0,0,39.64
2008,1,8,11,30,3.3000000000000003,0,0,0,0,0,0,36.980000000000004
2008,1,8,12,30,3.1,0,0,0,0,0,0,34.78
2008,1,8,13,30,5.300000000000001,0,0,0,0,0,0,27.96
2008,1,8,14,30,9.700000000000001,29,171,803,31,105,110,20.650000000000002
2008,1,8,15,30,14.600000000000001,40,401,984,984,40,401,13.92
2008,1,8,16,30,18.8,46,591,1044,1044,46,591,8.93
2008,1,8,17,30,21.1,50,733,1081,1081,50,733,6.68
2008,1,8,18,30,22.1,54,808,1095,1095,54,808,6.41
2008,1,8,19,30,22.3,54,807,1095,776,191,725,6.46
2008,1,8,20,30,22.1,53,733,1078,560,228,581,6.59
2008,1,8,21,30,21.200000000000003,50,583,1027,565,190,484,7.05
2008,1,8,22,30,19,44,387,947,455,148,313,9.48
2008,1,8,23,30,15.3,31,160,754,490,70,154,23.56
2008,1,9,0,30,12.3,0,0,0,0,0,0,24.55
2008,1,9,1,30,10.200000000000001,0,0,0,0,0,0,26.86
2008,1,9,2,30,8.6,0,0,0,0,0,0,29.5
2008,1,9,3,30,7.800000000000001,0,0,0,0,0,0,31.8
2008,1,9,4,30,7.6000000000000005,0,0,0,0,0,0,32.13
2008,1,9,5,30,7.2,0,0,0,0,0,0,32.29
2008,1,9,6,30,6.1000000000000005,0,0,0,0,0,0,34.4
2008,1,9,7,30,4.800000000000001,0,0,0,0,0,0,37.410000000000004
2008,1,9,8,30,3.9000000000000004,0,0,0,0,0,0,38.51
2008,1,9,9,30,3.4000000000000004,0,0,0,0,0,0,40.050000000000004
2008,1,9,10,30,3.1,0,0,0,0,0,0,42.62
2008,1,9,11,30,3,0,0,0,0,0,0,44.78
2008,1,9,12,30,2.9000000000000004,0,0,0,0,0,0,47.07
2008,1,9,13,30,5.1000000000000005,0,0,0,0,0,0,41.660000000000004
2008,1,9,14,30,9.3,33,163,741,27,101,106,33.89
2008,1,9,15,30,14.100000000000001,47,389,933,160,223,282,24.78
2008,1,9,16,30,18.6,54,580,1005,424,227,449,18.71
2008,1,9,17,30,21.1,58,720,1045,570,237,598,15.81
2008,1,9,18,30,22.400000000000002,59,793,1063,651,229,678,14.59
2008,1,9,19,30,23,58,792,1064,1064,58,792,13.81
2008,1,9,20,30,23,56,714,1041,1041,56,714,13.56
2008,1,9,21,30,22.200000000000003,55,575,997,150,289,367,13.950000000000001
2008,1,9,22,30,19.8,47,384,922,514,135,323,15.950000000000001
2008,1,9,23,30,16.1,33,160,726,90,96,112,23.64
2008,1,10,0,30,13.5,0,0,0,0,0,0,30.05
2008,1,10,1,30,12.4,0,0,0,0,0,0,31.63
2008,1,10,2,30,11.5,0,0,0,0,0,0,32.74
2008,1,10,3,30,10.700000000000001,0,0,0,0,0,0,33.68
2008,1,10,4,30,10,0,0,0,0,0,0,34.68
2008,1,10,5,30,9.200000000000001,0,0,0,0,0,0,36.39
2008,1,10,6,30,8.5,0,0,0,0,0,0,37.95
2008,1,10,7,30,7.800000000000001,0,0,0,0,0,0,39.14
2008,1,10,8,30,7,0,0,0,0,0,0,39.9
2008,1,10,9,30,6.1000000000000005,0,0,0,0,0,0,40.52
2008,1,10,10,30,5.1000000000000005,0,0,0,0,0,0,40.82
2008,1,10,11,30,4.2,0,0,0,0,0,0,40.22
2008,1,10,12,30,3.8000000000000003,0,0,0,0,0,0,37.95
2008,1,10,13,30,5.9,0,0,0,0,0,0,30.87
2008,1,10,14,30,10.100000000000001,33,166,758,2,77,77,23.44
2008,1,10,15,30,14.700000000000001,46,394,947,73,231,257,13.700000000000001
2008,1,10,16,30,18.400000000000002,53,590,1026,1026,53,590,7.28
2008,1,10,17,30,20.400000000000002,58,733,1064,1064,58,733,5.22
2008,1,10,18,30,21.5,62,802,1069,631,242,679,4.91
2008,1,10,19,30,22.1,61,801,1070,1070,61,801,4.86
2008,1,10,20,30,22.1,59,728,1054,1054,59,728,5.01
2008,1,10,21,30,21.6,55,586,1015,1015,55,586,5.33
2008,1,10,22,30,19.700000000000003,47,391,935,935,47,391,6.34
2008,1,10,23,30,16.2,33,164,743,743,33,164,18.39
2008,1,11,0,30,13.600000000000001,0,0,0,0,0,0,17.75
2008,1,11,1,30,12.200000000000001,0,0,0,0,0,0,17.77
2008,1,11,2,30,11.3,0,0,0,0,0,0,18.86
2008,1,11,3,30,10.8,0,0,0,0,0,0,18.77
2008,1,11,4,30,10,0,0,0,0,0,0,19.400000000000002
2008,1,11,5,30,9,0,0,0,0,0,0,21.44
2008,1,11,6,30,8.1,0,0,0,0,0,0,22.91
2008,1,11,7,30,7,0,0,0,0,0,0,24.57
2008,1,11,8,30,6.1000000000000005,0,0,0,0,0,0,27.12
2008,1,11,9,30,5.2,0,0,0,0,0,0,29.63
2008,1,11,10,30,4.4,0,0,0,0,0,0,31.87
2008,1,11,11,30,3.7,0,0,0,0,0,0,34.47
2008,1,11,12,30,3.2,0,0,0,0,0,0,36.4
2008,1,11,13,30,5.2,0,0,0,0,0,0,32.11
2008,1,11,14,30,9.9,30,165,765,765,30,165,27.37
2008,1,11,15,30,14.9,41,392,954,954,41,392,16.9
2008,1,11,16,30,18.900000000000002,47,595,1044,1044,47,595,9.83
2008,1,11,17,30,21.200000000000003,49,737,1082,1082,49,737,6.65
2008,1,11,18,30,22.5,51,813,1098,1098,51,813,5.87
2008,1,11,19,30,23.200000000000003,51,813,1099,1099,51,813,5.8
2008,1,11,20,30,23.200000000000003,49,739,1083,1083,49,739,6.16
2008,1,11,21,30,22.6,47,598,1046,1046,47,598,6.640000000000001
2008,1,11,22,30,20.1,40,400,972,972,40,400,7.9
2008,1,11,23,30,15.100000000000001,29,171,792,792,29,171,16.67
2008,1,12,0,30,11.3,0,0,0,0,0,0,23.31
2008,1,12,1,30,9.9,0,0,0,0,0,0,24.240000000000002
2008,1,12,2,30,8.8,0,0,0,0,0,0,25.12
2008,1,12,3,30,7.800000000000001,0,0,0,0,0,0,26.3
2008,1,12,4,30,6.800000000000001,0,0,0,0,0,0,28.46
2008,1,12,5,30,5.9,0,0,0,0,0,0,31.38
2008,1,12,6,30,5.1000000000000005,0,0,0,0,0,0,34.75
2008,1,12,7,30,4.3,0,0,0,0,0,0,37.9
2008,1,12,8,30,3.6,0,0,0,0,0,0,39.75
2008,1,12,9,30,2.9000000000000004,0,0,0,0,0,0,40.4
2008,1,12,10,30,2.4000000000000004,0,0,0,0,0,0,39.59
2008,1,12,11,30,1.9000000000000001,0,0,0,0,0,0,38.36
2008,1,12,12,30,1.7000000000000002,0,0,0,0,0,0,36.14
2008,1,12,13,30,4,0,0,0,0,0,0,28.830000000000002
2008,1,12,14,30,8.6,31,171,797,797,31,171,24.6
2008,1,12,15,30,13.3,43,404,982,982,43,404,14.200000000000001
2008,1,12,16,30,17.1,49,605,1058,1058,49,605,10.34
2008,1,12,17,30,19.1,55,751,1094,1094,55,751,8.38
2008,1,12,18,30,20.1,60,819,1091,1091,60,819,7.98
2008,1,12,19,30,20.5,60,820,1092,1092,60,820,7.96
2008,1,12,20,30,20.400000000000002,59,747,1075,1075,59,747,8.19
2008,1,12,21,30,19.8,54,604,1039,1039,54,604,8.69
2008,1,12,22,30,17.7,47,405,962,962,47,405,10.3
2008,1,12,23,30,13.4,34,175,774,774,34,175,18.84
2008,1,13,0,30,9.9,0,0,0,0,0,0,25.490000000000002
2008,1,13,1,30,8.3,0,0,0,0,0,0,26.54
2008,1,13,2,30,6.800000000000001,0,0,0,0,0,0,29.55
2008,1,13,3,30,5.4,0,0,0,0,0,0,33.44
2008,1,13,4,30,4.4,0,0,0,0,0,0,36.910000000000004
2008,1,13,5,30,3.9000000000000004,0,0,0,0,0,0,38.37
2008,1,13,6,30,3.3000000000000003,0,0,0,0,0,0,39.19
2008,1,13,7,30,2.4000000000000004,0,0,0,0,0,0,40.7
2008,1,13,8,30,1.5,0,0,0,0,0,0,42.34
2008,1,13,9,30,0.9,0,0,0,0,0,0,44.300000000000004
2008,1,13,10,30,0.5,0,0,0,0,0,0,49.01
2008,1,13,11,30,0.30000000000000004,0,0,0,0,0,0,59.870000000000005
2008,1,13,12,30,0.4,0,0,0,0,0,0,74.27
2008,1,13,13,30,2.3000000000000003,0,0,0,0,0,0,77.57000000000001
2008,1,13,14,30,6.2,39,167,725,42,105,112,65.39
2008,1,13,15,30,10.600000000000001,54,399,937,937,54,399,49.06
2008,1,13,16,30,15.3,61,601,1026,1026,61,601,32.79
2008,1,13,17,30,19,63,738,1058,756,251,734,17.98
2008,1,13,18,30,21,64,815,1076,1076,64,815,12.540000000000001
2008,1,13,19,30,21.900000000000002,64,816,1077,1077,64,816,10.65
2008,1,13,20,30,22.200000000000003,61,743,1062,1062,61,743,9.93
2008,1,13,21,30,21.8,54,601,1027,1027,54,601,10.06
2008,1,13,22,30,19.6,47,404,950,950,47,404,11.74
2008,1,13,23,30,15,34,173,755,60,108,119,20.900000000000002
2008,1,14,0,30,11.5,0,0,0,0,0,0,28.64
2008,1,14,1,30,10.5,0,0,0,0,0,0,30.63
2008,1,14,2,30,9.8,0,0,0,0,0,0,32.84
2008,1,14,3,30,9.200000000000001,0,0,0,0,0,0,34.64
2008,1,14,4,30,8.6,0,0,0,0,0,0,36.47
2008,1,14,5,30,8.200000000000001,0,0,0,0,0,0,38.26
2008,1,14,6,30,7.800000000000001,0,0,0,0,0,0,39.95
2008,1,14,7,30,7.4,0,0,0,0,0,0,40.82
2008,1,14,8,30,7,0,0,0,0,0,0,40.85
2008,1,14,9,30,6.5,0,0,0,0,0,0,41.12
2008,1,14,10,30,6.2,0,0,0,0,0,0,40.95
2008,1,14,11,30,6.1000000000000005,0,0,0,0,0,0,40.53
2008,1,14,12,30,6.2,0,0,0,0,0,0,39.97
2008,1,14,13,30,7.4,0,0,0,0,0,0,36.95
2008,1,14,14,30,9.8,38,161,701,6,64,65,31.51
2008,1,14,15,30,12.9,54,385,896,0,42,42,25.95
2008,1,14,16,30,15.9,65,582,980,10,173,178,17.6
2008,1,14,17,30,17.6,71,725,1021,71,306,351,15.25
2008,1,14,18,30,18.5,74,797,1033,21,292,307,16.080000000000002
2008,1,14,19,30,18.900000000000002,74,798,1033,19,301,315,16.580000000000002
2008,1,14,20,30,18.900000000000002,72,723,1010,456,269,563,16.72
2008,1,14,21,30,18.2,67,585,968,144,285,362,17.400000000000002
2008,1,14,22,30,16.6,57,392,882,22,154,163,19.68
2008,1,14,23,30,14.100000000000001,41,168,678,0,19,19,26.04
2008,1,15,0,30,12.3,0,0,0,0,0,0,31.720000000000002
2008,1,15,1,30,11.5,0,0,0,0,0,0,33.46
2008,1,15,2,30,10.9,0,0,0,0,0,0,34.51
2008,1,15,3,30,10.200000000000001,0,0,0,0,0,0,35.72
2008,1,15,4,30,9.4,0,0,0,0,0,0,37.410000000000004
2008,1,15,5,30,8.700000000000001,0,0,0,0,0,0,39.36
2008,1,15,6,30,8,0,0,0,0,0,0,41.730000000000004
2008,1,15,7,30,7.4,0,0,0,0,0,0,44.28
2008,1,15,8,30,6.9,0,0,0,0,0,0,46.63
2008,1,15,9,30,6.7,0,0,0,0,0,0,47.97
2008,1,15,10,30,6.5,0,0,0,0,0,0,49.52
2008,1,15,11,30,6.300000000000001,0,0,0,0,0,0,51.54
2008,1,15,12,30,6.2,0,0,0,0,0,0,53.45
2008,1,15,13,30,7,0,0,0,0,0,0,52.18
2008,1,15,14,30,9.200000000000001,37,158,681,1,40,40,46.68
2008,1,15,15,30,12.200000000000001,53,382,890,4,99,100,39.83
2008,1,15,16,30,14.600000000000001,62,581,983,1,83,84,30.82
2008,1,15,17,30,16.3,67,724,1025,171,328,437,25.97
2008,1,15,18,30,17.400000000000002,69,797,1039,432,305,608,24.23
2008,1,15,19,30,18,68,800,1041,780,179,727,23.87
2008,1,15,20,30,17.8,66,729,1023,1023,66,729,25.02
2008,1,15,21,30,16.8,60,590,987,987,60,590,27.63
2008,1,15,22,30,15,51,398,908,908,51,398,32.45
2008,1,15,23,30,12.5,37,175,724,724,37,175,39.78
2008,1,16,0,30,10.100000000000001,0,0,0,0,0,0,48.39
2008,1,16,1,30,8.4,0,0,0,0,0,0,55.27
2008,1,16,2,30,6.800000000000001,0,0,0,0,0,0,60.63
2008,1,16,3,30,5.2,0,0,0,0,0,0,63.82
2008,1,16,4,30,3.6,0,0,0,0,0,0,65.62
2008,1,16,5,30,2.1,0,0,0,0,0,0,67
2008,1,16,6,30,0.9,0,0,0,0,0,0,69.03
2008,1,16,7,30,-0.1,0,0,0,0,0,0,71.60000000000001
2008,1,16,8,30,-0.9,0,0,0,0,0,0,73.85000000000001
2008,1,16,9,30,-1.5,0,0,0,0,0,0,74.57000000000001
2008,1,16,10,30,-2.1,0,0,0,0,0,0,74.08
2008,1,16,11,30,-2.5,0,0,0,0,0,0,71.01
2008,1,16,12,30,-2.7,0,0,0,0,0,0,64.91
2008,1,16,13,30,-0.7000000000000001,0,0,0,0,0,0,49.51
2008,1,16,14,30,3.5,32,172,792,792,32,172,33.6
2008,1,16,15,30,8.3,46,408,977,977,46,408,20.94
2008,1,16,16,30,12.4,54,612,1055,1055,54,612,10.78
2008,1,16,17,30,15,60,761,1090,1090,60,761,8.03
2008,1,16,18,30,17,64,830,1089,1089,64,830,6.46
2008,1,16,19,30,18.3,62,833,1092,1092,62,833,5.82
2008,1,16,20,30,19,57,759,1080,1080,57,759,5.78
2008,1,16,21,30,18.8,52,617,1045,1045,52,617,6.15
2008,1,16,22,30,16.8,46,419,971,191,235,308,7.29
2008,1,16,23,30,12.4,34,187,795,555,69,176,15.68
2008,1,17,0,30,9.1,0,0,0,0,0,0,21.64
2008,1,17,1,30,8,0,0,0,0,0,0,21.82
2008,1,17,2,30,7.2,0,0,0,0,0,0,22.11
2008,1,17,3,30,6.4,0,0,0,0,0,0,23.09
2008,1,17,4,30,5.7,0,0,0,0,0,0,24.560000000000002
2008,1,17,5,30,5,0,0,0,0,0,0,26.240000000000002
2008,1,17,6,30,4,0,0,0,0,0,0,28.14
2008,1,17,7,30,3,0,0,0,0,0,0,29.64
2008,1,17,8,30,2.3000000000000003,0,0,0,0,0,0,30.400000000000002
2008,1,17,9,30,1.9000000000000001,0,0,0,0,0,0,30.77
2008,1,17,10,30,1.9000000000000001,0,0,0,0,0,0,31.57
2008,1,17,11,30,1.9000000000000001,0,0,0,0,0,0,34.12
2008,1,17,12,30,1.7000000000000002,0,0,0,0,0,0,38.81
2008,1,17,13,30,3.4000000000000004,0,0,0,0,0,0,38.93
2008,1,17,14,30,7.2,33,170,770,21,87,91,33.84
2008,1,17,15,30,11.4,47,404,960,2,99,100,26.990000000000002
2008,1,17,16,30,15.100000000000001,54,606,1040,43,258,281,15.91
2008,1,17,17,30,17.6,56,753,1080,3,169,171,10.120000000000001
2008,1,17,18,30,19,58,832,1096,229,384,545,8.15
2008,1,17,19,30,19.6,59,836,1097,1097,59,836,7.59
2008,1,17,20,30,19.3,58,756,1070,796,171,691,7.79
2008,1,17,21,30,18.5,51,615,1037,441,245,484,8.370000000000001
2008,1,17,22,30,16.8,45,418,964,761,117,412,9.540000000000001
2008,1,17,23,30,13.4,33,188,792,792,33,188,13
2008,1,18,0,30,10.100000000000001,0,0,0,0,0,0,20.87
2008,1,18,1,30,8.200000000000001,0,0,0,0,0,0,24.830000000000002
2008,1,18,2,30,6.9,0,0,0,0,0,0,27.560000000000002
2008,1,18,3,30,6,0,0,0,0,0,0,29.42
2008,1,18,4,30,5.2,0,0,0,0,0,0,31.64
2008,1,18,5,30,4.4,0,0,0,0,0,0,34.38
2008,1,18,6,30,3.7,0,0,0,0,0,0,37.910000000000004
2008,1,18,7,30,3.3000000000000003,0,0,0,0,0,0,42.29
2008,1,18,8,30,3.4000000000000004,0,0,0,0,0,0,46.09
2008,1,18,9,30,3.5,0,0,0,0,0,0,50.28
2008,1,18,10,30,3.5,0,0,0,0,0,0,54.9
2008,1,18,11,30,3.7,0,0,0,0,0,0,58.4
2008,1,18,12,30,3.9000000000000004,0,0,0,0,0,0,61.410000000000004
2008,1,18,13,30,5,0,0,0,0,0,0,60.28
2008,1,18,14,30,7.5,36,161,703,71,97,110,53.65
2008,1,18,15,30,10.4,52,386,896,424,157,315,45.02
2008,1,18,16,30,13,60,583,982,982,60,583,33.33
2008,1,18,17,30,15,64,727,1025,1025,64,727,21.990000000000002
2008,1,18,18,30,16.1,64,812,1057,1057,64,812,17.72
2008,1,18,19,30,16.6,61,820,1068,1068,61,820,17.3
2008,1,18,20,30,16.5,58,753,1061,1061,58,753,16.66
2008,1,18,21,30,15.8,53,618,1036,1036,53,618,16.45
2008,1,18,22,30,14.200000000000001,45,426,977,977,45,426,17.39
2008,1,18,23,30,11.700000000000001,33,194,808,808,33,194,20.31
2008,1,19,0,30,8.700000000000001,0,0,0,0,0,0,26.46
2008,1,19,1,30,6,0,0,0,0,0,0,34.34
2008,1,19,2,30,4,0,0,0,0,0,0,41.15
2008,1,19,3,30,2.7,0,0,0,0,0,0,44.230000000000004
2008,1,19,4,30,1.6,0,0,0,0,0,0,45.910000000000004
2008,1,19,5,30,0.9,0,0,0,0,0,0,46.07
2008,1,19,6,30,0.6000000000000001,0,0,0,0,0,0,45.18
2008,1,19,7,30,0.6000000000000001,0,0,0,0,0,0,43.76
2008,1,19,8,30,0.5,0,0,0,0,0,0,42.95
2008,1,19,9,30,0.5,0,0,0,0,0,0,41.47
2008,1,19,10,30,0.7000000000000001,0,0,0,0,0,0,39.69
2008,1,19,11,30,0.8,0,0,0,0,0,0,39.22
2008,1,19,12,30,0.5,0,0,0,0,0,0,39.78
2008,1,19,13,30,1.3,0,0,0,0,0,0,37.71
2008,1,19,14,30,4.2,33,174,793,53,100,110,33.730000000000004
2008,1,19,15,30,7.7,46,412,979,979,46,412,26.43
2008,1,19,16,30,10.8,53,617,1056,1056,53,617,21.09
2008,1,19,17,30,14,59,768,1093,1093,59,768,15.08
2008,1,19,18,30,16.400000000000002,64,850,1106,685,247,734,10.1
2008,1,19,19,30,17.6,64,854,1107,1107,64,854,7.83
2008,1,19,20,30,18.3,60,781,1095,1095,60,781,6.890000000000001
2008,1,19,21,30,18.1,56,638,1060,1060,56,638,6.65
2008,1,19,22,30,16.5,48,437,990,990,48,437,7.37
2008,1,19,23,30,13,35,201,822,822,35,201,16.55
2008,1,20,0,30,9.200000000000001,0,0,0,0,0,0,20.21
2008,1,20,1,30,6.6000000000000005,0,0,0,0,0,0,25.27
2008,1,20,2,30,4.5,0,0,0,0,0,0,30.2
2008,1,20,3,30,3.1,0,0,0,0,0,0,33.980000000000004
2008,1,20,4,30,1.8,0,0,0,0,0,0,38.2
2008,1,20,5,30,0.7000000000000001,0,0,0,0,0,0,43.87
2008,1,20,6,30,-0.2,0,0,0,0,0,0,50.58
2008,1,20,7,30,-0.8,0,0,0,0,0,0,57.89
2008,1,20,8,30,-1.3,0,0,0,0,0,0,65.08
2008,1,20,9,30,-1.6,0,0,0,0,0,0,69.35000000000001
2008,1,20,10,30,-1.8,0,0,0,0,0,0,71.76
2008,1,20,11,30,-2,0,0,0,0,0,0,72.71000000000001
2008,1,20,12,30,-1.8,0,0,0,0,0,0,71.3
2008,1,20,13,30,0.6000000000000001,0,0,0,0,0,0,61.09
2008,1,20,14,30,5.1000000000000005,34,167,742,742,34,167,48.14
2008,1,20,15,30,10.4,48,399,936,936,48,399,35.38
2008,1,20,16,30,15.5,55,596,1010,1010,55,596,24.92
2008,1,20,17,30,18.400000000000002,61,743,1048,1048,61,743,18.67
2008,1,20,18,30,19.900000000000002,63,822,1066,1066,63,822,16.19
2008,1,20,19,30,20.6,61,826,1069,1069,61,826,14.58
2008,1,20,20,30,20.6,58,756,1055,1055,58,756,13.59
2008,1,20,21,30,20,52,616,1021,1021,52,616,13.120000000000001
2008,1,20,22,30,18.1,45,421,950,950,45,421,13.950000000000001
2008,1,20,23,30,13.700000000000001,33,193,785,785,33,193,19.82
2008,1,21,0,30,9.8,0,0,0,0,0,0,29.84
2008,1,21,1,30,8.9,0,0,0,0,0,0,31.6
2008,1,21,2,30,8.3,0,0,0,0,0,0,33.08
2008,1,21,3,30,7.4,0,0,0,0,0,0,35.09
2008,1,21,4,30,6.5,0,0,0,0,0,0,37.160000000000004
2008,1,21,5,30,6,0,0,0,0,0,0,39.15
2008,1,21,6,30,5.5,0,0,0,0,0,0,41.68
2008,1,21,7,30,4.800000000000001,0,0,0,0,0,0,44.83
2008,1,21,8,30,4.3,0,0,0,0,0,0,48.1
2008,1,21,9,30,4.1000000000000005,0,0,0,0,0,0,51.050000000000004
2008,1,21,10,30,4.2,0,0,0,0,0,0,53.67
2008,1,21,11,30,4.2,0,0,0,0,0,0,56.15
2008,1,21,12,30,4.4,0,0,0,0,0,0,57.29
2008,1,21,13,30,6.5,0,0,0,0,0,0,50.71
2008,1,21,14,30,10.5,32,164,733,74,98,111,40.35
2008,1,21,15,30,14.5,45,392,921,921,45,392,31.96
2008,1,21,16,30,17.3,55,591,999,702,213,590,26.18
2008,1,21,17,30,18.6,58,733,1035,8,204,209,23.52
2008,1,21,18,30,19.6,66,814,1046,97,385,454,21.94
2008,1,21,19,30,20.400000000000002,62,814,1046,329,351,587,20.580000000000002
2008,1,21,20,30,20.700000000000003,58,745,1034,1034,58,745,19.64
2008,1,21,21,30,20.200000000000003,54,608,998,393,237,455,19.8
2008,1,21,22,30,18.7,46,414,921,921,46,414,21.75
2008,1,21,23,30,15,34,191,753,753,34,191,31.26
2008,1,22,0,30,11.9,0,0,0,0,0,0,39.800000000000004
2008,1,22,1,30,10.8,0,0,0,0,0,0,41.34
2008,1,22,2,30,9.700000000000001,0,0,0,0,0,0,43.95
2008,1,22,3,30,8.6,0,0,0,0,0,0,47.53
2008,1,22,4,30,7.7,0,0,0,0,0,0,51.74
2008,1,22,5,30,7,0,0,0,0,0,0,56.43
2008,1,22,6,30,6.5,0,0,0,0,0,0,60.6
2008,1,22,7,30,6.1000000000000005,0,0,0,0,0,0,64.03
2008,1,22,8,30,5.800000000000001,0,0,0,0,0,0,66.17
2008,1,22,9,30,5.6000000000000005,0,0,0,0,0,0,67.02
2008,1,22,10,30,5.6000000000000005,0,0,0,0,0,0,66.1
2008,1,22,11,30,5.4,0,0,0,0,0,0,65.66
2008,1,22,12,30,5.300000000000001,0,0,0,0,0,0,64.12
2008,1,22,13,30,7.6000000000000005,0,0,0,0,0,0,52.93
2008,1,22,14,30,12,30,160,720,38,91,98,40.1
2008,1,22,15,30,16.400000000000002,43,385,907,25,159,168,29.25
2008,1,22,16,30,19.200000000000003,52,581,980,109,271,330,22.5
2008,1,22,17,30,19.6,60,726,1016,375,304,550,21.63
2008,1,22,18,30,19.400000000000002,65,802,1028,598,249,678,22.38
2008,1,22,19,30,19.900000000000002,64,807,1030,598,230,661,22.43
2008,1,22,20,30,20.200000000000003,61,737,1012,722,246,727,22.68
2008,1,22,21,30,19.700000000000003,56,602,977,661,220,589,24.22
2008,1,22,22,30,18,50,412,901,901,50,412,28.22
2008,1,22,23,30,15.5,38,190,724,645,18,154,40.03
2008,1,23,0,30,13.700000000000001,0,0,0,0,0,0,44.43
2008,1,23,1,30,13.100000000000001,0,0,0,0,0,0,45.32
2008,1,23,2,30,12.5,0,0,0,0,0,0,46.1
2008,1,23,3,30,11.700000000000001,0,0,0,0,0,0,47.74
2008,1,23,4,30,10.600000000000001,0,0,0,0,0,0,50.620000000000005
2008,1,23,5,30,9.5,0,0,0,0,0,0,53.76
2008,1,23,6,30,8.4,0,0,0,0,0,0,57.92
2008,1,23,7,30,7.4,0,0,0,0,0,0,62.15
2008,1,23,8,30,6.7,0,0,0,0,0,0,64.84
2008,1,23,9,30,6.800000000000001,0,0,0,0,0,0,62.980000000000004
2008,1,23,10,30,7.4,0,0,0,0,0,0,58.25
2008,1,23,11,30,7.800000000000001,0,0,0,0,0,0,54.39
2008,1,23,12,30,7.800000000000001,0,0,0,0,0,0,52.24
2008,1,23,13,30,9.1,0,0,0,0,0,0,46.76
2008,1,23,14,30,12.100000000000001,33,162,708,131,96,120,40.53
2008,1,23,15,30,16,47,386,897,897,47,386,30.990000000000002
2008,1,23,16,30,19.6,55,586,981,981,55,586,25.07
2008,1,23,17,30,22.1,59,731,1021,1021,59,731,20.82
2008,1,23,18,30,23.700000000000003,65,810,1034,1034,65,810,18.05
2008,1,23,19,30,24.5,64,818,1042,1042,64,818,16.42
2008,1,23,20,30,24.8,61,750,1028,1028,61,750,15.51
2008,1,23,21,30,24.400000000000002,55,613,993,632,184,539,15.44
2008,1,23,22,30,22.700000000000003,48,422,920,920,48,422,16.87
2008,1,23,23,30,18.5,36,197,757,757,36,197,24.67
2008,1,24,0,30,15.100000000000001,0,0,0,0,0,0,33.79
2008,1,24,1,30,14.100000000000001,0,0,0,0,0,0,35.980000000000004
2008,1,24,2,30,13.200000000000001,0,0,0,0,0,0,38.68
2008,1,24,3,30,12.600000000000001,0,0,0,0,0,0,40.980000000000004
2008,1,24,4,30,11.9,0,0,0,0,0,0,43.61
2008,1,24,5,30,10.700000000000001,0,0,0,0,0,0,47.22
2008,1,24,6,30,9.4,0,0,0,0,0,0,50.480000000000004
2008,1,24,7,30,8.3,0,0,0,0,0,0,53.82
2008,1,24,8,30,7.6000000000000005,0,0,0,0,0,0,56.730000000000004
2008,1,24,9,30,7.2,0,0,0,0,0,0,59.11
2008,1,24,10,30,7.1000000000000005,0,0,0,0,0,0,59.85
2008,1,24,11,30,7.1000000000000005,0,0,0,0,0,0,59.800000000000004
2008,1,24,12,30,7.1000000000000005,0,0,0,0,0,0,59.35
2008,1,24,13,30,8.4,0,0,0,0,0,0,53.93
2008,1,24,14,30,11.600000000000001,36,164,700,15,80,83,44.5
2008,1,24,15,30,15.9,52,390,887,232,209,297,34.22
2008,1,24,16,30,19.700000000000003,64,588,964,964,64,588,26.060000000000002
2008,1,24,17,30,22.200000000000003,71,731,1001,692,259,716,21.06
2008,1,24,18,30,23.900000000000002,73,811,1020,650,228,698,19.14
2008,1,24,19,30,24.700000000000003,74,814,1017,338,329,576,18.72
2008,1,24,20,30,24.700000000000003,73,746,999,256,397,569,19.14
2008,1,24,21,30,24.1,72,609,949,949,72,609,20.04
2008,1,24,22,30,22.400000000000002,64,417,863,863,64,417,22.07
2008,1,24,23,30,19,46,193,679,679,46,193,28.97
2008,1,25,0,30,16.2,0,0,0,0,0,0,37.050000000000004
2008,1,25,1,30,15.200000000000001,0,0,0,0,0,0,38.050000000000004
2008,1,25,2,30,14.5,0,0,0,0,0,0,38.410000000000004
2008,1,25,3,30,13.600000000000001,0,0,0,0,0,0,39.83
2008,1,25,4,30,12.4,0,0,0,0,0,0,42.59
2008,1,25,5,30,11.4,0,0,0,0,0,0,44.77
2008,1,25,6,30,11.100000000000001,0,0,0,0,0,0,45.24
2008,1,25,7,30,10.9,0,0,0,0,0,0,47.02
2008,1,25,8,30,10.3,0,0,0,0,0,0,50.76
2008,1,25,9,30,9.8,0,0,0,0,0,0,54.03
2008,1,25,10,30,9.4,0,0,0,0,0,0,58.160000000000004
2008,1,25,11,30,9,0,0,0,0,0,0,62.84
2008,1,25,12,30,8.8,0,0,0,0,0,0,65.85
2008,1,25,13,30,10,0,0,0,0,0,0,62.160000000000004
2008,1,25,14,30,12.600000000000001,41,162,656,94,100,117,54.620000000000005
2008,1,25,15,30,16.2,59,391,868,318,185,306,42.35
2008,1,25,16,30,20,69,594,963,542,207,502,26.05
2008,1,25,17,30,22.6,74,742,1009,1009,74,742,18.56
2008,1,25,18,30,24.1,74,822,1032,1032,74,822,16.97
2008,1,25,19,30,24.700000000000003,74,826,1029,1029,74,826,16.17
2008,1,25,20,30,24.400000000000002,73,757,1012,502,259,599,16.080000000000002
2008,1,25,21,30,23.200000000000003,68,621,972,561,208,527,16.89
2008,1,25,22,30,21.5,58,428,898,898,58,428,20.91
2008,1,25,23,30,19.3,42,202,732,262,106,164,30.59
2008,1,26,0,30,17.1,0,0,0,0,0,0,29.740000000000002
2008,1,26,1,30,15.100000000000001,0,0,0,0,0,0,31.93
2008,1,26,2,30,13.3,0,0,0,0,0,0,36.22
2008,1,26,3,30,11.8,0,0,0,0,0,0,39.89
2008,1,26,4,30,10.8,0,0,0,0,0,0,43
2008,1,26,5,30,10.3,0,0,0,0,0,0,45.01
2008,1,26,6,30,10.100000000000001,0,0,0,0,0,0,46.5
2008,1,26,7,30,10,0,0,0,0,0,0,48.11
2008,1,26,8,30,9.600000000000001,0,0,0,0,0,0,50.61
2008,1,26,9,30,8.9,0,0,0,0,0,0,54.44
2008,1,26,10,30,7.6000000000000005,0,0,0,0,0,0,60.43
2008,1,26,11,30,6.4,0,0,0,0,0,0,65.92
2008,1,26,12,30,6.2,0,0,0,0,0,0,67.31
2008,1,26,13,30,8.200000000000001,0,0,0,0,0,0,59.57
2008,1,26,14,30,11.8,41,164,663,50,97,106,48.42
2008,1,26,15,30,15.3,58,391,868,595,118,346,39.6
2008,1,26,16,30,18.1,68,592,957,957,68,592,32.26
2008,1,26,17,30,20.400000000000002,74,742,1005,179,411,530,26.95
2008,1,26,18,30,21.900000000000002,81,821,1016,628,235,692,23.36
2008,1,26,19,30,22.6,81,828,1019,234,371,543,21.82
2008,1,26,20,30,22.8,79,760,1001,217,367,514,21.12
2008,1,26,21,30,22.3,74,623,961,220,298,423,21.22
2008,1,26,22,30,20.8,64,429,880,314,201,332,22.91
2008,1,26,23,30,17.7,47,203,700,133,121,150,30.43
2008,1,27,0,30,15.200000000000001,0,0,0,0,0,0,37.87
2008,1,27,1,30,14.3,0,0,0,0,0,0,39.09
2008,1,27,2,30,13.4,0,0,0,0,0,0,41.5
2008,1,27,3,30,12.3,0,0,0,0,0,0,45.69
2008,1,27,4,30,11.200000000000001,0,0,0,0,0,0,50.58
2008,1,27,5,30,10.5,0,0,0,0,0,0,53.9
2008,1,27,6,30,10,0,0,0,0,0,0,56.7
2008,1,27,7,30,9.1,0,0,0,0,0,0,61.02
2008,1,27,8,30,8.200000000000001,0,0,0,0,0,0,66.48
2008,1,27,9,30,7.6000000000000005,0,0,0,0,0,0,73.32000000000001
2008,1,27,10,30,7.2,0,0,0,0,0,0,80.43
2008,1,27,11,30,6.7,0,0,0,0,0,0,88.72
2008,1,27,12,30,6.5,0,0,0,0,0,0,95.10000000000001
2008,1,27,13,30,8.1,0,0,0,0,0,0,88.25
2008,1,27,14,30,11.700000000000001,44,163,633,11,99,101,69.64
2008,1,27,15,30,16,62,394,859,535,140,346,50.5
2008,1,27,16,30,20,70,598,961,961,70,598,34.12
2008,1,27,17,30,22.5,73,751,1016,1016,73,751,24.150000000000002
2008,1,27,18,30,23.700000000000003,73,837,1045,1045,73,837,19.25
2008,1,27,19,30,24.200000000000003,72,844,1049,1049,72,844,15.780000000000001
2008,1,27,20,30,24.200000000000003,68,776,1036,1036,68,776,13.790000000000001
2008,1,27,21,30,23.8,62,638,1003,1003,62,638,13.13
2008,1,27,22,30,22.200000000000003,54,443,931,931,54,443,14.09
2008,1,27,23,30,18.3,41,214,769,769,41,214,23.41
2008,1,28,0,30,14.700000000000001,0,0,0,0,0,0,31.13
2008,1,28,1,30,13.4,0,0,0,0,0,0,32.46
2008,1,28,2,30,12.4,0,0,0,0,0,0,36
2008,1,28,3,30,11.5,0,0,0,0,0,0,41.69
2008,1,28,4,30,10.9,0,0,0,0,0,0,47.28
2008,1,28,5,30,10.4,0,0,0,0,0,0,52.07
2008,1,28,6,30,9.9,0,0,0,0,0,0,56.06
2008,1,28,7,30,9.3,0,0,0,0,0,0,60.5
2008,1,28,8,30,9,0,0,0,0,0,0,64.16
2008,1,28,9,30,8.8,0,0,0,0,0,0,67.39
2008,1,28,10,30,8.6,0,0,0,0,0,0,70
2008,1,28,11,30,8.3,0,0,0,0,0,0,72.28
2008,1,28,12,30,8.200000000000001,0,0,0,0,0,0,73.24
2008,1,28,13,30,9.9,0,0,0,0,0,0,65.46000000000001
2008,1,28,14,30,13.8,44,165,639,17,86,90,51.09
2008,1,28,15,30,18.1,65,393,845,354,186,323,39.19
2008,1,28,16,30,21.200000000000003,78,593,934,629,175,522,32.25
2008,1,28,17,30,22.900000000000002,85,741,979,692,270,733,28.38
2008,1,28,18,30,24.1,89,822,998,998,89,822,25.23
2008,1,28,19,30,24.8,86,830,1007,1007,86,830,22.88
2008,1,28,20,30,25.1,79,764,998,998,79,764,21.16
2008,1,28,21,30,24.700000000000003,71,629,966,966,71,629,20.580000000000002
2008,1,28,22,30,23.3,60,436,892,219,223,316,21.62
2008,1,28,23,30,19.700000000000003,44,210,727,308,103,173,27.150000000000002
2008,1,29,0,30,16.3,0,0,0,0,0,0,35.9
2008,1,29,1,30,15,0,0,0,0,0,0,38.480000000000004
2008,1,29,2,30,13.8,0,0,0,0,0,0,41.81
2008,1,29,3,30,12.600000000000001,0,0,0,0,0,0,45.97
2008,1,29,4,30,11.600000000000001,0,0,0,0,0,0,50.07
2008,1,29,5,30,11,0,0,0,0,0,0,53.44
2008,1,29,6,30,10.600000000000001,0,0,0,0,0,0,57.410000000000004
2008,1,29,7,30,10.200000000000001,0,0,0,0,0,0,62.370000000000005
2008,1,29,8,30,9.700000000000001,0,0,0,0,0,0,67.72
2008,1,29,9,30,9.4,0,0,0,0,0,0,71
2008,1,29,10,30,9.3,0,0,0,0,0,0,71.35000000000001
2008,1,29,11,30,9.200000000000001,0,0,0,0,0,0,71.19
2008,1,29,12,30,9.3,0,0,0,0,0,0,70.46000000000001
2008,1,29,13,30,10.4,0,0,0,0,0,0,65.74
2008,1,29,14,30,12.9,39,168,676,48,99,108,56.32
2008,1,29,15,30,15.9,54,397,882,552,123,338,45.27
2008,1,29,16,30,18.8,58,597,973,213,325,443,35.56
2008,1,29,17,30,21,59,744,1018,542,246,610,29.67
2008,1,29,18,30,22.200000000000003,57,823,1039,1039,57,823,26.64
2008,1,29,19,30,22.5,58,830,1041,513,272,653,25.44
2008,1,29,20,30,22.400000000000002,57,764,1026,620,229,656,25.14
2008,1,29,21,30,21.8,53,629,992,617,184,542,25.88
2008,1,29,22,30,20.5,49,439,920,310,191,322,27.990000000000002
2008,1,29,23,30,17.7,38,214,763,233,110,163,34.660000000000004
2008,1,30,0,30,15,0,0,0,0,0,0,43.6
2008,1,30,1,30,13.5,0,0,0,0,0,0,46.99
2008,1,30,2,30,12.200000000000001,0,0,0,0,0,0,49.69
2008,1,30,3,30,11.200000000000001,0,0,0,0,0,0,52.050000000000004
2008,1,30,4,30,10.5,0,0,0,0,0,0,54.370000000000005
2008,1,30,5,30,9.8,0,0,0,0,0,0,57.43
2008,1,30,6,30,8.9,0,0,0,0,0,0,61.65
2008,1,30,7,30,8.3,0,0,0,0,0,0,65.28
2008,1,30,8,30,7.7,0,0,0,0,0,0,69.68
2008,1,30,9,30,7.1000000000000005,0,0,0,0,0,0,75.21000000000001
2008,1,30,10,30,6.6000000000000005,0,0,0,0,0,0,81.21000000000001
2008,1,30,11,30,6.1000000000000005,0,0,0,0,0,0,87.57000000000001
2008,1,30,12,30,6.1000000000000005,0,0,0,0,0,0,91.16
2008,1,30,13,30,8.200000000000001,0,0,0,0,0,0,81.36
2008,1,30,14,30,12.3,34,176,739,739,34,176,62.22
2008,1,30,15,30,16.6,43,411,940,940,43,411,35.79
2008,1,30,16,30,19.700000000000003,48,618,1024,1024,48,618,16.830000000000002
2008,1,30,17,30,21.700000000000003,51,773,1070,1070,51,773,9.94
2008,1,30,18,30,23.1,57,865,1092,1092,57,865,7.26
2008,1,30,19,30,23.700000000000003,56,873,1095,1095,56,873,6.29
2008,1,30,20,30,23.700000000000003,51,802,1084,1084,51,802,5.89
2008,1,30,21,30,23,48,663,1052,1052,48,663,5.83
2008,1,30,22,30,21.3,42,465,988,988,42,465,6.33
2008,1,30,23,30,17.3,33,230,844,844,33,230,8.92
2008,1,31,0,30,13.3,10,17,359,359,10,17,15.6
2008,1,31,1,30,11.5,0,0,0,0,0,0,19.47
2008,1,31,2,30,10.200000000000001,0,0,0,0,0,0,22.85
2008,1,31,3,30,8.9,0,0,0,0,0,0,27.16
2008,1,31,4,30,7.800000000000001,0,0,0,0,0,0,32.43
2008,1,31,5,30,6.800000000000001,0,0,0,0,0,0,38.37
2008,1,31,6,30,6.1000000000000005,0,0,0,0,0,0,42.53
2008,1,31,7,30,5.5,0,0,0,0,0,0,42.800000000000004
2008,1,31,8,30,5,0,0,0,0,0,0,40.1
2008,1,31,9,30,4.5,0,0,0,0,0,0,35.93
2008,1,31,10,30,3.9000000000000004,0,0,0,0,0,0,32.35
2008,1,31,11,30,3.3000000000000003,0,0,0,0,0,0,29.76
2008,1,31,12,30,2.8000000000000003,0,0,0,0,0,0,27.69
2008,1,31,13,30,5.300000000000001,0,0,0,0,0,0,21.76
2008,1,31,14,30,10,30,195,850,16,113,116,15.55
2008,1,31,15,30,14.9,41,442,1020,1020,41,442,10.9
2008,1,31,16,30,18.900000000000002,47,657,1092,1092,47,657,4.69
2008,1,31,17,30,20.700000000000003,50,815,1127,1127,50,815,3.58
2008,1,31,18,30,21.900000000000002,54,902,1142,1142,54,902,3.37
2008,1,31,19,30,22.400000000000002,54,910,1143,1143,54,910,3.36
2008,1,31,20,30,22.3,53,840,1131,1131,53,840,3.47
2008,1,31,21,30,21.6,51,696,1099,1099,51,696,3.7600000000000002
2008,1,31,22,30,19.6,45,491,1037,1037,45,491,4.44
2008,1,31,23,30,14.9,35,241,872,872,35,241,10.42
2008,2,1,0,30,10.5,11,19,366,366,11,19,16.71
2008,2,1,1,30,8.200000000000001,0,0,0,0,0,0,17.080000000000002
2008,2,1,2,30,6.2,0,0,0,0,0,0,21.28
2008,2,1,3,30,4.6000000000000005,0,0,0,0,0,0,28.150000000000002
2008,2,1,4,30,3.6,0,0,0,0,0,0,34.06
2008,2,1,5,30,2.8000000000000003,0,0,0,0,0,0,37.52
2008,2,1,6,30,2.1,0,0,0,0,0,0,38.92
2008,2,1,7,30,1.5,0,0,0,0,0,0,39.38
2008,2,1,8,30,1,0,0,0,0,0,0,39.58
2008,2,1,9,30,0.7000000000000001,0,0,0,0,0,0,40.67
2008,2,1,10,30,0.5,0,0,0,0,0,0,44.68
2008,2,1,11,30,0.30000000000000004,0,0,0,0,0,0,53.56
2008,2,1,12,30,0.4,0,0,0,0,0,0,62.49
2008,2,1,13,30,2.9000000000000004,0,0,0,0,0,0,58.08
2008,2,1,14,30,7.7,36,187,772,0,91,90,45.03
2008,2,1,15,30,13.4,49,423,944,944,49,423,33.14
2008,2,1,16,30,18.8,56,631,1023,1023,56,631,21.45
2008,2,1,17,30,21.900000000000002,61,783,1061,1061,61,783,14.09
2008,2,1,18,30,23.200000000000003,63,867,1078,1078,63,867,12.8
2008,2,1,19,30,23.8,62,870,1073,1073,62,870,12.33
2008,2,1,20,30,23.900000000000002,59,801,1061,1061,59,801,12.44
2008,2,1,21,30,23.400000000000002,56,659,1021,1021,56,659,13.42
2008,2,1,22,30,21.900000000000002,50,461,948,948,50,461,15.9
2008,2,1,23,30,18.1,38,228,793,793,38,228,22.88
2008,2,2,0,30,14.4,12,19,292,292,12,19,34.160000000000004
2008,2,2,1,30,13.100000000000001,0,0,0,0,0,0,39.45
2008,2,2,2,30,12.200000000000001,0,0,0,0,0,0,43.85
2008,2,2,3,30,11.100000000000001,0,0,0,0,0,0,48.870000000000005
2008,2,2,4,30,9.9,0,0,0,0,0,0,54.69
2008,2,2,5,30,8.8,0,0,0,0,0,0,60.9
2008,2,2,6,30,7.9,0,0,0,0,0,0,66.42
2008,2,2,7,30,7.1000000000000005,0,0,0,0,0,0,70.53
2008,2,2,8,30,6.300000000000001,0,0,0,0,0,0,71.38
2008,2,2,9,30,5.7,0,0,0,0,0,0,67.3
2008,2,2,10,30,5.2,0,0,0,0,0,0,60.22
2008,2,2,11,30,4.9,0,0,0,0,0,0,53.13
2008,2,2,12,30,4.9,0,0,0,0,0,0,47.31
2008,2,2,13,30,7.7,0,0,0,0,0,0,36.35
2008,2,2,14,30,12.5,36,186,759,759,36,186,25.84
2008,2,2,15,30,16.8,49,424,940,940,49,424,18.5
2008,2,2,16,30,19.900000000000002,58,631,1016,1016,58,631,13.120000000000001
2008,2,2,17,30,21.8,62,779,1048,1048,62,779,11.33
2008,2,2,18,30,23,67,863,1062,1062,67,863,10.620000000000001
2008,2,2,19,30,23.700000000000003,68,872,1064,1064,68,872,10.42
2008,2,2,20,30,23.700000000000003,66,800,1043,1043,66,800,10.82
2008,2,2,21,30,23.1,61,662,1013,1013,61,662,11.73
2008,2,2,22,30,21.5,53,466,945,945,53,466,13.57
2008,2,2,23,30,17.8,41,234,793,793,41,234,18.27
2008,2,3,0,30,14,13,21,301,301,13,21,27.17
2008,2,3,1,30,12.4,0,0,0,0,0,0,31.080000000000002
2008,2,3,2,30,11.200000000000001,0,0,0,0,0,0,34.14
2008,2,3,3,30,10.100000000000001,0,0,0,0,0,0,37.480000000000004
2008,2,3,4,30,9,0,0,0,0,0,0,41.77
2008,2,3,5,30,8.1,0,0,0,0,0,0,46.07
2008,2,3,6,30,7.300000000000001,0,0,0,0,0,0,49.61
2008,2,3,7,30,6.6000000000000005,0,0,0,0,0,0,51.800000000000004
2008,2,3,8,30,6,0,0,0,0,0,0,53.63
2008,2,3,9,30,5.6000000000000005,0,0,0,0,0,0,55.34
2008,2,3,10,30,5.300000000000001,0,0,0,0,0,0,57.28
2008,2,3,11,30,5.1000000000000005,0,0,0,0,0,0,59.17
2008,2,3,12,30,5.300000000000001,0,0,0,0,0,0,59.58
2008,2,3,13,30,7.9,0,0,0,0,0,0,51.18
2008,2,3,14,30,12.600000000000001,36,190,771,771,36,190,39.07
2008,2,3,15,30,17.2,49,430,951,951,49,430,28.78
2008,2,3,16,30,20.700000000000003,55,638,1028,1028,55,638,18.1
2008,2,3,17,30,22.6,59,791,1066,1066,59,791,13.91
2008,2,3,18,30,23.700000000000003,60,875,1083,1083,60,875,12.38
2008,2,3,19,30,24.1,63,879,1075,1075,63,879,11.97
2008,2,3,20,30,24.1,61,811,1062,1062,61,811,12.13
2008,2,3,21,30,23.5,57,672,1030,1030,57,672,12.82
2008,2,3,22,30,22,49,472,960,582,154,410,14.4
2008,2,3,23,30,18.2,38,238,815,815,38,238,19.5
2008,2,4,0,30,14.5,13,23,335,335,13,23,29.25
2008,2,4,1,30,13.3,0,0,0,0,0,0,33.06
2008,2,4,2,30,12.600000000000001,0,0,0,0,0,0,36.03
2008,2,4,3,30,11.9,0,0,0,0,0,0,39.31
2008,2,4,4,30,11.200000000000001,0,0,0,0,0,0,43.06
2008,2,4,5,30,10.600000000000001,0,0,0,0,0,0,46.730000000000004
2008,2,4,6,30,10,0,0,0,0,0,0,49.910000000000004
2008,2,4,7,30,9.4,0,0,0,0,0,0,51.5
2008,2,4,8,30,8.9,0,0,0,0,0,0,50.86
2008,2,4,9,30,8.4,0,0,0,0,0,0,49.61
2008,2,4,10,30,8.1,0,0,0,0,0,0,48.11
2008,2,4,11,30,7.6000000000000005,0,0,0,0,0,0,47.980000000000004
2008,2,4,12,30,7.2,0,0,0,0,0,0,47.94
2008,2,4,13,30,9,0,0,0,0,0,0,41.51
2008,2,4,14,30,13.100000000000001,36,192,777,1,44,44,31.16
2008,2,4,15,30,17.5,49,433,953,203,214,296,21.3
2008,2,4,16,30,20.700000000000003,56,642,1028,622,200,555,13.44
2008,2,4,17,30,22.5,60,795,1065,1065,60,795,10.88
2008,2,4,18,30,23.5,65,881,1080,1080,65,881,9.84
2008,2,4,19,30,23.8,65,890,1081,426,419,744,9.58
2008,2,4,20,30,23.5,64,821,1067,1067,64,821,9.8
2008,2,4,21,30,22.700000000000003,59,677,1029,1029,59,677,10.31
2008,2,4,22,30,21.1,52,479,964,964,52,479,11.33
2008,2,4,23,30,17.8,40,244,820,820,40,244,14.280000000000001
2008,2,5,0,30,14.700000000000001,14,24,343,343,14,24,19.85
2008,2,5,1,30,13.3,0,0,0,0,0,0,23.84
2008,2,5,2,30,12.200000000000001,0,0,0,0,0,0,28.07
2008,2,5,3,30,10.700000000000001,0,0,0,0,0,0,34.05
2008,2,5,4,30,9.3,0,0,0,0,0,0,40.980000000000004
2008,2,5,5,30,8.200000000000001,0,0,0,0,0,0,46.34
2008,2,5,6,30,7.6000000000000005,0,0,0,0,0,0,47.93
2008,2,5,7,30,7.2,0,0,0,0,0,0,47.5
2008,2,5,8,30,6.9,0,0,0,0,0,0,46.7
2008,2,5,9,30,6.6000000000000005,0,0,0,0,0,0,45.87
2008,2,5,10,30,6.4,0,0,0,0,0,0,45.26
2008,2,5,11,30,6.4,0,0,0,0,0,0,44.800000000000004
2008,2,5,12,30,6.4,0,0,0,0,0,0,45.27
2008,2,5,13,30,8,0,0,0,0,0,0,41.45
2008,2,5,14,30,11.9,34,196,797,797,34,196,32.96
2008,2,5,15,30,16.1,46,443,981,981,46,443,23.94
2008,2,5,16,30,19,53,655,1053,1053,53,655,16.46
2008,2,5,17,30,20.8,57,811,1089,1089,57,811,13.64
2008,2,5,18,30,22,57,897,1106,1106,57,897,12.530000000000001
2008,2,5,19,30,22.6,56,905,1109,1109,56,905,11.93
2008,2,5,20,30,22.6,54,836,1096,1096,54,836,11.73
2008,2,5,21,30,22,51,695,1066,1066,51,695,11.790000000000001
2008,2,5,22,30,20.5,45,494,1005,1005,45,494,12.72
2008,2,5,23,30,16.900000000000002,36,254,870,870,36,254,16.56
2008,2,6,0,30,13.100000000000001,13,27,411,411,13,27,24.6
2008,2,6,1,30,11,0,0,0,0,0,0,31.330000000000002
2008,2,6,2,30,9.600000000000001,0,0,0,0,0,0,37.480000000000004
2008,2,6,3,30,8.4,0,0,0,0,0,0,44.550000000000004
2008,2,6,4,30,7.2,0,0,0,0,0,0,53.800000000000004
2008,2,6,5,30,5.800000000000001,0,0,0,0,0,0,65.66
2008,2,6,6,30,4.6000000000000005,0,0,0,0,0,0,76.60000000000001
2008,2,6,7,30,3.7,0,0,0,0,0,0,82.92
2008,2,6,8,30,2.9000000000000004,0,0,0,0,0,0,84.73
2008,2,6,9,30,2.2,0,0,0,0,0,0,84.85000000000001
2008,2,6,10,30,1.6,0,0,0,0,0,0,84.5
2008,2,6,11,30,1.1,0,0,0,0,0,0,83.97
2008,2,6,12,30,1,0,0,0,0,0,0,81.73
2008,2,6,13,30,3.3000000000000003,0,0,0,0,0,0,67.58
2008,2,6,14,30,7.2,34,205,832,832,34,205,48
2008,2,6,15,30,10.700000000000001,44,452,1000,1000,44,452,30.740000000000002
2008,2,6,16,30,14.4,51,666,1070,1070,51,666,21.11
2008,2,6,17,30,18.2,55,824,1105,1105,55,824,12.450000000000001
2008,2,6,18,30,21,64,914,1115,1115,64,914,7.74
2008,2,6,19,30,22.400000000000002,64,923,1117,1117,64,923,6.21
2008,2,6,20,30,22.900000000000002,61,853,1106,1106,61,853,5.34
2008,2,6,21,30,22.6,53,709,1080,1080,53,709,4.93
2008,2,6,22,30,20.900000000000002,46,505,1021,1021,46,505,5.2
2008,2,6,23,30,16.5,36,262,889,889,36,262,9.46
2008,2,7,0,30,12.600000000000001,14,30,442,442,14,30,16.7
2008,2,7,1,30,11.200000000000001,0,0,0,0,0,0,18.06
2008,2,7,2,30,10.200000000000001,0,0,0,0,0,0,20.06
2008,2,7,3,30,9,0,0,0,0,0,0,23.61
2008,2,7,4,30,7.7,0,0,0,0,0,0,27.97
2008,2,7,5,30,6.6000000000000005,0,0,0,0,0,0,31.93
2008,2,7,6,30,5.800000000000001,0,0,0,0,0,0,35.06
2008,2,7,7,30,5.300000000000001,0,0,0,0,0,0,37.12
2008,2,7,8,30,4.7,0,0,0,0,0,0,38.65
2008,2,7,9,30,4.1000000000000005,0,0,0,0,0,0,39.13
2008,2,7,10,30,3.5,0,0,0,0,0,0,38.63
2008,2,7,11,30,3.1,0,0,0,0,0,0,36.61
2008,2,7,12,30,3.1,0,0,0,0,0,0,33.65
2008,2,7,13,30,6,0,0,0,0,0,0,26.2
2008,2,7,14,30,10.9,35,205,812,3,99,99,19.88
2008,2,7,15,30,15.200000000000001,49,451,978,978,49,451,11.34
2008,2,7,16,30,18.3,56,664,1050,1050,56,664,6.74
2008,2,7,17,30,20.1,60,820,1086,1086,60,820,5.69
2008,2,7,18,30,21.400000000000002,62,907,1103,1103,62,907,5.16
2008,2,7,19,30,22.1,61,915,1105,1105,61,915,4.8500000000000005
2008,2,7,20,30,22.200000000000003,59,846,1093,1093,59,846,4.74
2008,2,7,21,30,21.700000000000003,54,704,1064,1064,54,704,4.82
2008,2,7,22,30,20,49,503,1002,1002,49,503,5.3500000000000005
2008,2,7,23,30,15.5,39,261,866,563,93,237,11.02
2008,2,8,0,30,11,15,31,413,5,20,20,19.85
2008,2,8,1,30,9.1,0,0,0,0,0,0,19.84
2008,2,8,2,30,7.9,0,0,0,0,0,0,20.87
2008,2,8,3,30,7.5,0,0,0,0,0,0,22.05
2008,2,8,4,30,7.5,0,0,0,0,0,0,23.97
2008,2,8,5,30,7.7,0,0,0,0,0,0,25.28
2008,2,8,6,30,8,0,0,0,0,0,0,24.46
2008,2,8,7,30,7.9,0,0,0,0,0,0,23.29
2008,2,8,8,30,7.6000000000000005,0,0,0,0,0,0,22.46
2008,2,8,9,30,7.4,0,0,0,0,0,0,21.240000000000002
2008,2,8,10,30,7.5,0,0,0,0,0,0,20.46
2008,2,8,11,30,7.7,0,0,0,0,0,0,19.69
2008,2,8,12,30,7.800000000000001,0,0,0,0,0,0,19.06
2008,2,8,13,30,9.1,0,0,0,0,0,0,17.1
2008,2,8,14,30,12.4,38,207,804,291,99,161,16.79
2008,2,8,15,30,17,50,454,975,207,215,301,9.11
2008,2,8,16,30,20.6,57,667,1049,67,348,387,6.07
2008,2,8,17,30,22.400000000000002,60,824,1086,1086,60,824,5.7
2008,2,8,18,30,23.400000000000002,64,902,1090,331,464,719,5.75
2008,2,8,19,30,24,63,911,1092,1092,63,911,5.88
2008,2,8,20,30,24,62,842,1080,1080,62,842,6.2
2008,2,8,21,30,23.5,59,702,1048,1048,59,702,6.7
2008,2,8,22,30,22,52,497,976,976,52,497,7.75
2008,2,8,23,30,18.2,40,258,839,839,40,258,13.55
2008,2,9,0,30,14.5,15,31,381,4,20,20,22.86
2008,2,9,1,30,13.100000000000001,0,0,0,0,0,0,24.150000000000002
2008,2,9,2,30,12.5,0,0,0,0,0,0,26.740000000000002
2008,2,9,3,30,11.8,0,0,0,0,0,0,31.57
2008,2,9,4,30,10.700000000000001,0,0,0,0,0,0,38.39
2008,2,9,5,30,9.600000000000001,0,0,0,0,0,0,43.75
2008,2,9,6,30,8.5,0,0,0,0,0,0,47.5
2008,2,9,7,30,7.800000000000001,0,0,0,0,0,0,49.550000000000004
2008,2,9,8,30,7.300000000000001,0,0,0,0,0,0,50.93
2008,2,9,9,30,6.800000000000001,0,0,0,0,0,0,52.49
2008,2,9,10,30,6.4,0,0,0,0,0,0,53.550000000000004
2008,2,9,11,30,6,0,0,0,0,0,0,54.13
2008,2,9,12,30,6,0,0,0,0,0,0,52.75
2008,2,9,13,30,8.8,0,0,0,0,0,0,42.72
2008,2,9,14,30,13.4,37,199,762,762,37,199,31.8
2008,2,9,15,30,17.8,51,439,932,932,51,439,21.62
2008,2,9,16,30,20.900000000000002,58,647,1007,1007,58,647,14.74
2008,2,9,17,30,22.400000000000002,64,801,1043,1043,64,801,13.35
2008,2,9,18,30,23.200000000000003,67,886,1059,1059,67,886,12.73
2008,2,9,19,30,23.6,67,891,1056,1056,67,891,12.32
2008,2,9,20,30,23.6,64,823,1044,1044,64,823,12.1
2008,2,9,21,30,23.3,58,684,1016,538,231,563,12.030000000000001
2008,2,9,22,30,22.200000000000003,51,488,952,100,219,264,12.63
2008,2,9,23,30,19.8,41,254,811,477,93,218,16.07
2008,2,10,0,30,17.1,16,32,357,3,20,20,22.97
2008,2,10,1,30,15.3,0,0,0,0,0,0,25.29
2008,2,10,2,30,13.9,0,0,0,0,0,0,26.25
2008,2,10,3,30,13,0,0,0,0,0,0,25.1
2008,2,10,4,30,11.9,0,0,0,0,0,0,24.66
2008,2,10,5,30,10.600000000000001,0,0,0,0,0,0,26.86
2008,2,10,6,30,9.3,0,0,0,0,0,0,32.2
2008,2,10,7,30,8.4,0,0,0,0,0,0,39.74
2008,2,10,8,30,8,0,0,0,0,0,0,49.410000000000004
2008,2,10,9,30,7.9,0,0,0,0,0,0,59.72
2008,2,10,10,30,8,0,0,0,0,0,0,67.87
2008,2,10,11,30,7.9,0,0,0,0,0,0,74.43
2008,2,10,12,30,8,0,0,0,0,0,0,77.8
2008,2,10,13,30,9.1,0,0,0,0,0,0,73.79
2008,2,10,14,30,11.600000000000001,54,188,622,13,92,95,62.46
2008,2,10,15,30,15.200000000000001,76,422,826,220,216,308,45.01
2008,2,10,16,30,18.6,88,628,919,153,301,391,28.35
2008,2,10,17,30,20.3,99,777,956,390,316,593,24.09
2008,2,10,18,30,20.3,96,862,987,0,131,132,25.27
2008,2,10,19,30,19.1,109,863,963,1,160,160,29.41
2008,2,10,20,30,17.6,114,793,930,930,114,793,35.81
2008,2,10,21,30,16.3,93,660,913,913,93,660,41.89
2008,2,10,22,30,14.3,90,460,801,58,229,256,50.06
2008,2,10,23,30,11.3,81,225,544,1,54,54,64.8
2008,2,11,0,30,8.3,20,23,60,0,13,13,80.56
2008,2,11,1,30,6.7,0,0,0,0,0,0,83.27
2008,2,11,2,30,6.4,0,0,0,0,0,0,81.71000000000001
2008,2,11,3,30,6.300000000000001,0,0,0,0,0,0,84.05
2008,2,11,4,30,6,0,0,0,0,0,0,86.81
2008,2,11,5,30,5.7,0,0,0,0,0,0,88.65
2008,2,11,6,30,5.5,0,0,0,0,0,0,89.47
2008,2,11,7,30,5.1000000000000005,0,0,0,0,0,0,91.7
2008,2,11,8,30,4.6000000000000005,0,0,0,0,0,0,94.24
2008,2,11,9,30,4.3,0,0,0,0,0,0,95.96000000000001
2008,2,11,10,30,4.1000000000000005,0,0,0,0,0,0,97.45
2008,2,11,11,30,4,0,0,0,0,0,0,98.11
2008,2,11,12,30,4.5,0,0,0,0,0,0,93.97
2008,2,11,13,30,7.300000000000001,0,0,0,0,0,0,77.31
2008,2,11,14,30,12,46,198,697,697,46,198,58.11
2008,2,11,15,30,16.6,64,437,884,884,64,437,42.730000000000004
2008,2,11,16,30,19.6,76,645,963,963,76,645,28.03
2008,2,11,17,30,20.900000000000002,86,798,999,999,86,798,24.05
2008,2,11,18,30,21.6,88,880,1017,1017,88,880,22.14
2008,2,11,19,30,22,88,889,1019,1019,88,889,20.94
2008,2,11,20,30,22.1,84,825,1011,95,415,484,20.240000000000002
2008,2,11,21,30,21.6,75,687,982,982,75,687,20.53
2008,2,11,22,30,20.5,65,491,917,276,230,358,21.76
2008,2,11,23,30,17.2,50,256,769,209,133,189,27.25
2008,2,12,0,30,14,18,34,314,3,22,22,39.63
2008,2,12,1,30,12.8,0,0,0,0,0,0,42.42
2008,2,12,2,30,12.100000000000001,0,0,0,0,0,0,43.92
2008,2,12,3,30,11.3,0,0,0,0,0,0,45.730000000000004
2008,2,12,4,30,10.4,0,0,0,0,0,0,48.4
2008,2,12,5,30,9.4,0,0,0,0,0,0,52.01
2008,2,12,6,30,8.200000000000001,0,0,0,0,0,0,57.09
2008,2,12,7,30,7.2,0,0,0,0,0,0,61.480000000000004
2008,2,12,8,30,6.4,0,0,0,0,0,0,63.21
2008,2,12,9,30,5.7,0,0,0,0,0,0,62.07
2008,2,12,10,30,5.1000000000000005,0,0,0,0,0,0,60.46
2008,2,12,11,30,4.7,0,0,0,0,0,0,59.46
2008,2,12,12,30,4.9,0,0,0,0,0,0,57.47
2008,2,12,13,30,7.4,0,0,0,0,0,0,48.63
2008,2,12,14,30,11,41,211,768,11,87,90,38.63
2008,2,12,15,30,15,54,452,935,50,202,223,27.6
2008,2,12,16,30,18.3,61,662,1012,401,269,508,16.34
2008,2,12,17,30,20,66,817,1049,622,245,691,13.63
2008,2,12,18,30,21.1,68,903,1066,381,374,672,12.540000000000001
2008,2,12,19,30,21.8,69,917,1074,786,278,899,11.81
2008,2,12,20,30,22,66,848,1062,1062,66,848,11.38
2008,2,12,21,30,21.6,61,707,1032,1032,61,707,11.31
2008,2,12,22,30,20.400000000000002,53,508,972,972,53,508,11.86
2008,2,12,23,30,16.900000000000002,41,269,840,840,41,269,16.16
2008,2,13,0,30,13.100000000000001,17,38,424,424,17,38,28.98
2008,2,13,1,30,11.5,0,0,0,0,0,0,30.37
2008,2,13,2,30,10.200000000000001,0,0,0,0,0,0,33.11
2008,2,13,3,30,9.1,0,0,0,0,0,0,36.050000000000004
2008,2,13,4,30,8.4,0,0,0,0,0,0,37.63
2008,2,13,5,30,8.3,0,0,0,0,0,0,36.83
2008,2,13,6,30,8.4,0,0,0,0,0,0,35.13
2008,2,13,7,30,8.200000000000001,0,0,0,0,0,0,35.17
2008,2,13,8,30,7.5,0,0,0,0,0,0,36.5
2008,2,13,9,30,6.5,0,0,0,0,0,0,38.59
2008,2,13,10,30,5.5,0,0,0,0,0,0,41.13
2008,2,13,11,30,4.3,0,0,0,0,0,0,44.75
2008,2,13,12,30,3.7,0,0,0,0,0,0,46.95
2008,2,13,13,30,6,0,0,0,0,0,0,41.800000000000004
2008,2,13,14,30,10.8,40,213,773,773,40,213,32.12
2008,2,13,15,30,15.4,55,457,940,940,55,457,25.740000000000002
2008,2,13,16,30,18.6,64,669,1013,1013,64,669,20.66
2008,2,13,17,30,20.400000000000002,70,820,1043,1043,70,820,17.87
2008,2,13,18,30,21.700000000000003,76,906,1055,1055,76,906,15.870000000000001
2008,2,13,19,30,22.400000000000002,76,915,1057,1057,76,915,14.4
2008,2,13,20,30,22.700000000000003,73,847,1045,1045,73,847,13.22
2008,2,13,21,30,22.400000000000002,67,711,1021,1021,67,711,12.530000000000001
2008,2,13,22,30,21.3,58,510,962,962,58,510,12.64
2008,2,13,23,30,17.6,44,271,831,831,44,271,16.4
2008,2,14,0,30,13.600000000000001,18,40,421,421,18,40,28.66
2008,2,14,1,30,11.8,0,0,0,0,0,0,29.39
2008,2,14,2,30,10.600000000000001,0,0,0,0,0,0,29.5
2008,2,14,3,30,9.700000000000001,0,0,0,0,0,0,29.19
2008,2,14,4,30,8.8,0,0,0,0,0,0,30.28
2008,2,14,5,30,7.9,0,0,0,0,0,0,32.95
2008,2,14,6,30,7.2,0,0,0,0,0,0,36.69
2008,2,14,7,30,6.6000000000000005,0,0,0,0,0,0,40.67
2008,2,14,8,30,6.1000000000000005,0,0,0,0,0,0,42.76
2008,2,14,9,30,5.7,0,0,0,0,0,0,43.52
2008,2,14,10,30,5.4,0,0,0,0,0,0,43.69
2008,2,14,11,30,5.4,0,0,0,0,0,0,42.83
2008,2,14,12,30,5.800000000000001,0,0,0,0,0,0,41.39
2008,2,14,13,30,7.9,0,0,0,0,0,0,36.19
2008,2,14,14,30,12,36,217,797,22,128,133,28.240000000000002
2008,2,14,15,30,16.3,47,461,959,959,47,461,20.96
2008,2,14,16,30,19.3,54,668,1022,1022,54,668,15.01
2008,2,14,17,30,21.200000000000003,59,823,1057,1057,59,823,12.06
2008,2,14,18,30,22.400000000000002,60,904,1068,1068,60,904,10.72
2008,2,14,19,30,23.1,59,912,1071,1071,59,912,10.120000000000001
2008,2,14,20,30,23.3,57,844,1059,634,252,724,9.93
2008,2,14,21,30,22.700000000000003,56,706,1026,260,292,456,10.34
2008,2,14,22,30,21.200000000000003,52,508,963,32,206,221,11.53
2008,2,14,23,30,18.400000000000002,43,271,825,135,150,187,14.58
2008,2,15,0,30,15.700000000000001,18,41,411,1,19,19,20.32
2008,2,15,1,30,14.100000000000001,0,0,0,0,0,0,25.84
2008,2,15,2,30,12.9,0,0,0,0,0,0,30.330000000000002
2008,2,15,3,30,11.700000000000001,0,0,0,0,0,0,34.78
2008,2,15,4,30,10.5,0,0,0,0,0,0,39.56
2008,2,15,5,30,9.600000000000001,0,0,0,0,0,0,43.28
2008,2,15,6,30,8.5,0,0,0,0,0,0,47.04
2008,2,15,7,30,7.300000000000001,0,0,0,0,0,0,50.1
2008,2,15,8,30,6.300000000000001,0,0,0,0,0,0,52.11
2008,2,15,9,30,5.6000000000000005,0,0,0,0,0,0,52.870000000000005
2008,2,15,10,30,5.300000000000001,0,0,0,0,0,0,52.2
2008,2,15,11,30,5.1000000000000005,0,0,0,0,0,0,51.34
2008,2,15,12,30,5.5,0,0,0,0,0,0,48.84
2008,2,15,13,30,8.1,0,0,0,0,0,0,40.29
2008,2,15,14,30,12.9,32,221,822,52,135,147,29.19
2008,2,15,15,30,17.6,42,466,975,975,42,466,19.56
2008,2,15,16,30,21.1,48,678,1042,1042,48,678,12.86
2008,2,15,17,30,23.3,52,834,1076,1076,52,834,10.07
2008,2,15,18,30,24.700000000000003,57,922,1089,1089,57,922,8.97
2008,2,15,19,30,25.200000000000003,56,930,1092,1092,56,930,8.64
2008,2,15,20,30,25.1,54,856,1073,1073,54,856,8.74
2008,2,15,21,30,24.3,52,716,1043,1043,52,716,9.34
2008,2,15,22,30,22.700000000000003,47,513,977,977,47,513,10.64
2008,2,15,23,30,19,36,274,853,853,36,274,14.290000000000001
2008,2,16,0,30,14.9,16,43,464,464,16,43,22.51
2008,2,16,1,30,12.9,0,0,0,0,0,0,27.29
2008,2,16,2,30,12,0,0,0,0,0,0,28.810000000000002
2008,2,16,3,30,11.100000000000001,0,0,0,0,0,0,30.41
2008,2,16,4,30,10.200000000000001,0,0,0,0,0,0,32.84
2008,2,16,5,30,9.4,0,0,0,0,0,0,35.660000000000004
2008,2,16,6,30,8.8,0,0,0,0,0,0,37.550000000000004
2008,2,16,7,30,8.200000000000001,0,0,0,0,0,0,38.86
2008,2,16,8,30,7.800000000000001,0,0,0,0,0,0,40.01
2008,2,16,9,30,7.4,0,0,0,0,0,0,40.85
2008,2,16,10,30,7.2,0,0,0,0,0,0,41.14
2008,2,16,11,30,7,0,0,0,0,0,0,41.08
2008,2,16,12,30,7.2,0,0,0,0,0,0,40.6
2008,2,16,13,30,9.3,0,0,0,0,0,0,35.57
2008,2,16,14,30,13.600000000000001,33,219,800,800,33,219,27.67
2008,2,16,15,30,17.8,42,463,962,962,42,463,21.71
2008,2,16,16,30,20.6,48,674,1030,1030,48,674,19.25
2008,2,16,17,30,22.5,52,833,1070,1070,52,833,17.38
2008,2,16,18,30,23.8,57,921,1084,1084,57,921,15.370000000000001
2008,2,16,19,30,24.400000000000002,57,936,1092,1092,57,936,13.73
2008,2,16,20,30,24.3,56,866,1080,1080,56,866,12.72
2008,2,16,21,30,23.700000000000003,51,724,1053,1053,51,724,12.17
2008,2,16,22,30,22.200000000000003,47,528,1004,1004,47,528,12.55
2008,2,16,23,30,18.7,38,286,879,879,38,286,15.21
2008,2,17,0,30,14.600000000000001,18,47,488,488,18,47,22.09
2008,2,17,1,30,12.100000000000001,0,0,0,0,0,0,27.990000000000002
2008,2,17,2,30,10.5,0,0,0,0,0,0,32.32
2008,2,17,3,30,9.1,0,0,0,0,0,0,36.59
2008,2,17,4,30,7.9,0,0,0,0,0,0,40.78
2008,2,17,5,30,6.9,0,0,0,0,0,0,45.300000000000004
2008,2,17,6,30,6,0,0,0,0,0,0,50.33
2008,2,17,7,30,5.4,0,0,0,0,0,0,54.59
2008,2,17,8,30,4.800000000000001,0,0,0,0,0,0,56.51
2008,2,17,9,30,4.4,0,0,0,0,0,0,53.1
2008,2,17,10,30,3.9000000000000004,0,0,0,0,0,0,47.54
2008,2,17,11,30,3.6,0,0,0,0,0,0,41.78
2008,2,17,12,30,3.9000000000000004,0,0,0,0,0,0,36.06
2008,2,17,13,30,7.2,0,0,0,0,0,0,26.78
2008,2,17,14,30,12.4,34,238,868,868,34,238,17.76
2008,2,17,15,30,17.3,44,492,1014,1014,44,492,11.89
2008,2,17,16,30,21,50,709,1079,1079,50,709,6.21
2008,2,17,17,30,23.1,54,869,1111,1111,54,869,4.8500000000000005
2008,2,17,18,30,24.700000000000003,59,948,1109,1109,59,948,4.28
2008,2,17,19,30,25.6,58,956,1112,1112,58,956,4.09
2008,2,17,20,30,25.700000000000003,58,887,1099,1099,58,887,4.17
2008,2,17,21,30,25,57,744,1069,1069,57,744,4.41
2008,2,17,22,30,23.3,49,539,1013,1013,49,539,5.08
2008,2,17,23,30,19.200000000000003,38,292,896,896,38,292,12.23
2008,2,18,0,30,15,18,50,519,519,18,50,20.26
2008,2,18,1,30,12.8,0,0,0,0,0,0,19.81
2008,2,18,2,30,11.200000000000001,0,0,0,0,0,0,21.44
2008,2,18,3,30,10.5,0,0,0,0,0,0,21.76
2008,2,18,4,30,10.200000000000001,0,0,0,0,0,0,20.490000000000002
2008,2,18,5,30,9.8,0,0,0,0,0,0,19.63
2008,2,18,6,30,9.4,0,0,0,0,0,0,19.02
2008,2,18,7,30,8.8,0,0,0,0,0,0,19.46
2008,2,18,8,30,8.4,0,0,0,0,0,0,19.72
2008,2,18,9,30,8.200000000000001,0,0,0,0,0,0,19.900000000000002
2008,2,18,10,30,8.1,0,0,0,0,0,0,19.56
2008,2,18,11,30,7.7,0,0,0,0,0,0,19.580000000000002
2008,2,18,12,30,7.4,0,0,0,0,0,0,19.740000000000002
2008,2,18,13,30,8.700000000000001,0,0,0,0,0,0,18.78
2008,2,18,14,30,12.3,37,238,846,846,37,238,17.07
2008,2,18,15,30,16.7,48,489,994,994,48,489,10.44
2008,2,18,16,30,20.400000000000002,54,706,1060,1060,54,706,7.87
2008,2,18,17,30,22.8,57,864,1094,1094,57,864,6.86
2008,2,18,18,30,24.6,63,953,1106,1106,63,953,6.22
2008,2,18,19,30,25.700000000000003,62,953,1098,1098,62,953,5.89
2008,2,18,20,30,26.1,60,883,1086,1086,60,883,5.82
2008,2,18,21,30,25.8,54,739,1060,1060,54,739,5.98
2008,2,18,22,30,24.5,48,536,1004,1004,48,536,6.58
2008,2,18,23,30,20.6,39,292,882,882,39,292,12.36
2008,2,19,0,30,16.6,18,51,503,503,18,51,21.38
2008,2,19,1,30,14.5,0,0,0,0,0,0,21.34
2008,2,19,2,30,12.9,0,0,0,0,0,0,22.78
2008,2,19,3,30,11.4,0,0,0,0,0,0,24.95
2008,2,19,4,30,10.3,0,0,0,0,0,0,26.75
2008,2,19,5,30,9.200000000000001,0,0,0,0,0,0,28.71
2008,2,19,6,30,7.9,0,0,0,0,0,0,31.64
2008,2,19,7,30,6.7,0,0,0,0,0,0,35.09
2008,2,19,8,30,5.7,0,0,0,0,0,0,38.62
2008,2,19,9,30,5,0,0,0,0,0,0,41.76
2008,2,19,10,30,4.4,0,0,0,0,0,0,44.6
2008,2,19,11,30,4,0,0,0,0,0,0,46.74
2008,2,19,12,30,4.3,0,0,0,0,0,0,46.37
2008,2,19,13,30,7.6000000000000005,10,16,314,314,10,16,37.71
2008,2,19,14,30,12.9,35,236,830,830,35,236,26.59
2008,2,19,15,30,18,46,483,977,977,46,483,17.22
2008,2,19,16,30,21.900000000000002,52,696,1043,1043,52,696,9.11
2008,2,19,17,30,24,56,853,1076,1076,56,853,7.97
2008,2,19,18,30,25.5,61,935,1082,1082,61,935,7.640000000000001
2008,2,19,19,30,26.3,62,944,1083,1083,62,944,7.61
2008,2,19,20,30,26.400000000000002,63,876,1069,1069,63,876,7.76
2008,2,19,21,30,25.8,62,735,1035,1035,62,735,8.11
2008,2,19,22,30,24.3,55,532,976,976,55,532,8.89
2008,2,19,23,30,20.3,44,290,850,94,173,200,12
2008,2,20,0,30,16.2,20,51,464,464,20,51,19.56
2008,2,20,1,30,14.200000000000001,0,0,0,0,0,0,22.22
2008,2,20,2,30,12.600000000000001,0,0,0,0,0,0,24.69
2008,2,20,3,30,11.100000000000001,0,0,0,0,0,0,27.69
2008,2,20,4,30,9.9,0,0,0,0,0,0,30.57
2008,2,20,5,30,8.8,0,0,0,0,0,0,33.31
2008,2,20,6,30,8,0,0,0,0,0,0,34.07
2008,2,20,7,30,7.5,0,0,0,0,0,0,32.65
2008,2,20,8,30,7.2,0,0,0,0,0,0,30.35
2008,2,20,9,30,6.9,0,0,0,0,0,0,28.71
2008,2,20,10,30,6.5,0,0,0,0,0,0,27.75
2008,2,20,11,30,6.2,0,0,0,0,0,0,26.97
2008,2,20,12,30,6.5,0,0,0,0,0,0,25.580000000000002
2008,2,20,13,30,10.100000000000001,11,18,338,0,6,6,20.46
2008,2,20,14,30,15.700000000000001,34,241,845,6,121,122,13.39
2008,2,20,15,30,20.1,44,486,979,378,205,376,10.3
2008,2,20,16,30,23,52,700,1043,623,216,603,9.09
2008,2,20,17,30,24.6,59,859,1074,602,274,723,8.42
2008,2,20,18,30,25.400000000000002,71,942,1073,682,267,821,8.1
2008,2,20,19,30,25.3,71,950,1074,711,211,793,8.13
2008,2,20,20,30,24.5,69,881,1062,1062,69,881,8.48
2008,2,20,21,30,23.5,66,738,1031,606,217,612,9.05
2008,2,20,22,30,22.400000000000002,56,535,975,419,209,414,9.86
2008,2,20,23,30,19.1,43,293,856,510,111,260,12.61
2008,2,21,0,30,15,20,53,484,12,36,37,20.22
2008,2,21,1,30,13.100000000000001,0,0,0,0,0,0,24.02
2008,2,21,2,30,12.200000000000001,0,0,0,0,0,0,25.96
2008,2,21,3,30,11.100000000000001,0,0,0,0,0,0,28.93
2008,2,21,4,30,10.100000000000001,0,0,0,0,0,0,32.29
2008,2,21,5,30,9.4,0,0,0,0,0,0,35.02
2008,2,21,6,30,9.3,0,0,0,0,0,0,35.28
2008,2,21,7,30,9.200000000000001,0,0,0,0,0,0,34.18
2008,2,21,8,30,8.9,0,0,0,0,0,0,33.06
2008,2,21,9,30,8.700000000000001,0,0,0,0,0,0,31.830000000000002
2008,2,21,10,30,8.9,0,0,0,0,0,0,29.94
2008,2,21,11,30,8.8,0,0,0,0,0,0,29.44
2008,2,21,12,30,9,0,0,0,0,0,0,28.88
2008,2,21,13,30,10.8,12,19,311,0,6,6,25.490000000000002
2008,2,21,14,30,14.200000000000001,39,242,815,125,132,163,20.04
2008,2,21,15,30,18,52,489,962,962,52,489,15.620000000000001
2008,2,21,16,30,20.700000000000003,60,703,1028,709,247,690,11.78
2008,2,21,17,30,22.3,65,855,1056,1056,65,855,10.16
2008,2,21,18,30,23.6,65,940,1074,1074,65,940,9.290000000000001
2008,2,21,19,30,24.400000000000002,65,949,1075,1075,65,949,8.78
2008,2,21,20,30,24.3,63,879,1063,1063,63,879,8.77
2008,2,21,21,30,23.6,60,737,1033,364,310,549,9.120000000000001
2008,2,21,22,30,22.3,51,534,979,979,51,534,9.8
2008,2,21,23,30,19.3,40,293,859,859,40,293,11.85
2008,2,22,0,30,15.4,19,55,503,503,19,55,17.1
2008,2,22,1,30,13,0,0,0,0,0,0,22.25
2008,2,22,2,30,11.5,0,0,0,0,0,0,25.75
2008,2,22,3,30,10.100000000000001,0,0,0,0,0,0,29.61
2008,2,22,4,30,8.8,0,0,0,0,0,0,33.730000000000004
2008,2,22,5,30,7.7,0,0,0,0,0,0,37.72
2008,2,22,6,30,6.7,0,0,0,0,0,0,41.410000000000004
2008,2,22,7,30,5.7,0,0,0,0,0,0,44.53
2008,2,22,8,30,4.800000000000001,0,0,0,0,0,0,46.64
2008,2,22,9,30,4.1000000000000005,0,0,0,0,0,0,47.19
2008,2,22,10,30,3.5,0,0,0,0,0,0,46.47
2008,2,22,11,30,3.2,0,0,0,0,0,0,44.410000000000004
2008,2,22,12,30,3.7,0,0,0,0,0,0,40.050000000000004
2008,2,22,13,30,6.9,12,22,358,358,12,22,31.78
2008,2,22,14,30,12,39,253,853,853,39,253,21.34
2008,2,22,15,30,16.400000000000002,50,506,996,996,50,506,12.1
2008,2,22,16,30,19.6,57,724,1060,1060,57,724,7.21
2008,2,22,17,30,21.900000000000002,62,883,1092,1092,62,883,5.99
2008,2,22,18,30,23.6,68,963,1092,1092,68,963,5.54
2008,2,22,19,30,24.700000000000003,68,971,1094,1094,68,971,5.44
2008,2,22,20,30,25.200000000000003,65,900,1083,1083,65,900,5.53
2008,2,22,21,30,25.1,58,755,1058,1058,58,755,5.78
2008,2,22,22,30,24,51,550,1003,1003,51,550,6.37
2008,2,22,23,30,20.1,41,304,885,885,41,304,10.15
2008,2,23,0,30,16,20,58,523,72,41,46,20.650000000000002
2008,2,23,1,30,14.3,0,0,0,0,0,0,20.51
2008,2,23,2,30,12.8,0,0,0,0,0,0,21.48
2008,2,23,3,30,11,0,0,0,0,0,0,23.35
2008,2,23,4,30,9.200000000000001,0,0,0,0,0,0,26.14
2008,2,23,5,30,8.1,0,0,0,0,0,0,27.79
2008,2,23,6,30,7.300000000000001,0,0,0,0,0,0,28.830000000000002
2008,2,23,7,30,6.7,0,0,0,0,0,0,29.21
2008,2,23,8,30,6.2,0,0,0,0,0,0,29.29
2008,2,23,9,30,5.800000000000001,0,0,0,0,0,0,29.21
2008,2,23,10,30,5.5,0,0,0,0,0,0,29.14
2008,2,23,11,30,5.300000000000001,0,0,0,0,0,0,28.97
2008,2,23,12,30,5.800000000000001,0,0,0,0,0,0,27.48
2008,2,23,13,30,9.3,13,23,347,347,13,23,22.88
2008,2,23,14,30,14.700000000000001,38,251,834,834,38,251,15.93
2008,2,23,15,30,19.700000000000003,49,500,977,977,49,500,10.44
2008,2,23,16,30,23.700000000000003,56,715,1041,1041,56,715,7.32
2008,2,23,17,30,25.900000000000002,60,866,1067,1067,60,866,6.98
2008,2,23,18,30,27.3,62,952,1082,1082,62,952,7.09
2008,2,23,19,30,28.1,62,960,1083,1083,62,960,7.25
2008,2,23,20,30,28.3,62,890,1070,1070,62,890,7.41
2008,2,23,21,30,27.8,57,747,1043,1043,57,747,7.69
2008,2,23,22,30,26.5,52,540,978,978,52,540,8.27
2008,2,23,23,30,22.700000000000003,42,298,857,857,42,298,12.51
2008,2,24,0,30,19,21,58,492,492,21,58,21.7
2008,2,24,1,30,17.6,0,0,0,0,0,0,20.82
2008,2,24,2,30,16.2,0,0,0,0,0,0,22.080000000000002
2008,2,24,3,30,14.3,0,0,0,0,0,0,24.76
2008,2,24,4,30,12.600000000000001,0,0,0,0,0,0,27.46
2008,2,24,5,30,11.4,0,0,0,0,0,0,29.060000000000002
2008,2,24,6,30,10.600000000000001,0,0,0,0,0,0,29.580000000000002
2008,2,24,7,30,9.8,0,0,0,0,0,0,29.7
2008,2,24,8,30,9,0,0,0,0,0,0,29.94
2008,2,24,9,30,8.3,0,0,0,0,0,0,30.21
2008,2,24,10,30,7.6000000000000005,0,0,0,0,0,0,30.900000000000002
2008,2,24,11,30,7,0,0,0,0,0,0,31.77
2008,2,24,12,30,7.2,0,0,0,0,0,0,31.16
2008,2,24,13,30,10.5,14,24,326,326,14,24,25.87
2008,2,24,14,30,15.3,42,252,814,814,42,252,17.79
2008,2,24,15,30,19.6,54,501,960,960,54,501,13.530000000000001
2008,2,24,16,30,23,62,715,1027,1027,62,715,10.96
2008,2,24,17,30,25.200000000000003,67,872,1060,1060,67,872,9.700000000000001
2008,2,24,18,30,26.6,73,958,1071,1071,73,958,9.01
2008,2,24,19,30,27.3,74,966,1072,1072,74,966,8.68
2008,2,24,20,30,27.5,71,895,1060,1060,71,895,8.52
2008,2,24,21,30,27.1,66,751,1031,1031,66,751,8.56
2008,2,24,22,30,25.900000000000002,59,547,972,972,59,547,8.96
2008,2,24,23,30,22,47,303,847,847,47,303,12.32
2008,2,25,0,30,17.5,22,60,480,480,22,60,22.5
2008,2,25,1,30,15.3,0,0,0,0,0,0,22.16
2008,2,25,2,30,13.8,0,0,0,0,0,0,22.56
2008,2,25,3,30,12.4,0,0,0,0,0,0,24.02
2008,2,25,4,30,11.200000000000001,0,0,0,0,0,0,26.150000000000002
2008,2,25,5,30,10.3,0,0,0,0,0,0,29.97
2008,2,25,6,30,9.700000000000001,0,0,0,0,0,0,38.52
2008,2,25,7,30,9.1,0,0,0,0,0,0,54.95
2008,2,25,8,30,8.5,0,0,0,0,0,0,71.5
2008,2,25,9,30,7.9,0,0,0,0,0,0,82.74
2008,2,25,10,30,7.7,0,0,0,0,0,0,86.29
2008,2,25,11,30,7.5,0,0,0,0,0,0,86.08
2008,2,25,12,30,8.200000000000001,0,0,0,0,0,0,78.59
2008,2,25,13,30,11.600000000000001,15,25,277,277,15,25,58.95
2008,2,25,14,30,16.900000000000002,47,249,770,770,47,249,39.53
2008,2,25,15,30,22,61,495,927,927,61,495,25.82
2008,2,25,16,30,25.6,70,711,1003,1003,70,711,14.38
2008,2,25,17,30,27.3,74,867,1039,1039,74,867,11.49
2008,2,25,18,30,28.400000000000002,77,953,1056,1056,77,953,9.98
2008,2,25,19,30,28.900000000000002,77,965,1063,1063,77,965,9.03
2008,2,25,20,30,28.8,74,894,1051,1051,74,894,8.42
2008,2,25,21,30,28.200000000000003,67,751,1025,1025,67,751,8.11
2008,2,25,22,30,26.900000000000002,59,547,967,661,150,484,8.18
2008,2,25,23,30,23.1,47,303,843,843,47,303,10.91
2008,2,26,0,30,19,23,61,476,12,41,42,20.740000000000002
2008,2,26,1,30,16.900000000000002,0,0,0,0,0,0,21.81
2008,2,26,2,30,15.3,0,0,0,0,0,0,23.86
2008,2,26,3,30,14.5,0,0,0,0,0,0,25.77
2008,2,26,4,30,13.9,0,0,0,0,0,0,30.6
2008,2,26,5,30,12.9,0,0,0,0,0,0,36.68
2008,2,26,6,30,11.700000000000001,0,0,0,0,0,0,40.52
2008,2,26,7,30,10.700000000000001,0,0,0,0,0,0,42.27
2008,2,26,8,30,10,0,0,0,0,0,0,42.61
2008,2,26,9,30,9.4,0,0,0,0,0,0,42.36
2008,2,26,10,30,8.8,0,0,0,0,0,0,42.01
2008,2,26,11,30,8.4,0,0,0,0,0,0,40.78
2008,2,26,12,30,8.700000000000001,0,0,0,0,0,0,37.2
2008,2,26,13,30,11.100000000000001,15,29,381,381,15,29,29.5
2008,2,26,14,30,15.200000000000001,41,263,837,837,41,263,20.39
2008,2,26,15,30,19.1,53,514,974,974,53,514,13.65
2008,2,26,16,30,22,63,729,1036,1036,63,729,10.32
2008,2,26,17,30,24,70,887,1065,1065,70,887,8.68
2008,2,26,18,30,25.3,71,973,1083,1083,71,973,7.73
2008,2,26,19,30,26,70,980,1085,798,286,955,7.23
2008,2,26,20,30,26,68,909,1073,790,274,894,7.13
2008,2,26,21,30,25.1,73,758,1022,1022,73,758,7.51
2008,2,26,22,30,23.400000000000002,65,552,960,960,65,552,8.51
2008,2,26,23,30,20.3,52,306,827,827,52,306,11.23
2008,2,27,0,30,16.8,25,61,436,52,45,50,17.07
2008,2,27,1,30,14.3,0,0,0,0,0,0,21.87
2008,2,27,2,30,12.100000000000001,0,0,0,0,0,0,26.92
2008,2,27,3,30,10.3,0,0,0,0,0,0,30.82
2008,2,27,4,30,9,0,0,0,0,0,0,32.56
2008,2,27,5,30,7.9,0,0,0,0,0,0,34.05
2008,2,27,6,30,6.9,0,0,0,0,0,0,36.13
2008,2,27,7,30,6.1000000000000005,0,0,0,0,0,0,38.85
2008,2,27,8,30,5.5,0,0,0,0,0,0,41.37
2008,2,27,9,30,4.800000000000001,0,0,0,0,0,0,44.69
2008,2,27,10,30,4,0,0,0,0,0,0,47.84
2008,2,27,11,30,3.3000000000000003,0,0,0,0,0,0,49.84
2008,2,27,12,30,3.4000000000000004,0,0,0,0,0,0,48.230000000000004
2008,2,27,13,30,5.2,17,28,263,263,17,28,41.22
2008,2,27,14,30,8.3,53,259,766,766,53,259,31.68
2008,2,27,15,30,11.8,70,509,923,923,70,509,25.53
2008,2,27,16,30,15.200000000000001,79,724,996,996,79,724,21.75
2008,2,27,17,30,18,85,882,1034,1034,85,882,18.43
2008,2,27,18,30,19.900000000000002,88,968,1051,1051,88,968,15.83
2008,2,27,19,30,21.1,87,976,1054,1054,87,976,14.280000000000001
2008,2,27,20,30,21.700000000000003,84,904,1042,1042,84,904,13.46
2008,2,27,21,30,21.6,78,759,1011,1011,78,759,13.21
2008,2,27,22,30,20.8,69,553,949,949,69,553,13.58
2008,2,27,23,30,17.900000000000002,54,307,819,819,54,307,16.16
2008,2,28,0,30,14.200000000000001,26,63,440,440,26,63,26.8
2008,2,28,1,30,12.200000000000001,0,0,0,0,0,0,28.03
2008,2,28,2,30,11.100000000000001,0,0,0,0,0,0,28.57
2008,2,28,3,30,9.9,0,0,0,0,0,0,30.5
2008,2,28,4,30,8.700000000000001,0,0,0,0,0,0,33.4
2008,2,28,5,30,7.6000000000000005,0,0,0,0,0,0,36.72
2008,2,28,6,30,6.7,0,0,0,0,0,0,39.78
2008,2,28,7,30,6,0,0,0,0,0,0,42.18
2008,2,28,8,30,5.5,0,0,0,0,0,0,43.88
2008,2,28,9,30,5.1000000000000005,0,0,0,0,0,0,45.39
2008,2,28,10,30,4.9,0,0,0,0,0,0,46.37
2008,2,28,11,30,4.9,0,0,0,0,0,0,46.67
2008,2,28,12,30,5.800000000000001,0,0,0,0,0,0,44.160000000000004
2008,2,28,13,30,9.4,18,31,286,3,21,22,35.56
2008,2,28,14,30,14.8,52,261,768,371,127,228,25.54
2008,2,28,15,30,19.700000000000003,68,511,922,547,168,431,20.22
2008,2,28,16,30,22.700000000000003,78,725,994,182,349,467,16.76
2008,2,28,17,30,24.200000000000003,85,881,1030,626,269,753,14.57
2008,2,28,18,30,25.1,88,962,1040,1040,88,962,13.19
2008,2,28,19,30,25.400000000000002,91,969,1038,736,240,862,12.55
2008,2,28,20,30,25.1,90,892,1016,647,270,782,12.530000000000001
2008,2,28,21,30,24.400000000000002,87,747,975,975,87,747,13.030000000000001
2008,2,28,22,30,23.200000000000003,78,542,904,229,269,387,14.3
2008,2,28,23,30,20.6,62,297,758,758,62,297,17.57
2008,3,1,0,30,17.8,26,67,469,469,26,67,21.17
2008,3,1,1,30,15.600000000000001,0,0,0,0,0,0,21.73
2008,3,1,2,30,13.9,0,0,0,0,0,0,24.37
2008,3,1,3,30,12.5,0,0,0,0,0,0,27.48
2008,3,1,4,30,11.200000000000001,0,0,0,0,0,0,31.2
2008,3,1,5,30,10.100000000000001,0,0,0,0,0,0,34.480000000000004
2008,3,1,6,30,9.3,0,0,0,0,0,0,37.32
2008,3,1,7,30,8.9,0,0,0,0,0,0,39.53
2008,3,1,8,30,8.9,0,0,0,0,0,0,41.480000000000004
2008,3,1,9,30,9.200000000000001,0,0,0,0,0,0,42.94
2008,3,1,10,30,9.3,0,0,0,0,0,0,44.96
2008,3,1,11,30,9.200000000000001,0,0,0,0,0,0,47.59
2008,3,1,12,30,9.1,0,0,0,0,0,0,50.18
2008,3,1,13,30,10.5,20,34,273,273,20,34,48.38
2008,3,1,14,30,13.9,56,263,738,738,56,263,41.61
2008,3,1,15,30,18.1,73,510,896,594,214,503,34.52
2008,3,1,16,30,21.200000000000003,84,722,969,969,84,722,26.18
2008,3,1,17,30,23.1,91,877,1007,1007,91,877,21.16
2008,3,1,18,30,24.400000000000002,95,961,1023,1023,95,961,18.19
2008,3,1,19,30,25.1,95,965,1020,1020,95,965,16.48
2008,3,1,20,30,25.400000000000002,92,893,1006,1006,92,893,15.39
2008,3,1,21,30,25.3,88,748,968,530,320,681,14.84
2008,3,1,22,30,24.400000000000002,79,544,897,549,196,481,15.22
2008,3,1,23,30,22.5,65,300,747,99,163,194,17.21
2008,3,2,0,30,20.3,31,62,352,49,45,50,24.95
2008,3,2,1,30,18.900000000000002,0,0,0,0,0,0,26.07
2008,3,2,2,30,17.6,0,0,0,0,0,0,30.05
2008,3,2,3,30,16.1,0,0,0,0,0,0,35.83
2008,3,2,4,30,15,0,0,0,0,0,0,40.5
2008,3,2,5,30,14,0,0,0,0,0,0,44.34
2008,3,2,6,30,13.200000000000001,0,0,0,0,0,0,47.62
2008,3,2,7,30,12.4,0,0,0,0,0,0,50.19
2008,3,2,8,30,11.4,0,0,0,0,0,0,52.980000000000004
2008,3,2,9,30,10.4,0,0,0,0,0,0,55.89
2008,3,2,10,30,9.700000000000001,0,0,0,0,0,0,57.7
2008,3,2,11,30,9.3,0,0,0,0,0,0,58.19
2008,3,2,12,30,9.600000000000001,0,0,0,0,0,0,55.29
2008,3,2,13,30,11.600000000000001,20,40,373,7,28,28,46.81
2008,3,2,14,30,15.600000000000001,49,281,820,21,161,167,34.660000000000004
2008,3,2,15,30,19.6,62,535,964,123,310,370,20.22
2008,3,2,16,30,22.3,69,751,1030,502,277,609,11.32
2008,3,2,17,30,23.900000000000002,73,908,1064,238,497,683,8.91
2008,3,2,18,30,25.1,80,993,1073,712,262,868,7.86
2008,3,2,19,30,25.6,78,1000,1077,813,281,978,7.55
2008,3,2,20,30,25.400000000000002,75,927,1066,652,264,785,7.69
2008,3,2,21,30,24.5,70,775,1028,699,206,684,8.2
2008,3,2,22,30,22.900000000000002,61,568,975,975,61,568,9.26
2008,3,2,23,30,20.3,47,321,861,449,122,265,11.53
2008,3,3,0,30,17.3,24,72,528,261,42,66,15.77
2008,3,3,1,30,15.100000000000001,0,0,0,0,0,0,20.86
2008,3,3,2,30,13.600000000000001,0,0,0,0,0,0,25.490000000000002
2008,3,3,3,30,12.3,0,0,0,0,0,0,30.7
2008,3,3,4,30,11.200000000000001,0,0,0,0,0,0,36.12
2008,3,3,5,30,10.200000000000001,0,0,0,0,0,0,41.26
2008,3,3,6,30,9.3,0,0,0,0,0,0,45.06
2008,3,3,7,30,8.5,0,0,0,0,0,0,46.69
2008,3,3,8,30,7.800000000000001,0,0,0,0,0,0,47.13
2008,3,3,9,30,7.1000000000000005,0,0,0,0,0,0,47
2008,3,3,10,30,6.6000000000000005,0,0,0,0,0,0,45.43
2008,3,3,11,30,6.2,0,0,0,0,0,0,42.660000000000004
2008,3,3,12,30,6.300000000000001,0,0,0,0,0,0,39.13
2008,3,3,13,30,8.5,18,46,481,481,18,46,31.86
2008,3,3,14,30,13.3,42,299,896,896,42,299,21.84
2008,3,3,15,30,17.900000000000002,52,558,1022,1022,52,558,11.48
2008,3,3,16,30,20.8,58,768,1065,1065,58,768,8.18
2008,3,3,17,30,22.8,62,926,1095,1095,62,926,7
2008,3,3,18,30,24.200000000000003,66,1012,1107,1107,66,1012,6.23
2008,3,3,19,30,25,66,1018,1108,1108,66,1018,5.66
2008,3,3,20,30,25.1,64,944,1097,1097,64,944,5.38
2008,3,3,21,30,24.6,59,796,1071,1071,59,796,5.37
2008,3,3,22,30,23.3,53,585,1018,1018,53,585,5.75
2008,3,3,23,30,19.900000000000002,44,334,906,906,44,334,7.44
2008,3,4,0,30,15.3,24,76,563,563,24,76,13.31
2008,3,4,1,30,12,0,0,0,0,0,0,20.87
2008,3,4,2,30,10,0,0,0,0,0,0,27.64
2008,3,4,3,30,8.3,0,0,0,0,0,0,32.3
2008,3,4,4,30,6.7,0,0,0,0,0,0,36.57
2008,3,4,5,30,5.1000000000000005,0,0,0,0,0,0,40.83
2008,3,4,6,30,3.8000000000000003,0,0,0,0,0,0,43.1
2008,3,4,7,30,2.8000000000000003,0,0,0,0,0,0,44.02
2008,3,4,8,30,2,0,0,0,0,0,0,44.300000000000004
2008,3,4,9,30,1.3,0,0,0,0,0,0,44.49
2008,3,4,10,30,0.7000000000000001,0,0,0,0,0,0,44.27
2008,3,4,11,30,0.30000000000000004,0,0,0,0,0,0,43.79
2008,3,4,12,30,0.8,0,0,0,0,0,0,40.79
2008,3,4,13,30,3.2,19,49,488,488,19,49,34.24
2008,3,4,14,30,7.2,42,298,883,883,42,298,25.03
2008,3,4,15,30,12.4,52,554,1007,1007,52,554,18.73
2008,3,4,16,30,18,58,764,1055,1055,58,764,12.64
2008,3,4,17,30,21.900000000000002,60,921,1086,1086,60,921,8.64
2008,3,4,18,30,23.700000000000003,63,999,1090,1090,63,999,7.47
2008,3,4,19,30,24.6,62,1004,1092,1092,62,1004,7.04
2008,3,4,20,30,24.6,60,930,1081,1081,60,930,7.1000000000000005
2008,3,4,21,30,23.900000000000002,62,786,1048,1048,62,786,7.48
2008,3,4,22,30,22.5,54,573,989,989,54,573,8.26
2008,3,4,23,30,19.8,43,326,879,879,43,326,9.88
2008,3,5,0,30,16,23,77,573,1,40,40,13.55
2008,3,5,1,30,13.200000000000001,0,0,0,0,0,0,17.95
2008,3,5,2,30,11.600000000000001,0,0,0,0,0,0,20.66
2008,3,5,3,30,10.200000000000001,0,0,0,0,0,0,23.28
2008,3,5,4,30,9.1,0,0,0,0,0,0,25.66
2008,3,5,5,30,8.200000000000001,0,0,0,0,0,0,28.03
2008,3,5,6,30,7.5,0,0,0,0,0,0,30.23
2008,3,5,7,30,6.9,0,0,0,0,0,0,31.64
2008,3,5,8,30,6.4,0,0,0,0,0,0,31.87
2008,3,5,9,30,5.9,0,0,0,0,0,0,31.720000000000002
2008,3,5,10,30,5.300000000000001,0,0,0,0,0,0,31.76
2008,3,5,11,30,4.800000000000001,0,0,0,0,0,0,31.87
2008,3,5,12,30,5.4,0,0,0,0,0,0,29.89
2008,3,5,13,30,8.8,19,53,513,513,19,53,23.45
2008,3,5,14,30,13.9,41,303,889,889,41,303,16.21
2008,3,5,15,30,17.7,50,558,1011,1011,50,558,9.57
2008,3,5,16,30,20,56,776,1068,1068,56,776,7.5600000000000005
2008,3,5,17,30,21.900000000000002,60,934,1097,1097,60,934,6.66
2008,3,5,18,30,23.3,65,1020,1108,1108,65,1020,6.04
2008,3,5,19,30,24.1,65,1025,1109,1109,65,1025,5.73
2008,3,5,20,30,24.1,63,951,1098,1098,63,951,5.82
2008,3,5,21,30,23.400000000000002,58,794,1062,1062,58,794,6.25
2008,3,5,22,30,21.900000000000002,52,585,1009,1009,52,585,7.18
2008,3,5,23,30,19.1,42,334,900,900,42,334,9.23
2008,3,6,0,30,15.200000000000001,24,80,584,584,24,80,13.700000000000001
2008,3,6,1,30,12.5,0,0,0,0,0,0,19.150000000000002
2008,3,6,2,30,10.9,0,0,0,0,0,0,22.95
2008,3,6,3,30,9.600000000000001,0,0,0,0,0,0,26.38
2008,3,6,4,30,8.5,0,0,0,0,0,0,29.3
2008,3,6,5,30,7.6000000000000005,0,0,0,0,0,0,32.03
2008,3,6,6,30,6.9,0,0,0,0,0,0,34.24
2008,3,6,7,30,6.300000000000001,0,0,0,0,0,0,35.660000000000004
2008,3,6,8,30,5.7,0,0,0,0,0,0,36.81
2008,3,6,9,30,5.2,0,0,0,0,0,0,37.49
2008,3,6,10,30,4.800000000000001,0,0,0,0,0,0,37.78
2008,3,6,11,30,4.5,0,0,0,0,0,0,37.67
2008,3,6,12,30,4.9,0,0,0,0,0,0,35.72
2008,3,6,13,30,7.5,20,54,489,489,20,54,29.04
2008,3,6,14,30,12.3,44,307,882,882,44,307,20.330000000000002
2008,3,6,15,30,16.5,55,564,1005,1005,55,564,14.09
2008,3,6,16,30,18.8,63,782,1062,1062,63,782,11.620000000000001
2008,3,6,17,30,20.400000000000002,66,940,1093,1093,66,940,9.69
2008,3,6,18,30,21.3,66,1024,1108,1108,66,1024,8.47
2008,3,6,19,30,21.6,68,1030,1107,1107,68,1030,7.8100000000000005
2008,3,6,20,30,21.400000000000002,68,955,1094,1094,68,955,7.640000000000001
2008,3,6,21,30,20.6,66,806,1063,1063,66,806,7.890000000000001
2008,3,6,22,30,19.200000000000003,58,594,1012,1012,58,594,8.45
2008,3,6,23,30,16.7,47,340,898,898,47,340,9.76
2008,3,7,0,30,13.5,26,82,572,572,26,82,12.43
2008,3,7,1,30,10.700000000000001,0,0,0,0,0,0,16.55
2008,3,7,2,30,8.700000000000001,0,0,0,0,0,0,20.88
2008,3,7,3,30,7.2,0,0,0,0,0,0,24.650000000000002
2008,3,7,4,30,6,0,0,0,0,0,0,27.82
2008,3,7,5,30,4.9,0,0,0,0,0,0,30.6
2008,3,7,6,30,3.7,0,0,0,0,0,0,33.71
2008,3,7,7,30,2.8000000000000003,0,0,0,0,0,0,36.08
2008,3,7,8,30,2.1,0,0,0,0,0,0,38.25
2008,3,7,9,30,1.5,0,0,0,0,0,0,39.93
2008,3,7,10,30,0.7000000000000001,0,0,0,0,0,0,42.160000000000004
2008,3,7,11,30,0,0,0,0,0,0,0,44.15
2008,3,7,12,30,0.30000000000000004,0,0,0,0,0,0,43.08
2008,3,7,13,30,3.2,23,56,450,450,23,56,36.53
2008,3,7,14,30,7.1000000000000005,51,308,849,849,51,308,30.060000000000002
2008,3,7,15,30,10.5,66,574,996,996,66,574,23.19
2008,3,7,16,30,13.5,74,784,1043,1043,74,784,16.96
2008,3,7,17,30,16,80,943,1075,1075,80,943,12.41
2008,3,7,18,30,17.6,83,1028,1088,1088,83,1028,9.370000000000001
2008,3,7,19,30,18.2,83,1033,1089,1089,83,1033,8.31
2008,3,7,20,30,18,82,956,1074,1074,82,956,8.28
2008,3,7,21,30,17.1,77,806,1045,1045,77,806,8.76
2008,3,7,22,30,15.600000000000001,67,594,990,990,67,594,9.4
2008,3,7,23,30,13,52,340,877,877,52,340,10.71
2008,3,8,0,30,9.3,28,85,566,566,28,85,14.55
2008,3,8,1,30,6.7,0,0,0,0,0,0,19.64
2008,3,8,2,30,5.2,0,0,0,0,0,0,21.95
2008,3,8,3,30,3.6,0,0,0,0,0,0,24.900000000000002
2008,3,8,4,30,2.1,0,0,0,0,0,0,28.05
2008,3,8,5,30,0.8,0,0,0,0,0,0,31.310000000000002
2008,3,8,6,30,0,0,0,0,0,0,0,33.17
2008,3,8,7,30,-0.6000000000000001,0,0,0,0,0,0,34.59
2008,3,8,8,30,-1.1,0,0,0,0,0,0,35.86
2008,3,8,9,30,-1.3,0,0,0,0,0,0,36.53
2008,3,8,10,30,-1.5,0,0,0,0,0,0,37.19
2008,3,8,11,30,-1.8,0,0,0,0,0,0,38.19
2008,3,8,12,30,-1.3,0,0,0,0,0,0,37.57
2008,3,8,13,30,1.6,23,62,499,499,23,62,32.93
2008,3,8,14,30,6.1000000000000005,49,319,881,881,49,319,24.900000000000002
2008,3,8,15,30,10,63,579,1005,1005,63,579,17.080000000000002
2008,3,8,16,30,13.5,70,789,1050,1050,70,789,12.9
2008,3,8,17,30,16.7,75,947,1081,1081,75,947,10.06
2008,3,8,18,30,19.400000000000002,78,1032,1095,1095,78,1032,8.02
2008,3,8,19,30,21,79,1037,1095,1095,79,1037,7.07
2008,3,8,20,30,21.8,77,961,1082,1082,77,961,6.71
2008,3,8,21,30,22,73,810,1052,1052,73,810,6.72
2008,3,8,22,30,21.3,65,591,984,984,65,591,7.12
2008,3,8,23,30,18,52,338,864,864,52,338,9.03
2008,3,9,0,30,13.600000000000001,28,82,528,528,28,82,17.55
2008,3,9,1,30,11.100000000000001,0,0,0,0,0,0,20.53
2008,3,9,2,30,9.9,0,0,0,0,0,0,21.57
2008,3,9,3,30,9,0,0,0,0,0,0,22.35
2008,3,9,4,30,8.1,0,0,0,0,0,0,23.490000000000002
2008,3,9,5,30,6.9,0,0,0,0,0,0,25.5
2008,3,9,6,30,5.800000000000001,0,0,0,0,0,0,27.51
2008,3,9,7,30,5,0,0,0,0,0,0,29.330000000000002
2008,3,9,8,30,4.3,0,0,0,0,0,0,31.26
2008,3,9,9,30,3.7,0,0,0,0,0,0,33.36
2008,3,9,10,30,3.2,0,0,0,0,0,0,35.730000000000004
2008,3,9,11,30,2.8000000000000003,0,0,0,0,0,0,38.17
2008,3,9,12,30,3.5,0,0,0,0,0,0,37.300000000000004
2008,3,9,13,30,6.7,24,65,514,514,24,65,30.34
2008,3,9,14,30,11.5,49,324,887,887,49,324,21.6
2008,3,9,15,30,15.5,61,584,1009,1009,61,584,11.06
2008,3,9,16,30,18.3,69,804,1067,1067,69,804,6.5600000000000005
2008,3,9,17,30,20.400000000000002,74,963,1097,1097,74,963,4.91
2008,3,9,18,30,22,77,1049,1111,1111,77,1049,4.19
2008,3,9,19,30,22.900000000000002,77,1053,1112,1112,77,1053,3.91
2008,3,9,20,30,23,75,976,1099,1099,75,976,3.93
2008,3,9,21,30,22.6,70,824,1072,1072,70,824,4.1
2008,3,9,22,30,21.3,62,609,1019,1019,62,609,4.57
2008,3,9,23,30,17.900000000000002,49,352,910,910,49,352,5.98
2008,3,10,0,30,13.600000000000001,27,87,573,573,27,87,10.81
2008,3,10,1,30,11.3,0,0,0,0,0,0,14.700000000000001
2008,3,10,2,30,10.200000000000001,0,0,0,0,0,0,17.150000000000002
2008,3,10,3,30,8.9,0,0,0,0,0,0,20.61
2008,3,10,4,30,7.6000000000000005,0,0,0,0,0,0,24.82
2008,3,10,5,30,6.4,0,0,0,0,0,0,29.27
2008,3,10,6,30,5.2,0,0,0,0,0,0,33.78
2008,3,10,7,30,4.1000000000000005,0,0,0,0,0,0,37.61
2008,3,10,8,30,3.1,0,0,0,0,0,0,39.94
2008,3,10,9,30,2.2,0,0,0,0,0,0,40.25
2008,3,10,10,30,1.6,0,0,0,0,0,0,38.44
2008,3,10,11,30,1.1,0,0,0,0,0,0,36.37
2008,3,10,12,30,2,0,0,0,0,0,0,31.75
2008,3,10,13,30,5.6000000000000005,24,68,522,522,24,68,24.54
2008,3,10,14,30,10.9,47,324,882,882,47,324,16.43
2008,3,10,15,30,15.4,59,581,1001,1001,59,581,10.73
2008,3,10,16,30,18.400000000000002,68,799,1057,1057,68,799,7.65
2008,3,10,17,30,20.6,72,957,1087,1087,72,957,6
2008,3,10,18,30,22.3,75,1041,1100,1100,75,1041,5.25
2008,3,10,19,30,23.200000000000003,75,1035,1090,1090,75,1035,5.11
2008,3,10,20,30,23.6,72,959,1078,1078,72,959,5.19
2008,3,10,21,30,23.400000000000002,68,809,1050,1050,68,809,5.44
2008,3,10,22,30,22.6,61,598,995,995,61,598,5.89
2008,3,10,23,30,19.700000000000003,50,345,882,882,50,345,7.4
2008,3,11,0,30,15.600000000000001,27,87,563,563,27,87,15.57
2008,3,11,1,30,12.9,0,0,0,0,0,0,17.34
2008,3,11,2,30,10.9,0,0,0,0,0,0,19.650000000000002
2008,3,11,3,30,9,0,0,0,0,0,0,22.830000000000002
2008,3,11,4,30,7.5,0,0,0,0,0,0,25.87
2008,3,11,5,30,6.4,0,0,0,0,0,0,27.97
2008,3,11,6,30,5.4,0,0,0,0,0,0,29.900000000000002
2008,3,11,7,30,4.800000000000001,0,0,0,0,0,0,32.15
2008,3,11,8,30,4.5,0,0,0,0,0,0,38.37
2008,3,11,9,30,4.4,0,0,0,0,0,0,50.74
2008,3,11,10,30,4.800000000000001,0,0,0,0,0,0,65.3
2008,3,11,11,30,5.5,0,0,0,0,0,0,78.83
2008,3,11,12,30,6.7,0,0,0,0,0,0,86.76
2008,3,11,13,30,9.1,27,63,408,0,25,25,81.05
2008,3,11,14,30,12.5,54,311,809,809,54,311,64.68
2008,3,11,15,30,16.8,64,563,949,949,64,563,44.2
2008,3,11,16,30,20.700000000000003,70,776,1014,1014,70,776,25.44
2008,3,11,17,30,23.200000000000003,75,929,1046,1046,75,929,17.59
2008,3,11,18,30,24.900000000000002,80,1011,1056,1056,80,1011,13.81
2008,3,11,19,30,25.900000000000002,78,1015,1059,1059,78,1015,11.73
2008,3,11,20,30,26.200000000000003,73,940,1050,1050,73,940,10.68
2008,3,11,21,30,25.900000000000002,70,792,1020,1020,70,792,10.19
2008,3,11,22,30,24.900000000000002,61,584,967,967,61,584,10.19
2008,3,11,23,30,21.8,49,338,859,859,49,338,11.85
2008,3,12,0,30,17.900000000000002,27,86,549,28,58,61,20.16
2008,3,12,1,30,15.4,0,0,0,0,0,0,22.73
2008,3,12,2,30,13.700000000000001,0,0,0,0,0,0,26.17
2008,3,12,3,30,11.9,0,0,0,0,0,0,30.89
2008,3,12,4,30,10.600000000000001,0,0,0,0,0,0,34.730000000000004
2008,3,12,5,30,10,0,0,0,0,0,0,36.89
2008,3,12,6,30,9.600000000000001,0,0,0,0,0,0,38.46
2008,3,12,7,30,8.9,0,0,0,0,0,0,40.76
2008,3,12,8,30,8,0,0,0,0,0,0,42.65
2008,3,12,9,30,7.300000000000001,0,0,0,0,0,0,42.69
2008,3,12,10,30,7,0,0,0,0,0,0,41.02
2008,3,12,11,30,6.800000000000001,0,0,0,0,0,0,39.410000000000004
2008,3,12,12,30,7.6000000000000005,0,0,0,0,0,0,35.79
2008,3,12,13,30,10.700000000000001,24,71,515,1,40,41,29.87
2008,3,12,14,30,14.8,47,321,852,414,139,273,23.47
2008,3,12,15,30,18.400000000000002,60,572,969,234,310,434,21.72
2008,3,12,16,30,21.400000000000002,67,781,1021,288,408,610,20.25
2008,3,12,17,30,23.5,71,934,1052,322,480,745,16.89
2008,3,12,18,30,24.700000000000003,88,1010,1042,1042,88,1010,14.86
2008,3,12,19,30,24.900000000000002,85,1013,1046,707,260,887,14.13
2008,3,12,20,30,24.900000000000002,79,939,1038,538,297,743,13.72
2008,3,12,21,30,24.700000000000003,69,791,1016,695,216,710,13.49
2008,3,12,22,30,23.5,60,584,965,284,265,420,14.120000000000001
2008,3,12,23,30,21.200000000000003,49,339,858,858,49,339,15.99
2008,3,13,0,30,18.1,27,88,562,59,61,67,20.43
2008,3,13,1,30,16,0,0,0,0,0,0,24.6
2008,3,13,2,30,14.8,0,0,0,0,0,0,26.66
2008,3,13,3,30,13.600000000000001,0,0,0,0,0,0,28.95
2008,3,13,4,30,12.4,0,0,0,0,0,0,31.96
2008,3,13,5,30,11.200000000000001,0,0,0,0,0,0,35.93
2008,3,13,6,30,10.200000000000001,0,0,0,0,0,0,40.31
2008,3,13,7,30,9.3,0,0,0,0,0,0,44.22
2008,3,13,8,30,8.5,0,0,0,0,0,0,46.86
2008,3,13,9,30,7.6000000000000005,0,0,0,0,0,0,48.88
2008,3,13,10,30,6.800000000000001,0,0,0,0,0,0,49.94
2008,3,13,11,30,6.7,0,0,0,0,0,0,48.76
2008,3,13,12,30,7.4,0,0,0,0,0,0,45.43
2008,3,13,13,30,9.9,24,77,550,17,49,51,38.11
2008,3,13,14,30,14.4,45,331,879,879,45,331,27.330000000000002
2008,3,13,15,30,18.8,55,584,993,993,55,584,15.19
2008,3,13,16,30,21.5,62,798,1046,1046,62,798,11.13
2008,3,13,17,30,23.200000000000003,66,952,1074,1074,66,952,9.450000000000001
2008,3,13,18,30,24.400000000000002,65,1033,1090,1090,65,1033,8.4
2008,3,13,19,30,25,65,1035,1090,1090,65,1035,7.67
2008,3,13,20,30,25.200000000000003,64,966,1086,1086,64,966,7.1000000000000005
2008,3,13,21,30,24.900000000000002,65,817,1055,1055,65,817,6.76
2008,3,13,22,30,24,59,605,1001,1001,59,605,6.72
2008,3,13,23,30,20.900000000000002,48,351,893,893,48,351,7.78
2008,3,14,0,30,16.5,27,93,591,591,27,93,14.72
2008,3,14,1,30,13.9,0,0,0,0,0,0,17.62
2008,3,14,2,30,12.600000000000001,0,0,0,0,0,0,19.18
2008,3,14,3,30,11.600000000000001,0,0,0,0,0,0,21.34
2008,3,14,4,30,10.4,0,0,0,0,0,0,25.560000000000002
2008,3,14,5,30,8.9,0,0,0,0,0,0,33.14
2008,3,14,6,30,7.7,0,0,0,0,0,0,43.25
2008,3,14,7,30,7,0,0,0,0,0,0,53.11
2008,3,14,8,30,6.4,0,0,0,0,0,0,60.480000000000004
2008,3,14,9,30,5.800000000000001,0,0,0,0,0,0,64.12
2008,3,14,10,30,5.300000000000001,0,0,0,0,0,0,64.11
2008,3,14,11,30,5,0,0,0,0,0,0,60.61
2008,3,14,12,30,6.2,0,0,0,0,0,0,49.88
2008,3,14,13,30,10.200000000000001,26,80,543,543,26,80,34.13
2008,3,14,14,30,16,49,337,876,876,49,337,21.03
2008,3,14,15,30,21.1,61,593,991,991,61,593,11.120000000000001
2008,3,14,16,30,24,68,808,1048,1048,68,808,6.82
2008,3,14,17,30,25.6,72,964,1077,1077,72,964,6.18
2008,3,14,18,30,26.700000000000003,79,1046,1085,1085,79,1046,5.83
2008,3,14,19,30,27.3,78,1048,1087,1087,78,1048,5.69
2008,3,14,20,30,27.5,75,971,1076,1076,75,971,5.64
2008,3,14,21,30,27.1,68,819,1051,1051,68,819,5.69
2008,3,14,22,30,26,60,607,1000,1000,60,607,5.95
2008,3,14,23,30,22.8,48,353,894,894,48,353,7.16
2008,3,15,0,30,19,27,95,598,598,27,95,13.81
2008,3,15,1,30,17.5,0,0,0,0,0,0,14.200000000000001
2008,3,15,2,30,17.3,0,0,0,0,0,0,13.5
2008,3,15,3,30,16.400000000000002,0,0,0,0,0,0,14.08
2008,3,15,4,30,14,0,0,0,0,0,0,16.71
2008,3,15,5,30,11.5,0,0,0,0,0,0,21.03
2008,3,15,6,30,10,0,0,0,0,0,0,24.82
2008,3,15,7,30,9,0,0,0,0,0,0,29.25
2008,3,15,8,30,8.3,0,0,0,0,0,0,33.8
2008,3,15,9,30,7.7,0,0,0,0,0,0,37.6
2008,3,15,10,30,7.2,0,0,0,0,0,0,39.42
2008,3,15,11,30,6.9,0,0,0,0,0,0,39.22
2008,3,15,12,30,8.1,0,0,0,0,0,0,34.11
2008,3,15,13,30,12.3,25,85,578,578,25,85,25.64
2008,3,15,14,30,18,46,343,891,891,46,343,16.8
2008,3,15,15,30,22.6,57,598,1001,1001,57,598,10.85
2008,3,15,16,30,25.400000000000002,64,813,1054,1054,64,813,7.68
2008,3,15,17,30,26.8,68,967,1082,1082,68,967,6.93
2008,3,15,18,30,27.900000000000002,70,1041,1086,1086,70,1041,6.44
2008,3,15,19,30,28.6,70,1043,1087,1087,70,1043,6.09
2008,3,15,20,30,28.900000000000002,69,966,1074,1074,69,966,5.92
2008,3,15,21,30,28.6,70,816,1040,1040,70,816,6
2008,3,15,22,30,27.6,63,600,977,977,63,600,6.42
2008,3,15,23,30,24.6,51,348,866,866,51,348,7.86
2008,3,16,0,30,20.200000000000003,29,93,561,561,29,93,14.07
2008,3,16,1,30,17.400000000000002,0,0,0,0,0,0,16.94
2008,3,16,2,30,16.1,0,0,0,0,0,0,18.16
2008,3,16,3,30,14.8,0,0,0,0,0,0,20.77
2008,3,16,4,30,13.4,0,0,0,0,0,0,24.330000000000002
2008,3,16,5,30,12.100000000000001,0,0,0,0,0,0,27.73
2008,3,16,6,30,11.100000000000001,0,0,0,0,0,0,30.47
2008,3,16,7,30,10.200000000000001,0,0,0,0,0,0,33.07
2008,3,16,8,30,9.5,0,0,0,0,0,0,35.25
2008,3,16,9,30,8.9,0,0,0,0,0,0,36.77
2008,3,16,10,30,8.4,0,0,0,0,0,0,37.33
2008,3,16,11,30,8,0,0,0,0,0,0,36.72
2008,3,16,12,30,9.1,0,0,0,0,0,0,32.07
2008,3,16,13,30,13.3,28,86,546,546,28,86,23.71
2008,3,16,14,30,18.900000000000002,51,340,856,856,51,340,14.8
2008,3,16,15,30,23.200000000000003,64,592,971,971,64,592,9.64
2008,3,16,16,30,25.6,71,805,1029,1029,71,805,8.2
2008,3,16,17,30,26.8,75,959,1059,1059,75,959,8.1
2008,3,16,18,30,27.5,80,1034,1063,1063,80,1034,8.26
2008,3,16,19,30,27.700000000000003,77,1036,1067,1067,77,1036,8.59
2008,3,16,20,30,27.200000000000003,74,959,1056,1056,74,959,9.16
2008,3,16,21,30,25.8,68,809,1030,1030,68,809,10.040000000000001
2008,3,16,22,30,23.8,61,599,976,644,227,583,11.38
2008,3,16,23,30,21.5,50,349,865,865,50,349,13.44
2008,3,17,0,30,18.8,28,95,575,57,65,72,16.84
2008,3,17,1,30,16.2,0,0,0,0,0,0,21.47
2008,3,17,2,30,14.200000000000001,0,0,0,0,0,0,26.150000000000002
2008,3,17,3,30,12.600000000000001,0,0,0,0,0,0,30.810000000000002
2008,3,17,4,30,11.200000000000001,0,0,0,0,0,0,35.92
2008,3,17,5,30,10.100000000000001,0,0,0,0,0,0,40.63
2008,3,17,6,30,9.5,0,0,0,0,0,0,43.01
2008,3,17,7,30,9.600000000000001,0,0,0,0,0,0,42
2008,3,17,8,30,9.8,0,0,0,0,0,0,40.25
2008,3,17,9,30,9.600000000000001,0,0,0,0,0,0,39.53
2008,3,17,10,30,9.1,0,0,0,0,0,0,39.77
2008,3,17,11,30,8.4,0,0,0,0,0,0,40.51
2008,3,17,12,30,8.5,0,0,0,0,0,0,39.02
2008,3,17,13,30,10.9,27,90,564,27,58,61,32.09
2008,3,17,14,30,15.200000000000001,49,342,860,860,49,342,22.67
2008,3,17,15,30,19.1,59,592,972,972,59,592,17.98
2008,3,17,16,30,21.400000000000002,64,799,1024,1024,64,799,16.94
2008,3,17,17,30,23.1,68,950,1053,1053,68,950,16.02
2008,3,17,18,30,24.200000000000003,68,1028,1066,1066,68,1028,15.67
2008,3,17,19,30,24.8,65,1025,1065,1065,65,1025,15.69
2008,3,17,20,30,24.6,64,948,1052,1052,64,948,16.6
2008,3,17,21,30,23.6,66,798,1014,1014,66,798,19.07
2008,3,17,22,30,21.700000000000003,58,590,963,963,58,590,23.6
2008,3,17,23,30,19.1,47,344,857,857,47,344,30.54
2008,3,18,0,30,16.2,27,94,572,572,27,94,40.97
2008,3,18,1,30,13.8,0,0,0,0,0,0,53.02
2008,3,18,2,30,12,0,0,0,0,0,0,64.13
2008,3,18,3,30,10.600000000000001,0,0,0,0,0,0,72.58
2008,3,18,4,30,9.5,0,0,0,0,0,0,77.56
2008,3,18,5,30,8.6,0,0,0,0,0,0,80.15
2008,3,18,6,30,7.9,0,0,0,0,0,0,81.91
2008,3,18,7,30,7.4,0,0,0,0,0,0,82.3
2008,3,18,8,30,7.1000000000000005,0,0,0,0,0,0,81.38
2008,3,18,9,30,6.9,0,0,0,0,0,0,80.35000000000001
2008,3,18,10,30,6.5,0,0,0,0,0,0,78.98
2008,3,18,11,30,5.800000000000001,0,0,0,0,0,0,79
2008,3,18,12,30,5.5,0,0,0,0,0,0,75.8
2008,3,18,13,30,6.4,29,95,582,582,29,95,66.37
2008,3,18,14,30,8.4,51,359,894,894,51,359,50.17
2008,3,18,15,30,10.700000000000001,64,617,1002,1002,64,617,33.49
2008,3,18,16,30,13,72,833,1054,1054,72,833,21.06
2008,3,18,17,30,14.9,78,1000,1096,1096,78,1000,13.43
2008,3,18,18,30,16.3,81,1081,1107,1107,81,1081,9.53
2008,3,18,19,30,17.3,77,1082,1112,1112,77,1082,7.5600000000000005
2008,3,18,20,30,17.8,73,1002,1102,1102,73,1002,6.68
2008,3,18,21,30,17.7,69,847,1076,1076,69,847,6.43
2008,3,18,22,30,16.8,61,630,1026,1026,61,630,6.72
2008,3,18,23,30,14.4,50,371,921,921,50,371,8.120000000000001
2008,3,19,0,30,10.700000000000001,29,104,635,635,29,104,12.93
2008,3,19,1,30,8.1,0,0,0,0,0,0,17.95
2008,3,19,2,30,6.800000000000001,0,0,0,0,0,0,20.67
2008,3,19,3,30,5.5,0,0,0,0,0,0,24.64
2008,3,19,4,30,4.3,0,0,0,0,0,0,29.12
2008,3,19,5,30,3.4000000000000004,0,0,0,0,0,0,32.730000000000004
2008,3,19,6,30,2.6,0,0,0,0,0,0,35.5
2008,3,19,7,30,1.9000000000000001,0,0,0,0,0,0,37.86
2008,3,19,8,30,1.3,0,0,0,0,0,0,40.06
2008,3,19,9,30,0.8,0,0,0,0,0,0,42.5
2008,3,19,10,30,0.4,0,0,0,0,0,0,45.4
2008,3,19,11,30,0,0,0,0,0,0,0,48.82
2008,3,19,12,30,1.2000000000000002,0,0,0,0,0,0,46.69
2008,3,19,13,30,5.2,30,101,596,596,30,101,36.78
2008,3,19,14,30,9.600000000000001,52,364,895,895,52,364,26.96
2008,3,19,15,30,12.8,64,621,1003,1003,64,621,19.2
2008,3,19,16,30,15.3,71,837,1056,1056,71,837,15.07
2008,3,19,17,30,17.5,75,992,1085,1085,75,992,12.22
2008,3,19,18,30,19.3,79,1072,1095,1095,79,1072,10.120000000000001
2008,3,19,19,30,20.6,79,1073,1096,1096,79,1073,8.66
2008,3,19,20,30,21.200000000000003,77,993,1084,1084,77,993,7.8500000000000005
2008,3,19,21,30,21,71,839,1057,1057,71,839,7.59
2008,3,19,22,30,20.1,64,624,1005,1005,64,624,7.74
2008,3,19,23,30,17.5,52,367,897,897,52,367,8.93
2008,3,20,0,30,13.4,31,103,598,598,31,103,13.93
2008,3,20,1,30,10.8,0,0,0,0,0,0,16.06
2008,3,20,2,30,9.5,0,0,0,0,0,0,16.13
2008,3,20,3,30,7.9,0,0,0,0,0,0,17.44
2008,3,20,4,30,6.4,0,0,0,0,0,0,19.13
2008,3,20,5,30,5.1000000000000005,0,0,0,0,0,0,21.14
2008,3,20,6,30,4,0,0,0,0,0,0,23.89
2008,3,20,7,30,3.2,0,0,0,0,0,0,27.61
2008,3,20,8,30,2.7,0,0,0,0,0,0,33.93
2008,3,20,9,30,2.3000000000000003,0,0,0,0,0,0,44.230000000000004
2008,3,20,10,30,1.9000000000000001,0,0,0,0,0,0,55.5
2008,3,20,11,30,1.4000000000000001,0,0,0,0,0,0,64.06
2008,3,20,12,30,2.1,0,0,0,0,0,0,63.190000000000005
2008,3,20,13,30,5.2,32,101,568,568,32,101,50.78
2008,3,20,14,30,9.8,55,362,871,871,55,362,34.68
2008,3,20,15,30,14.5,68,618,984,984,68,618,23.76
2008,3,20,16,30,18.900000000000002,75,832,1040,1040,75,832,16.09
2008,3,20,17,30,22.200000000000003,79,986,1069,1069,79,986,10.98
2008,3,20,18,30,24,79,1066,1085,1085,79,1066,8.91
2008,3,20,19,30,25.1,78,1066,1087,1087,78,1066,7.72
2008,3,20,20,30,25.6,76,986,1074,1074,76,986,7.04
2008,3,20,21,30,25.5,73,833,1044,1044,73,833,6.7700000000000005
2008,3,20,22,30,24.700000000000003,65,618,989,989,65,618,6.91
2008,3,20,23,30,22.3,53,360,871,871,53,360,7.91
2008,3,21,0,30,18.400000000000002,31,101,571,571,31,101,14.22
2008,3,21,1,30,15.4,0,0,0,0,0,0,16.1
2008,3,21,2,30,13.700000000000001,0,0,0,0,0,0,17.3
2008,3,21,3,30,12.200000000000001,0,0,0,0,0,0,18.580000000000002
2008,3,21,4,30,10.8,0,0,0,0,0,0,20.32
2008,3,21,5,30,9.600000000000001,0,0,0,0,0,0,22.67
2008,3,21,6,30,8.5,0,0,0,0,0,0,25.87
2008,3,21,7,30,7.5,0,0,0,0,0,0,30
2008,3,21,8,30,6.9,0,0,0,0,0,0,33.63
2008,3,21,9,30,6.4,0,0,0,0,0,0,36.54
2008,3,21,10,30,6.2,0,0,0,0,0,0,37.85
2008,3,21,11,30,6.1000000000000005,0,0,0,0,0,0,38.29
2008,3,21,12,30,7.6000000000000005,0,0,0,0,0,0,34.79
2008,3,21,13,30,12,33,103,555,555,33,103,27.23
2008,3,21,14,30,17.7,57,362,858,858,57,362,18.98
2008,3,21,15,30,22.3,69,616,971,971,69,616,13.040000000000001
2008,3,21,16,30,24.8,76,829,1029,1029,76,829,8.950000000000001
2008,3,21,17,30,26.200000000000003,81,981,1058,1058,81,981,7.390000000000001
2008,3,21,18,30,27.1,84,1061,1070,1070,84,1061,6.53
2008,3,21,19,30,27.6,84,1060,1071,1071,84,1060,5.98
2008,3,21,20,30,27.700000000000003,81,980,1058,1058,81,980,5.63
2008,3,21,21,30,27.1,73,828,1034,1034,73,828,5.55
2008,3,21,22,30,26,66,615,979,979,66,615,5.7
2008,3,21,23,30,23.200000000000003,54,361,867,867,54,361,6.57
2008,3,22,0,30,19,32,102,564,564,32,102,11.11
2008,3,22,1,30,16.1,0,0,0,0,0,0,12.47
2008,3,22,2,30,14.5,0,0,0,0,0,0,12.96
2008,3,22,3,30,12.8,0,0,0,0,0,0,14.26
2008,3,22,4,30,11.5,0,0,0,0,0,0,15.75
2008,3,22,5,30,11,0,0,0,0,0,0,16.54
2008,3,22,6,30,10.700000000000001,0,0,0,0,0,0,16.52
2008,3,22,7,30,9.8,0,0,0,0,0,0,17.32
2008,3,22,8,30,8.700000000000001,0,0,0,0,0,0,18.84
2008,3,22,9,30,7.9,0,0,0,0,0,0,21.22
2008,3,22,10,30,7.5,0,0,0,0,0,0,24.78
2008,3,22,11,30,7.1000000000000005,0,0,0,0,0,0,28.400000000000002
2008,3,22,12,30,7.9,0,0,0,0,0,0,29.63
2008,3,22,13,30,11.5,33,107,568,568,33,107,27.26
2008,3,22,14,30,16.8,56,364,857,857,56,364,19.93
2008,3,22,15,30,21.200000000000003,69,616,965,965,69,616,13.58
2008,3,22,16,30,23.900000000000002,78,823,1013,1013,78,823,10.01
2008,3,22,17,30,25.700000000000003,83,973,1042,1042,83,973,8.8
2008,3,22,18,30,27,81,1052,1061,1061,81,1052,8.26
2008,3,22,19,30,27.700000000000003,82,1051,1060,1060,82,1051,8.01
2008,3,22,20,30,28,81,967,1040,1040,81,967,7.82
2008,3,22,21,30,27.6,78,815,1007,1007,78,815,7.91
2008,3,22,22,30,26.700000000000003,71,604,947,947,71,604,8.22
2008,3,22,23,30,24.400000000000002,58,352,827,827,58,352,9.450000000000001
2008,3,23,0,30,21,33,98,522,522,33,98,15.27
2008,3,23,1,30,18.400000000000002,0,0,0,0,0,0,17.84
2008,3,23,2,30,16.6,0,0,0,0,0,0,20.76
2008,3,23,3,30,14.9,0,0,0,0,0,0,25.89
2008,3,23,4,30,13.4,0,0,0,0,0,0,31.220000000000002
2008,3,23,5,30,12.100000000000001,0,0,0,0,0,0,35.2
2008,3,23,6,30,11.100000000000001,0,0,0,0,0,0,37.53
2008,3,23,7,30,10.3,0,0,0,0,0,0,38.89
2008,3,23,8,30,9.700000000000001,0,0,0,0,0,0,39.29
2008,3,23,9,30,9.200000000000001,0,0,0,0,0,0,38.95
2008,3,23,10,30,9,0,0,0,0,0,0,37.800000000000004
2008,3,23,11,30,8.700000000000001,0,0,0,0,0,0,37.050000000000004
2008,3,23,12,30,9.5,0,0,0,0,0,0,33.9
2008,3,23,13,30,12.700000000000001,33,110,578,578,33,110,27.38
2008,3,23,14,30,17.400000000000002,55,369,863,863,55,369,18.35
2008,3,23,15,30,21.200000000000003,68,621,969,969,68,621,11.3
2008,3,23,16,30,23.400000000000002,76,837,1031,1031,76,837,9.25
2008,3,23,17,30,25,81,989,1059,1059,81,989,8.11
2008,3,23,18,30,26.200000000000003,86,1067,1069,1069,86,1067,7.3500000000000005
2008,3,23,19,30,26.900000000000002,84,1066,1071,1071,84,1066,6.9
2008,3,23,20,30,27,82,979,1050,1050,82,979,6.7700000000000005
2008,3,23,21,30,26.6,76,826,1022,1022,76,826,6.99
2008,3,23,22,30,25.3,69,613,964,964,69,613,7.930000000000001
2008,3,23,23,30,22.6,58,357,839,839,58,357,10.66
2008,3,24,0,30,18.8,34,99,510,510,34,99,18.41
2008,3,24,1,30,15.600000000000001,0,0,0,0,0,0,30.73
2008,3,24,2,30,13.600000000000001,0,0,0,0,0,0,45.92
2008,3,24,3,30,12.3,0,0,0,0,0,0,59.79
2008,3,24,4,30,11.600000000000001,0,0,0,0,0,0,65.71000000000001
2008,3,24,5,30,11.100000000000001,0,0,0,0,0,0,68.18
2008,3,24,6,30,10.5,0,0,0,0,0,0,71.35000000000001
2008,3,24,7,30,10.100000000000001,0,0,0,0,0,0,74.58
2008,3,24,8,30,9.8,0,0,0,0,0,0,77.12
2008,3,24,9,30,9.600000000000001,0,0,0,0,0,0,79.03
2008,3,24,10,30,9.5,0,0,0,0,0,0,80.89
2008,3,24,11,30,9.3,0,0,0,0,0,0,83.43
2008,3,24,12,30,9.4,0,0,0,0,0,0,83.73
2008,3,24,13,30,10.700000000000001,39,106,482,482,39,106,75.12
2008,3,24,14,30,13,66,357,792,0,129,129,59.910000000000004
2008,3,24,15,30,15.8,77,607,924,11,271,277,47.19
2008,3,24,16,30,18.7,83,815,988,988,83,815,37.19
2008,3,24,17,30,21.3,87,964,1019,1019,87,964,29.61
2008,3,24,18,30,23.200000000000003,89,1040,1033,1033,89,1040,24.29
2008,3,24,19,30,24.400000000000002,90,1039,1032,1032,90,1039,21.03
2008,3,24,20,30,24.900000000000002,88,956,1013,28,453,477,19.35
2008,3,24,21,30,24.8,85,805,978,978,85,805,18.67
2008,3,24,22,30,24,80,592,904,204,285,401,19.14
2008,3,24,23,30,22.200000000000003,69,341,758,411,148,296,21.42
2008,3,25,0,30,19.6,41,93,405,174,67,89,27.2
2008,3,25,1,30,17.8,0,0,0,0,0,0,32.68
2008,3,25,2,30,16.900000000000002,0,0,0,0,0,0,36.79
2008,3,25,3,30,15.5,0,0,0,0,0,0,43.13
2008,3,25,4,30,13.8,0,0,0,0,0,0,50.77
2008,3,25,5,30,12.3,0,0,0,0,0,0,57.63
2008,3,25,6,30,11.200000000000001,0,0,0,0,0,0,62.71
2008,3,25,7,30,10.200000000000001,0,0,0,0,0,0,67.48
2008,3,25,8,30,9.4,0,0,0,0,0,0,71.66
2008,3,25,9,30,8.700000000000001,0,0,0,0,0,0,75.66
2008,3,25,10,30,8.200000000000001,0,0,0,0,0,0,78.76
2008,3,25,11,30,7.9,0,0,0,0,0,0,80.78
2008,3,25,12,30,8.5,0,0,0,0,0,0,77.53
2008,3,25,13,30,11.4,37,113,535,535,37,113,64.06
2008,3,25,14,30,16.1,60,369,830,830,60,369,44.93
2008,3,25,15,30,20.3,72,618,946,946,72,618,28.41
2008,3,25,16,30,23,79,826,1002,727,274,815,21.52
2008,3,25,17,30,24.8,83,975,1033,1033,83,975,18.03
2008,3,25,18,30,26.200000000000003,93,1046,1033,1033,93,1046,15.83
2008,3,25,19,30,27,92,1044,1032,1032,92,1044,14.700000000000001
2008,3,25,20,30,27.3,89,960,1015,82,481,551,14.25
2008,3,25,21,30,27.1,79,811,992,992,79,811,14.17
2008,3,25,22,30,26.3,72,599,928,332,263,452,14.56
2008,3,25,23,30,24.400000000000002,60,351,807,542,135,331,16.15
2008,3,26,0,30,21.400000000000002,35,100,502,11,59,61,20.85
2008,3,26,1,30,19.400000000000002,0,0,0,0,0,0,24.69
2008,3,26,2,30,18.5,0,0,0,0,0,0,26.8
2008,3,26,3,30,17.3,0,0,0,0,0,0,31.21
2008,3,26,4,30,15.9,0,0,0,0,0,0,38.1
2008,3,26,5,30,14.5,0,0,0,0,0,0,46.15
2008,3,26,6,30,13.5,0,0,0,0,0,0,52.67
2008,3,26,7,30,12.8,0,0,0,0,0,0,57.09
2008,3,26,8,30,12,0,0,0,0,0,0,61.33
2008,3,26,9,30,11.4,0,0,0,0,0,0,64.77
2008,3,26,10,30,11.200000000000001,0,0,0,0,0,0,66.56
2008,3,26,11,30,10.9,0,0,0,0,0,0,68.99
2008,3,26,12,30,11.200000000000001,0,0,0,0,0,0,68.97
2008,3,26,13,30,13.4,37,114,527,527,37,114,60.75
2008,3,26,14,30,17.3,62,364,807,807,62,364,45.36
2008,3,26,15,30,21.400000000000002,74,609,921,921,74,609,31.69
2008,3,26,16,30,24.400000000000002,82,817,982,982,82,817,24.88
2008,3,26,17,30,26.400000000000002,87,964,1012,1012,87,964,21.39
2008,3,26,18,30,27.8,91,1038,1023,1023,91,1038,18.91
2008,3,26,19,30,28.700000000000003,90,1036,1024,1024,90,1036,16.94
2008,3,26,20,30,29.1,87,957,1011,1011,87,957,15.530000000000001
2008,3,26,21,30,29,89,803,966,966,89,803,14.74
2008,3,26,22,30,28.200000000000003,83,593,898,898,83,593,14.76
2008,3,26,23,30,26.400000000000002,69,345,763,763,69,345,15.860000000000001
2008,3,27,0,30,23.400000000000002,40,97,432,55,71,79,19.61
2008,3,27,1,30,21,0,0,0,0,0,0,23
2008,3,27,2,30,19.5,0,0,0,0,0,0,24.96
2008,3,27,3,30,17.8,0,0,0,0,0,0,28.34
2008,3,27,4,30,16.2,0,0,0,0,0,0,31.88
2008,3,27,5,30,14.8,0,0,0,0,0,0,35.12
2008,3,27,6,30,13.700000000000001,0,0,0,0,0,0,37.69
2008,3,27,7,30,12.700000000000001,0,0,0,0,0,0,40.2
2008,3,27,8,30,11.9,0,0,0,0,0,0,42.03
2008,3,27,9,30,11.100000000000001,0,0,0,0,0,0,43.35
2008,3,27,10,30,10.4,0,0,0,0,0,0,43.75
2008,3,27,11,30,9.8,0,0,0,0,0,0,43.15
2008,3,27,12,30,10.9,0,0,0,0,0,0,37.56
2008,3,27,13,30,14.5,35,123,584,584,35,123,27.72
2008,3,27,14,30,19.400000000000002,57,379,849,849,57,379,18.19
2008,3,27,15,30,23.6,69,630,960,960,69,630,13.14
2008,3,27,16,30,26.1,76,838,1014,1014,76,838,12.1
2008,3,27,17,30,27.900000000000002,79,986,1044,1044,79,986,10.67
2008,3,27,18,30,29.200000000000003,78,1067,1065,1065,78,1067,9.07
2008,3,27,19,30,30,77,1064,1065,1065,77,1064,7.79
2008,3,27,20,30,30.200000000000003,74,983,1054,1054,74,983,7
2008,3,27,21,30,29.8,71,830,1024,1024,71,830,6.65
2008,3,27,22,30,28.700000000000003,63,618,972,972,63,618,6.72
2008,3,27,23,30,26.200000000000003,52,367,867,531,158,351,7.59
2008,3,28,0,30,22.1,31,110,593,0,15,15,10.41
2008,3,28,1,30,19.200000000000003,0,0,0,0,0,0,13.8
2008,3,28,2,30,17.7,0,0,0,0,0,0,15.540000000000001
2008,3,28,3,30,15.9,0,0,0,0,0,0,18.21
2008,3,28,4,30,14.5,0,0,0,0,0,0,20.71
2008,3,28,5,30,13.3,0,0,0,0,0,0,23.34
2008,3,28,6,30,12.3,0,0,0,0,0,0,26.17
2008,3,28,7,30,11.9,0,0,0,0,0,0,27.91
2008,3,28,8,30,11.8,0,0,0,0,0,0,28.41
2008,3,28,9,30,11.8,0,0,0,0,0,0,28.14
2008,3,28,10,30,11.600000000000001,0,0,0,0,0,0,27.78
2008,3,28,11,30,11.200000000000001,0,0,0,0,0,0,27.490000000000002
2008,3,28,12,30,11.9,0,0,0,0,0,0,25.13
2008,3,28,13,30,15.100000000000001,35,130,621,35,80,85,19.88
2008,3,28,14,30,19.3,56,389,870,74,230,258,14.21
2008,3,28,15,30,23,68,639,970,542,215,533,10.3
2008,3,28,16,30,25.700000000000003,74,843,1018,741,271,830,8.36
2008,3,28,17,30,27.700000000000003,79,990,1045,567,328,822,7.18
2008,3,28,18,30,29,89,1064,1047,712,270,934,6.58
2008,3,28,19,30,29.700000000000003,88,1061,1047,1047,88,1061,6.3
2008,3,28,20,30,29.5,86,979,1033,719,245,867,6.2700000000000005
2008,3,28,21,30,28.700000000000003,84,829,1003,663,235,728,6.29
2008,3,28,22,30,27.3,75,616,945,629,197,556,6.41
2008,3,28,23,30,25.200000000000003,60,365,835,568,126,333,6.97
2008,3,29,0,30,22.3,35,109,548,17,64,66,8.870000000000001
2008,3,29,1,30,19.900000000000002,0,0,0,0,0,0,11.39
2008,3,29,2,30,18.5,0,0,0,0,0,0,12.86
2008,3,29,3,30,17.3,0,0,0,0,0,0,14.59
2008,3,29,4,30,16.2,0,0,0,0,0,0,16.64
2008,3,29,5,30,15,0,0,0,0,0,0,19.03
2008,3,29,6,30,13.8,0,0,0,0,0,0,21.62
2008,3,29,7,30,12.700000000000001,0,0,0,0,0,0,23.96
2008,3,29,8,30,11.8,0,0,0,0,0,0,25.94
2008,3,29,9,30,10.9,0,0,0,0,0,0,27.900000000000002
2008,3,29,10,30,10.3,0,0,0,0,0,0,29.07
2008,3,29,11,30,10.200000000000001,0,0,0,0,0,0,29.27
2008,3,29,12,30,11.4,0,0,0,0,0,0,26.79
2008,3,29,13,30,14.700000000000001,35,137,646,147,83,106,21.41
2008,3,29,14,30,19.3,55,400,893,542,170,380,14.42
2008,3,29,15,30,23.3,65,651,991,991,65,651,9.35
2008,3,29,16,30,25.8,72,861,1041,1041,72,861,7.99
2008,3,29,17,30,27.700000000000003,76,1009,1067,1067,76,1009,6.8500000000000005
2008,3,29,18,30,28.900000000000002,74,1085,1082,1082,74,1085,6.0200000000000005
2008,3,29,19,30,29.6,72,1081,1084,1084,72,1081,5.4
2008,3,29,20,30,29.6,67,998,1074,1074,67,998,5.05
2008,3,29,21,30,29.1,65,844,1046,1046,65,844,4.96
2008,3,29,22,30,27.8,56,630,1000,1000,56,630,5.14
2008,3,29,23,30,25.3,45,377,905,905,45,377,5.8
2008,3,30,0,30,21,28,116,649,649,28,116,8.31
2008,3,30,1,30,17.8,0,0,0,0,0,0,12
2008,3,30,2,30,16.400000000000002,0,0,0,0,0,0,13.89
2008,3,30,3,30,15.100000000000001,0,0,0,0,0,0,16.330000000000002
2008,3,30,4,30,13.700000000000001,0,0,0,0,0,0,19.68
2008,3,30,5,30,12.5,0,0,0,0,0,0,23.400000000000002
2008,3,30,6,30,11.4,0,0,0,0,0,0,27.1
2008,3,30,7,30,10.4,0,0,0,0,0,0,30.19
2008,3,30,8,30,9.700000000000001,0,0,0,0,0,0,31.900000000000002
2008,3,30,9,30,9,0,0,0,0,0,0,32.81
2008,3,30,10,30,8.4,0,0,0,0,0,0,32.88
2008,3,30,11,30,7.9,0,0,0,0,0,0,32.21
2008,3,30,12,30,9.4,0,0,0,0,0,0,26.96
2008,3,30,13,30,13.5,31,144,702,702,31,144,19.580000000000002
2008,3,30,14,30,18.900000000000002,46,408,929,929,46,408,11.950000000000001
2008,3,30,15,30,23.6,55,660,1017,1017,55,660,5.39
2008,3,30,16,30,26.3,61,869,1062,1062,61,869,4.1
2008,3,30,17,30,28.3,63,1017,1087,1087,63,1017,3.59
2008,3,30,18,30,29.700000000000003,71,1094,1092,1092,71,1094,3.3000000000000003
2008,3,30,19,30,30.5,70,1089,1093,1093,70,1089,3.15
2008,3,30,20,30,30.700000000000003,67,1006,1082,1082,67,1006,3.11
2008,3,30,21,30,30.3,62,851,1058,1058,62,851,3.19
2008,3,30,22,30,29.1,56,636,1008,1008,56,636,3.42
2008,3,30,23,30,26.3,47,382,910,910,47,382,4.1
2008,3,31,0,30,21.700000000000003,30,119,649,649,30,119,6.36
2008,3,31,1,30,18.5,0,0,0,0,0,0,9.53
2008,3,31,2,30,17,0,0,0,0,0,0,11.61
2008,3,31,3,30,15.3,0,0,0,0,0,0,14.23
2008,3,31,4,30,13.9,0,0,0,0,0,0,16.76
2008,3,31,5,30,12.9,0,0,0,0,0,0,19.400000000000002
2008,3,31,6,30,11.9,0,0,0,0,0,0,22.75
2008,3,31,7,30,11,0,0,0,0,0,0,26.490000000000002
2008,3,31,8,30,10.100000000000001,0,0,0,0,0,0,30.26
2008,3,31,9,30,9.4,0,0,0,0,0,0,32.74
2008,3,31,10,30,8.8,0,0,0,0,0,0,33.67
2008,3,31,11,30,8.3,0,0,0,0,0,0,32.85
2008,3,31,12,30,9.9,0,0,0,0,0,0,26.6
2008,3,31,13,30,14.4,29,148,722,722,29,148,17.77
2008,3,31,14,30,19.8,43,411,937,937,43,411,10.32
2008,3,31,15,30,24.400000000000002,50,662,1023,1023,50,662,4.22
2008,3,31,16,30,27.200000000000003,54,870,1068,1068,54,870,3.0300000000000002
2008,3,31,17,30,29.1,57,1010,1082,1082,57,1010,2.95
2008,3,31,18,30,30.6,60,1085,1092,1092,60,1085,3.06
2008,3,31,19,30,31.5,60,1080,1091,1091,60,1080,3.23
2008,3,31,20,30,31.8,60,999,1079,1079,60,999,3.45
2008,3,31,21,30,31.5,67,847,1043,558,276,693,3.7
2008,3,31,22,30,30.5,62,633,991,347,261,461,4.0600000000000005
2008,3,31,23,30,27.6,52,379,887,551,136,339,4.95
2008,4,1,0,30,23,32,117,612,201,68,96,7.92
2008,4,1,1,30,19.700000000000003,0,0,0,0,0,0,10.56
2008,4,1,2,30,18.1,0,0,0,0,0,0,11.66
2008,4,1,3,30,16.5,0,0,0,0,0,0,13.56
2008,4,1,4,30,15.3,0,0,0,0,0,0,15.51
2008,4,1,5,30,14.4,0,0,0,0,0,0,17.01
2008,4,1,6,30,13.700000000000001,0,0,0,0,0,0,18.150000000000002
2008,4,1,7,30,13.100000000000001,0,0,0,0,0,0,19.11
2008,4,1,8,30,12.5,0,0,0,0,0,0,19.93
2008,4,1,9,30,12.200000000000001,0,0,0,0,0,0,20.150000000000002
2008,4,1,10,30,12.100000000000001,0,0,0,0,0,0,19.94
2008,4,1,11,30,12.100000000000001,0,0,0,0,0,0,19.35
2008,4,1,12,30,13.4,0,0,0,0,0,0,17.34
2008,4,1,13,30,17.2,35,147,665,665,35,147,15.22
2008,4,1,14,30,22.200000000000003,53,407,892,892,53,407,9.91
2008,4,1,15,30,26.3,63,655,984,984,63,655,7.890000000000001
2008,4,1,16,30,28.6,69,861,1032,1032,69,861,6.95
2008,4,1,17,30,30.200000000000003,73,1006,1057,1057,73,1006,6.33
2008,4,1,18,30,31.3,81,1079,1061,1061,81,1079,5.94
2008,4,1,19,30,32,79,1075,1063,1063,79,1075,5.69
2008,4,1,20,30,32.300000000000004,76,992,1051,1051,76,992,5.5600000000000005
2008,4,1,21,30,32,71,838,1024,1024,71,838,5.61
2008,4,1,22,30,31.200000000000003,64,626,972,972,64,626,5.8100000000000005
2008,4,1,23,30,28.900000000000002,53,372,862,862,53,372,6.6000000000000005
2008,4,2,0,30,24.8,32,116,592,592,32,116,11.450000000000001
2008,4,2,1,30,21.6,0,0,0,0,0,0,13.530000000000001
2008,4,2,2,30,20.3,0,0,0,0,0,0,14.61
2008,4,2,3,30,18.7,0,0,0,0,0,0,16.35
2008,4,2,4,30,17.3,0,0,0,0,0,0,19.14
2008,4,2,5,30,16.7,0,0,0,0,0,0,22.1
2008,4,2,6,30,16.2,0,0,0,0,0,0,24.93
2008,4,2,7,30,15.8,0,0,0,0,0,0,27.400000000000002
2008,4,2,8,30,15.200000000000001,0,0,0,0,0,0,31.03
2008,4,2,9,30,14.600000000000001,0,0,0,0,0,0,35.21
2008,4,2,10,30,14.200000000000001,0,0,0,0,0,0,38.52
2008,4,2,11,30,13.8,0,0,0,0,0,0,40.27
2008,4,2,12,30,14.3,0,0,0,0,0,0,37.99
2008,4,2,13,30,16.6,40,143,596,19,93,96,32.03
2008,4,2,14,30,20.400000000000002,62,398,838,838,62,398,28.93
2008,4,2,15,30,24.900000000000002,74,642,940,940,74,642,23.27
2008,4,2,16,30,28.5,82,846,993,993,82,846,15.1
2008,4,2,17,30,30.5,86,990,1021,1021,86,990,11.700000000000001
2008,4,2,18,30,31.8,92,1065,1031,1031,92,1065,9.98
2008,4,2,19,30,32.4,92,1060,1032,1032,92,1060,8.950000000000001
2008,4,2,20,30,32.6,90,978,1017,794,264,958,8.25
2008,4,2,21,30,32.300000000000004,91,822,974,974,91,822,7.92
2008,4,2,22,30,31.5,80,612,916,916,80,612,7.99
2008,4,2,23,30,29.6,65,363,800,800,65,363,8.71
2008,4,3,0,30,26.6,38,111,513,513,38,111,12.72
2008,4,3,1,30,23.700000000000003,0,0,0,0,0,0,15.17
2008,4,3,2,30,21.700000000000003,0,0,0,0,0,0,18.01
2008,4,3,3,30,19.900000000000002,0,0,0,0,0,0,20.61
2008,4,3,4,30,18,0,0,0,0,0,0,23.85
2008,4,3,5,30,16.400000000000002,0,0,0,0,0,0,25.45
2008,4,3,6,30,14.9,0,0,0,0,0,0,26.05
2008,4,3,7,30,13.8,0,0,0,0,0,0,26.13
2008,4,3,8,30,12.9,0,0,0,0,0,0,26.14
2008,4,3,9,30,12.200000000000001,0,0,0,0,0,0,26.21
2008,4,3,10,30,11.700000000000001,0,0,0,0,0,0,26.05
2008,4,3,11,30,11.4,0,0,0,0,0,0,25.59
2008,4,3,12,30,13.100000000000001,0,0,0,0,0,0,21.85
2008,4,3,13,30,17.400000000000002,41,152,633,633,41,152,16.76
2008,4,3,14,30,22.6,61,414,872,872,61,414,10.700000000000001
2008,4,3,15,30,26.6,72,663,972,972,72,663,6.57
2008,4,3,16,30,28.8,79,865,1017,1017,79,865,5.78
2008,4,3,17,30,30.3,83,1010,1044,1044,83,1010,5.8
2008,4,3,18,30,31.400000000000002,92,1081,1047,1047,92,1081,5.98
2008,4,3,19,30,32,92,1071,1040,1040,92,1071,6.21
2008,4,3,20,30,32.2,91,987,1024,1024,91,987,6.44
2008,4,3,21,30,31.8,86,828,986,986,86,828,6.79
2008,4,3,22,30,30.700000000000003,81,612,913,913,81,612,7.4
2008,4,3,23,30,28.6,69,362,785,785,69,362,8.56
2008,4,4,0,30,25.5,40,110,495,495,40,110,10.790000000000001
2008,4,4,1,30,22.700000000000003,0,0,0,0,0,0,13.5
2008,4,4,2,30,20.6,0,0,0,0,0,0,15.74
2008,4,4,3,30,18.7,0,0,0,0,0,0,17.78
2008,4,4,4,30,17.3,0,0,0,0,0,0,18.75
2008,4,4,5,30,16.6,0,0,0,0,0,0,18.57
2008,4,4,6,30,16.5,0,0,0,0,0,0,17.53
2008,4,4,7,30,16.2,0,0,0,0,0,0,16.68
2008,4,4,8,30,15.600000000000001,0,0,0,0,0,0,15.88
2008,4,4,9,30,15.100000000000001,0,0,0,0,0,0,14.88
2008,4,4,10,30,14.200000000000001,0,0,0,0,0,0,14.700000000000001
2008,4,4,11,30,12.8,0,0,0,0,0,0,15.620000000000001
2008,4,4,12,30,13.3,0,0,0,0,0,0,14.93
2008,4,4,13,30,16.400000000000002,41,157,645,119,98,120,12.06
2008,4,4,14,30,19.900000000000002,63,416,867,867,63,416,7.9
2008,4,4,15,30,22.6,75,665,966,653,254,653,6.2
2008,4,4,16,30,24.900000000000002,83,871,1017,753,278,862,5.59
2008,4,4,17,30,26.900000000000002,86,1017,1045,673,284,883,5.12
2008,4,4,18,30,28.3,90,1089,1055,1055,90,1089,4.94
2008,4,4,19,30,29,92,1083,1051,1051,92,1083,4.92
2008,4,4,20,30,29.6,88,999,1039,1039,88,999,4.86
2008,4,4,21,30,29.8,79,844,1015,1015,79,844,4.8
2008,4,4,22,30,29.200000000000003,70,631,962,962,70,631,4.88
2008,4,4,23,30,27.1,58,378,856,856,58,378,5.44
2008,4,5,0,30,22.8,35,119,583,583,35,119,7.5
2008,4,5,1,30,19,0,0,0,0,0,0,10.71
2008,4,5,2,30,16.8,0,0,0,0,0,0,13.52
2008,4,5,3,30,14.8,0,0,0,0,0,0,16.61
2008,4,5,4,30,13.3,0,0,0,0,0,0,18.53
2008,4,5,5,30,12,0,0,0,0,0,0,19.27
2008,4,5,6,30,10.8,0,0,0,0,0,0,19.400000000000002
2008,4,5,7,30,9.700000000000001,0,0,0,0,0,0,19.27
2008,4,5,8,30,8.8,0,0,0,0,0,0,18.8
2008,4,5,9,30,8,0,0,0,0,0,0,18.64
2008,4,5,10,30,7.300000000000001,0,0,0,0,0,0,19.12
2008,4,5,11,30,6.9,0,0,0,0,0,0,19.78
2008,4,5,12,30,8.200000000000001,0,0,0,0,0,0,18.3
2008,4,5,13,30,12.100000000000001,39,167,695,695,39,167,14.83
2008,4,5,14,30,17.3,59,435,916,916,59,435,10.38
2008,4,5,15,30,21.900000000000002,69,688,1008,1008,69,688,6.25
2008,4,5,16,30,24.8,75,897,1056,1056,75,897,4.08
2008,4,5,17,30,26.900000000000002,79,1044,1081,1081,79,1044,3.06
2008,4,5,18,30,28.3,79,1117,1093,1093,79,1117,2.65
2008,4,5,19,30,29.1,79,1111,1092,1092,79,1111,2.5
2008,4,5,20,30,29.3,76,1025,1081,1081,76,1025,2.5
2008,4,5,21,30,28.700000000000003,73,867,1052,1052,73,867,2.67
2008,4,5,22,30,27.5,65,650,1002,1002,65,650,3.0100000000000002
2008,4,5,23,30,25.1,54,393,901,901,54,393,3.79
2008,4,6,0,30,21.1,34,127,638,638,34,127,5.69
2008,4,6,1,30,17.8,0,0,0,0,0,0,9.19
2008,4,6,2,30,16,0,0,0,0,0,0,12.790000000000001
2008,4,6,3,30,14.4,0,0,0,0,0,0,17.26
2008,4,6,4,30,12.8,0,0,0,0,0,0,22.580000000000002
2008,4,6,5,30,11.3,0,0,0,0,0,0,28.3
2008,4,6,6,30,10.100000000000001,0,0,0,0,0,0,33.730000000000004
2008,4,6,7,30,9,0,0,0,0,0,0,38.93
2008,4,6,8,30,8.1,0,0,0,0,0,0,42.92
2008,4,6,9,30,7.300000000000001,0,0,0,0,0,0,45.06
2008,4,6,10,30,6.7,0,0,0,0,0,0,44.89
2008,4,6,11,30,6.2,0,0,0,0,0,0,42.730000000000004
2008,4,6,12,30,7.800000000000001,0,0,0,0,0,0,33.910000000000004
2008,4,6,13,30,11.9,41,170,692,692,41,170,22.45
2008,4,6,14,30,17.2,60,438,913,913,60,438,13.47
2008,4,6,15,30,21.6,72,691,1003,1003,72,691,5.93
2008,4,6,16,30,24.3,78,899,1051,1051,78,899,4.33
2008,4,6,17,30,26.400000000000002,82,1046,1076,1076,82,1046,3.56
2008,4,6,18,30,27.900000000000002,86,1118,1085,1085,86,1118,3.11
2008,4,6,19,30,28.8,85,1125,1098,1098,85,1125,2.85
2008,4,6,20,30,29.1,82,1038,1086,1086,82,1038,2.71
2008,4,6,21,30,28.8,74,868,1049,1049,74,868,2.68
2008,4,6,22,30,27.8,67,651,999,999,67,651,2.81
2008,4,6,23,30,25.3,56,393,895,895,56,393,3.35
2008,4,7,0,30,20.900000000000002,35,128,630,630,35,128,6.78
2008,4,7,1,30,17.400000000000002,0,0,0,0,0,0,10.03
2008,4,7,2,30,15.8,0,0,0,0,0,0,11.84
2008,4,7,3,30,15,0,0,0,0,0,0,12.73
2008,4,7,4,30,14.600000000000001,0,0,0,0,0,0,12.91
2008,4,7,5,30,14,0,0,0,0,0,0,13.33
2008,4,7,6,30,13.3,0,0,0,0,0,0,14.05
2008,4,7,7,30,12.5,0,0,0,0,0,0,14.99
2008,4,7,8,30,11.700000000000001,0,0,0,0,0,0,16.04
2008,4,7,9,30,11.100000000000001,0,0,0,0,0,0,16.96
2008,4,7,10,30,10.700000000000001,0,0,0,0,0,0,17.56
2008,4,7,11,30,10.3,0,0,0,0,0,0,18.14
2008,4,7,12,30,11.200000000000001,0,0,0,0,0,0,17.25
2008,4,7,13,30,14.600000000000001,40,175,709,709,40,175,15.24
2008,4,7,14,30,19.400000000000002,58,443,921,921,58,443,10.35
2008,4,7,15,30,23.3,69,695,1009,1009,69,695,7.42
2008,4,7,16,30,25.5,76,903,1055,1055,76,903,6
2008,4,7,17,30,27.200000000000003,80,1049,1079,1079,80,1049,5.0600000000000005
2008,4,7,18,30,28.5,79,1121,1093,1093,79,1121,4.44
2008,4,7,19,30,29.3,78,1114,1092,1092,78,1114,4.04
2008,4,7,20,30,29.700000000000003,76,1028,1081,1081,76,1028,3.7800000000000002
2008,4,7,21,30,29.6,75,870,1049,1049,75,870,3.65
2008,4,7,22,30,28.900000000000002,67,646,989,989,67,646,3.68
2008,4,7,23,30,27.1,54,391,890,890,54,391,4.01
2008,4,8,0,30,24.3,34,128,636,636,34,128,6.99
2008,4,8,1,30,21.400000000000002,0,0,0,0,0,0,8.11
2008,4,8,2,30,19,0,0,0,0,0,0,9.76
2008,4,8,3,30,16.7,0,0,0,0,0,0,12.76
2008,4,8,4,30,14.700000000000001,0,0,0,0,0,0,19.2
2008,4,8,5,30,13.200000000000001,0,0,0,0,0,0,27.53
2008,4,8,6,30,12,0,0,0,0,0,0,33.49
2008,4,8,7,30,11,0,0,0,0,0,0,36.03
2008,4,8,8,30,10,0,0,0,0,0,0,36.730000000000004
2008,4,8,9,30,9.200000000000001,0,0,0,0,0,0,35.83
2008,4,8,10,30,8.5,0,0,0,0,0,0,34.14
2008,4,8,11,30,8,0,0,0,0,0,0,32.15
2008,4,8,12,30,9.9,0,0,0,0,0,0,26.01
2008,4,8,13,30,14.3,39,178,716,716,39,178,18.31
2008,4,8,14,30,18.900000000000002,56,443,918,918,56,443,11.83
2008,4,8,15,30,22.3,66,692,1005,1005,66,692,8.370000000000001
2008,4,8,16,30,24.900000000000002,73,898,1050,1050,73,898,6.9
2008,4,8,17,30,27,77,1042,1073,1073,77,1042,5.78
2008,4,8,18,30,28.5,81,1106,1073,1073,81,1106,5.04
2008,4,8,19,30,29.5,80,1098,1072,1072,80,1098,4.65
2008,4,8,20,30,30,77,1013,1061,1061,77,1013,4.48
2008,4,8,21,30,29.900000000000002,72,857,1034,1034,72,857,4.47
2008,4,8,22,30,29.3,63,643,987,987,63,643,4.59
2008,4,8,23,30,27.400000000000002,51,390,891,891,51,390,5.09
2008,4,9,0,30,24.1,32,128,635,635,32,128,8.66
2008,4,9,1,30,21.400000000000002,0,0,0,0,0,0,10.11
2008,4,9,2,30,19.3,0,0,0,0,0,0,11.77
2008,4,9,3,30,17,0,0,0,0,0,0,15.49
2008,4,9,4,30,15,0,0,0,0,0,0,23.12
2008,4,9,5,30,13.5,0,0,0,0,0,0,32.96
2008,4,9,6,30,12.4,0,0,0,0,0,0,40.33
2008,4,9,7,30,11.600000000000001,0,0,0,0,0,0,43.47
2008,4,9,8,30,11,0,0,0,0,0,0,44.32
2008,4,9,9,30,10.4,0,0,0,0,0,0,44.11
2008,4,9,10,30,9.9,0,0,0,0,0,0,42.68
2008,4,9,11,30,9.600000000000001,0,0,0,0,0,0,40.49
2008,4,9,12,30,11.3,0,0,0,0,0,0,34.13
2008,4,9,13,30,15.3,38,178,707,707,38,178,25.5
2008,4,9,14,30,20.400000000000002,55,440,908,908,55,440,17.72
2008,4,9,15,30,25,64,686,994,994,64,686,10.64
2008,4,9,16,30,27.900000000000002,70,889,1038,1038,70,889,8.07
2008,4,9,17,30,30,73,1031,1063,1063,73,1031,6.72
2008,4,9,18,30,31.3,73,1101,1074,1074,73,1101,6.0600000000000005
2008,4,9,19,30,32,73,1094,1073,1073,73,1094,5.71
2008,4,9,20,30,31.8,70,1009,1062,1062,70,1009,5.65
2008,4,9,21,30,30.900000000000002,78,852,1017,1017,78,852,5.76
2008,4,9,22,30,29.3,67,639,972,972,67,639,6.08
2008,4,9,23,30,26.8,54,391,882,397,182,333,6.92
2008,4,10,0,30,23.400000000000002,34,130,629,317,71,119,8.790000000000001
2008,4,10,1,30,20.200000000000003,0,0,0,0,0,0,12.01
2008,4,10,2,30,18.1,0,0,0,0,0,0,15.67
2008,4,10,3,30,16.400000000000002,0,0,0,0,0,0,19.96
2008,4,10,4,30,14.8,0,0,0,0,0,0,25.28
2008,4,10,5,30,13.600000000000001,0,0,0,0,0,0,30.55
2008,4,10,6,30,12.700000000000001,0,0,0,0,0,0,34.47
2008,4,10,7,30,12,0,0,0,0,0,0,36.230000000000004
2008,4,10,8,30,11.5,0,0,0,0,0,0,36.6
2008,4,10,9,30,10.9,0,0,0,0,0,0,36.88
2008,4,10,10,30,10.200000000000001,0,0,0,0,0,0,37.230000000000004
2008,4,10,11,30,9.3,0,0,0,0,0,0,37.92
2008,4,10,12,30,10.5,0,0,0,0,0,0,33.57
2008,4,10,13,30,14.5,40,185,718,26,98,103,24.76
2008,4,10,14,30,19.5,58,450,917,917,58,450,15.57
2008,4,10,15,30,23.900000000000002,68,699,1003,1003,68,699,8.22
2008,4,10,16,30,26.8,75,904,1047,1047,75,904,5.96
2008,4,10,17,30,29,79,1047,1070,1070,79,1047,4.88
2008,4,10,18,30,30.6,86,1108,1066,1066,86,1108,4.29
2008,4,10,19,30,31.3,84,1100,1067,1067,84,1100,4.09
2008,4,10,20,30,31.3,81,1015,1055,792,285,986,4.15
2008,4,10,21,30,30.6,73,859,1032,750,275,846,4.45
2008,4,10,22,30,29.1,66,644,980,980,66,644,5.0600000000000005
2008,4,10,23,30,26.8,55,391,880,880,55,391,6.17
2008,4,11,0,30,23.1,34,131,629,629,34,131,8.53
2008,4,11,1,30,20,0,0,0,0,0,0,12.120000000000001
2008,4,11,2,30,18.3,0,0,0,0,0,0,15.44
2008,4,11,3,30,16.7,0,0,0,0,0,0,19.650000000000002
2008,4,11,4,30,15.3,0,0,0,0,0,0,24.47
2008,4,11,5,30,14.200000000000001,0,0,0,0,0,0,29.02
2008,4,11,6,30,13.200000000000001,0,0,0,0,0,0,32.87
2008,4,11,7,30,12.3,0,0,0,0,0,0,34.97
2008,4,11,8,30,11.5,0,0,0,0,0,0,35.82
2008,4,11,9,30,10.600000000000001,0,0,0,0,0,0,36.87
2008,4,11,10,30,9.8,0,0,0,0,0,0,37.95
2008,4,11,11,30,9.1,0,0,0,0,0,0,38.86
2008,4,11,12,30,10.4,0,0,0,0,0,0,34.81
2008,4,11,13,30,14.3,40,186,714,0,92,92,26.5
2008,4,11,14,30,18.2,58,449,909,909,58,449,17.79
2008,4,11,15,30,21.400000000000002,68,696,993,993,68,696,12.32
2008,4,11,16,30,24.200000000000003,75,899,1037,1037,75,899,9.21
2008,4,11,17,30,26.3,80,1042,1061,849,244,1014,7.17
2008,4,11,18,30,27.8,91,1109,1060,640,323,938,6
2008,4,11,19,30,28.6,91,1101,1058,638,301,910,5.43
2008,4,11,20,30,28.8,89,1014,1044,481,375,802,5.16
2008,4,11,21,30,28.400000000000002,84,857,1013,491,309,683,5.11
2008,4,11,22,30,27.700000000000003,76,643,959,308,295,477,5.17
2008,4,11,23,30,25.900000000000002,63,386,843,26,211,221,5.72
2008,4,12,0,30,23,39,128,576,135,86,106,9.53
2008,4,12,1,30,20.5,0,0,0,0,0,0,11.47
2008,4,12,2,30,18.8,0,0,0,0,0,0,12.84
2008,4,12,3,30,17.1,0,0,0,0,0,0,14.18
2008,4,12,4,30,15.700000000000001,0,0,0,0,0,0,15.450000000000001
2008,4,12,5,30,14.9,0,0,0,0,0,0,16.26
2008,4,12,6,30,14,0,0,0,0,0,0,17.12
2008,4,12,7,30,13.100000000000001,0,0,0,0,0,0,18.31
2008,4,12,8,30,12.200000000000001,0,0,0,0,0,0,21.16
2008,4,12,9,30,11.600000000000001,0,0,0,0,0,0,27.560000000000002
2008,4,12,10,30,11.100000000000001,0,0,0,0,0,0,41.96
2008,4,12,11,30,10.700000000000001,0,0,0,0,0,0,61.230000000000004
2008,4,12,12,30,12.200000000000001,0,0,0,0,0,0,69.47
2008,4,12,13,30,15.700000000000001,64,165,485,485,64,165,64
2008,4,12,14,30,19.700000000000003,95,415,738,738,95,415,54.04
2008,4,12,15,30,23.3,111,656,859,859,111,656,37.12
2008,4,12,16,30,26,123,852,915,915,123,852,25.16
2008,4,12,17,30,27.900000000000002,135,989,939,939,135,989,18.95
2008,4,12,18,30,29.1,139,1054,950,950,139,1054,15.97
2008,4,12,19,30,29.900000000000002,157,1038,922,720,320,1008,14.23
2008,4,12,20,30,30,163,951,887,11,362,372,13.280000000000001
2008,4,12,21,30,29.400000000000002,172,791,810,58,423,467,13.19
2008,4,12,22,30,28.200000000000003,156,582,718,19,296,307,14.09
2008,4,12,23,30,26,125,339,555,27,219,229,16.55
2008,4,13,0,30,23.200000000000003,66,103,235,36,90,95,20.96
2008,4,13,1,30,20.700000000000003,0,0,0,0,0,0,26.990000000000002
2008,4,13,2,30,19,0,0,0,0,0,0,33.94
2008,4,13,3,30,17.8,0,0,0,0,0,0,41.47
2008,4,13,4,30,16.7,0,0,0,0,0,0,50.45
2008,4,13,5,30,15.8,0,0,0,0,0,0,59.730000000000004
2008,4,13,6,30,15.100000000000001,0,0,0,0,0,0,66.52
2008,4,13,7,30,14.4,0,0,0,0,0,0,70.87
2008,4,13,8,30,13.700000000000001,0,0,0,0,0,0,73.28
2008,4,13,9,30,13,0,0,0,0,0,0,74.12
2008,4,13,10,30,12.3,0,0,0,0,0,0,75.31
2008,4,13,11,30,11.8,0,0,0,0,0,0,76.38
2008,4,13,12,30,12.100000000000001,0,0,0,0,0,0,73.92
2008,4,13,13,30,14,69,163,449,38,120,128,64.64
2008,4,13,14,30,17.2,105,409,697,236,243,346,52.28
2008,4,13,15,30,20.700000000000003,126,645,814,201,381,509,41.87
2008,4,13,16,30,23.200000000000003,139,838,875,45,421,457,34.74
2008,4,13,17,30,24.8,149,975,908,908,149,975,30.03
2008,4,13,18,30,25.700000000000003,161,1037,908,908,161,1037,27.150000000000002
2008,4,13,19,30,25.900000000000002,176,1020,882,882,176,1020,26.03
2008,4,13,20,30,25.3,186,928,835,387,425,769,26.88
2008,4,13,21,30,23.900000000000002,159,780,812,251,385,577,29.91
2008,4,13,22,30,21.900000000000002,150,571,709,0,31,31,35.33
2008,4,13,23,30,19.6,127,330,526,119,201,247,43.64
2008,4,14,0,30,17.3,67,100,207,0,26,26,54.160000000000004
2008,4,14,1,30,15.600000000000001,0,0,0,0,0,0,63.190000000000005
2008,4,14,2,30,14.5,0,0,0,0,0,0,67.64
2008,4,14,3,30,13.700000000000001,0,0,0,0,0,0,68.4
2008,4,14,4,30,13.100000000000001,0,0,0,0,0,0,68.17
2008,4,14,5,30,12.5,0,0,0,0,0,0,68.63
2008,4,14,6,30,11.9,0,0,0,0,0,0,70.24
2008,4,14,7,30,11.3,0,0,0,0,0,0,73.12
2008,4,14,8,30,10.8,0,0,0,0,0,0,75.87
2008,4,14,9,30,10.3,0,0,0,0,0,0,79.12
2008,4,14,10,30,9.8,0,0,0,0,0,0,81.96000000000001
2008,4,14,11,30,9.4,0,0,0,0,0,0,83.7
2008,4,14,12,30,10.200000000000001,0,0,0,0,0,0,78.74
2008,4,14,13,30,12.9,56,175,555,48,120,130,65.07000000000001
2008,4,14,14,30,16.400000000000002,82,425,780,780,82,425,50.47
2008,4,14,15,30,19.6,96,662,885,885,96,662,39.86
2008,4,14,16,30,22.200000000000003,104,858,941,941,104,858,32.86
2008,4,14,17,30,24.1,110,996,970,970,110,996,28.02
2008,4,14,18,30,25.3,110,1063,986,986,110,1063,25
2008,4,14,19,30,26,113,1053,980,980,113,1053,23.13
2008,4,14,20,30,26.1,112,968,960,960,112,968,22.23
2008,4,14,21,30,25.700000000000003,106,813,922,454,309,657,22.27
2008,4,14,22,30,24.8,99,604,849,2,144,145,23.18
2008,4,14,23,30,23.3,84,358,706,10,169,173,25.41
2008,4,15,0,30,21.200000000000003,53,114,384,384,53,114,30.96
2008,4,15,1,30,19.200000000000003,0,0,0,0,0,0,41.6
2008,4,15,2,30,17.7,0,0,0,0,0,0,48.9
2008,4,15,3,30,16.400000000000002,0,0,0,0,0,0,53.28
2008,4,15,4,30,15.5,0,0,0,0,0,0,58.58
2008,4,15,5,30,14.600000000000001,0,0,0,0,0,0,63.14
2008,4,15,6,30,13.9,0,0,0,0,0,0,67.45
2008,4,15,7,30,13.200000000000001,0,0,0,0,0,0,72.21000000000001
2008,4,15,8,30,12.5,0,0,0,0,0,0,77.21000000000001
2008,4,15,9,30,11.700000000000001,0,0,0,0,0,0,82.14
2008,4,15,10,30,10.8,0,0,0,0,0,0,86.5
2008,4,15,11,30,10.200000000000001,0,0,0,0,0,0,88.79
2008,4,15,12,30,11.200000000000001,0,0,0,0,0,0,81.64
2008,4,15,13,30,14.3,58,177,546,546,58,177,65.96000000000001
2008,4,15,14,30,18,84,428,779,779,84,428,48.96
2008,4,15,15,30,21.1,98,666,884,884,98,666,37.2
2008,4,15,16,30,23.3,106,865,945,945,106,865,30.67
2008,4,15,17,30,24.900000000000002,111,1003,976,976,111,1003,26.400000000000002
2008,4,15,18,30,26.1,112,1070,990,492,389,865,23.41
2008,4,15,19,30,26.8,112,1060,988,988,112,1060,21.43
2008,4,15,20,30,27.1,109,975,972,443,456,851,19.95
2008,4,15,21,30,26.8,99,823,943,693,284,816,19.05
2008,4,15,22,30,26,89,615,882,450,284,551,18.61
2008,4,15,23,30,24.6,73,370,764,105,228,269,19.22
2008,4,16,0,30,22.400000000000002,46,123,481,481,46,123,23.650000000000002
2008,4,16,1,30,20.8,0,0,0,0,0,0,30.96
2008,4,16,2,30,19.8,0,0,0,0,0,0,31.43
2008,4,16,3,30,18.6,0,0,0,0,0,0,33.56
2008,4,16,4,30,17.400000000000002,0,0,0,0,0,0,37.31
2008,4,16,5,30,16.1,0,0,0,0,0,0,42.22
2008,4,16,6,30,15,0,0,0,0,0,0,47.300000000000004
2008,4,16,7,30,14.100000000000001,0,0,0,0,0,0,51.95
2008,4,16,8,30,13.5,0,0,0,0,0,0,56.980000000000004
2008,4,16,9,30,13.100000000000001,0,0,0,0,0,0,62.26
2008,4,16,10,30,12.600000000000001,0,0,0,0,0,0,67.25
2008,4,16,11,30,12.3,0,0,0,0,0,0,69.97
2008,4,16,12,30,13.4,0,0,0,0,0,0,65.11
2008,4,16,13,30,16.8,56,183,576,576,56,183,51.61
2008,4,16,14,30,20.700000000000003,80,435,797,797,80,435,35.35
2008,4,16,15,30,23.400000000000002,92,675,904,904,92,675,26.43
2008,4,16,16,30,25.3,100,871,957,957,100,871,21.81
2008,4,16,17,30,26.8,105,1009,986,986,105,1009,18.900000000000002
2008,4,16,18,30,27.8,107,1078,1002,1,408,409,16.82
2008,4,16,19,30,28.5,106,1068,1001,791,265,1025,15.07
2008,4,16,20,30,28.8,103,983,985,169,523,674,13.74
2008,4,16,21,30,28.6,94,830,957,957,94,830,12.96
2008,4,16,22,30,27.900000000000002,85,623,902,902,85,623,12.76
2008,4,16,23,30,26.5,69,378,792,792,69,378,13.21
2008,4,17,0,30,23.6,42,128,530,530,42,128,18.88
2008,4,17,1,30,21,0,0,0,0,0,0,25.8
2008,4,17,2,30,19.400000000000002,0,0,0,0,0,0,26.69
2008,4,17,3,30,18,0,0,0,0,0,0,29.35
2008,4,17,4,30,16.6,0,0,0,0,0,0,31.05
2008,4,17,5,30,15.200000000000001,0,0,0,0,0,0,34.51
2008,4,17,6,30,14.100000000000001,0,0,0,0,0,0,39.14
2008,4,17,7,30,13.200000000000001,0,0,0,0,0,0,43.76
2008,4,17,8,30,12.4,0,0,0,0,0,0,46.47
2008,4,17,9,30,11.600000000000001,0,0,0,0,0,0,47.54
2008,4,17,10,30,10.9,0,0,0,0,0,0,47.33
2008,4,17,11,30,10.4,0,0,0,0,0,0,46.4
2008,4,17,12,30,12,0,0,0,0,0,0,39.87
2008,4,17,13,30,16,43,204,716,716,43,204,30.330000000000002
2008,4,17,14,30,20.3,59,468,913,913,59,468,19.94
2008,4,17,15,30,23.700000000000003,68,712,995,995,68,712,12.1
2008,4,17,16,30,25.900000000000002,75,912,1037,1037,75,912,9.290000000000001
2008,4,17,17,30,27.6,79,1051,1059,1059,79,1051,7.65
2008,4,17,18,30,28.8,85,1117,1064,1064,85,1117,6.83
2008,4,17,19,30,29.700000000000003,82,1107,1065,1065,82,1107,6.36
2008,4,17,20,30,30.1,79,1014,1046,1046,79,1014,6.1000000000000005
2008,4,17,21,30,30,73,859,1022,1022,73,859,5.99
2008,4,17,22,30,29.400000000000002,66,646,971,971,66,646,6
2008,4,17,23,30,27.5,54,396,875,875,54,396,6.43
2008,4,18,0,30,23.400000000000002,35,141,648,648,35,141,10.67
2008,4,18,1,30,19.900000000000002,0,0,0,0,0,0,16.23
2008,4,18,2,30,18.3,0,0,0,0,0,0,16.89
2008,4,18,3,30,16.6,0,0,0,0,0,0,19.86
2008,4,18,4,30,15.100000000000001,0,0,0,0,0,0,23.46
2008,4,18,5,30,14,0,0,0,0,0,0,26.34
2008,4,18,6,30,12.9,0,0,0,0,0,0,28.3
2008,4,18,7,30,12,0,0,0,0,0,0,29.04
2008,4,18,8,30,11.100000000000001,0,0,0,0,0,0,29.34
2008,4,18,9,30,10.4,0,0,0,0,0,0,28.84
2008,4,18,10,30,9.600000000000001,0,0,0,0,0,0,28.150000000000002
2008,4,18,11,30,8.9,0,0,0,0,0,0,26.560000000000002
2008,4,18,12,30,9.5,0,0,0,0,0,0,22.080000000000002
2008,4,18,13,30,11.8,42,212,748,748,42,212,16.15
2008,4,18,14,30,14.8,59,471,913,913,59,471,16.330000000000002
2008,4,18,15,30,17.900000000000002,71,714,990,990,71,714,17.37
2008,4,18,16,30,20.900000000000002,79,913,1031,1031,79,913,16.330000000000002
2008,4,18,17,30,23.5,84,1052,1052,1052,84,1052,13.98
2008,4,18,18,30,25.5,87,1118,1060,1060,87,1118,11.32
2008,4,18,19,30,26.8,88,1101,1052,1052,88,1101,9.540000000000001
2008,4,18,20,30,27.5,85,1015,1039,1039,85,1015,8.540000000000001
2008,4,18,21,30,27.5,85,856,1001,1001,85,856,8.11
2008,4,18,22,30,26.8,76,644,947,947,76,644,8.19
2008,4,18,23,30,25.200000000000003,63,393,843,843,63,393,8.89
2008,4,19,0,30,21.700000000000003,40,137,588,75,91,103,12.27
2008,4,19,1,30,18.7,0,0,0,0,0,0,16.47
2008,4,19,2,30,16.900000000000002,0,0,0,0,0,0,17.02
2008,4,19,3,30,15.200000000000001,0,0,0,0,0,0,18.36
2008,4,19,4,30,13.600000000000001,0,0,0,0,0,0,20.09
2008,4,19,5,30,12.3,0,0,0,0,0,0,23.89
2008,4,19,6,30,11.600000000000001,0,0,0,0,0,0,31.21
2008,4,19,7,30,11.3,0,0,0,0,0,0,46.46
2008,4,19,8,30,10.700000000000001,0,0,0,0,0,0,65.48
2008,4,19,9,30,10.100000000000001,0,0,0,0,0,0,78
2008,4,19,10,30,9.600000000000001,0,0,0,0,0,0,84.68
2008,4,19,11,30,9.4,0,0,0,0,0,0,87.82000000000001
2008,4,19,12,30,10.5,0,0,0,0,0,0,83.04
2008,4,19,13,30,13.700000000000001,53,201,646,646,53,201,68.98
2008,4,19,14,30,18.7,71,459,857,857,71,459,50.19
2008,4,19,15,30,24,78,705,961,961,78,705,28.59
2008,4,19,16,30,27.700000000000003,83,903,1011,1011,83,903,13.91
2008,4,19,17,30,29.900000000000002,86,1041,1036,1036,86,1041,9.9
2008,4,19,18,30,31.400000000000002,94,1105,1039,1039,94,1105,8.31
2008,4,19,19,30,32.300000000000004,93,1095,1039,1039,93,1095,7.5200000000000005
2008,4,19,20,30,32.6,88,1003,1021,1021,88,1003,7.19
2008,4,19,21,30,32.4,80,850,997,997,80,850,7.22
2008,4,19,22,30,31.5,71,636,941,638,242,625,7.65
2008,4,19,23,30,29.5,60,387,831,831,60,387,8.8
2008,4,20,0,30,25.5,39,134,573,573,39,134,13.88
2008,4,20,1,30,22.200000000000003,0,0,0,0,0,0,19.240000000000002
2008,4,20,2,30,21,0,0,0,0,0,0,19.64
2008,4,20,3,30,19.6,0,0,0,0,0,0,21.17
2008,4,20,4,30,18.1,0,0,0,0,0,0,22.72
2008,4,20,5,30,17.1,0,0,0,0,0,0,23.34
2008,4,20,6,30,16.2,0,0,0,0,0,0,24.45
2008,4,20,7,30,15.4,0,0,0,0,0,0,26.16
2008,4,20,8,30,14.700000000000001,0,0,0,0,0,0,28.21
2008,4,20,9,30,14.4,0,0,0,0,0,0,29.900000000000002
2008,4,20,10,30,14.200000000000001,0,0,0,0,0,0,30.39
2008,4,20,11,30,13.8,0,0,0,0,0,0,31.25
2008,4,20,12,30,14.700000000000001,0,0,0,0,0,0,29.1
2008,4,20,13,30,18.1,54,198,619,325,107,183,22.75
2008,4,20,14,30,22.3,78,449,814,814,78,449,14.32
2008,4,20,15,30,25.6,92,686,908,528,295,640,11.51
2008,4,20,16,30,28.1,100,881,959,705,293,866,10.4
2008,4,20,17,30,30.1,106,1017,988,722,312,978,9.64
2008,4,20,18,30,31.5,106,1082,1001,1001,106,1082,9.08
2008,4,20,19,30,32.300000000000004,103,1072,1003,1003,103,1072,8.74
2008,4,20,20,30,32.4,98,987,991,991,98,987,8.76
2008,4,20,21,30,31.8,94,832,956,956,94,832,9.200000000000001
2008,4,20,22,30,30.6,80,626,908,908,80,626,10.02
2008,4,20,23,30,28.700000000000003,63,383,811,811,63,383,11.450000000000001
2008,4,21,0,30,25.5,39,135,574,112,87,106,14.35
2008,4,21,1,30,22.700000000000003,0,0,0,0,0,0,18.45
2008,4,21,2,30,21.400000000000002,0,0,0,0,0,0,20.16
2008,4,21,3,30,20.1,0,0,0,0,0,0,21.94
2008,4,21,4,30,18.7,0,0,0,0,0,0,24.41
2008,4,21,5,30,17.6,0,0,0,0,0,0,26.96
2008,4,21,6,30,16.6,0,0,0,0,0,0,29.2
2008,4,21,7,30,15.700000000000001,0,0,0,0,0,0,31.13
2008,4,21,8,30,14.8,0,0,0,0,0,0,33.62
2008,4,21,9,30,14.100000000000001,0,0,0,0,0,0,35.17
2008,4,21,10,30,13.4,0,0,0,0,0,0,35.93
2008,4,21,11,30,12.9,0,0,0,0,0,0,35.160000000000004
2008,4,21,12,30,14.8,0,0,0,0,0,0,29.39
2008,4,21,13,30,18.900000000000002,41,214,733,733,41,214,21
2008,4,21,14,30,23.3,55,469,902,902,55,469,13.3
2008,4,21,15,30,26.6,64,710,984,984,64,710,7.26
2008,4,21,16,30,28.8,70,905,1025,1025,70,905,6.66
2008,4,21,17,30,30.5,74,1041,1046,1046,74,1041,6.63
2008,4,21,18,30,31.8,78,1105,1053,1053,78,1105,6.58
2008,4,21,19,30,32.6,77,1094,1052,1052,77,1094,6.53
2008,4,21,20,30,32.9,75,1004,1035,1035,75,1004,6.51
2008,4,21,21,30,32.800000000000004,70,850,1008,1008,70,850,6.5
2008,4,21,22,30,32.1,64,638,952,952,64,638,6.65
2008,4,21,23,30,30.3,55,392,850,850,55,392,7.22
2008,4,22,0,30,27.200000000000003,38,139,601,601,38,139,12.07
2008,4,22,1,30,24.400000000000002,0,0,0,0,0,0,15.58
2008,4,22,2,30,22.1,0,0,0,0,0,0,17.150000000000002
2008,4,22,3,30,19.8,0,0,0,0,0,0,19.56
2008,4,22,4,30,18.400000000000002,0,0,0,0,0,0,20.25
2008,4,22,5,30,17.3,0,0,0,0,0,0,20.27
2008,4,22,6,30,16.5,0,0,0,0,0,0,20.490000000000002
2008,4,22,7,30,16.1,0,0,0,0,0,0,20.26
2008,4,22,8,30,15.9,0,0,0,0,0,0,20.13
2008,4,22,9,30,15.600000000000001,0,0,0,0,0,0,20.39
2008,4,22,10,30,14.8,0,0,0,0,0,0,20.75
2008,4,22,11,30,14.100000000000001,0,0,0,0,0,0,20.88
2008,4,22,12,30,15.700000000000001,0,0,0,0,0,0,18.52
2008,4,22,13,30,19.700000000000003,45,212,702,702,45,212,13.68
2008,4,22,14,30,23.900000000000002,61,465,876,876,61,465,12.06
2008,4,22,15,30,27.1,72,701,955,955,72,701,11.65
2008,4,22,16,30,29.3,79,895,998,998,79,895,9.91
2008,4,22,17,30,31,83,1033,1026,1026,83,1033,8.71
2008,4,22,18,30,32.300000000000004,90,1096,1030,1030,90,1096,7.92
2008,4,22,19,30,33.1,89,1085,1029,1029,89,1085,7.390000000000001
2008,4,22,20,30,33.300000000000004,85,999,1016,1016,85,999,7.05
2008,4,22,21,30,33.1,77,846,992,992,77,846,6.86
2008,4,22,22,30,32.4,70,637,939,939,70,637,6.93
2008,4,22,23,30,30.8,62,390,827,208,218,300,7.44
2008,4,23,0,30,28,43,137,556,0,6,6,11.11
2008,4,23,1,30,25.3,0,0,0,0,0,0,13.66
2008,4,23,2,30,23.1,0,0,0,0,0,0,15.06
2008,4,23,3,30,21,0,0,0,0,0,0,16.37
2008,4,23,4,30,19.5,0,0,0,0,0,0,18.28
2008,4,23,5,30,18.3,0,0,0,0,0,0,20.580000000000002
2008,4,23,6,30,17.2,0,0,0,0,0,0,22.89
2008,4,23,7,30,16.5,0,0,0,0,0,0,24.96
2008,4,23,8,30,16.1,0,0,0,0,0,0,26.78
2008,4,23,9,30,15.9,0,0,0,0,0,0,28.1
2008,4,23,10,30,15.4,0,0,0,0,0,0,29.66
2008,4,23,11,30,14.5,0,0,0,0,0,0,31.42
2008,4,23,12,30,15.3,0,0,0,0,0,0,29.3
2008,4,23,13,30,18.900000000000002,49,213,681,681,49,213,22.03
2008,4,23,14,30,23.6,66,470,871,871,66,470,16.43
2008,4,23,15,30,27.5,76,707,956,956,76,707,12.33
2008,4,23,16,30,29.900000000000002,82,902,1001,1001,82,902,9.27
2008,4,23,17,30,31.6,87,1037,1024,1024,87,1037,7.57
2008,4,23,18,30,32.7,86,1101,1038,1038,86,1101,6.79
2008,4,23,19,30,33.4,88,1089,1034,1034,88,1089,6.37
2008,4,23,20,30,33.5,88,1002,1016,749,294,967,6.19
2008,4,23,21,30,33.2,88,846,978,121,448,542,6.2
2008,4,23,22,30,32.4,81,635,918,299,290,470,6.390000000000001
2008,4,23,23,30,30.6,69,388,802,398,169,328,7.140000000000001
2008,4,24,0,30,27.1,44,136,537,113,92,111,9.81
2008,4,24,1,30,23.700000000000003,0,0,0,0,0,0,14.280000000000001
2008,4,24,2,30,21.6,0,0,0,0,0,0,17.53
2008,4,24,3,30,19.900000000000002,0,0,0,0,0,0,20.89
2008,4,24,4,30,18.6,0,0,0,0,0,0,23.900000000000002
2008,4,24,5,30,17.6,0,0,0,0,0,0,26.66
2008,4,24,6,30,16.8,0,0,0,0,0,0,29.27
2008,4,24,7,30,16,0,0,0,0,0,0,31.43
2008,4,24,8,30,15.100000000000001,0,0,0,0,0,0,32.68
2008,4,24,9,30,14.4,0,0,0,0,0,0,32.410000000000004
2008,4,24,10,30,13.8,0,0,0,0,0,0,31.400000000000002
2008,4,24,11,30,13.4,0,0,0,0,0,0,30.37
2008,4,24,12,30,15.3,0,0,0,0,0,0,26.09
2008,4,24,13,30,19.5,51,216,675,675,51,216,20.16
2008,4,24,14,30,23.400000000000002,70,471,862,862,70,471,17.64
2008,4,24,15,30,26.200000000000003,79,706,946,946,79,706,14.56
2008,4,24,16,30,28.200000000000003,84,903,999,999,84,903,12.22
2008,4,24,17,30,30,86,1038,1026,1026,86,1038,10.32
2008,4,24,18,30,31.3,90,1101,1032,1032,90,1101,9
2008,4,24,19,30,32.1,87,1086,1030,1030,87,1086,8.09
2008,4,24,20,30,32.4,83,1000,1019,1019,83,1000,7.58
2008,4,24,21,30,32.1,78,847,991,991,78,847,7.48
2008,4,24,22,30,31,71,635,933,933,71,635,7.92
2008,4,24,23,30,29.1,61,390,825,825,61,390,8.99
2008,4,25,0,30,26.1,41,140,575,85,93,108,11.19
2008,4,25,1,30,23.1,0,0,0,0,0,0,14.65
2008,4,25,2,30,21.3,0,0,0,0,0,0,17.66
2008,4,25,3,30,19.700000000000003,0,0,0,0,0,0,21.31
2008,4,25,4,30,18.2,0,0,0,0,0,0,25.22
2008,4,25,5,30,17,0,0,0,0,0,0,28.52
2008,4,25,6,30,16.2,0,0,0,0,0,0,30.93
2008,4,25,7,30,15.5,0,0,0,0,0,0,32.910000000000004
2008,4,25,8,30,15,0,0,0,0,0,0,34.09
2008,4,25,9,30,14.5,0,0,0,0,0,0,34.82
2008,4,25,10,30,13.600000000000001,0,0,0,0,0,0,36.21
2008,4,25,11,30,12.8,0,0,0,0,0,0,37.28
2008,4,25,12,30,14.5,11,14,195,195,11,14,32.79
2008,4,25,13,30,18.6,44,225,731,731,44,225,24.830000000000002
2008,4,25,14,30,22.200000000000003,60,480,897,897,60,480,16.06
2008,4,25,15,30,24.8,70,717,974,974,70,717,12.14
2008,4,25,16,30,26.900000000000002,76,911,1015,1015,76,911,10.26
2008,4,25,17,30,28.6,80,1045,1037,1037,80,1045,8.98
2008,4,25,18,30,30,81,1104,1044,1044,81,1104,8.15
2008,4,25,19,30,30.900000000000002,80,1092,1042,1042,80,1092,7.79
2008,4,25,20,30,31.3,79,1002,1024,1024,79,1002,7.74
2008,4,25,21,30,31.1,83,846,982,982,83,846,7.94
2008,4,25,22,30,30.400000000000002,76,634,922,82,348,398,8.34
2008,4,25,23,30,28.8,66,389,807,1,135,135,9.18
2008,4,26,0,30,25.8,45,139,538,0,25,25,11.290000000000001
2008,4,26,1,30,22.900000000000002,0,0,0,0,0,0,15.27
2008,4,26,2,30,21,0,0,0,0,0,0,16.05
2008,4,26,3,30,19.5,0,0,0,0,0,0,16.8
2008,4,26,4,30,18.7,0,0,0,0,0,0,16.97
2008,4,26,5,30,18.3,0,0,0,0,0,0,16.65
2008,4,26,6,30,17.6,0,0,0,0,0,0,17.13
2008,4,26,7,30,16.5,0,0,0,0,0,0,18.580000000000002
2008,4,26,8,30,15.3,0,0,0,0,0,0,20.37
2008,4,26,9,30,14.4,0,0,0,0,0,0,22.23
2008,4,26,10,30,13.600000000000001,0,0,0,0,0,0,23.92
2008,4,26,11,30,12.9,0,0,0,0,0,0,25.51
2008,4,26,12,30,14.4,11,15,188,188,11,15,23.96
2008,4,26,13,30,18.5,46,225,715,715,46,225,19.8
2008,4,26,14,30,22.700000000000003,63,479,883,883,63,479,16.06
2008,4,26,15,30,25.8,73,714,962,962,73,714,12.34
2008,4,26,16,30,28,79,907,1005,1005,79,907,9.74
2008,4,26,17,30,29.700000000000003,84,1041,1027,1027,84,1041,8.09
2008,4,26,18,30,31,95,1101,1025,1025,95,1101,7.24
2008,4,26,19,30,31.8,95,1089,1022,1022,95,1089,6.88
2008,4,26,20,30,32,96,997,998,998,96,997,6.84
2008,4,26,21,30,31.6,96,842,959,959,96,842,7.07
2008,4,26,22,30,30.3,93,628,881,881,93,628,7.74
2008,4,26,23,30,28.400000000000002,77,383,762,417,192,360,8.98
2008,4,27,0,30,25.900000000000002,48,137,508,74,97,110,11.200000000000001
2008,4,27,1,30,23.400000000000002,0,0,0,0,0,0,15.25
2008,4,27,2,30,21.400000000000002,0,0,0,0,0,0,21.06
2008,4,27,3,30,19.6,0,0,0,0,0,0,27.45
2008,4,27,4,30,18.2,0,0,0,0,0,0,33.49
2008,4,27,5,30,17.400000000000002,0,0,0,0,0,0,37.71
2008,4,27,6,30,16.400000000000002,0,0,0,0,0,0,40.94
2008,4,27,7,30,15.3,0,0,0,0,0,0,42.64
2008,4,27,8,30,14.4,0,0,0,0,0,0,41.88
2008,4,27,9,30,13.5,0,0,0,0,0,0,39.82
2008,4,27,10,30,12.700000000000001,0,0,0,0,0,0,37.81
2008,4,27,11,30,12.100000000000001,0,0,0,0,0,0,36.550000000000004
2008,4,27,12,30,13.8,12,17,198,198,12,17,31.21
2008,4,27,13,30,17.8,48,228,716,716,48,228,23.55
2008,4,27,14,30,21.5,65,485,887,887,65,485,16.39
2008,4,27,15,30,24.400000000000002,77,722,964,964,77,722,11.34
2008,4,27,16,30,26.700000000000003,84,915,1008,1008,84,915,8.74
2008,4,27,17,30,28.6,88,1049,1031,1031,88,1049,7.37
2008,4,27,18,30,29.900000000000002,88,1113,1043,1043,88,1113,6.67
2008,4,27,19,30,30.8,89,1100,1039,1039,89,1100,6.25
2008,4,27,20,30,31,88,1012,1023,1023,88,1012,6.11
2008,4,27,21,30,30.6,87,856,988,988,87,856,6.18
2008,4,27,22,30,29.5,78,645,933,50,292,323,6.49
2008,4,27,23,30,27.6,66,398,825,515,154,362,7.2
2008,4,28,0,30,24.400000000000002,44,144,563,563,44,144,9.06
2008,4,28,1,30,21,0,0,0,0,0,0,14.18
2008,4,28,2,30,18.7,0,0,0,0,0,0,23.3
2008,4,28,3,30,16.900000000000002,0,0,0,0,0,0,34.28
2008,4,28,4,30,15.8,0,0,0,0,0,0,45.43
2008,4,28,5,30,15.200000000000001,0,0,0,0,0,0,58.63
2008,4,28,6,30,14.700000000000001,0,0,0,0,0,0,73.99
2008,4,28,7,30,14.4,0,0,0,0,0,0,83.25
2008,4,28,8,30,13.9,0,0,0,0,0,0,84.98
2008,4,28,9,30,13.200000000000001,0,0,0,0,0,0,84.49
2008,4,28,10,30,12.3,0,0,0,0,0,0,83.53
2008,4,28,11,30,11.3,0,0,0,0,0,0,82.49
2008,4,28,12,30,11,13,14,41,41,13,14,78.26
2008,4,28,13,30,11.600000000000001,75,209,526,0,75,75,70.93
2008,4,28,14,30,13.100000000000001,99,458,756,0,161,161,62.28
2008,4,28,15,30,15.200000000000001,112,692,865,11,318,325,54.34
2008,4,28,16,30,17.7,119,887,930,196,499,661,46.94
2008,4,28,17,30,20.5,118,1021,967,967,118,1021,39.410000000000004
2008,4,28,18,30,22.900000000000002,104,1089,1001,1001,104,1089,32.76
2008,4,28,19,30,24.400000000000002,99,1074,1001,1001,99,1074,27.92
2008,4,28,20,30,25.200000000000003,96,988,987,987,96,988,25.02
2008,4,28,21,30,25.200000000000003,90,836,957,957,90,836,23.93
2008,4,28,22,30,24.400000000000002,82,627,895,895,82,627,24.42
2008,4,28,23,30,22.900000000000002,68,386,786,786,68,386,26.490000000000002
2008,4,29,0,30,20.5,45,141,537,537,45,141,30.970000000000002
2008,4,29,1,30,18.2,0,0,0,0,0,0,36.77
2008,4,29,2,30,16.5,0,0,0,0,0,0,42.910000000000004
2008,4,29,3,30,15.100000000000001,0,0,0,0,0,0,48.79
2008,4,29,4,30,14,0,0,0,0,0,0,53.410000000000004
2008,4,29,5,30,13,0,0,0,0,0,0,56.910000000000004
2008,4,29,6,30,12.200000000000001,0,0,0,0,0,0,59.480000000000004
2008,4,29,7,30,11.5,0,0,0,0,0,0,62.54
2008,4,29,8,30,10.9,0,0,0,0,0,0,67.11
2008,4,29,9,30,10.5,0,0,0,0,0,0,72.43
2008,4,29,10,30,10.200000000000001,0,0,0,0,0,0,77.74
2008,4,29,11,30,10,0,0,0,0,0,0,81.69
2008,4,29,12,30,11.5,14,18,149,149,14,18,75.51
2008,4,29,13,30,15.200000000000001,54,223,657,657,54,223,59.910000000000004
2008,4,29,14,30,19.6,73,471,834,834,73,471,44.52
2008,4,29,15,30,23.3,86,705,922,922,86,705,33.69
2008,4,29,16,30,25.900000000000002,93,896,970,970,93,896,26.02
2008,4,29,17,30,28,97,1031,999,999,97,1031,19.93
2008,4,29,18,30,29.5,99,1093,1009,1009,99,1093,15.91
2008,4,29,19,30,30.5,98,1081,1009,1009,98,1081,13.22
2008,4,29,20,30,30.900000000000002,94,995,995,781,261,967,11.51
2008,4,29,21,30,30.700000000000003,101,837,943,943,101,837,10.61
2008,4,29,22,30,29.900000000000002,97,628,870,870,97,628,10.55
2008,4,29,23,30,28.400000000000002,87,381,727,727,87,381,11.32
2008,4,30,0,30,25.700000000000003,56,136,443,0,3,3,13.870000000000001
2008,4,30,1,30,23.1,0,0,0,0,0,0,17.98
2008,4,30,2,30,21.400000000000002,0,0,0,0,0,0,21.19
2008,4,30,3,30,19.700000000000003,0,0,0,0,0,0,24.650000000000002
2008,4,30,4,30,17.900000000000002,0,0,0,0,0,0,28.84
2008,4,30,5,30,16.3,0,0,0,0,0,0,33.5
2008,4,30,6,30,14.9,0,0,0,0,0,0,38.26
2008,4,30,7,30,13.9,0,0,0,0,0,0,42.230000000000004
2008,4,30,8,30,12.9,0,0,0,0,0,0,45.660000000000004
2008,4,30,9,30,12.100000000000001,0,0,0,0,0,0,47.57
2008,4,30,10,30,11.5,0,0,0,0,0,0,47.7
2008,4,30,11,30,11.100000000000001,0,0,0,0,0,0,46.13
2008,4,30,12,30,12.5,15,20,172,172,15,20,38.71
2008,4,30,13,30,16.5,55,233,688,688,55,233,26.59
2008,4,30,14,30,21.1,72,492,875,875,72,492,11.88
2008,4,30,15,30,24.5,82,729,960,960,82,729,6.53
2008,4,30,16,30,26.8,88,923,1007,1007,88,923,5.33
2008,4,30,17,30,28.5,90,1063,1040,1040,90,1063,4.99
2008,4,30,18,30,29.8,93,1126,1048,1048,93,1126,4.9
2008,4,30,19,30,30.400000000000002,89,1114,1051,1051,89,1114,4.95
2008,4,30,20,30,30.5,84,1026,1040,1040,84,1026,5.21
2008,4,30,21,30,30,80,865,1005,1005,80,865,5.67
2008,4,30,22,30,28.8,71,655,956,956,71,655,6.37
2008,4,30,23,30,26.8,60,406,851,851,60,406,7.62
2008,5,1,0,30,23.8,41,152,611,611,41,152,10.07
2008,5,1,1,30,20.8,0,0,0,0,0,0,14.040000000000001
2008,5,1,2,30,18.7,0,0,0,0,0,0,18.76
2008,5,1,3,30,17,0,0,0,0,0,0,23.93
2008,5,1,4,30,15.700000000000001,0,0,0,0,0,0,28.6
2008,5,1,5,30,14.5,0,0,0,0,0,0,32.99
2008,5,1,6,30,13.700000000000001,0,0,0,0,0,0,35.88
2008,5,1,7,30,13,0,0,0,0,0,0,36.42
2008,5,1,8,30,12.5,0,0,0,0,0,0,34.800000000000004
2008,5,1,9,30,12.100000000000001,0,0,0,0,0,0,32.980000000000004
2008,5,1,10,30,11.600000000000001,0,0,0,0,0,0,32.07
2008,5,1,11,30,11.3,0,0,0,0,0,0,31.51
2008,5,1,12,30,12.700000000000001,14,24,276,276,14,24,28.05
2008,5,1,13,30,16.3,46,244,756,302,120,199,21.54
2008,5,1,14,30,19.900000000000002,62,500,910,910,62,500,15.49
2008,5,1,15,30,22.5,72,735,983,983,72,735,13.01
2008,5,1,16,30,24.6,79,934,1029,717,232,827,10.67
2008,5,1,17,30,26.8,82,1066,1050,711,269,935,8.26
2008,5,1,18,30,28.400000000000002,90,1127,1052,391,560,946,6.5200000000000005
2008,5,1,19,30,29.200000000000003,86,1115,1054,1054,86,1115,5.48
2008,5,1,20,30,29.3,82,1035,1051,1051,82,1035,4.95
2008,5,1,21,30,28.8,77,879,1025,748,280,865,4.73
2008,5,1,22,30,27.6,71,666,973,432,307,572,4.78
2008,5,1,23,30,25.6,61,417,873,873,61,417,5.2
2008,5,2,0,30,22.5,42,159,641,641,42,159,6.32
2008,5,2,1,30,19.700000000000003,0,0,0,0,0,0,8.39
2008,5,2,2,30,18.1,0,0,0,0,0,0,10.46
2008,5,2,3,30,16.400000000000002,0,0,0,0,0,0,12.950000000000001
2008,5,2,4,30,14.600000000000001,0,0,0,0,0,0,15.83
2008,5,2,5,30,13.200000000000001,0,0,0,0,0,0,18.69
2008,5,2,6,30,12,0,0,0,0,0,0,22.03
2008,5,2,7,30,10.8,0,0,0,0,0,0,26.25
2008,5,2,8,30,9.700000000000001,0,0,0,0,0,0,30.66
2008,5,2,9,30,8.8,0,0,0,0,0,0,33.54
2008,5,2,10,30,7.9,0,0,0,0,0,0,34.160000000000004
2008,5,2,11,30,7.4,0,0,0,0,0,0,31.93
2008,5,2,12,30,9.3,15,26,286,286,15,26,24.42
2008,5,2,13,30,13.8,48,253,777,777,48,253,15.39
2008,5,2,14,30,19,64,514,932,932,64,514,8.43
2008,5,2,15,30,23,74,754,1005,1005,74,754,3.59
2008,5,2,16,30,25.3,80,950,1046,1046,80,950,3.09
2008,5,2,17,30,27.1,83,1084,1067,1067,83,1084,2.7
2008,5,2,18,30,28.5,82,1147,1079,1079,82,1147,2.2600000000000002
2008,5,2,19,30,29.6,81,1147,1092,1092,81,1147,2
2008,5,2,20,30,30,79,1058,1080,1080,79,1058,2
2008,5,2,21,30,29.900000000000002,81,898,1044,1044,81,898,2
2008,5,2,22,30,29.1,73,683,994,994,73,683,2
2008,5,2,23,30,27.5,61,430,902,902,61,430,2
2008,5,3,0,30,23.6,41,167,683,683,41,167,3.39
2008,5,3,1,30,20,0,0,0,0,0,0,6.1000000000000005
2008,5,3,2,30,17.900000000000002,0,0,0,0,0,0,7.73
2008,5,3,3,30,15.9,0,0,0,0,0,0,10.25
2008,5,3,4,30,14.4,0,0,0,0,0,0,13.01
2008,5,3,5,30,13.100000000000001,0,0,0,0,0,0,15.9
2008,5,3,6,30,12,0,0,0,0,0,0,18.67
2008,5,3,7,30,11.100000000000001,0,0,0,0,0,0,21.900000000000002
2008,5,3,8,30,10.3,0,0,0,0,0,0,25.54
2008,5,3,9,30,9.600000000000001,0,0,0,0,0,0,28.43
2008,5,3,10,30,9,0,0,0,0,0,0,30.14
2008,5,3,11,30,8.9,0,0,0,0,0,0,30.310000000000002
2008,5,3,12,30,11.200000000000001,15,26,281,281,15,26,25.71
2008,5,3,13,30,15.8,49,249,753,753,49,249,18.82
2008,5,3,14,30,21,65,505,908,908,65,505,11.97
2008,5,3,15,30,25.200000000000003,76,741,981,981,76,741,6.72
2008,5,3,16,30,27.6,82,934,1022,1022,82,934,5.66
2008,5,3,17,30,29.200000000000003,87,1066,1044,1044,87,1066,5.12
2008,5,3,18,30,30.200000000000003,93,1127,1047,1047,93,1127,4.72
2008,5,3,19,30,30.700000000000003,91,1114,1047,1047,91,1114,4.43
2008,5,3,20,30,30.8,88,1026,1034,1034,88,1026,4.28
2008,5,3,21,30,30.6,80,867,1004,1004,80,867,4.2700000000000005
2008,5,3,22,30,30,71,658,957,957,71,658,4.44
2008,5,3,23,30,28.5,58,414,866,866,58,414,4.97
2008,5,4,0,30,25,39,159,645,645,39,159,7.19
2008,5,4,1,30,21.8,0,0,0,0,0,0,10.32
2008,5,4,2,30,19.900000000000002,0,0,0,0,0,0,11.35
2008,5,4,3,30,17.900000000000002,0,0,0,0,0,0,13.3
2008,5,4,4,30,16.2,0,0,0,0,0,0,16.32
2008,5,4,5,30,14.9,0,0,0,0,0,0,19.82
2008,5,4,6,30,14,0,0,0,0,0,0,23.12
2008,5,4,7,30,13.200000000000001,0,0,0,0,0,0,27.04
2008,5,4,8,30,12.600000000000001,0,0,0,0,0,0,32.3
2008,5,4,9,30,12.200000000000001,0,0,0,0,0,0,37.49
2008,5,4,10,30,11.9,0,0,0,0,0,0,42.04
2008,5,4,11,30,11.600000000000001,0,0,0,0,0,0,46.13
2008,5,4,12,30,13.5,17,24,178,178,17,24,43.59
2008,5,4,13,30,17.6,62,232,634,634,62,232,37.300000000000004
2008,5,4,14,30,21.700000000000003,85,478,808,808,85,478,30.330000000000002
2008,5,4,15,30,24.900000000000002,98,712,902,902,98,712,16.81
2008,5,4,16,30,27.1,107,901,952,952,107,901,10.25
2008,5,4,17,30,28.8,111,1031,980,980,111,1031,8.2
2008,5,4,18,30,30,114,1092,989,989,114,1092,7.83
2008,5,4,19,30,31,115,1078,985,985,115,1078,7.8500000000000005
2008,5,4,20,30,31.5,114,991,965,965,114,991,8.06
2008,5,4,21,30,31.5,121,832,907,907,121,832,8.32
2008,5,4,22,30,30.700000000000003,111,623,834,834,111,623,8.8
2008,5,4,23,30,29.1,94,383,703,703,94,383,9.63
2008,5,5,0,30,25.8,61,141,429,429,61,141,11.72
2008,5,5,1,30,22.6,0,0,0,0,0,0,14.77
2008,5,5,2,30,21.1,0,0,0,0,0,0,16.17
2008,5,5,3,30,19.700000000000003,0,0,0,0,0,0,17.92
2008,5,5,4,30,18.3,0,0,0,0,0,0,20.27
2008,5,5,5,30,17,0,0,0,0,0,0,22.89
2008,5,5,6,30,16.1,0,0,0,0,0,0,25.21
2008,5,5,7,30,15.9,0,0,0,0,0,0,27.12
2008,5,5,8,30,15.9,0,0,0,0,0,0,29.47
2008,5,5,9,30,15.4,0,0,0,0,0,0,33.19
2008,5,5,10,30,14.4,0,0,0,0,0,0,37.37
2008,5,5,11,30,13.4,0,0,0,0,0,0,39.89
2008,5,5,12,30,14.8,18,24,129,129,18,24,34.54
2008,5,5,13,30,18.900000000000002,73,228,573,573,73,228,24.73
2008,5,5,14,30,23.3,101,473,763,763,101,473,16.63
2008,5,5,15,30,26.5,118,700,854,854,118,700,11.43
2008,5,5,16,30,28.6,129,887,908,908,129,887,10.3
2008,5,5,17,30,30.200000000000003,137,1017,936,936,137,1017,10.01
2008,5,5,18,30,31.400000000000002,152,1073,931,931,152,1073,9.97
2008,5,5,19,30,32,151,1056,925,925,151,1056,10.16
2008,5,5,20,30,32.2,140,973,917,142,516,645,10.43
2008,5,5,21,30,32,133,822,877,12,385,394,10.700000000000001
2008,5,5,22,30,31.200000000000003,121,617,806,147,315,406,11.09
2008,5,5,23,30,29.700000000000003,99,381,682,279,198,313,11.98
2008,5,6,0,30,26.8,61,142,425,425,61,142,14.18
2008,5,6,1,30,23.900000000000002,0,0,0,0,0,0,17.48
2008,5,6,2,30,22.5,0,0,0,0,0,0,18.72
2008,5,6,3,30,21.400000000000002,0,0,0,0,0,0,20.13
2008,5,6,4,30,20.200000000000003,0,0,0,0,0,0,22.28
2008,5,6,5,30,18.8,0,0,0,0,0,0,25.16
2008,5,6,6,30,17.5,0,0,0,0,0,0,28.09
2008,5,6,7,30,16.400000000000002,0,0,0,0,0,0,31.150000000000002
2008,5,6,8,30,15.5,0,0,0,0,0,0,34.86
2008,5,6,9,30,14.700000000000001,0,0,0,0,0,0,40.050000000000004
2008,5,6,10,30,14.100000000000001,0,0,0,0,0,0,46.62
2008,5,6,11,30,14,0,0,0,0,0,0,52.78
2008,5,6,12,30,15.5,19,22,82,82,19,22,51.97
2008,5,6,13,30,18.5,86,217,482,482,86,217,48.83
2008,5,6,14,30,21.900000000000002,120,456,685,685,120,456,43.89
2008,5,6,15,30,24.900000000000002,139,681,795,795,139,681,31.64
2008,5,6,16,30,27.200000000000003,151,869,859,859,151,869,24.04
2008,5,6,17,30,29.1,161,998,890,890,161,998,19.78
2008,5,6,18,30,30.5,188,1053,874,874,188,1053,17.09
2008,5,6,19,30,31.5,180,1042,880,880,180,1042,15.26
2008,5,6,20,30,32,173,960,865,575,405,928,13.98
2008,5,6,21,30,31.8,198,796,762,8,380,386,13.4
2008,5,6,22,30,31,168,595,692,692,168,595,13.56
2008,5,6,23,30,29.3,125,367,584,324,203,336,14.77
2008,5,7,0,30,26.8,70,136,350,114,108,129,17.39
2008,5,7,1,30,24,0,0,0,0,0,0,21.75
2008,5,7,2,30,21.8,0,0,0,0,0,0,26.57
2008,5,7,3,30,20.200000000000003,0,0,0,0,0,0,30.75
2008,5,7,4,30,18.7,0,0,0,0,0,0,34.79
2008,5,7,5,30,17.2,0,0,0,0,0,0,39.19
2008,5,7,6,30,16.1,0,0,0,0,0,0,42.65
2008,5,7,7,30,15.200000000000001,0,0,0,0,0,0,45.09
2008,5,7,8,30,14.5,0,0,0,0,0,0,46.82
2008,5,7,9,30,14,0,0,0,0,0,0,47.85
2008,5,7,10,30,13.700000000000001,0,0,0,0,0,0,47.92
2008,5,7,11,30,13.700000000000001,0,0,0,0,0,0,46.85
2008,5,7,12,30,14.600000000000001,18,30,267,5,23,23,43.24
2008,5,7,13,30,17.3,53,246,704,1,50,51,35.29
2008,5,7,14,30,20.6,72,493,857,62,234,265,25.75
2008,5,7,15,30,23.200000000000003,85,719,927,216,334,482,20.3
2008,5,7,16,30,25.3,94,905,969,517,319,752,17.47
2008,5,7,17,30,27.1,101,1030,987,714,240,913,15.43
2008,5,7,18,30,28,116,1085,978,839,202,1033,14.41
2008,5,7,19,30,28.1,118,1071,973,231,481,708,14.3
2008,5,7,20,30,27.700000000000003,114,985,957,49,460,504,14.8
2008,5,7,21,30,27,97,838,942,92,403,475,15.77
2008,5,7,22,30,26,88,634,885,885,88,634,17.11
2008,5,7,23,30,24.700000000000003,72,394,776,776,72,394,18.93
2008,5,8,0,30,22.8,47,152,547,547,47,152,21.990000000000002
2008,5,8,1,30,20.900000000000002,0,0,0,0,0,0,25.98
2008,5,8,2,30,19.3,0,0,0,0,0,0,29.78
2008,5,8,3,30,17.7,0,0,0,0,0,0,33.78
2008,5,8,4,30,16.6,0,0,0,0,0,0,36.980000000000004
2008,5,8,5,30,15.8,0,0,0,0,0,0,39.54
2008,5,8,6,30,15.100000000000001,0,0,0,0,0,0,41.83
2008,5,8,7,30,14.4,0,0,0,0,0,0,43.92
2008,5,8,8,30,13.700000000000001,0,0,0,0,0,0,45.77
2008,5,8,9,30,13,0,0,0,0,0,0,47.02
2008,5,8,10,30,12.4,0,0,0,0,0,0,47.1
2008,5,8,11,30,12.3,0,0,0,0,0,0,45.14
2008,5,8,12,30,14.3,18,32,268,4,24,24,37.53
2008,5,8,13,30,18.5,52,251,721,140,136,175,27.2
2008,5,8,14,30,22.900000000000002,69,501,878,224,278,388,16.28
2008,5,8,15,30,26.400000000000002,80,732,953,953,80,732,9.81
2008,5,8,16,30,28.700000000000003,88,921,994,994,88,921,8.38
2008,5,8,17,30,30.6,92,1050,1017,1017,92,1050,7.140000000000001
2008,5,8,18,30,32.1,104,1107,1012,1012,104,1107,6.09
2008,5,8,19,30,33,102,1094,1013,1013,102,1094,5.41
2008,5,8,20,30,33.5,97,1008,1001,1001,97,1008,5.05
2008,5,8,21,30,33.4,86,858,980,980,86,858,5.0200000000000005
2008,5,8,22,30,32.7,76,649,926,926,76,649,5.33
2008,5,8,23,30,31.200000000000003,63,409,832,832,63,409,6.21
2008,5,9,0,30,27.700000000000003,42,160,611,611,42,160,8.790000000000001
2008,5,9,1,30,24.1,0,0,0,0,0,0,13.86
2008,5,9,2,30,21.900000000000002,0,0,0,0,0,0,19.32
2008,5,9,3,30,20.200000000000003,0,0,0,0,0,0,24.22
2008,5,9,4,30,18.7,0,0,0,0,0,0,28.5
2008,5,9,5,30,17.5,0,0,0,0,0,0,31.7
2008,5,9,6,30,16.3,0,0,0,0,0,0,34.42
2008,5,9,7,30,15.4,0,0,0,0,0,0,36.19
2008,5,9,8,30,14.5,0,0,0,0,0,0,37.59
2008,5,9,9,30,13.8,0,0,0,0,0,0,38.03
2008,5,9,10,30,13.3,0,0,0,0,0,0,37.300000000000004
2008,5,9,11,30,13.200000000000001,0,0,0,0,0,0,35.04
2008,5,9,12,30,15.4,18,32,265,265,18,32,28.05
2008,5,9,13,30,19.900000000000002,55,249,697,697,55,249,19.36
2008,5,9,14,30,24.5,74,497,855,855,74,497,11.42
2008,5,9,15,30,28.200000000000003,88,727,932,932,88,727,6.890000000000001
2008,5,9,16,30,30.700000000000003,96,914,975,975,96,914,6.17
2008,5,9,17,30,32.5,102,1043,998,998,102,1043,5.91
2008,5,9,18,30,33.800000000000004,100,1104,1013,748,307,1049,5.76
2008,5,9,19,30,34.5,100,1087,1006,580,310,878,5.74
2008,5,9,20,30,34.800000000000004,98,1000,990,990,98,1000,5.73
2008,5,9,21,30,34.5,93,849,960,708,282,839,5.87
2008,5,9,22,30,33.7,86,644,901,901,86,644,6.140000000000001
2008,5,9,23,30,32.2,77,402,780,239,226,326,6.72
2008,5,10,0,30,29.5,52,156,533,533,52,156,8.57
2008,5,10,1,30,26.3,0,0,0,0,0,0,11.48
2008,5,10,2,30,24.1,0,0,0,0,0,0,13.030000000000001
2008,5,10,3,30,22.1,0,0,0,0,0,0,15.11
2008,5,10,4,30,20.400000000000002,0,0,0,0,0,0,17.25
2008,5,10,5,30,19,0,0,0,0,0,0,18.89
2008,5,10,6,30,17.900000000000002,0,0,0,0,0,0,19.650000000000002
2008,5,10,7,30,17.2,0,0,0,0,0,0,19.240000000000002
2008,5,10,8,30,16.8,0,0,0,0,0,0,18.04
2008,5,10,9,30,16.400000000000002,0,0,0,0,0,0,16.94
2008,5,10,10,30,15.8,0,0,0,0,0,0,16.3
2008,5,10,11,30,15.3,0,0,0,0,0,0,15.8
2008,5,10,12,30,16.7,21,32,199,3,24,25,13.85
2008,5,10,13,30,20.200000000000003,68,243,627,627,68,243,10.78
2008,5,10,14,30,24.200000000000003,97,489,792,402,218,417,10.89
2008,5,10,15,30,27.6,116,717,876,876,116,717,10.540000000000001
2008,5,10,16,30,29.900000000000002,128,904,924,924,128,904,9.02
2008,5,10,17,30,31.6,135,1032,951,951,135,1032,8.05
2008,5,10,18,30,32.6,142,1091,957,957,142,1091,7.65
2008,5,10,19,30,33.1,137,1073,954,954,137,1073,7.54
2008,5,10,20,30,33.1,131,988,940,296,424,694,7.58
2008,5,10,21,30,32.800000000000004,119,839,913,408,341,663,7.71
2008,5,10,22,30,32,109,634,847,253,305,462,8.07
2008,5,10,23,30,30.5,91,393,723,303,219,346,8.88
2008,5,11,0,30,27.700000000000003,59,152,476,214,101,143,11.18
2008,5,11,1,30,25,0,0,0,0,0,0,14.370000000000001
2008,5,11,2,30,23.200000000000003,0,0,0,0,0,0,16.51
2008,5,11,3,30,21.700000000000003,0,0,0,0,0,0,18.21
2008,5,11,4,30,20.400000000000002,0,0,0,0,0,0,19.6
2008,5,11,5,30,19.1,0,0,0,0,0,0,21.1
2008,5,11,6,30,17.900000000000002,0,0,0,0,0,0,22.79
2008,5,11,7,30,17,0,0,0,0,0,0,24.52
2008,5,11,8,30,16.3,0,0,0,0,0,0,26.62
2008,5,11,9,30,15.8,0,0,0,0,0,0,29.11
2008,5,11,10,30,15.5,0,0,0,0,0,0,31.44
2008,5,11,11,30,15.4,0,0,0,0,0,0,33.01
2008,5,11,12,30,17.3,22,29,114,114,22,29,30.03
2008,5,11,13,30,21.200000000000003,84,227,508,508,84,227,24.39
2008,5,11,14,30,25.1,114,466,710,710,114,466,29.91
2008,5,11,15,30,28.1,131,691,815,815,131,691,25.51
2008,5,11,16,30,30.3,140,878,878,878,140,878,20.43
2008,5,11,17,30,32.1,145,1008,914,914,145,1008,16.82
2008,5,11,18,30,33.4,163,1062,906,906,163,1062,14.38
2008,5,11,19,30,34.1,163,1048,902,902,163,1048,12.8
2008,5,11,20,30,34.4,168,959,868,4,423,427,11.77
2008,5,11,21,30,34.1,177,805,795,104,401,483,11.41
2008,5,11,22,30,33.300000000000004,167,599,695,2,150,152,11.73
2008,5,11,23,30,31.900000000000002,138,368,548,170,250,322,12.700000000000001
2008,5,12,0,30,29.400000000000002,83,136,268,268,83,136,15.05
2008,5,12,1,30,26.8,0,0,0,0,0,0,18.84
2008,5,12,2,30,25.3,0,0,0,0,0,0,21.22
2008,5,12,3,30,24.400000000000002,0,0,0,0,0,0,24.38
2008,5,12,4,30,23.6,0,0,0,0,0,0,29.04
2008,5,12,5,30,22.6,0,0,0,0,0,0,36.01
2008,5,12,6,30,21.400000000000002,0,0,0,0,0,0,44.67
2008,5,12,7,30,20.1,0,0,0,0,0,0,55.29
2008,5,12,8,30,19,0,0,0,0,0,0,64.32000000000001
2008,5,12,9,30,18.2,0,0,0,0,0,0,70.23
2008,5,12,10,30,17.6,0,0,0,0,0,0,73.71000000000001
2008,5,12,11,30,17.2,0,0,0,0,0,0,75.48
2008,5,12,12,30,18.2,22,26,68,68,22,26,70.53
2008,5,12,13,30,21.200000000000003,103,217,405,405,103,217,57.1
2008,5,12,14,30,24.700000000000003,148,451,608,608,148,451,40.02
2008,5,12,15,30,27.8,177,671,718,718,177,671,28.150000000000002
2008,5,12,16,30,30.200000000000003,195,853,782,782,195,853,21.73
2008,5,12,17,30,32,204,981,823,823,204,981,17.77
2008,5,12,18,30,33.2,224,1037,819,819,224,1037,15.42
2008,5,12,19,30,33.9,220,1025,819,575,432,997,13.91
2008,5,12,20,30,34.1,214,943,798,115,492,598,12.81
2008,5,12,21,30,33.800000000000004,201,795,751,0,78,79,12.13
2008,5,12,22,30,32.800000000000004,179,596,669,403,272,523,12.1
2008,5,12,23,30,31.3,139,368,544,207,247,334,12.8
2008,5,13,0,30,28.700000000000003,80,139,296,7,106,108,15.01
2008,5,13,1,30,26,0,0,0,0,0,0,19
2008,5,13,2,30,24.200000000000003,0,0,0,0,0,0,22.67
2008,5,13,3,30,22.5,0,0,0,0,0,0,27.060000000000002
2008,5,13,4,30,21,0,0,0,0,0,0,32.14
2008,5,13,5,30,19.8,0,0,0,0,0,0,36.87
2008,5,13,6,30,18.6,0,0,0,0,0,0,41.730000000000004
2008,5,13,7,30,17.6,0,0,0,0,0,0,46.62
2008,5,13,8,30,16.6,0,0,0,0,0,0,52.11
2008,5,13,9,30,15.8,0,0,0,0,0,0,57.050000000000004
2008,5,13,10,30,15.200000000000001,0,0,0,0,0,0,60.95
2008,5,13,11,30,14.9,0,0,0,0,0,0,63.1
2008,5,13,12,30,16.6,23,32,144,144,23,32,56.980000000000004
2008,5,13,13,30,20.6,82,233,532,532,82,233,44.07
2008,5,13,14,30,24.6,118,468,701,701,118,468,26.8
2008,5,13,15,30,27.200000000000003,143,690,794,794,143,690,20.45
2008,5,13,16,30,29.200000000000003,159,872,848,848,159,872,18.02
2008,5,13,17,30,30.900000000000002,171,997,873,873,171,997,16.41
2008,5,13,18,30,32,190,1048,864,864,190,1048,15.35
2008,5,13,19,30,32.7,201,1031,844,844,201,1031,14.56
2008,5,13,20,30,32.7,202,942,810,26,473,497,14.5
2008,5,13,21,30,32.2,188,792,765,1,165,166,15.05
2008,5,13,22,30,31,172,591,673,0,26,26,16.45
2008,5,13,23,30,29.3,142,362,522,138,253,312,18.7
2008,5,14,0,30,27.1,86,134,243,243,86,134,22.11
2008,5,14,1,30,25.1,0,0,0,0,0,0,26.37
2008,5,14,2,30,23.8,0,0,0,0,0,0,29.47
2008,5,14,3,30,22.6,0,0,0,0,0,0,31.87
2008,5,14,4,30,21.3,0,0,0,0,0,0,34.88
2008,5,14,5,30,20.200000000000003,0,0,0,0,0,0,38.660000000000004
2008,5,14,6,30,19,0,0,0,0,0,0,44.28
2008,5,14,7,30,17.900000000000002,0,0,0,0,0,0,50.870000000000005
2008,5,14,8,30,16.900000000000002,0,0,0,0,0,0,57.89
2008,5,14,9,30,16.1,0,0,0,0,0,0,64.28
2008,5,14,10,30,15.4,0,0,0,0,0,0,69.49
2008,5,14,11,30,15.100000000000001,0,0,0,0,0,0,71.28
2008,5,14,12,30,16.2,24,30,97,0,19,19,65.36
2008,5,14,13,30,19.6,93,230,480,6,138,140,48.31
2008,5,14,14,30,23.200000000000003,126,467,682,682,126,467,29.240000000000002
2008,5,14,15,30,26,145,688,786,786,145,688,23.45
2008,5,14,16,30,28.3,157,871,848,558,307,777,20.47
2008,5,14,17,30,30,167,993,874,352,527,860,18.580000000000002
2008,5,14,18,30,31.3,169,1052,889,1,207,208,17.080000000000002
2008,5,14,19,30,31.6,182,1031,864,456,417,865,16.37
2008,5,14,20,30,31,181,942,833,366,425,759,17.16
2008,5,14,21,30,29.900000000000002,157,797,809,489,341,728,19.330000000000002
2008,5,14,22,30,28.400000000000002,137,600,742,518,246,569,22.38
2008,5,14,23,30,26.900000000000002,108,375,630,142,210,270,25.580000000000002
2008,5,15,0,30,25.3,68,146,385,65,114,127,29.060000000000002
2008,5,15,1,30,24,0,0,0,0,0,0,32.94
2008,5,15,2,30,23.1,0,0,0,0,0,0,36.910000000000004
2008,5,15,3,30,22.1,0,0,0,0,0,0,41.19
2008,5,15,4,30,20.8,0,0,0,0,0,0,46.29
2008,5,15,5,30,19.5,0,0,0,0,0,0,52.18
2008,5,15,6,30,18.7,0,0,0,0,0,0,57.34
2008,5,15,7,30,18,0,0,0,0,0,0,61.93
2008,5,15,8,30,17.3,0,0,0,0,0,0,66.34
2008,5,15,9,30,16.7,0,0,0,0,0,0,69.79
2008,5,15,10,30,16.1,0,0,0,0,0,0,72.81
2008,5,15,11,30,15.700000000000001,0,0,0,0,0,0,73.63
2008,5,15,12,30,15.5,25,30,88,0,11,11,72.04
2008,5,15,13,30,15.700000000000001,98,224,441,3,120,120,65.58
2008,5,15,14,30,16.400000000000002,132,457,648,3,200,202,58.54
2008,5,15,15,30,17.7,152,677,760,0,96,96,52.34
2008,5,15,16,30,18.900000000000002,171,853,810,0,93,93,48
2008,5,15,17,30,19.6,183,976,838,0,85,85,46.24
2008,5,15,18,30,20.200000000000003,164,1042,883,0,151,152,44.76
2008,5,15,19,30,21,142,1038,911,1,234,235,42.33
2008,5,15,20,30,21.700000000000003,127,961,912,13,380,392,39.54
2008,5,15,21,30,22.200000000000003,114,816,886,0,190,190,37.26
2008,5,15,22,30,22.5,97,622,842,403,299,551,35.85
2008,5,15,23,30,22.200000000000003,77,395,750,73,242,273,35.94
2008,5,16,0,30,20.3,51,159,529,529,51,159,41.93
2008,5,16,1,30,18.3,0,0,0,0,0,0,53.480000000000004
2008,5,16,2,30,17.3,0,0,0,0,0,0,57.17
2008,5,16,3,30,16.5,0,0,0,0,0,0,62.13
2008,5,16,4,30,15.8,0,0,0,0,0,0,66.47
2008,5,16,5,30,15.100000000000001,0,0,0,0,0,0,70.53
2008,5,16,6,30,14.5,0,0,0,0,0,0,74.11
2008,5,16,7,30,13.9,0,0,0,0,0,0,77.84
2008,5,16,8,30,13.200000000000001,0,0,0,0,0,0,82.29
2008,5,16,9,30,12.700000000000001,0,0,0,0,0,0,85.89
2008,5,16,10,30,12.200000000000001,0,0,0,0,0,0,89.25
2008,5,16,11,30,12,0,0,0,0,0,0,90.57000000000001
2008,5,16,12,30,13.8,24,37,213,213,24,37,80.64
2008,5,16,13,30,17.1,66,246,624,624,66,246,65.8
2008,5,16,14,30,20.1,88,485,790,790,88,485,52.26
2008,5,16,15,30,22.6,99,708,881,881,99,708,40.53
2008,5,16,16,30,24.700000000000003,104,891,933,933,104,891,32.47
2008,5,16,17,30,26.400000000000002,109,1017,960,960,109,1017,27.34
2008,5,16,18,30,27.6,126,1071,951,951,126,1071,24.64
2008,5,16,19,30,28.200000000000003,128,1057,945,945,128,1057,23.67
2008,5,16,20,30,28.200000000000003,125,969,923,923,125,969,23.76
2008,5,16,21,30,27.8,110,825,902,902,110,825,24.25
2008,5,16,22,30,26.700000000000003,91,628,858,858,91,628,25.76
2008,5,16,23,30,25.1,70,399,772,772,70,399,28.26
2008,5,17,0,30,22.8,46,164,574,18,90,94,32.81
2008,5,17,1,30,20.400000000000002,0,0,0,0,0,0,40.12
2008,5,17,2,30,18.7,0,0,0,0,0,0,46.94
2008,5,17,3,30,17.1,0,0,0,0,0,0,54.08
2008,5,17,4,30,15.700000000000001,0,0,0,0,0,0,61.99
2008,5,17,5,30,14.600000000000001,0,0,0,0,0,0,68.63
2008,5,17,6,30,13.700000000000001,0,0,0,0,0,0,75.03
2008,5,17,7,30,12.9,0,0,0,0,0,0,80.61
2008,5,17,8,30,12.3,0,0,0,0,0,0,84.2
2008,5,17,9,30,11.700000000000001,0,0,0,0,0,0,87.57000000000001
2008,5,17,10,30,11.4,0,0,0,0,0,0,89.09
2008,5,17,11,30,11.4,0,0,0,0,0,0,88.97
2008,5,17,12,30,12.3,27,34,108,108,27,34,83.69
2008,5,17,13,30,14.4,90,237,511,511,90,237,71.28
2008,5,17,14,30,17.5,108,481,742,742,108,481,55.64
2008,5,17,15,30,20.700000000000003,114,710,862,862,114,710,40.43
2008,5,17,16,30,23.400000000000002,116,896,925,925,116,896,30.19
2008,5,17,17,30,25.5,107,1029,974,974,107,1029,23.95
2008,5,17,18,30,27.200000000000003,101,1094,999,999,101,1094,19.66
2008,5,17,19,30,28.1,92,1082,1007,1007,92,1082,17.01
2008,5,17,20,30,28.5,86,1002,1001,1001,86,1002,15.42
2008,5,17,21,30,28.3,79,854,977,741,258,845,14.61
2008,5,17,22,30,27.400000000000002,73,652,925,36,318,340,14.71
2008,5,17,23,30,25.8,63,416,826,206,199,287,16.16
2008,5,18,0,30,22.700000000000003,45,171,606,606,45,171,20.6
2008,5,18,1,30,19.3,0,0,0,0,0,0,30.92
2008,5,18,2,30,17.1,0,0,0,0,0,0,39.99
2008,5,18,3,30,15.700000000000001,0,0,0,0,0,0,45.97
2008,5,18,4,30,14.600000000000001,0,0,0,0,0,0,50.58
2008,5,18,5,30,13.5,0,0,0,0,0,0,55.84
2008,5,18,6,30,12.5,0,0,0,0,0,0,61.31
2008,5,18,7,30,11.700000000000001,0,0,0,0,0,0,66.16
2008,5,18,8,30,10.9,0,0,0,0,0,0,70.2
2008,5,18,9,30,10.3,0,0,0,0,0,0,73.09
2008,5,18,10,30,9.8,0,0,0,0,0,0,75.24
2008,5,18,11,30,9.8,0,0,0,0,0,0,74.45
2008,5,18,12,30,11.700000000000001,22,43,303,303,22,43,64.84
2008,5,18,13,30,15,56,260,705,705,56,260,51.64
2008,5,18,14,30,18,73,502,853,853,73,502,42.62
2008,5,18,15,30,20.6,84,726,927,927,84,726,34.86
2008,5,18,16,30,22.700000000000003,92,909,969,969,92,909,28.11
2008,5,18,17,30,24.3,97,1035,990,990,97,1035,23.71
2008,5,18,18,30,25.6,99,1094,1001,1001,99,1094,20.85
2008,5,18,19,30,26.400000000000002,100,1081,996,996,100,1081,19.04
2008,5,18,20,30,26.900000000000002,100,992,975,975,100,992,17.68
2008,5,18,21,30,26.8,102,841,931,931,102,841,17.14
2008,5,18,22,30,26.1,95,639,866,96,302,362,17.66
2008,5,18,23,30,24.8,81,405,758,758,81,405,19.3
2008,5,19,0,30,22.6,55,165,526,51,115,125,22.740000000000002
2008,5,19,1,30,20.200000000000003,0,0,0,0,0,0,29.04
2008,5,19,2,30,18.5,0,0,0,0,0,0,33.57
2008,5,19,3,30,17.3,0,0,0,0,0,0,37.13
2008,5,19,4,30,16.2,0,0,0,0,0,0,40.85
2008,5,19,5,30,15.3,0,0,0,0,0,0,44.36
2008,5,19,6,30,14.5,0,0,0,0,0,0,47.7
2008,5,19,7,30,13.8,0,0,0,0,0,0,50.95
2008,5,19,8,30,13.3,0,0,0,0,0,0,53.38
2008,5,19,9,30,12.700000000000001,0,0,0,0,0,0,56.59
2008,5,19,10,30,12.200000000000001,0,0,0,0,0,0,59.03
2008,5,19,11,30,12.200000000000001,0,0,0,0,0,0,59.17
2008,5,19,12,30,13.8,26,39,190,190,26,39,54.17
2008,5,19,13,30,16.8,74,245,590,0,9,9,45.26
2008,5,19,14,30,19.900000000000002,98,484,766,425,210,424,37.45
2008,5,19,15,30,22.1,110,705,858,429,335,633,31.96
2008,5,19,16,30,23.700000000000003,120,886,907,907,120,886,28.87
2008,5,19,17,30,24.700000000000003,124,1011,937,937,124,1011,27.310000000000002
2008,5,19,18,30,25.6,144,1063,924,924,144,1063,25.8
2008,5,19,19,30,26.1,141,1051,924,1,195,196,24.560000000000002
2008,5,19,20,30,26.200000000000003,136,968,909,484,368,811,23.71
2008,5,19,21,30,25.8,117,823,889,271,366,581,23.96
2008,5,19,22,30,24.8,105,624,827,354,279,501,25.740000000000002
2008,5,19,23,30,23.400000000000002,88,395,714,80,209,243,28.830000000000002
2008,5,20,0,30,21.6,61,159,467,57,105,117,33.72
2008,5,20,1,30,20,0,0,0,0,0,0,43.160000000000004
2008,5,20,2,30,18.7,0,0,0,0,0,0,48.76
2008,5,20,3,30,17.6,0,0,0,0,0,0,53.6
2008,5,20,4,30,16.400000000000002,0,0,0,0,0,0,60.31
2008,5,20,5,30,15.3,0,0,0,0,0,0,64.95
2008,5,20,6,30,14.5,0,0,0,0,0,0,68.34
2008,5,20,7,30,13.700000000000001,0,0,0,0,0,0,71.7
2008,5,20,8,30,13,0,0,0,0,0,0,74.61
2008,5,20,9,30,12.4,0,0,0,0,0,0,76.71000000000001
2008,5,20,10,30,12,0,0,0,0,0,0,77.71000000000001
2008,5,20,11,30,11.9,0,0,0,0,0,0,77.17
2008,5,20,12,30,13.600000000000001,23,43,281,281,23,43,68.89
2008,5,20,13,30,17.2,58,255,678,678,58,255,54.75
2008,5,20,14,30,20.5,76,495,830,830,76,495,39.85
2008,5,20,15,30,22.6,88,717,907,907,88,717,31.55
2008,5,20,16,30,24.200000000000003,97,898,949,949,97,898,27.14
2008,5,20,17,30,25.5,103,1025,974,974,103,1025,24.17
2008,5,20,18,30,26.6,107,1080,978,978,107,1080,21.77
2008,5,20,19,30,27.3,108,1067,974,974,108,1067,20.16
2008,5,20,20,30,27.6,108,983,955,955,108,983,19.11
2008,5,20,21,30,27.400000000000002,105,834,917,166,465,597,18.62
2008,5,20,22,30,26.700000000000003,96,634,854,854,96,634,19.03
2008,5,20,23,30,25.400000000000002,80,403,752,385,204,369,20.490000000000002
2008,5,21,0,30,23.1,53,167,540,262,100,155,23.72
2008,5,21,1,30,20.6,0,0,0,0,0,0,35.18
2008,5,21,2,30,19.1,0,0,0,0,0,0,38.97
2008,5,21,3,30,18.2,0,0,0,0,0,0,40.67
2008,5,21,4,30,17.5,0,0,0,0,0,0,42.800000000000004
2008,5,21,5,30,17.1,0,0,0,0,0,0,42.9
2008,5,21,6,30,16.400000000000002,0,0,0,0,0,0,44.45
2008,5,21,7,30,15.200000000000001,0,0,0,0,0,0,48.76
2008,5,21,8,30,13.9,0,0,0,0,0,0,53.19
2008,5,21,9,30,12.9,0,0,0,0,0,0,58.22
2008,5,21,10,30,12.3,0,0,0,0,0,0,63.690000000000005
2008,5,21,11,30,12,0,0,0,0,0,0,68.63
2008,5,21,12,30,13.3,24,44,287,287,24,44,65.49
2008,5,21,13,30,17,57,260,694,694,57,260,51.54
2008,5,21,14,30,21.700000000000003,75,505,852,852,75,505,32.8
2008,5,21,15,30,24.900000000000002,86,730,928,928,86,730,19.61
2008,5,21,16,30,26.700000000000003,94,913,970,970,94,913,15.84
2008,5,21,17,30,28.1,99,1040,993,993,99,1040,13.91
2008,5,21,18,30,29.200000000000003,104,1097,997,997,104,1097,12.63
2008,5,21,19,30,29.900000000000002,104,1080,991,991,104,1080,11.84
2008,5,21,20,30,30.200000000000003,103,996,975,975,103,996,11.42
2008,5,21,21,30,29.900000000000002,100,845,937,582,335,798,11.52
2008,5,21,22,30,29.1,94,641,868,619,209,599,12.33
2008,5,21,23,30,27.3,84,405,746,746,84,405,14.85
2008,5,22,0,30,24.5,59,165,498,200,76,118,20.42
2008,5,22,1,30,21.5,0,0,0,0,0,0,30.32
2008,5,22,2,30,19.3,0,0,0,0,0,0,38.62
2008,5,22,3,30,17.7,0,0,0,0,0,0,44.78
2008,5,22,4,30,16.5,0,0,0,0,0,0,49.19
2008,5,22,5,30,15.200000000000001,0,0,0,0,0,0,54.4
2008,5,22,6,30,13.9,0,0,0,0,0,0,60.56
2008,5,22,7,30,12.700000000000001,0,0,0,0,0,0,67.37
2008,5,22,8,30,11.9,0,0,0,0,0,0,72.42
2008,5,22,9,30,11.3,0,0,0,0,0,0,75.73
2008,5,22,10,30,10.8,0,0,0,0,0,0,77.78
2008,5,22,11,30,10.4,0,0,0,0,0,0,77.9
2008,5,22,12,30,11.5,25,44,276,276,25,44,69.62
2008,5,22,13,30,14.600000000000001,58,261,691,691,58,261,51.67
2008,5,22,14,30,18.5,74,507,855,855,74,507,34.18
2008,5,22,15,30,22.1,83,732,934,934,83,732,24.41
2008,5,22,16,30,24.900000000000002,88,919,984,984,88,919,19.1
2008,5,22,17,30,27,91,1050,1012,1012,91,1050,15.610000000000001
2008,5,22,18,30,28.3,94,1109,1020,1020,94,1109,13.21
2008,5,22,19,30,28.8,93,1097,1018,1018,93,1097,12.030000000000001
2008,5,22,20,30,28.8,91,1012,1005,1005,91,1012,11.700000000000001
2008,5,22,21,30,28.1,86,863,975,975,86,863,12.31
2008,5,22,22,30,26.8,80,658,917,917,80,658,14.22
2008,5,22,23,30,24.900000000000002,68,421,816,816,68,421,17.59
2008,5,23,0,30,22.1,47,179,615,615,47,179,23.13
2008,5,23,1,30,19.3,0,0,0,0,0,0,30.68
2008,5,23,2,30,17.3,0,0,0,0,0,0,38.45
2008,5,23,3,30,15.600000000000001,0,0,0,0,0,0,47.12
2008,5,23,4,30,14.100000000000001,0,0,0,0,0,0,57.15
2008,5,23,5,30,12.600000000000001,0,0,0,0,0,0,67.74
2008,5,23,6,30,11.4,0,0,0,0,0,0,75.82000000000001
2008,5,23,7,30,10.5,0,0,0,0,0,0,80.28
2008,5,23,8,30,9.700000000000001,0,0,0,0,0,0,82.7
2008,5,23,9,30,9,0,0,0,0,0,0,83.72
2008,5,23,10,30,8.5,0,0,0,0,0,0,83.31
2008,5,23,11,30,8.200000000000001,0,0,0,0,0,0,81.33
2008,5,23,12,30,9.700000000000001,23,50,376,376,23,50,70.23
2008,5,23,13,30,13.600000000000001,51,278,771,771,51,278,50.11
2008,5,23,14,30,18.5,66,527,910,910,66,527,31.59
2008,5,23,15,30,22.700000000000003,75,755,979,979,75,755,20.12
2008,5,23,16,30,25.6,81,935,1011,1011,81,935,14.73
2008,5,23,17,30,27.700000000000003,85,1063,1031,1031,85,1063,11.94
2008,5,23,18,30,29.200000000000003,86,1122,1041,1041,86,1122,10.31
2008,5,23,19,30,30.1,86,1109,1039,1039,86,1109,9.47
2008,5,23,20,30,30.5,83,1019,1020,1020,83,1019,9.1
2008,5,23,21,30,30.400000000000002,77,871,997,997,77,871,9.040000000000001
2008,5,23,22,30,29.6,70,670,949,949,70,670,9.36
2008,5,23,23,30,28.1,60,431,855,855,60,431,10.26
2008,5,24,0,30,24.6,43,186,659,659,43,186,13.26
2008,5,24,1,30,21.1,0,0,0,0,0,0,20.900000000000002
2008,5,24,2,30,19.6,0,0,0,0,0,0,23.19
2008,5,24,3,30,18.3,0,0,0,0,0,0,27.23
2008,5,24,4,30,16.8,0,0,0,0,0,0,33.68
2008,5,24,5,30,15.5,0,0,0,0,0,0,40.72
2008,5,24,6,30,14.200000000000001,0,0,0,0,0,0,48.410000000000004
2008,5,24,7,30,13.100000000000001,0,0,0,0,0,0,55.81
2008,5,24,8,30,12.200000000000001,0,0,0,0,0,0,62.2
2008,5,24,9,30,11.4,0,0,0,0,0,0,67.24
2008,5,24,10,30,10.700000000000001,0,0,0,0,0,0,70.81
2008,5,24,11,30,10.5,0,0,0,0,0,0,71.68
2008,5,24,12,30,12.4,23,49,363,363,23,49,62.5
2008,5,24,13,30,17,52,271,743,743,52,271,45.230000000000004
2008,5,24,14,30,22.400000000000002,67,516,885,885,67,516,24.990000000000002
2008,5,24,15,30,26.200000000000003,77,741,955,955,77,741,15.15
2008,5,24,16,30,28.400000000000002,84,925,994,994,84,925,13.02
2008,5,24,17,30,30,88,1051,1015,1015,88,1051,11.67
2008,5,24,18,30,31.200000000000003,100,1103,1007,1007,100,1103,10.700000000000001
2008,5,24,19,30,31.900000000000002,100,1090,1004,1004,100,1090,10.06
2008,5,24,20,30,32.2,99,1002,984,984,99,1002,9.68
2008,5,24,21,30,32,91,856,960,960,91,856,9.63
2008,5,24,22,30,31.3,84,656,905,905,84,656,9.94
2008,5,24,23,30,29.900000000000002,72,420,801,801,72,420,10.81
2008,5,25,0,30,26.700000000000003,51,179,589,589,51,179,13.49
2008,5,25,1,30,23.3,0,0,0,0,0,0,20.72
2008,5,25,2,30,22,0,0,0,0,0,0,23.3
2008,5,25,3,30,21,0,0,0,0,0,0,26.05
2008,5,25,4,30,19.6,0,0,0,0,0,0,30.91
2008,5,25,5,30,18.3,0,0,0,0,0,0,36.5
2008,5,25,6,30,17.400000000000002,0,0,0,0,0,0,40.84
2008,5,25,7,30,16.6,0,0,0,0,0,0,44.47
2008,5,25,8,30,15.8,0,0,0,0,0,0,48.22
2008,5,25,9,30,15.200000000000001,0,0,0,0,0,0,51.75
2008,5,25,10,30,14.600000000000001,0,0,0,0,0,0,55.550000000000004
2008,5,25,11,30,14.5,0,0,0,0,0,0,57.6
2008,5,25,12,30,16.5,27,44,229,229,27,44,52.230000000000004
2008,5,25,13,30,20.1,69,254,627,627,69,254,43.86
2008,5,25,14,30,23.6,90,494,796,796,90,494,31.64
2008,5,25,15,30,26.700000000000003,104,716,881,881,104,716,21.11
2008,5,25,16,30,29,112,898,929,929,112,898,17.13
2008,5,25,17,30,30.700000000000003,117,1023,956,956,117,1023,15.6
2008,5,25,18,30,31.8,109,1082,978,978,109,1082,14.63
2008,5,25,19,30,32.5,107,1070,977,698,326,1014,13.71
2008,5,25,20,30,32.7,105,988,961,961,105,988,13.08
2008,5,25,21,30,32.5,98,843,934,214,468,639,12.73
2008,5,25,22,30,31.8,92,645,873,30,314,332,12.700000000000001
2008,5,25,23,30,30.6,80,414,768,114,253,302,13.09
2008,5,26,0,30,27.900000000000002,57,175,539,18,97,101,15.05
2008,5,26,1,30,25,0,0,0,0,0,0,20.14
2008,5,26,2,30,23.400000000000002,0,0,0,0,0,0,22.39
2008,5,26,3,30,21.8,0,0,0,0,0,0,25.85
2008,5,26,4,30,20.3,0,0,0,0,0,0,30.93
2008,5,26,5,30,19.1,0,0,0,0,0,0,36.19
2008,5,26,6,30,18.2,0,0,0,0,0,0,40.9
2008,5,26,7,30,17.400000000000002,0,0,0,0,0,0,45.800000000000004
2008,5,26,8,30,16.6,0,0,0,0,0,0,51.46
2008,5,26,9,30,16,0,0,0,0,0,0,56.64
2008,5,26,10,30,15.4,0,0,0,0,0,0,61.550000000000004
2008,5,26,11,30,15.200000000000001,0,0,0,0,0,0,64.5
2008,5,26,12,30,16.900000000000002,29,41,159,159,29,41,59.18
2008,5,26,13,30,20.5,84,244,540,540,84,244,47.51
2008,5,26,14,30,24.3,112,479,723,723,112,479,33.160000000000004
2008,5,26,15,30,27.1,129,698,818,818,129,698,23.57
2008,5,26,16,30,29.200000000000003,140,881,876,876,140,881,19.09
2008,5,26,17,30,30.8,149,1006,904,904,149,1006,16.86
2008,5,26,18,30,31.900000000000002,173,1057,887,887,173,1057,15.36
2008,5,26,19,30,32.6,180,1038,870,870,180,1038,14.27
2008,5,26,20,30,32.9,193,952,826,826,193,952,13.52
2008,5,26,21,30,32.7,151,819,836,462,396,765,13.26
2008,5,26,22,30,31.900000000000002,148,618,740,0,133,133,13.66
2008,5,26,23,30,30.6,132,387,583,210,226,318,14.76
2008,5,27,0,30,28.200000000000003,86,158,326,326,86,158,17.240000000000002
2008,5,27,1,30,25.700000000000003,0,0,0,0,0,0,22.41
2008,5,27,2,30,24.400000000000002,0,0,0,0,0,0,25.09
2008,5,27,3,30,23.6,0,0,0,0,0,0,27.18
2008,5,27,4,30,22.8,0,0,0,0,0,0,30.47
2008,5,27,5,30,21.700000000000003,0,0,0,0,0,0,35.980000000000004
2008,5,27,6,30,20.5,0,0,0,0,0,0,43.62
2008,5,27,7,30,19.400000000000002,0,0,0,0,0,0,52.29
2008,5,27,8,30,18.400000000000002,0,0,0,0,0,0,61.32
2008,5,27,9,30,17.6,0,0,0,0,0,0,69.26
2008,5,27,10,30,17,0,0,0,0,0,0,74.88
2008,5,27,11,30,16.6,0,0,0,0,0,0,77.8
2008,5,27,12,30,17.5,30,39,120,120,30,39,73.81
2008,5,27,13,30,20,89,240,508,508,89,240,60.61
2008,5,27,14,30,23.5,114,474,707,707,114,474,43.74
2008,5,27,15,30,26.700000000000003,128,695,814,814,128,695,31.61
2008,5,27,16,30,29.1,135,874,873,873,135,874,25.63
2008,5,27,17,30,30.8,138,999,908,908,138,999,22.26
2008,5,27,18,30,32,147,1055,912,912,147,1055,20.04
2008,5,27,19,30,32.6,143,1048,918,517,453,963,18.69
2008,5,27,20,30,32.7,135,968,907,907,135,968,17.91
2008,5,27,21,30,32.300000000000004,136,821,857,857,136,821,17.59
2008,5,27,22,30,31.400000000000002,122,627,795,151,377,473,17.78
2008,5,27,23,30,30.1,101,400,684,159,223,292,18.44
2008,5,28,0,30,28,67,170,464,10,89,91,20.3
2008,5,28,1,30,25.6,0,0,0,0,0,0,23.71
2008,5,28,2,30,23.8,0,0,0,0,0,0,27.23
2008,5,28,3,30,22.3,0,0,0,0,0,0,31.45
2008,5,28,4,30,20.900000000000002,0,0,0,0,0,0,37.43
2008,5,28,5,30,19.5,0,0,0,0,0,0,46.14
2008,5,28,6,30,18.2,0,0,0,0,0,0,54.9
2008,5,28,7,30,17.1,0,0,0,0,0,0,62.27
2008,5,28,8,30,16.3,0,0,0,0,0,0,68.12
2008,5,28,9,30,15.700000000000001,0,0,0,0,0,0,72.64
2008,5,28,10,30,15.200000000000001,0,0,0,0,0,0,75.62
2008,5,28,11,30,15,0,0,0,0,0,0,76.5
2008,5,28,12,30,16,28,45,218,218,28,45,71.61
2008,5,28,13,30,18.8,71,252,612,612,71,252,56.44
2008,5,28,14,30,22.200000000000003,93,489,778,778,93,489,38.84
2008,5,28,15,30,25.1,107,710,866,866,107,710,28.02
2008,5,28,16,30,27.400000000000002,116,890,916,916,116,890,21.7
2008,5,28,17,30,29,119,1018,948,948,119,1018,17.91
2008,5,28,18,30,30.200000000000003,126,1075,953,953,126,1075,15.530000000000001
2008,5,28,19,30,30.8,125,1063,951,951,125,1063,14.33
2008,5,28,20,30,30.900000000000002,120,982,938,938,120,982,13.92
2008,5,28,21,30,30.6,105,841,920,920,105,841,14.120000000000001
2008,5,28,22,30,29.8,93,646,868,868,93,646,14.99
2008,5,28,23,30,28.400000000000002,77,418,776,776,77,418,16.59
2008,5,29,0,30,26,52,182,581,581,52,182,19.6
2008,5,29,1,30,23.5,0,0,0,0,0,0,23.73
2008,5,29,2,30,21.700000000000003,0,0,0,0,0,0,27.91
2008,5,29,3,30,20.3,0,0,0,0,0,0,32.7
2008,5,29,4,30,18.900000000000002,0,0,0,0,0,0,38.95
2008,5,29,5,30,17.5,0,0,0,0,0,0,47.04
2008,5,29,6,30,16.2,0,0,0,0,0,0,56.64
2008,5,29,7,30,15.100000000000001,0,0,0,0,0,0,66.4
2008,5,29,8,30,14.200000000000001,0,0,0,0,0,0,75.07000000000001
2008,5,29,9,30,13.4,0,0,0,0,0,0,81.72
2008,5,29,10,30,12.700000000000001,0,0,0,0,0,0,86.3
2008,5,29,11,30,12.4,0,0,0,0,0,0,87.60000000000001
2008,5,29,12,30,13.600000000000001,25,49,309,309,25,49,79.83
2008,5,29,13,30,16.6,57,267,708,708,57,267,61.120000000000005
2008,5,29,14,30,20.5,71,509,861,861,71,509,40.85
2008,5,29,15,30,23.900000000000002,81,731,934,934,81,731,27.12
2008,5,29,16,30,26.3,87,912,976,976,87,912,20.86
2008,5,29,17,30,28,90,1037,999,999,90,1037,17.47
2008,5,29,18,30,29.3,98,1094,1001,1001,98,1094,15.43
2008,5,29,19,30,30,97,1083,1000,1000,97,1083,14.290000000000001
2008,5,29,20,30,30.3,93,1001,987,987,93,1001,13.59
2008,5,29,21,30,30.1,87,857,962,962,87,857,13.200000000000001
2008,5,29,22,30,29.400000000000002,78,660,913,913,78,660,13.23
2008,5,29,23,30,28.200000000000003,66,430,825,825,66,430,13.88
2008,5,30,0,30,25.400000000000002,47,190,638,638,47,190,16.2
2008,5,30,1,30,22.3,0,0,0,0,0,0,20.5
2008,5,30,2,30,20.5,0,0,0,0,0,0,23.580000000000002
2008,5,30,3,30,19.400000000000002,0,0,0,0,0,0,26.73
2008,5,30,4,30,18.2,0,0,0,0,0,0,31.98
2008,5,30,5,30,17,0,0,0,0,0,0,39.21
2008,5,30,6,30,15.9,0,0,0,0,0,0,47.72
2008,5,30,7,30,14.8,0,0,0,0,0,0,56.76
2008,5,30,8,30,13.8,0,0,0,0,0,0,64.78
2008,5,30,9,30,13.100000000000001,0,0,0,0,0,0,70.56
2008,5,30,10,30,12.5,0,0,0,0,0,0,75.03
2008,5,30,11,30,12.3,0,0,0,0,0,0,76.95
2008,5,30,12,30,13.9,24,51,352,352,24,51,69.54
2008,5,30,13,30,17.5,52,268,726,726,52,268,54.5
2008,5,30,14,30,22,67,510,872,872,67,510,36.910000000000004
2008,5,30,15,30,25.6,76,732,942,942,76,732,23.81
2008,5,30,16,30,27.900000000000002,84,912,980,980,84,912,18.39
2008,5,30,17,30,29.5,88,1037,1001,1001,88,1037,15.93
2008,5,30,18,30,30.6,88,1097,1013,1013,88,1097,14.450000000000001
2008,5,30,19,30,31.3,88,1085,1010,1010,88,1085,13.5
2008,5,30,20,30,31.6,86,1003,997,997,86,1003,12.91
2008,5,30,21,30,31.400000000000002,80,857,969,969,80,857,12.73
2008,5,30,22,30,30.8,73,661,922,922,73,661,12.84
2008,5,30,23,30,29.5,62,431,837,837,62,431,13.58
2008,5,31,0,30,26.8,44,192,655,655,44,192,15.76
2008,5,31,1,30,23.6,0,0,0,0,0,0,20.17
2008,5,31,2,30,21.8,0,0,0,0,0,0,23.63
2008,5,31,3,30,20.6,0,0,0,0,0,0,27.96
2008,5,31,4,30,19.5,0,0,0,0,0,0,34.32
2008,5,31,5,30,18.400000000000002,0,0,0,0,0,0,42.78
2008,5,31,6,30,17.2,0,0,0,0,0,0,52.31
2008,5,31,7,30,16.3,0,0,0,0,0,0,60.77
2008,5,31,8,30,15.5,0,0,0,0,0,0,68.61
2008,5,31,9,30,14.8,0,0,0,0,0,0,74.81
2008,5,31,10,30,14.3,0,0,0,0,0,0,78.49
2008,5,31,11,30,14.200000000000001,0,0,0,0,0,0,79.36
2008,5,31,12,30,16.1,24,50,327,327,24,50,70.29
2008,5,31,13,30,19.8,55,262,696,696,55,262,55.09
2008,5,31,14,30,23.900000000000002,71,499,842,842,71,499,38.910000000000004
2008,5,31,15,30,27.1,82,720,917,917,82,720,27.72
2008,5,31,16,30,29.200000000000003,89,899,958,958,89,899,22.7
2008,5,31,17,30,30.8,92,1023,982,982,92,1023,19.72
2008,5,31,18,30,31.900000000000002,98,1084,989,989,98,1084,17.73
2008,5,31,19,30,32.6,97,1072,988,988,97,1072,16.27
2008,5,31,20,30,32.800000000000004,94,989,972,972,94,989,15.36
2008,5,31,21,30,32.6,86,847,948,948,86,847,14.9
2008,5,31,22,30,31.8,79,653,899,899,79,653,15.08
2008,5,31,23,30,30.5,67,425,808,808,67,425,15.8
2008,6,1,0,30,28,48,188,616,616,48,188,17.89
2008,6,1,1,30,25.200000000000003,0,0,0,0,0,0,21.51
2008,6,1,2,30,23.5,0,0,0,0,0,0,24.03
2008,6,1,3,30,22.1,0,0,0,0,0,0,26.41
2008,6,1,4,30,20.5,0,0,0,0,0,0,30.04
2008,6,1,5,30,19.200000000000003,0,0,0,0,0,0,35.12
2008,6,1,6,30,18.2,0,0,0,0,0,0,41.62
2008,6,1,7,30,17.400000000000002,0,0,0,0,0,0,48.5
2008,6,1,8,30,16.8,0,0,0,0,0,0,54.42
2008,6,1,9,30,16.3,0,0,0,0,0,0,59.33
2008,6,1,10,30,15.9,0,0,0,0,0,0,64.09
2008,6,1,11,30,15.9,0,0,0,0,0,0,67.02
2008,6,1,12,30,17.400000000000002,25,49,307,0,31,31,62.29
2008,6,1,13,30,20.700000000000003,56,262,691,691,56,262,50.43
2008,6,1,14,30,24.5,70,501,846,846,70,501,36
2008,6,1,15,30,27.700000000000003,79,723,925,925,79,723,24.61
2008,6,1,16,30,30,84,903,968,968,84,903,19.18
2008,6,1,17,30,31.6,86,1030,996,996,86,1030,16.55
2008,6,1,18,30,32.7,87,1093,1010,1010,87,1093,14.59
2008,6,1,19,30,33.5,85,1082,1010,1010,85,1082,12.950000000000001
2008,6,1,20,30,33.800000000000004,82,1002,999,999,82,1002,11.94
2008,6,1,21,30,33.5,78,858,973,973,78,858,11.36
2008,6,1,22,30,32.800000000000004,70,664,927,927,70,664,11.16
2008,6,1,23,30,31.400000000000002,60,437,848,848,60,437,11.5
2008,6,2,0,30,28.5,43,197,675,675,43,197,13.1
2008,6,2,1,30,25.200000000000003,0,0,0,0,0,0,16.46
2008,6,2,2,30,23.400000000000002,0,0,0,0,0,0,18.48
2008,6,2,3,30,22.1,0,0,0,0,0,0,21.19
2008,6,2,4,30,20.700000000000003,0,0,0,0,0,0,26.900000000000002
2008,6,2,5,30,19.3,0,0,0,0,0,0,35.76
2008,6,2,6,30,18,0,0,0,0,0,0,45.64
2008,6,2,7,30,16.900000000000002,0,0,0,0,0,0,54.2
2008,6,2,8,30,15.9,0,0,0,0,0,0,62.42
2008,6,2,9,30,15.100000000000001,0,0,0,0,0,0,69.60000000000001
2008,6,2,10,30,14.4,0,0,0,0,0,0,75.14
2008,6,2,11,30,14,0,0,0,0,0,0,78.74
2008,6,2,12,30,15.200000000000001,24,52,366,366,24,52,73.9
2008,6,2,13,30,18.5,51,269,733,733,51,269,56.56
2008,6,2,14,30,22.900000000000002,64,509,873,873,64,509,35.35
2008,6,2,15,30,27.200000000000003,73,732,948,948,73,732,20.150000000000002
2008,6,2,16,30,30.3,79,913,987,987,79,913,14.950000000000001
2008,6,2,17,30,32.1,81,1038,1009,1009,81,1038,13.18
2008,6,2,18,30,33.2,92,1095,1007,1007,92,1095,12.17
2008,6,2,19,30,33.800000000000004,91,1084,1005,1005,91,1084,11.4
2008,6,2,20,30,34.1,89,1003,992,992,89,1003,10.72
2008,6,2,21,30,33.9,81,861,971,971,81,861,10.39
2008,6,2,22,30,33.2,73,666,925,925,73,666,10.35
2008,6,2,23,30,31.900000000000002,62,436,840,840,62,436,10.73
2008,6,3,0,30,28.8,45,197,663,663,45,197,12.46
2008,6,3,1,30,25.200000000000003,0,0,0,0,0,0,16.11
2008,6,3,2,30,23.3,0,0,0,0,0,0,18.16
2008,6,3,3,30,22,0,0,0,0,0,0,21.16
2008,6,3,4,30,20.6,0,0,0,0,0,0,27.68
2008,6,3,5,30,19.1,0,0,0,0,0,0,37.19
2008,6,3,6,30,17.900000000000002,0,0,0,0,0,0,47.39
2008,6,3,7,30,16.8,0,0,0,0,0,0,56.54
2008,6,3,8,30,15.8,0,0,0,0,0,0,63.97
2008,6,3,9,30,15.100000000000001,0,0,0,0,0,0,69.72
2008,6,3,10,30,14.4,0,0,0,0,0,0,74.87
2008,6,3,11,30,14.200000000000001,0,0,0,0,0,0,76.99
2008,6,3,12,30,15.700000000000001,23,52,374,1,33,33,70.12
2008,6,3,13,30,19.6,50,269,735,26,160,167,50.71
2008,6,3,14,30,24.3,64,509,874,359,244,427,31.84
2008,6,3,15,30,28.3,74,729,942,942,74,729,20.96
2008,6,3,16,30,30.700000000000003,80,912,984,984,80,912,16.7
2008,6,3,17,30,32.300000000000004,84,1037,1006,1006,84,1037,14.38
2008,6,3,18,30,33.5,83,1101,1022,1022,83,1101,12.67
2008,6,3,19,30,34.2,80,1090,1023,1023,80,1090,11.25
2008,6,3,20,30,34.5,77,1010,1013,1013,77,1010,10.18
2008,6,3,21,30,34.300000000000004,79,869,982,982,79,869,9.38
2008,6,3,22,30,33.5,71,673,938,938,71,673,8.950000000000001
2008,6,3,23,30,32.1,60,445,863,863,60,445,8.9
2008,6,4,0,30,28.8,43,203,692,692,43,203,9.99
2008,6,4,1,30,25,0,0,0,0,0,0,12.91
2008,6,4,2,30,22.8,0,0,0,0,0,0,14.48
2008,6,4,3,30,21.3,0,0,0,0,0,0,16.55
2008,6,4,4,30,20,0,0,0,0,0,0,21.41
2008,6,4,5,30,18.8,0,0,0,0,0,0,30.23
2008,6,4,6,30,17.8,0,0,0,0,0,0,41.87
2008,6,4,7,30,16.8,0,0,0,0,0,0,54.050000000000004
2008,6,4,8,30,16,0,0,0,0,0,0,63.26
2008,6,4,9,30,15.4,0,0,0,0,0,0,68.7
2008,6,4,10,30,15,0,0,0,0,0,0,71.15
2008,6,4,11,30,15,0,0,0,0,0,0,71.03
2008,6,4,12,30,16.900000000000002,23,53,391,8,36,37,62.89
2008,6,4,13,30,20.900000000000002,49,271,747,114,153,187,49.11
2008,6,4,14,30,25.3,63,511,879,528,164,432,35.480000000000004
2008,6,4,15,30,29.1,73,731,947,382,347,612,22.78
2008,6,4,16,30,31.700000000000003,80,911,984,719,278,886,14.950000000000001
2008,6,4,17,30,33.4,84,1036,1005,783,252,994,12.25
2008,6,4,18,30,34.6,89,1095,1010,840,200,1037,10.76
2008,6,4,19,30,35.4,90,1084,1007,1007,90,1084,9.81
2008,6,4,20,30,35.800000000000004,89,1004,993,993,89,1004,9.21
2008,6,4,21,30,35.6,82,862,969,969,82,862,8.97
2008,6,4,22,30,34.9,75,664,917,917,75,664,9.08
2008,6,4,23,30,33.5,65,436,829,829,65,436,9.61
2008,6,5,0,30,30.5,47,197,645,645,47,197,11.28
2008,6,5,1,30,26.900000000000002,0,0,0,0,0,0,15.19
2008,6,5,2,30,24.8,0,0,0,0,0,0,17.47
2008,6,5,3,30,23.200000000000003,0,0,0,0,0,0,20.18
2008,6,5,4,30,21.8,0,0,0,0,0,0,24.64
2008,6,5,5,30,20.6,0,0,0,0,0,0,32.13
2008,6,5,6,30,19.6,0,0,0,0,0,0,43.9
2008,6,5,7,30,18.8,0,0,0,0,0,0,57.59
2008,6,5,8,30,18.1,0,0,0,0,0,0,69.22
2008,6,5,9,30,17.400000000000002,0,0,0,0,0,0,77.42
2008,6,5,10,30,16.900000000000002,0,0,0,0,0,0,82.48
2008,6,5,11,30,16.8,0,0,0,0,0,0,83.37
2008,6,5,12,30,18.1,26,49,294,10,38,39,76.19
2008,6,5,13,30,20.900000000000002,57,261,682,20,155,161,61.910000000000004
2008,6,5,14,30,24.200000000000003,73,498,837,274,263,403,47.1
2008,6,5,15,30,27.6,83,717,913,637,264,706,34.51
2008,6,5,16,30,30.5,90,899,959,959,90,899,25.240000000000002
2008,6,5,17,30,32.800000000000004,95,1024,980,793,234,985,19.34
2008,6,5,18,30,34.4,107,1080,977,977,107,1080,15.82
2008,6,5,19,30,35.4,107,1067,972,786,240,1016,13.700000000000001
2008,6,5,20,30,35.800000000000004,105,987,957,957,105,987,12.51
2008,6,5,21,30,35.7,108,840,909,909,108,840,11.93
2008,6,5,22,30,35,102,646,846,846,102,646,12.05
2008,6,5,23,30,33.6,92,416,723,1,70,70,12.88
2008,6,6,0,30,31.1,67,183,494,5,81,82,14.94
2008,6,6,1,30,28.400000000000002,10,10,23,0,4,4,19.05
2008,6,6,2,30,26.6,0,0,0,0,0,0,22.580000000000002
2008,6,6,3,30,25.200000000000003,0,0,0,0,0,0,25.580000000000002
2008,6,6,4,30,23.8,0,0,0,0,0,0,29.34
2008,6,6,5,30,22.400000000000002,0,0,0,0,0,0,34.65
2008,6,6,6,30,21.1,0,0,0,0,0,0,42.39
2008,6,6,7,30,20,0,0,0,0,0,0,50.88
2008,6,6,8,30,19.1,0,0,0,0,0,0,58.49
2008,6,6,9,30,18.3,0,0,0,0,0,0,65.08
2008,6,6,10,30,17.5,0,0,0,0,0,0,70.91
2008,6,6,11,30,17.400000000000002,0,0,0,0,0,0,72.08
2008,6,6,12,30,19.1,28,47,244,244,28,47,64.14
2008,6,6,13,30,22.6,65,253,633,633,65,253,48.13
2008,6,6,14,30,26,83,489,799,799,83,489,34.730000000000004
2008,6,6,15,30,28.900000000000002,93,709,887,887,93,709,28.17
2008,6,6,16,30,31.200000000000003,100,888,933,933,100,888,24.150000000000002
2008,6,6,17,30,32.9,104,1012,958,958,104,1012,21.02
2008,6,6,18,30,34,106,1071,969,969,106,1071,18.55
2008,6,6,19,30,34.6,106,1061,966,516,444,954,16.61
2008,6,6,20,30,34.800000000000004,105,983,951,735,272,951,15.16
2008,6,6,21,30,34.4,99,842,921,921,99,842,14.39
2008,6,6,22,30,33.5,91,650,868,868,91,650,14.21
2008,6,6,23,30,32.1,78,425,772,0,140,141,14.56
2008,6,7,0,30,29.700000000000003,56,191,577,577,56,191,16.15
2008,6,7,1,30,26.900000000000002,11,12,71,0,5,5,19.78
2008,6,7,2,30,24.5,0,0,0,0,0,0,27.1
2008,6,7,3,30,22.400000000000002,0,0,0,0,0,0,40.51
2008,6,7,4,30,20.8,0,0,0,0,0,0,54.64
2008,6,7,5,30,19.700000000000003,0,0,0,0,0,0,63.88
2008,6,7,6,30,19.1,0,0,0,0,0,0,69.4
2008,6,7,7,30,18.7,0,0,0,0,0,0,73.81
2008,6,7,8,30,18.3,0,0,0,0,0,0,76.88
2008,6,7,9,30,18,0,0,0,0,0,0,78.64
2008,6,7,10,30,17.6,0,0,0,0,0,0,80.07000000000001
2008,6,7,11,30,17.400000000000002,0,0,0,0,0,0,80.42
2008,6,7,12,30,18.3,24,50,333,11,37,38,75.21000000000001
2008,6,7,13,30,20.6,51,259,701,701,51,259,62.65
2008,6,7,14,30,23.3,64,492,843,843,64,492,48
2008,6,7,15,30,25.900000000000002,72,705,911,911,72,705,36.02
2008,6,7,16,30,28.1,77,879,951,951,77,879,28.96
2008,6,7,17,30,29.700000000000003,80,999,971,971,80,999,25.580000000000002
2008,6,7,18,30,30.5,92,1054,965,128,518,646,24.42
2008,6,7,19,30,30.6,91,1042,962,220,539,756,24.38
2008,6,7,20,30,30,90,963,946,946,90,963,25.400000000000002
2008,6,7,21,30,29,77,826,930,114,414,506,27.45
2008,6,7,22,30,27.900000000000002,70,640,883,1,207,207,30.080000000000002
2008,6,7,23,30,26.6,59,420,799,24,212,223,33.480000000000004
2008,6,8,0,30,25.1,43,192,632,632,43,192,37.79
2008,6,8,1,30,23.700000000000003,10,13,147,0,5,5,42.79
2008,6,8,2,30,22.400000000000002,0,0,0,0,0,0,48.51
2008,6,8,3,30,21,0,0,0,0,0,0,55.07
2008,6,8,4,30,19.700000000000003,0,0,0,0,0,0,61.77
2008,6,8,5,30,18.6,0,0,0,0,0,0,67.89
2008,6,8,6,30,17.900000000000002,0,0,0,0,0,0,72.48
2008,6,8,7,30,17.400000000000002,0,0,0,0,0,0,76.45
2008,6,8,8,30,17,0,0,0,0,0,0,79.99
2008,6,8,9,30,16.7,0,0,0,0,0,0,82.79
2008,6,8,10,30,16.5,0,0,0,0,0,0,84.46000000000001
2008,6,8,11,30,16.400000000000002,0,0,0,0,0,0,84.9
2008,6,8,12,30,17.400000000000002,22,49,344,344,22,49,79.28
2008,6,8,13,30,19.5,49,255,693,693,49,255,67.72
2008,6,8,14,30,22.1,62,483,830,830,62,483,55.31
2008,6,8,15,30,24.400000000000002,71,695,899,3,285,287,45.45
2008,6,8,16,30,26.200000000000003,77,870,940,35,410,439,38.5
2008,6,8,17,30,27.3,81,991,962,368,469,818,34.84
2008,6,8,18,30,27.8,82,1050,972,398,483,880,33.26
2008,6,8,19,30,28,81,1040,971,971,81,1040,32.78
2008,6,8,20,30,27.8,78,962,958,958,78,962,33.38
2008,6,8,21,30,27.200000000000003,69,827,940,69,400,456,35.14
2008,6,8,22,30,26.200000000000003,62,640,894,286,270,455,38.09
2008,6,8,23,30,25.1,53,421,815,77,212,246,41.81
2008,6,9,0,30,23.700000000000003,39,194,652,13,94,97,47.230000000000004
2008,6,9,1,30,22.400000000000002,10,14,183,0,6,6,54.49
2008,6,9,2,30,21.3,0,0,0,0,0,0,61.78
2008,6,9,3,30,20.200000000000003,0,0,0,0,0,0,67.73
2008,6,9,4,30,19,0,0,0,0,0,0,73.82000000000001
2008,6,9,5,30,17.8,0,0,0,0,0,0,79.24
2008,6,9,6,30,16.8,0,0,0,0,0,0,83.51
2008,6,9,7,30,16.1,0,0,0,0,0,0,85.83
2008,6,9,8,30,15.600000000000001,0,0,0,0,0,0,87.04
2008,6,9,9,30,15.3,0,0,0,0,0,0,87.36
2008,6,9,10,30,15,0,0,0,0,0,0,87.64
2008,6,9,11,30,14.9,0,0,0,0,0,0,87.35000000000001
2008,6,9,12,30,15.600000000000001,22,50,351,0,18,18,83.19
2008,6,9,13,30,17.400000000000002,48,254,694,9,93,95,74.15
2008,6,9,14,30,19.700000000000003,62,482,829,7,148,151,63.36
2008,6,9,15,30,22.200000000000003,70,694,899,0,130,130,53.36
2008,6,9,16,30,24.200000000000003,76,868,939,53,369,413,46.89
2008,6,9,17,30,25.5,79,989,961,1,151,151,43.21
2008,6,9,18,30,26.200000000000003,83,1047,968,1,353,355,41.36
2008,6,9,19,30,26.1,83,1036,964,83,472,553,41.72
2008,6,9,20,30,25.3,82,959,949,1,200,201,44.02
2008,6,9,21,30,24.1,79,822,921,1,170,171,48.03
2008,6,9,22,30,22.8,73,635,870,13,232,240,53.19
2008,6,9,23,30,21.400000000000002,63,417,783,0,54,54,59.46
2008,6,10,0,30,20.200000000000003,46,191,605,0,16,16,65.89
2008,6,10,1,30,19.1,11,14,120,0,5,5,73.64
2008,6,10,2,30,18.5,0,0,0,0,0,0,78.94
2008,6,10,3,30,18.1,0,0,0,0,0,0,81.82000000000001
2008,6,10,4,30,17.6,0,0,0,0,0,0,84.49
2008,6,10,5,30,17.1,0,0,0,0,0,0,87.10000000000001
2008,6,10,6,30,16.7,0,0,0,0,0,0,88.68
2008,6,10,7,30,16.400000000000002,0,0,0,0,0,0,89.64
2008,6,10,8,30,16.2,0,0,0,0,0,0,90.21000000000001
2008,6,10,9,30,15.9,0,0,0,0,0,0,90.92
2008,6,10,10,30,15.700000000000001,0,0,0,0,0,0,90.88
2008,6,10,11,30,15.5,0,0,0,0,0,0,91.27
2008,6,10,12,30,15.8,23,50,348,0,17,17,88.66
2008,6,10,13,30,16.8,51,258,700,29,128,137,81.71000000000001
2008,6,10,14,30,18.3,66,490,836,71,237,273,72.25
2008,6,10,15,30,19.900000000000002,76,704,907,60,314,355,62.06
2008,6,10,16,30,21.5,82,881,947,217,388,571,53.22
2008,6,10,17,30,22.6,85,1004,970,268,412,666,47.42
2008,6,10,18,30,23.400000000000002,85,1063,982,218,460,677,43.160000000000004
2008,6,10,19,30,23.700000000000003,85,1052,979,232,458,688,40.800000000000004
2008,6,10,20,30,23.6,82,976,967,125,473,588,39.800000000000004
2008,6,10,21,30,23.3,76,838,943,43,359,393,39.49
2008,6,10,22,30,22.8,68,650,898,332,287,503,40.07
2008,6,10,23,30,22,57,430,822,23,175,185,42.28
2008,6,11,0,30,20.400000000000002,42,200,660,1,51,51,50.47
2008,6,11,1,30,18.900000000000002,11,16,191,0,5,5,61.51
2008,6,11,2,30,18.1,0,0,0,0,0,0,64.73
2008,6,11,3,30,17.6,0,0,0,0,0,0,66.82000000000001
2008,6,11,4,30,17.1,0,0,0,0,0,0,68.99
2008,6,11,5,30,16.7,0,0,0,0,0,0,71.32000000000001
2008,6,11,6,30,16.3,0,0,0,0,0,0,74.38
2008,6,11,7,30,15.9,0,0,0,0,0,0,78.26
2008,6,11,8,30,15.600000000000001,0,0,0,0,0,0,82.33
2008,6,11,9,30,15.3,0,0,0,0,0,0,86.15
2008,6,11,10,30,15,0,0,0,0,0,0,89.04
2008,6,11,11,30,15,0,0,0,0,0,0,89.38
2008,6,11,12,30,15.600000000000001,24,48,314,0,20,20,85.96000000000001
2008,6,11,13,30,17,53,253,676,1,55,55,78.02
2008,6,11,14,30,19.1,69,483,818,0,62,62,64.92
2008,6,11,15,30,21.3,79,696,891,316,309,527,52.28
2008,6,11,16,30,23.1,86,871,932,932,86,871,44.67
2008,6,11,17,30,24.400000000000002,91,993,954,465,347,786,40.51
2008,6,11,18,30,25.200000000000003,98,1051,957,649,254,900,38.14
2008,6,11,19,30,25.5,97,1043,956,629,276,898,37.18
2008,6,11,20,30,25.400000000000002,94,967,943,140,471,600,37.09
2008,6,11,21,30,25.1,89,830,916,632,216,728,37.03
2008,6,11,22,30,24.5,80,643,868,44,300,329,37.72
2008,6,11,23,30,23.700000000000003,69,423,781,3,111,112,39.27
2008,6,12,0,30,22.1,49,195,606,2,61,61,43.83
2008,6,12,1,30,20.3,12,15,132,0,7,7,55.68
2008,6,12,2,30,19.1,0,0,0,0,0,0,59.11
2008,6,12,3,30,18.1,0,0,0,0,0,0,61.78
2008,6,12,4,30,17.3,0,0,0,0,0,0,64.92
2008,6,12,5,30,16.8,0,0,0,0,0,0,67.45
2008,6,12,6,30,16.3,0,0,0,0,0,0,69.82000000000001
2008,6,12,7,30,15.700000000000001,0,0,0,0,0,0,72.55
2008,6,12,8,30,15.100000000000001,0,0,0,0,0,0,75.31
2008,6,12,9,30,14.600000000000001,0,0,0,0,0,0,77.55
2008,6,12,10,30,14.200000000000001,0,0,0,0,0,0,79.72
2008,6,12,11,30,14.3,0,0,0,0,0,0,79.8
2008,6,12,12,30,16.3,23,49,326,326,23,49,71.35000000000001
2008,6,12,13,30,20,52,257,690,690,52,257,58.02
2008,6,12,14,30,23.5,68,490,835,475,214,454,45.4
2008,6,12,15,30,25.900000000000002,77,707,911,911,77,707,36.12
2008,6,12,16,30,27.700000000000003,83,887,954,954,83,887,30.38
2008,6,12,17,30,29.200000000000003,86,1011,978,978,86,1011,26.580000000000002
2008,6,12,18,30,30.3,90,1071,985,481,461,940,23.86
2008,6,12,19,30,31.1,90,1063,984,2,385,387,21.79
2008,6,12,20,30,31.400000000000002,88,986,971,1,342,343,20.44
2008,6,12,21,30,31.3,83,848,945,945,83,848,19.66
2008,6,12,22,30,30.6,77,658,896,150,371,469,19.64
2008,6,12,23,30,29.400000000000002,66,435,811,364,210,376,20.41
2008,6,13,0,30,26.8,48,202,638,155,123,160,23.55
2008,6,13,1,30,24,12,16,146,146,12,16,35.32
2008,6,13,2,30,22.6,0,0,0,0,0,0,39.42
2008,6,13,3,30,21.700000000000003,0,0,0,0,0,0,41.39
2008,6,13,4,30,20.5,0,0,0,0,0,0,45.230000000000004
2008,6,13,5,30,19.3,0,0,0,0,0,0,51.02
2008,6,13,6,30,18.400000000000002,0,0,0,0,0,0,57.660000000000004
2008,6,13,7,30,17.6,0,0,0,0,0,0,64.98
2008,6,13,8,30,16.900000000000002,0,0,0,0,0,0,72.25
2008,6,13,9,30,16.3,0,0,0,0,0,0,78.28
2008,6,13,10,30,15.700000000000001,0,0,0,0,0,0,83.69
2008,6,13,11,30,15.5,0,0,0,0,0,0,86.5
2008,6,13,12,30,17,24,49,330,1,31,31,79.78
2008,6,13,13,30,20.200000000000003,52,259,699,699,52,259,65.11
2008,6,13,14,30,23.5,66,493,846,846,66,493,50.71
2008,6,13,15,30,26.200000000000003,75,710,918,918,75,710,39
2008,6,13,16,30,28.3,81,888,958,958,81,888,31.080000000000002
2008,6,13,17,30,29.8,86,1012,979,979,86,1012,26.810000000000002
2008,6,13,18,30,30.700000000000003,89,1072,987,175,522,696,24.53
2008,6,13,19,30,31.3,90,1061,982,708,300,999,22.94
2008,6,13,20,30,31.5,88,984,968,0,275,276,22.18
2008,6,13,21,30,31.200000000000003,88,843,932,107,419,505,22.02
2008,6,13,22,30,30.400000000000002,81,654,883,226,357,504,22.59
2008,6,13,23,30,29.200000000000003,69,432,796,207,204,299,23.87
2008,6,14,0,30,27.1,50,201,618,88,121,142,26.89
2008,6,14,1,30,25,13,16,134,134,13,16,33.24
2008,6,14,2,30,23.8,0,0,0,0,0,0,37.64
2008,6,14,3,30,23,0,0,0,0,0,0,39.5
2008,6,14,4,30,22.1,0,0,0,0,0,0,41.67
2008,6,14,5,30,21,0,0,0,0,0,0,44.7
2008,6,14,6,30,19.700000000000003,0,0,0,0,0,0,49.82
2008,6,14,7,30,18.400000000000002,0,0,0,0,0,0,57.07
2008,6,14,8,30,17.400000000000002,0,0,0,0,0,0,65.3
2008,6,14,9,30,16.7,0,0,0,0,0,0,72.62
2008,6,14,10,30,16.1,0,0,0,0,0,0,78.69
2008,6,14,11,30,15.700000000000001,0,0,0,0,0,0,82.8
2008,6,14,12,30,16.900000000000002,24,49,333,333,24,49,77.56
2008,6,14,13,30,19.900000000000002,50,260,710,710,50,260,60.86
2008,6,14,14,30,23.1,63,495,855,855,63,495,45.21
2008,6,14,15,30,25.8,72,712,926,926,72,712,36.11
2008,6,14,16,30,27.700000000000003,78,890,966,966,78,890,30.19
2008,6,14,17,30,29.200000000000003,82,1015,987,987,82,1015,26.12
2008,6,14,18,30,30.3,92,1070,982,774,242,1013,23.62
2008,6,14,19,30,31,91,1063,982,166,516,680,22.17
2008,6,14,20,30,31.200000000000003,89,984,967,220,521,725,21.53
2008,6,14,21,30,31,86,845,937,141,449,563,21.34
2008,6,14,22,30,30.200000000000003,79,657,888,774,149,652,21.92
2008,6,14,23,30,28.900000000000002,68,435,802,802,68,435,23.2
2008,6,15,0,30,26.8,50,202,621,65,131,147,25.95
2008,6,15,1,30,24.700000000000003,13,17,131,0,9,9,31.580000000000002
2008,6,15,2,30,23.5,0,0,0,0,0,0,35.97
2008,6,15,3,30,22.700000000000003,0,0,0,0,0,0,39.33
2008,6,15,4,30,21.5,0,0,0,0,0,0,45.300000000000004
2008,6,15,5,30,20.1,0,0,0,0,0,0,53.13
2008,6,15,6,30,18.6,0,0,0,0,0,0,62.230000000000004
2008,6,15,7,30,17.400000000000002,0,0,0,0,0,0,69.81
2008,6,15,8,30,16.5,0,0,0,0,0,0,75.67
2008,6,15,9,30,15.8,0,0,0,0,0,0,80.49
2008,6,15,10,30,15.200000000000001,0,0,0,0,0,0,84.7
2008,6,15,11,30,15.100000000000001,0,0,0,0,0,0,85.92
2008,6,15,12,30,16.7,24,48,304,304,24,48,77.75
2008,6,15,13,30,19.8,54,255,684,684,54,255,61.76
2008,6,15,14,30,23,67,488,835,835,67,488,46.730000000000004
2008,6,15,15,30,25.400000000000002,73,707,918,918,73,707,38.01
2008,6,15,16,30,27.1,76,885,961,961,76,885,32.660000000000004
2008,6,15,17,30,28.5,79,1012,987,987,79,1012,28.95
2008,6,15,18,30,29.6,84,1071,991,991,84,1071,26.38
2008,6,15,19,30,30.3,83,1064,992,992,83,1064,24.54
2008,6,15,20,30,30.6,80,988,981,193,516,694,23.42
2008,6,15,21,30,30.5,74,852,959,0,174,174,22.72
2008,6,15,22,30,29.900000000000002,67,662,913,312,329,532,22.86
2008,6,15,23,30,28.8,58,440,833,399,201,384,23.88
2008,6,16,0,30,26.8,43,207,669,79,119,139,26.490000000000002
2008,6,16,1,30,24.700000000000003,12,18,194,194,12,18,32.910000000000004
2008,6,16,2,30,23.6,0,0,0,0,0,0,36.64
2008,6,16,3,30,22.900000000000002,0,0,0,0,0,0,38.160000000000004
2008,6,16,4,30,22.1,0,0,0,0,0,0,40.800000000000004
2008,6,16,5,30,21.200000000000003,0,0,0,0,0,0,44.94
2008,6,16,6,30,20.1,0,0,0,0,0,0,50.56
2008,6,16,7,30,18.900000000000002,0,0,0,0,0,0,56.71
2008,6,16,8,30,18,0,0,0,0,0,0,62.75
2008,6,16,9,30,17.2,0,0,0,0,0,0,68.74
2008,6,16,10,30,16.400000000000002,0,0,0,0,0,0,74.88
2008,6,16,11,30,16.2,0,0,0,0,0,0,77.97
2008,6,16,12,30,17.900000000000002,23,49,336,336,23,49,71.44
2008,6,16,13,30,21.400000000000002,51,259,707,707,51,259,56.910000000000004
2008,6,16,14,30,24.700000000000003,65,494,853,853,65,494,40.81
2008,6,16,15,30,26.900000000000002,74,714,926,926,74,714,30.93
2008,6,16,16,30,28.6,80,893,966,966,80,893,25.88
2008,6,16,17,30,30,84,1018,988,988,84,1018,22.68
2008,6,16,18,30,31,92,1078,990,990,92,1078,20.7
2008,6,16,19,30,31.6,92,1068,986,986,92,1068,19.61
2008,6,16,20,30,31.900000000000002,90,992,974,974,90,992,19
2008,6,16,21,30,31.8,82,852,950,390,401,718,18.79
2008,6,16,22,30,31.1,75,664,904,2,263,265,19.11
2008,6,16,23,30,30,65,440,816,33,235,250,19.830000000000002
2008,6,17,0,30,27.6,48,206,643,42,114,124,22.39
2008,6,17,1,30,24.900000000000002,13,18,167,167,13,18,30.01
2008,6,17,2,30,23.5,0,0,0,0,0,0,33.82
2008,6,17,3,30,22.400000000000002,0,0,0,0,0,0,35.52
2008,6,17,4,30,21.200000000000003,0,0,0,0,0,0,39.06
2008,6,17,5,30,20.1,0,0,0,0,0,0,43.75
2008,6,17,6,30,19.200000000000003,0,0,0,0,0,0,49.27
2008,6,17,7,30,18.5,0,0,0,0,0,0,55.33
2008,6,17,8,30,17.8,0,0,0,0,0,0,62.800000000000004
2008,6,17,9,30,17.3,0,0,0,0,0,0,68.8
2008,6,17,10,30,16.7,0,0,0,0,0,0,73.54
2008,6,17,11,30,16.6,0,0,0,0,0,0,74.74
2008,6,17,12,30,18.3,23,47,318,318,23,47,67.58
2008,6,17,13,30,21.700000000000003,53,256,691,691,53,256,54.17
2008,6,17,14,30,25.200000000000003,69,490,836,836,69,490,41.5
2008,6,17,15,30,27.700000000000003,79,709,913,913,79,709,32.36
2008,6,17,16,30,29.400000000000002,86,887,954,954,86,887,26.44
2008,6,17,17,30,30.700000000000003,91,1015,978,978,91,1015,22.42
2008,6,17,18,30,31.6,92,1077,989,989,92,1077,19.85
2008,6,17,19,30,32.1,92,1070,988,988,92,1070,18.11
2008,6,17,20,30,32.300000000000004,90,994,975,4,413,417,16.79
2008,6,17,21,30,32,82,857,955,268,450,668,16.080000000000002
2008,6,17,22,30,31.3,74,669,912,1,251,252,15.68
2008,6,17,23,30,30.1,62,447,838,838,62,447,15.65
2008,6,18,0,30,27.200000000000003,44,213,682,682,44,213,17.54
2008,6,18,1,30,24,13,20,219,0,10,10,25.650000000000002
2008,6,18,2,30,22.200000000000003,0,0,0,0,0,0,29.66
2008,6,18,3,30,21.200000000000003,0,0,0,0,0,0,30.79
2008,6,18,4,30,20,0,0,0,0,0,0,33.82
2008,6,18,5,30,18.8,0,0,0,0,0,0,41.35
2008,6,18,6,30,17.8,0,0,0,0,0,0,52
2008,6,18,7,30,16.900000000000002,0,0,0,0,0,0,63.480000000000004
2008,6,18,8,30,16.2,0,0,0,0,0,0,72.59
2008,6,18,9,30,15.5,0,0,0,0,0,0,79.35000000000001
2008,6,18,10,30,14.9,0,0,0,0,0,0,84.47
2008,6,18,11,30,14.9,0,0,0,0,0,0,85.79
2008,6,18,12,30,16.6,25,46,285,285,25,46,78.01
2008,6,18,13,30,20.400000000000002,58,253,666,666,58,253,61.39
2008,6,18,14,30,24.3,74,486,820,820,74,486,40.94
2008,6,18,15,30,27.200000000000003,85,706,901,901,85,706,26.46
2008,6,18,16,30,29,91,888,949,949,91,888,22.51
2008,6,18,17,30,30.5,92,1014,976,976,92,1014,20.59
2008,6,18,18,30,31.6,96,1079,987,987,96,1079,18.88
2008,6,18,19,30,32.300000000000004,96,1069,983,983,96,1069,17.29
2008,6,18,20,30,32.6,96,990,965,0,204,205,16.06
2008,6,18,21,30,32.4,95,848,927,19,395,411,15.540000000000001
2008,6,18,22,30,31.6,97,653,851,597,212,603,16.16
2008,6,18,23,30,30,90,424,723,153,258,329,18.45
2008,6,19,0,30,27.700000000000003,68,193,502,1,44,44,22.92
2008,6,19,1,30,25.5,14,16,57,0,10,10,29.03
2008,6,19,2,30,24,0,0,0,0,0,0,34.300000000000004
2008,6,19,3,30,22.8,0,0,0,0,0,0,38.34
2008,6,19,4,30,21.5,0,0,0,0,0,0,42.76
2008,6,19,5,30,20.5,0,0,0,0,0,0,46.230000000000004
2008,6,19,6,30,19.6,0,0,0,0,0,0,49.160000000000004
2008,6,19,7,30,18.8,0,0,0,0,0,0,51.18
2008,6,19,8,30,18.1,0,0,0,0,0,0,52.81
2008,6,19,9,30,17.6,0,0,0,0,0,0,54.22
2008,6,19,10,30,17.1,0,0,0,0,0,0,55.96
2008,6,19,11,30,17.1,0,0,0,0,0,0,55.980000000000004
2008,6,19,12,30,19.200000000000003,24,46,293,293,24,46,49.77
2008,6,19,13,30,22.900000000000002,55,254,684,684,55,254,40.08
2008,6,19,14,30,26.200000000000003,69,491,841,841,69,491,31.53
2008,6,19,15,30,28.200000000000003,78,712,922,922,78,712,25.92
2008,6,19,16,30,29.900000000000002,83,895,968,968,83,895,21.85
2008,6,19,17,30,31.200000000000003,86,1022,991,991,86,1022,19.14
2008,6,19,18,30,32.2,86,1085,1004,1004,86,1085,17.22
2008,6,19,19,30,32.800000000000004,86,1075,999,999,86,1075,15.98
2008,6,19,20,30,32.9,85,999,986,986,85,999,15.4
2008,6,19,21,30,32.6,87,857,948,948,87,857,15.41
2008,6,19,22,30,32,83,664,888,888,83,664,15.89
2008,6,19,23,30,30.8,74,438,787,73,261,294,17.080000000000002
2008,6,20,0,30,28.200000000000003,57,204,590,215,123,176,20.19
2008,6,20,1,30,25.400000000000002,15,18,111,111,15,18,28.66
2008,6,20,2,30,23.8,0,0,0,0,0,0,33.230000000000004
2008,6,20,3,30,22.8,0,0,0,0,0,0,35.52
2008,6,20,4,30,22,0,0,0,0,0,0,37.93
2008,6,20,5,30,21.1,0,0,0,0,0,0,41.81
2008,6,20,6,30,20.200000000000003,0,0,0,0,0,0,47.68
2008,6,20,7,30,19.400000000000002,0,0,0,0,0,0,53.67
2008,6,20,8,30,18.7,0,0,0,0,0,0,58.46
2008,6,20,9,30,17.900000000000002,0,0,0,0,0,0,62.11
2008,6,20,10,30,17.2,0,0,0,0,0,0,64.61
2008,6,20,11,30,17.1,0,0,0,0,0,0,64.71000000000001
2008,6,20,12,30,18.900000000000002,26,43,234,234,26,43,57.68
2008,6,20,13,30,22.400000000000002,67,243,605,605,67,243,46.11
2008,6,20,14,30,25.900000000000002,91,473,761,761,91,473,35.03
2008,6,20,15,30,28.3,106,686,842,842,106,686,27.93
2008,6,20,16,30,29.8,119,861,884,884,119,861,24.72
2008,6,20,17,30,30.700000000000003,133,981,898,898,133,981,23.400000000000002
2008,6,20,18,30,31,136,1042,910,638,352,986,23.080000000000002
2008,6,20,19,30,30.900000000000002,145,1031,895,3,299,302,23.25
2008,6,20,20,30,30.3,150,951,864,366,397,736,24.35
2008,6,20,21,30,29.1,147,814,819,526,278,706,26.580000000000002
2008,6,20,22,30,27.8,135,628,754,0,81,81,29.21
2008,6,20,23,30,26.3,112,412,650,0,36,37,32.53
2008,6,21,0,30,24.700000000000003,75,190,462,6,93,94,36.410000000000004
2008,6,21,1,30,23,15,17,65,0,11,11,40.82
2008,6,21,2,30,21.5,0,0,0,0,0,0,44.92
2008,6,21,3,30,20.400000000000002,0,0,0,0,0,0,47.59
2008,6,21,4,30,19.700000000000003,0,0,0,0,0,0,48.92
2008,6,21,5,30,19.5,0,0,0,0,0,0,48.94
2008,6,21,6,30,19.3,0,0,0,0,0,0,50.21
2008,6,21,7,30,18.400000000000002,0,0,0,0,0,0,55.75
2008,6,21,8,30,17.5,0,0,0,0,0,0,63.31
2008,6,21,9,30,16.8,0,0,0,0,0,0,71.15
2008,6,21,10,30,16.1,0,0,0,0,0,0,79.09
2008,6,21,11,30,15.9,0,0,0,0,0,0,83.72
2008,6,21,12,30,17.400000000000002,27,42,202,202,27,42,78.22
2008,6,21,13,30,20.1,71,241,586,586,71,241,65.04
2008,6,21,14,30,22.5,92,473,763,763,92,473,50.64
2008,6,21,15,30,24.5,105,690,851,851,105,690,41.02
2008,6,21,16,30,26.200000000000003,114,871,903,903,114,871,35.32
2008,6,21,17,30,27.700000000000003,117,995,930,695,301,957,31.11
2008,6,21,18,30,28.6,118,1055,941,941,118,1055,28.35
2008,6,21,19,30,29,117,1049,942,942,117,1049,26.97
2008,6,21,20,30,29,117,972,922,922,117,972,26.34
2008,6,21,21,30,28.5,125,829,865,865,125,829,26.85
2008,6,21,22,30,27.5,113,641,807,807,113,641,28.400000000000002
2008,6,21,23,30,25.700000000000003,96,420,699,699,96,420,32.43
2008,6,22,0,30,23.8,70,192,488,488,70,192,38.42
2008,6,22,1,30,22.200000000000003,15,17,59,0,11,11,44.62
2008,6,22,2,30,21.1,0,0,0,0,0,0,49.480000000000004
2008,6,22,3,30,20.200000000000003,0,0,0,0,0,0,53.34
2008,6,22,4,30,19.400000000000002,0,0,0,0,0,0,56.5
2008,6,22,5,30,18.7,0,0,0,0,0,0,59.160000000000004
2008,6,22,6,30,18,0,0,0,0,0,0,62.2
2008,6,22,7,30,17.3,0,0,0,0,0,0,66.05
2008,6,22,8,30,16.400000000000002,0,0,0,0,0,0,71.31
2008,6,22,9,30,15.600000000000001,0,0,0,0,0,0,76.42
2008,6,22,10,30,15.200000000000001,0,0,0,0,0,0,79.44
2008,6,22,11,30,15.200000000000001,0,0,0,0,0,0,80.09
2008,6,22,12,30,16.3,25,42,236,0,27,27,74.96000000000001
2008,6,22,13,30,18.5,60,247,643,7,131,133,64.52
2008,6,22,14,30,21.1,74,480,812,122,282,343,50.57
2008,6,22,15,30,23.400000000000002,86,697,889,159,316,425,40.64
2008,6,22,16,30,25.400000000000002,94,873,930,126,448,554,34.24
2008,6,22,17,30,26.8,99,996,951,359,488,827,30.27
2008,6,22,18,30,27.6,118,1050,937,94,514,607,28.09
2008,6,22,19,30,27.900000000000002,119,1041,931,0,291,292,27.36
2008,6,22,20,30,27.700000000000003,119,965,911,193,521,700,27.97
2008,6,22,21,30,27,107,831,889,109,426,515,29.38
2008,6,22,22,30,26.200000000000003,95,647,843,323,330,542,30.62
2008,6,22,23,30,25.400000000000002,80,430,754,272,231,357,31.76
2008,6,23,0,30,24.200000000000003,57,202,576,1,84,84,33.62
2008,6,23,1,30,23,15,19,119,119,15,19,36.15
2008,6,23,2,30,22.1,0,0,0,0,0,0,38.74
2008,6,23,3,30,21.400000000000002,0,0,0,0,0,0,40.95
2008,6,23,4,30,20.6,0,0,0,0,0,0,43.74
2008,6,23,5,30,19.6,0,0,0,0,0,0,47.84
2008,6,23,6,30,18.3,0,0,0,0,0,0,53.85
2008,6,23,7,30,16.900000000000002,0,0,0,0,0,0,61.19
2008,6,23,8,30,15.8,0,0,0,0,0,0,68.58
2008,6,23,9,30,14.9,0,0,0,0,0,0,75.54
2008,6,23,10,30,14.200000000000001,0,0,0,0,0,0,81.49
2008,6,23,11,30,14.100000000000001,0,0,0,0,0,0,83.76
2008,6,23,12,30,15.4,25,42,235,235,25,42,78.19
2008,6,23,13,30,18.3,61,243,630,630,61,243,64.09
2008,6,23,14,30,21.400000000000002,79,476,794,794,79,476,49.21
2008,6,23,15,30,23.8,91,692,876,876,91,692,40.49
2008,6,23,16,30,25.8,98,871,923,923,98,871,34.69
2008,6,23,17,30,27.200000000000003,102,997,950,950,102,997,30.8
2008,6,23,18,30,28.3,110,1055,949,765,241,1002,27.900000000000002
2008,6,23,19,30,29,110,1049,948,948,110,1049,26.080000000000002
2008,6,23,20,30,29.200000000000003,107,976,936,143,485,618,25.12
2008,6,23,21,30,29.1,92,842,920,2,322,323,24.68
2008,6,23,22,30,28.5,83,657,874,243,353,512,24.87
2008,6,23,23,30,27.5,72,437,786,508,156,392,25.75
2008,6,24,0,30,25.900000000000002,53,206,608,2,91,91,27.97
2008,6,24,1,30,24.3,15,20,143,1,15,15,32.02
2008,6,24,2,30,23.200000000000003,0,0,0,0,0,0,35
2008,6,24,3,30,22.5,0,0,0,0,0,0,36
2008,6,24,4,30,21.6,0,0,0,0,0,0,38.42
2008,6,24,5,30,20.700000000000003,0,0,0,0,0,0,42.27
2008,6,24,6,30,19.5,0,0,0,0,0,0,49.07
2008,6,24,7,30,18.2,0,0,0,0,0,0,58.94
2008,6,24,8,30,17,0,0,0,0,0,0,68.29
2008,6,24,9,30,16.2,0,0,0,0,0,0,75.12
2008,6,24,10,30,15.5,0,0,0,0,0,0,80.39
2008,6,24,11,30,15.200000000000001,0,0,0,0,0,0,82.76
2008,6,24,12,30,16.3,24,42,248,248,24,42,77.12
2008,6,24,13,30,18.900000000000002,60,243,636,636,60,243,62.88
2008,6,24,14,30,21.900000000000002,78,474,795,795,78,474,46.62
2008,6,24,15,30,24.400000000000002,87,690,880,880,87,690,37.230000000000004
2008,6,24,16,30,26.200000000000003,93,872,931,931,93,872,32.2
2008,6,24,17,30,27.700000000000003,95,999,959,959,95,999,28.35
2008,6,24,18,30,28.900000000000002,96,1064,973,736,274,1006,25.34
2008,6,24,19,30,29.700000000000003,98,1058,970,970,98,1058,23.23
2008,6,24,20,30,30.200000000000003,96,984,956,956,96,984,21.69
2008,6,24,21,30,30.3,88,850,935,115,432,526,20.900000000000002
2008,6,24,22,30,29.8,82,663,885,885,82,663,20.88
2008,6,24,23,30,28.700000000000003,71,440,793,374,213,386,21.81
2008,6,25,0,30,26.700000000000003,53,208,612,308,107,184,24.650000000000002
2008,6,25,1,30,24.8,16,20,137,0,13,13,29.61
2008,6,25,2,30,23.6,0,0,0,0,0,0,33.02
2008,6,25,3,30,22.400000000000002,0,0,0,0,0,0,37.14
2008,6,25,4,30,20.900000000000002,0,0,0,0,0,0,45.01
2008,6,25,5,30,19.400000000000002,0,0,0,0,0,0,54.97
2008,6,25,6,30,18.2,0,0,0,0,0,0,63.43
2008,6,25,7,30,17.1,0,0,0,0,0,0,70.86
2008,6,25,8,30,16.2,0,0,0,0,0,0,77.04
2008,6,25,9,30,15.5,0,0,0,0,0,0,81.83
2008,6,25,10,30,15,0,0,0,0,0,0,84.58
2008,6,25,11,30,14.700000000000001,0,0,0,0,0,0,85.51
2008,6,25,12,30,15.8,23,42,272,272,23,42,78.45
2008,6,25,13,30,18.6,54,247,672,672,54,247,61.57
2008,6,25,14,30,22,69,480,826,826,69,480,44.67
2008,6,25,15,30,25,79,699,905,905,79,699,33.660000000000004
2008,6,25,16,30,27.200000000000003,85,878,949,949,85,878,27.8
2008,6,25,17,30,28.900000000000002,88,1008,976,976,88,1008,24.12
2008,6,25,18,30,30,103,1068,969,969,103,1068,21.830000000000002
2008,6,25,19,30,30.8,101,1062,971,971,101,1062,20.03
2008,6,25,20,30,31.1,97,989,960,960,97,989,18.8
2008,6,25,21,30,30.900000000000002,89,856,940,940,89,856,18.1
2008,6,25,22,30,30.200000000000003,82,669,892,892,82,669,17.89
2008,6,25,23,30,29,71,446,806,806,71,446,18.330000000000002
2008,6,26,0,30,26.6,53,212,628,628,53,212,20.490000000000002
2008,6,26,1,30,24,16,21,144,144,16,21,25.84
2008,6,26,2,30,22.400000000000002,0,0,0,0,0,0,29.580000000000002
2008,6,26,3,30,21.1,0,0,0,0,0,0,34.22
2008,6,26,4,30,19.6,0,0,0,0,0,0,42.53
2008,6,26,5,30,18.3,0,0,0,0,0,0,52.79
2008,6,26,6,30,17.1,0,0,0,0,0,0,62.39
2008,6,26,7,30,16.1,0,0,0,0,0,0,69.96000000000001
2008,6,26,8,30,15.4,0,0,0,0,0,0,75.18
2008,6,26,9,30,14.700000000000001,0,0,0,0,0,0,79.77
2008,6,26,10,30,14.100000000000001,0,0,0,0,0,0,83.76
2008,6,26,11,30,14,0,0,0,0,0,0,84.78
2008,6,26,12,30,15.4,25,40,229,229,25,40,77.4
2008,6,26,13,30,18.7,60,242,636,636,60,242,61.27
2008,6,26,14,30,22.8,78,475,800,800,78,475,44.160000000000004
2008,6,26,15,30,26.1,89,693,883,883,89,693,31.71
2008,6,26,16,30,28.3,97,873,928,928,97,873,25.46
2008,6,26,17,30,29.900000000000002,102,1000,954,954,102,1000,22.3
2008,6,26,18,30,31,100,1065,970,970,100,1065,20.29
2008,6,26,19,30,31.6,99,1060,971,971,99,1060,19.09
2008,6,26,20,30,31.900000000000002,95,987,959,959,95,987,18.25
2008,6,26,21,30,31.700000000000003,89,852,936,936,89,852,17.91
2008,6,26,22,30,31,81,666,889,318,336,545,18.16
2008,6,26,23,30,29.8,70,444,804,177,255,337,18.96
2008,6,27,0,30,27.5,52,212,630,4,110,111,21.31
2008,6,27,1,30,24.900000000000002,16,21,153,153,16,21,27.47
2008,6,27,2,30,23.5,0,0,0,0,0,0,31
2008,6,27,3,30,22.6,0,0,0,0,0,0,33.33
2008,6,27,4,30,21.6,0,0,0,0,0,0,37.46
2008,6,27,5,30,20.6,0,0,0,0,0,0,44.15
2008,6,27,6,30,19.6,0,0,0,0,0,0,52.51
2008,6,27,7,30,18.900000000000002,0,0,0,0,0,0,59.38
2008,6,27,8,30,18.3,0,0,0,0,0,0,64.73
2008,6,27,9,30,17.6,0,0,0,0,0,0,69.67
2008,6,27,10,30,17.1,0,0,0,0,0,0,73.91
2008,6,27,11,30,16.900000000000002,0,0,0,0,0,0,77.34
2008,6,27,12,30,18.2,24,39,233,233,24,39,73.64
2008,6,27,13,30,21.1,58,241,639,639,58,241,62.36
2008,6,27,14,30,24.3,74,473,804,804,74,473,48.94
2008,6,27,15,30,27.1,85,691,887,887,85,691,35.36
2008,6,27,16,30,29.200000000000003,93,868,927,927,93,868,27.69
2008,6,27,17,30,30.700000000000003,100,993,949,949,100,993,24.07
2008,6,27,18,30,31.5,121,1048,932,932,121,1048,22.19
2008,6,27,19,30,31.900000000000002,129,1038,918,633,302,929,21.09
2008,6,27,20,30,32,133,963,892,892,133,963,20.51
2008,6,27,21,30,31.400000000000002,129,825,852,471,376,760,20.93
2008,6,27,22,30,30.3,117,641,796,217,332,475,22.39
2008,6,27,23,30,29,96,423,701,458,176,390,24.35
2008,6,28,0,30,27.3,68,197,508,0,44,44,27.22
2008,6,28,1,30,25.700000000000003,16,19,73,0,7,7,31.82
2008,6,28,2,30,24.6,0,0,0,0,0,0,36.34
2008,6,28,3,30,23.700000000000003,0,0,0,0,0,0,38.7
2008,6,28,4,30,22.8,0,0,0,0,0,0,41.38
2008,6,28,5,30,21.8,0,0,0,0,0,0,45.230000000000004
2008,6,28,6,30,20.700000000000003,0,0,0,0,0,0,49.99
2008,6,28,7,30,19.6,0,0,0,0,0,0,55.94
2008,6,28,8,30,18.6,0,0,0,0,0,0,61.79
2008,6,28,9,30,17.7,0,0,0,0,0,0,67.27
2008,6,28,10,30,17,0,0,0,0,0,0,71.84
2008,6,28,11,30,16.7,0,0,0,0,0,0,74.71000000000001
2008,6,28,12,30,18,24,38,220,3,27,28,70.62
2008,6,28,13,30,20.6,60,235,616,616,60,235,61.34
2008,6,28,14,30,23.1,81,462,769,769,81,462,51.07
2008,6,28,15,30,24.8,98,672,841,841,98,672,42.96
2008,6,28,16,30,25.6,116,845,873,873,116,845,38.65
2008,6,28,17,30,25.900000000000002,127,968,894,894,127,968,36.82
2008,6,28,18,30,26,136,1032,900,900,136,1032,35.88
2008,6,28,19,30,25.900000000000002,138,1027,897,897,138,1027,35.76
2008,6,28,20,30,25.700000000000003,132,955,884,290,431,701,35.89
2008,6,28,21,30,25.400000000000002,115,825,869,685,219,778,36.26
2008,6,28,22,30,24.900000000000002,104,642,817,817,104,642,37.24
2008,6,28,23,30,24.1,88,425,722,277,216,345,39.02
2008,6,29,0,30,23.1,64,199,532,29,122,129,41.550000000000004
2008,6,29,1,30,21.900000000000002,16,19,87,0,11,11,45.17
2008,6,29,2,30,20.900000000000002,0,0,0,0,0,0,48.550000000000004
2008,6,29,3,30,20.3,0,0,0,0,0,0,50.730000000000004
2008,6,29,4,30,20,0,0,0,0,0,0,51.800000000000004
2008,6,29,5,30,19.6,0,0,0,0,0,0,53.14
2008,6,29,6,30,18.900000000000002,0,0,0,0,0,0,55.550000000000004
2008,6,29,7,30,18.2,0,0,0,0,0,0,58.46
2008,6,29,8,30,17.5,0,0,0,0,0,0,61.730000000000004
2008,6,29,9,30,16.6,0,0,0,0,0,0,66.15
2008,6,29,10,30,15.8,0,0,0,0,0,0,70.98
2008,6,29,11,30,15.5,0,0,0,0,0,0,73.98
2008,6,29,12,30,16.7,24,36,181,181,24,36,70.23
2008,6,29,13,30,19.3,65,232,589,46,153,166,60.65
2008,6,29,14,30,22.200000000000003,85,461,760,760,85,461,48.38
2008,6,29,15,30,24.6,97,676,849,849,97,676,39.13
2008,6,29,16,30,26.6,105,857,901,901,105,857,32.7
2008,6,29,17,30,28.1,109,985,930,930,109,985,28.54
2008,6,29,18,30,29.1,124,1044,925,925,124,1044,25.91
2008,6,29,19,30,29.700000000000003,127,1041,922,922,127,1041,24.240000000000002
2008,6,29,20,30,29.900000000000002,125,968,906,906,125,968,23.330000000000002
2008,6,29,21,30,29.6,114,836,882,882,114,836,23.39
2008,6,29,22,30,28.8,106,649,824,137,317,408,24.18
2008,6,29,23,30,27.6,93,428,717,717,93,428,25.86
2008,6,30,0,30,26.1,67,200,519,519,67,200,28.52
2008,6,30,1,30,24.6,17,19,63,0,15,15,32.15
2008,6,30,2,30,23.6,0,0,0,0,0,0,35.28
2008,6,30,3,30,22.6,0,0,0,0,0,0,39.09
2008,6,30,4,30,21.200000000000003,0,0,0,0,0,0,45.87
2008,6,30,5,30,19.6,0,0,0,0,0,0,55.04
2008,6,30,6,30,18.1,0,0,0,0,0,0,64.61
2008,6,30,7,30,16.900000000000002,0,0,0,0,0,0,72.75
2008,6,30,8,30,16.1,0,0,0,0,0,0,78.3
2008,6,30,9,30,15.5,0,0,0,0,0,0,82.19
2008,6,30,10,30,15.200000000000001,0,0,0,0,0,0,83.63
2008,6,30,11,30,15.100000000000001,0,0,0,0,0,0,83.52
2008,6,30,12,30,15.9,22,37,240,1,22,22,78.53
2008,6,30,13,30,18,53,237,652,3,121,122,66.96000000000001
2008,6,30,14,30,20.700000000000003,68,466,807,2,181,182,54.34
2008,6,30,15,30,23.400000000000002,77,681,887,2,259,260,44.03
2008,6,30,16,30,25.6,84,857,927,0,182,182,37.14
2008,6,30,17,30,27.200000000000003,89,983,951,27,453,478,32.9
2008,6,30,18,30,28,94,1044,955,0,235,236,30.85
2008,6,30,19,30,28.200000000000003,96,1037,950,950,96,1037,30.330000000000002
2008,6,30,20,30,27.700000000000003,95,965,936,936,95,965,31.29
2008,6,30,21,30,26.8,90,831,905,560,249,707,33.36
2008,6,30,22,30,25.8,84,646,852,19,297,310,36.13
2008,6,30,23,30,24.6,74,429,760,0,32,32,39.86
2008,7,1,0,30,23.3,57,201,565,13,91,94,44.56
2008,7,1,1,30,22.1,16,20,106,0,6,6,49.76
2008,7,1,2,30,21.200000000000003,0,0,0,0,0,0,54.56
2008,7,1,3,30,20.3,0,0,0,0,0,0,59.47
2008,7,1,4,30,19.400000000000002,0,0,0,0,0,0,64.84
2008,7,1,5,30,18.5,0,0,0,0,0,0,69.92
2008,7,1,6,30,17.5,0,0,0,0,0,0,75.29
2008,7,1,7,30,16.8,0,0,0,0,0,0,78.23
2008,7,1,8,30,16,0,0,0,0,0,0,80.79
2008,7,1,9,30,15.4,0,0,0,0,0,0,82.11
2008,7,1,10,30,15,0,0,0,0,0,0,82.82000000000001
2008,7,1,11,30,14.700000000000001,0,0,0,0,0,0,83.10000000000001
2008,7,1,12,30,15,20,38,282,2,23,24,80.60000000000001
2008,7,1,13,30,16.400000000000002,49,237,671,11,132,135,72.07000000000001
2008,7,1,14,30,18.7,64,466,818,187,225,316,59.99
2008,7,1,15,30,21.3,74,681,891,36,263,287,49.01
2008,7,1,16,30,23.6,81,858,932,125,431,535,41.67
2008,7,1,17,30,25.3,86,984,955,143,461,595,36.83
2008,7,1,18,30,26.400000000000002,88,1047,965,2,397,399,33.61
2008,7,1,19,30,26.8,90,1043,962,56,493,549,32.13
2008,7,1,20,30,26.6,90,971,947,0,230,230,32.06
2008,7,1,21,30,26.1,85,837,918,81,415,482,32.8
2008,7,1,22,30,25.200000000000003,80,653,868,1,206,206,34.75
2008,7,1,23,30,24,69,435,780,12,198,204,38.06
2008,7,2,0,30,22.6,52,207,608,0,72,73,43.24
2008,7,2,1,30,21.3,15,21,156,0,11,11,50.44
2008,7,2,2,30,20.200000000000003,0,0,0,0,0,0,56.32
2008,7,2,3,30,19.200000000000003,0,0,0,0,0,0,61.92
2008,7,2,4,30,18.400000000000002,0,0,0,0,0,0,66.93
2008,7,2,5,30,17.6,0,0,0,0,0,0,72.09
2008,7,2,6,30,17,0,0,0,0,0,0,76.36
2008,7,2,7,30,16.400000000000002,0,0,0,0,0,0,80.38
2008,7,2,8,30,16,0,0,0,0,0,0,83.2
2008,7,2,9,30,15.700000000000001,0,0,0,0,0,0,85.16
2008,7,2,10,30,15.3,0,0,0,0,0,0,87.25
2008,7,2,11,30,15.200000000000001,0,0,0,0,0,0,87.4
2008,7,2,12,30,15.9,20,36,251,0,9,9,83.09
2008,7,2,13,30,17.8,52,232,645,65,127,146,72.75
2008,7,2,14,30,20.1,68,460,800,32,180,195,61.58
2008,7,2,15,30,22.3,76,674,880,357,265,508,51.46
2008,7,2,16,30,24.1,82,852,925,559,320,786,44.300000000000004
2008,7,2,17,30,25.5,86,978,949,4,396,400,39.76
2008,7,2,18,30,26.200000000000003,87,1042,960,0,152,152,37.61
2008,7,2,19,30,26.200000000000003,88,1036,956,0,82,82,37.52
2008,7,2,20,30,25.400000000000002,88,963,941,1,238,239,39.31
2008,7,2,21,30,24.1,85,831,911,1,173,174,43.35
2008,7,2,22,30,22.6,78,648,863,0,115,116,49.24
2008,7,2,23,30,21.200000000000003,67,431,777,0,58,58,55.86
2008,7,3,0,30,19.900000000000002,50,205,608,1,53,53,63.24
2008,7,3,1,30,18.8,15,21,164,0,8,8,70.62
2008,7,3,2,30,18.1,0,0,0,0,0,0,76.47
2008,7,3,3,30,17.5,0,0,0,0,0,0,81
2008,7,3,4,30,17,0,0,0,0,0,0,84.2
2008,7,3,5,30,16.6,0,0,0,0,0,0,86.17
2008,7,3,6,30,16.2,0,0,0,0,0,0,88.03
2008,7,3,7,30,15.8,0,0,0,0,0,0,89.69
2008,7,3,8,30,15.600000000000001,0,0,0,0,0,0,89.95
2008,7,3,9,30,15.4,0,0,0,0,0,0,90.01
2008,7,3,10,30,15.3,0,0,0,0,0,0,89.51
2008,7,3,11,30,15.3,0,0,0,0,0,0,89.08
2008,7,3,12,30,15.700000000000001,18,35,278,0,10,10,86.63
2008,7,3,13,30,16.900000000000002,45,233,674,0,25,25,80.63
2008,7,3,14,30,18.400000000000002,59,460,819,51,198,223,72.89
2008,7,3,15,30,19.900000000000002,68,673,892,17,221,233,64.5
2008,7,3,16,30,21.1,74,848,930,31,348,374,57.6
2008,7,3,17,30,21.700000000000003,78,974,953,280,396,659,53.93
2008,7,3,18,30,21.8,80,1037,963,187,455,641,52.93
2008,7,3,19,30,21.700000000000003,78,1034,964,43,454,497,53.09
2008,7,3,20,30,21.200000000000003,76,964,953,31,432,461,54.92
2008,7,3,21,30,20.700000000000003,75,832,926,84,368,437,56.82
2008,7,3,22,30,20,69,650,880,401,239,504,59.730000000000004
2008,7,3,23,30,19.1,59,435,803,0,20,20,64.4
2008,7,4,0,30,18,44,209,645,0,34,34,70.99
2008,7,4,1,30,17.2,14,22,202,0,7,7,77.37
2008,7,4,2,30,16.5,0,0,0,0,0,0,82.73
2008,7,4,3,30,16.1,0,0,0,0,0,0,85.87
2008,7,4,4,30,15.700000000000001,0,0,0,0,0,0,88.60000000000001
2008,7,4,5,30,15.4,0,0,0,0,0,0,90.32000000000001
2008,7,4,6,30,15.100000000000001,0,0,0,0,0,0,91.81
2008,7,4,7,30,14.9,0,0,0,0,0,0,92.49
2008,7,4,8,30,14.8,0,0,0,0,0,0,92.61
2008,7,4,9,30,14.700000000000001,0,0,0,0,0,0,92.69
2008,7,4,10,30,14.700000000000001,0,0,0,0,0,0,92.47
2008,7,4,11,30,14.700000000000001,0,0,0,0,0,0,92.11
2008,7,4,12,30,15.200000000000001,20,34,233,0,14,14,89.15
2008,7,4,13,30,16.2,52,229,636,0,47,47,83.03
2008,7,4,14,30,17.7,67,456,797,6,192,195,74.35000000000001
2008,7,4,15,30,19.3,75,670,878,140,369,464,65.08
2008,7,4,16,30,20.900000000000002,80,848,923,545,260,714,57.11
2008,7,4,17,30,22.1,84,974,947,328,387,696,52.050000000000004
2008,7,4,18,30,22.900000000000002,98,1035,943,7,316,323,48.84
2008,7,4,19,30,23.3,97,1030,941,49,488,537,47.45
2008,7,4,20,30,23.1,94,960,930,190,499,676,47.980000000000004
2008,7,4,21,30,22.700000000000003,90,828,901,1,175,176,49.32
2008,7,4,22,30,22,81,647,855,0,80,80,52.06
2008,7,4,23,30,21.1,68,432,776,1,72,73,56.02
2008,7,5,0,30,20,50,206,610,0,15,15,61.51
2008,7,5,1,30,19,15,21,162,0,12,12,68.2
2008,7,5,2,30,18.2,0,0,0,0,0,0,73.16
2008,7,5,3,30,17.6,0,0,0,0,0,0,77.35000000000001
2008,7,5,4,30,17,0,0,0,0,0,0,81.76
2008,7,5,5,30,16.6,0,0,0,0,0,0,85.15
2008,7,5,6,30,16.3,0,0,0,0,0,0,87.82000000000001
2008,7,5,7,30,16.1,0,0,0,0,0,0,89.57000000000001
2008,7,5,8,30,15.9,0,0,0,0,0,0,90.99
2008,7,5,9,30,15.700000000000001,0,0,0,0,0,0,92.29
2008,7,5,10,30,15.600000000000001,0,0,0,0,0,0,92.46000000000001
2008,7,5,11,30,15.4,0,0,0,0,0,0,92.60000000000001
2008,7,5,12,30,15.8,19,33,245,0,8,8,88.89
2008,7,5,13,30,17,48,230,658,1,92,92,80.28
2008,7,5,14,30,19.1,61,458,814,9,201,205,68.96000000000001
2008,7,5,15,30,21.400000000000002,68,672,891,71,334,382,58.84
2008,7,5,16,30,23,75,848,930,163,447,582,52.85
2008,7,5,17,30,23.5,79,974,953,2,374,377,50.44
2008,7,5,18,30,23.400000000000002,82,1036,961,225,529,753,50.34
2008,7,5,19,30,22.900000000000002,82,1033,959,30,481,511,52.39
2008,7,5,20,30,22.200000000000003,82,962,944,12,379,390,55.68
2008,7,5,21,30,21.400000000000002,89,827,901,90,367,441,59.6
2008,7,5,22,30,20.6,80,646,855,69,322,368,64.01
2008,7,5,23,30,19.900000000000002,67,431,776,0,27,27,68.34
2008,7,6,0,30,18.900000000000002,49,207,618,0,26,26,74.17
2008,7,6,1,30,18.1,15,22,179,0,9,9,79.71000000000001
2008,7,6,2,30,17.400000000000002,0,0,0,0,0,0,83.82000000000001
2008,7,6,3,30,16.900000000000002,0,0,0,0,0,0,86.76
2008,7,6,4,30,16.5,0,0,0,0,0,0,89.27
2008,7,6,5,30,16.1,0,0,0,0,0,0,91.95
2008,7,6,6,30,15.9,0,0,0,0,0,0,93.53
2008,7,6,7,30,15.8,0,0,0,0,0,0,94.43
2008,7,6,8,30,15.700000000000001,0,0,0,0,0,0,95.22
2008,7,6,9,30,15.600000000000001,0,0,0,0,0,0,95.92
2008,7,6,10,30,15.5,0,0,0,0,0,0,96.3
2008,7,6,11,30,15.700000000000001,0,0,0,0,0,0,94.92
2008,7,6,12,30,16.400000000000002,19,32,223,1,20,20,90.87
2008,7,6,13,30,17.6,50,226,642,59,128,144,84.23
2008,7,6,14,30,18.900000000000002,65,453,798,22,217,228,75.9
2008,7,6,15,30,20.200000000000003,75,666,874,2,262,264,67.8
2008,7,6,16,30,21.3,82,843,917,84,418,488,61.97
2008,7,6,17,30,22.1,87,969,940,145,469,605,58.47
2008,7,6,18,30,22.6,94,1032,944,193,524,716,56.64
2008,7,6,19,30,22.8,93,1028,943,6,429,435,56.09
2008,7,6,20,30,22.6,89,958,933,110,477,579,56.99
2008,7,6,21,30,22,86,827,904,5,252,257,59.78
2008,7,6,22,30,21,78,645,856,0,82,82,64.87
2008,7,6,23,30,19.900000000000002,67,430,773,2,103,103,71.59
2008,7,7,0,30,18.900000000000002,50,204,601,483,24,148,78.35000000000001
2008,7,7,1,30,18.2,15,21,139,0,10,10,83.98
2008,7,7,2,30,17.8,0,0,0,0,0,0,87.31
2008,7,7,3,30,17.6,0,0,0,0,0,0,88.88
2008,7,7,4,30,17.3,0,0,0,0,0,0,90.34
2008,7,7,5,30,17.1,0,0,0,0,0,0,90.79
2008,7,7,6,30,16.8,0,0,0,0,0,0,91.83
2008,7,7,7,30,16.5,0,0,0,0,0,0,92.75
2008,7,7,8,30,16.3,0,0,0,0,0,0,92.47
2008,7,7,9,30,16,0,0,0,0,0,0,92.74
2008,7,7,10,30,15.8,0,0,0,0,0,0,92.75
2008,7,7,11,30,15.600000000000001,0,0,0,0,0,0,92.87
2008,7,7,12,30,16.2,18,32,261,261,18,32,88.88
2008,7,7,13,30,17.900000000000002,47,227,660,660,47,227,79.12
2008,7,7,14,30,20.3,62,455,808,23,225,237,65.3
2008,7,7,15,30,22.8,70,668,884,267,343,524,52.33
2008,7,7,16,30,24.700000000000003,76,846,928,2,330,332,45.26
2008,7,7,17,30,26,79,973,952,0,120,120,41.980000000000004
2008,7,7,18,30,26.6,80,1037,963,192,518,709,40.9
2008,7,7,19,30,26.400000000000002,80,1033,961,1,300,301,41.52
2008,7,7,20,30,25.5,79,964,949,350,401,727,44.39
2008,7,7,21,30,24.400000000000002,96,825,889,188,345,498,48.56
2008,7,7,22,30,23.200000000000003,95,640,823,823,95,640,53.75
2008,7,7,23,30,21.900000000000002,86,422,716,0,102,102,60.07
2008,7,8,0,30,20.6,65,196,513,53,116,129,67.04
2008,7,8,1,30,19.6,16,19,76,0,13,13,73.89
2008,7,8,2,30,18.7,0,0,0,0,0,0,79.83
2008,7,8,3,30,17.900000000000002,0,0,0,0,0,0,84.41
2008,7,8,4,30,17.1,0,0,0,0,0,0,88.26
2008,7,8,5,30,16.3,0,0,0,0,0,0,91.01
2008,7,8,6,30,15.700000000000001,0,0,0,0,0,0,90.32000000000001
2008,7,8,7,30,15.200000000000001,0,0,0,0,0,0,89.58
2008,7,8,8,30,14.8,0,0,0,0,0,0,90.46000000000001
2008,7,8,9,30,14.600000000000001,0,0,0,0,0,0,90.8
2008,7,8,10,30,14.4,0,0,0,0,0,0,91.39
2008,7,8,11,30,14.5,0,0,0,0,0,0,90.52
2008,7,8,12,30,15.4,17,32,267,0,7,7,85.78
2008,7,8,13,30,17,46,228,668,668,46,228,78.05
2008,7,8,14,30,18.900000000000002,61,456,815,0,85,85,68.52
2008,7,8,15,30,20.700000000000003,69,671,891,1,207,208,60.1
2008,7,8,16,30,22.3,75,849,933,2,315,316,53.79
2008,7,8,17,30,23.700000000000003,78,976,957,8,421,428,48.97
2008,7,8,18,30,24.700000000000003,78,1040,968,23,474,496,45.75
2008,7,8,19,30,25.1,77,1037,968,116,498,613,44.59
2008,7,8,20,30,24.900000000000002,75,968,958,2,361,362,45.25
2008,7,8,21,30,23.900000000000002,71,836,932,261,430,644,48.32
2008,7,8,22,30,22.6,66,654,889,464,273,580,52.300000000000004
2008,7,8,23,30,21.400000000000002,57,440,816,32,190,206,55.64
2008,7,9,0,30,19.900000000000002,42,212,665,10,84,86,59.58
2008,7,9,1,30,18.400000000000002,14,23,242,0,11,11,64.74
2008,7,9,2,30,17.1,0,0,0,0,0,0,70.71000000000001
2008,7,9,3,30,16.1,0,0,0,0,0,0,76.73
2008,7,9,4,30,15.3,0,0,0,0,0,0,82.9
2008,7,9,5,30,14.8,0,0,0,0,0,0,86.37
2008,7,9,6,30,14.4,0,0,0,0,0,0,87.51
2008,7,9,7,30,14,0,0,0,0,0,0,88.7
2008,7,9,8,30,13.700000000000001,0,0,0,0,0,0,89.64
2008,7,9,9,30,13.4,0,0,0,0,0,0,90.66
2008,7,9,10,30,13.200000000000001,0,0,0,0,0,0,91.16
2008,7,9,11,30,13.100000000000001,0,0,0,0,0,0,91.19
2008,7,9,12,30,14,17,32,287,287,17,32,85.57000000000001
2008,7,9,13,30,16,44,229,679,2,98,99,74.97
2008,7,9,14,30,18.5,58,457,824,8,198,202,63.39
2008,7,9,15,30,20.6,68,672,895,2,258,259,54.57
2008,7,9,16,30,22.3,74,849,934,1,273,274,48.45
2008,7,9,17,30,23.700000000000003,79,976,956,0,195,195,44.04
2008,7,9,18,30,24.400000000000002,82,1041,966,5,423,428,42.15
2008,7,9,19,30,24.8,81,1037,964,0,268,269,41.35
2008,7,9,20,30,24.900000000000002,80,967,952,24,446,469,41.74
2008,7,9,21,30,24.400000000000002,92,831,901,0,200,200,43.68
2008,7,9,22,30,23.3,90,646,841,1,232,232,47.02
2008,7,9,23,30,21.8,78,429,747,0,118,118,51.6
2008,7,10,0,30,20.3,56,203,575,0,55,55,56.54
2008,7,10,1,30,18.8,15,20,139,139,15,20,61.620000000000005
2008,7,10,2,30,17.400000000000002,0,0,0,0,0,0,66.49
2008,7,10,3,30,16,0,0,0,0,0,0,71.60000000000001
2008,7,10,4,30,14.700000000000001,0,0,0,0,0,0,77.24
2008,7,10,5,30,13.700000000000001,0,0,0,0,0,0,82.48
2008,7,10,6,30,13.100000000000001,0,0,0,0,0,0,86.2
2008,7,10,7,30,12.700000000000001,0,0,0,0,0,0,88.33
2008,7,10,8,30,12.4,0,0,0,0,0,0,89.06
2008,7,10,9,30,12,0,0,0,0,0,0,89.25
2008,7,10,10,30,11.600000000000001,0,0,0,0,0,0,88.84
2008,7,10,11,30,11.3,0,0,0,0,0,0,89.36
2008,7,10,12,30,12.3,17,32,283,0,16,16,83.57000000000001
2008,7,10,13,30,14.9,45,232,692,692,45,232,69.11
2008,7,10,14,30,18.1,59,464,838,838,59,464,56.09
2008,7,10,15,30,21.3,66,682,914,12,301,309,47.04
2008,7,10,16,30,23.900000000000002,71,861,953,42,406,441,41.15
2008,7,10,17,30,25.900000000000002,74,987,974,3,392,395,37.01
2008,7,10,18,30,27,78,1051,979,121,505,625,34.69
2008,7,10,19,30,27,80,1046,975,130,510,639,34.57
2008,7,10,20,30,26.400000000000002,80,974,958,65,466,526,35.94
2008,7,10,21,30,25.400000000000002,82,838,922,922,82,838,38.38
2008,7,10,22,30,24.200000000000003,77,655,874,874,77,655,41.78
2008,7,10,23,30,23,66,438,792,792,66,438,45.65
2008,7,11,0,30,21.5,49,208,622,622,49,208,50.86
2008,7,11,1,30,20,15,21,172,172,15,21,57.68
2008,7,11,2,30,18.8,0,0,0,0,0,0,63.78
2008,7,11,3,30,17.7,0,0,0,0,0,0,69.14
2008,7,11,4,30,16.7,0,0,0,0,0,0,74.54
2008,7,11,5,30,15.700000000000001,0,0,0,0,0,0,80.26
2008,7,11,6,30,14.9,0,0,0,0,0,0,84.33
2008,7,11,7,30,14.4,0,0,0,0,0,0,85.91
2008,7,11,8,30,13.9,0,0,0,0,0,0,87.27
2008,7,11,9,30,13.200000000000001,0,0,0,0,0,0,90.3
2008,7,11,10,30,12.600000000000001,0,0,0,0,0,0,93.45
2008,7,11,11,30,12.5,0,0,0,0,0,0,93.69
2008,7,11,12,30,13.9,17,30,259,0,10,10,85.28
2008,7,11,13,30,16.6,47,227,670,670,47,227,71.64
2008,7,11,14,30,19.8,62,459,822,0,136,136,57.620000000000005
2008,7,11,15,30,22.5,72,676,897,18,307,319,47.64
2008,7,11,16,30,24.700000000000003,79,855,937,1,308,309,41.230000000000004
2008,7,11,17,30,26.3,84,983,959,1,336,337,37.26
2008,7,11,18,30,27.200000000000003,99,1043,951,48,495,543,35.39
2008,7,11,19,30,27.3,102,1038,945,230,461,689,35.31
2008,7,11,20,30,26.700000000000003,100,966,929,411,370,754,36.660000000000004
2008,7,11,21,30,25.6,95,832,899,247,360,562,39.45
2008,7,11,22,30,24.200000000000003,88,648,846,586,202,589,44.01
2008,7,11,23,30,22.700000000000003,77,430,753,642,122,423,49.79
2008,7,12,0,30,21.200000000000003,57,201,567,2,61,61,56.56
2008,7,12,1,30,19.8,15,19,119,0,11,11,64.07000000000001
2008,7,12,2,30,18.8,0,0,0,0,0,0,68.91
2008,7,12,3,30,17.900000000000002,0,0,0,0,0,0,72.65
2008,7,12,4,30,17,0,0,0,0,0,0,76.02
2008,7,12,5,30,16.1,0,0,0,0,0,0,79.47
2008,7,12,6,30,15.4,0,0,0,0,0,0,82.41
2008,7,12,7,30,14.700000000000001,0,0,0,0,0,0,85.99
2008,7,12,8,30,14.200000000000001,0,0,0,0,0,0,88.51
2008,7,12,9,30,13.8,0,0,0,0,0,0,90.16
2008,7,12,10,30,13.5,0,0,0,0,0,0,90.9
2008,7,12,11,30,13.5,0,0,0,0,0,0,89.77
2008,7,12,12,30,14.200000000000001,18,27,192,0,11,11,84.95
2008,7,12,13,30,16.3,54,219,615,55,126,140,73.18
2008,7,12,14,30,19.200000000000003,72,449,785,474,169,397,60.03
2008,7,12,15,30,22,81,667,871,384,259,518,49.68
2008,7,12,16,30,24,88,850,921,538,258,704,42.910000000000004
2008,7,12,17,30,25.400000000000002,92,979,946,946,92,979,38.58
2008,7,12,18,30,26.200000000000003,94,1045,957,957,94,1045,36.03
2008,7,12,19,30,26.5,94,1043,958,466,369,831,34.59
2008,7,12,20,30,26.5,91,973,947,599,343,902,33.87
2008,7,12,21,30,26.3,108,833,884,80,367,433,33.6
2008,7,12,22,30,25.8,97,651,836,14,267,276,33.75
2008,7,12,23,30,25,80,435,756,3,117,119,34.22
2008,7,13,0,30,23.1,56,207,591,0,38,39,39.550000000000004
2008,7,13,1,30,20.8,15,21,149,0,13,13,50.660000000000004
2008,7,13,2,30,19.200000000000003,0,0,0,0,0,0,52.25
2008,7,13,3,30,17.8,0,0,0,0,0,0,54.38
2008,7,13,4,30,16.5,0,0,0,0,0,0,58.95
2008,7,13,5,30,15.5,0,0,0,0,0,0,65.48
2008,7,13,6,30,14.600000000000001,0,0,0,0,0,0,74.22
2008,7,13,7,30,13.8,0,0,0,0,0,0,83.34
2008,7,13,8,30,13.3,0,0,0,0,0,0,89.96000000000001
2008,7,13,9,30,13,0,0,0,0,0,0,94.03
2008,7,13,10,30,12.8,0,0,0,0,0,0,96.02
2008,7,13,11,30,12.9,0,0,0,0,0,0,95.01
2008,7,13,12,30,14.100000000000001,17,29,250,250,17,29,87.06
2008,7,13,13,30,17,48,229,680,680,48,229,71.97
2008,7,13,14,30,20.900000000000002,62,466,841,841,62,466,53.07
2008,7,13,15,30,24.200000000000003,70,688,921,921,70,688,37.99
2008,7,13,16,30,26.5,74,872,965,965,74,872,32.160000000000004
2008,7,13,17,30,28.3,76,1003,990,990,76,1003,28.150000000000002
2008,7,13,18,30,29.5,84,1070,993,993,84,1070,25.55
2008,7,13,19,30,30.3,84,1065,990,990,84,1065,23.84
2008,7,13,20,30,30.5,83,992,974,974,83,992,23.19
2008,7,13,21,30,30.400000000000002,82,857,945,138,454,567,22.81
2008,7,13,22,30,29.700000000000003,77,669,894,894,77,669,23.22
2008,7,13,23,30,28.3,66,447,812,812,66,447,24.52
2008,7,14,0,30,25.5,49,214,646,646,49,214,28.91
2008,7,14,1,30,22.6,15,21,183,183,15,21,39.85
2008,7,14,2,30,21.1,0,0,0,0,0,0,44.37
2008,7,14,3,30,19.900000000000002,0,0,0,0,0,0,48.13
2008,7,14,4,30,18.7,0,0,0,0,0,0,53.29
2008,7,14,5,30,17.6,0,0,0,0,0,0,59.53
2008,7,14,6,30,16.5,0,0,0,0,0,0,67.68
2008,7,14,7,30,15.5,0,0,0,0,0,0,76.3
2008,7,14,8,30,14.700000000000001,0,0,0,0,0,0,83.69
2008,7,14,9,30,14,0,0,0,0,0,0,89.92
2008,7,14,10,30,13.4,0,0,0,0,0,0,94.55
2008,7,14,11,30,13.4,0,0,0,0,0,0,94.63
2008,7,14,12,30,14.8,16,28,257,257,16,28,85.81
2008,7,14,13,30,18,47,231,696,696,47,231,68.57000000000001
2008,7,14,14,30,21.6,61,470,855,855,61,470,48.17
2008,7,14,15,30,24.5,70,696,933,933,70,696,34.44
2008,7,14,16,30,26.6,76,882,974,974,76,882,27.060000000000002
2008,7,14,17,30,28.3,80,1014,997,997,80,1014,22.56
2008,7,14,18,30,29.5,84,1078,1001,1001,84,1078,20.09
2008,7,14,19,30,30.200000000000003,84,1077,1001,1001,84,1077,19.1
2008,7,14,20,30,30.5,83,1002,986,986,83,1002,18.87
2008,7,14,21,30,30.400000000000002,84,864,952,952,84,864,19.18
2008,7,14,22,30,29.8,77,674,902,902,77,674,19.990000000000002
2008,7,14,23,30,28.5,68,449,813,813,68,449,21.64
2008,7,15,0,30,25.8,51,213,638,638,51,213,25.810000000000002
2008,7,15,1,30,23.200000000000003,15,20,160,0,11,11,36.06
2008,7,15,2,30,21.900000000000002,0,0,0,0,0,0,40.02
2008,7,15,3,30,20.8,0,0,0,0,0,0,44.5
2008,7,15,4,30,19.900000000000002,0,0,0,0,0,0,50.63
2008,7,15,5,30,19,0,0,0,0,0,0,57.96
2008,7,15,6,30,18,0,0,0,0,0,0,66.02
2008,7,15,7,30,17,0,0,0,0,0,0,73.3
2008,7,15,8,30,15.9,0,0,0,0,0,0,80.69
2008,7,15,9,30,15.100000000000001,0,0,0,0,0,0,86.22
2008,7,15,10,30,14.4,0,0,0,0,0,0,90.42
2008,7,15,11,30,14.100000000000001,0,0,0,0,0,0,91.52
2008,7,15,12,30,15.5,17,26,208,208,17,26,82.23
2008,7,15,13,30,19,51,225,660,660,51,225,61.730000000000004
2008,7,15,14,30,23,67,463,828,828,67,463,40.77
2008,7,15,15,30,26,77,688,911,911,77,688,30.36
2008,7,15,16,30,27.900000000000002,83,876,960,960,83,876,26.98
2008,7,15,17,30,29.400000000000002,87,1009,985,985,87,1009,23.6
2008,7,15,18,30,30.400000000000002,94,1076,989,989,94,1076,20.86
2008,7,15,19,30,31,94,1074,988,988,94,1074,18.8
2008,7,15,20,30,31.3,92,1000,973,973,92,1000,17.26
2008,7,15,21,30,31,90,864,944,944,90,864,16.63
2008,7,15,22,30,30.3,83,675,896,896,83,675,16.8
2008,7,15,23,30,29,71,450,809,809,71,450,17.61
2008,7,16,0,30,25.8,53,213,634,237,122,182,21.69
2008,7,16,1,30,22.400000000000002,15,20,142,142,15,20,33.93
2008,7,16,2,30,20.8,0,0,0,0,0,0,38.53
2008,7,16,3,30,19.6,0,0,0,0,0,0,43.29
2008,7,16,4,30,18.400000000000002,0,0,0,0,0,0,49.79
2008,7,16,5,30,17.3,0,0,0,0,0,0,56.22
2008,7,16,6,30,16.400000000000002,0,0,0,0,0,0,61.81
2008,7,16,7,30,15.600000000000001,0,0,0,0,0,0,67.1
2008,7,16,8,30,14.9,0,0,0,0,0,0,72.35000000000001
2008,7,16,9,30,14.4,0,0,0,0,0,0,76.69
2008,7,16,10,30,13.9,0,0,0,0,0,0,81.14
2008,7,16,11,30,14.100000000000001,0,0,0,0,0,0,81.51
2008,7,16,12,30,16.1,17,25,201,201,17,25,72.43
2008,7,16,13,30,20.1,50,226,672,672,50,226,55.72
2008,7,16,14,30,24,66,467,841,841,66,467,35.61
2008,7,16,15,30,26.700000000000003,75,691,921,921,75,691,27.25
2008,7,16,16,30,28.5,82,878,964,964,82,878,22.61
2008,7,16,17,30,29.900000000000002,86,1012,989,989,86,1012,19.11
2008,7,16,18,30,31,90,1079,997,997,90,1079,16.54
2008,7,16,19,30,31.6,89,1078,997,997,89,1078,14.870000000000001
2008,7,16,20,30,31.8,87,1007,987,987,87,1007,13.85
2008,7,16,21,30,31.5,84,871,960,960,84,871,13.68
2008,7,16,22,30,30.8,77,682,914,914,77,682,14.21
2008,7,16,23,30,29.3,67,454,828,828,67,454,15.530000000000001
2008,7,17,0,30,26,50,215,653,653,50,215,19.91
2008,7,17,1,30,22.6,14,20,163,163,14,20,31.970000000000002
2008,7,17,2,30,21,0,0,0,0,0,0,36.82
2008,7,17,3,30,19.8,0,0,0,0,0,0,41.81
2008,7,17,4,30,18.7,0,0,0,0,0,0,47.57
2008,7,17,5,30,17.7,0,0,0,0,0,0,52.84
2008,7,17,6,30,16.8,0,0,0,0,0,0,58.160000000000004
2008,7,17,7,30,15.9,0,0,0,0,0,0,63.54
2008,7,17,8,30,15.100000000000001,0,0,0,0,0,0,68.06
2008,7,17,9,30,14.4,0,0,0,0,0,0,71.9
2008,7,17,10,30,13.9,0,0,0,0,0,0,75.08
2008,7,17,11,30,14,0,0,0,0,0,0,75.35000000000001
2008,7,17,12,30,15.9,17,23,142,142,17,23,67.6
2008,7,17,13,30,19.5,59,214,591,591,59,214,54.5
2008,7,17,14,30,23.1,81,447,769,203,255,352,38.65
2008,7,17,15,30,25.8,95,665,854,854,95,665,29.580000000000002
2008,7,17,16,30,27.5,106,848,900,900,106,848,26.46
2008,7,17,17,30,28.5,113,980,927,927,113,980,25.14
2008,7,17,18,30,29.3,111,1049,945,945,111,1049,24.310000000000002
2008,7,17,19,30,29.8,110,1046,944,944,110,1046,23.93
2008,7,17,20,30,29.900000000000002,108,975,930,930,108,975,23.990000000000002
2008,7,17,21,30,29.400000000000002,104,839,896,147,456,577,24.8
2008,7,17,22,30,28.400000000000002,97,651,839,130,373,459,26.48
2008,7,17,23,30,27.1,84,430,742,0,98,98,29.09
2008,7,18,0,30,25.200000000000003,60,199,552,0,11,11,33.83
2008,7,18,1,30,23.6,14,17,88,0,9,9,45.35
2008,7,18,2,30,22.8,0,0,0,0,0,0,49.660000000000004
2008,7,18,3,30,22.1,0,0,0,0,0,0,52.870000000000005
2008,7,18,4,30,21.200000000000003,0,0,0,0,0,0,58.69
2008,7,18,5,30,20.400000000000002,0,0,0,0,0,0,61.870000000000005
2008,7,18,6,30,19.6,0,0,0,0,0,0,64.89
2008,7,18,7,30,18.7,0,0,0,0,0,0,68.22
2008,7,18,8,30,17.6,0,0,0,0,0,0,73.01
2008,7,18,9,30,16.7,0,0,0,0,0,0,77.95
2008,7,18,10,30,15.9,0,0,0,0,0,0,82.84
2008,7,18,11,30,15.700000000000001,0,0,0,0,0,0,84.36
2008,7,18,12,30,17,16,22,144,0,6,6,78.57000000000001
2008,7,18,13,30,19.5,55,210,596,596,55,210,67.99
2008,7,18,14,30,22,74,441,773,31,234,249,56.15
2008,7,18,15,30,23.700000000000003,90,659,853,91,360,420,47.94
2008,7,18,16,30,24.6,101,840,897,420,386,732,44.06
2008,7,18,17,30,25.1,107,969,921,921,107,969,41.84
2008,7,18,18,30,25.400000000000002,107,1037,938,938,107,1037,40.45
2008,7,18,19,30,25.700000000000003,105,1036,940,43,464,507,39.07
2008,7,18,20,30,25.8,101,967,929,564,289,815,38.230000000000004
2008,7,18,21,30,25.6,95,835,903,7,276,282,38.03
2008,7,18,22,30,25.1,86,651,855,1,161,162,38.87
2008,7,18,23,30,24.200000000000003,75,431,763,545,172,426,41.47
2008,7,19,0,30,22.8,55,199,575,495,35,160,47.69
2008,7,19,1,30,21.5,14,17,109,0,9,9,61.28
2008,7,19,2,30,20.6,0,0,0,0,0,0,66.61
2008,7,19,3,30,19.8,0,0,0,0,0,0,69.64
2008,7,19,4,30,19,0,0,0,0,0,0,73.07000000000001
2008,7,19,5,30,18.400000000000002,0,0,0,0,0,0,75.58
2008,7,19,6,30,17.900000000000002,0,0,0,0,0,0,77.86
2008,7,19,7,30,17.400000000000002,0,0,0,0,0,0,80.99
2008,7,19,8,30,17,0,0,0,0,0,0,83.91
2008,7,19,9,30,16.7,0,0,0,0,0,0,85.81
2008,7,19,10,30,16.5,0,0,0,0,0,0,86.71000000000001
2008,7,19,11,30,16.3,0,0,0,0,0,0,86.75
2008,7,19,12,30,16.400000000000002,16,21,124,0,11,11,83.99
2008,7,19,13,30,17,59,206,570,232,114,174,77.53
2008,7,19,14,30,18.1,82,436,747,30,184,199,68.69
2008,7,19,15,30,19.6,97,653,833,833,97,653,60.230000000000004
2008,7,19,16,30,21.200000000000003,109,833,878,878,109,833,53.38
2008,7,19,17,30,22.5,116,963,906,906,116,963,49.01
2008,7,19,18,30,23.3,119,1030,919,91,474,564,46.7
2008,7,19,19,30,23.5,117,1030,921,0,112,112,46.38
2008,7,19,20,30,23.400000000000002,113,960,909,160,470,620,47.07
2008,7,19,21,30,22.8,109,827,877,663,208,751,49.15
2008,7,19,22,30,21.900000000000002,100,643,821,64,326,368,52.300000000000004
2008,7,19,23,30,20.700000000000003,86,423,723,3,119,121,56.95
2008,7,20,0,30,19.400000000000002,62,195,533,0,4,4,62.43
2008,7,20,1,30,18.2,13,16,81,0,8,8,68.89
2008,7,20,2,30,17.400000000000002,0,0,0,0,0,0,73.94
2008,7,20,3,30,16.8,0,0,0,0,0,0,77.28
2008,7,20,4,30,16.2,0,0,0,0,0,0,80.01
2008,7,20,5,30,15.600000000000001,0,0,0,0,0,0,82.43
2008,7,20,6,30,14.9,0,0,0,0,0,0,85.38
2008,7,20,7,30,14.200000000000001,0,0,0,0,0,0,88.54
2008,7,20,8,30,13.700000000000001,0,0,0,0,0,0,90.49
2008,7,20,9,30,13.200000000000001,0,0,0,0,0,0,92.34
2008,7,20,10,30,12.8,0,0,0,0,0,0,93.52
2008,7,20,11,30,12.700000000000001,0,0,0,0,0,0,92.85000000000001
2008,7,20,12,30,13.5,16,20,130,0,4,4,86.44
2008,7,20,13,30,15.8,56,210,598,0,4,4,70.65
2008,7,20,14,30,19.3,74,445,784,164,258,336,50.77
2008,7,20,15,30,22.6,85,667,874,874,85,667,36.45
2008,7,20,16,30,25,91,850,922,922,91,850,31.560000000000002
2008,7,20,17,30,26.8,94,983,951,951,94,983,29.25
2008,7,20,18,30,28.200000000000003,104,1046,950,950,104,1046,27.82
2008,7,20,19,30,28.8,108,1041,942,942,108,1041,27.69
2008,7,20,20,30,28.6,111,965,916,916,111,965,28.66
2008,7,20,21,30,27.6,109,829,879,879,109,829,30.96
2008,7,20,22,30,26.200000000000003,103,641,814,602,208,606,34.550000000000004
2008,7,20,23,30,24.8,90,421,710,710,90,421,38.64
2008,7,21,0,30,23.200000000000003,65,192,512,512,65,192,43.86
2008,7,21,1,30,21.700000000000003,13,15,61,0,8,8,49.9
2008,7,21,2,30,20.400000000000002,0,0,0,0,0,0,55.57
2008,7,21,3,30,19,0,0,0,0,0,0,61.51
2008,7,21,4,30,17.5,0,0,0,0,0,0,68.95
2008,7,21,5,30,16.1,0,0,0,0,0,0,77.29
2008,7,21,6,30,15.200000000000001,0,0,0,0,0,0,84
2008,7,21,7,30,14.700000000000001,0,0,0,0,0,0,87.98
2008,7,21,8,30,14.4,0,0,0,0,0,0,89.84
2008,7,21,9,30,14.200000000000001,0,0,0,0,0,0,90.49
2008,7,21,10,30,14,0,0,0,0,0,0,90.39
2008,7,21,11,30,13.700000000000001,0,0,0,0,0,0,89.97
2008,7,21,12,30,14.200000000000001,14,21,202,0,11,11,84.58
2008,7,21,13,30,16.400000000000002,47,217,664,33,114,123,68.61
2008,7,21,14,30,19.5,64,452,824,183,253,339,49.9
2008,7,21,15,30,22.6,74,676,905,611,170,576,34.84
2008,7,21,16,30,24.8,81,862,948,667,180,729,27.89
2008,7,21,17,30,26.3,86,997,975,724,212,888,24.490000000000002
2008,7,21,18,30,27.200000000000003,87,1065,987,779,191,964,22.45
2008,7,21,19,30,27.700000000000003,88,1067,989,702,242,938,21.23
2008,7,21,20,30,27.8,87,996,976,661,262,878,20.85
2008,7,21,21,30,27.5,91,858,937,700,214,787,21.23
2008,7,21,22,30,26.8,83,667,886,509,226,562,22.28
2008,7,21,23,30,25.400000000000002,72,443,798,27,168,181,24.91
2008,7,22,0,30,23.3,53,205,612,165,115,156,32.01
2008,7,22,1,30,21.400000000000002,13,16,122,0,9,9,40.38
2008,7,22,2,30,20.200000000000003,0,0,0,0,0,0,42.71
2008,7,22,3,30,19.1,0,0,0,0,0,0,44.56
2008,7,22,4,30,17.900000000000002,0,0,0,0,0,0,47.4
2008,7,22,5,30,16.8,0,0,0,0,0,0,50.97
2008,7,22,6,30,15.9,0,0,0,0,0,0,55.300000000000004
2008,7,22,7,30,15.100000000000001,0,0,0,0,0,0,60.74
2008,7,22,8,30,14.4,0,0,0,0,0,0,66.33
2008,7,22,9,30,13.9,0,0,0,0,0,0,70.7
2008,7,22,10,30,13.5,0,0,0,0,0,0,73.37
2008,7,22,11,30,13.3,0,0,0,0,0,0,73.07000000000001
2008,7,22,12,30,14.700000000000001,14,21,200,200,14,21,64.3
2008,7,22,13,30,18.2,48,219,670,670,48,219,48.65
2008,7,22,14,30,22.1,64,457,834,834,64,457,34.08
2008,7,22,15,30,25,74,681,913,913,74,681,28.86
2008,7,22,16,30,27.1,81,866,955,955,81,866,26.27
2008,7,22,17,30,28.700000000000003,85,999,979,979,85,999,24.17
2008,7,22,18,30,29.900000000000002,94,1064,979,979,94,1064,22.46
2008,7,22,19,30,30.5,96,1062,975,975,96,1062,21.41
2008,7,22,20,30,30.6,95,988,959,959,95,988,20.89
2008,7,22,21,30,30.3,92,852,930,930,92,852,20.8
2008,7,22,22,30,29.400000000000002,85,664,880,80,356,409,21.46
2008,7,22,23,30,27.900000000000002,73,440,790,11,205,210,23.09
2008,7,23,0,30,25.200000000000003,52,204,615,615,52,204,27.310000000000002
2008,7,23,1,30,22.6,13,16,127,0,8,8,35.96
2008,7,23,2,30,21.1,0,0,0,0,0,0,39.61
2008,7,23,3,30,19.900000000000002,0,0,0,0,0,0,43.09
2008,7,23,4,30,18.6,0,0,0,0,0,0,48.1
2008,7,23,5,30,17.3,0,0,0,0,0,0,54.19
2008,7,23,6,30,16.2,0,0,0,0,0,0,60.24
2008,7,23,7,30,15.5,0,0,0,0,0,0,65.32000000000001
2008,7,23,8,30,15.3,0,0,0,0,0,0,69.11
2008,7,23,9,30,15.3,0,0,0,0,0,0,71.94
2008,7,23,10,30,15.100000000000001,0,0,0,0,0,0,74.54
2008,7,23,11,30,14.9,0,0,0,0,0,0,75.28
2008,7,23,12,30,16.400000000000002,14,19,172,172,14,19,67.03
2008,7,23,13,30,19.900000000000002,49,214,650,650,49,214,53.42
2008,7,23,14,30,23.200000000000003,65,452,822,822,65,452,41.51
2008,7,23,15,30,25.6,75,678,907,907,75,678,33.19
2008,7,23,16,30,27.400000000000002,81,865,953,953,81,865,27.94
2008,7,23,17,30,28.8,86,996,974,974,86,996,24.86
2008,7,23,18,30,29.8,90,1061,980,980,90,1061,23.42
2008,7,23,19,30,30.200000000000003,93,1060,977,763,248,1004,23.25
2008,7,23,20,30,30.1,94,983,956,956,94,983,24
2008,7,23,21,30,29.5,93,845,920,920,93,845,25.57
2008,7,23,22,30,28.200000000000003,89,655,861,861,89,655,28.060000000000002
2008,7,23,23,30,26.5,77,432,766,766,77,432,31.37
2008,7,24,0,30,24.3,56,198,576,576,56,198,36.09
2008,7,24,1,30,22.3,12,14,88,88,12,14,42.97
2008,7,24,2,30,20.700000000000003,0,0,0,0,0,0,50.18
2008,7,24,3,30,19.5,0,0,0,0,0,0,57.36
2008,7,24,4,30,18.6,0,0,0,0,0,0,64.65
2008,7,24,5,30,17.8,0,0,0,0,0,0,71.21000000000001
2008,7,24,6,30,17.2,0,0,0,0,0,0,75.64
2008,7,24,7,30,16.6,0,0,0,0,0,0,79.24
2008,7,24,8,30,16.1,0,0,0,0,0,0,82.08
2008,7,24,9,30,15.8,0,0,0,0,0,0,83.75
2008,7,24,10,30,15.4,0,0,0,0,0,0,85.94
2008,7,24,11,30,15.3,0,0,0,0,0,0,86.54
2008,7,24,12,30,16.7,14,18,129,129,14,18,79.41
2008,7,24,13,30,19.400000000000002,50,209,630,630,50,209,64.77
2008,7,24,14,30,21.8,63,447,818,818,63,447,49.95
2008,7,24,15,30,23.8,71,670,903,903,71,670,41.11
2008,7,24,16,30,25.6,76,853,946,946,76,853,35.980000000000004
2008,7,24,17,30,27.200000000000003,79,986,971,971,79,986,32.480000000000004
2008,7,24,18,30,28.5,87,1051,973,973,87,1051,29.94
2008,7,24,19,30,29.200000000000003,88,1049,972,128,514,640,28.43
2008,7,24,20,30,29.400000000000002,87,977,957,165,441,594,27.8
2008,7,24,21,30,28.900000000000002,83,841,927,523,274,701,28.5
2008,7,24,22,30,27.8,78,652,874,30,308,327,30.52
2008,7,24,23,30,26.200000000000003,69,429,780,520,132,372,34.47
2008,7,25,0,30,24.3,51,196,590,3,93,94,40.63
2008,7,25,1,30,22.5,12,14,90,0,4,4,51.28
2008,7,25,2,30,21.3,0,0,0,0,0,0,58.13
2008,7,25,3,30,20.3,0,0,0,0,0,0,63.550000000000004
2008,7,25,4,30,19.5,0,0,0,0,0,0,68.17
2008,7,25,5,30,18.900000000000002,0,0,0,0,0,0,72.14
2008,7,25,6,30,18.400000000000002,0,0,0,0,0,0,76.08
2008,7,25,7,30,18.1,0,0,0,0,0,0,79.32000000000001
2008,7,25,8,30,17.900000000000002,0,0,0,0,0,0,81.99
2008,7,25,9,30,17.7,0,0,0,0,0,0,84.82000000000001
2008,7,25,10,30,17.6,0,0,0,0,0,0,87.24
2008,7,25,11,30,17.5,0,0,0,0,0,0,88.71000000000001
2008,7,25,12,30,17.7,13,16,106,0,4,4,87.69
2008,7,25,13,30,18.5,51,200,595,2,90,91,82.17
2008,7,25,14,30,20.3,67,432,781,29,233,246,69.56
2008,7,25,15,30,22.5,76,653,871,77,340,391,56.06
2008,7,25,16,30,24.3,82,836,919,276,347,574,47.7
2008,7,25,17,30,25.5,87,967,944,238,501,722,42.980000000000004
2008,7,25,18,30,26,99,1032,942,942,99,1032,40.97
2008,7,25,19,30,25.900000000000002,99,1031,942,568,309,871,40.86
2008,7,25,20,30,25.400000000000002,95,961,931,302,485,766,42.35
2008,7,25,21,30,24.900000000000002,91,828,903,903,91,828,43.910000000000004
2008,7,25,22,30,24.400000000000002,82,645,858,287,330,518,45.2
2008,7,25,23,30,23.8,70,426,772,2,163,163,46.480000000000004
2008,7,26,0,30,22.200000000000003,50,196,598,61,128,143,51.93
2008,7,26,1,30,20.6,11,14,109,0,6,6,61.160000000000004
2008,7,26,2,30,19.5,0,0,0,0,0,0,62.980000000000004
2008,7,26,3,30,18.400000000000002,0,0,0,0,0,0,64.63
2008,7,26,4,30,17.1,0,0,0,0,0,0,70.4
2008,7,26,5,30,16,0,0,0,0,0,0,77.45
2008,7,26,6,30,15.100000000000001,0,0,0,0,0,0,84.81
2008,7,26,7,30,14.5,0,0,0,0,0,0,90.29
2008,7,26,8,30,14.200000000000001,0,0,0,0,0,0,93.11
2008,7,26,9,30,14,0,0,0,0,0,0,94.73
2008,7,26,10,30,13.8,0,0,0,0,0,0,95.9
2008,7,26,11,30,13.9,0,0,0,0,0,0,94.81
2008,7,26,12,30,14.9,12,18,203,203,12,18,88.4
2008,7,26,13,30,17.2,45,216,682,682,45,216,75.2
2008,7,26,14,30,20.400000000000002,61,457,847,847,61,457,53.38
2008,7,26,15,30,23.400000000000002,72,683,924,924,72,683,32.93
2008,7,26,16,30,25.8,79,872,966,966,79,872,24.14
2008,7,26,17,30,27.700000000000003,83,1007,991,991,83,1007,20.18
2008,7,26,18,30,28.900000000000002,99,1070,981,981,99,1070,18.2
2008,7,26,19,30,29.6,97,1069,983,983,97,1069,17.19
2008,7,26,20,30,29.8,92,998,974,974,92,998,16.92
2008,7,26,21,30,29.400000000000002,82,860,953,953,82,860,17.36
2008,7,26,22,30,28.400000000000002,74,671,911,911,74,671,18.650000000000002
2008,7,26,23,30,26.700000000000003,63,443,827,50,249,272,21.23
2008,7,27,0,30,23.900000000000002,46,204,656,656,46,204,26.75
2008,7,27,1,30,21.1,11,14,143,143,11,14,36.52
2008,7,27,2,30,19.400000000000002,0,0,0,0,0,0,43.77
2008,7,27,3,30,18.1,0,0,0,0,0,0,50.85
2008,7,27,4,30,16.8,0,0,0,0,0,0,58.68
2008,7,27,5,30,15.700000000000001,0,0,0,0,0,0,65.86
2008,7,27,6,30,14.600000000000001,0,0,0,0,0,0,73.04
2008,7,27,7,30,13.600000000000001,0,0,0,0,0,0,79.77
2008,7,27,8,30,12.8,0,0,0,0,0,0,85.27
2008,7,27,9,30,12.100000000000001,0,0,0,0,0,0,90.13
2008,7,27,10,30,11.600000000000001,0,0,0,0,0,0,93.79
2008,7,27,11,30,11.600000000000001,0,0,0,0,0,0,93.94
2008,7,27,12,30,13.100000000000001,12,17,181,181,12,17,84.12
2008,7,27,13,30,16.6,45,214,680,680,45,214,63.85
2008,7,27,14,30,20.900000000000002,60,454,847,847,60,454,40.54
2008,7,27,15,30,24.1,69,681,925,925,69,681,28.66
2008,7,27,16,30,26.200000000000003,76,869,968,968,76,869,25.38
2008,7,27,17,30,27.8,80,1004,991,991,80,1004,23.07
2008,7,27,18,30,29,91,1069,988,988,91,1069,21.240000000000002
2008,7,27,19,30,29.700000000000003,92,1065,984,984,92,1065,19.93
2008,7,27,20,30,29.900000000000002,91,993,970,970,91,993,19.1
2008,7,27,21,30,29.700000000000003,85,857,946,946,85,857,18.67
2008,7,27,22,30,29,78,665,895,2,254,255,18.8
2008,7,27,23,30,27.700000000000003,67,438,808,117,258,312,19.86
2008,7,28,0,30,25,49,200,630,26,126,132,24.2
2008,7,28,1,30,22.5,11,13,113,0,5,5,38.2
2008,7,28,2,30,21.1,0,0,0,0,0,0,39.87
2008,7,28,3,30,19.700000000000003,0,0,0,0,0,0,45.71
2008,7,28,4,30,18.400000000000002,0,0,0,0,0,0,52.870000000000005
2008,7,28,5,30,17.5,0,0,0,0,0,0,58.9
2008,7,28,6,30,16.7,0,0,0,0,0,0,67.28
2008,7,28,7,30,16,0,0,0,0,0,0,75.3
2008,7,28,8,30,15.4,0,0,0,0,0,0,81.21000000000001
2008,7,28,9,30,15.100000000000001,0,0,0,0,0,0,85.71000000000001
2008,7,28,10,30,14.8,0,0,0,0,0,0,89.74
2008,7,28,11,30,14.8,0,0,0,0,0,0,91.04
2008,7,28,12,30,16.3,12,16,170,170,12,16,83.12
2008,7,28,13,30,19.5,45,208,661,661,45,208,67.26
2008,7,28,14,30,23.1,61,445,827,827,61,445,50.6
2008,7,28,15,30,26.1,72,671,908,908,72,671,36.33
2008,7,28,16,30,28.200000000000003,79,858,951,951,79,858,28.29
2008,7,28,17,30,29.700000000000003,84,992,975,975,84,992,24.47
2008,7,28,18,30,30.8,88,1061,983,983,88,1061,22.18
2008,7,28,19,30,31.400000000000002,91,1059,980,980,91,1059,20.8
2008,7,28,20,30,31.700000000000003,90,985,963,963,90,985,19.95
2008,7,28,21,30,31.400000000000002,95,846,922,922,95,846,19.91
2008,7,28,22,30,30.6,91,653,859,551,212,572,20.67
2008,7,28,23,30,29.1,80,426,757,325,192,340,22.73
2008,7,29,0,30,26.8,59,189,545,0,3,3,27.490000000000002
2008,7,29,1,30,24.6,0,0,0,0,0,0,38.160000000000004
2008,7,29,2,30,23.200000000000003,0,0,0,0,0,0,43.76
2008,7,29,3,30,22.1,0,0,0,0,0,0,49.5
2008,7,29,4,30,21.200000000000003,0,0,0,0,0,0,53.59
2008,7,29,5,30,20.400000000000002,0,0,0,0,0,0,57.67
2008,7,29,6,30,19.6,0,0,0,0,0,0,61.92
2008,7,29,7,30,18.8,0,0,0,0,0,0,65.49
2008,7,29,8,30,17.900000000000002,0,0,0,0,0,0,69.7
2008,7,29,9,30,17,0,0,0,0,0,0,74.62
2008,7,29,10,30,16.400000000000002,0,0,0,0,0,0,78.67
2008,7,29,11,30,16.3,0,0,0,0,0,0,80.74
2008,7,29,12,30,17.6,12,15,126,126,12,15,75.9
2008,7,29,13,30,20.6,50,204,625,625,50,204,64
2008,7,29,14,30,24.1,69,442,803,803,69,442,45.17
2008,7,29,15,30,26.700000000000003,81,665,886,886,81,665,33.25
2008,7,29,16,30,28.5,89,852,931,931,89,852,28.48
2008,7,29,17,30,29.700000000000003,96,986,956,956,96,986,26.16
2008,7,29,18,30,30.5,101,1051,961,961,101,1051,24.73
2008,7,29,19,30,31,107,1046,951,755,247,993,23.73
2008,7,29,20,30,31.1,111,970,926,926,111,970,23.37
2008,7,29,21,30,30.5,99,835,904,19,308,323,24.37
2008,7,29,22,30,29.3,94,645,844,388,274,528,26.41
2008,7,29,23,30,27.900000000000002,83,420,737,0,34,34,28.79
2008,7,30,0,30,25.8,60,186,529,395,54,148,33.37
2008,7,30,1,30,23.900000000000002,0,0,0,0,0,0,43.79
2008,7,30,2,30,22.8,0,0,0,0,0,0,49.11
2008,7,30,3,30,21.900000000000002,0,0,0,0,0,0,51.800000000000004
2008,7,30,4,30,21,0,0,0,0,0,0,53.82
2008,7,30,5,30,20.1,0,0,0,0,0,0,56.44
2008,7,30,6,30,19.1,0,0,0,0,0,0,60.370000000000005
2008,7,30,7,30,18.400000000000002,0,0,0,0,0,0,63.75
2008,7,30,8,30,18.1,0,0,0,0,0,0,65.78
2008,7,30,9,30,17.8,0,0,0,0,0,0,68.02
2008,7,30,10,30,17.1,0,0,0,0,0,0,71.43
2008,7,30,11,30,16.7,0,0,0,0,0,0,72.72
2008,7,30,12,30,17.8,11,13,98,0,5,5,68.56
2008,7,30,13,30,20.8,53,198,596,596,53,198,57.660000000000004
2008,7,30,14,30,24.3,72,435,784,784,72,435,44.2
2008,7,30,15,30,26.6,84,661,877,877,84,661,37.36
2008,7,30,16,30,28.3,91,849,926,926,91,849,33.27
2008,7,30,17,30,29.700000000000003,95,986,956,956,95,986,29.740000000000002
2008,7,30,18,30,30.8,94,1056,973,973,94,1056,26.84
2008,7,30,19,30,31.400000000000002,95,1052,969,297,536,829,24.86
2008,7,30,20,30,31.5,94,980,955,705,236,890,23.6
2008,7,30,21,30,31,116,832,880,482,287,679,23.42
2008,7,30,22,30,29.900000000000002,113,639,807,240,310,467,24.42
2008,7,30,23,30,28.200000000000003,98,412,690,105,222,270,27.150000000000002
2008,7,31,0,30,25.5,69,179,469,469,69,179,34.74
2008,7,31,1,30,23,0,0,0,0,0,0,51.99
2008,7,31,2,30,21.5,0,0,0,0,0,0,64.08
2008,7,31,3,30,20.3,0,0,0,0,0,0,72.78
2008,7,31,4,30,19.3,0,0,0,0,0,0,79.51
2008,7,31,5,30,18.5,0,0,0,0,0,0,85.14
2008,7,31,6,30,17.900000000000002,0,0,0,0,0,0,88.93
2008,7,31,7,30,17.3,0,0,0,0,0,0,92.13
2008,7,31,8,30,17,0,0,0,0,0,0,93.31
2008,7,31,9,30,16.8,0,0,0,0,0,0,93.98
2008,7,31,10,30,16.6,0,0,0,0,0,0,94.69
2008,7,31,11,30,16.6,0,0,0,0,0,0,94.11
2008,7,31,12,30,17,11,11,48,0,2,2,91.58
2008,7,31,13,30,17.900000000000002,64,187,508,0,58,58,86.61
2008,7,31,14,30,19.200000000000003,90,418,711,9,199,203,78.84
2008,7,31,15,30,20.8,103,641,818,818,103,641,69.10000000000001
2008,7,31,16,30,22.200000000000003,110,830,880,880,110,830,60.01
2008,7,31,17,30,23.1,115,963,912,699,278,928,54.370000000000005
2008,7,31,18,30,23.6,112,1034,933,933,112,1034,50.95
2008,7,31,19,30,23.8,109,1035,938,938,109,1035,48.68
2008,7,31,20,30,23.6,104,965,929,332,390,698,47.83
2008,7,31,21,30,23.3,92,832,910,626,215,723,47.37
2008,7,31,22,30,22.900000000000002,83,645,863,863,83,645,47.660000000000004
2008,7,31,23,30,22.200000000000003,70,421,773,773,70,421,49.69
2008,8,1,0,30,20.8,51,186,577,577,51,186,58.96
2008,8,1,1,30,19.5,0,0,0,0,0,0,67.7
2008,8,1,2,30,18.900000000000002,0,0,0,0,0,0,69.60000000000001
2008,8,1,3,30,18.400000000000002,0,0,0,0,0,0,71.64
2008,8,1,4,30,18.1,0,0,0,0,0,0,72.37
2008,8,1,5,30,17.900000000000002,0,0,0,0,0,0,73.58
2008,8,1,6,30,17.6,0,0,0,0,0,0,75.52
2008,8,1,7,30,17.2,0,0,0,0,0,0,78.33
2008,8,1,8,30,16.900000000000002,0,0,0,0,0,0,80.91
2008,8,1,9,30,16.6,0,0,0,0,0,0,83.49
2008,8,1,10,30,16.400000000000002,0,0,0,0,0,0,84.93
2008,8,1,11,30,16.3,0,0,0,0,0,0,85.74
2008,8,1,12,30,16.900000000000002,10,11,57,0,4,4,82.68
2008,8,1,13,30,18.6,60,188,530,530,60,188,72.86
2008,8,1,14,30,20.900000000000002,81,422,738,738,81,422,58.68
2008,8,1,15,30,23.200000000000003,91,645,842,842,91,645,48.25
2008,8,1,16,30,24.900000000000002,98,832,897,647,228,756,42.43
2008,8,1,17,30,26.1,104,965,926,926,104,965,39.06
2008,8,1,18,30,26.700000000000003,118,1030,923,384,414,793,37.22
2008,8,1,19,30,26.900000000000002,119,1028,920,3,283,286,35.730000000000004
2008,8,1,20,30,26.700000000000003,120,955,902,230,514,726,34.99
2008,8,1,21,30,26.200000000000003,110,821,876,876,110,821,35.230000000000004
2008,8,1,22,30,25.400000000000002,99,634,823,141,302,393,36.5
2008,8,1,23,30,24.1,83,412,727,33,232,246,39.54
2008,8,2,0,30,22.200000000000003,59,179,520,254,71,130,50.01
2008,8,2,1,30,20.3,0,0,0,0,0,0,66.15
2008,8,2,2,30,19,0,0,0,0,0,0,69.61
2008,8,2,3,30,17.7,0,0,0,0,0,0,72.35000000000001
2008,8,2,4,30,16.5,0,0,0,0,0,0,75.13
2008,8,2,5,30,15.700000000000001,0,0,0,0,0,0,77.92
2008,8,2,6,30,15.100000000000001,0,0,0,0,0,0,81.26
2008,8,2,7,30,14.5,0,0,0,0,0,0,85.58
2008,8,2,8,30,13.8,0,0,0,0,0,0,90.8
2008,8,2,9,30,13.3,0,0,0,0,0,0,94.58
2008,8,2,10,30,13.100000000000001,0,0,0,0,0,0,96.52
2008,8,2,11,30,13.100000000000001,0,0,0,0,0,0,96.57000000000001
2008,8,2,12,30,14,0,0,0,0,0,0,90.92
2008,8,2,13,30,16.2,50,200,621,3,59,60,79.47
2008,8,2,14,30,19.6,68,440,809,398,175,358,60.370000000000005
2008,8,2,15,30,22.900000000000002,77,667,899,899,77,667,42.6
2008,8,2,16,30,25.1,83,855,945,945,83,855,34.42
2008,8,2,17,30,26.8,86,990,972,155,490,634,29.5
2008,8,2,18,30,27.8,92,1056,976,182,525,704,27.240000000000002
2008,8,2,19,30,28.400000000000002,92,1054,975,357,513,865,26.330000000000002
2008,8,2,20,30,28.700000000000003,89,982,964,964,89,982,26.02
2008,8,2,21,30,28.5,82,846,942,139,443,556,26.14
2008,8,2,22,30,27.900000000000002,73,656,899,899,73,656,26.42
2008,8,2,23,30,26.700000000000003,61,430,818,183,200,283,27.67
2008,8,3,0,30,24.1,44,191,639,632,29,175,33.980000000000004
2008,8,3,1,30,21.700000000000003,0,0,0,0,0,0,49.34
2008,8,3,2,30,20.6,0,0,0,0,0,0,52.36
2008,8,3,3,30,19.700000000000003,0,0,0,0,0,0,54.9
2008,8,3,4,30,18.8,0,0,0,0,0,0,59.03
2008,8,3,5,30,17.900000000000002,0,0,0,0,0,0,64.8
2008,8,3,6,30,17,0,0,0,0,0,0,70.66
2008,8,3,7,30,16.1,0,0,0,0,0,0,76.36
2008,8,3,8,30,15.200000000000001,0,0,0,0,0,0,81.94
2008,8,3,9,30,14.3,0,0,0,0,0,0,86.96000000000001
2008,8,3,10,30,13.5,0,0,0,0,0,0,89.74
2008,8,3,11,30,13,0,0,0,0,0,0,88.84
2008,8,3,12,30,14.200000000000001,0,0,0,0,0,0,78
2008,8,3,13,30,17.7,42,204,677,677,42,204,58.38
2008,8,3,14,30,21.400000000000002,57,445,846,846,57,445,36.72
2008,8,3,15,30,24.1,66,673,926,926,66,673,27.98
2008,8,3,16,30,26.1,71,862,969,969,71,862,25.080000000000002
2008,8,3,17,30,27.700000000000003,75,997,992,992,75,997,23.240000000000002
2008,8,3,18,30,28.8,85,1065,993,993,85,1065,21.900000000000002
2008,8,3,19,30,29.5,85,1061,990,990,85,1061,20.93
2008,8,3,20,30,29.700000000000003,84,988,978,978,84,988,20.48
2008,8,3,21,30,29.5,79,849,951,951,79,849,20.47
2008,8,3,22,30,28.700000000000003,73,655,899,11,287,294,21.2
2008,8,3,23,30,27.200000000000003,63,427,811,811,63,427,22.92
2008,8,4,0,30,24.400000000000002,45,189,627,627,45,189,27.400000000000002
2008,8,4,1,30,21.5,0,0,0,0,0,0,38.02
2008,8,4,2,30,20,0,0,0,0,0,0,41.43
2008,8,4,3,30,18.900000000000002,0,0,0,0,0,0,42.95
2008,8,4,4,30,17.7,0,0,0,0,0,0,45.51
2008,8,4,5,30,16.7,0,0,0,0,0,0,48.75
2008,8,4,6,30,15.700000000000001,0,0,0,0,0,0,53.370000000000005
2008,8,4,7,30,14.8,0,0,0,0,0,0,58.92
2008,8,4,8,30,14,0,0,0,0,0,0,64.94
2008,8,4,9,30,13.3,0,0,0,0,0,0,70.60000000000001
2008,8,4,10,30,12.700000000000001,0,0,0,0,0,0,75.18
2008,8,4,11,30,12.4,0,0,0,0,0,0,77
2008,8,4,12,30,13.9,0,0,0,0,0,0,68.38
2008,8,4,13,30,17.7,44,203,667,667,44,203,52
2008,8,4,14,30,21.8,60,444,838,838,60,444,31.01
2008,8,4,15,30,24.700000000000003,71,672,918,918,71,672,22.21
2008,8,4,16,30,26.700000000000003,78,862,961,961,78,862,20.54
2008,8,4,17,30,28.1,83,998,985,985,83,998,20.17
2008,8,4,18,30,29.200000000000003,86,1064,992,992,86,1064,19.740000000000002
2008,8,4,19,30,29.8,87,1063,991,991,87,1063,19.37
2008,8,4,20,30,30.1,85,990,978,978,85,990,19.02
2008,8,4,21,30,29.8,79,849,952,952,79,849,19.13
2008,8,4,22,30,29.1,73,657,903,344,319,541,19.59
2008,8,4,23,30,27.6,63,428,815,0,103,103,21.09
2008,8,5,0,30,24.5,45,188,628,0,26,26,26.16
2008,8,5,1,30,21.400000000000002,0,0,0,0,0,0,39.64
2008,8,5,2,30,20.1,0,0,0,0,0,0,42.38
2008,8,5,3,30,19.1,0,0,0,0,0,0,45.15
2008,8,5,4,30,18.1,0,0,0,0,0,0,49.47
2008,8,5,5,30,17.1,0,0,0,0,0,0,54.51
2008,8,5,6,30,16.3,0,0,0,0,0,0,59.480000000000004
2008,8,5,7,30,15.8,0,0,0,0,0,0,63.93
2008,8,5,8,30,15.3,0,0,0,0,0,0,69.17
2008,8,5,9,30,14.700000000000001,0,0,0,0,0,0,74.86
2008,8,5,10,30,14,0,0,0,0,0,0,80.28
2008,8,5,11,30,13.600000000000001,0,0,0,0,0,0,83.31
2008,8,5,12,30,14.8,0,0,0,0,0,0,77.03
2008,8,5,13,30,18.2,49,195,615,615,49,195,59.54
2008,8,5,14,30,21.6,69,434,799,799,69,434,43.21
2008,8,5,15,30,24.3,82,660,883,883,82,660,36.19
2008,8,5,16,30,26.200000000000003,92,848,928,928,92,848,32.42
2008,8,5,17,30,27.3,99,983,953,953,99,983,30.48
2008,8,5,18,30,28,108,1047,952,757,250,996,29.060000000000002
2008,8,5,19,30,28.3,113,1044,946,120,521,639,28.13
2008,8,5,20,30,28.1,113,970,927,631,337,920,28.060000000000002
2008,8,5,21,30,27.700000000000003,105,833,901,351,352,636,28.36
2008,8,5,22,30,27,93,642,850,574,212,582,29.13
2008,8,5,23,30,25.900000000000002,77,415,757,757,77,415,30.43
2008,8,6,0,30,23.8,54,178,553,553,54,178,34.89
2008,8,6,1,30,21.700000000000003,0,0,0,0,0,0,46.75
2008,8,6,2,30,20.6,0,0,0,0,0,0,50.49
2008,8,6,3,30,19.700000000000003,0,0,0,0,0,0,53.08
2008,8,6,4,30,18.6,0,0,0,0,0,0,57.19
2008,8,6,5,30,17.3,0,0,0,0,0,0,62.690000000000005
2008,8,6,6,30,16.1,0,0,0,0,0,0,69.48
2008,8,6,7,30,15,0,0,0,0,0,0,77.66
2008,8,6,8,30,14.200000000000001,0,0,0,0,0,0,85.12
2008,8,6,9,30,13.600000000000001,0,0,0,0,0,0,90.68
2008,8,6,10,30,13.3,0,0,0,0,0,0,93.42
2008,8,6,11,30,13.200000000000001,0,0,0,0,0,0,93.91
2008,8,6,12,30,14.100000000000001,0,0,0,0,0,0,87.83
2008,8,6,13,30,16.8,51,192,599,26,123,129,73.94
2008,8,6,14,30,20.5,72,430,785,271,226,350,52.870000000000005
2008,8,6,15,30,23.6,84,656,874,258,288,457,38.78
2008,8,6,16,30,25.6,91,845,926,926,91,845,34.15
2008,8,6,17,30,26.8,95,981,955,955,95,981,31.64
2008,8,6,18,30,27.5,94,1051,971,774,233,996,29.84
2008,8,6,19,30,27.900000000000002,93,1049,972,972,93,1049,28.48
2008,8,6,20,30,28.1,89,974,960,167,496,650,27.69
2008,8,6,21,30,27.700000000000003,85,836,932,29,330,354,27.97
2008,8,6,22,30,27,77,645,884,118,297,373,28.97
2008,8,6,23,30,25.900000000000002,65,418,795,102,206,252,30.92
2008,8,7,0,30,24,46,180,602,343,91,168,35.5
2008,8,7,1,30,22.3,0,0,0,0,0,0,45.050000000000004
2008,8,7,2,30,21.400000000000002,0,0,0,0,0,0,48.370000000000005
2008,8,7,3,30,20.5,0,0,0,0,0,0,52.230000000000004
2008,8,7,4,30,19.3,0,0,0,0,0,0,58.51
2008,8,7,5,30,18,0,0,0,0,0,0,66.68
2008,8,7,6,30,16.900000000000002,0,0,0,0,0,0,74.57000000000001
2008,8,7,7,30,15.9,0,0,0,0,0,0,82.05
2008,8,7,8,30,15.200000000000001,0,0,0,0,0,0,87.36
2008,8,7,9,30,14.700000000000001,0,0,0,0,0,0,90.54
2008,8,7,10,30,14.3,0,0,0,0,0,0,92.02
2008,8,7,11,30,14,0,0,0,0,0,0,92.26
2008,8,7,12,30,14.700000000000001,0,0,0,0,0,0,86.52
2008,8,7,13,30,16.7,47,191,615,615,47,191,74.74
2008,8,7,14,30,19.700000000000003,65,428,799,799,65,428,59.230000000000004
2008,8,7,15,30,22.6,76,652,883,883,76,652,46.69
2008,8,7,16,30,24.6,84,840,929,929,84,840,40.050000000000004
2008,8,7,17,30,25.700000000000003,90,972,951,951,90,972,36.79
2008,8,7,18,30,26.1,111,1035,938,684,304,978,35.62
2008,8,7,19,30,26.3,113,1029,932,34,484,518,35.25
2008,8,7,20,30,26,112,956,916,916,112,956,36.02
2008,8,7,21,30,25.400000000000002,103,819,890,54,399,442,37.7
2008,8,7,22,30,24.6,94,627,831,8,276,282,40.14
2008,8,7,23,30,23.5,79,402,730,493,161,379,43.68
2008,8,8,0,30,22,55,167,511,0,55,55,50.6
2008,8,8,1,30,20.6,0,0,0,0,0,0,62.980000000000004
2008,8,8,2,30,19.8,0,0,0,0,0,0,67.52
2008,8,8,3,30,19,0,0,0,0,0,0,71.16
2008,8,8,4,30,18.3,0,0,0,0,0,0,74.88
2008,8,8,5,30,17.400000000000002,0,0,0,0,0,0,80.12
2008,8,8,6,30,16.6,0,0,0,0,0,0,84.61
2008,8,8,7,30,15.9,0,0,0,0,0,0,88.48
2008,8,8,8,30,15.3,0,0,0,0,0,0,91.67
2008,8,8,9,30,14.8,0,0,0,0,0,0,94.01
2008,8,8,10,30,14.4,0,0,0,0,0,0,95.62
2008,8,8,11,30,14.4,0,0,0,0,0,0,95.04
2008,8,8,12,30,15.5,0,0,0,0,0,0,88.8
2008,8,8,13,30,17.900000000000002,51,184,570,0,40,40,78.29
2008,8,8,14,30,20.5,68,421,779,18,198,206,65.21000000000001
2008,8,8,15,30,22.400000000000002,77,646,873,873,77,646,53.77
2008,8,8,16,30,23.5,86,833,919,487,347,742,47.51
2008,8,8,17,30,24.200000000000003,93,966,943,260,500,741,44.18
2008,8,8,18,30,24.5,97,1034,952,204,530,731,42.7
2008,8,8,19,30,24.3,98,1029,948,27,398,425,43.02
2008,8,8,20,30,23.700000000000003,97,956,934,1,186,187,45.09
2008,8,8,21,30,23,84,820,915,29,332,355,47.97
2008,8,8,22,30,22.1,79,630,861,351,244,469,51.800000000000004
2008,8,8,23,30,21.200000000000003,68,404,763,763,68,404,56.52
2008,8,9,0,30,20,48,169,559,0,11,11,65.19
2008,8,9,1,30,18.900000000000002,0,0,0,0,0,0,75.81
2008,8,9,2,30,18.1,0,0,0,0,0,0,80.08
2008,8,9,3,30,17.400000000000002,0,0,0,0,0,0,82.72
2008,8,9,4,30,16.8,0,0,0,0,0,0,85.3
2008,8,9,5,30,16.3,0,0,0,0,0,0,87.73
2008,8,9,6,30,15.8,0,0,0,0,0,0,90.02
2008,8,9,7,30,15.5,0,0,0,0,0,0,91.33
2008,8,9,8,30,15,0,0,0,0,0,0,94
2008,8,9,9,30,14.5,0,0,0,0,0,0,95.91
2008,8,9,10,30,13.9,0,0,0,0,0,0,97.77
2008,8,9,11,30,13.600000000000001,0,0,0,0,0,0,97.66
2008,8,9,12,30,14.600000000000001,0,0,0,0,0,0,90.77
2008,8,9,13,30,17.400000000000002,45,191,628,628,45,191,77.92
2008,8,9,14,30,21,62,431,814,814,62,431,58.34
2008,8,9,15,30,24.200000000000003,71,658,900,900,71,658,39.25
2008,8,9,16,30,26.200000000000003,78,847,946,481,354,745,31.63
2008,8,9,17,30,27.700000000000003,83,981,970,3,383,386,27.580000000000002
2008,8,9,18,30,28.8,88,1049,977,0,136,136,24.76
2008,8,9,19,30,29.5,89,1049,979,15,467,482,22.82
2008,8,9,20,30,29.700000000000003,88,975,965,0,259,259,21.82
2008,8,9,21,30,29.5,82,836,940,224,445,625,21.39
2008,8,9,22,30,28.8,76,643,888,101,353,417,21.79
2008,8,9,23,30,27.3,65,413,795,0,108,108,23.73
2008,8,10,0,30,24.400000000000002,45,174,596,5,97,98,34.11
2008,8,10,1,30,21.900000000000002,0,0,0,0,0,0,50.08
2008,8,10,2,30,20.700000000000003,0,0,0,0,0,0,53.33
2008,8,10,3,30,19.700000000000003,0,0,0,0,0,0,57.71
2008,8,10,4,30,18.8,0,0,0,0,0,0,62.550000000000004
2008,8,10,5,30,18,0,0,0,0,0,0,67.53
2008,8,10,6,30,17.3,0,0,0,0,0,0,72.89
2008,8,10,7,30,16.6,0,0,0,0,0,0,79.09
2008,8,10,8,30,16.1,0,0,0,0,0,0,84.69
2008,8,10,9,30,15.8,0,0,0,0,0,0,88.46000000000001
2008,8,10,10,30,15.4,0,0,0,0,0,0,91.47
2008,8,10,11,30,15.200000000000001,0,0,0,0,0,0,92.66
2008,8,10,12,30,16.3,0,0,0,0,0,0,86.23
2008,8,10,13,30,19.3,45,189,622,622,45,189,72.09
2008,8,10,14,30,22.700000000000003,62,429,812,812,62,429,54.96
2008,8,10,15,30,25.400000000000002,71,656,898,898,71,656,40.78
2008,8,10,16,30,27.3,79,844,942,942,79,844,33.26
2008,8,10,17,30,28.3,86,980,966,966,86,980,30.37
2008,8,10,18,30,28.900000000000002,97,1044,964,964,97,1044,28.94
2008,8,10,19,30,29.200000000000003,99,1041,961,961,99,1041,28.32
2008,8,10,20,30,29.200000000000003,97,967,947,947,97,967,28.29
2008,8,10,21,30,28.8,90,828,922,922,90,828,28.84
2008,8,10,22,30,28,83,633,864,45,270,298,29.85
2008,8,10,23,30,26.8,70,404,766,667,15,306,31.970000000000002
2008,8,11,0,30,24.900000000000002,48,167,556,81,74,92,39.02
2008,8,11,1,30,22.900000000000002,0,0,0,0,0,0,56.45
2008,8,11,2,30,21.6,0,0,0,0,0,0,63.01
2008,8,11,3,30,20.6,0,0,0,0,0,0,64.91
2008,8,11,4,30,19.5,0,0,0,0,0,0,68.7
2008,8,11,5,30,18.6,0,0,0,0,0,0,73.05
2008,8,11,6,30,17.8,0,0,0,0,0,0,77.66
2008,8,11,7,30,17,0,0,0,0,0,0,82.2
2008,8,11,8,30,16.1,0,0,0,0,0,0,86.96000000000001
2008,8,11,9,30,15.600000000000001,0,0,0,0,0,0,89.48
2008,8,11,10,30,15.3,0,0,0,0,0,0,90.89
2008,8,11,11,30,15.200000000000001,0,0,0,0,0,0,91.03
2008,8,11,12,30,16.400000000000002,0,0,0,0,0,0,83.95
2008,8,11,13,30,19.700000000000003,48,185,598,598,48,185,69.02
2008,8,11,14,30,23.3,66,423,792,792,66,423,51.81
2008,8,11,15,30,25.700000000000003,77,649,881,881,77,649,42.21
2008,8,11,16,30,27.3,85,840,930,930,85,840,36.64
2008,8,11,17,30,28.6,92,974,953,953,92,974,31.990000000000002
2008,8,11,18,30,29.700000000000003,96,1044,966,966,96,1044,28.66
2008,8,11,19,30,30.400000000000002,98,1041,962,962,98,1041,26.47
2008,8,11,20,30,30.700000000000003,98,968,948,389,385,741,25.13
2008,8,11,21,30,30.5,91,828,921,2,183,184,24.830000000000002
2008,8,11,22,30,29.900000000000002,84,634,867,867,84,634,25.3
2008,8,11,23,30,28.5,70,405,770,516,152,376,27.240000000000002
2008,8,12,0,30,26,48,166,560,450,39,133,36.99
2008,8,12,1,30,24,0,0,0,0,0,0,50.25
2008,8,12,2,30,23,0,0,0,0,0,0,52.410000000000004
2008,8,12,3,30,22.1,0,0,0,0,0,0,54.660000000000004
2008,8,12,4,30,21.3,0,0,0,0,0,0,57.49
2008,8,12,5,30,20.400000000000002,0,0,0,0,0,0,61.1
2008,8,12,6,30,19.400000000000002,0,0,0,0,0,0,64.71000000000001
2008,8,12,7,30,18.5,0,0,0,0,0,0,67.16
2008,8,12,8,30,17.8,0,0,0,0,0,0,69.46000000000001
2008,8,12,9,30,17.2,0,0,0,0,0,0,72.52
2008,8,12,10,30,16.6,0,0,0,0,0,0,76.09
2008,8,12,11,30,16.3,0,0,0,0,0,0,79.33
2008,8,12,12,30,17.1,0,0,0,0,0,0,77.83
2008,8,12,13,30,19.6,49,185,593,39,121,130,70.62
2008,8,12,14,30,23,68,425,791,198,238,328,54.56
2008,8,12,15,30,26.1,79,654,887,887,79,654,36.46
2008,8,12,16,30,28.1,86,845,936,702,260,829,30.53
2008,8,12,17,30,29.400000000000002,91,980,962,725,271,940,28.11
2008,8,12,18,30,30.3,100,1047,965,571,395,955,26.17
2008,8,12,19,30,30.8,104,1043,960,960,104,1043,25.03
2008,8,12,20,30,31,104,964,938,938,104,964,24.38
2008,8,12,21,30,30.6,97,825,912,656,229,753,24.59
2008,8,12,22,30,29.6,89,628,852,3,148,150,26
2008,8,12,23,30,28.1,75,398,749,749,75,398,28.69
2008,8,13,0,30,25.700000000000003,51,161,530,530,51,161,36.980000000000004
2008,8,13,1,30,23.8,0,0,0,0,0,0,51.08
2008,8,13,2,30,22.900000000000002,0,0,0,0,0,0,55.71
2008,8,13,3,30,22.1,0,0,0,0,0,0,59.59
2008,8,13,4,30,21.3,0,0,0,0,0,0,64.02
2008,8,13,5,30,20.5,0,0,0,0,0,0,68.14
2008,8,13,6,30,19.6,0,0,0,0,0,0,71.83
2008,8,13,7,30,18.7,0,0,0,0,0,0,75.35000000000001
2008,8,13,8,30,17.900000000000002,0,0,0,0,0,0,78.93
2008,8,13,9,30,17.1,0,0,0,0,0,0,83.24
2008,8,13,10,30,16.6,0,0,0,0,0,0,86.7
2008,8,13,11,30,16.3,0,0,0,0,0,0,89.31
2008,8,13,12,30,17.2,0,0,0,0,0,0,85.32000000000001
2008,8,13,13,30,19.6,54,179,551,551,54,179,75.79
2008,8,13,14,30,22.6,77,416,753,753,77,416,60.86
2008,8,13,15,30,25,91,642,851,851,91,642,45.13
2008,8,13,16,30,26.6,101,831,902,902,101,831,37.97
2008,8,13,17,30,27.700000000000003,109,965,927,927,109,965,34.550000000000004
2008,8,13,18,30,28.200000000000003,105,1035,949,949,105,1035,32.82
2008,8,13,19,30,28.3,109,1031,943,943,109,1031,32.11
2008,8,13,20,30,28.1,108,954,924,924,108,954,32.24
2008,8,13,21,30,27.6,109,811,880,0,171,171,33.230000000000004
2008,8,13,22,30,26.5,104,613,807,45,245,274,35.93
2008,8,13,23,30,24.8,91,383,679,569,47,291,41.57
2008,8,14,0,30,22.700000000000003,61,149,425,64,109,122,52.44
2008,8,14,1,30,21.200000000000003,0,0,0,0,0,0,62.92
2008,8,14,2,30,20.200000000000003,0,0,0,0,0,0,70.2
2008,8,14,3,30,19.400000000000002,0,0,0,0,0,0,76.35000000000001
2008,8,14,4,30,18.7,0,0,0,0,0,0,81.13
2008,8,14,5,30,18.2,0,0,0,0,0,0,82.7
2008,8,14,6,30,17.7,0,0,0,0,0,0,85.01
2008,8,14,7,30,17.3,0,0,0,0,0,0,86.99
2008,8,14,8,30,17,0,0,0,0,0,0,88.72
2008,8,14,9,30,16.8,0,0,0,0,0,0,90.22
2008,8,14,10,30,16.7,0,0,0,0,0,0,90.95
2008,8,14,11,30,16.5,0,0,0,0,0,0,91.47
2008,8,14,12,30,16.7,0,0,0,0,0,0,89.09
2008,8,14,13,30,17.8,74,164,397,0,65,65,81.01
2008,8,14,14,30,19.6,109,396,640,0,53,53,64.62
2008,8,14,15,30,21.900000000000002,126,623,767,5,273,276,48.71
2008,8,14,16,30,24,133,815,842,494,298,697,39.25
2008,8,14,17,30,25.6,137,950,881,200,521,706,34.94
2008,8,14,18,30,26.700000000000003,134,1023,907,201,546,743,32.56
2008,8,14,19,30,27.5,133,1020,908,908,133,1020,30.94
2008,8,14,20,30,27.8,127,945,895,895,127,945,30.14
2008,8,14,21,30,27.6,109,811,883,883,109,811,30.27
2008,8,14,22,30,27,97,617,826,826,97,617,31.13
2008,8,14,23,30,25.8,81,388,718,297,208,335,33.63
2008,8,15,0,30,23.700000000000003,54,153,487,143,103,132,43.69
2008,8,15,1,30,22,0,0,0,0,0,0,57.68
2008,8,15,2,30,21.1,0,0,0,0,0,0,60.480000000000004
2008,8,15,3,30,20.200000000000003,0,0,0,0,0,0,64.27
2008,8,15,4,30,19.400000000000002,0,0,0,0,0,0,68.12
2008,8,15,5,30,18.5,0,0,0,0,0,0,72.43
2008,8,15,6,30,17.400000000000002,0,0,0,0,0,0,77.76
2008,8,15,7,30,16.5,0,0,0,0,0,0,82.72
2008,8,15,8,30,15.9,0,0,0,0,0,0,87.09
2008,8,15,9,30,15.5,0,0,0,0,0,0,90.74
2008,8,15,10,30,15.200000000000001,0,0,0,0,0,0,93.69
2008,8,15,11,30,15.100000000000001,0,0,0,0,0,0,95.32000000000001
2008,8,15,12,30,16.2,0,0,0,0,0,0,89.39
2008,8,15,13,30,18.8,51,177,559,559,51,177,78.63
2008,8,15,14,30,21.900000000000002,73,415,764,764,73,415,62.910000000000004
2008,8,15,15,30,24.6,87,641,858,858,87,641,48.980000000000004
2008,8,15,16,30,26.3,98,830,905,905,98,830,42.69
2008,8,15,17,30,27.200000000000003,107,961,926,926,107,961,39.93
2008,8,15,18,30,27.3,116,1025,928,928,116,1025,39.31
2008,8,15,19,30,26.8,120,1019,921,921,120,1019,40.68
2008,8,15,20,30,25.900000000000002,119,942,901,901,119,942,43.730000000000004
2008,8,15,21,30,24.900000000000002,103,803,882,252,357,557,47.61
2008,8,15,22,30,23.700000000000003,89,612,833,833,89,612,52.4
2008,8,15,23,30,22.400000000000002,71,386,742,4,110,112,57.68
2008,8,16,0,30,20.6,45,153,539,1,43,44,66.2
2008,8,16,1,30,18.8,0,0,0,0,0,0,77.86
2008,8,16,2,30,17.8,0,0,0,0,0,0,82.41
2008,8,16,3,30,17,0,0,0,0,0,0,84.96000000000001
2008,8,16,4,30,16.400000000000002,0,0,0,0,0,0,85.89
2008,8,16,5,30,15.8,0,0,0,0,0,0,86.62
2008,8,16,6,30,15.3,0,0,0,0,0,0,86.54
2008,8,16,7,30,14.8,0,0,0,0,0,0,86.9
2008,8,16,8,30,14.3,0,0,0,0,0,0,87.64
2008,8,16,9,30,13.8,0,0,0,0,0,0,88.73
2008,8,16,10,30,13.4,0,0,0,0,0,0,89.43
2008,8,16,11,30,13.100000000000001,0,0,0,0,0,0,89.79
2008,8,16,12,30,14.3,0,0,0,0,0,0,83.08
2008,8,16,13,30,17.2,53,178,561,561,53,178,73.76
2008,8,16,14,30,20.900000000000002,75,419,771,49,243,265,57.06
2008,8,16,15,30,24.200000000000003,88,649,868,227,356,502,40.21
2008,8,16,16,30,26.700000000000003,97,838,917,414,387,722,31.23
2008,8,16,17,30,28.3,102,973,946,276,508,763,27.91
2008,8,16,18,30,29.3,104,1042,959,303,534,830,26.69
2008,8,16,19,30,29.8,105,1035,954,231,543,768,26.36
2008,8,16,20,30,29.700000000000003,104,956,935,168,500,653,27
2008,8,16,21,30,29.1,99,814,903,903,99,814,28.36
2008,8,16,22,30,28.200000000000003,89,617,845,231,337,482,30.34
2008,8,16,23,30,26.6,73,386,740,415,157,332,34.33
2008,8,17,0,30,24.400000000000002,49,149,509,1,41,42,44.88
2008,8,17,1,30,22.5,0,0,0,0,0,0,58.96
2008,8,17,2,30,21.5,0,0,0,0,0,0,64.65
2008,8,17,3,30,20.6,0,0,0,0,0,0,69.94
2008,8,17,4,30,19.700000000000003,0,0,0,0,0,0,74.53
2008,8,17,5,30,18.7,0,0,0,0,0,0,78.25
2008,8,17,6,30,17.7,0,0,0,0,0,0,81.03
2008,8,17,7,30,16.8,0,0,0,0,0,0,84.16
2008,8,17,8,30,16.2,0,0,0,0,0,0,88
2008,8,17,9,30,15.600000000000001,0,0,0,0,0,0,92.14
2008,8,17,10,30,15.100000000000001,0,0,0,0,0,0,94.48
2008,8,17,11,30,14.8,0,0,0,0,0,0,94.85000000000001
2008,8,17,12,30,15.3,0,0,0,0,0,0,90.55
2008,8,17,13,30,17.400000000000002,50,177,572,15,111,115,79.35000000000001
2008,8,17,14,30,20.5,71,418,780,10,191,195,62.31
2008,8,17,15,30,23.6,83,647,875,34,312,334,44.97
2008,8,17,16,30,26,91,837,925,383,396,706,35.03
2008,8,17,17,30,27.8,95,973,953,490,410,861,29.88
2008,8,17,18,30,29.1,99,1040,963,458,458,905,27.13
2008,8,17,19,30,29.8,98,1036,963,963,98,1036,25.68
2008,8,17,20,30,30.1,96,960,949,949,96,960,24.84
2008,8,17,21,30,29.900000000000002,93,814,913,264,429,638,24.76
2008,8,17,22,30,29.200000000000003,86,618,854,485,208,510,25.53
2008,8,17,23,30,27.700000000000003,72,385,744,744,72,385,28.060000000000002
2008,8,18,0,30,25.200000000000003,49,147,507,134,96,122,38.34
2008,8,18,1,30,23.200000000000003,0,0,0,0,0,0,54.18
2008,8,18,2,30,22.200000000000003,0,0,0,0,0,0,60.24
2008,8,18,3,30,21.3,0,0,0,0,0,0,66.76
2008,8,18,4,30,20.400000000000002,0,0,0,0,0,0,72.42
2008,8,18,5,30,19.3,0,0,0,0,0,0,77.77
2008,8,18,6,30,18.5,0,0,0,0,0,0,81.5
2008,8,18,7,30,17.8,0,0,0,0,0,0,85.42
2008,8,18,8,30,17.2,0,0,0,0,0,0,88.71000000000001
2008,8,18,9,30,16.7,0,0,0,0,0,0,90.43
2008,8,18,10,30,16.400000000000002,0,0,0,0,0,0,91.32000000000001
2008,8,18,11,30,16.1,0,0,0,0,0,0,92.54
2008,8,18,12,30,16.900000000000002,0,0,0,0,0,0,87.95
2008,8,18,13,30,18.8,49,173,560,83,105,123,80.38
2008,8,18,14,30,20.900000000000002,72,408,755,527,149,384,71.23
2008,8,18,15,30,22.6,86,633,849,412,231,496,62.17
2008,8,18,16,30,23.6,97,819,895,622,221,723,56.230000000000004
2008,8,18,17,30,24.1,108,949,915,915,108,949,52.83
2008,8,18,18,30,24,106,1017,934,934,106,1017,52.14
2008,8,18,19,30,23.700000000000003,107,1011,930,382,386,757,52.68
2008,8,18,20,30,23.200000000000003,104,935,915,4,378,381,54.620000000000005
2008,8,18,21,30,22.700000000000003,97,795,885,65,355,406,57.08
2008,8,18,22,30,22.1,87,602,829,45,261,289,60.13
2008,8,18,23,30,21.200000000000003,71,374,726,2,91,92,65.32000000000001
2008,8,19,0,30,19.900000000000002,46,142,500,6,63,64,75.32000000000001
2008,8,19,1,30,18.900000000000002,0,0,0,0,0,0,83.73
2008,8,19,2,30,18.2,0,0,0,0,0,0,88
2008,8,19,3,30,17.6,0,0,0,0,0,0,91.51
2008,8,19,4,30,17.2,0,0,0,0,0,0,93.66
2008,8,19,5,30,16.900000000000002,0,0,0,0,0,0,94.84
2008,8,19,6,30,16.7,0,0,0,0,0,0,95.57000000000001
2008,8,19,7,30,16.5,0,0,0,0,0,0,95.89
2008,8,19,8,30,16.2,0,0,0,0,0,0,96.34
2008,8,19,9,30,15.9,0,0,0,0,0,0,96.78
2008,8,19,10,30,15.600000000000001,0,0,0,0,0,0,97.06
2008,8,19,11,30,15.5,0,0,0,0,0,0,96.19
2008,8,19,12,30,16.1,0,0,0,0,0,0,91.84
2008,8,19,13,30,17.6,48,172,564,33,96,103,85.56
2008,8,19,14,30,19.5,70,409,764,19,204,212,75.84
2008,8,19,15,30,21.400000000000002,82,635,859,28,299,317,64.31
2008,8,19,16,30,23.200000000000003,92,825,910,140,438,551,53.52
2008,8,19,17,30,24.5,100,957,933,0,136,136,46.49
2008,8,19,18,30,25.400000000000002,109,1022,936,0,242,242,41.95
2008,8,19,19,30,25.900000000000002,111,1017,934,159,498,652,39.77
2008,8,19,20,30,25.8,108,940,918,28,384,410,39.29
2008,8,19,21,30,25.3,102,798,886,383,297,598,39.9
2008,8,19,22,30,24.5,91,603,828,828,91,603,41.31
2008,8,19,23,30,23.200000000000003,73,376,729,358,162,310,44.63
2008,8,20,0,30,21.200000000000003,46,141,505,7,67,69,53.77
2008,8,20,1,30,19.5,0,0,0,0,0,0,64.13
2008,8,20,2,30,18.5,0,0,0,0,0,0,68.24
2008,8,20,3,30,17.8,0,0,0,0,0,0,72.03
2008,8,20,4,30,17.1,0,0,0,0,0,0,76.36
2008,8,20,5,30,16.5,0,0,0,0,0,0,80.73
2008,8,20,6,30,15.8,0,0,0,0,0,0,85.97
2008,8,20,7,30,15.200000000000001,0,0,0,0,0,0,91.06
2008,8,20,8,30,14.600000000000001,0,0,0,0,0,0,95.5
2008,8,20,9,30,14.200000000000001,0,0,0,0,0,0,98.35000000000001
2008,8,20,10,30,14,0,0,0,0,0,0,99.55
2008,8,20,11,30,14.100000000000001,0,0,0,0,0,0,98.66
2008,8,20,12,30,15.200000000000001,0,0,0,0,0,0,92.27
2008,8,20,13,30,17.400000000000002,50,171,553,553,50,171,82.97
2008,8,20,14,30,19.8,69,410,769,769,69,410,70.43
2008,8,20,15,30,21.8,80,637,867,74,337,384,58.160000000000004
2008,8,20,16,30,23.3,89,826,915,132,435,542,49.7
2008,8,20,17,30,24.700000000000003,94,961,945,271,499,747,44.67
2008,8,20,18,30,25.8,95,1029,958,337,508,837,41.54
2008,8,20,19,30,26.5,93,1024,960,599,292,872,39.47
2008,8,20,20,30,26.6,89,948,949,949,89,948,38.9
2008,8,20,21,30,26.200000000000003,97,800,896,896,97,800,39.74
2008,8,20,22,30,25.400000000000002,88,602,834,834,88,602,41.82
2008,8,20,23,30,24.200000000000003,73,372,724,222,178,270,45.35
2008,8,21,0,30,22.5,48,136,477,0,3,3,54.44
2008,8,21,1,30,21.1,0,0,0,0,0,0,68.31
2008,8,21,2,30,20.400000000000002,0,0,0,0,0,0,71.44
2008,8,21,3,30,19.700000000000003,0,0,0,0,0,0,74.37
2008,8,21,4,30,19,0,0,0,0,0,0,77.06
2008,8,21,5,30,18.2,0,0,0,0,0,0,80.44
2008,8,21,6,30,17.5,0,0,0,0,0,0,84.24
2008,8,21,7,30,16.8,0,0,0,0,0,0,88.44
2008,8,21,8,30,16.1,0,0,0,0,0,0,92.05
2008,8,21,9,30,15.700000000000001,0,0,0,0,0,0,93.86
2008,8,21,10,30,15.5,0,0,0,0,0,0,94.65
2008,8,21,11,30,15.200000000000001,0,0,0,0,0,0,95.48
2008,8,21,12,30,15.4,0,0,0,0,0,0,92.69
2008,8,21,13,30,16.5,52,168,531,8,77,79,85.35000000000001
2008,8,21,14,30,18.7,75,407,751,0,92,92,74.16
2008,8,21,15,30,21.400000000000002,85,636,859,0,85,85,61.56
2008,8,21,16,30,23.400000000000002,90,826,916,1,291,292,52.17
2008,8,21,17,30,24.5,94,959,943,1,315,316,47.44
2008,8,21,18,30,25,104,1023,944,1,305,306,44.77
2008,8,21,19,30,24.900000000000002,106,1015,938,57,487,543,44.17
2008,8,21,20,30,24.3,103,936,922,267,490,732,45.7
2008,8,21,21,30,23.3,96,792,890,257,420,621,49.65
2008,8,21,22,30,22.1,87,595,829,138,342,426,54.97
2008,8,21,23,30,20.700000000000003,74,364,711,8,123,126,62.43
2008,8,22,0,30,19.3,49,130,448,5,67,68,72.14
2008,8,22,1,30,18.3,0,0,0,0,0,0,80.14
2008,8,22,2,30,17.8,0,0,0,0,0,0,84.68
2008,8,22,3,30,17.400000000000002,0,0,0,0,0,0,87.97
2008,8,22,4,30,17.2,0,0,0,0,0,0,89.87
2008,8,22,5,30,17.1,0,0,0,0,0,0,90.87
2008,8,22,6,30,16.900000000000002,0,0,0,0,0,0,92.18
2008,8,22,7,30,16.6,0,0,0,0,0,0,94.03
2008,8,22,8,30,16.1,0,0,0,0,0,0,95.84
2008,8,22,9,30,15.700000000000001,0,0,0,0,0,0,96.81
2008,8,22,10,30,15.3,0,0,0,0,0,0,97.26
2008,8,22,11,30,15.100000000000001,0,0,0,0,0,0,96.59
2008,8,22,12,30,15.600000000000001,0,0,0,0,0,0,92.48
2008,8,22,13,30,17.2,49,169,555,555,49,169,84.64
2008,8,22,14,30,19.5,69,407,767,14,197,203,72.26
2008,8,22,15,30,21.900000000000002,80,635,865,865,80,635,58.31
2008,8,22,16,30,23.900000000000002,86,824,918,115,419,512,48.550000000000004
2008,8,22,17,30,25.1,88,958,949,949,88,958,43.84
2008,8,22,18,30,25.8,89,1025,963,963,89,1025,41.6
2008,8,22,19,30,26,88,1017,961,961,88,1017,41.22
2008,8,22,20,30,25.6,85,940,948,341,458,765,42.67
2008,8,22,21,30,25,92,791,897,171,356,489,44.74
2008,8,22,22,30,23.900000000000002,82,596,841,0,45,45,48.64
2008,8,22,23,30,22.5,68,365,731,209,178,263,54.49
2008,8,23,0,30,21,44,130,482,84,92,107,64.43
2008,8,23,1,30,19.8,0,0,0,0,0,0,76.49
2008,8,23,2,30,19.1,0,0,0,0,0,0,79.47
2008,8,23,3,30,18.6,0,0,0,0,0,0,83.08
2008,8,23,4,30,18.2,0,0,0,0,0,0,85.82000000000001
2008,8,23,5,30,17.8,0,0,0,0,0,0,88.72
2008,8,23,6,30,17.400000000000002,0,0,0,0,0,0,92.23
2008,8,23,7,30,17,0,0,0,0,0,0,93.94
2008,8,23,8,30,16.6,0,0,0,0,0,0,93.98
2008,8,23,9,30,16.1,0,0,0,0,0,0,95.77
2008,8,23,10,30,15.700000000000001,0,0,0,0,0,0,96.87
2008,8,23,11,30,15.4,0,0,0,0,0,0,97.66
2008,8,23,12,30,16.1,0,0,0,0,0,0,92.73
2008,8,23,13,30,17.900000000000002,51,165,533,3,103,103,85.60000000000001
2008,8,23,14,30,20,74,401,743,206,227,317,74.32000000000001
2008,8,23,15,30,21.6,90,625,836,836,90,625,61.620000000000005
2008,8,23,16,30,22.8,100,813,889,587,305,776,53.99
2008,8,23,17,30,23.5,105,946,920,920,105,946,50.620000000000005
2008,8,23,18,30,24.1,109,1012,931,931,109,1012,48.65
2008,8,23,19,30,24.3,110,1005,927,927,110,1005,48.13
2008,8,23,20,30,24.200000000000003,110,925,906,906,110,925,48.730000000000004
2008,8,23,21,30,23.5,107,780,865,865,107,780,51.21
2008,8,23,22,30,22.5,99,583,797,554,187,525,55.17
2008,8,23,23,30,21.200000000000003,83,353,670,621,76,326,61.120000000000005
2008,8,24,0,30,20,51,122,406,406,51,122,68.3
2008,8,24,1,30,19,0,0,0,0,0,0,77.60000000000001
2008,8,24,2,30,18.400000000000002,0,0,0,0,0,0,82.08
2008,8,24,3,30,17.900000000000002,0,0,0,0,0,0,86.68
2008,8,24,4,30,17.400000000000002,0,0,0,0,0,0,88.92
2008,8,24,5,30,16.900000000000002,0,0,0,0,0,0,90.25
2008,8,24,6,30,16.5,0,0,0,0,0,0,91.53
2008,8,24,7,30,16,0,0,0,0,0,0,93.06
2008,8,24,8,30,15.700000000000001,0,0,0,0,0,0,93.59
2008,8,24,9,30,15.600000000000001,0,0,0,0,0,0,93.97
2008,8,24,10,30,15.4,0,0,0,0,0,0,94.74
2008,8,24,11,30,15.3,0,0,0,0,0,0,94.43
2008,8,24,12,30,15.9,0,0,0,0,0,0,90.48
2008,8,24,13,30,17.7,44,169,582,141,102,133,83.39
2008,8,24,14,30,20.1,63,406,782,0,67,67,72.25
2008,8,24,15,30,22.200000000000003,74,633,874,1,214,215,60.03
2008,8,24,16,30,23.5,82,821,921,262,335,545,53.35
2008,8,24,17,30,24.1,87,951,945,399,366,730,50.19
2008,8,24,18,30,24.200000000000003,90,1017,956,71,469,538,49.47
2008,8,24,19,30,23.700000000000003,92,1010,953,673,240,888,51.04
2008,8,24,20,30,22.900000000000002,91,930,935,499,313,761,54.370000000000005
2008,8,24,21,30,22.1,114,776,853,670,214,734,58.120000000000005
2008,8,24,22,30,21.1,101,579,789,789,101,579,63.38
2008,8,24,23,30,20,80,351,675,4,108,110,70.35000000000001
2008,8,25,0,30,18.8,48,120,421,1,31,31,79.99
2008,8,25,1,30,18,0,0,0,0,0,0,87.34
2008,8,25,2,30,17.7,0,0,0,0,0,0,89.96000000000001
2008,8,25,3,30,17.5,0,0,0,0,0,0,91.64
2008,8,25,4,30,17.3,0,0,0,0,0,0,93.05
2008,8,25,5,30,17.2,0,0,0,0,0,0,93.8
2008,8,25,6,30,17,0,0,0,0,0,0,94.76
2008,8,25,7,30,16.900000000000002,0,0,0,0,0,0,94.73
2008,8,25,8,30,16.6,0,0,0,0,0,0,95.49
2008,8,25,9,30,16.3,0,0,0,0,0,0,95.68
2008,8,25,10,30,16,0,0,0,0,0,0,95.71000000000001
2008,8,25,11,30,15.700000000000001,0,0,0,0,0,0,95.25
2008,8,25,12,30,15.8,0,0,0,0,0,0,92.39
2008,8,25,13,30,16.6,40,171,613,5,63,64,86.65
2008,8,25,14,30,18.5,55,410,810,244,196,302,75.18
2008,8,25,15,30,21,63,636,898,29,297,316,61.35
2008,8,25,16,30,23,69,823,941,20,373,389,52.44
2008,8,25,17,30,23.900000000000002,73,955,966,0,197,197,50.07
2008,8,25,18,30,23.900000000000002,79,1018,971,2,361,363,50.22
2008,8,25,19,30,23.400000000000002,80,1011,968,342,487,816,52.11
2008,8,25,20,30,22.6,78,931,952,416,338,711,55.53
2008,8,25,21,30,21.8,73,788,924,139,359,467,59.730000000000004
2008,8,25,22,30,21.1,66,592,872,8,184,189,63.95
2008,8,25,23,30,20.200000000000003,54,362,774,0,47,47,69.19
2008,8,26,0,30,18.900000000000002,35,126,540,1,36,36,80.25
2008,8,26,1,30,17.6,0,0,0,0,0,0,91.23
2008,8,26,2,30,16.900000000000002,0,0,0,0,0,0,92.59
2008,8,26,3,30,16.3,0,0,0,0,0,0,93.87
2008,8,26,4,30,15.8,0,0,0,0,0,0,95.23
2008,8,26,5,30,15.5,0,0,0,0,0,0,96.26
2008,8,26,6,30,15.4,0,0,0,0,0,0,96.66
2008,8,26,7,30,15.3,0,0,0,0,0,0,96.75
2008,8,26,8,30,15.200000000000001,0,0,0,0,0,0,96.64
2008,8,26,9,30,15.100000000000001,0,0,0,0,0,0,96.84
2008,8,26,10,30,15.200000000000001,0,0,0,0,0,0,96.03
2008,8,26,11,30,15.200000000000001,0,0,0,0,0,0,96.36
2008,8,26,12,30,15.700000000000001,0,0,0,0,0,0,93.14
2008,8,26,13,30,16.7,44,165,572,0,81,81,88.10000000000001
2008,8,26,14,30,17.900000000000002,63,402,774,43,227,246,83.10000000000001
2008,8,26,15,30,19.3,73,628,869,70,325,369,75.9
2008,8,26,16,30,20.6,79,817,923,168,435,570,68.23
2008,8,26,17,30,21.400000000000002,82,949,951,951,82,949,63.39
2008,8,26,18,30,21.8,92,1014,954,501,333,817,61.04
2008,8,26,19,30,21.900000000000002,91,1007,953,62,455,514,59.89
2008,8,26,20,30,21.900000000000002,89,928,939,215,450,642,59.25
2008,8,26,21,30,21.700000000000003,85,783,906,2,200,202,59.76
2008,8,26,22,30,21.400000000000002,77,586,847,1,109,109,61.120000000000005
2008,8,26,23,30,20.6,65,354,734,0,25,25,65.63
2008,8,27,0,30,19.200000000000003,41,119,473,0,23,23,78.8
2008,8,27,1,30,18.2,0,0,0,0,0,0,87.58
2008,8,27,2,30,17.7,0,0,0,0,0,0,89.25
2008,8,27,3,30,17.1,0,0,0,0,0,0,91.36
2008,8,27,4,30,16.6,0,0,0,0,0,0,92.28
2008,8,27,5,30,16.2,0,0,0,0,0,0,92.43
2008,8,27,6,30,15.8,0,0,0,0,0,0,93.05
2008,8,27,7,30,15.4,0,0,0,0,0,0,94.09
2008,8,27,8,30,14.9,0,0,0,0,0,0,95.83
2008,8,27,9,30,14.5,0,0,0,0,0,0,96.82000000000001
2008,8,27,10,30,14.200000000000001,0,0,0,0,0,0,97.43
2008,8,27,11,30,14.100000000000001,0,0,0,0,0,0,97
2008,8,27,12,30,14.9,0,0,0,0,0,0,91.83
2008,8,27,13,30,16.8,59,157,465,465,59,157,86.06
2008,8,27,14,30,19.200000000000003,89,392,695,46,236,256,75.98
2008,8,27,15,30,21.6,108,617,799,92,353,412,63.99
2008,8,27,16,30,23.6,122,805,855,565,323,775,54.71
2008,8,27,17,30,24.900000000000002,131,937,885,885,131,937,49.730000000000004
2008,8,27,18,30,25.400000000000002,138,999,892,255,539,785,47.910000000000004
2008,8,27,19,30,25.3,139,989,886,176,463,632,47.800000000000004
2008,8,27,20,30,24.5,137,909,865,401,398,756,50.17
2008,8,27,21,30,23.400000000000002,138,759,807,253,361,555,54.77
2008,8,27,22,30,22.1,126,559,725,24,235,249,61.160000000000004
2008,8,27,23,30,20.700000000000003,102,329,582,15,143,148,69.38
2008,8,28,0,30,19.5,56,105,303,2,54,54,79.47
2008,8,28,1,30,18.7,0,0,0,0,0,0,87.08
2008,8,28,2,30,18.2,0,0,0,0,0,0,90.79
2008,8,28,3,30,17.8,0,0,0,0,0,0,92.79
2008,8,28,4,30,17.400000000000002,0,0,0,0,0,0,94.45
2008,8,28,5,30,17.1,0,0,0,0,0,0,95.05
2008,8,28,6,30,16.7,0,0,0,0,0,0,95.85000000000001
2008,8,28,7,30,16.2,0,0,0,0,0,0,96.13
2008,8,28,8,30,15.8,0,0,0,0,0,0,95.4
2008,8,28,9,30,15.5,0,0,0,0,0,0,94.47
2008,8,28,10,30,15.200000000000001,0,0,0,0,0,0,94.24
2008,8,28,11,30,15,0,0,0,0,0,0,93.95
2008,8,28,12,30,15.200000000000001,0,0,0,0,0,0,92.09
2008,8,28,13,30,16.2,42,165,586,12,101,103,87.60000000000001
2008,8,28,14,30,18.3,61,403,787,787,61,403,78.91
2008,8,28,15,30,20.700000000000003,72,629,876,357,297,524,68.65
2008,8,28,16,30,22.400000000000002,79,816,924,924,79,816,60.65
2008,8,28,17,30,23.200000000000003,85,948,950,950,85,948,56.08
2008,8,28,18,30,23.400000000000002,98,1008,944,488,339,809,54.1
2008,8,28,19,30,23.200000000000003,100,1000,939,9,433,442,54.51
2008,8,28,20,30,22.700000000000003,99,918,920,2,243,245,57.120000000000005
2008,8,28,21,30,21.8,94,772,885,2,190,192,61.49
2008,8,28,22,30,20.700000000000003,86,572,817,1,126,126,67.76
2008,8,28,23,30,19.5,73,340,691,2,89,90,75.7
2008,8,29,0,30,18.5,44,109,406,0,26,26,84.11
2008,8,29,1,30,17.900000000000002,0,0,0,0,0,0,89.99
2008,8,29,2,30,17.6,0,0,0,0,0,0,92.58
2008,8,29,3,30,17.400000000000002,0,0,0,0,0,0,94.22
2008,8,29,4,30,17.1,0,0,0,0,0,0,95.29
2008,8,29,5,30,16.900000000000002,0,0,0,0,0,0,94.89
2008,8,29,6,30,16.6,0,0,0,0,0,0,94.96000000000001
2008,8,29,7,30,16.400000000000002,0,0,0,0,0,0,94.5
2008,8,29,8,30,16.2,0,0,0,0,0,0,94.39
2008,8,29,9,30,16,0,0,0,0,0,0,94.55
2008,8,29,10,30,15.8,0,0,0,0,0,0,94.8
2008,8,29,11,30,15.4,0,0,0,0,0,0,95.79
2008,8,29,12,30,15.600000000000001,0,0,0,0,0,0,93.32000000000001
2008,8,29,13,30,16.6,42,163,580,0,75,75,88.43
2008,8,29,14,30,18.2,63,400,777,1,141,141,79.57000000000001
2008,8,29,15,30,20.1,76,625,865,325,266,473,68.52
2008,8,29,16,30,21.6,87,812,911,1,306,307,60.61
2008,8,29,17,30,22.400000000000002,94,943,935,211,496,687,56.45
2008,8,29,18,30,22.700000000000003,97,1009,947,275,517,782,54.410000000000004
2008,8,29,19,30,22.8,97,1001,945,945,97,1001,53.63
2008,8,29,20,30,22.700000000000003,93,920,931,931,93,920,53.4
2008,8,29,21,30,22.5,88,774,898,450,260,604,53.72
2008,8,29,22,30,21.900000000000002,78,576,841,202,278,398,56
2008,8,29,23,30,20.6,64,344,727,19,147,154,63.120000000000005
2008,8,30,0,30,19.1,39,110,454,2,46,46,76.11
2008,8,30,1,30,18.1,0,0,0,0,0,0,81.73
2008,8,30,2,30,17.400000000000002,0,0,0,0,0,0,84.72
2008,8,30,3,30,16.400000000000002,0,0,0,0,0,0,88.87
2008,8,30,4,30,15.4,0,0,0,0,0,0,92.21000000000001
2008,8,30,5,30,14.700000000000001,0,0,0,0,0,0,93.28
2008,8,30,6,30,14.3,0,0,0,0,0,0,93.07000000000001
2008,8,30,7,30,14,0,0,0,0,0,0,92.8
2008,8,30,8,30,13.700000000000001,0,0,0,0,0,0,93.16
2008,8,30,9,30,13.600000000000001,0,0,0,0,0,0,92.9
2008,8,30,10,30,13.4,0,0,0,0,0,0,93.29
2008,8,30,11,30,13.3,0,0,0,0,0,0,93.24
2008,8,30,12,30,13.700000000000001,0,0,0,0,0,0,90.38
2008,8,30,13,30,15.100000000000001,43,164,580,0,26,26,84.11
2008,8,30,14,30,17.400000000000002,63,403,784,1,132,133,73.86
2008,8,30,15,30,20,74,631,879,0,174,175,62
2008,8,30,16,30,22.200000000000003,80,821,931,22,306,324,53.33
2008,8,30,17,30,23.8,84,954,959,20,434,452,48.36
2008,8,30,18,30,24.8,98,1015,953,152,482,628,45.78
2008,8,30,19,30,25.1,98,1004,950,91,444,530,44.95
2008,8,30,20,30,24.900000000000002,96,922,933,444,408,801,45.49
2008,8,30,21,30,24.200000000000003,92,775,896,1,254,255,47.63
2008,8,30,22,30,23,81,574,836,836,81,574,51.46
2008,8,30,23,30,21.400000000000002,65,341,725,725,65,341,57.11
2008,8,31,0,30,19.400000000000002,38,109,467,33,77,82,65.33
2008,8,31,1,30,17.6,0,0,0,0,0,0,73.79
2008,8,31,2,30,16.2,0,0,0,0,0,0,80.8
2008,8,31,3,30,15.100000000000001,0,0,0,0,0,0,86.55
2008,8,31,4,30,14.200000000000001,0,0,0,0,0,0,90.69
2008,8,31,5,30,13.700000000000001,0,0,0,0,0,0,92.68
2008,8,31,6,30,13.4,0,0,0,0,0,0,93.55
2008,8,31,7,30,13.200000000000001,0,0,0,0,0,0,93.85000000000001
2008,8,31,8,30,13.200000000000001,0,0,0,0,0,0,93.59
2008,8,31,9,30,13.3,0,0,0,0,0,0,93.44
2008,8,31,10,30,13.5,0,0,0,0,0,0,93.67
2008,8,31,11,30,13.700000000000001,0,0,0,0,0,0,94.10000000000001
2008,8,31,12,30,14.100000000000001,0,0,0,0,0,0,92.38
2008,8,31,13,30,15.200000000000001,46,161,554,7,68,70,87.26
2008,8,31,14,30,17.2,69,400,764,62,206,233,77.83
2008,8,31,15,30,19.900000000000002,83,627,861,358,251,477,65.8
2008,8,31,16,30,22.400000000000002,92,815,910,284,332,557,56.26
2008,8,31,17,30,24.200000000000003,97,947,939,185,436,604,50.77
2008,8,31,18,30,25.1,103,1009,944,400,379,763,48.34
2008,8,31,19,30,25.3,104,997,938,467,348,792,47.42
2008,8,31,20,30,24.8,103,915,920,343,390,693,48.09
2008,8,31,21,30,23.900000000000002,97,766,882,158,360,480,50.77
2008,8,31,22,30,22.900000000000002,86,567,821,96,254,310,54.99
2008,8,31,23,30,21.6,68,335,706,344,157,287,61.6
2008,9,1,0,30,20,39,103,428,27,65,69,73.23
2008,9,1,1,30,18.7,0,0,0,0,0,0,81.38
2008,9,1,2,30,18,0,0,0,0,0,0,83.85000000000001
2008,9,1,3,30,17.2,0,0,0,0,0,0,86.9
2008,9,1,4,30,16.400000000000002,0,0,0,0,0,0,90.06
2008,9,1,5,30,15.700000000000001,0,0,0,0,0,0,93.22
2008,9,1,6,30,15.200000000000001,0,0,0,0,0,0,95.23
2008,9,1,7,30,14.9,0,0,0,0,0,0,96.14
2008,9,1,8,30,14.700000000000001,0,0,0,0,0,0,96.44
2008,9,1,9,30,14.4,0,0,0,0,0,0,97.23
2008,9,1,10,30,14.100000000000001,0,0,0,0,0,0,97.61
2008,9,1,11,30,13.9,0,0,0,0,0,0,97.82000000000001
2008,9,1,12,30,14.5,0,0,0,0,0,0,92.91
2008,9,1,13,30,16.3,42,165,597,597,42,165,85.91
2008,9,1,14,30,19,60,407,804,51,232,254,74.11
2008,9,1,15,30,22.1,70,637,898,99,348,411,57.95
2008,9,1,16,30,24.6,76,827,947,947,76,827,47.02
2008,9,1,17,30,26.200000000000003,81,958,970,970,81,958,41.96
2008,9,1,18,30,27.1,83,1020,978,978,83,1020,39.72
2008,9,1,19,30,27.5,84,1008,973,973,84,1008,38.84
2008,9,1,20,30,27.5,82,926,957,957,82,926,38.78
2008,9,1,21,30,26.8,73,777,932,932,73,777,40.15
2008,9,1,22,30,25.700000000000003,65,575,875,875,65,575,42.84
2008,9,1,23,30,24.200000000000003,53,340,767,312,149,266,47.93
2008,9,2,0,30,22.200000000000003,32,105,508,508,32,105,61.56
2008,9,2,1,30,20.700000000000003,0,0,0,0,0,0,74.54
2008,9,2,2,30,20,0,0,0,0,0,0,77.51
2008,9,2,3,30,19.3,0,0,0,0,0,0,80.52
2008,9,2,4,30,18.5,0,0,0,0,0,0,83.88
2008,9,2,5,30,17.7,0,0,0,0,0,0,86.73
2008,9,2,6,30,16.8,0,0,0,0,0,0,90.02
2008,9,2,7,30,16,0,0,0,0,0,0,93.22
2008,9,2,8,30,15.4,0,0,0,0,0,0,96.48
2008,9,2,9,30,15.200000000000001,0,0,0,0,0,0,97.63
2008,9,2,10,30,15,0,0,0,0,0,0,98.46000000000001
2008,9,2,11,30,14.8,0,0,0,0,0,0,98.68
2008,9,2,12,30,15.600000000000001,0,0,0,0,0,0,92.62
2008,9,2,13,30,17.900000000000002,42,161,581,581,42,161,81.9
2008,9,2,14,30,21,62,402,792,792,62,402,68.28
2008,9,2,15,30,23.400000000000002,74,630,882,882,74,630,56.370000000000005
2008,9,2,16,30,24.900000000000002,83,817,927,927,83,817,50.95
2008,9,2,17,30,26,90,948,950,950,90,948,47.92
2008,9,2,18,30,26.8,98,1009,952,952,98,1009,45.75
2008,9,2,19,30,27,101,998,946,946,101,998,44.85
2008,9,2,20,30,26.700000000000003,99,913,925,0,80,80,45.15
2008,9,2,21,30,26.1,89,766,898,481,248,611,46.74
2008,9,2,22,30,25,82,562,829,829,82,562,50.6
2008,9,2,23,30,23.5,68,327,698,28,190,200,58.18
2008,9,3,0,30,21.8,40,95,394,53,69,76,73.71000000000001
2008,9,3,1,30,20.700000000000003,0,0,0,0,0,0,82.85000000000001
2008,9,3,2,30,20,0,0,0,0,0,0,85.4
2008,9,3,3,30,19.400000000000002,0,0,0,0,0,0,86.57000000000001
2008,9,3,4,30,18.7,0,0,0,0,0,0,87.85000000000001
2008,9,3,5,30,18.1,0,0,0,0,0,0,89.75
2008,9,3,6,30,17.6,0,0,0,0,0,0,92.03
2008,9,3,7,30,17.2,0,0,0,0,0,0,93.79
2008,9,3,8,30,16.8,0,0,0,0,0,0,95.06
2008,9,3,9,30,16.5,0,0,0,0,0,0,95.68
2008,9,3,10,30,16.1,0,0,0,0,0,0,96.63
2008,9,3,11,30,15.700000000000001,0,0,0,0,0,0,97.13
2008,9,3,12,30,16.2,0,0,0,0,0,0,92.57000000000001
2008,9,3,13,30,18,50,154,515,4,89,90,85.76
2008,9,3,14,30,20.400000000000002,71,393,750,750,71,393,75.57000000000001
2008,9,3,15,30,22.6,84,621,854,0,182,182,63.92
2008,9,3,16,30,24.1,94,809,905,905,94,809,56.93
2008,9,3,17,30,24.900000000000002,100,940,931,931,100,940,53.92
2008,9,3,18,30,25.3,97,1005,951,951,97,1005,52.06
2008,9,3,19,30,25.200000000000003,96,995,950,950,96,995,51.550000000000004
2008,9,3,20,30,24.900000000000002,93,910,932,422,339,709,52.09
2008,9,3,21,30,24.5,87,762,899,605,218,672,52.980000000000004
2008,9,3,22,30,23.900000000000002,76,561,842,842,76,561,54.57
2008,9,3,23,30,22.700000000000003,60,329,733,733,60,329,58.660000000000004
2008,9,4,0,30,20.6,34,97,457,192,66,92,74.16
2008,9,4,1,30,18.900000000000002,0,0,0,0,0,0,82.01
2008,9,4,2,30,18,0,0,0,0,0,0,82.3
2008,9,4,3,30,17.3,0,0,0,0,0,0,83.3
2008,9,4,4,30,16.6,0,0,0,0,0,0,86.5
2008,9,4,5,30,15.8,0,0,0,0,0,0,91.05
2008,9,4,6,30,15,0,0,0,0,0,0,94.92
2008,9,4,7,30,14.700000000000001,0,0,0,0,0,0,96.37
2008,9,4,8,30,14.700000000000001,0,0,0,0,0,0,97.04
2008,9,4,9,30,14.700000000000001,0,0,0,0,0,0,97.4
2008,9,4,10,30,14.5,0,0,0,0,0,0,98.17
2008,9,4,11,30,14.3,0,0,0,0,0,0,98.22
2008,9,4,12,30,14.9,0,0,0,0,0,0,93.19
2008,9,4,13,30,16.400000000000002,51,155,513,0,41,41,87.01
2008,9,4,14,30,18.5,75,395,748,0,107,107,75.87
2008,9,4,15,30,21.200000000000003,86,626,859,60,321,359,60.77
2008,9,4,16,30,23.5,91,818,921,0,254,255,50.480000000000004
2008,9,4,17,30,25.1,93,951,952,133,458,578,45.74
2008,9,4,18,30,26.1,95,1015,965,73,486,556,43.47
2008,9,4,19,30,26.5,94,1004,963,963,94,1004,42.660000000000004
2008,9,4,20,30,26.5,92,917,945,945,92,917,42.75
2008,9,4,21,30,26,87,765,908,293,328,547,44.230000000000004
2008,9,4,22,30,24.700000000000003,78,561,843,187,314,422,48.09
2008,9,4,23,30,22.8,63,325,720,338,165,287,55.65
2008,9,5,0,30,20.700000000000003,36,91,415,43,69,74,70.09
2008,9,5,1,30,19.1,0,0,0,0,0,0,82.37
2008,9,5,2,30,18.400000000000002,0,0,0,0,0,0,86.87
2008,9,5,3,30,17.900000000000002,0,0,0,0,0,0,90.25
2008,9,5,4,30,17.400000000000002,0,0,0,0,0,0,92.76
2008,9,5,5,30,16.900000000000002,0,0,0,0,0,0,94.33
2008,9,5,6,30,16.400000000000002,0,0,0,0,0,0,95.47
2008,9,5,7,30,16,0,0,0,0,0,0,96.07000000000001
2008,9,5,8,30,15.600000000000001,0,0,0,0,0,0,96.39
2008,9,5,9,30,15.200000000000001,0,0,0,0,0,0,96.89
2008,9,5,10,30,14.9,0,0,0,0,0,0,96.96000000000001
2008,9,5,11,30,14.5,0,0,0,0,0,0,97.33
2008,9,5,12,30,14.9,0,0,0,0,0,0,93.17
2008,9,5,13,30,16.3,41,158,583,583,41,158,87.10000000000001
2008,9,5,14,30,18.5,60,399,794,26,211,222,76.23
2008,9,5,15,30,20.8,70,629,891,891,70,629,63.47
2008,9,5,16,30,22.8,77,818,939,116,415,506,54.58
2008,9,5,17,30,24.3,82,949,965,28,439,464,49.17
2008,9,5,18,30,25.400000000000002,84,1012,975,27,465,491,45.04
2008,9,5,19,30,26,85,1002,974,974,85,1002,42.04
2008,9,5,20,30,26.200000000000003,84,917,957,957,84,917,39.58
2008,9,5,21,30,25.8,81,768,923,0,152,152,38.38
2008,9,5,22,30,25,72,565,866,110,264,327,38.22
2008,9,5,23,30,23,58,329,753,291,171,275,42.1
2008,9,6,0,30,19.900000000000002,33,93,464,163,47,68,56.6
2008,9,6,1,30,17.5,0,0,0,0,0,0,69.56
2008,9,6,2,30,16.400000000000002,0,0,0,0,0,0,73.24
2008,9,6,3,30,15.4,0,0,0,0,0,0,77.27
2008,9,6,4,30,14.600000000000001,0,0,0,0,0,0,81.28
2008,9,6,5,30,13.9,0,0,0,0,0,0,86.34
2008,9,6,6,30,13.3,0,0,0,0,0,0,91.44
2008,9,6,7,30,13,0,0,0,0,0,0,94.38
2008,9,6,8,30,12.700000000000001,0,0,0,0,0,0,95.89
2008,9,6,9,30,12.5,0,0,0,0,0,0,96.19
2008,9,6,10,30,12.4,0,0,0,0,0,0,96.09
2008,9,6,11,30,12.3,0,0,0,0,0,0,96.13
2008,9,6,12,30,12.9,0,0,0,0,0,0,92.06
2008,9,6,13,30,14.8,39,164,628,628,39,164,82.76
2008,9,6,14,30,17.7,56,410,833,833,56,410,69.13
2008,9,6,15,30,20.6,65,642,921,164,355,457,54.86
2008,9,6,16,30,22.900000000000002,71,831,965,77,412,472,46.14
2008,9,6,17,30,24.700000000000003,75,961,987,180,494,656,41.2
2008,9,6,18,30,26,83,1021,988,25,469,493,38.230000000000004
2008,9,6,19,30,26.700000000000003,84,1007,982,159,488,637,36.77
2008,9,6,20,30,26.8,83,919,962,962,83,919,36.63
2008,9,6,21,30,26.200000000000003,77,768,931,931,77,768,37.93
2008,9,6,22,30,25.1,70,561,868,868,70,561,40.65
2008,9,6,23,30,23.3,57,323,746,746,57,323,46.45
2008,9,7,0,30,20.900000000000002,32,88,446,446,32,88,58.29
2008,9,7,1,30,19.1,0,0,0,0,0,0,69.83
2008,9,7,2,30,17.900000000000002,0,0,0,0,0,0,76.13
2008,9,7,3,30,16.900000000000002,0,0,0,0,0,0,82.39
2008,9,7,4,30,16,0,0,0,0,0,0,87.84
2008,9,7,5,30,15.3,0,0,0,0,0,0,91.77
2008,9,7,6,30,14.700000000000001,0,0,0,0,0,0,94.56
2008,9,7,7,30,14.200000000000001,0,0,0,0,0,0,95.73
2008,9,7,8,30,13.700000000000001,0,0,0,0,0,0,95.38
2008,9,7,9,30,13.100000000000001,0,0,0,0,0,0,94.75
2008,9,7,10,30,12.5,0,0,0,0,0,0,94.45
2008,9,7,11,30,11.9,0,0,0,0,0,0,94.52
2008,9,7,12,30,12.200000000000001,0,0,0,0,0,0,90.09
2008,9,7,13,30,14.200000000000001,39,160,610,610,39,160,78.06
2008,9,7,14,30,17.1,56,403,818,818,56,403,62.01
2008,9,7,15,30,20,66,633,906,906,66,633,50.45
2008,9,7,16,30,22.400000000000002,74,820,950,950,74,820,45.26
2008,9,7,17,30,24.200000000000003,79,949,971,971,79,949,43.34
2008,9,7,18,30,25.200000000000003,82,1009,978,978,82,1009,43.050000000000004
2008,9,7,19,30,25.6,83,995,972,443,437,852,43.410000000000004
2008,9,7,20,30,25.3,81,908,955,955,81,908,44.74
2008,9,7,21,30,24.6,85,754,905,905,85,754,46.78
2008,9,7,22,30,23.700000000000003,78,548,835,835,78,548,50.01
2008,9,7,23,30,22.200000000000003,62,312,710,710,62,312,55.38
2008,9,8,0,30,20.200000000000003,34,82,396,396,34,82,65.12
2008,9,8,1,30,18.7,0,0,0,0,0,0,74.66
2008,9,8,2,30,17.8,0,0,0,0,0,0,78.3
2008,9,8,3,30,16.900000000000002,0,0,0,0,0,0,82.47
2008,9,8,4,30,15.9,0,0,0,0,0,0,87.81
2008,9,8,5,30,15.200000000000001,0,0,0,0,0,0,91.36
2008,9,8,6,30,14.8,0,0,0,0,0,0,92.78
2008,9,8,7,30,14.4,0,0,0,0,0,0,93.78
2008,9,8,8,30,14.100000000000001,0,0,0,0,0,0,94.05
2008,9,8,9,30,13.9,0,0,0,0,0,0,94.05
2008,9,8,10,30,13.700000000000001,0,0,0,0,0,0,94.28
2008,9,8,11,30,13.600000000000001,0,0,0,0,0,0,93.97
2008,9,8,12,30,14,0,0,0,0,0,0,90.83
2008,9,8,13,30,15.4,42,155,572,28,89,95,83.04
2008,9,8,14,30,17.6,62,394,783,3,91,92,71.73
2008,9,8,15,30,20,75,621,876,143,289,378,61.82
2008,9,8,16,30,22.200000000000003,83,809,926,164,357,486,54.620000000000005
2008,9,8,17,30,23.900000000000002,87,940,954,263,398,633,50.11
2008,9,8,18,30,25,87,1002,968,160,447,599,47.300000000000004
2008,9,8,19,30,25.700000000000003,85,988,965,94,438,526,45.230000000000004
2008,9,8,20,30,25.700000000000003,81,903,952,202,401,575,44.86
2008,9,8,21,30,25,75,751,919,720,134,664,46.38
2008,9,8,22,30,23.700000000000003,67,547,856,311,217,392,50.75
2008,9,8,23,30,21.900000000000002,54,310,734,491,111,282,59.04
2008,9,9,0,30,20,30,80,422,368,26,69,71.89
2008,9,9,1,30,18.7,0,0,0,0,0,0,82.06
2008,9,9,2,30,18,0,0,0,0,0,0,86.78
2008,9,9,3,30,17.400000000000002,0,0,0,0,0,0,90.64
2008,9,9,4,30,16.900000000000002,0,0,0,0,0,0,92.69
2008,9,9,5,30,16.3,0,0,0,0,0,0,93.25
2008,9,9,6,30,15.700000000000001,0,0,0,0,0,0,93.83
2008,9,9,7,30,15.4,0,0,0,0,0,0,93.3
2008,9,9,8,30,15.200000000000001,0,0,0,0,0,0,93.13
2008,9,9,9,30,15.100000000000001,0,0,0,0,0,0,93.36
2008,9,9,10,30,15,0,0,0,0,0,0,93.89
2008,9,9,11,30,14.700000000000001,0,0,0,0,0,0,95.16
2008,9,9,12,30,15,0,0,0,0,0,0,92.16
2008,9,9,13,30,16.5,36,157,616,616,36,157,84.92
2008,9,9,14,30,18.8,51,397,820,820,51,397,73.92
2008,9,9,15,30,21.400000000000002,59,624,908,908,59,624,60.42
2008,9,9,16,30,23.6,65,811,954,954,65,811,51.77
2008,9,9,17,30,25,68,941,978,978,68,941,47.81
2008,9,9,18,30,25.8,71,1000,984,1,346,347,45.61
2008,9,9,19,30,26,72,988,982,982,72,988,44.6
2008,9,9,20,30,25.6,70,900,964,964,70,900,45.29
2008,9,9,21,30,24.900000000000002,66,750,934,934,66,750,47.58
2008,9,9,22,30,23.900000000000002,59,545,874,0,117,117,51.54
2008,9,9,23,30,22.400000000000002,49,309,754,30,176,187,58.78
2008,9,10,0,30,20.900000000000002,27,78,446,446,27,78,71.42
2008,9,10,1,30,19.8,0,0,0,0,0,0,81.62
2008,9,10,2,30,19.1,0,0,0,0,0,0,84.78
2008,9,10,3,30,18.6,0,0,0,0,0,0,87.46000000000001
2008,9,10,4,30,18.2,0,0,0,0,0,0,89.60000000000001
2008,9,10,5,30,17.8,0,0,0,0,0,0,91.95
2008,9,10,6,30,17.400000000000002,0,0,0,0,0,0,93.76
2008,9,10,7,30,17.1,0,0,0,0,0,0,94.66
2008,9,10,8,30,16.7,0,0,0,0,0,0,95.60000000000001
2008,9,10,9,30,16.400000000000002,0,0,0,0,0,0,95.5
2008,9,10,10,30,16.1,0,0,0,0,0,0,95.24
2008,9,10,11,30,15.8,0,0,0,0,0,0,95.01
2008,9,10,12,30,15.8,0,0,0,0,0,0,92.64
2008,9,10,13,30,16.7,36,154,611,0,34,34,85.93
2008,9,10,14,30,18.8,50,394,818,16,184,191,73.18
2008,9,10,15,30,21.6,57,621,908,111,340,409,59.57
2008,9,10,16,30,24,62,808,954,172,428,562,51.04
2008,9,10,17,30,25.8,65,937,978,978,65,937,46.02
2008,9,10,18,30,26.900000000000002,71,998,985,591,269,825,42.86
2008,9,10,19,30,27.400000000000002,71,983,980,16,441,456,41.35
2008,9,10,20,30,27.3,70,897,964,167,406,549,41.160000000000004
2008,9,10,21,30,26.5,67,745,930,114,336,419,43.04
2008,9,10,22,30,25.200000000000003,59,540,871,29,218,233,47.31
2008,9,10,23,30,23.700000000000003,48,305,753,10,120,123,54.09
2008,9,11,0,30,22,26,75,447,4,42,42,67.44
2008,9,11,1,30,20.8,0,0,0,0,0,0,79.54
2008,9,11,2,30,20,0,0,0,0,0,0,82.96000000000001
2008,9,11,3,30,19.3,0,0,0,0,0,0,86.67
2008,9,11,4,30,18.7,0,0,0,0,0,0,89.97
2008,9,11,5,30,18.2,0,0,0,0,0,0,92.3
2008,9,11,6,30,17.7,0,0,0,0,0,0,94.06
2008,9,11,7,30,17.1,0,0,0,0,0,0,95.51
2008,9,11,8,30,16.5,0,0,0,0,0,0,95.92
2008,9,11,9,30,16,0,0,0,0,0,0,96.06
2008,9,11,10,30,15.600000000000001,0,0,0,0,0,0,96.11
2008,9,11,11,30,15.4,0,0,0,0,0,0,95.36
2008,9,11,12,30,15.8,0,0,0,0,0,0,91.45
2008,9,11,13,30,17.1,38,152,589,589,38,152,84.48
2008,9,11,14,30,19.1,57,391,794,794,57,391,74.96000000000001
2008,9,11,15,30,21.700000000000003,68,618,887,887,68,618,62.980000000000004
2008,9,11,16,30,23.900000000000002,75,805,936,936,75,805,54.47
2008,9,11,17,30,25.400000000000002,79,934,961,260,480,711,49.22
2008,9,11,18,30,26.3,90,992,960,960,90,992,46
2008,9,11,19,30,26.700000000000003,91,978,955,955,91,978,44.61
2008,9,11,20,30,26.400000000000002,89,890,937,937,89,890,45.06
2008,9,11,21,30,25.8,91,734,885,885,91,734,46.410000000000004
2008,9,11,22,30,25.200000000000003,80,530,819,819,80,530,48.42
2008,9,11,23,30,23.900000000000002,61,295,691,642,23,239,54.34
2008,9,12,0,30,21.900000000000002,31,68,354,49,42,47,72.02
2008,9,12,1,30,20.400000000000002,0,0,0,0,0,0,80.5
2008,9,12,2,30,19.400000000000002,0,0,0,0,0,0,83.48
2008,9,12,3,30,18.400000000000002,0,0,0,0,0,0,86.3
2008,9,12,4,30,17.5,0,0,0,0,0,0,90.09
2008,9,12,5,30,16.900000000000002,0,0,0,0,0,0,92.55
2008,9,12,6,30,16.5,0,0,0,0,0,0,93.62
2008,9,12,7,30,16,0,0,0,0,0,0,95.28
2008,9,12,8,30,15.600000000000001,0,0,0,0,0,0,96.2
2008,9,12,9,30,15.200000000000001,0,0,0,0,0,0,96.94
2008,9,12,10,30,14.8,0,0,0,0,0,0,97.60000000000001
2008,9,12,11,30,14.5,0,0,0,0,0,0,97.79
2008,9,12,12,30,15,0,0,0,0,0,0,93.28
2008,9,12,13,30,17.2,38,154,602,602,38,154,82.62
2008,9,12,14,30,20.200000000000003,54,396,816,816,54,396,68.77
2008,9,12,15,30,23.1,63,625,907,907,63,625,56.11
2008,9,12,16,30,25.3,69,812,955,955,69,812,48.97
2008,9,12,17,30,26.900000000000002,73,942,979,979,73,942,44.26
2008,9,12,18,30,28,90,998,969,969,90,998,41.14
2008,9,12,19,30,28.400000000000002,91,981,962,962,91,981,39.89
2008,9,12,20,30,28.400000000000002,88,893,944,944,88,893,39.64
2008,9,12,21,30,27.6,85,737,902,902,85,737,41.29
2008,9,12,22,30,26.400000000000002,76,529,830,830,76,529,44.27
2008,9,12,23,30,24.700000000000003,62,290,685,685,62,290,50.63
2008,9,13,0,30,22.700000000000003,31,64,317,317,31,64,64.58
2008,9,13,1,30,21.400000000000002,0,0,0,0,0,0,76.71000000000001
2008,9,13,2,30,20.5,0,0,0,0,0,0,80.27
2008,9,13,3,30,19.8,0,0,0,0,0,0,84.57000000000001
2008,9,13,4,30,19.3,0,0,0,0,0,0,87.96000000000001
2008,9,13,5,30,18.8,0,0,0,0,0,0,90.86
2008,9,13,6,30,18.400000000000002,0,0,0,0,0,0,92.46000000000001
2008,9,13,7,30,18.1,0,0,0,0,0,0,93.37
2008,9,13,8,30,17.8,0,0,0,0,0,0,94.16
2008,9,13,9,30,17.400000000000002,0,0,0,0,0,0,95.07000000000001
2008,9,13,10,30,16.900000000000002,0,0,0,0,0,0,95.73
2008,9,13,11,30,16.400000000000002,0,0,0,0,0,0,96.05
2008,9,13,12,30,16.7,0,0,0,0,0,0,92.44
2008,9,13,13,30,18.2,43,148,550,13,94,97,85.37
2008,9,13,14,30,20.200000000000003,63,389,780,13,179,184,74.94
2008,9,13,15,30,22.1,74,618,881,306,309,498,63.96
2008,9,13,16,30,23.5,80,807,936,259,421,622,55.42
2008,9,13,17,30,24.6,84,937,963,141,463,588,49.97
2008,9,13,18,30,25.5,133,981,907,297,521,798,45.93
2008,9,13,19,30,26,128,967,909,485,356,804,43.4
2008,9,13,20,30,26.200000000000003,118,881,898,898,118,881,41.92
2008,9,13,21,30,25.900000000000002,103,728,868,868,103,728,41.94
2008,9,13,22,30,25.1,90,520,794,794,90,520,43.9
2008,9,13,23,30,23.900000000000002,71,283,641,239,167,245,51.33
2008,9,14,0,30,22.3,34,59,256,0,3,3,65.37
2008,9,14,1,30,21.200000000000003,0,0,0,0,0,0,75.99
2008,9,14,2,30,20.400000000000002,0,0,0,0,0,0,82.13
2008,9,14,3,30,19.8,0,0,0,0,0,0,85.03
2008,9,14,4,30,19.3,0,0,0,0,0,0,85.85000000000001
2008,9,14,5,30,18.8,0,0,0,0,0,0,88.29
2008,9,14,6,30,18.3,0,0,0,0,0,0,91.44
2008,9,14,7,30,17.900000000000002,0,0,0,0,0,0,93.29
2008,9,14,8,30,17.6,0,0,0,0,0,0,94.15
2008,9,14,9,30,17.400000000000002,0,0,0,0,0,0,94.51
2008,9,14,10,30,17.1,0,0,0,0,0,0,95.2
2008,9,14,11,30,17,0,0,0,0,0,0,95.10000000000001
2008,9,14,12,30,17.1,0,0,0,0,0,0,94.06
2008,9,14,13,30,17.400000000000002,47,142,499,1,42,43,92.23
2008,9,14,14,30,18.1,64,382,765,143,196,256,86.81
2008,9,14,15,30,19.3,70,611,879,168,274,377,79.83
2008,9,14,16,30,20.8,74,798,934,260,411,613,71.64
2008,9,14,17,30,21.8,79,926,959,959,79,926,64.67
2008,9,14,18,30,22.200000000000003,83,984,966,607,265,831,61.09
2008,9,14,19,30,22.1,85,969,960,69,462,525,61.2
2008,9,14,20,30,21.700000000000003,82,881,943,0,201,202,63.43
2008,9,14,21,30,21.1,84,726,897,897,84,726,66.48
2008,9,14,22,30,20.5,72,521,833,46,273,298,68.83
2008,9,14,23,30,19.400000000000002,57,286,703,0,12,12,73.84
2008,9,15,0,30,18.2,28,60,342,0,30,31,82.07000000000001
2008,9,15,1,30,17.400000000000002,0,0,0,0,0,0,86.10000000000001
2008,9,15,2,30,16.8,0,0,0,0,0,0,88.32000000000001
2008,9,15,3,30,16.1,0,0,0,0,0,0,91.2
2008,9,15,4,30,15.3,0,0,0,0,0,0,94.56
2008,9,15,5,30,14.700000000000001,0,0,0,0,0,0,95.89
2008,9,15,6,30,14.4,0,0,0,0,0,0,95.31
2008,9,15,7,30,14,0,0,0,0,0,0,95.25
2008,9,15,8,30,13.600000000000001,0,0,0,0,0,0,94.99
2008,9,15,9,30,13.100000000000001,0,0,0,0,0,0,94.78
2008,9,15,10,30,12.700000000000001,0,0,0,0,0,0,94.8
2008,9,15,11,30,12.4,0,0,0,0,0,0,95.16
2008,9,15,12,30,12.5,0,0,0,0,0,0,93.31
2008,9,15,13,30,13.4,41,148,566,1,39,39,88.23
2008,9,15,14,30,15.100000000000001,62,388,785,0,22,22,78.67
2008,9,15,15,30,17.3,74,616,881,0,151,151,66.85
2008,9,15,16,30,19,83,801,928,0,202,203,58.65
2008,9,15,17,30,20.200000000000003,88,930,955,149,470,602,54.63
2008,9,15,18,30,20.8,92,988,963,6,414,420,52.96
2008,9,15,19,30,21.1,91,973,961,0,274,274,52.34
2008,9,15,20,30,21,87,882,943,6,372,377,52.68
2008,9,15,21,30,20.3,81,728,908,908,81,728,55
2008,9,15,22,30,19.200000000000003,72,520,838,14,234,242,59.29
2008,9,15,23,30,17.7,57,282,699,0,45,45,66.21000000000001
2008,9,16,0,30,16.2,27,57,330,8,40,40,76.26
2008,9,16,1,30,15.100000000000001,0,0,0,0,0,0,85.29
2008,9,16,2,30,14.4,0,0,0,0,0,0,89.74
2008,9,16,3,30,13.9,0,0,0,0,0,0,90.9
2008,9,16,4,30,13.3,0,0,0,0,0,0,92.59
2008,9,16,5,30,12.8,0,0,0,0,0,0,93.76
2008,9,16,6,30,12.4,0,0,0,0,0,0,94.86
2008,9,16,7,30,12.200000000000001,0,0,0,0,0,0,94.92
2008,9,16,8,30,12,0,0,0,0,0,0,94.68
2008,9,16,9,30,11.8,0,0,0,0,0,0,94.46000000000001
2008,9,16,10,30,11.600000000000001,0,0,0,0,0,0,94.52
2008,9,16,11,30,11.4,0,0,0,0,0,0,94.98
2008,9,16,12,30,11.700000000000001,0,0,0,0,0,0,92.7
2008,9,16,13,30,12.9,39,148,581,0,14,14,87.41
2008,9,16,14,30,14.9,57,388,800,0,106,106,78.11
2008,9,16,15,30,17.3,68,616,894,20,281,293,66.01
2008,9,16,16,30,19.5,75,804,944,1,273,274,56.47
2008,9,16,17,30,21,79,931,969,0,109,109,51.77
2008,9,16,18,30,21.6,82,988,976,0,193,193,50.33
2008,9,16,19,30,21.700000000000003,81,972,973,0,236,236,50.5
2008,9,16,20,30,21.6,79,882,956,0,142,142,51.32
2008,9,16,21,30,21.1,75,725,916,0,159,159,53.6
2008,9,16,22,30,20.1,68,518,848,32,246,263,57.77
2008,9,16,23,30,18.7,54,280,709,1,105,106,64.83
2008,9,17,0,30,17.1,25,54,338,0,19,19,76.81
2008,9,17,1,30,16,0,0,0,0,0,0,86.47
2008,9,17,2,30,15.5,0,0,0,0,0,0,89.77
2008,9,17,3,30,15,0,0,0,0,0,0,92.81
2008,9,17,4,30,14.5,0,0,0,0,0,0,94.81
2008,9,17,5,30,14,0,0,0,0,0,0,95.13
2008,9,17,6,30,13.5,0,0,0,0,0,0,95.7
2008,9,17,7,30,13.100000000000001,0,0,0,0,0,0,95.8
2008,9,17,8,30,12.700000000000001,0,0,0,0,0,0,96.07000000000001
2008,9,17,9,30,12.4,0,0,0,0,0,0,95.92
2008,9,17,10,30,12.100000000000001,0,0,0,0,0,0,96
2008,9,17,11,30,11.9,0,0,0,0,0,0,95.71000000000001
2008,9,17,12,30,12,0,0,0,0,0,0,93.85000000000001
2008,9,17,13,30,13,41,145,554,0,24,24,88.48
2008,9,17,14,30,15,63,385,780,0,89,89,78.75
2008,9,17,15,30,17.7,75,613,879,1,198,198,66.1
2008,9,17,16,30,20.200000000000003,82,800,931,0,235,235,55.83
2008,9,17,17,30,22.1,87,928,958,1,340,341,50.07
2008,9,17,18,30,23.3,111,979,937,10,431,440,47
2008,9,17,19,30,23.8,110,962,935,1,352,353,45.88
2008,9,17,20,30,23.8,104,871,916,1,304,305,46.01
2008,9,17,21,30,23.200000000000003,88,717,891,2,271,272,47.980000000000004
2008,9,17,22,30,22,76,509,821,34,253,271,51.94
2008,9,17,23,30,20.3,60,271,671,13,152,156,59.09
2008,9,18,0,30,18.5,26,49,280,280,26,49,71.81
2008,9,18,1,30,17.3,0,0,0,0,0,0,81.60000000000001
2008,9,18,2,30,16.6,0,0,0,0,0,0,85.16
2008,9,18,3,30,16,0,0,0,0,0,0,88.75
2008,9,18,4,30,15.5,0,0,0,0,0,0,91.01
2008,9,18,5,30,15,0,0,0,0,0,0,91.74
2008,9,18,6,30,14.600000000000001,0,0,0,0,0,0,91.53
2008,9,18,7,30,14.100000000000001,0,0,0,0,0,0,92.07000000000001
2008,9,18,8,30,13.8,0,0,0,0,0,0,91.09
2008,9,18,9,30,13.5,0,0,0,0,0,0,90.78
2008,9,18,10,30,13.200000000000001,0,0,0,0,0,0,91.02
2008,9,18,11,30,12.8,0,0,0,0,0,0,91.97
2008,9,18,12,30,12.9,0,0,0,0,0,0,89.88
2008,9,18,13,30,13.700000000000001,45,142,522,522,45,142,83.06
2008,9,18,14,30,15.3,67,383,768,4,165,167,71.44
2008,9,18,15,30,17.3,79,612,874,0,163,163,59.52
2008,9,18,16,30,19.3,88,799,926,12,357,367,51.04
2008,9,18,17,30,20.900000000000002,94,927,951,52,444,489,46.72
2008,9,18,18,30,22,96,985,963,222,519,724,44.730000000000004
2008,9,18,19,30,22.5,97,966,955,108,483,581,44.300000000000004
2008,9,18,20,30,22.6,95,875,935,935,95,875,44.92
2008,9,18,21,30,22.1,108,708,855,855,108,708,47.22
2008,9,18,22,30,21.3,96,498,767,433,209,435,51.14
2008,9,18,23,30,19.8,74,261,602,375,137,254,58.6
2008,9,19,0,30,18,29,44,201,0,22,22,72.62
2008,9,19,1,30,16.8,0,0,0,0,0,0,81.26
2008,9,19,2,30,16.2,0,0,0,0,0,0,83.67
2008,9,19,3,30,15.700000000000001,0,0,0,0,0,0,85.77
2008,9,19,4,30,15.3,0,0,0,0,0,0,87.31
2008,9,19,5,30,14.8,0,0,0,0,0,0,89.51
2008,9,19,6,30,14.5,0,0,0,0,0,0,90.74
2008,9,19,7,30,14.200000000000001,0,0,0,0,0,0,91.63
2008,9,19,8,30,13.9,0,0,0,0,0,0,92.01
2008,9,19,9,30,13.600000000000001,0,0,0,0,0,0,92.44
2008,9,19,10,30,13.200000000000001,0,0,0,0,0,0,93.24
2008,9,19,11,30,12.9,0,0,0,0,0,0,93.36
2008,9,19,12,30,12.9,0,0,0,0,0,0,91.26
2008,9,19,13,30,13.5,50,135,462,462,50,135,86.42
2008,9,19,14,30,15.200000000000001,78,373,719,719,78,373,77.89
2008,9,19,15,30,17.6,94,600,832,110,345,413,67.72
2008,9,19,16,30,19.6,104,788,892,892,104,788,59.6
2008,9,19,17,30,20.700000000000003,110,916,923,326,465,750,56.17
2008,9,19,18,30,21.400000000000002,89,981,969,969,89,981,54.14
2008,9,19,19,30,21.700000000000003,87,964,967,967,87,964,53.17
2008,9,19,20,30,21.5,85,873,948,948,85,873,53.75
2008,9,19,21,30,20.900000000000002,77,717,915,0,192,192,55.69
2008,9,19,22,30,20.1,70,507,842,369,199,391,58.95
2008,9,19,23,30,18.8,54,268,699,470,112,256,66.28
2008,9,20,0,30,17.400000000000002,23,45,304,0,17,17,79.41
2008,9,20,1,30,16.400000000000002,0,0,0,0,0,0,87.46000000000001
2008,9,20,2,30,15.9,0,0,0,0,0,0,89.60000000000001
2008,9,20,3,30,15.3,0,0,0,0,0,0,91.95
2008,9,20,4,30,14.600000000000001,0,0,0,0,0,0,94.04
2008,9,20,5,30,13.9,0,0,0,0,0,0,95.2
2008,9,20,6,30,13.200000000000001,0,0,0,0,0,0,96.67
2008,9,20,7,30,12.9,0,0,0,0,0,0,96.28
2008,9,20,8,30,12.700000000000001,0,0,0,0,0,0,95.79
2008,9,20,9,30,12.5,0,0,0,0,0,0,95.11
2008,9,20,10,30,12.100000000000001,0,0,0,0,0,0,95.62
2008,9,20,11,30,11.9,0,0,0,0,0,0,95.10000000000001
2008,9,20,12,30,11.9,0,0,0,0,0,0,93.56
2008,9,20,13,30,13,41,143,560,0,33,33,86.42
2008,9,20,14,30,15.4,62,384,790,55,224,246,74.54
2008,9,20,15,30,18.2,74,613,888,112,343,411,60.25
2008,9,20,16,30,20.6,82,800,939,102,403,481,49.93
2008,9,20,17,30,22.3,86,928,967,145,472,599,45.5
2008,9,20,18,30,23.3,89,985,975,288,423,687,43.72
2008,9,20,19,30,23.6,89,967,971,971,89,967,43.92
2008,9,20,20,30,23.3,85,875,955,955,85,875,45.45
2008,9,20,21,30,22.5,78,716,918,26,332,350,48.15
2008,9,20,22,30,21.400000000000002,68,506,851,193,281,380,52.42
2008,9,20,23,30,19.700000000000003,52,266,710,335,119,220,60.58
2008,9,21,0,30,18,22,43,312,0,20,20,73.15
2008,9,21,1,30,16.900000000000002,0,0,0,0,0,0,81.07000000000001
2008,9,21,2,30,16.2,0,0,0,0,0,0,85.74
2008,9,21,3,30,15.600000000000001,0,0,0,0,0,0,89.78
2008,9,21,4,30,15.200000000000001,0,0,0,0,0,0,92.4
2008,9,21,5,30,14.8,0,0,0,0,0,0,94.24
2008,9,21,6,30,14.3,0,0,0,0,0,0,95.68
2008,9,21,7,30,13.8,0,0,0,0,0,0,96.10000000000001
2008,9,21,8,30,13.4,0,0,0,0,0,0,95.55
2008,9,21,9,30,13.100000000000001,0,0,0,0,0,0,95.03
2008,9,21,10,30,12.8,0,0,0,0,0,0,94.84
2008,9,21,11,30,12.5,0,0,0,0,0,0,94.93
2008,9,21,12,30,12.5,0,0,0,0,0,0,93.65
2008,9,21,13,30,13.3,41,141,553,0,41,41,89.45
2008,9,21,14,30,15.100000000000001,63,382,785,0,116,116,81.04
2008,9,21,15,30,17.6,74,611,887,4,252,255,68.86
2008,9,21,16,30,19.900000000000002,80,799,942,305,403,635,57.14
2008,9,21,17,30,21.5,83,926,970,137,461,580,51.050000000000004
2008,9,21,18,30,22.400000000000002,83,984,983,29,457,484,48.02
2008,9,21,19,30,22.700000000000003,83,965,979,979,83,965,46.72
2008,9,21,20,30,22.5,81,872,960,960,81,872,46.63
2008,9,21,21,30,22,84,711,907,907,84,711,47.46
2008,9,21,22,30,21.200000000000003,73,501,834,273,262,402,49.36
2008,9,21,23,30,19.700000000000003,57,261,684,0,77,77,55.07
2008,9,22,0,30,17.8,22,40,269,0,12,12,70.55
2008,9,22,1,30,16.5,0,0,0,0,0,0,79.7
2008,9,22,2,30,15.9,0,0,0,0,0,0,82.54
2008,9,22,3,30,15.3,0,0,0,0,0,0,86.03
2008,9,22,4,30,14.700000000000001,0,0,0,0,0,0,90.21000000000001
2008,9,22,5,30,14.100000000000001,0,0,0,0,0,0,93.7
2008,9,22,6,30,13.700000000000001,0,0,0,0,0,0,95.67
2008,9,22,7,30,13.5,0,0,0,0,0,0,96.2
2008,9,22,8,30,13.3,0,0,0,0,0,0,96.18
2008,9,22,9,30,13,0,0,0,0,0,0,96.54
2008,9,22,10,30,12.8,0,0,0,0,0,0,95.76
2008,9,22,11,30,12.5,0,0,0,0,0,0,95.9
2008,9,22,12,30,12.5,0,0,0,0,0,0,94.2
2008,9,22,13,30,13.4,41,140,551,551,41,140,89.14
2008,9,22,14,30,15.100000000000001,62,380,784,784,62,380,81.25
2008,9,22,15,30,17.5,73,607,883,53,301,333,69.26
2008,9,22,16,30,19.8,80,793,936,143,423,533,58.28
2008,9,22,17,30,21.5,83,917,962,131,448,562,52.68
2008,9,22,18,30,22.6,82,974,977,3,375,377,50.01
2008,9,22,19,30,23,83,954,970,17,353,368,49.39
2008,9,22,20,30,22.8,80,861,952,259,344,557,50.22
2008,9,22,21,30,22.200000000000003,76,702,910,910,76,702,52.53
2008,9,22,22,30,21.3,68,492,834,0,110,110,56.230000000000004
2008,9,22,23,30,19.900000000000002,53,254,684,98,159,188,63
2008,9,23,0,30,18.3,20,37,268,1,20,20,74.43
2008,9,23,1,30,17.400000000000002,0,0,0,0,0,0,81.06
2008,9,23,2,30,16.8,0,0,0,0,0,0,84.51
2008,9,23,3,30,16,0,0,0,0,0,0,89.62
2008,9,23,4,30,15.3,0,0,0,0,0,0,93.52
2008,9,23,5,30,14.700000000000001,0,0,0,0,0,0,96.02
2008,9,23,6,30,14.4,0,0,0,0,0,0,96.7
2008,9,23,7,30,14.200000000000001,0,0,0,0,0,0,97.02
2008,9,23,8,30,14.100000000000001,0,0,0,0,0,0,96.74000000000001
2008,9,23,9,30,13.9,0,0,0,0,0,0,97.2
2008,9,23,10,30,13.8,0,0,0,0,0,0,97.09
2008,9,23,11,30,13.600000000000001,0,0,0,0,0,0,97.35000000000001
2008,9,23,12,30,13.8,0,0,0,0,0,0,94.89
2008,9,23,13,30,14.8,36,140,584,1,68,69,88.74
2008,9,23,14,30,16.6,53,378,805,805,53,378,80.15
2008,9,23,15,30,18.900000000000002,62,604,900,900,62,604,69.92
2008,9,23,16,30,21.1,68,789,949,157,339,458,60.22
2008,9,23,17,30,22.6,71,914,975,91,443,522,54.660000000000004
2008,9,23,18,30,23.3,72,969,985,9,415,424,52.29
2008,9,23,19,30,23.5,71,950,982,3,364,366,51.58
2008,9,23,20,30,23.200000000000003,69,857,964,0,186,186,52.38
2008,9,23,21,30,22.3,76,697,907,2,258,259,55.25
2008,9,23,22,30,21.1,67,487,832,0,9,9,60.34
2008,9,23,23,30,19.6,52,249,680,591,8,179,68.34
2008,9,24,0,30,17.900000000000002,20,34,250,0,12,12,80.3
2008,9,24,1,30,16.900000000000002,0,0,0,0,0,0,86.85000000000001
2008,9,24,2,30,16.3,0,0,0,0,0,0,89.19
2008,9,24,3,30,15.8,0,0,0,0,0,0,91.59
2008,9,24,4,30,15.4,0,0,0,0,0,0,93.92
2008,9,24,5,30,15.200000000000001,0,0,0,0,0,0,94.93
2008,9,24,6,30,15.100000000000001,0,0,0,0,0,0,95.21000000000001
2008,9,24,7,30,15,0,0,0,0,0,0,95.71000000000001
2008,9,24,8,30,14.9,0,0,0,0,0,0,96
2008,9,24,9,30,14.700000000000001,0,0,0,0,0,0,96.32000000000001
2008,9,24,10,30,14.4,0,0,0,0,0,0,96.77
2008,9,24,11,30,14,0,0,0,0,0,0,96.97
2008,9,24,12,30,14,0,0,0,0,0,0,94.69
2008,9,24,13,30,14.700000000000001,35,139,588,0,17,17,90.41
2008,9,24,14,30,16.3,52,378,809,9,115,118,83.24
2008,9,24,15,30,18.5,61,606,906,2,234,235,72.37
2008,9,24,16,30,20.6,67,790,955,0,96,96,61.72
2008,9,24,17,30,22.1,71,915,980,5,380,384,55.99
2008,9,24,18,30,23.1,71,969,989,153,471,610,53.050000000000004
2008,9,24,19,30,23.6,71,949,985,209,490,677,51.84
2008,9,24,20,30,23.400000000000002,69,855,965,965,69,855,52.68
2008,9,24,21,30,22.6,68,696,923,510,216,563,55.68
2008,9,24,22,30,21.3,60,486,851,510,177,432,61.38
2008,9,24,23,30,19.5,47,248,701,329,114,208,71.54
2008,9,25,0,30,17.900000000000002,18,32,271,1,18,18,83.85000000000001
2008,9,25,1,30,16.900000000000002,0,0,0,0,0,0,91.3
2008,9,25,2,30,16.400000000000002,0,0,0,0,0,0,93.55
2008,9,25,3,30,15.9,0,0,0,0,0,0,94.59
2008,9,25,4,30,15.3,0,0,0,0,0,0,96.31
2008,9,25,5,30,14.200000000000001,0,0,0,0,0,0,96.76
2008,9,25,6,30,13.100000000000001,0,0,0,0,0,0,94.92
2008,9,25,7,30,12.4,0,0,0,0,0,0,93.59
2008,9,25,8,30,12,0,0,0,0,0,0,93.7
2008,9,25,9,30,11.8,0,0,0,0,0,0,93.66
2008,9,25,10,30,11.5,0,0,0,0,0,0,94.58
2008,9,25,11,30,11.3,0,0,0,0,0,0,94.93
2008,9,25,12,30,11.4,0,0,0,0,0,0,93.38
2008,9,25,13,30,12.3,33,141,611,2,69,69,88.4
2008,9,25,14,30,14.3,51,381,822,822,51,381,78.98
2008,9,25,15,30,16.8,64,608,909,909,64,608,67.62
2008,9,25,16,30,19,73,791,951,230,417,590,58.36
2008,9,25,17,30,20.5,78,916,975,975,78,916,53.910000000000004
2008,9,25,18,30,21.700000000000003,80,971,985,70,462,526,50.88
2008,9,25,19,30,22.400000000000002,79,951,981,32,442,470,49.29
2008,9,25,20,30,22.6,75,855,962,0,201,201,48.980000000000004
2008,9,25,21,30,22.1,76,695,914,0,138,139,50.57
2008,9,25,22,30,21,67,483,838,2,183,184,54.26
2008,9,25,23,30,19.1,52,243,677,677,52,243,62.52
2008,9,26,0,30,17.3,18,29,214,0,12,12,74.99
2008,9,26,1,30,16.2,0,0,0,0,0,0,82.99
2008,9,26,2,30,15.5,0,0,0,0,0,0,87.41
2008,9,26,3,30,14.8,0,0,0,0,0,0,90.75
2008,9,26,4,30,14.100000000000001,0,0,0,0,0,0,93.33
2008,9,26,5,30,13.5,0,0,0,0,0,0,94.94
2008,9,26,6,30,13,0,0,0,0,0,0,95.4
2008,9,26,7,30,12.600000000000001,0,0,0,0,0,0,95.27
2008,9,26,8,30,12.200000000000001,0,0,0,0,0,0,95.56
2008,9,26,9,30,11.9,0,0,0,0,0,0,95.18
2008,9,26,10,30,11.600000000000001,0,0,0,0,0,0,94.79
2008,9,26,11,30,11.3,0,0,0,0,0,0,94.04
2008,9,26,12,30,11.4,0,0,0,0,0,0,91.67
2008,9,26,13,30,12.5,38,137,568,0,22,22,85.13
2008,9,26,14,30,14.9,59,377,798,0,69,69,73.81
2008,9,26,15,30,17.8,70,605,897,0,155,155,61.54
2008,9,26,16,30,20.200000000000003,78,791,946,0,157,157,53.06
2008,9,26,17,30,21.700000000000003,83,914,970,0,201,201,48.82
2008,9,26,18,30,22.700000000000003,96,966,964,90,469,550,46.18
2008,9,26,19,30,23.200000000000003,97,944,956,3,377,380,44.85
2008,9,26,20,30,23.3,95,849,934,0,247,247,44.37
2008,9,26,21,30,22.8,82,691,905,0,185,185,45.230000000000004
2008,9,26,22,30,21.900000000000002,72,479,828,5,199,201,47.29
2008,9,26,23,30,20.200000000000003,54,240,668,668,54,240,52.69
2008,9,27,0,30,18,17,27,211,0,9,9,68.12
2008,9,27,1,30,16.400000000000002,0,0,0,0,0,0,76.32000000000001
2008,9,27,2,30,15.200000000000001,0,0,0,0,0,0,77.77
2008,9,27,3,30,14,0,0,0,0,0,0,79.93
2008,9,27,4,30,13,0,0,0,0,0,0,82.96000000000001
2008,9,27,5,30,12.200000000000001,0,0,0,0,0,0,86.21000000000001
2008,9,27,6,30,11.600000000000001,0,0,0,0,0,0,89.74
2008,9,27,7,30,11.100000000000001,0,0,0,0,0,0,91.86
2008,9,27,8,30,10.700000000000001,0,0,0,0,0,0,93.56
2008,9,27,9,30,10.4,0,0,0,0,0,0,94.61
2008,9,27,10,30,10.200000000000001,0,0,0,0,0,0,95.34
2008,9,27,11,30,9.9,0,0,0,0,0,0,96.4
2008,9,27,12,30,10.200000000000001,0,0,0,0,0,0,93.44
2008,9,27,13,30,12.100000000000001,45,133,508,1,61,61,82.58
2008,9,27,14,30,15.5,69,374,768,22,200,209,66.09
2008,9,27,15,30,18.8,81,604,879,111,343,409,51.4
2008,9,27,16,30,21.1,91,790,930,930,91,790,45.51
2008,9,27,17,30,22.700000000000003,98,913,954,954,98,913,42.9
2008,9,27,18,30,23.700000000000003,123,960,930,930,123,960,41.42
2008,9,27,19,30,24.200000000000003,126,935,917,917,126,935,40.56
2008,9,27,20,30,24,125,838,886,9,375,382,40.99
2008,9,27,21,30,23.400000000000002,122,674,825,225,384,534,42.06
2008,9,27,22,30,22.400000000000002,104,463,735,735,104,463,44.36
2008,9,27,23,30,20.6,74,226,556,556,74,226,50.29
2008,9,28,0,30,18.2,18,23,114,114,18,23,66.77
2008,9,28,1,30,16.6,0,0,0,0,0,0,74.8
2008,9,28,2,30,15.600000000000001,0,0,0,0,0,0,76.27
2008,9,28,3,30,14.600000000000001,0,0,0,0,0,0,78.85000000000001
2008,9,28,4,30,13.600000000000001,0,0,0,0,0,0,82.7
2008,9,28,5,30,12.5,0,0,0,0,0,0,88.09
2008,9,28,6,30,11.700000000000001,0,0,0,0,0,0,92.06
2008,9,28,7,30,11,0,0,0,0,0,0,95.16
2008,9,28,8,30,10.600000000000001,0,0,0,0,0,0,97.19
2008,9,28,9,30,10.4,0,0,0,0,0,0,97.88
2008,9,28,10,30,10.200000000000001,0,0,0,0,0,0,98.56
2008,9,28,11,30,10.100000000000001,0,0,0,0,0,0,98.47
2008,9,28,12,30,10.600000000000001,0,0,0,0,0,0,94.65
2008,9,28,13,30,12.3,58,123,379,379,58,123,84.45
2008,9,28,14,30,14.9,98,359,660,660,98,359,71.81
2008,9,28,15,30,17.7,118,588,793,793,118,588,60.730000000000004
2008,9,28,16,30,20,134,773,854,854,134,773,53.230000000000004
2008,9,28,17,30,21.6,141,900,890,890,141,900,48.43
2008,9,28,18,30,22.6,89,974,987,987,89,974,45.59
2008,9,28,19,30,23,89,952,982,982,89,952,44.32
2008,9,28,20,30,23,86,853,959,959,86,853,43.83
2008,9,28,21,30,22.400000000000002,89,687,899,899,89,687,44.99
2008,9,28,22,30,21.400000000000002,79,472,811,811,79,472,47.47
2008,9,28,23,30,19.700000000000003,60,231,636,636,60,231,53.4
2008,9,29,0,30,17.6,17,22,142,0,12,12,67.2
2008,9,29,1,30,16.400000000000002,0,0,0,0,0,0,75.96000000000001
2008,9,29,2,30,15.600000000000001,0,0,0,0,0,0,79.25
2008,9,29,3,30,14.9,0,0,0,0,0,0,82.65
2008,9,29,4,30,14,0,0,0,0,0,0,87.19
2008,9,29,5,30,12.9,0,0,0,0,0,0,92.65
2008,9,29,6,30,11.9,0,0,0,0,0,0,96.56
2008,9,29,7,30,11.3,0,0,0,0,0,0,98.17
2008,9,29,8,30,10.9,0,0,0,0,0,0,98.37
2008,9,29,9,30,10.700000000000001,0,0,0,0,0,0,97.34
2008,9,29,10,30,10.5,0,0,0,0,0,0,96.74000000000001
2008,9,29,11,30,10.3,0,0,0,0,0,0,96.55
2008,9,29,12,30,10.600000000000001,0,0,0,0,0,0,93.36
2008,9,29,13,30,12.100000000000001,59,124,383,383,59,124,84.11
2008,9,29,14,30,14.9,98,362,671,671,98,362,70.69
2008,9,29,15,30,17.6,118,593,803,803,118,593,60.63
2008,9,29,16,30,19.8,129,782,873,873,129,782,53.52
2008,9,29,17,30,21.400000000000002,133,907,911,911,133,907,48.74
2008,9,29,18,30,22.5,113,970,959,959,113,970,45.28
2008,9,29,19,30,22.900000000000002,112,945,951,96,478,562,43.37
2008,9,29,20,30,22.900000000000002,111,847,924,924,111,847,42.43
2008,9,29,21,30,22.3,92,685,896,144,387,483,43.1
2008,9,29,22,30,21.200000000000003,83,469,803,803,83,469,45.35
2008,9,29,23,30,19.3,63,226,615,615,63,226,51.17
2008,9,30,0,30,17,16,20,132,132,16,20,63.550000000000004
2008,9,30,1,30,15.3,0,0,0,0,0,0,70.84
2008,9,30,2,30,14.100000000000001,0,0,0,0,0,0,71.48
2008,9,30,3,30,12.700000000000001,0,0,0,0,0,0,74.73
2008,9,30,4,30,11.4,0,0,0,0,0,0,80.98
2008,9,30,5,30,10.4,0,0,0,0,0,0,87.53
2008,9,30,6,30,9.8,0,0,0,0,0,0,92.32000000000001
2008,9,30,7,30,9.700000000000001,0,0,0,0,0,0,94.97
2008,9,30,8,30,9.9,0,0,0,0,0,0,95.55
2008,9,30,9,30,10,0,0,0,0,0,0,96.22
2008,9,30,10,30,9.9,0,0,0,0,0,0,97.47
2008,9,30,11,30,9.700000000000001,0,0,0,0,0,0,98.65
2008,9,30,12,30,10.100000000000001,0,0,0,0,0,0,95.34
2008,9,30,13,30,11.700000000000001,56,126,412,412,56,126,85.47
2008,9,30,14,30,14.3,86,373,731,731,86,373,69.49
2008,9,30,15,30,16.900000000000002,91,613,886,886,91,613,54.77
2008,9,30,16,30,19.1,93,806,958,210,443,600,43.94
2008,9,30,17,30,20.900000000000002,93,939,999,999,93,939,36.74
2008,9,30,18,30,22.200000000000003,92,995,1013,1013,92,995,32.14
2008,9,30,19,30,23,90,972,1012,1012,90,972,29.330000000000002
2008,9,30,20,30,23.1,86,870,990,233,468,653,28.060000000000002
2008,9,30,21,30,22.6,82,703,945,67,346,390,27.85
2008,9,30,22,30,21.400000000000002,71,484,867,1,172,172,29.12
2008,9,30,23,30,18.7,53,236,701,701,53,236,35.56
2008,10,1,0,30,15.3,14,20,183,183,14,20,56.32
2008,10,1,1,30,13.4,0,0,0,0,0,0,63.84
2008,10,1,2,30,12.4,0,0,0,0,0,0,66.27
2008,10,1,3,30,11.4,0,0,0,0,0,0,70.54
2008,10,1,4,30,10.3,0,0,0,0,0,0,76.92
2008,10,1,5,30,9.4,0,0,0,0,0,0,83.12
2008,10,1,6,30,8.6,0,0,0,0,0,0,88.94
2008,10,1,7,30,8,0,0,0,0,0,0,95.45
2008,10,1,8,30,7.9,0,0,0,0,0,0,99.33
2008,10,1,9,30,8.3,0,0,0,0,0,0,97.84
2008,10,1,10,30,8.4,0,0,0,0,0,0,96.58
2008,10,1,11,30,8,0,0,0,0,0,0,95.71000000000001
2008,10,1,12,30,7.7,0,0,0,0,0,0,92.38
2008,10,1,13,30,9,43,139,577,577,43,139,81.41
2008,10,1,14,30,12.200000000000001,62,395,853,853,62,395,63.04
2008,10,1,15,30,15.8,69,636,965,965,69,636,40.25
2008,10,1,16,30,18.6,74,829,1017,1017,74,829,26.75
2008,10,1,17,30,20.5,79,952,1034,1034,79,952,23.32
2008,10,1,18,30,21.900000000000002,81,1007,1043,1043,81,1007,21.63
2008,10,1,19,30,22.6,81,979,1033,1033,81,979,21.06
2008,10,1,20,30,22.8,77,878,1015,1015,77,878,21.1
2008,10,1,21,30,22.5,70,708,976,976,70,708,21.92
2008,10,1,22,30,21.400000000000002,62,487,901,901,62,487,24.150000000000002
2008,10,1,23,30,18.6,47,236,734,734,47,236,31.66
2008,10,2,0,30,14.9,13,18,211,211,13,18,58
2008,10,2,1,30,13,0,0,0,0,0,0,65.54
2008,10,2,2,30,12,0,0,0,0,0,0,69.62
2008,10,2,3,30,11,0,0,0,0,0,0,74.38
2008,10,2,4,30,10.100000000000001,0,0,0,0,0,0,78.89
2008,10,2,5,30,9.4,0,0,0,0,0,0,82.43
2008,10,2,6,30,8.9,0,0,0,0,0,0,86
2008,10,2,7,30,8.3,0,0,0,0,0,0,91.39
2008,10,2,8,30,8,0,0,0,0,0,0,96.25
2008,10,2,9,30,8,0,0,0,0,0,0,98.57000000000001
2008,10,2,10,30,8.1,0,0,0,0,0,0,97.61
2008,10,2,11,30,7.9,0,0,0,0,0,0,95.99000000000001
2008,10,2,12,30,7.800000000000001,0,0,0,0,0,0,92.73
2008,10,2,13,30,9.200000000000001,45,135,547,547,45,135,81.21000000000001
2008,10,2,14,30,12.8,66,388,829,829,66,388,62.190000000000005
2008,10,2,15,30,16.6,76,627,941,941,76,627,44.93
2008,10,2,16,30,19.200000000000003,82,819,995,995,82,819,33.9
2008,10,2,17,30,20.900000000000002,86,943,1018,1018,86,943,28.92
2008,10,2,18,30,22.1,85,998,1031,1031,85,998,26.060000000000002
2008,10,2,19,30,22.8,84,974,1027,1027,84,974,24.560000000000002
2008,10,2,20,30,23.1,81,870,1004,1004,81,870,24
2008,10,2,21,30,22.8,75,702,965,965,75,702,24.36
2008,10,2,22,30,21.8,65,479,883,883,65,479,25.88
2008,10,2,23,30,19,49,230,716,716,49,230,32.72
2008,10,3,0,30,15.4,12,16,184,184,12,16,59.76
2008,10,3,1,30,13.4,0,0,0,0,0,0,65.19
2008,10,3,2,30,12.3,0,0,0,0,0,0,68.49
2008,10,3,3,30,11.3,0,0,0,0,0,0,72.76
2008,10,3,4,30,10.4,0,0,0,0,0,0,77.2
2008,10,3,5,30,9.700000000000001,0,0,0,0,0,0,81.12
2008,10,3,6,30,9.200000000000001,0,0,0,0,0,0,84.67
2008,10,3,7,30,8.8,0,0,0,0,0,0,87.9
2008,10,3,8,30,8.3,0,0,0,0,0,0,91.75
2008,10,3,9,30,7.7,0,0,0,0,0,0,96.46000000000001
2008,10,3,10,30,7.4,0,0,0,0,0,0,99.04
2008,10,3,11,30,7.2,0,0,0,0,0,0,100
2008,10,3,12,30,7.800000000000001,0,0,0,0,0,0,95.18
2008,10,3,13,30,9.8,42,132,547,547,42,132,81.98
2008,10,3,14,30,13.3,65,380,815,815,65,380,64.06
2008,10,3,15,30,17.400000000000002,76,618,931,931,76,618,43.6
2008,10,3,16,30,20.400000000000002,83,809,984,984,83,809,31.68
2008,10,3,17,30,22.1,88,932,1006,1006,88,932,27.71
2008,10,3,18,30,23.1,86,986,1021,1021,86,986,26.05
2008,10,3,19,30,23.6,85,962,1016,1016,85,962,25.25
2008,10,3,20,30,23.700000000000003,85,861,993,993,85,861,24.96
2008,10,3,21,30,23.3,77,691,951,951,77,691,25.39
2008,10,3,22,30,22.3,66,472,872,872,66,472,26.86
2008,10,3,23,30,19.5,49,224,702,702,49,224,33.95
2008,10,4,0,30,16,11,14,162,162,11,14,59.83
2008,10,4,1,30,14,0,0,0,0,0,0,64.54
2008,10,4,2,30,13,0,0,0,0,0,0,65.62
2008,10,4,3,30,12,0,0,0,0,0,0,67.6
2008,10,4,4,30,11.100000000000001,0,0,0,0,0,0,69.74
2008,10,4,5,30,10.3,0,0,0,0,0,0,72.81
2008,10,4,6,30,9.600000000000001,0,0,0,0,0,0,77.4
2008,10,4,7,30,9,0,0,0,0,0,0,82.97
2008,10,4,8,30,8.5,0,0,0,0,0,0,88.53
2008,10,4,9,30,7.9,0,0,0,0,0,0,93.67
2008,10,4,10,30,7.5,0,0,0,0,0,0,96.5
2008,10,4,11,30,7.1000000000000005,0,0,0,0,0,0,98.34
2008,10,4,12,30,7.800000000000001,0,0,0,0,0,0,91.73
2008,10,4,13,30,10.700000000000001,38,132,576,576,38,132,75.35000000000001
2008,10,4,14,30,15.4,60,379,826,826,60,379,54.64
2008,10,4,15,30,20.1,72,612,929,929,72,612,36.28
2008,10,4,16,30,22.700000000000003,80,800,980,980,80,800,28.76
2008,10,4,17,30,23.900000000000002,85,926,1006,1006,85,926,26.650000000000002
2008,10,4,18,30,24.700000000000003,88,979,1014,1014,88,979,25.41
2008,10,4,19,30,25.1,87,954,1009,1009,87,954,24.69
2008,10,4,20,30,25.200000000000003,85,854,988,988,85,854,24.240000000000002
2008,10,4,21,30,24.8,79,684,940,940,79,684,24.42
2008,10,4,22,30,23.700000000000003,68,465,862,862,68,465,25.72
2008,10,4,23,30,20.8,50,218,685,685,50,218,32.76
2008,10,5,0,30,17.2,0,0,0,0,0,0,59.730000000000004
2008,10,5,1,30,15.100000000000001,0,0,0,0,0,0,63.11
2008,10,5,2,30,13.9,0,0,0,0,0,0,64.72
2008,10,5,3,30,12.8,0,0,0,0,0,0,66.67
2008,10,5,4,30,11.700000000000001,0,0,0,0,0,0,69.67
2008,10,5,5,30,10.700000000000001,0,0,0,0,0,0,73.08
2008,10,5,6,30,9.9,0,0,0,0,0,0,76.3
2008,10,5,7,30,9.4,0,0,0,0,0,0,78.56
2008,10,5,8,30,8.9,0,0,0,0,0,0,80.92
2008,10,5,9,30,8.6,0,0,0,0,0,0,82.42
2008,10,5,10,30,8.4,0,0,0,0,0,0,83.86
2008,10,5,11,30,8.3,0,0,0,0,0,0,85.67
2008,10,5,12,30,9.200000000000001,0,0,0,0,0,0,82.07000000000001
2008,10,5,13,30,12.3,43,125,507,507,43,125,71.14
2008,10,5,14,30,16.8,70,368,777,777,70,368,53.95
2008,10,5,15,30,20.8,84,599,890,890,84,599,45.97
2008,10,5,16,30,23.400000000000002,92,786,947,947,92,786,38.62
2008,10,5,17,30,25,97,910,975,975,97,910,33.01
2008,10,5,18,30,26.200000000000003,97,963,989,989,97,963,29.46
2008,10,5,19,30,26.900000000000002,96,938,984,984,96,938,27.27
2008,10,5,20,30,27.1,92,836,960,960,92,836,26.11
2008,10,5,21,30,26.900000000000002,83,669,918,918,83,669,25.830000000000002
2008,10,5,22,30,26,71,451,833,833,71,451,27.080000000000002
2008,10,5,23,30,23.700000000000003,52,207,643,643,52,207,33.27
2008,10,6,0,30,20.900000000000002,0,0,0,0,0,0,54.06
2008,10,6,1,30,18.8,0,0,0,0,0,0,62.83
2008,10,6,2,30,17.3,0,0,0,0,0,0,69.18
2008,10,6,3,30,16.2,0,0,0,0,0,0,73.43
2008,10,6,4,30,15.200000000000001,0,0,0,0,0,0,80.53
2008,10,6,5,30,14.4,0,0,0,0,0,0,88
2008,10,6,6,30,13.700000000000001,0,0,0,0,0,0,93.10000000000001
2008,10,6,7,30,13.100000000000001,0,0,0,0,0,0,96.72
2008,10,6,8,30,12.700000000000001,0,0,0,0,0,0,98.56
2008,10,6,9,30,12.4,0,0,0,0,0,0,98.96000000000001
2008,10,6,10,30,12.100000000000001,0,0,0,0,0,0,98.51
2008,10,6,11,30,11.8,0,0,0,0,0,0,97.64
2008,10,6,12,30,11.9,0,0,0,0,0,0,94.5
2008,10,6,13,30,13.4,45,121,479,479,45,121,85.14
2008,10,6,14,30,16,73,363,759,759,73,363,73.66
2008,10,6,15,30,18.7,87,593,878,878,87,593,61.120000000000005
2008,10,6,16,30,20.8,94,778,936,936,94,778,52.09
2008,10,6,17,30,22.6,99,902,967,967,99,902,45.47
2008,10,6,18,30,23.900000000000002,101,951,974,974,101,951,40.92
2008,10,6,19,30,24.5,103,925,964,964,103,925,38.38
2008,10,6,20,30,24.6,101,821,934,934,101,821,37.410000000000004
2008,10,6,21,30,24.200000000000003,92,657,890,890,92,657,37.96
2008,10,6,22,30,23.400000000000002,77,440,801,801,77,440,39.56
2008,10,6,23,30,21.3,55,200,612,612,55,200,47.19
2008,10,7,0,30,18.7,0,0,0,0,0,0,68.18
2008,10,7,1,30,17.2,0,0,0,0,0,0,72.87
2008,10,7,2,30,16.400000000000002,0,0,0,0,0,0,74.79
2008,10,7,3,30,15.700000000000001,0,0,0,0,0,0,76.66
2008,10,7,4,30,15,0,0,0,0,0,0,78.57000000000001
2008,10,7,5,30,14.3,0,0,0,0,0,0,80.88
2008,10,7,6,30,13.600000000000001,0,0,0,0,0,0,83.31
2008,10,7,7,30,13.100000000000001,0,0,0,0,0,0,84.83
2008,10,7,8,30,12.700000000000001,0,0,0,0,0,0,86.07000000000001
2008,10,7,9,30,12.5,0,0,0,0,0,0,86.79
2008,10,7,10,30,12.200000000000001,0,0,0,0,0,0,89.51
2008,10,7,11,30,12,0,0,0,0,0,0,93.02
2008,10,7,12,30,12.600000000000001,0,0,0,0,0,0,92.58
2008,10,7,13,30,14.4,54,110,359,7,61,62,86.34
2008,10,7,14,30,16.7,98,337,630,25,204,213,78.22
2008,10,7,15,30,19,119,561,770,770,119,561,67.18
2008,10,7,16,30,21.200000000000003,128,745,849,849,128,745,55.370000000000005
2008,10,7,17,30,22.8,132,868,888,888,132,868,49.230000000000004
2008,10,7,18,30,23.6,113,926,936,936,113,926,46.4
2008,10,7,19,30,23.900000000000002,114,901,927,927,114,901,44.79
2008,10,7,20,30,23.700000000000003,111,799,897,76,366,425,44.52
2008,10,7,21,30,23.1,103,634,841,176,300,411,45.86
2008,10,7,22,30,21.900000000000002,88,422,743,743,88,422,49.53
2008,10,7,23,30,20.1,62,186,527,93,117,139,57.69
2008,10,8,0,30,18.400000000000002,0,0,0,0,0,0,71.38
2008,10,8,1,30,17.3,0,0,0,0,0,0,77.57000000000001
2008,10,8,2,30,16.6,0,0,0,0,0,0,80.92
2008,10,8,3,30,15.8,0,0,0,0,0,0,85.64
2008,10,8,4,30,15.100000000000001,0,0,0,0,0,0,89.54
2008,10,8,5,30,14.5,0,0,0,0,0,0,92.65
2008,10,8,6,30,14.100000000000001,0,0,0,0,0,0,94.48
2008,10,8,7,30,13.9,0,0,0,0,0,0,94.98
2008,10,8,8,30,13.8,0,0,0,0,0,0,95.12
2008,10,8,9,30,13.700000000000001,0,0,0,0,0,0,95.37
2008,10,8,10,30,13.600000000000001,0,0,0,0,0,0,95.4
2008,10,8,11,30,13.5,0,0,0,0,0,0,95.27
2008,10,8,12,30,13.600000000000001,0,0,0,0,0,0,94.12
2008,10,8,13,30,14.4,42,114,461,27,76,80,89.69
2008,10,8,14,30,16.2,67,348,743,13,175,180,82.61
2008,10,8,15,30,18.6,77,573,866,42,279,303,71.13
2008,10,8,16,30,20.700000000000003,82,755,928,259,396,583,60.36
2008,10,8,17,30,22.200000000000003,85,875,957,2,340,341,54.22
2008,10,8,18,30,23.1,110,916,931,151,481,612,50.71
2008,10,8,19,30,23.200000000000003,113,889,918,918,113,889,49.47
2008,10,8,20,30,22.5,112,788,885,38,380,409,50.81
2008,10,8,21,30,21.700000000000003,104,624,829,3,259,261,53.07
2008,10,8,22,30,20.8,88,414,732,22,218,228,55.97
2008,10,8,23,30,19.400000000000002,62,181,519,519,62,181,62.25
2008,10,9,0,30,17.7,0,0,0,0,0,0,74.94
2008,10,9,1,30,16.7,0,0,0,0,0,0,80.05
2008,10,9,2,30,16,0,0,0,0,0,0,82.73
2008,10,9,3,30,15.4,0,0,0,0,0,0,84.95
2008,10,9,4,30,14.700000000000001,0,0,0,0,0,0,87.89
2008,10,9,5,30,14,0,0,0,0,0,0,91.22
2008,10,9,6,30,13.4,0,0,0,0,0,0,94.28
2008,10,9,7,30,13.200000000000001,0,0,0,0,0,0,94.64
2008,10,9,8,30,12.9,0,0,0,0,0,0,94.83
2008,10,9,9,30,12.600000000000001,0,0,0,0,0,0,94.64
2008,10,9,10,30,12.3,0,0,0,0,0,0,94.37
2008,10,9,11,30,12.100000000000001,0,0,0,0,0,0,93.61
2008,10,9,12,30,12.100000000000001,0,0,0,0,0,0,92.07000000000001
2008,10,9,13,30,13.3,42,112,453,453,42,112,84.2
2008,10,9,14,30,16,67,345,738,738,67,345,71.02
2008,10,9,15,30,19.3,78,569,861,861,78,569,58.85
2008,10,9,16,30,22,84,750,922,424,339,645,51.03
2008,10,9,17,30,23.200000000000003,89,870,951,951,89,870,48.6
2008,10,9,18,30,23.6,90,918,960,960,90,918,47.93
2008,10,9,19,30,23.400000000000002,92,892,951,951,92,892,48.410000000000004
2008,10,9,20,30,23,89,792,925,925,89,792,49.63
2008,10,9,21,30,22.400000000000002,85,627,871,871,85,627,52.36
2008,10,9,22,30,21.400000000000002,73,415,776,776,73,415,57.57
2008,10,9,23,30,20,52,181,569,312,95,166,68.64
2008,10,10,0,30,18.7,0,0,0,0,0,0,83.17
2008,10,10,1,30,17.900000000000002,0,0,0,0,0,0,88.37
2008,10,10,2,30,17.3,0,0,0,0,0,0,90.92
2008,10,10,3,30,16.900000000000002,0,0,0,0,0,0,92.43
2008,10,10,4,30,16.400000000000002,0,0,0,0,0,0,94.44
2008,10,10,5,30,16.1,0,0,0,0,0,0,94.98
2008,10,10,6,30,15.9,0,0,0,0,0,0,94.94
2008,10,10,7,30,15.600000000000001,0,0,0,0,0,0,95.3
2008,10,10,8,30,15.200000000000001,0,0,0,0,0,0,95.88
2008,10,10,9,30,14.8,0,0,0,0,0,0,96.07000000000001
2008,10,10,10,30,14.4,0,0,0,0,0,0,96.09
2008,10,10,11,30,14.100000000000001,0,0,0,0,0,0,95.60000000000001
2008,10,10,12,30,14,0,0,0,0,0,0,93.91
2008,10,10,13,30,14.8,37,113,496,496,37,113,88.41
2008,10,10,14,30,16.7,61,345,759,759,61,345,78.29
2008,10,10,15,30,19.1,74,567,869,869,74,567,64.24
2008,10,10,16,30,21.5,82,747,925,925,82,747,52.9
2008,10,10,17,30,23.400000000000002,86,867,953,953,86,867,47.02
2008,10,10,18,30,24.6,96,912,949,949,96,912,43.85
2008,10,10,19,30,25,95,886,944,944,95,886,42.78
2008,10,10,20,30,24.6,91,787,920,920,91,787,43.86
2008,10,10,21,30,23.900000000000002,87,623,865,865,87,623,45.93
2008,10,10,22,30,22.900000000000002,75,411,769,472,161,368,49.4
2008,10,10,23,30,21.400000000000002,53,177,561,327,94,167,57.54
2008,10,11,0,30,19.900000000000002,0,0,0,0,0,0,72.66
2008,10,11,1,30,18.8,0,0,0,0,0,0,75.51
2008,10,11,2,30,17.6,0,0,0,0,0,0,80.81
2008,10,11,3,30,16.3,0,0,0,0,0,0,84.19
2008,10,11,4,30,15.3,0,0,0,0,0,0,86.47
2008,10,11,5,30,14.5,0,0,0,0,0,0,88.84
2008,10,11,6,30,13.8,0,0,0,0,0,0,92.15
2008,10,11,7,30,13.5,0,0,0,0,0,0,94.44
2008,10,11,8,30,13.4,0,0,0,0,0,0,95.04
2008,10,11,9,30,13.200000000000001,0,0,0,0,0,0,95.61
2008,10,11,10,30,13.100000000000001,0,0,0,0,0,0,95.06
2008,10,11,11,30,12.9,0,0,0,0,0,0,95.44
2008,10,11,12,30,13.100000000000001,0,0,0,0,0,0,93.68
2008,10,11,13,30,14.5,40,110,468,468,40,110,86.02
2008,10,11,14,30,17.2,68,342,736,736,68,342,73.86
2008,10,11,15,30,20.5,84,562,847,847,84,562,60.68
2008,10,11,16,30,23.200000000000003,93,742,905,614,281,721,50.47
2008,10,11,17,30,25,100,861,933,933,100,861,44.7
2008,10,11,18,30,26.1,102,908,941,941,102,908,41.81
2008,10,11,19,30,26.3,105,879,927,927,105,879,41.67
2008,10,11,20,30,25.700000000000003,105,778,895,895,105,778,43.59
2008,10,11,21,30,24.8,95,614,845,845,95,614,46.59
2008,10,11,22,30,23.8,79,403,747,278,195,315,50.51
2008,10,11,23,30,22,55,172,537,537,55,172,59.22
2008,10,12,0,30,20.200000000000003,0,0,0,0,0,0,75.17
2008,10,12,1,30,19.200000000000003,0,0,0,0,0,0,80.87
2008,10,12,2,30,18.5,0,0,0,0,0,0,84.35000000000001
2008,10,12,3,30,17.900000000000002,0,0,0,0,0,0,87.10000000000001
2008,10,12,4,30,17.3,0,0,0,0,0,0,89.66
2008,10,12,5,30,16.900000000000002,0,0,0,0,0,0,90.73
2008,10,12,6,30,16.5,0,0,0,0,0,0,92.45
2008,10,12,7,30,16.1,0,0,0,0,0,0,94.03
2008,10,12,8,30,15.8,0,0,0,0,0,0,95
2008,10,12,9,30,15.5,0,0,0,0,0,0,96.02
2008,10,12,10,30,15.3,0,0,0,0,0,0,96.49000000000001
2008,10,12,11,30,15,0,0,0,0,0,0,97.49000000000001
2008,10,12,12,30,15.200000000000001,0,0,0,0,0,0,95.33
2008,10,12,13,30,16.3,40,106,450,0,39,39,89.45
2008,10,12,14,30,18.2,65,335,731,163,198,258,80.94
2008,10,12,15,30,20.3,79,555,847,847,79,555,70.87
2008,10,12,16,30,22,88,733,904,904,88,733,62.42
2008,10,12,17,30,22.700000000000003,95,850,928,928,95,850,58.410000000000004
2008,10,12,18,30,22.8,125,888,894,257,481,700,57.120000000000005
2008,10,12,19,30,22.700000000000003,126,860,885,358,433,731,56.85
2008,10,12,20,30,22.400000000000002,121,761,856,361,330,600,57.370000000000005
2008,10,12,21,30,22.1,122,594,773,773,122,594,57.97
2008,10,12,22,30,21.700000000000003,99,387,671,224,210,307,59.01
2008,10,12,23,30,20.700000000000003,65,161,448,85,82,100,64.37
2008,10,13,0,30,19.6,0,0,0,0,0,0,75.48
2008,10,13,1,30,18.7,0,0,0,0,0,0,79.5
2008,10,13,2,30,17.900000000000002,0,0,0,0,0,0,82.51
2008,10,13,3,30,17.2,0,0,0,0,0,0,84.23
2008,10,13,4,30,16.6,0,0,0,0,0,0,85.8
2008,10,13,5,30,16.1,0,0,0,0,0,0,87.05
2008,10,13,6,30,15.5,0,0,0,0,0,0,88.58
2008,10,13,7,30,15,0,0,0,0,0,0,89.87
2008,10,13,8,30,14.600000000000001,0,0,0,0,0,0,91.43
2008,10,13,9,30,14.200000000000001,0,0,0,0,0,0,93.96000000000001
2008,10,13,10,30,14,0,0,0,0,0,0,95.82000000000001
2008,10,13,11,30,13.9,0,0,0,0,0,0,97.44
2008,10,13,12,30,14.100000000000001,0,0,0,0,0,0,96.54
2008,10,13,13,30,15.600000000000001,42,104,424,424,42,104,88.71000000000001
2008,10,13,14,30,18.2,69,335,726,726,69,335,78.72
2008,10,13,15,30,21.200000000000003,80,558,853,38,273,294,65.83
2008,10,13,16,30,23.6,85,741,922,223,401,559,54.9
2008,10,13,17,30,25.1,87,861,955,955,87,861,48.71
2008,10,13,18,30,26,106,903,939,939,106,903,45.47
2008,10,13,19,30,26.3,104,875,932,932,104,875,44.06
2008,10,13,20,30,26,98,775,909,909,98,775,44.15
2008,10,13,21,30,25.200000000000003,90,610,856,856,90,610,45.69
2008,10,13,22,30,23.8,76,398,756,756,76,398,49.84
2008,10,13,23,30,21.900000000000002,52,165,536,536,52,165,58.65
2008,10,14,0,30,20,0,0,0,0,0,0,71.61
2008,10,14,1,30,18.8,0,0,0,0,0,0,76.81
2008,10,14,2,30,17.8,0,0,0,0,0,0,80.53
2008,10,14,3,30,16.8,0,0,0,0,0,0,84.28
2008,10,14,4,30,15.9,0,0,0,0,0,0,87.73
2008,10,14,5,30,15.3,0,0,0,0,0,0,90.99
2008,10,14,6,30,15,0,0,0,0,0,0,93.11
2008,10,14,7,30,14.8,0,0,0,0,0,0,93.37
2008,10,14,8,30,14.4,0,0,0,0,0,0,94.23
2008,10,14,9,30,14,0,0,0,0,0,0,94.57000000000001
2008,10,14,10,30,13.5,0,0,0,0,0,0,94.89
2008,10,14,11,30,13,0,0,0,0,0,0,95.03
2008,10,14,12,30,12.700000000000001,0,0,0,0,0,0,93.96000000000001
2008,10,14,13,30,13.5,34,113,548,30,72,76,87.49
2008,10,14,14,30,15.3,56,351,809,162,172,231,76.73
2008,10,14,15,30,17.900000000000002,66,579,919,610,163,503,63.25
2008,10,14,16,30,20.400000000000002,72,761,974,487,261,605,52.47
2008,10,14,17,30,22.5,73,882,1002,650,243,767,45.09
2008,10,14,18,30,23.900000000000002,74,931,1013,617,232,754,40.51
2008,10,14,19,30,24.6,72,903,1009,697,215,789,37.87
2008,10,14,20,30,24.8,68,802,990,594,222,661,36.49
2008,10,14,21,30,24.3,65,635,945,945,65,635,36.49
2008,10,14,22,30,23.3,55,419,863,863,55,419,37.57
2008,10,14,23,30,20.8,39,179,674,674,39,179,43.97
2008,10,15,0,30,17.900000000000002,0,0,0,0,0,0,61.75
2008,10,15,1,30,16.6,0,0,0,0,0,0,65.86
2008,10,15,2,30,15.600000000000001,0,0,0,0,0,0,69.11
2008,10,15,3,30,14.5,0,0,0,0,0,0,74.93
2008,10,15,4,30,13.5,0,0,0,0,0,0,80.92
2008,10,15,5,30,12.700000000000001,0,0,0,0,0,0,85.84
2008,10,15,6,30,12,0,0,0,0,0,0,90.15
2008,10,15,7,30,11.600000000000001,0,0,0,0,0,0,92.89
2008,10,15,8,30,11.3,0,0,0,0,0,0,94.62
2008,10,15,9,30,11,0,0,0,0,0,0,95.56
2008,10,15,10,30,10.700000000000001,0,0,0,0,0,0,95.93
2008,10,15,11,30,10.3,0,0,0,0,0,0,96.44
2008,10,15,12,30,10.4,0,0,0,0,0,0,93.60000000000001
2008,10,15,13,30,11.9,33,112,551,2,61,61,83.06
2008,10,15,14,30,16,53,349,813,1,125,126,63.95
2008,10,15,15,30,20.200000000000003,63,573,918,357,273,471,43.660000000000004
2008,10,15,16,30,22.400000000000002,70,754,969,969,70,754,35.84
2008,10,15,17,30,23.5,75,871,991,991,75,871,33.230000000000004
2008,10,15,18,30,24.200000000000003,82,916,990,990,82,916,31.810000000000002
2008,10,15,19,30,24.400000000000002,83,888,982,23,410,429,31.560000000000002
2008,10,15,20,30,24.200000000000003,81,784,954,5,326,329,32.28
2008,10,15,21,30,23.400000000000002,73,619,910,56,311,344,34.37
2008,10,15,22,30,22.1,62,404,817,15,191,198,37.95
2008,10,15,23,30,20,44,168,608,0,38,38,45.660000000000004
2008,10,16,0,30,17.8,0,0,0,0,0,0,61.65
2008,10,16,1,30,16.6,0,0,0,0,0,0,68.35000000000001
2008,10,16,2,30,15.700000000000001,0,0,0,0,0,0,72.69
2008,10,16,3,30,14.9,0,0,0,0,0,0,78.49
2008,10,16,4,30,14.200000000000001,0,0,0,0,0,0,85.02
2008,10,16,5,30,13.5,0,0,0,0,0,0,91.21000000000001
2008,10,16,6,30,13.100000000000001,0,0,0,0,0,0,94.28
2008,10,16,7,30,12.8,0,0,0,0,0,0,96.38
2008,10,16,8,30,12.700000000000001,0,0,0,0,0,0,96.76
2008,10,16,9,30,12.4,0,0,0,0,0,0,98.02
2008,10,16,10,30,12.100000000000001,0,0,0,0,0,0,98.47
2008,10,16,11,30,11.9,0,0,0,0,0,0,98.36
2008,10,16,12,30,12.100000000000001,0,0,0,0,0,0,95.98
2008,10,16,13,30,13.200000000000001,35,106,507,507,35,106,89.88
2008,10,16,14,30,15.3,57,340,783,15,175,181,81.06
2008,10,16,15,30,17.7,68,562,894,81,311,355,67.13
2008,10,16,16,30,19.900000000000002,75,742,948,0,190,190,54.45
2008,10,16,17,30,21.400000000000002,80,860,975,1,307,308,49.050000000000004
2008,10,16,18,30,22.5,82,907,984,1,280,281,45.99
2008,10,16,19,30,23.1,81,880,978,224,466,649,44.37
2008,10,16,20,30,23.200000000000003,77,777,954,2,300,302,43.83
2008,10,16,21,30,22.8,84,607,877,0,107,107,44.6
2008,10,16,22,30,21.700000000000003,74,391,766,1,138,138,47.64
2008,10,16,23,30,19.8,51,157,528,0,43,43,55.120000000000005
2008,10,17,0,30,17.900000000000002,0,0,0,0,0,0,68.46000000000001
2008,10,17,1,30,16.900000000000002,0,0,0,0,0,0,74.93
2008,10,17,2,30,16.2,0,0,0,0,0,0,79.10000000000001
2008,10,17,3,30,15.600000000000001,0,0,0,0,0,0,82.81
2008,10,17,4,30,14.8,0,0,0,0,0,0,87.45
2008,10,17,5,30,14,0,0,0,0,0,0,91.74
2008,10,17,6,30,13.3,0,0,0,0,0,0,95.84
2008,10,17,7,30,12.9,0,0,0,0,0,0,97.79
2008,10,17,8,30,12.700000000000001,0,0,0,0,0,0,97.91
2008,10,17,9,30,12.5,0,0,0,0,0,0,97.24000000000001
2008,10,17,10,30,12.3,0,0,0,0,0,0,96.67
2008,10,17,11,30,12,0,0,0,0,0,0,97.29
2008,10,17,12,30,12.200000000000001,0,0,0,0,0,0,95.29
2008,10,17,13,30,13.3,34,105,513,513,34,105,88.33
2008,10,17,14,30,15.700000000000001,56,339,789,7,166,169,74.59
2008,10,17,15,30,18.400000000000002,66,561,900,1,202,203,61.68
2008,10,17,16,30,20.8,73,741,954,10,323,330,52.32
2008,10,17,17,30,22.5,78,859,980,0,117,117,46.87
2008,10,17,18,30,23.5,86,904,979,1,281,282,44
2008,10,17,19,30,24,86,876,971,2,343,345,42.550000000000004
2008,10,17,20,30,24,84,774,946,1,269,270,42.24
2008,10,17,21,30,23.5,74,610,904,904,74,610,43.17
2008,10,17,22,30,22.5,63,395,810,41,223,240,45.51
2008,10,17,23,30,20.5,42,161,603,603,42,161,52.44
2008,10,18,0,30,18.6,0,0,0,0,0,0,64.62
2008,10,18,1,30,17.6,0,0,0,0,0,0,69.37
2008,10,18,2,30,16.8,0,0,0,0,0,0,72.67
2008,10,18,3,30,16,0,0,0,0,0,0,76.81
2008,10,18,4,30,15,0,0,0,0,0,0,82.15
2008,10,18,5,30,14.100000000000001,0,0,0,0,0,0,86.97
2008,10,18,6,30,13.200000000000001,0,0,0,0,0,0,91.94
2008,10,18,7,30,12.700000000000001,0,0,0,0,0,0,95.62
2008,10,18,8,30,12.5,0,0,0,0,0,0,97.48
2008,10,18,9,30,12.4,0,0,0,0,0,0,98.26
2008,10,18,10,30,12.3,0,0,0,0,0,0,98.72
2008,10,18,11,30,12,0,0,0,0,0,0,100
2008,10,18,12,30,12.200000000000001,0,0,0,0,0,0,98.16
2008,10,18,13,30,13.700000000000001,36,102,486,486,36,102,88.68
2008,10,18,14,30,15.9,58,335,778,35,193,205,78.52
2008,10,18,15,30,18.1,69,558,893,26,268,283,68.07000000000001
2008,10,18,16,30,20,73,739,956,109,391,467,58.26
2008,10,18,17,30,21.5,78,858,982,289,439,668,51.25
2008,10,18,18,30,22.5,82,904,988,120,436,536,47.2
2008,10,18,19,30,23,82,875,980,0,231,232,45.06
2008,10,18,20,30,23.1,80,774,956,956,80,774,44.13
2008,10,18,21,30,22.8,77,606,900,0,163,163,43.95
2008,10,18,22,30,21.900000000000002,65,393,806,61,231,256,45.230000000000004
2008,10,18,23,30,19.8,44,158,591,72,104,118,51.58
2008,10,19,0,30,17.5,0,0,0,0,0,0,67.75
2008,10,19,1,30,16.3,0,0,0,0,0,0,72.65
2008,10,19,2,30,15.600000000000001,0,0,0,0,0,0,74.96000000000001
2008,10,19,3,30,14.700000000000001,0,0,0,0,0,0,78.62
2008,10,19,4,30,13.600000000000001,0,0,0,0,0,0,83.92
2008,10,19,5,30,12.5,0,0,0,0,0,0,89.57000000000001
2008,10,19,6,30,11.600000000000001,0,0,0,0,0,0,94.39
2008,10,19,7,30,11,0,0,0,0,0,0,97.54
2008,10,19,8,30,10.8,0,0,0,0,0,0,97.75
2008,10,19,9,30,10.600000000000001,0,0,0,0,0,0,97.06
2008,10,19,10,30,10.3,0,0,0,0,0,0,96.38
2008,10,19,11,30,10,0,0,0,0,0,0,95.83
2008,10,19,12,30,9.9,0,0,0,0,0,0,94.48
2008,10,19,13,30,10.8,33,109,564,564,33,109,87.94
2008,10,19,14,30,13.200000000000001,54,352,844,844,54,352,76.95
2008,10,19,15,30,16.8,62,582,953,953,62,582,61.51
2008,10,19,16,30,20.1,66,770,1013,1013,66,770,41.62
2008,10,19,17,30,22.200000000000003,69,891,1039,1039,69,891,31.990000000000002
2008,10,19,18,30,23.6,74,939,1044,1044,74,939,27.72
2008,10,19,19,30,24.400000000000002,73,909,1039,1039,73,909,25.22
2008,10,19,20,30,24.6,70,805,1017,1017,70,805,23.87
2008,10,19,21,30,24.200000000000003,64,634,975,975,64,634,23.46
2008,10,19,22,30,23,55,413,889,889,55,413,24.6
2008,10,19,23,30,19.5,38,168,683,683,38,168,33.08
2008,10,20,0,30,15.700000000000001,0,0,0,0,0,0,55.85
2008,10,20,1,30,13.9,0,0,0,0,0,0,58.910000000000004
2008,10,20,2,30,12.700000000000001,0,0,0,0,0,0,60.89
2008,10,20,3,30,11.5,0,0,0,0,0,0,64.12
2008,10,20,4,30,10.4,0,0,0,0,0,0,68.16
2008,10,20,5,30,9.4,0,0,0,0,0,0,72.74
2008,10,20,6,30,8.5,0,0,0,0,0,0,77.3
2008,10,20,7,30,7.7,0,0,0,0,0,0,81.17
2008,10,20,8,30,6.9,0,0,0,0,0,0,83.83
2008,10,20,9,30,6.2,0,0,0,0,0,0,83.47
2008,10,20,10,30,5.7,0,0,0,0,0,0,79.2
2008,10,20,11,30,5.2,0,0,0,0,0,0,73.46000000000001
2008,10,20,12,30,5.4,0,0,0,0,0,0,64.81
2008,10,20,13,30,8.4,29,117,662,662,29,117,52.52
2008,10,20,14,30,13.100000000000001,46,369,917,917,46,369,33.69
2008,10,20,15,30,17.8,55,604,1014,1014,55,604,22.75
2008,10,20,16,30,21.5,60,793,1060,1060,60,793,13.09
2008,10,20,17,30,23.3,64,917,1084,1084,64,917,11.91
2008,10,20,18,30,24.400000000000002,67,957,1078,1078,67,957,11.96
2008,10,20,19,30,25,68,927,1072,1072,68,927,12.18
2008,10,20,20,30,25.1,66,815,1042,1042,66,815,12.58
2008,10,20,21,30,24.700000000000003,62,643,998,998,62,643,13.23
2008,10,20,22,30,23.3,53,419,915,915,53,419,14.94
2008,10,20,23,30,19.6,37,168,704,704,37,168,28.46
2008,10,21,0,30,15.9,0,0,0,0,0,0,49.14
2008,10,21,1,30,14,0,0,0,0,0,0,48.83
2008,10,21,2,30,12.600000000000001,0,0,0,0,0,0,51.75
2008,10,21,3,30,11.200000000000001,0,0,0,0,0,0,55.68
2008,10,21,4,30,10,0,0,0,0,0,0,59.86
2008,10,21,5,30,9,0,0,0,0,0,0,64.39
2008,10,21,6,30,8.3,0,0,0,0,0,0,68.39
2008,10,21,7,30,7.800000000000001,0,0,0,0,0,0,71.61
2008,10,21,8,30,7.300000000000001,0,0,0,0,0,0,74.8
2008,10,21,9,30,7,0,0,0,0,0,0,76.82000000000001
2008,10,21,10,30,6.800000000000001,0,0,0,0,0,0,77.62
2008,10,21,11,30,6.7,0,0,0,0,0,0,77.14
2008,10,21,12,30,7.2,0,0,0,0,0,0,72.72
2008,10,21,13,30,9.9,31,107,574,574,31,107,62.01
2008,10,21,14,30,14.100000000000001,52,349,850,850,52,349,46.32
2008,10,21,15,30,18.8,63,579,956,956,63,579,33.81
2008,10,21,16,30,22.700000000000003,69,762,1008,1008,69,762,19.81
2008,10,21,17,30,24.400000000000002,73,883,1034,1034,73,883,16.81
2008,10,21,18,30,25.3,78,926,1033,1033,78,926,16.66
2008,10,21,19,30,25.6,77,897,1028,1028,77,897,16.91
2008,10,21,20,30,25.6,73,789,1002,1002,73,789,17.28
2008,10,21,21,30,25.200000000000003,69,616,946,946,69,616,17.98
2008,10,21,22,30,23.8,59,397,853,853,59,397,19.990000000000002
2008,10,21,23,30,20.6,40,155,626,626,40,155,33.56
2008,10,22,0,30,17.400000000000002,0,0,0,0,0,0,52.01
2008,10,22,1,30,15.9,0,0,0,0,0,0,52.25
2008,10,22,2,30,14.8,0,0,0,0,0,0,55.63
2008,10,22,3,30,13.700000000000001,0,0,0,0,0,0,60.04
2008,10,22,4,30,12.8,0,0,0,0,0,0,63.84
2008,10,22,5,30,12,0,0,0,0,0,0,67.98
2008,10,22,6,30,11.4,0,0,0,0,0,0,72.04
2008,10,22,7,30,11.100000000000001,0,0,0,0,0,0,75.77
2008,10,22,8,30,11,0,0,0,0,0,0,79.27
2008,10,22,9,30,10.9,0,0,0,0,0,0,83
2008,10,22,10,30,10.9,0,0,0,0,0,0,85.68
2008,10,22,11,30,10.8,0,0,0,0,0,0,87.84
2008,10,22,12,30,10.9,0,0,0,0,0,0,87.46000000000001
2008,10,22,13,30,12.600000000000001,33,96,488,488,33,96,79.4
2008,10,22,14,30,15.8,58,328,777,777,58,328,65.8
2008,10,22,15,30,19.200000000000003,71,551,895,895,71,551,51.95
2008,10,22,16,30,21.700000000000003,79,730,952,952,79,730,40.2
2008,10,22,17,30,23.1,84,848,978,978,84,848,34.31
2008,10,22,18,30,23.900000000000002,87,894,987,987,87,894,31.63
2008,10,22,19,30,24.200000000000003,88,867,981,981,88,867,30.43
2008,10,22,20,30,24.1,85,764,955,955,85,764,30.060000000000002
2008,10,22,21,30,23.5,76,596,905,905,76,596,30.77
2008,10,22,22,30,22.3,65,380,802,802,65,380,32.980000000000004
2008,10,22,23,30,19.700000000000003,44,146,563,563,44,146,42.15
2008,10,23,0,30,16.900000000000002,0,0,0,0,0,0,60.01
2008,10,23,1,30,15.4,0,0,0,0,0,0,62.230000000000004
2008,10,23,2,30,14.4,0,0,0,0,0,0,63.47
2008,10,23,3,30,13.4,0,0,0,0,0,0,66.03
2008,10,23,4,30,12.600000000000001,0,0,0,0,0,0,68.87
2008,10,23,5,30,11.8,0,0,0,0,0,0,72.24
2008,10,23,6,30,11.200000000000001,0,0,0,0,0,0,75.53
2008,10,23,7,30,10.5,0,0,0,0,0,0,79.72
2008,10,23,8,30,9.9,0,0,0,0,0,0,83.61
2008,10,23,9,30,9.4,0,0,0,0,0,0,87.14
2008,10,23,10,30,8.9,0,0,0,0,0,0,90.61
2008,10,23,11,30,8.5,0,0,0,0,0,0,93.9
2008,10,23,12,30,8.5,0,0,0,0,0,0,93.92
2008,10,23,13,30,9.8,40,91,398,398,40,91,85.68
2008,10,23,14,30,12.600000000000001,72,319,717,717,72,319,73.35000000000001
2008,10,23,15,30,16,86,543,855,855,86,543,60.33
2008,10,23,16,30,19.1,90,727,935,107,396,469,48.6
2008,10,23,17,30,21.400000000000002,92,847,971,971,92,847,40.1
2008,10,23,18,30,22.900000000000002,91,894,985,985,91,894,34.65
2008,10,23,19,30,23.700000000000003,91,864,978,978,91,864,31.41
2008,10,23,20,30,24.1,87,759,949,949,87,759,29.37
2008,10,23,21,30,23.900000000000002,79,592,899,899,79,592,28.740000000000002
2008,10,23,22,30,23,68,374,786,301,180,297,29.85
2008,10,23,23,30,20.900000000000002,46,140,534,0,5,5,38.36
2008,10,24,0,30,18.6,0,0,0,0,0,0,58.300000000000004
2008,10,24,1,30,17.3,0,0,0,0,0,0,60.980000000000004
2008,10,24,2,30,16.2,0,0,0,0,0,0,65.24
2008,10,24,3,30,15.100000000000001,0,0,0,0,0,0,69.72
2008,10,24,4,30,14.100000000000001,0,0,0,0,0,0,74.31
2008,10,24,5,30,13.200000000000001,0,0,0,0,0,0,78.54
2008,10,24,6,30,12.5,0,0,0,0,0,0,81.58
2008,10,24,7,30,11.9,0,0,0,0,0,0,83.86
2008,10,24,8,30,11.4,0,0,0,0,0,0,85.51
2008,10,24,9,30,11,0,0,0,0,0,0,86.57000000000001
2008,10,24,10,30,10.600000000000001,0,0,0,0,0,0,87.57000000000001
2008,10,24,11,30,10.4,0,0,0,0,0,0,87.58
2008,10,24,12,30,10.5,0,0,0,0,0,0,86.27
2008,10,24,13,30,11.9,38,89,411,5,49,49,80.02
2008,10,24,14,30,14.3,69,316,721,251,181,267,70.2
2008,10,24,15,30,17.3,86,537,850,386,218,423,58.6
2008,10,24,16,30,19.8,95,715,914,510,248,594,45.37
2008,10,24,17,30,21,101,830,942,515,284,683,41.27
2008,10,24,18,30,21.6,118,871,928,598,245,730,39.65
2008,10,24,19,30,21.700000000000003,120,837,911,415,353,679,39.34
2008,10,24,20,30,21.5,121,731,866,226,365,524,39.65
2008,10,24,21,30,21,116,563,789,181,286,388,40.84
2008,10,24,22,30,20.200000000000003,99,349,650,44,189,206,43.28
2008,10,24,23,30,19.1,60,125,373,66,71,82,51.050000000000004
2008,10,25,0,30,17.8,0,0,0,0,0,0,60.19
2008,10,25,1,30,16.6,0,0,0,0,0,0,66.88
2008,10,25,2,30,15.600000000000001,0,0,0,0,0,0,72.98
2008,10,25,3,30,14.700000000000001,0,0,0,0,0,0,76.5
2008,10,25,4,30,14.100000000000001,0,0,0,0,0,0,79.11
2008,10,25,5,30,13.700000000000001,0,0,0,0,0,0,81.56
2008,10,25,6,30,13.3,0,0,0,0,0,0,84.53
2008,10,25,7,30,13,0,0,0,0,0,0,86.8
2008,10,25,8,30,12.600000000000001,0,0,0,0,0,0,88.98
2008,10,25,9,30,12.3,0,0,0,0,0,0,90.23
2008,10,25,10,30,12.200000000000001,0,0,0,0,0,0,90.52
2008,10,25,11,30,12.100000000000001,0,0,0,0,0,0,91.04
2008,10,25,12,30,12.3,0,0,0,0,0,0,89.47
2008,10,25,13,30,13.5,43,82,315,0,22,22,83.10000000000001
2008,10,25,14,30,16.3,78,305,668,0,25,25,69.12
2008,10,25,15,30,19.3,92,527,825,0,152,152,52.35
2008,10,25,16,30,21.3,100,706,897,1,222,222,41.64
2008,10,25,17,30,22.400000000000002,105,823,932,147,451,564,37.25
2008,10,25,18,30,23,101,873,956,558,354,804,34.72
2008,10,25,19,30,23.1,100,843,949,949,100,843,33.58
2008,10,25,20,30,22.700000000000003,96,739,917,145,413,514,33.8
2008,10,25,21,30,22,94,570,845,0,127,127,34.910000000000004
2008,10,25,22,30,20.900000000000002,80,358,726,0,108,108,37.39
2008,10,25,23,30,18.900000000000002,50,130,466,0,29,29,51.63
2008,10,26,0,30,17,0,0,0,0,0,0,65.06
2008,10,26,1,30,15.9,0,0,0,0,0,0,66.33
2008,10,26,2,30,14.9,0,0,0,0,0,0,68.44
2008,10,26,3,30,13.8,0,0,0,0,0,0,72.07000000000001
2008,10,26,4,30,12.8,0,0,0,0,0,0,76.13
2008,10,26,5,30,11.9,0,0,0,0,0,0,80.58
2008,10,26,6,30,11.200000000000001,0,0,0,0,0,0,84.10000000000001
2008,10,26,7,30,10.600000000000001,0,0,0,0,0,0,87.88
2008,10,26,8,30,10.3,0,0,0,0,0,0,89.97
2008,10,26,9,30,10.200000000000001,0,0,0,0,0,0,90.31
2008,10,26,10,30,10.3,0,0,0,0,0,0,89.21000000000001
2008,10,26,11,30,10.5,0,0,0,0,0,0,87.36
2008,10,26,12,30,10.9,0,0,0,0,0,0,84.26
2008,10,26,13,30,12.4,36,85,408,0,18,18,77.85000000000001
2008,10,26,14,30,15.3,66,309,723,723,66,309,64.67
2008,10,26,15,30,18.400000000000002,80,530,856,856,80,530,49.54
2008,10,26,16,30,20.700000000000003,86,708,924,924,86,708,41.77
2008,10,26,17,30,22.3,90,827,960,696,277,811,37.63
2008,10,26,18,30,23.1,93,872,969,576,342,805,35.660000000000004
2008,10,26,19,30,23.200000000000003,93,842,960,620,315,798,35.15
2008,10,26,20,30,22.700000000000003,90,739,931,651,206,659,35.85
2008,10,26,21,30,22.1,74,577,899,470,213,476,37.06
2008,10,26,22,30,21.1,62,363,794,79,218,248,40.02
2008,10,26,23,30,19.1,41,132,548,548,41,132,53.28
2008,10,27,0,30,17.1,0,0,0,0,0,0,68.2
2008,10,27,1,30,16.1,0,0,0,0,0,0,69.35000000000001
2008,10,27,2,30,15.4,0,0,0,0,0,0,71.2
2008,10,27,3,30,14.8,0,0,0,0,0,0,72.9
2008,10,27,4,30,14.200000000000001,0,0,0,0,0,0,74.73
2008,10,27,5,30,13.700000000000001,0,0,0,0,0,0,76.51
2008,10,27,6,30,13.3,0,0,0,0,0,0,78.46000000000001
2008,10,27,7,30,12.8,0,0,0,0,0,0,80.94
2008,10,27,8,30,12.5,0,0,0,0,0,0,82.47
2008,10,27,9,30,12.100000000000001,0,0,0,0,0,0,84.99
2008,10,27,10,30,11.9,0,0,0,0,0,0,86.29
2008,10,27,11,30,11.700000000000001,0,0,0,0,0,0,87.86
2008,10,27,12,30,11.8,0,0,0,0,0,0,88.15
2008,10,27,13,30,12.5,44,77,282,282,44,77,85.19
2008,10,27,14,30,14.100000000000001,85,295,626,27,184,193,79.09
2008,10,27,15,30,16.1,104,514,785,785,104,514,70.24
2008,10,27,16,30,18,105,696,885,885,105,696,58.49
2008,10,27,17,30,19.3,101,816,936,936,101,816,49.480000000000004
2008,10,27,18,30,20.1,95,865,962,962,95,865,45.12
2008,10,27,19,30,20.200000000000003,90,837,961,8,361,367,44.38
2008,10,27,20,30,19.6,83,736,941,295,379,583,46.04
2008,10,27,21,30,18.8,71,573,901,46,288,314,48.26
2008,10,27,22,30,17.6,60,360,798,798,60,360,51.92
2008,10,27,23,30,16,39,130,552,552,39,130,58.050000000000004
2008,10,28,0,30,14.5,0,0,0,0,0,0,65.27
2008,10,28,1,30,13.200000000000001,0,0,0,0,0,0,72.42
2008,10,28,2,30,12.200000000000001,0,0,0,0,0,0,78.69
2008,10,28,3,30,11.600000000000001,0,0,0,0,0,0,83.14
2008,10,28,4,30,11.100000000000001,0,0,0,0,0,0,85.63
2008,10,28,5,30,10.600000000000001,0,0,0,0,0,0,86.71000000000001
2008,10,28,6,30,10.100000000000001,0,0,0,0,0,0,87.2
2008,10,28,7,30,9.700000000000001,0,0,0,0,0,0,87.56
2008,10,28,8,30,9.4,0,0,0,0,0,0,87.43
2008,10,28,9,30,9.1,0,0,0,0,0,0,87.24
2008,10,28,10,30,9,0,0,0,0,0,0,86.85000000000001
2008,10,28,11,30,8.8,0,0,0,0,0,0,87.22
2008,10,28,12,30,8.8,0,0,0,0,0,0,86.68
2008,10,28,13,30,9.3,33,86,455,18,56,58,83.89
2008,10,28,14,30,10.700000000000001,60,316,769,148,188,237,76.81
2008,10,28,15,30,12.4,74,536,889,0,152,152,69.01
2008,10,28,16,30,14.4,83,712,944,0,192,192,60.72
2008,10,28,17,30,16.1,90,826,968,0,127,127,54.410000000000004
2008,10,28,18,30,17.3,95,868,969,0,142,142,50.68
2008,10,28,19,30,17.7,95,835,958,0,233,233,49.57
2008,10,28,20,30,17.400000000000002,92,732,928,0,225,225,50.19
2008,10,28,21,30,16.5,93,562,848,1,189,189,52.54
2008,10,28,22,30,15.3,76,350,736,21,196,204,55.69
2008,10,28,23,30,13.600000000000001,46,124,481,481,46,124,60.78
2008,10,29,0,30,11.9,0,0,0,0,0,0,66.67
2008,10,29,1,30,10.5,0,0,0,0,0,0,71.23
2008,10,29,2,30,9.5,0,0,0,0,0,0,73.43
2008,10,29,3,30,8.6,0,0,0,0,0,0,75.49
2008,10,29,4,30,7.800000000000001,0,0,0,0,0,0,77.74
2008,10,29,5,30,7,0,0,0,0,0,0,80.76
2008,10,29,6,30,6.4,0,0,0,0,0,0,82.58
2008,10,29,7,30,6,0,0,0,0,0,0,83.35000000000001
2008,10,29,8,30,5.800000000000001,0,0,0,0,0,0,83.81
2008,10,29,9,30,5.6000000000000005,0,0,0,0,0,0,85.02
2008,10,29,10,30,5.4,0,0,0,0,0,0,86.64
2008,10,29,11,30,5.300000000000001,0,0,0,0,0,0,87.54
2008,10,29,12,30,5.4,0,0,0,0,0,0,86.96000000000001
2008,10,29,13,30,6.7,30,86,495,3,38,38,79.91
2008,10,29,14,30,9.3,53,318,804,53,151,168,66.55
2008,10,29,15,30,12.600000000000001,64,541,923,138,308,379,53.7
2008,10,29,16,30,16.5,71,720,980,654,203,637,42.62
2008,10,29,17,30,19.900000000000002,74,838,1008,1008,74,838,33.85
2008,10,29,18,30,21.8,75,883,1017,1017,75,883,30.740000000000002
2008,10,29,19,30,22.6,74,853,1012,1012,74,853,29.7
2008,10,29,20,30,22.700000000000003,72,750,988,988,72,750,29.45
2008,10,29,21,30,22.200000000000003,66,580,934,934,66,580,30.02
2008,10,29,22,30,20.6,56,365,835,835,56,365,33.29
2008,10,29,23,30,17.7,36,130,593,593,36,130,49.4
2008,10,30,0,30,15,0,0,0,0,0,0,61.85
2008,10,30,1,30,13.600000000000001,0,0,0,0,0,0,62.33
2008,10,30,2,30,12.4,0,0,0,0,0,0,63.57
2008,10,30,3,30,11.100000000000001,0,0,0,0,0,0,66.13
2008,10,30,4,30,10,0,0,0,0,0,0,69.87
2008,10,30,5,30,9.200000000000001,0,0,0,0,0,0,73.82000000000001
2008,10,30,6,30,8.5,0,0,0,0,0,0,78.3
2008,10,30,7,30,8,0,0,0,0,0,0,81.95
2008,10,30,8,30,7.4,0,0,0,0,0,0,85.78
2008,10,30,9,30,6.9,0,0,0,0,0,0,88.44
2008,10,30,10,30,6.6000000000000005,0,0,0,0,0,0,89.29
2008,10,30,11,30,6.4,0,0,0,0,0,0,88.5
2008,10,30,12,30,6.6000000000000005,0,0,0,0,0,0,84.35000000000001
2008,10,30,13,30,8.5,30,85,494,11,49,50,73.39
2008,10,30,14,30,11.700000000000001,54,317,805,173,168,224,56.46
2008,10,30,15,30,15.700000000000001,65,539,924,924,65,539,40.82
2008,10,30,16,30,19.200000000000003,71,719,982,982,71,719,28.01
2008,10,30,17,30,21,75,836,1009,1009,75,836,26.330000000000002
2008,10,30,18,30,22.1,77,882,1018,1018,77,882,25.21
2008,10,30,19,30,22.700000000000003,76,848,1008,1008,76,848,24
2008,10,30,20,30,22.6,74,745,984,984,74,745,23.56
2008,10,30,21,30,21.8,73,575,918,491,204,472,24.37
2008,10,30,22,30,20,63,359,806,411,155,306,27.990000000000002
2008,10,30,23,30,17.2,40,125,550,8,67,68,47.4
2008,10,31,0,30,14.9,0,0,0,0,0,0,56.47
2008,10,31,1,30,13.700000000000001,0,0,0,0,0,0,57.69
2008,10,31,2,30,12.700000000000001,0,0,0,0,0,0,60.17
2008,10,31,3,30,11.5,0,0,0,0,0,0,65.03
2008,10,31,4,30,10.5,0,0,0,0,0,0,71.23
2008,10,31,5,30,9.8,0,0,0,0,0,0,77.85000000000001
2008,10,31,6,30,9.3,0,0,0,0,0,0,83.48
2008,10,31,7,30,8.8,0,0,0,0,0,0,88.35000000000001
2008,10,31,8,30,8.5,0,0,0,0,0,0,91.8
2008,10,31,9,30,8.4,0,0,0,0,0,0,92.97
2008,10,31,10,30,8.200000000000001,0,0,0,0,0,0,93.46000000000001
2008,10,31,11,30,7.7,0,0,0,0,0,0,95.48
2008,10,31,12,30,7.5,0,0,0,0,0,0,95.96000000000001
2008,10,31,13,30,8.6,33,80,436,436,33,80,88.14
2008,10,31,14,30,11.4,59,312,780,780,59,312,72.47
2008,10,31,15,30,15,69,537,915,915,69,537,55.43
2008,10,31,16,30,18.6,75,717,979,979,75,717,37.89
2008,10,31,17,30,21.1,77,835,1010,1010,77,835,26.44
2008,10,31,18,30,22.400000000000002,78,880,1020,1020,78,880,22.400000000000002
2008,10,31,19,30,23,76,850,1015,1015,76,850,21.36
2008,10,31,20,30,23.1,73,747,992,992,73,747,21.09
2008,10,31,21,30,22.6,65,579,944,944,65,579,21.72
2008,10,31,22,30,21.200000000000003,55,362,844,844,55,362,24.060000000000002
2008,10,31,23,30,17.7,35,127,596,596,35,127,34.04
2008,11,1,0,30,14.200000000000001,0,0,0,0,0,0,53.01
2008,11,1,1,30,12.8,0,0,0,0,0,0,56.2
2008,11,1,2,30,11.700000000000001,0,0,0,0,0,0,61.2
2008,11,1,3,30,10.4,0,0,0,0,0,0,69.37
2008,11,1,4,30,9.200000000000001,0,0,0,0,0,0,78.56
2008,11,1,5,30,8.1,0,0,0,0,0,0,87.72
2008,11,1,6,30,7.4,0,0,0,0,0,0,95.2
2008,11,1,7,30,7.2,0,0,0,0,0,0,98.2
2008,11,1,8,30,7.2,0,0,0,0,0,0,96.61
2008,11,1,9,30,7,0,0,0,0,0,0,94.56
2008,11,1,10,30,6.6000000000000005,0,0,0,0,0,0,93.95
2008,11,1,11,30,6.4,0,0,0,0,0,0,93.36
2008,11,1,12,30,6.4,0,0,0,0,0,0,92.54
2008,11,1,13,30,7.4,32,81,468,468,32,81,86.38
2008,11,1,14,30,9.9,56,314,801,801,56,314,73.92
2008,11,1,15,30,13.3,66,540,934,934,66,540,59.9
2008,11,1,16,30,16.6,70,721,997,544,295,651,48.02
2008,11,1,17,30,19.200000000000003,72,836,1022,1022,72,836,37.910000000000004
2008,11,1,18,30,20.8,70,882,1036,1036,70,882,31.69
2008,11,1,19,30,21.700000000000003,69,848,1027,1027,69,848,28.86
2008,11,1,20,30,22,64,745,1006,1006,64,745,27.72
2008,11,1,21,30,21.700000000000003,61,577,955,955,61,577,27.82
2008,11,1,22,30,20.5,51,361,859,859,51,361,29.6
2008,11,1,23,30,17.2,33,126,620,620,33,126,40.53
2008,11,2,0,30,13.9,0,0,0,0,0,0,60.71
2008,11,2,1,30,12.4,0,0,0,0,0,0,62.72
2008,11,2,2,30,11.3,0,0,0,0,0,0,66.12
2008,11,2,3,30,10.3,0,0,0,0,0,0,70.88
2008,11,2,4,30,9.4,0,0,0,0,0,0,76.79
2008,11,2,5,30,8.5,0,0,0,0,0,0,83.9
2008,11,2,6,30,7.7,0,0,0,0,0,0,91.9
2008,11,2,7,30,7.1000000000000005,0,0,0,0,0,0,98.93
2008,11,2,8,30,6.9,0,0,0,0,0,0,100
2008,11,2,9,30,7.1000000000000005,0,0,0,0,0,0,99.92
2008,11,2,10,30,7.1000000000000005,0,0,0,0,0,0,97.18
2008,11,2,11,30,6.800000000000001,0,0,0,0,0,0,95.87
2008,11,2,12,30,6.5,0,0,0,0,0,0,94.2
2008,11,2,13,30,7.4,28,82,518,518,28,82,85.13
2008,11,2,14,30,10.5,48,316,842,1,113,113,67.46000000000001
2008,11,2,15,30,14.9,58,541,957,234,290,408,48.79
2008,11,2,16,30,18.7,64,721,1011,1011,64,721,33.95
2008,11,2,17,30,20.6,66,839,1039,1039,66,839,27.93
2008,11,2,18,30,21.8,69,885,1045,1045,69,885,24.51
2008,11,2,19,30,22.5,68,854,1040,1040,68,854,22.28
2008,11,2,20,30,22.700000000000003,65,750,1017,1017,65,750,21.05
2008,11,2,21,30,22.200000000000003,59,581,972,972,59,581,20.830000000000002
2008,11,2,22,30,20.900000000000002,50,363,876,876,50,363,21.990000000000002
2008,11,2,23,30,17.5,32,126,636,636,32,126,34.63
2008,11,3,0,30,14.100000000000001,0,0,0,0,0,0,53.730000000000004
2008,11,3,1,30,12.5,0,0,0,0,0,0,54.24
2008,11,3,2,30,11.3,0,0,0,0,0,0,56.24
2008,11,3,3,30,10.200000000000001,0,0,0,0,0,0,58.75
2008,11,3,4,30,9.200000000000001,0,0,0,0,0,0,62.28
2008,11,3,5,30,8.200000000000001,0,0,0,0,0,0,68.01
2008,11,3,6,30,7.5,0,0,0,0,0,0,74.18
2008,11,3,7,30,6.9,0,0,0,0,0,0,81.9
2008,11,3,8,30,6.4,0,0,0,0,0,0,89.51
2008,11,3,9,30,6,0,0,0,0,0,0,95.07000000000001
2008,11,3,10,30,5.9,0,0,0,0,0,0,97.13
2008,11,3,11,30,6,0,0,0,0,0,0,96.54
2008,11,3,12,30,6.300000000000001,0,0,0,0,0,0,93.06
2008,11,3,13,30,7.800000000000001,28,78,493,493,28,78,82.36
2008,11,3,14,30,11.200000000000001,49,307,818,818,49,307,66.51
2008,11,3,15,30,16,59,529,936,936,59,529,50.01
2008,11,3,16,30,20.3,65,708,994,994,65,708,34.75
2008,11,3,17,30,22.400000000000002,69,822,1016,1016,69,822,26.79
2008,11,3,18,30,23.5,71,867,1026,1026,71,867,24.04
2008,11,3,19,30,24.1,71,837,1019,1019,71,837,22.77
2008,11,3,20,30,24.1,68,732,991,991,68,732,22.62
2008,11,3,21,30,23.6,64,565,938,938,64,565,23.26
2008,11,3,22,30,22.3,54,351,835,835,54,351,25.26
2008,11,3,23,30,19.400000000000002,34,118,573,573,34,118,36.4
2008,11,4,0,30,16.6,0,0,0,0,0,0,55.620000000000005
2008,11,4,1,30,15.200000000000001,0,0,0,0,0,0,55.9
2008,11,4,2,30,13.9,0,0,0,0,0,0,57.79
2008,11,4,3,30,12.600000000000001,0,0,0,0,0,0,60.1
2008,11,4,4,30,11.4,0,0,0,0,0,0,62.940000000000005
2008,11,4,5,30,10.4,0,0,0,0,0,0,66.27
2008,11,4,6,30,9.5,0,0,0,0,0,0,70.18
2008,11,4,7,30,8.9,0,0,0,0,0,0,73.32000000000001
2008,11,4,8,30,8.4,0,0,0,0,0,0,76.5
2008,11,4,9,30,8,0,0,0,0,0,0,79.41
2008,11,4,10,30,7.7,0,0,0,0,0,0,82.31
2008,11,4,11,30,7.5,0,0,0,0,0,0,85.61
2008,11,4,12,30,7.7,0,0,0,0,0,0,87.73
2008,11,4,13,30,10.200000000000001,26,75,491,491,26,75,77.46000000000001
2008,11,4,14,30,14.600000000000001,48,302,810,810,48,302,61.78
2008,11,4,15,30,18.7,59,522,928,928,59,522,49.43
2008,11,4,16,30,21.6,65,699,985,985,65,699,38.84
2008,11,4,17,30,23.3,68,815,1013,1013,68,815,32.75
2008,11,4,18,30,24.400000000000002,73,860,1017,1017,73,860,29.25
2008,11,4,19,30,25,72,830,1011,1011,72,830,27.07
2008,11,4,20,30,25.1,69,725,983,983,69,725,25.93
2008,11,4,21,30,24.6,62,559,935,935,62,559,25.89
2008,11,4,22,30,23.400000000000002,53,345,828,828,53,345,27.400000000000002
2008,11,4,23,30,20.700000000000003,34,115,569,347,65,115,37.800000000000004
2008,11,5,0,30,18.2,0,0,0,0,0,0,55.28
2008,11,5,1,30,16.6,0,0,0,0,0,0,57.730000000000004
2008,11,5,2,30,15.200000000000001,0,0,0,0,0,0,62.34
2008,11,5,3,30,13.9,0,0,0,0,0,0,67.42
2008,11,5,4,30,12.700000000000001,0,0,0,0,0,0,74.65
2008,11,5,5,30,11.8,0,0,0,0,0,0,81.95
2008,11,5,6,30,11.100000000000001,0,0,0,0,0,0,87.98
2008,11,5,7,30,10.700000000000001,0,0,0,0,0,0,91.06
2008,11,5,8,30,10.100000000000001,0,0,0,0,0,0,94.27
2008,11,5,9,30,9.5,0,0,0,0,0,0,96.45
2008,11,5,10,30,8.8,0,0,0,0,0,0,97.98
2008,11,5,11,30,8.1,0,0,0,0,0,0,97.67
2008,11,5,12,30,7.800000000000001,0,0,0,0,0,0,93.32000000000001
2008,11,5,13,30,9.3,24,76,526,526,24,76,79.10000000000001
2008,11,5,14,30,13.100000000000001,44,307,851,851,44,307,58.800000000000004
2008,11,5,15,30,17.6,51,533,972,972,51,533,40.78
2008,11,5,16,30,20.900000000000002,55,712,1026,1026,55,712,26.32
2008,11,5,17,30,22.8,57,829,1052,1052,57,829,22
2008,11,5,18,30,24,59,875,1060,1060,59,875,19.57
2008,11,5,19,30,24.700000000000003,57,844,1056,1056,57,844,18.2
2008,11,5,20,30,24.900000000000002,54,740,1035,1035,54,740,17.72
2008,11,5,21,30,24.3,51,570,982,982,51,570,18.39
2008,11,5,22,30,22.700000000000003,42,354,891,891,42,354,20.95
2008,11,5,23,30,18.8,28,119,645,645,28,119,35.980000000000004
2008,11,6,0,30,15.200000000000001,0,0,0,0,0,0,53.6
2008,11,6,1,30,13.700000000000001,0,0,0,0,0,0,56.94
2008,11,6,2,30,12.700000000000001,0,0,0,0,0,0,61.78
2008,11,6,3,30,11.8,0,0,0,0,0,0,68.27
2008,11,6,4,30,11.100000000000001,0,0,0,0,0,0,75.24
2008,11,6,5,30,10.3,0,0,0,0,0,0,82.57000000000001
2008,11,6,6,30,9.700000000000001,0,0,0,0,0,0,88.29
2008,11,6,7,30,9.1,0,0,0,0,0,0,92.89
2008,11,6,8,30,8.5,0,0,0,0,0,0,96.41
2008,11,6,9,30,7.9,0,0,0,0,0,0,98.63
2008,11,6,10,30,7.300000000000001,0,0,0,0,0,0,100
2008,11,6,11,30,6.800000000000001,0,0,0,0,0,0,100
2008,11,6,12,30,6.6000000000000005,0,0,0,0,0,0,98.37
2008,11,6,13,30,8.5,24,74,533,533,24,74,83.23
2008,11,6,14,30,12.4,43,304,850,850,43,304,63.410000000000004
2008,11,6,15,30,17.3,53,524,957,957,53,524,45.5
2008,11,6,16,30,21.200000000000003,59,702,1011,1011,59,702,27.87
2008,11,6,17,30,22.900000000000002,62,820,1037,1037,62,820,24.68
2008,11,6,18,30,23.8,69,862,1035,1035,69,862,23.41
2008,11,6,19,30,24.400000000000002,68,832,1029,1029,68,832,22.47
2008,11,6,20,30,24.5,66,729,1004,1004,66,729,22.150000000000002
2008,11,6,21,30,24.1,62,560,946,946,62,560,22.37
2008,11,6,22,30,22.700000000000003,52,345,844,187,180,245,24.25
2008,11,6,23,30,19.700000000000003,33,114,584,584,33,114,39.19
2008,11,7,0,30,17.1,0,0,0,0,0,0,50.15
2008,11,7,1,30,16,0,0,0,0,0,0,49.18
2008,11,7,2,30,15.100000000000001,0,0,0,0,0,0,50.29
2008,11,7,3,30,14.3,0,0,0,0,0,0,51.82
2008,11,7,4,30,13.3,0,0,0,0,0,0,55.11
2008,11,7,5,30,12.4,0,0,0,0,0,0,58.52
2008,11,7,6,30,11.600000000000001,0,0,0,0,0,0,62.39
2008,11,7,7,30,11,0,0,0,0,0,0,65.6
2008,11,7,8,30,10.700000000000001,0,0,0,0,0,0,67.83
2008,11,7,9,30,10.600000000000001,0,0,0,0,0,0,69.18
2008,11,7,10,30,10.4,0,0,0,0,0,0,71.15
2008,11,7,11,30,10,0,0,0,0,0,0,72.86
2008,11,7,12,30,9.9,0,0,0,0,0,0,72.75
2008,11,7,13,30,11.200000000000001,27,68,450,450,27,68,66.13
2008,11,7,14,30,14.4,52,293,793,793,52,293,55.67
2008,11,7,15,30,18.400000000000002,64,514,918,918,64,514,42.57
2008,11,7,16,30,21.3,72,689,974,974,72,689,33.22
2008,11,7,17,30,22.6,77,806,1002,1002,77,806,29.67
2008,11,7,18,30,23.200000000000003,77,851,1014,1014,77,851,28.04
2008,11,7,19,30,23.6,78,821,1006,1006,78,821,27.07
2008,11,7,20,30,23.700000000000003,75,716,975,975,75,716,26.82
2008,11,7,21,30,23.200000000000003,70,550,918,404,214,425,27.72
2008,11,7,22,30,21.8,59,336,802,802,59,336,30.85
2008,11,7,23,30,18.900000000000002,36,107,520,217,69,98,45.35
2008,11,8,0,30,16.1,0,0,0,0,0,0,58.84
2008,11,8,1,30,14.8,0,0,0,0,0,0,60.77
2008,11,8,2,30,13.4,0,0,0,0,0,0,63.230000000000004
2008,11,8,3,30,11.8,0,0,0,0,0,0,67.89
2008,11,8,4,30,10.600000000000001,0,0,0,0,0,0,72.31
2008,11,8,5,30,9.9,0,0,0,0,0,0,75.34
2008,11,8,6,30,9.4,0,0,0,0,0,0,78.7
2008,11,8,7,30,9.200000000000001,0,0,0,0,0,0,81.32000000000001
2008,11,8,8,30,9.200000000000001,0,0,0,0,0,0,85.23
2008,11,8,9,30,9.3,0,0,0,0,0,0,89.96000000000001
2008,11,8,10,30,9.3,0,0,0,0,0,0,94.3
2008,11,8,11,30,9.3,0,0,0,0,0,0,98.11
2008,11,8,12,30,9.4,0,0,0,0,0,0,99.91
2008,11,8,13,30,10.9,34,59,278,278,34,59,91.86
2008,11,8,14,30,13.8,74,273,662,12,158,162,77.56
2008,11,8,15,30,16.8,88,492,831,1,171,171,64.42
2008,11,8,16,30,19.700000000000003,91,674,925,25,318,334,49.7
2008,11,8,17,30,21.8,92,792,966,966,92,792,38.71
2008,11,8,18,30,23.1,89,839,987,987,89,839,32.99
2008,11,8,19,30,23.8,86,809,982,982,86,809,29.86
2008,11,8,20,30,24.1,81,708,959,40,342,368,27.97
2008,11,8,21,30,23.8,72,544,907,907,72,544,27.27
2008,11,8,22,30,22.700000000000003,58,333,802,17,180,186,28.34
2008,11,8,23,30,20.1,35,106,525,24,72,76,39.14
2008,11,9,0,30,17.5,0,0,0,0,0,0,54.86
2008,11,9,1,30,16.2,0,0,0,0,0,0,59.120000000000005
2008,11,9,2,30,15.200000000000001,0,0,0,0,0,0,63.99
2008,11,9,3,30,14.200000000000001,0,0,0,0,0,0,67.07000000000001
2008,11,9,4,30,12.9,0,0,0,0,0,0,71.32000000000001
2008,11,9,5,30,11.600000000000001,0,0,0,0,0,0,78.09
2008,11,9,6,30,10.600000000000001,0,0,0,0,0,0,84.48
2008,11,9,7,30,9.9,0,0,0,0,0,0,89.89
2008,11,9,8,30,9.3,0,0,0,0,0,0,95.16
2008,11,9,9,30,8.8,0,0,0,0,0,0,99.49000000000001
2008,11,9,10,30,8.5,0,0,0,0,0,0,100
2008,11,9,11,30,8.1,0,0,0,0,0,0,100
2008,11,9,12,30,7.9,0,0,0,0,0,0,100
2008,11,9,13,30,10,27,63,412,5,37,37,90.63
2008,11,9,14,30,14.100000000000001,56,285,766,65,176,196,70.51
2008,11,9,15,30,17.8,70,503,896,896,70,503,54.52
2008,11,9,16,30,20,79,678,954,306,349,541,43.71
2008,11,9,17,30,21.400000000000002,84,794,985,671,228,712,38.03
2008,11,9,18,30,22.3,88,838,992,992,88,838,34.7
2008,11,9,19,30,22.8,82,808,990,490,351,710,32.86
2008,11,9,20,30,22.8,75,707,971,971,75,707,32.230000000000004
2008,11,9,21,30,22.200000000000003,64,544,927,927,64,544,32.980000000000004
2008,11,9,22,30,20.8,52,334,826,167,191,248,35.79
2008,11,9,23,30,17.8,31,107,572,572,31,107,45.08
2008,11,10,0,30,15,0,0,0,0,0,0,59.88
2008,11,10,1,30,13.8,0,0,0,0,0,0,67.08
2008,11,10,2,30,13.100000000000001,0,0,0,0,0,0,72.79
2008,11,10,3,30,12.4,0,0,0,0,0,0,78.9
2008,11,10,4,30,11.700000000000001,0,0,0,0,0,0,85.83
2008,11,10,5,30,10.8,0,0,0,0,0,0,93.74
2008,11,10,6,30,10,0,0,0,0,0,0,100
2008,11,10,7,30,9.700000000000001,0,0,0,0,0,0,100
2008,11,10,8,30,9.5,0,0,0,0,0,0,99.37
2008,11,10,9,30,9.200000000000001,0,0,0,0,0,0,97.16
2008,11,10,10,30,8.9,0,0,0,0,0,0,95.57000000000001
2008,11,10,11,30,8.6,0,0,0,0,0,0,95.22
2008,11,10,12,30,8.5,0,0,0,0,0,0,95.04
2008,11,10,13,30,9.8,24,63,467,5,36,36,87.26
2008,11,10,14,30,12.700000000000001,47,287,811,811,47,287,73.15
2008,11,10,15,30,15.9,57,505,932,932,57,505,57.980000000000004
2008,11,10,16,30,18.6,62,681,992,312,343,538,45.88
2008,11,10,17,30,20.6,66,794,1015,596,239,667,38.5
2008,11,10,18,30,22,66,840,1027,1027,66,840,34.2
2008,11,10,19,30,22.700000000000003,63,810,1023,1023,63,810,32.06
2008,11,10,20,30,22.900000000000002,59,709,1002,1002,59,709,31.43
2008,11,10,21,30,22.3,56,547,955,955,56,547,32.55
2008,11,10,22,30,20.700000000000003,46,336,855,307,154,258,35.9
2008,11,10,23,30,17.5,29,108,604,604,29,108,46.050000000000004
2008,11,11,0,30,14.4,0,0,0,0,0,0,62
2008,11,11,1,30,13,0,0,0,0,0,0,69.75
2008,11,11,2,30,12,0,0,0,0,0,0,77.24
2008,11,11,3,30,11.100000000000001,0,0,0,0,0,0,85.94
2008,11,11,4,30,10.3,0,0,0,0,0,0,94.62
2008,11,11,5,30,9.600000000000001,0,0,0,0,0,0,100
2008,11,11,6,30,9,0,0,0,0,0,0,100
2008,11,11,7,30,8.6,0,0,0,0,0,0,100
2008,11,11,8,30,8.4,0,0,0,0,0,0,100
2008,11,11,9,30,8.3,0,0,0,0,0,0,100
2008,11,11,10,30,8.200000000000001,0,0,0,0,0,0,100
2008,11,11,11,30,8.1,0,0,0,0,0,0,100
2008,11,11,12,30,8.1,0,0,0,0,0,0,98.85000000000001
2008,11,11,13,30,9,24,63,475,475,24,63,90.4
2008,11,11,14,30,11.5,45,289,831,831,45,289,75.85000000000001
2008,11,11,15,30,15.100000000000001,52,510,959,959,52,510,57.56
2008,11,11,16,30,18.8,56,688,1017,1017,56,688,39.51
2008,11,11,17,30,21.6,58,804,1045,1045,58,804,25.46
2008,11,11,18,30,23.400000000000002,63,851,1050,1050,63,851,20.16
2008,11,11,19,30,24.3,61,817,1041,1041,61,817,17.94
2008,11,11,20,30,24.400000000000002,57,716,1020,1020,57,716,17.32
2008,11,11,21,30,23.8,51,550,974,974,51,550,18.13
2008,11,11,22,30,21.900000000000002,42,337,878,878,42,337,20.77
2008,11,11,23,30,17.7,26,108,628,628,26,108,32.77
2008,11,12,0,30,14.100000000000001,0,0,0,0,0,0,49.17
2008,11,12,1,30,12.5,0,0,0,0,0,0,55.72
2008,11,12,2,30,11.4,0,0,0,0,0,0,62.47
2008,11,12,3,30,10.4,0,0,0,0,0,0,70.58
2008,11,12,4,30,9.700000000000001,0,0,0,0,0,0,78.34
2008,11,12,5,30,9.200000000000001,0,0,0,0,0,0,85.43
2008,11,12,6,30,8.4,0,0,0,0,0,0,91.97
2008,11,12,7,30,7.7,0,0,0,0,0,0,93.82000000000001
2008,11,12,8,30,7.300000000000001,0,0,0,0,0,0,91.61
2008,11,12,9,30,7.2,0,0,0,0,0,0,87.66
2008,11,12,10,30,7,0,0,0,0,0,0,85.92
2008,11,12,11,30,6.4,0,0,0,0,0,0,87.98
2008,11,12,12,30,5.800000000000001,0,0,0,0,0,0,89.59
2008,11,12,13,30,7.5,21,64,539,14,40,41,77.96000000000001
2008,11,12,14,30,11.4,41,295,875,244,140,211,60.4
2008,11,12,15,30,15.3,51,521,990,990,51,521,41.74
2008,11,12,16,30,18.6,55,701,1045,1045,55,701,27.900000000000002
2008,11,12,17,30,21,57,819,1073,1073,57,819,19.830000000000002
2008,11,12,18,30,22.6,57,866,1083,1083,57,866,15.47
2008,11,12,19,30,23.5,56,836,1078,1078,56,836,13.27
2008,11,12,20,30,23.6,52,726,1048,1048,52,726,12.69
2008,11,12,21,30,23,50,560,1000,1000,50,560,13.46
2008,11,12,22,30,20.900000000000002,42,341,896,896,42,341,16.39
2008,11,12,23,30,16.8,27,107,633,633,27,107,29.1
2008,11,13,0,30,13.200000000000001,0,0,0,0,0,0,45.480000000000004
2008,11,13,1,30,11.600000000000001,0,0,0,0,0,0,53.04
2008,11,13,2,30,10.3,0,0,0,0,0,0,61.46
2008,11,13,3,30,9,0,0,0,0,0,0,68.81
2008,11,13,4,30,8,0,0,0,0,0,0,74.19
2008,11,13,5,30,7.2,0,0,0,0,0,0,79.42
2008,11,13,6,30,6.6000000000000005,0,0,0,0,0,0,83.88
2008,11,13,7,30,6,0,0,0,0,0,0,87.44
2008,11,13,8,30,5.4,0,0,0,0,0,0,89.66
2008,11,13,9,30,4.9,0,0,0,0,0,0,89.95
2008,11,13,10,30,4.4,0,0,0,0,0,0,89.17
2008,11,13,11,30,4.1000000000000005,0,0,0,0,0,0,86.65
2008,11,13,12,30,4.1000000000000005,0,0,0,0,0,0,82.14
2008,11,13,13,30,6.2,22,59,468,468,22,59,67.79
2008,11,13,14,30,10.3,46,284,826,826,46,284,51.02
2008,11,13,15,30,13.700000000000001,57,505,951,951,57,505,39.35
2008,11,13,16,30,16,63,681,1005,1005,63,681,34.04
2008,11,13,17,30,17.8,65,798,1035,1035,65,798,28.89
2008,11,13,18,30,19.200000000000003,68,844,1043,1043,68,844,25.22
2008,11,13,19,30,20.200000000000003,67,815,1038,1038,67,815,22.73
2008,11,13,20,30,20.6,63,714,1016,1016,63,714,21.42
2008,11,13,21,30,20.3,56,545,963,963,56,545,21.35
2008,11,13,22,30,19,46,333,864,864,46,333,23.28
2008,11,13,23,30,15.4,28,104,602,602,28,104,34.99
2008,11,14,0,30,12.100000000000001,0,0,0,0,0,0,51.870000000000005
2008,11,14,1,30,11,0,0,0,0,0,0,53.550000000000004
2008,11,14,2,30,10.4,0,0,0,0,0,0,54.160000000000004
2008,11,14,3,30,10.100000000000001,0,0,0,0,0,0,53.24
2008,11,14,4,30,10,0,0,0,0,0,0,51.59
2008,11,14,5,30,9.4,0,0,0,0,0,0,51.96
2008,11,14,6,30,7.9,0,0,0,0,0,0,58.07
2008,11,14,7,30,6.800000000000001,0,0,0,0,0,0,63.95
2008,11,14,8,30,6.300000000000001,0,0,0,0,0,0,67.12
2008,11,14,9,30,6.1000000000000005,0,0,0,0,0,0,69.72
2008,11,14,10,30,5.9,0,0,0,0,0,0,73.12
2008,11,14,11,30,5.7,0,0,0,0,0,0,77.21000000000001
2008,11,14,12,30,5.800000000000001,0,0,0,0,0,0,79.73
2008,11,14,13,30,8.5,19,57,508,508,19,57,68.45
2008,11,14,14,30,13,38,283,861,861,38,283,54.29
2008,11,14,15,30,17.6,46,504,977,977,46,504,41.4
2008,11,14,16,30,21.3,51,682,1032,1032,51,682,26.1
2008,11,14,17,30,23.200000000000003,56,801,1057,1057,56,801,21.240000000000002
2008,11,14,18,30,24.400000000000002,58,848,1066,1066,58,848,18.81
2008,11,14,19,30,25,57,814,1054,1054,57,814,17.51
2008,11,14,20,30,25.1,56,713,1030,1030,56,713,17.01
2008,11,14,21,30,24.5,51,548,983,983,51,548,17.53
2008,11,14,22,30,22.5,43,335,883,883,43,335,19.98
2008,11,14,23,30,18.2,27,105,624,624,27,105,37.050000000000004
2008,11,15,0,30,14.4,0,0,0,0,0,0,47.800000000000004
2008,11,15,1,30,12.700000000000001,0,0,0,0,0,0,48.85
2008,11,15,2,30,11.100000000000001,0,0,0,0,0,0,51.9
2008,11,15,3,30,9.8,0,0,0,0,0,0,55.84
2008,11,15,4,30,8.8,0,0,0,0,0,0,58.76
2008,11,15,5,30,8,0,0,0,0,0,0,60.9
2008,11,15,6,30,7.300000000000001,0,0,0,0,0,0,62.67
2008,11,15,7,30,6.6000000000000005,0,0,0,0,0,0,64.51
2008,11,15,8,30,6,0,0,0,0,0,0,66.21000000000001
2008,11,15,9,30,5.5,0,0,0,0,0,0,68.45
2008,11,15,10,30,4.9,0,0,0,0,0,0,72.42
2008,11,15,11,30,4.3,0,0,0,0,0,0,77.26
2008,11,15,12,30,3.9000000000000004,0,0,0,0,0,0,81.62
2008,11,15,13,30,5.1000000000000005,23,52,405,405,23,52,77.10000000000001
2008,11,15,14,30,7.9,51,271,779,779,51,271,65.77
2008,11,15,15,30,10.8,65,490,914,914,65,490,55.26
2008,11,15,16,30,13.600000000000001,73,668,977,977,73,668,46.97
2008,11,15,17,30,16,77,785,1009,1009,77,785,40.480000000000004
2008,11,15,18,30,17.8,78,832,1022,1022,78,832,35.6
2008,11,15,19,30,18.8,77,804,1016,1016,77,804,32.55
2008,11,15,20,30,19.200000000000003,73,703,991,991,73,703,30.830000000000002
2008,11,15,21,30,18.900000000000002,65,538,940,940,65,538,30.75
2008,11,15,22,30,17.6,54,327,831,831,54,327,33.18
2008,11,15,23,30,14.4,32,99,545,75,66,76,43.12
2008,11,16,0,30,11.3,0,0,0,0,0,0,57.410000000000004
2008,11,16,1,30,9.8,0,0,0,0,0,0,61.18
2008,11,16,2,30,8.4,0,0,0,0,0,0,65.95
2008,11,16,3,30,7.2,0,0,0,0,0,0,71.14
2008,11,16,4,30,6.300000000000001,0,0,0,0,0,0,76.51
2008,11,16,5,30,5.4,0,0,0,0,0,0,83.88
2008,11,16,6,30,4.6000000000000005,0,0,0,0,0,0,91.62
2008,11,16,7,30,4.1000000000000005,0,0,0,0,0,0,97.21000000000001
2008,11,16,8,30,4,0,0,0,0,0,0,98.29
2008,11,16,9,30,3.8000000000000003,0,0,0,0,0,0,97.64
2008,11,16,10,30,3.6,0,0,0,0,0,0,96.41
2008,11,16,11,30,3.5,0,0,0,0,0,0,94.4
2008,11,16,12,30,3.4000000000000004,0,0,0,0,0,0,92.86
2008,11,16,13,30,4.3,23,50,377,377,23,50,85.7
2008,11,16,14,30,7,51,269,780,0,50,50,71.78
2008,11,16,15,30,10.9,62,491,928,0,131,131,56.660000000000004
2008,11,16,16,30,15.100000000000001,68,670,993,2,264,265,43.86
2008,11,16,17,30,18.2,71,787,1025,1025,71,787,35.13
2008,11,16,18,30,19.900000000000002,72,834,1037,1037,72,834,30.82
2008,11,16,19,30,20.900000000000002,71,802,1026,1026,71,802,28.3
2008,11,16,20,30,21.3,67,702,1002,1002,67,702,27.01
2008,11,16,21,30,20.8,61,538,951,951,61,538,27.330000000000002
2008,11,16,22,30,19.3,51,327,843,843,51,327,29.72
2008,11,16,23,30,15.700000000000001,31,99,560,560,31,99,43.43
2008,11,17,0,30,12.4,0,0,0,0,0,0,58.18
2008,11,17,1,30,11.100000000000001,0,0,0,0,0,0,59.95
2008,11,17,2,30,9.9,0,0,0,0,0,0,63.190000000000005
2008,11,17,3,30,8.700000000000001,0,0,0,0,0,0,67.32000000000001
2008,11,17,4,30,7.800000000000001,0,0,0,0,0,0,70.51
2008,11,17,5,30,7.1000000000000005,0,0,0,0,0,0,72.44
2008,11,17,6,30,6.6000000000000005,0,0,0,0,0,0,73.21000000000001
2008,11,17,7,30,6.300000000000001,0,0,0,0,0,0,73.28
2008,11,17,8,30,6.2,0,0,0,0,0,0,72.60000000000001
2008,11,17,9,30,6.300000000000001,0,0,0,0,0,0,70.88
2008,11,17,10,30,6.5,0,0,0,0,0,0,68.81
2008,11,17,11,30,6.800000000000001,0,0,0,0,0,0,66.61
2008,11,17,12,30,7.1000000000000005,0,0,0,0,0,0,64.75
2008,11,17,13,30,8.4,21,50,436,436,21,50,59.36
2008,11,17,14,30,11.4,45,271,816,816,45,271,52.34
2008,11,17,15,30,14.700000000000001,57,491,945,945,57,491,42.56
2008,11,17,16,30,17.3,64,670,1005,1005,64,670,36.06
2008,11,17,17,30,19,68,788,1034,1034,68,788,31.240000000000002
2008,11,17,18,30,20.3,68,835,1047,1047,68,835,27.8
2008,11,17,19,30,20.900000000000002,68,807,1040,1040,68,807,25.84
2008,11,17,20,30,21,65,702,1010,1010,65,702,24.96
2008,11,17,21,30,20.5,60,538,958,958,60,538,25.22
2008,11,17,22,30,18.8,51,326,848,848,51,326,28.080000000000002
2008,11,17,23,30,15.200000000000001,30,99,564,564,30,99,39.57
2008,11,18,0,30,12.100000000000001,0,0,0,0,0,0,53.19
2008,11,18,1,30,10.700000000000001,0,0,0,0,0,0,56.370000000000005
2008,11,18,2,30,9.5,0,0,0,0,0,0,60.35
2008,11,18,3,30,8.3,0,0,0,0,0,0,64.9
2008,11,18,4,30,7.300000000000001,0,0,0,0,0,0,68.78
2008,11,18,5,30,6.4,0,0,0,0,0,0,72.58
2008,11,18,6,30,5.7,0,0,0,0,0,0,75.29
2008,11,18,7,30,5.300000000000001,0,0,0,0,0,0,76.46000000000001
2008,11,18,8,30,5.1000000000000005,0,0,0,0,0,0,77.23
2008,11,18,9,30,4.9,0,0,0,0,0,0,78.01
2008,11,18,10,30,4.6000000000000005,0,0,0,0,0,0,79.37
2008,11,18,11,30,4.2,0,0,0,0,0,0,81.51
2008,11,18,12,30,4,0,0,0,0,0,0,82.64
2008,11,18,13,30,5.6000000000000005,21,47,405,405,21,47,73.97
2008,11,18,14,30,9,48,267,800,800,48,267,62.690000000000005
2008,11,18,15,30,12.600000000000001,61,487,935,935,61,487,51.050000000000004
2008,11,18,16,30,15.600000000000001,69,666,996,996,69,666,40.84
2008,11,18,17,30,17.5,73,784,1027,1027,73,784,35.46
2008,11,18,18,30,18.7,73,831,1040,1040,73,831,32.32
2008,11,18,19,30,19.5,72,799,1028,1028,72,799,29.98
2008,11,18,20,30,19.700000000000003,68,700,1005,1005,68,700,28.91
2008,11,18,21,30,19.400000000000002,60,536,958,958,60,536,28.85
2008,11,18,22,30,17.900000000000002,49,325,853,853,49,325,31.46
2008,11,18,23,30,14.5,29,98,579,579,29,98,44.83
2008,11,19,0,30,11.4,0,0,0,0,0,0,57.02
2008,11,19,1,30,10,0,0,0,0,0,0,58.94
2008,11,19,2,30,8.700000000000001,0,0,0,0,0,0,61.730000000000004
2008,11,19,3,30,7.4,0,0,0,0,0,0,65.39
2008,11,19,4,30,6.4,0,0,0,0,0,0,68.55
2008,11,19,5,30,5.4,0,0,0,0,0,0,73.32000000000001
2008,11,19,6,30,4.4,0,0,0,0,0,0,78.84
2008,11,19,7,30,3.4000000000000004,0,0,0,0,0,0,85.10000000000001
2008,11,19,8,30,2.4000000000000004,0,0,0,0,0,0,92.24
2008,11,19,9,30,1.5,0,0,0,0,0,0,98.36
2008,11,19,10,30,0.8,0,0,0,0,0,0,100
2008,11,19,11,30,0.5,0,0,0,0,0,0,98.85000000000001
2008,11,19,12,30,0.30000000000000004,0,0,0,0,0,0,93.98
2008,11,19,13,30,1.1,21,49,465,465,21,49,82.46000000000001
2008,11,19,14,30,4,43,277,865,57,165,180,63.78
2008,11,19,15,30,8.200000000000001,52,502,994,994,52,502,43.9
2008,11,19,16,30,12.600000000000001,55,683,1053,1053,55,683,30.22
2008,11,19,17,30,16.2,58,804,1081,1081,58,804,20.92
2008,11,19,18,30,18.900000000000002,58,851,1091,1091,58,851,15.94
2008,11,19,19,30,20.5,58,823,1086,1086,58,823,13.3
2008,11,19,20,30,21,55,715,1054,1054,55,715,12.75
2008,11,19,21,30,20.700000000000003,52,550,1004,1004,52,550,13.01
2008,11,19,22,30,18.8,44,335,905,905,44,335,15.36
2008,11,19,23,30,14.700000000000001,27,103,643,643,27,103,38.01
2008,11,20,0,30,11.100000000000001,0,0,0,0,0,0,44.51
2008,11,20,1,30,9.4,0,0,0,0,0,0,47.18
2008,11,20,2,30,8.1,0,0,0,0,0,0,50.93
2008,11,20,3,30,6.9,0,0,0,0,0,0,56.13
2008,11,20,4,30,5.9,0,0,0,0,0,0,62.5
2008,11,20,5,30,5.1000000000000005,0,0,0,0,0,0,69.33
2008,11,20,6,30,4.3,0,0,0,0,0,0,76.85000000000001
2008,11,20,7,30,3.6,0,0,0,0,0,0,83.76
2008,11,20,8,30,3.1,0,0,0,0,0,0,88.08
2008,11,20,9,30,2.8000000000000003,0,0,0,0,0,0,89.13
2008,11,20,10,30,2.6,0,0,0,0,0,0,87.7
2008,11,20,11,30,2.7,0,0,0,0,0,0,83.66
2008,11,20,12,30,3.1,0,0,0,0,0,0,77.78
2008,11,20,13,30,5.6000000000000005,19,47,471,0,23,23,62.49
2008,11,20,14,30,9.8,41,270,857,114,160,190,51.54
2008,11,20,15,30,14.5,51,493,981,981,51,493,35.660000000000004
2008,11,20,16,30,18.8,57,673,1039,1039,57,673,23.41
2008,11,20,17,30,21.1,60,787,1058,1058,60,787,16.57
2008,11,20,18,30,22.1,69,835,1059,362,413,675,15.48
2008,11,20,19,30,22.6,68,808,1053,685,224,706,15.08
2008,11,20,20,30,22.6,65,703,1022,459,253,539,15.13
2008,11,20,21,30,21.900000000000002,59,539,972,455,198,423,15.91
2008,11,20,22,30,19.8,48,327,868,618,98,296,18.62
2008,11,20,23,30,15.4,29,97,582,268,57,88,35.62
2008,11,21,0,30,11.9,0,0,0,0,0,0,46.2
2008,11,21,1,30,10.600000000000001,0,0,0,0,0,0,47.21
2008,11,21,2,30,9.4,0,0,0,0,0,0,50.21
2008,11,21,3,30,8,0,0,0,0,0,0,55.870000000000005
2008,11,21,4,30,6.7,0,0,0,0,0,0,62.190000000000005
2008,11,21,5,30,5.6000000000000005,0,0,0,0,0,0,67.95
2008,11,21,6,30,4.800000000000001,0,0,0,0,0,0,72.79
2008,11,21,7,30,4.2,0,0,0,0,0,0,78.04
2008,11,21,8,30,3.8000000000000003,0,0,0,0,0,0,85.57000000000001
2008,11,21,9,30,4.2,0,0,0,0,0,0,90.57000000000001
2008,11,21,10,30,5.2,0,0,0,0,0,0,91.48
2008,11,21,11,30,6,0,0,0,0,0,0,91.60000000000001
2008,11,21,12,30,6.4,0,0,0,0,0,0,92.15
2008,11,21,13,30,7,21,39,323,323,21,39,90.13
2008,11,21,14,30,8.4,51,250,753,17,144,148,83.05
2008,11,21,15,30,10.700000000000001,63,468,905,905,63,468,71.21000000000001
2008,11,21,16,30,13.4,67,646,980,980,67,646,56.620000000000005
2008,11,21,17,30,15.700000000000001,69,764,1016,1016,69,764,45.56
2008,11,21,18,30,17.3,72,811,1025,1025,72,811,38.85
2008,11,21,19,30,17.8,71,785,1019,1019,71,785,36.14
2008,11,21,20,30,17.6,69,686,993,993,69,686,35.71
2008,11,21,21,30,17.1,62,523,936,936,62,523,37.01
2008,11,21,22,30,15.700000000000001,52,315,823,823,52,315,41.86
2008,11,21,23,30,13.4,30,92,529,43,63,68,57.71
2008,11,22,0,30,11.700000000000001,0,0,0,0,0,0,66.38
2008,11,22,1,30,11.100000000000001,0,0,0,0,0,0,69.98
2008,11,22,2,30,10.3,0,0,0,0,0,0,75.46000000000001
2008,11,22,3,30,9.200000000000001,0,0,0,0,0,0,81.75
2008,11,22,4,30,8.3,0,0,0,0,0,0,86.62
2008,11,22,5,30,7.7,0,0,0,0,0,0,88.59
2008,11,22,6,30,7.1000000000000005,0,0,0,0,0,0,89.87
2008,11,22,7,30,6.4,0,0,0,0,0,0,91.76
2008,11,22,8,30,6,0,0,0,0,0,0,91.71000000000001
2008,11,22,9,30,5.7,0,0,0,0,0,0,91.37
2008,11,22,10,30,5.5,0,0,0,0,0,0,91.10000000000001
2008,11,22,11,30,5.300000000000001,0,0,0,0,0,0,91.01
2008,11,22,12,30,5.1000000000000005,0,0,0,0,0,0,91.38
2008,11,22,13,30,5.9,19,38,355,0,17,17,85.53
2008,11,22,14,30,8.200000000000001,46,250,779,47,152,165,73
2008,11,22,15,30,11.600000000000001,58,467,920,283,202,328,59.45
2008,11,22,16,30,15.3,65,643,984,221,350,480,47.02
2008,11,22,17,30,17.900000000000002,69,758,1011,551,253,629,38.82
2008,11,22,18,30,19.200000000000003,75,804,1015,610,243,681,35.230000000000004
2008,11,22,19,30,19.8,73,778,1011,672,205,674,33.2
2008,11,22,20,30,20,69,679,983,668,186,601,31.91
2008,11,22,21,30,19.700000000000003,65,517,922,613,168,468,31.71
2008,11,22,22,30,18.3,53,310,805,301,145,241,33.92
2008,11,22,23,30,15,31,90,513,109,63,76,47.56
2008,11,23,0,30,12,0,0,0,0,0,0,60.63
2008,11,23,1,30,10.8,0,0,0,0,0,0,62.050000000000004
2008,11,23,2,30,9.8,0,0,0,0,0,0,64.06
2008,11,23,3,30,8.8,0,0,0,0,0,0,67.51
2008,11,23,4,30,7.800000000000001,0,0,0,0,0,0,72.69
2008,11,23,5,30,6.9,0,0,0,0,0,0,79.27
2008,11,23,6,30,6.300000000000001,0,0,0,0,0,0,86.37
2008,11,23,7,30,6.4,0,0,0,0,0,0,89.76
2008,11,23,8,30,6.7,0,0,0,0,0,0,90.5
2008,11,23,9,30,6.7,0,0,0,0,0,0,91.41
2008,11,23,10,30,6.4,0,0,0,0,0,0,93.69
2008,11,23,11,30,6.300000000000001,0,0,0,0,0,0,93.69
2008,11,23,12,30,6.2,0,0,0,0,0,0,93.07000000000001
2008,11,23,13,30,6.9,19,34,287,1,18,18,87.59
2008,11,23,14,30,9.200000000000001,49,237,727,727,49,237,74.82000000000001
2008,11,23,15,30,12.9,62,450,879,879,62,450,59.32
2008,11,23,16,30,16.8,69,623,949,949,69,623,45.13
2008,11,23,17,30,19.400000000000002,73,737,980,980,73,737,34.980000000000004
2008,11,23,18,30,20.8,72,785,996,996,72,785,30.47
2008,11,23,19,30,21.6,72,760,989,989,72,760,28.03
2008,11,23,20,30,21.900000000000002,70,662,957,957,70,662,27.28
2008,11,23,21,30,21.5,63,505,902,902,63,505,28.060000000000002
2008,11,23,22,30,20.1,53,302,786,97,168,199,31.05
2008,11,23,23,30,17.6,30,87,495,97,48,59,47.83
2008,11,24,0,30,15.5,0,0,0,0,0,0,54.36
2008,11,24,1,30,14.5,0,0,0,0,0,0,55
2008,11,24,2,30,13.3,0,0,0,0,0,0,58.85
2008,11,24,3,30,12,0,0,0,0,0,0,61.61
2008,11,24,4,30,11,0,0,0,0,0,0,65.44
2008,11,24,5,30,10.4,0,0,0,0,0,0,68.34
2008,11,24,6,30,9.9,0,0,0,0,0,0,71.09
2008,11,24,7,30,9.5,0,0,0,0,0,0,72.5
2008,11,24,8,30,9.1,0,0,0,0,0,0,74.55
2008,11,24,9,30,8.8,0,0,0,0,0,0,75.89
2008,11,24,10,30,8.6,0,0,0,0,0,0,76.51
2008,11,24,11,30,8.5,0,0,0,0,0,0,76.4
2008,11,24,12,30,8.700000000000001,0,0,0,0,0,0,74.68
2008,11,24,13,30,10.100000000000001,17,34,338,0,11,11,67.37
2008,11,24,14,30,13,45,240,760,14,102,106,58.35
2008,11,24,15,30,16.3,59,454,901,372,190,353,43.42
2008,11,24,16,30,18.8,67,631,970,221,344,472,31.44
2008,11,24,17,30,20,72,748,1001,581,236,628,27.87
2008,11,24,18,30,20.8,77,798,1010,1010,77,798,26.25
2008,11,24,19,30,21,76,773,1004,1004,76,773,25.73
2008,11,24,20,30,20.8,73,676,977,977,73,676,25.62
2008,11,24,21,30,20,66,516,923,923,66,516,26.34
2008,11,24,22,30,18.3,54,312,812,812,54,312,28.98
2008,11,24,23,30,14.9,31,91,520,520,31,91,38.83
2008,11,25,0,30,12,0,0,0,0,0,0,51.06
2008,11,25,1,30,10.8,0,0,0,0,0,0,53.480000000000004
2008,11,25,2,30,9.700000000000001,0,0,0,0,0,0,57.36
2008,11,25,3,30,8.700000000000001,0,0,0,0,0,0,63.300000000000004
2008,11,25,4,30,7.7,0,0,0,0,0,0,71.39
2008,11,25,5,30,7,0,0,0,0,0,0,79.2
2008,11,25,6,30,6.6000000000000005,0,0,0,0,0,0,87.28
2008,11,25,7,30,6.9,0,0,0,0,0,0,92.86
2008,11,25,8,30,7.4,0,0,0,0,0,0,96.88
2008,11,25,9,30,7.7,0,0,0,0,0,0,97.75
2008,11,25,10,30,7.7,0,0,0,0,0,0,97.66
2008,11,25,11,30,7.5,0,0,0,0,0,0,97.89
2008,11,25,12,30,7.300000000000001,0,0,0,0,0,0,97.76
2008,11,25,13,30,7.9,18,32,291,291,18,32,91.94
2008,11,25,14,30,9.9,49,237,744,50,147,160,79.83
2008,11,25,15,30,12.8,60,454,904,560,147,392,66.12
2008,11,25,16,30,15.8,64,631,978,978,64,631,53.01
2008,11,25,17,30,18.3,67,748,1013,1013,67,748,42.68
2008,11,25,18,30,20.1,69,797,1024,1024,69,797,36
2008,11,25,19,30,21.200000000000003,66,772,1021,1021,66,772,32.06
2008,11,25,20,30,21.6,63,676,997,997,63,676,29.900000000000002
2008,11,25,21,30,21.400000000000002,55,518,950,950,55,518,29.09
2008,11,25,22,30,20,46,312,845,845,46,312,30.84
2008,11,25,23,30,16.7,27,92,569,569,27,92,47.910000000000004
2008,11,26,0,30,13.700000000000001,0,0,0,0,0,0,57.370000000000005
2008,11,26,1,30,12.5,0,0,0,0,0,0,59.410000000000004
2008,11,26,2,30,11.700000000000001,0,0,0,0,0,0,62.21
2008,11,26,3,30,10.700000000000001,0,0,0,0,0,0,67.54
2008,11,26,4,30,9.700000000000001,0,0,0,0,0,0,74.67
2008,11,26,5,30,8.8,0,0,0,0,0,0,82.52
2008,11,26,6,30,8.200000000000001,0,0,0,0,0,0,88.47
2008,11,26,7,30,7.9,0,0,0,0,0,0,91.41
2008,11,26,8,30,7.7,0,0,0,0,0,0,92.33
2008,11,26,9,30,7.5,0,0,0,0,0,0,92.33
2008,11,26,10,30,7.2,0,0,0,0,0,0,93.06
2008,11,26,11,30,6.9,0,0,0,0,0,0,93.33
2008,11,26,12,30,6.7,0,0,0,0,0,0,93.3
2008,11,26,13,30,8.200000000000001,16,31,346,346,16,31,83.12
2008,11,26,14,30,11.700000000000001,41,236,774,774,41,236,66.2
2008,11,26,15,30,16.5,53,447,910,910,53,447,49.82
2008,11,26,16,30,20.5,61,621,973,973,61,621,34.52
2008,11,26,17,30,22.5,64,738,1005,1005,64,738,27.96
2008,11,26,18,30,23.6,66,786,1016,1016,66,786,25.46
2008,11,26,19,30,24.200000000000003,65,762,1011,1011,65,762,23.95
2008,11,26,20,30,24.400000000000002,63,667,986,986,63,667,23.06
2008,11,26,21,30,24,56,511,936,936,56,511,23.17
2008,11,26,22,30,22.6,47,307,825,825,47,307,25.18
2008,11,26,23,30,19.6,28,90,541,541,28,90,40.11
2008,11,27,0,30,17,0,0,0,0,0,0,46.29
2008,11,27,1,30,15.5,0,0,0,0,0,0,50.76
2008,11,27,2,30,14,0,0,0,0,0,0,57.35
2008,11,27,3,30,12.8,0,0,0,0,0,0,62.99
2008,11,27,4,30,12.200000000000001,0,0,0,0,0,0,64.64
2008,11,27,5,30,11.600000000000001,0,0,0,0,0,0,66.24
2008,11,27,6,30,10.9,0,0,0,0,0,0,68.62
2008,11,27,7,30,10.3,0,0,0,0,0,0,71.62
2008,11,27,8,30,9.8,0,0,0,0,0,0,75.17
2008,11,27,9,30,9.5,0,0,0,0,0,0,78.3
2008,11,27,10,30,9.200000000000001,0,0,0,0,0,0,81.51
2008,11,27,11,30,9,0,0,0,0,0,0,83.76
2008,11,27,12,30,8.8,0,0,0,0,0,0,85.44
2008,11,27,13,30,10.4,16,29,323,323,16,29,76.73
2008,11,27,14,30,14,42,231,761,761,42,231,63.01
2008,11,27,15,30,18.1,54,444,906,906,54,444,46.980000000000004
2008,11,27,16,30,21.400000000000002,60,618,973,973,60,618,31.69
2008,11,27,17,30,23.1,64,735,1005,1005,64,735,26.47
2008,11,27,18,30,24.200000000000003,69,784,1012,1012,69,784,24
2008,11,27,19,30,24.700000000000003,68,760,1006,1006,68,760,23.23
2008,11,27,20,30,24.6,65,663,979,979,65,663,23.62
2008,11,27,21,30,24,56,508,932,932,56,508,25.060000000000002
2008,11,27,22,30,22.3,46,305,824,824,46,305,28.67
2008,11,27,23,30,18.5,27,89,553,553,27,89,44.64
2008,11,28,0,30,15.5,0,0,0,0,0,0,56.43
2008,11,28,1,30,14.4,0,0,0,0,0,0,60.06
2008,11,28,2,30,13.4,0,0,0,0,0,0,64.9
2008,11,28,3,30,12.5,0,0,0,0,0,0,70.39
2008,11,28,4,30,11.600000000000001,0,0,0,0,0,0,75.97
2008,11,28,5,30,10.9,0,0,0,0,0,0,79.99
2008,11,28,6,30,10.200000000000001,0,0,0,0,0,0,83.28
2008,11,28,7,30,9.600000000000001,0,0,0,0,0,0,85.61
2008,11,28,8,30,9.1,0,0,0,0,0,0,86.69
2008,11,28,9,30,8.700000000000001,0,0,0,0,0,0,86.24
2008,11,28,10,30,8.4,0,0,0,0,0,0,84.34
2008,11,28,11,30,8.1,0,0,0,0,0,0,81.63
2008,11,28,12,30,8,0,0,0,0,0,0,77.78
2008,11,28,13,30,10,14,28,354,1,16,16,65.52
2008,11,28,14,30,13.8,38,229,777,285,113,182,52.2
2008,11,28,15,30,17.5,49,441,915,915,49,441,41.92
2008,11,28,16,30,20.6,56,613,976,535,196,502,34.81
2008,11,28,17,30,22.400000000000002,60,730,1006,188,398,523,31.03
2008,11,28,18,30,23.400000000000002,59,776,1017,18,350,362,29.28
2008,11,28,19,30,23.8,59,752,1012,615,217,638,28.7
2008,11,28,20,30,23.5,57,660,987,987,57,660,29.55
2008,11,28,21,30,22.5,52,505,937,593,197,484,31.73
2008,11,28,22,30,20.6,43,304,833,347,131,239,35.7
2008,11,28,23,30,17.7,26,90,564,202,54,77,44.07
2008,11,29,0,30,15.200000000000001,0,0,0,0,0,0,54.77
2008,11,29,1,30,14.100000000000001,0,0,0,0,0,0,59.17
2008,11,29,2,30,13.200000000000001,0,0,0,0,0,0,63.620000000000005
2008,11,29,3,30,12.4,0,0,0,0,0,0,68.71000000000001
2008,11,29,4,30,11.8,0,0,0,0,0,0,74.57000000000001
2008,11,29,5,30,11.3,0,0,0,0,0,0,80.12
2008,11,29,6,30,10.9,0,0,0,0,0,0,82.61
2008,11,29,7,30,10.5,0,0,0,0,0,0,83.17
2008,11,29,8,30,10.100000000000001,0,0,0,0,0,0,82.86
2008,11,29,9,30,9.5,0,0,0,0,0,0,83.65
2008,11,29,10,30,9.1,0,0,0,0,0,0,83.42
2008,11,29,11,30,8.8,0,0,0,0,0,0,82.82000000000001
2008,11,29,12,30,8.5,0,0,0,0,0,0,82.15
2008,11,29,13,30,9,14,27,333,333,14,27,76.94
2008,11,29,14,30,11.100000000000001,40,231,788,124,134,164,65.78
2008,11,29,15,30,14.200000000000001,49,449,941,440,182,368,48.79
2008,11,29,16,30,17,54,626,1007,452,230,487,35.230000000000004
2008,11,29,17,30,18.8,57,749,1044,140,383,476,28.51
2008,11,29,18,30,19.8,63,800,1050,428,322,622,24.95
2008,11,29,19,30,20,58,776,1050,1050,58,776,23.45
2008,11,29,20,30,19.700000000000003,53,676,1024,631,203,587,23.29
2008,11,29,21,30,18.7,50,523,979,573,173,449,23.82
2008,11,29,22,30,16.8,43,317,875,1,67,67,25.27
2008,11,29,23,30,14.3,26,94,598,138,47,62,30.09
2008,11,30,0,30,12.200000000000001,0,0,0,0,0,0,38.95
2008,11,30,1,30,10.8,0,0,0,0,0,0,48.230000000000004
2008,11,30,2,30,9.600000000000001,0,0,0,0,0,0,56.94
2008,11,30,3,30,8.4,0,0,0,0,0,0,64.39
2008,11,30,4,30,7.4,0,0,0,0,0,0,69.41
2008,11,30,5,30,6.5,0,0,0,0,0,0,73.34
2008,11,30,6,30,5.6000000000000005,0,0,0,0,0,0,77.15
2008,11,30,7,30,4.6000000000000005,0,0,0,0,0,0,81.13
2008,11,30,8,30,3.6,0,0,0,0,0,0,85.62
2008,11,30,9,30,2.8000000000000003,0,0,0,0,0,0,88.02
2008,11,30,10,30,2.2,0,0,0,0,0,0,87.55
2008,11,30,11,30,1.8,0,0,0,0,0,0,84.19
2008,11,30,12,30,1.7000000000000002,0,0,0,0,0,0,77.74
2008,11,30,13,30,3.6,13,27,391,391,13,27,62.95
2008,11,30,14,30,7.4,36,237,839,839,36,237,49.47
2008,11,30,15,30,11,46,457,976,976,46,457,37.800000000000004
2008,11,30,16,30,13.700000000000001,51,638,1038,1038,51,638,29.92
2008,11,30,17,30,15.600000000000001,53,753,1060,1060,53,753,25.26
2008,11,30,18,30,17.1,54,804,1071,1071,54,804,22.21
2008,11,30,19,30,18,55,782,1065,1065,55,782,20.54
2008,11,30,20,30,18.2,53,687,1043,1043,53,687,20.04
2008,11,30,21,30,17.7,48,528,996,996,48,528,20.48
2008,11,30,22,30,15.9,41,321,894,894,41,321,23.12
2008,11,30,23,30,12,25,96,624,624,25,96,35.09
2008,12,1,0,30,8.6,0,0,0,0,0,0,50.49
2008,12,1,1,30,7.300000000000001,0,0,0,0,0,0,53.25
2008,12,1,2,30,6.2,0,0,0,0,0,0,55.69
2008,12,1,3,30,5.2,0,0,0,0,0,0,57.800000000000004
2008,12,1,4,30,4.4,0,0,0,0,0,0,59.06
2008,12,1,5,30,3.8000000000000003,0,0,0,0,0,0,59.5
2008,12,1,6,30,3.4000000000000004,0,0,0,0,0,0,59.06
2008,12,1,7,30,3,0,0,0,0,0,0,58.620000000000005
2008,12,1,8,30,2.5,0,0,0,0,0,0,59.160000000000004
2008,12,1,9,30,1.9000000000000001,0,0,0,0,0,0,60.71
2008,12,1,10,30,1.3,0,0,0,0,0,0,62.63
2008,12,1,11,30,0.9,0,0,0,0,0,0,63.910000000000004
2008,12,1,12,30,1,0,0,0,0,0,0,63.07
2008,12,1,13,30,2.8000000000000003,13,26,386,386,13,26,55.33
2008,12,1,14,30,6.6000000000000005,37,238,843,843,37,238,48.230000000000004
2008,12,1,15,30,10.4,47,460,984,984,47,460,33.83
2008,12,1,16,30,13.4,53,642,1046,1046,53,642,25.400000000000002
2008,12,1,17,30,15.600000000000001,56,765,1076,1076,56,765,20.85
2008,12,1,18,30,17.3,58,817,1087,1087,58,817,17.43
2008,12,1,19,30,18.3,59,795,1081,1081,59,795,15.700000000000001
2008,12,1,20,30,18.7,56,699,1060,1060,56,699,14.870000000000001
2008,12,1,21,30,18.5,52,538,1011,1011,52,538,14.8
2008,12,1,22,30,16.7,43,328,911,911,43,328,16.91
2008,12,1,23,30,12.600000000000001,26,99,644,644,26,99,38.87
2008,12,2,0,30,9.1,0,0,0,0,0,0,44.81
2008,12,2,1,30,7.6000000000000005,0,0,0,0,0,0,46.61
2008,12,2,2,30,6.300000000000001,0,0,0,0,0,0,49.39
2008,12,2,3,30,5.2,0,0,0,0,0,0,52
2008,12,2,4,30,4.4,0,0,0,0,0,0,53.38
2008,12,2,5,30,4.1000000000000005,0,0,0,0,0,0,52.31
2008,12,2,6,30,4,0,0,0,0,0,0,49.870000000000005
2008,12,2,7,30,3.5,0,0,0,0,0,0,49.46
2008,12,2,8,30,2.8000000000000003,0,0,0,0,0,0,50.7
2008,12,2,9,30,2.3000000000000003,0,0,0,0,0,0,51.58
2008,12,2,10,30,2,0,0,0,0,0,0,51.77
2008,12,2,11,30,1.8,0,0,0,0,0,0,51.77
2008,12,2,12,30,1.7000000000000002,0,0,0,0,0,0,51.620000000000005
2008,12,2,13,30,3.7,13,24,381,381,13,24,44.9
2008,12,2,14,30,8,36,234,843,843,36,234,42.72
2008,12,2,15,30,12.9,46,456,985,985,46,456,26.38
2008,12,2,16,30,17.3,50,638,1048,1048,50,638,18.66
2008,12,2,17,30,20.400000000000002,54,761,1079,1079,54,761,11.59
2008,12,2,18,30,22,58,815,1087,1087,58,815,9.38
2008,12,2,19,30,22.900000000000002,57,793,1083,1083,57,793,8.89
2008,12,2,20,30,23.1,55,697,1062,1062,55,697,9.1
2008,12,2,21,30,22.6,49,537,1016,1016,49,537,9.73
2008,12,2,22,30,20.6,41,324,906,906,41,324,12.25
2008,12,2,23,30,17.7,25,98,642,642,25,98,28.830000000000002
2008,12,3,0,30,15.8,0,0,0,0,0,0,23.91
2008,12,3,1,30,14.100000000000001,0,0,0,0,0,0,25.6
2008,12,3,2,30,11.4,0,0,0,0,0,0,33.39
2008,12,3,3,30,8.8,0,0,0,0,0,0,45.06
2008,12,3,4,30,7.300000000000001,0,0,0,0,0,0,53.46
2008,12,3,5,30,6.5,0,0,0,0,0,0,59.06
2008,12,3,6,30,5.9,0,0,0,0,0,0,63.45
2008,12,3,7,30,5.5,0,0,0,0,0,0,64.44
2008,12,3,8,30,5.1000000000000005,0,0,0,0,0,0,63.480000000000004
2008,12,3,9,30,4.9,0,0,0,0,0,0,61.620000000000005
2008,12,3,10,30,5.1000000000000005,0,0,0,0,0,0,58.94
2008,12,3,11,30,5.4,0,0,0,0,0,0,57.25
2008,12,3,12,30,5.5,0,0,0,0,0,0,55.65
2008,12,3,13,30,7,12,22,344,0,9,9,49.58
2008,12,3,14,30,9.8,39,229,816,7,119,120,42.95
2008,12,3,15,30,13.100000000000001,52,445,949,455,174,362,33.76
2008,12,3,16,30,17,59,626,1016,467,276,537,26.310000000000002
2008,12,3,17,30,20,63,749,1048,308,336,537,19.09
2008,12,3,18,30,21.5,70,796,1045,376,327,589,16.5
2008,12,3,19,30,22.200000000000003,68,770,1036,246,365,532,15.42
2008,12,3,20,30,22.1,65,677,1013,240,312,457,15.33
2008,12,3,21,30,21.1,62,519,954,664,154,473,16.37
2008,12,3,22,30,18.400000000000002,51,312,835,63,168,187,21.31
2008,12,3,23,30,15.200000000000001,30,92,543,25,59,62,42.03
2008,12,4,0,30,13,0,0,0,0,0,0,47.82
2008,12,4,1,30,11.700000000000001,0,0,0,0,0,0,49.370000000000005
2008,12,4,2,30,11.200000000000001,0,0,0,0,0,0,47.19
2008,12,4,3,30,10.9,0,0,0,0,0,0,48.19
2008,12,4,4,30,10,0,0,0,0,0,0,49.45
2008,12,4,5,30,9.1,0,0,0,0,0,0,49.47
2008,12,4,6,30,8.700000000000001,0,0,0,0,0,0,47.42
2008,12,4,7,30,8.5,0,0,0,0,0,0,45.82
2008,12,4,8,30,8.200000000000001,0,0,0,0,0,0,44.54
2008,12,4,9,30,7.9,0,0,0,0,0,0,43.410000000000004
2008,12,4,10,30,7.6000000000000005,0,0,0,0,0,0,43.12
2008,12,4,11,30,7.300000000000001,0,0,0,0,0,0,42.88
2008,12,4,12,30,6.6000000000000005,0,0,0,0,0,0,44.04
2008,12,4,13,30,6.9,13,18,235,235,13,18,42.480000000000004
2008,12,4,14,30,9.3,44,215,745,745,44,215,43.410000000000004
2008,12,4,15,30,12.8,59,432,906,906,59,432,30.330000000000002
2008,12,4,16,30,15.9,67,610,976,976,67,610,26.36
2008,12,4,17,30,18,72,728,1006,1006,72,728,24.330000000000002
2008,12,4,18,30,19.400000000000002,75,780,1018,1018,75,780,23.92
2008,12,4,19,30,20.3,74,756,1008,1008,74,756,23.75
2008,12,4,20,30,20.700000000000003,71,664,983,983,71,664,23.82
2008,12,4,21,30,20.5,63,507,928,928,63,507,24.6
2008,12,4,22,30,18.900000000000002,51,306,817,817,51,306,27.88
2008,12,4,23,30,15.8,30,90,528,528,30,90,45.67
2008,12,5,0,30,13.4,0,0,0,0,0,0,49.620000000000005
2008,12,5,1,30,12.100000000000001,0,0,0,0,0,0,53.96
2008,12,5,2,30,10.600000000000001,0,0,0,0,0,0,59.64
2008,12,5,3,30,9.3,0,0,0,0,0,0,65.11
2008,12,5,4,30,8.4,0,0,0,0,0,0,69.38
2008,12,5,5,30,8.1,0,0,0,0,0,0,71.25
2008,12,5,6,30,7.9,0,0,0,0,0,0,73.72
2008,12,5,7,30,7,0,0,0,0,0,0,78.65
2008,12,5,8,30,6.2,0,0,0,0,0,0,82.73
2008,12,5,9,30,5.6000000000000005,0,0,0,0,0,0,86.09
2008,12,5,10,30,5.1000000000000005,0,0,0,0,0,0,88.5
2008,12,5,11,30,4.800000000000001,0,0,0,0,0,0,89.42
2008,12,5,12,30,4.7,0,0,0,0,0,0,88.69
2008,12,5,13,30,6.5,11,18,270,270,11,18,77.16
2008,12,5,14,30,10.3,39,212,766,766,39,212,61.28
2008,12,5,15,30,14.5,50,427,920,920,50,427,45.79
2008,12,5,16,30,17.8,57,604,989,989,57,604,34.06
2008,12,5,17,30,19.6,61,722,1018,1018,61,722,29.54
2008,12,5,18,30,20.900000000000002,62,774,1031,1031,62,774,26.71
2008,12,5,19,30,21.6,62,755,1026,1026,62,755,25.11
2008,12,5,20,30,21.700000000000003,60,662,998,998,60,662,24.73
2008,12,5,21,30,21.1,57,507,940,380,204,386,25.900000000000002
2008,12,5,22,30,19.1,47,307,834,365,136,250,30.44
2008,12,5,23,30,16,28,91,551,551,28,91,48.28
2008,12,6,0,30,13.8,0,0,0,0,0,0,56.38
2008,12,6,1,30,12.9,0,0,0,0,0,0,60
2008,12,6,2,30,12,0,0,0,0,0,0,64.52
2008,12,6,3,30,11.3,0,0,0,0,0,0,68.21000000000001
2008,12,6,4,30,10.600000000000001,0,0,0,0,0,0,72.22
2008,12,6,5,30,9.8,0,0,0,0,0,0,76.74
2008,12,6,6,30,8.9,0,0,0,0,0,0,81.88
2008,12,6,7,30,8,0,0,0,0,0,0,87.63
2008,12,6,8,30,7.300000000000001,0,0,0,0,0,0,92.27
2008,12,6,9,30,6.7,0,0,0,0,0,0,95.99000000000001
2008,12,6,10,30,6.300000000000001,0,0,0,0,0,0,98.09
2008,12,6,11,30,5.800000000000001,0,0,0,0,0,0,100
2008,12,6,12,30,5.7,0,0,0,0,0,0,100
2008,12,6,13,30,7.5,11,16,268,268,11,16,87.99
2008,12,6,14,30,11.200000000000001,37,206,756,756,37,206,68.89
2008,12,6,15,30,15.200000000000001,48,419,912,912,48,419,51.81
2008,12,6,16,30,18.2,54,594,980,980,54,594,39.77
2008,12,6,17,30,20,58,714,1013,1013,58,714,34.33
2008,12,6,18,30,21.200000000000003,65,767,1019,0,35,35,30.44
2008,12,6,19,30,21.8,64,748,1014,1014,64,748,27.71
2008,12,6,20,30,21.900000000000002,61,658,991,991,61,658,26.07
2008,12,6,21,30,21.3,55,506,942,534,175,431,25.97
2008,12,6,22,30,19.400000000000002,47,307,833,833,47,307,28.75
2008,12,6,23,30,15.600000000000001,28,93,562,562,28,93,42.02
2008,12,7,0,30,12.5,0,0,0,0,0,0,52.79
2008,12,7,1,30,11,0,0,0,0,0,0,55.26
2008,12,7,2,30,9.700000000000001,0,0,0,0,0,0,58.72
2008,12,7,3,30,8.6,0,0,0,0,0,0,61.45
2008,12,7,4,30,8,0,0,0,0,0,0,61.980000000000004
2008,12,7,5,30,7.9,0,0,0,0,0,0,59.84
2008,12,7,6,30,7.800000000000001,0,0,0,0,0,0,57.52
2008,12,7,7,30,7.300000000000001,0,0,0,0,0,0,57.660000000000004
2008,12,7,8,30,6.800000000000001,0,0,0,0,0,0,58.85
2008,12,7,9,30,6.5,0,0,0,0,0,0,59.68
2008,12,7,10,30,6.300000000000001,0,0,0,0,0,0,60.36
2008,12,7,11,30,5.9,0,0,0,0,0,0,62.27
2008,12,7,12,30,5.4,0,0,0,0,0,0,65.32000000000001
2008,12,7,13,30,6.6000000000000005,11,15,248,248,11,15,61.65
2008,12,7,14,30,9.9,40,208,758,758,40,208,55.42
2008,12,7,15,30,13.9,53,423,914,914,53,423,44.86
2008,12,7,16,30,17.6,60,599,982,529,247,538,36.410000000000004
2008,12,7,17,30,20,64,720,1016,1016,64,720,28.72
2008,12,7,18,30,21.400000000000002,66,774,1028,1028,66,774,24.54
2008,12,7,19,30,22.200000000000003,66,755,1024,1024,66,755,22.62
2008,12,7,20,30,22.5,62,665,1002,618,198,570,21.64
2008,12,7,21,30,22.200000000000003,56,512,952,952,56,512,21.56
2008,12,7,22,30,20.700000000000003,47,312,847,378,130,248,23.38
2008,12,7,23,30,17.8,28,94,569,21,56,59,40.08
2008,12,8,0,30,15.3,0,0,0,0,0,0,44.67
2008,12,8,1,30,14.100000000000001,0,0,0,0,0,0,48.11
2008,12,8,2,30,13.200000000000001,0,0,0,0,0,0,51.95
2008,12,8,3,30,12.3,0,0,0,0,0,0,55.620000000000005
2008,12,8,4,30,11.5,0,0,0,0,0,0,59.550000000000004
2008,12,8,5,30,10.9,0,0,0,0,0,0,63.2
2008,12,8,6,30,10.5,0,0,0,0,0,0,68.67
2008,12,8,7,30,10.3,0,0,0,0,0,0,75.72
2008,12,8,8,30,9.9,0,0,0,0,0,0,84.95
2008,12,8,9,30,9.3,0,0,0,0,0,0,92.61
2008,12,8,10,30,8.6,0,0,0,0,0,0,97.56
2008,12,8,11,30,8.1,0,0,0,0,0,0,99.5
2008,12,8,12,30,7.800000000000001,0,0,0,0,0,0,99.2
2008,12,8,13,30,9,0,0,0,0,0,0,88.47
2008,12,8,14,30,11.700000000000001,37,205,764,764,37,205,71.53
2008,12,8,15,30,15.4,47,418,922,922,47,418,55.33
2008,12,8,16,30,18.900000000000002,53,596,992,992,53,596,36.97
2008,12,8,17,30,21,56,717,1025,1025,56,717,27.51
2008,12,8,18,30,22.1,63,772,1032,1032,63,772,23.06
2008,12,8,19,30,22.200000000000003,60,753,1030,1030,60,753,21.56
2008,12,8,20,30,21.400000000000002,57,663,1009,499,219,519,22.2
2008,12,8,21,30,20.3,54,512,957,338,223,384,23.94
2008,12,8,22,30,18.6,45,312,852,137,158,201,27.39
2008,12,8,23,30,15.100000000000001,27,96,590,51,64,70,38.52
2008,12,9,0,30,12.3,0,0,0,0,0,0,50.34
2008,12,9,1,30,11.5,0,0,0,0,0,0,54.07
2008,12,9,2,30,10.9,0,0,0,0,0,0,60.28
2008,12,9,3,30,10.200000000000001,0,0,0,0,0,0,69.25
2008,12,9,4,30,9.5,0,0,0,0,0,0,77.11
2008,12,9,5,30,9,0,0,0,0,0,0,81.13
2008,12,9,6,30,8.6,0,0,0,0,0,0,82.72
2008,12,9,7,30,8.3,0,0,0,0,0,0,82.93
2008,12,9,8,30,7.9,0,0,0,0,0,0,83.72
2008,12,9,9,30,7.4,0,0,0,0,0,0,85.43
2008,12,9,10,30,6.9,0,0,0,0,0,0,87.87
2008,12,9,11,30,6.6000000000000005,0,0,0,0,0,0,89.47
2008,12,9,12,30,6.300000000000001,0,0,0,0,0,0,90.48
2008,12,9,13,30,7.300000000000001,0,0,0,0,0,0,83
2008,12,9,14,30,10.4,34,207,800,62,109,123,65.65
2008,12,9,15,30,14.3,44,424,952,156,200,263,47.43
2008,12,9,16,30,17.5,48,604,1020,1020,48,604,31.59
2008,12,9,17,30,19.400000000000002,50,727,1054,1054,50,727,25.91
2008,12,9,18,30,20.5,60,785,1058,647,228,671,23.72
2008,12,9,19,30,21,58,767,1056,487,264,591,23.11
2008,12,9,20,30,20.6,54,673,1030,322,282,476,24.23
2008,12,9,21,30,19.5,56,521,972,275,243,374,26.61
2008,12,9,22,30,17.7,45,319,873,65,151,172,30.96
2008,12,9,23,30,14.4,27,99,615,21,59,61,41.24
2008,12,10,0,30,11.700000000000001,0,0,0,0,0,0,54.02
2008,12,10,1,30,10.8,0,0,0,0,0,0,59.58
2008,12,10,2,30,10.100000000000001,0,0,0,0,0,0,65.12
2008,12,10,3,30,9.3,0,0,0,0,0,0,71.78
2008,12,10,4,30,8.5,0,0,0,0,0,0,79.15
2008,12,10,5,30,7.6000000000000005,0,0,0,0,0,0,86.61
2008,12,10,6,30,6.7,0,0,0,0,0,0,91.69
2008,12,10,7,30,5.5,0,0,0,0,0,0,92.11
2008,12,10,8,30,4.2,0,0,0,0,0,0,89.59
2008,12,10,9,30,2.9000000000000004,0,0,0,0,0,0,86.64
2008,12,10,10,30,1.8,0,0,0,0,0,0,83.83
2008,12,10,11,30,1,0,0,0,0,0,0,81.96000000000001
2008,12,10,12,30,0.30000000000000004,0,0,0,0,0,0,81.16
2008,12,10,13,30,0.30000000000000004,0,0,0,0,0,0,77.94
2008,12,10,14,30,1.6,49,199,696,696,49,199,67.7
2008,12,10,15,30,4,61,424,911,911,61,424,54.34
2008,12,10,16,30,6.6000000000000005,65,613,1010,1010,65,613,43.99
2008,12,10,17,30,8.9,65,747,1064,1064,65,747,35.94
2008,12,10,18,30,10.600000000000001,62,803,1083,1083,62,803,28.05
2008,12,10,19,30,11.5,58,784,1083,1083,58,784,22.77
2008,12,10,20,30,11.700000000000001,55,693,1064,1064,55,693,20.16
2008,12,10,21,30,11.200000000000001,51,538,1017,1017,51,538,19.78
2008,12,10,22,30,9.8,43,332,920,920,43,332,21.41
2008,12,10,23,30,6.4,27,105,663,663,27,105,30.27
2008,12,11,0,30,3.4000000000000004,0,0,0,0,0,0,47.97
2008,12,11,1,30,2.1,0,0,0,0,0,0,51.25
2008,12,11,2,30,1.1,0,0,0,0,0,0,53.52
2008,12,11,3,30,0.2,0,0,0,0,0,0,55.92
2008,12,11,4,30,-0.6000000000000001,0,0,0,0,0,0,58.15
2008,12,11,5,30,-1,0,0,0,0,0,0,58.53
2008,12,11,6,30,-1.4000000000000001,0,0,0,0,0,0,59.7
2008,12,11,7,30,-1.9000000000000001,0,0,0,0,0,0,61.370000000000005
2008,12,11,8,30,-2.3000000000000003,0,0,0,0,0,0,61.89
2008,12,11,9,30,-2.5,0,0,0,0,0,0,62.18
2008,12,11,10,30,-2.5,0,0,0,0,0,0,61.78
2008,12,11,11,30,-2.3000000000000003,0,0,0,0,0,0,60.78
2008,12,11,12,30,-2.1,0,0,0,0,0,0,60.27
2008,12,11,13,30,-0.4,0,0,0,0,0,0,53.31
2008,12,11,14,30,3.1,34,207,813,813,34,207,45.160000000000004
2008,12,11,15,30,6.7,44,427,967,967,44,427,32.02
2008,12,11,16,30,9.9,48,609,1036,1036,48,609,25.400000000000002
2008,12,11,17,30,12.700000000000001,52,735,1068,1068,52,735,21.37
2008,12,11,18,30,14.8,59,794,1075,1075,59,794,19.85
2008,12,11,19,30,16.2,58,770,1063,1063,58,770,19.64
2008,12,11,20,30,16.900000000000002,55,680,1042,1042,55,680,19.91
2008,12,11,21,30,16.7,49,527,997,997,49,527,20.7
2008,12,11,22,30,14.700000000000001,42,325,897,897,42,325,24.21
2008,12,11,23,30,11.100000000000001,27,102,631,631,27,102,44.76
2008,12,12,0,30,8.5,0,0,0,0,0,0,50.82
2008,12,12,1,30,7.300000000000001,0,0,0,0,0,0,52.39
2008,12,12,2,30,6.2,0,0,0,0,0,0,54.04
2008,12,12,3,30,5.4,0,0,0,0,0,0,55.1
2008,12,12,4,30,4.9,0,0,0,0,0,0,55.660000000000004
2008,12,12,5,30,4.6000000000000005,0,0,0,0,0,0,55.730000000000004
2008,12,12,6,30,4.4,0,0,0,0,0,0,55.09
2008,12,12,7,30,3.9000000000000004,0,0,0,0,0,0,55.86
2008,12,12,8,30,3.4000000000000004,0,0,0,0,0,0,57.59
2008,12,12,9,30,3,0,0,0,0,0,0,58.28
2008,12,12,10,30,2.6,0,0,0,0,0,0,56.730000000000004
2008,12,12,11,30,2.3000000000000003,0,0,0,0,0,0,56.300000000000004
2008,12,12,12,30,1.8,0,0,0,0,0,0,57.4
2008,12,12,13,30,3.4000000000000004,0,0,0,0,0,0,51.68
2008,12,12,14,30,7.1000000000000005,34,200,787,787,34,200,46.1
2008,12,12,15,30,11.600000000000001,44,416,947,947,44,416,32.660000000000004
2008,12,12,16,30,15.8,49,597,1016,1016,49,597,24.42
2008,12,12,17,30,18.5,53,722,1049,1049,53,722,20.36
2008,12,12,18,30,20.1,57,775,1053,1053,57,775,18.22
2008,12,12,19,30,21,57,759,1050,1050,57,759,16.96
2008,12,12,20,30,21.3,54,671,1029,1029,54,671,16.43
2008,12,12,21,30,20.900000000000002,49,520,982,522,182,432,16.72
2008,12,12,22,30,18.900000000000002,41,318,877,877,41,318,19.42
2008,12,12,23,30,14.8,26,100,616,32,61,65,42.47
2008,12,13,0,30,11.600000000000001,0,0,0,0,0,0,44.2
2008,12,13,1,30,10.100000000000001,0,0,0,0,0,0,46.11
2008,12,13,2,30,8.8,0,0,0,0,0,0,49.54
2008,12,13,3,30,7.6000000000000005,0,0,0,0,0,0,53.78
2008,12,13,4,30,6.800000000000001,0,0,0,0,0,0,57.28
2008,12,13,5,30,6.300000000000001,0,0,0,0,0,0,59.51
2008,12,13,6,30,5.9,0,0,0,0,0,0,61.18
2008,12,13,7,30,5.9,0,0,0,0,0,0,61.15
2008,12,13,8,30,6.1000000000000005,0,0,0,0,0,0,60.96
2008,12,13,9,30,6,0,0,0,0,0,0,61.35
2008,12,13,10,30,5.6000000000000005,0,0,0,0,0,0,61.93
2008,12,13,11,30,5.1000000000000005,0,0,0,0,0,0,62.71
2008,12,13,12,30,4.7,0,0,0,0,0,0,63.230000000000004
2008,12,13,13,30,6.1000000000000005,0,0,0,0,0,0,57.13
2008,12,13,14,30,9.600000000000001,39,195,750,2,85,85,46.65
2008,12,13,15,30,13.600000000000001,54,412,915,104,242,283,37.34
2008,12,13,16,30,16.8,63,594,987,987,63,594,30.650000000000002
2008,12,13,17,30,18.3,69,715,1015,1015,69,715,27.78
2008,12,13,18,30,18.900000000000002,72,771,1027,827,177,741,26.5
2008,12,13,19,30,19.400000000000002,71,756,1023,750,197,698,25.240000000000002
2008,12,13,20,30,19.5,67,668,1002,450,251,521,24.69
2008,12,13,21,30,19,59,518,957,77,249,286,25.12
2008,12,13,22,30,17.2,48,319,859,375,134,253,28.59
2008,12,13,23,30,13.700000000000001,28,101,599,21,61,63,40.9
2008,12,14,0,30,11.3,0,0,0,0,0,0,51.730000000000004
2008,12,14,1,30,10.5,0,0,0,0,0,0,55.370000000000005
2008,12,14,2,30,9.8,0,0,0,0,0,0,59.160000000000004
2008,12,14,3,30,8.8,0,0,0,0,0,0,64.51
2008,12,14,4,30,7.9,0,0,0,0,0,0,68.96000000000001
2008,12,14,5,30,7.6000000000000005,0,0,0,0,0,0,69.96000000000001
2008,12,14,6,30,7.5,0,0,0,0,0,0,68.25
2008,12,14,7,30,7.5,0,0,0,0,0,0,64.8
2008,12,14,8,30,7.6000000000000005,0,0,0,0,0,0,61.300000000000004
2008,12,14,9,30,7.6000000000000005,0,0,0,0,0,0,59.08
2008,12,14,10,30,7.5,0,0,0,0,0,0,57.65
2008,12,14,11,30,7.4,0,0,0,0,0,0,56.26
2008,12,14,12,30,7.1000000000000005,0,0,0,0,0,0,55.6
2008,12,14,13,30,7.9,0,0,0,0,0,0,50.69
2008,12,14,14,30,10.5,36,190,746,746,36,190,41.38
2008,12,14,15,30,14.4,48,402,910,910,48,402,31.060000000000002
2008,12,14,16,30,18.5,54,581,984,984,54,581,19.69
2008,12,14,17,30,21.3,56,704,1020,1020,56,704,15.200000000000001
2008,12,14,18,30,22.8,57,761,1035,1035,57,761,15.4
2008,12,14,19,30,23.400000000000002,56,746,1032,1032,56,746,16.8
2008,12,14,20,30,23.200000000000003,54,658,1006,1006,54,658,18.150000000000002
2008,12,14,21,30,22.200000000000003,51,511,956,956,51,511,20.02
2008,12,14,22,30,19.900000000000002,44,315,854,457,140,285,24.05
2008,12,14,23,30,16.3,28,100,594,7,62,63,35.2
2008,12,15,0,30,13.9,0,0,0,0,0,0,44.63
2008,12,15,1,30,13,0,0,0,0,0,0,47.550000000000004
2008,12,15,2,30,12.100000000000001,0,0,0,0,0,0,51.03
2008,12,15,3,30,11.3,0,0,0,0,0,0,54.44
2008,12,15,4,30,10.5,0,0,0,0,0,0,57.78
2008,12,15,5,30,9.700000000000001,0,0,0,0,0,0,60.480000000000004
2008,12,15,6,30,9.1,0,0,0,0,0,0,61.4
2008,12,15,7,30,8.5,0,0,0,0,0,0,61.49
2008,12,15,8,30,8.1,0,0,0,0,0,0,60.49
2008,12,15,9,30,7.9,0,0,0,0,0,0,59.42
2008,12,15,10,30,7.7,0,0,0,0,0,0,59.480000000000004
2008,12,15,11,30,7.6000000000000005,0,0,0,0,0,0,60.15
2008,12,15,12,30,7.5,0,0,0,0,0,0,61.71
2008,12,15,13,30,9,0,0,0,0,0,0,56.92
2008,12,15,14,30,12.3,36,184,725,142,106,135,49.67
2008,12,15,15,30,16.3,49,395,894,369,157,300,37.43
2008,12,15,16,30,20.1,55,573,969,578,179,488,29.52
2008,12,15,17,30,22.5,59,696,1005,1005,59,696,24.97
2008,12,15,18,30,23.8,62,753,1017,1017,62,753,23.85
2008,12,15,19,30,24.400000000000002,60,739,1016,581,229,617,23.95
2008,12,15,20,30,24.6,56,652,992,992,56,652,24.55
2008,12,15,21,30,24.1,55,508,940,573,161,437,25.92
2008,12,15,22,30,22.200000000000003,46,313,839,163,162,214,29.71
2008,12,15,23,30,18.7,28,100,579,265,55,88,48.550000000000004
2008,12,16,0,30,16,0,0,0,0,0,0,51.4
2008,12,16,1,30,14.5,0,0,0,0,0,0,55.15
2008,12,16,2,30,13.4,0,0,0,0,0,0,58.17
2008,12,16,3,30,12.3,0,0,0,0,0,0,61.35
2008,12,16,4,30,11.3,0,0,0,0,0,0,64.74
2008,12,16,5,30,10.3,0,0,0,0,0,0,69
2008,12,16,6,30,9.4,0,0,0,0,0,0,73.53
2008,12,16,7,30,8.700000000000001,0,0,0,0,0,0,77.31
2008,12,16,8,30,8.1,0,0,0,0,0,0,80.24
2008,12,16,9,30,7.6000000000000005,0,0,0,0,0,0,82.05
2008,12,16,10,30,7.4,0,0,0,0,0,0,81.74
2008,12,16,11,30,7.300000000000001,0,0,0,0,0,0,80.59
2008,12,16,12,30,7.4,0,0,0,0,0,0,78.75
2008,12,16,13,30,9.1,0,0,0,0,0,0,69.44
2008,12,16,14,30,12.8,36,188,751,751,36,188,56.31
2008,12,16,15,30,17.2,48,406,928,928,48,406,43.53
2008,12,16,16,30,21.3,55,589,1001,1001,55,589,30.84
2008,12,16,17,30,23.700000000000003,59,715,1037,1037,59,715,21.76
2008,12,16,18,30,24.8,64,775,1047,841,173,744,18.57
2008,12,16,19,30,25,64,761,1043,721,263,744,17.39
2008,12,16,20,30,24.5,62,672,1015,62,274,311,17.35
2008,12,16,21,30,23.3,57,522,967,967,57,522,18.61
2008,12,16,22,30,20.700000000000003,47,324,868,868,47,324,25.52
2008,12,16,23,30,17,29,105,614,614,29,105,44.62
2008,12,17,0,30,14.5,0,0,0,0,0,0,48.7
2008,12,17,1,30,13.200000000000001,0,0,0,0,0,0,51.6
2008,12,17,2,30,12,0,0,0,0,0,0,54.33
2008,12,17,3,30,11.100000000000001,0,0,0,0,0,0,56.57
2008,12,17,4,30,10.3,0,0,0,0,0,0,59.18
2008,12,17,5,30,9.600000000000001,0,0,0,0,0,0,61.92
2008,12,17,6,30,8.9,0,0,0,0,0,0,65.18
2008,12,17,7,30,8.4,0,0,0,0,0,0,67.64
2008,12,17,8,30,8,0,0,0,0,0,0,69.27
2008,12,17,9,30,7.800000000000001,0,0,0,0,0,0,69.11
2008,12,17,10,30,7.7,0,0,0,0,0,0,67.48
2008,12,17,11,30,7.6000000000000005,0,0,0,0,0,0,65.02
2008,12,17,12,30,7.6000000000000005,0,0,0,0,0,0,61.65
2008,12,17,13,30,9.1,0,0,0,0,0,0,52.93
2008,12,17,14,30,12.600000000000001,40,186,731,731,40,186,47.88
2008,12,17,15,30,17,55,403,907,907,55,403,32.49
2008,12,17,16,30,20.8,64,586,983,983,64,586,24.29
2008,12,17,17,30,23.200000000000003,69,714,1020,1020,69,714,19.150000000000002
2008,12,17,18,30,24.400000000000002,71,769,1029,1029,71,769,17.3
2008,12,17,19,30,25,72,755,1024,1024,72,755,16.45
2008,12,17,20,30,25,69,670,1000,1000,69,670,16.38
2008,12,17,21,30,24.5,64,518,942,474,197,425,16.96
2008,12,17,22,30,22.200000000000003,53,320,833,420,136,270,20.25
2008,12,17,23,30,18.3,32,103,561,561,32,103,41.36
2008,12,18,0,30,15.3,0,0,0,0,0,0,44.230000000000004
2008,12,18,1,30,13.700000000000001,0,0,0,0,0,0,48.65
2008,12,18,2,30,12.5,0,0,0,0,0,0,53.18
2008,12,18,3,30,11.5,0,0,0,0,0,0,57.61
2008,12,18,4,30,10.700000000000001,0,0,0,0,0,0,62.08
2008,12,18,5,30,10,0,0,0,0,0,0,66.32000000000001
2008,12,18,6,30,9.3,0,0,0,0,0,0,69.63
2008,12,18,7,30,8.8,0,0,0,0,0,0,70.7
2008,12,18,8,30,8.4,0,0,0,0,0,0,70.22
2008,12,18,9,30,8.1,0,0,0,0,0,0,68.51
2008,12,18,10,30,7.9,0,0,0,0,0,0,66.63
2008,12,18,11,30,7.7,0,0,0,0,0,0,65.5
2008,12,18,12,30,7.6000000000000005,0,0,0,0,0,0,65.18
2008,12,18,13,30,9.200000000000001,0,0,0,0,0,0,58.81
2008,12,18,14,30,12.8,39,182,718,718,39,182,49.72
2008,12,18,15,30,16.7,54,398,897,897,54,398,39.88
2008,12,18,16,30,19.900000000000002,63,583,981,981,63,583,33.660000000000004
2008,12,18,17,30,21.700000000000003,67,710,1020,1020,67,710,28.29
2008,12,18,18,30,22.8,69,770,1033,1033,69,770,25.16
2008,12,18,19,30,23.3,68,758,1033,1033,68,758,23.47
2008,12,18,20,30,23.200000000000003,65,670,1006,1006,65,670,22.91
2008,12,18,21,30,22.400000000000002,58,522,960,960,58,522,23.42
2008,12,18,22,30,20.200000000000003,48,325,862,862,48,325,26.66
2008,12,18,23,30,16.1,29,108,617,617,29,108,40.7
2008,12,19,0,30,13,0,0,0,0,0,0,51.56
2008,12,19,1,30,11.8,0,0,0,0,0,0,54.63
2008,12,19,2,30,10.9,0,0,0,0,0,0,57.07
2008,12,19,3,30,10.200000000000001,0,0,0,0,0,0,58.97
2008,12,19,4,30,9.600000000000001,0,0,0,0,0,0,60.79
2008,12,19,5,30,9,0,0,0,0,0,0,62.82
2008,12,19,6,30,8.4,0,0,0,0,0,0,64.61
2008,12,19,7,30,7.9,0,0,0,0,0,0,64.97
2008,12,19,8,30,7.4,0,0,0,0,0,0,64.36
2008,12,19,9,30,7,0,0,0,0,0,0,63.410000000000004
2008,12,19,10,30,6.800000000000001,0,0,0,0,0,0,62.45
2008,12,19,11,30,6.6000000000000005,0,0,0,0,0,0,62.64
2008,12,19,12,30,6.6000000000000005,0,0,0,0,0,0,62.84
2008,12,19,13,30,8.5,0,0,0,0,0,0,56.1
2008,12,19,14,30,12.700000000000001,34,185,770,770,34,185,49.17
2008,12,19,15,30,17.1,45,403,939,939,45,403,36.480000000000004
2008,12,19,16,30,20.8,52,587,1012,1012,52,587,26.57
2008,12,19,17,30,22.8,57,712,1040,1040,57,712,20.53
2008,12,19,18,30,24,62,773,1050,1050,62,773,18.01
2008,12,19,19,30,24.700000000000003,62,761,1047,1047,62,761,16.66
2008,12,19,20,30,24.700000000000003,61,677,1025,1025,61,677,16.42
2008,12,19,21,30,24.200000000000003,55,526,972,972,55,526,17.06
2008,12,19,22,30,21.900000000000002,47,329,873,873,47,329,19.990000000000002
2008,12,19,23,30,18.2,30,110,620,620,30,110,40.19
2008,12,20,0,30,15.5,0,0,0,0,0,0,41.86
2008,12,20,1,30,13.9,0,0,0,0,0,0,45.72
2008,12,20,2,30,12.5,0,0,0,0,0,0,50.43
2008,12,20,3,30,11.4,0,0,0,0,0,0,54.11
2008,12,20,4,30,10.4,0,0,0,0,0,0,57.58
2008,12,20,5,30,9.600000000000001,0,0,0,0,0,0,60.18
2008,12,20,6,30,9,0,0,0,0,0,0,61.85
2008,12,20,7,30,8.5,0,0,0,0,0,0,62.92
2008,12,20,8,30,8.1,0,0,0,0,0,0,63.4
2008,12,20,9,30,7.7,0,0,0,0,0,0,63.92
2008,12,20,10,30,7.4,0,0,0,0,0,0,64.12
2008,12,20,11,30,7.1000000000000005,0,0,0,0,0,0,64.02
2008,12,20,12,30,6.800000000000001,0,0,0,0,0,0,63.49
2008,12,20,13,30,8.4,0,0,0,0,0,0,55.22
2008,12,20,14,30,12.200000000000001,39,180,725,725,39,180,47.14
2008,12,20,15,30,16.5,54,398,906,906,54,398,32.86
2008,12,20,16,30,20.700000000000003,62,582,985,985,62,582,24.32
2008,12,20,17,30,23.1,68,711,1021,718,251,703,19.580000000000002
2008,12,20,18,30,24,71,772,1035,1035,71,772,18.29
2008,12,20,19,30,24.400000000000002,70,760,1033,1033,70,760,17.3
2008,12,20,20,30,24.3,68,676,1010,1010,68,676,16.88
2008,12,20,21,30,23.8,61,529,964,964,61,529,17.03
2008,12,20,22,30,21.700000000000003,51,331,863,863,51,331,19.900000000000002
2008,12,20,23,30,18.5,32,111,608,1,57,57,39.71
2008,12,21,0,30,16.1,0,0,0,0,0,0,38
2008,12,21,1,30,14.8,0,0,0,0,0,0,39.99
2008,12,21,2,30,13.9,0,0,0,0,0,0,41.08
2008,12,21,3,30,13.3,0,0,0,0,0,0,41.230000000000004
2008,12,21,4,30,12.9,0,0,0,0,0,0,41.04
2008,12,21,5,30,12.200000000000001,0,0,0,0,0,0,42.12
2008,12,21,6,30,11.3,0,0,0,0,0,0,44.46
2008,12,21,7,30,10.3,0,0,0,0,0,0,46.58
2008,12,21,8,30,9.4,0,0,0,0,0,0,48.56
2008,12,21,9,30,8.700000000000001,0,0,0,0,0,0,49.78
2008,12,21,10,30,8.200000000000001,0,0,0,0,0,0,50.7
2008,12,21,11,30,7.800000000000001,0,0,0,0,0,0,51.300000000000004
2008,12,21,12,30,7.4,0,0,0,0,0,0,51.620000000000005
2008,12,21,13,30,8.9,0,0,0,0,0,0,45.85
2008,12,21,14,30,12.5,36,178,731,731,36,178,43.56
2008,12,21,15,30,16.8,50,394,911,911,50,394,28.66
2008,12,21,16,30,20.400000000000002,57,578,988,988,57,578,21.92
2008,12,21,17,30,22.400000000000002,61,706,1027,1027,61,706,18.37
2008,12,21,18,30,23.5,62,768,1042,1042,62,768,17.1
2008,12,21,19,30,24,63,757,1038,1038,63,757,16.4
2008,12,21,20,30,24,60,671,1013,1013,60,671,16.12
2008,12,21,21,30,23.6,56,525,965,965,56,525,16.31
2008,12,21,22,30,21.900000000000002,47,329,867,867,47,329,18.32
2008,12,21,23,30,18.8,30,112,616,616,30,112,35.74
2008,12,22,0,30,15.8,0,0,0,0,0,0,37.44
2008,12,22,1,30,13.8,0,0,0,0,0,0,42.49
2008,12,22,2,30,12.200000000000001,0,0,0,0,0,0,45.980000000000004
2008,12,22,3,30,10.9,0,0,0,0,0,0,48.64
2008,12,22,4,30,9.600000000000001,0,0,0,0,0,0,53.15
2008,12,22,5,30,8.5,0,0,0,0,0,0,62.57
2008,12,22,6,30,7.7,0,0,0,0,0,0,75.36
2008,12,22,7,30,7.5,0,0,0,0,0,0,84.36
2008,12,22,8,30,7.5,0,0,0,0,0,0,87.91
2008,12,22,9,30,7.300000000000001,0,0,0,0,0,0,90.02
2008,12,22,10,30,7.2,0,0,0,0,0,0,90.97
2008,12,22,11,30,7.1000000000000005,0,0,0,0,0,0,91.46000000000001
2008,12,22,12,30,6.9,0,0,0,0,0,0,91.76
2008,12,22,13,30,7.4,0,0,0,0,0,0,87.55
2008,12,22,14,30,9.4,38,173,700,700,38,173,75.12
2008,12,22,15,30,12.5,53,390,894,894,53,390,59.17
2008,12,22,16,30,15.8,60,573,976,976,60,573,43.87
2008,12,22,17,30,18.400000000000002,65,702,1014,1014,65,702,32.93
2008,12,22,18,30,20.1,67,764,1029,1029,67,764,27.66
2008,12,22,19,30,20.900000000000002,68,753,1024,1024,68,753,25.19
2008,12,22,20,30,20.8,66,668,996,996,66,668,24.54
2008,12,22,21,30,19.8,61,523,946,946,61,523,25.93
2008,12,22,22,30,17.900000000000002,52,327,842,842,52,327,30.05
2008,12,22,23,30,15.100000000000001,32,111,586,586,32,111,40.36
2008,12,23,0,30,12.9,0,0,0,0,0,0,50.25
2008,12,23,1,30,11.8,0,0,0,0,0,0,54.68
2008,12,23,2,30,10.9,0,0,0,0,0,0,58.64
2008,12,23,3,30,10.100000000000001,0,0,0,0,0,0,62.52
2008,12,23,4,30,9.3,0,0,0,0,0,0,67.53
2008,12,23,5,30,8.5,0,0,0,0,0,0,73.51
2008,12,23,6,30,8,0,0,0,0,0,0,79.02
2008,12,23,7,30,7.7,0,0,0,0,0,0,84.76
2008,12,23,8,30,7.5,0,0,0,0,0,0,91.32000000000001
2008,12,23,9,30,7.5,0,0,0,0,0,0,95.47
2008,12,23,10,30,7.800000000000001,0,0,0,0,0,0,95.85000000000001
2008,12,23,11,30,7.9,0,0,0,0,0,0,96.28
2008,12,23,12,30,7.9,0,0,0,0,0,0,96.66
2008,12,23,13,30,8.700000000000001,0,0,0,0,0,0,91.34
2008,12,23,14,30,11.200000000000001,43,170,667,667,43,170,77.48
2008,12,23,15,30,14.200000000000001,57,387,880,880,57,387,60.39
2008,12,23,16,30,16.5,64,569,962,962,64,569,46.480000000000004
2008,12,23,17,30,18.2,69,699,1004,1004,69,699,38.4
2008,12,23,18,30,19.200000000000003,71,758,1014,1014,71,758,34.79
2008,12,23,19,30,19.700000000000003,70,748,1013,1013,70,748,33.04
2008,12,23,20,30,19.700000000000003,67,665,989,989,67,665,32.34
2008,12,23,21,30,19.200000000000003,60,521,944,944,60,521,32.730000000000004
2008,12,23,22,30,17.7,51,328,843,843,51,328,35.480000000000004
2008,12,23,23,30,15.100000000000001,32,113,589,589,32,113,43.69
2008,12,24,0,30,12.9,0,0,0,0,0,0,54.85
2008,12,24,1,30,11.600000000000001,0,0,0,0,0,0,60.95
2008,12,24,2,30,10.5,0,0,0,0,0,0,66.44
2008,12,24,3,30,9.4,0,0,0,0,0,0,73.55
2008,12,24,4,30,8.3,0,0,0,0,0,0,83.04
2008,12,24,5,30,7.6000000000000005,0,0,0,0,0,0,91.10000000000001
2008,12,24,6,30,7.2,0,0,0,0,0,0,95.81
2008,12,24,7,30,6.800000000000001,0,0,0,0,0,0,96.59
2008,12,24,8,30,6.300000000000001,0,0,0,0,0,0,95.12
2008,12,24,9,30,5.7,0,0,0,0,0,0,94.02
2008,12,24,10,30,5.1000000000000005,0,0,0,0,0,0,93.81
2008,12,24,11,30,4.7,0,0,0,0,0,0,93.15
2008,12,24,12,30,4.4,0,0,0,0,0,0,92.25
2008,12,24,13,30,5.800000000000001,0,0,0,0,0,0,81.58
2008,12,24,14,30,9.200000000000001,35,173,730,45,108,117,63.83
2008,12,24,15,30,13.200000000000001,49,388,904,904,49,388,49.730000000000004
2008,12,24,16,30,16.8,57,572,982,982,57,572,33.62
2008,12,24,17,30,18.8,62,702,1020,550,285,630,26.1
2008,12,24,18,30,20.1,65,765,1034,421,299,584,22.3
2008,12,24,19,30,20.6,65,753,1026,1026,65,753,20.46
2008,12,24,20,30,20.5,63,673,1005,1005,63,673,20.11
2008,12,24,21,30,19.900000000000002,57,528,961,961,57,528,20.81
2008,12,24,22,30,18.2,47,334,867,867,47,334,24.57
2008,12,24,23,30,15.4,30,117,630,630,30,117,45.1
2008,12,25,0,30,13.4,0,0,0,0,0,0,42.2
2008,12,25,1,30,12.5,0,0,0,0,0,0,41.96
2008,12,25,2,30,12.100000000000001,0,0,0,0,0,0,41.25
2008,12,25,3,30,11.4,0,0,0,0,0,0,42.02
2008,12,25,4,30,10.3,0,0,0,0,0,0,44.86
2008,12,25,5,30,9.1,0,0,0,0,0,0,48.58
2008,12,25,6,30,7.800000000000001,0,0,0,0,0,0,53.31
2008,12,25,7,30,6.800000000000001,0,0,0,0,0,0,57.5
2008,12,25,8,30,6.1000000000000005,0,0,0,0,0,0,61.13
2008,12,25,9,30,5.800000000000001,0,0,0,0,0,0,63.43
2008,12,25,10,30,5.5,0,0,0,0,0,0,65.55
2008,12,25,11,30,5.300000000000001,0,0,0,0,0,0,67.1
2008,12,25,12,30,5.300000000000001,0,0,0,0,0,0,67.71000000000001
2008,12,25,13,30,7.300000000000001,0,0,0,0,0,0,59.76
2008,12,25,14,30,11.4,34,169,723,723,34,169,49.300000000000004
2008,12,25,15,30,15.700000000000001,48,384,903,903,48,384,38.08
2008,12,25,16,30,18.8,56,568,978,978,56,568,31.96
2008,12,25,17,30,20.400000000000002,61,698,1016,1016,61,698,28.57
2008,12,25,18,30,21.5,64,762,1030,1030,64,762,26.35
2008,12,25,19,30,22.1,64,751,1024,1024,64,751,24.85
2008,12,25,20,30,22.1,61,671,1005,1005,61,671,24.2
2008,12,25,21,30,21.6,55,528,961,961,55,528,24.63
2008,12,25,22,30,19.700000000000003,45,335,870,870,45,335,27.810000000000002
2008,12,25,23,30,15.9,29,119,639,639,29,119,42.92
2008,12,26,0,30,12.9,0,0,0,0,0,0,52.09
2008,12,26,1,30,11.8,0,0,0,0,0,0,54.65
2008,12,26,2,30,10.9,0,0,0,0,0,0,57.52
2008,12,26,3,30,10.200000000000001,0,0,0,0,0,0,60.29
2008,12,26,4,30,9.5,0,0,0,0,0,0,63.620000000000005
2008,12,26,5,30,8.8,0,0,0,0,0,0,67.26
2008,12,26,6,30,8.200000000000001,0,0,0,0,0,0,70.64
2008,12,26,7,30,7.800000000000001,0,0,0,0,0,0,72.62
2008,12,26,8,30,7.300000000000001,0,0,0,0,0,0,73.11
2008,12,26,9,30,7,0,0,0,0,0,0,70.54
2008,12,26,10,30,6.800000000000001,0,0,0,0,0,0,67.53
2008,12,26,11,30,6.800000000000001,0,0,0,0,0,0,66.32000000000001
2008,12,26,12,30,6.9,0,0,0,0,0,0,67.61
2008,12,26,13,30,8.4,0,0,0,0,0,0,64.06
2008,12,26,14,30,11.5,37,167,699,105,100,120,55.96
2008,12,26,15,30,14.9,51,382,888,888,51,382,46.72
2008,12,26,16,30,17.8,60,563,963,963,60,563,37.4
2008,12,26,17,30,19.5,65,691,998,998,65,691,33.36
2008,12,26,18,30,20.200000000000003,68,752,1010,1010,68,752,32.13
2008,12,26,19,30,20.1,67,742,1006,1006,67,742,32.95
2008,12,26,20,30,19.3,65,664,984,984,65,664,35.2
2008,12,26,21,30,18.6,58,522,941,941,58,522,37.12
2008,12,26,22,30,17.6,46,333,856,856,46,333,39.56
2008,12,26,23,30,14.9,29,119,631,631,29,119,47.35
2008,12,27,0,30,12.200000000000001,0,0,0,0,0,0,58.09
2008,12,27,1,30,11,0,0,0,0,0,0,63.35
2008,12,27,2,30,10,0,0,0,0,0,0,68.47
2008,12,27,3,30,9.3,0,0,0,0,0,0,73.23
2008,12,27,4,30,8.700000000000001,0,0,0,0,0,0,78.05
2008,12,27,5,30,8.1,0,0,0,0,0,0,82.2
2008,12,27,6,30,7.7,0,0,0,0,0,0,83.74
2008,12,27,7,30,7.4,0,0,0,0,0,0,83.9
2008,12,27,8,30,7,0,0,0,0,0,0,84.73
2008,12,27,9,30,6.6000000000000005,0,0,0,0,0,0,86.24
2008,12,27,10,30,6.300000000000001,0,0,0,0,0,0,87.65
2008,12,27,11,30,6,0,0,0,0,0,0,89.46000000000001
2008,12,27,12,30,5.9,0,0,0,0,0,0,90.25
2008,12,27,13,30,7,0,0,0,0,0,0,83.46000000000001
2008,12,27,14,30,10.200000000000001,33,166,717,26,90,95,66.61
2008,12,27,15,30,14.5,44,380,904,904,44,380,47.980000000000004
2008,12,27,16,30,17.900000000000002,51,564,982,982,51,564,34.410000000000004
2008,12,27,17,30,20,55,692,1016,1016,55,692,29.35
2008,12,27,18,30,21.5,58,757,1031,1031,58,757,26.77
2008,12,27,19,30,22.1,59,747,1024,1024,59,747,25.94
2008,12,27,20,30,22.200000000000003,57,669,1004,1004,57,669,25.89
2008,12,27,21,30,21.6,49,526,965,965,49,526,27.11
2008,12,27,22,30,19.8,40,334,872,872,40,334,30.830000000000002
2008,12,27,23,30,16.1,27,121,649,649,27,121,43.14
2008,12,28,0,30,13.100000000000001,0,0,0,0,0,0,55
2008,12,28,1,30,11.9,0,0,0,0,0,0,59.32
2008,12,28,2,30,10.9,0,0,0,0,0,0,63.85
2008,12,28,3,30,9.8,0,0,0,0,0,0,69.76
2008,12,28,4,30,8.9,0,0,0,0,0,0,75.7
2008,12,28,5,30,8,0,0,0,0,0,0,82.92
2008,12,28,6,30,7.300000000000001,0,0,0,0,0,0,89.65
2008,12,28,7,30,6.7,0,0,0,0,0,0,95.91
2008,12,28,8,30,6.2,0,0,0,0,0,0,100
2008,12,28,9,30,5.7,0,0,0,0,0,0,100
2008,12,28,10,30,5.4,0,0,0,0,0,0,100
2008,12,28,11,30,5.300000000000001,0,0,0,0,0,0,98.2
2008,12,28,12,30,5.4,0,0,0,0,0,0,93.74
2008,12,28,13,30,6.7,0,0,0,0,0,0,82.91
2008,12,28,14,30,9.200000000000001,34,167,722,722,34,167,69.79
2008,12,28,15,30,13.100000000000001,47,383,909,909,47,383,53.69
2008,12,28,16,30,17.2,54,567,983,983,54,567,37.37
2008,12,28,17,30,19.700000000000003,58,698,1022,1022,58,698,29.05
2008,12,28,18,30,21,60,764,1038,1038,60,764,25.72
2008,12,28,19,30,21.700000000000003,59,754,1032,1032,59,754,23.91
2008,12,28,20,30,21.6,58,677,1012,1012,58,677,23.61
2008,12,28,21,30,20.900000000000002,53,532,964,964,53,532,24.45
2008,12,28,22,30,19.3,46,340,870,447,136,287,28.19
2008,12,28,23,30,17.1,31,124,637,0,43,43,45.08
2008,12,29,0,30,15.200000000000001,0,0,0,0,0,0,43.160000000000004
2008,12,29,1,30,13.200000000000001,0,0,0,0,0,0,48.25
2008,12,29,2,30,10.9,0,0,0,0,0,0,54.65
2008,12,29,3,30,9.200000000000001,0,0,0,0,0,0,58.050000000000004
2008,12,29,4,30,8.1,0,0,0,0,0,0,59.57
2008,12,29,5,30,7.300000000000001,0,0,0,0,0,0,61.06
2008,12,29,6,30,6.800000000000001,0,0,0,0,0,0,62.13
2008,12,29,7,30,6.5,0,0,0,0,0,0,62.96
2008,12,29,8,30,6.4,0,0,0,0,0,0,64.58
2008,12,29,9,30,6.2,0,0,0,0,0,0,68.55
2008,12,29,10,30,5.9,0,0,0,0,0,0,74.26
2008,12,29,11,30,5.800000000000001,0,0,0,0,0,0,79.54
2008,12,29,12,30,6.1000000000000005,0,0,0,0,0,0,83.77
2008,12,29,13,30,7.1000000000000005,0,0,0,0,0,0,83.5
2008,12,29,14,30,8.9,63,141,432,19,102,106,78.5
2008,12,29,15,30,11,91,349,698,0,96,96,72.56
2008,12,29,16,30,13,100,532,829,52,299,326,65.01
2008,12,29,17,30,14.700000000000001,103,665,896,137,386,471,58.27
2008,12,29,18,30,16,94,734,943,371,297,549,53.21
2008,12,29,19,30,17,92,727,943,126,350,434,49.67
2008,12,29,20,30,17.5,88,651,919,51,283,315,48.11
2008,12,29,21,30,17.400000000000002,77,513,874,63,244,275,48.19
2008,12,29,22,30,16.2,64,325,768,34,153,165,52.01
2008,12,29,23,30,14.3,40,117,515,92,79,92,63.910000000000004
2008,12,30,0,30,13.100000000000001,0,0,0,0,0,0,65.51
2008,12,30,1,30,12.5,0,0,0,0,0,0,67.24
2008,12,30,2,30,11.9,0,0,0,0,0,0,69.64
2008,12,30,3,30,10.9,0,0,0,0,0,0,75.32000000000001
2008,12,30,4,30,9.8,0,0,0,0,0,0,83.69
2008,12,30,5,30,8.9,0,0,0,0,0,0,92.07000000000001
2008,12,30,6,30,8.5,0,0,0,0,0,0,96.38
2008,12,30,7,30,8.5,0,0,0,0,0,0,95.63
2008,12,30,8,30,8.3,0,0,0,0,0,0,94.92
2008,12,30,9,30,8.1,0,0,0,0,0,0,94.29
2008,12,30,10,30,7.9,0,0,0,0,0,0,94.16
2008,12,30,11,30,7.7,0,0,0,0,0,0,94.51
2008,12,30,12,30,7.6000000000000005,0,0,0,0,0,0,94.62
2008,12,30,13,30,8.4,0,0,0,0,0,0,89.19
2008,12,30,14,30,10.4,44,156,617,12,79,82,77.81
2008,12,30,15,30,13.8,61,368,833,61,198,220,63.32
2008,12,30,16,30,17.8,71,553,926,489,206,461,49.2
2008,12,30,17,30,20.3,76,683,967,967,76,683,39.84
2008,12,30,18,30,21.200000000000003,81,746,979,633,220,650,36.6
2008,12,30,19,30,21,86,736,963,371,301,552,36.87
2008,12,30,20,30,19.900000000000002,90,655,921,357,283,503,40.18
2008,12,30,21,30,18.5,73,518,889,54,240,267,45.03
2008,12,30,22,30,17.2,63,329,777,777,63,329,50.38
2008,12,30,23,30,15.5,40,119,525,1,61,61,59.44
2008,12,31,0,30,13.9,0,0,0,0,0,0,66.3
2008,12,31,1,30,13,0,0,0,0,0,0,69.32000000000001
2008,12,31,2,30,12.3,0,0,0,0,0,0,71.67
2008,12,31,3,30,11.8,0,0,0,0,0,0,73.21000000000001
2008,12,31,4,30,11.3,0,0,0,0,0,0,75.48
2008,12,31,5,30,10.700000000000001,0,0,0,0,0,0,78.60000000000001
2008,12,31,6,30,10.100000000000001,0,0,0,0,0,0,81.99
2008,12,31,7,30,9.700000000000001,0,0,0,0,0,0,84.15
2008,12,31,8,30,9.200000000000001,0,0,0,0,0,0,86.81
2008,12,31,9,30,8.700000000000001,0,0,0,0,0,0,89.4
2008,12,31,10,30,8.4,0,0,0,0,0,0,90.64
2008,12,31,11,30,8.1,0,0,0,0,0,0,91.81
2008,12,31,12,30,8,0,0,0,0,0,0,91.79
2008,12,31,13,30,9.5,0,0,0,0,0,0,82.28
2008,12,31,14,30,12.8,41,154,623,623,41,154,66.8
2008,12,31,15,30,16.1,60,366,829,829,60,366,54.26
2008,12,31,16,30,18.3,71,549,918,536,189,468,43.550000000000004
2008,12,31,17,30,19,79,680,958,958,79,680,40.050000000000004
2008,12,31,18,30,19.400000000000002,75,748,989,749,173,683,38.18
2008,12,31,19,30,19.6,76,746,990,640,222,656,36.99
2008,12,31,20,30,19.5,73,670,968,968,73,670,36.56
2008,12,31,21,30,18.900000000000002,67,530,921,921,67,530,37.75
2008,12,31,22,30,17.7,56,340,823,638,112,331,40.730000000000004
2008,12,31,23,30,15.200000000000001,37,127,587,0,4,4,51.56
