Source,Location ID,City,State,Country,Latitude,Longitude,Time Zone,Elevation,Local Time Zone,Clearsky DHI Units,Clearsky DNI Units,Clearsky GHI Units,Dew Point Units,DHI Units,DNI Units,GHI Units,Solar Zenith Angle Units,Temperature Units,Pressure Units,Relative Humidity Units,Precipitable Water Units,Wind Direction Units,Wind Speed Units,Cloud Type -15,Cloud Type 0,Cloud Type 1,Cloud Type 2,Cloud Type 3,Cloud Type 4,Cloud Type 5,Cloud Type 6,Cloud Type 7,Cloud Type 8,Cloud Type 9,Cloud Type 10,Cloud Type 11,Cloud Type 12,Fill Flag 0,Fill Flag 1,Fill Flag 2,Fill Flag 3,Fill Flag 4,Fill Flag 5,Surface Albedo Units,Version
NSRDB,532813,-,-,-,19.41,-103.14,0,1182,-6,w/m2,w/m2,w/m2,c,w/m2,w/m2,w/m2,Degree,c,mbar,%,cm,Degrees,m/s,N/A,Clear,Probably Clear,Fog,Water,Super-Cooled Water,Mixed,Opaque Ice,Cirrus,Overlapping,Overshooting,Unknown,Dust,Smoke,N/A,Missing Image,Low Irradiance,Exceeds Clearsky,Missing CLoud Properties,Rayleigh Violation,N/A,4.0.1
Year,Month,Day,Hour,Minute,Temperature,Clearsky DHI,Clearsky GHI,Clearsky DNI,DNI,DHI,GHI,Relative Humidity
2008,1,1,0,30,20,0,0,0,0,0,0,66.69
2008,1,1,1,30,18.7,0,0,0,0,0,0,72.60000000000001
2008,1,1,2,30,17.900000000000002,0,0,0,0,0,0,76.46000000000001
2008,1,1,3,30,17.2,0,0,0,0,0,0,77.99
2008,1,1,4,30,16.5,0,0,0,0,0,0,77.92
2008,1,1,5,30,15.600000000000001,0,0,0,0,0,0,78.23
2008,1,1,6,30,14.600000000000001,0,0,0,0,0,0,78.05
2008,1,1,7,30,13.700000000000001,0,0,0,0,0,0,76.71000000000001
2008,1,1,8,30,13,0,0,0,0,0,0,74.11
2008,1,1,9,30,12.3,0,0,0,0,0,0,71.73
2008,1,1,10,30,11.700000000000001,0,0,0,0,0,0,69.57000000000001
2008,1,1,11,30,11.100000000000001,0,0,0,0,0,0,68.06
2008,1,1,12,30,10.8,0,0,0,0,0,0,66.18
2008,1,1,13,30,12.5,0,0,0,0,0,0,58.46
2008,1,1,14,30,16.1,46,195,681,681,46,195,45.32
2008,1,1,15,30,20.200000000000003,64,420,865,865,64,420,34.49
2008,1,1,16,30,24,75,611,943,943,75,611,32.55
2008,1,1,17,30,26.200000000000003,81,748,983,983,81,748,29.44
2008,1,1,18,30,27.400000000000002,84,814,996,996,84,814,27.45
2008,1,1,19,30,28.1,85,806,989,989,85,806,26.150000000000002
2008,1,1,20,30,28.200000000000003,84,725,962,962,84,725,25.87
2008,1,1,21,30,27.8,85,575,891,891,85,575,26.61
2008,1,1,22,30,26.1,74,378,785,785,74,378,30.46
2008,1,1,23,30,22.900000000000002,51,155,547,547,51,155,50.870000000000005
2008,1,2,0,30,20.200000000000003,0,0,0,0,0,0,61.54
2008,1,2,1,30,19.3,0,0,0,0,0,0,64.11
2008,1,2,2,30,18.3,0,0,0,0,0,0,65.79
2008,1,2,3,30,16.3,0,0,0,0,0,0,74.19
2008,1,2,4,30,14.5,0,0,0,0,0,0,77.8
2008,1,2,5,30,13.200000000000001,0,0,0,0,0,0,75.18
2008,1,2,6,30,12,0,0,0,0,0,0,70.61
2008,1,2,7,30,11.100000000000001,0,0,0,0,0,0,69.59
2008,1,2,8,30,10.3,0,0,0,0,0,0,69.05
2008,1,2,9,30,9.700000000000001,0,0,0,0,0,0,68.29
2008,1,2,10,30,9.1,0,0,0,0,0,0,68.33
2008,1,2,11,30,8.700000000000001,0,0,0,0,0,0,68.04
2008,1,2,12,30,8.3,0,0,0,0,0,0,67.79
2008,1,2,13,30,9.200000000000001,0,0,0,0,0,0,62.2
2008,1,2,14,30,11.9,55,183,592,592,55,183,51.550000000000004
2008,1,2,15,30,15.700000000000001,77,403,794,794,77,403,42.26
2008,1,2,16,30,19.200000000000003,89,592,885,885,89,592,36.82
2008,1,2,17,30,22,96,728,932,932,96,728,33.68
2008,1,2,18,30,24,99,797,952,952,99,797,32.03
2008,1,2,19,30,25.200000000000003,98,793,951,951,98,793,30.71
2008,1,2,20,30,25.700000000000003,95,715,929,929,95,715,30.04
2008,1,2,21,30,25.400000000000002,89,572,875,875,89,572,30.490000000000002
2008,1,2,22,30,23.8,75,377,773,773,75,377,33.81
2008,1,2,23,30,20.3,51,157,549,549,51,157,51.75
2008,1,3,0,30,17.3,0,0,0,0,0,0,61.7
2008,1,3,1,30,15.700000000000001,0,0,0,0,0,0,60.09
2008,1,3,2,30,14.200000000000001,0,0,0,0,0,0,57.480000000000004
2008,1,3,3,30,12.5,0,0,0,0,0,0,57.36
2008,1,3,4,30,11.100000000000001,0,0,0,0,0,0,57.82
2008,1,3,5,30,10,0,0,0,0,0,0,59.21
2008,1,3,6,30,9.3,0,0,0,0,0,0,60.32
2008,1,3,7,30,8.700000000000001,0,0,0,0,0,0,61.78
2008,1,3,8,30,8.200000000000001,0,0,0,0,0,0,63.52
2008,1,3,9,30,7.9,0,0,0,0,0,0,64.81
2008,1,3,10,30,7.6000000000000005,0,0,0,0,0,0,65.95
2008,1,3,11,30,7.4,0,0,0,0,0,0,66.8
2008,1,3,12,30,7.300000000000001,0,0,0,0,0,0,67.18
2008,1,3,13,30,8.4,0,0,0,0,0,0,61.980000000000004
2008,1,3,14,30,11.700000000000001,50,188,638,638,50,188,50.39
2008,1,3,15,30,16,70,412,835,835,70,412,41.1
2008,1,3,16,30,20.1,81,605,922,922,81,605,34.5
2008,1,3,17,30,23.3,87,742,966,966,87,742,30.42
2008,1,3,18,30,25.3,89,813,986,986,89,813,28.09
2008,1,3,19,30,26.400000000000002,89,809,985,985,89,809,26.53
2008,1,3,20,30,26.700000000000003,87,732,962,962,87,732,26.1
2008,1,3,21,30,26.3,83,586,907,907,83,586,26.77
2008,1,3,22,30,24.400000000000002,72,388,808,808,72,388,30.77
2008,1,3,23,30,20.700000000000003,50,164,588,588,50,164,51.93
2008,1,4,0,30,17.5,0,0,0,0,0,0,65.53
2008,1,4,1,30,16.1,0,0,0,0,0,0,68.83
2008,1,4,2,30,15.3,0,0,0,0,0,0,71.08
2008,1,4,3,30,14.8,0,0,0,0,0,0,70.73
2008,1,4,4,30,14,0,0,0,0,0,0,70.77
2008,1,4,5,30,13,0,0,0,0,0,0,72.26
2008,1,4,6,30,11.8,0,0,0,0,0,0,75.01
2008,1,4,7,30,10.8,0,0,0,0,0,0,77.32000000000001
2008,1,4,8,30,10,0,0,0,0,0,0,79.22
2008,1,4,9,30,9.4,0,0,0,0,0,0,80.26
2008,1,4,10,30,8.9,0,0,0,0,0,0,81.11
2008,1,4,11,30,8.4,0,0,0,0,0,0,82.35000000000001
2008,1,4,12,30,8.200000000000001,0,0,0,0,0,0,82.08
2008,1,4,13,30,9.600000000000001,0,0,0,0,0,0,74.15
2008,1,4,14,30,13.100000000000001,52,186,624,624,52,186,58.01
2008,1,4,15,30,17.8,72,411,827,827,72,411,45.800000000000004
2008,1,4,16,30,22.200000000000003,82,607,925,925,82,607,35.79
2008,1,4,17,30,24.700000000000003,88,747,971,971,88,747,30.09
2008,1,4,18,30,26.200000000000003,91,818,989,989,91,818,26.66
2008,1,4,19,30,27,91,815,988,988,91,815,24.68
2008,1,4,20,30,27.200000000000003,88,738,968,968,88,738,23.77
2008,1,4,21,30,26.700000000000003,83,592,914,914,83,592,23.77
2008,1,4,22,30,24.900000000000002,70,395,823,823,70,395,26.490000000000002
2008,1,4,23,30,21.3,48,169,614,614,48,169,46.51
2008,1,5,0,30,18.3,0,0,0,0,0,0,56.03
2008,1,5,1,30,16.7,0,0,0,0,0,0,60.63
2008,1,5,2,30,15.5,0,0,0,0,0,0,65.55
2008,1,5,3,30,14.700000000000001,0,0,0,0,0,0,68.41
2008,1,5,4,30,14.100000000000001,0,0,0,0,0,0,69.68
2008,1,5,5,30,13.8,0,0,0,0,0,0,69.21000000000001
2008,1,5,6,30,13.600000000000001,0,0,0,0,0,0,67.97
2008,1,5,7,30,13.200000000000001,0,0,0,0,0,0,67.34
2008,1,5,8,30,12.600000000000001,0,0,0,0,0,0,67.64
2008,1,5,9,30,11.9,0,0,0,0,0,0,69.24
2008,1,5,10,30,11.5,0,0,0,0,0,0,69.92
2008,1,5,11,30,11.3,0,0,0,0,0,0,70.04
2008,1,5,12,30,11.3,0,0,0,0,0,0,69.68
2008,1,5,13,30,13.200000000000001,0,0,0,0,0,0,63.17
2008,1,5,14,30,17.1,53,182,602,90,115,134,56.83
2008,1,5,15,30,20.6,75,405,805,584,142,381,44.61
2008,1,5,16,30,23.3,87,598,900,900,87,598,38.51
2008,1,5,17,30,25.1,94,737,946,946,94,737,34.26
2008,1,5,18,30,26.3,95,809,969,969,95,809,31.54
2008,1,5,19,30,26.900000000000002,95,807,969,969,95,807,30.29
2008,1,5,20,30,26.900000000000002,91,730,948,948,91,730,30.32
2008,1,5,21,30,26.200000000000003,84,587,901,676,178,555,31.59
2008,1,5,22,30,24.5,72,392,806,806,72,392,35.26
2008,1,5,23,30,20.8,50,167,588,351,93,163,54.480000000000004
2008,1,6,0,30,17.5,0,0,0,0,0,0,73.22
2008,1,6,1,30,16.2,0,0,0,0,0,0,78.39
2008,1,6,2,30,15.4,0,0,0,0,0,0,82.26
2008,1,6,3,30,14.9,0,0,0,0,0,0,84.03
2008,1,6,4,30,14.8,0,0,0,0,0,0,82.93
2008,1,6,5,30,14.600000000000001,0,0,0,0,0,0,82.45
2008,1,6,6,30,14.3,0,0,0,0,0,0,82.67
2008,1,6,7,30,13.9,0,0,0,0,0,0,83.55
2008,1,6,8,30,13.5,0,0,0,0,0,0,84.33
2008,1,6,9,30,13,0,0,0,0,0,0,85.65
2008,1,6,10,30,12.600000000000001,0,0,0,0,0,0,86.48
2008,1,6,11,30,12.100000000000001,0,0,0,0,0,0,87.93
2008,1,6,12,30,11.9,0,0,0,0,0,0,87.92
2008,1,6,13,30,13.600000000000001,0,0,0,0,0,0,78.05
2008,1,6,14,30,17.2,52,182,613,613,52,182,65.21000000000001
2008,1,6,15,30,21.3,72,406,815,815,72,406,49.47
2008,1,6,16,30,24.5,84,600,908,908,84,600,37.34
2008,1,6,17,30,26.1,90,742,958,958,90,742,32.15
2008,1,6,18,30,27,92,814,979,979,92,814,29.63
2008,1,6,19,30,27.400000000000002,92,812,979,979,92,812,28.21
2008,1,6,20,30,27.200000000000003,89,734,955,955,89,734,28.1
2008,1,6,21,30,26.5,81,591,910,910,81,591,29.05
2008,1,6,22,30,24.6,69,396,819,819,69,396,33.07
2008,1,6,23,30,20.900000000000002,48,172,617,617,48,172,52.67
2008,1,7,0,30,17.7,0,0,0,0,0,0,71.06
2008,1,7,1,30,16.400000000000002,0,0,0,0,0,0,75.27
2008,1,7,2,30,15.600000000000001,0,0,0,0,0,0,77.78
2008,1,7,3,30,15.100000000000001,0,0,0,0,0,0,78.41
2008,1,7,4,30,14.8,0,0,0,0,0,0,77.45
2008,1,7,5,30,14.600000000000001,0,0,0,0,0,0,75.74
2008,1,7,6,30,14.3,0,0,0,0,0,0,74.41
2008,1,7,7,30,13.9,0,0,0,0,0,0,73.78
2008,1,7,8,30,13.5,0,0,0,0,0,0,73.37
2008,1,7,9,30,13.200000000000001,0,0,0,0,0,0,72.83
2008,1,7,10,30,13,0,0,0,0,0,0,72.5
2008,1,7,11,30,12.8,0,0,0,0,0,0,72.81
2008,1,7,12,30,12.8,0,0,0,0,0,0,72.63
2008,1,7,13,30,14.4,0,0,0,0,0,0,66.56
2008,1,7,14,30,18.1,45,191,689,689,45,191,60.09
2008,1,7,15,30,22.1,62,419,874,874,62,419,43.03
2008,1,7,16,30,25,70,616,959,959,70,616,27.94
2008,1,7,17,30,26.400000000000002,75,755,998,998,75,755,22.91
2008,1,7,18,30,27.200000000000003,75,828,1018,1018,75,828,21.59
2008,1,7,19,30,27.400000000000002,76,826,1017,1017,76,826,21.52
2008,1,7,20,30,27.1,75,750,997,997,75,750,22.12
2008,1,7,21,30,26.3,69,605,952,952,69,605,23.41
2008,1,7,22,30,24.400000000000002,60,407,864,864,60,407,27.12
2008,1,7,23,30,20.700000000000003,43,181,674,674,43,181,47.19
2008,1,8,0,30,17.8,0,0,0,0,0,0,63.46
2008,1,8,1,30,16.900000000000002,0,0,0,0,0,0,64.42
2008,1,8,2,30,16.400000000000002,0,0,0,0,0,0,64.77
2008,1,8,3,30,16.1,0,0,0,0,0,0,63.96
2008,1,8,4,30,15.8,0,0,0,0,0,0,63.36
2008,1,8,5,30,15.600000000000001,0,0,0,0,0,0,62.660000000000004
2008,1,8,6,30,15.3,0,0,0,0,0,0,62
2008,1,8,7,30,14.9,0,0,0,0,0,0,61.85
2008,1,8,8,30,14.4,0,0,0,0,0,0,62.1
2008,1,8,9,30,13.700000000000001,0,0,0,0,0,0,62.690000000000005
2008,1,8,10,30,13.100000000000001,0,0,0,0,0,0,63.59
2008,1,8,11,30,12.8,0,0,0,0,0,0,62.89
2008,1,8,12,30,12.5,0,0,0,0,0,0,62.33
2008,1,8,13,30,13.700000000000001,0,0,0,0,0,0,57.65
2008,1,8,14,30,16.6,43,196,720,720,43,196,56.7
2008,1,8,15,30,20.1,59,427,901,901,59,427,36.81
2008,1,8,16,30,23.400000000000002,67,626,982,982,67,626,24.990000000000002
2008,1,8,17,30,25.3,72,766,1017,1017,72,766,19.2
2008,1,8,18,30,26.1,74,840,1035,1035,74,840,19.07
2008,1,8,19,30,26.5,74,839,1035,1035,74,839,19.11
2008,1,8,20,30,26.700000000000003,71,763,1019,1019,71,763,19.18
2008,1,8,21,30,26.400000000000002,66,619,979,979,66,619,19.72
2008,1,8,22,30,24.700000000000003,56,420,900,900,56,420,22.5
2008,1,8,23,30,21,41,189,717,717,41,189,43.77
2008,1,9,0,30,18.1,0,0,0,0,0,0,54.15
2008,1,9,1,30,17,0,0,0,0,0,0,54.34
2008,1,9,2,30,16.3,0,0,0,0,0,0,55.38
2008,1,9,3,30,15.700000000000001,0,0,0,0,0,0,56.53
2008,1,9,4,30,15.200000000000001,0,0,0,0,0,0,57.52
2008,1,9,5,30,14.8,0,0,0,0,0,0,57.800000000000004
2008,1,9,6,30,14.5,0,0,0,0,0,0,57.08
2008,1,9,7,30,14,0,0,0,0,0,0,57.39
2008,1,9,8,30,13.4,0,0,0,0,0,0,58.46
2008,1,9,9,30,12.9,0,0,0,0,0,0,59.13
2008,1,9,10,30,12.5,0,0,0,0,0,0,59.47
2008,1,9,11,30,11.8,0,0,0,0,0,0,61.230000000000004
2008,1,9,12,30,11.3,0,0,0,0,0,0,62.31
2008,1,9,13,30,13.200000000000001,0,0,0,0,0,0,55.35
2008,1,9,14,30,17.3,42,193,714,714,42,193,49.730000000000004
2008,1,9,15,30,21.6,57,423,896,896,57,423,32.05
2008,1,9,16,30,24.900000000000002,66,621,976,976,66,621,23.02
2008,1,9,17,30,26.400000000000002,71,761,1010,1010,71,761,20.41
2008,1,9,18,30,26.900000000000002,72,836,1030,1030,72,836,20.62
2008,1,9,19,30,26.900000000000002,72,835,1029,1029,72,835,21.31
2008,1,9,20,30,26.5,71,757,1007,1007,71,757,22.19
2008,1,9,21,30,25.6,66,615,967,967,66,615,23.79
2008,1,9,22,30,23.700000000000003,57,417,886,886,57,417,27.62
2008,1,9,23,30,19.900000000000002,42,189,703,703,42,189,45.29
2008,1,10,0,30,16.900000000000002,0,0,0,0,0,0,62.6
2008,1,10,1,30,15.9,0,0,0,0,0,0,62.86
2008,1,10,2,30,15.5,0,0,0,0,0,0,62.1
2008,1,10,3,30,15.100000000000001,0,0,0,0,0,0,61.370000000000005
2008,1,10,4,30,14.5,0,0,0,0,0,0,61.34
2008,1,10,5,30,14,0,0,0,0,0,0,60.75
2008,1,10,6,30,13.5,0,0,0,0,0,0,60.370000000000005
2008,1,10,7,30,13.200000000000001,0,0,0,0,0,0,59.230000000000004
2008,1,10,8,30,12.9,0,0,0,0,0,0,58.160000000000004
2008,1,10,9,30,12.5,0,0,0,0,0,0,58.02
2008,1,10,10,30,12.200000000000001,0,0,0,0,0,0,58.09
2008,1,10,11,30,11.9,0,0,0,0,0,0,58.44
2008,1,10,12,30,11.8,0,0,0,0,0,0,58.36
2008,1,10,13,30,13.200000000000001,0,0,0,0,0,0,53.94
2008,1,10,14,30,16.7,40,193,722,722,40,193,51.31
2008,1,10,15,30,20.8,54,422,901,901,54,422,32.75
2008,1,10,16,30,23.700000000000003,62,620,979,575,173,501,21.91
2008,1,10,17,30,24.700000000000003,67,760,1013,1013,67,760,21.34
2008,1,10,18,30,25.1,72,835,1027,1027,72,835,22.09
2008,1,10,19,30,25.1,72,832,1022,1022,72,832,23.31
2008,1,10,20,30,24.900000000000002,70,758,1005,1005,70,758,24.7
2008,1,10,21,30,24.400000000000002,63,616,969,969,63,616,26.37
2008,1,10,22,30,22.700000000000003,56,419,888,888,56,419,30.39
2008,1,10,23,30,19.3,41,191,707,707,41,191,50.730000000000004
2008,1,11,0,30,16.7,0,0,0,0,0,0,65.39
2008,1,11,1,30,15.8,0,0,0,0,0,0,66.47
2008,1,11,2,30,15.3,0,0,0,0,0,0,67.19
2008,1,11,3,30,14.9,0,0,0,0,0,0,68.3
2008,1,11,4,30,14.5,0,0,0,0,0,0,68.48
2008,1,11,5,30,14.3,0,0,0,0,0,0,67.52
2008,1,11,6,30,14.100000000000001,0,0,0,0,0,0,66.18
2008,1,11,7,30,13.8,0,0,0,0,0,0,65.32000000000001
2008,1,11,8,30,13.5,0,0,0,0,0,0,64.48
2008,1,11,9,30,13.200000000000001,0,0,0,0,0,0,63.9
2008,1,11,10,30,12.9,0,0,0,0,0,0,63.83
2008,1,11,11,30,12.600000000000001,0,0,0,0,0,0,64.04
2008,1,11,12,30,12.200000000000001,0,0,0,0,0,0,65.22
2008,1,11,13,30,13.5,0,0,0,0,0,0,60.67
2008,1,11,14,30,16.8,41,192,715,715,41,192,55.85
2008,1,11,15,30,20.8,55,422,896,896,55,422,34.94
2008,1,11,16,30,23.900000000000002,64,620,975,975,64,620,22.21
2008,1,11,17,30,25.1,69,764,1014,1014,69,764,20.45
2008,1,11,18,30,25.8,67,839,1036,742,187,739,20.23
2008,1,11,19,30,26,67,840,1036,820,165,776,20.76
2008,1,11,20,30,25.8,65,763,1016,787,170,710,21.78
2008,1,11,21,30,24.900000000000002,65,621,970,970,65,621,23.76
2008,1,11,22,30,23,57,424,890,890,57,424,28.09
2008,1,11,23,30,19.1,42,195,711,711,42,195,44.6
2008,1,12,0,30,15.700000000000001,0,0,0,0,0,0,65.96000000000001
2008,1,12,1,30,14.5,0,0,0,0,0,0,69.81
2008,1,12,2,30,13.9,0,0,0,0,0,0,71.44
2008,1,12,3,30,13.600000000000001,0,0,0,0,0,0,70.97
2008,1,12,4,30,13.200000000000001,0,0,0,0,0,0,70.95
2008,1,12,5,30,13,0,0,0,0,0,0,69.78
2008,1,12,6,30,12.8,0,0,0,0,0,0,68.53
2008,1,12,7,30,12.4,0,0,0,0,0,0,68.27
2008,1,12,8,30,12,0,0,0,0,0,0,68.14
2008,1,12,9,30,11.700000000000001,0,0,0,0,0,0,67.92
2008,1,12,10,30,11.4,0,0,0,0,0,0,67.59
2008,1,12,11,30,11,0,0,0,0,0,0,67.21000000000001
2008,1,12,12,30,10.600000000000001,0,0,0,0,0,0,67.07000000000001
2008,1,12,13,30,12.200000000000001,0,0,0,0,0,0,60.53
2008,1,12,14,30,15.600000000000001,43,194,715,715,43,194,55.94
2008,1,12,15,30,19.3,58,425,897,897,58,425,38.21
2008,1,12,16,30,22,68,629,982,982,68,629,25.3
2008,1,12,17,30,23.400000000000002,73,774,1022,1022,73,774,21.6
2008,1,12,18,30,24.200000000000003,76,851,1038,1038,76,851,20.05
2008,1,12,19,30,24.6,76,852,1040,1040,76,852,19.16
2008,1,12,20,30,24.8,72,778,1025,1025,72,778,18.61
2008,1,12,21,30,24.400000000000002,65,635,990,990,65,635,18.88
2008,1,12,22,30,22.700000000000003,56,435,913,913,56,435,21.43
2008,1,12,23,30,19,42,202,734,734,42,202,41.75
2008,1,13,0,30,16.1,0,0,0,0,0,0,59.35
2008,1,13,1,30,14.8,0,0,0,0,0,0,63.61
2008,1,13,2,30,13.5,0,0,0,0,0,0,66.83
2008,1,13,3,30,12.600000000000001,0,0,0,0,0,0,67.62
2008,1,13,4,30,12,0,0,0,0,0,0,66.73
2008,1,13,5,30,11.700000000000001,0,0,0,0,0,0,64.62
2008,1,13,6,30,11.4,0,0,0,0,0,0,62.72
2008,1,13,7,30,10.8,0,0,0,0,0,0,62.29
2008,1,13,8,30,9.9,0,0,0,0,0,0,63.64
2008,1,13,9,30,9.1,0,0,0,0,0,0,65.25
2008,1,13,10,30,8.6,0,0,0,0,0,0,66.46000000000001
2008,1,13,11,30,8.200000000000001,0,0,0,0,0,0,67.54
2008,1,13,12,30,8,0,0,0,0,0,0,67.54
2008,1,13,13,30,10,0,0,0,0,0,0,60.04
2008,1,13,14,30,14.100000000000001,45,190,689,121,117,143,48.2
2008,1,13,15,30,18.7,62,421,876,522,155,368,38.29
2008,1,13,16,30,22.900000000000002,71,622,962,962,71,622,27.13
2008,1,13,17,30,25,77,768,1005,1005,77,768,21.37
2008,1,13,18,30,25.900000000000002,83,841,1014,1014,83,841,21.1
2008,1,13,19,30,26.200000000000003,83,842,1014,1014,83,842,21.19
2008,1,13,20,30,25.8,81,768,994,994,81,768,21.68
2008,1,13,21,30,24.8,76,626,952,351,304,507,23.150000000000002
2008,1,13,22,30,22.6,67,425,858,858,67,425,27.75
2008,1,13,23,30,19.3,49,196,667,667,49,196,49.35
2008,1,14,0,30,16.900000000000002,0,0,0,0,0,0,63.160000000000004
2008,1,14,1,30,15.9,0,0,0,0,0,0,64.93
2008,1,14,2,30,15.3,0,0,0,0,0,0,62.99
2008,1,14,3,30,14.9,0,0,0,0,0,0,60.46
2008,1,14,4,30,14.600000000000001,0,0,0,0,0,0,59.21
2008,1,14,5,30,14.5,0,0,0,0,0,0,57.730000000000004
2008,1,14,6,30,14.4,0,0,0,0,0,0,57.06
2008,1,14,7,30,14.200000000000001,0,0,0,0,0,0,55.88
2008,1,14,8,30,14,0,0,0,0,0,0,54.71
2008,1,14,9,30,13.8,0,0,0,0,0,0,54.980000000000004
2008,1,14,10,30,13.700000000000001,0,0,0,0,0,0,55.74
2008,1,14,11,30,13.600000000000001,0,0,0,0,0,0,57.14
2008,1,14,12,30,13.3,0,0,0,0,0,0,58.07
2008,1,14,13,30,14.4,0,0,0,0,0,0,55.03
2008,1,14,14,30,17.400000000000002,52,181,610,24,99,104,53.22
2008,1,14,15,30,20.5,72,408,819,819,72,408,37.410000000000004
2008,1,14,16,30,22.700000000000003,83,606,913,696,177,575,34.230000000000004
2008,1,14,17,30,24,89,750,960,721,198,695,34.83
2008,1,14,18,30,24.6,90,825,981,981,90,825,35.11
2008,1,14,19,30,24.700000000000003,91,824,977,977,91,824,35.63
2008,1,14,20,30,24.400000000000002,88,750,955,955,88,750,36.94
2008,1,14,21,30,23.900000000000002,78,610,917,917,78,610,38.800000000000004
2008,1,14,22,30,22.700000000000003,67,417,835,179,234,310,42.65
2008,1,14,23,30,19.900000000000002,49,192,646,646,49,192,55.54
2008,1,15,0,30,17.3,0,0,0,0,0,0,74.48
2008,1,15,1,30,16.3,0,0,0,0,0,0,79.57000000000001
2008,1,15,2,30,15.700000000000001,0,0,0,0,0,0,82.97
2008,1,15,3,30,15.200000000000001,0,0,0,0,0,0,85.4
2008,1,15,4,30,14.9,0,0,0,0,0,0,86.01
2008,1,15,5,30,14.700000000000001,0,0,0,0,0,0,85.83
2008,1,15,6,30,14.4,0,0,0,0,0,0,86.05
2008,1,15,7,30,13.9,0,0,0,0,0,0,86.68
2008,1,15,8,30,13.5,0,0,0,0,0,0,86.3
2008,1,15,9,30,13.200000000000001,0,0,0,0,0,0,86.06
2008,1,15,10,30,13,0,0,0,0,0,0,85.94
2008,1,15,11,30,12.8,0,0,0,0,0,0,85.99
2008,1,15,12,30,12.8,0,0,0,0,0,0,84.81
2008,1,15,13,30,14.4,0,0,0,0,0,0,76.23
2008,1,15,14,30,17.7,43,185,670,246,96,148,63.57
2008,1,15,15,30,20.6,60,411,856,410,188,356,45.300000000000004
2008,1,15,16,30,22.200000000000003,70,608,939,939,70,608,36.7
2008,1,15,17,30,23.200000000000003,75,752,980,980,75,752,33.52
2008,1,15,18,30,23.8,79,828,998,998,79,828,32
2008,1,15,19,30,23.8,79,831,998,542,331,739,31.66
2008,1,15,20,30,23.3,77,760,981,981,77,760,32.09
2008,1,15,21,30,22.200000000000003,74,619,934,934,74,619,33.64
2008,1,15,22,30,20.5,64,426,858,191,236,317,36.87
2008,1,15,23,30,17.6,46,200,683,683,46,200,45.93
2008,1,16,0,30,15,0,0,0,0,0,0,64.32000000000001
2008,1,16,1,30,13.8,0,0,0,0,0,0,72.44
2008,1,16,2,30,12.8,0,0,0,0,0,0,77
2008,1,16,3,30,12.100000000000001,0,0,0,0,0,0,78.99
2008,1,16,4,30,11.9,0,0,0,0,0,0,79.06
2008,1,16,5,30,11.700000000000001,0,0,0,0,0,0,81.21000000000001
2008,1,16,6,30,11.200000000000001,0,0,0,0,0,0,82.5
2008,1,16,7,30,10.8,0,0,0,0,0,0,83.61
2008,1,16,8,30,10.600000000000001,0,0,0,0,0,0,83.01
2008,1,16,9,30,10.600000000000001,0,0,0,0,0,0,80.68
2008,1,16,10,30,10.5,0,0,0,0,0,0,79.23
2008,1,16,11,30,10.4,0,0,0,0,0,0,77.66
2008,1,16,12,30,10.4,0,0,0,0,0,0,75.75
2008,1,16,13,30,11.700000000000001,0,0,0,0,0,0,68.69
2008,1,16,14,30,14.4,43,191,701,255,102,156,60.08
2008,1,16,15,30,17.3,59,423,886,886,59,423,42.160000000000004
2008,1,16,16,30,19.400000000000002,69,622,963,963,69,622,32.58
2008,1,16,17,30,20.900000000000002,74,769,1004,215,310,459,28.93
2008,1,16,18,30,22.1,75,847,1024,1024,75,847,26.400000000000002
2008,1,16,19,30,22.700000000000003,76,850,1024,1024,76,850,25.28
2008,1,16,20,30,22.3,74,775,1004,1004,74,775,25.73
2008,1,16,21,30,21.5,69,634,965,965,69,634,27.41
2008,1,16,22,30,20,60,436,883,883,60,436,31.3
2008,1,16,23,30,17,45,207,713,308,107,177,47.58
2008,1,17,0,30,14.4,0,0,0,0,0,0,66.21000000000001
2008,1,17,1,30,13.4,0,0,0,0,0,0,69.67
2008,1,17,2,30,12.8,0,0,0,0,0,0,72.81
2008,1,17,3,30,12.3,0,0,0,0,0,0,75.19
2008,1,17,4,30,12.100000000000001,0,0,0,0,0,0,75.88
2008,1,17,5,30,11.9,0,0,0,0,0,0,76.31
2008,1,17,6,30,11.8,0,0,0,0,0,0,75.79
2008,1,17,7,30,11.8,0,0,0,0,0,0,75.05
2008,1,17,8,30,11.9,0,0,0,0,0,0,73.79
2008,1,17,9,30,11.8,0,0,0,0,0,0,73.11
2008,1,17,10,30,11.8,0,0,0,0,0,0,71.68
2008,1,17,11,30,11.700000000000001,0,0,0,0,0,0,70.26
2008,1,17,12,30,11.8,0,0,0,0,0,0,68.43
2008,1,17,13,30,12.8,0,0,0,0,0,0,65.32000000000001
2008,1,17,14,30,14.9,42,187,688,79,117,133,65.89
2008,1,17,15,30,17.400000000000002,58,415,869,50,186,207,48.14
2008,1,17,16,30,19.5,67,614,951,951,67,614,41.42
2008,1,17,17,30,20.700000000000003,72,759,991,991,72,759,40.99
2008,1,17,18,30,21.400000000000002,74,837,1010,164,440,564,40.37
2008,1,17,19,30,21.6,75,841,1010,705,214,748,39.980000000000004
2008,1,17,20,30,21.5,72,772,998,17,279,291,40.15
2008,1,17,21,30,21.3,73,630,947,559,205,534,40.86
2008,1,17,22,30,20.200000000000003,63,435,870,293,208,333,44.14
2008,1,17,23,30,17.8,47,207,694,31,116,123,58.76
2008,1,18,0,30,15.8,0,0,0,0,0,0,74.8
2008,1,18,1,30,14.8,0,0,0,0,0,0,78.21000000000001
2008,1,18,2,30,14,0,0,0,0,0,0,80.25
2008,1,18,3,30,13.3,0,0,0,0,0,0,81.32000000000001
2008,1,18,4,30,12.700000000000001,0,0,0,0,0,0,82.4
2008,1,18,5,30,12.200000000000001,0,0,0,0,0,0,83.41
2008,1,18,6,30,12.100000000000001,0,0,0,0,0,0,82.44
2008,1,18,7,30,12.200000000000001,0,0,0,0,0,0,80.46000000000001
2008,1,18,8,30,12.200000000000001,0,0,0,0,0,0,78.78
2008,1,18,9,30,12.3,0,0,0,0,0,0,77.07000000000001
2008,1,18,10,30,12.4,0,0,0,0,0,0,75.84
2008,1,18,11,30,12.3,0,0,0,0,0,0,75.3
2008,1,18,12,30,12.200000000000001,0,0,0,0,0,0,73.37
2008,1,18,13,30,13.3,0,0,0,0,0,0,68.15
2008,1,18,14,30,15.3,47,184,645,0,3,3,68.39
2008,1,18,15,30,17.400000000000002,66,411,836,131,195,249,54.29
2008,1,18,16,30,19.200000000000003,78,608,919,667,177,562,44.31
2008,1,18,17,30,20.8,84,754,965,965,84,754,37.27
2008,1,18,18,30,22.200000000000003,84,831,987,987,84,831,33.05
2008,1,18,19,30,22.900000000000002,85,835,987,987,85,835,30.36
2008,1,18,20,30,22.6,82,762,967,688,196,681,30.85
2008,1,18,21,30,21.6,81,622,915,279,275,440,33.54
2008,1,18,22,30,19.6,73,427,820,414,177,355,38.95
2008,1,18,23,30,17,53,201,637,11,117,120,51.72
2008,1,19,0,30,15,0,0,0,0,0,0,60.71
2008,1,19,1,30,13.9,0,0,0,0,0,0,62.09
2008,1,19,2,30,13.200000000000001,0,0,0,0,0,0,63.300000000000004
2008,1,19,3,30,12.600000000000001,0,0,0,0,0,0,66.65
2008,1,19,4,30,12.200000000000001,0,0,0,0,0,0,69.64
2008,1,19,5,30,11.8,0,0,0,0,0,0,72.29
2008,1,19,6,30,11.4,0,0,0,0,0,0,74.54
2008,1,19,7,30,11.200000000000001,0,0,0,0,0,0,75.3
2008,1,19,8,30,11,0,0,0,0,0,0,75.68
2008,1,19,9,30,11.100000000000001,0,0,0,0,0,0,74.91
2008,1,19,10,30,11.200000000000001,0,0,0,0,0,0,74.79
2008,1,19,11,30,11.200000000000001,0,0,0,0,0,0,74.82000000000001
2008,1,19,12,30,11.3,0,0,0,0,0,0,74.58
2008,1,19,13,30,12.5,0,0,0,0,0,0,70.21000000000001
2008,1,19,14,30,14.9,47,181,630,0,4,4,60.74
2008,1,19,15,30,18.1,67,406,822,448,155,340,48.4
2008,1,19,16,30,21.700000000000003,76,606,917,917,76,606,38.660000000000004
2008,1,19,17,30,24.3,79,752,966,966,79,752,33.37
2008,1,19,18,30,25.400000000000002,80,830,988,988,80,830,31.37
2008,1,19,19,30,25.6,79,834,990,990,79,834,30.76
2008,1,19,20,30,25.5,76,765,974,974,76,765,30.79
2008,1,19,21,30,25,70,627,938,938,70,627,31.900000000000002
2008,1,19,22,30,23.700000000000003,60,434,862,36,231,246,35
2008,1,19,23,30,20.900000000000002,45,209,695,0,57,57,50.370000000000005
2008,1,20,0,30,18.400000000000002,11,14,177,177,11,14,66.24
2008,1,20,1,30,17.6,0,0,0,0,0,0,66.22
2008,1,20,2,30,17.1,0,0,0,0,0,0,66.49
2008,1,20,3,30,16.400000000000002,0,0,0,0,0,0,68.08
2008,1,20,4,30,15.600000000000001,0,0,0,0,0,0,70.34
2008,1,20,5,30,14.9,0,0,0,0,0,0,71.73
2008,1,20,6,30,14.3,0,0,0,0,0,0,72.95
2008,1,20,7,30,13.700000000000001,0,0,0,0,0,0,74.39
2008,1,20,8,30,12.9,0,0,0,0,0,0,76.76
2008,1,20,9,30,12.100000000000001,0,0,0,0,0,0,79.07000000000001
2008,1,20,10,30,11.4,0,0,0,0,0,0,81.16
2008,1,20,11,30,10.8,0,0,0,0,0,0,82.60000000000001
2008,1,20,12,30,10.700000000000001,0,0,0,0,0,0,81.63
2008,1,20,13,30,12.8,0,0,0,0,0,0,71.53
2008,1,20,14,30,16.900000000000002,43,186,673,25,98,103,56.19
2008,1,20,15,30,20.400000000000002,60,414,855,520,141,356,45.97
2008,1,20,16,30,22.6,70,612,935,184,275,382,40.45
2008,1,20,17,30,23.700000000000003,78,756,970,344,305,545,37.660000000000004
2008,1,20,18,30,24.3,82,834,988,323,354,600,36.03
2008,1,20,19,30,24.400000000000002,84,836,982,718,202,752,35.67
2008,1,20,20,30,24.1,84,764,959,703,201,700,36.58
2008,1,20,21,30,23.200000000000003,83,624,906,316,253,441,39.25
2008,1,20,22,30,21.6,73,429,815,201,221,309,45.11
2008,1,20,23,30,19.200000000000003,54,205,636,283,108,176,64.97
2008,1,21,0,30,17.400000000000002,12,14,121,0,7,7,75.39
2008,1,21,1,30,16.5,0,0,0,0,0,0,78.87
2008,1,21,2,30,15.9,0,0,0,0,0,0,82.22
2008,1,21,3,30,15.5,0,0,0,0,0,0,83.93
2008,1,21,4,30,15.200000000000001,0,0,0,0,0,0,84.5
2008,1,21,5,30,14.8,0,0,0,0,0,0,85.25
2008,1,21,6,30,14.200000000000001,0,0,0,0,0,0,86.60000000000001
2008,1,21,7,30,13.700000000000001,0,0,0,0,0,0,86.9
2008,1,21,8,30,13.100000000000001,0,0,0,0,0,0,86.91
2008,1,21,9,30,12.600000000000001,0,0,0,0,0,0,86.3
2008,1,21,10,30,12.600000000000001,0,0,0,0,0,0,84.3
2008,1,21,11,30,12.600000000000001,0,0,0,0,0,0,84.65
2008,1,21,12,30,12.4,0,0,0,0,0,0,84.67
2008,1,21,13,30,14.3,0,0,0,0,0,0,73.41
2008,1,21,14,30,18.5,46,185,651,651,46,185,57.730000000000004
2008,1,21,15,30,22.3,63,414,846,846,63,414,45.6
2008,1,21,16,30,24.900000000000002,72,615,933,933,72,615,34.660000000000004
2008,1,21,17,30,26.5,77,762,978,978,77,762,28.66
2008,1,21,18,30,27.5,78,844,1003,1003,78,844,25.95
2008,1,21,19,30,28,78,849,1004,1004,78,849,24.830000000000002
2008,1,21,20,30,27.900000000000002,76,777,985,192,415,552,24.97
2008,1,21,21,30,27.3,71,638,946,373,299,523,25.95
2008,1,21,22,30,25.700000000000003,62,444,869,9,191,195,28.740000000000002
2008,1,21,23,30,22.1,47,216,701,8,116,118,43.1
2008,1,22,0,30,18.8,12,16,196,196,12,16,62.88
2008,1,22,1,30,17.400000000000002,0,0,0,0,0,0,66.38
2008,1,22,2,30,16.5,0,0,0,0,0,0,68.68
2008,1,22,3,30,15.700000000000001,0,0,0,0,0,0,70.07000000000001
2008,1,22,4,30,15,0,0,0,0,0,0,70.55
2008,1,22,5,30,14.3,0,0,0,0,0,0,70.88
2008,1,22,6,30,13.600000000000001,0,0,0,0,0,0,71.64
2008,1,22,7,30,13,0,0,0,0,0,0,72.07000000000001
2008,1,22,8,30,12.5,0,0,0,0,0,0,72.14
2008,1,22,9,30,12.4,0,0,0,0,0,0,71.15
2008,1,22,10,30,12.3,0,0,0,0,0,0,71.34
2008,1,22,11,30,12,0,0,0,0,0,0,72.04
2008,1,22,12,30,11.8,0,0,0,0,0,0,71.95
2008,1,22,13,30,13.600000000000001,0,0,0,0,0,0,63.49
2008,1,22,14,30,17.5,44,188,675,675,44,188,48.29
2008,1,22,15,30,21.900000000000002,61,418,857,857,61,418,37.09
2008,1,22,16,30,25.3,73,619,938,938,73,619,28.62
2008,1,22,17,30,27,80,767,977,497,275,624,25.52
2008,1,22,18,30,27.8,86,844,989,733,211,772,24.2
2008,1,22,19,30,28.200000000000003,87,849,989,324,326,576,23.51
2008,1,22,20,30,28.1,86,779,970,394,305,587,23.46
2008,1,22,21,30,27.1,84,639,921,351,259,471,25.38
2008,1,22,22,30,24.900000000000002,73,444,839,544,151,392,32.95
2008,1,22,23,30,21.8,54,215,660,261,114,178,55.64
2008,1,23,0,30,19.5,13,17,144,0,8,8,63.42
2008,1,23,1,30,18.3,0,0,0,0,0,0,66.39
2008,1,23,2,30,17.5,0,0,0,0,0,0,67.35
2008,1,23,3,30,16.900000000000002,0,0,0,0,0,0,67.14
2008,1,23,4,30,16.5,0,0,0,0,0,0,65.99
2008,1,23,5,30,16.1,0,0,0,0,0,0,65.56
2008,1,23,6,30,15.700000000000001,0,0,0,0,0,0,65.68
2008,1,23,7,30,15.100000000000001,0,0,0,0,0,0,66.22
2008,1,23,8,30,14.4,0,0,0,0,0,0,67.29
2008,1,23,9,30,13.9,0,0,0,0,0,0,68.2
2008,1,23,10,30,13.5,0,0,0,0,0,0,69.51
2008,1,23,11,30,13,0,0,0,0,0,0,71.95
2008,1,23,12,30,12.600000000000001,0,0,0,0,0,0,72.15
2008,1,23,13,30,14.8,0,0,0,0,0,0,62.81
2008,1,23,14,30,18.900000000000002,46,187,658,658,46,187,48.300000000000004
2008,1,23,15,30,23.200000000000003,64,420,853,853,64,420,36.89
2008,1,23,16,30,26.8,74,622,937,937,74,622,28.26
2008,1,23,17,30,28.8,81,771,980,980,81,771,24.8
2008,1,23,18,30,29.900000000000002,84,851,998,998,84,851,23.07
2008,1,23,19,30,30.5,85,857,998,998,85,857,22.07
2008,1,23,20,30,30.400000000000002,83,787,980,980,83,787,22.09
2008,1,23,21,30,29.8,78,645,937,937,78,645,23.06
2008,1,23,22,30,27.900000000000002,68,449,856,856,68,449,26.86
2008,1,23,23,30,23.900000000000002,51,219,681,681,51,219,44.09
2008,1,24,0,30,20.1,13,18,172,172,13,18,64.76
2008,1,24,1,30,18.400000000000002,0,0,0,0,0,0,72.57000000000001
2008,1,24,2,30,17.3,0,0,0,0,0,0,79.43
2008,1,24,3,30,16.6,0,0,0,0,0,0,83.31
2008,1,24,4,30,16.3,0,0,0,0,0,0,83.44
2008,1,24,5,30,16.2,0,0,0,0,0,0,81.93
2008,1,24,6,30,15.8,0,0,0,0,0,0,82.01
2008,1,24,7,30,15.200000000000001,0,0,0,0,0,0,83.79
2008,1,24,8,30,14.700000000000001,0,0,0,0,0,0,85.53
2008,1,24,9,30,14.5,0,0,0,0,0,0,85.7
2008,1,24,10,30,14.600000000000001,0,0,0,0,0,0,84.41
2008,1,24,11,30,14.600000000000001,0,0,0,0,0,0,84.25
2008,1,24,12,30,14.700000000000001,0,0,0,0,0,0,84.33
2008,1,24,13,30,16.5,0,0,0,0,0,0,76.87
2008,1,24,14,30,20.1,57,175,543,543,57,175,65.19
2008,1,24,15,30,23.6,83,398,751,751,83,398,51.29
2008,1,24,16,30,25.8,99,597,849,849,99,597,44.19
2008,1,24,17,30,27.1,109,744,899,899,109,744,41.17
2008,1,24,18,30,27.900000000000002,115,823,918,918,115,823,39.47
2008,1,24,19,30,28.1,117,829,917,917,117,829,38.78
2008,1,24,20,30,27.900000000000002,116,758,891,891,116,758,38.94
2008,1,24,21,30,27.3,122,617,814,814,122,617,39.76
2008,1,24,22,30,26.1,103,426,720,720,103,426,42.51
2008,1,24,23,30,23.3,75,204,519,519,75,204,53.230000000000004
2008,1,25,0,30,20.3,14,16,70,70,14,16,72.05
2008,1,25,1,30,18.8,0,0,0,0,0,0,79.76
2008,1,25,2,30,17.7,0,0,0,0,0,0,88.2
2008,1,25,3,30,16.8,0,0,0,0,0,0,95.46000000000001
2008,1,25,4,30,16.2,0,0,0,0,0,0,99.06
2008,1,25,5,30,15.8,0,0,0,0,0,0,99.60000000000001
2008,1,25,6,30,15.4,0,0,0,0,0,0,98.99000000000001
2008,1,25,7,30,15,0,0,0,0,0,0,97.77
2008,1,25,8,30,14.5,0,0,0,0,0,0,96.81
2008,1,25,9,30,14.200000000000001,0,0,0,0,0,0,94.15
2008,1,25,10,30,14.100000000000001,0,0,0,0,0,0,90.81
2008,1,25,11,30,14.100000000000001,0,0,0,0,0,0,88.03
2008,1,25,12,30,14.3,0,0,0,0,0,0,85.3
2008,1,25,13,30,16.2,0,0,0,0,0,0,75.88
2008,1,25,14,30,20,69,170,467,8,115,117,59.620000000000005
2008,1,25,15,30,23.700000000000003,102,394,695,695,102,394,44.93
2008,1,25,16,30,26.200000000000003,120,593,804,804,120,593,39.410000000000004
2008,1,25,17,30,27.700000000000003,131,740,860,860,131,740,37.24
2008,1,25,18,30,28.6,108,833,937,937,108,833,35.57
2008,1,25,19,30,29,113,837,929,929,113,837,34.49
2008,1,25,20,30,28.900000000000002,115,766,900,900,115,766,34.410000000000004
2008,1,25,21,30,28.3,113,625,838,838,113,625,35.26
2008,1,25,22,30,26.8,107,427,711,711,107,427,38.550000000000004
2008,1,25,23,30,24,80,204,491,491,80,204,50.39
2008,1,26,0,30,21.5,15,16,52,52,15,16,68.06
2008,1,26,1,30,20.200000000000003,0,0,0,0,0,0,74.33
2008,1,26,2,30,19,0,0,0,0,0,0,81.26
2008,1,26,3,30,18,0,0,0,0,0,0,87.39
2008,1,26,4,30,17.400000000000002,0,0,0,0,0,0,89.87
2008,1,26,5,30,17.1,0,0,0,0,0,0,89.78
2008,1,26,6,30,16.8,0,0,0,0,0,0,89.42
2008,1,26,7,30,16.6,0,0,0,0,0,0,88.56
2008,1,26,8,30,16.3,0,0,0,0,0,0,87.64
2008,1,26,9,30,16,0,0,0,0,0,0,86.79
2008,1,26,10,30,15.8,0,0,0,0,0,0,86.12
2008,1,26,11,30,15.4,0,0,0,0,0,0,86.93
2008,1,26,12,30,15.100000000000001,0,0,0,0,0,0,86.71000000000001
2008,1,26,13,30,16.900000000000002,0,0,0,0,0,0,77.47
2008,1,26,14,30,20.700000000000003,67,171,479,479,67,171,61.11
2008,1,26,15,30,24.1,96,395,708,708,96,395,49.160000000000004
2008,1,26,16,30,26.3,111,595,822,822,111,595,42.160000000000004
2008,1,26,17,30,27.700000000000003,119,745,881,526,240,613,38.39
2008,1,26,18,30,28.5,139,821,878,878,139,821,36.02
2008,1,26,19,30,28.5,149,824,864,864,149,824,34.93
2008,1,26,20,30,28.200000000000003,151,751,825,825,151,751,34.58
2008,1,26,21,30,27.6,145,612,762,762,145,612,35.59
2008,1,26,22,30,26.400000000000002,129,420,643,643,129,420,38.72
2008,1,26,23,30,23.8,89,202,442,442,89,202,50.92
2008,1,27,0,30,21.3,15,17,47,0,10,10,68.68
2008,1,27,1,30,20.1,0,0,0,0,0,0,73.01
2008,1,27,2,30,19.200000000000003,0,0,0,0,0,0,77.60000000000001
2008,1,27,3,30,18.3,0,0,0,0,0,0,82.14
2008,1,27,4,30,17.7,0,0,0,0,0,0,84.14
2008,1,27,5,30,17.3,0,0,0,0,0,0,84.34
2008,1,27,6,30,16.8,0,0,0,0,0,0,85.06
2008,1,27,7,30,16.400000000000002,0,0,0,0,0,0,85.60000000000001
2008,1,27,8,30,16.3,0,0,0,0,0,0,85.19
2008,1,27,9,30,16.2,0,0,0,0,0,0,84.4
2008,1,27,10,30,16.1,0,0,0,0,0,0,82.34
2008,1,27,11,30,15.700000000000001,0,0,0,0,0,0,81.96000000000001
2008,1,27,12,30,15.4,0,0,0,0,0,0,81.39
2008,1,27,13,30,16.8,0,0,0,0,0,0,73.92
2008,1,27,14,30,20,73,171,446,446,73,171,57.96
2008,1,27,15,30,23.3,103,398,697,697,103,398,45.56
2008,1,27,16,30,25.8,117,602,820,820,117,602,37.85
2008,1,27,17,30,27.400000000000002,124,753,881,881,124,753,34.15
2008,1,27,18,30,28.400000000000002,114,841,934,934,114,841,32.33
2008,1,27,19,30,28.8,115,848,934,934,115,848,31.69
2008,1,27,20,30,28.8,112,777,912,912,112,777,31.6
2008,1,27,21,30,28.200000000000003,109,638,856,856,109,638,32.53
2008,1,27,22,30,26.8,97,443,758,758,97,443,35.2
2008,1,27,23,30,23.8,72,217,562,562,72,217,45.19
2008,1,28,0,30,20.700000000000003,17,20,97,97,17,20,65.76
2008,1,28,1,30,19.1,0,0,0,0,0,0,72.12
2008,1,28,2,30,18,0,0,0,0,0,0,77.81
2008,1,28,3,30,17,0,0,0,0,0,0,83.58
2008,1,28,4,30,16.1,0,0,0,0,0,0,87.69
2008,1,28,5,30,15.600000000000001,0,0,0,0,0,0,88.69
2008,1,28,6,30,15.200000000000001,0,0,0,0,0,0,88.81
2008,1,28,7,30,14.9,0,0,0,0,0,0,88.16
2008,1,28,8,30,14.5,0,0,0,0,0,0,88.48
2008,1,28,9,30,14.100000000000001,0,0,0,0,0,0,89.05
2008,1,28,10,30,13.8,0,0,0,0,0,0,89.2
2008,1,28,11,30,13.5,0,0,0,0,0,0,89.22
2008,1,28,12,30,13.5,0,0,0,0,0,0,87.8
2008,1,28,13,30,15.600000000000001,0,0,0,0,0,0,77.4
2008,1,28,14,30,19.900000000000002,57,184,577,577,57,184,60.01
2008,1,28,15,30,23.8,79,416,793,793,79,416,43.87
2008,1,28,16,30,26.5,91,622,893,893,91,622,34.21
2008,1,28,17,30,28.1,98,773,944,944,98,773,29.990000000000002
2008,1,28,18,30,29.1,101,856,965,965,101,856,27.830000000000002
2008,1,28,19,30,29.400000000000002,103,863,965,662,226,747,27.17
2008,1,28,20,30,29.3,101,792,943,943,101,792,27.26
2008,1,28,21,30,28.5,101,650,886,886,101,650,28.78
2008,1,28,22,30,26.8,93,451,778,778,93,451,32.79
2008,1,28,23,30,23.6,72,221,571,2,104,104,43.51
2008,1,29,0,30,20.400000000000002,18,22,95,95,18,22,63.31
2008,1,29,1,30,18.6,0,0,0,0,0,0,74.54
2008,1,29,2,30,17.3,0,0,0,0,0,0,84.42
2008,1,29,3,30,16.3,0,0,0,0,0,0,91.34
2008,1,29,4,30,15.700000000000001,0,0,0,0,0,0,93.75
2008,1,29,5,30,15.3,0,0,0,0,0,0,93.76
2008,1,29,6,30,15,0,0,0,0,0,0,92.81
2008,1,29,7,30,14.5,0,0,0,0,0,0,92.99
2008,1,29,8,30,14,0,0,0,0,0,0,93.04
2008,1,29,9,30,13.5,0,0,0,0,0,0,92.89
2008,1,29,10,30,13.100000000000001,0,0,0,0,0,0,92.18
2008,1,29,11,30,12.8,0,0,0,0,0,0,91.26
2008,1,29,12,30,12.700000000000001,0,0,0,0,0,0,89.58
2008,1,29,13,30,14.9,0,0,0,0,0,0,77.2
2008,1,29,14,30,19.3,50,196,659,659,50,196,58.45
2008,1,29,15,30,23.3,67,434,861,861,67,434,38.67
2008,1,29,16,30,26.1,77,644,952,952,77,644,27.54
2008,1,29,17,30,27.700000000000003,83,795,992,992,83,795,24.18
2008,1,29,18,30,28.700000000000003,90,877,1004,1004,90,877,22.61
2008,1,29,19,30,29,90,885,1006,1006,90,885,22.16
2008,1,29,20,30,28.900000000000002,87,813,987,987,87,813,22.32
2008,1,29,21,30,28.1,82,672,947,947,82,672,23.64
2008,1,29,22,30,26.400000000000002,71,475,873,873,71,475,26.92
2008,1,29,23,30,23.200000000000003,54,241,714,714,54,241,42.86
2008,1,30,0,30,20.400000000000002,17,27,248,248,17,27,59.84
2008,1,30,1,30,19.3,0,0,0,0,0,0,62.43
2008,1,30,2,30,18.6,0,0,0,0,0,0,64.94
2008,1,30,3,30,18.1,0,0,0,0,0,0,66.44
2008,1,30,4,30,17.8,0,0,0,0,0,0,66.24
2008,1,30,5,30,17.5,0,0,0,0,0,0,65.22
2008,1,30,6,30,17.2,0,0,0,0,0,0,63.76
2008,1,30,7,30,16.8,0,0,0,0,0,0,62.36
2008,1,30,8,30,16.2,0,0,0,0,0,0,61.74
2008,1,30,9,30,15.600000000000001,0,0,0,0,0,0,62.550000000000004
2008,1,30,10,30,15.100000000000001,0,0,0,0,0,0,63.730000000000004
2008,1,30,11,30,14.600000000000001,0,0,0,0,0,0,65.28
2008,1,30,12,30,14.5,0,0,0,0,0,0,65.25
2008,1,30,13,30,15.9,0,0,0,0,0,0,61.35
2008,1,30,14,30,19.3,49,195,658,658,49,195,50.64
2008,1,30,15,30,22.900000000000002,68,432,850,850,68,432,38.78
2008,1,30,16,30,25.400000000000002,78,639,937,937,78,639,33.61
2008,1,30,17,30,26.6,86,788,976,976,86,788,31.84
2008,1,30,18,30,27.1,90,870,992,992,90,870,31.37
2008,1,30,19,30,27.1,91,877,990,990,91,877,31.86
2008,1,30,20,30,26.700000000000003,90,806,969,969,90,806,33.52
2008,1,30,21,30,25.900000000000002,83,667,934,934,83,667,36.27
2008,1,30,22,30,24.3,74,471,855,855,74,471,41.410000000000004
2008,1,30,23,30,21.700000000000003,57,238,685,685,57,238,51.79
2008,1,31,0,30,19.3,18,27,211,211,18,27,67.71000000000001
2008,1,31,1,30,17.6,0,0,0,0,0,0,78.84
2008,1,31,2,30,16.3,0,0,0,0,0,0,88.05
2008,1,31,3,30,15.4,0,0,0,0,0,0,95.01
2008,1,31,4,30,14.9,0,0,0,0,0,0,99.38
2008,1,31,5,30,14.600000000000001,0,0,0,0,0,0,100
2008,1,31,6,30,14.4,0,0,0,0,0,0,100
2008,1,31,7,30,14.200000000000001,0,0,0,0,0,0,100
2008,1,31,8,30,13.9,0,0,0,0,0,0,100
2008,1,31,9,30,13.700000000000001,0,0,0,0,0,0,100
2008,1,31,10,30,13.5,0,0,0,0,0,0,100
2008,1,31,11,30,13.200000000000001,0,0,0,0,0,0,100
2008,1,31,12,30,13.100000000000001,0,0,0,0,0,0,100
2008,1,31,13,30,14.600000000000001,0,0,0,0,0,0,90.93
2008,1,31,14,30,17.900000000000002,49,199,668,668,49,199,73.10000000000001
2008,1,31,15,30,21.900000000000002,64,439,872,872,64,439,54.160000000000004
2008,1,31,16,30,25,71,647,961,961,71,647,36.74
2008,1,31,17,30,26.700000000000003,76,800,1002,1002,76,800,30.53
2008,1,31,18,30,27.8,80,884,1018,1018,80,884,27.25
2008,1,31,19,30,28.3,80,889,1017,1017,80,889,25.5
2008,1,31,20,30,28.200000000000003,78,821,1002,1002,78,821,25.060000000000002
2008,1,31,21,30,27.5,76,678,956,956,76,678,26.09
2008,1,31,22,30,26,68,479,878,878,68,479,29.44
2008,1,31,23,30,22.5,53,245,717,717,53,245,40.13
2008,2,1,0,30,18.900000000000002,18,30,254,254,18,30,62.65
2008,2,1,1,30,17.1,0,0,0,0,0,0,74.51
2008,2,1,2,30,16,0,0,0,0,0,0,86.06
2008,2,1,3,30,15.5,0,0,0,0,0,0,93.4
2008,2,1,4,30,15.4,0,0,0,0,0,0,95.71000000000001
2008,2,1,5,30,15.200000000000001,0,0,0,0,0,0,96.29
2008,2,1,6,30,15,0,0,0,0,0,0,95.9
2008,2,1,7,30,14.4,0,0,0,0,0,0,97.24000000000001
2008,2,1,8,30,13.700000000000001,0,0,0,0,0,0,98.72
2008,2,1,9,30,13,0,0,0,0,0,0,99.9
2008,2,1,10,30,12.700000000000001,0,0,0,0,0,0,97.92
2008,2,1,11,30,12.5,0,0,0,0,0,0,94.62
2008,2,1,12,30,12.5,0,0,0,0,0,0,89.3
2008,2,1,13,30,14.8,0,0,0,0,0,0,74.45
2008,2,1,14,30,18.8,51,198,652,652,51,198,57.78
2008,2,1,15,30,22.200000000000003,71,437,849,849,71,437,48.32
2008,2,1,16,30,24.5,81,646,937,937,81,646,39.730000000000004
2008,2,1,17,30,25.900000000000002,87,799,982,982,87,799,34.47
2008,2,1,18,30,26.8,85,886,1011,1011,85,886,31.05
2008,2,1,19,30,27.3,84,894,1014,1014,84,894,28.97
2008,2,1,20,30,27.200000000000003,82,825,998,998,82,825,28.44
2008,2,1,21,30,26.6,77,686,963,963,77,686,29.14
2008,2,1,22,30,25.3,68,485,887,887,68,485,31.75
2008,2,1,23,30,22,53,250,731,731,53,250,42.300000000000004
2008,2,2,0,30,18.6,18,32,275,275,18,32,64.82000000000001
2008,2,2,1,30,17,0,0,0,0,0,0,73.43
2008,2,2,2,30,16,0,0,0,0,0,0,80.37
2008,2,2,3,30,15.4,0,0,0,0,0,0,84.64
2008,2,2,4,30,15,0,0,0,0,0,0,86.55
2008,2,2,5,30,14.5,0,0,0,0,0,0,88.12
2008,2,2,6,30,14.100000000000001,0,0,0,0,0,0,88.87
2008,2,2,7,30,13.700000000000001,0,0,0,0,0,0,89.22
2008,2,2,8,30,13.3,0,0,0,0,0,0,89.51
2008,2,2,9,30,12.9,0,0,0,0,0,0,89.58
2008,2,2,10,30,12.4,0,0,0,0,0,0,90.15
2008,2,2,11,30,11.9,0,0,0,0,0,0,90.87
2008,2,2,12,30,11.700000000000001,0,0,0,0,0,0,90.21000000000001
2008,2,2,13,30,14.200000000000001,0,0,0,0,0,0,76.96000000000001
2008,2,2,14,30,18.7,50,201,664,664,50,201,58.43
2008,2,2,15,30,22.900000000000002,69,440,855,855,69,440,42.04
2008,2,2,16,30,25.8,79,649,941,941,79,649,30.01
2008,2,2,17,30,27.3,86,803,984,984,86,803,26.22
2008,2,2,18,30,28.3,86,889,1009,1009,86,889,24.35
2008,2,2,19,30,28.700000000000003,86,897,1011,1011,86,897,23.67
2008,2,2,20,30,28.5,84,828,996,996,84,828,23.990000000000002
2008,2,2,21,30,27.8,81,687,955,955,81,687,25.09
2008,2,2,22,30,26.3,72,488,879,879,72,488,27.7
2008,2,2,23,30,22.700000000000003,55,252,722,722,55,252,36.96
2008,2,3,0,30,18.900000000000002,19,33,270,270,19,33,58.300000000000004
2008,2,3,1,30,17.1,0,0,0,0,0,0,65.93
2008,2,3,2,30,15.9,0,0,0,0,0,0,71.42
2008,2,3,3,30,15,0,0,0,0,0,0,75.24
2008,2,3,4,30,14.200000000000001,0,0,0,0,0,0,77.71000000000001
2008,2,3,5,30,13.600000000000001,0,0,0,0,0,0,78.37
2008,2,3,6,30,13.100000000000001,0,0,0,0,0,0,78.08
2008,2,3,7,30,12.700000000000001,0,0,0,0,0,0,77.41
2008,2,3,8,30,12.200000000000001,0,0,0,0,0,0,77.52
2008,2,3,9,30,11.8,0,0,0,0,0,0,77.67
2008,2,3,10,30,11.4,0,0,0,0,0,0,78.62
2008,2,3,11,30,11,0,0,0,0,0,0,80.21000000000001
2008,2,3,12,30,11.100000000000001,0,0,0,0,0,0,79.34
2008,2,3,13,30,13.700000000000001,0,0,0,0,0,0,68.1
2008,2,3,14,30,18.3,55,200,630,630,55,200,50.36
2008,2,3,15,30,22.400000000000002,78,439,827,827,78,439,36.58
2008,2,3,16,30,25.400000000000002,92,648,916,916,92,648,28.8
2008,2,3,17,30,27.400000000000002,100,802,961,961,100,802,24.45
2008,2,3,18,30,28.6,101,889,988,988,101,889,21.98
2008,2,3,19,30,29.200000000000003,102,895,985,985,102,895,20.830000000000002
2008,2,3,20,30,29.200000000000003,100,826,967,967,100,826,20.67
2008,2,3,21,30,28.6,95,685,925,925,95,685,21.35
2008,2,3,22,30,27.1,83,486,845,845,83,486,23.71
2008,2,3,23,30,23.3,63,250,680,680,63,250,34.43
2008,2,4,0,30,19.5,21,33,229,229,21,33,55.34
2008,2,4,1,30,17.6,0,0,0,0,0,0,62.53
2008,2,4,2,30,16.5,0,0,0,0,0,0,67.1
2008,2,4,3,30,15.700000000000001,0,0,0,0,0,0,69.3
2008,2,4,4,30,15.100000000000001,0,0,0,0,0,0,69.82000000000001
2008,2,4,5,30,14.700000000000001,0,0,0,0,0,0,68.92
2008,2,4,6,30,14.4,0,0,0,0,0,0,67.34
2008,2,4,7,30,14.100000000000001,0,0,0,0,0,0,66.15
2008,2,4,8,30,13.600000000000001,0,0,0,0,0,0,66.44
2008,2,4,9,30,12.8,0,0,0,0,0,0,68.57000000000001
2008,2,4,10,30,12.100000000000001,0,0,0,0,0,0,70.62
2008,2,4,11,30,11.4,0,0,0,0,0,0,72.78
2008,2,4,12,30,11.3,0,0,0,0,0,0,72.09
2008,2,4,13,30,13.8,0,0,0,0,0,0,62.300000000000004
2008,2,4,14,30,18.5,51,205,665,665,51,205,44.58
2008,2,4,15,30,22.900000000000002,71,445,855,855,71,445,31.45
2008,2,4,16,30,25.900000000000002,82,655,941,941,82,655,24.71
2008,2,4,17,30,27.3,88,811,985,985,88,811,22.830000000000002
2008,2,4,18,30,28.1,90,897,1007,1007,90,897,21.93
2008,2,4,19,30,28.400000000000002,90,903,1005,1005,90,903,21.59
2008,2,4,20,30,28.1,88,834,990,990,88,834,22
2008,2,4,21,30,27.3,81,694,955,77,356,405,23.03
2008,2,4,22,30,25.700000000000003,71,495,883,246,264,382,25.650000000000002
2008,2,4,23,30,22,55,258,732,732,55,258,34.61
2008,2,5,0,30,18.3,20,36,297,297,20,36,55.61
2008,2,5,1,30,16.400000000000002,0,0,0,0,0,0,65.04
2008,2,5,2,30,15.4,0,0,0,0,0,0,70.86
2008,2,5,3,30,14.700000000000001,0,0,0,0,0,0,75.46000000000001
2008,2,5,4,30,14,0,0,0,0,0,0,78.62
2008,2,5,5,30,13.3,0,0,0,0,0,0,80.3
2008,2,5,6,30,12.8,0,0,0,0,0,0,80.24
2008,2,5,7,30,12.4,0,0,0,0,0,0,79.77
2008,2,5,8,30,12,0,0,0,0,0,0,79.38
2008,2,5,9,30,11.600000000000001,0,0,0,0,0,0,79.14
2008,2,5,10,30,11.3,0,0,0,0,0,0,78.92
2008,2,5,11,30,11,0,0,0,0,0,0,78.86
2008,2,5,12,30,11.100000000000001,0,0,0,0,0,0,76.99
2008,2,5,13,30,13.600000000000001,0,0,0,0,0,0,66.65
2008,2,5,14,30,18.400000000000002,45,212,721,721,45,212,49.46
2008,2,5,15,30,22.700000000000003,60,455,897,897,60,455,32.45
2008,2,5,16,30,25.200000000000003,69,666,976,976,69,666,24.05
2008,2,5,17,30,26.6,75,819,1011,1011,75,819,22.13
2008,2,5,18,30,27.5,79,904,1027,1027,79,904,21.23
2008,2,5,19,30,27.8,80,913,1028,1028,80,913,21.1
2008,2,5,20,30,27.5,78,841,1009,1009,78,841,21.81
2008,2,5,21,30,26.6,75,700,971,971,75,700,23.45
2008,2,5,22,30,25,67,501,900,900,67,501,26.67
2008,2,5,23,30,21.5,52,264,752,752,52,264,36.17
2008,2,6,0,30,18.1,20,38,320,320,20,38,57.57
2008,2,6,1,30,16.400000000000002,0,0,0,0,0,0,67.08
2008,2,6,2,30,15.3,0,0,0,0,0,0,73.54
2008,2,6,3,30,14.4,0,0,0,0,0,0,78.78
2008,2,6,4,30,13.700000000000001,0,0,0,0,0,0,81.41
2008,2,6,5,30,13.3,0,0,0,0,0,0,81.17
2008,2,6,6,30,13,0,0,0,0,0,0,80.12
2008,2,6,7,30,12.600000000000001,0,0,0,0,0,0,79.66
2008,2,6,8,30,12.200000000000001,0,0,0,0,0,0,79.18
2008,2,6,9,30,11.700000000000001,0,0,0,0,0,0,79.34
2008,2,6,10,30,11.5,0,0,0,0,0,0,78.56
2008,2,6,11,30,11.3,0,0,0,0,0,0,78.23
2008,2,6,12,30,11.700000000000001,0,0,0,0,0,0,75.56
2008,2,6,13,30,13.9,0,0,0,0,0,0,66.47
2008,2,6,14,30,17.8,45,214,722,722,45,214,51.370000000000005
2008,2,6,15,30,21.8,61,457,896,896,61,457,35.78
2008,2,6,16,30,24.700000000000003,70,668,972,972,70,668,25.38
2008,2,6,17,30,26.400000000000002,76,821,1008,1008,76,821,22.3
2008,2,6,18,30,27.400000000000002,81,907,1024,1024,81,907,21.16
2008,2,6,19,30,27.5,82,916,1025,1025,82,916,21.13
2008,2,6,20,30,26.900000000000002,80,847,1008,1008,80,847,21.94
2008,2,6,21,30,25.8,76,703,969,969,76,703,23.86
2008,2,6,22,30,24.200000000000003,68,504,899,899,68,504,27.59
2008,2,6,23,30,20.900000000000002,52,266,755,755,52,266,36.9
2008,2,7,0,30,17.6,21,40,330,330,21,40,57.6
2008,2,7,1,30,16.1,0,0,0,0,0,0,66.52
2008,2,7,2,30,15.3,0,0,0,0,0,0,71.75
2008,2,7,3,30,14.700000000000001,0,0,0,0,0,0,75.09
2008,2,7,4,30,14.200000000000001,0,0,0,0,0,0,77.09
2008,2,7,5,30,13.9,0,0,0,0,0,0,77.69
2008,2,7,6,30,13.8,0,0,0,0,0,0,76.97
2008,2,7,7,30,13.700000000000001,0,0,0,0,0,0,75.68
2008,2,7,8,30,13.600000000000001,0,0,0,0,0,0,74.19
2008,2,7,9,30,13.4,0,0,0,0,0,0,73.24
2008,2,7,10,30,13.200000000000001,0,0,0,0,0,0,72.31
2008,2,7,11,30,13,0,0,0,0,0,0,71.59
2008,2,7,12,30,12.9,0,0,0,0,0,0,70.66
2008,2,7,13,30,14.3,0,0,0,0,0,0,64.98
2008,2,7,14,30,17.2,46,214,711,72,123,140,54.88
2008,2,7,15,30,20.400000000000002,63,456,884,494,164,384,39.44
2008,2,7,16,30,23.200000000000003,73,666,961,701,182,615,28.34
2008,2,7,17,30,25.1,79,822,1001,597,224,667,22.96
2008,2,7,18,30,26.5,83,907,1017,1017,83,907,20.47
2008,2,7,19,30,27.5,83,914,1017,1017,83,914,19.2
2008,2,7,20,30,27.700000000000003,81,845,1002,754,149,724,18.89
2008,2,7,21,30,27,79,701,957,709,176,637,19.73
2008,2,7,22,30,25.400000000000002,71,502,883,883,71,502,22.38
2008,2,7,23,30,22.400000000000002,57,264,724,724,57,264,35.480000000000004
2008,2,8,0,30,19.8,22,40,293,293,22,40,55.42
2008,2,8,1,30,18.5,0,0,0,0,0,0,61.940000000000005
2008,2,8,2,30,17.6,0,0,0,0,0,0,69.21000000000001
2008,2,8,3,30,16.900000000000002,0,0,0,0,0,0,75.59
2008,2,8,4,30,16,0,0,0,0,0,0,81.84
2008,2,8,5,30,15.3,0,0,0,0,0,0,85.22
2008,2,8,6,30,14.8,0,0,0,0,0,0,86.83
2008,2,8,7,30,14.5,0,0,0,0,0,0,87.69
2008,2,8,8,30,14.3,0,0,0,0,0,0,87.72
2008,2,8,9,30,14.3,0,0,0,0,0,0,86.24
2008,2,8,10,30,14.200000000000001,0,0,0,0,0,0,85
2008,2,8,11,30,14,0,0,0,0,0,0,83.45
2008,2,8,12,30,14,0,0,0,0,0,0,80.60000000000001
2008,2,8,13,30,15.700000000000001,0,0,0,0,0,0,70.95
2008,2,8,14,30,19.3,55,206,635,179,120,163,58.49
2008,2,8,15,30,22.6,74,445,829,829,74,445,45.47
2008,2,8,16,30,24.900000000000002,86,651,912,912,86,651,36.79
2008,2,8,17,30,26.400000000000002,94,805,955,955,94,805,32.6
2008,2,8,18,30,27.400000000000002,88,894,991,991,88,894,30.37
2008,2,8,19,30,27.900000000000002,89,900,988,988,89,900,29.32
2008,2,8,20,30,27.700000000000003,88,832,971,971,88,832,29.57
2008,2,8,21,30,27,81,693,937,447,260,552,30.990000000000002
2008,2,8,22,30,25.5,73,494,859,859,73,494,34.36
2008,2,8,23,30,22.5,57,261,706,59,141,158,42.96
2008,2,9,0,30,19.3,22,40,285,285,22,40,61.57
2008,2,9,1,30,17.5,0,0,0,0,0,0,72.13
2008,2,9,2,30,16.400000000000002,0,0,0,0,0,0,79.57000000000001
2008,2,9,3,30,15.600000000000001,0,0,0,0,0,0,84.55
2008,2,9,4,30,15,0,0,0,0,0,0,86.97
2008,2,9,5,30,14.600000000000001,0,0,0,0,0,0,87.35000000000001
2008,2,9,6,30,14.100000000000001,0,0,0,0,0,0,88.03
2008,2,9,7,30,13.700000000000001,0,0,0,0,0,0,87.98
2008,2,9,8,30,13.3,0,0,0,0,0,0,87.65
2008,2,9,9,30,13,0,0,0,0,0,0,86.94
2008,2,9,10,30,12.700000000000001,0,0,0,0,0,0,86.21000000000001
2008,2,9,11,30,12.200000000000001,0,0,0,0,0,0,86.3
2008,2,9,12,30,12.3,0,0,0,0,0,0,83.05
2008,2,9,13,30,15,0,0,0,0,0,0,70.03
2008,2,9,14,30,19.700000000000003,47,215,697,697,47,215,51.69
2008,2,9,15,30,24.1,65,456,872,872,65,456,36.660000000000004
2008,2,9,16,30,26.900000000000002,75,667,951,951,75,667,27.05
2008,2,9,17,30,28.5,81,822,991,991,81,822,23.81
2008,2,9,18,30,29.5,85,908,1008,1008,85,908,22.39
2008,2,9,19,30,29.8,86,917,1009,1009,86,917,22.04
2008,2,9,20,30,29.700000000000003,84,846,991,991,84,846,22.21
2008,2,9,21,30,28.900000000000002,83,704,947,947,83,704,23.38
2008,2,9,22,30,27.400000000000002,73,505,874,874,73,505,25.96
2008,2,9,23,30,23.900000000000002,58,267,720,720,58,267,34.85
2008,2,10,0,30,20.200000000000003,23,42,297,297,23,42,56.75
2008,2,10,1,30,18.3,0,0,0,0,0,0,67.57000000000001
2008,2,10,2,30,17.3,0,0,0,0,0,0,73.07000000000001
2008,2,10,3,30,16.8,0,0,0,0,0,0,74.74
2008,2,10,4,30,16.6,0,0,0,0,0,0,73.64
2008,2,10,5,30,16.3,0,0,0,0,0,0,72.65
2008,2,10,6,30,16,0,0,0,0,0,0,71.72
2008,2,10,7,30,15.600000000000001,0,0,0,0,0,0,71.34
2008,2,10,8,30,15.100000000000001,0,0,0,0,0,0,71.72
2008,2,10,9,30,14.600000000000001,0,0,0,0,0,0,72.27
2008,2,10,10,30,14,0,0,0,0,0,0,73.65
2008,2,10,11,30,13.3,0,0,0,0,0,0,75.88
2008,2,10,12,30,13.200000000000001,0,0,0,0,0,0,75.19
2008,2,10,13,30,15.8,0,0,0,0,0,0,65.25
2008,2,10,14,30,20.5,55,210,640,640,55,210,48.02
2008,2,10,15,30,24.400000000000002,78,446,815,815,78,446,36.46
2008,2,10,16,30,26.8,93,654,896,896,93,654,30.25
2008,2,10,17,30,28.200000000000003,104,806,936,936,104,806,27.150000000000002
2008,2,10,18,30,29,103,892,963,963,103,892,25.53
2008,2,10,19,30,29.200000000000003,107,900,959,959,107,900,25.07
2008,2,10,20,30,28.8,109,831,935,935,109,831,25.650000000000002
2008,2,10,21,30,27.900000000000002,103,690,891,413,270,542,27.2
2008,2,10,22,30,26.400000000000002,90,493,813,581,170,458,30.25
2008,2,10,23,30,23.5,68,260,655,17,152,157,37.910000000000004
2008,2,11,0,30,20.3,25,41,239,7,33,34,55.63
2008,2,11,1,30,18.5,0,0,0,0,0,0,65.37
2008,2,11,2,30,17.5,0,0,0,0,0,0,71.79
2008,2,11,3,30,16.7,0,0,0,0,0,0,76.51
2008,2,11,4,30,16.2,0,0,0,0,0,0,77.87
2008,2,11,5,30,15.600000000000001,0,0,0,0,0,0,78.48
2008,2,11,6,30,15,0,0,0,0,0,0,78.74
2008,2,11,7,30,14.4,0,0,0,0,0,0,79.2
2008,2,11,8,30,14,0,0,0,0,0,0,79.76
2008,2,11,9,30,13.700000000000001,0,0,0,0,0,0,80.53
2008,2,11,10,30,13.5,0,0,0,0,0,0,81.56
2008,2,11,11,30,13.4,0,0,0,0,0,0,82.67
2008,2,11,12,30,13.700000000000001,0,0,0,0,0,0,81.74
2008,2,11,13,30,16,0,0,0,0,0,0,72.44
2008,2,11,14,30,20.200000000000003,69,205,556,556,69,205,55.53
2008,2,11,15,30,23.700000000000003,92,444,774,774,92,444,43.45
2008,2,11,16,30,26.1,105,655,875,875,105,655,35.11
2008,2,11,17,30,27.6,115,809,920,920,115,809,29.07
2008,2,11,18,30,28.3,123,894,937,937,123,894,26.55
2008,2,11,19,30,28.6,126,899,932,932,126,899,25.76
2008,2,11,20,30,28.400000000000002,122,831,916,916,122,831,26.04
2008,2,11,21,30,27.5,126,686,846,846,126,686,27.45
2008,2,11,22,30,26.1,110,488,759,759,110,488,30.07
2008,2,11,23,30,23.200000000000003,79,258,607,607,79,258,37.29
2008,2,12,0,30,20,27,41,203,3,30,30,54.13
2008,2,12,1,30,18.1,0,0,0,0,0,0,64.57000000000001
2008,2,12,2,30,17,0,0,0,0,0,0,71.14
2008,2,12,3,30,16,0,0,0,0,0,0,76.7
2008,2,12,4,30,15.3,0,0,0,0,0,0,79.15
2008,2,12,5,30,14.700000000000001,0,0,0,0,0,0,80.14
2008,2,12,6,30,14.100000000000001,0,0,0,0,0,0,80.55
2008,2,12,7,30,13.600000000000001,0,0,0,0,0,0,80.39
2008,2,12,8,30,13.200000000000001,0,0,0,0,0,0,79.95
2008,2,12,9,30,12.8,0,0,0,0,0,0,79.97
2008,2,12,10,30,12.5,0,0,0,0,0,0,80.23
2008,2,12,11,30,12.200000000000001,0,0,0,0,0,0,80.89
2008,2,12,12,30,12.5,0,0,0,0,0,0,78.76
2008,2,12,13,30,15.100000000000001,11,14,152,152,11,14,68.86
2008,2,12,14,30,19.8,52,223,694,694,52,223,50.88
2008,2,12,15,30,23.6,70,467,868,868,70,467,31.830000000000002
2008,2,12,16,30,25.700000000000003,83,679,945,945,83,679,24.8
2008,2,12,17,30,26.8,91,833,981,981,91,833,23.28
2008,2,12,18,30,27.5,93,920,1002,1002,93,920,22.59
2008,2,12,19,30,27.6,95,926,998,998,95,926,22.69
2008,2,12,20,30,27.1,93,857,981,981,93,857,23.6
2008,2,12,21,30,26.1,86,716,947,537,250,607,25.25
2008,2,12,22,30,24.5,76,516,878,540,167,438,28.04
2008,2,12,23,30,21.5,58,279,740,232,146,215,34.84
2008,2,13,0,30,18.3,24,48,342,14,37,38,52.2
2008,2,13,1,30,16.8,0,0,0,0,0,0,61.620000000000005
2008,2,13,2,30,16.1,0,0,0,0,0,0,65.31
2008,2,13,3,30,15.700000000000001,0,0,0,0,0,0,67.24
2008,2,13,4,30,15.3,0,0,0,0,0,0,68.55
2008,2,13,5,30,14.9,0,0,0,0,0,0,69.17
2008,2,13,6,30,14.4,0,0,0,0,0,0,69.73
2008,2,13,7,30,13.9,0,0,0,0,0,0,69.4
2008,2,13,8,30,13.600000000000001,0,0,0,0,0,0,67.41
2008,2,13,9,30,13.3,0,0,0,0,0,0,66.04
2008,2,13,10,30,13.100000000000001,0,0,0,0,0,0,64.88
2008,2,13,11,30,12.700000000000001,0,0,0,0,0,0,65.26
2008,2,13,12,30,12.700000000000001,0,0,0,0,0,0,64.5
2008,2,13,13,30,15,12,15,173,173,12,15,57.35
2008,2,13,14,30,19.400000000000002,50,228,712,712,50,228,41.44
2008,2,13,15,30,23.3,67,475,886,886,67,475,27.91
2008,2,13,16,30,25.8,76,689,967,967,76,689,22.32
2008,2,13,17,30,27.200000000000003,81,847,1008,1008,81,847,20.29
2008,2,13,18,30,28.1,82,935,1028,1028,82,935,18.81
2008,2,13,19,30,28.400000000000002,83,944,1030,1030,83,944,18.080000000000002
2008,2,13,20,30,28.3,81,874,1016,1016,81,874,17.82
2008,2,13,21,30,27.6,75,732,984,984,75,732,18.26
2008,2,13,22,30,26.1,67,530,919,274,272,410,19.93
2008,2,13,23,30,22.5,52,288,785,235,155,225,26.59
2008,2,14,0,30,18.5,23,52,397,3,34,34,48.33
2008,2,14,1,30,16.7,0,0,0,0,0,0,54.370000000000005
2008,2,14,2,30,15.600000000000001,0,0,0,0,0,0,57.730000000000004
2008,2,14,3,30,14.700000000000001,0,0,0,0,0,0,60.38
2008,2,14,4,30,14,0,0,0,0,0,0,61.56
2008,2,14,5,30,13.4,0,0,0,0,0,0,62.230000000000004
2008,2,14,6,30,12.8,0,0,0,0,0,0,63.32
2008,2,14,7,30,12.4,0,0,0,0,0,0,63.9
2008,2,14,8,30,12.200000000000001,0,0,0,0,0,0,63.84
2008,2,14,9,30,12.3,0,0,0,0,0,0,62.17
2008,2,14,10,30,12.4,0,0,0,0,0,0,60.26
2008,2,14,11,30,12.600000000000001,0,0,0,0,0,0,57.68
2008,2,14,12,30,13,0,0,0,0,0,0,55.32
2008,2,14,13,30,15.100000000000001,12,17,191,191,12,17,50.36
2008,2,14,14,30,19.200000000000003,50,231,719,719,50,231,37.95
2008,2,14,15,30,23,67,478,889,889,67,478,25.560000000000002
2008,2,14,16,30,25.5,77,692,965,965,77,692,20.94
2008,2,14,17,30,27,83,850,1005,1005,83,850,19.52
2008,2,14,18,30,27.900000000000002,85,935,1022,1022,85,935,18.86
2008,2,14,19,30,28.3,86,944,1023,1023,86,944,18.66
2008,2,14,20,30,28.200000000000003,83,874,1010,1010,83,874,19.02
2008,2,14,21,30,27.400000000000002,77,732,977,977,77,732,20.27
2008,2,14,22,30,25.700000000000003,69,530,910,910,69,530,22.93
2008,2,14,23,30,22.200000000000003,54,288,772,772,54,288,30.32
2008,2,15,0,30,18.400000000000002,24,53,392,392,24,53,49.72
2008,2,15,1,30,16.5,0,0,0,0,0,0,58.18
2008,2,15,2,30,15.600000000000001,0,0,0,0,0,0,61.02
2008,2,15,3,30,15,0,0,0,0,0,0,62.13
2008,2,15,4,30,14.600000000000001,0,0,0,0,0,0,61.46
2008,2,15,5,30,14,0,0,0,0,0,0,61.56
2008,2,15,6,30,13.4,0,0,0,0,0,0,61.9
2008,2,15,7,30,12.8,0,0,0,0,0,0,62.29
2008,2,15,8,30,12.200000000000001,0,0,0,0,0,0,62.64
2008,2,15,9,30,11.600000000000001,0,0,0,0,0,0,63.050000000000004
2008,2,15,10,30,11,0,0,0,0,0,0,63.71
2008,2,15,11,30,10.5,0,0,0,0,0,0,64.19
2008,2,15,12,30,10.600000000000001,0,0,0,0,0,0,62.25
2008,2,15,13,30,13.700000000000001,12,19,249,249,12,19,52.31
2008,2,15,14,30,18.7,47,242,767,767,47,242,37.410000000000004
2008,2,15,15,30,23.5,63,494,926,926,63,494,24.43
2008,2,15,16,30,26.8,73,712,999,999,73,712,14.73
2008,2,15,17,30,28.400000000000002,79,868,1030,1030,79,868,13.41
2008,2,15,18,30,29.400000000000002,81,956,1048,1048,81,956,12.85
2008,2,15,19,30,29.900000000000002,81,966,1050,1050,81,966,12.67
2008,2,15,20,30,29.700000000000003,80,895,1036,1036,80,895,12.92
2008,2,15,21,30,29,74,750,1005,1005,74,750,13.51
2008,2,15,22,30,27.5,66,542,935,935,66,542,15.02
2008,2,15,23,30,23.400000000000002,52,297,803,803,52,297,23.28
2008,2,16,0,30,19.1,23,56,426,426,23,56,46.1
2008,2,16,1,30,17.3,0,0,0,0,0,0,49.480000000000004
2008,2,16,2,30,16.3,0,0,0,0,0,0,52.300000000000004
2008,2,16,3,30,15.5,0,0,0,0,0,0,53.99
2008,2,16,4,30,15.100000000000001,0,0,0,0,0,0,53.15
2008,2,16,5,30,14.9,0,0,0,0,0,0,50.75
2008,2,16,6,30,14.700000000000001,0,0,0,0,0,0,48.51
2008,2,16,7,30,14.3,0,0,0,0,0,0,47.300000000000004
2008,2,16,8,30,13.4,0,0,0,0,0,0,48.59
2008,2,16,9,30,12.4,0,0,0,0,0,0,51.17
2008,2,16,10,30,11.8,0,0,0,0,0,0,53.22
2008,2,16,11,30,11.4,0,0,0,0,0,0,54.51
2008,2,16,12,30,11.600000000000001,0,0,0,0,0,0,53.050000000000004
2008,2,16,13,30,14.600000000000001,13,19,235,235,13,19,45.84
2008,2,16,14,30,19.400000000000002,48,242,754,754,48,242,32.53
2008,2,16,15,30,24.200000000000003,63,490,912,912,63,490,20.85
2008,2,16,16,30,27.700000000000003,72,706,986,986,72,706,14.65
2008,2,16,17,30,29.1,78,865,1023,1023,78,865,14.68
2008,2,16,18,30,30,79,953,1043,1043,79,953,14.44
2008,2,16,19,30,30.3,80,959,1040,1040,80,959,14.35
2008,2,16,20,30,30,78,889,1026,1026,78,889,14.67
2008,2,16,21,30,29.1,75,745,991,991,75,745,15.46
2008,2,16,22,30,27.400000000000002,66,541,927,927,66,541,17.23
2008,2,16,23,30,23.400000000000002,53,297,794,794,53,297,23.71
2008,2,17,0,30,19,24,57,419,419,24,57,45.04
2008,2,17,1,30,17,0,0,0,0,0,0,53.01
2008,2,17,2,30,16.1,0,0,0,0,0,0,56.9
2008,2,17,3,30,15.600000000000001,0,0,0,0,0,0,58.59
2008,2,17,4,30,15.3,0,0,0,0,0,0,58.370000000000005
2008,2,17,5,30,15.200000000000001,0,0,0,0,0,0,56.84
2008,2,17,6,30,14.9,0,0,0,0,0,0,56.15
2008,2,17,7,30,14.700000000000001,0,0,0,0,0,0,54.800000000000004
2008,2,17,8,30,14.3,0,0,0,0,0,0,53.89
2008,2,17,9,30,13.700000000000001,0,0,0,0,0,0,53.92
2008,2,17,10,30,12.9,0,0,0,0,0,0,55.77
2008,2,17,11,30,12.200000000000001,0,0,0,0,0,0,57.81
2008,2,17,12,30,12,0,0,0,0,0,0,58
2008,2,17,13,30,14.600000000000001,13,21,289,289,13,21,51.95
2008,2,17,14,30,19.6,42,248,793,793,42,248,35.9
2008,2,17,15,30,24,53,499,947,947,53,499,23.96
2008,2,17,16,30,27,59,719,1022,1022,59,719,16.73
2008,2,17,17,30,28.700000000000003,63,879,1056,1056,63,879,14.23
2008,2,17,18,30,29.8,67,963,1065,1065,67,963,13.16
2008,2,17,19,30,30.3,68,973,1066,1066,68,973,12.77
2008,2,17,20,30,30.200000000000003,66,902,1054,1054,66,902,13.01
2008,2,17,21,30,29.400000000000002,65,755,1016,1016,65,755,14.26
2008,2,17,22,30,27.6,59,549,954,954,59,549,17.2
2008,2,17,23,30,23.6,48,302,820,820,48,302,25.64
2008,2,18,0,30,19.200000000000003,23,59,446,446,23,59,46.95
2008,2,18,1,30,16.7,0,0,0,0,0,0,60.38
2008,2,18,2,30,15.3,0,0,0,0,0,0,69.09
2008,2,18,3,30,14.4,0,0,0,0,0,0,73.68
2008,2,18,4,30,13.9,0,0,0,0,0,0,73.93
2008,2,18,5,30,13.8,0,0,0,0,0,0,70.82000000000001
2008,2,18,6,30,13.5,0,0,0,0,0,0,68.55
2008,2,18,7,30,12.9,0,0,0,0,0,0,68.31
2008,2,18,8,30,12.200000000000001,0,0,0,0,0,0,68.91
2008,2,18,9,30,11.5,0,0,0,0,0,0,69.71000000000001
2008,2,18,10,30,11.100000000000001,0,0,0,0,0,0,69.62
2008,2,18,11,30,10.700000000000001,0,0,0,0,0,0,70.04
2008,2,18,12,30,11.100000000000001,0,0,0,0,0,0,67.27
2008,2,18,13,30,14.200000000000001,14,22,268,268,14,22,57.93
2008,2,18,14,30,18.900000000000002,46,248,772,772,46,248,44.34
2008,2,18,15,30,22.700000000000003,61,497,921,921,61,497,36.36
2008,2,18,16,30,25.400000000000002,69,713,992,992,69,713,29.96
2008,2,18,17,30,27.200000000000003,75,869,1024,1024,75,869,25.84
2008,2,18,18,30,28.3,79,957,1039,1039,79,957,23.62
2008,2,18,19,30,28.900000000000002,80,963,1036,1036,80,963,22.36
2008,2,18,20,30,29,78,892,1022,1022,78,892,21.82
2008,2,18,21,30,28.6,75,748,988,988,75,748,21.93
2008,2,18,22,30,27.200000000000003,67,544,923,923,67,544,23.69
2008,2,18,23,30,23.6,54,299,786,786,54,299,30.76
2008,2,19,0,30,19.400000000000002,26,59,403,403,26,59,50.53
2008,2,19,1,30,17.1,0,0,0,0,0,0,62.120000000000005
2008,2,19,2,30,16.1,0,0,0,0,0,0,67.68
2008,2,19,3,30,15.5,0,0,0,0,0,0,69.43
2008,2,19,4,30,15.200000000000001,0,0,0,0,0,0,68.61
2008,2,19,5,30,15.100000000000001,0,0,0,0,0,0,66.45
2008,2,19,6,30,15,0,0,0,0,0,0,64.48
2008,2,19,7,30,14.600000000000001,0,0,0,0,0,0,64.23
2008,2,19,8,30,14,0,0,0,0,0,0,65.55
2008,2,19,9,30,13.3,0,0,0,0,0,0,67.64
2008,2,19,10,30,12.8,0,0,0,0,0,0,69.10000000000001
2008,2,19,11,30,12.4,0,0,0,0,0,0,70.21000000000001
2008,2,19,12,30,12.4,0,0,0,0,0,0,70.12
2008,2,19,13,30,14.700000000000001,15,23,249,249,15,23,63.870000000000005
2008,2,19,14,30,18.6,49,249,754,754,49,249,51.56
2008,2,19,15,30,21.8,64,500,914,914,64,500,41.33
2008,2,19,16,30,24.400000000000002,72,717,989,989,72,717,31.54
2008,2,19,17,30,26.400000000000002,76,873,1023,1023,76,873,25.73
2008,2,19,18,30,27.8,77,961,1043,1043,77,961,22.52
2008,2,19,19,30,28.5,77,970,1045,1045,77,970,20.95
2008,2,19,20,30,28.700000000000003,75,899,1032,1032,75,899,20.32
2008,2,19,21,30,28.400000000000002,71,755,1000,1000,71,755,20.21
2008,2,19,22,30,27.200000000000003,63,550,938,938,63,550,21.52
2008,2,19,23,30,23.6,51,305,811,811,51,305,28.44
2008,2,20,0,30,19.400000000000002,25,62,447,447,25,62,50.89
2008,2,20,1,30,17.2,0,0,0,0,0,0,59.09
2008,2,20,2,30,16,0,0,0,0,0,0,65.07000000000001
2008,2,20,3,30,15.200000000000001,0,0,0,0,0,0,69.03
2008,2,20,4,30,14.600000000000001,0,0,0,0,0,0,70.46000000000001
2008,2,20,5,30,14.100000000000001,0,0,0,0,0,0,69.95
2008,2,20,6,30,13.8,0,0,0,0,0,0,68.17
2008,2,20,7,30,13.600000000000001,0,0,0,0,0,0,66.14
2008,2,20,8,30,13.600000000000001,0,0,0,0,0,0,63.6
2008,2,20,9,30,13.700000000000001,0,0,0,0,0,0,60.81
2008,2,20,10,30,13.9,0,0,0,0,0,0,57.86
2008,2,20,11,30,13.9,0,0,0,0,0,0,55.93
2008,2,20,12,30,13.9,0,0,0,0,0,0,54.61
2008,2,20,13,30,16.1,15,25,284,284,15,25,50.01
2008,2,20,14,30,20.400000000000002,47,255,776,776,47,255,38.43
2008,2,20,15,30,24.1,61,507,929,929,61,507,27.2
2008,2,20,16,30,26.5,68,725,1002,1002,68,725,21.02
2008,2,20,17,30,28,73,884,1037,1037,73,884,18.080000000000002
2008,2,20,18,30,29,78,972,1051,1051,78,972,16.330000000000002
2008,2,20,19,30,29.400000000000002,79,981,1052,1052,79,981,15.52
2008,2,20,20,30,29.200000000000003,78,910,1037,1037,78,910,15.530000000000001
2008,2,20,21,30,28.3,74,764,1003,1003,74,764,16.3
2008,2,20,22,30,26.400000000000002,67,554,934,934,67,554,18.7
2008,2,20,23,30,23,54,308,803,803,54,308,25.66
2008,2,21,0,30,19.6,26,64,437,437,26,64,44.85
2008,2,21,1,30,17.8,0,0,0,0,0,0,54.9
2008,2,21,2,30,16.8,0,0,0,0,0,0,61.02
2008,2,21,3,30,16.1,0,0,0,0,0,0,64.53
2008,2,21,4,30,15.5,0,0,0,0,0,0,65.62
2008,2,21,5,30,15.200000000000001,0,0,0,0,0,0,64.83
2008,2,21,6,30,14.9,0,0,0,0,0,0,63.88
2008,2,21,7,30,14.600000000000001,0,0,0,0,0,0,62.68
2008,2,21,8,30,14.4,0,0,0,0,0,0,61.1
2008,2,21,9,30,14.200000000000001,0,0,0,0,0,0,59.730000000000004
2008,2,21,10,30,13.9,0,0,0,0,0,0,58.89
2008,2,21,11,30,13.5,0,0,0,0,0,0,58.24
2008,2,21,12,30,13.600000000000001,0,0,0,0,0,0,54.96
2008,2,21,13,30,15.9,16,28,311,311,16,28,49.15
2008,2,21,14,30,20.6,48,259,781,781,48,259,34.9
2008,2,21,15,30,24.6,63,513,932,932,63,513,18.79
2008,2,21,16,30,26.900000000000002,72,732,1001,1001,72,732,12.84
2008,2,21,17,30,28.3,78,888,1031,1031,78,888,11.91
2008,2,21,18,30,29.200000000000003,82,976,1046,779,224,890,11.9
2008,2,21,19,30,29.6,83,980,1041,798,216,903,12.48
2008,2,21,20,30,29.400000000000002,82,906,1023,760,213,825,13.58
2008,2,21,21,30,28.5,81,760,984,253,339,513,15.3
2008,2,21,22,30,26.700000000000003,73,551,913,206,278,386,18.29
2008,2,21,23,30,23.3,58,305,776,198,159,222,24.810000000000002
2008,2,22,0,30,19.200000000000003,28,63,402,402,28,63,43.17
2008,2,22,1,30,16.8,0,0,0,0,0,0,54.92
2008,2,22,2,30,15.600000000000001,0,0,0,0,0,0,61.620000000000005
2008,2,22,3,30,14.9,0,0,0,0,0,0,65.99
2008,2,22,4,30,14.5,0,0,0,0,0,0,67.19
2008,2,22,5,30,14.200000000000001,0,0,0,0,0,0,66.62
2008,2,22,6,30,14,0,0,0,0,0,0,64.86
2008,2,22,7,30,13.9,0,0,0,0,0,0,62.56
2008,2,22,8,30,13.8,0,0,0,0,0,0,60.89
2008,2,22,9,30,13.5,0,0,0,0,0,0,59.81
2008,2,22,10,30,12.9,0,0,0,0,0,0,59.01
2008,2,22,11,30,12.100000000000001,0,0,0,0,0,0,59.230000000000004
2008,2,22,12,30,11.9,0,0,0,0,0,0,58.230000000000004
2008,2,22,13,30,14.8,16,28,287,287,16,28,50.71
2008,2,22,14,30,20,50,260,765,765,50,260,34
2008,2,22,15,30,24.400000000000002,65,512,920,920,65,512,21.150000000000002
2008,2,22,16,30,27.400000000000002,74,731,992,992,74,731,15.040000000000001
2008,2,22,17,30,29.200000000000003,79,891,1028,1028,79,891,12.83
2008,2,22,18,30,30.400000000000002,82,979,1046,1046,82,979,11.77
2008,2,22,19,30,31,82,987,1047,1047,82,987,11.47
2008,2,22,20,30,30.900000000000002,80,912,1029,1029,80,912,11.77
2008,2,22,21,30,30.3,75,766,999,999,75,766,12.58
2008,2,22,22,30,28.8,67,559,936,936,67,559,14.46
2008,2,22,23,30,24.8,53,312,808,808,53,312,20.900000000000002
2008,2,23,0,30,20.3,26,66,444,444,26,66,41.62
2008,2,23,1,30,18,0,0,0,0,0,0,50.85
2008,2,23,2,30,16.8,0,0,0,0,0,0,55.93
2008,2,23,3,30,15.9,0,0,0,0,0,0,58.31
2008,2,23,4,30,15.200000000000001,0,0,0,0,0,0,58.06
2008,2,23,5,30,14.700000000000001,0,0,0,0,0,0,56.39
2008,2,23,6,30,14.4,0,0,0,0,0,0,53.83
2008,2,23,7,30,14,0,0,0,0,0,0,51.82
2008,2,23,8,30,13.5,0,0,0,0,0,0,50.52
2008,2,23,9,30,12.8,0,0,0,0,0,0,50.67
2008,2,23,10,30,12,0,0,0,0,0,0,51.76
2008,2,23,11,30,11.3,0,0,0,0,0,0,52.68
2008,2,23,12,30,11.4,0,0,0,0,0,0,50.86
2008,2,23,13,30,14.700000000000001,17,30,308,308,17,30,43.95
2008,2,23,14,30,20.1,50,264,775,775,50,264,27.19
2008,2,23,15,30,24.900000000000002,65,518,926,926,65,518,17.93
2008,2,23,16,30,28.5,74,734,992,992,74,734,12.99
2008,2,23,17,30,30.6,80,894,1027,1027,80,894,10.93
2008,2,23,18,30,31.900000000000002,86,981,1039,1039,86,981,10.23
2008,2,23,19,30,32.6,87,985,1036,1036,87,985,10.200000000000001
2008,2,23,20,30,32.6,85,914,1022,1022,85,914,10.69
2008,2,23,21,30,32,82,766,984,984,82,766,11.53
2008,2,23,22,30,30.6,73,557,915,915,73,557,13.05
2008,2,23,23,30,26.5,58,310,782,782,58,310,19.84
2008,2,24,0,30,21.8,28,66,415,415,28,66,40.75
2008,2,24,1,30,19.200000000000003,0,0,0,0,0,0,49.45
2008,2,24,2,30,17.8,0,0,0,0,0,0,56.6
2008,2,24,3,30,16.8,0,0,0,0,0,0,61.18
2008,2,24,4,30,16.400000000000002,0,0,0,0,0,0,61.730000000000004
2008,2,24,5,30,16.3,0,0,0,0,0,0,59.34
2008,2,24,6,30,16.2,0,0,0,0,0,0,56.18
2008,2,24,7,30,15.8,0,0,0,0,0,0,54.65
2008,2,24,8,30,15.3,0,0,0,0,0,0,54.01
2008,2,24,9,30,14.9,0,0,0,0,0,0,53.31
2008,2,24,10,30,14.4,0,0,0,0,0,0,53.43
2008,2,24,11,30,13.8,0,0,0,0,0,0,54.19
2008,2,24,12,30,13.700000000000001,0,0,0,0,0,0,53.14
2008,2,24,13,30,16.6,18,30,271,271,18,30,47.47
2008,2,24,14,30,21.8,54,262,745,745,54,262,31.240000000000002
2008,2,24,15,30,26.5,70,515,904,904,70,515,21.13
2008,2,24,16,30,30.1,79,736,983,983,79,736,15.13
2008,2,24,17,30,32.300000000000004,84,896,1021,1021,84,896,12.71
2008,2,24,18,30,33.7,87,984,1038,1038,87,984,11.28
2008,2,24,19,30,34.4,87,988,1035,1035,87,988,10.49
2008,2,24,20,30,34.4,85,916,1020,1020,85,916,10.31
2008,2,24,21,30,33.800000000000004,81,769,986,986,81,769,10.76
2008,2,24,22,30,31.900000000000002,73,558,914,914,73,558,12.64
2008,2,24,23,30,28,60,309,770,770,60,309,19.64
2008,2,25,0,30,23.400000000000002,29,65,388,388,29,65,36.65
2008,2,25,1,30,20.6,0,0,0,0,0,0,48.11
2008,2,25,2,30,19.3,0,0,0,0,0,0,54.99
2008,2,25,3,30,18.3,0,0,0,0,0,0,60.09
2008,2,25,4,30,17.2,0,0,0,0,0,0,64.4
2008,2,25,5,30,16.2,0,0,0,0,0,0,67.04
2008,2,25,6,30,15.600000000000001,0,0,0,0,0,0,69.66
2008,2,25,7,30,15.3,0,0,0,0,0,0,71.3
2008,2,25,8,30,15.100000000000001,0,0,0,0,0,0,72.56
2008,2,25,9,30,14.8,0,0,0,0,0,0,74.08
2008,2,25,10,30,14.600000000000001,0,0,0,0,0,0,74.86
2008,2,25,11,30,14.5,0,0,0,0,0,0,74.58
2008,2,25,12,30,14.8,0,0,0,0,0,0,72.11
2008,2,25,13,30,17,20,29,176,176,20,29,64.06
2008,2,25,14,30,21.200000000000003,67,249,647,647,67,249,47.89
2008,2,25,15,30,25.200000000000003,89,496,822,822,89,496,32.35
2008,2,25,16,30,28.1,102,713,910,910,102,713,24.42
2008,2,25,17,30,29.900000000000002,109,871,954,954,109,871,21.89
2008,2,25,18,30,31.200000000000003,113,957,973,973,113,957,20.150000000000002
2008,2,25,19,30,32,112,966,977,977,112,966,18.93
2008,2,25,20,30,32,109,894,962,962,109,894,18.56
2008,2,25,21,30,31.200000000000003,103,749,923,923,103,749,18.94
2008,2,25,22,30,29.6,90,544,852,852,90,544,20.37
2008,2,25,23,30,26,70,302,712,712,70,302,26.67
2008,2,26,0,30,21.8,32,64,339,339,32,64,42.84
2008,2,26,1,30,19,0,0,0,0,0,0,52.72
2008,2,26,2,30,17.5,0,0,0,0,0,0,58.7
2008,2,26,3,30,16.400000000000002,0,0,0,0,0,0,63.4
2008,2,26,4,30,15.8,0,0,0,0,0,0,65.77
2008,2,26,5,30,15.5,0,0,0,0,0,0,66.48
2008,2,26,6,30,15.4,0,0,0,0,0,0,66.44
2008,2,26,7,30,15.3,0,0,0,0,0,0,66.08
2008,2,26,8,30,15.100000000000001,0,0,0,0,0,0,65.82000000000001
2008,2,26,9,30,14.8,0,0,0,0,0,0,65.94
2008,2,26,10,30,14.5,0,0,0,0,0,0,65.98
2008,2,26,11,30,14.100000000000001,0,0,0,0,0,0,66.54
2008,2,26,12,30,14.100000000000001,0,0,0,0,0,0,65.47
2008,2,26,13,30,16.400000000000002,20,34,283,283,20,34,60.22
2008,2,26,14,30,21,55,270,751,751,55,270,42.89
2008,2,26,15,30,25.400000000000002,71,525,910,910,71,525,25.16
2008,2,26,16,30,28.5,79,744,985,985,79,744,16.92
2008,2,26,17,30,30.6,84,904,1022,1022,84,904,13.790000000000001
2008,2,26,18,30,32,85,992,1042,1042,85,992,12.200000000000001
2008,2,26,19,30,32.7,86,999,1042,1042,86,999,11.450000000000001
2008,2,26,20,30,32.7,83,923,1025,1025,83,923,11.33
2008,2,26,21,30,32,78,776,993,993,78,776,11.81
2008,2,26,22,30,30.200000000000003,70,565,925,925,70,565,13.64
2008,2,26,23,30,26.1,57,316,790,790,57,316,20.2
2008,2,27,0,30,21.200000000000003,29,69,418,418,29,69,37.25
2008,2,27,1,30,18.3,0,0,0,0,0,0,50.47
2008,2,27,2,30,17,0,0,0,0,0,0,59.160000000000004
2008,2,27,3,30,16.1,0,0,0,0,0,0,64.26
2008,2,27,4,30,15.4,0,0,0,0,0,0,66.84
2008,2,27,5,30,14.9,0,0,0,0,0,0,66.55
2008,2,27,6,30,14.600000000000001,0,0,0,0,0,0,64.04
2008,2,27,7,30,14.200000000000001,0,0,0,0,0,0,61.99
2008,2,27,8,30,13.5,0,0,0,0,0,0,61.67
2008,2,27,9,30,12.600000000000001,0,0,0,0,0,0,62.74
2008,2,27,10,30,11.8,0,0,0,0,0,0,62.78
2008,2,27,11,30,11.3,0,0,0,0,0,0,61.02
2008,2,27,12,30,11.600000000000001,0,0,0,0,0,0,57.120000000000005
2008,2,27,13,30,13.5,22,34,227,227,22,34,48.6
2008,2,27,14,30,17,65,264,692,692,65,264,36.47
2008,2,27,15,30,21,84,516,861,861,84,516,30.560000000000002
2008,2,27,16,30,24.8,95,734,943,943,95,734,26.25
2008,2,27,17,30,27.6,101,891,981,981,101,891,22.06
2008,2,27,18,30,29.200000000000003,103,975,998,998,103,975,19.32
2008,2,27,19,30,30,105,982,998,998,105,982,18.16
2008,2,27,20,30,30,103,906,977,977,103,906,18.22
2008,2,27,21,30,29.400000000000002,99,757,934,934,99,757,19.150000000000002
2008,2,27,22,30,28,89,549,855,855,89,549,21.5
2008,2,27,23,30,24.8,72,302,698,698,72,302,28.05
2008,2,28,0,30,20.8,34,65,317,317,34,65,46.52
2008,2,28,1,30,18.6,0,0,0,0,0,0,59.93
2008,2,28,2,30,17.400000000000002,0,0,0,0,0,0,70.57000000000001
2008,2,28,3,30,16.3,0,0,0,0,0,0,80.24
2008,2,28,4,30,15.600000000000001,0,0,0,0,0,0,85.29
2008,2,28,5,30,15.200000000000001,0,0,0,0,0,0,87.2
2008,2,28,6,30,14.8,0,0,0,0,0,0,87.75
2008,2,28,7,30,14.600000000000001,0,0,0,0,0,0,85.24
2008,2,28,8,30,14.4,0,0,0,0,0,0,81.7
2008,2,28,9,30,14.3,0,0,0,0,0,0,77.74
2008,2,28,10,30,14.200000000000001,0,0,0,0,0,0,74.21000000000001
2008,2,28,11,30,14.200000000000001,0,0,0,0,0,0,70.87
2008,2,28,12,30,14.5,0,0,0,0,0,0,67.54
2008,2,28,13,30,16.400000000000002,23,35,214,214,23,35,61.620000000000005
2008,2,28,14,30,19.200000000000003,69,263,665,665,69,263,49.910000000000004
2008,2,28,15,30,21.700000000000003,91,512,833,833,91,512,40.32
2008,2,28,16,30,24,104,728,914,914,104,728,31.42
2008,2,28,17,30,25.8,113,886,956,956,113,886,25.54
2008,2,28,18,30,26.900000000000002,115,973,979,979,115,973,22.77
2008,2,28,19,30,27.5,116,980,979,979,116,980,21.82
2008,2,28,20,30,27.700000000000003,113,907,963,963,113,907,21.64
2008,2,28,21,30,27.400000000000002,104,759,926,926,104,759,22.27
2008,2,28,22,30,26.400000000000002,91,553,855,855,91,553,24.09
2008,2,28,23,30,23.6,71,307,710,710,71,307,29.91
2008,3,1,0,30,20.6,32,71,387,387,32,71,44.31
2008,3,1,1,30,18.3,0,0,0,0,0,0,53.77
2008,3,1,2,30,17.2,0,0,0,0,0,0,59.4
2008,3,1,3,30,16.2,0,0,0,0,0,0,65.6
2008,3,1,4,30,15.5,0,0,0,0,0,0,69.22
2008,3,1,5,30,14.9,0,0,0,0,0,0,70.87
2008,3,1,6,30,14.4,0,0,0,0,0,0,71.10000000000001
2008,3,1,7,30,14.100000000000001,0,0,0,0,0,0,69.94
2008,3,1,8,30,13.700000000000001,0,0,0,0,0,0,69.35000000000001
2008,3,1,9,30,13.4,0,0,0,0,0,0,68.46000000000001
2008,3,1,10,30,13,0,0,0,0,0,0,68.21000000000001
2008,3,1,11,30,12.600000000000001,0,0,0,0,0,0,68.42
2008,3,1,12,30,13.100000000000001,0,0,0,0,0,0,65.22
2008,3,1,13,30,16.3,23,40,256,256,23,40,55.67
2008,3,1,14,30,21.400000000000002,66,271,687,687,66,271,37.85
2008,3,1,15,30,25.8,87,518,842,472,192,434,25.080000000000002
2008,3,1,16,30,28.6,100,732,918,555,223,605,19.39
2008,3,1,17,30,30.200000000000003,111,890,956,956,111,890,17.68
2008,3,1,18,30,31.3,133,966,944,504,333,778,16.97
2008,3,1,19,30,31.6,137,972,940,940,137,972,17.25
2008,3,1,20,30,31.400000000000002,138,894,911,633,284,810,17.87
2008,3,1,21,30,30.6,144,742,839,454,293,617,19.02
2008,3,1,22,30,29.1,124,538,761,390,234,446,20.91
2008,3,1,23,30,26.1,95,297,602,42,163,177,25.310000000000002
2008,3,2,0,30,22.400000000000002,41,64,224,31,57,60,35.02
2008,3,2,1,30,19.6,0,0,0,0,0,0,44.42
2008,3,2,2,30,17.900000000000002,0,0,0,0,0,0,50.84
2008,3,2,3,30,16.7,0,0,0,0,0,0,55.74
2008,3,2,4,30,15.9,0,0,0,0,0,0,57.76
2008,3,2,5,30,15.4,0,0,0,0,0,0,57.7
2008,3,2,6,30,15,0,0,0,0,0,0,56.95
2008,3,2,7,30,14.5,0,0,0,0,0,0,56.71
2008,3,2,8,30,14.200000000000001,0,0,0,0,0,0,56.26
2008,3,2,9,30,14.100000000000001,0,0,0,0,0,0,55.63
2008,3,2,10,30,14.100000000000001,0,0,0,0,0,0,55.6
2008,3,2,11,30,14.200000000000001,0,0,0,0,0,0,56.49
2008,3,2,12,30,14.700000000000001,0,0,0,0,0,0,54.42
2008,3,2,13,30,17.2,27,40,205,205,27,40,50.56
2008,3,2,14,30,21.700000000000003,74,269,645,645,74,269,35.02
2008,3,2,15,30,25.6,95,518,822,822,95,518,20.93
2008,3,2,16,30,27.8,106,734,909,909,106,734,17.62
2008,3,2,17,30,29.1,112,892,954,954,112,892,17.32
2008,3,2,18,30,29.8,112,979,979,579,385,898,17.48
2008,3,2,19,30,29.900000000000002,113,985,978,978,113,985,17.95
2008,3,2,20,30,29.1,112,908,957,433,421,782,19.38
2008,3,2,21,30,27.1,103,763,923,923,103,763,22.740000000000002
2008,3,2,22,30,24.8,92,557,851,429,220,454,27.98
2008,3,2,23,30,22.3,73,310,705,705,73,310,35.86
2008,3,3,0,30,20,35,70,342,342,35,70,48.13
2008,3,3,1,30,18.5,0,0,0,0,0,0,58.21
2008,3,3,2,30,17.6,0,0,0,0,0,0,64.21000000000001
2008,3,3,3,30,16.900000000000002,0,0,0,0,0,0,68.88
2008,3,3,4,30,16.3,0,0,0,0,0,0,71.69
2008,3,3,5,30,15.9,0,0,0,0,0,0,72.86
2008,3,3,6,30,15.5,0,0,0,0,0,0,73.65
2008,3,3,7,30,15.3,0,0,0,0,0,0,73.04
2008,3,3,8,30,15.100000000000001,0,0,0,0,0,0,71.96000000000001
2008,3,3,9,30,14.9,0,0,0,0,0,0,70.97
2008,3,3,10,30,14.700000000000001,0,0,0,0,0,0,70.11
2008,3,3,11,30,14.5,0,0,0,0,0,0,69.07000000000001
2008,3,3,12,30,14.8,0,0,0,0,0,0,65.87
2008,3,3,13,30,16.8,25,46,301,7,34,34,59.81
2008,3,3,14,30,21.1,62,284,731,308,136,230,42.17
2008,3,3,15,30,25,79,538,884,168,305,392,20.02
2008,3,3,16,30,27.400000000000002,89,755,958,682,269,743,12.93
2008,3,3,17,30,28.900000000000002,94,914,998,998,94,914,11.07
2008,3,3,18,30,29.8,92,1002,1023,290,514,771,10.18
2008,3,3,19,30,30,92,1007,1024,75,438,504,9.92
2008,3,3,20,30,29.6,90,933,1009,821,173,858,10.09
2008,3,3,21,30,28.5,83,783,975,665,221,698,10.950000000000001
2008,3,3,22,30,26.700000000000003,75,574,911,479,210,472,12.870000000000001
2008,3,3,23,30,23.6,60,324,778,778,60,324,17.46
2008,3,4,0,30,20.1,31,77,434,36,55,59,31.94
2008,3,4,1,30,18,0,0,0,0,0,0,44.230000000000004
2008,3,4,2,30,16.8,0,0,0,0,0,0,51.47
2008,3,4,3,30,16.1,0,0,0,0,0,0,55.34
2008,3,4,4,30,15.9,0,0,0,0,0,0,55.92
2008,3,4,5,30,15.8,0,0,0,0,0,0,55.85
2008,3,4,6,30,15.700000000000001,0,0,0,0,0,0,55.36
2008,3,4,7,30,15.5,0,0,0,0,0,0,54.78
2008,3,4,8,30,15.4,0,0,0,0,0,0,53.56
2008,3,4,9,30,15.5,0,0,0,0,0,0,52.120000000000005
2008,3,4,10,30,15.600000000000001,0,0,0,0,0,0,51.17
2008,3,4,11,30,15.8,0,0,0,0,0,0,49.71
2008,3,4,12,30,16.2,0,0,0,0,0,0,47.26
2008,3,4,13,30,18,23,49,352,0,19,20,44.86
2008,3,4,14,30,21.200000000000003,55,287,752,2,64,65,31.78
2008,3,4,15,30,24.6,71,537,892,19,244,254,20.32
2008,3,4,16,30,27,80,751,960,506,259,613,16.2
2008,3,4,17,30,28.200000000000003,86,907,996,39,369,401,14.5
2008,3,4,18,30,28.5,92,988,1005,285,440,694,13.98
2008,3,4,19,30,28,94,994,1003,107,442,537,14.43
2008,3,4,20,30,27,92,920,987,19,320,336,15.41
2008,3,4,21,30,25.8,88,770,948,500,259,619,16.85
2008,3,4,22,30,24.200000000000003,79,562,878,52,246,274,19.51
2008,3,4,23,30,22,63,318,748,1,117,117,26.490000000000002
2008,3,5,0,30,19.900000000000002,32,76,413,0,28,28,40.35
2008,3,5,1,30,18.900000000000002,0,0,0,0,0,0,46.34
2008,3,5,2,30,18.400000000000002,0,0,0,0,0,0,48.21
2008,3,5,3,30,17.900000000000002,0,0,0,0,0,0,49.26
2008,3,5,4,30,17.3,0,0,0,0,0,0,49.82
2008,3,5,5,30,16.6,0,0,0,0,0,0,49.92
2008,3,5,6,30,15.9,0,0,0,0,0,0,48.59
2008,3,5,7,30,15.4,0,0,0,0,0,0,47.81
2008,3,5,8,30,15.100000000000001,0,0,0,0,0,0,46.82
2008,3,5,9,30,14.700000000000001,0,0,0,0,0,0,46.33
2008,3,5,10,30,14.200000000000001,0,0,0,0,0,0,45.96
2008,3,5,11,30,13.8,0,0,0,0,0,0,45.09
2008,3,5,12,30,14.200000000000001,0,0,0,0,0,0,42.79
2008,3,5,13,30,17,23,54,419,419,23,54,41.08
2008,3,5,14,30,21.900000000000002,50,302,809,809,50,302,24.73
2008,3,5,15,30,25.700000000000003,62,556,940,940,62,556,13.61
2008,3,5,16,30,27.8,70,774,1003,1003,70,774,11.21
2008,3,5,17,30,29.200000000000003,75,932,1036,1036,75,932,10.38
2008,3,5,18,30,30.1,80,1017,1046,1046,80,1017,10.02
2008,3,5,19,30,30.3,81,1023,1047,1047,81,1023,10.120000000000001
2008,3,5,20,30,30,78,945,1032,1032,78,945,10.57
2008,3,5,21,30,28.900000000000002,81,794,989,989,81,794,11.69
2008,3,5,22,30,27.1,72,582,925,925,72,582,13.75
2008,3,5,23,30,23.900000000000002,57,332,803,803,57,332,18.12
2008,3,6,0,30,19.8,30,81,469,469,30,81,29.22
2008,3,6,1,30,17,0,0,0,0,0,0,43.43
2008,3,6,2,30,15.700000000000001,0,0,0,0,0,0,52.550000000000004
2008,3,6,3,30,14.8,0,0,0,0,0,0,57.77
2008,3,6,4,30,14.100000000000001,0,0,0,0,0,0,59.78
2008,3,6,5,30,13.700000000000001,0,0,0,0,0,0,59.44
2008,3,6,6,30,13.3,0,0,0,0,0,0,58.07
2008,3,6,7,30,13,0,0,0,0,0,0,55.75
2008,3,6,8,30,12.700000000000001,0,0,0,0,0,0,53.7
2008,3,6,9,30,12.5,0,0,0,0,0,0,51.59
2008,3,6,10,30,12.200000000000001,0,0,0,0,0,0,50.14
2008,3,6,11,30,11.9,0,0,0,0,0,0,48.97
2008,3,6,12,30,12.4,0,0,0,0,0,0,45.45
2008,3,6,13,30,15.600000000000001,23,58,447,447,23,58,41.52
2008,3,6,14,30,20.6,49,309,825,825,49,309,24.48
2008,3,6,15,30,24.5,61,569,961,961,61,569,13
2008,3,6,16,30,26.8,68,788,1021,1021,68,788,9.73
2008,3,6,17,30,28.3,73,948,1053,1053,73,948,9.450000000000001
2008,3,6,18,30,29.1,76,1034,1066,1066,76,1034,9.88
2008,3,6,19,30,29.200000000000003,77,1034,1061,1061,77,1034,10.74
2008,3,6,20,30,28.6,76,959,1047,1047,76,959,12.13
2008,3,6,21,30,27.3,78,807,1008,1008,78,807,14.25
2008,3,6,22,30,25.5,71,594,945,945,71,594,17.07
2008,3,6,23,30,22.5,58,340,819,819,58,340,21.830000000000002
2008,3,7,0,30,18.6,31,83,476,476,31,83,32.83
2008,3,7,1,30,15.8,0,0,0,0,0,0,46.63
2008,3,7,2,30,14.600000000000001,0,0,0,0,0,0,53.75
2008,3,7,3,30,13.9,0,0,0,0,0,0,57.160000000000004
2008,3,7,4,30,13.3,0,0,0,0,0,0,58
2008,3,7,5,30,12.600000000000001,0,0,0,0,0,0,58.04
2008,3,7,6,30,11.9,0,0,0,0,0,0,57.54
2008,3,7,7,30,11.200000000000001,0,0,0,0,0,0,56.47
2008,3,7,8,30,10.600000000000001,0,0,0,0,0,0,55.160000000000004
2008,3,7,9,30,9.8,0,0,0,0,0,0,55.02
2008,3,7,10,30,9.1,0,0,0,0,0,0,54.83
2008,3,7,11,30,8.4,0,0,0,0,0,0,54.71
2008,3,7,12,30,9,0,0,0,0,0,0,50.230000000000004
2008,3,7,13,30,12.9,24,65,501,501,24,65,40.46
2008,3,7,14,30,18.5,50,327,869,869,50,327,24.17
2008,3,7,15,30,22.900000000000002,63,599,1008,1008,63,599,12.35
2008,3,7,16,30,25.700000000000003,71,815,1050,1050,71,815,7.11
2008,3,7,17,30,27.5,77,978,1080,1080,77,978,6.11
2008,3,7,18,30,28.700000000000003,81,1065,1092,1092,81,1065,5.8100000000000005
2008,3,7,19,30,29.200000000000003,81,1070,1093,1093,81,1070,5.86
2008,3,7,20,30,29.1,79,983,1070,1070,79,983,6.1000000000000005
2008,3,7,21,30,28.400000000000002,75,830,1040,1040,75,830,6.59
2008,3,7,22,30,26.900000000000002,68,613,983,983,68,613,7.7
2008,3,7,23,30,23.200000000000003,55,353,864,864,55,353,10.950000000000001
2008,3,8,0,30,18.3,30,88,521,521,30,88,25.150000000000002
2008,3,8,1,30,15.3,0,0,0,0,0,0,36.9
2008,3,8,2,30,13.9,0,0,0,0,0,0,44.550000000000004
2008,3,8,3,30,13.200000000000001,0,0,0,0,0,0,48.76
2008,3,8,4,30,12.9,0,0,0,0,0,0,48.57
2008,3,8,5,30,12.8,0,0,0,0,0,0,46.14
2008,3,8,6,30,12,0,0,0,0,0,0,45.84
2008,3,8,7,30,10.9,0,0,0,0,0,0,47.36
2008,3,8,8,30,10,0,0,0,0,0,0,47.83
2008,3,8,9,30,9.200000000000001,0,0,0,0,0,0,47.95
2008,3,8,10,30,8.200000000000001,0,0,0,0,0,0,49.300000000000004
2008,3,8,11,30,7.300000000000001,0,0,0,0,0,0,50.980000000000004
2008,3,8,12,30,7.9,0,0,0,0,0,0,48.04
2008,3,8,13,30,11.4,26,64,442,442,26,64,40.46
2008,3,8,14,30,16.5,54,321,829,829,54,321,26.79
2008,3,8,15,30,20.8,68,582,962,962,68,582,18.95
2008,3,8,16,30,23.5,76,805,1025,1025,76,805,13.39
2008,3,8,17,30,25.3,81,959,1050,1050,81,959,11.700000000000001
2008,3,8,18,30,26.5,86,1045,1060,1060,86,1045,11.040000000000001
2008,3,8,19,30,27.1,86,1049,1061,1061,86,1049,10.870000000000001
2008,3,8,20,30,27.200000000000003,84,968,1042,1042,84,968,10.96
2008,3,8,21,30,26.8,81,815,1008,1008,81,815,11.450000000000001
2008,3,8,22,30,25.5,72,601,950,950,72,601,12.84
2008,3,8,23,30,22.400000000000002,58,343,823,823,58,343,16.71
2008,3,9,0,30,18.1,31,86,492,492,31,86,30.92
2008,3,9,1,30,15.5,0,0,0,0,0,0,42.33
2008,3,9,2,30,14.3,0,0,0,0,0,0,48.36
2008,3,9,3,30,13.5,0,0,0,0,0,0,52.47
2008,3,9,4,30,13.100000000000001,0,0,0,0,0,0,53.54
2008,3,9,5,30,12.700000000000001,0,0,0,0,0,0,53.64
2008,3,9,6,30,12.3,0,0,0,0,0,0,53.65
2008,3,9,7,30,11.9,0,0,0,0,0,0,53.72
2008,3,9,8,30,11.600000000000001,0,0,0,0,0,0,53.64
2008,3,9,9,30,11.3,0,0,0,0,0,0,53.79
2008,3,9,10,30,10.9,0,0,0,0,0,0,54.550000000000004
2008,3,9,11,30,10.700000000000001,0,0,0,0,0,0,55.44
2008,3,9,12,30,11.4,0,0,0,0,0,0,53.09
2008,3,9,13,30,14.5,26,64,425,2,40,40,47.06
2008,3,9,14,30,19.200000000000003,55,315,802,299,161,258,31.73
2008,3,9,15,30,22.700000000000003,70,572,931,931,70,572,21.330000000000002
2008,3,9,16,30,24.700000000000003,79,787,990,990,79,787,19.37
2008,3,9,17,30,26.200000000000003,84,944,1024,1024,84,944,18.31
2008,3,9,18,30,27.1,87,1029,1039,1039,87,1029,17.68
2008,3,9,19,30,27.6,87,1033,1039,1039,87,1033,17.3
2008,3,9,20,30,27.400000000000002,85,957,1025,1025,85,957,17.71
2008,3,9,21,30,26.6,80,806,994,994,80,806,18.73
2008,3,9,22,30,25.1,72,593,933,933,72,593,20.59
2008,3,9,23,30,22.400000000000002,58,339,805,805,58,339,24.93
2008,3,10,0,30,18.7,32,85,477,477,32,85,36.29
2008,3,10,1,30,16.1,0,0,0,0,0,0,48.82
2008,3,10,2,30,14.8,0,0,0,0,0,0,55.54
2008,3,10,3,30,13.9,0,0,0,0,0,0,60.77
2008,3,10,4,30,13.200000000000001,0,0,0,0,0,0,63.53
2008,3,10,5,30,12.700000000000001,0,0,0,0,0,0,64.23
2008,3,10,6,30,12.200000000000001,0,0,0,0,0,0,64.6
2008,3,10,7,30,11.600000000000001,0,0,0,0,0,0,65.49
2008,3,10,8,30,11.200000000000001,0,0,0,0,0,0,65.44
2008,3,10,9,30,10.8,0,0,0,0,0,0,65.47
2008,3,10,10,30,10.5,0,0,0,0,0,0,65.15
2008,3,10,11,30,10.200000000000001,0,0,0,0,0,0,64.85
2008,3,10,12,30,11.100000000000001,0,0,0,0,0,0,59.68
2008,3,10,13,30,14.700000000000001,25,68,468,20,46,48,48.49
2008,3,10,14,30,19.8,51,321,824,824,51,321,32.19
2008,3,10,15,30,23.6,63,575,944,350,276,466,25.01
2008,3,10,16,30,25.8,71,792,1004,678,203,690,23.05
2008,3,10,17,30,27.400000000000002,77,946,1031,1031,77,946,21.51
2008,3,10,18,30,28.5,80,1026,1040,1040,80,1026,20.580000000000002
2008,3,10,19,30,29.1,81,1027,1036,1036,81,1027,20.23
2008,3,10,20,30,29.1,79,951,1023,1023,79,951,20.5
2008,3,10,21,30,28.6,79,798,981,981,79,798,21.29
2008,3,10,22,30,27.400000000000002,71,587,920,920,71,587,23.13
2008,3,10,23,30,24.8,58,337,798,798,58,337,27.7
2008,3,11,0,30,21.1,31,85,471,62,59,66,39.45
2008,3,11,1,30,18.7,0,0,0,0,0,0,49.93
2008,3,11,2,30,17.6,0,0,0,0,0,0,55.29
2008,3,11,3,30,16.6,0,0,0,0,0,0,60.07
2008,3,11,4,30,15.700000000000001,0,0,0,0,0,0,63.96
2008,3,11,5,30,15.200000000000001,0,0,0,0,0,0,65.74
2008,3,11,6,30,14.700000000000001,0,0,0,0,0,0,66.98
2008,3,11,7,30,14.200000000000001,0,0,0,0,0,0,66.89
2008,3,11,8,30,13.600000000000001,0,0,0,0,0,0,66.72
2008,3,11,9,30,13,0,0,0,0,0,0,66.3
2008,3,11,10,30,12.600000000000001,0,0,0,0,0,0,65.54
2008,3,11,11,30,12.3,0,0,0,0,0,0,64.9
2008,3,11,12,30,12.9,0,0,0,0,0,0,60.49
2008,3,11,13,30,15.600000000000001,28,69,438,37,50,54,50.56
2008,3,11,14,30,20,56,320,796,260,169,255,34.94
2008,3,11,15,30,24.200000000000003,70,575,924,565,177,485,23.91
2008,3,11,16,30,26.8,79,791,987,549,247,643,18.85
2008,3,11,17,30,28.400000000000002,85,948,1020,765,273,921,16.93
2008,3,11,18,30,29.400000000000002,88,1028,1030,1030,88,1028,16.18
2008,3,11,19,30,29.900000000000002,87,1032,1032,1032,87,1032,16.14
2008,3,11,20,30,29.700000000000003,84,952,1016,1016,84,952,16.85
2008,3,11,21,30,28.900000000000002,81,802,982,982,81,802,18.16
2008,3,11,22,30,27.3,72,589,919,919,72,589,20.580000000000002
2008,3,11,23,30,24.700000000000003,58,338,797,797,58,338,25.53
2008,3,12,0,30,21.700000000000003,32,86,473,473,32,86,36.85
2008,3,12,1,30,19.8,0,0,0,0,0,0,44.4
2008,3,12,2,30,18.7,0,0,0,0,0,0,48.38
2008,3,12,3,30,17.8,0,0,0,0,0,0,51.5
2008,3,12,4,30,17.1,0,0,0,0,0,0,53.2
2008,3,12,5,30,16.3,0,0,0,0,0,0,55.120000000000005
2008,3,12,6,30,15.4,0,0,0,0,0,0,56.65
2008,3,12,7,30,14.8,0,0,0,0,0,0,56.95
2008,3,12,8,30,14.5,0,0,0,0,0,0,56.88
2008,3,12,9,30,14.3,0,0,0,0,0,0,56.93
2008,3,12,10,30,14,0,0,0,0,0,0,58.07
2008,3,12,11,30,13.600000000000001,0,0,0,0,0,0,59.82
2008,3,12,12,30,14.200000000000001,0,0,0,0,0,0,57.85
2008,3,12,13,30,17.5,28,71,431,431,28,71,49.86
2008,3,12,14,30,22.6,56,317,779,779,56,317,33.46
2008,3,12,15,30,26.6,71,569,907,907,71,569,22.740000000000002
2008,3,12,16,30,28.700000000000003,79,783,971,971,79,783,20.11
2008,3,12,17,30,30,84,938,1005,1005,84,938,18.79
2008,3,12,18,30,30.900000000000002,85,1020,1021,1021,85,1020,17.94
2008,3,12,19,30,31.1,85,1023,1023,1023,85,1023,17.8
2008,3,12,20,30,30.8,83,947,1009,1009,83,947,18.18
2008,3,12,21,30,29.900000000000002,82,796,971,971,82,796,19.240000000000002
2008,3,12,22,30,28.3,74,586,908,908,74,586,21.12
2008,3,12,23,30,25.700000000000003,60,336,784,784,60,336,24.85
2008,3,13,0,30,22.200000000000003,33,86,459,60,61,68,33.410000000000004
2008,3,13,1,30,19.700000000000003,0,0,0,0,0,0,43.65
2008,3,13,2,30,18.400000000000002,0,0,0,0,0,0,48.44
2008,3,13,3,30,17.5,0,0,0,0,0,0,50.72
2008,3,13,4,30,16.7,0,0,0,0,0,0,51.78
2008,3,13,5,30,16.1,0,0,0,0,0,0,51.92
2008,3,13,6,30,15.600000000000001,0,0,0,0,0,0,51.71
2008,3,13,7,30,15.100000000000001,0,0,0,0,0,0,50.93
2008,3,13,8,30,14.9,0,0,0,0,0,0,48.71
2008,3,13,9,30,15,0,0,0,0,0,0,45.52
2008,3,13,10,30,15,0,0,0,0,0,0,43.26
2008,3,13,11,30,15,0,0,0,0,0,0,41.54
2008,3,13,12,30,15.600000000000001,0,0,0,0,0,0,38.61
2008,3,13,13,30,18.400000000000002,27,75,474,474,27,75,35.52
2008,3,13,14,30,22.6,52,325,806,806,52,325,22.150000000000002
2008,3,13,15,30,25.8,64,577,928,928,64,577,15.34
2008,3,13,16,30,27.5,71,790,988,988,71,790,14.49
2008,3,13,17,30,28.400000000000002,75,945,1019,1019,75,945,14.280000000000001
2008,3,13,18,30,28.8,79,1027,1032,1032,79,1027,14.280000000000001
2008,3,13,19,30,28.8,79,1029,1032,1032,79,1029,14.41
2008,3,13,20,30,28.400000000000002,76,955,1024,1024,76,955,14.8
2008,3,13,21,30,27.6,76,804,987,987,76,804,15.59
2008,3,13,22,30,26.5,69,595,931,931,69,595,16.830000000000002
2008,3,13,23,30,24,56,343,812,812,56,343,20.05
2008,3,14,0,30,20.1,31,90,507,507,31,90,29.85
2008,3,14,1,30,17.3,0,0,0,0,0,0,40.14
2008,3,14,2,30,15.9,0,0,0,0,0,0,45.88
2008,3,14,3,30,14.8,0,0,0,0,0,0,50.69
2008,3,14,4,30,14.100000000000001,0,0,0,0,0,0,53.28
2008,3,14,5,30,13.4,0,0,0,0,0,0,54.86
2008,3,14,6,30,12.8,0,0,0,0,0,0,55
2008,3,14,7,30,12.200000000000001,0,0,0,0,0,0,54.28
2008,3,14,8,30,11.700000000000001,0,0,0,0,0,0,52.99
2008,3,14,9,30,11.100000000000001,0,0,0,0,0,0,52.72
2008,3,14,10,30,10.600000000000001,0,0,0,0,0,0,52.68
2008,3,14,11,30,10,0,0,0,0,0,0,53.36
2008,3,14,12,30,10.8,0,0,0,0,0,0,49.43
2008,3,14,13,30,14.600000000000001,27,86,555,555,27,86,40.18
2008,3,14,14,30,20.3,50,350,877,877,50,350,25.32
2008,3,14,15,30,25.1,62,612,990,990,62,612,11.71
2008,3,14,16,30,27.900000000000002,69,842,1056,1056,69,842,7.32
2008,3,14,17,30,29.6,74,993,1075,1075,74,993,6.21
2008,3,14,18,30,30.8,80,1078,1083,1083,80,1078,5.66
2008,3,14,19,30,31.400000000000002,81,1080,1083,1083,81,1080,5.43
2008,3,14,20,30,31.5,79,1000,1070,1070,79,1000,5.42
2008,3,14,21,30,30.900000000000002,77,844,1038,1038,77,844,5.74
2008,3,14,22,30,29.5,69,620,972,972,69,620,6.57
2008,3,14,23,30,26,56,361,858,858,56,361,9.32
2008,3,15,0,30,21,31,95,536,536,31,95,20.8
2008,3,15,1,30,17.400000000000002,0,0,0,0,0,0,32.07
2008,3,15,2,30,15.5,0,0,0,0,0,0,40.84
2008,3,15,3,30,14.200000000000001,0,0,0,0,0,0,47.59
2008,3,15,4,30,13.3,0,0,0,0,0,0,50.4
2008,3,15,5,30,12.8,0,0,0,0,0,0,50.6
2008,3,15,6,30,12.4,0,0,0,0,0,0,50.06
2008,3,15,7,30,12.100000000000001,0,0,0,0,0,0,49.24
2008,3,15,8,30,11.700000000000001,0,0,0,0,0,0,48.94
2008,3,15,9,30,11.4,0,0,0,0,0,0,48.57
2008,3,15,10,30,11.200000000000001,0,0,0,0,0,0,48.14
2008,3,15,11,30,10.9,0,0,0,0,0,0,48.24
2008,3,15,12,30,11.8,0,0,0,0,0,0,44.68
2008,3,15,13,30,15.5,30,82,478,478,30,82,37.81
2008,3,15,14,30,20.8,58,339,811,811,58,339,24.51
2008,3,15,15,30,25.400000000000002,73,596,935,935,73,596,15.73
2008,3,15,16,30,28.400000000000002,82,814,997,997,82,814,11.15
2008,3,15,17,30,30.3,87,971,1030,1030,87,971,9.59
2008,3,15,18,30,31.5,88,1054,1046,1046,88,1054,9.06
2008,3,15,19,30,32.1,88,1052,1042,1042,88,1052,8.97
2008,3,15,20,30,32.1,86,973,1028,1028,86,973,9.27
2008,3,15,21,30,31.400000000000002,83,819,993,993,83,819,10.040000000000001
2008,3,15,22,30,30,74,602,929,929,74,602,11.38
2008,3,15,23,30,26.8,60,348,808,808,60,348,14.59
2008,3,16,0,30,22.1,32,92,492,492,32,92,25.09
2008,3,16,1,30,18.8,0,0,0,0,0,0,36.14
2008,3,16,2,30,17.1,0,0,0,0,0,0,42.74
2008,3,16,3,30,16.1,0,0,0,0,0,0,46.79
2008,3,16,4,30,15.600000000000001,0,0,0,0,0,0,48.2
2008,3,16,5,30,15.5,0,0,0,0,0,0,47.550000000000004
2008,3,16,6,30,15.600000000000001,0,0,0,0,0,0,45.83
2008,3,16,7,30,15.200000000000001,0,0,0,0,0,0,45.84
2008,3,16,8,30,14.5,0,0,0,0,0,0,47.24
2008,3,16,9,30,14.100000000000001,0,0,0,0,0,0,48.19
2008,3,16,10,30,13.8,0,0,0,0,0,0,49.33
2008,3,16,11,30,13.4,0,0,0,0,0,0,51.300000000000004
2008,3,16,12,30,13.9,0,0,0,0,0,0,50.75
2008,3,16,13,30,16.8,31,84,468,468,31,84,46.02
2008,3,16,14,30,21.400000000000002,60,336,793,793,60,336,32.01
2008,3,16,15,30,25.400000000000002,76,590,914,914,76,590,18.47
2008,3,16,16,30,27.900000000000002,86,804,974,974,86,804,14.16
2008,3,16,17,30,29.6,93,959,1005,1005,93,959,13.39
2008,3,16,18,30,30.700000000000003,93,1041,1023,1023,93,1041,13.33
2008,3,16,19,30,31.200000000000003,93,1040,1020,1020,93,1040,13.48
2008,3,16,20,30,31,91,961,1006,1006,91,961,13.96
2008,3,16,21,30,30.200000000000003,83,810,979,979,83,810,14.950000000000001
2008,3,16,22,30,28.6,74,597,919,919,74,597,16.92
2008,3,16,23,30,25.900000000000002,59,346,800,800,59,346,20.87
2008,3,17,0,30,21.900000000000002,32,91,487,14,62,64,30.14
2008,3,17,1,30,19,0,0,0,0,0,0,41.24
2008,3,17,2,30,18,0,0,0,0,0,0,45.730000000000004
2008,3,17,3,30,17.400000000000002,0,0,0,0,0,0,48.36
2008,3,17,4,30,16.7,0,0,0,0,0,0,50.59
2008,3,17,5,30,15.9,0,0,0,0,0,0,52.730000000000004
2008,3,17,6,30,15.200000000000001,0,0,0,0,0,0,53.79
2008,3,17,7,30,14.700000000000001,0,0,0,0,0,0,54.230000000000004
2008,3,17,8,30,14.5,0,0,0,0,0,0,53.800000000000004
2008,3,17,9,30,14.600000000000001,0,0,0,0,0,0,52.160000000000004
2008,3,17,10,30,14.700000000000001,0,0,0,0,0,0,50.52
2008,3,17,11,30,14.600000000000001,0,0,0,0,0,0,49.57
2008,3,17,12,30,14.9,0,0,0,0,0,0,48.18
2008,3,17,13,30,17.7,31,88,498,498,31,88,43.47
2008,3,17,14,30,21.900000000000002,56,343,814,814,56,343,29.82
2008,3,17,15,30,25,69,596,932,932,69,596,22.89
2008,3,17,16,30,27.1,77,808,987,987,77,808,20.5
2008,3,17,17,30,28.700000000000003,82,962,1018,1018,82,962,18.26
2008,3,17,18,30,29.900000000000002,85,1043,1032,1032,85,1043,16.53
2008,3,17,19,30,30.3,85,1042,1029,1029,85,1042,15.97
2008,3,17,20,30,29.900000000000002,83,963,1014,1014,83,963,16.54
2008,3,17,21,30,28.8,83,807,972,972,83,807,18.12
2008,3,17,22,30,26.8,75,595,909,909,75,595,21.41
2008,3,17,23,30,23.900000000000002,61,342,783,783,61,342,27.21
2008,3,18,0,30,20.5,34,92,473,473,34,92,36.57
2008,3,18,1,30,17.8,0,0,0,0,0,0,48.29
2008,3,18,2,30,16.1,0,0,0,0,0,0,57.03
2008,3,18,3,30,15,0,0,0,0,0,0,63.42
2008,3,18,4,30,14.100000000000001,0,0,0,0,0,0,68.54
2008,3,18,5,30,13.5,0,0,0,0,0,0,71.64
2008,3,18,6,30,13.100000000000001,0,0,0,0,0,0,73.11
2008,3,18,7,30,12.700000000000001,0,0,0,0,0,0,74.52
2008,3,18,8,30,12.5,0,0,0,0,0,0,75.26
2008,3,18,9,30,12.200000000000001,0,0,0,0,0,0,76.53
2008,3,18,10,30,12.100000000000001,0,0,0,0,0,0,76.86
2008,3,18,11,30,12,0,0,0,0,0,0,77.25
2008,3,18,12,30,12.8,0,0,0,0,0,0,73.14
2008,3,18,13,30,15.600000000000001,31,92,510,510,31,92,61.620000000000005
2008,3,18,14,30,19.200000000000003,57,348,818,818,57,348,46.730000000000004
2008,3,18,15,30,22,71,606,941,941,71,606,37.15
2008,3,18,16,30,24.400000000000002,79,822,1000,1000,79,822,30.21
2008,3,18,17,30,26.200000000000003,83,978,1032,1032,83,978,25.71
2008,3,18,18,30,27.400000000000002,84,1060,1047,1047,84,1060,22.88
2008,3,18,19,30,27.700000000000003,86,1060,1045,1045,86,1060,21.78
2008,3,18,20,30,27.400000000000002,85,980,1030,1030,85,980,21.580000000000002
2008,3,18,21,30,26.400000000000002,79,826,1001,1001,79,826,22.21
2008,3,18,22,30,24.900000000000002,71,613,948,948,71,613,23.64
2008,3,18,23,30,22.400000000000002,58,358,833,833,58,358,27.240000000000002
2008,3,19,0,30,18.7,33,96,512,512,33,96,36
2008,3,19,1,30,15.8,0,0,0,0,0,0,48.2
2008,3,19,2,30,14.200000000000001,0,0,0,0,0,0,56.06
2008,3,19,3,30,13,0,0,0,0,0,0,62.31
2008,3,19,4,30,12.3,0,0,0,0,0,0,66.04
2008,3,19,5,30,11.700000000000001,0,0,0,0,0,0,68.2
2008,3,19,6,30,11.200000000000001,0,0,0,0,0,0,69.17
2008,3,19,7,30,10.600000000000001,0,0,0,0,0,0,70.26
2008,3,19,8,30,10.100000000000001,0,0,0,0,0,0,70.89
2008,3,19,9,30,9.8,0,0,0,0,0,0,71.16
2008,3,19,10,30,9.5,0,0,0,0,0,0,72.19
2008,3,19,11,30,9.200000000000001,0,0,0,0,0,0,73.9
2008,3,19,12,30,10.5,0,0,0,0,0,0,68.58
2008,3,19,13,30,14.4,32,99,544,544,32,99,54.910000000000004
2008,3,19,14,30,19.6,57,361,847,847,57,361,39.17
2008,3,19,15,30,23.8,70,621,962,962,70,621,24.28
2008,3,19,16,30,26.700000000000003,78,839,1020,1020,78,839,17.42
2008,3,19,17,30,28.900000000000002,82,990,1043,1043,82,990,14
2008,3,19,18,30,30.3,84,1072,1057,1057,84,1072,12.16
2008,3,19,19,30,31.200000000000003,84,1072,1058,1058,84,1072,11.16
2008,3,19,20,30,31.3,82,987,1040,1040,82,987,11.02
2008,3,19,21,30,30.8,80,832,1006,1006,80,832,11.43
2008,3,19,22,30,29.6,71,612,942,942,71,612,12.63
2008,3,19,23,30,26.6,58,356,824,824,58,356,16.15
2008,3,20,0,30,22.200000000000003,33,96,507,507,33,96,26.95
2008,3,20,1,30,19.1,0,0,0,0,0,0,38.26
2008,3,20,2,30,17.8,0,0,0,0,0,0,45.44
2008,3,20,3,30,17,0,0,0,0,0,0,50.230000000000004
2008,3,20,4,30,16.6,0,0,0,0,0,0,52.67
2008,3,20,5,30,16.2,0,0,0,0,0,0,53.78
2008,3,20,6,30,15.3,0,0,0,0,0,0,56.21
2008,3,20,7,30,14.200000000000001,0,0,0,0,0,0,59.160000000000004
2008,3,20,8,30,13.3,0,0,0,0,0,0,60.69
2008,3,20,9,30,12.5,0,0,0,0,0,0,61.22
2008,3,20,10,30,11.9,0,0,0,0,0,0,60.42
2008,3,20,11,30,11.4,0,0,0,0,0,0,58.84
2008,3,20,12,30,12.4,0,0,0,0,0,0,52.04
2008,3,20,13,30,15.9,33,95,488,488,33,95,40.13
2008,3,20,14,30,20.3,60,348,793,793,60,348,34.45
2008,3,20,15,30,23.900000000000002,75,600,913,913,75,600,36.24
2008,3,20,16,30,26.400000000000002,83,813,975,975,83,813,32.03
2008,3,20,17,30,28.3,87,964,1005,1005,87,964,27.71
2008,3,20,18,30,29.700000000000003,88,1044,1020,1020,88,1044,24.7
2008,3,20,19,30,30.5,87,1043,1021,1021,87,1043,22.85
2008,3,20,20,30,30.900000000000002,84,964,1009,1009,84,964,21.71
2008,3,20,21,30,30.6,79,809,975,975,79,809,21.75
2008,3,20,22,30,29.700000000000003,70,598,917,917,70,598,22.92
2008,3,20,23,30,27.400000000000002,57,346,797,797,57,346,26.6
2008,3,21,0,30,23.8,32,94,495,495,32,94,36.37
2008,3,21,1,30,21,0,0,0,0,0,0,47.28
2008,3,21,2,30,19.5,0,0,0,0,0,0,55.13
2008,3,21,3,30,18.2,0,0,0,0,0,0,62.21
2008,3,21,4,30,17.1,0,0,0,0,0,0,67.41
2008,3,21,5,30,16.400000000000002,0,0,0,0,0,0,70.17
2008,3,21,6,30,15.8,0,0,0,0,0,0,72.03
2008,3,21,7,30,15.200000000000001,0,0,0,0,0,0,73.25
2008,3,21,8,30,14.700000000000001,0,0,0,0,0,0,73
2008,3,21,9,30,14.200000000000001,0,0,0,0,0,0,71.08
2008,3,21,10,30,13.8,0,0,0,0,0,0,67.6
2008,3,21,11,30,13.3,0,0,0,0,0,0,63.97
2008,3,21,12,30,14.3,0,0,0,0,0,0,54.730000000000004
2008,3,21,13,30,17.7,35,95,467,467,35,95,41.22
2008,3,21,14,30,22.5,63,348,779,779,63,348,31.23
2008,3,21,15,30,26.700000000000003,78,602,904,904,78,602,27.13
2008,3,21,16,30,29.3,88,814,965,965,88,814,22.89
2008,3,21,17,30,31.1,94,967,997,997,94,967,19.57
2008,3,21,18,30,32.4,98,1045,1009,1009,98,1045,17.3
2008,3,21,19,30,33.1,99,1045,1007,1007,99,1045,15.85
2008,3,21,20,30,33.2,97,962,989,989,97,962,15.15
2008,3,21,21,30,32.7,99,806,942,659,292,787,15.27
2008,3,21,22,30,31.400000000000002,90,593,872,872,90,593,16.44
2008,3,21,23,30,28.700000000000003,73,339,733,733,73,339,19.92
2008,3,22,0,30,24.6,39,90,399,399,39,90,30.29
2008,3,22,1,30,21.200000000000003,0,0,0,0,0,0,42.19
2008,3,22,2,30,19.5,0,0,0,0,0,0,50.410000000000004
2008,3,22,3,30,18.3,0,0,0,0,0,0,55.61
2008,3,22,4,30,17.2,0,0,0,0,0,0,59.04
2008,3,22,5,30,16.3,0,0,0,0,0,0,60.25
2008,3,22,6,30,15.600000000000001,0,0,0,0,0,0,59.75
2008,3,22,7,30,14.9,0,0,0,0,0,0,58.980000000000004
2008,3,22,8,30,14.200000000000001,0,0,0,0,0,0,58.53
2008,3,22,9,30,13.600000000000001,0,0,0,0,0,0,58.24
2008,3,22,10,30,13.100000000000001,0,0,0,0,0,0,58.25
2008,3,22,11,30,12.8,0,0,0,0,0,0,57.89
2008,3,22,12,30,13.700000000000001,0,0,0,0,0,0,53.26
2008,3,22,13,30,17.1,40,98,442,442,40,98,42.300000000000004
2008,3,22,14,30,22.200000000000003,71,354,768,768,71,354,28.52
2008,3,22,15,30,26.900000000000002,86,609,897,897,86,609,17.28
2008,3,22,16,30,29.700000000000003,96,823,962,962,96,823,13.18
2008,3,22,17,30,31.5,102,977,996,996,102,977,11.8
2008,3,22,18,30,32.6,105,1056,1011,1011,105,1056,11.33
2008,3,22,19,30,33.2,105,1055,1011,116,524,634,11.3
2008,3,22,20,30,33.1,101,971,993,993,101,971,11.6
2008,3,22,21,30,32.300000000000004,96,816,957,530,343,741,12.290000000000001
2008,3,22,22,30,30.8,86,601,893,893,86,601,13.540000000000001
2008,3,22,23,30,28.1,69,348,765,765,69,348,16.17
2008,3,23,0,30,24.200000000000003,37,94,446,8,64,65,22.59
2008,3,23,1,30,21,0,0,0,0,0,0,30.7
2008,3,23,2,30,19.3,0,0,0,0,0,0,34.94
2008,3,23,3,30,18.1,0,0,0,0,0,0,37.75
2008,3,23,4,30,17.3,0,0,0,0,0,0,39.29
2008,3,23,5,30,16.8,0,0,0,0,0,0,39.75
2008,3,23,6,30,16.6,0,0,0,0,0,0,39.71
2008,3,23,7,30,16.6,0,0,0,0,0,0,39.28
2008,3,23,8,30,16.7,0,0,0,0,0,0,38.01
2008,3,23,9,30,16.8,0,0,0,0,0,0,37.14
2008,3,23,10,30,16.6,0,0,0,0,0,0,36.49
2008,3,23,11,30,16.3,0,0,0,0,0,0,35.95
2008,3,23,12,30,16.900000000000002,0,0,0,0,0,0,33.78
2008,3,23,13,30,20,37,105,498,498,37,105,30.580000000000002
2008,3,23,14,30,23.900000000000002,67,362,792,792,67,362,20.17
2008,3,23,15,30,26.400000000000002,83,616,910,910,83,616,17.13
2008,3,23,16,30,28,92,826,968,968,92,826,17.41
2008,3,23,17,30,29.3,99,978,998,998,99,978,17.28
2008,3,23,18,30,30.200000000000003,104,1053,1006,1006,104,1053,16.98
2008,3,23,19,30,30.6,103,1052,1008,585,405,957,16.93
2008,3,23,20,30,30.3,100,968,990,990,100,968,17.54
2008,3,23,21,30,29.400000000000002,92,815,959,959,92,815,18.87
2008,3,23,22,30,27.900000000000002,82,601,896,896,82,601,20.96
2008,3,23,23,30,25.6,66,351,779,779,66,351,24.47
2008,3,24,0,30,22.3,36,97,471,471,36,97,31.62
2008,3,24,1,30,19.8,0,0,0,0,0,0,39.83
2008,3,24,2,30,18.6,0,0,0,0,0,0,43.61
2008,3,24,3,30,17.8,0,0,0,0,0,0,45.74
2008,3,24,4,30,17,0,0,0,0,0,0,47.01
2008,3,24,5,30,16.6,0,0,0,0,0,0,46.65
2008,3,24,6,30,16.400000000000002,0,0,0,0,0,0,45.42
2008,3,24,7,30,15.9,0,0,0,0,0,0,45.62
2008,3,24,8,30,15,0,0,0,0,0,0,48.26
2008,3,24,9,30,14.100000000000001,0,0,0,0,0,0,52.25
2008,3,24,10,30,13.4,0,0,0,0,0,0,56.27
2008,3,24,11,30,12.700000000000001,0,0,0,0,0,0,61.410000000000004
2008,3,24,12,30,13.8,0,0,0,0,0,0,59.65
2008,3,24,13,30,17.6,36,109,516,516,36,109,49.45
2008,3,24,14,30,22.200000000000003,62,366,808,808,62,366,35.96
2008,3,24,15,30,25.6,75,619,925,925,75,619,24.5
2008,3,24,16,30,27.8,83,832,983,983,83,832,19.92
2008,3,24,17,30,29.5,90,981,1009,1009,90,981,17.5
2008,3,24,18,30,30.5,107,1055,1002,1002,107,1055,16.34
2008,3,24,19,30,31.1,107,1050,999,999,107,1050,15.8
2008,3,24,20,30,31.1,104,965,980,980,104,965,16.01
2008,3,24,21,30,30.5,101,810,938,938,101,810,17.01
2008,3,24,22,30,29.1,91,595,868,868,91,595,19.18
2008,3,24,23,30,26.900000000000002,74,342,731,731,74,342,23.240000000000002
2008,3,25,0,30,23.8,40,92,402,402,40,92,31.21
2008,3,25,1,30,21.1,0,0,0,0,0,0,42.11
2008,3,25,2,30,19.5,0,0,0,0,0,0,50.38
2008,3,25,3,30,18.3,0,0,0,0,0,0,56.9
2008,3,25,4,30,17.5,0,0,0,0,0,0,60.870000000000005
2008,3,25,5,30,17,0,0,0,0,0,0,62.22
2008,3,25,6,30,16.400000000000002,0,0,0,0,0,0,63.36
2008,3,25,7,30,15.8,0,0,0,0,0,0,64.53
2008,3,25,8,30,15.3,0,0,0,0,0,0,65.25
2008,3,25,9,30,14.8,0,0,0,0,0,0,66.55
2008,3,25,10,30,14.200000000000001,0,0,0,0,0,0,68.78
2008,3,25,11,30,13.700000000000001,0,0,0,0,0,0,70.75
2008,3,25,12,30,14.8,0,0,0,0,0,0,65.88
2008,3,25,13,30,18.5,44,104,422,422,44,104,52.68
2008,3,25,14,30,22.700000000000003,77,354,730,730,77,354,39.15
2008,3,25,15,30,25.5,96,600,852,321,265,455,30.310000000000002
2008,3,25,16,30,26.8,110,808,913,483,277,646,27.26
2008,3,25,17,30,27.5,120,957,944,466,373,786,26.04
2008,3,25,18,30,27.900000000000002,126,1033,958,772,212,944,25.490000000000002
2008,3,25,19,30,28.5,126,1028,954,265,439,690,24.76
2008,3,25,20,30,28.900000000000002,122,948,937,493,345,779,24.32
2008,3,25,21,30,28.900000000000002,108,797,911,911,108,797,24.3
2008,3,25,22,30,28.400000000000002,94,586,848,848,94,586,24.93
2008,3,25,23,30,26.8,74,339,721,486,137,316,27.45
2008,3,26,0,30,23.700000000000003,40,93,404,44,68,74,35.49
2008,3,26,1,30,21.400000000000002,0,0,0,0,0,0,42.050000000000004
2008,3,26,2,30,20.400000000000002,0,0,0,0,0,0,45.38
2008,3,26,3,30,19.200000000000003,0,0,0,0,0,0,49.63
2008,3,26,4,30,18.3,0,0,0,0,0,0,52.64
2008,3,26,5,30,17.5,0,0,0,0,0,0,54.660000000000004
2008,3,26,6,30,17,0,0,0,0,0,0,55.370000000000005
2008,3,26,7,30,16.7,0,0,0,0,0,0,55.57
2008,3,26,8,30,16.400000000000002,0,0,0,0,0,0,56.17
2008,3,26,9,30,16.1,0,0,0,0,0,0,57.04
2008,3,26,10,30,15.8,0,0,0,0,0,0,58.09
2008,3,26,11,30,15.5,0,0,0,0,0,0,59.5
2008,3,26,12,30,16.400000000000002,0,0,0,0,0,0,56.45
2008,3,26,13,30,19.5,48,104,385,33,73,78,47.43
2008,3,26,14,30,23.400000000000002,85,352,698,514,147,343,36.03
2008,3,26,15,30,26.6,106,599,831,448,239,506,27.8
2008,3,26,16,30,28.700000000000003,118,808,900,900,118,808,23.73
2008,3,26,17,30,30.400000000000002,124,961,942,942,124,961,21.31
2008,3,26,18,30,31.6,128,1037,957,957,128,1037,19.77
2008,3,26,19,30,32.4,127,1035,958,958,127,1035,18.68
2008,3,26,20,30,32.800000000000004,122,954,943,943,122,954,17.94
2008,3,26,21,30,32.6,119,798,896,896,119,798,17.73
2008,3,26,22,30,31.6,106,586,825,825,106,586,18.31
2008,3,26,23,30,29.400000000000002,86,336,679,679,86,336,20.52
2008,3,27,0,30,25.900000000000002,46,90,330,330,46,90,27.150000000000002
2008,3,27,1,30,22.700000000000003,0,0,0,0,0,0,35.44
2008,3,27,2,30,20.8,0,0,0,0,0,0,41.74
2008,3,27,3,30,19.5,0,0,0,0,0,0,46.39
2008,3,27,4,30,18.5,0,0,0,0,0,0,49.35
2008,3,27,5,30,17.6,0,0,0,0,0,0,51.660000000000004
2008,3,27,6,30,16.8,0,0,0,0,0,0,53.43
2008,3,27,7,30,16.2,0,0,0,0,0,0,54.370000000000005
2008,3,27,8,30,15.700000000000001,0,0,0,0,0,0,54.97
2008,3,27,9,30,15.200000000000001,0,0,0,0,0,0,55.99
2008,3,27,10,30,14.8,0,0,0,0,0,0,57.09
2008,3,27,11,30,14.3,0,0,0,0,0,0,58.74
2008,3,27,12,30,15.5,0,0,0,0,0,0,54.29
2008,3,27,13,30,19.200000000000003,48,109,407,407,48,109,43.78
2008,3,27,14,30,24.200000000000003,85,359,709,709,85,359,29.26
2008,3,27,15,30,28.1,105,609,842,842,105,609,19.11
2008,3,27,16,30,30.3,117,819,911,911,117,819,16.81
2008,3,27,17,30,31.900000000000002,123,968,948,948,123,968,15.860000000000001
2008,3,27,18,30,32.9,119,1047,974,974,119,1047,15.42
2008,3,27,19,30,33.5,117,1045,976,976,117,1045,15.18
2008,3,27,20,30,33.5,113,963,961,961,113,963,15.23
2008,3,27,21,30,32.9,104,810,929,929,104,810,15.64
2008,3,27,22,30,31.6,93,596,863,863,93,596,16.6
2008,3,27,23,30,29.200000000000003,75,346,734,734,75,346,18.76
2008,3,28,0,30,25.6,41,96,408,408,41,96,23.080000000000002
2008,3,28,1,30,22.400000000000002,0,0,0,0,0,0,28.34
2008,3,28,2,30,20.5,0,0,0,0,0,0,30.89
2008,3,28,3,30,19.1,0,0,0,0,0,0,32.26
2008,3,28,4,30,18.1,0,0,0,0,0,0,32.68
2008,3,28,5,30,17.400000000000002,0,0,0,0,0,0,32.06
2008,3,28,6,30,16.7,0,0,0,0,0,0,32.22
2008,3,28,7,30,16.2,0,0,0,0,0,0,32.230000000000004
2008,3,28,8,30,15.9,0,0,0,0,0,0,31.85
2008,3,28,9,30,15.8,0,0,0,0,0,0,31.38
2008,3,28,10,30,15.8,0,0,0,0,0,0,31.05
2008,3,28,11,30,15.700000000000001,0,0,0,0,0,0,31.12
2008,3,28,12,30,16.7,0,0,0,0,0,0,29.18
2008,3,28,13,30,20.200000000000003,47,115,446,446,47,115,25.98
2008,3,28,14,30,24.8,80,369,740,740,80,369,16.54
2008,3,28,15,30,28,99,619,864,864,99,619,13.64
2008,3,28,16,30,30,111,829,929,929,111,829,13.280000000000001
2008,3,28,17,30,31.5,117,982,968,968,117,982,13.18
2008,3,28,18,30,32.4,126,1056,975,975,126,1056,13.09
2008,3,28,19,30,32.7,124,1054,977,977,124,1054,13.05
2008,3,28,20,30,32.4,118,975,967,967,118,975,13.13
2008,3,28,21,30,31.400000000000002,121,814,912,912,121,814,13.540000000000001
2008,3,28,22,30,29.700000000000003,107,599,841,841,107,599,14.370000000000001
2008,3,28,23,30,27.1,85,347,707,707,85,347,16.07
2008,3,29,0,30,23.400000000000002,45,96,377,377,45,96,20.1
2008,3,29,1,30,20.3,0,0,0,0,0,0,26.14
2008,3,29,2,30,18.7,0,0,0,0,0,0,29.47
2008,3,29,3,30,17.5,0,0,0,0,0,0,32.46
2008,3,29,4,30,16.6,0,0,0,0,0,0,34.230000000000004
2008,3,29,5,30,16,0,0,0,0,0,0,34.77
2008,3,29,6,30,15.700000000000001,0,0,0,0,0,0,34.22
2008,3,29,7,30,15.600000000000001,0,0,0,0,0,0,33.04
2008,3,29,8,30,15.600000000000001,0,0,0,0,0,0,31.78
2008,3,29,9,30,15.600000000000001,0,0,0,0,0,0,30.89
2008,3,29,10,30,15.600000000000001,0,0,0,0,0,0,30.3
2008,3,29,11,30,15.600000000000001,0,0,0,0,0,0,29.87
2008,3,29,12,30,16.7,0,0,0,0,0,0,27.41
2008,3,29,13,30,20.1,48,119,448,448,48,119,24.2
2008,3,29,14,30,24.5,82,374,745,745,82,374,15.73
2008,3,29,15,30,27.6,98,627,875,875,98,627,14.35
2008,3,29,16,30,29.6,106,842,949,949,106,842,13.530000000000001
2008,3,29,17,30,31.1,109,994,988,988,109,994,12.31
2008,3,29,18,30,32.1,107,1072,1009,1009,107,1072,11.26
2008,3,29,19,30,32.5,103,1070,1014,1014,103,1070,10.69
2008,3,29,20,30,32.300000000000004,95,987,1005,1005,95,987,10.6
2008,3,29,21,30,31.5,89,834,978,978,89,834,11.05
2008,3,29,22,30,30,78,618,921,921,78,618,12.11
2008,3,29,23,30,27.5,63,363,807,587,129,347,14.11
2008,3,30,0,30,23.3,36,105,515,515,36,105,19.46
2008,3,30,1,30,19.900000000000002,0,0,0,0,0,0,27.150000000000002
2008,3,30,2,30,18.400000000000002,0,0,0,0,0,0,31.18
2008,3,30,3,30,17.400000000000002,0,0,0,0,0,0,34.24
2008,3,30,4,30,16.8,0,0,0,0,0,0,35.81
2008,3,30,5,30,16.5,0,0,0,0,0,0,36.21
2008,3,30,6,30,16.400000000000002,0,0,0,0,0,0,35.7
2008,3,30,7,30,16.3,0,0,0,0,0,0,35.18
2008,3,30,8,30,16.2,0,0,0,0,0,0,34.730000000000004
2008,3,30,9,30,16.2,0,0,0,0,0,0,34.36
2008,3,30,10,30,16,0,0,0,0,0,0,34.62
2008,3,30,11,30,15.700000000000001,0,0,0,0,0,0,35.38
2008,3,30,12,30,16.400000000000002,0,0,0,0,0,0,34.11
2008,3,30,13,30,19.400000000000002,39,131,579,579,39,131,30.23
2008,3,30,14,30,23.8,61,392,837,415,182,346,20.51
2008,3,30,15,30,27,74,645,942,942,74,645,15.44
2008,3,30,16,30,29.3,81,857,996,996,81,857,13.27
2008,3,30,17,30,31,86,1007,1026,705,320,952,11.73
2008,3,30,18,30,32.300000000000004,94,1081,1031,1031,94,1081,10.63
2008,3,30,19,30,32.9,93,1077,1030,1030,93,1077,10.03
2008,3,30,20,30,32.800000000000004,90,993,1017,1017,90,993,9.94
2008,3,30,21,30,32.1,87,833,978,978,87,833,10.370000000000001
2008,3,30,22,30,30.6,77,617,920,920,77,617,11.46
2008,3,30,23,30,28,63,362,804,804,63,362,13.73
2008,3,31,0,30,23.900000000000002,36,105,511,511,36,105,19.25
2008,3,31,1,30,20.5,0,0,0,0,0,0,27.32
2008,3,31,2,30,19,0,0,0,0,0,0,32.02
2008,3,31,3,30,17.900000000000002,0,0,0,0,0,0,36.07
2008,3,31,4,30,17.1,0,0,0,0,0,0,39.04
2008,3,31,5,30,16.7,0,0,0,0,0,0,40.36
2008,3,31,6,30,16.5,0,0,0,0,0,0,40.46
2008,3,31,7,30,16.400000000000002,0,0,0,0,0,0,40.02
2008,3,31,8,30,16.400000000000002,0,0,0,0,0,0,39.34
2008,3,31,9,30,16.1,0,0,0,0,0,0,39.54
2008,3,31,10,30,15.700000000000001,0,0,0,0,0,0,40.08
2008,3,31,11,30,15.100000000000001,0,0,0,0,0,0,41.22
2008,3,31,12,30,15.9,0,0,0,0,0,0,38.69
2008,3,31,13,30,19.6,40,134,574,574,40,134,31.85
2008,3,31,14,30,25,64,397,834,834,64,397,20.56
2008,3,31,15,30,29.5,77,650,939,939,77,650,10.55
2008,3,31,16,30,32.2,86,861,993,993,86,861,8.52
2008,3,31,17,30,34,92,1011,1021,1021,92,1011,7.930000000000001
2008,3,31,18,30,35.2,96,1086,1031,1031,96,1086,7.58
2008,3,31,19,30,35.800000000000004,96,1081,1030,1030,96,1081,7.46
2008,3,31,20,30,35.800000000000004,93,997,1016,1016,93,997,7.59
2008,3,31,21,30,35.1,90,838,980,980,90,838,7.97
2008,3,31,22,30,33.7,80,621,921,921,80,621,8.71
2008,3,31,23,30,30.900000000000002,64,365,805,805,64,365,10.42
2008,4,1,0,30,26.200000000000003,37,106,500,500,37,106,16.44
2008,4,1,1,30,22.3,0,0,0,0,0,0,23.97
2008,4,1,2,30,20.200000000000003,0,0,0,0,0,0,29.91
2008,4,1,3,30,18.7,0,0,0,0,0,0,34.6
2008,4,1,4,30,17.900000000000002,0,0,0,0,0,0,36.52
2008,4,1,5,30,17.5,0,0,0,0,0,0,36.25
2008,4,1,6,30,17.6,0,0,0,0,0,0,34.34
2008,4,1,7,30,17.6,0,0,0,0,0,0,32.82
2008,4,1,8,30,17.3,0,0,0,0,0,0,32.410000000000004
2008,4,1,9,30,16.900000000000002,0,0,0,0,0,0,32.96
2008,4,1,10,30,16.400000000000002,0,0,0,0,0,0,34.54
2008,4,1,11,30,15.8,0,0,0,0,0,0,37.11
2008,4,1,12,30,16.5,0,0,0,0,0,0,37.33
2008,4,1,13,30,20,44,132,528,528,44,132,33.1
2008,4,1,14,30,25,72,391,793,793,72,391,23.12
2008,4,1,15,30,29.3,87,642,906,906,87,642,15.19
2008,4,1,16,30,32.2,97,852,964,964,97,852,11.66
2008,4,1,17,30,34.2,104,997,990,990,104,997,10.16
2008,4,1,18,30,35.5,109,1071,1000,1000,109,1071,9.39
2008,4,1,19,30,36.1,109,1066,999,999,109,1066,9.14
2008,4,1,20,30,36.1,107,981,982,982,107,981,9.32
2008,4,1,21,30,35.300000000000004,101,822,942,942,101,822,10.09
2008,4,1,22,30,33.6,92,606,874,874,92,606,11.71
2008,4,1,23,30,30.400000000000002,74,352,740,740,74,352,15.370000000000001
2008,4,2,0,30,26.1,41,100,427,427,41,100,22.85
2008,4,2,1,30,22.5,0,0,0,0,0,0,33.06
2008,4,2,2,30,20.3,0,0,0,0,0,0,41.52
2008,4,2,3,30,18.8,0,0,0,0,0,0,47.75
2008,4,2,4,30,17.900000000000002,0,0,0,0,0,0,51.300000000000004
2008,4,2,5,30,17.7,0,0,0,0,0,0,51.76
2008,4,2,6,30,17.3,0,0,0,0,0,0,52.61
2008,4,2,7,30,16.6,0,0,0,0,0,0,54.120000000000005
2008,4,2,8,30,16.1,0,0,0,0,0,0,54.980000000000004
2008,4,2,9,30,15.8,0,0,0,0,0,0,55.25
2008,4,2,10,30,15.5,0,0,0,0,0,0,55.78
2008,4,2,11,30,15.3,0,0,0,0,0,0,55.76
2008,4,2,12,30,16.7,0,0,0,0,0,0,50.300000000000004
2008,4,2,13,30,20.5,48,131,489,489,48,131,40.13
2008,4,2,14,30,25.5,79,387,762,762,79,387,27.38
2008,4,2,15,30,30,95,637,880,880,95,637,16.76
2008,4,2,16,30,33,106,845,940,940,106,845,11.71
2008,4,2,17,30,35,114,993,972,505,428,884,9.790000000000001
2008,4,2,18,30,36.2,140,1060,955,955,140,1060,8.89
2008,4,2,19,30,36.9,138,1055,955,955,138,1055,8.52
2008,4,2,20,30,36.800000000000004,132,971,940,940,132,971,8.74
2008,4,2,21,30,36,128,813,894,894,128,813,9.620000000000001
2008,4,2,22,30,34.2,113,596,820,820,113,596,11.64
2008,4,2,23,30,31,91,344,675,675,91,344,16.11
2008,4,3,0,30,27,49,96,342,342,49,96,25.150000000000002
2008,4,3,1,30,23.700000000000003,0,0,0,0,0,0,37.09
2008,4,3,2,30,21.700000000000003,0,0,0,0,0,0,47.42
2008,4,3,3,30,20.1,0,0,0,0,0,0,55.75
2008,4,3,4,30,19.200000000000003,0,0,0,0,0,0,60.32
2008,4,3,5,30,18.8,0,0,0,0,0,0,61.6
2008,4,3,6,30,18.6,0,0,0,0,0,0,61.19
2008,4,3,7,30,18.400000000000002,0,0,0,0,0,0,60.42
2008,4,3,8,30,17.900000000000002,0,0,0,0,0,0,61.11
2008,4,3,9,30,17.2,0,0,0,0,0,0,63.51
2008,4,3,10,30,16.6,0,0,0,0,0,0,65.9
2008,4,3,11,30,16.1,0,0,0,0,0,0,68.38
2008,4,3,12,30,17.1,0,0,0,0,0,0,64.76
2008,4,3,13,30,20.6,62,126,370,18,94,97,53.11
2008,4,3,14,30,25.400000000000002,105,376,662,662,105,376,37.54
2008,4,3,15,30,29.5,127,622,802,802,127,622,22.2
2008,4,3,16,30,32.2,138,832,881,881,138,832,15.8
2008,4,3,17,30,34.1,142,979,924,924,142,979,13.030000000000001
2008,4,3,18,30,35.2,140,1055,947,947,140,1055,11.76
2008,4,3,19,30,35.7,140,1049,946,946,140,1049,11.290000000000001
2008,4,3,20,30,35.6,134,964,929,929,134,964,11.49
2008,4,3,21,30,34.800000000000004,119,809,900,900,119,809,12.47
2008,4,3,22,30,33.2,104,596,834,834,104,596,14.51
2008,4,3,23,30,30.400000000000002,81,347,707,707,81,347,18.400000000000002
2008,4,4,0,30,26.6,43,99,401,401,43,99,26.01
2008,4,4,1,30,23.200000000000003,0,0,0,0,0,0,37.25
2008,4,4,2,30,21.200000000000003,0,0,0,0,0,0,46.15
2008,4,4,3,30,19.900000000000002,0,0,0,0,0,0,51.82
2008,4,4,4,30,18.900000000000002,0,0,0,0,0,0,54.99
2008,4,4,5,30,18.400000000000002,0,0,0,0,0,0,55.13
2008,4,4,6,30,18.1,0,0,0,0,0,0,53.870000000000005
2008,4,4,7,30,17.900000000000002,0,0,0,0,0,0,52.35
2008,4,4,8,30,17.5,0,0,0,0,0,0,51.910000000000004
2008,4,4,9,30,17.1,0,0,0,0,0,0,52.370000000000005
2008,4,4,10,30,16.7,0,0,0,0,0,0,53.88
2008,4,4,11,30,16.5,0,0,0,0,0,0,55.2
2008,4,4,12,30,17.400000000000002,0,0,0,0,0,0,53.07
2008,4,4,13,30,20.5,53,135,461,461,53,135,45.39
2008,4,4,14,30,25,90,389,725,725,90,389,34.02
2008,4,4,15,30,29,112,638,849,849,112,638,22.42
2008,4,4,16,30,31.6,123,847,915,915,123,847,16.22
2008,4,4,17,30,33.5,129,995,953,953,129,995,13.200000000000001
2008,4,4,18,30,34.7,128,1069,972,972,128,1069,11.66
2008,4,4,19,30,35.300000000000004,127,1063,973,973,127,1063,11.120000000000001
2008,4,4,20,30,35.1,123,976,953,953,123,976,11.65
2008,4,4,21,30,33.9,116,816,911,911,116,816,13.9
2008,4,4,22,30,31.6,104,597,834,431,234,489,18.78
2008,4,4,23,30,28.400000000000002,84,345,693,693,84,345,27.09
2008,4,5,0,30,24.6,45,98,376,1,56,56,40.86
2008,4,5,1,30,21.700000000000003,0,0,0,0,0,0,56.22
2008,4,5,2,30,20.1,0,0,0,0,0,0,67.21000000000001
2008,4,5,3,30,19.1,0,0,0,0,0,0,75.19
2008,4,5,4,30,18.2,0,0,0,0,0,0,81.82000000000001
2008,4,5,5,30,17.400000000000002,0,0,0,0,0,0,87.65
2008,4,5,6,30,16.900000000000002,0,0,0,0,0,0,91.45
2008,4,5,7,30,16.6,0,0,0,0,0,0,92.89
2008,4,5,8,30,16.3,0,0,0,0,0,0,93.45
2008,4,5,9,30,15.9,0,0,0,0,0,0,94.48
2008,4,5,10,30,15.4,0,0,0,0,0,0,95.98
2008,4,5,11,30,15,0,0,0,0,0,0,97.11
2008,4,5,12,30,15.700000000000001,0,0,0,0,0,0,92.11
2008,4,5,13,30,18.5,52,140,486,486,52,140,76.09
2008,4,5,14,30,22.3,78,398,773,115,240,288,53.730000000000004
2008,4,5,15,30,25.8,90,647,893,173,365,473,35.230000000000004
2008,4,5,16,30,28.400000000000002,98,851,950,677,292,829,27.32
2008,4,5,17,30,30.400000000000002,104,997,980,980,104,997,22.85
2008,4,5,18,30,31.8,108,1066,989,989,108,1066,20.05
2008,4,5,19,30,32.4,109,1059,985,985,109,1059,18.89
2008,4,5,20,30,32.2,108,971,964,964,108,971,19.35
2008,4,5,21,30,31.200000000000003,102,813,925,925,102,813,21.7
2008,4,5,22,30,29.400000000000002,93,596,849,849,93,596,26.39
2008,4,5,23,30,26.700000000000003,77,347,714,714,77,347,34.4
2008,4,6,0,30,23.5,43,100,402,402,43,100,46.89
2008,4,6,1,30,20.8,0,0,0,0,0,0,62.61
2008,4,6,2,30,19.1,0,0,0,0,0,0,77.11
2008,4,6,3,30,18.400000000000002,0,0,0,0,0,0,84.99
2008,4,6,4,30,18.1,0,0,0,0,0,0,87.45
2008,4,6,5,30,17.8,0,0,0,0,0,0,88.68
2008,4,6,6,30,17.6,0,0,0,0,0,0,89.17
2008,4,6,7,30,17.3,0,0,0,0,0,0,90.34
2008,4,6,8,30,17,0,0,0,0,0,0,91.57000000000001
2008,4,6,9,30,16.7,0,0,0,0,0,0,92.76
2008,4,6,10,30,16.5,0,0,0,0,0,0,93.37
2008,4,6,11,30,16.400000000000002,0,0,0,0,0,0,93.62
2008,4,6,12,30,17.1,0,0,0,0,0,0,89.34
2008,4,6,13,30,19.1,56,141,466,466,56,141,77.60000000000001
2008,4,6,14,30,22.200000000000003,81,399,760,760,81,399,60.02
2008,4,6,15,30,25.6,91,648,891,891,91,648,42.09
2008,4,6,16,30,28.400000000000002,98,852,949,949,98,852,29.94
2008,4,6,17,30,30.5,102,997,981,981,102,997,24.3
2008,4,6,18,30,32,104,1067,992,992,104,1067,21.05
2008,4,6,19,30,32.800000000000004,104,1060,990,990,104,1060,19.47
2008,4,6,20,30,32.9,103,972,970,970,103,972,19.14
2008,4,6,21,30,32.300000000000004,99,813,927,927,99,813,19.94
2008,4,6,22,30,31,90,600,860,860,90,600,22.02
2008,4,6,23,30,28.700000000000003,73,350,730,730,73,350,26.44
2008,4,7,0,30,25.5,42,102,425,425,42,102,34.68
2008,4,7,1,30,22.5,0,0,0,0,0,0,46.22
2008,4,7,2,30,20.5,0,0,0,0,0,0,57.29
2008,4,7,3,30,19.1,0,0,0,0,0,0,66.64
2008,4,7,4,30,18.3,0,0,0,0,0,0,72.54
2008,4,7,5,30,17.7,0,0,0,0,0,0,76.31
2008,4,7,6,30,17.3,0,0,0,0,0,0,78.19
2008,4,7,7,30,16.8,0,0,0,0,0,0,80.03
2008,4,7,8,30,16.5,0,0,0,0,0,0,80.32000000000001
2008,4,7,9,30,16.3,0,0,0,0,0,0,79.5
2008,4,7,10,30,16.2,0,0,0,0,0,0,77.89
2008,4,7,11,30,16.1,0,0,0,0,0,0,76.19
2008,4,7,12,30,17.3,0,0,0,0,0,0,68.5
2008,4,7,13,30,20.8,50,144,506,506,50,144,53.58
2008,4,7,14,30,25,79,399,761,761,79,399,39.15
2008,4,7,15,30,28.3,94,644,876,876,94,644,30.85
2008,4,7,16,30,30.700000000000003,102,851,940,940,102,851,24.59
2008,4,7,17,30,32.7,107,999,975,975,107,999,19.990000000000002
2008,4,7,18,30,34,105,1072,995,995,105,1072,17.12
2008,4,7,19,30,34.800000000000004,105,1064,993,993,105,1064,15.34
2008,4,7,20,30,35,103,979,976,976,103,979,14.52
2008,4,7,21,30,34.5,96,820,940,940,96,820,14.76
2008,4,7,22,30,33.1,87,606,874,874,87,606,16.47
2008,4,7,23,30,30.400000000000002,71,354,747,747,71,354,20.71
2008,4,8,0,30,26.200000000000003,41,104,446,446,41,104,30.650000000000002
2008,4,8,1,30,22.6,0,0,0,0,0,0,45.18
2008,4,8,2,30,20.400000000000002,0,0,0,0,0,0,57.620000000000005
2008,4,8,3,30,18.900000000000002,0,0,0,0,0,0,66.48
2008,4,8,4,30,17.8,0,0,0,0,0,0,72.3
2008,4,8,5,30,17,0,0,0,0,0,0,75.58
2008,4,8,6,30,16.5,0,0,0,0,0,0,76.8
2008,4,8,7,30,16.2,0,0,0,0,0,0,76.63
2008,4,8,8,30,15.9,0,0,0,0,0,0,76.37
2008,4,8,9,30,15.5,0,0,0,0,0,0,77.24
2008,4,8,10,30,15.100000000000001,0,0,0,0,0,0,78.65
2008,4,8,11,30,14.8,0,0,0,0,0,0,80.39
2008,4,8,12,30,16.1,0,0,0,0,0,0,74.66
2008,4,8,13,30,19.900000000000002,48,153,553,553,48,153,59.800000000000004
2008,4,8,14,30,24.6,74,412,799,799,74,412,39.18
2008,4,8,15,30,28.1,88,660,906,906,88,660,25.45
2008,4,8,16,30,30.400000000000002,98,863,957,957,98,863,20.39
2008,4,8,17,30,32.2,104,1007,986,986,104,1007,17.57
2008,4,8,18,30,33.300000000000004,107,1076,995,995,107,1076,16.19
2008,4,8,19,30,33.7,109,1067,990,990,109,1067,15.870000000000001
2008,4,8,20,30,33.300000000000004,109,977,967,967,109,977,16.61
2008,4,8,21,30,32.300000000000004,100,820,933,933,100,820,18.5
2008,4,8,22,30,30.5,91,603,861,861,91,603,22.02
2008,4,8,23,30,27.8,75,352,730,730,75,352,28.05
2008,4,9,0,30,24.5,43,104,426,426,43,104,37.47
2008,4,9,1,30,21.5,0,0,0,0,0,0,49.32
2008,4,9,2,30,19.5,0,0,0,0,0,0,59.9
2008,4,9,3,30,18.2,0,0,0,0,0,0,67.55
2008,4,9,4,30,17.400000000000002,0,0,0,0,0,0,72.47
2008,4,9,5,30,16.7,0,0,0,0,0,0,76.02
2008,4,9,6,30,16.2,0,0,0,0,0,0,77.8
2008,4,9,7,30,15.700000000000001,0,0,0,0,0,0,78.54
2008,4,9,8,30,15.3,0,0,0,0,0,0,77.98
2008,4,9,9,30,14.9,0,0,0,0,0,0,77.08
2008,4,9,10,30,14.5,0,0,0,0,0,0,76.10000000000001
2008,4,9,11,30,14.100000000000001,0,0,0,0,0,0,75.33
2008,4,9,12,30,15.700000000000001,0,0,0,0,0,0,65.38
2008,4,9,13,30,19.900000000000002,48,158,575,575,48,158,48.4
2008,4,9,14,30,24.700000000000003,73,419,815,815,73,419,32.49
2008,4,9,15,30,28.900000000000002,87,672,923,923,87,672,19.05
2008,4,9,16,30,31.8,95,879,977,977,95,879,11.34
2008,4,9,17,30,33.5,101,1024,1005,1005,101,1024,9.23
2008,4,9,18,30,34.5,108,1095,1012,1012,108,1095,8.45
2008,4,9,19,30,34.7,109,1082,1004,1004,109,1082,8.6
2008,4,9,20,30,34.300000000000004,109,994,984,984,109,994,9.4
2008,4,9,21,30,33,105,831,940,940,105,831,11.120000000000001
2008,4,9,22,30,31,96,612,868,868,96,612,13.99
2008,4,9,23,30,28.200000000000003,78,359,738,308,193,310,18.39
2008,4,10,0,30,24.6,44,107,431,140,75,95,25.93
2008,4,10,1,30,21.400000000000002,0,0,0,0,0,0,37.02
2008,4,10,2,30,19.400000000000002,0,0,0,0,0,0,47.24
2008,4,10,3,30,18,0,0,0,0,0,0,55.21
2008,4,10,4,30,17.1,0,0,0,0,0,0,59.95
2008,4,10,5,30,16.6,0,0,0,0,0,0,61.76
2008,4,10,6,30,16.3,0,0,0,0,0,0,61.550000000000004
2008,4,10,7,30,16.2,0,0,0,0,0,0,60.08
2008,4,10,8,30,16.1,0,0,0,0,0,0,58.730000000000004
2008,4,10,9,30,16,0,0,0,0,0,0,57.910000000000004
2008,4,10,10,30,15.8,0,0,0,0,0,0,58
2008,4,10,11,30,15.5,0,0,0,0,0,0,58.57
2008,4,10,12,30,16.5,0,0,0,0,0,0,54.57
2008,4,10,13,30,19.900000000000002,54,158,531,531,54,158,44.51
2008,4,10,14,30,24.400000000000002,83,417,780,780,83,417,31.970000000000002
2008,4,10,15,30,28.200000000000003,99,666,892,892,99,666,18.84
2008,4,10,16,30,30.700000000000003,109,872,950,950,109,872,13.620000000000001
2008,4,10,17,30,32.5,115,1017,980,980,115,1017,11.07
2008,4,10,18,30,33.6,117,1089,996,996,117,1089,9.9
2008,4,10,19,30,33.9,117,1080,993,993,117,1080,9.65
2008,4,10,20,30,33.6,114,989,972,972,114,989,10.1
2008,4,10,21,30,32.5,105,829,937,937,105,829,11.46
2008,4,10,22,30,30.700000000000003,95,613,869,869,95,613,14
2008,4,10,23,30,28,78,359,734,734,78,359,18.48
2008,4,11,0,30,24.3,45,107,429,429,45,107,26.580000000000002
2008,4,11,1,30,21.200000000000003,0,0,0,0,0,0,38.19
2008,4,11,2,30,19.3,0,0,0,0,0,0,49.49
2008,4,11,3,30,18,0,0,0,0,0,0,59.02
2008,4,11,4,30,17.2,0,0,0,0,0,0,64.91
2008,4,11,5,30,16.6,0,0,0,0,0,0,68.02
2008,4,11,6,30,16.2,0,0,0,0,0,0,69.05
2008,4,11,7,30,15.9,0,0,0,0,0,0,68.9
2008,4,11,8,30,15.700000000000001,0,0,0,0,0,0,68.06
2008,4,11,9,30,15.4,0,0,0,0,0,0,67.22
2008,4,11,10,30,15,0,0,0,0,0,0,66.39
2008,4,11,11,30,14.5,0,0,0,0,0,0,66.01
2008,4,11,12,30,15.9,0,0,0,0,0,0,58.2
2008,4,11,13,30,20,57,156,497,497,57,156,43.69
2008,4,11,14,30,25,89,410,745,745,89,410,29.86
2008,4,11,15,30,29.3,107,655,858,858,107,655,18.63
2008,4,11,16,30,32.2,118,856,916,916,118,856,13.8
2008,4,11,17,30,34.1,126,998,947,947,126,998,11.790000000000001
2008,4,11,18,30,35.300000000000004,143,1063,940,940,143,1063,10.96
2008,4,11,19,30,35.800000000000004,144,1051,934,934,144,1051,10.99
2008,4,11,20,30,35.6,142,965,914,636,355,928,11.73
2008,4,11,21,30,34.6,148,800,844,435,315,652,13.33
2008,4,11,22,30,32.6,130,586,764,543,234,558,16.330000000000002
2008,4,11,23,30,29.8,102,340,623,346,173,305,21.46
2008,4,12,0,30,26.1,53,100,319,0,19,19,29.830000000000002
2008,4,12,1,30,23.3,0,0,0,0,0,0,39.42
2008,4,12,2,30,21.700000000000003,0,0,0,0,0,0,46.480000000000004
2008,4,12,3,30,20.700000000000003,0,0,0,0,0,0,50.51
2008,4,12,4,30,20.200000000000003,0,0,0,0,0,0,51.32
2008,4,12,5,30,19.900000000000002,0,0,0,0,0,0,50.39
2008,4,12,6,30,19.400000000000002,0,0,0,0,0,0,49.77
2008,4,12,7,30,18.7,0,0,0,0,0,0,49.9
2008,4,12,8,30,18.2,0,0,0,0,0,0,49.34
2008,4,12,9,30,17.7,0,0,0,0,0,0,49.11
2008,4,12,10,30,17.400000000000002,0,0,0,0,0,0,48.97
2008,4,12,11,30,16.900000000000002,0,0,0,0,0,0,50.22
2008,4,12,12,30,17.900000000000002,0,0,0,0,0,0,47.63
2008,4,12,13,30,21.200000000000003,76,145,342,342,76,145,40.14
2008,4,12,14,30,25.3,130,389,597,597,130,389,32.51
2008,4,12,15,30,28.700000000000003,162,625,723,723,162,625,25.13
2008,4,12,16,30,31.400000000000002,182,824,795,795,182,824,19.06
2008,4,12,17,30,33.5,193,964,836,836,193,964,14.98
2008,4,12,18,30,34.7,175,1041,885,885,175,1041,13.4
2008,4,12,19,30,35.1,179,1028,874,874,179,1028,13.280000000000001
2008,4,12,20,30,34.9,176,942,849,849,176,942,13.98
2008,4,12,21,30,34,163,785,804,804,163,785,15.58
2008,4,12,22,30,32.4,140,577,732,732,140,577,18.23
2008,4,12,23,30,30.1,107,336,598,598,107,336,22.26
2008,4,13,0,30,27,54,99,307,12,77,78,28.93
2008,4,13,1,30,24.1,0,0,0,0,0,0,38.11
2008,4,13,2,30,22.1,0,0,0,0,0,0,46.84
2008,4,13,3,30,20.6,0,0,0,0,0,0,54.5
2008,4,13,4,30,19.900000000000002,0,0,0,0,0,0,59.050000000000004
2008,4,13,5,30,19.6,0,0,0,0,0,0,61.15
2008,4,13,6,30,19.5,0,0,0,0,0,0,61.6
2008,4,13,7,30,19.1,0,0,0,0,0,0,63.08
2008,4,13,8,30,18.5,0,0,0,0,0,0,65.85
2008,4,13,9,30,17.7,0,0,0,0,0,0,70.37
2008,4,13,10,30,17.1,0,0,0,0,0,0,75.31
2008,4,13,11,30,16.8,0,0,0,0,0,0,79.03
2008,4,13,12,30,18.2,0,0,0,0,0,0,74.18
2008,4,13,13,30,21.200000000000003,87,138,250,250,87,138,63.120000000000005
2008,4,13,14,30,24.6,147,376,526,526,147,376,51.76
2008,4,13,15,30,27.8,168,614,692,692,168,614,39.12
2008,4,13,16,30,30.3,178,815,787,787,178,815,29.990000000000002
2008,4,13,17,30,32.2,182,956,838,838,182,956,25.11
2008,4,13,18,30,33.300000000000004,234,1008,790,790,234,1008,22.81
2008,4,13,19,30,33.7,243,994,772,772,243,994,21.830000000000002
2008,4,13,20,30,33.5,242,908,738,738,242,908,21.88
2008,4,13,21,30,32.4,212,758,705,705,212,758,23.47
2008,4,13,22,30,30.6,188,549,602,602,188,549,26.900000000000002
2008,4,13,23,30,28.6,142,314,447,447,142,314,31.77
2008,4,14,0,30,26.5,64,87,158,158,64,87,38.37
2008,4,14,1,30,24.6,0,0,0,0,0,0,46.24
2008,4,14,2,30,23.3,0,0,0,0,0,0,52.99
2008,4,14,3,30,22.3,0,0,0,0,0,0,58.53
2008,4,14,4,30,21.700000000000003,0,0,0,0,0,0,62.34
2008,4,14,5,30,21.1,0,0,0,0,0,0,66.19
2008,4,14,6,30,20.5,0,0,0,0,0,0,70.36
2008,4,14,7,30,19.900000000000002,0,0,0,0,0,0,74.64
2008,4,14,8,30,19.200000000000003,0,0,0,0,0,0,78.48
2008,4,14,9,30,18.5,0,0,0,0,0,0,80.61
2008,4,14,10,30,17.7,0,0,0,0,0,0,81.93
2008,4,14,11,30,17.1,0,0,0,0,0,0,81.04
2008,4,14,12,30,17.1,0,0,0,0,0,0,75.9
2008,4,14,13,30,18.3,86,138,252,4,73,73,64.65
2008,4,14,14,30,20.6,152,371,499,210,225,317,52.33
2008,4,14,15,30,23.5,190,602,639,61,358,397,43.84
2008,4,14,16,30,26.5,206,798,729,27,399,421,37.5
2008,4,14,17,30,28.900000000000002,212,938,785,324,446,746,32.8
2008,4,14,18,30,30.6,206,1008,817,184,569,750,29.28
2008,4,14,19,30,31.400000000000002,208,998,812,812,208,998,27.21
2008,4,14,20,30,31.3,204,912,784,784,204,912,26.580000000000002
2008,4,14,21,30,30.6,182,763,749,43,390,424,27.39
2008,4,14,22,30,29.6,156,559,673,165,293,391,29.35
2008,4,14,23,30,28.3,113,327,556,22,166,174,32.06
2008,4,15,0,30,26,54,97,291,5,60,61,38.78
2008,4,15,1,30,23.8,0,0,0,0,0,0,48.300000000000004
2008,4,15,2,30,22.5,0,0,0,0,0,0,56.49
2008,4,15,3,30,21.6,0,0,0,0,0,0,62.68
2008,4,15,4,30,20.6,0,0,0,0,0,0,67.12
2008,4,15,5,30,19.6,0,0,0,0,0,0,71.56
2008,4,15,6,30,19.1,0,0,0,0,0,0,72.16
2008,4,15,7,30,18.6,0,0,0,0,0,0,71.29
2008,4,15,8,30,18,0,0,0,0,0,0,72.96000000000001
2008,4,15,9,30,17.5,0,0,0,0,0,0,75.13
2008,4,15,10,30,17.2,0,0,0,0,0,0,76.96000000000001
2008,4,15,11,30,17.2,0,0,0,0,0,0,79.16
2008,4,15,12,30,17.900000000000002,0,0,0,0,0,0,77.36
2008,4,15,13,30,19.900000000000002,86,143,268,268,86,143,70.13
2008,4,15,14,30,22.900000000000002,144,380,534,534,144,380,59.97
2008,4,15,15,30,26.1,166,618,697,697,166,618,46.83
2008,4,15,16,30,28.700000000000003,176,816,787,787,176,816,37.1
2008,4,15,17,30,30.6,185,954,828,828,185,954,30.650000000000002
2008,4,15,18,30,31.900000000000002,192,1019,842,842,192,1019,26.79
2008,4,15,19,30,32.5,202,1007,826,826,202,1007,24.73
2008,4,15,20,30,32.300000000000004,206,918,787,98,456,545,23.98
2008,4,15,21,30,31.5,154,779,805,4,229,232,24.63
2008,4,15,22,30,30.1,141,568,713,6,183,187,26.96
2008,4,15,23,30,28.5,110,330,568,2,90,91,30.62
2008,4,16,0,30,26.1,55,98,285,17,75,78,37.92
2008,4,16,1,30,23.700000000000003,0,0,0,0,0,0,48.050000000000004
2008,4,16,2,30,21.900000000000002,0,0,0,0,0,0,57.67
2008,4,16,3,30,20.6,0,0,0,0,0,0,66.03
2008,4,16,4,30,19.8,0,0,0,0,0,0,71.09
2008,4,16,5,30,19.400000000000002,0,0,0,0,0,0,73.26
2008,4,16,6,30,19.1,0,0,0,0,0,0,74.41
2008,4,16,7,30,18.8,0,0,0,0,0,0,75.54
2008,4,16,8,30,18.7,0,0,0,0,0,0,75.66
2008,4,16,9,30,18.8,0,0,0,0,0,0,74.61
2008,4,16,10,30,18.900000000000002,0,0,0,0,0,0,73.68
2008,4,16,11,30,18.900000000000002,0,0,0,0,0,0,73.41
2008,4,16,12,30,19.5,0,0,0,0,0,0,70.37
2008,4,16,13,30,21.3,85,147,292,44,117,127,62.49
2008,4,16,14,30,24,144,384,540,244,224,333,50.72
2008,4,16,15,30,26.700000000000003,177,616,676,676,177,616,40.410000000000004
2008,4,16,16,30,29.1,194,813,759,759,194,813,32.86
2008,4,16,17,30,31.1,208,949,798,798,208,949,27.93
2008,4,16,18,30,32.4,219,1016,810,810,219,1016,25.1
2008,4,16,19,30,32.9,221,1005,803,803,221,1005,23.94
2008,4,16,20,30,32.800000000000004,219,918,772,772,219,918,23.87
2008,4,16,21,30,32.1,178,772,764,764,178,772,25.12
2008,4,16,22,30,30.900000000000002,162,562,667,264,335,493,27.68
2008,4,16,23,30,28.900000000000002,128,323,505,0,25,25,32.63
2008,4,17,0,30,26.5,61,94,214,16,74,76,40.06
2008,4,17,1,30,24.200000000000003,0,0,0,0,0,0,49.79
2008,4,17,2,30,22.400000000000002,0,0,0,0,0,0,59.36
2008,4,17,3,30,21.1,0,0,0,0,0,0,66.64
2008,4,17,4,30,20.3,0,0,0,0,0,0,70.24
2008,4,17,5,30,19.6,0,0,0,0,0,0,71.93
2008,4,17,6,30,19.1,0,0,0,0,0,0,71.68
2008,4,17,7,30,18.900000000000002,0,0,0,0,0,0,69.95
2008,4,17,8,30,18.900000000000002,0,0,0,0,0,0,68.21000000000001
2008,4,17,9,30,18.5,0,0,0,0,0,0,69.7
2008,4,17,10,30,17.900000000000002,0,0,0,0,0,0,73.99
2008,4,17,11,30,17.3,0,0,0,0,0,0,79.06
2008,4,17,12,30,18,0,0,0,0,0,0,77.65
2008,4,17,13,30,21,70,164,437,437,70,164,64.45
2008,4,17,14,30,25,104,414,694,694,104,414,41.08
2008,4,17,15,30,28.5,122,656,820,820,122,656,24.97
2008,4,17,16,30,31,133,858,888,564,294,755,19.17
2008,4,17,17,30,32.7,141,997,920,683,281,917,16.39
2008,4,17,18,30,33.7,139,1067,942,493,357,842,14.89
2008,4,17,19,30,34,142,1052,933,933,142,1052,14.49
2008,4,17,20,30,33.1,141,964,909,909,141,964,15.620000000000001
2008,4,17,21,30,31.200000000000003,128,807,873,873,128,807,18.45
2008,4,17,22,30,28.900000000000002,115,596,800,800,115,596,22.580000000000002
2008,4,17,23,30,26.6,92,350,667,667,92,350,27.72
2008,4,18,0,30,24.5,50,107,379,86,81,94,33.28
2008,4,18,1,30,22.5,0,0,0,0,0,0,39.910000000000004
2008,4,18,2,30,20.700000000000003,0,0,0,0,0,0,47.01
2008,4,18,3,30,19,0,0,0,0,0,0,55.02
2008,4,18,4,30,17.8,0,0,0,0,0,0,61.99
2008,4,18,5,30,17,0,0,0,0,0,0,67.53
2008,4,18,6,30,16.5,0,0,0,0,0,0,71.25
2008,4,18,7,30,16.2,0,0,0,0,0,0,73.08
2008,4,18,8,30,16,0,0,0,0,0,0,73.43
2008,4,18,9,30,15.8,0,0,0,0,0,0,72.99
2008,4,18,10,30,15.5,0,0,0,0,0,0,72.7
2008,4,18,11,30,15.200000000000001,0,0,0,0,0,0,72.29
2008,4,18,12,30,16.5,0,0,0,0,0,0,65.21000000000001
2008,4,18,13,30,20.3,56,180,569,569,56,180,50.96
2008,4,18,14,30,24.900000000000002,82,438,794,794,82,438,33.39
2008,4,18,15,30,28.8,97,682,895,895,97,682,19.42
2008,4,18,16,30,31.5,107,884,950,950,107,884,13.06
2008,4,18,17,30,33.4,112,1027,983,983,112,1027,10.74
2008,4,18,18,30,34.7,113,1095,997,997,113,1095,9.49
2008,4,18,19,30,35.6,113,1084,995,995,113,1084,8.65
2008,4,18,20,30,35.800000000000004,110,996,978,978,110,996,8.27
2008,4,18,21,30,35.300000000000004,103,837,943,943,103,837,8.57
2008,4,18,22,30,34,93,619,874,874,93,619,9.84
2008,4,18,23,30,31.400000000000002,76,366,746,746,76,366,12.76
2008,4,19,0,30,27.200000000000003,44,113,448,448,44,113,20.54
2008,4,19,1,30,23.5,0,0,0,0,0,0,34.160000000000004
2008,4,19,2,30,21.3,0,0,0,0,0,0,48.04
2008,4,19,3,30,19.8,0,0,0,0,0,0,59.08
2008,4,19,4,30,18.8,0,0,0,0,0,0,64.85
2008,4,19,5,30,18.400000000000002,0,0,0,0,0,0,65.95
2008,4,19,6,30,18.2,0,0,0,0,0,0,64.85
2008,4,19,7,30,17.8,0,0,0,0,0,0,64.3
2008,4,19,8,30,17.3,0,0,0,0,0,0,64.46000000000001
2008,4,19,9,30,16.8,0,0,0,0,0,0,65.71000000000001
2008,4,19,10,30,16.2,0,0,0,0,0,0,68.25
2008,4,19,11,30,15.9,0,0,0,0,0,0,69.64
2008,4,19,12,30,17.3,0,0,0,0,0,0,64.1
2008,4,19,13,30,20.8,69,169,454,43,124,134,52.33
2008,4,19,14,30,24.8,106,414,682,281,235,361,41.410000000000004
2008,4,19,15,30,28.400000000000002,128,649,795,360,334,570,29.19
2008,4,19,16,30,31.1,141,845,858,858,141,845,21.41
2008,4,19,17,30,33.1,151,984,893,893,151,984,17.52
2008,4,19,18,30,34.6,158,1047,901,890,152,1030,15.540000000000001
2008,4,19,19,30,35.5,158,1036,898,898,158,1036,14.75
2008,4,19,20,30,35.7,153,949,878,878,153,949,14.75
2008,4,19,21,30,35.2,135,796,849,849,135,796,15.55
2008,4,19,22,30,33.800000000000004,120,586,775,775,120,586,17.56
2008,4,19,23,30,31.6,96,343,635,635,96,343,21.11
2008,4,20,0,30,28.200000000000003,52,105,340,340,52,105,28.400000000000002
2008,4,20,1,30,25,0,0,0,0,0,0,40.24
2008,4,20,2,30,22.700000000000003,0,0,0,0,0,0,53.42
2008,4,20,3,30,21.3,0,0,0,0,0,0,63.120000000000005
2008,4,20,4,30,20.5,0,0,0,0,0,0,67.48
2008,4,20,5,30,19.8,0,0,0,0,0,0,69.67
2008,4,20,6,30,19.1,0,0,0,0,0,0,70.53
2008,4,20,7,30,18.6,0,0,0,0,0,0,70.08
2008,4,20,8,30,18.1,0,0,0,0,0,0,69.34
2008,4,20,9,30,17.7,0,0,0,0,0,0,68.48
2008,4,20,10,30,17.400000000000002,0,0,0,0,0,0,67.69
2008,4,20,11,30,17.3,0,0,0,0,0,0,66.45
2008,4,20,12,30,18.7,0,0,0,0,0,0,59.44
2008,4,20,13,30,22.400000000000002,75,167,412,412,75,167,46.42
2008,4,20,14,30,26.900000000000002,120,411,642,642,120,411,30.62
2008,4,20,15,30,30.5,149,645,753,753,149,645,19.22
2008,4,20,16,30,32.800000000000004,169,839,815,815,169,839,15.370000000000001
2008,4,20,17,30,34.4,182,972,846,846,182,972,13.97
2008,4,20,18,30,35.4,274,1006,742,742,274,1006,13.48
2008,4,20,19,30,36,269,996,743,743,269,996,13.35
2008,4,20,20,30,35.9,255,912,724,358,521,846,13.73
2008,4,20,21,30,35.1,239,756,664,317,456,703,14.81
2008,4,20,22,30,33.7,209,554,572,572,209,554,16.68
2008,4,20,23,30,31.3,155,319,420,420,155,319,20.1
2008,4,21,0,30,28,66,93,175,29,88,92,26.560000000000002
2008,4,21,1,30,24.900000000000002,0,0,0,0,0,0,36.07
2008,4,21,2,30,23,0,0,0,0,0,0,44.800000000000004
2008,4,21,3,30,21.700000000000003,0,0,0,0,0,0,51.63
2008,4,21,4,30,20.8,0,0,0,0,0,0,55.910000000000004
2008,4,21,5,30,20,0,0,0,0,0,0,58.31
2008,4,21,6,30,19.400000000000002,0,0,0,0,0,0,58.620000000000005
2008,4,21,7,30,19,0,0,0,0,0,0,57.4
2008,4,21,8,30,18.7,0,0,0,0,0,0,55.65
2008,4,21,9,30,18.3,0,0,0,0,0,0,54.19
2008,4,21,10,30,18,0,0,0,0,0,0,52.660000000000004
2008,4,21,11,30,17.7,0,0,0,0,0,0,51.65
2008,4,21,12,30,19,0,0,0,0,0,0,46.2
2008,4,21,13,30,22.8,78,171,410,410,78,171,36.08
2008,4,21,14,30,27.6,120,420,658,658,120,420,22.75
2008,4,21,15,30,31.400000000000002,143,659,784,784,143,659,13.9
2008,4,21,16,30,33.9,155,859,856,856,155,859,11.05
2008,4,21,17,30,35.800000000000004,161,997,895,895,161,997,9.77
2008,4,21,18,30,37.1,142,1071,940,940,142,1071,9.120000000000001
2008,4,21,19,30,37.7,141,1057,936,936,141,1057,9.05
2008,4,21,20,30,37.6,135,970,920,920,135,970,9.46
2008,4,21,21,30,36.7,120,813,890,890,120,813,10.63
2008,4,21,22,30,34.9,105,601,822,822,105,601,13.19
2008,4,21,23,30,32.1,84,354,694,694,84,354,17.740000000000002
2008,4,22,0,30,28.3,47,111,409,409,47,111,25.16
2008,4,22,1,30,25,0,0,0,0,0,0,34.76
2008,4,22,2,30,23,0,0,0,0,0,0,42.550000000000004
2008,4,22,3,30,21.6,0,0,0,0,0,0,47.89
2008,4,22,4,30,20.900000000000002,0,0,0,0,0,0,49.92
2008,4,22,5,30,20.6,0,0,0,0,0,0,50.26
2008,4,22,6,30,20,0,0,0,0,0,0,52.26
2008,4,22,7,30,19.200000000000003,0,0,0,0,0,0,56.56
2008,4,22,8,30,18.400000000000002,0,0,0,0,0,0,61.85
2008,4,22,9,30,17.7,0,0,0,0,0,0,67.41
2008,4,22,10,30,17.2,0,0,0,0,0,0,72.17
2008,4,22,11,30,16.900000000000002,0,0,0,0,0,0,75.49
2008,4,22,12,30,18.3,0,0,0,0,0,0,70.33
2008,4,22,13,30,22.1,59,184,545,545,59,184,56.300000000000004
2008,4,22,14,30,27.1,87,434,758,758,87,434,36.980000000000004
2008,4,22,15,30,31.3,102,671,861,861,102,671,21.77
2008,4,22,16,30,33.9,113,867,916,916,113,867,16.81
2008,4,22,17,30,35.9,119,1003,945,945,119,1003,14.27
2008,4,22,18,30,37.300000000000004,133,1064,942,942,133,1064,12.97
2008,4,22,19,30,37.9,135,1049,934,934,135,1049,12.69
2008,4,22,20,30,37.7,133,958,909,909,133,958,13.31
2008,4,22,21,30,36.6,130,798,857,857,130,798,15.35
2008,4,22,22,30,34.5,118,586,776,776,118,586,19.3
2008,4,22,23,30,31.3,95,344,635,635,95,344,26
2008,4,23,0,30,27.700000000000003,52,107,343,343,52,107,36.38
2008,4,23,1,30,24.8,0,0,0,0,0,0,48.29
2008,4,23,2,30,23,0,0,0,0,0,0,57.7
2008,4,23,3,30,21.8,0,0,0,0,0,0,64.19
2008,4,23,4,30,21.1,0,0,0,0,0,0,67.27
2008,4,23,5,30,20.5,0,0,0,0,0,0,69.47
2008,4,23,6,30,19.700000000000003,0,0,0,0,0,0,73.01
2008,4,23,7,30,19.1,0,0,0,0,0,0,76.15
2008,4,23,8,30,18.6,0,0,0,0,0,0,79.13
2008,4,23,9,30,18.3,0,0,0,0,0,0,81.67
2008,4,23,10,30,18.2,0,0,0,0,0,0,83.28
2008,4,23,11,30,18.2,0,0,0,0,0,0,84.39
2008,4,23,12,30,19.200000000000003,0,0,0,0,0,0,80.02
2008,4,23,13,30,22,87,166,342,342,87,166,67.5
2008,4,23,14,30,25.700000000000003,133,405,591,591,133,405,51.84
2008,4,23,15,30,29.200000000000003,159,637,721,721,159,637,38.08
2008,4,23,16,30,31.8,174,829,793,793,174,829,30.32
2008,4,23,17,30,33.800000000000004,182,964,834,834,182,964,25.3
2008,4,23,18,30,35.2,191,1026,844,844,191,1026,21.97
2008,4,23,19,30,35.9,187,1016,846,846,187,1016,20.02
2008,4,23,20,30,35.9,178,931,828,828,178,931,19.28
2008,4,23,21,30,35.300000000000004,171,776,775,775,171,776,19.67
2008,4,23,22,30,33.800000000000004,148,569,696,696,148,569,21.56
2008,4,23,23,30,31.5,117,333,551,551,117,333,25.38
2008,4,24,0,30,28.5,60,102,265,265,60,102,32.01
2008,4,24,1,30,25.8,0,0,0,0,0,0,40.58
2008,4,24,2,30,23.900000000000002,0,0,0,0,0,0,48.96
2008,4,24,3,30,22.700000000000003,0,0,0,0,0,0,55.38
2008,4,24,4,30,21.700000000000003,0,0,0,0,0,0,60.28
2008,4,24,5,30,20.900000000000002,0,0,0,0,0,0,64.3
2008,4,24,6,30,20.400000000000002,0,0,0,0,0,0,66.9
2008,4,24,7,30,20,0,0,0,0,0,0,68.41
2008,4,24,8,30,19.400000000000002,0,0,0,0,0,0,69.91
2008,4,24,9,30,18.7,0,0,0,0,0,0,70.87
2008,4,24,10,30,18.1,0,0,0,0,0,0,70.53
2008,4,24,11,30,17.8,0,0,0,0,0,0,68.41
2008,4,24,12,30,19.400000000000002,0,0,0,0,0,0,58.85
2008,4,24,13,30,23.3,76,178,437,437,76,178,43.4
2008,4,24,14,30,27.5,115,424,670,670,115,424,25.5
2008,4,24,15,30,30.900000000000002,138,660,786,786,138,660,15.27
2008,4,24,16,30,33.2,152,854,850,850,152,854,13.25
2008,4,24,17,30,34.9,159,990,886,886,159,990,12.49
2008,4,24,18,30,36,166,1054,897,897,166,1054,12.17
2008,4,24,19,30,36.5,163,1042,896,896,163,1042,12.290000000000001
2008,4,24,20,30,36.300000000000004,157,952,875,875,157,952,12.92
2008,4,24,21,30,35.300000000000004,146,798,835,835,146,798,14.26
2008,4,24,22,30,33.4,127,590,766,766,127,590,16.68
2008,4,24,23,30,30.400000000000002,99,348,634,634,99,348,21.05
2008,4,25,0,30,26.900000000000002,54,110,354,354,54,110,28
2008,4,25,1,30,24,0,0,0,0,0,0,36.13
2008,4,25,2,30,22.200000000000003,0,0,0,0,0,0,43.2
2008,4,25,3,30,21.1,0,0,0,0,0,0,47.95
2008,4,25,4,30,20.200000000000003,0,0,0,0,0,0,51.34
2008,4,25,5,30,19.700000000000003,0,0,0,0,0,0,52.870000000000005
2008,4,25,6,30,19.3,0,0,0,0,0,0,53.300000000000004
2008,4,25,7,30,19,0,0,0,0,0,0,52.96
2008,4,25,8,30,18.7,0,0,0,0,0,0,52.68
2008,4,25,9,30,18.400000000000002,0,0,0,0,0,0,52.61
2008,4,25,10,30,18,0,0,0,0,0,0,53.08
2008,4,25,11,30,17.6,0,0,0,0,0,0,53.56
2008,4,25,12,30,19.1,0,0,0,0,0,0,47.96
2008,4,25,13,30,23.3,72,184,474,474,72,184,36.52
2008,4,25,14,30,28.1,106,432,704,704,106,432,22.42
2008,4,25,15,30,31.700000000000003,125,669,817,817,125,669,14.22
2008,4,25,16,30,33.9,137,867,882,882,137,867,11.66
2008,4,25,17,30,35.5,144,1004,916,916,144,1004,10.36
2008,4,25,18,30,36.7,150,1067,925,925,150,1067,9.64
2008,4,25,19,30,37.300000000000004,147,1056,926,926,147,1056,9.41
2008,4,25,20,30,37.2,140,968,910,910,140,968,9.71
2008,4,25,21,30,36.4,134,808,863,863,134,808,10.82
2008,4,25,22,30,34.6,118,597,791,791,118,597,13.36
2008,4,25,23,30,31.700000000000003,93,353,659,659,93,353,18.59
2008,4,26,0,30,27.700000000000003,51,113,381,381,51,113,27.82
2008,4,26,1,30,24.400000000000002,0,0,0,0,0,0,39.08
2008,4,26,2,30,22.6,0,0,0,0,0,0,47.37
2008,4,26,3,30,21.400000000000002,0,0,0,0,0,0,52.69
2008,4,26,4,30,20.5,0,0,0,0,0,0,55.78
2008,4,26,5,30,19.900000000000002,0,0,0,0,0,0,57.71
2008,4,26,6,30,19.3,0,0,0,0,0,0,60.22
2008,4,26,7,30,18.7,0,0,0,0,0,0,63.800000000000004
2008,4,26,8,30,18,0,0,0,0,0,0,68.72
2008,4,26,9,30,17.2,0,0,0,0,0,0,74.96000000000001
2008,4,26,10,30,16.6,0,0,0,0,0,0,81.18
2008,4,26,11,30,16.2,0,0,0,0,0,0,87.17
2008,4,26,12,30,17.6,0,0,0,0,0,0,82.87
2008,4,26,13,30,21,67,187,505,505,67,187,68.31
2008,4,26,14,30,25.1,96,435,729,729,96,435,50.01
2008,4,26,15,30,29.1,112,668,832,832,112,668,31.66
2008,4,26,16,30,32.1,125,860,886,886,125,860,22.03
2008,4,26,17,30,34.2,135,993,913,913,135,993,17.86
2008,4,26,18,30,35.5,156,1049,901,901,156,1049,15.97
2008,4,26,19,30,36,164,1033,886,886,164,1033,15.44
2008,4,26,20,30,35.6,170,940,845,845,170,940,16.09
2008,4,26,21,30,34.2,182,776,760,760,182,776,18.44
2008,4,26,22,30,32.2,165,567,664,284,290,462,22.47
2008,4,26,23,30,29.700000000000003,127,332,520,520,127,332,28.240000000000002
2008,4,27,0,30,27,62,105,264,52,88,97,35.89
2008,4,27,1,30,24.6,0,0,0,0,0,0,44.96
2008,4,27,2,30,22.900000000000002,0,0,0,0,0,0,53.81
2008,4,27,3,30,21.6,0,0,0,0,0,0,61.03
2008,4,27,4,30,20.700000000000003,0,0,0,0,0,0,65.4
2008,4,27,5,30,20.200000000000003,0,0,0,0,0,0,67.2
2008,4,27,6,30,20,0,0,0,0,0,0,67.36
2008,4,27,7,30,19.6,0,0,0,0,0,0,68.47
2008,4,27,8,30,19,0,0,0,0,0,0,70.69
2008,4,27,9,30,18.400000000000002,0,0,0,0,0,0,72.89
2008,4,27,10,30,17.8,0,0,0,0,0,0,75.81
2008,4,27,11,30,17.3,0,0,0,0,0,0,78.71000000000001
2008,4,27,12,30,18.5,0,0,0,0,0,0,73.79
2008,4,27,13,30,21.900000000000002,82,183,420,420,82,183,60.26
2008,4,27,14,30,25.8,123,426,647,647,123,426,42.85
2008,4,27,15,30,29.1,147,658,764,764,147,658,29.19
2008,4,27,16,30,31.6,160,851,832,832,160,851,22.080000000000002
2008,4,27,17,30,33.5,167,986,870,870,167,986,18.23
2008,4,27,18,30,34.7,183,1042,866,866,183,1042,16.36
2008,4,27,19,30,35.300000000000004,183,1029,862,862,183,1029,15.83
2008,4,27,20,30,35.1,182,936,828,828,182,936,16.67
2008,4,27,21,30,34,191,773,743,605,287,760,19.17
2008,4,27,22,30,32.2,174,563,641,313,290,479,23.41
2008,4,27,23,30,29.8,135,328,490,490,135,328,29.68
2008,4,28,0,30,27.1,66,102,220,220,66,102,38.1
2008,4,28,1,30,24.8,0,0,0,0,0,0,47.68
2008,4,28,2,30,23.200000000000003,0,0,0,0,0,0,56.58
2008,4,28,3,30,22,0,0,0,0,0,0,63.45
2008,4,28,4,30,20.900000000000002,0,0,0,0,0,0,68.94
2008,4,28,5,30,20.1,0,0,0,0,0,0,72.37
2008,4,28,6,30,19.5,0,0,0,0,0,0,73.94
2008,4,28,7,30,19,0,0,0,0,0,0,74.02
2008,4,28,8,30,18.400000000000002,0,0,0,0,0,0,74.22
2008,4,28,9,30,17.900000000000002,0,0,0,0,0,0,74.36
2008,4,28,10,30,17.400000000000002,0,0,0,0,0,0,74.95
2008,4,28,11,30,17.1,0,0,0,0,0,0,74.60000000000001
2008,4,28,12,30,18.5,0,0,0,0,0,0,66.86
2008,4,28,13,30,22.400000000000002,71,190,491,491,71,190,51.08
2008,4,28,14,30,26.6,102,436,711,711,102,436,31.01
2008,4,28,15,30,29.8,121,672,822,822,121,672,20.01
2008,4,28,16,30,32.2,132,865,881,881,132,865,15.8
2008,4,28,17,30,34,140,998,913,913,140,998,13.84
2008,4,28,18,30,35.300000000000004,145,1061,922,753,231,978,12.75
2008,4,28,19,30,36,146,1044,914,914,146,1044,12.39
2008,4,28,20,30,36.1,144,956,891,891,144,956,12.74
2008,4,28,21,30,35.300000000000004,142,795,834,834,142,795,14.35
2008,4,28,22,30,33.4,134,581,736,736,134,581,18.150000000000002
2008,4,28,23,30,30.400000000000002,111,339,577,577,111,339,25.71
2008,4,29,0,30,27,61,106,275,275,61,106,37.67
2008,4,29,1,30,24.400000000000002,0,0,0,0,0,0,51.31
2008,4,29,2,30,22.8,0,0,0,0,0,0,62.61
2008,4,29,3,30,21.8,0,0,0,0,0,0,70.18
2008,4,29,4,30,20.900000000000002,0,0,0,0,0,0,75.71000000000001
2008,4,29,5,30,20.200000000000003,0,0,0,0,0,0,79.62
2008,4,29,6,30,19.700000000000003,0,0,0,0,0,0,82.25
2008,4,29,7,30,19.200000000000003,0,0,0,0,0,0,84.78
2008,4,29,8,30,18.7,0,0,0,0,0,0,86.96000000000001
2008,4,29,9,30,18.3,0,0,0,0,0,0,88.26
2008,4,29,10,30,17.900000000000002,0,0,0,0,0,0,89.31
2008,4,29,11,30,17.6,0,0,0,0,0,0,89.47
2008,4,29,12,30,18.8,0,0,0,0,0,0,81.41
2008,4,29,13,30,22.3,71,191,492,492,71,191,61.89
2008,4,29,14,30,26,102,439,716,716,102,439,33.07
2008,4,29,15,30,28.8,120,673,822,822,120,673,19.91
2008,4,29,16,30,30.900000000000002,132,865,880,880,132,865,17.05
2008,4,29,17,30,32.6,141,998,910,910,141,998,15.75
2008,4,29,18,30,33.7,153,1055,908,908,153,1055,15.13
2008,4,29,19,30,34.2,158,1041,899,899,158,1041,15.11
2008,4,29,20,30,34.1,158,949,869,869,158,949,15.74
2008,4,29,21,30,33.300000000000004,157,789,808,808,157,789,17.13
2008,4,29,22,30,31.6,144,580,718,718,144,580,19.8
2008,4,29,23,30,29.1,117,342,566,566,117,342,24.27
2008,4,30,0,30,26.1,63,110,285,285,63,110,30.92
2008,4,30,1,30,23.400000000000002,0,0,0,0,0,0,38.72
2008,4,30,2,30,21.700000000000003,0,0,0,0,0,0,45
2008,4,30,3,30,20.6,0,0,0,0,0,0,49.33
2008,4,30,4,30,19.900000000000002,0,0,0,0,0,0,52.09
2008,4,30,5,30,19.3,0,0,0,0,0,0,54.42
2008,4,30,6,30,18.8,0,0,0,0,0,0,56.2
2008,4,30,7,30,18.3,0,0,0,0,0,0,57.61
2008,4,30,8,30,18,0,0,0,0,0,0,58.07
2008,4,30,9,30,17.8,0,0,0,0,0,0,57.88
2008,4,30,10,30,17.7,0,0,0,0,0,0,57.22
2008,4,30,11,30,17.5,0,0,0,0,0,0,56.53
2008,4,30,12,30,18.7,0,0,0,0,0,0,51.01
2008,4,30,13,30,21.5,100,177,312,312,100,177,43.59
2008,4,30,14,30,24.700000000000003,152,418,562,562,152,418,40.21
2008,4,30,15,30,27.6,174,652,711,711,174,652,32.29
2008,4,30,16,30,30,183,845,795,795,183,845,25.29
2008,4,30,17,30,31.900000000000002,188,979,839,839,188,979,20.71
2008,4,30,18,30,33.2,168,1054,891,891,168,1054,18.03
2008,4,30,19,30,33.9,166,1041,890,890,166,1041,16.44
2008,4,30,20,30,33.800000000000004,163,953,867,867,163,953,15.85
2008,4,30,21,30,33.1,149,799,829,829,149,799,15.98
2008,4,30,22,30,31.5,133,593,756,756,133,593,17.080000000000002
2008,4,30,23,30,29.200000000000003,104,352,623,623,104,352,19.13
2008,5,1,0,30,26.200000000000003,57,115,351,351,57,115,22.53
2008,5,1,1,30,23.5,0,0,0,0,0,0,27.17
2008,5,1,2,30,21.6,0,0,0,0,0,0,31.470000000000002
2008,5,1,3,30,20.200000000000003,0,0,0,0,0,0,35.09
2008,5,1,4,30,19.1,0,0,0,0,0,0,38.51
2008,5,1,5,30,18.6,0,0,0,0,0,0,40.21
2008,5,1,6,30,18.2,0,0,0,0,0,0,41.14
2008,5,1,7,30,17.900000000000002,0,0,0,0,0,0,41.480000000000004
2008,5,1,8,30,17.5,0,0,0,0,0,0,41.92
2008,5,1,9,30,17,0,0,0,0,0,0,42.46
2008,5,1,10,30,16.5,0,0,0,0,0,0,42.95
2008,5,1,11,30,16.2,0,0,0,0,0,0,43.21
2008,5,1,12,30,17.8,0,0,0,0,0,0,38.82
2008,5,1,13,30,22.200000000000003,67,204,553,553,67,204,29.66
2008,5,1,14,30,26.700000000000003,96,456,759,759,96,456,18.61
2008,5,1,15,30,30,113,693,861,861,113,693,11.48
2008,5,1,16,30,32.2,123,888,917,622,338,857,9.52
2008,5,1,17,30,33.7,129,1024,949,949,129,1024,8.81
2008,5,1,18,30,34.7,135,1086,956,769,233,998,8.5
2008,5,1,19,30,35.1,135,1072,953,953,135,1072,8.43
2008,5,1,20,30,34.800000000000004,132,983,934,934,132,983,8.76
2008,5,1,21,30,33.7,130,820,880,600,267,738,9.91
2008,5,1,22,30,31.900000000000002,118,607,804,804,118,607,12.16
2008,5,1,23,30,29.400000000000002,96,362,669,669,96,362,15.73
2008,5,2,0,30,26.3,55,119,386,117,89,109,21.17
2008,5,2,1,30,23.5,0,0,0,0,0,0,27.88
2008,5,2,2,30,21.400000000000002,0,0,0,0,0,0,35.07
2008,5,2,3,30,19.8,0,0,0,0,0,0,41.42
2008,5,2,4,30,18.7,0,0,0,0,0,0,45.58
2008,5,2,5,30,18,0,0,0,0,0,0,47.2
2008,5,2,6,30,17.400000000000002,0,0,0,0,0,0,46.83
2008,5,2,7,30,17,0,0,0,0,0,0,45.03
2008,5,2,8,30,16.6,0,0,0,0,0,0,43.27
2008,5,2,9,30,16.400000000000002,0,0,0,0,0,0,41.68
2008,5,2,10,30,16.2,0,0,0,0,0,0,40.7
2008,5,2,11,30,16.1,0,0,0,0,0,0,39.81
2008,5,2,12,30,18,10,12,93,93,10,12,34.62
2008,5,2,13,30,22.5,59,212,616,616,59,212,25.76
2008,5,2,14,30,27,80,468,815,815,80,468,15.6
2008,5,2,15,30,30,93,706,909,909,93,706,11.44
2008,5,2,16,30,31.900000000000002,100,902,961,961,100,902,10.24
2008,5,2,17,30,33.4,104,1037,988,988,104,1037,9.39
2008,5,2,18,30,34.4,112,1098,991,991,112,1098,8.81
2008,5,2,19,30,34.9,113,1084,987,987,113,1084,8.58
2008,5,2,20,30,34.7,111,994,968,968,111,994,8.83
2008,5,2,21,30,33.9,111,831,919,919,111,831,9.66
2008,5,2,22,30,32.300000000000004,102,619,848,848,102,619,11.3
2008,5,2,23,30,30,85,370,714,714,85,370,13.76
2008,5,3,0,30,26.8,52,125,434,434,52,125,17.82
2008,5,3,1,30,23.700000000000003,0,0,0,0,0,0,24.080000000000002
2008,5,3,2,30,21.400000000000002,0,0,0,0,0,0,31.04
2008,5,3,3,30,19.900000000000002,0,0,0,0,0,0,36.800000000000004
2008,5,3,4,30,18.900000000000002,0,0,0,0,0,0,40
2008,5,3,5,30,18.2,0,0,0,0,0,0,40.75
2008,5,3,6,30,17.7,0,0,0,0,0,0,39.75
2008,5,3,7,30,17.3,0,0,0,0,0,0,38.300000000000004
2008,5,3,8,30,17,0,0,0,0,0,0,36.96
2008,5,3,9,30,16.8,0,0,0,0,0,0,35.72
2008,5,3,10,30,16.5,0,0,0,0,0,0,35.11
2008,5,3,11,30,16.1,0,0,0,0,0,0,35.27
2008,5,3,12,30,17.6,11,14,136,136,11,14,31.580000000000002
2008,5,3,13,30,21.8,54,222,668,668,54,222,24.09
2008,5,3,14,30,26.400000000000002,74,479,850,850,74,479,15.05
2008,5,3,15,30,29.700000000000003,85,718,936,936,85,718,9.57
2008,5,3,16,30,32,92,914,984,984,92,914,7.83
2008,5,3,17,30,33.7,95,1049,1011,1011,95,1049,6.96
2008,5,3,18,30,34.800000000000004,112,1106,999,999,112,1106,6.42
2008,5,3,19,30,35.4,111,1093,998,998,111,1093,6.05
2008,5,3,20,30,35.4,108,999,977,977,108,999,5.9
2008,5,3,21,30,34.7,114,836,920,920,114,836,6.1000000000000005
2008,5,3,22,30,33.300000000000004,103,624,854,854,103,624,6.79
2008,5,3,23,30,31,84,374,725,725,84,374,8.13
2008,5,4,0,30,27.3,51,127,448,39,93,100,11.22
2008,5,4,1,30,23.700000000000003,0,0,0,0,0,0,16.94
2008,5,4,2,30,21.400000000000002,0,0,0,0,0,0,23.28
2008,5,4,3,30,19.900000000000002,0,0,0,0,0,0,28.490000000000002
2008,5,4,4,30,19,0,0,0,0,0,0,31.13
2008,5,4,5,30,18.3,0,0,0,0,0,0,32.32
2008,5,4,6,30,17.900000000000002,0,0,0,0,0,0,32.24
2008,5,4,7,30,17.5,0,0,0,0,0,0,31.79
2008,5,4,8,30,17,0,0,0,0,0,0,31.560000000000002
2008,5,4,9,30,16.5,0,0,0,0,0,0,32.08
2008,5,4,10,30,16.1,0,0,0,0,0,0,33.17
2008,5,4,11,30,15.9,0,0,0,0,0,0,34.01
2008,5,4,12,30,18,9,10,24,24,9,10,30.2
2008,5,4,13,30,22.5,89,195,418,418,89,195,23.13
2008,5,4,14,30,27,128,440,652,652,128,440,16.56
2008,5,4,15,30,30.3,147,674,778,778,147,674,11.98
2008,5,4,16,30,32.5,156,867,851,851,156,867,10.43
2008,5,4,17,30,34.1,160,1001,890,890,160,1001,9.9
2008,5,4,18,30,35,168,1061,898,898,168,1061,9.81
2008,5,4,19,30,35.4,167,1045,893,893,167,1045,10.15
2008,5,4,20,30,35.1,162,957,872,872,162,957,11.16
2008,5,4,21,30,34.300000000000004,175,791,784,784,175,791,12.8
2008,5,4,22,30,33,154,583,704,704,154,583,15.1
2008,5,4,23,30,31,120,345,562,562,120,345,18.6
2008,5,5,0,30,28,64,113,288,288,64,113,24.69
2008,5,5,1,30,25,0,0,0,0,0,0,33.45
2008,5,5,2,30,23,0,0,0,0,0,0,41.46
2008,5,5,3,30,21.6,0,0,0,0,0,0,47.99
2008,5,5,4,30,20.700000000000003,0,0,0,0,0,0,52.18
2008,5,5,5,30,20.3,0,0,0,0,0,0,53.74
2008,5,5,6,30,20.1,0,0,0,0,0,0,53.980000000000004
2008,5,5,7,30,19.5,0,0,0,0,0,0,55.69
2008,5,5,8,30,18.6,0,0,0,0,0,0,59.63
2008,5,5,9,30,17.900000000000002,0,0,0,0,0,0,64.16
2008,5,5,10,30,17.3,0,0,0,0,0,0,69.54
2008,5,5,11,30,16.900000000000002,0,0,0,0,0,0,74.27
2008,5,5,12,30,18.400000000000002,7,7,11,11,7,7,69.58
2008,5,5,13,30,22,108,183,293,293,108,183,55.69
2008,5,5,14,30,25.700000000000003,176,415,499,499,176,415,36.01
2008,5,5,15,30,28.5,217,638,621,621,217,638,24.25
2008,5,5,16,30,30.700000000000003,235,826,707,707,235,826,19.2
2008,5,5,17,30,32.5,240,958,759,759,240,958,16.54
2008,5,5,18,30,33.6,310,998,691,691,310,998,15.49
2008,5,5,19,30,34.300000000000004,304,986,693,693,304,986,15.17
2008,5,5,20,30,34.4,284,899,674,674,284,899,15.48
2008,5,5,21,30,34,229,761,678,678,229,761,16.29
2008,5,5,22,30,32.7,203,560,584,584,203,560,18.13
2008,5,5,23,30,30.6,152,328,437,437,152,328,21.55
2008,5,6,0,30,27.8,71,105,196,196,71,105,27.38
2008,5,6,1,30,25.1,0,0,0,0,0,0,35.84
2008,5,6,2,30,23.1,0,0,0,0,0,0,44.87
2008,5,6,3,30,21.5,0,0,0,0,0,0,53.93
2008,5,6,4,30,20.5,0,0,0,0,0,0,60.050000000000004
2008,5,6,5,30,19.8,0,0,0,0,0,0,63.81
2008,5,6,6,30,19.3,0,0,0,0,0,0,66.19
2008,5,6,7,30,18.900000000000002,0,0,0,0,0,0,67.94
2008,5,6,8,30,18.6,0,0,0,0,0,0,69.21000000000001
2008,5,6,9,30,18.400000000000002,0,0,0,0,0,0,70.03
2008,5,6,10,30,18.3,0,0,0,0,0,0,70.53
2008,5,6,11,30,18.1,0,0,0,0,0,0,71.47
2008,5,6,12,30,19.3,6,6,8,8,6,6,66.62
2008,5,6,13,30,22.5,114,176,242,242,114,176,55.36
2008,5,6,14,30,26.200000000000003,190,404,445,445,190,404,43.9
2008,5,6,15,30,29.1,239,621,563,563,239,621,34.36
2008,5,6,16,30,31.3,278,800,623,623,278,800,29.47
2008,5,6,17,30,32.7,315,920,639,639,315,920,27.12
2008,5,6,18,30,33.5,374,963,591,591,374,963,25.94
2008,5,6,19,30,33.4,371,948,586,586,371,948,26.28
2008,5,6,20,30,32.6,345,866,570,570,345,866,28.12
2008,5,6,21,30,31.400000000000002,322,717,503,503,322,717,31.470000000000002
2008,5,6,22,30,29.8,267,525,422,422,267,525,36.47
2008,5,6,23,30,27.8,185,307,303,303,185,307,43.33
2008,5,7,0,30,25.5,74,95,120,120,74,95,51.870000000000005
2008,5,7,1,30,23.6,0,0,0,0,0,0,60.1
2008,5,7,2,30,22.3,0,0,0,0,0,0,66.71000000000001
2008,5,7,3,30,21.400000000000002,0,0,0,0,0,0,71.85000000000001
2008,5,7,4,30,20.8,0,0,0,0,0,0,75.55
2008,5,7,5,30,20.3,0,0,0,0,0,0,78.55
2008,5,7,6,30,19.8,0,0,0,0,0,0,81.13
2008,5,7,7,30,19.3,0,0,0,0,0,0,83.76
2008,5,7,8,30,18.900000000000002,0,0,0,0,0,0,85.72
2008,5,7,9,30,18.5,0,0,0,0,0,0,87.51
2008,5,7,10,30,18.3,0,0,0,0,0,0,87.97
2008,5,7,11,30,18.2,0,0,0,0,0,0,87.77
2008,5,7,12,30,19.3,8,9,19,19,8,9,81.42
2008,5,7,13,30,22.200000000000003,100,187,336,16,117,121,66.66
2008,5,7,14,30,26,150,423,567,147,240,311,45.04
2008,5,7,15,30,29.5,178,650,694,410,306,584,28.14
2008,5,7,16,30,31.8,194,836,766,512,335,765,22.35
2008,5,7,17,30,33.4,204,966,805,584,339,891,19.66
2008,5,7,18,30,34.1,247,1012,769,408,423,830,18.64
2008,5,7,19,30,34.5,244,999,766,444,420,857,18.16
2008,5,7,20,30,34.5,234,912,742,466,362,788,18.25
2008,5,7,21,30,34.1,205,766,714,383,365,666,18.95
2008,5,7,22,30,32.800000000000004,178,566,633,292,287,465,20.93
2008,5,7,23,30,30.6,138,334,487,197,213,292,24.67
2008,5,8,0,30,27.3,69,109,230,230,69,109,31.6
2008,5,8,1,30,24.5,0,0,0,0,0,0,40.56
2008,5,8,2,30,22.900000000000002,0,0,0,0,0,0,48.26
2008,5,8,3,30,21.8,0,0,0,0,0,0,54.35
2008,5,8,4,30,20.900000000000002,0,0,0,0,0,0,59.22
2008,5,8,5,30,20.3,0,0,0,0,0,0,62.440000000000005
2008,5,8,6,30,19.8,0,0,0,0,0,0,64.65
2008,5,8,7,30,19.5,0,0,0,0,0,0,65.57000000000001
2008,5,8,8,30,19.5,0,0,0,0,0,0,65.14
2008,5,8,9,30,19.5,0,0,0,0,0,0,64.42
2008,5,8,10,30,19.200000000000003,0,0,0,0,0,0,64.64
2008,5,8,11,30,18.900000000000002,0,0,0,0,0,0,64.79
2008,5,8,12,30,20.1,8,8,14,14,8,8,59.15
2008,5,8,13,30,23.6,113,180,257,257,113,180,46.11
2008,5,8,14,30,27.5,193,407,441,441,193,407,31.23
2008,5,8,15,30,30.6,246,624,555,555,246,624,22.85
2008,5,8,16,30,32.9,278,805,628,628,278,805,18.92
2008,5,8,17,30,34.800000000000004,297,931,670,670,297,931,16.79
2008,5,8,18,30,36.2,271,1000,732,732,271,1000,15.56
2008,5,8,19,30,36.800000000000004,266,988,733,733,266,988,15.200000000000001
2008,5,8,20,30,36.7,256,904,709,709,256,904,15.51
2008,5,8,21,30,35.800000000000004,209,761,702,702,209,761,16.65
2008,5,8,22,30,34,176,564,633,633,176,564,18.97
2008,5,8,23,30,31.200000000000003,133,336,503,503,133,336,23.19
2008,5,9,0,30,27.6,67,113,260,260,67,113,30.02
2008,5,9,1,30,24.6,0,0,0,0,0,0,38.29
2008,5,9,2,30,22.700000000000003,0,0,0,0,0,0,45.480000000000004
2008,5,9,3,30,21.400000000000002,0,0,0,0,0,0,51.53
2008,5,9,4,30,20.400000000000002,0,0,0,0,0,0,57.02
2008,5,9,5,30,19.700000000000003,0,0,0,0,0,0,61.160000000000004
2008,5,9,6,30,19.3,0,0,0,0,0,0,63.4
2008,5,9,7,30,19,0,0,0,0,0,0,64.65
2008,5,9,8,30,18.7,0,0,0,0,0,0,65.41
2008,5,9,9,30,18.400000000000002,0,0,0,0,0,0,65.87
2008,5,9,10,30,18.1,0,0,0,0,0,0,66.42
2008,5,9,11,30,18,0,0,0,0,0,0,66.31
2008,5,9,12,30,19.6,10,11,27,27,10,11,59.57
2008,5,9,13,30,23.400000000000002,99,189,346,35,151,160,46.56
2008,5,9,14,30,27.8,154,421,551,551,154,421,32.37
2008,5,9,15,30,31.200000000000003,186,643,670,670,186,643,23.97
2008,5,9,16,30,33.6,206,825,738,738,206,825,20.35
2008,5,9,17,30,35.300000000000004,220,951,773,773,220,951,18.32
2008,5,9,18,30,36.4,278,992,717,717,278,992,17.23
2008,5,9,19,30,36.9,280,975,706,706,280,975,16.91
2008,5,9,20,30,36.7,276,893,676,676,276,893,17.38
2008,5,9,21,30,35.7,254,744,622,622,254,744,18.8
2008,5,9,22,30,34,219,548,537,537,219,548,21.38
2008,5,9,23,30,31.8,161,325,404,404,161,325,25.13
2008,5,10,0,30,29,74,106,180,180,74,106,30.92
2008,5,10,1,30,26.400000000000002,0,0,0,0,0,0,37.96
2008,5,10,2,30,24.6,0,0,0,0,0,0,44.49
2008,5,10,3,30,23.400000000000002,0,0,0,0,0,0,49.75
2008,5,10,4,30,22.400000000000002,0,0,0,0,0,0,54.36
2008,5,10,5,30,21.6,0,0,0,0,0,0,58.1
2008,5,10,6,30,21.1,0,0,0,0,0,0,60.46
2008,5,10,7,30,20.700000000000003,0,0,0,0,0,0,62.17
2008,5,10,8,30,20.700000000000003,0,0,0,0,0,0,62.1
2008,5,10,9,30,20.700000000000003,0,0,0,0,0,0,61.84
2008,5,10,10,30,20.700000000000003,0,0,0,0,0,0,61.34
2008,5,10,11,30,20.5,0,0,0,0,0,0,61.7
2008,5,10,12,30,21.400000000000002,6,6,6,6,6,6,58.09
2008,5,10,13,30,24.1,122,172,188,188,122,172,48.47
2008,5,10,14,30,27.3,211,397,382,382,211,397,37.02
2008,5,10,15,30,30.1,264,611,508,508,264,611,29.72
2008,5,10,16,30,32.300000000000004,295,791,590,590,295,791,25.28
2008,5,10,17,30,34.2,309,917,642,470,467,912,22.26
2008,5,10,18,30,35.5,309,978,672,672,309,978,20.6
2008,5,10,19,30,36.300000000000004,299,967,678,678,299,967,19.79
2008,5,10,20,30,36.4,283,886,660,660,283,886,19.87
2008,5,10,21,30,35.7,258,741,614,614,258,741,20.94
2008,5,10,22,30,34.300000000000004,215,548,543,543,215,548,23.21
2008,5,10,23,30,32,157,326,417,417,157,326,27.36
2008,5,11,0,30,28.8,74,110,202,202,74,110,35.07
2008,5,11,1,30,25.6,0,0,0,0,0,0,46.300000000000004
2008,5,11,2,30,23.5,0,0,0,0,0,0,57.2
2008,5,11,3,30,22.400000000000002,0,0,0,0,0,0,64.6
2008,5,11,4,30,21.700000000000003,0,0,0,0,0,0,68.41
2008,5,11,5,30,21,0,0,0,0,0,0,69.73
2008,5,11,6,30,20.400000000000002,0,0,0,0,0,0,70.98
2008,5,11,7,30,20,0,0,0,0,0,0,72.9
2008,5,11,8,30,19.6,0,0,0,0,0,0,74.43
2008,5,11,9,30,19.400000000000002,0,0,0,0,0,0,74.4
2008,5,11,10,30,19.200000000000003,0,0,0,0,0,0,74.07000000000001
2008,5,11,11,30,19.200000000000003,0,0,0,0,0,0,72.62
2008,5,11,12,30,20.200000000000003,11,12,24,24,11,12,66.99
2008,5,11,13,30,23.700000000000003,99,199,378,378,99,199,51.77
2008,5,11,14,30,28.200000000000003,137,440,624,624,137,440,27.61
2008,5,11,15,30,31.8,157,671,753,753,157,671,16.62
2008,5,11,16,30,34.6,172,859,818,818,172,859,12.1
2008,5,11,17,30,36.7,187,987,845,845,187,987,9.69
2008,5,11,18,30,38,219,1037,820,820,219,1037,8.53
2008,5,11,19,30,38.7,224,1021,809,809,224,1021,8.06
2008,5,11,20,30,38.7,218,934,783,783,218,934,8.13
2008,5,11,21,30,37.9,215,777,714,714,215,777,8.92
2008,5,11,22,30,36,181,577,644,644,181,577,10.97
2008,5,11,23,30,32.9,135,346,518,518,135,346,15.38
2008,5,12,0,30,28.6,69,118,272,7,93,94,24.32
2008,5,12,1,30,24.900000000000002,0,0,0,0,0,0,37.21
2008,5,12,2,30,22.700000000000003,0,0,0,0,0,0,48.620000000000005
2008,5,12,3,30,21.400000000000002,0,0,0,0,0,0,56.75
2008,5,12,4,30,20.900000000000002,0,0,0,0,0,0,60.15
2008,5,12,5,30,20.700000000000003,0,0,0,0,0,0,60.75
2008,5,12,6,30,20.5,0,0,0,0,0,0,60.04
2008,5,12,7,30,20.400000000000002,0,0,0,0,0,0,58.81
2008,5,12,8,30,20.3,0,0,0,0,0,0,58.01
2008,5,12,9,30,20.200000000000003,0,0,0,0,0,0,57.85
2008,5,12,10,30,19.900000000000002,0,0,0,0,0,0,58.81
2008,5,12,11,30,19.400000000000002,0,0,0,0,0,0,60.84
2008,5,12,12,30,20.400000000000002,10,11,21,21,10,11,57.67
2008,5,12,13,30,23.5,105,191,324,324,105,191,48.17
2008,5,12,14,30,27.1,162,423,537,537,162,423,36.27
2008,5,12,15,30,30,195,643,655,655,195,643,27.29
2008,5,12,16,30,32.300000000000004,220,826,722,722,220,826,22.27
2008,5,12,17,30,34.1,235,950,754,754,235,950,19.41
2008,5,12,18,30,35.5,221,1016,797,797,221,1016,17.62
2008,5,12,19,30,36.2,225,1000,787,787,225,1000,16.89
2008,5,12,20,30,36.2,219,913,758,758,219,913,16.95
2008,5,12,21,30,35.5,182,772,749,749,182,772,17.94
2008,5,12,22,30,34.1,162,572,666,666,162,572,20.09
2008,5,12,23,30,31.8,130,342,519,519,130,342,23.84
2008,5,13,0,30,28.900000000000002,70,117,258,258,70,117,29.69
2008,5,13,1,30,26.1,0,0,0,0,0,0,37.56
2008,5,13,2,30,24,0,0,0,0,0,0,46.1
2008,5,13,3,30,22.6,0,0,0,0,0,0,53.54
2008,5,13,4,30,21.5,0,0,0,0,0,0,59.86
2008,5,13,5,30,20.700000000000003,0,0,0,0,0,0,64.69
2008,5,13,6,30,19.900000000000002,0,0,0,0,0,0,69.11
2008,5,13,7,30,19.3,0,0,0,0,0,0,72.64
2008,5,13,8,30,18.8,0,0,0,0,0,0,76.08
2008,5,13,9,30,18.400000000000002,0,0,0,0,0,0,77.97
2008,5,13,10,30,18,0,0,0,0,0,0,78.99
2008,5,13,11,30,17.7,0,0,0,0,0,0,79.43
2008,5,13,12,30,18.6,14,15,40,40,14,15,74.62
2008,5,13,13,30,21.1,94,201,401,401,94,201,63.67
2008,5,13,14,30,24.400000000000002,139,436,608,608,139,436,44.17
2008,5,13,15,30,27.5,167,659,719,719,167,659,28.37
2008,5,13,16,30,30,185,843,782,782,185,843,21.91
2008,5,13,17,30,31.700000000000003,194,968,818,818,194,968,19.38
2008,5,13,18,30,32.800000000000004,218,1020,805,805,218,1020,18.13
2008,5,13,19,30,33.2,215,1010,807,807,215,1010,17.66
2008,5,13,20,30,32.9,206,925,786,786,206,925,17.69
2008,5,13,21,30,31.900000000000002,192,775,740,740,192,775,18.34
2008,5,13,22,30,30.1,166,576,666,130,314,394,19.98
2008,5,13,23,30,28,128,345,531,531,128,345,22.44
2008,5,14,0,30,25.6,69,120,283,75,101,114,26.21
2008,5,14,1,30,23.6,0,0,0,0,0,0,30.75
2008,5,14,2,30,22.200000000000003,0,0,0,0,0,0,35.63
2008,5,14,3,30,21.200000000000003,0,0,0,0,0,0,40.01
2008,5,14,4,30,20.400000000000002,0,0,0,0,0,0,43.65
2008,5,14,5,30,19.700000000000003,0,0,0,0,0,0,46.58
2008,5,14,6,30,19.1,0,0,0,0,0,0,49.04
2008,5,14,7,30,18.400000000000002,0,0,0,0,0,0,51.96
2008,5,14,8,30,17.900000000000002,0,0,0,0,0,0,54.61
2008,5,14,9,30,17.6,0,0,0,0,0,0,56.39
2008,5,14,10,30,17.6,0,0,0,0,0,0,56.14
2008,5,14,11,30,17.8,0,0,0,0,0,0,54.21
2008,5,14,12,30,19.3,13,14,32,0,14,14,47.57
2008,5,14,13,30,22.400000000000002,104,196,344,344,104,196,37.12
2008,5,14,14,30,25.3,161,426,542,183,284,374,27.490000000000002
2008,5,14,15,30,27.400000000000002,193,645,660,660,193,645,24.36
2008,5,14,16,30,29.400000000000002,207,829,741,741,207,829,21.93
2008,5,14,17,30,31.5,204,960,797,597,370,935,19.6
2008,5,14,18,30,33.1,194,1024,833,833,194,1024,18.23
2008,5,14,19,30,34.1,187,1013,837,837,187,1013,17.73
2008,5,14,20,30,34.4,178,929,820,820,178,929,18.03
2008,5,14,21,30,33.9,158,783,792,792,158,783,19.240000000000002
2008,5,14,22,30,32.4,144,580,708,708,144,580,22.04
2008,5,14,23,30,30,116,348,566,566,116,348,27.28
2008,5,15,0,30,27,65,122,309,309,65,122,35.71
2008,5,15,1,30,24.5,0,0,0,0,0,0,45.01
2008,5,15,2,30,23.1,0,0,0,0,0,0,51.74
2008,5,15,3,30,22.3,0,0,0,0,0,0,56.34
2008,5,15,4,30,21.900000000000002,0,0,0,0,0,0,59.11
2008,5,15,5,30,21.700000000000003,0,0,0,0,0,0,60.68
2008,5,15,6,30,21.5,0,0,0,0,0,0,61.85
2008,5,15,7,30,21.3,0,0,0,0,0,0,62.940000000000005
2008,5,15,8,30,21.200000000000003,0,0,0,0,0,0,63.59
2008,5,15,9,30,21,0,0,0,0,0,0,64.36
2008,5,15,10,30,20.900000000000002,0,0,0,0,0,0,64.8
2008,5,15,11,30,20.8,0,0,0,0,0,0,64.99
2008,5,15,12,30,21.6,13,15,29,0,11,11,61.59
2008,5,15,13,30,23.700000000000003,99,196,364,14,139,142,53.61
2008,5,15,14,30,26.1,141,428,587,587,141,428,44.14
2008,5,15,15,30,28.1,161,650,714,714,161,650,37.74
2008,5,15,16,30,29.6,179,830,774,514,374,806,33.65
2008,5,15,17,30,30.700000000000003,188,956,810,604,354,927,30.61
2008,5,15,18,30,31.400000000000002,245,997,755,755,245,997,28.51
2008,5,15,19,30,31.6,248,983,745,661,294,945,27.43
2008,5,15,20,30,31.5,242,898,718,31,393,421,27.25
2008,5,15,21,30,31,231,750,658,18,297,311,28.28
2008,5,15,22,30,29.900000000000002,199,555,576,2,131,133,30.88
2008,5,15,23,30,28.400000000000002,149,334,451,26,222,233,34.92
2008,5,16,0,30,26.6,74,117,231,65,103,115,40.65
2008,5,16,1,30,24.900000000000002,0,0,0,0,0,0,47.660000000000004
2008,5,16,2,30,23.400000000000002,0,0,0,0,0,0,55.59
2008,5,16,3,30,22.200000000000003,0,0,0,0,0,0,63.31
2008,5,16,4,30,21.200000000000003,0,0,0,0,0,0,69.74
2008,5,16,5,30,20.5,0,0,0,0,0,0,73.94
2008,5,16,6,30,19.8,0,0,0,0,0,0,77.53
2008,5,16,7,30,19.400000000000002,0,0,0,0,0,0,79.27
2008,5,16,8,30,19,0,0,0,0,0,0,80.65
2008,5,16,9,30,18.7,0,0,0,0,0,0,81.28
2008,5,16,10,30,18.3,0,0,0,0,0,0,82.29
2008,5,16,11,30,18.1,0,0,0,0,0,0,82.10000000000001
2008,5,16,12,30,19.5,16,20,98,98,16,20,74.35000000000001
2008,5,16,13,30,22.8,74,216,528,528,74,216,60.15
2008,5,16,14,30,26.1,105,455,716,305,250,399,45.02
2008,5,16,15,30,28.8,123,681,815,815,123,681,32.93
2008,5,16,16,30,31,135,865,868,868,135,865,26.04
2008,5,16,17,30,32.7,143,992,895,895,143,992,22.11
2008,5,16,18,30,33.9,145,1052,911,911,145,1052,19.92
2008,5,16,19,30,34.4,146,1036,902,902,146,1036,19.31
2008,5,16,20,30,34.300000000000004,143,947,879,166,515,667,19.990000000000002
2008,5,16,21,30,33.5,131,797,844,105,426,509,21.88
2008,5,16,22,30,32.1,118,595,772,366,305,532,24.82
2008,5,16,23,30,30,97,362,643,392,173,334,29.36
2008,5,17,0,30,27.400000000000002,58,131,394,77,98,112,35.83
2008,5,17,1,30,24.900000000000002,0,0,0,0,0,0,44.06
2008,5,17,2,30,23,0,0,0,0,0,0,52.19
2008,5,17,3,30,21.5,0,0,0,0,0,0,59.050000000000004
2008,5,17,4,30,20.5,0,0,0,0,0,0,63.76
2008,5,17,5,30,19.900000000000002,0,0,0,0,0,0,66.46000000000001
2008,5,17,6,30,19.400000000000002,0,0,0,0,0,0,68.29
2008,5,17,7,30,19,0,0,0,0,0,0,69.41
2008,5,17,8,30,18.8,0,0,0,0,0,0,69.75
2008,5,17,9,30,18.7,0,0,0,0,0,0,69.64
2008,5,17,10,30,18.400000000000002,0,0,0,0,0,0,70.63
2008,5,17,11,30,18.3,0,0,0,0,0,0,70.78
2008,5,17,12,30,19.8,17,20,85,0,13,13,64.35
2008,5,17,13,30,23.200000000000003,78,215,508,508,78,215,52.230000000000004
2008,5,17,14,30,26.700000000000003,109,454,704,419,195,401,38.34
2008,5,17,15,30,29.3,128,679,802,802,128,679,28.45
2008,5,17,16,30,31.200000000000003,142,863,856,856,142,863,23.56
2008,5,17,17,30,32.7,151,990,885,885,151,990,20.53
2008,5,17,18,30,33.7,155,1050,898,898,155,1050,18.650000000000002
2008,5,17,19,30,34.1,157,1032,888,888,157,1032,17.82
2008,5,17,20,30,33.800000000000004,155,946,865,865,155,946,18.09
2008,5,17,21,30,32.800000000000004,145,796,825,825,145,796,19.650000000000002
2008,5,17,22,30,31.200000000000003,127,594,755,755,127,594,22.63
2008,5,17,23,30,29.1,101,363,637,637,101,363,27.12
2008,5,18,0,30,26.700000000000003,59,133,396,114,98,119,33.54
2008,5,18,1,30,24.3,0,0,0,0,0,0,42.27
2008,5,18,2,30,22.400000000000002,0,0,0,0,0,0,52.160000000000004
2008,5,18,3,30,21,0,0,0,0,0,0,61.79
2008,5,18,4,30,19.900000000000002,0,0,0,0,0,0,70.23
2008,5,18,5,30,19.1,0,0,0,0,0,0,76.98
2008,5,18,6,30,18.5,0,0,0,0,0,0,82.10000000000001
2008,5,18,7,30,17.900000000000002,0,0,0,0,0,0,86.33
2008,5,18,8,30,17.5,0,0,0,0,0,0,88.49
2008,5,18,9,30,17.2,0,0,0,0,0,0,89.63
2008,5,18,10,30,17,0,0,0,0,0,0,89.96000000000001
2008,5,18,11,30,17.1,0,0,0,0,0,0,88.36
2008,5,18,12,30,18.900000000000002,17,21,84,84,17,21,78.06
2008,5,18,13,30,22.700000000000003,79,214,496,496,79,214,57.7
2008,5,18,14,30,26.200000000000003,111,451,691,691,111,451,37.46
2008,5,18,15,30,28.6,132,675,791,791,132,675,30.27
2008,5,18,16,30,30.6,147,858,845,845,147,858,25.740000000000002
2008,5,18,17,30,32,158,984,871,871,158,984,22.990000000000002
2008,5,18,18,30,33,159,1042,886,886,159,1042,21.22
2008,5,18,19,30,33.4,161,1028,879,879,161,1028,20.47
2008,5,18,20,30,33,162,939,849,849,162,939,20.87
2008,5,18,21,30,31.8,151,788,805,805,151,788,23.06
2008,5,18,22,30,30.1,141,583,716,158,304,401,27.23
2008,5,18,23,30,28.1,113,355,587,80,195,228,32.83
2008,5,19,0,30,26,66,128,328,328,66,128,39.64
2008,5,19,1,30,24.1,0,0,0,0,0,0,47.02
2008,5,19,2,30,22.6,0,0,0,0,0,0,54.49
2008,5,19,3,30,21.5,0,0,0,0,0,0,61.25
2008,5,19,4,30,20.6,0,0,0,0,0,0,67.14
2008,5,19,5,30,19.8,0,0,0,0,0,0,72.38
2008,5,19,6,30,19,0,0,0,0,0,0,77.12
2008,5,19,7,30,18.2,0,0,0,0,0,0,81.66
2008,5,19,8,30,17.6,0,0,0,0,0,0,84.7
2008,5,19,9,30,17.3,0,0,0,0,0,0,85.94
2008,5,19,10,30,17.1,0,0,0,0,0,0,86.51
2008,5,19,11,30,17.1,0,0,0,0,0,0,85.79
2008,5,19,12,30,18.7,18,23,113,113,18,23,76.91
2008,5,19,13,30,22.200000000000003,70,219,550,550,70,219,58.620000000000005
2008,5,19,14,30,25.400000000000002,96,458,735,735,96,458,40.410000000000004
2008,5,19,15,30,27.6,114,682,828,828,114,682,33.84
2008,5,19,16,30,29.3,125,866,880,880,125,866,29.89
2008,5,19,17,30,30.8,133,992,906,906,133,992,26.75
2008,5,19,18,30,31.8,133,1052,922,922,133,1052,24.810000000000002
2008,5,19,19,30,32.4,136,1038,915,915,136,1038,23.580000000000002
2008,5,19,20,30,32.5,134,950,891,0,200,200,23.18
2008,5,19,21,30,32,123,800,858,153,445,565,23.92
2008,5,19,22,30,30.700000000000003,115,597,778,646,196,596,26.61
2008,5,19,23,30,28.700000000000003,95,365,651,3,99,100,32
2008,5,20,0,30,26.3,58,134,404,29,98,104,40.18
2008,5,20,1,30,24.1,0,0,0,0,0,0,49.99
2008,5,20,2,30,22.400000000000002,0,0,0,0,0,0,59.54
2008,5,20,3,30,21.1,0,0,0,0,0,0,67.7
2008,5,20,4,30,20.200000000000003,0,0,0,0,0,0,73.81
2008,5,20,5,30,19.400000000000002,0,0,0,0,0,0,79.47
2008,5,20,6,30,18.8,0,0,0,0,0,0,83.98
2008,5,20,7,30,18.2,0,0,0,0,0,0,88.2
2008,5,20,8,30,17.7,0,0,0,0,0,0,91.74
2008,5,20,9,30,17.3,0,0,0,0,0,0,94.29
2008,5,20,10,30,16.900000000000002,0,0,0,0,0,0,96.03
2008,5,20,11,30,16.8,0,0,0,0,0,0,95.12
2008,5,20,12,30,18.3,18,24,145,145,18,24,84.59
2008,5,20,13,30,21.6,61,227,611,611,61,227,64.34
2008,5,20,14,30,25,79,469,792,792,79,469,46.34
2008,5,20,15,30,27.8,90,696,882,882,90,696,34.87
2008,5,20,16,30,30,99,880,927,927,99,880,27.080000000000002
2008,5,20,17,30,31.6,106,1009,953,953,106,1009,22.75
2008,5,20,18,30,32.6,125,1060,938,692,311,1001,20.61
2008,5,20,19,30,33.1,129,1045,929,29,440,469,19.75
2008,5,20,20,30,33,125,957,909,511,331,799,20.14
2008,5,20,21,30,32.2,132,801,847,343,350,622,22.05
2008,5,20,22,30,30.5,125,596,759,582,213,574,25.86
2008,5,20,23,30,28.200000000000003,109,360,605,1,69,69,32.27
2008,5,21,0,30,25.400000000000002,68,129,325,325,68,129,42.050000000000004
2008,5,21,1,30,23.1,0,0,0,0,0,0,52.980000000000004
2008,5,21,2,30,21.700000000000003,0,0,0,0,0,0,62.03
2008,5,21,3,30,20.700000000000003,0,0,0,0,0,0,68.91
2008,5,21,4,30,19.900000000000002,0,0,0,0,0,0,74.46000000000001
2008,5,21,5,30,19.200000000000003,0,0,0,0,0,0,79.52
2008,5,21,6,30,18.6,0,0,0,0,0,0,83.68
2008,5,21,7,30,18.3,0,0,0,0,0,0,86.17
2008,5,21,8,30,18,0,0,0,0,0,0,87.7
2008,5,21,9,30,17.7,0,0,0,0,0,0,88.71000000000001
2008,5,21,10,30,17.3,0,0,0,0,0,0,89.31
2008,5,21,11,30,17,0,0,0,0,0,0,88.78
2008,5,21,12,30,18.3,19,23,94,94,19,23,79.69
2008,5,21,13,30,21.400000000000002,73,224,555,555,73,224,62.14
2008,5,21,14,30,24.8,93,469,763,763,93,469,43.03
2008,5,21,15,30,27.700000000000003,105,697,863,863,105,697,30.36
2008,5,21,16,30,29.8,113,884,915,915,113,884,23.42
2008,5,21,17,30,31.5,117,1012,944,944,117,1012,19.44
2008,5,21,18,30,32.6,131,1067,940,940,131,1067,17.22
2008,5,21,19,30,33,131,1053,935,450,485,929,16.27
2008,5,21,20,30,32.9,131,965,911,273,518,768,16.240000000000002
2008,5,21,21,30,31.900000000000002,130,809,859,0,125,125,17.79
2008,5,21,22,30,30.1,126,603,769,769,126,603,21.240000000000002
2008,5,21,23,30,27.700000000000003,107,366,623,623,107,366,26.78
2008,5,22,0,30,24.8,67,134,353,353,67,134,35.12
2008,5,22,1,30,22.400000000000002,0,0,0,0,0,0,44.45
2008,5,22,2,30,20.8,0,0,0,0,0,0,53.120000000000005
2008,5,22,3,30,19.6,0,0,0,0,0,0,60.76
2008,5,22,4,30,18.7,0,0,0,0,0,0,66.83
2008,5,22,5,30,17.8,0,0,0,0,0,0,72.8
2008,5,22,6,30,16.900000000000002,0,0,0,0,0,0,78.69
2008,5,22,7,30,16.3,0,0,0,0,0,0,83.05
2008,5,22,8,30,15.8,0,0,0,0,0,0,86.56
2008,5,22,9,30,15.5,0,0,0,0,0,0,88.60000000000001
2008,5,22,10,30,15.3,0,0,0,0,0,0,89.78
2008,5,22,11,30,15.100000000000001,0,0,0,0,0,0,90.65
2008,5,22,12,30,16.5,19,26,132,132,19,26,82.53
2008,5,22,13,30,19.8,64,233,619,619,64,233,63.410000000000004
2008,5,22,14,30,23.200000000000003,82,480,809,809,82,480,42.6
2008,5,22,15,30,25.900000000000002,93,710,898,898,93,710,30.44
2008,5,22,16,30,28.1,100,897,947,947,100,897,23.66
2008,5,22,17,30,29.8,105,1026,973,973,105,1026,19.68
2008,5,22,18,30,31,115,1083,971,971,115,1083,17.45
2008,5,22,19,30,31.6,116,1066,964,964,116,1066,16.63
2008,5,22,20,30,31.3,113,977,943,943,113,977,17.400000000000002
2008,5,22,21,30,30.400000000000002,108,827,908,908,108,827,19.27
2008,5,22,22,30,28.700000000000003,99,621,840,840,99,621,22.68
2008,5,22,23,30,26.400000000000002,83,383,720,720,83,383,28.330000000000002
2008,5,23,0,30,23.6,55,145,468,468,55,145,36.800000000000004
2008,5,23,1,30,21.1,0,0,0,0,0,0,46.77
2008,5,23,2,30,19.400000000000002,0,0,0,0,0,0,55.74
2008,5,23,3,30,18.2,0,0,0,0,0,0,62.89
2008,5,23,4,30,17.3,0,0,0,0,0,0,68.92
2008,5,23,5,30,16.5,0,0,0,0,0,0,74.26
2008,5,23,6,30,15.8,0,0,0,0,0,0,79.10000000000001
2008,5,23,7,30,15.200000000000001,0,0,0,0,0,0,83.24
2008,5,23,8,30,14.600000000000001,0,0,0,0,0,0,87.23
2008,5,23,9,30,14.100000000000001,0,0,0,0,0,0,90.11
2008,5,23,10,30,13.700000000000001,0,0,0,0,0,0,92.07000000000001
2008,5,23,11,30,13.700000000000001,0,0,0,0,0,0,91.44
2008,5,23,12,30,15.5,19,27,180,180,19,27,80.78
2008,5,23,13,30,19.1,59,239,657,657,59,239,62.9
2008,5,23,14,30,23,74,489,840,840,74,489,42.44
2008,5,23,15,30,26.3,84,722,929,929,84,722,25.86
2008,5,23,16,30,28.900000000000002,90,910,974,974,90,910,18.21
2008,5,23,17,30,30.900000000000002,94,1040,998,998,94,1040,14.27
2008,5,23,18,30,32.4,98,1100,1005,1005,98,1100,12.05
2008,5,23,19,30,33.1,98,1087,1003,1003,98,1087,11.06
2008,5,23,20,30,33.2,95,997,984,984,95,997,10.94
2008,5,23,21,30,32.4,92,845,951,951,92,845,11.88
2008,5,23,22,30,30.700000000000003,84,638,890,890,84,638,14.19
2008,5,23,23,30,28.200000000000003,71,397,781,781,71,397,18.68
2008,5,24,0,30,25,48,153,543,543,48,153,27.310000000000002
2008,5,24,1,30,22,0,0,0,0,0,0,41.01
2008,5,24,2,30,19.900000000000002,0,0,0,0,0,0,55.88
2008,5,24,3,30,18.7,0,0,0,0,0,0,66.43
2008,5,24,4,30,17.8,0,0,0,0,0,0,73.53
2008,5,24,5,30,17.1,0,0,0,0,0,0,77.92
2008,5,24,6,30,16.5,0,0,0,0,0,0,81.18
2008,5,24,7,30,15.9,0,0,0,0,0,0,84.27
2008,5,24,8,30,15.5,0,0,0,0,0,0,86.24
2008,5,24,9,30,15.200000000000001,0,0,0,0,0,0,87.47
2008,5,24,10,30,15.100000000000001,0,0,0,0,0,0,87.62
2008,5,24,11,30,15.200000000000001,0,0,0,0,0,0,86.61
2008,5,24,12,30,17.1,19,25,135,135,19,25,76.28
2008,5,24,13,30,20.900000000000002,66,225,579,579,66,225,59.02
2008,5,24,14,30,24.900000000000002,89,466,763,763,89,466,42.51
2008,5,24,15,30,28.400000000000002,104,691,854,854,104,691,30.64
2008,5,24,16,30,31.1,114,877,907,907,114,877,23.990000000000002
2008,5,24,17,30,33.1,121,1004,933,933,121,1004,20.18
2008,5,24,18,30,34.5,159,1051,895,895,159,1051,18.07
2008,5,24,19,30,35.300000000000004,159,1035,889,889,159,1035,17.03
2008,5,24,20,30,35.4,157,950,865,865,157,950,16.95
2008,5,24,21,30,34.800000000000004,170,789,781,781,170,789,17.92
2008,5,24,22,30,33.5,156,587,692,692,156,587,20.26
2008,5,24,23,30,31.1,130,355,537,185,237,315,25.11
2008,5,25,0,30,27.700000000000003,76,129,271,271,76,129,34.11
2008,5,25,1,30,24.3,0,0,0,0,0,0,48.04
2008,5,25,2,30,22,0,0,0,0,0,0,61.56
2008,5,25,3,30,20.6,0,0,0,0,0,0,71.36
2008,5,25,4,30,19.900000000000002,0,0,0,0,0,0,76.3
2008,5,25,5,30,19.400000000000002,0,0,0,0,0,0,79.35000000000001
2008,5,25,6,30,19,0,0,0,0,0,0,81.65
2008,5,25,7,30,18.5,0,0,0,0,0,0,84.34
2008,5,25,8,30,18.2,0,0,0,0,0,0,86.09
2008,5,25,9,30,18.1,0,0,0,0,0,0,86.55
2008,5,25,10,30,18,0,0,0,0,0,0,86.86
2008,5,25,11,30,17.900000000000002,0,0,0,0,0,0,87.25
2008,5,25,12,30,19.3,15,16,19,19,15,16,80.06
2008,5,25,13,30,22.400000000000002,112,197,311,311,112,197,65.59
2008,5,25,14,30,25.6,162,427,537,537,162,427,51.92
2008,5,25,15,30,28.5,185,647,672,672,185,647,40.34
2008,5,25,16,30,30.700000000000003,198,831,753,753,198,831,32.6
2008,5,25,17,30,32.300000000000004,203,959,798,798,203,959,27.990000000000002
2008,5,25,18,30,33.5,226,1014,791,791,226,1014,24.900000000000002
2008,5,25,19,30,34.1,224,999,787,787,224,999,23.13
2008,5,25,20,30,34.1,222,917,759,759,222,917,22.53
2008,5,25,21,30,33.5,192,775,735,735,192,775,23.150000000000002
2008,5,25,22,30,32.2,173,578,649,649,173,578,25.41
2008,5,25,23,30,30.1,138,351,508,508,138,351,30.18
2008,5,26,0,30,27.200000000000003,79,129,254,254,79,129,38.62
2008,5,26,1,30,24.400000000000002,0,0,0,0,0,0,50.29
2008,5,26,2,30,22.3,0,0,0,0,0,0,62.22
2008,5,26,3,30,20.8,0,0,0,0,0,0,71.82000000000001
2008,5,26,4,30,20,0,0,0,0,0,0,77.15
2008,5,26,5,30,19.5,0,0,0,0,0,0,80.22
2008,5,26,6,30,19.3,0,0,0,0,0,0,81.26
2008,5,26,7,30,19.200000000000003,0,0,0,0,0,0,81.43
2008,5,26,8,30,19.200000000000003,0,0,0,0,0,0,80.68
2008,5,26,9,30,19,0,0,0,0,0,0,81.28
2008,5,26,10,30,18.6,0,0,0,0,0,0,83.17
2008,5,26,11,30,18.3,0,0,0,0,0,0,84.77
2008,5,26,12,30,19.400000000000002,16,17,18,0,11,11,79.45
2008,5,26,13,30,22,112,198,313,31,156,165,67.35
2008,5,26,14,30,25.5,157,429,551,230,278,392,50.72
2008,5,26,15,30,28.900000000000002,178,648,684,684,178,648,33.21
2008,5,26,16,30,31.400000000000002,192,829,757,757,192,829,26.29
2008,5,26,17,30,33.300000000000004,197,958,804,804,197,958,23.1
2008,5,26,18,30,34.5,250,1001,754,754,250,1001,21.28
2008,5,26,19,30,34.9,255,986,742,742,255,986,20.68
2008,5,26,20,30,34.800000000000004,252,903,710,710,252,903,20.900000000000002
2008,5,26,21,30,34.1,215,764,692,692,215,764,22.150000000000002
2008,5,26,22,30,32.5,191,568,605,605,191,568,25.19
2008,5,26,23,30,30.1,152,344,457,457,152,344,30.7
2008,5,27,0,30,26.900000000000002,84,125,205,205,84,125,40.07
2008,5,27,1,30,24,0,0,0,0,0,0,51.64
2008,5,27,2,30,22.3,0,0,0,0,0,0,60.77
2008,5,27,3,30,21.5,0,0,0,0,0,0,65.95
2008,5,27,4,30,21.200000000000003,0,0,0,0,0,0,68.2
2008,5,27,5,30,21.1,0,0,0,0,0,0,69.18
2008,5,27,6,30,21.200000000000003,0,0,0,0,0,0,69.07000000000001
2008,5,27,7,30,21.1,0,0,0,0,0,0,69.93
2008,5,27,8,30,21,0,0,0,0,0,0,70.92
2008,5,27,9,30,20.8,0,0,0,0,0,0,72.37
2008,5,27,10,30,20.6,0,0,0,0,0,0,73.71000000000001
2008,5,27,11,30,20.400000000000002,0,0,0,0,0,0,74.93
2008,5,27,12,30,21.1,11,11,7,7,11,11,72.15
2008,5,27,13,30,23.400000000000002,125,187,224,224,125,187,62.57
2008,5,27,14,30,26.5,186,412,459,459,186,412,50.61
2008,5,27,15,30,29.5,209,631,615,615,209,631,40.75
2008,5,27,16,30,31.900000000000002,219,815,708,708,219,815,34.08
2008,5,27,17,30,33.6,228,939,752,752,228,939,29.810000000000002
2008,5,27,18,30,34.5,314,973,661,661,314,973,27.55
2008,5,27,19,30,34.800000000000004,332,953,630,630,332,953,26.54
2008,5,27,20,30,34.5,332,868,584,584,332,868,26.96
2008,5,27,21,30,33.4,274,735,581,581,274,735,29.03
2008,5,27,22,30,31.6,245,543,477,477,245,543,33.24
2008,5,27,23,30,29.1,183,327,341,341,183,327,40.550000000000004
2008,5,28,0,30,26.1,88,118,154,154,88,118,51.59
2008,5,28,1,30,23.5,0,0,0,0,0,0,63.81
2008,5,28,2,30,21.8,0,0,0,0,0,0,73.22
2008,5,28,3,30,21.1,0,0,0,0,0,0,77.58
2008,5,28,4,30,20.900000000000002,0,0,0,0,0,0,78.94
2008,5,28,5,30,21,0,0,0,0,0,0,78.59
2008,5,28,6,30,21.3,0,0,0,0,0,0,77.26
2008,5,28,7,30,21.3,0,0,0,0,0,0,77.32000000000001
2008,5,28,8,30,21.1,0,0,0,0,0,0,78.67
2008,5,28,9,30,20.900000000000002,0,0,0,0,0,0,79.62
2008,5,28,10,30,20.700000000000003,0,0,0,0,0,0,80.18
2008,5,28,11,30,20.700000000000003,0,0,0,0,0,0,79.71000000000001
2008,5,28,12,30,21.400000000000002,13,13,8,0,9,9,75.91
2008,5,28,13,30,23.3,127,187,217,217,127,187,66.8
2008,5,28,14,30,25.8,200,409,423,423,200,409,56.36
2008,5,28,15,30,28.1,231,625,574,574,231,625,48.120000000000005
2008,5,28,16,30,30.200000000000003,234,811,686,686,234,811,41.08
2008,5,28,17,30,32.1,228,940,753,753,228,940,35.13
2008,5,28,18,30,33.300000000000004,247,995,751,751,247,995,31.34
2008,5,28,19,30,33.9,256,977,732,732,256,977,29.22
2008,5,28,20,30,33.9,260,891,688,688,260,891,28.5
2008,5,28,21,30,33.2,190,764,722,722,190,764,29.310000000000002
2008,5,28,22,30,32,174,568,631,631,174,568,31.6
2008,5,28,23,30,30.200000000000003,141,347,486,486,141,347,35.92
2008,5,29,0,30,27.6,78,130,259,259,78,130,44.02
2008,5,29,1,30,25,0,0,0,0,0,0,55.35
2008,5,29,2,30,23.200000000000003,0,0,0,0,0,0,66.06
2008,5,29,3,30,22.1,0,0,0,0,0,0,73.2
2008,5,29,4,30,21.6,0,0,0,0,0,0,76.2
2008,5,29,5,30,21.200000000000003,0,0,0,0,0,0,78.09
2008,5,29,6,30,20.8,0,0,0,0,0,0,79.74
2008,5,29,7,30,20.400000000000002,0,0,0,0,0,0,81.12
2008,5,29,8,30,20.200000000000003,0,0,0,0,0,0,81.67
2008,5,29,9,30,20,0,0,0,0,0,0,82.4
2008,5,29,10,30,19.700000000000003,0,0,0,0,0,0,83.83
2008,5,29,11,30,19.6,0,0,0,0,0,0,84.01
2008,5,29,12,30,20.3,15,16,15,15,15,16,79.51
2008,5,29,13,30,22.200000000000003,116,198,297,30,161,169,67.9
2008,5,29,14,30,24.900000000000002,159,429,547,547,159,429,53.410000000000004
2008,5,29,15,30,27.8,174,655,700,700,174,655,41.31
2008,5,29,16,30,30.3,177,842,792,792,177,842,32.04
2008,5,29,17,30,32.300000000000004,175,972,843,843,175,972,25.37
2008,5,29,18,30,33.7,173,1036,867,867,173,1036,21.34
2008,5,29,19,30,34.6,171,1025,866,866,171,1025,19.06
2008,5,29,20,30,35.1,164,939,845,845,164,939,17.900000000000002
2008,5,29,21,30,34.800000000000004,128,803,851,851,128,803,17.91
2008,5,29,22,30,33.7,118,603,775,775,118,603,19.14
2008,5,29,23,30,31.6,100,373,645,136,236,294,22.7
2008,5,30,0,30,28.1,61,144,417,417,61,144,30.76
2008,5,30,1,30,24.5,0,0,0,0,0,0,44.22
2008,5,30,2,30,22.400000000000002,0,0,0,0,0,0,56.34
2008,5,30,3,30,21.200000000000003,0,0,0,0,0,0,65.85
2008,5,30,4,30,20.5,0,0,0,0,0,0,71.91
2008,5,30,5,30,20,0,0,0,0,0,0,75.97
2008,5,30,6,30,19.6,0,0,0,0,0,0,78.48
2008,5,30,7,30,19,0,0,0,0,0,0,82.03
2008,5,30,8,30,18.6,0,0,0,0,0,0,84.55
2008,5,30,9,30,18.2,0,0,0,0,0,0,86.94
2008,5,30,10,30,18,0,0,0,0,0,0,88.5
2008,5,30,11,30,18.2,0,0,0,0,0,0,87.7
2008,5,30,12,30,19.5,20,23,65,65,20,23,81.06
2008,5,30,13,30,22.6,85,211,455,455,85,211,67.17
2008,5,30,14,30,25.8,117,442,658,658,117,442,52.19
2008,5,30,15,30,28.400000000000002,136,660,764,764,136,660,42.09
2008,5,30,16,30,30.3,150,838,819,819,150,838,35.34
2008,5,30,17,30,31.6,165,960,840,840,165,960,30.95
2008,5,30,18,30,32.2,173,1016,846,846,173,1016,28.71
2008,5,30,19,30,32.2,182,999,829,829,182,999,28.02
2008,5,30,20,30,31.6,185,915,796,139,506,634,28.77
2008,5,30,21,30,30.5,181,768,738,93,426,500,31.02
2008,5,30,22,30,29,160,575,662,33,251,272,35.25
2008,5,30,23,30,27.3,126,354,538,20,162,171,41.27
2008,5,31,0,30,25.6,74,135,300,36,105,112,48.7
2008,5,31,1,30,24,0,0,0,0,0,0,56.89
2008,5,31,2,30,23,0,0,0,0,0,0,63.31
2008,5,31,3,30,22.3,0,0,0,0,0,0,68.24
2008,5,31,4,30,21.900000000000002,0,0,0,0,0,0,71.37
2008,5,31,5,30,21.6,0,0,0,0,0,0,73.44
2008,5,31,6,30,21.400000000000002,0,0,0,0,0,0,74.84
2008,5,31,7,30,21.200000000000003,0,0,0,0,0,0,76.17
2008,5,31,8,30,21.1,0,0,0,0,0,0,76.86
2008,5,31,9,30,20.8,0,0,0,0,0,0,78.66
2008,5,31,10,30,20.6,0,0,0,0,0,0,80.07000000000001
2008,5,31,11,30,20.400000000000002,0,0,0,0,0,0,81.37
2008,5,31,12,30,21.200000000000003,16,17,24,0,9,9,77.75
2008,5,31,13,30,23,109,194,309,67,156,175,69.26
2008,5,31,14,30,24.6,161,415,513,513,161,415,61.31
2008,5,31,15,30,25.900000000000002,192,627,634,634,192,627,54.89
2008,5,31,16,30,27,211,803,705,705,211,803,49.67
2008,5,31,17,30,27.900000000000002,221,926,745,745,221,926,45.550000000000004
2008,5,31,18,30,28.5,246,978,735,735,246,978,42.480000000000004
2008,5,31,19,30,28.900000000000002,237,970,743,743,237,970,40.17
2008,5,31,20,30,29.200000000000003,221,894,733,733,221,894,38.49
2008,5,31,21,30,29.200000000000003,220,749,664,664,220,749,37.83
2008,5,31,22,30,28.900000000000002,184,564,606,339,291,504,38.28
2008,5,31,23,30,28.1,139,348,492,136,226,283,40.15
2008,6,1,0,30,26.700000000000003,79,132,262,262,79,132,43.97
2008,6,1,1,30,25,0,0,0,0,0,0,49.67
2008,6,1,2,30,23.8,0,0,0,0,0,0,55.15
2008,6,1,3,30,22.700000000000003,0,0,0,0,0,0,61.07
2008,6,1,4,30,21.900000000000002,0,0,0,0,0,0,66.35
2008,6,1,5,30,21.400000000000002,0,0,0,0,0,0,69.95
2008,6,1,6,30,21.1,0,0,0,0,0,0,72.10000000000001
2008,6,1,7,30,20.8,0,0,0,0,0,0,73.89
2008,6,1,8,30,20.6,0,0,0,0,0,0,74.77
2008,6,1,9,30,20.200000000000003,0,0,0,0,0,0,76.5
2008,6,1,10,30,19.900000000000002,0,0,0,0,0,0,77.83
2008,6,1,11,30,19.700000000000003,0,0,0,0,0,0,78.61
2008,6,1,12,30,21.3,18,21,60,60,18,21,71.14
2008,6,1,13,30,24.6,88,207,430,430,88,207,57.04
2008,6,1,14,30,27.900000000000002,121,437,642,642,121,437,44.68
2008,6,1,15,30,30.400000000000002,139,657,755,755,139,657,37.36
2008,6,1,16,30,32.5,151,839,819,819,151,839,31.740000000000002
2008,6,1,17,30,34.1,158,966,854,854,158,966,27.55
2008,6,1,18,30,35.1,193,1012,823,823,193,1012,24.650000000000002
2008,6,1,19,30,35.5,201,1000,810,810,201,1000,22.97
2008,6,1,20,30,35.4,198,916,782,782,198,916,22.38
2008,6,1,21,30,34.5,169,779,765,765,169,779,23.31
2008,6,1,22,30,32.800000000000004,152,584,688,688,152,584,25.96
2008,6,1,23,30,30.3,123,360,555,28,180,192,30.48
2008,6,2,0,30,27.3,74,138,315,96,108,128,36.97
2008,6,2,1,30,24.700000000000003,0,0,0,0,0,0,45.5
2008,6,2,2,30,23,0,0,0,0,0,0,52.68
2008,6,2,3,30,22,0,0,0,0,0,0,57.29
2008,6,2,4,30,21.3,0,0,0,0,0,0,60.42
2008,6,2,5,30,20.700000000000003,0,0,0,0,0,0,62.9
2008,6,2,6,30,20.200000000000003,0,0,0,0,0,0,64.96000000000001
2008,6,2,7,30,19.8,0,0,0,0,0,0,66.62
2008,6,2,8,30,19.5,0,0,0,0,0,0,67.7
2008,6,2,9,30,19.200000000000003,0,0,0,0,0,0,68.84
2008,6,2,10,30,18.900000000000002,0,0,0,0,0,0,70.10000000000001
2008,6,2,11,30,19,0,0,0,0,0,0,69.64
2008,6,2,12,30,20.8,20,23,56,1,21,21,62.13
2008,6,2,13,30,24.200000000000003,92,208,421,58,157,173,50.74
2008,6,2,14,30,27.3,129,440,631,179,278,366,42.69
2008,6,2,15,30,30,148,664,753,491,264,600,36.45
2008,6,2,16,30,32.5,155,850,828,601,335,840,30.02
2008,6,2,17,30,34.7,154,979,873,634,344,943,24.17
2008,6,2,18,30,36.4,170,1037,871,681,286,964,19.76
2008,6,2,19,30,37.5,160,1029,881,502,453,947,16.78
2008,6,2,20,30,38,148,949,872,423,459,847,15
2008,6,2,21,30,37.5,127,807,853,565,330,780,14.76
2008,6,2,22,30,35.800000000000004,116,611,786,609,212,595,16.580000000000002
2008,6,2,23,30,32.6,99,378,653,280,217,337,22.09
2008,6,3,0,30,27.8,67,148,392,101,110,131,33.63
2008,6,3,1,30,23.8,0,0,0,0,0,0,48.910000000000004
2008,6,3,2,30,21.700000000000003,0,0,0,0,0,0,60.82
2008,6,3,3,30,20.6,0,0,0,0,0,0,67.89
2008,6,3,4,30,20.1,0,0,0,0,0,0,70.71000000000001
2008,6,3,5,30,19.900000000000002,0,0,0,0,0,0,71.73
2008,6,3,6,30,19.6,0,0,0,0,0,0,73.19
2008,6,3,7,30,19.200000000000003,0,0,0,0,0,0,75.09
2008,6,3,8,30,18.900000000000002,0,0,0,0,0,0,76.63
2008,6,3,9,30,18.6,0,0,0,0,0,0,77.77
2008,6,3,10,30,18.400000000000002,0,0,0,0,0,0,77.85000000000001
2008,6,3,11,30,18.5,0,0,0,0,0,0,76.03
2008,6,3,12,30,20.5,21,26,106,106,21,26,65.89
2008,6,3,13,30,24.3,72,223,548,548,72,223,50.49
2008,6,3,14,30,28,95,462,746,746,95,462,37.28
2008,6,3,15,30,30.900000000000002,108,685,843,843,108,685,28.93
2008,6,3,16,30,33.1,116,871,899,899,116,871,22.91
2008,6,3,17,30,34.9,121,998,928,928,121,998,18.75
2008,6,3,18,30,36.300000000000004,130,1056,931,931,130,1056,16.03
2008,6,3,19,30,37,130,1042,925,925,130,1042,14.6
2008,6,3,20,30,37.2,129,961,905,905,129,961,14.17
2008,6,3,21,30,36.6,124,812,863,863,124,812,15.030000000000001
2008,6,3,22,30,35,115,610,786,786,115,610,17.580000000000002
2008,6,3,23,30,32.2,100,379,649,268,219,334,23.17
2008,6,4,0,30,28.3,67,148,393,91,111,130,33.4
2008,6,4,1,30,24.8,0,0,0,0,0,0,47.57
2008,6,4,2,30,22.400000000000002,0,0,0,0,0,0,61.33
2008,6,4,3,30,20.900000000000002,0,0,0,0,0,0,72.17
2008,6,4,4,30,20.200000000000003,0,0,0,0,0,0,77.73
2008,6,4,5,30,19.8,0,0,0,0,0,0,80.29
2008,6,4,6,30,19.5,0,0,0,0,0,0,81.58
2008,6,4,7,30,19.3,0,0,0,0,0,0,82.43
2008,6,4,8,30,19.1,0,0,0,0,0,0,83.31
2008,6,4,9,30,18.900000000000002,0,0,0,0,0,0,84.12
2008,6,4,10,30,18.7,0,0,0,0,0,0,85.12
2008,6,4,11,30,18.7,0,0,0,0,0,0,85.17
2008,6,4,12,30,19.900000000000002,20,23,51,51,20,23,79
2008,6,4,13,30,22.700000000000003,89,210,436,436,89,210,65.28
2008,6,4,14,30,26.5,122,441,647,647,122,441,47.88
2008,6,4,15,30,29.8,141,660,758,758,141,660,34.480000000000004
2008,6,4,16,30,32.2,149,844,829,829,149,844,28.46
2008,6,4,17,30,33.9,153,971,866,866,153,971,24.900000000000002
2008,6,4,18,30,34.9,163,1027,869,869,163,1027,22.78
2008,6,4,19,30,35.1,173,1010,849,849,173,1010,21.900000000000002
2008,6,4,20,30,34.800000000000004,175,923,815,815,175,923,21.97
2008,6,4,21,30,33.6,162,781,776,776,162,781,23.87
2008,6,4,22,30,31.1,152,583,684,684,152,583,29.02
2008,6,4,23,30,27.700000000000003,126,360,546,546,126,360,38.9
2008,6,5,0,30,24.200000000000003,78,139,294,294,78,139,53.15
2008,6,5,1,30,21.6,0,0,0,0,0,0,67.58
2008,6,5,2,30,20.200000000000003,0,0,0,0,0,0,77.69
2008,6,5,3,30,19.700000000000003,0,0,0,0,0,0,81.65
2008,6,5,4,30,19.400000000000002,0,0,0,0,0,0,83.46000000000001
2008,6,5,5,30,19.200000000000003,0,0,0,0,0,0,84.06
2008,6,5,6,30,19,0,0,0,0,0,0,84.49
2008,6,5,7,30,18.7,0,0,0,0,0,0,85.81
2008,6,5,8,30,18.5,0,0,0,0,0,0,86.93
2008,6,5,9,30,18.3,0,0,0,0,0,0,88.08
2008,6,5,10,30,18.1,0,0,0,0,0,0,89.33
2008,6,5,11,30,18,0,0,0,0,0,0,89.87
2008,6,5,12,30,18.7,19,21,36,36,19,21,85.93
2008,6,5,13,30,20.8,97,207,398,398,97,207,73.29
2008,6,5,14,30,24,128,442,637,637,128,442,55.370000000000005
2008,6,5,15,30,27.6,143,666,763,763,143,666,37.35
2008,6,5,16,30,30.6,152,851,833,833,152,851,25.77
2008,6,5,17,30,32.800000000000004,156,978,870,870,156,978,21.09
2008,6,5,18,30,34.300000000000004,165,1039,879,879,165,1039,18.72
2008,6,5,19,30,35.2,164,1028,877,877,164,1028,17.400000000000002
2008,6,5,20,30,35.4,161,947,856,856,161,947,16.96
2008,6,5,21,30,34.7,147,802,821,821,147,802,17.67
2008,6,5,22,30,33,138,604,739,739,138,604,20
2008,6,5,23,30,30,118,374,595,595,118,374,25.45
2008,6,6,0,30,26.1,76,146,334,334,76,146,36.69
2008,6,6,1,30,22.8,0,0,0,0,0,0,52.61
2008,6,6,2,30,20.700000000000003,0,0,0,0,0,0,67.69
2008,6,6,3,30,19.8,0,0,0,0,0,0,76.84
2008,6,6,4,30,19.400000000000002,0,0,0,0,0,0,81.44
2008,6,6,5,30,19.3,0,0,0,0,0,0,82.51
2008,6,6,6,30,19.3,0,0,0,0,0,0,82.36
2008,6,6,7,30,19.200000000000003,0,0,0,0,0,0,82.89
2008,6,6,8,30,19,0,0,0,0,0,0,84.2
2008,6,6,9,30,18.8,0,0,0,0,0,0,85.73
2008,6,6,10,30,18.6,0,0,0,0,0,0,87.35000000000001
2008,6,6,11,30,18.5,0,0,0,0,0,0,88.47
2008,6,6,12,30,19.3,18,20,32,32,18,20,84.58
2008,6,6,13,30,21.400000000000002,100,201,365,365,100,201,73.61
2008,6,6,14,30,24.200000000000003,142,426,577,577,142,426,60.14
2008,6,6,15,30,27.1,164,642,698,698,164,642,48.68
2008,6,6,16,30,29.700000000000003,177,821,769,769,177,821,39.84
2008,6,6,17,30,31.700000000000003,189,944,800,800,189,944,33.89
2008,6,6,18,30,32.9,161,1013,856,856,161,1013,30.71
2008,6,6,19,30,33.1,168,1000,844,844,168,1000,29.98
2008,6,6,20,30,32.6,171,918,813,813,171,918,30.82
2008,6,6,21,30,31.6,145,780,796,796,145,780,33.06
2008,6,6,22,30,30.200000000000003,133,588,721,721,133,588,37.13
2008,6,6,23,30,28.400000000000002,108,367,601,289,215,340,43.26
2008,6,7,0,30,25.8,68,146,369,72,112,127,53.38
2008,6,7,1,30,23.200000000000003,0,0,0,0,0,0,67.02
2008,6,7,2,30,21.400000000000002,0,0,0,0,0,0,79.48
2008,6,7,3,30,20.700000000000003,0,0,0,0,0,0,85.25
2008,6,7,4,30,20.400000000000002,0,0,0,0,0,0,87.5
2008,6,7,5,30,20.200000000000003,0,0,0,0,0,0,88.77
2008,6,7,6,30,20.1,0,0,0,0,0,0,89.41
2008,6,7,7,30,20,0,0,0,0,0,0,90.03
2008,6,7,8,30,19.8,0,0,0,0,0,0,91.14
2008,6,7,9,30,19.700000000000003,0,0,0,0,0,0,91.66
2008,6,7,10,30,19.6,0,0,0,0,0,0,92.57000000000001
2008,6,7,11,30,19.5,0,0,0,0,0,0,93.57000000000001
2008,6,7,12,30,20.3,19,22,50,50,19,22,88.96000000000001
2008,6,7,13,30,22.700000000000003,89,204,418,418,89,204,76.49
2008,6,7,14,30,26,121,430,629,629,121,430,59.18
2008,6,7,15,30,28.700000000000003,143,644,733,733,143,644,46.39
2008,6,7,16,30,30.6,157,822,793,793,157,822,40.01
2008,6,7,17,30,31.900000000000002,166,945,826,826,166,945,36.13
2008,6,7,18,30,32.7,223,986,768,768,223,986,33.59
2008,6,7,19,30,32.7,223,976,764,764,223,976,32.93
2008,6,7,20,30,32,215,897,742,557,319,831,34.22
2008,6,7,21,30,31,167,768,753,412,306,635,37.160000000000004
2008,6,7,22,30,29.5,152,578,674,437,258,534,42.44
2008,6,7,23,30,27.400000000000002,128,357,531,241,211,315,50.56
2008,6,8,0,30,25.200000000000003,80,139,280,280,80,139,60.68
2008,6,8,1,30,23.3,0,0,0,0,0,0,70.79
2008,6,8,2,30,21.900000000000002,0,0,0,0,0,0,78.92
2008,6,8,3,30,21.1,0,0,0,0,0,0,83.57000000000001
2008,6,8,4,30,20.6,0,0,0,0,0,0,85.89
2008,6,8,5,30,20.3,0,0,0,0,0,0,86.95
2008,6,8,6,30,20.200000000000003,0,0,0,0,0,0,87
2008,6,8,7,30,20,0,0,0,0,0,0,87.65
2008,6,8,8,30,20,0,0,0,0,0,0,87.34
2008,6,8,9,30,19.900000000000002,0,0,0,0,0,0,87.72
2008,6,8,10,30,19.8,0,0,0,0,0,0,88.36
2008,6,8,11,30,19.8,0,0,0,0,0,0,88.57000000000001
2008,6,8,12,30,20.400000000000002,18,20,37,0,9,9,85.41
2008,6,8,13,30,21.900000000000002,94,199,382,3,74,75,77.19
2008,6,8,14,30,24.1,128,422,600,1,169,170,65.59
2008,6,8,15,30,26.200000000000003,141,638,727,727,141,638,56.07
2008,6,8,16,30,28,148,817,799,799,148,817,49.120000000000005
2008,6,8,17,30,29.200000000000003,152,942,837,837,152,942,44.84
2008,6,8,18,30,29.6,218,979,766,766,218,979,43.25
2008,6,8,19,30,29,232,963,742,742,232,963,44.660000000000004
2008,6,8,20,30,27.8,244,879,690,690,244,879,48.97
2008,6,8,21,30,26.3,214,745,664,664,214,745,55.410000000000004
2008,6,8,22,30,24.700000000000003,203,555,555,555,203,555,63.24
2008,6,8,23,30,23.3,166,340,402,100,236,279,71.03
2008,6,9,0,30,22.1,93,130,174,53,92,103,78.31
2008,6,9,1,30,21.3,0,0,0,0,0,0,83.58
2008,6,9,2,30,20.900000000000002,0,0,0,0,0,0,86.62
2008,6,9,3,30,20.5,0,0,0,0,0,0,89.14
2008,6,9,4,30,20.3,0,0,0,0,0,0,90.27
2008,6,9,5,30,20,0,0,0,0,0,0,91.82000000000001
2008,6,9,6,30,19.8,0,0,0,0,0,0,92.63
2008,6,9,7,30,19.6,0,0,0,0,0,0,93.13
2008,6,9,8,30,19.400000000000002,0,0,0,0,0,0,93.51
2008,6,9,9,30,19.200000000000003,0,0,0,0,0,0,93.85000000000001
2008,6,9,10,30,19.1,0,0,0,0,0,0,93.93
2008,6,9,11,30,19.1,0,0,0,0,0,0,93.17
2008,6,9,12,30,19.200000000000003,19,22,59,0,6,6,91.89
2008,6,9,13,30,19.900000000000002,86,201,420,0,45,45,86.3
2008,6,9,14,30,21.5,116,427,634,1,96,97,75.95
2008,6,9,15,30,23.8,130,642,749,5,205,208,64.22
2008,6,9,16,30,26.200000000000003,140,819,812,87,390,463,53.92
2008,6,9,17,30,27.8,147,943,844,391,353,722,48.18
2008,6,9,18,30,28.6,150,1003,858,548,327,871,45.64
2008,6,9,19,30,28.8,151,991,852,294,428,718,44.92
2008,6,9,20,30,28.200000000000003,150,912,828,828,150,912,46.6
2008,6,9,21,30,26.700000000000003,150,769,774,360,321,608,52.15
2008,6,9,22,30,25.1,145,578,683,300,274,464,59.77
2008,6,9,23,30,23.5,124,358,538,46,197,217,68.48
2008,6,10,0,30,22.1,79,141,286,8,87,88,77.60000000000001
2008,6,10,1,30,21.200000000000003,0,0,0,0,0,0,84.38
2008,6,10,2,30,20.6,0,0,0,0,0,0,88.84
2008,6,10,3,30,20.3,0,0,0,0,0,0,90.84
2008,6,10,4,30,20.1,0,0,0,0,0,0,92.16
2008,6,10,5,30,19.900000000000002,0,0,0,0,0,0,93.38
2008,6,10,6,30,19.700000000000003,0,0,0,0,0,0,94.94
2008,6,10,7,30,19.700000000000003,0,0,0,0,0,0,94.58
2008,6,10,8,30,19.700000000000003,0,0,0,0,0,0,93.57000000000001
2008,6,10,9,30,19.700000000000003,0,0,0,0,0,0,94.06
2008,6,10,10,30,19.6,0,0,0,0,0,0,95.29
2008,6,10,11,30,19.5,0,0,0,0,0,0,96.12
2008,6,10,12,30,19.700000000000003,19,24,93,0,6,6,94.49
2008,6,10,13,30,20.3,69,209,511,0,4,4,90.03
2008,6,10,14,30,21.200000000000003,88,437,714,0,33,33,84.07000000000001
2008,6,10,15,30,22,99,651,810,0,73,74,77.5
2008,6,10,16,30,22.6,107,829,863,0,110,111,71.85000000000001
2008,6,10,17,30,23.1,112,952,891,10,342,351,67.7
2008,6,10,18,30,23.6,117,1012,901,22,414,436,64.12
2008,6,10,19,30,24.200000000000003,117,1003,898,98,458,555,60.84
2008,6,10,20,30,24.400000000000002,111,928,888,229,408,619,59.230000000000004
2008,6,10,21,30,24.200000000000003,127,781,818,81,356,421,59.09
2008,6,10,22,30,23.6,117,592,748,93,286,345,60.77
2008,6,10,23,30,22.6,99,373,629,119,212,264,64.18
2008,6,11,0,30,21.3,66,150,389,1,49,49,69.95
2008,6,11,1,30,19.900000000000002,0,0,0,0,0,0,81.19
2008,6,11,2,30,19,0,0,0,0,0,0,87.01
2008,6,11,3,30,18.3,0,0,0,0,0,0,90.78
2008,6,11,4,30,17.8,0,0,0,0,0,0,93.06
2008,6,11,5,30,17.400000000000002,0,0,0,0,0,0,94.32000000000001
2008,6,11,6,30,17.1,0,0,0,0,0,0,94.64
2008,6,11,7,30,16.900000000000002,0,0,0,0,0,0,94.52
2008,6,11,8,30,16.7,0,0,0,0,0,0,94.66
2008,6,11,9,30,16.7,0,0,0,0,0,0,94.13
2008,6,11,10,30,16.8,0,0,0,0,0,0,93.60000000000001
2008,6,11,11,30,16.900000000000002,0,0,0,0,0,0,93.32000000000001
2008,6,11,12,30,17.7,17,19,37,0,6,6,88.86
2008,6,11,13,30,19.3,99,197,359,0,66,66,80.05
2008,6,11,14,30,21.3,138,421,578,0,51,51,68.92
2008,6,11,15,30,23.400000000000002,152,637,712,0,151,151,57.120000000000005
2008,6,11,16,30,25.6,155,818,793,0,231,231,46.78
2008,6,11,17,30,27.6,158,946,837,90,473,559,39.71
2008,6,11,18,30,28.8,170,1004,839,2,382,384,35.88
2008,6,11,19,30,29.3,169,995,837,77,493,569,34.1
2008,6,11,20,30,29.200000000000003,164,917,818,1,333,334,33.980000000000004
2008,6,11,21,30,28.5,137,785,808,1,254,254,35.54
2008,6,11,22,30,27.3,123,596,744,744,123,596,38.69
2008,6,11,23,30,25.5,101,376,630,50,233,255,44.15
2008,6,12,0,30,23.200000000000003,65,153,410,60,113,126,52.800000000000004
2008,6,12,1,30,21.200000000000003,0,0,0,0,0,0,63.88
2008,6,12,2,30,19.8,0,0,0,0,0,0,73.24
2008,6,12,3,30,18.8,0,0,0,0,0,0,80.69
2008,6,12,4,30,18.2,0,0,0,0,0,0,85.76
2008,6,12,5,30,17.8,0,0,0,0,0,0,88.89
2008,6,12,6,30,17.7,0,0,0,0,0,0,89.9
2008,6,12,7,30,17.6,0,0,0,0,0,0,90.75
2008,6,12,8,30,17.5,0,0,0,0,0,0,91.24
2008,6,12,9,30,17.400000000000002,0,0,0,0,0,0,91.84
2008,6,12,10,30,17.3,0,0,0,0,0,0,92.69
2008,6,12,11,30,17.3,0,0,0,0,0,0,92.98
2008,6,12,12,30,18.1,19,24,95,95,19,24,88.05
2008,6,12,13,30,20,75,208,487,0,56,56,76.83
2008,6,12,14,30,22.3,104,433,674,0,125,125,62.15
2008,6,12,15,30,24.5,123,648,770,56,321,359,48.9
2008,6,12,16,30,26.3,137,825,823,106,425,514,41.300000000000004
2008,6,12,17,30,27.700000000000003,145,949,853,67,460,523,37.230000000000004
2008,6,12,18,30,28.900000000000002,150,1009,865,210,539,748,34.42
2008,6,12,19,30,29.5,150,1001,862,862,150,1001,33.12
2008,6,12,20,30,29.5,147,923,844,844,147,923,32.97
2008,6,12,21,30,29,155,778,778,127,373,475,33.85
2008,6,12,22,30,28.1,140,590,708,0,167,167,36
2008,6,12,23,30,26.700000000000003,114,371,587,20,207,216,39.77
2008,6,13,0,30,24.6,72,151,362,99,117,138,47.24
2008,6,13,1,30,22.5,0,0,0,0,0,0,60.72
2008,6,13,2,30,21.200000000000003,0,0,0,0,0,0,68.79
2008,6,13,3,30,20.200000000000003,0,0,0,0,0,0,75.51
2008,6,13,4,30,19.5,0,0,0,0,0,0,81.11
2008,6,13,5,30,19,0,0,0,0,0,0,85.15
2008,6,13,6,30,18.6,0,0,0,0,0,0,87.49
2008,6,13,7,30,18.400000000000002,0,0,0,0,0,0,88.37
2008,6,13,8,30,18.3,0,0,0,0,0,0,88.92
2008,6,13,9,30,18.3,0,0,0,0,0,0,89.12
2008,6,13,10,30,18.3,0,0,0,0,0,0,89.44
2008,6,13,11,30,18.400000000000002,0,0,0,0,0,0,89.5
2008,6,13,12,30,19,16,18,32,0,8,8,86.73
2008,6,13,13,30,20.6,102,193,332,0,15,15,77.75
2008,6,13,14,30,23,146,414,548,0,90,90,65
2008,6,13,15,30,25.8,165,629,682,0,29,29,52.36
2008,6,13,16,30,28.200000000000003,172,810,764,37,401,432,43.81
2008,6,13,17,30,29.8,173,938,812,13,429,442,39.47
2008,6,13,18,30,30.8,199,992,798,254,555,808,37.06
2008,6,13,19,30,31.1,202,983,792,792,202,983,36.39
2008,6,13,20,30,30.6,200,905,765,173,523,682,37.57
2008,6,13,21,30,29.8,169,772,751,46,389,427,40.06
2008,6,13,22,30,28.900000000000002,152,584,679,679,152,584,43.32
2008,6,13,23,30,27.5,123,368,559,376,197,361,48.370000000000005
2008,6,14,0,30,25.3,75,150,342,35,116,124,57.61
2008,6,14,1,30,23.1,0,0,0,0,0,0,70.13
2008,6,14,2,30,21.6,0,0,0,0,0,0,80.84
2008,6,14,3,30,20.6,0,0,0,0,0,0,88.9
2008,6,14,4,30,20.200000000000003,0,0,0,0,0,0,92.37
2008,6,14,5,30,20,0,0,0,0,0,0,93.7
2008,6,14,6,30,19.8,0,0,0,0,0,0,94.71000000000001
2008,6,14,7,30,19.700000000000003,0,0,0,0,0,0,95.04
2008,6,14,8,30,19.5,0,0,0,0,0,0,95.89
2008,6,14,9,30,19.400000000000002,0,0,0,0,0,0,95.91
2008,6,14,10,30,19.3,0,0,0,0,0,0,96.03
2008,6,14,11,30,19.3,0,0,0,0,0,0,95.25
2008,6,14,12,30,20.1,19,23,94,94,19,23,90.19
2008,6,14,13,30,22.3,70,210,516,2,104,105,79.35000000000001
2008,6,14,14,30,25,90,440,717,717,90,440,65.15
2008,6,14,15,30,27.400000000000002,101,657,818,60,321,362,52.94
2008,6,14,16,30,29.200000000000003,108,836,872,872,108,836,45.18
2008,6,14,17,30,30.6,114,961,899,899,114,961,40
2008,6,14,18,30,31.5,140,1012,878,878,140,1012,36.74
2008,6,14,19,30,31.700000000000003,147,999,864,864,147,999,35.5
2008,6,14,20,30,30.900000000000002,150,919,834,834,150,919,36.910000000000004
2008,6,14,21,30,29.6,136,780,803,803,136,780,40.45
2008,6,14,22,30,28,131,589,719,1,119,119,45.99
2008,6,14,23,30,26.1,113,368,582,250,223,333,53.81
2008,6,15,0,30,24.1,75,149,338,0,27,27,64.08
2008,6,15,1,30,22.400000000000002,0,0,0,0,0,0,74.67
2008,6,15,2,30,21.3,0,0,0,0,0,0,82.97
2008,6,15,3,30,20.8,0,0,0,0,0,0,87.28
2008,6,15,4,30,20.6,0,0,0,0,0,0,88.64
2008,6,15,5,30,20.400000000000002,0,0,0,0,0,0,89.68
2008,6,15,6,30,20.200000000000003,0,0,0,0,0,0,90.77
2008,6,15,7,30,19.900000000000002,0,0,0,0,0,0,92.59
2008,6,15,8,30,19.700000000000003,0,0,0,0,0,0,94.21000000000001
2008,6,15,9,30,19.5,0,0,0,0,0,0,95.24
2008,6,15,10,30,19.200000000000003,0,0,0,0,0,0,95.83
2008,6,15,11,30,19.1,0,0,0,0,0,0,94.85000000000001
2008,6,15,12,30,19.900000000000002,19,23,92,0,10,10,90.06
2008,6,15,13,30,21.900000000000002,72,208,502,29,145,153,76.68
2008,6,15,14,30,24.6,96,435,697,697,96,435,58.34
2008,6,15,15,30,27,112,651,793,793,112,651,47.2
2008,6,15,16,30,28.8,122,829,848,848,122,829,41.08
2008,6,15,17,30,29.900000000000002,128,954,878,878,128,954,37.71
2008,6,15,18,30,30.5,135,1014,885,885,135,1014,36.02
2008,6,15,19,30,30.6,135,1006,882,882,135,1006,35.660000000000004
2008,6,15,20,30,30.3,129,929,868,868,129,929,36.45
2008,6,15,21,30,29.5,110,794,853,654,215,740,38.67
2008,6,15,22,30,28.400000000000002,99,607,795,663,142,566,42.07
2008,6,15,23,30,27,84,386,688,288,194,321,46.99
2008,6,16,0,30,24.900000000000002,58,161,469,32,103,109,56.06
2008,6,16,1,30,22.700000000000003,0,0,0,0,0,0,69.54
2008,6,16,2,30,21.3,0,0,0,0,0,0,76.67
2008,6,16,3,30,20.3,0,0,0,0,0,0,81.87
2008,6,16,4,30,19.5,0,0,0,0,0,0,86.95
2008,6,16,5,30,19.1,0,0,0,0,0,0,89.9
2008,6,16,6,30,18.900000000000002,0,0,0,0,0,0,90.83
2008,6,16,7,30,18.7,0,0,0,0,0,0,91.61
2008,6,16,8,30,18.6,0,0,0,0,0,0,92.08
2008,6,16,9,30,18.6,0,0,0,0,0,0,91.8
2008,6,16,10,30,18.6,0,0,0,0,0,0,91.41
2008,6,16,11,30,18.5,0,0,0,0,0,0,92.09
2008,6,16,12,30,18.900000000000002,18,23,86,0,5,5,90.28
2008,6,16,13,30,19.900000000000002,70,207,509,0,7,7,83.26
2008,6,16,14,30,22.200000000000003,88,438,720,0,82,82,65.2
2008,6,16,15,30,25.200000000000003,97,656,824,122,365,448,47.730000000000004
2008,6,16,16,30,27.700000000000003,103,836,878,878,103,836,39.28
2008,6,16,17,30,29.6,107,961,908,908,107,961,35
2008,6,16,18,30,30.900000000000002,141,1012,877,877,141,1012,32.37
2008,6,16,19,30,31.6,151,1000,861,861,151,1000,30.830000000000002
2008,6,16,20,30,31.5,155,920,830,830,155,920,30.68
2008,6,16,21,30,30.900000000000002,153,780,781,168,447,582,31.5
2008,6,16,22,30,29.900000000000002,140,591,705,705,140,591,33.410000000000004
2008,6,16,23,30,28.6,117,373,582,582,117,373,36.63
2008,6,17,0,30,26.6,74,153,356,12,92,95,43.21
2008,6,17,1,30,24.6,0,0,0,0,0,0,52.6
2008,6,17,2,30,23,0,0,0,0,0,0,60.06
2008,6,17,3,30,21.5,0,0,0,0,0,0,68.34
2008,6,17,4,30,20.400000000000002,0,0,0,0,0,0,76.11
2008,6,17,5,30,19.6,0,0,0,0,0,0,82.12
2008,6,17,6,30,19.3,0,0,0,0,0,0,85.35000000000001
2008,6,17,7,30,19.200000000000003,0,0,0,0,0,0,86.95
2008,6,17,8,30,19.3,0,0,0,0,0,0,86.06
2008,6,17,9,30,19.3,0,0,0,0,0,0,86.43
2008,6,17,10,30,19.3,0,0,0,0,0,0,87
2008,6,17,11,30,19.3,0,0,0,0,0,0,86.87
2008,6,17,12,30,20,17,18,33,33,17,18,83.3
2008,6,17,13,30,21.8,94,194,370,370,94,194,73.09
2008,6,17,14,30,24.5,123,421,614,614,123,421,58.29
2008,6,17,15,30,27.200000000000003,129,644,759,759,129,644,44.53
2008,6,17,16,30,29.400000000000002,134,828,833,833,134,828,37.11
2008,6,17,17,30,31.200000000000003,138,956,870,870,138,956,32.78
2008,6,17,18,30,32.4,129,1023,900,900,129,1023,29.96
2008,6,17,19,30,32.800000000000004,131,1014,895,895,131,1014,28.69
2008,6,17,20,30,32.7,130,935,873,873,130,935,28.69
2008,6,17,21,30,31.900000000000002,133,792,819,379,386,691,30.07
2008,6,17,22,30,30.6,122,603,751,122,355,434,32.81
2008,6,17,23,30,29,101,382,638,532,51,286,37.25
2008,6,18,0,30,26.8,68,159,410,6,75,76,45.13
2008,6,18,1,30,24.5,0,0,0,0,0,0,56.58
2008,6,18,2,30,22.6,0,0,0,0,0,0,66.63
2008,6,18,3,30,21.3,0,0,0,0,0,0,74.98
2008,6,18,4,30,20.6,0,0,0,0,0,0,80.78
2008,6,18,5,30,20.1,0,0,0,0,0,0,84.66
2008,6,18,6,30,19.900000000000002,0,0,0,0,0,0,86.33
2008,6,18,7,30,19.8,0,0,0,0,0,0,87.11
2008,6,18,8,30,19.8,0,0,0,0,0,0,87.55
2008,6,18,9,30,19.8,0,0,0,0,0,0,88.16
2008,6,18,10,30,19.8,0,0,0,0,0,0,88.58
2008,6,18,11,30,19.8,0,0,0,0,0,0,88.99
2008,6,18,12,30,20.6,17,20,55,55,17,20,84.51
2008,6,18,13,30,22.900000000000002,82,200,439,439,82,200,71.46000000000001
2008,6,18,14,30,25.700000000000003,110,427,654,654,110,427,57.27
2008,6,18,15,30,27.900000000000002,123,642,766,766,123,642,46.96
2008,6,18,16,30,29.400000000000002,134,822,827,827,134,822,41.67
2008,6,18,17,30,30.5,141,948,857,857,141,948,38.06
2008,6,18,18,30,31.1,155,1006,857,857,155,1006,35.6
2008,6,18,19,30,31.400000000000002,157,998,852,852,157,998,34.07
2008,6,18,20,30,31.200000000000003,152,923,836,836,152,923,33.82
2008,6,18,21,30,30.5,150,783,787,787,150,783,34.74
2008,6,18,22,30,29.700000000000003,133,597,725,557,210,567,36.34
2008,6,18,23,30,28.400000000000002,106,381,623,103,218,263,39.63
2008,6,19,0,30,26.1,67,160,418,59,116,129,46.660000000000004
2008,6,19,1,30,23.6,0,0,0,0,0,0,56.800000000000004
2008,6,19,2,30,21.8,0,0,0,0,0,0,66.62
2008,6,19,3,30,20.700000000000003,0,0,0,0,0,0,74.77
2008,6,19,4,30,19.900000000000002,0,0,0,0,0,0,81.97
2008,6,19,5,30,19.5,0,0,0,0,0,0,86.27
2008,6,19,6,30,19.1,0,0,0,0,0,0,89.28
2008,6,19,7,30,18.7,0,0,0,0,0,0,91.88
2008,6,19,8,30,18.3,0,0,0,0,0,0,93.16
2008,6,19,9,30,18,0,0,0,0,0,0,94.10000000000001
2008,6,19,10,30,17.8,0,0,0,0,0,0,94.67
2008,6,19,11,30,18,0,0,0,0,0,0,92.71000000000001
2008,6,19,12,30,19.6,18,22,83,0,13,13,84.37
2008,6,19,13,30,23,75,204,482,482,75,204,68.79
2008,6,19,14,30,26.5,106,429,668,668,106,429,51.82
2008,6,19,15,30,29.1,128,641,758,758,128,641,41.79
2008,6,19,16,30,30.8,148,816,802,802,148,816,36.95
2008,6,19,17,30,31.900000000000002,162,938,826,826,162,938,33.77
2008,6,19,18,30,32.300000000000004,194,990,802,802,194,990,32.230000000000004
2008,6,19,19,30,32.1,201,981,790,295,538,829,32.07
2008,6,19,20,30,31.400000000000002,195,905,769,1,232,233,33.54
2008,6,19,21,30,30.400000000000002,171,772,746,4,237,241,36.32
2008,6,19,22,30,29.200000000000003,154,587,675,65,296,337,40.21
2008,6,19,23,30,27.6,122,372,563,6,132,135,45.97
2008,6,20,0,30,25.6,77,154,340,0,36,37,54.33
2008,6,20,1,30,23.6,0,0,0,0,0,0,64.85
2008,6,20,2,30,22.1,0,0,0,0,0,0,74.60000000000001
2008,6,20,3,30,21.1,0,0,0,0,0,0,81.43
2008,6,20,4,30,20.5,0,0,0,0,0,0,85.47
2008,6,20,5,30,20.1,0,0,0,0,0,0,87.78
2008,6,20,6,30,20,0,0,0,0,0,0,88.04
2008,6,20,7,30,19.900000000000002,0,0,0,0,0,0,87.83
2008,6,20,8,30,19.6,0,0,0,0,0,0,89.21000000000001
2008,6,20,9,30,19.400000000000002,0,0,0,0,0,0,89.42
2008,6,20,10,30,19.3,0,0,0,0,0,0,88.78
2008,6,20,11,30,19.3,0,0,0,0,0,0,87.74
2008,6,20,12,30,20.8,18,21,71,0,13,13,79.84
2008,6,20,13,30,23.900000000000002,76,206,486,486,76,206,65.21000000000001
2008,6,20,14,30,27,104,436,686,686,104,436,51
2008,6,20,15,30,29.5,122,654,786,786,122,654,40.660000000000004
2008,6,20,16,30,31.400000000000002,134,834,842,842,134,834,34.45
2008,6,20,17,30,33,143,959,868,868,143,959,29.810000000000002
2008,6,20,18,30,34,193,1003,816,816,193,1003,26.71
2008,6,20,19,30,34.6,195,995,811,811,195,995,24.64
2008,6,20,20,30,34.6,191,918,787,787,191,918,24
2008,6,20,21,30,34,185,778,736,736,185,778,24.67
2008,6,20,22,30,32.7,169,588,652,391,273,523,27.29
2008,6,20,23,30,30.3,144,367,504,68,228,259,33.28
2008,6,21,0,30,27.200000000000003,90,149,262,4,72,73,43.61
2008,6,21,1,30,24.400000000000002,0,0,0,0,0,0,57.02
2008,6,21,2,30,22.6,0,0,0,0,0,0,68.69
2008,6,21,3,30,21.400000000000002,0,0,0,0,0,0,77.34
2008,6,21,4,30,20.8,0,0,0,0,0,0,81.86
2008,6,21,5,30,20.5,0,0,0,0,0,0,83.67
2008,6,21,6,30,20.200000000000003,0,0,0,0,0,0,84.34
2008,6,21,7,30,19.900000000000002,0,0,0,0,0,0,85.88
2008,6,21,8,30,19.5,0,0,0,0,0,0,87.83
2008,6,21,9,30,19.3,0,0,0,0,0,0,88.71000000000001
2008,6,21,10,30,19.1,0,0,0,0,0,0,89.39
2008,6,21,11,30,19.200000000000003,0,0,0,0,0,0,87.81
2008,6,21,12,30,20.3,13,13,11,0,8,8,82.09
2008,6,21,13,30,22.8,113,182,260,16,120,124,68.33
2008,6,21,14,30,25.700000000000003,171,400,474,66,240,272,54.56
2008,6,21,15,30,28,206,609,597,354,314,553,45.32
2008,6,21,16,30,29.6,226,786,673,482,331,732,39.34
2008,6,21,17,30,30.900000000000002,243,911,712,511,370,851,35.36
2008,6,21,18,30,31.700000000000003,287,963,681,463,418,878,33.02
2008,6,21,19,30,31.900000000000002,290,956,675,675,290,956,31.91
2008,6,21,20,30,31.900000000000002,276,883,657,657,276,883,31.46
2008,6,21,21,30,31.5,191,770,719,546,282,722,32.25
2008,6,21,22,30,30.3,180,580,624,3,179,182,35.17
2008,6,21,23,30,28.3,152,362,471,0,69,69,41
2008,6,22,0,30,26.1,95,145,224,7,100,101,49.34
2008,6,22,1,30,24.200000000000003,0,0,0,0,0,0,58.69
2008,6,22,2,30,22.8,0,0,0,0,0,0,67.35
2008,6,22,3,30,22,0,0,0,0,0,0,73.24
2008,6,22,4,30,21.6,0,0,0,0,0,0,76.19
2008,6,22,5,30,21.3,0,0,0,0,0,0,78.04
2008,6,22,6,30,21,0,0,0,0,0,0,79.57000000000001
2008,6,22,7,30,20.8,0,0,0,0,0,0,80.81
2008,6,22,8,30,20.5,0,0,0,0,0,0,82.37
2008,6,22,9,30,20.3,0,0,0,0,0,0,83.36
2008,6,22,10,30,20,0,0,0,0,0,0,85.28
2008,6,22,11,30,19.700000000000003,0,0,0,0,0,0,87.28
2008,6,22,12,30,20.5,12,13,15,0,11,11,83.29
2008,6,22,13,30,22.400000000000002,109,182,274,10,104,106,72.76
2008,6,22,14,30,24.5,165,400,487,234,239,352,62.300000000000004
2008,6,22,15,30,26.6,196,611,614,271,336,519,54.07
2008,6,22,16,30,28.3,213,789,693,357,375,672,47.79
2008,6,22,17,30,29.1,226,912,730,528,352,848,44.410000000000004
2008,6,22,18,30,29.1,215,979,770,572,289,857,44.31
2008,6,22,19,30,28.6,222,969,757,533,348,875,46.4
2008,6,22,20,30,27.6,220,893,729,334,432,740,49.95
2008,6,22,21,30,26.400000000000002,193,762,705,250,360,562,54.68
2008,6,22,22,30,25,180,575,614,300,293,485,60.81
2008,6,22,23,30,23.6,149,361,476,226,227,328,67.43
2008,6,23,0,30,22.3,92,146,239,136,96,126,74.52
2008,6,23,1,30,21.3,0,0,0,0,0,0,81.69
2008,6,23,2,30,20.700000000000003,0,0,0,0,0,0,86.39
2008,6,23,3,30,20.3,0,0,0,0,0,0,89.10000000000001
2008,6,23,4,30,20,0,0,0,0,0,0,90.68
2008,6,23,5,30,19.8,0,0,0,0,0,0,91.64
2008,6,23,6,30,19.6,0,0,0,0,0,0,92.54
2008,6,23,7,30,19.400000000000002,0,0,0,0,0,0,93.39
2008,6,23,8,30,19.200000000000003,0,0,0,0,0,0,94.4
2008,6,23,9,30,19.1,0,0,0,0,0,0,95.17
2008,6,23,10,30,19,0,0,0,0,0,0,96.10000000000001
2008,6,23,11,30,18.8,0,0,0,0,0,0,96.4
2008,6,23,12,30,19.1,17,21,89,0,5,5,92.56
2008,6,23,13,30,20.3,67,203,515,0,11,11,84.06
2008,6,23,14,30,22.3,92,430,703,0,108,108,70.99
2008,6,23,15,30,24.6,108,645,796,796,108,645,56.63
2008,6,23,16,30,26.3,121,824,846,846,121,824,48.33
2008,6,23,17,30,27.400000000000002,130,948,872,872,130,948,44.160000000000004
2008,6,23,18,30,27.900000000000002,164,1000,842,842,164,1000,42.31
2008,6,23,19,30,27.900000000000002,170,990,831,831,170,990,42.45
2008,6,23,20,30,27.6,167,916,810,810,167,916,43.79
2008,6,23,21,30,27.200000000000003,139,786,802,802,139,786,45.5
2008,6,23,22,30,26.5,128,598,729,165,308,414,48.25
2008,6,23,23,30,25.5,108,380,610,30,185,199,52.07
2008,6,24,0,30,23.900000000000002,72,159,388,11,98,101,59.02
2008,6,24,1,30,22.3,0,0,0,0,0,0,71.37
2008,6,24,2,30,21.5,0,0,0,0,0,0,77.07000000000001
2008,6,24,3,30,21.1,0,0,0,0,0,0,79.54
2008,6,24,4,30,20.900000000000002,0,0,0,0,0,0,81.11
2008,6,24,5,30,20.6,0,0,0,0,0,0,82.4
2008,6,24,6,30,20.3,0,0,0,0,0,0,82.76
2008,6,24,7,30,20,0,0,0,0,0,0,84.63
2008,6,24,8,30,19.700000000000003,0,0,0,0,0,0,86.69
2008,6,24,9,30,19.400000000000002,0,0,0,0,0,0,88.88
2008,6,24,10,30,19.200000000000003,0,0,0,0,0,0,90.44
2008,6,24,11,30,19.1,0,0,0,0,0,0,89.87
2008,6,24,12,30,19.8,16,18,53,53,16,18,84.33
2008,6,24,13,30,21.700000000000003,76,198,461,461,76,198,72.4
2008,6,24,14,30,24,104,424,666,666,104,424,56.88
2008,6,24,15,30,26.400000000000002,125,639,763,763,125,639,46.31
2008,6,24,16,30,28.3,146,815,806,806,146,815,40.76
2008,6,24,17,30,29.6,165,935,821,821,165,935,38.01
2008,6,24,18,30,30.3,128,1011,890,890,128,1011,36.71
2008,6,24,19,30,30.400000000000002,130,1005,886,886,130,1005,36.480000000000004
2008,6,24,20,30,30.1,127,929,867,867,127,929,37.29
2008,6,24,21,30,29.3,145,783,790,575,243,708,39.59
2008,6,24,22,30,28.200000000000003,137,595,710,159,312,414,43.22
2008,6,24,23,30,26.6,119,376,574,1,77,77,49.63
2008,6,25,0,30,24.6,81,155,327,1,47,47,61.99
2008,6,25,1,30,22.8,0,0,0,0,0,0,74.3
2008,6,25,2,30,21.700000000000003,0,0,0,0,0,0,79.38
2008,6,25,3,30,20.8,0,0,0,0,0,0,82.8
2008,6,25,4,30,20.3,0,0,0,0,0,0,84.85000000000001
2008,6,25,5,30,20.1,0,0,0,0,0,0,84.43
2008,6,25,6,30,19.8,0,0,0,0,0,0,81.13
2008,6,25,7,30,19.5,0,0,0,0,0,0,81.67
2008,6,25,8,30,19.200000000000003,0,0,0,0,0,0,83.51
2008,6,25,9,30,18.8,0,0,0,0,0,0,83.60000000000001
2008,6,25,10,30,18.400000000000002,0,0,0,0,0,0,87.82000000000001
2008,6,25,11,30,18.2,0,0,0,0,0,0,89.94
2008,6,25,12,30,18.7,14,16,26,0,7,7,86.73
2008,6,25,13,30,20.1,92,187,362,8,96,98,80.81
2008,6,25,14,30,22.1,131,408,577,283,218,354,71.94
2008,6,25,15,30,24,150,622,702,439,265,561,62.77
2008,6,25,16,30,25.700000000000003,161,802,773,773,161,802,55.06
2008,6,25,17,30,27.200000000000003,170,930,809,809,170,930,48.72
2008,6,25,18,30,28.200000000000003,144,1004,866,866,144,1004,44.61
2008,6,25,19,30,28.8,146,998,863,863,146,998,41.93
2008,6,25,20,30,28.900000000000002,143,925,846,846,143,925,40.89
2008,6,25,21,30,28.700000000000003,139,788,804,804,139,788,41
2008,6,25,22,30,28.1,126,603,739,322,277,484,42.35
2008,6,25,23,30,27,105,385,625,67,217,247,45.49
2008,6,26,0,30,25,72,162,395,82,103,122,56.2
2008,6,26,1,30,23.200000000000003,0,0,0,0,0,0,68.33
2008,6,26,2,30,22.200000000000003,0,0,0,0,0,0,73.34
2008,6,26,3,30,21.700000000000003,0,0,0,0,0,0,76.32000000000001
2008,6,26,4,30,21.400000000000002,0,0,0,0,0,0,79.95
2008,6,26,5,30,21.200000000000003,0,0,0,0,0,0,80.60000000000001
2008,6,26,6,30,20.900000000000002,0,0,0,0,0,0,80.16
2008,6,26,7,30,20.400000000000002,0,0,0,0,0,0,83.3
2008,6,26,8,30,19.8,0,0,0,0,0,0,85.98
2008,6,26,9,30,19.200000000000003,0,0,0,0,0,0,88.72
2008,6,26,10,30,18.7,0,0,0,0,0,0,90.65
2008,6,26,11,30,18.400000000000002,0,0,0,0,0,0,91.71000000000001
2008,6,26,12,30,19.5,15,16,31,0,11,11,85.46000000000001
2008,6,26,13,30,21.900000000000002,87,191,397,77,144,164,73.86
2008,6,26,14,30,24.900000000000002,122,415,611,340,200,363,58.730000000000004
2008,6,26,15,30,27.6,143,631,725,512,236,580,47.19
2008,6,26,16,30,29.8,154,812,793,425,330,682,40.18
2008,6,26,17,30,31.3,162,938,827,827,162,938,35.88
2008,6,26,18,30,32.2,237,975,744,482,388,867,33.37
2008,6,26,19,30,32.300000000000004,243,966,732,732,243,966,32.910000000000004
2008,6,26,20,30,31.6,244,888,696,696,244,888,34.43
2008,6,26,21,30,30.200000000000003,198,764,701,470,287,667,38.19
2008,6,26,22,30,28.1,190,574,595,247,319,479,45.46
2008,6,26,23,30,25.900000000000002,161,358,439,224,223,324,55.76
2008,6,27,0,30,23.900000000000002,100,144,193,95,102,124,67.19
2008,6,27,1,30,22.5,0,0,0,0,0,0,76.72
2008,6,27,2,30,21.6,0,0,0,0,0,0,83.83
2008,6,27,3,30,21.200000000000003,0,0,0,0,0,0,87.38
2008,6,27,4,30,20.900000000000002,0,0,0,0,0,0,89.36
2008,6,27,5,30,20.6,0,0,0,0,0,0,90.44
2008,6,27,6,30,20.3,0,0,0,0,0,0,91.23
2008,6,27,7,30,19.900000000000002,0,0,0,0,0,0,91.96000000000001
2008,6,27,8,30,19.6,0,0,0,0,0,0,91.99
2008,6,27,9,30,19.400000000000002,0,0,0,0,0,0,91.47
2008,6,27,10,30,19.1,0,0,0,0,0,0,91.68
2008,6,27,11,30,19,0,0,0,0,0,0,91.15
2008,6,27,12,30,19.3,16,19,74,0,4,4,88.35000000000001
2008,6,27,13,30,20.1,68,196,489,4,106,107,80.51
2008,6,27,14,30,20.8,102,416,658,658,102,416,74.42
2008,6,27,15,30,21.3,130,625,737,737,130,625,72.04
2008,6,27,16,30,22.1,133,810,817,817,133,810,68.46000000000001
2008,6,27,17,30,23.5,131,943,866,866,131,943,62.77
2008,6,27,18,30,25.200000000000003,144,1005,868,868,144,1005,56.74
2008,6,27,19,30,26.6,142,1002,871,871,142,1002,51.97
2008,6,27,20,30,27.5,136,931,859,532,312,804,49.160000000000004
2008,6,27,21,30,27.8,140,791,805,13,294,305,48.13
2008,6,27,22,30,27.5,124,606,745,0,64,64,48.46
2008,6,27,23,30,26.5,104,387,631,236,198,304,51.21
2008,6,28,0,30,24.400000000000002,70,164,410,33,120,127,59.28
2008,6,28,1,30,22.1,0,0,0,0,0,0,72.5
2008,6,28,2,30,20.700000000000003,0,0,0,0,0,0,81.27
2008,6,28,3,30,19.8,0,0,0,0,0,0,88.48
2008,6,28,4,30,19.400000000000002,0,0,0,0,0,0,92.76
2008,6,28,5,30,19.3,0,0,0,0,0,0,94.76
2008,6,28,6,30,19.3,0,0,0,0,0,0,95.41
2008,6,28,7,30,19.200000000000003,0,0,0,0,0,0,96.35000000000001
2008,6,28,8,30,19.200000000000003,0,0,0,0,0,0,96.34
2008,6,28,9,30,19.1,0,0,0,0,0,0,97.09
2008,6,28,10,30,19.1,0,0,0,0,0,0,97.13
2008,6,28,11,30,19.200000000000003,0,0,0,0,0,0,96.47
2008,6,28,12,30,19.900000000000002,14,15,28,0,7,7,92.85000000000001
2008,6,28,13,30,21.6,87,187,386,139,135,171,84.95
2008,6,28,14,30,23.900000000000002,121,410,607,322,209,363,73.65
2008,6,28,15,30,26.200000000000003,140,626,725,725,140,626,61.84
2008,6,28,16,30,28.1,153,807,790,790,153,807,53.34
2008,6,28,17,30,29.5,159,935,828,828,159,935,46.99
2008,6,28,18,30,30.5,218,979,768,768,218,979,42.08
2008,6,28,19,30,31,226,972,755,755,226,972,39.09
2008,6,28,20,30,31.200000000000003,222,899,731,731,222,899,37.300000000000004
2008,6,28,21,30,30.900000000000002,145,788,795,795,145,788,37.27
2008,6,28,22,30,30.3,129,603,734,486,221,535,38.52
2008,6,28,23,30,29,104,387,630,3,112,113,42.06
2008,6,29,0,30,26.8,69,165,420,7,76,78,50.71
2008,6,29,1,30,24.6,0,0,0,0,0,0,64.33
2008,6,29,2,30,23.3,0,0,0,0,0,0,72.35000000000001
2008,6,29,3,30,22.5,0,0,0,0,0,0,77.96000000000001
2008,6,29,4,30,21.900000000000002,0,0,0,0,0,0,82
2008,6,29,5,30,21.3,0,0,0,0,0,0,85.8
2008,6,29,6,30,20.8,0,0,0,0,0,0,88.65
2008,6,29,7,30,20.400000000000002,0,0,0,0,0,0,90.49
2008,6,29,8,30,20.1,0,0,0,0,0,0,91.22
2008,6,29,9,30,19.900000000000002,0,0,0,0,0,0,91.37
2008,6,29,10,30,19.6,0,0,0,0,0,0,91.95
2008,6,29,11,30,19.3,0,0,0,0,0,0,92.47
2008,6,29,12,30,20.5,15,17,61,0,2,2,85.39
2008,6,29,13,30,22.8,75,194,461,0,4,4,73.85000000000001
2008,6,29,14,30,25,105,420,660,0,14,14,65.45
2008,6,29,15,30,26.6,122,636,766,1,127,127,58.84
2008,6,29,16,30,27.8,137,816,820,111,392,484,53.07
2008,6,29,17,30,28.8,153,938,837,207,430,624,47.95
2008,6,29,18,30,29.3,185,993,815,542,346,883,45
2008,6,29,19,30,29.200000000000003,198,982,793,574,324,891,44.25
2008,6,29,20,30,28.5,194,908,770,770,194,908,46.29
2008,6,29,21,30,27.5,121,796,833,555,244,693,50.31
2008,6,29,22,30,26.400000000000002,110,609,771,387,240,491,55.39
2008,6,29,23,30,24.900000000000002,92,390,663,412,167,352,63.29
2008,6,30,0,30,23.1,65,166,438,35,120,128,74.81
2008,6,30,1,30,21.8,0,0,0,0,0,0,85.8
2008,6,30,2,30,21.200000000000003,0,0,0,0,0,0,90.69
2008,6,30,3,30,20.8,0,0,0,0,0,0,93.04
2008,6,30,4,30,20.6,0,0,0,0,0,0,94.04
2008,6,30,5,30,20.400000000000002,0,0,0,0,0,0,94.94
2008,6,30,6,30,20.1,0,0,0,0,0,0,96.23
2008,6,30,7,30,19.8,0,0,0,0,0,0,97.04
2008,6,30,8,30,19.5,0,0,0,0,0,0,97.37
2008,6,30,9,30,19.400000000000002,0,0,0,0,0,0,97.06
2008,6,30,10,30,19.3,0,0,0,0,0,0,96.81
2008,6,30,11,30,19.1,0,0,0,0,0,0,96.68
2008,6,30,12,30,19.3,15,17,65,0,7,7,94.41
2008,6,30,13,30,20.200000000000003,67,194,493,69,118,135,88.62
2008,6,30,14,30,21.6,93,419,686,310,193,340,79.24
2008,6,30,15,30,23.5,113,632,775,506,227,565,65.58
2008,6,30,16,30,25.200000000000003,131,807,817,570,257,728,55.33
2008,6,30,17,30,26.400000000000002,148,931,835,585,286,834,50.27
2008,6,30,18,30,27,172,986,821,528,328,852,48.28
2008,6,30,19,30,26.900000000000002,174,981,817,310,516,822,48.99
2008,6,30,20,30,26.200000000000003,164,910,805,580,291,828,52.06
2008,6,30,21,30,25.3,136,782,797,561,251,706,56.96
2008,6,30,22,30,24.200000000000003,119,601,744,217,339,479,63.53
2008,6,30,23,30,23.1,96,386,644,496,150,373,70.87
2008,7,1,0,30,22,65,165,434,107,116,140,79.63
2008,7,1,1,30,21.200000000000003,0,0,0,0,0,0,89.29
2008,7,1,2,30,20.8,0,0,0,0,0,0,93.93
2008,7,1,3,30,20.6,0,0,0,0,0,0,95.71000000000001
2008,7,1,4,30,20.3,0,0,0,0,0,0,97.01
2008,7,1,5,30,19.900000000000002,0,0,0,0,0,0,97.91
2008,7,1,6,30,19.400000000000002,0,0,0,0,0,0,98.60000000000001
2008,7,1,7,30,19,0,0,0,0,0,0,98.43
2008,7,1,8,30,18.7,0,0,0,0,0,0,97.99000000000001
2008,7,1,9,30,18.400000000000002,0,0,0,0,0,0,97.95
2008,7,1,10,30,18.1,0,0,0,0,0,0,98.28
2008,7,1,11,30,18.1,0,0,0,0,0,0,96.82000000000001
2008,7,1,12,30,18.900000000000002,14,17,92,0,5,5,91.66
2008,7,1,13,30,20.400000000000002,60,197,530,36,111,120,84.01
2008,7,1,14,30,22.5,81,423,721,160,209,285,71.94
2008,7,1,15,30,24.6,91,639,820,93,272,335,60.25
2008,7,1,16,30,26.200000000000003,98,819,873,7,243,249,53.96
2008,7,1,17,30,27.1,103,945,900,65,399,460,51.01
2008,7,1,18,30,27.400000000000002,110,1008,905,211,435,644,50.07
2008,7,1,19,30,26.900000000000002,108,1004,906,50,440,490,51.35
2008,7,1,20,30,26.200000000000003,103,932,895,26,356,380,53.71
2008,7,1,21,30,25.400000000000002,98,799,864,20,305,321,57.11
2008,7,1,22,30,24.5,89,615,811,145,292,386,60.82
2008,7,1,23,30,23.400000000000002,75,398,715,91,238,280,65.39
2008,7,2,0,30,22.1,53,172,514,58,112,125,71.45
2008,7,2,1,30,20.900000000000002,0,0,0,0,0,0,79.36
2008,7,2,2,30,20.200000000000003,0,0,0,0,0,0,85.22
2008,7,2,3,30,19.8,0,0,0,0,0,0,88.12
2008,7,2,4,30,19.400000000000002,0,0,0,0,0,0,90.27
2008,7,2,5,30,19,0,0,0,0,0,0,91.75
2008,7,2,6,30,18.7,0,0,0,0,0,0,92.43
2008,7,2,7,30,18.400000000000002,0,0,0,0,0,0,93.04
2008,7,2,8,30,18.1,0,0,0,0,0,0,94.14
2008,7,2,9,30,17.900000000000002,0,0,0,0,0,0,95
2008,7,2,10,30,17.8,0,0,0,0,0,0,95.63
2008,7,2,11,30,17.900000000000002,0,0,0,0,0,0,95.49
2008,7,2,12,30,18.900000000000002,13,19,187,0,6,6,90.66
2008,7,2,13,30,20.900000000000002,43,206,637,14,119,123,81.04
2008,7,2,14,30,22.700000000000003,56,434,798,798,56,434,69.31
2008,7,2,15,30,24.200000000000003,65,649,874,874,65,649,60.47
2008,7,2,16,30,25.5,72,828,915,298,401,648,54.36
2008,7,2,17,30,26.6,77,956,939,0,73,73,49.85
2008,7,2,18,30,27.3,91,1018,935,0,98,98,47.21
2008,7,2,19,30,27.6,90,1015,935,1,315,316,46.25
2008,7,2,20,30,27.400000000000002,87,943,923,95,447,536,46.47
2008,7,2,21,30,26.700000000000003,82,810,897,209,422,592,47.84
2008,7,2,22,30,25.700000000000003,75,625,847,261,318,487,50.5
2008,7,2,23,30,24.3,64,407,760,392,186,363,55.11
2008,7,3,0,30,22.400000000000002,46,179,575,180,105,147,62.89
2008,7,3,1,30,20.8,0,0,0,0,0,0,76.17
2008,7,3,2,30,20,0,0,0,0,0,0,83.35000000000001
2008,7,3,3,30,19.3,0,0,0,0,0,0,87.08
2008,7,3,4,30,18.7,0,0,0,0,0,0,89.78
2008,7,3,5,30,18.3,0,0,0,0,0,0,91.36
2008,7,3,6,30,17.900000000000002,0,0,0,0,0,0,93.27
2008,7,3,7,30,17.5,0,0,0,0,0,0,94.86
2008,7,3,8,30,17.2,0,0,0,0,0,0,95.89
2008,7,3,9,30,17,0,0,0,0,0,0,96.10000000000001
2008,7,3,10,30,16.8,0,0,0,0,0,0,96.59
2008,7,3,11,30,16.8,0,0,0,0,0,0,95.91
2008,7,3,12,30,17.5,13,18,144,0,3,3,92.16
2008,7,3,13,30,19,49,203,604,0,7,7,85.49
2008,7,3,14,30,21.200000000000003,65,432,776,0,30,30,74.97
2008,7,3,15,30,23.8,74,649,861,0,193,193,62.7
2008,7,3,16,30,25.900000000000002,80,830,907,5,342,346,54.120000000000005
2008,7,3,17,30,27.5,84,957,932,343,376,697,48.34
2008,7,3,18,30,28.400000000000002,97,1019,929,502,328,826,45.21
2008,7,3,19,30,28.6,98,1013,925,250,513,760,44.29
2008,7,3,20,30,28.200000000000003,96,940,910,561,274,794,45.2
2008,7,3,21,30,27.400000000000002,102,802,862,47,337,375,47.800000000000004
2008,7,3,22,30,26.200000000000003,95,615,802,341,242,463,51.910000000000004
2008,7,3,23,30,24.700000000000003,81,397,699,699,81,397,57.42
2008,7,4,0,30,23,58,171,487,7,105,106,64.7
2008,7,4,1,30,21.5,0,0,0,0,0,0,73.3
2008,7,4,2,30,20.400000000000002,0,0,0,0,0,0,80.9
2008,7,4,3,30,19.700000000000003,0,0,0,0,0,0,86.51
2008,7,4,4,30,19.200000000000003,0,0,0,0,0,0,90.48
2008,7,4,5,30,18.900000000000002,0,0,0,0,0,0,92.59
2008,7,4,6,30,18.7,0,0,0,0,0,0,93.86
2008,7,4,7,30,18.5,0,0,0,0,0,0,94.55
2008,7,4,8,30,18.3,0,0,0,0,0,0,94.76
2008,7,4,9,30,18.1,0,0,0,0,0,0,95.25
2008,7,4,10,30,17.900000000000002,0,0,0,0,0,0,95.37
2008,7,4,11,30,17.900000000000002,0,0,0,0,0,0,93.63
2008,7,4,12,30,18.900000000000002,13,16,78,0,6,6,87.45
2008,7,4,13,30,21.3,64,194,511,2,100,100,74.63
2008,7,4,14,30,24.5,90,421,700,0,38,38,56.910000000000004
2008,7,4,15,30,27.200000000000003,108,635,791,0,121,121,45.11
2008,7,4,16,30,28.8,119,816,845,65,401,455,40.89
2008,7,4,17,30,29.700000000000003,125,944,875,92,463,550,39.21
2008,7,4,18,30,30,140,1005,872,597,297,890,39.050000000000004
2008,7,4,19,30,29.700000000000003,141,1000,868,576,291,862,40.29
2008,7,4,20,30,28.900000000000002,137,927,852,509,307,779,43.28
2008,7,4,21,30,27.700000000000003,128,792,817,377,307,613,47.96
2008,7,4,22,30,26.3,119,605,748,236,295,448,53.96
2008,7,4,23,30,24.6,102,387,631,286,198,327,61.76
2008,7,5,0,30,22.8,70,164,402,92,117,138,71.48
2008,7,5,1,30,21.200000000000003,0,0,0,0,0,0,82.37
2008,7,5,2,30,20.3,0,0,0,0,0,0,89.18
2008,7,5,3,30,19.700000000000003,0,0,0,0,0,0,93.82000000000001
2008,7,5,4,30,19.5,0,0,0,0,0,0,95.47
2008,7,5,5,30,19.400000000000002,0,0,0,0,0,0,96.35000000000001
2008,7,5,6,30,19.200000000000003,0,0,0,0,0,0,97.44
2008,7,5,7,30,19,0,0,0,0,0,0,97.68
2008,7,5,8,30,18.7,0,0,0,0,0,0,98.65
2008,7,5,9,30,18.5,0,0,0,0,0,0,97.94
2008,7,5,10,30,18.3,0,0,0,0,0,0,97.64
2008,7,5,11,30,18.3,0,0,0,0,0,0,96.7
2008,7,5,12,30,18.900000000000002,13,15,73,0,8,8,92.8
2008,7,5,13,30,20.1,63,191,504,144,121,158,86.31
2008,7,5,14,30,21.5,88,416,697,175,243,326,77.37
2008,7,5,15,30,22.900000000000002,100,633,799,535,212,568,68.60000000000001
2008,7,5,16,30,24.1,106,814,859,412,290,630,63.58
2008,7,5,17,30,25.3,111,943,889,523,303,793,58.97
2008,7,5,18,30,26.400000000000002,118,1005,894,540,313,848,55.06
2008,7,5,19,30,26.8,123,1001,888,586,284,864,53.19
2008,7,5,20,30,26.3,121,928,870,273,481,734,54.54
2008,7,5,21,30,25.5,148,782,780,212,366,538,58.370000000000005
2008,7,5,22,30,24.700000000000003,138,595,703,283,287,471,63.27
2008,7,5,23,30,23.700000000000003,115,380,588,110,217,266,69.71000000000001
2008,7,6,0,30,22.5,74,162,381,26,110,116,79.74
2008,7,6,1,30,21.5,0,0,0,0,0,0,90.42
2008,7,6,2,30,21.1,0,0,0,0,0,0,93.13
2008,7,6,3,30,20.8,0,0,0,0,0,0,94.16
2008,7,6,4,30,20.5,0,0,0,0,0,0,92.86
2008,7,6,5,30,20.1,0,0,0,0,0,0,93.79
2008,7,6,6,30,19.700000000000003,0,0,0,0,0,0,95.62
2008,7,6,7,30,19.3,0,0,0,0,0,0,97.33
2008,7,6,8,30,19,0,0,0,0,0,0,98.25
2008,7,6,9,30,18.8,0,0,0,0,0,0,98.82000000000001
2008,7,6,10,30,18.7,0,0,0,0,0,0,99.2
2008,7,6,11,30,18.7,0,0,0,0,0,0,98.7
2008,7,6,12,30,19.5,12,14,49,0,6,6,94.64
2008,7,6,13,30,20.900000000000002,69,186,462,0,34,34,90.11
2008,7,6,14,30,22.5,96,411,668,65,211,242,82.78
2008,7,6,15,30,24.200000000000003,110,626,775,240,319,479,72.87
2008,7,6,16,30,25.700000000000003,119,807,835,375,302,611,64.88
2008,7,6,17,30,26.200000000000003,125,935,865,288,434,703,62.03
2008,7,6,18,30,25.8,153,992,845,417,363,777,63.5
2008,7,6,19,30,25,160,985,834,411,373,780,67.71000000000001
2008,7,6,20,30,24.1,156,914,816,418,351,739,73.7
2008,7,6,21,30,23.3,157,777,763,151,347,469,79.42
2008,7,6,22,30,22.700000000000003,139,594,699,349,267,493,83.89
2008,7,6,23,30,22.1,113,379,588,84,214,252,88.32000000000001
2008,7,7,0,30,21.5,71,162,392,0,9,9,92.96000000000001
2008,7,7,1,30,21.200000000000003,0,0,0,0,0,0,95.53
2008,7,7,2,30,21,0,0,0,0,0,0,96.84
2008,7,7,3,30,20.8,0,0,0,0,0,0,97.88
2008,7,7,4,30,20.6,0,0,0,0,0,0,98.08
2008,7,7,5,30,20.400000000000002,0,0,0,0,0,0,97.97
2008,7,7,6,30,20.1,0,0,0,0,0,0,98.63
2008,7,7,7,30,19.900000000000002,0,0,0,0,0,0,98.16
2008,7,7,8,30,19.700000000000003,0,0,0,0,0,0,98.29
2008,7,7,9,30,19.700000000000003,0,0,0,0,0,0,97.8
2008,7,7,10,30,19.6,0,0,0,0,0,0,97.79
2008,7,7,11,30,19.6,0,0,0,0,0,0,96.97
2008,7,7,12,30,19.6,11,16,154,0,4,4,95.94
2008,7,7,13,30,20,46,198,605,0,10,10,93.35000000000001
2008,7,7,14,30,21,64,425,770,0,43,43,87.15
2008,7,7,15,30,22.700000000000003,75,640,850,10,203,210,77.43
2008,7,7,16,30,24.400000000000002,83,821,895,40,330,364,68.58
2008,7,7,17,30,25.6,88,949,919,81,405,481,62.29
2008,7,7,18,30,26.400000000000002,92,1014,929,71,451,521,58.45
2008,7,7,19,30,26.700000000000003,93,1011,928,140,430,569,57.14
2008,7,7,20,30,26.400000000000002,92,940,913,44,380,421,58.26
2008,7,7,21,30,25.700000000000003,89,805,880,103,365,449,60.910000000000004
2008,7,7,22,30,24.400000000000002,84,619,824,2,157,158,66.34
2008,7,7,23,30,22.900000000000002,72,401,727,1,87,87,74.08
2008,7,8,0,30,21.400000000000002,52,174,523,2,54,54,84.42
2008,7,8,1,30,20.400000000000002,0,0,0,0,0,0,92.01
2008,7,8,2,30,20,0,0,0,0,0,0,94.87
2008,7,8,3,30,19.8,0,0,0,0,0,0,95.83
2008,7,8,4,30,19.5,0,0,0,0,0,0,96.67
2008,7,8,5,30,19.200000000000003,0,0,0,0,0,0,96.62
2008,7,8,6,30,18.900000000000002,0,0,0,0,0,0,96.48
2008,7,8,7,30,18.6,0,0,0,0,0,0,96.26
2008,7,8,8,30,18.3,0,0,0,0,0,0,95.92
2008,7,8,9,30,18.1,0,0,0,0,0,0,95.41
2008,7,8,10,30,17.8,0,0,0,0,0,0,96.04
2008,7,8,11,30,17.7,0,0,0,0,0,0,95.28
2008,7,8,12,30,17.7,12,15,121,0,4,4,93.7
2008,7,8,13,30,17.900000000000002,50,194,577,2,49,50,91.82000000000001
2008,7,8,14,30,18.5,71,421,748,65,195,226,87.12
2008,7,8,15,30,19.400000000000002,87,637,829,121,325,406,81.8
2008,7,8,16,30,20.400000000000002,98,817,873,231,326,517,76.36
2008,7,8,17,30,21.3,106,945,897,119,476,588,71.81
2008,7,8,18,30,22,109,1010,908,146,450,594,68.76
2008,7,8,19,30,22.200000000000003,110,1008,907,35,438,473,68.1
2008,7,8,20,30,22,108,935,891,182,430,599,69.06
2008,7,8,21,30,21.5,105,801,855,28,324,347,71.59
2008,7,8,22,30,20.900000000000002,96,616,799,37,237,261,74.75
2008,7,8,23,30,19.900000000000002,79,399,706,123,206,262,79.98
2008,7,9,0,30,18.900000000000002,56,173,500,3,61,61,85.96000000000001
2008,7,9,1,30,18.2,0,0,0,0,0,0,91.38
2008,7,9,2,30,17.8,0,0,0,0,0,0,94.24
2008,7,9,3,30,17.7,0,0,0,0,0,0,94.82000000000001
2008,7,9,4,30,17.5,0,0,0,0,0,0,95.82000000000001
2008,7,9,5,30,17.400000000000002,0,0,0,0,0,0,96.2
2008,7,9,6,30,17.2,0,0,0,0,0,0,97.2
2008,7,9,7,30,16.900000000000002,0,0,0,0,0,0,98.33
2008,7,9,8,30,16.8,0,0,0,0,0,0,97.45
2008,7,9,9,30,16.7,0,0,0,0,0,0,97.01
2008,7,9,10,30,16.7,0,0,0,0,0,0,95.71000000000001
2008,7,9,11,30,16.7,0,0,0,0,0,0,94.64
2008,7,9,12,30,17.3,11,12,47,0,4,4,91.9
2008,7,9,13,30,18.900000000000002,71,183,453,2,59,60,84.19
2008,7,9,14,30,21,100,409,660,1,77,77,73.66
2008,7,9,15,30,23.400000000000002,114,627,774,0,90,90,61.39
2008,7,9,16,30,25.200000000000003,120,811,840,0,25,25,53.7
2008,7,9,17,30,26.6,121,943,879,0,38,38,49.45
2008,7,9,18,30,27.5,120,1011,898,111,465,575,47.2
2008,7,9,19,30,27.8,120,1007,896,18,457,475,46.85
2008,7,9,20,30,27.3,117,936,881,11,334,344,49.08
2008,7,9,21,30,26.200000000000003,116,800,841,25,303,323,53.54
2008,7,9,22,30,24.8,111,611,769,46,289,319,60.45
2008,7,9,23,30,23.200000000000003,97,392,650,14,160,166,68.94
2008,7,10,0,30,21.5,68,166,420,3,66,67,79.13
2008,7,10,1,30,20.3,0,0,0,0,0,0,87.84
2008,7,10,2,30,19.6,0,0,0,0,0,0,92.37
2008,7,10,3,30,19.200000000000003,0,0,0,0,0,0,94.56
2008,7,10,4,30,19.1,0,0,0,0,0,0,95.12
2008,7,10,5,30,18.900000000000002,0,0,0,0,0,0,96.2
2008,7,10,6,30,18.8,0,0,0,0,0,0,96.54
2008,7,10,7,30,18.6,0,0,0,0,0,0,97.24000000000001
2008,7,10,8,30,18.3,0,0,0,0,0,0,98.01
2008,7,10,9,30,18.3,0,0,0,0,0,0,97.29
2008,7,10,10,30,18.2,0,0,0,0,0,0,96.64
2008,7,10,11,30,18.1,0,0,0,0,0,0,96.36
2008,7,10,12,30,18.400000000000002,11,13,77,0,2,2,94.61
2008,7,10,13,30,19.1,57,188,530,0,62,62,92.31
2008,7,10,14,30,20,79,416,721,19,199,207,87.45
2008,7,10,15,30,21,92,633,815,316,273,483,82.08
2008,7,10,16,30,21.900000000000002,106,813,859,489,272,675,76.47
2008,7,10,17,30,22.6,121,940,875,423,423,818,72.04
2008,7,10,18,30,22.8,145,998,859,859,145,998,70.64
2008,7,10,19,30,22.8,153,993,848,848,153,993,70.97
2008,7,10,20,30,22.5,150,921,829,829,150,921,73.57000000000001
2008,7,10,21,30,22.1,158,782,767,551,271,720,76.76
2008,7,10,22,30,21.6,138,599,708,486,233,550,80.74
2008,7,10,23,30,21,111,384,604,205,212,305,85.69
2008,7,11,0,30,20.3,71,164,398,93,117,139,92.57000000000001
2008,7,11,1,30,19.700000000000003,0,0,0,0,0,0,96.97
2008,7,11,2,30,19.5,0,0,0,0,0,0,97.42
2008,7,11,3,30,19.400000000000002,0,0,0,0,0,0,97.58
2008,7,11,4,30,19.400000000000002,0,0,0,0,0,0,97.3
2008,7,11,5,30,19.3,0,0,0,0,0,0,97.66
2008,7,11,6,30,19.1,0,0,0,0,0,0,98.05
2008,7,11,7,30,18.900000000000002,0,0,0,0,0,0,98.38
2008,7,11,8,30,18.7,0,0,0,0,0,0,98.60000000000001
2008,7,11,9,30,18.400000000000002,0,0,0,0,0,0,99.02
2008,7,11,10,30,18,0,0,0,0,0,0,99.34
2008,7,11,11,30,17.7,0,0,0,0,0,0,98.63
2008,7,11,12,30,17.900000000000002,11,13,73,0,3,3,95.23
2008,7,11,13,30,19.1,56,189,540,0,12,12,88.34
2008,7,11,14,30,21.1,78,419,731,165,198,275,75.48
2008,7,11,15,30,23.3,93,637,820,1,235,236,61.42
2008,7,11,16,30,24.900000000000002,106,820,868,1,289,289,53.28
2008,7,11,17,30,25.900000000000002,116,949,891,397,367,738,49.42
2008,7,11,18,30,26.400000000000002,128,1014,893,236,453,687,48
2008,7,11,19,30,26.5,131,1009,886,292,427,715,47.92
2008,7,11,20,30,26,130,935,866,547,289,797,49.84
2008,7,11,21,30,25.3,125,800,829,513,239,657,52.74
2008,7,11,22,30,24.200000000000003,114,614,767,567,211,580,57.22
2008,7,11,23,30,23,94,395,665,462,150,359,62.54
2008,7,12,0,30,21.6,63,170,459,5,72,73,71.22
2008,7,12,1,30,20.5,0,0,0,0,0,0,82.94
2008,7,12,2,30,20,0,0,0,0,0,0,85.54
2008,7,12,3,30,19.6,0,0,0,0,0,0,85.53
2008,7,12,4,30,19,0,0,0,0,0,0,87.73
2008,7,12,5,30,18.5,0,0,0,0,0,0,89.56
2008,7,12,6,30,18.1,0,0,0,0,0,0,91.16
2008,7,12,7,30,17.7,0,0,0,0,0,0,92.41
2008,7,12,8,30,17.2,0,0,0,0,0,0,94.19
2008,7,12,9,30,16.8,0,0,0,0,0,0,95.25
2008,7,12,10,30,16.3,0,0,0,0,0,0,96.7
2008,7,12,11,30,16.2,0,0,0,0,0,0,95.47
2008,7,12,12,30,17.400000000000002,10,11,50,0,4,4,88.69
2008,7,12,13,30,19.900000000000002,67,182,468,2,92,92,76.73
2008,7,12,14,30,22.400000000000002,100,407,661,661,100,407,64.08
2008,7,12,15,30,24.5,119,624,763,763,119,624,55.7
2008,7,12,16,30,26.200000000000003,132,807,821,821,132,807,51.25
2008,7,12,17,30,27.3,141,936,851,264,499,746,49.02
2008,7,12,18,30,27.900000000000002,134,1007,879,879,134,1007,47.95
2008,7,12,19,30,27.900000000000002,138,1003,873,384,479,860,48.29
2008,7,12,20,30,27.5,136,932,856,856,136,932,49.54
2008,7,12,21,30,26.8,125,798,827,0,100,100,52.03
2008,7,12,22,30,25.900000000000002,115,612,764,2,164,165,55.58
2008,7,12,23,30,24.6,98,392,649,4,118,120,61.68
2008,7,13,0,30,22.900000000000002,69,166,418,6,78,79,73.55
2008,7,13,1,30,21.400000000000002,0,0,0,0,0,0,86.94
2008,7,13,2,30,20.6,0,0,0,0,0,0,92.14
2008,7,13,3,30,20.200000000000003,0,0,0,0,0,0,94.95
2008,7,13,4,30,19.900000000000002,0,0,0,0,0,0,96.87
2008,7,13,5,30,19.8,0,0,0,0,0,0,97.39
2008,7,13,6,30,19.6,0,0,0,0,0,0,98.36
2008,7,13,7,30,19.400000000000002,0,0,0,0,0,0,98.47
2008,7,13,8,30,19.3,0,0,0,0,0,0,97.86
2008,7,13,9,30,19.3,0,0,0,0,0,0,96.62
2008,7,13,10,30,19.1,0,0,0,0,0,0,97.11
2008,7,13,11,30,19,0,0,0,0,0,0,97
2008,7,13,12,30,19.400000000000002,9,10,37,0,2,2,95.25
2008,7,13,13,30,20.400000000000002,68,178,450,8,76,78,91.21000000000001
2008,7,13,14,30,21.5,94,405,671,409,170,360,85.93
2008,7,13,15,30,22.5,107,625,783,491,220,545,78.16
2008,7,13,16,30,23.6,115,809,845,845,115,809,68.49
2008,7,13,17,30,24.8,122,940,875,285,484,751,60.730000000000004
2008,7,13,18,30,25.5,124,1007,890,526,319,840,57.21
2008,7,13,19,30,25.700000000000003,132,1002,878,491,344,831,56.61
2008,7,13,20,30,25.200000000000003,129,931,861,861,129,931,58.94
2008,7,13,21,30,24.5,127,794,820,820,127,794,62.96
2008,7,13,22,30,23.700000000000003,119,608,750,518,224,562,68.17
2008,7,13,23,30,22.8,97,391,650,650,97,391,74.35000000000001
2008,7,14,0,30,21.700000000000003,67,166,425,189,110,154,82.81
2008,7,14,1,30,20.700000000000003,0,0,0,0,0,0,93.17
2008,7,14,2,30,20.200000000000003,0,0,0,0,0,0,95.39
2008,7,14,3,30,19.8,0,0,0,0,0,0,96.91
2008,7,14,4,30,19.5,0,0,0,0,0,0,97.83
2008,7,14,5,30,19.200000000000003,0,0,0,0,0,0,98.45
2008,7,14,6,30,19,0,0,0,0,0,0,98.38
2008,7,14,7,30,18.900000000000002,0,0,0,0,0,0,97.8
2008,7,14,8,30,19,0,0,0,0,0,0,96.86
2008,7,14,9,30,19,0,0,0,0,0,0,96.29
2008,7,14,10,30,18.900000000000002,0,0,0,0,0,0,96.43
2008,7,14,11,30,18.8,0,0,0,0,0,0,96.81
2008,7,14,12,30,19.1,9,10,28,0,2,2,95.58
2008,7,14,13,30,19.700000000000003,71,175,428,0,31,31,93.05
2008,7,14,14,30,20.400000000000002,109,397,621,0,43,43,88.53
2008,7,14,15,30,21.3,141,610,710,0,115,115,82.35000000000001
2008,7,14,16,30,22.6,160,791,768,18,312,327,74.2
2008,7,14,17,30,23.900000000000002,166,923,811,525,323,814,66.98
2008,7,14,18,30,24.700000000000003,156,997,848,154,508,662,62.800000000000004
2008,7,14,19,30,25.200000000000003,150,997,855,855,150,997,60.19
2008,7,14,20,30,25.200000000000003,143,927,843,607,276,841,59.56
2008,7,14,21,30,24.8,109,803,852,606,217,711,61.19
2008,7,14,22,30,24.200000000000003,100,617,794,566,196,565,64.36
2008,7,14,23,30,23.3,83,398,695,286,200,330,69.57000000000001
2008,7,15,0,30,21.900000000000002,58,171,491,6,72,74,80.19
2008,7,15,1,30,20.700000000000003,0,0,0,0,0,0,91.37
2008,7,15,2,30,20.1,0,0,0,0,0,0,94.35000000000001
2008,7,15,3,30,19.700000000000003,0,0,0,0,0,0,95.72
2008,7,15,4,30,19.3,0,0,0,0,0,0,96.64
2008,7,15,5,30,18.900000000000002,0,0,0,0,0,0,97.87
2008,7,15,6,30,18.6,0,0,0,0,0,0,98.48
2008,7,15,7,30,18.6,0,0,0,0,0,0,97.82000000000001
2008,7,15,8,30,18.400000000000002,0,0,0,0,0,0,98.64
2008,7,15,9,30,18.1,0,0,0,0,0,0,99.29
2008,7,15,10,30,17.900000000000002,0,0,0,0,0,0,98.99000000000001
2008,7,15,11,30,17.8,0,0,0,0,0,0,97.95
2008,7,15,12,30,18.5,9,10,48,48,9,10,93.11
2008,7,15,13,30,20,62,183,500,500,62,183,88.27
2008,7,15,14,30,22.200000000000003,87,410,699,699,87,410,76.52
2008,7,15,15,30,25.1,101,630,801,801,101,630,60.84
2008,7,15,16,30,27.200000000000003,110,813,856,856,110,813,51.09
2008,7,15,17,30,28.1,117,943,884,884,117,943,47.74
2008,7,15,18,30,28.1,116,1012,903,903,116,1012,47.28
2008,7,15,19,30,27.700000000000003,119,1010,899,899,119,1010,48.08
2008,7,15,20,30,27,115,938,884,884,115,938,50.53
2008,7,15,21,30,26.3,120,800,835,835,120,800,53.82
2008,7,15,22,30,25.3,112,612,767,767,112,612,58.65
2008,7,15,23,30,24.200000000000003,96,391,652,652,96,391,64.65
2008,7,16,0,30,22.700000000000003,66,166,435,142,81,114,74.06
2008,7,16,1,30,21.400000000000002,0,0,0,0,0,0,86.15
2008,7,16,2,30,20.700000000000003,0,0,0,0,0,0,91.13
2008,7,16,3,30,20.3,0,0,0,0,0,0,93.79
2008,7,16,4,30,19.900000000000002,0,0,0,0,0,0,96.03
2008,7,16,5,30,19.6,0,0,0,0,0,0,97.02
2008,7,16,6,30,19.1,0,0,0,0,0,0,98.85000000000001
2008,7,16,7,30,18.7,0,0,0,0,0,0,99.72
2008,7,16,8,30,18.400000000000002,0,0,0,0,0,0,100
2008,7,16,9,30,18.2,0,0,0,0,0,0,100
2008,7,16,10,30,18.1,0,0,0,0,0,0,99.85000000000001
2008,7,16,11,30,18,0,0,0,0,0,0,99.27
2008,7,16,12,30,19,0,0,0,0,0,0,92.85000000000001
2008,7,16,13,30,21.200000000000003,67,179,466,466,67,179,82.07000000000001
2008,7,16,14,30,23.8,96,410,680,680,96,410,68.5
2008,7,16,15,30,26.200000000000003,113,632,786,786,113,632,56.59
2008,7,16,16,30,28.1,125,819,846,846,125,819,48.59
2008,7,16,17,30,29.400000000000002,132,950,875,875,132,950,43.58
2008,7,16,18,30,30.1,145,1014,876,876,145,1014,41.050000000000004
2008,7,16,19,30,30.200000000000003,148,1010,869,869,148,1010,40.85
2008,7,16,20,30,29.6,150,933,841,841,150,933,42.74
2008,7,16,21,30,28.400000000000002,149,794,791,232,446,635,47.230000000000004
2008,7,16,22,30,26.8,139,604,713,290,301,490,54.72
2008,7,16,23,30,24.900000000000002,115,385,595,143,230,295,65.1
2008,7,17,0,30,22.900000000000002,75,161,373,297,74,143,79.34
2008,7,17,1,30,21.6,0,0,0,0,0,0,90.59
2008,7,17,2,30,21.1,0,0,0,0,0,0,94.88
2008,7,17,3,30,21,0,0,0,0,0,0,96.33
2008,7,17,4,30,20.8,0,0,0,0,0,0,97.77
2008,7,17,5,30,20.6,0,0,0,0,0,0,98.64
2008,7,17,6,30,20.400000000000002,0,0,0,0,0,0,99.10000000000001
2008,7,17,7,30,20.200000000000003,0,0,0,0,0,0,99.10000000000001
2008,7,17,8,30,19.900000000000002,0,0,0,0,0,0,99.61
2008,7,17,9,30,19.700000000000003,0,0,0,0,0,0,99.69
2008,7,17,10,30,19.5,0,0,0,0,0,0,99.8
2008,7,17,11,30,19.400000000000002,0,0,0,0,0,0,99.14
2008,7,17,12,30,20,0,0,0,0,0,0,94.96000000000001
2008,7,17,13,30,21.200000000000003,62,179,490,490,62,179,90.5
2008,7,17,14,30,22.6,85,410,705,40,235,253,82.82000000000001
2008,7,17,15,30,24.1,97,633,812,93,349,410,71.48
2008,7,17,16,30,25.6,106,818,867,867,106,818,61.49
2008,7,17,17,30,26.700000000000003,112,950,897,897,112,950,55.46
2008,7,17,18,30,27.200000000000003,153,1004,858,858,153,1004,52.370000000000005
2008,7,17,19,30,27,158,999,849,849,158,999,52.52
2008,7,17,20,30,26.5,156,926,827,827,156,926,54.35
2008,7,17,21,30,25.6,132,795,814,485,288,683,57.65
2008,7,17,22,30,24.3,123,607,742,267,284,458,63.31
2008,7,17,23,30,22.8,104,387,625,2,107,108,71.83
2008,7,18,0,30,21.5,70,163,402,7,88,89,81.44
2008,7,18,1,30,20.700000000000003,0,0,0,0,0,0,89.51
2008,7,18,2,30,20.400000000000002,0,0,0,0,0,0,89.37
2008,7,18,3,30,20.1,0,0,0,0,0,0,88.18
2008,7,18,4,30,19.6,0,0,0,0,0,0,90.46000000000001
2008,7,18,5,30,18.900000000000002,0,0,0,0,0,0,93.87
2008,7,18,6,30,18.3,0,0,0,0,0,0,96.11
2008,7,18,7,30,17.8,0,0,0,0,0,0,97.33
2008,7,18,8,30,17.400000000000002,0,0,0,0,0,0,98.35000000000001
2008,7,18,9,30,17.2,0,0,0,0,0,0,98.55
2008,7,18,10,30,17,0,0,0,0,0,0,98.22
2008,7,18,11,30,16.8,0,0,0,0,0,0,97.33
2008,7,18,12,30,17.7,0,0,0,0,0,0,90.94
2008,7,18,13,30,20,63,179,484,324,101,178,80.62
2008,7,18,14,30,22.900000000000002,89,409,695,526,140,382,64.7
2008,7,18,15,30,25.3,106,630,796,291,306,498,51.92
2008,7,18,16,30,26.8,118,814,848,376,322,630,47.21
2008,7,18,17,30,27.6,125,946,879,287,401,669,45.9
2008,7,18,18,30,27.900000000000002,134,1011,884,382,383,762,45.660000000000004
2008,7,18,19,30,27.900000000000002,137,1009,880,395,387,778,45.82
2008,7,18,20,30,27.6,135,936,861,95,465,553,46.69
2008,7,18,21,30,27,124,802,833,571,218,683,48.64
2008,7,18,22,30,26,114,614,767,590,200,584,52.44
2008,7,18,23,30,24.6,96,393,658,658,96,393,59.300000000000004
2008,7,19,0,30,22.8,65,166,442,442,65,166,72.13
2008,7,19,1,30,21.5,0,0,0,0,0,0,84.88
2008,7,19,2,30,20.700000000000003,0,0,0,0,0,0,90.15
2008,7,19,3,30,20.200000000000003,0,0,0,0,0,0,93
2008,7,19,4,30,19.8,0,0,0,0,0,0,94.83
2008,7,19,5,30,19.5,0,0,0,0,0,0,95.4
2008,7,19,6,30,19.200000000000003,0,0,0,0,0,0,95.03
2008,7,19,7,30,18.900000000000002,0,0,0,0,0,0,95.42
2008,7,19,8,30,18.6,0,0,0,0,0,0,96.26
2008,7,19,9,30,18.5,0,0,0,0,0,0,96.03
2008,7,19,10,30,18.2,0,0,0,0,0,0,96.91
2008,7,19,11,30,18,0,0,0,0,0,0,97.11
2008,7,19,12,30,18.7,0,0,0,0,0,0,92.76
2008,7,19,13,30,20.400000000000002,58,180,511,511,58,180,85.25
2008,7,19,14,30,22.900000000000002,82,410,714,714,82,410,70.73
2008,7,19,15,30,25.3,96,632,815,815,96,632,55.85
2008,7,19,16,30,27,106,818,868,868,106,818,47.77
2008,7,19,17,30,28.200000000000003,112,951,897,897,112,951,43.27
2008,7,19,18,30,28.8,118,1018,907,907,118,1018,41.31
2008,7,19,19,30,28.900000000000002,122,1014,900,900,122,1014,41.19
2008,7,19,20,30,28.5,124,942,879,879,124,942,42.49
2008,7,19,21,30,27.700000000000003,124,803,832,832,124,803,45.24
2008,7,19,22,30,26.3,116,614,765,328,259,472,50.57
2008,7,19,23,30,24.5,98,392,650,96,209,252,59.26
2008,7,20,0,30,22.6,67,164,423,12,96,99,71.66
2008,7,20,1,30,21,0,0,0,0,0,0,84.12
2008,7,20,2,30,20.3,0,0,0,0,0,0,90.27
2008,7,20,3,30,20,0,0,0,0,0,0,93.13
2008,7,20,4,30,19.8,0,0,0,0,0,0,94.62
2008,7,20,5,30,19.700000000000003,0,0,0,0,0,0,95.12
2008,7,20,6,30,19.5,0,0,0,0,0,0,96.05
2008,7,20,7,30,19.400000000000002,0,0,0,0,0,0,95.92
2008,7,20,8,30,19.400000000000002,0,0,0,0,0,0,95.23
2008,7,20,9,30,19.3,0,0,0,0,0,0,95.05
2008,7,20,10,30,19.1,0,0,0,0,0,0,94.96000000000001
2008,7,20,11,30,18.900000000000002,0,0,0,0,0,0,94.47
2008,7,20,12,30,19.5,0,0,0,0,0,0,90.59
2008,7,20,13,30,20.900000000000002,91,160,292,292,91,160,81.72
2008,7,20,14,30,23,144,381,517,517,144,381,69.36
2008,7,20,15,30,25.200000000000003,172,599,650,650,172,599,58.43
2008,7,20,16,30,26.900000000000002,190,783,724,724,190,783,52.160000000000004
2008,7,20,17,30,27.8,203,913,760,760,203,913,49.53
2008,7,20,18,30,28,171,993,828,828,171,993,49.52
2008,7,20,19,30,27.6,182,988,813,813,182,988,51.88
2008,7,20,20,30,26.8,178,916,793,793,178,916,55.910000000000004
2008,7,20,21,30,25.8,174,777,741,741,174,777,61.24
2008,7,20,22,30,24.6,159,591,663,663,159,591,67.98
2008,7,20,23,30,23.200000000000003,129,374,544,190,241,327,76.59
2008,7,21,0,30,22,84,152,300,37,117,126,85.58
2008,7,21,1,30,21.3,0,0,0,0,0,0,91.88
2008,7,21,2,30,20.900000000000002,0,0,0,0,0,0,95.24
2008,7,21,3,30,20.6,0,0,0,0,0,0,97.15
2008,7,21,4,30,20.400000000000002,0,0,0,0,0,0,97.59
2008,7,21,5,30,20,0,0,0,0,0,0,98.38
2008,7,21,6,30,19.6,0,0,0,0,0,0,98.71000000000001
2008,7,21,7,30,19.200000000000003,0,0,0,0,0,0,98.83
2008,7,21,8,30,18.900000000000002,0,0,0,0,0,0,99.16
2008,7,21,9,30,18.900000000000002,0,0,0,0,0,0,98.2
2008,7,21,10,30,18.900000000000002,0,0,0,0,0,0,97.84
2008,7,21,11,30,18.900000000000002,0,0,0,0,0,0,96.92
2008,7,21,12,30,19.3,0,0,0,0,0,0,94.77
2008,7,21,13,30,20.1,69,169,424,22,119,124,90.22
2008,7,21,14,30,21.6,97,396,653,398,180,363,81.22
2008,7,21,15,30,23.400000000000002,112,617,769,769,112,617,70.56
2008,7,21,16,30,25,122,804,831,831,122,804,60.75
2008,7,21,17,30,26.6,128,939,868,868,128,939,53.4
2008,7,21,18,30,28.1,118,1016,904,904,118,1016,48.11
2008,7,21,19,30,28.900000000000002,116,1018,909,909,116,1018,45.39
2008,7,21,20,30,29,115,948,895,895,115,948,44.51
2008,7,21,21,30,28.400000000000002,127,807,834,834,127,807,45.56
2008,7,21,22,30,27.5,117,617,768,768,117,617,48.1
2008,7,21,23,30,25.900000000000002,100,393,651,651,100,393,54.38
2008,7,22,0,30,23.700000000000003,70,163,410,410,70,163,69.2
2008,7,22,1,30,21.900000000000002,0,0,0,0,0,0,83.77
2008,7,22,2,30,20.900000000000002,0,0,0,0,0,0,90.4
2008,7,22,3,30,20.400000000000002,0,0,0,0,0,0,94.16
2008,7,22,4,30,20,0,0,0,0,0,0,96.49000000000001
2008,7,22,5,30,19.8,0,0,0,0,0,0,96.77
2008,7,22,6,30,19.6,0,0,0,0,0,0,96.99000000000001
2008,7,22,7,30,19.400000000000002,0,0,0,0,0,0,96.59
2008,7,22,8,30,19.3,0,0,0,0,0,0,95.83
2008,7,22,9,30,19.1,0,0,0,0,0,0,95.85000000000001
2008,7,22,10,30,19,0,0,0,0,0,0,95.49
2008,7,22,11,30,18.900000000000002,0,0,0,0,0,0,95.29
2008,7,22,12,30,19.5,0,0,0,0,0,0,91.83
2008,7,22,13,30,21.400000000000002,66,173,458,41,113,123,83.11
2008,7,22,14,30,23.8,87,407,699,409,176,363,69.56
2008,7,22,15,30,25.900000000000002,99,630,808,493,225,549,57.160000000000004
2008,7,22,16,30,27.5,111,814,858,548,250,699,50.160000000000004
2008,7,22,17,30,28.5,122,944,881,593,276,830,46.78
2008,7,22,18,30,28.700000000000003,153,1001,853,853,153,1001,45.95
2008,7,22,19,30,28.200000000000003,169,993,831,831,169,993,47.21
2008,7,22,20,30,27.1,175,915,795,795,175,915,51.27
2008,7,22,21,30,25.900000000000002,190,771,713,713,190,771,56.83
2008,7,22,22,30,24.700000000000003,180,583,620,23,270,285,63.18
2008,7,22,23,30,23.5,146,366,488,7,141,144,70.22
2008,7,23,0,30,22.3,91,147,248,3,80,81,78.14
2008,7,23,1,30,21.3,0,0,0,0,0,0,86.4
2008,7,23,2,30,20.8,0,0,0,0,0,0,91.28
2008,7,23,3,30,20.6,0,0,0,0,0,0,93.45
2008,7,23,4,30,20.400000000000002,0,0,0,0,0,0,94.22
2008,7,23,5,30,20.200000000000003,0,0,0,0,0,0,94.99
2008,7,23,6,30,19.900000000000002,0,0,0,0,0,0,96.21000000000001
2008,7,23,7,30,19.700000000000003,0,0,0,0,0,0,96.64
2008,7,23,8,30,19.400000000000002,0,0,0,0,0,0,97.31
2008,7,23,9,30,19.200000000000003,0,0,0,0,0,0,97.41
2008,7,23,10,30,18.900000000000002,0,0,0,0,0,0,98.07000000000001
2008,7,23,11,30,18.8,0,0,0,0,0,0,97.73
2008,7,23,12,30,19.400000000000002,0,0,0,0,0,0,93.29
2008,7,23,13,30,21,58,176,506,39,104,113,82.04
2008,7,23,14,30,23.1,80,408,717,395,171,351,67.36
2008,7,23,15,30,25.200000000000003,95,631,816,497,215,541,56.89
2008,7,23,16,30,27,105,818,870,477,285,676,50.65
2008,7,23,17,30,28.3,110,952,901,489,325,782,46.910000000000004
2008,7,23,18,30,28.900000000000002,146,1010,869,539,312,848,45.22
2008,7,23,19,30,29,151,1007,864,545,328,868,44.87
2008,7,23,20,30,28.6,150,933,841,607,282,847,45.99
2008,7,23,21,30,27.900000000000002,143,795,801,801,143,795,48.39
2008,7,23,22,30,26.8,132,605,727,309,279,480,52.31
2008,7,23,23,30,25.400000000000002,112,384,605,605,112,384,58
2008,7,24,0,30,23.5,74,157,369,369,74,157,67.55
2008,7,24,1,30,21.8,0,0,0,0,0,0,79.87
2008,7,24,2,30,20.6,0,0,0,0,0,0,88.10000000000001
2008,7,24,3,30,20,0,0,0,0,0,0,93.22
2008,7,24,4,30,19.8,0,0,0,0,0,0,95.55
2008,7,24,5,30,19.6,0,0,0,0,0,0,97.21000000000001
2008,7,24,6,30,19.5,0,0,0,0,0,0,97.86
2008,7,24,7,30,19.3,0,0,0,0,0,0,98.87
2008,7,24,8,30,19.1,0,0,0,0,0,0,99.69
2008,7,24,9,30,18.900000000000002,0,0,0,0,0,0,100
2008,7,24,10,30,18.7,0,0,0,0,0,0,100
2008,7,24,11,30,18.7,0,0,0,0,0,0,100
2008,7,24,12,30,19.700000000000003,0,0,0,0,0,0,94.43
2008,7,24,13,30,21.8,63,170,460,460,63,170,83.09
2008,7,24,14,30,24.1,88,401,687,687,88,401,70.29
2008,7,24,15,30,26.3,101,623,796,796,101,623,59.160000000000004
2008,7,24,16,30,28,112,809,851,851,112,809,51.88
2008,7,24,17,30,29.200000000000003,122,940,876,876,122,940,47.29
2008,7,24,18,30,29.6,145,1001,862,862,145,1001,46.02
2008,7,24,19,30,29.200000000000003,155,996,848,848,155,996,47.19
2008,7,24,20,30,28.1,155,921,822,822,155,921,51.47
2008,7,24,21,30,26.6,152,783,776,183,365,514,58.67
2008,7,24,22,30,25.200000000000003,140,595,700,92,315,375,67.1
2008,7,24,23,30,23.8,116,376,581,187,211,295,76.4
2008,7,25,0,30,22.5,74,154,357,20,101,106,86.29
2008,7,25,1,30,21.700000000000003,0,0,0,0,0,0,92.98
2008,7,25,2,30,21.400000000000002,0,0,0,0,0,0,95.47
2008,7,25,3,30,21.3,0,0,0,0,0,0,96.13
2008,7,25,4,30,21.1,0,0,0,0,0,0,96.88
2008,7,25,5,30,21,0,0,0,0,0,0,96.73
2008,7,25,6,30,20.8,0,0,0,0,0,0,97.07000000000001
2008,7,25,7,30,20.6,0,0,0,0,0,0,97.79
2008,7,25,8,30,20.400000000000002,0,0,0,0,0,0,97.83
2008,7,25,9,30,20.1,0,0,0,0,0,0,98.21000000000001
2008,7,25,10,30,19.700000000000003,0,0,0,0,0,0,98.52
2008,7,25,11,30,19.400000000000002,0,0,0,0,0,0,98.02
2008,7,25,12,30,19.3,0,0,0,0,0,0,96.62
2008,7,25,13,30,19.5,56,171,497,3,61,62,94.79
2008,7,25,14,30,20,83,401,698,21,163,172,92.35000000000001
2008,7,25,15,30,20.900000000000002,105,620,787,309,276,479,86.29
2008,7,25,16,30,22.700000000000003,119,806,839,198,365,527,75.11
2008,7,25,17,30,24.8,128,939,869,42,447,487,63.88
2008,7,25,18,30,26,135,1006,877,267,445,710,57.95
2008,7,25,19,30,26.3,137,1005,875,9,372,380,56.46
2008,7,25,20,30,26,132,933,860,204,443,634,57.13
2008,7,25,21,30,25.5,126,798,826,108,374,462,58.7
2008,7,25,22,30,24.8,115,610,761,195,307,434,61.58
2008,7,25,23,30,23.8,96,389,655,77,216,250,66.79
2008,7,26,0,30,22.3,63,162,440,117,112,138,77.78
2008,7,26,1,30,21,0,0,0,0,0,0,90.63
2008,7,26,2,30,20.5,0,0,0,0,0,0,92.7
2008,7,26,3,30,20.1,0,0,0,0,0,0,93.68
2008,7,26,4,30,19.8,0,0,0,0,0,0,93.25
2008,7,26,5,30,19.5,0,0,0,0,0,0,93.76
2008,7,26,6,30,19.3,0,0,0,0,0,0,94.43
2008,7,26,7,30,19.1,0,0,0,0,0,0,95.5
2008,7,26,8,30,18.8,0,0,0,0,0,0,96.53
2008,7,26,9,30,18.7,0,0,0,0,0,0,95.76
2008,7,26,10,30,18.6,0,0,0,0,0,0,95.42
2008,7,26,11,30,18.6,0,0,0,0,0,0,94.60000000000001
2008,7,26,12,30,19.3,0,0,0,0,0,0,90.69
2008,7,26,13,30,20.900000000000002,57,172,499,0,45,45,85.85000000000001
2008,7,26,14,30,22.8,80,404,714,714,80,404,74.79
2008,7,26,15,30,24.700000000000003,94,628,815,815,94,628,62.120000000000005
2008,7,26,16,30,26,101,816,874,874,101,816,55.13
2008,7,26,17,30,26.700000000000003,104,950,906,906,104,950,52.1
2008,7,26,18,30,27,103,1021,925,925,103,1021,50.96
2008,7,26,19,30,26.900000000000002,104,1020,923,923,104,1020,51.480000000000004
2008,7,26,20,30,26.400000000000002,104,946,905,115,468,575,52.96
2008,7,26,21,30,25.5,118,802,840,10,277,285,56.78
2008,7,26,22,30,24.3,115,609,761,0,84,84,62.84
2008,7,26,23,30,23,102,383,629,0,57,57,70.27
2008,7,27,0,30,21.6,73,154,363,4,66,67,80.17
2008,7,27,1,30,20.700000000000003,0,0,0,0,0,0,88.76
2008,7,27,2,30,20.3,0,0,0,0,0,0,92.06
2008,7,27,3,30,20,0,0,0,0,0,0,94.21000000000001
2008,7,27,4,30,19.700000000000003,0,0,0,0,0,0,95.9
2008,7,27,5,30,19.400000000000002,0,0,0,0,0,0,96.8
2008,7,27,6,30,19.1,0,0,0,0,0,0,97.29
2008,7,27,7,30,18.900000000000002,0,0,0,0,0,0,97.37
2008,7,27,8,30,18.6,0,0,0,0,0,0,98.35000000000001
2008,7,27,9,30,18.3,0,0,0,0,0,0,98.95
2008,7,27,10,30,18,0,0,0,0,0,0,99.27
2008,7,27,11,30,17.900000000000002,0,0,0,0,0,0,98.03
2008,7,27,12,30,18.5,0,0,0,0,0,0,93.73
2008,7,27,13,30,19.900000000000002,63,169,460,17,114,118,86.39
2008,7,27,14,30,21.8,93,400,676,20,209,218,70.05
2008,7,27,15,30,23.6,113,621,778,778,113,621,55.86
2008,7,27,16,30,24.700000000000003,128,808,832,832,128,808,50.93
2008,7,27,17,30,25.3,137,941,860,860,137,941,49.25
2008,7,27,18,30,25.5,124,1016,899,899,124,1016,48.97
2008,7,27,19,30,25.200000000000003,126,1015,896,896,126,1015,50.34
2008,7,27,20,30,24.700000000000003,122,943,882,273,491,745,52.52
2008,7,27,21,30,24.1,114,806,851,3,319,321,55.33
2008,7,27,22,30,23.5,101,617,796,117,351,427,58.35
2008,7,27,23,30,22.6,83,395,699,127,238,295,62.64
2008,7,28,0,30,21.3,55,164,492,8,102,103,71.79
2008,7,28,1,30,20,0,0,0,0,0,0,86.12
2008,7,28,2,30,19.1,0,0,0,0,0,0,90.27
2008,7,28,3,30,18.400000000000002,0,0,0,0,0,0,92.74
2008,7,28,4,30,17.8,0,0,0,0,0,0,95.01
2008,7,28,5,30,17.3,0,0,0,0,0,0,96.79
2008,7,28,6,30,16.900000000000002,0,0,0,0,0,0,97.63
2008,7,28,7,30,16.6,0,0,0,0,0,0,97.77
2008,7,28,8,30,16.3,0,0,0,0,0,0,97.59
2008,7,28,9,30,16,0,0,0,0,0,0,97.85000000000001
2008,7,28,10,30,15.700000000000001,0,0,0,0,0,0,98.61
2008,7,28,11,30,15.700000000000001,0,0,0,0,0,0,97.81
2008,7,28,12,30,17.1,0,0,0,0,0,0,89.77
2008,7,28,13,30,20.200000000000003,53,176,538,538,53,176,76.35000000000001
2008,7,28,14,30,23.8,75,410,741,741,75,410,59.78
2008,7,28,15,30,26.8,88,637,839,839,88,637,46.77
2008,7,28,16,30,29,97,826,891,891,97,826,39.29
2008,7,28,17,30,30.400000000000002,103,961,920,920,103,961,35.51
2008,7,28,18,30,31.200000000000003,101,1033,939,939,101,1033,34.160000000000004
2008,7,28,19,30,31.5,101,1030,937,937,101,1030,34.08
2008,7,28,20,30,31.200000000000003,99,956,921,921,99,956,35.21
2008,7,28,21,30,30.3,96,818,889,889,96,818,37.95
2008,7,28,22,30,28.900000000000002,89,626,830,830,89,626,42.52
2008,7,28,23,30,27,76,399,727,34,178,193,49.94
2008,7,29,0,30,24.5,52,166,516,6,73,74,63.43
2008,7,29,1,30,22.400000000000002,0,0,0,0,0,0,79.05
2008,7,29,2,30,21.3,0,0,0,0,0,0,86.72
2008,7,29,3,30,20.6,0,0,0,0,0,0,91.43
2008,7,29,4,30,20,0,0,0,0,0,0,94.71000000000001
2008,7,29,5,30,19.6,0,0,0,0,0,0,96.27
2008,7,29,6,30,19.3,0,0,0,0,0,0,97.29
2008,7,29,7,30,19,0,0,0,0,0,0,97.87
2008,7,29,8,30,18.7,0,0,0,0,0,0,97.97
2008,7,29,9,30,18.3,0,0,0,0,0,0,98.56
2008,7,29,10,30,17.900000000000002,0,0,0,0,0,0,99.13
2008,7,29,11,30,17.7,0,0,0,0,0,0,98.38
2008,7,29,12,30,18.900000000000002,0,0,0,0,0,0,90.08
2008,7,29,13,30,21.8,53,174,533,32,102,109,75.22
2008,7,29,14,30,25,76,408,734,62,240,268,57.81
2008,7,29,15,30,27.700000000000003,91,632,828,217,344,486,45.85
2008,7,29,16,30,29.400000000000002,103,819,876,559,252,709,40.85
2008,7,29,17,30,30.200000000000003,112,953,900,574,277,813,39.45
2008,7,29,18,30,30.5,130,1015,891,548,321,864,39.300000000000004
2008,7,29,19,30,29.900000000000002,137,1009,880,880,137,1009,41.2
2008,7,29,20,30,28.8,140,933,852,169,500,657,44.77
2008,7,29,21,30,27.700000000000003,124,798,829,517,268,689,50.01
2008,7,29,22,30,26.400000000000002,111,608,768,670,25,458,57.18
2008,7,29,23,30,24.8,90,386,668,10,143,147,67.2
2008,7,30,0,30,23.1,58,159,459,0,36,36,81.23
2008,7,30,1,30,21.900000000000002,0,0,0,0,0,0,91.55
2008,7,30,2,30,21.3,0,0,0,0,0,0,96.01
2008,7,30,3,30,21,0,0,0,0,0,0,98.04
2008,7,30,4,30,20.700000000000003,0,0,0,0,0,0,99.11
2008,7,30,5,30,20.5,0,0,0,0,0,0,99.49000000000001
2008,7,30,6,30,20.3,0,0,0,0,0,0,99.3
2008,7,30,7,30,20.1,0,0,0,0,0,0,99.16
2008,7,30,8,30,19.900000000000002,0,0,0,0,0,0,98.71000000000001
2008,7,30,9,30,19.700000000000003,0,0,0,0,0,0,98.45
2008,7,30,10,30,19.6,0,0,0,0,0,0,97.96000000000001
2008,7,30,11,30,19.400000000000002,0,0,0,0,0,0,97.79
2008,7,30,12,30,19.8,0,0,0,0,0,0,94.86
2008,7,30,13,30,20.900000000000002,52,170,523,12,106,109,92.41
2008,7,30,14,30,22.1,74,403,728,728,74,403,85.34
2008,7,30,15,30,23.6,88,626,824,824,88,626,73.8
2008,7,30,16,30,24.900000000000002,98,814,875,113,410,502,64.47
2008,7,30,17,30,25.700000000000003,108,947,899,152,475,616,59.42
2008,7,30,18,30,26,98,1019,927,6,321,326,57.06
2008,7,30,19,30,25.700000000000003,104,1016,920,181,446,625,57.77
2008,7,30,20,30,25.1,102,943,904,157,474,620,60.67
2008,7,30,21,30,24.5,109,802,853,102,397,480,63.67
2008,7,30,22,30,23.700000000000003,101,611,788,193,342,467,67.6
2008,7,30,23,30,22.8,85,386,679,233,196,300,71.99
2008,7,31,0,30,21.6,59,156,448,4,63,64,79.84
2008,7,31,1,30,20.700000000000003,0,0,0,0,0,0,88.93
2008,7,31,2,30,20.3,0,0,0,0,0,0,91.35000000000001
2008,7,31,3,30,20,0,0,0,0,0,0,90.37
2008,7,31,4,30,19.5,0,0,0,0,0,0,91.7
2008,7,31,5,30,18.900000000000002,0,0,0,0,0,0,94.06
2008,7,31,6,30,18.2,0,0,0,0,0,0,96.29
2008,7,31,7,30,17.7,0,0,0,0,0,0,97.29
2008,7,31,8,30,17.3,0,0,0,0,0,0,97.33
2008,7,31,9,30,16.8,0,0,0,0,0,0,97.58
2008,7,31,10,30,16.3,0,0,0,0,0,0,97.42
2008,7,31,11,30,16,0,0,0,0,0,0,95.88
2008,7,31,12,30,17,0,0,0,0,0,0,88.32000000000001
2008,7,31,13,30,19.400000000000002,55,176,538,26,95,101,80.48
2008,7,31,14,30,22.400000000000002,79,415,746,145,213,278,65.47
2008,7,31,15,30,25.200000000000003,93,642,841,129,363,447,50.38
2008,7,31,16,30,27.1,105,832,890,231,445,633,43.06
2008,7,31,17,30,28.5,113,966,913,913,113,966,39.65
2008,7,31,18,30,29.400000000000002,128,1028,907,907,128,1028,37.96
2008,7,31,19,30,29.700000000000003,131,1024,901,901,131,1024,37.85
2008,7,31,20,30,29.5,130,946,878,878,130,946,39.09
2008,7,31,21,30,28.900000000000002,132,803,827,827,132,803,41.550000000000004
2008,7,31,22,30,27.6,124,609,751,751,124,609,46.02
2008,7,31,23,30,25.900000000000002,106,381,621,621,106,381,52.72
2008,8,1,0,30,23.400000000000002,69,152,382,127,109,137,66.65
2008,8,1,1,30,21.400000000000002,0,0,0,0,0,0,83.61
2008,8,1,2,30,20.400000000000002,0,0,0,0,0,0,90.49
2008,8,1,3,30,19.8,0,0,0,0,0,0,95.18
2008,8,1,4,30,19.6,0,0,0,0,0,0,96.29
2008,8,1,5,30,19.400000000000002,0,0,0,0,0,0,96.54
2008,8,1,6,30,19.200000000000003,0,0,0,0,0,0,97.27
2008,8,1,7,30,19.1,0,0,0,0,0,0,97.09
2008,8,1,8,30,18.8,0,0,0,0,0,0,97.92
2008,8,1,9,30,18.6,0,0,0,0,0,0,98.35000000000001
2008,8,1,10,30,18.400000000000002,0,0,0,0,0,0,98.59
2008,8,1,11,30,18.400000000000002,0,0,0,0,0,0,97.71000000000001
2008,8,1,12,30,19.1,0,0,0,0,0,0,93.61
2008,8,1,13,30,20.700000000000003,68,160,409,3,92,93,85.55
2008,8,1,14,30,22.6,100,391,645,645,100,391,73.21000000000001
2008,8,1,15,30,24.5,117,615,764,764,117,615,60.04
2008,8,1,16,30,26.1,126,805,830,830,126,805,51.53
2008,8,1,17,30,27.200000000000003,129,942,871,871,129,942,47.1
2008,8,1,18,30,27.700000000000003,120,1016,902,902,120,1016,45.550000000000004
2008,8,1,19,30,27.8,119,1014,903,903,119,1014,45.39
2008,8,1,20,30,27.6,115,942,890,890,115,942,46.27
2008,8,1,21,30,27.1,103,806,867,867,103,806,48.4
2008,8,1,22,30,26.1,95,614,806,806,95,614,52.65
2008,8,1,23,30,24.8,79,389,701,701,79,389,59.34
2008,8,2,0,30,23,53,157,483,46,110,120,70.82000000000001
2008,8,2,1,30,21.5,0,0,0,0,0,0,84.48
2008,8,2,2,30,20.700000000000003,0,0,0,0,0,0,89.42
2008,8,2,3,30,20.200000000000003,0,0,0,0,0,0,92.64
2008,8,2,4,30,19.900000000000002,0,0,0,0,0,0,94.37
2008,8,2,5,30,19.700000000000003,0,0,0,0,0,0,95.31
2008,8,2,6,30,19.5,0,0,0,0,0,0,96.06
2008,8,2,7,30,19.200000000000003,0,0,0,0,0,0,97.51
2008,8,2,8,30,19,0,0,0,0,0,0,98.17
2008,8,2,9,30,18.7,0,0,0,0,0,0,99.2
2008,8,2,10,30,18.5,0,0,0,0,0,0,99.64
2008,8,2,11,30,18.5,0,0,0,0,0,0,98.68
2008,8,2,12,30,19.3,0,0,0,0,0,0,93.49
2008,8,2,13,30,21.3,58,166,486,486,58,166,81.55
2008,8,2,14,30,23.6,83,401,708,708,83,401,67.85
2008,8,2,15,30,25.700000000000003,97,627,813,139,356,447,56.85
2008,8,2,16,30,27.5,108,817,867,867,108,817,48.95
2008,8,2,17,30,28.700000000000003,118,951,893,522,305,792,44.29
2008,8,2,18,30,29.3,153,1011,864,864,153,1011,42.050000000000004
2008,8,2,19,30,29.400000000000002,163,1004,848,140,491,629,41.21
2008,8,2,20,30,29.200000000000003,165,929,823,499,312,775,41.58
2008,8,2,21,30,28.5,161,789,774,33,348,375,43.47
2008,8,2,22,30,27.5,142,599,710,1,132,133,47.02
2008,8,2,23,30,26.1,111,376,601,249,202,312,53.17
2008,8,3,0,30,24,67,149,386,177,105,143,65.89
2008,8,3,1,30,22,0,0,0,0,0,0,82.21000000000001
2008,8,3,2,30,20.8,0,0,0,0,0,0,88.64
2008,8,3,3,30,20.200000000000003,0,0,0,0,0,0,92.5
2008,8,3,4,30,19.900000000000002,0,0,0,0,0,0,94.09
2008,8,3,5,30,19.8,0,0,0,0,0,0,94.75
2008,8,3,6,30,19.700000000000003,0,0,0,0,0,0,95.88
2008,8,3,7,30,19.400000000000002,0,0,0,0,0,0,96.59
2008,8,3,8,30,19,0,0,0,0,0,0,95.87
2008,8,3,9,30,18.7,0,0,0,0,0,0,95.31
2008,8,3,10,30,18.6,0,0,0,0,0,0,93.89
2008,8,3,11,30,18.400000000000002,0,0,0,0,0,0,93.92
2008,8,3,12,30,18.8,0,0,0,0,0,0,91.42
2008,8,3,13,30,20,63,160,436,436,63,160,88.79
2008,8,3,14,30,21.6,97,390,652,652,97,390,79.81
2008,8,3,15,30,23.5,120,611,755,755,120,611,69.36
2008,8,3,16,30,25,136,797,810,810,136,797,60.9
2008,8,3,17,30,25.5,144,931,844,844,144,931,57.9
2008,8,3,18,30,24.900000000000002,169,992,829,283,531,812,60.34
2008,8,3,19,30,23.900000000000002,173,987,821,821,173,987,66.28
2008,8,3,20,30,22.900000000000002,173,912,796,482,341,789,72.85000000000001
2008,8,3,21,30,22.1,171,772,742,742,171,772,78.52
2008,8,3,22,30,21.5,156,582,662,662,156,582,83.01
2008,8,3,23,30,21,124,362,543,543,124,362,86.60000000000001
2008,8,4,0,30,20.5,74,141,316,316,74,141,90.42
2008,8,4,1,30,20.200000000000003,0,0,0,0,0,0,93.49
2008,8,4,2,30,19.900000000000002,0,0,0,0,0,0,95.96000000000001
2008,8,4,3,30,19.6,0,0,0,0,0,0,95.65
2008,8,4,4,30,19.3,0,0,0,0,0,0,95.39
2008,8,4,5,30,18.900000000000002,0,0,0,0,0,0,96.18
2008,8,4,6,30,18.2,0,0,0,0,0,0,99.43
2008,8,4,7,30,17.7,0,0,0,0,0,0,100
2008,8,4,8,30,17.5,0,0,0,0,0,0,100
2008,8,4,9,30,17.3,0,0,0,0,0,0,99.77
2008,8,4,10,30,16.900000000000002,0,0,0,0,0,0,100
2008,8,4,11,30,16.7,0,0,0,0,0,0,99.10000000000001
2008,8,4,12,30,17.900000000000002,0,0,0,0,0,0,90.99
2008,8,4,13,30,20.700000000000003,66,160,422,1,75,76,80.62
2008,8,4,14,30,23.8,101,390,646,14,193,199,63.1
2008,8,4,15,30,26.200000000000003,123,613,753,753,123,613,50.54
2008,8,4,16,30,27.900000000000002,140,801,810,810,140,801,44.89
2008,8,4,17,30,29,153,934,838,838,153,934,42.480000000000004
2008,8,4,18,30,29.5,174,997,829,829,174,997,41.84
2008,8,4,19,30,29.200000000000003,180,991,819,819,180,991,43.28
2008,8,4,20,30,27.900000000000002,181,915,791,791,181,915,47.31
2008,8,4,21,30,26.5,142,787,796,263,427,641,53.02
2008,8,4,22,30,25.200000000000003,130,594,723,254,335,498,59.93
2008,8,4,23,30,23.8,105,371,608,226,208,307,67.64
2008,8,5,0,30,22.400000000000002,68,143,361,0,12,12,77.23
2008,8,5,1,30,21.200000000000003,0,0,0,0,0,0,87.95
2008,8,5,2,30,20.400000000000002,0,0,0,0,0,0,93.41
2008,8,5,3,30,20,0,0,0,0,0,0,95.71000000000001
2008,8,5,4,30,19.900000000000002,0,0,0,0,0,0,96.44
2008,8,5,5,30,19.8,0,0,0,0,0,0,97.22
2008,8,5,6,30,19.8,0,0,0,0,0,0,97.3
2008,8,5,7,30,19.700000000000003,0,0,0,0,0,0,98.16
2008,8,5,8,30,19.5,0,0,0,0,0,0,98.87
2008,8,5,9,30,19.3,0,0,0,0,0,0,98.66
2008,8,5,10,30,19.1,0,0,0,0,0,0,98.44
2008,8,5,11,30,18.900000000000002,0,0,0,0,0,0,98.09
2008,8,5,12,30,19.400000000000002,0,0,0,0,0,0,93.86
2008,8,5,13,30,20.700000000000003,68,157,403,23,95,100,88.92
2008,8,5,14,30,22.900000000000002,103,388,637,195,212,300,76.94
2008,8,5,15,30,25.5,122,615,758,758,122,615,60.92
2008,8,5,16,30,27.5,135,805,822,822,135,805,50.79
2008,8,5,17,30,28.700000000000003,143,941,857,857,143,941,46.19
2008,8,5,18,30,29.400000000000002,150,1009,866,866,150,1009,43.77
2008,8,5,19,30,29.6,153,1004,859,859,153,1004,43.08
2008,8,5,20,30,29.1,151,927,837,837,151,927,44.29
2008,8,5,21,30,28.1,170,777,751,751,170,777,47.59
2008,8,5,22,30,26.8,154,586,674,674,154,586,52.72
2008,8,5,23,30,25.3,122,364,557,246,210,318,59.410000000000004
2008,8,6,0,30,23.3,72,140,328,14,92,95,70.53
2008,8,6,1,30,21.700000000000003,0,0,0,0,0,0,83.31
2008,8,6,2,30,20.900000000000002,0,0,0,0,0,0,88.94
2008,8,6,3,30,20.3,0,0,0,0,0,0,93.37
2008,8,6,4,30,20,0,0,0,0,0,0,95.51
2008,8,6,5,30,19.700000000000003,0,0,0,0,0,0,96.75
2008,8,6,6,30,19.5,0,0,0,0,0,0,96.94
2008,8,6,7,30,19.400000000000002,0,0,0,0,0,0,96.73
2008,8,6,8,30,19.200000000000003,0,0,0,0,0,0,97.39
2008,8,6,9,30,19.1,0,0,0,0,0,0,97.45
2008,8,6,10,30,19,0,0,0,0,0,0,97.33
2008,8,6,11,30,18.900000000000002,0,0,0,0,0,0,96.87
2008,8,6,12,30,19.700000000000003,0,0,0,0,0,0,91.33
2008,8,6,13,30,21.900000000000002,71,155,383,22,95,100,79.34
2008,8,6,14,30,24.3,104,388,638,21,179,189,65.06
2008,8,6,15,30,26.400000000000002,120,617,763,348,258,485,55.230000000000004
2008,8,6,16,30,27.8,133,807,827,341,409,687,49.78
2008,8,6,17,30,28.700000000000003,142,942,858,597,287,844,46.46
2008,8,6,18,30,28.900000000000002,135,1014,886,886,135,1014,45.93
2008,8,6,19,30,28.5,144,1007,871,669,256,919,47.45
2008,8,6,20,30,27.5,142,931,851,601,277,834,51.51
2008,8,6,21,30,26.400000000000002,151,785,785,785,151,785,57.06
2008,8,6,22,30,25.1,138,592,710,213,307,443,64.3
2008,8,6,23,30,23.6,116,365,573,110,219,267,73.69
2008,8,7,0,30,22.200000000000003,75,136,297,297,75,136,84.72
2008,8,7,1,30,21.3,0,0,0,0,0,0,92.33
2008,8,7,2,30,20.900000000000002,0,0,0,0,0,0,95.75
2008,8,7,3,30,20.700000000000003,0,0,0,0,0,0,97.25
2008,8,7,4,30,20.5,0,0,0,0,0,0,98.21000000000001
2008,8,7,5,30,20.200000000000003,0,0,0,0,0,0,99.02
2008,8,7,6,30,20.1,0,0,0,0,0,0,98.59
2008,8,7,7,30,19.900000000000002,0,0,0,0,0,0,98.63
2008,8,7,8,30,19.700000000000003,0,0,0,0,0,0,98.51
2008,8,7,9,30,19.6,0,0,0,0,0,0,97.95
2008,8,7,10,30,19.5,0,0,0,0,0,0,97.76
2008,8,7,11,30,19.200000000000003,0,0,0,0,0,0,98.88
2008,8,7,12,30,19.400000000000002,0,0,0,0,0,0,95.75
2008,8,7,13,30,20,62,156,431,0,31,31,94.5
2008,8,7,14,30,20.5,92,388,664,9,130,134,91.55
2008,8,7,15,30,21.200000000000003,109,615,778,40,265,291,86.63
2008,8,7,16,30,22.400000000000002,113,808,853,2,312,313,77.13
2008,8,7,17,30,23.8,112,948,898,13,349,362,66.19
2008,8,7,18,30,25.200000000000003,110,1019,917,0,254,254,57.61
2008,8,7,19,30,26.3,110,1019,918,500,333,828,52.11
2008,8,7,20,30,26.700000000000003,108,945,903,614,253,822,49.75
2008,8,7,21,30,26.400000000000002,112,801,854,453,269,634,49.84
2008,8,7,22,30,25.700000000000003,103,608,791,326,257,465,51.33
2008,8,7,23,30,24.5,86,378,675,256,200,311,55.410000000000004
2008,8,8,0,30,22.5,57,146,437,264,90,144,67.24
2008,8,8,1,30,20.900000000000002,0,0,0,0,0,0,82.46000000000001
2008,8,8,2,30,20.200000000000003,0,0,0,0,0,0,84.84
2008,8,8,3,30,19.700000000000003,0,0,0,0,0,0,86.23
2008,8,8,4,30,19.400000000000002,0,0,0,0,0,0,86.24
2008,8,8,5,30,19.1,0,0,0,0,0,0,86.05
2008,8,8,6,30,18.7,0,0,0,0,0,0,86.96000000000001
2008,8,8,7,30,18.1,0,0,0,0,0,0,89.22
2008,8,8,8,30,17.6,0,0,0,0,0,0,91.09
2008,8,8,9,30,17.1,0,0,0,0,0,0,93.46000000000001
2008,8,8,10,30,16.8,0,0,0,0,0,0,95.35000000000001
2008,8,8,11,30,16.6,0,0,0,0,0,0,96.78
2008,8,8,12,30,17.8,0,0,0,0,0,0,90.19
2008,8,8,13,30,20.6,52,165,519,519,52,165,78.71000000000001
2008,8,8,14,30,23.3,75,403,736,736,75,403,64.3
2008,8,8,15,30,25.400000000000002,90,631,834,834,90,631,53.59
2008,8,8,16,30,26.900000000000002,102,822,884,57,398,444,47.09
2008,8,8,17,30,28,110,958,910,5,294,299,43.01
2008,8,8,18,30,28.900000000000002,121,1024,910,290,434,722,40.54
2008,8,8,19,30,29.1,127,1018,900,494,324,813,39.97
2008,8,8,20,30,28.8,130,940,874,28,419,446,40.910000000000004
2008,8,8,21,30,27.900000000000002,131,795,824,35,344,372,43.74
2008,8,8,22,30,26.700000000000003,123,598,746,65,289,330,48.2
2008,8,8,23,30,25,103,369,617,39,197,214,56
2008,8,9,0,30,23.1,64,139,367,11,89,91,69.29
2008,8,9,1,30,21.700000000000003,0,0,0,0,0,0,83.24
2008,8,9,2,30,20.8,0,0,0,0,0,0,88.60000000000001
2008,8,9,3,30,20.3,0,0,0,0,0,0,91.48
2008,8,9,4,30,19.900000000000002,0,0,0,0,0,0,93.36
2008,8,9,5,30,19.6,0,0,0,0,0,0,95.03
2008,8,9,6,30,19.5,0,0,0,0,0,0,95.33
2008,8,9,7,30,19.3,0,0,0,0,0,0,96.18
2008,8,9,8,30,19.1,0,0,0,0,0,0,96.97
2008,8,9,9,30,19,0,0,0,0,0,0,96.91
2008,8,9,10,30,18.900000000000002,0,0,0,0,0,0,96.65
2008,8,9,11,30,18.8,0,0,0,0,0,0,96.32000000000001
2008,8,9,12,30,19.5,0,0,0,0,0,0,91.89
2008,8,9,13,30,21,67,153,398,398,67,153,86.75
2008,8,9,14,30,22.900000000000002,107,384,623,623,107,384,76.55
2008,8,9,15,30,24.900000000000002,128,609,741,741,128,609,64.27
2008,8,9,16,30,26.3,144,799,804,804,144,799,55.33
2008,8,9,17,30,27.200000000000003,157,933,834,834,157,933,50.76
2008,8,9,18,30,27.6,147,1008,869,869,147,1008,49.14
2008,8,9,19,30,27.5,151,1003,862,862,151,1003,49.38
2008,8,9,20,30,27.1,146,928,845,845,146,928,50.82
2008,8,9,21,30,26.5,122,793,832,832,122,793,53.050000000000004
2008,8,9,22,30,25.700000000000003,109,600,772,501,191,510,56.4
2008,8,9,23,30,24.5,88,373,662,458,151,347,61.92
2008,8,10,0,30,22.900000000000002,56,142,429,82,101,118,71.72
2008,8,10,1,30,21.700000000000003,0,0,0,0,0,0,82.97
2008,8,10,2,30,21.1,0,0,0,0,0,0,86.75
2008,8,10,3,30,20.700000000000003,0,0,0,0,0,0,88.99
2008,8,10,4,30,20.3,0,0,0,0,0,0,91.37
2008,8,10,5,30,20,0,0,0,0,0,0,93.73
2008,8,10,6,30,19.700000000000003,0,0,0,0,0,0,96.08
2008,8,10,7,30,19.5,0,0,0,0,0,0,97.59
2008,8,10,8,30,19.200000000000003,0,0,0,0,0,0,99.12
2008,8,10,9,30,19,0,0,0,0,0,0,99.27
2008,8,10,10,30,18.8,0,0,0,0,0,0,99.03
2008,8,10,11,30,18.7,0,0,0,0,0,0,98.27
2008,8,10,12,30,19.5,0,0,0,0,0,0,92.17
2008,8,10,13,30,21.3,64,154,415,415,64,154,82.32000000000001
2008,8,10,14,30,23.400000000000002,95,388,659,659,95,388,70.57000000000001
2008,8,10,15,30,25.400000000000002,111,616,778,778,111,616,61.54
2008,8,10,16,30,26.900000000000002,120,809,845,845,120,809,55.870000000000005
2008,8,10,17,30,27.8,126,948,882,532,314,809,52.660000000000004
2008,8,10,18,30,28.400000000000002,130,1017,895,543,303,841,50.04
2008,8,10,19,30,28.5,133,1012,889,571,264,829,48.800000000000004
2008,8,10,20,30,28,133,936,869,610,277,840,49.81
2008,8,10,21,30,27.3,131,792,822,543,268,705,52.120000000000005
2008,8,10,22,30,26.400000000000002,122,596,746,378,261,501,55.47
2008,8,10,23,30,25,97,369,636,32,189,202,61.52
2008,8,11,0,30,23,58,140,413,15,85,88,74.45
2008,8,11,1,30,21.5,0,0,0,0,0,0,85.60000000000001
2008,8,11,2,30,20.8,0,0,0,0,0,0,89.79
2008,8,11,3,30,20.400000000000002,0,0,0,0,0,0,92.68
2008,8,11,4,30,20.1,0,0,0,0,0,0,95.10000000000001
2008,8,11,5,30,19.8,0,0,0,0,0,0,97.29
2008,8,11,6,30,19.6,0,0,0,0,0,0,98.38
2008,8,11,7,30,19.5,0,0,0,0,0,0,98.57000000000001
2008,8,11,8,30,19.400000000000002,0,0,0,0,0,0,98.91
2008,8,11,9,30,19.3,0,0,0,0,0,0,99.12
2008,8,11,10,30,19.200000000000003,0,0,0,0,0,0,99.17
2008,8,11,11,30,19.1,0,0,0,0,0,0,99.24000000000001
2008,8,11,12,30,19.8,0,0,0,0,0,0,94.16
2008,8,11,13,30,21.3,62,155,435,0,30,30,88.13
2008,8,11,14,30,23,91,390,673,7,131,134,77.5
2008,8,11,15,30,24.8,107,620,791,39,278,303,65.94
2008,8,11,16,30,26.3,117,810,852,327,330,596,58.1
2008,8,11,17,30,27.400000000000002,125,946,882,54,408,458,52.54
2008,8,11,18,30,28.1,146,1008,871,243,450,691,49.15
2008,8,11,19,30,28.400000000000002,148,1003,865,112,469,580,47.24
2008,8,11,20,30,28.5,144,928,849,253,425,659,46.36
2008,8,11,21,30,28.1,123,791,832,179,354,497,47.22
2008,8,11,22,30,27.400000000000002,111,597,767,195,279,402,50.050000000000004
2008,8,11,23,30,25.900000000000002,92,367,646,7,171,175,56.85
2008,8,12,0,30,23.6,59,135,390,26,101,106,73.12
2008,8,12,1,30,21.900000000000002,0,0,0,0,0,0,86.84
2008,8,12,2,30,20.900000000000002,0,0,0,0,0,0,92.26
2008,8,12,3,30,20.200000000000003,0,0,0,0,0,0,96.22
2008,8,12,4,30,19.700000000000003,0,0,0,0,0,0,97.77
2008,8,12,5,30,19.200000000000003,0,0,0,0,0,0,98.15
2008,8,12,6,30,18.7,0,0,0,0,0,0,98.25
2008,8,12,7,30,18.3,0,0,0,0,0,0,98.22
2008,8,12,8,30,18,0,0,0,0,0,0,98.10000000000001
2008,8,12,9,30,17.7,0,0,0,0,0,0,98.15
2008,8,12,10,30,17.5,0,0,0,0,0,0,98.34
2008,8,12,11,30,17.3,0,0,0,0,0,0,98.3
2008,8,12,12,30,17.900000000000002,0,0,0,0,0,0,94.57000000000001
2008,8,12,13,30,19.3,59,155,447,6,98,99,90.38
2008,8,12,14,30,21.200000000000003,92,388,667,65,239,268,81.66
2008,8,12,15,30,23.5,115,613,769,252,292,456,69.34
2008,8,12,16,30,25.400000000000002,128,803,829,269,429,648,60.480000000000004
2008,8,12,17,30,26.700000000000003,133,940,867,180,503,671,55.870000000000005
2008,8,12,18,30,27.400000000000002,123,1014,900,900,123,1014,53.230000000000004
2008,8,12,19,30,27.8,124,1009,896,205,525,728,51.44
2008,8,12,20,30,27.6,120,934,882,243,492,717,51.88
2008,8,12,21,30,26.900000000000002,113,793,848,848,113,793,54.63
2008,8,12,22,30,25.700000000000003,102,597,784,784,102,597,59.78
2008,8,12,23,30,24.1,85,368,668,0,49,49,67.45
2008,8,13,0,30,22.3,54,136,421,0,17,17,79.62
2008,8,13,1,30,20.900000000000002,0,0,0,0,0,0,91.61
2008,8,13,2,30,20.3,0,0,0,0,0,0,94.99
2008,8,13,3,30,19.900000000000002,0,0,0,0,0,0,96.86
2008,8,13,4,30,19.6,0,0,0,0,0,0,97.63
2008,8,13,5,30,19.400000000000002,0,0,0,0,0,0,97.07000000000001
2008,8,13,6,30,19.1,0,0,0,0,0,0,97.11
2008,8,13,7,30,18.8,0,0,0,0,0,0,97.5
2008,8,13,8,30,18.5,0,0,0,0,0,0,98.01
2008,8,13,9,30,18.1,0,0,0,0,0,0,98.98
2008,8,13,10,30,17.900000000000002,0,0,0,0,0,0,99.08
2008,8,13,11,30,17.8,0,0,0,0,0,0,98.89
2008,8,13,12,30,18.400000000000002,0,0,0,0,0,0,95.09
2008,8,13,13,30,19.8,58,156,458,177,103,141,90.56
2008,8,13,14,30,21.900000000000002,91,389,672,177,208,287,81.11
2008,8,13,15,30,24.200000000000003,112,616,779,779,112,616,67.54
2008,8,13,16,30,26,124,807,839,839,124,807,57.95
2008,8,13,17,30,27,132,943,871,146,485,621,54.11
2008,8,13,18,30,27.700000000000003,110,1021,920,920,110,1021,51.7
2008,8,13,19,30,28,114,1018,917,917,114,1018,50.51
2008,8,13,20,30,27.8,112,942,900,900,112,942,50.83
2008,8,13,21,30,27.3,109,797,860,860,109,797,52.01
2008,8,13,22,30,26.3,101,600,792,792,101,600,55.230000000000004
2008,8,13,23,30,24.8,85,369,673,673,85,369,61.67
2008,8,14,0,30,22.900000000000002,54,135,425,425,54,135,74.83
2008,8,14,1,30,21.400000000000002,0,0,0,0,0,0,88.24
2008,8,14,2,30,20.700000000000003,0,0,0,0,0,0,91.73
2008,8,14,3,30,20.200000000000003,0,0,0,0,0,0,93.88
2008,8,14,4,30,19.900000000000002,0,0,0,0,0,0,94.44
2008,8,14,5,30,19.5,0,0,0,0,0,0,95.33
2008,8,14,6,30,19.200000000000003,0,0,0,0,0,0,95.85000000000001
2008,8,14,7,30,18.8,0,0,0,0,0,0,97.08
2008,8,14,8,30,18.5,0,0,0,0,0,0,97.86
2008,8,14,9,30,18.2,0,0,0,0,0,0,98.91
2008,8,14,10,30,18.1,0,0,0,0,0,0,99.07000000000001
2008,8,14,11,30,18.1,0,0,0,0,0,0,98.38
2008,8,14,12,30,18.7,0,0,0,0,0,0,94.4
2008,8,14,13,30,20.1,54,158,488,488,54,158,88.88
2008,8,14,14,30,22.200000000000003,81,395,710,710,81,395,78.77
2008,8,14,15,30,24.5,94,623,818,818,94,623,66.1
2008,8,14,16,30,26.3,102,817,879,879,102,817,56.44
2008,8,14,17,30,27.3,107,954,911,911,107,954,52.230000000000004
2008,8,14,18,30,27.700000000000003,113,1022,919,919,113,1022,50.36
2008,8,14,19,30,27.6,112,1019,919,919,112,1019,50.28
2008,8,14,20,30,27.1,109,943,905,905,109,943,51.5
2008,8,14,21,30,26.400000000000002,105,799,869,869,105,799,53.88
2008,8,14,22,30,25.400000000000002,94,603,809,809,94,603,57.92
2008,8,14,23,30,24,77,371,700,502,139,350,65.26
2008,8,15,0,30,22.1,49,136,462,11,78,80,79.03
2008,8,15,1,30,20.8,0,0,0,0,0,0,91.45
2008,8,15,2,30,20.3,0,0,0,0,0,0,94.92
2008,8,15,3,30,19.900000000000002,0,0,0,0,0,0,97.15
2008,8,15,4,30,19.5,0,0,0,0,0,0,98.39
2008,8,15,5,30,19.200000000000003,0,0,0,0,0,0,98.9
2008,8,15,6,30,18.900000000000002,0,0,0,0,0,0,99.83
2008,8,15,7,30,18.7,0,0,0,0,0,0,99.84
2008,8,15,8,30,18.400000000000002,0,0,0,0,0,0,100
2008,8,15,9,30,18.2,0,0,0,0,0,0,99.86
2008,8,15,10,30,18,0,0,0,0,0,0,99.58
2008,8,15,11,30,17.900000000000002,0,0,0,0,0,0,98.62
2008,8,15,12,30,18.7,0,0,0,0,0,0,93.13
2008,8,15,13,30,20.400000000000002,55,155,472,94,105,125,87.42
2008,8,15,14,30,22.6,85,390,690,301,188,320,75.24
2008,8,15,15,30,24.900000000000002,103,618,796,796,103,618,62.33
2008,8,15,16,30,26.8,117,809,851,851,117,809,52.370000000000005
2008,8,15,17,30,28.200000000000003,130,943,874,141,478,609,46.4
2008,8,15,18,30,29.1,135,1012,887,887,135,1012,43.47
2008,8,15,19,30,29.5,137,1007,883,883,137,1007,42.51
2008,8,15,20,30,29.3,133,929,864,586,273,813,43.4
2008,8,15,21,30,28.6,140,781,803,511,241,649,45.410000000000004
2008,8,15,22,30,27.5,125,585,734,112,295,366,48.870000000000005
2008,8,15,23,30,25.8,99,357,617,235,190,288,55.85
2008,8,16,0,30,23.400000000000002,59,127,366,104,99,118,69.88
2008,8,16,1,30,21.5,0,0,0,0,0,0,85.52
2008,8,16,2,30,20.6,0,0,0,0,0,0,91.81
2008,8,16,3,30,20.200000000000003,0,0,0,0,0,0,95.46000000000001
2008,8,16,4,30,20,0,0,0,0,0,0,97.64
2008,8,16,5,30,19.900000000000002,0,0,0,0,0,0,98.13
2008,8,16,6,30,19.6,0,0,0,0,0,0,99.22
2008,8,16,7,30,19.400000000000002,0,0,0,0,0,0,99.43
2008,8,16,8,30,19.200000000000003,0,0,0,0,0,0,99.63
2008,8,16,9,30,19,0,0,0,0,0,0,99.37
2008,8,16,10,30,18.900000000000002,0,0,0,0,0,0,98.8
2008,8,16,11,30,18.8,0,0,0,0,0,0,98.96000000000001
2008,8,16,12,30,19.400000000000002,0,0,0,0,0,0,94.74
2008,8,16,13,30,20.8,60,152,431,33,95,102,88.01
2008,8,16,14,30,22.8,90,387,674,72,191,223,76.59
2008,8,16,15,30,24.900000000000002,107,617,788,90,347,405,64.19
2008,8,16,16,30,26.6,120,808,845,255,431,639,55.94
2008,8,16,17,30,27.900000000000002,130,942,874,227,505,716,51.02
2008,8,16,18,30,28.8,144,1007,874,306,520,822,47.75
2008,8,16,19,30,29.1,147,1001,867,867,147,1001,46.32
2008,8,16,20,30,28.8,146,921,843,481,338,780,46.84
2008,8,16,21,30,27.8,167,767,753,753,167,767,49.83
2008,8,16,22,30,26.3,151,570,671,335,272,482,56.21
2008,8,16,23,30,24.200000000000003,121,342,531,0,50,50,66.61
2008,8,17,0,30,22.1,67,118,274,2,52,53,80.69
2008,8,17,1,30,20.8,0,0,0,0,0,0,90.89
2008,8,17,2,30,20.3,0,0,0,0,0,0,95.39
2008,8,17,3,30,20.200000000000003,0,0,0,0,0,0,96.05
2008,8,17,4,30,20,0,0,0,0,0,0,96.45
2008,8,17,5,30,19.8,0,0,0,0,0,0,97.27
2008,8,17,6,30,19.6,0,0,0,0,0,0,97.99000000000001
2008,8,17,7,30,19.3,0,0,0,0,0,0,98.58
2008,8,17,8,30,19.1,0,0,0,0,0,0,98.60000000000001
2008,8,17,9,30,18.900000000000002,0,0,0,0,0,0,98.55
2008,8,17,10,30,18.8,0,0,0,0,0,0,98.06
2008,8,17,11,30,18.7,0,0,0,0,0,0,97.12
2008,8,17,12,30,18.8,0,0,0,0,0,0,96.18
2008,8,17,13,30,19.6,68,146,369,5,95,96,92.79
2008,8,17,14,30,21.1,105,379,621,49,236,257,86.09
2008,8,17,15,30,23.200000000000003,125,607,746,127,359,441,76.25
2008,8,17,16,30,25,135,798,816,816,135,798,65.9
2008,8,17,17,30,26.1,140,933,853,853,140,933,60.22
2008,8,17,18,30,26.6,154,997,854,576,302,871,57.83
2008,8,17,19,30,26.3,160,990,843,843,160,990,58.04
2008,8,17,20,30,25.200000000000003,163,909,812,812,163,909,62.46
2008,8,17,21,30,23.900000000000002,146,769,783,783,146,769,69.23
2008,8,17,22,30,22.900000000000002,131,573,708,12,211,218,75.22
2008,8,17,23,30,22.1,104,346,584,168,190,259,80.36
2008,8,18,0,30,21.3,59,120,332,4,63,64,86.41
2008,8,18,1,30,20.700000000000003,0,0,0,0,0,0,92.25
2008,8,18,2,30,20.200000000000003,0,0,0,0,0,0,95.23
2008,8,18,3,30,19.8,0,0,0,0,0,0,96.76
2008,8,18,4,30,19.5,0,0,0,0,0,0,97.56
2008,8,18,5,30,19.200000000000003,0,0,0,0,0,0,98.79
2008,8,18,6,30,18.900000000000002,0,0,0,0,0,0,99.42
2008,8,18,7,30,18.7,0,0,0,0,0,0,98.72
2008,8,18,8,30,18.5,0,0,0,0,0,0,98.27
2008,8,18,9,30,18.2,0,0,0,0,0,0,98.22
2008,8,18,10,30,17.8,0,0,0,0,0,0,97.69
2008,8,18,11,30,17.7,0,0,0,0,0,0,96.47
2008,8,18,12,30,18.3,0,0,0,0,0,0,92.34
2008,8,18,13,30,20,57,152,453,12,84,87,84.49
2008,8,18,14,30,22.200000000000003,87,388,684,108,207,254,69.78
2008,8,18,15,30,24.3,106,615,789,257,282,448,57.51
2008,8,18,16,30,26.200000000000003,120,805,842,454,284,653,50.77
2008,8,18,17,30,27.6,131,939,870,546,287,795,47.26
2008,8,18,18,30,28.5,140,1005,876,876,140,1005,45.53
2008,8,18,19,30,28.6,145,997,866,866,145,997,45.96
2008,8,18,20,30,27.900000000000002,147,916,839,839,147,916,48.83
2008,8,18,21,30,26.8,156,766,769,70,365,421,53.44
2008,8,18,22,30,25.700000000000003,144,568,683,12,213,221,58.99
2008,8,18,23,30,24.200000000000003,111,342,562,140,204,261,67.1
2008,8,19,0,30,22.5,61,116,306,25,86,90,78.9
2008,8,19,1,30,21.3,0,0,0,0,0,0,89.54
2008,8,19,2,30,20.700000000000003,0,0,0,0,0,0,93.98
2008,8,19,3,30,20.3,0,0,0,0,0,0,96.5
2008,8,19,4,30,19.900000000000002,0,0,0,0,0,0,98.41
2008,8,19,5,30,19.6,0,0,0,0,0,0,99.45
2008,8,19,6,30,19.400000000000002,0,0,0,0,0,0,99.74000000000001
2008,8,19,7,30,19.200000000000003,0,0,0,0,0,0,99.69
2008,8,19,8,30,19,0,0,0,0,0,0,99.49000000000001
2008,8,19,9,30,18.8,0,0,0,0,0,0,99.4
2008,8,19,10,30,18.6,0,0,0,0,0,0,99.02
2008,8,19,11,30,18.400000000000002,0,0,0,0,0,0,98.42
2008,8,19,12,30,19,0,0,0,0,0,0,93.41
2008,8,19,13,30,20.6,55,152,460,114,101,124,89.22
2008,8,19,14,30,22.5,81,389,702,40,225,242,79.64
2008,8,19,15,30,24.700000000000003,94,619,814,167,347,455,64.36
2008,8,19,16,30,26.400000000000002,102,811,873,873,102,811,53.910000000000004
2008,8,19,17,30,27.3,108,946,902,209,494,688,50.4
2008,8,19,18,30,27.6,128,1007,891,156,493,646,49.870000000000005
2008,8,19,19,30,27.200000000000003,134,1000,881,278,436,709,51.51
2008,8,19,20,30,26.5,129,921,865,431,329,724,54.71
2008,8,19,21,30,25.8,127,774,816,218,325,498,58.6
2008,8,19,22,30,24.900000000000002,114,578,749,1,122,123,63.47
2008,8,19,23,30,23.700000000000003,91,348,628,0,33,33,70.42
2008,8,20,0,30,22.200000000000003,53,118,368,9,73,75,82.11
2008,8,20,1,30,21.1,0,0,0,0,0,0,92.55
2008,8,20,2,30,20.6,0,0,0,0,0,0,95.01
2008,8,20,3,30,20.200000000000003,0,0,0,0,0,0,96.2
2008,8,20,4,30,19.700000000000003,0,0,0,0,0,0,97.69
2008,8,20,5,30,19.3,0,0,0,0,0,0,98.26
2008,8,20,6,30,18.900000000000002,0,0,0,0,0,0,99.16
2008,8,20,7,30,18.6,0,0,0,0,0,0,99.36
2008,8,20,8,30,18.400000000000002,0,0,0,0,0,0,98.96000000000001
2008,8,20,9,30,18.400000000000002,0,0,0,0,0,0,98.06
2008,8,20,10,30,18.5,0,0,0,0,0,0,97.64
2008,8,20,11,30,18.6,0,0,0,0,0,0,96.94
2008,8,20,12,30,19.1,0,0,0,0,0,0,93.66
2008,8,20,13,30,20.3,61,147,413,1,39,40,90.05
2008,8,20,14,30,21.8,95,381,650,0,13,13,81.47
2008,8,20,15,30,23.3,119,607,756,5,183,186,70.57000000000001
2008,8,20,16,30,24.8,135,797,815,1,285,286,61.06
2008,8,20,17,30,26.200000000000003,143,932,851,53,443,492,55.4
2008,8,20,18,30,26.700000000000003,153,997,856,41,419,460,53.44
2008,8,20,19,30,26.400000000000002,163,988,840,54,445,498,54.550000000000004
2008,8,20,20,30,25.700000000000003,166,906,809,136,425,549,57.74
2008,8,20,21,30,24.900000000000002,153,762,770,456,285,646,62.28
2008,8,20,22,30,24,148,561,668,11,209,216,67.9
2008,8,20,23,30,23,117,333,531,38,184,200,74.92
2008,8,21,0,30,21.700000000000003,64,109,257,4,63,63,85.71000000000001
2008,8,21,1,30,20.8,0,0,0,0,0,0,94.32000000000001
2008,8,21,2,30,20.3,0,0,0,0,0,0,96.8
2008,8,21,3,30,19.900000000000002,0,0,0,0,0,0,97.66
2008,8,21,4,30,19.6,0,0,0,0,0,0,98.45
2008,8,21,5,30,19.400000000000002,0,0,0,0,0,0,98.58
2008,8,21,6,30,19.3,0,0,0,0,0,0,98.42
2008,8,21,7,30,19.3,0,0,0,0,0,0,97.81
2008,8,21,8,30,19.3,0,0,0,0,0,0,97.21000000000001
2008,8,21,9,30,19.1,0,0,0,0,0,0,97.66
2008,8,21,10,30,18.7,0,0,0,0,0,0,99.07000000000001
2008,8,21,11,30,18.400000000000002,0,0,0,0,0,0,99.39
2008,8,21,12,30,18.900000000000002,0,0,0,0,0,0,95.09
2008,8,21,13,30,20.400000000000002,59,149,437,20,104,108,89.71000000000001
2008,8,21,14,30,22.6,90,385,674,674,90,385,77.95
2008,8,21,15,30,24.400000000000002,110,613,780,780,110,613,65.84
2008,8,21,16,30,25.5,122,805,842,232,436,624,58.9
2008,8,21,17,30,26,127,940,877,301,481,760,56.88
2008,8,21,18,30,26.200000000000003,130,1008,891,891,130,1008,56.57
2008,8,21,19,30,26,131,1001,888,888,131,1001,57.51
2008,8,21,20,30,25.6,126,923,872,872,126,923,59.17
2008,8,21,21,30,24.8,130,772,814,814,130,772,62.58
2008,8,21,22,30,23.8,117,574,743,743,117,574,67.94
2008,8,21,23,30,22.400000000000002,95,342,611,339,170,307,76.99
2008,8,22,0,30,21.200000000000003,55,112,332,4,64,65,87.61
2008,8,22,1,30,20.400000000000002,0,0,0,0,0,0,94.49
2008,8,22,2,30,20.1,0,0,0,0,0,0,96.51
2008,8,22,3,30,19.8,0,0,0,0,0,0,97.99000000000001
2008,8,22,4,30,19.5,0,0,0,0,0,0,98.79
2008,8,22,5,30,19.3,0,0,0,0,0,0,98.86
2008,8,22,6,30,19,0,0,0,0,0,0,99.29
2008,8,22,7,30,18.8,0,0,0,0,0,0,99.02
2008,8,22,8,30,18.6,0,0,0,0,0,0,98.41
2008,8,22,9,30,18.5,0,0,0,0,0,0,97.38
2008,8,22,10,30,18.3,0,0,0,0,0,0,96.87
2008,8,22,11,30,18,0,0,0,0,0,0,96.65
2008,8,22,12,30,18.6,0,0,0,0,0,0,91.86
2008,8,22,13,30,20.400000000000002,56,150,455,8,97,98,87.54
2008,8,22,14,30,22.8,85,387,690,44,227,247,75.25
2008,8,22,15,30,25.5,100,617,802,802,100,617,58.65
2008,8,22,16,30,27.400000000000002,109,810,864,403,312,639,49.14
2008,8,22,17,30,28.3,113,945,897,365,450,789,46.68
2008,8,22,18,30,28.400000000000002,115,1012,910,262,519,777,46.87
2008,8,22,19,30,27.900000000000002,115,1006,910,910,115,1006,48.74
2008,8,22,20,30,27.1,110,928,896,197,487,667,51.660000000000004
2008,8,22,21,30,26.200000000000003,111,779,848,848,111,779,55.410000000000004
2008,8,22,22,30,25.3,101,580,781,3,146,148,59.92
2008,8,22,23,30,24.1,83,347,655,4,103,104,67.46000000000001
2008,8,23,0,30,22.5,50,113,375,35,58,64,79.95
2008,8,23,1,30,21.3,0,0,0,0,0,0,89.98
2008,8,23,2,30,20.6,0,0,0,0,0,0,91.15
2008,8,23,3,30,20,0,0,0,0,0,0,94.81
2008,8,23,4,30,19.700000000000003,0,0,0,0,0,0,95.96000000000001
2008,8,23,5,30,19.400000000000002,0,0,0,0,0,0,96.62
2008,8,23,6,30,19.200000000000003,0,0,0,0,0,0,97.68
2008,8,23,7,30,19.1,0,0,0,0,0,0,98.3
2008,8,23,8,30,18.900000000000002,0,0,0,0,0,0,98.91
2008,8,23,9,30,18.8,0,0,0,0,0,0,98.69
2008,8,23,10,30,18.7,0,0,0,0,0,0,98.36
2008,8,23,11,30,18.5,0,0,0,0,0,0,98.67
2008,8,23,12,30,19,0,0,0,0,0,0,94.9
2008,8,23,13,30,19.900000000000002,43,156,550,2,77,77,94.44
2008,8,23,14,30,20.700000000000003,63,396,760,0,27,27,89.79
2008,8,23,15,30,22,77,624,849,0,165,165,81.58
2008,8,23,16,30,23.400000000000002,86,814,898,0,220,220,71.77
2008,8,23,17,30,24.5,92,949,924,78,449,521,64.67
2008,8,23,18,30,24.900000000000002,122,1008,900,121,499,618,62.22
2008,8,23,19,30,25,123,1001,896,3,387,390,61.19
2008,8,23,20,30,24.700000000000003,120,921,880,202,490,674,61.74
2008,8,23,21,30,24.200000000000003,108,777,852,48,330,367,63.7
2008,8,23,22,30,23.5,93,579,794,33,233,253,66.96000000000001
2008,8,23,23,30,22.5,74,348,686,0,83,83,71.52
2008,8,24,0,30,20.900000000000002,43,114,429,0,30,30,82.03
2008,8,24,1,30,19.8,0,0,0,0,0,0,92.05
2008,8,24,2,30,19.400000000000002,0,0,0,0,0,0,92.79
2008,8,24,3,30,18.900000000000002,0,0,0,0,0,0,94.11
2008,8,24,4,30,18.5,0,0,0,0,0,0,95.38
2008,8,24,5,30,18.1,0,0,0,0,0,0,96.76
2008,8,24,6,30,17.900000000000002,0,0,0,0,0,0,96.53
2008,8,24,7,30,17.6,0,0,0,0,0,0,97.48
2008,8,24,8,30,17.3,0,0,0,0,0,0,98.46000000000001
2008,8,24,9,30,17.1,0,0,0,0,0,0,98.46000000000001
2008,8,24,10,30,16.900000000000002,0,0,0,0,0,0,98.64
2008,8,24,11,30,16.900000000000002,0,0,0,0,0,0,97.66
2008,8,24,12,30,17.6,0,0,0,0,0,0,93.38
2008,8,24,13,30,19.5,48,153,510,248,89,140,87.28
2008,8,24,14,30,22.1,70,393,740,740,70,393,76.5
2008,8,24,15,30,24.6,81,625,845,845,81,625,63.49
2008,8,24,16,30,26.400000000000002,89,818,899,899,89,818,54.58
2008,8,24,17,30,27.5,95,953,927,927,95,953,51.65
2008,8,24,18,30,27.900000000000002,105,1017,927,927,105,1017,51.22
2008,8,24,19,30,27.8,109,1007,919,356,481,829,52.31
2008,8,24,20,30,27.1,110,925,895,677,229,845,55.36
2008,8,24,21,30,26,111,774,847,217,420,590,60.17
2008,8,24,22,30,24.700000000000003,104,572,770,217,279,411,66.75
2008,8,24,23,30,23.3,83,340,646,25,157,167,74.91
2008,8,25,0,30,21.700000000000003,48,108,367,1,39,40,85.9
2008,8,25,1,30,20.5,0,0,0,0,0,0,95.07000000000001
2008,8,25,2,30,19.900000000000002,0,0,0,0,0,0,97.63
2008,8,25,3,30,19.5,0,0,0,0,0,0,98.62
2008,8,25,4,30,19.200000000000003,0,0,0,0,0,0,99.09
2008,8,25,5,30,19,0,0,0,0,0,0,99.09
2008,8,25,6,30,18.7,0,0,0,0,0,0,99.58
2008,8,25,7,30,18.5,0,0,0,0,0,0,99.43
2008,8,25,8,30,18.3,0,0,0,0,0,0,99.39
2008,8,25,9,30,18,0,0,0,0,0,0,99.86
2008,8,25,10,30,17.8,0,0,0,0,0,0,99.28
2008,8,25,11,30,17.6,0,0,0,0,0,0,98.88
2008,8,25,12,30,18.1,0,0,0,0,0,0,94.78
2008,8,25,13,30,19.6,54,149,466,225,93,140,89.76
2008,8,25,14,30,21.700000000000003,80,387,704,704,80,387,80.48
2008,8,25,15,30,23.8,96,617,810,810,96,617,69.23
2008,8,25,16,30,25.700000000000003,106,808,866,866,106,808,58.96
2008,8,25,17,30,26.8,113,941,895,895,113,941,54.27
2008,8,25,18,30,27.1,109,1010,916,607,276,872,53.56
2008,8,25,19,30,26.6,114,1000,907,140,430,567,55.58
2008,8,25,20,30,25.5,112,918,888,127,430,545,60.410000000000004
2008,8,25,21,30,24.3,131,761,806,48,340,378,67.49
2008,8,25,22,30,23,119,560,728,2,134,135,75.62
2008,8,25,23,30,21.8,91,331,607,335,159,291,83.46000000000001
2008,8,26,0,30,20.900000000000002,51,103,325,2,46,46,90.10000000000001
2008,8,26,1,30,20.400000000000002,0,0,0,0,0,0,94.52
2008,8,26,2,30,20.200000000000003,0,0,0,0,0,0,95.81
2008,8,26,3,30,19.900000000000002,0,0,0,0,0,0,96.81
2008,8,26,4,30,19.5,0,0,0,0,0,0,97.86
2008,8,26,5,30,19.1,0,0,0,0,0,0,97.91
2008,8,26,6,30,18.7,0,0,0,0,0,0,97.98
2008,8,26,7,30,18.400000000000002,0,0,0,0,0,0,98.11
2008,8,26,8,30,18.1,0,0,0,0,0,0,98.63
2008,8,26,9,30,17.900000000000002,0,0,0,0,0,0,98.62
2008,8,26,10,30,17.6,0,0,0,0,0,0,99.36
2008,8,26,11,30,17.400000000000002,0,0,0,0,0,0,99.10000000000001
2008,8,26,12,30,18,0,0,0,0,0,0,94.76
2008,8,26,13,30,19.5,45,153,532,0,3,3,90.46000000000001
2008,8,26,14,30,21.3,66,393,750,109,200,247,82.58
2008,8,26,15,30,23.400000000000002,78,623,848,18,281,292,71.46000000000001
2008,8,26,16,30,25.1,84,813,901,117,406,501,61.9
2008,8,26,17,30,26.1,90,948,927,49,443,488,57.44
2008,8,26,18,30,26.5,93,1013,937,76,450,524,56.08
2008,8,26,19,30,26.3,94,1005,935,11,356,366,57.5
2008,8,26,20,30,25.6,91,924,918,53,409,456,61.33
2008,8,26,21,30,24.5,94,773,870,152,348,466,67.16
2008,8,26,22,30,23.3,85,573,806,88,241,294,73.61
2008,8,26,23,30,22,70,339,688,6,109,111,80.85000000000001
2008,8,27,0,30,20.900000000000002,43,105,396,2,38,38,88.17
2008,8,27,1,30,20.3,0,0,0,0,0,0,93.15
2008,8,27,2,30,20.1,0,0,0,0,0,0,94.87
2008,8,27,3,30,20,0,0,0,0,0,0,95.76
2008,8,27,4,30,19.900000000000002,0,0,0,0,0,0,96.44
2008,8,27,5,30,19.700000000000003,0,0,0,0,0,0,97.49000000000001
2008,8,27,6,30,19.6,0,0,0,0,0,0,97.69
2008,8,27,7,30,19.400000000000002,0,0,0,0,0,0,98.22
2008,8,27,8,30,19.200000000000003,0,0,0,0,0,0,98.61
2008,8,27,9,30,19,0,0,0,0,0,0,98.57000000000001
2008,8,27,10,30,18.8,0,0,0,0,0,0,98.61
2008,8,27,11,30,18.8,0,0,0,0,0,0,98.74000000000001
2008,8,27,12,30,19.1,0,0,0,0,0,0,96.94
2008,8,27,13,30,19.900000000000002,44,152,528,1,43,43,93.69
2008,8,27,14,30,21.200000000000003,66,391,748,53,175,198,88.19
2008,8,27,15,30,22.900000000000002,79,621,844,88,333,390,79.26
2008,8,27,16,30,24.6,89,811,893,122,412,511,68.96000000000001
2008,8,27,17,30,26,96,946,920,1,273,273,62.1
2008,8,27,18,30,26.8,108,1009,919,4,397,400,58.5
2008,8,27,19,30,26.8,111,999,912,197,511,702,58.81
2008,8,27,20,30,26.1,110,916,891,891,110,916,62.22
2008,8,27,21,30,25.200000000000003,161,747,753,471,288,655,67
2008,8,27,22,30,24.200000000000003,147,545,661,3,143,145,72.55
2008,8,27,23,30,23,114,315,517,2,94,95,79.85000000000001
2008,8,28,0,30,21.700000000000003,58,92,225,1,37,37,89.78
2008,8,28,1,30,20.8,0,0,0,0,0,0,96.51
2008,8,28,2,30,20.3,0,0,0,0,0,0,98.36
2008,8,28,3,30,20,0,0,0,0,0,0,99.22
2008,8,28,4,30,19.8,0,0,0,0,0,0,99.66
2008,8,28,5,30,19.6,0,0,0,0,0,0,99.82000000000001
2008,8,28,6,30,19.3,0,0,0,0,0,0,100
2008,8,28,7,30,19.1,0,0,0,0,0,0,99.71000000000001
2008,8,28,8,30,18.900000000000002,0,0,0,0,0,0,99.48
2008,8,28,9,30,18.8,0,0,0,0,0,0,98.59
2008,8,28,10,30,18.7,0,0,0,0,0,0,98.14
2008,8,28,11,30,18.8,0,0,0,0,0,0,96.92
2008,8,28,12,30,19.3,0,0,0,0,0,0,93.54
2008,8,28,13,30,20.6,57,145,434,434,57,145,91.06
2008,8,28,14,30,22.200000000000003,89,382,674,674,89,382,83.71000000000001
2008,8,28,15,30,24,107,612,787,0,171,171,73.2
2008,8,28,16,30,25.5,116,805,852,852,116,805,63.550000000000004
2008,8,28,17,30,26.400000000000002,121,939,885,885,121,939,58.97
2008,8,28,18,30,26.8,119,1007,907,172,506,675,57.46
2008,8,28,19,30,26.8,120,997,902,70,477,545,57.29
2008,8,28,20,30,26.5,119,915,881,99,457,547,57.980000000000004
2008,8,28,21,30,25.900000000000002,110,766,846,387,291,591,59.93
2008,8,28,22,30,24.900000000000002,100,564,774,588,179,531,64.1
2008,8,28,23,30,23.6,81,329,643,63,183,207,71.94
2008,8,29,0,30,22.200000000000003,45,98,352,3,48,48,83.69
2008,8,29,1,30,21.200000000000003,0,0,0,0,0,0,92.87
2008,8,29,2,30,20.700000000000003,0,0,0,0,0,0,95.86
2008,8,29,3,30,20.3,0,0,0,0,0,0,97.99000000000001
2008,8,29,4,30,20,0,0,0,0,0,0,98.8
2008,8,29,5,30,19.700000000000003,0,0,0,0,0,0,99.26
2008,8,29,6,30,19.5,0,0,0,0,0,0,99.69
2008,8,29,7,30,19.3,0,0,0,0,0,0,99.89
2008,8,29,8,30,19.1,0,0,0,0,0,0,100
2008,8,29,9,30,18.900000000000002,0,0,0,0,0,0,99.62
2008,8,29,10,30,18.8,0,0,0,0,0,0,98.78
2008,8,29,11,30,18.7,0,0,0,0,0,0,98.09
2008,8,29,12,30,19.400000000000002,0,0,0,0,0,0,93.19
2008,8,29,13,30,21.1,51,147,474,14,77,80,87.55
2008,8,29,14,30,23.700000000000003,79,385,706,74,195,227,75.38
2008,8,29,15,30,26.200000000000003,96,614,808,450,212,500,62.06
2008,8,29,16,30,27.6,110,804,859,447,285,646,53.92
2008,8,29,17,30,28.200000000000003,116,938,891,467,330,761,51.370000000000005
2008,8,29,18,30,28.400000000000002,127,1000,892,521,325,835,51.230000000000004
2008,8,29,19,30,28.1,131,989,883,883,131,989,52.550000000000004
2008,8,29,20,30,27.400000000000002,126,908,867,867,126,908,55.38
2008,8,29,21,30,26.5,177,736,722,722,177,736,59.82
2008,8,29,22,30,25.400000000000002,162,534,623,15,219,227,65.64
2008,8,29,23,30,24,124,304,469,2,88,88,73.57000000000001
2008,8,30,0,30,22.6,59,84,172,1,43,44,83.28
2008,8,30,1,30,21.6,0,0,0,0,0,0,91.41
2008,8,30,2,30,21.200000000000003,0,0,0,0,0,0,94.24
2008,8,30,3,30,20.900000000000002,0,0,0,0,0,0,95.87
2008,8,30,4,30,20.700000000000003,0,0,0,0,0,0,96.43
2008,8,30,5,30,20.5,0,0,0,0,0,0,97.35000000000001
2008,8,30,6,30,20.3,0,0,0,0,0,0,98.10000000000001
2008,8,30,7,30,20,0,0,0,0,0,0,98.65
2008,8,30,8,30,19.700000000000003,0,0,0,0,0,0,98.86
2008,8,30,9,30,19.6,0,0,0,0,0,0,98.05
2008,8,30,10,30,19.5,0,0,0,0,0,0,98.06
2008,8,30,11,30,19.3,0,0,0,0,0,0,98.58
2008,8,30,12,30,19.5,0,0,0,0,0,0,96.67
2008,8,30,13,30,20.200000000000003,68,134,328,1,49,49,94.62
2008,8,30,14,30,20.900000000000002,107,368,600,89,205,243,92.91
2008,8,30,15,30,21.5,131,594,723,59,323,361,91.2
2008,8,30,16,30,22.1,151,782,782,352,341,625,87.18
2008,8,30,17,30,22.700000000000003,167,913,809,125,469,584,83.27
2008,8,30,18,30,23,148,986,857,290,513,796,80.75
2008,8,30,19,30,23.1,146,978,857,857,146,978,79.95
2008,8,30,20,30,23.1,141,897,839,839,141,897,80.33
2008,8,30,21,30,23.1,124,752,813,813,124,752,80.52
2008,8,30,22,30,23,104,555,759,759,104,555,81.25
2008,8,30,23,30,22.3,79,323,643,323,150,272,84.9
2008,8,31,0,30,21.3,45,92,328,4,50,50,93.21000000000001
2008,8,31,1,30,20.6,0,0,0,0,0,0,96.4
2008,8,31,2,30,20.400000000000002,0,0,0,0,0,0,96.31
2008,8,31,3,30,20.200000000000003,0,0,0,0,0,0,96.81
2008,8,31,4,30,20.1,0,0,0,0,0,0,96.34
2008,8,31,5,30,19.900000000000002,0,0,0,0,0,0,96.58
2008,8,31,6,30,19.5,0,0,0,0,0,0,97.88
2008,8,31,7,30,19,0,0,0,0,0,0,99.12
2008,8,31,8,30,18.6,0,0,0,0,0,0,99.59
2008,8,31,9,30,18.3,0,0,0,0,0,0,99.7
2008,8,31,10,30,18.1,0,0,0,0,0,0,99.56
2008,8,31,11,30,18,0,0,0,0,0,0,98.78
2008,8,31,12,30,18.6,0,0,0,0,0,0,94.61
2008,8,31,13,30,20,47,149,511,0,32,32,91.87
2008,8,31,14,30,21.8,70,390,739,0,138,138,85.11
2008,8,31,15,30,24.200000000000003,82,621,843,0,186,187,72.71000000000001
2008,8,31,16,30,26,89,813,898,308,338,586,61.97
2008,8,31,17,30,27.200000000000003,95,946,923,230,388,600,57.11
2008,8,31,18,30,27.8,101,1010,931,144,426,566,55.13
2008,8,31,19,30,27.900000000000002,104,999,924,535,284,802,55.09
2008,8,31,20,30,27.6,103,914,902,526,297,770,56.300000000000004
2008,8,31,21,30,26.8,101,762,859,494,257,637,58.86
2008,8,31,22,30,25.5,92,558,787,242,260,404,64.1
2008,8,31,23,30,23.8,74,323,660,59,171,193,72.88
2008,9,1,0,30,22.1,41,91,355,3,48,48,84.88
2008,9,1,1,30,20.900000000000002,0,0,0,0,0,0,93.62
2008,9,1,2,30,20.3,0,0,0,0,0,0,96.02
2008,9,1,3,30,19.8,0,0,0,0,0,0,97.21000000000001
2008,9,1,4,30,19.400000000000002,0,0,0,0,0,0,97.01
2008,9,1,5,30,19,0,0,0,0,0,0,97.53
2008,9,1,6,30,18.6,0,0,0,0,0,0,98.44
2008,9,1,7,30,18.3,0,0,0,0,0,0,99.13
2008,9,1,8,30,18.2,0,0,0,0,0,0,98.86
2008,9,1,9,30,18.1,0,0,0,0,0,0,99.29
2008,9,1,10,30,18,0,0,0,0,0,0,99.45
2008,9,1,11,30,17.8,0,0,0,0,0,0,99.67
2008,9,1,12,30,18.400000000000002,0,0,0,0,0,0,94.76
2008,9,1,13,30,20.200000000000003,46,149,515,14,96,98,89.24
2008,9,1,14,30,22.6,68,390,745,1,140,141,80.54
2008,9,1,15,30,25.1,80,621,847,29,290,309,68.07000000000001
2008,9,1,16,30,26.700000000000003,88,813,900,25,371,390,59.61
2008,9,1,17,30,27.400000000000002,94,946,926,89,449,531,57.53
2008,9,1,18,30,27.400000000000002,120,1002,904,904,120,1002,58.02
2008,9,1,19,30,26.5,132,987,884,255,516,763,62.31
2008,9,1,20,30,25.200000000000003,140,896,844,844,140,896,68.55
2008,9,1,21,30,23.900000000000002,109,755,842,842,109,755,75.84
2008,9,1,22,30,23.1,98,551,768,64,304,342,81.04
2008,9,1,23,30,22.400000000000002,78,317,639,318,154,273,85.99
2008,9,2,0,30,21.6,42,88,337,337,42,88,92.85000000000001
2008,9,2,1,30,21,0,0,0,0,0,0,96.03
2008,9,2,2,30,20.5,0,0,0,0,0,0,97.16
2008,9,2,3,30,20.1,0,0,0,0,0,0,97.41
2008,9,2,4,30,19.8,0,0,0,0,0,0,97.39
2008,9,2,5,30,19.5,0,0,0,0,0,0,97.86
2008,9,2,6,30,19.200000000000003,0,0,0,0,0,0,98.44
2008,9,2,7,30,18.900000000000002,0,0,0,0,0,0,98.94
2008,9,2,8,30,18.8,0,0,0,0,0,0,98.55
2008,9,2,9,30,18.8,0,0,0,0,0,0,98.33
2008,9,2,10,30,18.8,0,0,0,0,0,0,97.92
2008,9,2,11,30,18.7,0,0,0,0,0,0,97.51
2008,9,2,12,30,19,0,0,0,0,0,0,94.39
2008,9,2,13,30,20.200000000000003,56,142,436,0,46,46,91.61
2008,9,2,14,30,22.1,83,381,690,690,83,381,84
2008,9,2,15,30,24.3,98,613,806,806,98,613,73.77
2008,9,2,16,30,26.200000000000003,109,804,864,255,422,627,62.77
2008,9,2,17,30,27.5,113,938,897,897,113,938,55.94
2008,9,2,18,30,28.200000000000003,164,985,843,843,164,985,53.32
2008,9,2,19,30,28.3,171,972,830,830,171,972,52.730000000000004
2008,9,2,20,30,27.8,167,887,805,805,167,887,54.26
2008,9,2,21,30,27,181,727,713,416,318,636,57.85
2008,9,2,22,30,25.900000000000002,160,524,621,25,225,240,64.01
2008,9,2,23,30,24.3,121,294,465,32,176,188,73.23
2008,9,3,0,30,22.6,53,75,164,164,53,75,86
2008,9,3,1,30,21.3,0,0,0,0,0,0,95.60000000000001
2008,9,3,2,30,20.900000000000002,0,0,0,0,0,0,97.59
2008,9,3,3,30,20.8,0,0,0,0,0,0,98.2
2008,9,3,4,30,20.6,0,0,0,0,0,0,99.04
2008,9,3,5,30,20.400000000000002,0,0,0,0,0,0,99.25
2008,9,3,6,30,20.1,0,0,0,0,0,0,99.87
2008,9,3,7,30,20,0,0,0,0,0,0,99.29
2008,9,3,8,30,19.900000000000002,0,0,0,0,0,0,99.17
2008,9,3,9,30,19.8,0,0,0,0,0,0,99.2
2008,9,3,10,30,19.700000000000003,0,0,0,0,0,0,98.91
2008,9,3,11,30,19.5,0,0,0,0,0,0,98.8
2008,9,3,12,30,19.8,0,0,0,0,0,0,95.14
2008,9,3,13,30,21.200000000000003,59,140,406,18,88,91,91.10000000000001
2008,9,3,14,30,23,94,380,664,63,235,263,83.71000000000001
2008,9,3,15,30,25.5,111,613,786,308,263,459,70.18
2008,9,3,16,30,27.8,122,809,854,104,367,451,55.96
2008,9,3,17,30,29.5,129,942,885,435,343,743,46.78
2008,9,3,18,30,30.5,166,994,850,407,372,768,41.88
2008,9,3,19,30,30.900000000000002,169,980,842,194,455,642,39.84
2008,9,3,20,30,30.6,168,893,812,534,302,778,40.44
2008,9,3,21,30,29.900000000000002,133,747,806,475,254,616,42.61
2008,9,3,22,30,28.5,120,541,721,33,235,254,47.67
2008,9,3,23,30,26.200000000000003,94,305,574,1,78,79,57.82
2008,9,4,0,30,23.400000000000002,46,79,254,4,55,56,76.21000000000001
2008,9,4,1,30,21.6,0,0,0,0,0,0,90.31
2008,9,4,2,30,21,0,0,0,0,0,0,93.7
2008,9,4,3,30,20.8,0,0,0,0,0,0,95.87
2008,9,4,4,30,20.700000000000003,0,0,0,0,0,0,97.45
2008,9,4,5,30,20.6,0,0,0,0,0,0,98.17
2008,9,4,6,30,20.5,0,0,0,0,0,0,98.27
2008,9,4,7,30,20.5,0,0,0,0,0,0,97.66
2008,9,4,8,30,20.3,0,0,0,0,0,0,98.04
2008,9,4,9,30,20.1,0,0,0,0,0,0,98.08
2008,9,4,10,30,19.8,0,0,0,0,0,0,98.33
2008,9,4,11,30,19.6,0,0,0,0,0,0,98.02
2008,9,4,12,30,19.900000000000002,0,0,0,0,0,0,95.05
2008,9,4,13,30,21.1,58,142,428,38,92,99,91.12
2008,9,4,14,30,22.6,90,384,682,7,125,128,83.07000000000001
2008,9,4,15,30,24.6,108,619,801,1,118,118,69.85000000000001
2008,9,4,16,30,26.6,118,815,867,166,342,475,57.65
2008,9,4,17,30,28.3,122,953,906,450,335,748,50.02
2008,9,4,18,30,29.5,121,1018,923,630,269,882,46.08
2008,9,4,19,30,30.1,122,1004,916,341,495,824,44.19
2008,9,4,20,30,30.3,122,911,886,289,471,728,43.19
2008,9,4,21,30,29.8,119,752,833,159,420,541,44.04
2008,9,4,22,30,28.6,111,542,742,87,318,368,47.300000000000004
2008,9,4,23,30,26.700000000000003,90,303,585,3,136,137,54.980000000000004
2008,9,5,0,30,24.400000000000002,44,77,254,1,52,52,71.44
2008,9,5,1,30,22.8,0,0,0,0,0,0,87.82000000000001
2008,9,5,2,30,22.200000000000003,0,0,0,0,0,0,91.94
2008,9,5,3,30,21.700000000000003,0,0,0,0,0,0,94.51
2008,9,5,4,30,21.3,0,0,0,0,0,0,94.78
2008,9,5,5,30,20.900000000000002,0,0,0,0,0,0,95.32000000000001
2008,9,5,6,30,20.5,0,0,0,0,0,0,95.92
2008,9,5,7,30,19.900000000000002,0,0,0,0,0,0,97.07000000000001
2008,9,5,8,30,19.1,0,0,0,0,0,0,98.8
2008,9,5,9,30,18.2,0,0,0,0,0,0,100
2008,9,5,10,30,17.5,0,0,0,0,0,0,100
2008,9,5,11,30,17,0,0,0,0,0,0,99.96000000000001
2008,9,5,12,30,17.6,0,0,0,0,0,0,92.9
2008,9,5,13,30,19.400000000000002,56,148,469,469,56,148,83.33
2008,9,5,14,30,22.200000000000003,87,392,710,710,87,392,69.27
2008,9,5,15,30,25.200000000000003,104,627,820,820,104,627,56
2008,9,5,16,30,27.400000000000002,115,818,876,876,115,818,48.25
2008,9,5,17,30,28.900000000000002,124,948,899,899,124,948,43.93
2008,9,5,18,30,29.8,135,1006,897,897,135,1006,41.94
2008,9,5,19,30,29.900000000000002,142,990,883,883,142,990,42.32
2008,9,5,20,30,29.5,141,899,853,853,141,899,44.31
2008,9,5,21,30,28.8,137,743,799,799,137,743,47.24
2008,9,5,22,30,27.900000000000002,122,535,714,410,231,468,51.18
2008,9,5,23,30,26.5,93,300,570,298,165,273,57.46
2008,9,6,0,30,24.400000000000002,45,74,234,0,7,7,72.9
2008,9,6,1,30,23,0,0,0,0,0,0,87.39
2008,9,6,2,30,22.200000000000003,0,0,0,0,0,0,91.08
2008,9,6,3,30,21.700000000000003,0,0,0,0,0,0,93.15
2008,9,6,4,30,21.400000000000002,0,0,0,0,0,0,94.47
2008,9,6,5,30,21.200000000000003,0,0,0,0,0,0,95.83
2008,9,6,6,30,20.8,0,0,0,0,0,0,96.49000000000001
2008,9,6,7,30,20.3,0,0,0,0,0,0,97.34
2008,9,6,8,30,19.700000000000003,0,0,0,0,0,0,97.71000000000001
2008,9,6,9,30,19.1,0,0,0,0,0,0,97.73
2008,9,6,10,30,18.400000000000002,0,0,0,0,0,0,98.38
2008,9,6,11,30,17.6,0,0,0,0,0,0,95.49
2008,9,6,12,30,17.3,0,0,0,0,0,0,91.81
2008,9,6,13,30,17.6,64,135,359,359,64,135,86.18
2008,9,6,14,30,18.7,89,378,674,44,226,245,78.10000000000001
2008,9,6,15,30,20.900000000000002,94,616,819,819,94,616,68.93
2008,9,6,16,30,23.400000000000002,101,812,887,887,101,812,59.46
2008,9,6,17,30,25.5,109,946,915,353,456,779,50.44
2008,9,6,18,30,27,121,1005,912,305,508,803,46.08
2008,9,6,19,30,27.900000000000002,126,988,899,173,507,673,44.85
2008,9,6,20,30,27.700000000000003,134,895,859,859,134,895,46.31
2008,9,6,21,30,26.5,144,733,781,781,144,733,50.56
2008,9,6,22,30,24.900000000000002,124,528,702,702,124,528,57.44
2008,9,6,23,30,23.3,92,295,565,250,159,249,65.59
2008,9,7,0,30,21.3,43,71,237,18,60,62,77.99
2008,9,7,1,30,19.8,0,0,0,0,0,0,90.03
2008,9,7,2,30,19,0,0,0,0,0,0,93.62
2008,9,7,3,30,18.5,0,0,0,0,0,0,95.23
2008,9,7,4,30,18.1,0,0,0,0,0,0,96.29
2008,9,7,5,30,17.900000000000002,0,0,0,0,0,0,96.89
2008,9,7,6,30,17.8,0,0,0,0,0,0,96.86
2008,9,7,7,30,17.7,0,0,0,0,0,0,96.75
2008,9,7,8,30,17.7,0,0,0,0,0,0,96.17
2008,9,7,9,30,17.7,0,0,0,0,0,0,95.77
2008,9,7,10,30,17.8,0,0,0,0,0,0,95.11
2008,9,7,11,30,17.8,0,0,0,0,0,0,95.01
2008,9,7,12,30,18.2,0,0,0,0,0,0,92.57000000000001
2008,9,7,13,30,19.200000000000003,72,128,286,0,26,26,89.55
2008,9,7,14,30,20.700000000000003,124,358,547,0,94,94,84.34
2008,9,7,15,30,22.200000000000003,150,585,685,0,80,80,79.16
2008,9,7,16,30,23.5,154,779,780,0,81,81,74.91
2008,9,7,17,30,24,144,918,846,0,219,219,73.99
2008,9,7,18,30,24,135,984,877,3,376,379,74.14
2008,9,7,19,30,24,126,975,887,1,302,302,74.83
2008,9,7,20,30,24,117,891,875,20,407,424,74.9
2008,9,7,21,30,23.700000000000003,113,737,829,3,193,196,75.76
2008,9,7,22,30,22.900000000000002,102,531,750,404,206,437,79.12
2008,9,7,23,30,21.8,80,295,606,296,153,258,84.84
2008,9,8,0,30,20.700000000000003,38,70,272,1,46,46,92.14
2008,9,8,1,30,19.900000000000002,0,0,0,0,0,0,97.28
2008,9,8,2,30,19.5,0,0,0,0,0,0,98.3
2008,9,8,3,30,19.1,0,0,0,0,0,0,98.83
2008,9,8,4,30,19,0,0,0,0,0,0,97.60000000000001
2008,9,8,5,30,18.900000000000002,0,0,0,0,0,0,97.02
2008,9,8,6,30,18.7,0,0,0,0,0,0,97.81
2008,9,8,7,30,18.5,0,0,0,0,0,0,98.35000000000001
2008,9,8,8,30,18.400000000000002,0,0,0,0,0,0,98.53
2008,9,8,9,30,18.3,0,0,0,0,0,0,98.55
2008,9,8,10,30,18.400000000000002,0,0,0,0,0,0,97.88
2008,9,8,11,30,18.5,0,0,0,0,0,0,97.86
2008,9,8,12,30,18.900000000000002,0,0,0,0,0,0,95.34
2008,9,8,13,30,19.5,43,145,521,0,37,37,94.9
2008,9,8,14,30,20.3,65,385,747,0,78,78,91.91
2008,9,8,15,30,21.5,84,613,834,1,192,192,87.17
2008,9,8,16,30,22.900000000000002,94,802,885,2,306,307,79.24
2008,9,8,17,30,24.1,98,935,916,3,356,358,71.07000000000001
2008,9,8,18,30,24.6,105,996,922,78,432,507,66.73
2008,9,8,19,30,24.5,108,982,915,24,445,468,66.79
2008,9,8,20,30,23.900000000000002,104,896,897,121,425,532,70.09
2008,9,8,21,30,23,100,741,854,84,360,423,74.7
2008,9,8,22,30,22,91,534,778,0,156,156,79.81
2008,9,8,23,30,20.900000000000002,72,297,639,19,120,127,85.72
2008,9,9,0,30,19.900000000000002,35,70,305,4,42,42,91.99
2008,9,9,1,30,19.3,0,0,0,0,0,0,95.82000000000001
2008,9,9,2,30,18.900000000000002,0,0,0,0,0,0,97.76
2008,9,9,3,30,18.6,0,0,0,0,0,0,98.77
2008,9,9,4,30,18.400000000000002,0,0,0,0,0,0,98.94
2008,9,9,5,30,18.2,0,0,0,0,0,0,99.3
2008,9,9,6,30,18.1,0,0,0,0,0,0,99.43
2008,9,9,7,30,18.1,0,0,0,0,0,0,99.25
2008,9,9,8,30,18,0,0,0,0,0,0,99.67
2008,9,9,9,30,17.8,0,0,0,0,0,0,100
2008,9,9,10,30,17.7,0,0,0,0,0,0,99.75
2008,9,9,11,30,17.6,0,0,0,0,0,0,99.16
2008,9,9,12,30,18.2,0,0,0,0,0,0,94.7
2008,9,9,13,30,19.700000000000003,47,143,491,4,84,85,91.58
2008,9,9,14,30,21.6,71,383,731,5,160,162,83.97
2008,9,9,15,30,23.5,84,614,837,1,211,212,75.05
2008,9,9,16,30,25.3,92,804,891,114,404,495,66.29
2008,9,9,17,30,26.400000000000002,97,936,919,32,431,460,61.47
2008,9,9,18,30,26.6,103,996,925,178,495,667,60.35
2008,9,9,19,30,26.200000000000003,106,980,917,29,449,476,62.13
2008,9,9,20,30,25.1,105,893,896,216,388,578,67.06
2008,9,9,21,30,24,116,731,824,824,116,731,72.42
2008,9,9,22,30,22.8,101,526,751,496,192,473,77.84
2008,9,9,23,30,21.6,75,291,622,126,158,202,83.32000000000001
2008,9,10,0,30,20.400000000000002,35,67,296,2,35,35,90.27
2008,9,10,1,30,19.6,0,0,0,0,0,0,94.84
2008,9,10,2,30,19.200000000000003,0,0,0,0,0,0,96.3
2008,9,10,3,30,18.900000000000002,0,0,0,0,0,0,97.57000000000001
2008,9,10,4,30,18.7,0,0,0,0,0,0,98.22
2008,9,10,5,30,18.5,0,0,0,0,0,0,98.58
2008,9,10,6,30,18.3,0,0,0,0,0,0,98.57000000000001
2008,9,10,7,30,18,0,0,0,0,0,0,99.07000000000001
2008,9,10,8,30,17.8,0,0,0,0,0,0,98.8
2008,9,10,9,30,17.5,0,0,0,0,0,0,99.38
2008,9,10,10,30,17.400000000000002,0,0,0,0,0,0,98.76
2008,9,10,11,30,17.3,0,0,0,0,0,0,98.28
2008,9,10,12,30,17.7,0,0,0,0,0,0,94.54
2008,9,10,13,30,19.200000000000003,44,144,512,1,35,35,88.94
2008,9,10,14,30,21.200000000000003,67,385,743,3,98,99,82.24
2008,9,10,15,30,23.200000000000003,82,615,842,0,162,162,72.24
2008,9,10,16,30,25.1,88,806,899,72,391,448,63.45
2008,9,10,17,30,26.6,90,938,932,211,482,675,57.38
2008,9,10,18,30,27.3,98,997,933,933,98,997,55.84
2008,9,10,19,30,27.400000000000002,100,982,927,13,429,442,56.18
2008,9,10,20,30,26.6,102,892,901,0,64,64,59.78
2008,9,10,21,30,25.200000000000003,104,733,845,186,403,541,66.32000000000001
2008,9,10,22,30,23.6,100,523,751,61,222,257,75.06
2008,9,10,23,30,22.1,81,284,587,1,60,60,83.9
2008,9,11,0,30,20.900000000000002,37,61,220,0,6,6,91.4
2008,9,11,1,30,20.200000000000003,0,0,0,0,0,0,95.60000000000001
2008,9,11,2,30,19.900000000000002,0,0,0,0,0,0,96.79
2008,9,11,3,30,19.6,0,0,0,0,0,0,97.08
2008,9,11,4,30,19.3,0,0,0,0,0,0,97.29
2008,9,11,5,30,19.1,0,0,0,0,0,0,97.45
2008,9,11,6,30,18.8,0,0,0,0,0,0,98.34
2008,9,11,7,30,18.5,0,0,0,0,0,0,98.78
2008,9,11,8,30,18.2,0,0,0,0,0,0,99.11
2008,9,11,9,30,17.900000000000002,0,0,0,0,0,0,98.9
2008,9,11,10,30,17.6,0,0,0,0,0,0,98.55
2008,9,11,11,30,17.5,0,0,0,0,0,0,97.65
2008,9,11,12,30,18.2,0,0,0,0,0,0,93.35000000000001
2008,9,11,13,30,19.5,59,135,392,392,59,135,89.15
2008,9,11,14,30,21.5,94,373,655,655,94,373,78.62
2008,9,11,15,30,24.1,107,607,789,789,107,607,64.97
2008,9,11,16,30,26.400000000000002,115,800,858,259,423,629,53.870000000000005
2008,9,11,17,30,27.900000000000002,121,933,892,13,413,425,49.71
2008,9,11,18,30,28.400000000000002,117,995,913,166,496,656,49.24
2008,9,11,19,30,28.200000000000003,120,979,904,1,313,314,50.49
2008,9,11,20,30,27.6,117,890,883,15,401,414,52.99
2008,9,11,21,30,26.900000000000002,118,730,825,316,320,554,56.39
2008,9,11,22,30,25.8,105,521,743,239,289,423,61.65
2008,9,11,23,30,24.200000000000003,81,283,591,221,156,232,70.5
2008,9,12,0,30,22.3,36,60,235,55,54,59,84.16
2008,9,12,1,30,20.900000000000002,0,0,0,0,0,0,93.07000000000001
2008,9,12,2,30,20.3,0,0,0,0,0,0,95.91
2008,9,12,3,30,19.900000000000002,0,0,0,0,0,0,97.69
2008,9,12,4,30,19.700000000000003,0,0,0,0,0,0,98.27
2008,9,12,5,30,19.5,0,0,0,0,0,0,98.87
2008,9,12,6,30,19.200000000000003,0,0,0,0,0,0,99.69
2008,9,12,7,30,19,0,0,0,0,0,0,99.69
2008,9,12,8,30,19,0,0,0,0,0,0,99.19
2008,9,12,9,30,18.8,0,0,0,0,0,0,99.88
2008,9,12,10,30,18.7,0,0,0,0,0,0,99.71000000000001
2008,9,12,11,30,18.6,0,0,0,0,0,0,99.51
2008,9,12,12,30,19,0,0,0,0,0,0,96.28
2008,9,12,13,30,20.3,54,137,430,430,54,137,90.63
2008,9,12,14,30,22.400000000000002,85,375,681,681,85,375,80.87
2008,9,12,15,30,25.200000000000003,101,606,799,799,101,606,67.27
2008,9,12,16,30,27.6,112,796,859,859,112,796,56.08
2008,9,12,17,30,29,120,927,889,199,491,672,50.68
2008,9,12,18,30,29.5,137,983,881,343,488,817,49.230000000000004
2008,9,12,19,30,29.5,138,968,876,302,497,784,49.5
2008,9,12,20,30,28.700000000000003,132,880,857,1,291,292,52.27
2008,9,12,21,30,27.700000000000003,128,721,802,1,244,245,56.410000000000004
2008,9,12,22,30,26.3,112,512,718,718,112,512,62.870000000000005
2008,9,12,23,30,24.6,84,277,569,569,84,277,71.7
2008,9,13,0,30,22.8,35,56,215,11,48,49,83.95
2008,9,13,1,30,21.700000000000003,0,0,0,0,0,0,91.79
2008,9,13,2,30,21.200000000000003,0,0,0,0,0,0,95.09
2008,9,13,3,30,20.900000000000002,0,0,0,0,0,0,97.44
2008,9,13,4,30,20.8,0,0,0,0,0,0,98.16
2008,9,13,5,30,20.6,0,0,0,0,0,0,99.23
2008,9,13,6,30,20.400000000000002,0,0,0,0,0,0,99.9
2008,9,13,7,30,20.3,0,0,0,0,0,0,99.96000000000001
2008,9,13,8,30,20.200000000000003,0,0,0,0,0,0,99.94
2008,9,13,9,30,20,0,0,0,0,0,0,100
2008,9,13,10,30,19.8,0,0,0,0,0,0,100
2008,9,13,11,30,19.8,0,0,0,0,0,0,100
2008,9,13,12,30,20.1,0,0,0,0,0,0,97.78
2008,9,13,13,30,21.200000000000003,59,132,382,1,36,36,93.16
2008,9,13,14,30,22.700000000000003,92,369,653,8,118,121,86.78
2008,9,13,15,30,24.1,107,600,782,1,202,202,79.85000000000001
2008,9,13,16,30,25.1,117,790,846,0,241,241,74.09
2008,9,13,17,30,25.6,124,921,879,38,434,468,70.35000000000001
2008,9,13,18,30,25.700000000000003,151,973,858,152,499,645,69.32000000000001
2008,9,13,19,30,25.5,151,957,853,853,151,957,70.51
2008,9,13,20,30,25.1,145,868,830,830,145,868,72.77
2008,9,13,21,30,24.5,135,712,784,492,264,626,76.02
2008,9,13,22,30,23.8,115,507,707,103,307,364,80.52
2008,9,13,23,30,22.8,85,272,558,182,152,213,87.94
2008,9,14,0,30,21.900000000000002,35,54,197,1,35,35,95.03
2008,9,14,1,30,21.200000000000003,0,0,0,0,0,0,98.16
2008,9,14,2,30,20.8,0,0,0,0,0,0,99.2
2008,9,14,3,30,20.5,0,0,0,0,0,0,99.49000000000001
2008,9,14,4,30,20.200000000000003,0,0,0,0,0,0,99.72
2008,9,14,5,30,20,0,0,0,0,0,0,99.98
2008,9,14,6,30,19.900000000000002,0,0,0,0,0,0,99.8
2008,9,14,7,30,19.8,0,0,0,0,0,0,99.64
2008,9,14,8,30,19.700000000000003,0,0,0,0,0,0,99.41
2008,9,14,9,30,19.6,0,0,0,0,0,0,99.3
2008,9,14,10,30,19.400000000000002,0,0,0,0,0,0,99.5
2008,9,14,11,30,19.200000000000003,0,0,0,0,0,0,99.37
2008,9,14,12,30,19.400000000000002,0,0,0,0,0,0,96.76
2008,9,14,13,30,20.200000000000003,49,139,470,12,75,77,94.59
2008,9,14,14,30,21.400000000000002,74,380,722,130,183,238,90.01
2008,9,14,15,30,22.900000000000002,86,612,834,233,269,416,80.73
2008,9,14,16,30,24.8,95,802,891,293,403,636,66.68
2008,9,14,17,30,26.8,99,932,920,543,286,777,54.620000000000005
2008,9,14,18,30,28.1,101,993,933,478,327,785,48.5
2008,9,14,19,30,28.3,103,975,924,331,376,688,47.84
2008,9,14,20,30,27.3,106,882,895,292,374,627,51.59
2008,9,14,21,30,25.5,114,718,824,128,400,494,60.21
2008,9,14,22,30,23.700000000000003,106,507,728,88,240,288,71.55
2008,9,14,23,30,22.3,83,269,560,0,30,30,82.43
2008,9,15,0,30,21.3,34,50,175,1,31,31,91.34
2008,9,15,1,30,20.900000000000002,0,0,0,0,0,0,95.32000000000001
2008,9,15,2,30,20.700000000000003,0,0,0,0,0,0,97.01
2008,9,15,3,30,20.5,0,0,0,0,0,0,97.71000000000001
2008,9,15,4,30,20.200000000000003,0,0,0,0,0,0,98.11
2008,9,15,5,30,19.900000000000002,0,0,0,0,0,0,98.37
2008,9,15,6,30,19.6,0,0,0,0,0,0,98.79
2008,9,15,7,30,19.400000000000002,0,0,0,0,0,0,98.34
2008,9,15,8,30,19.1,0,0,0,0,0,0,98.82000000000001
2008,9,15,9,30,18.8,0,0,0,0,0,0,99.11
2008,9,15,10,30,18.6,0,0,0,0,0,0,98.28
2008,9,15,11,30,18.5,0,0,0,0,0,0,98.25
2008,9,15,12,30,18.7,0,0,0,0,0,0,96.64
2008,9,15,13,30,19.3,46,140,496,0,24,24,95.16
2008,9,15,14,30,20,66,383,750,0,19,19,91.77
2008,9,15,15,30,21.200000000000003,76,615,858,0,93,93,84.86
2008,9,15,16,30,22.8,82,805,911,0,220,220,74.45
2008,9,15,17,30,24.3,86,936,940,7,390,396,63.49
2008,9,15,18,30,25.200000000000003,88,996,951,227,409,625,58.28
2008,9,15,19,30,25.6,87,980,948,1,331,332,56.1
2008,9,15,20,30,25.400000000000002,85,890,931,1,296,296,56.65
2008,9,15,21,30,24.8,80,733,893,0,186,186,58.76
2008,9,15,22,30,23.8,71,522,825,24,249,262,63.160000000000004
2008,9,15,23,30,22.400000000000002,56,282,686,11,98,101,70.93
2008,9,16,0,30,20.900000000000002,26,54,322,1,23,23,83.64
2008,9,16,1,30,20,0,0,0,0,0,0,92.5
2008,9,16,2,30,19.5,0,0,0,0,0,0,94.68
2008,9,16,3,30,19.200000000000003,0,0,0,0,0,0,95.29
2008,9,16,4,30,18.900000000000002,0,0,0,0,0,0,95.97
2008,9,16,5,30,18.6,0,0,0,0,0,0,96.66
2008,9,16,6,30,18.3,0,0,0,0,0,0,97.45
2008,9,16,7,30,18,0,0,0,0,0,0,97.86
2008,9,16,8,30,17.8,0,0,0,0,0,0,97.75
2008,9,16,9,30,17.7,0,0,0,0,0,0,97.10000000000001
2008,9,16,10,30,17.5,0,0,0,0,0,0,97.21000000000001
2008,9,16,11,30,17.3,0,0,0,0,0,0,96.94
2008,9,16,12,30,17.6,0,0,0,0,0,0,93.51
2008,9,16,13,30,18.8,47,139,481,4,81,82,89.23
2008,9,16,14,30,20.400000000000002,74,378,720,87,228,265,81.49
2008,9,16,15,30,22.200000000000003,91,608,824,100,338,400,70.55
2008,9,16,16,30,24.200000000000003,101,797,879,879,101,797,61.690000000000005
2008,9,16,17,30,25.700000000000003,107,928,909,212,485,677,56.6
2008,9,16,18,30,26.1,115,984,913,204,508,703,55.480000000000004
2008,9,16,19,30,25.900000000000002,114,968,910,286,493,761,56.34
2008,9,16,20,30,25.400000000000002,109,876,890,254,456,675,58.870000000000005
2008,9,16,21,30,24.700000000000003,133,706,789,789,133,706,62.32
2008,9,16,22,30,23.8,119,495,690,690,119,495,66.85
2008,9,16,23,30,22.5,91,258,516,516,91,258,73.59
2008,9,17,0,30,21.1,33,45,140,140,33,45,84.44
2008,9,17,1,30,20.1,0,0,0,0,0,0,92.96000000000001
2008,9,17,2,30,19.6,0,0,0,0,0,0,95.36
2008,9,17,3,30,19.3,0,0,0,0,0,0,96.58
2008,9,17,4,30,19,0,0,0,0,0,0,97.65
2008,9,17,5,30,18.8,0,0,0,0,0,0,98.48
2008,9,17,6,30,18.7,0,0,0,0,0,0,98.4
2008,9,17,7,30,18.5,0,0,0,0,0,0,98.85000000000001
2008,9,17,8,30,18.1,0,0,0,0,0,0,100
2008,9,17,9,30,17.7,0,0,0,0,0,0,100
2008,9,17,10,30,17.3,0,0,0,0,0,0,100
2008,9,17,11,30,17,0,0,0,0,0,0,100
2008,9,17,12,30,17.5,0,0,0,0,0,0,96.57000000000001
2008,9,17,13,30,19.5,59,132,386,386,59,132,85.67
2008,9,17,14,30,22.400000000000002,96,369,647,647,96,369,70.77
2008,9,17,15,30,25.400000000000002,118,599,767,767,118,599,57.63
2008,9,17,16,30,27.3,133,786,826,826,133,786,50.160000000000004
2008,9,17,17,30,28.3,144,916,856,856,144,916,47.22
2008,9,17,18,30,28.700000000000003,117,986,913,913,117,986,46.38
2008,9,17,19,30,28.900000000000002,120,966,904,904,120,966,46
2008,9,17,20,30,28.700000000000003,117,874,881,881,117,874,46.53
2008,9,17,21,30,28.200000000000003,105,716,844,844,105,716,47.910000000000004
2008,9,17,22,30,27.3,92,506,766,569,149,457,50.79
2008,9,17,23,30,25.700000000000003,71,267,610,332,129,236,57.5
2008,9,18,0,30,23.6,28,46,228,15,41,42,74.56
2008,9,18,1,30,22.200000000000003,0,0,0,0,0,0,87.14
2008,9,18,2,30,21.5,0,0,0,0,0,0,89.55
2008,9,18,3,30,21.1,0,0,0,0,0,0,90.16
2008,9,18,4,30,20.700000000000003,0,0,0,0,0,0,91.11
2008,9,18,5,30,20.400000000000002,0,0,0,0,0,0,92.95
2008,9,18,6,30,20,0,0,0,0,0,0,94.5
2008,9,18,7,30,19.700000000000003,0,0,0,0,0,0,94.75
2008,9,18,8,30,19.400000000000002,0,0,0,0,0,0,94.61
2008,9,18,9,30,19.1,0,0,0,0,0,0,94.52
2008,9,18,10,30,18.8,0,0,0,0,0,0,94.34
2008,9,18,11,30,18.400000000000002,0,0,0,0,0,0,94.44
2008,9,18,12,30,18.6,0,0,0,0,0,0,90.78
2008,9,18,13,30,20,64,128,339,0,27,27,81.33
2008,9,18,14,30,22.200000000000003,107,362,608,20,205,213,65.52
2008,9,18,15,30,24.6,129,592,739,79,343,392,55.85
2008,9,18,16,30,26.5,144,781,807,807,144,781,51.35
2008,9,18,17,30,27.5,153,911,843,843,153,911,50.09
2008,9,18,18,30,27.6,146,973,871,871,146,973,51.19
2008,9,18,19,30,27,152,953,857,857,152,953,54.2
2008,9,18,20,30,25.900000000000002,148,859,829,829,148,859,59.63
2008,9,18,21,30,24.8,164,689,728,181,342,472,66.6
2008,9,18,22,30,23.6,139,481,637,2,131,132,75.01
2008,9,18,23,30,22.400000000000002,98,249,476,14,130,135,84.91
2008,9,19,0,30,21.400000000000002,30,40,127,0,21,21,94.2
2008,9,19,1,30,20.900000000000002,0,0,0,0,0,0,97.79
2008,9,19,2,30,20.700000000000003,0,0,0,0,0,0,98.65
2008,9,19,3,30,20.5,0,0,0,0,0,0,99.22
2008,9,19,4,30,20.3,0,0,0,0,0,0,99.55
2008,9,19,5,30,20.3,0,0,0,0,0,0,98.83
2008,9,19,6,30,20.3,0,0,0,0,0,0,98.36
2008,9,19,7,30,20.200000000000003,0,0,0,0,0,0,98.81
2008,9,19,8,30,20.1,0,0,0,0,0,0,98.89
2008,9,19,9,30,20,0,0,0,0,0,0,98.3
2008,9,19,10,30,19.700000000000003,0,0,0,0,0,0,98.26
2008,9,19,11,30,19.3,0,0,0,0,0,0,98.67
2008,9,19,12,30,19.200000000000003,0,0,0,0,0,0,96.58
2008,9,19,13,30,19.6,62,127,346,14,77,80,93.85000000000001
2008,9,19,14,30,20.700000000000003,104,362,616,56,231,254,86.89
2008,9,19,15,30,22.6,125,593,748,199,343,467,74.06
2008,9,19,16,30,25.1,137,783,820,820,137,783,60.93
2008,9,19,17,30,27,145,913,855,855,145,913,52.28
2008,9,19,18,30,27.900000000000002,113,984,919,919,113,984,49.99
2008,9,19,19,30,28.1,115,965,912,912,115,965,49.78
2008,9,19,20,30,27.5,113,870,887,887,113,870,52.07
2008,9,19,21,30,26.5,116,705,820,389,286,565,56.230000000000004
2008,9,19,22,30,25.1,106,492,724,724,106,492,63.81
2008,9,19,23,30,23.6,79,254,555,555,79,254,74.65
2008,9,20,0,30,22.400000000000002,27,39,165,1,26,26,86.56
2008,9,20,1,30,21.6,0,0,0,0,0,0,93.97
2008,9,20,2,30,21.200000000000003,0,0,0,0,0,0,95.94
2008,9,20,3,30,20.900000000000002,0,0,0,0,0,0,97.64
2008,9,20,4,30,20.8,0,0,0,0,0,0,97.89
2008,9,20,5,30,20.6,0,0,0,0,0,0,98.72
2008,9,20,6,30,20.400000000000002,0,0,0,0,0,0,98.99000000000001
2008,9,20,7,30,20.3,0,0,0,0,0,0,99.03
2008,9,20,8,30,20.200000000000003,0,0,0,0,0,0,98.75
2008,9,20,9,30,19.900000000000002,0,0,0,0,0,0,98.96000000000001
2008,9,20,10,30,19.6,0,0,0,0,0,0,98.69
2008,9,20,11,30,19,0,0,0,0,0,0,99.34
2008,9,20,12,30,18.6,0,0,0,0,0,0,97.74000000000001
2008,9,20,13,30,18.5,67,123,304,304,67,123,96
2008,9,20,14,30,18.8,112,356,582,582,112,356,93.06
2008,9,20,15,30,19.5,132,587,729,729,132,587,88.44
2008,9,20,16,30,20.8,145,774,800,407,313,634,81.66
2008,9,20,17,30,21.900000000000002,150,903,841,278,421,670,76.67
2008,9,20,18,30,22.200000000000003,192,946,798,521,342,834,76.2
2008,9,20,19,30,22.200000000000003,190,927,793,793,190,927,78.16
2008,9,20,20,30,22.200000000000003,182,835,768,768,182,835,80.34
2008,9,20,21,30,22,171,675,705,705,171,675,83.27
2008,9,20,22,30,21.700000000000003,150,467,598,251,255,388,86.67
2008,9,20,23,30,21.200000000000003,109,235,405,0,28,28,91.52
2008,9,21,0,30,20.6,27,32,75,0,19,19,96.41
2008,9,21,1,30,20.200000000000003,0,0,0,0,0,0,96.68
2008,9,21,2,30,19.900000000000002,0,0,0,0,0,0,97.33
2008,9,21,3,30,19.6,0,0,0,0,0,0,97.60000000000001
2008,9,21,4,30,19.200000000000003,0,0,0,0,0,0,98.3
2008,9,21,5,30,18.900000000000002,0,0,0,0,0,0,98.22
2008,9,21,6,30,18.6,0,0,0,0,0,0,98.19
2008,9,21,7,30,18.3,0,0,0,0,0,0,97.57000000000001
2008,9,21,8,30,18,0,0,0,0,0,0,97.04
2008,9,21,9,30,17.6,0,0,0,0,0,0,97.17
2008,9,21,10,30,17.3,0,0,0,0,0,0,96.57000000000001
2008,9,21,11,30,16.900000000000002,0,0,0,0,0,0,96.42
2008,9,21,12,30,17.2,0,0,0,0,0,0,92.23
2008,9,21,13,30,18.6,60,129,367,367,60,129,87.39
2008,9,21,14,30,20.900000000000002,101,365,629,629,101,365,77.88
2008,9,21,15,30,23.5,126,592,749,430,241,509,65.81
2008,9,21,16,30,25.6,143,779,809,109,424,510,55.88
2008,9,21,17,30,26.900000000000002,157,905,836,158,494,635,51.980000000000004
2008,9,21,18,30,27.400000000000002,130,972,893,893,130,972,52.13
2008,9,21,19,30,27.200000000000003,129,952,888,888,129,952,54.1
2008,9,21,20,30,26.400000000000002,123,858,867,867,123,858,57.480000000000004
2008,9,21,21,30,25.400000000000002,166,679,720,720,166,679,61.54
2008,9,21,22,30,24.1,142,469,621,248,247,378,67.48
2008,9,21,23,30,22.700000000000003,102,235,435,62,154,173,76.04
2008,9,22,0,30,21.3,25,31,79,0,17,17,88.32000000000001
2008,9,22,1,30,20.6,0,0,0,0,0,0,94.37
2008,9,22,2,30,20.200000000000003,0,0,0,0,0,0,96.57000000000001
2008,9,22,3,30,20,0,0,0,0,0,0,97.11
2008,9,22,4,30,20,0,0,0,0,0,0,96.93
2008,9,22,5,30,20,0,0,0,0,0,0,97.11
2008,9,22,6,30,19.900000000000002,0,0,0,0,0,0,97.55
2008,9,22,7,30,19.700000000000003,0,0,0,0,0,0,97.85000000000001
2008,9,22,8,30,19.5,0,0,0,0,0,0,98.08
2008,9,22,9,30,19.1,0,0,0,0,0,0,98.38
2008,9,22,10,30,18.7,0,0,0,0,0,0,97.87
2008,9,22,11,30,18.400000000000002,0,0,0,0,0,0,97.02
2008,9,22,12,30,18.6,0,0,0,0,0,0,94.02
2008,9,22,13,30,19.5,53,131,422,0,31,31,90.61
2008,9,22,14,30,20.8,84,369,681,0,44,44,83.78
2008,9,22,15,30,22.400000000000002,101,598,799,15,272,281,74.28
2008,9,22,16,30,23.900000000000002,110,785,862,3,195,197,65.15
2008,9,22,17,30,25.1,117,914,893,14,335,347,60.08
2008,9,22,18,30,25.900000000000002,131,966,888,13,360,372,59.07
2008,9,22,19,30,26.3,132,946,880,255,402,638,59
2008,9,22,20,30,26.200000000000003,128,851,855,313,364,629,59.78
2008,9,22,21,30,25.6,119,691,807,807,119,691,62.28
2008,9,22,22,30,24.8,104,480,718,718,104,480,66.49
2008,9,22,23,30,23.6,78,242,541,131,159,199,73.31
2008,9,23,0,30,22.200000000000003,24,33,139,1,23,23,85.98
2008,9,23,1,30,21.3,0,0,0,0,0,0,91.18
2008,9,23,2,30,21,0,0,0,0,0,0,90.84
2008,9,23,3,30,20.700000000000003,0,0,0,0,0,0,90.62
2008,9,23,4,30,20.5,0,0,0,0,0,0,91.18
2008,9,23,5,30,20.3,0,0,0,0,0,0,92.01
2008,9,23,6,30,20,0,0,0,0,0,0,93.59
2008,9,23,7,30,19.8,0,0,0,0,0,0,93.93
2008,9,23,8,30,19.6,0,0,0,0,0,0,94.13
2008,9,23,9,30,19.3,0,0,0,0,0,0,95.04
2008,9,23,10,30,19,0,0,0,0,0,0,95.99000000000001
2008,9,23,11,30,18.7,0,0,0,0,0,0,96.93
2008,9,23,12,30,19,0,0,0,0,0,0,94.17
2008,9,23,13,30,20.200000000000003,58,126,369,10,71,73,90.85000000000001
2008,9,23,14,30,21.700000000000003,97,360,632,4,97,99,84.34
2008,9,23,15,30,23.3,120,587,753,0,38,38,75.72
2008,9,23,16,30,24.700000000000003,135,773,816,0,130,131,67.59
2008,9,23,17,30,25.6,143,900,850,169,396,547,62.95
2008,9,23,18,30,26,151,955,856,409,417,800,61.83
2008,9,23,19,30,26,149,936,853,200,439,624,61.800000000000004
2008,9,23,20,30,25.700000000000003,139,843,835,532,295,743,62.39
2008,9,23,21,30,25.200000000000003,128,683,787,116,328,410,63.97
2008,9,23,22,30,24.5,108,474,703,497,170,428,67.51
2008,9,23,23,30,23.400000000000002,78,238,534,534,78,238,73.87
2008,9,24,0,30,21.900000000000002,22,30,134,0,15,15,87.16
2008,9,24,1,30,20.8,0,0,0,0,0,0,93.67
2008,9,24,2,30,20.3,0,0,0,0,0,0,94.85000000000001
2008,9,24,3,30,20.1,0,0,0,0,0,0,94.78
2008,9,24,4,30,19.900000000000002,0,0,0,0,0,0,95.28
2008,9,24,5,30,19.900000000000002,0,0,0,0,0,0,95.85000000000001
2008,9,24,6,30,19.900000000000002,0,0,0,0,0,0,96.47
2008,9,24,7,30,19.8,0,0,0,0,0,0,96.17
2008,9,24,8,30,19.5,0,0,0,0,0,0,96.77
2008,9,24,9,30,19.200000000000003,0,0,0,0,0,0,95.59
2008,9,24,10,30,18.900000000000002,0,0,0,0,0,0,95.32000000000001
2008,9,24,11,30,18.7,0,0,0,0,0,0,95.77
2008,9,24,12,30,19,0,0,0,0,0,0,93.15
2008,9,24,13,30,20.3,59,126,367,8,72,73,90.26
2008,9,24,14,30,22.200000000000003,97,362,636,48,225,244,82.75
2008,9,24,15,30,24.200000000000003,117,591,765,298,265,450,71.75
2008,9,24,16,30,26.1,130,777,828,376,304,597,60.6
2008,9,24,17,30,27.200000000000003,138,903,861,458,337,744,55.44
2008,9,24,18,30,27.5,147,956,864,864,147,956,54.61
2008,9,24,19,30,27.200000000000003,155,932,844,539,313,809,56.58
2008,9,24,20,30,26.400000000000002,156,833,806,806,156,833,60.86
2008,9,24,21,30,25.5,139,675,764,0,219,219,65.99
2008,9,24,22,30,24.6,124,463,655,25,207,220,71.75
2008,9,24,23,30,23.3,89,228,471,82,150,174,79.68
2008,9,25,0,30,21.900000000000002,22,26,81,0,16,16,90.57000000000001
2008,9,25,1,30,21.1,0,0,0,0,0,0,95.92
2008,9,25,2,30,20.700000000000003,0,0,0,0,0,0,97.23
2008,9,25,3,30,20.5,0,0,0,0,0,0,97.46000000000001
2008,9,25,4,30,20.3,0,0,0,0,0,0,97.78
2008,9,25,5,30,20.1,0,0,0,0,0,0,98.46000000000001
2008,9,25,6,30,19.700000000000003,0,0,0,0,0,0,99.53
2008,9,25,7,30,19.3,0,0,0,0,0,0,99.44
2008,9,25,8,30,18.8,0,0,0,0,0,0,99
2008,9,25,9,30,18.400000000000002,0,0,0,0,0,0,98.33
2008,9,25,10,30,18.1,0,0,0,0,0,0,97.46000000000001
2008,9,25,11,30,17.900000000000002,0,0,0,0,0,0,96.78
2008,9,25,12,30,18,0,0,0,0,0,0,94.38
2008,9,25,13,30,19,49,131,450,12,74,76,90.36
2008,9,25,14,30,20.6,79,368,698,387,164,324,82.96000000000001
2008,9,25,15,30,22.400000000000002,96,595,807,288,258,436,73
2008,9,25,16,30,23.700000000000003,108,780,863,421,298,626,63.78
2008,9,25,17,30,24.5,116,907,892,584,271,789,60.94
2008,9,25,18,30,25.200000000000003,123,960,896,460,347,777,60.550000000000004
2008,9,25,19,30,25.8,124,939,889,560,283,796,60.34
2008,9,25,20,30,25.8,124,843,859,538,260,711,60.97
2008,9,25,21,30,25.400000000000002,138,673,765,54,310,347,62.95
2008,9,25,22,30,24.700000000000003,121,460,662,24,217,229,67.14
2008,9,25,23,30,23.5,87,225,472,0,31,31,74.63
2008,9,26,0,30,22.200000000000003,20,24,76,0,15,15,86.3
2008,9,26,1,30,21.3,0,0,0,0,0,0,93.04
2008,9,26,2,30,21,0,0,0,0,0,0,95.26
2008,9,26,3,30,20.700000000000003,0,0,0,0,0,0,96.45
2008,9,26,4,30,20.1,0,0,0,0,0,0,97.38
2008,9,26,5,30,19.400000000000002,0,0,0,0,0,0,95.61
2008,9,26,6,30,18.8,0,0,0,0,0,0,94.78
2008,9,26,7,30,18.2,0,0,0,0,0,0,94.67
2008,9,26,8,30,17.8,0,0,0,0,0,0,93.64
2008,9,26,9,30,17.5,0,0,0,0,0,0,92.8
2008,9,26,10,30,17.2,0,0,0,0,0,0,92.34
2008,9,26,11,30,16.8,0,0,0,0,0,0,92.79
2008,9,26,12,30,16.900000000000002,0,0,0,0,0,0,89.88
2008,9,26,13,30,18.2,49,131,450,25,79,84,83.88
2008,9,26,14,30,20.5,79,368,698,368,166,319,72.79
2008,9,26,15,30,22.900000000000002,99,596,805,405,238,488,61.92
2008,9,26,16,30,25,112,782,861,433,293,629,54.07
2008,9,26,17,30,26.3,121,908,889,559,286,781,51.730000000000004
2008,9,26,18,30,27,114,966,915,360,463,799,50.53
2008,9,26,19,30,27.3,114,945,908,467,403,830,49.870000000000005
2008,9,26,20,30,27,108,849,889,578,245,727,51.050000000000004
2008,9,26,21,30,26.400000000000002,95,690,855,578,205,607,53.4
2008,9,26,22,30,25.400000000000002,83,476,772,353,198,378,57.65
2008,9,26,23,30,24.1,62,236,602,104,136,166,66.94
2008,9,27,0,30,22.700000000000003,19,26,160,0,14,14,79.5
2008,9,27,1,30,21.900000000000002,0,0,0,0,0,0,87.49
2008,9,27,2,30,21.6,0,0,0,0,0,0,88.21000000000001
2008,9,27,3,30,21.1,0,0,0,0,0,0,89.9
2008,9,27,4,30,20.700000000000003,0,0,0,0,0,0,91.65
2008,9,27,5,30,20.400000000000002,0,0,0,0,0,0,92.5
2008,9,27,6,30,20.1,0,0,0,0,0,0,91.60000000000001
2008,9,27,7,30,19.700000000000003,0,0,0,0,0,0,92.18
2008,9,27,8,30,19.200000000000003,0,0,0,0,0,0,94.86
2008,9,27,9,30,18.8,0,0,0,0,0,0,95.77
2008,9,27,10,30,18.5,0,0,0,0,0,0,96.03
2008,9,27,11,30,18.2,0,0,0,0,0,0,96.02
2008,9,27,12,30,18.2,0,0,0,0,0,0,94.17
2008,9,27,13,30,19,55,125,389,23,80,84,89.7
2008,9,27,14,30,20.5,92,360,651,651,92,360,80.82000000000001
2008,9,27,15,30,22.3,115,586,765,765,115,586,71.47
2008,9,27,16,30,24.1,131,771,824,153,435,554,63.61
2008,9,27,17,30,25.400000000000002,142,896,854,375,355,687,58.96
2008,9,27,18,30,25.900000000000002,126,958,895,338,400,714,58.03
2008,9,27,19,30,25.8,131,933,880,198,500,680,59.050000000000004
2008,9,27,20,30,25.200000000000003,127,837,856,604,254,755,61.940000000000005
2008,9,27,21,30,24.200000000000003,120,674,800,400,261,538,66.81
2008,9,27,22,30,23.1,103,462,709,106,250,303,73.44
2008,9,27,23,30,22,73,226,539,208,139,198,81.88
2008,9,28,0,30,21.200000000000003,18,23,106,0,13,13,89.27
2008,9,28,1,30,20.700000000000003,0,0,0,0,0,0,93.77
2008,9,28,2,30,20.5,0,0,0,0,0,0,94.62
2008,9,28,3,30,20.5,0,0,0,0,0,0,92.82000000000001
2008,9,28,4,30,20.400000000000002,0,0,0,0,0,0,91.59
2008,9,28,5,30,20.1,0,0,0,0,0,0,92.48
2008,9,28,6,30,19.700000000000003,0,0,0,0,0,0,93.97
2008,9,28,7,30,19.3,0,0,0,0,0,0,95.35000000000001
2008,9,28,8,30,19,0,0,0,0,0,0,96.10000000000001
2008,9,28,9,30,18.7,0,0,0,0,0,0,96.41
2008,9,28,10,30,18.400000000000002,0,0,0,0,0,0,96.77
2008,9,28,11,30,18.1,0,0,0,0,0,0,96.74000000000001
2008,9,28,12,30,18.1,0,0,0,0,0,0,94.47
2008,9,28,13,30,19.200000000000003,58,124,363,3,81,81,89.37
2008,9,28,14,30,21,104,356,614,70,230,259,80.73
2008,9,28,15,30,23,133,582,732,732,133,582,68.79
2008,9,28,16,30,25,151,768,797,175,443,578,60.1
2008,9,28,17,30,26.400000000000002,160,894,833,833,160,894,55.09
2008,9,28,18,30,27.3,122,964,908,908,122,964,51.92
2008,9,28,19,30,27.5,123,941,899,185,499,667,50.64
2008,9,28,20,30,27.3,121,843,872,872,121,843,50.89
2008,9,28,21,30,26.6,137,670,774,774,137,670,53.44
2008,9,28,22,30,25.6,121,455,665,10,172,177,58.58
2008,9,28,23,30,24.1,86,218,469,2,69,69,67.89
2008,9,29,0,30,22.400000000000002,17,19,60,0,11,11,82.76
2008,9,29,1,30,21.200000000000003,0,0,0,0,0,0,91.98
2008,9,29,2,30,20.6,0,0,0,0,0,0,93.85000000000001
2008,9,29,3,30,20.1,0,0,0,0,0,0,95.19
2008,9,29,4,30,19.700000000000003,0,0,0,0,0,0,96.4
2008,9,29,5,30,19.3,0,0,0,0,0,0,97.57000000000001
2008,9,29,6,30,18.8,0,0,0,0,0,0,98.69
2008,9,29,7,30,18.3,0,0,0,0,0,0,98.37
2008,9,29,8,30,17.8,0,0,0,0,0,0,97.8
2008,9,29,9,30,17.2,0,0,0,0,0,0,97.87
2008,9,29,10,30,16.6,0,0,0,0,0,0,97.75
2008,9,29,11,30,16.1,0,0,0,0,0,0,96.85000000000001
2008,9,29,12,30,15.8,0,0,0,0,0,0,94.59
2008,9,29,13,30,16.5,57,127,391,4,55,56,87.39
2008,9,29,14,30,18.6,94,368,670,57,182,205,74.64
2008,9,29,15,30,21.8,111,602,801,182,282,394,59.6
2008,9,29,16,30,24.900000000000002,120,794,872,416,316,637,49.300000000000004
2008,9,29,17,30,27,123,923,910,61,449,502,42.9
2008,9,29,18,30,28.5,125,981,926,628,286,867,38.19
2008,9,29,19,30,29.400000000000002,123,956,920,648,255,842,35.550000000000004
2008,9,29,20,30,29.700000000000003,119,858,896,604,223,721,34.75
2008,9,29,21,30,29.400000000000002,114,690,841,520,222,578,35.57
2008,9,29,22,30,28.3,99,472,749,310,219,373,38.82
2008,9,29,23,30,26.1,72,228,562,118,150,183,48.18
2008,9,30,0,30,23.5,16,20,105,105,16,20,71.46000000000001
2008,9,30,1,30,22.1,0,0,0,0,0,0,77.64
2008,9,30,2,30,21.1,0,0,0,0,0,0,83.19
2008,9,30,3,30,20.200000000000003,0,0,0,0,0,0,88.57000000000001
2008,9,30,4,30,19.400000000000002,0,0,0,0,0,0,91.35000000000001
2008,9,30,5,30,18.6,0,0,0,0,0,0,93.42
2008,9,30,6,30,17.900000000000002,0,0,0,0,0,0,95.47
2008,9,30,7,30,17.1,0,0,0,0,0,0,95.9
2008,9,30,8,30,16.400000000000002,0,0,0,0,0,0,94.33
2008,9,30,9,30,15.600000000000001,0,0,0,0,0,0,93.21000000000001
2008,9,30,10,30,15,0,0,0,0,0,0,91.36
2008,9,30,11,30,14.5,0,0,0,0,0,0,89.29
2008,9,30,12,30,14.5,0,0,0,0,0,0,85.74
2008,9,30,13,30,15.9,63,122,333,333,63,122,76.47
2008,9,30,14,30,19,109,360,615,615,109,360,62.74
2008,9,30,15,30,22.700000000000003,132,591,752,752,132,591,53.230000000000004
2008,9,30,16,30,25.6,146,782,825,825,146,782,48.07
2008,9,30,17,30,27.6,155,910,860,860,155,910,44.75
2008,9,30,18,30,28.8,138,972,905,905,138,972,42.76
2008,9,30,19,30,29.400000000000002,140,948,895,895,140,948,41.52
2008,9,30,20,30,29.400000000000002,138,845,861,861,138,845,41.42
2008,9,30,21,30,29,133,677,798,798,133,677,42
2008,9,30,22,30,27.900000000000002,116,458,691,691,116,458,44.44
2008,9,30,23,30,25.900000000000002,85,216,480,480,85,216,52.050000000000004
2008,10,1,0,30,23.8,14,16,47,47,14,16,67.75
2008,10,1,1,30,22.6,0,0,0,0,0,0,73.48
2008,10,1,2,30,21.5,0,0,0,0,0,0,79.27
2008,10,1,3,30,20.400000000000002,0,0,0,0,0,0,86.3
2008,10,1,4,30,19.6,0,0,0,0,0,0,91.65
2008,10,1,5,30,19,0,0,0,0,0,0,92.7
2008,10,1,6,30,18.400000000000002,0,0,0,0,0,0,92.8
2008,10,1,7,30,17.7,0,0,0,0,0,0,92.98
2008,10,1,8,30,17,0,0,0,0,0,0,91.57000000000001
2008,10,1,9,30,16.3,0,0,0,0,0,0,89.13
2008,10,1,10,30,15.5,0,0,0,0,0,0,86.8
2008,10,1,11,30,14.600000000000001,0,0,0,0,0,0,84.66
2008,10,1,12,30,14.100000000000001,0,0,0,0,0,0,80.82000000000001
2008,10,1,13,30,15.100000000000001,57,131,416,416,57,131,71.42
2008,10,1,14,30,17.8,88,383,724,724,88,383,56.09
2008,10,1,15,30,21,99,625,863,863,99,625,43.94
2008,10,1,16,30,24.1,104,822,933,933,104,822,33.94
2008,10,1,17,30,26.400000000000002,107,956,970,970,107,956,29.41
2008,10,1,18,30,27.900000000000002,108,1009,980,980,108,1009,26.95
2008,10,1,19,30,28.8,107,985,975,975,107,985,25.43
2008,10,1,20,30,29.1,104,881,950,950,104,881,25.35
2008,10,1,21,30,28.900000000000002,96,710,905,905,96,710,26.05
2008,10,1,22,30,27.8,84,485,816,816,84,485,28.45
2008,10,1,23,30,25.3,62,233,632,632,62,233,39.25
2008,10,2,0,30,22.200000000000003,15,19,133,133,15,19,67.07000000000001
2008,10,2,1,30,20.400000000000002,0,0,0,0,0,0,73.32000000000001
2008,10,2,2,30,19.400000000000002,0,0,0,0,0,0,78.72
2008,10,2,3,30,18.7,0,0,0,0,0,0,82.75
2008,10,2,4,30,18.2,0,0,0,0,0,0,83.26
2008,10,2,5,30,17.400000000000002,0,0,0,0,0,0,85.05
2008,10,2,6,30,16.6,0,0,0,0,0,0,87.87
2008,10,2,7,30,15.8,0,0,0,0,0,0,87.9
2008,10,2,8,30,15,0,0,0,0,0,0,87.08
2008,10,2,9,30,14.3,0,0,0,0,0,0,85.57000000000001
2008,10,2,10,30,13.8,0,0,0,0,0,0,83.81
2008,10,2,11,30,13.600000000000001,0,0,0,0,0,0,81.82000000000001
2008,10,2,12,30,14.100000000000001,0,0,0,0,0,0,77.81
2008,10,2,13,30,15.9,61,124,356,356,61,124,68.33
2008,10,2,14,30,19.1,105,362,634,634,105,362,54.77
2008,10,2,15,30,22.8,127,594,768,768,127,594,44.19
2008,10,2,16,30,25.6,140,784,839,839,140,784,41.53
2008,10,2,17,30,27.400000000000002,150,911,872,872,150,911,39.410000000000004
2008,10,2,18,30,28.400000000000002,149,965,890,890,149,965,37.050000000000004
2008,10,2,19,30,28.900000000000002,156,938,872,872,156,938,35.84
2008,10,2,20,30,28.8,158,835,831,831,158,835,36.42
2008,10,2,21,30,28.1,136,670,791,791,136,670,38.63
2008,10,2,22,30,27,118,452,685,685,118,452,42.09
2008,10,2,23,30,25,84,210,474,474,84,210,50.17
2008,10,3,0,30,22.6,13,14,39,39,13,14,70.48
2008,10,3,1,30,21,0,0,0,0,0,0,84.18
2008,10,3,2,30,20.1,0,0,0,0,0,0,88.25
2008,10,3,3,30,19.3,0,0,0,0,0,0,92.29
2008,10,3,4,30,18.900000000000002,0,0,0,0,0,0,94.2
2008,10,3,5,30,18.6,0,0,0,0,0,0,95.61
2008,10,3,6,30,18.5,0,0,0,0,0,0,96.07000000000001
2008,10,3,7,30,18.3,0,0,0,0,0,0,96.52
2008,10,3,8,30,18,0,0,0,0,0,0,97.02
2008,10,3,9,30,17.7,0,0,0,0,0,0,96.72
2008,10,3,10,30,17.3,0,0,0,0,0,0,96.04
2008,10,3,11,30,16.8,0,0,0,0,0,0,95.69
2008,10,3,12,30,16.900000000000002,0,0,0,0,0,0,92.35000000000001
2008,10,3,13,30,18.3,62,118,322,322,62,118,83.12
2008,10,3,14,30,20.8,108,353,605,605,108,353,70.60000000000001
2008,10,3,15,30,23.6,132,583,743,743,132,583,61.5
2008,10,3,16,30,25.8,146,771,817,817,146,771,53.46
2008,10,3,17,30,27.3,157,897,850,850,157,897,47.2
2008,10,3,18,30,28.3,125,963,916,916,125,963,42.89
2008,10,3,19,30,28.8,132,936,898,898,132,936,40.63
2008,10,3,20,30,28.6,137,830,854,854,137,830,40.74
2008,10,3,21,30,27.900000000000002,140,657,769,769,140,657,42.4
2008,10,3,22,30,26.8,123,439,650,650,123,439,45.89
2008,10,3,23,30,24.900000000000002,87,201,434,434,87,201,55.120000000000005
2008,10,4,0,30,22.700000000000003,11,11,23,23,11,11,72.85000000000001
2008,10,4,1,30,21.200000000000003,0,0,0,0,0,0,86.11
2008,10,4,2,30,20.5,0,0,0,0,0,0,90.46000000000001
2008,10,4,3,30,19.900000000000002,0,0,0,0,0,0,94.49
2008,10,4,4,30,19.6,0,0,0,0,0,0,96.9
2008,10,4,5,30,19.5,0,0,0,0,0,0,97.63
2008,10,4,6,30,19.3,0,0,0,0,0,0,98.67
2008,10,4,7,30,19.200000000000003,0,0,0,0,0,0,98.84
2008,10,4,8,30,19,0,0,0,0,0,0,99.24000000000001
2008,10,4,9,30,18.8,0,0,0,0,0,0,98.81
2008,10,4,10,30,18.6,0,0,0,0,0,0,98.02
2008,10,4,11,30,18.3,0,0,0,0,0,0,96.75
2008,10,4,12,30,18.3,0,0,0,0,0,0,93.82000000000001
2008,10,4,13,30,19.1,72,110,223,3,82,83,87.58
2008,10,4,14,30,20.8,135,339,506,506,135,339,75.33
2008,10,4,15,30,22.900000000000002,169,566,655,655,169,566,64.23
2008,10,4,16,30,24.6,188,751,738,738,188,751,56.74
2008,10,4,17,30,25.8,195,879,788,788,195,879,51.7
2008,10,4,18,30,26.5,189,936,819,819,189,936,48.46
2008,10,4,19,30,27,188,911,810,810,188,911,46.17
2008,10,4,20,30,27,182,810,777,777,182,810,45.46
2008,10,4,21,30,26.6,171,643,706,706,171,643,46.2
2008,10,4,22,30,25.700000000000003,141,430,601,601,141,430,49.68
2008,10,4,23,30,23.900000000000002,91,196,403,403,91,196,60.730000000000004
2008,10,5,0,30,21.900000000000002,9,10,22,22,9,10,80.11
2008,10,5,1,30,20.6,0,0,0,0,0,0,88.75
2008,10,5,2,30,19.900000000000002,0,0,0,0,0,0,93.12
2008,10,5,3,30,19.400000000000002,0,0,0,0,0,0,96.2
2008,10,5,4,30,19,0,0,0,0,0,0,98.57000000000001
2008,10,5,5,30,18.900000000000002,0,0,0,0,0,0,99.7
2008,10,5,6,30,18.900000000000002,0,0,0,0,0,0,99.65
2008,10,5,7,30,18.7,0,0,0,0,0,0,99.88
2008,10,5,8,30,18.5,0,0,0,0,0,0,99.31
2008,10,5,9,30,18.2,0,0,0,0,0,0,98.45
2008,10,5,10,30,17.900000000000002,0,0,0,0,0,0,96.63
2008,10,5,11,30,17.6,0,0,0,0,0,0,94.88
2008,10,5,12,30,17.5,0,0,0,0,0,0,92.29
2008,10,5,13,30,18.3,69,110,235,15,81,84,86.11
2008,10,5,14,30,20.200000000000003,133,337,507,92,236,273,74.05
2008,10,5,15,30,23,166,562,657,1,231,231,60.9
2008,10,5,16,30,25.3,186,747,737,3,318,321,51.79
2008,10,5,17,30,26.5,200,868,772,272,397,633,48.69
2008,10,5,18,30,26.900000000000002,187,925,812,236,447,661,48.2
2008,10,5,19,30,26.6,197,895,785,785,197,895,49.910000000000004
2008,10,5,20,30,25.700000000000003,197,790,737,737,197,790,53.85
2008,10,5,21,30,24.6,195,620,639,233,360,515,59.27
2008,10,5,22,30,23.3,165,408,509,509,165,408,66.83
2008,10,5,23,30,22,106,180,288,116,143,173,76.29
2008,10,6,0,30,20.8,5,5,4,0,5,5,88.56
2008,10,6,1,30,20.200000000000003,0,0,0,0,0,0,94.31
2008,10,6,2,30,20,0,0,0,0,0,0,95.92
2008,10,6,3,30,19.8,0,0,0,0,0,0,96.96000000000001
2008,10,6,4,30,19.6,0,0,0,0,0,0,97.65
2008,10,6,5,30,19.400000000000002,0,0,0,0,0,0,98.09
2008,10,6,6,30,19.200000000000003,0,0,0,0,0,0,98.49000000000001
2008,10,6,7,30,19.1,0,0,0,0,0,0,98.67
2008,10,6,8,30,19,0,0,0,0,0,0,98.98
2008,10,6,9,30,18.8,0,0,0,0,0,0,99.74000000000001
2008,10,6,10,30,18.7,0,0,0,0,0,0,99.72
2008,10,6,11,30,18.6,0,0,0,0,0,0,99.5
2008,10,6,12,30,18.8,0,0,0,0,0,0,97.28
2008,10,6,13,30,19.700000000000003,59,114,325,2,46,46,92.72
2008,10,6,14,30,21.400000000000002,101,346,610,0,115,115,81.93
2008,10,6,15,30,23.200000000000003,128,569,733,48,308,337,68.97
2008,10,6,16,30,24.6,149,751,793,38,371,400,59.99
2008,10,6,17,30,25.5,166,870,816,126,471,579,55.550000000000004
2008,10,6,18,30,25.6,212,907,767,17,434,449,54.980000000000004
2008,10,6,19,30,25.200000000000003,215,879,751,751,215,879,57.550000000000004
2008,10,6,20,30,24.8,206,780,716,716,206,780,60.85
2008,10,6,21,30,24.3,188,616,647,96,387,450,64.55
2008,10,6,22,30,23.6,151,409,544,292,232,370,69.05
2008,10,6,23,30,22.5,94,182,346,114,137,166,76.19
2008,10,7,0,30,21.200000000000003,0,0,0,0,0,0,89.32000000000001
2008,10,7,1,30,20.400000000000002,0,0,0,0,0,0,94.66
2008,10,7,2,30,19.900000000000002,0,0,0,0,0,0,96.18
2008,10,7,3,30,19.700000000000003,0,0,0,0,0,0,96.55
2008,10,7,4,30,19.5,0,0,0,0,0,0,97.22
2008,10,7,5,30,19.400000000000002,0,0,0,0,0,0,97.13
2008,10,7,6,30,19.200000000000003,0,0,0,0,0,0,97.37
2008,10,7,7,30,19,0,0,0,0,0,0,97.52
2008,10,7,8,30,18.8,0,0,0,0,0,0,97.94
2008,10,7,9,30,18.6,0,0,0,0,0,0,98.25
2008,10,7,10,30,18.3,0,0,0,0,0,0,98.88
2008,10,7,11,30,18,0,0,0,0,0,0,99.49000000000001
2008,10,7,12,30,18.2,0,0,0,0,0,0,96.89
2008,10,7,13,30,19.5,58,114,329,0,40,40,91.52
2008,10,7,14,30,21.700000000000003,100,346,615,0,140,139,82.52
2008,10,7,15,30,24,124,571,744,55,315,347,70.35000000000001
2008,10,7,16,30,25.900000000000002,137,756,817,57,385,428,60.39
2008,10,7,17,30,27.3,142,880,858,858,142,880,54.730000000000004
2008,10,7,18,30,28.1,142,933,875,875,142,933,52.050000000000004
2008,10,7,19,30,28.3,143,905,863,863,143,905,51.15
2008,10,7,20,30,27.900000000000002,139,804,832,832,139,804,52.24
2008,10,7,21,30,27.1,151,629,727,727,151,629,55.02
2008,10,7,22,30,26.1,132,413,597,597,132,413,59.22
2008,10,7,23,30,24.400000000000002,90,181,366,366,90,181,68.1
2008,10,8,0,30,22.700000000000003,0,0,0,0,0,0,84.33
2008,10,8,1,30,21.6,0,0,0,0,0,0,91.73
2008,10,8,2,30,21,0,0,0,0,0,0,93.64
2008,10,8,3,30,20.8,0,0,0,0,0,0,93.41
2008,10,8,4,30,20.6,0,0,0,0,0,0,92.04
2008,10,8,5,30,20.3,0,0,0,0,0,0,92.54
2008,10,8,6,30,19.900000000000002,0,0,0,0,0,0,94.27
2008,10,8,7,30,19.6,0,0,0,0,0,0,95.92
2008,10,8,8,30,19.3,0,0,0,0,0,0,97.04
2008,10,8,9,30,18.900000000000002,0,0,0,0,0,0,97.67
2008,10,8,10,30,18.400000000000002,0,0,0,0,0,0,98.14
2008,10,8,11,30,17.900000000000002,0,0,0,0,0,0,97.2
2008,10,8,12,30,18,0,0,0,0,0,0,93.39
2008,10,8,13,30,19.5,53,116,370,0,28,28,87.87
2008,10,8,14,30,21.6,91,348,645,0,17,17,78.55
2008,10,8,15,30,23.5,115,570,761,0,56,56,68.60000000000001
2008,10,8,16,30,25,130,753,824,0,144,144,62.09
2008,10,8,17,30,25.8,138,873,856,350,373,673,59.67
2008,10,8,18,30,26.3,133,926,880,186,499,666,58.13
2008,10,8,19,30,26.400000000000002,133,899,871,204,490,670,57.410000000000004
2008,10,8,20,30,26,126,800,848,182,445,590,58.57
2008,10,8,21,30,25.400000000000002,119,634,787,787,119,634,60.71
2008,10,8,22,30,24.5,102,420,681,681,102,420,64.26
2008,10,8,23,30,23.200000000000003,72,186,464,464,72,186,71.72
2008,10,9,0,30,21.8,0,0,0,0,0,0,85.92
2008,10,9,1,30,20.900000000000002,0,0,0,0,0,0,92.27
2008,10,9,2,30,20.5,0,0,0,0,0,0,93.42
2008,10,9,3,30,20.3,0,0,0,0,0,0,92.88
2008,10,9,4,30,20.200000000000003,0,0,0,0,0,0,91.53
2008,10,9,5,30,19.700000000000003,0,0,0,0,0,0,93.03
2008,10,9,6,30,19.1,0,0,0,0,0,0,94.93
2008,10,9,7,30,18.6,0,0,0,0,0,0,95.68
2008,10,9,8,30,18.3,0,0,0,0,0,0,95.63
2008,10,9,9,30,18.1,0,0,0,0,0,0,95
2008,10,9,10,30,18,0,0,0,0,0,0,94
2008,10,9,11,30,17.900000000000002,0,0,0,0,0,0,93.36
2008,10,9,12,30,18.3,0,0,0,0,0,0,90.03
2008,10,9,13,30,19.900000000000002,54,114,355,355,54,114,86.22
2008,10,9,14,30,22.1,95,344,629,35,211,225,79.29
2008,10,9,15,30,23.900000000000002,117,568,755,108,337,401,70.18
2008,10,9,16,30,25.1,132,750,821,143,424,532,63.07
2008,10,9,17,30,26,140,871,854,854,140,871,58.7
2008,10,9,18,30,26.400000000000002,154,917,850,850,154,917,57.07
2008,10,9,19,30,26.3,157,889,835,835,157,889,57.39
2008,10,9,20,30,25.8,153,788,801,801,153,788,59.61
2008,10,9,21,30,25.200000000000003,133,626,756,54,324,359,62.7
2008,10,9,22,30,24.3,113,412,646,22,224,235,67.81
2008,10,9,23,30,22.900000000000002,76,180,429,429,76,180,76.73
2008,10,10,0,30,21.6,0,0,0,0,0,0,88.89
2008,10,10,1,30,20.8,0,0,0,0,0,0,94.32000000000001
2008,10,10,2,30,20.5,0,0,0,0,0,0,95.78
2008,10,10,3,30,20.3,0,0,0,0,0,0,96.95
2008,10,10,4,30,20.200000000000003,0,0,0,0,0,0,97.26
2008,10,10,5,30,20,0,0,0,0,0,0,98.09
2008,10,10,6,30,19.6,0,0,0,0,0,0,99.83
2008,10,10,7,30,19.3,0,0,0,0,0,0,99.55
2008,10,10,8,30,18.900000000000002,0,0,0,0,0,0,99.94
2008,10,10,9,30,18.7,0,0,0,0,0,0,99.16
2008,10,10,10,30,18.5,0,0,0,0,0,0,98.88
2008,10,10,11,30,18.2,0,0,0,0,0,0,99.24000000000001
2008,10,10,12,30,18.400000000000002,0,0,0,0,0,0,96.09
2008,10,10,13,30,19.5,58,110,313,19,76,79,91.47
2008,10,10,14,30,21.5,102,340,602,164,197,262,80.87
2008,10,10,15,30,24.3,123,566,745,265,258,416,66.16
2008,10,10,16,30,26.700000000000003,136,749,816,336,325,577,54.92
2008,10,10,17,30,28.200000000000003,147,868,846,81,422,490,48.910000000000004
2008,10,10,18,30,28.8,150,918,859,187,465,632,46.99
2008,10,10,19,30,28.8,153,890,845,662,247,824,47.14
2008,10,10,20,30,28.3,150,787,808,3,320,322,48.95
2008,10,10,21,30,27.200000000000003,156,615,709,1,244,245,52.93
2008,10,10,22,30,25.8,135,400,577,33,245,260,59.56
2008,10,10,23,30,23.900000000000002,88,170,344,6,115,116,70.25
2008,10,11,0,30,22,0,0,0,0,0,0,84.79
2008,10,11,1,30,20.900000000000002,0,0,0,0,0,0,91.92
2008,10,11,2,30,20.200000000000003,0,0,0,0,0,0,95.23
2008,10,11,3,30,19.8,0,0,0,0,0,0,97.07000000000001
2008,10,11,4,30,19.6,0,0,0,0,0,0,97.71000000000001
2008,10,11,5,30,19.5,0,0,0,0,0,0,97.97
2008,10,11,6,30,19.3,0,0,0,0,0,0,98.86
2008,10,11,7,30,19.3,0,0,0,0,0,0,98.42
2008,10,11,8,30,19.3,0,0,0,0,0,0,97.87
2008,10,11,9,30,19.3,0,0,0,0,0,0,97.18
2008,10,11,10,30,19.200000000000003,0,0,0,0,0,0,96.95
2008,10,11,11,30,19.1,0,0,0,0,0,0,96.8
2008,10,11,12,30,19.200000000000003,0,0,0,0,0,0,95.68
2008,10,11,13,30,19.700000000000003,73,88,91,0,12,12,92.55
2008,10,11,14,30,20.400000000000002,179,303,314,0,7,7,87.54
2008,10,11,15,30,21.3,254,512,435,10,203,210,82.60000000000001
2008,10,11,16,30,22.400000000000002,283,690,545,5,251,254,78.60000000000001
2008,10,11,17,30,23.5,267,820,650,10,346,354,75.07000000000001
2008,10,11,18,30,24.1,252,875,698,17,404,419,72.79
2008,10,11,19,30,24.1,231,854,716,8,319,326,72.47
2008,10,11,20,30,23.700000000000003,204,760,707,255,369,570,73.81
2008,10,11,21,30,23.200000000000003,157,607,698,363,272,505,76.57000000000001
2008,10,11,22,30,22.6,126,398,595,44,209,229,80.05
2008,10,11,23,30,21.700000000000003,80,170,382,0,12,12,85.14
2008,10,12,0,30,20.6,0,0,0,0,0,0,93.72
2008,10,12,1,30,19.8,0,0,0,0,0,0,97.79
2008,10,12,2,30,19.400000000000002,0,0,0,0,0,0,98.39
2008,10,12,3,30,19.1,0,0,0,0,0,0,98.27
2008,10,12,4,30,18.900000000000002,0,0,0,0,0,0,97.81
2008,10,12,5,30,18.7,0,0,0,0,0,0,97.64
2008,10,12,6,30,18.5,0,0,0,0,0,0,97.65
2008,10,12,7,30,18.3,0,0,0,0,0,0,97.95
2008,10,12,8,30,18.1,0,0,0,0,0,0,98.22
2008,10,12,9,30,17.900000000000002,0,0,0,0,0,0,98.19
2008,10,12,10,30,17.6,0,0,0,0,0,0,98.91
2008,10,12,11,30,17.5,0,0,0,0,0,0,98.67
2008,10,12,12,30,17.8,0,0,0,0,0,0,95.88
2008,10,12,13,30,18.900000000000002,42,118,465,0,39,39,92.43
2008,10,12,14,30,20.700000000000003,66,354,736,1,134,134,87.63
2008,10,12,15,30,23,77,579,851,106,323,386,77.09
2008,10,12,16,30,25.3,83,762,909,112,392,476,64.34
2008,10,12,17,30,26.8,88,883,937,80,423,491,57.370000000000005
2008,10,12,18,30,27.400000000000002,112,923,911,164,480,626,55.410000000000004
2008,10,12,19,30,27.5,115,894,899,271,466,701,55.19
2008,10,12,20,30,27,113,792,868,868,113,792,56.94
2008,10,12,21,30,26.200000000000003,126,616,765,765,126,616,60.02
2008,10,12,22,30,25.1,108,403,650,50,248,270,64.92
2008,10,12,23,30,23.6,73,171,422,422,73,171,73.3
2008,10,13,0,30,22,0,0,0,0,0,0,88.38
2008,10,13,1,30,21.1,0,0,0,0,0,0,94.3
2008,10,13,2,30,20.6,0,0,0,0,0,0,96.4
2008,10,13,3,30,20.200000000000003,0,0,0,0,0,0,98.05
2008,10,13,4,30,19.8,0,0,0,0,0,0,99.21000000000001
2008,10,13,5,30,19.400000000000002,0,0,0,0,0,0,100
2008,10,13,6,30,19.3,0,0,0,0,0,0,100
2008,10,13,7,30,19.3,0,0,0,0,0,0,99.87
2008,10,13,8,30,19.400000000000002,0,0,0,0,0,0,98.93
2008,10,13,9,30,19.5,0,0,0,0,0,0,98.09
2008,10,13,10,30,19.6,0,0,0,0,0,0,96.92
2008,10,13,11,30,19.5,0,0,0,0,0,0,97.38
2008,10,13,12,30,19.5,0,0,0,0,0,0,97.11
2008,10,13,13,30,20.200000000000003,59,105,284,284,59,105,94.03
2008,10,13,14,30,21.700000000000003,102,336,601,19,202,209,85.46000000000001
2008,10,13,15,30,23.700000000000003,119,563,754,754,119,563,73.62
2008,10,13,16,30,25.6,125,749,839,839,125,749,63.54
2008,10,13,17,30,27.200000000000003,123,874,888,888,123,874,55.93
2008,10,13,18,30,28.1,142,917,874,874,142,917,52.07
2008,10,13,19,30,28.3,145,886,859,859,145,886,51.27
2008,10,13,20,30,27.8,142,783,824,824,142,783,52.730000000000004
2008,10,13,21,30,27,125,618,772,479,232,537,55.25
2008,10,13,22,30,25.700000000000003,106,403,660,458,186,392,60.54
2008,10,13,23,30,23.8,72,170,430,132,122,152,70.69
2008,10,14,0,30,22,0,0,0,0,0,0,86.45
2008,10,14,1,30,21,0,0,0,0,0,0,92.93
2008,10,14,2,30,20.400000000000002,0,0,0,0,0,0,95.94
2008,10,14,3,30,19.900000000000002,0,0,0,0,0,0,97.96000000000001
2008,10,14,4,30,19.5,0,0,0,0,0,0,98.9
2008,10,14,5,30,19.3,0,0,0,0,0,0,99.21000000000001
2008,10,14,6,30,19.200000000000003,0,0,0,0,0,0,99.06
2008,10,14,7,30,19.1,0,0,0,0,0,0,98.34
2008,10,14,8,30,19,0,0,0,0,0,0,97.72
2008,10,14,9,30,18.900000000000002,0,0,0,0,0,0,97.25
2008,10,14,10,30,18.6,0,0,0,0,0,0,97.86
2008,10,14,11,30,18.2,0,0,0,0,0,0,98.48
2008,10,14,12,30,18.2,0,0,0,0,0,0,95.68
2008,10,14,13,30,19.400000000000002,46,115,425,4,50,51,90.93
2008,10,14,14,30,21.400000000000002,78,350,702,11,166,170,83.93
2008,10,14,15,30,23.5,98,575,813,1,207,208,71.55
2008,10,14,16,30,25.5,115,756,865,122,413,504,59.18
2008,10,14,17,30,26.900000000000002,125,876,891,891,125,876,51.68
2008,10,14,18,30,27.6,116,928,920,920,116,928,48.19
2008,10,14,19,30,27.6,118,899,909,909,118,899,47.51
2008,10,14,20,30,27,114,795,879,879,114,795,49.57
2008,10,14,21,30,26.200000000000003,110,625,812,812,110,625,52.72
2008,10,14,22,30,25.1,97,406,692,72,251,283,57.160000000000004
2008,10,14,23,30,23.400000000000002,67,170,457,3,94,95,65.96000000000001
2008,10,15,0,30,21.700000000000003,0,0,0,0,0,0,82.51
2008,10,15,1,30,20.700000000000003,0,0,0,0,0,0,90.36
2008,10,15,2,30,20,0,0,0,0,0,0,94.03
2008,10,15,3,30,19.6,0,0,0,0,0,0,96.13
2008,10,15,4,30,19.400000000000002,0,0,0,0,0,0,97.43
2008,10,15,5,30,19.200000000000003,0,0,0,0,0,0,97.94
2008,10,15,6,30,19.1,0,0,0,0,0,0,97.7
2008,10,15,7,30,18.900000000000002,0,0,0,0,0,0,98.05
2008,10,15,8,30,18.8,0,0,0,0,0,0,97.4
2008,10,15,9,30,18.6,0,0,0,0,0,0,97.27
2008,10,15,10,30,18.400000000000002,0,0,0,0,0,0,96.88
2008,10,15,11,30,18.1,0,0,0,0,0,0,97.54
2008,10,15,12,30,18.1,0,0,0,0,0,0,95.17
2008,10,15,13,30,19.200000000000003,49,111,385,1,56,56,89.31
2008,10,15,14,30,21.400000000000002,79,347,693,693,79,347,78.52
2008,10,15,15,30,23.900000000000002,92,575,827,827,92,575,66.03
2008,10,15,16,30,25.900000000000002,100,759,892,83,370,431,54.71
2008,10,15,17,30,27.1,106,880,922,922,106,880,48.82
2008,10,15,18,30,27.8,108,929,933,933,108,929,45.31
2008,10,15,19,30,28,110,898,919,919,110,898,43.68
2008,10,15,20,30,27.700000000000003,109,795,889,889,109,795,43.77
2008,10,15,21,30,27.200000000000003,115,621,803,526,234,566,44.94
2008,10,15,22,30,26.3,99,402,684,1,95,96,47.79
2008,10,15,23,30,24.5,67,168,453,453,67,168,56.13
2008,10,16,0,30,22.3,0,0,0,0,0,0,77.54
2008,10,16,1,30,20.8,0,0,0,0,0,0,86.60000000000001
2008,10,16,2,30,19.900000000000002,0,0,0,0,0,0,89.73
2008,10,16,3,30,19.3,0,0,0,0,0,0,91.8
2008,10,16,4,30,19,0,0,0,0,0,0,92.02
2008,10,16,5,30,18.6,0,0,0,0,0,0,92.78
2008,10,16,6,30,18,0,0,0,0,0,0,94.84
2008,10,16,7,30,17.400000000000002,0,0,0,0,0,0,96.69
2008,10,16,8,30,17.1,0,0,0,0,0,0,95.91
2008,10,16,9,30,16.7,0,0,0,0,0,0,95.3
2008,10,16,10,30,16.3,0,0,0,0,0,0,95.19
2008,10,16,11,30,16,0,0,0,0,0,0,95.22
2008,10,16,12,30,16.2,0,0,0,0,0,0,92.41
2008,10,16,13,30,18.1,54,108,341,341,54,108,83.48
2008,10,16,14,30,21.400000000000002,99,339,625,625,99,339,67.95
2008,10,16,15,30,24.6,125,562,751,751,125,562,55.76
2008,10,16,16,30,27,145,742,811,811,145,742,48.230000000000004
2008,10,16,17,30,28.5,160,859,836,836,160,859,44.160000000000004
2008,10,16,18,30,29.5,169,904,837,837,169,904,41.62
2008,10,16,19,30,29.900000000000002,175,873,817,817,175,873,40.65
2008,10,16,20,30,29.8,171,768,777,777,171,768,40.92
2008,10,16,21,30,29.3,123,612,779,779,123,612,41.72
2008,10,16,22,30,28.3,106,396,660,660,106,396,43.96
2008,10,16,23,30,26.3,70,163,424,424,70,163,53.04
2008,10,17,0,30,24.1,0,0,0,0,0,0,73.54
2008,10,17,1,30,22.8,0,0,0,0,0,0,80.91
2008,10,17,2,30,22,0,0,0,0,0,0,84.03
2008,10,17,3,30,21.400000000000002,0,0,0,0,0,0,87.45
2008,10,17,4,30,21,0,0,0,0,0,0,91.8
2008,10,17,5,30,20.6,0,0,0,0,0,0,92.59
2008,10,17,6,30,20.3,0,0,0,0,0,0,92.63
2008,10,17,7,30,20,0,0,0,0,0,0,92.8
2008,10,17,8,30,19.6,0,0,0,0,0,0,93.06
2008,10,17,9,30,19.200000000000003,0,0,0,0,0,0,93.07000000000001
2008,10,17,10,30,18.8,0,0,0,0,0,0,93.11
2008,10,17,11,30,18.400000000000002,0,0,0,0,0,0,93.57000000000001
2008,10,17,12,30,18.3,0,0,0,0,0,0,92.21000000000001
2008,10,17,13,30,19.200000000000003,52,106,346,346,52,106,85.72
2008,10,17,14,30,21.3,89,336,644,644,89,336,73.72
2008,10,17,15,30,23.8,110,559,772,772,110,559,62.120000000000005
2008,10,17,16,30,26,123,739,839,839,123,739,54.07
2008,10,17,17,30,27.6,130,858,873,873,130,858,49.54
2008,10,17,18,30,28.6,124,910,899,899,124,910,46.75
2008,10,17,19,30,28.900000000000002,129,877,880,880,129,877,45.75
2008,10,17,20,30,28.400000000000002,128,772,842,842,128,772,46.9
2008,10,17,21,30,27.5,119,605,780,780,119,605,50.17
2008,10,17,22,30,26.3,100,391,667,70,244,275,56.18
2008,10,17,23,30,24.700000000000003,66,159,428,428,66,159,67.57000000000001
2008,10,18,0,30,23.200000000000003,0,0,0,0,0,0,82.68
2008,10,18,1,30,22.5,0,0,0,0,0,0,88.12
2008,10,18,2,30,22,0,0,0,0,0,0,90.76
2008,10,18,3,30,21.6,0,0,0,0,0,0,91.67
2008,10,18,4,30,21.1,0,0,0,0,0,0,91.82000000000001
2008,10,18,5,30,20.400000000000002,0,0,0,0,0,0,92.34
2008,10,18,6,30,19.700000000000003,0,0,0,0,0,0,92.03
2008,10,18,7,30,19,0,0,0,0,0,0,92.36
2008,10,18,8,30,18.400000000000002,0,0,0,0,0,0,92.78
2008,10,18,9,30,17.900000000000002,0,0,0,0,0,0,92.85000000000001
2008,10,18,10,30,17.5,0,0,0,0,0,0,92.86
2008,10,18,11,30,17.1,0,0,0,0,0,0,93.18
2008,10,18,12,30,17.1,0,0,0,0,0,0,91.26
2008,10,18,13,30,18.1,42,113,460,460,42,113,86.01
2008,10,18,14,30,20,71,348,728,728,71,348,75.63
2008,10,18,15,30,22.200000000000003,87,573,842,487,191,473,64.38
2008,10,18,16,30,24.5,97,755,900,522,227,609,54.230000000000004
2008,10,18,17,30,26.1,104,874,926,543,250,701,47.76
2008,10,18,18,30,27.200000000000003,106,922,937,468,316,723,44.050000000000004
2008,10,18,19,30,27.700000000000003,106,891,926,711,214,816,42.38
2008,10,18,20,30,27.6,105,785,893,614,225,693,42.29
2008,10,18,21,30,27,113,609,799,601,194,566,44.17
2008,10,18,22,30,25.8,100,391,672,265,205,320,49.89
2008,10,18,23,30,23.8,68,157,414,86,115,133,63.13
2008,10,19,0,30,22,0,0,0,0,0,0,80.83
2008,10,19,1,30,20.900000000000002,0,0,0,0,0,0,86.01
2008,10,19,2,30,20.3,0,0,0,0,0,0,88.41
2008,10,19,3,30,19.700000000000003,0,0,0,0,0,0,90.10000000000001
2008,10,19,4,30,19,0,0,0,0,0,0,90.24
2008,10,19,5,30,18.3,0,0,0,0,0,0,89.85000000000001
2008,10,19,6,30,17.5,0,0,0,0,0,0,89.87
2008,10,19,7,30,16.7,0,0,0,0,0,0,89.97
2008,10,19,8,30,16,0,0,0,0,0,0,89.67
2008,10,19,9,30,15.5,0,0,0,0,0,0,89.27
2008,10,19,10,30,15.100000000000001,0,0,0,0,0,0,89.7
2008,10,19,11,30,14.9,0,0,0,0,0,0,89.68
2008,10,19,12,30,15.100000000000001,0,0,0,0,0,0,87.66
2008,10,19,13,30,16.6,48,108,386,386,48,108,79.67
2008,10,19,14,30,19.3,85,339,670,670,85,339,65.76
2008,10,19,15,30,22.400000000000002,104,562,795,795,104,562,55.17
2008,10,19,16,30,25.1,118,743,857,857,118,743,48.42
2008,10,19,17,30,27,127,861,886,886,127,861,44.32
2008,10,19,18,30,28.200000000000003,113,913,921,921,113,913,41.82
2008,10,19,19,30,28.5,118,880,903,903,118,880,41.44
2008,10,19,20,30,28,122,772,857,857,122,772,43.050000000000004
2008,10,19,21,30,27,115,602,788,788,115,602,46.52
2008,10,19,22,30,25.8,103,384,654,654,103,384,51.68
2008,10,19,23,30,24.1,68,152,401,0,50,50,62.26
2008,10,20,0,30,22.5,0,0,0,0,0,0,79.36
2008,10,20,1,30,21.5,0,0,0,0,0,0,86.52
2008,10,20,2,30,20.8,0,0,0,0,0,0,88.69
2008,10,20,3,30,20.200000000000003,0,0,0,0,0,0,90.79
2008,10,20,4,30,19.8,0,0,0,0,0,0,90.84
2008,10,20,5,30,19.400000000000002,0,0,0,0,0,0,89.28
2008,10,20,6,30,18.7,0,0,0,0,0,0,89.94
2008,10,20,7,30,17.900000000000002,0,0,0,0,0,0,91.34
2008,10,20,8,30,17.3,0,0,0,0,0,0,91.99
2008,10,20,9,30,16.8,0,0,0,0,0,0,92
2008,10,20,10,30,16.3,0,0,0,0,0,0,92.28
2008,10,20,11,30,15.9,0,0,0,0,0,0,91.98
2008,10,20,12,30,15.9,0,0,0,0,0,0,89.89
2008,10,20,13,30,17.2,53,102,323,323,53,102,81.2
2008,10,20,14,30,19.8,96,330,621,621,96,330,65.94
2008,10,20,15,30,22.8,117,554,763,763,117,554,55.480000000000004
2008,10,20,16,30,25.400000000000002,128,737,838,838,128,737,49.57
2008,10,20,17,30,27.200000000000003,133,857,876,876,133,857,45.83
2008,10,20,18,30,28.400000000000002,129,907,899,899,129,907,43.19
2008,10,20,19,30,28.8,131,875,885,885,131,875,42.43
2008,10,20,20,30,28.5,129,768,846,846,129,768,43.52
2008,10,20,21,30,27.6,126,596,766,766,126,596,46.42
2008,10,20,22,30,26.1,111,378,626,626,111,378,51.96
2008,10,20,23,30,24,71,149,377,10,106,107,64.8
2008,10,21,0,30,22.1,0,0,0,0,0,0,82.97
2008,10,21,1,30,21.1,0,0,0,0,0,0,89.84
2008,10,21,2,30,20.5,0,0,0,0,0,0,93.54
2008,10,21,3,30,20.200000000000003,0,0,0,0,0,0,95.05
2008,10,21,4,30,20.1,0,0,0,0,0,0,94.88
2008,10,21,5,30,20.1,0,0,0,0,0,0,94.15
2008,10,21,6,30,19.900000000000002,0,0,0,0,0,0,95.08
2008,10,21,7,30,19.6,0,0,0,0,0,0,93.91
2008,10,21,8,30,19.3,0,0,0,0,0,0,95
2008,10,21,9,30,19.1,0,0,0,0,0,0,95.04
2008,10,21,10,30,18.900000000000002,0,0,0,0,0,0,94.39
2008,10,21,11,30,18.7,0,0,0,0,0,0,93.99
2008,10,21,12,30,18.5,0,0,0,0,0,0,93.29
2008,10,21,13,30,19,63,89,176,176,63,89,89.24
2008,10,21,14,30,20.5,133,306,460,460,133,306,77.46000000000001
2008,10,21,15,30,22.5,168,523,623,623,168,523,68
2008,10,21,16,30,24.200000000000003,183,703,718,718,183,703,62.9
2008,10,21,17,30,25.1,192,822,765,765,192,822,58.33
2008,10,21,18,30,25.400000000000002,139,889,870,870,139,889,56.47
2008,10,21,19,30,25.400000000000002,144,857,851,851,144,857,56.45
2008,10,21,20,30,25,138,755,820,820,138,755,58.56
2008,10,21,21,30,24.5,127,588,754,754,127,588,61.38
2008,10,21,22,30,23.700000000000003,106,375,634,634,106,375,65.7
2008,10,21,23,30,22.3,66,148,399,323,78,144,75.53
2008,10,22,0,30,20.8,0,0,0,0,0,0,90.63
2008,10,22,1,30,20,0,0,0,0,0,0,94.49
2008,10,22,2,30,19.6,0,0,0,0,0,0,95.71000000000001
2008,10,22,3,30,19.3,0,0,0,0,0,0,96.37
2008,10,22,4,30,19.3,0,0,0,0,0,0,95.38
2008,10,22,5,30,19.3,0,0,0,0,0,0,95.07000000000001
2008,10,22,6,30,19.200000000000003,0,0,0,0,0,0,95.22
2008,10,22,7,30,18.900000000000002,0,0,0,0,0,0,96.29
2008,10,22,8,30,18.6,0,0,0,0,0,0,97.23
2008,10,22,9,30,18.3,0,0,0,0,0,0,97.84
2008,10,22,10,30,18.1,0,0,0,0,0,0,97.03
2008,10,22,11,30,17.900000000000002,0,0,0,0,0,0,95.98
2008,10,22,12,30,17.7,0,0,0,0,0,0,94.63
2008,10,22,13,30,18.1,53,97,295,295,53,97,91.2
2008,10,22,14,30,19.1,98,323,601,601,98,323,86.99
2008,10,22,15,30,20.700000000000003,121,545,746,435,234,481,78.5
2008,10,22,16,30,22.8,133,726,822,822,133,726,67.91
2008,10,22,17,30,24.6,139,847,864,864,139,847,56.93
2008,10,22,18,30,25.6,122,903,910,371,440,759,49.06
2008,10,22,19,30,26.1,119,874,904,238,470,669,44.61
2008,10,22,20,30,26,112,773,882,248,336,522,43.33
2008,10,22,21,30,25.6,105,605,822,169,278,380,43.800000000000004
2008,10,22,22,30,24.8,86,389,720,4,114,115,47.51
2008,10,22,23,30,23.3,56,155,489,4,65,66,58.47
2008,10,23,0,30,21.6,0,0,0,0,0,0,71.47
2008,10,23,1,30,20.5,0,0,0,0,0,0,75.82000000000001
2008,10,23,2,30,19.700000000000003,0,0,0,0,0,0,80.88
2008,10,23,3,30,19.200000000000003,0,0,0,0,0,0,84.2
2008,10,23,4,30,18.8,0,0,0,0,0,0,86.2
2008,10,23,5,30,18.6,0,0,0,0,0,0,86.25
2008,10,23,6,30,18.5,0,0,0,0,0,0,85.5
2008,10,23,7,30,18.3,0,0,0,0,0,0,85.52
2008,10,23,8,30,18,0,0,0,0,0,0,85.99
2008,10,23,9,30,17.7,0,0,0,0,0,0,86.58
2008,10,23,10,30,17.3,0,0,0,0,0,0,87.14
2008,10,23,11,30,16.900000000000002,0,0,0,0,0,0,87.32000000000001
2008,10,23,12,30,16.6,0,0,0,0,0,0,86.88
2008,10,23,13,30,17.3,46,102,378,378,46,102,83.96000000000001
2008,10,23,14,30,18.8,83,332,673,673,83,332,78.4
2008,10,23,15,30,20.5,102,555,798,224,312,438,73.7
2008,10,23,16,30,22.6,117,733,857,558,234,635,63.27
2008,10,23,17,30,24.1,127,849,884,612,246,746,55.910000000000004
2008,10,23,18,30,24.6,139,891,880,880,139,891,55.120000000000005
2008,10,23,19,30,24.6,136,862,874,485,300,703,56.300000000000004
2008,10,23,20,30,24.5,128,758,845,507,274,652,57.36
2008,10,23,21,30,24.1,121,587,773,267,325,486,59.36
2008,10,23,22,30,23.3,98,375,663,0,56,56,64.14
2008,10,23,23,30,21.8,60,145,428,4,73,74,77.57000000000001
2008,10,24,0,30,20.400000000000002,0,0,0,0,0,0,90.12
2008,10,24,1,30,19.8,0,0,0,0,0,0,91.18
2008,10,24,2,30,19.400000000000002,0,0,0,0,0,0,92.7
2008,10,24,3,30,19.1,0,0,0,0,0,0,93.76
2008,10,24,4,30,18.8,0,0,0,0,0,0,94.88
2008,10,24,5,30,18.7,0,0,0,0,0,0,94.62
2008,10,24,6,30,18.5,0,0,0,0,0,0,94.91
2008,10,24,7,30,18.3,0,0,0,0,0,0,95.10000000000001
2008,10,24,8,30,18,0,0,0,0,0,0,95.85000000000001
2008,10,24,9,30,17.8,0,0,0,0,0,0,95.9
2008,10,24,10,30,17.5,0,0,0,0,0,0,96.54
2008,10,24,11,30,17.1,0,0,0,0,0,0,97.65
2008,10,24,12,30,17.1,0,0,0,0,0,0,95.94
2008,10,24,13,30,18.1,49,98,337,0,27,27,90.99
2008,10,24,14,30,20,89,324,637,0,6,6,84.45
2008,10,24,15,30,21.700000000000003,111,545,771,0,65,65,72.45
2008,10,24,16,30,23.1,124,724,838,17,279,291,60.88
2008,10,24,17,30,23.8,131,841,872,8,282,289,56.96
2008,10,24,18,30,23.8,191,864,790,0,149,150,56.4
2008,10,24,19,30,23.400000000000002,184,837,788,24,349,369,57.59
2008,10,24,20,30,22.8,171,734,759,0,91,91,59.660000000000004
2008,10,24,21,30,22.200000000000003,153,568,690,10,186,192,62.15
2008,10,24,22,30,21.5,123,359,568,0,86,86,66
2008,10,24,23,30,20.5,71,136,332,2,58,59,73.68
2008,10,25,0,30,19.5,0,0,0,0,0,0,83.86
2008,10,25,1,30,18.8,0,0,0,0,0,0,89.97
2008,10,25,2,30,18.400000000000002,0,0,0,0,0,0,91.86
2008,10,25,3,30,18.2,0,0,0,0,0,0,92.19
2008,10,25,4,30,17.900000000000002,0,0,0,0,0,0,93.12
2008,10,25,5,30,17.7,0,0,0,0,0,0,93.46000000000001
2008,10,25,6,30,17.5,0,0,0,0,0,0,93.87
2008,10,25,7,30,17.3,0,0,0,0,0,0,93.96000000000001
2008,10,25,8,30,17,0,0,0,0,0,0,94.66
2008,10,25,9,30,16.8,0,0,0,0,0,0,94.61
2008,10,25,10,30,16.6,0,0,0,0,0,0,94.5
2008,10,25,11,30,16.5,0,0,0,0,0,0,93.96000000000001
2008,10,25,12,30,16.5,0,0,0,0,0,0,92.56
2008,10,25,13,30,17,47,96,338,0,34,34,89.10000000000001
2008,10,25,14,30,18.1,82,323,657,81,205,235,84.24
2008,10,25,15,30,19.900000000000002,97,546,798,95,316,370,75.51
2008,10,25,16,30,22.200000000000003,103,728,876,155,403,514,63.75
2008,10,25,17,30,24.400000000000002,103,848,919,106,409,495,53.7
2008,10,25,18,30,25.6,89,900,955,68,427,485,47.730000000000004
2008,10,25,19,30,25.700000000000003,90,872,948,74,418,479,45.56
2008,10,25,20,30,25.3,87,768,922,244,331,512,45.97
2008,10,25,21,30,24.5,100,591,822,498,207,505,48.480000000000004
2008,10,25,22,30,23.200000000000003,83,378,718,718,83,378,55.79
2008,10,25,23,30,21.400000000000002,52,146,487,487,52,146,71.03
2008,10,26,0,30,19.900000000000002,0,0,0,0,0,0,80.83
2008,10,26,1,30,19.1,0,0,0,0,0,0,82.48
2008,10,26,2,30,18.6,0,0,0,0,0,0,83.53
2008,10,26,3,30,18.2,0,0,0,0,0,0,84.11
2008,10,26,4,30,17.7,0,0,0,0,0,0,85.05
2008,10,26,5,30,17.1,0,0,0,0,0,0,86.98
2008,10,26,6,30,16.5,0,0,0,0,0,0,88.73
2008,10,26,7,30,15.9,0,0,0,0,0,0,89.79
2008,10,26,8,30,15.4,0,0,0,0,0,0,89.88
2008,10,26,9,30,15,0,0,0,0,0,0,89.14
2008,10,26,10,30,14.5,0,0,0,0,0,0,89.42
2008,10,26,11,30,14.100000000000001,0,0,0,0,0,0,89.39
2008,10,26,12,30,14.100000000000001,0,0,0,0,0,0,87.12
2008,10,26,13,30,15.600000000000001,39,105,471,12,72,73,79.43
2008,10,26,14,30,18.400000000000002,67,342,753,388,169,310,65.86
2008,10,26,15,30,21.900000000000002,81,567,868,868,81,567,50.47
2008,10,26,16,30,25.200000000000003,90,749,928,928,90,749,35.5
2008,10,26,17,30,27.3,96,869,956,714,168,745,27.53
2008,10,26,18,30,28.5,102,913,958,657,216,772,25.18
2008,10,26,19,30,29.1,103,881,947,717,203,791,24.66
2008,10,26,20,30,29,101,776,916,916,101,776,25.61
2008,10,26,21,30,28.400000000000002,98,601,846,846,98,601,27.55
2008,10,26,22,30,27,82,383,738,738,82,383,33.4
2008,10,26,23,30,24.5,53,147,494,494,53,147,49.29
2008,10,27,0,30,22.1,0,0,0,0,0,0,67.96000000000001
2008,10,27,1,30,20.8,0,0,0,0,0,0,71.16
2008,10,27,2,30,19.900000000000002,0,0,0,0,0,0,74.26
2008,10,27,3,30,19,0,0,0,0,0,0,75.8
2008,10,27,4,30,18.1,0,0,0,0,0,0,77.31
2008,10,27,5,30,17.2,0,0,0,0,0,0,79
2008,10,27,6,30,16.3,0,0,0,0,0,0,80.81
2008,10,27,7,30,15.5,0,0,0,0,0,0,82.32000000000001
2008,10,27,8,30,15,0,0,0,0,0,0,82.53
2008,10,27,9,30,14.8,0,0,0,0,0,0,82.67
2008,10,27,10,30,14.600000000000001,0,0,0,0,0,0,83.41
2008,10,27,11,30,14.3,0,0,0,0,0,0,84.24
2008,10,27,12,30,14.3,0,0,0,0,0,0,83.16
2008,10,27,13,30,15.5,45,98,378,378,45,98,77.24
2008,10,27,14,30,17.400000000000002,86,326,662,662,86,326,67.7
2008,10,27,15,30,19.400000000000002,112,545,777,302,293,461,59.870000000000005
2008,10,27,16,30,21.200000000000003,134,720,829,289,390,594,52.32
2008,10,27,17,30,22.200000000000003,149,836,854,314,445,697,47.52
2008,10,27,18,30,22.700000000000003,146,885,876,876,146,885,45.32
2008,10,27,19,30,22.8,143,857,872,872,143,857,45.33
2008,10,27,20,30,22.700000000000003,136,751,840,840,136,751,47.45
2008,10,27,21,30,22.1,119,584,786,786,119,584,52.46
2008,10,27,22,30,21,97,369,669,669,97,369,63.67
2008,10,27,23,30,19.400000000000002,60,138,417,19,100,104,75.04
2008,10,28,0,30,18.3,0,0,0,0,0,0,76.7
2008,10,28,1,30,17.8,0,0,0,0,0,0,77.12
2008,10,28,2,30,17.5,0,0,0,0,0,0,77.94
2008,10,28,3,30,17.1,0,0,0,0,0,0,79.29
2008,10,28,4,30,16.6,0,0,0,0,0,0,80.79
2008,10,28,5,30,16.1,0,0,0,0,0,0,82.18
2008,10,28,6,30,15.5,0,0,0,0,0,0,81.99
2008,10,28,7,30,14.9,0,0,0,0,0,0,79.67
2008,10,28,8,30,14.3,0,0,0,0,0,0,77.55
2008,10,28,9,30,13.8,0,0,0,0,0,0,75.81
2008,10,28,10,30,13.600000000000001,0,0,0,0,0,0,73.43
2008,10,28,11,30,13.4,0,0,0,0,0,0,72.29
2008,10,28,12,30,13.3,0,0,0,0,0,0,71.59
2008,10,28,13,30,13.9,43,97,388,2,59,59,68.89
2008,10,28,14,30,15.200000000000001,77,325,688,688,77,325,64.51
2008,10,28,15,30,17.2,96,547,813,813,96,547,58.57
2008,10,28,16,30,19.6,109,726,875,875,109,726,51.4
2008,10,28,17,30,22,119,843,903,195,387,543,45.77
2008,10,28,18,30,23.900000000000002,127,885,903,136,466,580,41.36
2008,10,28,19,30,25,127,854,892,18,322,337,39.44
2008,10,28,20,30,25.3,121,752,865,174,350,477,39.45
2008,10,28,21,30,25.1,108,584,809,314,272,457,40.96
2008,10,28,22,30,24.3,88,371,704,295,182,301,45.77
2008,10,28,23,30,22.5,54,140,464,5,73,74,59.97
2008,10,29,0,30,20.400000000000002,0,0,0,0,0,0,72.09
2008,10,29,1,30,18.900000000000002,0,0,0,0,0,0,75.86
2008,10,29,2,30,17.6,0,0,0,0,0,0,78.82000000000001
2008,10,29,3,30,16.400000000000002,0,0,0,0,0,0,80.5
2008,10,29,4,30,15.3,0,0,0,0,0,0,82.53
2008,10,29,5,30,14.5,0,0,0,0,0,0,82.98
2008,10,29,6,30,13.8,0,0,0,0,0,0,83.39
2008,10,29,7,30,13.4,0,0,0,0,0,0,83.22
2008,10,29,8,30,13.100000000000001,0,0,0,0,0,0,83.37
2008,10,29,9,30,12.9,0,0,0,0,0,0,83.32000000000001
2008,10,29,10,30,12.8,0,0,0,0,0,0,82.79
2008,10,29,11,30,12.700000000000001,0,0,0,0,0,0,82.64
2008,10,29,12,30,12.8,0,0,0,0,0,0,82.56
2008,10,29,13,30,13.9,44,94,369,8,59,60,76.69
2008,10,29,14,30,16.2,80,323,676,13,171,176,65.01
2008,10,29,15,30,19.400000000000002,99,545,809,287,255,413,54.74
2008,10,29,16,30,22.6,111,725,875,294,324,530,45.88
2008,10,29,17,30,25,119,841,904,308,371,617,39.75
2008,10,29,18,30,26.1,124,886,911,486,325,732,36.82
2008,10,29,19,30,26.3,126,853,895,895,126,853,36.67
2008,10,29,20,30,26,125,745,854,596,227,661,37.79
2008,10,29,21,30,25.200000000000003,111,578,797,596,169,518,40.49
2008,10,29,22,30,23.8,92,364,680,349,170,310,47.46
2008,10,29,23,30,21.6,57,135,428,8,73,74,65.99
2008,10,30,0,30,19.700000000000003,0,0,0,0,0,0,79.19
2008,10,30,1,30,18.8,0,0,0,0,0,0,79.86
2008,10,30,2,30,18.3,0,0,0,0,0,0,80.3
2008,10,30,3,30,17.900000000000002,0,0,0,0,0,0,80.5
2008,10,30,4,30,17.400000000000002,0,0,0,0,0,0,81.48
2008,10,30,5,30,16.8,0,0,0,0,0,0,82.49
2008,10,30,6,30,16.2,0,0,0,0,0,0,82.57000000000001
2008,10,30,7,30,15.5,0,0,0,0,0,0,82.73
2008,10,30,8,30,14.9,0,0,0,0,0,0,83.10000000000001
2008,10,30,9,30,14.5,0,0,0,0,0,0,83.97
2008,10,30,10,30,14.200000000000001,0,0,0,0,0,0,85.34
2008,10,30,11,30,14,0,0,0,0,0,0,85.97
2008,10,30,12,30,14,0,0,0,0,0,0,85.41
2008,10,30,13,30,15.3,46,90,326,18,64,66,78.99
2008,10,30,14,30,18,88,315,638,638,88,315,64.39
2008,10,30,15,30,21.200000000000003,109,537,780,357,276,472,53.49
2008,10,30,16,30,24,120,717,854,854,120,717,46.31
2008,10,30,17,30,26.1,126,835,890,890,126,835,40.07
2008,10,30,18,30,27.6,116,886,923,432,407,767,35.6
2008,10,30,19,30,28.400000000000002,117,857,915,363,421,715,33.09
2008,10,30,20,30,28.6,113,750,880,880,113,750,32.24
2008,10,30,21,30,28.1,105,581,815,229,324,457,33.29
2008,10,30,22,30,26.6,89,365,692,48,222,241,37.83
2008,10,30,23,30,23.8,56,133,426,5,86,87,53.46
2008,10,31,0,30,21.1,0,0,0,0,0,0,75.31
2008,10,31,1,30,19.8,0,0,0,0,0,0,79.8
2008,10,31,2,30,19.1,0,0,0,0,0,0,83.13
2008,10,31,3,30,18.900000000000002,0,0,0,0,0,0,82.34
2008,10,31,4,30,18.5,0,0,0,0,0,0,79.77
2008,10,31,5,30,17.6,0,0,0,0,0,0,81.7
2008,10,31,6,30,16.8,0,0,0,0,0,0,83.96000000000001
2008,10,31,7,30,16.2,0,0,0,0,0,0,86.48
2008,10,31,8,30,15.700000000000001,0,0,0,0,0,0,88.02
2008,10,31,9,30,15.3,0,0,0,0,0,0,88.66
2008,10,31,10,30,15,0,0,0,0,0,0,88.83
2008,10,31,11,30,14.600000000000001,0,0,0,0,0,0,89.67
2008,10,31,12,30,14.600000000000001,0,0,0,0,0,0,88.04
2008,10,31,13,30,15.9,48,86,291,291,48,86,80.57000000000001
2008,10,31,14,30,18.7,91,308,614,614,91,308,65.76
2008,10,31,15,30,21.900000000000002,111,530,768,768,111,530,56.160000000000004
2008,10,31,16,30,24.8,119,710,849,274,383,574,49.02
2008,10,31,17,30,26.900000000000002,124,831,892,498,293,688,43.03
2008,10,31,18,30,28.5,116,880,920,920,116,880,38.12
2008,10,31,19,30,29.3,114,852,916,916,114,852,35.33
2008,10,31,20,30,29.400000000000002,108,747,887,887,108,747,34.28
2008,10,31,21,30,28.900000000000002,101,578,822,822,101,578,34.910000000000004
2008,10,31,22,30,27.6,84,362,704,704,84,362,38.62
2008,10,31,23,30,24.700000000000003,52,132,450,450,52,132,53.67
2008,11,1,0,30,21.900000000000002,0,0,0,0,0,0,74.71000000000001
2008,11,1,1,30,20.3,0,0,0,0,0,0,80.67
2008,11,1,2,30,19.400000000000002,0,0,0,0,0,0,85.23
2008,11,1,3,30,18.900000000000002,0,0,0,0,0,0,84.69
2008,11,1,4,30,18.2,0,0,0,0,0,0,83.49
2008,11,1,5,30,17.2,0,0,0,0,0,0,86.03
2008,11,1,6,30,16.3,0,0,0,0,0,0,88.81
2008,11,1,7,30,15.700000000000001,0,0,0,0,0,0,89.46000000000001
2008,11,1,8,30,15.3,0,0,0,0,0,0,89.03
2008,11,1,9,30,14.9,0,0,0,0,0,0,88.93
2008,11,1,10,30,14.5,0,0,0,0,0,0,88.85000000000001
2008,11,1,11,30,14,0,0,0,0,0,0,89.57000000000001
2008,11,1,12,30,13.9,0,0,0,0,0,0,88.01
2008,11,1,13,30,15.3,47,86,302,302,47,86,79.46000000000001
2008,11,1,14,30,18.400000000000002,89,312,634,634,89,312,63.79
2008,11,1,15,30,21.8,108,536,787,787,108,536,52.99
2008,11,1,16,30,24.6,119,716,860,860,119,716,47.97
2008,11,1,17,30,26.400000000000002,124,837,902,902,124,837,44.2
2008,11,1,18,30,27.700000000000003,104,892,952,952,104,892,40.61
2008,11,1,19,30,28.5,103,861,944,944,103,861,37.78
2008,11,1,20,30,28.6,99,756,916,916,99,756,36.57
2008,11,1,21,30,28.200000000000003,92,586,855,855,92,586,36.550000000000004
2008,11,1,22,30,27,78,369,741,741,78,369,38.75
2008,11,1,23,30,24,49,135,490,490,49,135,52.88
2008,11,2,0,30,21.1,0,0,0,0,0,0,75.4
2008,11,2,1,30,19.6,0,0,0,0,0,0,80.21000000000001
2008,11,2,2,30,18.6,0,0,0,0,0,0,84.63
2008,11,2,3,30,17.7,0,0,0,0,0,0,88.06
2008,11,2,4,30,17,0,0,0,0,0,0,88.71000000000001
2008,11,2,5,30,16.3,0,0,0,0,0,0,88.69
2008,11,2,6,30,15.5,0,0,0,0,0,0,89.27
2008,11,2,7,30,14.8,0,0,0,0,0,0,89.7
2008,11,2,8,30,14.100000000000001,0,0,0,0,0,0,90.57000000000001
2008,11,2,9,30,13.5,0,0,0,0,0,0,91.76
2008,11,2,10,30,13.200000000000001,0,0,0,0,0,0,91.5
2008,11,2,11,30,13,0,0,0,0,0,0,90.89
2008,11,2,12,30,13.100000000000001,0,0,0,0,0,0,88.8
2008,11,2,13,30,14.600000000000001,43,87,342,342,43,87,79.88
2008,11,2,14,30,17.8,83,312,655,655,83,312,64.99
2008,11,2,15,30,21.5,104,533,792,792,104,533,56.13
2008,11,2,16,30,24.400000000000002,112,716,874,874,112,716,51.26
2008,11,2,17,30,26.200000000000003,113,836,919,919,113,836,45.63
2008,11,2,18,30,27.400000000000002,102,885,950,950,102,885,40.74
2008,11,2,19,30,27.900000000000002,102,854,940,940,102,854,37.93
2008,11,2,20,30,27.700000000000003,100,749,908,908,100,749,36.96
2008,11,2,21,30,27.1,99,577,830,234,319,453,37.980000000000004
2008,11,2,22,30,25.900000000000002,83,360,711,711,83,360,41.480000000000004
2008,11,2,23,30,23.700000000000003,50,131,462,6,61,62,53.370000000000005
2008,11,3,0,30,21.3,0,0,0,0,0,0,73.41
2008,11,3,1,30,19.8,0,0,0,0,0,0,80.60000000000001
2008,11,3,2,30,18.900000000000002,0,0,0,0,0,0,85.98
2008,11,3,3,30,18.3,0,0,0,0,0,0,89.45
2008,11,3,4,30,17.900000000000002,0,0,0,0,0,0,91.54
2008,11,3,5,30,17.5,0,0,0,0,0,0,92.52
2008,11,3,6,30,16.8,0,0,0,0,0,0,94.39
2008,11,3,7,30,16,0,0,0,0,0,0,96.36
2008,11,3,8,30,15.3,0,0,0,0,0,0,96.13
2008,11,3,9,30,14.600000000000001,0,0,0,0,0,0,95.34
2008,11,3,10,30,14,0,0,0,0,0,0,94.81
2008,11,3,11,30,13.5,0,0,0,0,0,0,94.60000000000001
2008,11,3,12,30,13.4,0,0,0,0,0,0,92.34
2008,11,3,13,30,14.9,41,85,350,350,41,85,82.67
2008,11,3,14,30,18.1,79,310,667,667,79,310,65.63
2008,11,3,15,30,21.900000000000002,97,533,810,810,97,533,54.59
2008,11,3,16,30,24.900000000000002,107,713,881,881,107,713,45.9
2008,11,3,17,30,26.6,113,831,916,916,113,831,39.18
2008,11,3,18,30,27.6,121,875,918,918,121,875,35.72
2008,11,3,19,30,28,125,843,902,902,125,843,34.33
2008,11,3,20,30,27.900000000000002,125,736,860,860,125,736,34.33
2008,11,3,21,30,27.3,124,564,769,769,124,564,35.71
2008,11,3,22,30,26.1,100,351,646,646,100,351,39.39
2008,11,3,23,30,23.6,58,124,381,381,58,124,52.42
2008,11,4,0,30,20.900000000000002,0,0,0,0,0,0,75.16
2008,11,4,1,30,19.400000000000002,0,0,0,0,0,0,84.23
2008,11,4,2,30,18.400000000000002,0,0,0,0,0,0,90.67
2008,11,4,3,30,17.8,0,0,0,0,0,0,94.78
2008,11,4,4,30,17.400000000000002,0,0,0,0,0,0,97.88
2008,11,4,5,30,17.3,0,0,0,0,0,0,100
2008,11,4,6,30,17.3,0,0,0,0,0,0,100
2008,11,4,7,30,17.3,0,0,0,0,0,0,100
2008,11,4,8,30,17.3,0,0,0,0,0,0,100
2008,11,4,9,30,17.2,0,0,0,0,0,0,100
2008,11,4,10,30,17.1,0,0,0,0,0,0,100
2008,11,4,11,30,16.900000000000002,0,0,0,0,0,0,100
2008,11,4,12,30,16.7,0,0,0,0,0,0,99.81
2008,11,4,13,30,17.8,49,77,224,224,49,77,92.05
2008,11,4,14,30,20.700000000000003,102,296,564,564,102,296,76.11
2008,11,4,15,30,23.700000000000003,122,518,739,739,122,518,57.56
2008,11,4,16,30,25.8,137,696,816,816,137,696,46.050000000000004
2008,11,4,17,30,26.900000000000002,150,810,845,845,150,810,42.36
2008,11,4,18,30,27.5,129,865,899,899,129,865,40.99
2008,11,4,19,30,27.6,135,830,875,875,135,830,40.93
2008,11,4,20,30,27.200000000000003,135,723,830,830,135,723,42.42
2008,11,4,21,30,26.400000000000002,124,555,756,756,124,555,44.88
2008,11,4,22,30,25.1,107,341,607,607,107,341,49.230000000000004
2008,11,4,23,30,22.8,63,117,323,323,63,117,61.04
2008,11,5,0,30,20.5,0,0,0,0,0,0,82.16
2008,11,5,1,30,19.200000000000003,0,0,0,0,0,0,90.18
2008,11,5,2,30,18.400000000000002,0,0,0,0,0,0,95.38
2008,11,5,3,30,18,0,0,0,0,0,0,98.3
2008,11,5,4,30,17.8,0,0,0,0,0,0,100
2008,11,5,5,30,17.6,0,0,0,0,0,0,100
2008,11,5,6,30,17.400000000000002,0,0,0,0,0,0,100
2008,11,5,7,30,17.1,0,0,0,0,0,0,100
2008,11,5,8,30,16.8,0,0,0,0,0,0,100
2008,11,5,9,30,16.6,0,0,0,0,0,0,100
2008,11,5,10,30,16.5,0,0,0,0,0,0,100
2008,11,5,11,30,16.2,0,0,0,0,0,0,100
2008,11,5,12,30,16.1,0,0,0,0,0,0,100
2008,11,5,13,30,17.5,45,79,284,284,45,79,91.43
2008,11,5,14,30,20.5,87,301,627,627,87,301,75.87
2008,11,5,15,30,23.6,104,524,787,787,104,524,59.78
2008,11,5,16,30,26.1,115,703,862,862,115,703,47.08
2008,11,5,17,30,27.6,122,822,899,899,122,822,40.71
2008,11,5,18,30,28.200000000000003,148,859,871,871,148,859,38.92
2008,11,5,19,30,28.400000000000002,148,828,859,859,148,828,38.84
2008,11,5,20,30,28,143,723,821,821,143,723,40.15
2008,11,5,21,30,27.1,145,548,712,712,145,548,42.74
2008,11,5,22,30,25.6,122,335,557,557,122,335,47.71
2008,11,5,23,30,23,65,115,293,3,79,79,61.02
2008,11,6,0,30,20.5,0,0,0,0,0,0,81.81
2008,11,6,1,30,19.200000000000003,0,0,0,0,0,0,89.92
2008,11,6,2,30,18.400000000000002,0,0,0,0,0,0,95.36
2008,11,6,3,30,18,0,0,0,0,0,0,98.65
2008,11,6,4,30,17.900000000000002,0,0,0,0,0,0,99.96000000000001
2008,11,6,5,30,17.7,0,0,0,0,0,0,100
2008,11,6,6,30,17.400000000000002,0,0,0,0,0,0,100
2008,11,6,7,30,17.2,0,0,0,0,0,0,100
2008,11,6,8,30,16.900000000000002,0,0,0,0,0,0,100
2008,11,6,9,30,16.6,0,0,0,0,0,0,100
2008,11,6,10,30,16.3,0,0,0,0,0,0,100
2008,11,6,11,30,16,0,0,0,0,0,0,100
2008,11,6,12,30,16,0,0,0,0,0,0,99.51
2008,11,6,13,30,17.5,45,78,281,281,45,78,89.77
2008,11,6,14,30,20.400000000000002,89,300,622,622,89,300,75.10000000000001
2008,11,6,15,30,23.400000000000002,108,521,779,779,108,521,60.870000000000005
2008,11,6,16,30,25.900000000000002,121,702,856,856,121,702,49.02
2008,11,6,17,30,27.6,127,821,894,894,127,821,41.9
2008,11,6,18,30,28.700000000000003,109,875,942,942,109,875,37.9
2008,11,6,19,30,29.1,108,842,932,932,108,842,36.480000000000004
2008,11,6,20,30,29,103,738,905,905,103,738,36.71
2008,11,6,21,30,28.3,99,568,832,832,99,568,38.26
2008,11,6,22,30,26.700000000000003,87,350,689,689,87,350,42.4
2008,11,6,23,30,24.1,53,121,408,408,53,121,55.7
2008,11,7,0,30,21.5,0,0,0,0,0,0,77.23
2008,11,7,1,30,19.8,0,0,0,0,0,0,87.76
2008,11,7,2,30,18.8,0,0,0,0,0,0,93.33
2008,11,7,3,30,18.2,0,0,0,0,0,0,97.3
2008,11,7,4,30,17.8,0,0,0,0,0,0,100
2008,11,7,5,30,17.6,0,0,0,0,0,0,100
2008,11,7,6,30,17.400000000000002,0,0,0,0,0,0,100
2008,11,7,7,30,17.1,0,0,0,0,0,0,100
2008,11,7,8,30,16.8,0,0,0,0,0,0,100
2008,11,7,9,30,16.400000000000002,0,0,0,0,0,0,100
2008,11,7,10,30,16,0,0,0,0,0,0,100
2008,11,7,11,30,15.600000000000001,0,0,0,0,0,0,100
2008,11,7,12,30,15.4,0,0,0,0,0,0,100
2008,11,7,13,30,16.6,42,78,304,304,42,78,90.38
2008,11,7,14,30,19.8,82,303,657,657,82,303,74.32000000000001
2008,11,7,15,30,23.400000000000002,98,526,812,812,98,526,59.63
2008,11,7,16,30,25.8,107,706,887,887,107,706,48.96
2008,11,7,17,30,27.3,114,823,918,918,114,823,42.800000000000004
2008,11,7,18,30,28.1,135,859,895,895,135,859,40
2008,11,7,19,30,28,140,824,872,872,140,824,39.64
2008,11,7,20,30,27,140,718,826,826,140,718,41.300000000000004
2008,11,7,21,30,25.6,140,544,719,719,140,544,45.300000000000004
2008,11,7,22,30,23.900000000000002,113,333,580,580,113,333,55.19
2008,11,7,23,30,21.900000000000002,63,113,302,302,63,113,69.91
2008,11,8,0,30,19.8,0,0,0,0,0,0,84.76
2008,11,8,1,30,18.400000000000002,0,0,0,0,0,0,90.56
2008,11,8,2,30,17.6,0,0,0,0,0,0,93.96000000000001
2008,11,8,3,30,17.1,0,0,0,0,0,0,95.52
2008,11,8,4,30,16.7,0,0,0,0,0,0,96.41
2008,11,8,5,30,16.400000000000002,0,0,0,0,0,0,96.75
2008,11,8,6,30,16.1,0,0,0,0,0,0,97.34
2008,11,8,7,30,15.700000000000001,0,0,0,0,0,0,98.71000000000001
2008,11,8,8,30,15.5,0,0,0,0,0,0,99.08
2008,11,8,9,30,15.4,0,0,0,0,0,0,98.76
2008,11,8,10,30,15.3,0,0,0,0,0,0,98.58
2008,11,8,11,30,15.100000000000001,0,0,0,0,0,0,98.81
2008,11,8,12,30,15.100000000000001,0,0,0,0,0,0,97.57000000000001
2008,11,8,13,30,16.7,46,72,221,221,46,72,88.36
2008,11,8,14,30,20.200000000000003,101,288,560,13,171,176,71.91
2008,11,8,15,30,23.6,124,509,733,733,124,509,54.97
2008,11,8,16,30,25.6,138,687,816,816,138,687,46.28
2008,11,8,17,30,26.900000000000002,146,805,856,856,146,805,42.14
2008,11,8,18,30,27.700000000000003,120,862,919,919,120,862,40.15
2008,11,8,19,30,28,123,828,902,902,123,828,39.52
2008,11,8,20,30,27.8,119,724,867,867,119,724,40.01
2008,11,8,21,30,27,112,555,791,791,112,555,42.19
2008,11,8,22,30,25.6,94,341,653,653,94,341,46.54
2008,11,8,23,30,23,55,116,376,376,55,116,58.95
2008,11,9,0,30,20.400000000000002,0,0,0,0,0,0,80.65
2008,11,9,1,30,18.900000000000002,0,0,0,0,0,0,88.84
2008,11,9,2,30,17.900000000000002,0,0,0,0,0,0,94.83
2008,11,9,3,30,17.2,0,0,0,0,0,0,98.79
2008,11,9,4,30,16.8,0,0,0,0,0,0,100
2008,11,9,5,30,16.5,0,0,0,0,0,0,100
2008,11,9,6,30,16.2,0,0,0,0,0,0,100
2008,11,9,7,30,15.9,0,0,0,0,0,0,100
2008,11,9,8,30,15.600000000000001,0,0,0,0,0,0,100
2008,11,9,9,30,15.200000000000001,0,0,0,0,0,0,100
2008,11,9,10,30,14.8,0,0,0,0,0,0,100
2008,11,9,11,30,14.5,0,0,0,0,0,0,100
2008,11,9,12,30,14.4,0,0,0,0,0,0,99.44
2008,11,9,13,30,15.8,41,75,302,302,41,75,90.09
2008,11,9,14,30,18.900000000000002,81,298,654,5,138,140,75.89
2008,11,9,15,30,22.200000000000003,95,521,815,815,95,521,58.01
2008,11,9,16,30,24.400000000000002,106,701,888,888,106,701,45.97
2008,11,9,17,30,25.6,113,817,918,918,113,817,42.94
2008,11,9,18,30,26.400000000000002,107,865,944,3,340,343,41.57
2008,11,9,19,30,26.6,106,836,936,936,106,836,41.32
2008,11,9,20,30,26.3,100,731,908,908,100,731,42.08
2008,11,9,21,30,25.6,92,564,847,847,92,564,44.1
2008,11,9,22,30,24.3,74,351,738,738,74,351,48.17
2008,11,9,23,30,21.8,45,122,478,478,45,122,59.07
2008,11,10,0,30,19.1,0,0,0,0,0,0,81.52
2008,11,10,1,30,17.7,0,0,0,0,0,0,88.37
2008,11,10,2,30,16.8,0,0,0,0,0,0,92.66
2008,11,10,3,30,16.1,0,0,0,0,0,0,96.21000000000001
2008,11,10,4,30,15.5,0,0,0,0,0,0,99.15
2008,11,10,5,30,15.100000000000001,0,0,0,0,0,0,100
2008,11,10,6,30,14.8,0,0,0,0,0,0,100
2008,11,10,7,30,14.700000000000001,0,0,0,0,0,0,100
2008,11,10,8,30,14.5,0,0,0,0,0,0,100
2008,11,10,9,30,14.200000000000001,0,0,0,0,0,0,100
2008,11,10,10,30,13.9,0,0,0,0,0,0,99.91
2008,11,10,11,30,13.4,0,0,0,0,0,0,100
2008,11,10,12,30,13.200000000000001,0,0,0,0,0,0,99.28
2008,11,10,13,30,14.4,32,82,446,446,32,82,89.99
2008,11,10,14,30,17.7,58,313,776,776,58,313,73.78
2008,11,10,15,30,21.5,67,540,910,910,67,540,51.480000000000004
2008,11,10,16,30,23.900000000000002,73,721,970,970,73,721,38.49
2008,11,10,17,30,25.3,77,840,999,999,77,840,34.37
2008,11,10,18,30,26.1,76,884,1010,1010,76,884,32.72
2008,11,10,19,30,26.5,75,854,1004,1004,75,854,32.17
2008,11,10,20,30,26.400000000000002,71,749,979,979,71,749,32.76
2008,11,10,21,30,25.700000000000003,69,580,920,920,69,580,34.730000000000004
2008,11,10,22,30,24.3,58,364,821,821,58,364,38.58
2008,11,10,23,30,21.3,37,129,580,580,37,129,52.64
2008,11,11,0,30,18.2,0,0,0,0,0,0,78.15
2008,11,11,1,30,16.900000000000002,0,0,0,0,0,0,83.82000000000001
2008,11,11,2,30,16.2,0,0,0,0,0,0,87.52
2008,11,11,3,30,15.600000000000001,0,0,0,0,0,0,91.06
2008,11,11,4,30,15.200000000000001,0,0,0,0,0,0,94.36
2008,11,11,5,30,14.8,0,0,0,0,0,0,97.68
2008,11,11,6,30,14.5,0,0,0,0,0,0,99.42
2008,11,11,7,30,14,0,0,0,0,0,0,100
2008,11,11,8,30,13.5,0,0,0,0,0,0,100
2008,11,11,9,30,13.100000000000001,0,0,0,0,0,0,100
2008,11,11,10,30,12.600000000000001,0,0,0,0,0,0,100
2008,11,11,11,30,12.200000000000001,0,0,0,0,0,0,99.79
2008,11,11,12,30,12.200000000000001,0,0,0,0,0,0,97.27
2008,11,11,13,30,14.4,29,81,477,477,29,81,84.60000000000001
2008,11,11,14,30,18.5,54,312,791,791,54,312,67.32000000000001
2008,11,11,15,30,22.5,65,536,913,913,65,536,51.32
2008,11,11,16,30,25.3,71,717,973,973,71,717,37.33
2008,11,11,17,30,26.8,75,836,1001,1001,75,836,33.27
2008,11,11,18,30,27.700000000000003,74,883,1014,1014,74,883,32.04
2008,11,11,19,30,28.1,75,853,1006,1006,75,853,31.88
2008,11,11,20,30,27.900000000000002,72,747,978,978,72,747,32.78
2008,11,11,21,30,27.200000000000003,66,579,929,929,66,579,34.65
2008,11,11,22,30,25.6,56,363,828,828,56,363,38.99
2008,11,11,23,30,22.3,36,128,586,586,36,128,55.29
2008,11,12,0,30,19.1,0,0,0,0,0,0,78.24
2008,11,12,1,30,17.7,0,0,0,0,0,0,83.63
2008,11,12,2,30,17,0,0,0,0,0,0,86.49
2008,11,12,3,30,16.400000000000002,0,0,0,0,0,0,88.64
2008,11,12,4,30,16.1,0,0,0,0,0,0,89.52
2008,11,12,5,30,15.8,0,0,0,0,0,0,90.10000000000001
2008,11,12,6,30,15.5,0,0,0,0,0,0,90.58
2008,11,12,7,30,15.100000000000001,0,0,0,0,0,0,91.53
2008,11,12,8,30,14.700000000000001,0,0,0,0,0,0,92.52
2008,11,12,9,30,14.5,0,0,0,0,0,0,92.26
2008,11,12,10,30,14.200000000000001,0,0,0,0,0,0,92.57000000000001
2008,11,12,11,30,13.9,0,0,0,0,0,0,92.92
2008,11,12,12,30,13.8,0,0,0,0,0,0,92.21000000000001
2008,11,12,13,30,15.5,28,79,477,477,28,79,82.52
2008,11,12,14,30,19.400000000000002,53,310,793,793,53,310,67.46000000000001
2008,11,12,15,30,23.1,64,534,915,915,64,534,52.96
2008,11,12,16,30,25.5,70,715,975,975,70,715,41.79
2008,11,12,17,30,26.8,74,831,1000,1000,74,831,38.07
2008,11,12,18,30,27.6,78,877,1006,1006,78,877,36.08
2008,11,12,19,30,27.8,77,848,1000,1000,77,848,35.34
2008,11,12,20,30,27.5,74,745,975,975,74,745,35.93
2008,11,12,21,30,26.5,68,577,923,923,68,577,38.2
2008,11,12,22,30,24.700000000000003,58,361,821,821,58,361,43.1
2008,11,12,23,30,21.5,37,127,576,576,37,127,57.47
2008,11,13,0,30,18.5,0,0,0,0,0,0,79.76
2008,11,13,1,30,17.2,0,0,0,0,0,0,85.84
2008,11,13,2,30,16.6,0,0,0,0,0,0,88.15
2008,11,13,3,30,16.2,0,0,0,0,0,0,89.54
2008,11,13,4,30,16,0,0,0,0,0,0,89.58
2008,11,13,5,30,15.700000000000001,0,0,0,0,0,0,90.3
2008,11,13,6,30,15.3,0,0,0,0,0,0,92.09
2008,11,13,7,30,14.8,0,0,0,0,0,0,94.37
2008,11,13,8,30,14.3,0,0,0,0,0,0,96.62
2008,11,13,9,30,13.8,0,0,0,0,0,0,98.65
2008,11,13,10,30,13.200000000000001,0,0,0,0,0,0,100
2008,11,13,11,30,12.5,0,0,0,0,0,0,100
2008,11,13,12,30,12.100000000000001,0,0,0,0,0,0,100
2008,11,13,13,30,13.8,29,80,490,490,29,80,91.83
2008,11,13,14,30,17.7,53,316,817,817,53,316,73.14
2008,11,13,15,30,21.6,62,547,948,948,62,547,48.7
2008,11,13,16,30,24.200000000000003,68,727,1001,1001,68,727,32.61
2008,11,13,17,30,25.6,71,848,1030,1030,71,848,29.18
2008,11,13,18,30,26.5,72,895,1039,1039,72,895,27.62
2008,11,13,19,30,26.8,71,862,1029,1029,71,862,27.490000000000002
2008,11,13,20,30,26.5,68,755,1002,1002,68,755,28.830000000000002
2008,11,13,21,30,25.6,63,585,953,953,63,585,31.45
2008,11,13,22,30,23.900000000000002,53,367,856,856,53,367,36.54
2008,11,13,23,30,20.400000000000002,34,130,617,617,34,130,53.22
2008,11,14,0,30,17,0,0,0,0,0,0,78.78
2008,11,14,1,30,15.600000000000001,0,0,0,0,0,0,85.01
2008,11,14,2,30,14.700000000000001,0,0,0,0,0,0,89.42
2008,11,14,3,30,14,0,0,0,0,0,0,93.4
2008,11,14,4,30,13.5,0,0,0,0,0,0,97.63
2008,11,14,5,30,13.100000000000001,0,0,0,0,0,0,100
2008,11,14,6,30,12.8,0,0,0,0,0,0,100
2008,11,14,7,30,12.3,0,0,0,0,0,0,100
2008,11,14,8,30,11.8,0,0,0,0,0,0,100
2008,11,14,9,30,11.100000000000001,0,0,0,0,0,0,100
2008,11,14,10,30,10.4,0,0,0,0,0,0,100
2008,11,14,11,30,9.700000000000001,0,0,0,0,0,0,100
2008,11,14,12,30,9.600000000000001,0,0,0,0,0,0,100
2008,11,14,13,30,12.100000000000001,27,80,517,517,27,80,89.5
2008,11,14,14,30,16.5,49,316,837,837,49,316,70.2
2008,11,14,15,30,20.900000000000002,58,543,955,955,58,543,50.2
2008,11,14,16,30,24.5,63,727,1012,1012,63,727,29.25
2008,11,14,17,30,26.3,66,844,1035,1035,66,844,22.68
2008,11,14,18,30,27.1,69,892,1042,1042,69,892,22.17
2008,11,14,19,30,27.400000000000002,69,859,1031,1031,69,859,22.66
2008,11,14,20,30,27.200000000000003,67,755,1007,1007,67,755,23.830000000000002
2008,11,14,21,30,26.3,65,583,948,948,65,583,26.02
2008,11,14,22,30,24.400000000000002,55,365,847,847,55,365,30.85
2008,11,14,23,30,20.700000000000003,35,127,597,597,35,127,49.68
2008,11,15,0,30,17.3,0,0,0,0,0,0,74.04
2008,11,15,1,30,16,0,0,0,0,0,0,77.97
2008,11,15,2,30,15.5,0,0,0,0,0,0,78.64
2008,11,15,3,30,15,0,0,0,0,0,0,79.37
2008,11,15,4,30,14.5,0,0,0,0,0,0,80.25
2008,11,15,5,30,13.9,0,0,0,0,0,0,81.66
2008,11,15,6,30,13.200000000000001,0,0,0,0,0,0,83.73
2008,11,15,7,30,12.600000000000001,0,0,0,0,0,0,85.85000000000001
2008,11,15,8,30,12.100000000000001,0,0,0,0,0,0,88.11
2008,11,15,9,30,11.700000000000001,0,0,0,0,0,0,90.11
2008,11,15,10,30,11.4,0,0,0,0,0,0,91.22
2008,11,15,11,30,11.100000000000001,0,0,0,0,0,0,91.64
2008,11,15,12,30,11.200000000000001,0,0,0,0,0,0,88.65
2008,11,15,13,30,13.5,28,73,455,455,28,73,74.8
2008,11,15,14,30,17.5,56,301,772,772,56,301,58.870000000000005
2008,11,15,15,30,21.3,73,523,892,892,73,523,49.44
2008,11,15,16,30,24.5,82,704,952,952,82,704,39.85
2008,11,15,17,30,26.5,88,820,978,978,88,820,33.57
2008,11,15,18,30,27.8,89,868,991,991,89,868,30.32
2008,11,15,19,30,28.6,87,839,985,985,87,839,28.73
2008,11,15,20,30,28.700000000000003,84,734,955,955,84,734,28.39
2008,11,15,21,30,28.200000000000003,77,566,899,899,77,566,29.3
2008,11,15,22,30,26.5,64,350,783,783,64,350,33.51
2008,11,15,23,30,23.200000000000003,39,118,512,512,39,118,52.980000000000004
2008,11,16,0,30,20.5,0,0,0,0,0,0,66.28
2008,11,16,1,30,19,0,0,0,0,0,0,70.32000000000001
2008,11,16,2,30,17.900000000000002,0,0,0,0,0,0,76.19
2008,11,16,3,30,16.8,0,0,0,0,0,0,78.52
2008,11,16,4,30,15.4,0,0,0,0,0,0,82.88
2008,11,16,5,30,14.200000000000001,0,0,0,0,0,0,84.75
2008,11,16,6,30,13.100000000000001,0,0,0,0,0,0,85.52
2008,11,16,7,30,12.200000000000001,0,0,0,0,0,0,85.69
2008,11,16,8,30,11.5,0,0,0,0,0,0,85.17
2008,11,16,9,30,11,0,0,0,0,0,0,84.45
2008,11,16,10,30,10.700000000000001,0,0,0,0,0,0,83.92
2008,11,16,11,30,10.4,0,0,0,0,0,0,83.96000000000001
2008,11,16,12,30,10.4,0,0,0,0,0,0,82.49
2008,11,16,13,30,11.8,32,66,348,348,32,66,74.31
2008,11,16,14,30,15.200000000000001,67,288,704,704,67,288,59.99
2008,11,16,15,30,19.400000000000002,83,510,849,849,83,510,48.83
2008,11,16,16,30,23.3,92,690,920,920,92,690,41.72
2008,11,16,17,30,25.900000000000002,96,809,956,956,96,809,36.75
2008,11,16,18,30,27.3,97,856,969,969,97,856,32.88
2008,11,16,19,30,28,96,828,962,962,96,828,30.88
2008,11,16,20,30,28.1,92,725,933,933,92,725,30.27
2008,11,16,21,30,27.700000000000003,85,557,868,868,85,557,30.76
2008,11,16,22,30,26.3,71,343,750,750,71,343,33.730000000000004
2008,11,16,23,30,23.200000000000003,43,115,476,476,43,115,50.21
2008,11,17,0,30,20.3,0,0,0,0,0,0,67.96000000000001
2008,11,17,1,30,19,0,0,0,0,0,0,69.5
2008,11,17,2,30,18,0,0,0,0,0,0,72.22
2008,11,17,3,30,17.2,0,0,0,0,0,0,73.06
2008,11,17,4,30,16.2,0,0,0,0,0,0,74.44
2008,11,17,5,30,14.9,0,0,0,0,0,0,77.98
2008,11,17,6,30,13.600000000000001,0,0,0,0,0,0,80.14
2008,11,17,7,30,12.5,0,0,0,0,0,0,80.68
2008,11,17,8,30,11.700000000000001,0,0,0,0,0,0,80.83
2008,11,17,9,30,11.100000000000001,0,0,0,0,0,0,80.97
2008,11,17,10,30,10.700000000000001,0,0,0,0,0,0,81
2008,11,17,11,30,10.3,0,0,0,0,0,0,81.86
2008,11,17,12,30,10.200000000000001,0,0,0,0,0,0,80.85000000000001
2008,11,17,13,30,11.8,29,68,407,407,29,68,71.66
2008,11,17,14,30,15.200000000000001,58,297,767,767,58,297,57.120000000000005
2008,11,17,15,30,19.200000000000003,71,523,905,905,71,523,45.96
2008,11,17,16,30,22.700000000000003,77,708,976,976,77,708,35.77
2008,11,17,17,30,24.900000000000002,80,829,1008,1008,80,829,30.580000000000002
2008,11,17,18,30,26.200000000000003,81,878,1020,1020,81,878,27.82
2008,11,17,19,30,27,82,848,1011,1011,82,848,26.17
2008,11,17,20,30,27.400000000000002,80,742,978,978,80,742,25.28
2008,11,17,21,30,27.1,75,573,920,920,75,573,25.47
2008,11,17,22,30,25.8,64,354,803,803,64,354,28.07
2008,11,17,23,30,22.3,40,121,533,533,40,121,46.37
2008,11,18,0,30,19,0,0,0,0,0,0,64.85
2008,11,18,1,30,17.400000000000002,0,0,0,0,0,0,68.55
2008,11,18,2,30,16.6,0,0,0,0,0,0,71.63
2008,11,18,3,30,15.8,0,0,0,0,0,0,72.57000000000001
2008,11,18,4,30,14.700000000000001,0,0,0,0,0,0,75.58
2008,11,18,5,30,13.600000000000001,0,0,0,0,0,0,77.67
2008,11,18,6,30,12.600000000000001,0,0,0,0,0,0,79.02
2008,11,18,7,30,11.9,0,0,0,0,0,0,79.71000000000001
2008,11,18,8,30,11.3,0,0,0,0,0,0,81.2
2008,11,18,9,30,10.8,0,0,0,0,0,0,82.41
2008,11,18,10,30,10.4,0,0,0,0,0,0,83.42
2008,11,18,11,30,10.100000000000001,0,0,0,0,0,0,83.79
2008,11,18,12,30,9.9,0,0,0,0,0,0,83.11
2008,11,18,13,30,11.200000000000001,32,63,330,1,41,41,74.66
2008,11,18,14,30,14.3,69,283,694,114,179,214,60.550000000000004
2008,11,18,15,30,18.2,86,506,845,515,173,429,47.17
2008,11,18,16,30,21.900000000000002,95,690,923,509,231,559,37.01
2008,11,18,17,30,24.700000000000003,99,810,961,649,202,682,31.45
2008,11,18,18,30,26.400000000000002,102,860,974,719,228,787,27.19
2008,11,18,19,30,27.400000000000002,100,832,969,522,353,748,24.5
2008,11,18,20,30,27.700000000000003,94,730,943,943,94,730,23.14
2008,11,18,21,30,27.400000000000002,84,564,890,650,182,533,22.84
2008,11,18,22,30,25.700000000000003,69,351,781,219,184,263,25.830000000000002
2008,11,18,23,30,21.900000000000002,42,119,511,1,66,66,47.7
2008,11,19,0,30,18.5,0,0,0,0,0,0,62.440000000000005
2008,11,19,1,30,16.900000000000002,0,0,0,0,0,0,65.54
2008,11,19,2,30,15.8,0,0,0,0,0,0,68.7
2008,11,19,3,30,14.700000000000001,0,0,0,0,0,0,70.98
2008,11,19,4,30,13.4,0,0,0,0,0,0,73.81
2008,11,19,5,30,12.3,0,0,0,0,0,0,75.52
2008,11,19,6,30,11.3,0,0,0,0,0,0,77.22
2008,11,19,7,30,10.600000000000001,0,0,0,0,0,0,77.8
2008,11,19,8,30,10.200000000000001,0,0,0,0,0,0,78.09
2008,11,19,9,30,10,0,0,0,0,0,0,77.85000000000001
2008,11,19,10,30,9.700000000000001,0,0,0,0,0,0,78.47
2008,11,19,11,30,9.5,0,0,0,0,0,0,79.02
2008,11,19,12,30,9.4,0,0,0,0,0,0,79.12
2008,11,19,13,30,10.700000000000001,33,60,296,10,44,45,72.10000000000001
2008,11,19,14,30,13.9,72,278,674,321,135,233,58.54
2008,11,19,15,30,17.900000000000002,91,499,827,511,179,432,47.980000000000004
2008,11,19,16,30,21.6,102,679,900,424,275,548,42.82
2008,11,19,17,30,24.400000000000002,107,797,934,559,249,662,38.88
2008,11,19,18,30,26.400000000000002,122,840,925,569,264,705,34.14
2008,11,19,19,30,27.5,121,809,913,605,238,694,31.400000000000002
2008,11,19,20,30,27.700000000000003,117,708,879,452,277,581,31.13
2008,11,19,21,30,27.200000000000003,96,547,837,298,251,412,32.53
2008,11,19,22,30,25.6,80,335,711,430,148,302,36.5
2008,11,19,23,30,22.5,48,110,418,162,77,101,54.35
2008,11,20,0,30,19.700000000000003,0,0,0,0,0,0,70.49
2008,11,20,1,30,18.400000000000002,0,0,0,0,0,0,73.37
2008,11,20,2,30,17.400000000000002,0,0,0,0,0,0,76.88
2008,11,20,3,30,16.5,0,0,0,0,0,0,79.69
2008,11,20,4,30,15.600000000000001,0,0,0,0,0,0,81.88
2008,11,20,5,30,14.9,0,0,0,0,0,0,81.82000000000001
2008,11,20,6,30,14,0,0,0,0,0,0,83.10000000000001
2008,11,20,7,30,13.3,0,0,0,0,0,0,84.12
2008,11,20,8,30,12.8,0,0,0,0,0,0,83.78
2008,11,20,9,30,12.3,0,0,0,0,0,0,83.41
2008,11,20,10,30,11.8,0,0,0,0,0,0,83.49
2008,11,20,11,30,11.5,0,0,0,0,0,0,83.21000000000001
2008,11,20,12,30,11.4,0,0,0,0,0,0,82.46000000000001
2008,11,20,13,30,12.3,32,58,288,24,48,50,77.06
2008,11,20,14,30,14.8,72,276,672,672,72,276,64.03
2008,11,20,15,30,18.8,90,498,829,276,270,405,51.63
2008,11,20,16,30,22.700000000000003,98,681,913,913,98,681,42.15
2008,11,20,17,30,25.1,102,802,953,953,102,802,34.44
2008,11,20,18,30,26.6,97,857,982,982,97,857,29.240000000000002
2008,11,20,19,30,27.5,96,829,977,977,96,829,26.150000000000002
2008,11,20,20,30,27.700000000000003,90,728,951,951,90,728,24.73
2008,11,20,21,30,27.200000000000003,82,562,894,894,82,562,24.94
2008,11,20,22,30,25.5,67,348,783,783,67,348,28.29
2008,11,20,23,30,22.200000000000003,41,117,510,510,41,117,45.9
2008,11,21,0,30,19.200000000000003,0,0,0,0,0,0,62.480000000000004
2008,11,21,1,30,17.7,0,0,0,0,0,0,69.16
2008,11,21,2,30,16.8,0,0,0,0,0,0,75.42
2008,11,21,3,30,15.9,0,0,0,0,0,0,81.41
2008,11,21,4,30,15,0,0,0,0,0,0,87.15
2008,11,21,5,30,14,0,0,0,0,0,0,91.46000000000001
2008,11,21,6,30,13,0,0,0,0,0,0,92.47
2008,11,21,7,30,12.200000000000001,0,0,0,0,0,0,90.82000000000001
2008,11,21,8,30,11.700000000000001,0,0,0,0,0,0,88.3
2008,11,21,9,30,11.100000000000001,0,0,0,0,0,0,88.68
2008,11,21,10,30,10.600000000000001,0,0,0,0,0,0,90.72
2008,11,21,11,30,10.3,0,0,0,0,0,0,91.77
2008,11,21,12,30,10.4,0,0,0,0,0,0,89.76
2008,11,21,13,30,11.700000000000001,32,55,265,265,32,55,81.24
2008,11,21,14,30,14.5,76,270,644,644,76,270,67.71000000000001
2008,11,21,15,30,18.3,94,491,811,811,94,491,55.550000000000004
2008,11,21,16,30,21.700000000000003,103,670,890,890,103,670,46.71
2008,11,21,17,30,23.900000000000002,107,789,932,932,107,789,41.04
2008,11,21,18,30,25.400000000000002,107,836,946,745,210,784,36.64
2008,11,21,19,30,26.400000000000002,106,809,939,667,202,702,33.52
2008,11,21,20,30,26.700000000000003,102,707,905,905,102,707,32.24
2008,11,21,21,30,26.3,95,542,835,602,187,509,32.64
2008,11,21,22,30,24.900000000000002,79,331,704,398,148,291,35.64
2008,11,21,23,30,22.200000000000003,47,108,410,23,74,77,50.25
2008,11,22,0,30,19.700000000000003,0,0,0,0,0,0,64.86
2008,11,22,1,30,18.400000000000002,0,0,0,0,0,0,71.05
2008,11,22,2,30,17.2,0,0,0,0,0,0,79.97
2008,11,22,3,30,16.3,0,0,0,0,0,0,86.93
2008,11,22,4,30,15.9,0,0,0,0,0,0,88.4
2008,11,22,5,30,15.200000000000001,0,0,0,0,0,0,89.32000000000001
2008,11,22,6,30,14.200000000000001,0,0,0,0,0,0,90.61
2008,11,22,7,30,13.3,0,0,0,0,0,0,91.06
2008,11,22,8,30,12.5,0,0,0,0,0,0,90.48
2008,11,22,9,30,11.9,0,0,0,0,0,0,89.33
2008,11,22,10,30,11.4,0,0,0,0,0,0,88.24
2008,11,22,11,30,10.9,0,0,0,0,0,0,87.62
2008,11,22,12,30,10.8,0,0,0,0,0,0,85.42
2008,11,22,13,30,12,32,49,207,207,32,49,77.33
2008,11,22,14,30,15.100000000000001,82,255,582,582,82,255,62.21
2008,11,22,15,30,18.7,107,468,745,745,107,468,50.77
2008,11,22,16,30,21.700000000000003,121,644,827,827,121,644,44.44
2008,11,22,17,30,23.6,128,765,873,873,128,765,41.25
2008,11,22,18,30,24.700000000000003,105,824,935,608,227,695,38.75
2008,11,22,19,30,25.1,105,797,927,695,200,719,37.54
2008,11,22,20,30,25,99,699,899,396,297,561,37.230000000000004
2008,11,22,21,30,24.400000000000002,92,536,832,412,217,437,38.27
2008,11,22,22,30,22.900000000000002,76,329,710,710,76,329,44.03
2008,11,22,23,30,20.400000000000002,45,109,433,4,71,71,67.48
2008,11,23,0,30,18.400000000000002,0,0,0,0,0,0,73.82000000000001
2008,11,23,1,30,17.3,0,0,0,0,0,0,75.13
2008,11,23,2,30,16.400000000000002,0,0,0,0,0,0,76.19
2008,11,23,3,30,15.4,0,0,0,0,0,0,77.55
2008,11,23,4,30,14.600000000000001,0,0,0,0,0,0,78.89
2008,11,23,5,30,13.9,0,0,0,0,0,0,80.28
2008,11,23,6,30,13.5,0,0,0,0,0,0,80.99
2008,11,23,7,30,13.200000000000001,0,0,0,0,0,0,81.57000000000001
2008,11,23,8,30,12.9,0,0,0,0,0,0,81.94
2008,11,23,9,30,12.4,0,0,0,0,0,0,83.81
2008,11,23,10,30,11.9,0,0,0,0,0,0,85.49
2008,11,23,11,30,11.3,0,0,0,0,0,0,87.94
2008,11,23,12,30,11.200000000000001,0,0,0,0,0,0,88.07000000000001
2008,11,23,13,30,12.600000000000001,30,50,241,241,30,50,80.36
2008,11,23,14,30,15.5,74,259,625,625,74,259,66.64
2008,11,23,15,30,19,93,475,791,791,93,475,55.11
2008,11,23,16,30,22.3,103,656,877,877,103,656,46.18
2008,11,23,17,30,24.6,108,775,918,918,108,775,39.11
2008,11,23,18,30,26,100,828,950,950,100,828,34.77
2008,11,23,19,30,26.900000000000002,99,803,944,944,99,803,32.02
2008,11,23,20,30,27.200000000000003,95,706,919,919,95,706,30.92
2008,11,23,21,30,26.8,86,545,862,862,86,545,31.38
2008,11,23,22,30,25.200000000000003,71,335,742,742,71,335,35.24
2008,11,23,23,30,21.8,43,112,468,468,43,112,55.4
2008,11,24,0,30,18.7,0,0,0,0,0,0,73.64
2008,11,24,1,30,17.400000000000002,0,0,0,0,0,0,78.13
2008,11,24,2,30,16.5,0,0,0,0,0,0,81.56
2008,11,24,3,30,15.8,0,0,0,0,0,0,82.7
2008,11,24,4,30,15.200000000000001,0,0,0,0,0,0,82.17
2008,11,24,5,30,14.5,0,0,0,0,0,0,82.05
2008,11,24,6,30,13.9,0,0,0,0,0,0,81.83
2008,11,24,7,30,13.4,0,0,0,0,0,0,81.86
2008,11,24,8,30,13,0,0,0,0,0,0,82.2
2008,11,24,9,30,12.600000000000001,0,0,0,0,0,0,83.08
2008,11,24,10,30,12.200000000000001,0,0,0,0,0,0,84
2008,11,24,11,30,11.9,0,0,0,0,0,0,84.27
2008,11,24,12,30,11.9,0,0,0,0,0,0,83.59
2008,11,24,13,30,13.5,27,51,302,302,27,51,76.14
2008,11,24,14,30,16.5,64,264,684,684,64,264,63.480000000000004
2008,11,24,15,30,20.3,81,483,837,439,193,404,51.56
2008,11,24,16,30,24,89,660,909,463,253,544,42.71
2008,11,24,17,30,26.400000000000002,95,779,945,641,197,661,35.31
2008,11,24,18,30,27.8,96,829,960,765,155,740,31.37
2008,11,24,19,30,28.6,94,802,952,746,199,754,29.34
2008,11,24,20,30,28.8,90,704,925,648,193,623,28.86
2008,11,24,21,30,28.400000000000002,83,541,863,618,178,506,29.580000000000002
2008,11,24,22,30,26.900000000000002,69,334,747,747,69,334,33.06
2008,11,24,23,30,23.8,42,111,471,471,42,111,50.53
2008,11,25,0,30,21,0,0,0,0,0,0,65.33
2008,11,25,1,30,19.700000000000003,0,0,0,0,0,0,69.96000000000001
2008,11,25,2,30,18.7,0,0,0,0,0,0,75.72
2008,11,25,3,30,17.7,0,0,0,0,0,0,81.84
2008,11,25,4,30,16.900000000000002,0,0,0,0,0,0,83.08
2008,11,25,5,30,16.2,0,0,0,0,0,0,81.53
2008,11,25,6,30,15.3,0,0,0,0,0,0,80.84
2008,11,25,7,30,14.3,0,0,0,0,0,0,81.46000000000001
2008,11,25,8,30,13.4,0,0,0,0,0,0,82.43
2008,11,25,9,30,12.600000000000001,0,0,0,0,0,0,83.71000000000001
2008,11,25,10,30,12,0,0,0,0,0,0,85.92
2008,11,25,11,30,11.600000000000001,0,0,0,0,0,0,88.11
2008,11,25,12,30,11.700000000000001,0,0,0,0,0,0,87.42
2008,11,25,13,30,13.200000000000001,28,49,278,278,28,49,79.48
2008,11,25,14,30,16.400000000000002,66,259,665,665,66,259,64.89
2008,11,25,15,30,20,84,476,820,820,84,476,53.32
2008,11,25,16,30,23.200000000000003,94,652,893,893,94,652,45.12
2008,11,25,17,30,25.5,98,773,935,935,98,773,38.6
2008,11,25,18,30,27,94,825,960,960,94,825,34.39
2008,11,25,19,30,27.900000000000002,92,800,956,956,92,800,31.36
2008,11,25,20,30,28.1,87,703,930,930,87,703,29.96
2008,11,25,21,30,27.700000000000003,78,543,876,876,78,543,29.97
2008,11,25,22,30,26.200000000000003,64,336,766,766,64,336,33
2008,11,25,23,30,23,39,113,503,503,39,113,50.32
2008,11,26,0,30,20,0,0,0,0,0,0,68.67
2008,11,26,1,30,18.6,0,0,0,0,0,0,72.56
2008,11,26,2,30,17.5,0,0,0,0,0,0,77.41
2008,11,26,3,30,16.900000000000002,0,0,0,0,0,0,78.8
2008,11,26,4,30,16.400000000000002,0,0,0,0,0,0,78.58
2008,11,26,5,30,15.700000000000001,0,0,0,0,0,0,79.55
2008,11,26,6,30,15,0,0,0,0,0,0,80.52
2008,11,26,7,30,14.200000000000001,0,0,0,0,0,0,82.9
2008,11,26,8,30,13.4,0,0,0,0,0,0,86.34
2008,11,26,9,30,12.8,0,0,0,0,0,0,88.91
2008,11,26,10,30,12.3,0,0,0,0,0,0,91.10000000000001
2008,11,26,11,30,11.9,0,0,0,0,0,0,92.69
2008,11,26,12,30,11.9,0,0,0,0,0,0,91.94
2008,11,26,13,30,13.700000000000001,28,44,217,217,28,44,82.10000000000001
2008,11,26,14,30,17.400000000000002,74,248,605,605,74,248,65.07000000000001
2008,11,26,15,30,21.3,96,463,773,773,96,463,55.68
2008,11,26,16,30,24.200000000000003,107,641,857,857,107,641,49.27
2008,11,26,17,30,25.900000000000002,113,760,899,899,113,760,43.97
2008,11,26,18,30,27,98,817,946,946,98,817,40.76
2008,11,26,19,30,27.6,97,792,940,940,97,792,38.980000000000004
2008,11,26,20,30,27.6,94,695,910,910,94,695,38.68
2008,11,26,21,30,27.200000000000003,91,532,832,832,91,532,39.19
2008,11,26,22,30,25.700000000000003,76,326,708,708,76,326,42.78
2008,11,26,23,30,22.5,45,108,429,429,45,108,59.09
2008,11,27,0,30,19.5,0,0,0,0,0,0,79.57000000000001
2008,11,27,1,30,18.2,0,0,0,0,0,0,85.92
2008,11,27,2,30,17.2,0,0,0,0,0,0,91.94
2008,11,27,3,30,16.5,0,0,0,0,0,0,97.19
2008,11,27,4,30,16.1,0,0,0,0,0,0,100
2008,11,27,5,30,16,0,0,0,0,0,0,100
2008,11,27,6,30,15.8,0,0,0,0,0,0,100
2008,11,27,7,30,15.4,0,0,0,0,0,0,100
2008,11,27,8,30,14.9,0,0,0,0,0,0,100
2008,11,27,9,30,14.3,0,0,0,0,0,0,100
2008,11,27,10,30,13.8,0,0,0,0,0,0,100
2008,11,27,11,30,13.200000000000001,0,0,0,0,0,0,100
2008,11,27,12,30,13,0,0,0,0,0,0,100
2008,11,27,13,30,14.700000000000001,26,44,244,244,26,44,90.97
2008,11,27,14,30,18.5,67,252,651,651,67,252,72.27
2008,11,27,15,30,22.700000000000003,84,470,818,818,84,470,54.88
2008,11,27,16,30,25.900000000000002,93,649,896,896,93,649,39.89
2008,11,27,17,30,27.6,100,769,932,932,100,769,33.75
2008,11,27,18,30,28.400000000000002,94,820,957,957,94,820,32.38
2008,11,27,19,30,28.700000000000003,95,794,948,948,95,794,32.53
2008,11,27,20,30,28.5,93,696,914,914,93,696,33.63
2008,11,27,21,30,27.8,91,532,834,834,91,532,35.65
2008,11,27,22,30,26.200000000000003,75,326,710,710,75,326,40.49
2008,11,27,23,30,22.900000000000002,44,107,430,430,44,107,58.5
2008,11,28,0,30,20,0,0,0,0,0,0,78.56
2008,11,28,1,30,18.6,0,0,0,0,0,0,85.07000000000001
2008,11,28,2,30,17.8,0,0,0,0,0,0,89.23
2008,11,28,3,30,17,0,0,0,0,0,0,92.83
2008,11,28,4,30,16.5,0,0,0,0,0,0,94.73
2008,11,28,5,30,16,0,0,0,0,0,0,95.76
2008,11,28,6,30,15.3,0,0,0,0,0,0,97.32000000000001
2008,11,28,7,30,14.700000000000001,0,0,0,0,0,0,97.8
2008,11,28,8,30,14.200000000000001,0,0,0,0,0,0,97.91
2008,11,28,9,30,13.700000000000001,0,0,0,0,0,0,98.43
2008,11,28,10,30,13.3,0,0,0,0,0,0,98.64
2008,11,28,11,30,13,0,0,0,0,0,0,98.44
2008,11,28,12,30,12.9,0,0,0,0,0,0,97.36
2008,11,28,13,30,14.700000000000001,24,45,311,311,24,45,86.11
2008,11,28,14,30,18.400000000000002,57,257,711,711,57,257,69.53
2008,11,28,15,30,22.6,71,476,862,862,71,476,52.34
2008,11,28,16,30,26,80,658,936,936,80,658,37.06
2008,11,28,17,30,27.700000000000003,85,779,971,971,85,779,31.32
2008,11,28,18,30,28.6,89,829,980,980,89,829,29.36
2008,11,28,19,30,28.8,89,802,969,969,89,802,29.18
2008,11,28,20,30,28.400000000000002,87,705,939,939,87,705,30.32
2008,11,28,21,30,27.5,82,542,870,870,82,542,32.7
2008,11,28,22,30,25.6,69,334,750,750,69,334,38.64
2008,11,28,23,30,22.200000000000003,42,111,470,470,42,111,58.120000000000005
2008,11,29,0,30,19.3,0,0,0,0,0,0,77.97
2008,11,29,1,30,18,0,0,0,0,0,0,85.5
2008,11,29,2,30,17.2,0,0,0,0,0,0,90.06
2008,11,29,3,30,16.5,0,0,0,0,0,0,93.29
2008,11,29,4,30,15.9,0,0,0,0,0,0,94.60000000000001
2008,11,29,5,30,15.4,0,0,0,0,0,0,94.86
2008,11,29,6,30,14.8,0,0,0,0,0,0,95.65
2008,11,29,7,30,14.200000000000001,0,0,0,0,0,0,96.97
2008,11,29,8,30,13.600000000000001,0,0,0,0,0,0,98.69
2008,11,29,9,30,13,0,0,0,0,0,0,100
2008,11,29,10,30,12.600000000000001,0,0,0,0,0,0,100
2008,11,29,11,30,12.3,0,0,0,0,0,0,100
2008,11,29,12,30,12.3,0,0,0,0,0,0,100
2008,11,29,13,30,14.100000000000001,22,45,346,346,22,45,87.81
2008,11,29,14,30,17.400000000000002,53,260,742,2,131,131,72.79
2008,11,29,15,30,21.1,65,479,884,884,65,479,55.63
2008,11,29,16,30,23.900000000000002,74,654,944,944,74,654,43.75
2008,11,29,17,30,25.1,80,774,974,576,242,653,41.85
2008,11,29,18,30,25.700000000000003,86,821,977,977,86,821,41.56
2008,11,29,19,30,25.8,87,795,963,658,215,698,42.37
2008,11,29,20,30,25.400000000000002,87,699,930,409,260,528,43.97
2008,11,29,21,30,24.5,79,541,876,265,246,386,46.58
2008,11,29,22,30,23,68,335,760,488,137,309,51
2008,11,29,23,30,20.200000000000003,41,113,494,494,41,113,63.84
2008,11,30,0,30,17.5,0,0,0,0,0,0,82.61
2008,11,30,1,30,16.400000000000002,0,0,0,0,0,0,87.58
2008,11,30,2,30,15.700000000000001,0,0,0,0,0,0,91.57000000000001
2008,11,30,3,30,15.100000000000001,0,0,0,0,0,0,96.72
2008,11,30,4,30,14.8,0,0,0,0,0,0,100
2008,11,30,5,30,14.700000000000001,0,0,0,0,0,0,100
2008,11,30,6,30,14.700000000000001,0,0,0,0,0,0,100
2008,11,30,7,30,14.700000000000001,0,0,0,0,0,0,100
2008,11,30,8,30,14.4,0,0,0,0,0,0,100
2008,11,30,9,30,14.100000000000001,0,0,0,0,0,0,100
2008,11,30,10,30,13.9,0,0,0,0,0,0,100
2008,11,30,11,30,13.700000000000001,0,0,0,0,0,0,100
2008,11,30,12,30,13.4,0,0,0,0,0,0,100
2008,11,30,13,30,14.5,25,42,267,267,25,42,92.26
2008,11,30,14,30,17.400000000000002,59,257,714,714,59,257,77.33
2008,11,30,15,30,20.700000000000003,68,483,895,895,68,483,58.79
2008,11,30,16,30,23.5,71,667,974,974,71,667,37.2
2008,11,30,17,30,25.1,73,794,1014,1014,73,794,29.46
2008,11,30,18,30,25.900000000000002,74,843,1022,1022,74,843,27.060000000000002
2008,11,30,19,30,26.200000000000003,74,819,1017,1017,74,819,26.28
2008,11,30,20,30,26,71,723,993,993,71,723,26.580000000000002
2008,11,30,21,30,25.3,66,561,939,939,66,561,28.03
2008,11,30,22,30,23.5,56,351,837,837,56,351,31.970000000000002
2008,11,30,23,30,19.900000000000002,35,121,581,581,35,121,49.58
2008,12,1,0,30,16.6,0,0,0,0,0,0,73.47
2008,12,1,1,30,15.200000000000001,0,0,0,0,0,0,79.66
2008,12,1,2,30,14.4,0,0,0,0,0,0,83.68
2008,12,1,3,30,13.8,0,0,0,0,0,0,86.38
2008,12,1,4,30,13.3,0,0,0,0,0,0,89.01
2008,12,1,5,30,12.8,0,0,0,0,0,0,91.68
2008,12,1,6,30,12.4,0,0,0,0,0,0,93.71000000000001
2008,12,1,7,30,11.8,0,0,0,0,0,0,96.52
2008,12,1,8,30,11.4,0,0,0,0,0,0,97.98
2008,12,1,9,30,11,0,0,0,0,0,0,99.5
2008,12,1,10,30,10.700000000000001,0,0,0,0,0,0,100
2008,12,1,11,30,10.3,0,0,0,0,0,0,100
2008,12,1,12,30,10.200000000000001,0,0,0,0,0,0,100
2008,12,1,13,30,12.4,22,42,321,321,22,42,89.49
2008,12,1,14,30,16.400000000000002,54,256,736,736,54,256,71.78
2008,12,1,15,30,19.900000000000002,69,478,884,884,69,478,55.97
2008,12,1,16,30,22.400000000000002,78,659,953,953,78,659,45.67
2008,12,1,17,30,24.1,82,782,989,989,82,782,39.21
2008,12,1,18,30,25.3,82,835,1005,1005,82,835,35.07
2008,12,1,19,30,25.900000000000002,80,812,1001,1001,80,812,32.62
2008,12,1,20,30,26,76,714,974,974,76,714,31.25
2008,12,1,21,30,25.5,72,553,915,915,72,553,31.37
2008,12,1,22,30,23.900000000000002,60,345,807,807,60,345,34.25
2008,12,1,23,30,20.6,38,118,544,544,38,118,52.78
2008,12,2,0,30,17.5,0,0,0,0,0,0,70.94
2008,12,2,1,30,16.400000000000002,0,0,0,0,0,0,73.14
2008,12,2,2,30,15.8,0,0,0,0,0,0,75.07000000000001
2008,12,2,3,30,15.5,0,0,0,0,0,0,75.38
2008,12,2,4,30,15,0,0,0,0,0,0,76.94
2008,12,2,5,30,14.4,0,0,0,0,0,0,79.3
2008,12,2,6,30,13.8,0,0,0,0,0,0,80.92
2008,12,2,7,30,12.9,0,0,0,0,0,0,83.84
2008,12,2,8,30,11.9,0,0,0,0,0,0,86.73
2008,12,2,9,30,11.100000000000001,0,0,0,0,0,0,87.53
2008,12,2,10,30,10.5,0,0,0,0,0,0,86.53
2008,12,2,11,30,9.9,0,0,0,0,0,0,86.42
2008,12,2,12,30,9.600000000000001,0,0,0,0,0,0,86.03
2008,12,2,13,30,11.5,22,39,291,291,22,39,75.85000000000001
2008,12,2,14,30,15.3,58,251,709,709,58,251,61.21
2008,12,2,15,30,19.400000000000002,75,474,867,867,75,474,47.15
2008,12,2,16,30,22.900000000000002,84,655,939,939,84,655,34.9
2008,12,2,17,30,24.900000000000002,89,778,976,976,89,778,28.990000000000002
2008,12,2,18,30,26.1,88,832,995,995,88,832,27.2
2008,12,2,19,30,26.700000000000003,86,807,987,987,86,807,26.46
2008,12,2,20,30,26.700000000000003,83,712,962,962,83,712,26.66
2008,12,2,21,30,26,77,549,900,900,77,549,27.93
2008,12,2,22,30,24.1,64,341,787,787,64,341,32.12
2008,12,2,23,30,20.400000000000002,40,116,517,517,40,116,53.81
2008,12,3,0,30,17.400000000000002,0,0,0,0,0,0,70.92
2008,12,3,1,30,16.1,0,0,0,0,0,0,75.26
2008,12,3,2,30,15,0,0,0,0,0,0,79.83
2008,12,3,3,30,14.3,0,0,0,0,0,0,81.38
2008,12,3,4,30,14.100000000000001,0,0,0,0,0,0,79.17
2008,12,3,5,30,14,0,0,0,0,0,0,77
2008,12,3,6,30,13.700000000000001,0,0,0,0,0,0,77.01
2008,12,3,7,30,13.5,0,0,0,0,0,0,78.12
2008,12,3,8,30,13.3,0,0,0,0,0,0,79.17
2008,12,3,9,30,13.100000000000001,0,0,0,0,0,0,79.65
2008,12,3,10,30,12.8,0,0,0,0,0,0,79.67
2008,12,3,11,30,12.4,0,0,0,0,0,0,79.39
2008,12,3,12,30,12.200000000000001,0,0,0,0,0,0,77.60000000000001
2008,12,3,13,30,13.600000000000001,21,36,270,270,21,36,70.74
2008,12,3,14,30,16.6,57,245,694,694,57,245,64.03
2008,12,3,15,30,19.900000000000002,74,463,849,849,74,463,47.4
2008,12,3,16,30,22.700000000000003,84,644,925,925,84,644,34.79
2008,12,3,17,30,24.3,89,767,963,963,89,767,30.89
2008,12,3,18,30,25.200000000000003,89,821,981,981,89,821,29.93
2008,12,3,19,30,25.6,88,800,977,977,88,800,29.6
2008,12,3,20,30,25.3,85,706,951,951,85,706,30.11
2008,12,3,21,30,24.6,78,547,893,7,232,235,31.330000000000002
2008,12,3,22,30,22.900000000000002,64,340,785,785,64,340,35.49
2008,12,3,23,30,19.8,39,117,526,526,39,117,55.49
2008,12,4,0,30,17.400000000000002,0,0,0,0,0,0,68.24
2008,12,4,1,30,16.8,0,0,0,0,0,0,65.71000000000001
2008,12,4,2,30,16.5,0,0,0,0,0,0,62.97
2008,12,4,3,30,15.9,0,0,0,0,0,0,62.53
2008,12,4,4,30,15.4,0,0,0,0,0,0,63.09
2008,12,4,5,30,14.9,0,0,0,0,0,0,63.57
2008,12,4,6,30,14.3,0,0,0,0,0,0,64.77
2008,12,4,7,30,13.700000000000001,0,0,0,0,0,0,66.05
2008,12,4,8,30,12.9,0,0,0,0,0,0,68.35000000000001
2008,12,4,9,30,12.100000000000001,0,0,0,0,0,0,71.29
2008,12,4,10,30,11.5,0,0,0,0,0,0,73.52
2008,12,4,11,30,11,0,0,0,0,0,0,75.48
2008,12,4,12,30,10.600000000000001,0,0,0,0,0,0,77.24
2008,12,4,13,30,12.600000000000001,20,37,314,314,20,37,68.93
2008,12,4,14,30,16.7,52,248,735,735,52,248,58.47
2008,12,4,15,30,20.700000000000003,67,469,884,884,67,469,43.69
2008,12,4,16,30,23.700000000000003,76,651,954,954,76,651,34.43
2008,12,4,17,30,25.3,80,775,990,990,80,775,30.26
2008,12,4,18,30,26.3,83,829,1002,1002,83,829,27.48
2008,12,4,19,30,26.6,82,808,998,998,82,808,26.39
2008,12,4,20,30,26.5,78,711,971,971,78,711,26.17
2008,12,4,21,30,25.8,72,552,916,916,72,552,26.97
2008,12,4,22,30,24,59,346,812,812,59,346,30.18
2008,12,4,23,30,20.5,37,120,562,562,37,120,49.04
2008,12,5,0,30,17.5,0,0,0,0,0,0,66.04
2008,12,5,1,30,16.8,0,0,0,0,0,0,63.93
2008,12,5,2,30,16.3,0,0,0,0,0,0,62.31
2008,12,5,3,30,15.9,0,0,0,0,0,0,61.04
2008,12,5,4,30,15.600000000000001,0,0,0,0,0,0,59.77
2008,12,5,5,30,15,0,0,0,0,0,0,59.94
2008,12,5,6,30,14.100000000000001,0,0,0,0,0,0,62.620000000000005
2008,12,5,7,30,13.100000000000001,0,0,0,0,0,0,65.65
2008,12,5,8,30,12.4,0,0,0,0,0,0,67.65
2008,12,5,9,30,11.700000000000001,0,0,0,0,0,0,69.76
2008,12,5,10,30,11.100000000000001,0,0,0,0,0,0,72.03
2008,12,5,11,30,10.4,0,0,0,0,0,0,74.46000000000001
2008,12,5,12,30,10.100000000000001,0,0,0,0,0,0,75.72
2008,12,5,13,30,12.4,18,36,333,333,18,36,66.6
2008,12,5,14,30,16.5,49,248,753,753,49,248,56.36
2008,12,5,15,30,20.8,63,470,899,899,63,470,41.730000000000004
2008,12,5,16,30,24.200000000000003,71,653,969,969,71,653,29.21
2008,12,5,17,30,25.8,76,778,1003,1003,76,778,25.11
2008,12,5,18,30,26.700000000000003,76,832,1018,1018,76,832,23.53
2008,12,5,19,30,27.200000000000003,75,812,1014,1014,75,812,22.66
2008,12,5,20,30,27.1,72,716,987,987,72,716,22.71
2008,12,5,21,30,26.5,67,557,934,934,67,557,23.55
2008,12,5,22,30,24.700000000000003,56,350,831,831,56,350,27.04
2008,12,5,23,30,21.200000000000003,36,122,574,574,36,122,47.15
2008,12,6,0,30,18.400000000000002,0,0,0,0,0,0,64.26
2008,12,6,1,30,17.400000000000002,0,0,0,0,0,0,65.83
2008,12,6,2,30,16.5,0,0,0,0,0,0,68.08
2008,12,6,3,30,15.5,0,0,0,0,0,0,70.53
2008,12,6,4,30,14.600000000000001,0,0,0,0,0,0,70.71000000000001
2008,12,6,5,30,14.100000000000001,0,0,0,0,0,0,69.89
2008,12,6,6,30,13.600000000000001,0,0,0,0,0,0,69.71000000000001
2008,12,6,7,30,13,0,0,0,0,0,0,70.93
2008,12,6,8,30,12.3,0,0,0,0,0,0,73.09
2008,12,6,9,30,11.700000000000001,0,0,0,0,0,0,75.77
2008,12,6,10,30,11.3,0,0,0,0,0,0,77.62
2008,12,6,11,30,11.200000000000001,0,0,0,0,0,0,78.57000000000001
2008,12,6,12,30,11.100000000000001,0,0,0,0,0,0,79.41
2008,12,6,13,30,13.100000000000001,18,33,287,287,18,33,69.71000000000001
2008,12,6,14,30,16.900000000000002,51,240,720,720,51,240,57.13
2008,12,6,15,30,21.1,67,459,872,872,67,459,44.300000000000004
2008,12,6,16,30,24.700000000000003,75,642,945,945,75,642,33.480000000000004
2008,12,6,17,30,26.700000000000003,81,765,980,980,81,765,27.72
2008,12,6,18,30,27.8,83,819,993,993,83,819,25.54
2008,12,6,19,30,28.400000000000002,83,796,984,984,83,796,24.43
2008,12,6,20,30,28.5,79,703,958,688,189,637,24.07
2008,12,6,21,30,27.900000000000002,73,544,899,899,73,544,24.77
2008,12,6,22,30,26.200000000000003,62,340,788,788,62,340,27.84
2008,12,6,23,30,22.700000000000003,38,118,530,530,38,118,46.1
2008,12,7,0,30,19.8,0,0,0,0,0,0,59.32
2008,12,7,1,30,18.3,0,0,0,0,0,0,61.95
2008,12,7,2,30,17.1,0,0,0,0,0,0,65.2
2008,12,7,3,30,16.400000000000002,0,0,0,0,0,0,66.07000000000001
2008,12,7,4,30,16,0,0,0,0,0,0,65.81
2008,12,7,5,30,15.5,0,0,0,0,0,0,65.81
2008,12,7,6,30,15,0,0,0,0,0,0,66.16
2008,12,7,7,30,14.3,0,0,0,0,0,0,67.75
2008,12,7,8,30,13.5,0,0,0,0,0,0,70.35000000000001
2008,12,7,9,30,12.8,0,0,0,0,0,0,72.77
2008,12,7,10,30,12.200000000000001,0,0,0,0,0,0,74.72
2008,12,7,11,30,11.600000000000001,0,0,0,0,0,0,76.9
2008,12,7,12,30,11.3,0,0,0,0,0,0,77.74
2008,12,7,13,30,13.200000000000001,18,29,220,220,18,29,69.58
2008,12,7,14,30,17.1,58,228,654,654,58,228,57.25
2008,12,7,15,30,21.400000000000002,79,445,816,816,79,445,43.13
2008,12,7,16,30,25,91,623,891,891,91,623,32.35
2008,12,7,17,30,26.8,99,745,927,927,99,745,28.95
2008,12,7,18,30,27.700000000000003,103,797,937,937,103,797,28.12
2008,12,7,19,30,28.1,104,777,929,929,104,777,28.09
2008,12,7,20,30,27.8,101,683,894,568,233,603,29.13
2008,12,7,21,30,27,97,526,818,63,228,261,31.05
2008,12,7,22,30,25,81,325,691,239,185,269,36.19
2008,12,7,23,30,21.8,48,109,411,7,58,59,56.1
2008,12,8,0,30,19.200000000000003,0,0,0,0,0,0,72.62
2008,12,8,1,30,18.1,0,0,0,0,0,0,77.79
2008,12,8,2,30,17.3,0,0,0,0,0,0,82.86
2008,12,8,3,30,16.6,0,0,0,0,0,0,87.34
2008,12,8,4,30,16.1,0,0,0,0,0,0,90.36
2008,12,8,5,30,15.8,0,0,0,0,0,0,91.87
2008,12,8,6,30,15.600000000000001,0,0,0,0,0,0,92.46000000000001
2008,12,8,7,30,15.5,0,0,0,0,0,0,91.85000000000001
2008,12,8,8,30,15.3,0,0,0,0,0,0,91.41
2008,12,8,9,30,15,0,0,0,0,0,0,91.2
2008,12,8,10,30,14.700000000000001,0,0,0,0,0,0,91.11
2008,12,8,11,30,14.4,0,0,0,0,0,0,90.9
2008,12,8,12,30,14.3,0,0,0,0,0,0,89.55
2008,12,8,13,30,15.5,19,26,142,0,17,17,82.17
2008,12,8,14,30,18.5,69,220,585,133,138,172,70.51
2008,12,8,15,30,21.8,92,434,768,768,92,434,52.910000000000004
2008,12,8,16,30,24,105,614,855,855,105,614,39.82
2008,12,8,17,30,24.8,113,734,894,426,306,602,36.45
2008,12,8,18,30,25,103,795,936,562,235,651,35.96
2008,12,8,19,30,25,104,775,927,751,190,734,36.36
2008,12,8,20,30,25,99,685,901,901,99,685,36.63
2008,12,8,21,30,24.5,89,531,843,447,218,452,37.88
2008,12,8,22,30,23,73,331,727,165,180,239,41.9
2008,12,8,23,30,20,44,114,465,465,44,114,59.74
2008,12,9,0,30,17.5,0,0,0,0,0,0,76.38
2008,12,9,1,30,16.400000000000002,0,0,0,0,0,0,79.04
2008,12,9,2,30,15.700000000000001,0,0,0,0,0,0,80.5
2008,12,9,3,30,15.100000000000001,0,0,0,0,0,0,81.65
2008,12,9,4,30,14.9,0,0,0,0,0,0,81.75
2008,12,9,5,30,14.600000000000001,0,0,0,0,0,0,82.76
2008,12,9,6,30,14.3,0,0,0,0,0,0,82.48
2008,12,9,7,30,13.9,0,0,0,0,0,0,81.86
2008,12,9,8,30,13.700000000000001,0,0,0,0,0,0,79.74
2008,12,9,9,30,13.600000000000001,0,0,0,0,0,0,77
2008,12,9,10,30,13.5,0,0,0,0,0,0,76.78
2008,12,9,11,30,13.4,0,0,0,0,0,0,75.86
2008,12,9,12,30,13.5,0,0,0,0,0,0,73.58
2008,12,9,13,30,14.600000000000001,17,26,195,0,16,16,67.92
2008,12,9,14,30,16.900000000000002,59,225,652,652,59,225,66.19
2008,12,9,15,30,19.8,78,444,826,826,78,444,48.34
2008,12,9,16,30,22.6,88,627,909,909,88,627,34.42
2008,12,9,17,30,24.3,93,753,952,952,93,753,29.330000000000002
2008,12,9,18,30,25.1,94,810,970,636,236,705,28.1
2008,12,9,19,30,24.900000000000002,95,792,964,964,95,792,28.67
2008,12,9,20,30,24.200000000000003,90,699,937,937,90,699,30.11
2008,12,9,21,30,23.5,79,546,891,891,79,546,32.53
2008,12,9,22,30,22.1,65,344,787,787,65,344,36.71
2008,12,9,23,30,18.8,40,121,529,529,40,121,54.56
2008,12,10,0,30,16,0,0,0,0,0,0,72.43
2008,12,10,1,30,15,0,0,0,0,0,0,75.38
2008,12,10,2,30,14.5,0,0,0,0,0,0,77.12
2008,12,10,3,30,14.3,0,0,0,0,0,0,77.66
2008,12,10,4,30,14.100000000000001,0,0,0,0,0,0,78.82000000000001
2008,12,10,5,30,13.8,0,0,0,0,0,0,78.43
2008,12,10,6,30,13.3,0,0,0,0,0,0,76.93
2008,12,10,7,30,12.9,0,0,0,0,0,0,74.89
2008,12,10,8,30,12.600000000000001,0,0,0,0,0,0,73.72
2008,12,10,9,30,12.100000000000001,0,0,0,0,0,0,75.19
2008,12,10,10,30,11.4,0,0,0,0,0,0,75.86
2008,12,10,11,30,10.700000000000001,0,0,0,0,0,0,77.88
2008,12,10,12,30,10.200000000000001,0,0,0,0,0,0,79.63
2008,12,10,13,30,12.100000000000001,16,28,293,293,16,28,71.19
2008,12,10,14,30,16.2,47,236,744,744,47,236,59.21
2008,12,10,15,30,20.5,61,457,897,897,61,457,43.47
2008,12,10,16,30,23.900000000000002,68,643,973,973,68,643,30.36
2008,12,10,17,30,25.900000000000002,72,769,1009,1009,72,769,24.57
2008,12,10,18,30,27,70,826,1027,1027,70,826,22.67
2008,12,10,19,30,27.5,69,812,1027,1027,69,812,22.02
2008,12,10,20,30,27.6,68,721,1005,1005,68,721,21.84
2008,12,10,21,30,27.1,64,564,953,953,64,564,22.32
2008,12,10,22,30,25.200000000000003,54,358,854,854,54,358,25.8
2008,12,10,23,30,21.700000000000003,35,130,617,5,75,75,46.58
2008,12,11,0,30,18.6,0,0,0,0,0,0,58.02
2008,12,11,1,30,17,0,0,0,0,0,0,62.42
2008,12,11,2,30,15.700000000000001,0,0,0,0,0,0,68.4
2008,12,11,3,30,14.600000000000001,0,0,0,0,0,0,72.16
2008,12,11,4,30,13.600000000000001,0,0,0,0,0,0,73
2008,12,11,5,30,12.600000000000001,0,0,0,0,0,0,73.16
2008,12,11,6,30,11.600000000000001,0,0,0,0,0,0,73.36
2008,12,11,7,30,10.600000000000001,0,0,0,0,0,0,73.63
2008,12,11,8,30,9.600000000000001,0,0,0,0,0,0,72.37
2008,12,11,9,30,8.9,0,0,0,0,0,0,68.56
2008,12,11,10,30,8.4,0,0,0,0,0,0,63.480000000000004
2008,12,11,11,30,8,0,0,0,0,0,0,59.6
2008,12,11,12,30,7.800000000000001,0,0,0,0,0,0,58.19
2008,12,11,13,30,9.1,16,27,288,1,16,16,52.480000000000004
2008,12,11,14,30,12.4,49,235,744,22,112,118,40.95
2008,12,11,15,30,16.5,64,458,897,237,230,335,32.64
2008,12,11,16,30,20.400000000000002,74,641,962,179,311,416,26.34
2008,12,11,17,30,23,80,765,991,244,341,509,26.080000000000002
2008,12,11,18,30,24.200000000000003,84,821,1002,309,373,601,26.43
2008,12,11,19,30,24.400000000000002,85,804,995,272,374,570,26.13
2008,12,11,20,30,24.3,83,713,969,55,323,359,25.82
2008,12,11,21,30,23.700000000000003,81,554,900,657,154,499,27.14
2008,12,11,22,30,22.3,69,348,785,99,193,228,35.160000000000004
2008,12,11,23,30,20.200000000000003,43,123,516,37,57,63,52.5
2008,12,12,0,30,18.7,0,0,0,0,0,0,52.54
2008,12,12,1,30,18,0,0,0,0,0,0,53.69
2008,12,12,2,30,17.5,0,0,0,0,0,0,54.45
2008,12,12,3,30,16.8,0,0,0,0,0,0,55.36
2008,12,12,4,30,16.2,0,0,0,0,0,0,56.82
2008,12,12,5,30,15.4,0,0,0,0,0,0,58.5
2008,12,12,6,30,14.600000000000001,0,0,0,0,0,0,60.75
2008,12,12,7,30,13.700000000000001,0,0,0,0,0,0,62.51
2008,12,12,8,30,12.700000000000001,0,0,0,0,0,0,65.59
2008,12,12,9,30,11.9,0,0,0,0,0,0,67.28
2008,12,12,10,30,11.200000000000001,0,0,0,0,0,0,68.15
2008,12,12,11,30,10.600000000000001,0,0,0,0,0,0,67.86
2008,12,12,12,30,9.9,0,0,0,0,0,0,67.95
2008,12,12,13,30,11.100000000000001,16,22,171,171,16,22,60.32
2008,12,12,14,30,14.3,60,222,652,652,60,222,45.39
2008,12,12,15,30,18.5,80,443,831,831,80,443,32.54
2008,12,12,16,30,22.5,91,626,910,910,91,626,28.650000000000002
2008,12,12,17,30,24.700000000000003,98,754,952,952,98,754,25.66
2008,12,12,18,30,25.8,95,814,978,978,95,814,24.53
2008,12,12,19,30,26.3,95,795,970,970,95,795,24.28
2008,12,12,20,30,26.3,91,705,945,945,91,705,24.740000000000002
2008,12,12,21,30,25.6,82,551,892,892,82,551,26.26
2008,12,12,22,30,23.6,67,347,784,784,67,347,30.75
2008,12,12,23,30,20,42,124,529,529,42,124,52.96
2008,12,13,0,30,16.900000000000002,0,0,0,0,0,0,69.7
2008,12,13,1,30,15.700000000000001,0,0,0,0,0,0,74.08
2008,12,13,2,30,14.8,0,0,0,0,0,0,78.66
2008,12,13,3,30,14.200000000000001,0,0,0,0,0,0,82.12
2008,12,13,4,30,13.8,0,0,0,0,0,0,84.93
2008,12,13,5,30,13.4,0,0,0,0,0,0,87.16
2008,12,13,6,30,13.100000000000001,0,0,0,0,0,0,88.29
2008,12,13,7,30,12.600000000000001,0,0,0,0,0,0,89.78
2008,12,13,8,30,12,0,0,0,0,0,0,91.53
2008,12,13,9,30,11.5,0,0,0,0,0,0,92.24
2008,12,13,10,30,11.100000000000001,0,0,0,0,0,0,92.22
2008,12,13,11,30,10.9,0,0,0,0,0,0,91.16
2008,12,13,12,30,10.8,0,0,0,0,0,0,89.53
2008,12,13,13,30,12.600000000000001,16,23,213,1,15,15,78.23
2008,12,13,14,30,16.2,52,225,701,42,117,128,65.82000000000001
2008,12,13,15,30,19.900000000000002,69,447,869,56,253,277,50.22
2008,12,13,16,30,22.5,79,633,946,475,218,497,40.33
2008,12,13,17,30,23.900000000000002,85,761,983,642,216,658,36.37
2008,12,13,18,30,24.700000000000003,94,813,980,600,236,676,34.15
2008,12,13,19,30,24.900000000000002,94,797,976,976,94,797,33.14
2008,12,13,20,30,24.6,89,708,952,952,89,708,33.42
2008,12,13,21,30,23.8,79,555,905,905,79,555,35.12
2008,12,13,22,30,21.900000000000002,66,350,795,795,66,350,40.24
2008,12,13,23,30,18.8,42,127,543,543,42,127,59.9
2008,12,14,0,30,16.400000000000002,0,0,0,0,0,0,74.91
2008,12,14,1,30,15.4,0,0,0,0,0,0,78.3
2008,12,14,2,30,14.8,0,0,0,0,0,0,80.14
2008,12,14,3,30,14.3,0,0,0,0,0,0,81.14
2008,12,14,4,30,13.9,0,0,0,0,0,0,81.18
2008,12,14,5,30,13.600000000000001,0,0,0,0,0,0,80.02
2008,12,14,6,30,13.3,0,0,0,0,0,0,78.83
2008,12,14,7,30,12.9,0,0,0,0,0,0,78.21000000000001
2008,12,14,8,30,12.100000000000001,0,0,0,0,0,0,79.69
2008,12,14,9,30,11.3,0,0,0,0,0,0,81.19
2008,12,14,10,30,10.5,0,0,0,0,0,0,83.15
2008,12,14,11,30,9.700000000000001,0,0,0,0,0,0,85.92
2008,12,14,12,30,9.200000000000001,0,0,0,0,0,0,87.87
2008,12,14,13,30,11.3,15,24,285,285,15,24,76.8
2008,12,14,14,30,15.4,47,233,762,762,47,233,65.01
2008,12,14,15,30,19.900000000000002,60,459,918,918,60,459,46.7
2008,12,14,16,30,23.6,68,647,992,992,68,647,24.8
2008,12,14,17,30,25.400000000000002,72,777,1026,1026,72,777,18.63
2008,12,14,18,30,26.3,74,832,1035,1035,74,832,18.07
2008,12,14,19,30,26.6,74,817,1030,1030,74,817,18.36
2008,12,14,20,30,26.400000000000002,72,727,1008,1008,72,727,19.13
2008,12,14,21,30,25.700000000000003,66,569,955,955,66,569,20.46
2008,12,14,22,30,23.5,55,364,859,859,55,364,24.59
2008,12,14,23,30,19.400000000000002,36,135,624,624,36,135,47.480000000000004
2008,12,15,0,30,16.1,0,0,0,0,0,0,62.63
2008,12,15,1,30,15.100000000000001,0,0,0,0,0,0,63.550000000000004
2008,12,15,2,30,14.700000000000001,0,0,0,0,0,0,62.93
2008,12,15,3,30,14.4,0,0,0,0,0,0,61.78
2008,12,15,4,30,14,0,0,0,0,0,0,61.19
2008,12,15,5,30,13.3,0,0,0,0,0,0,61.81
2008,12,15,6,30,12.5,0,0,0,0,0,0,63.28
2008,12,15,7,30,11.8,0,0,0,0,0,0,64.27
2008,12,15,8,30,11.4,0,0,0,0,0,0,64.26
2008,12,15,9,30,10.9,0,0,0,0,0,0,65.19
2008,12,15,10,30,10.5,0,0,0,0,0,0,66.25
2008,12,15,11,30,10,0,0,0,0,0,0,68.14
2008,12,15,12,30,9.700000000000001,0,0,0,0,0,0,69.48
2008,12,15,13,30,11.9,14,22,254,254,14,22,61.370000000000005
2008,12,15,14,30,16.2,48,226,733,733,48,226,53.65
2008,12,15,15,30,20.5,65,447,884,884,65,447,38.15
2008,12,15,16,30,24.1,75,633,958,958,75,633,29.990000000000002
2008,12,15,17,30,26.3,81,762,995,995,81,762,25.42
2008,12,15,18,30,27.8,82,822,1010,1010,82,822,22.03
2008,12,15,19,30,28.6,82,807,1006,1006,82,807,20.06
2008,12,15,20,30,28.700000000000003,79,715,979,979,79,715,19.650000000000002
2008,12,15,21,30,28,73,561,925,925,73,561,20.75
2008,12,15,22,30,25.700000000000003,62,357,820,820,62,357,25.32
2008,12,15,23,30,21.900000000000002,40,131,569,569,40,131,51.47
2008,12,16,0,30,19.1,0,0,0,0,0,0,60.76
2008,12,16,1,30,18.1,0,0,0,0,0,0,64.34
2008,12,16,2,30,17.6,0,0,0,0,0,0,65.7
2008,12,16,3,30,17.400000000000002,0,0,0,0,0,0,64.45
2008,12,16,4,30,17,0,0,0,0,0,0,63.35
2008,12,16,5,30,16.3,0,0,0,0,0,0,65.26
2008,12,16,6,30,15.700000000000001,0,0,0,0,0,0,67.37
2008,12,16,7,30,15.100000000000001,0,0,0,0,0,0,69.52
2008,12,16,8,30,14.8,0,0,0,0,0,0,70.48
2008,12,16,9,30,14.600000000000001,0,0,0,0,0,0,70.57000000000001
2008,12,16,10,30,14.200000000000001,0,0,0,0,0,0,71.28
2008,12,16,11,30,13.700000000000001,0,0,0,0,0,0,72.10000000000001
2008,12,16,12,30,13.4,0,0,0,0,0,0,71.35000000000001
2008,12,16,13,30,14.700000000000001,14,18,162,0,9,9,64.26
2008,12,16,14,30,18.1,56,212,651,3,103,103,58.800000000000004
2008,12,16,15,30,22,75,432,829,829,75,432,39.13
2008,12,16,16,30,24.900000000000002,87,617,911,911,87,617,27.32
2008,12,16,17,30,26.400000000000002,94,745,953,953,94,745,23.34
2008,12,16,18,30,27.1,97,805,968,643,230,700,23.03
2008,12,16,19,30,27.400000000000002,98,790,962,962,98,790,23.22
2008,12,16,20,30,27.200000000000003,94,701,932,360,347,581,23.95
2008,12,16,21,30,26.400000000000002,93,546,856,493,199,459,25.72
2008,12,16,22,30,24.3,77,345,741,297,171,278,31.69
2008,12,16,23,30,20.700000000000003,48,125,478,112,86,104,58.59
2008,12,17,0,30,17.900000000000002,0,0,0,0,0,0,67.34
2008,12,17,1,30,16.8,0,0,0,0,0,0,68.05
2008,12,17,2,30,16,0,0,0,0,0,0,69.22
2008,12,17,3,30,15.5,0,0,0,0,0,0,69.22
2008,12,17,4,30,15,0,0,0,0,0,0,69.36
2008,12,17,5,30,14.600000000000001,0,0,0,0,0,0,69.35000000000001
2008,12,17,6,30,14.100000000000001,0,0,0,0,0,0,70.06
2008,12,17,7,30,13.600000000000001,0,0,0,0,0,0,71.09
2008,12,17,8,30,13,0,0,0,0,0,0,72.72
2008,12,17,9,30,12.5,0,0,0,0,0,0,74.08
2008,12,17,10,30,12.100000000000001,0,0,0,0,0,0,75
2008,12,17,11,30,11.8,0,0,0,0,0,0,75.42
2008,12,17,12,30,11.700000000000001,0,0,0,0,0,0,74.9
2008,12,17,13,30,13.600000000000001,13,17,123,123,13,17,66.09
2008,12,17,14,30,17.5,59,207,620,620,59,207,57.38
2008,12,17,15,30,21.700000000000003,79,425,807,807,79,425,40.230000000000004
2008,12,17,16,30,25.1,91,610,895,895,91,610,29.560000000000002
2008,12,17,17,30,26.6,96,739,940,940,96,739,27.03
2008,12,17,18,30,27.400000000000002,93,801,968,968,93,801,26.41
2008,12,17,19,30,27.8,92,788,966,966,92,788,26.32
2008,12,17,20,30,27.6,88,702,943,943,88,702,27.01
2008,12,17,21,30,26.900000000000002,79,550,890,890,79,550,28.54
2008,12,17,22,30,25.1,65,350,787,787,65,350,32.86
2008,12,17,23,30,21.6,42,130,543,543,42,130,52.57
2008,12,18,0,30,18.6,0,0,0,0,0,0,68.64
2008,12,18,1,30,17.6,0,0,0,0,0,0,70.04
2008,12,18,2,30,16.900000000000002,0,0,0,0,0,0,71.60000000000001
2008,12,18,3,30,16.3,0,0,0,0,0,0,72.73
2008,12,18,4,30,15.8,0,0,0,0,0,0,73.56
2008,12,18,5,30,15.3,0,0,0,0,0,0,74.60000000000001
2008,12,18,6,30,14.8,0,0,0,0,0,0,75.68
2008,12,18,7,30,14.200000000000001,0,0,0,0,0,0,77.31
2008,12,18,8,30,13.600000000000001,0,0,0,0,0,0,78.94
2008,12,18,9,30,13,0,0,0,0,0,0,80.72
2008,12,18,10,30,12.5,0,0,0,0,0,0,81.97
2008,12,18,11,30,12.100000000000001,0,0,0,0,0,0,82.97
2008,12,18,12,30,11.9,0,0,0,0,0,0,82.91
2008,12,18,13,30,14,13,17,162,162,13,17,72.18
2008,12,18,14,30,17.900000000000002,52,208,659,659,52,208,59.04
2008,12,18,15,30,22.1,71,426,833,833,71,426,44.43
2008,12,18,16,30,25.5,81,610,914,914,81,610,33.21
2008,12,18,17,30,27.1,87,739,956,956,87,739,29.3
2008,12,18,18,30,28,91,798,968,968,91,798,27.740000000000002
2008,12,18,19,30,28.400000000000002,90,785,964,964,90,785,27.43
2008,12,18,20,30,28.3,87,700,941,941,87,700,27.76
2008,12,18,21,30,27.700000000000003,82,549,882,882,82,549,28.82
2008,12,18,22,30,25.900000000000002,68,351,779,779,68,351,32.51
2008,12,18,23,30,22.3,43,132,543,543,43,132,53.050000000000004
2008,12,19,0,30,19.400000000000002,0,0,0,0,0,0,66.62
2008,12,19,1,30,18.3,0,0,0,0,0,0,67.65
2008,12,19,2,30,17.5,0,0,0,0,0,0,68.53
2008,12,19,3,30,16.7,0,0,0,0,0,0,69.68
2008,12,19,4,30,15.9,0,0,0,0,0,0,71
2008,12,19,5,30,15.100000000000001,0,0,0,0,0,0,72.42
2008,12,19,6,30,14.3,0,0,0,0,0,0,74.07000000000001
2008,12,19,7,30,13.700000000000001,0,0,0,0,0,0,74.88
2008,12,19,8,30,13,0,0,0,0,0,0,76.29
2008,12,19,9,30,12.5,0,0,0,0,0,0,77.03
2008,12,19,10,30,12,0,0,0,0,0,0,78
2008,12,19,11,30,11.600000000000001,0,0,0,0,0,0,78.7
2008,12,19,12,30,11.4,0,0,0,0,0,0,78.39
2008,12,19,13,30,13.3,12,16,174,174,12,16,68.75
2008,12,19,14,30,17.1,51,209,669,669,51,209,54.96
2008,12,19,15,30,21.5,73,429,838,838,73,429,42.59
2008,12,19,16,30,25.6,88,612,908,908,88,612,32.410000000000004
2008,12,19,17,30,28,102,740,937,937,102,740,26.7
2008,12,19,18,30,29.400000000000002,79,815,1009,1009,79,815,23.6
2008,12,19,19,30,30,79,803,1006,1006,79,803,21.7
2008,12,19,20,30,30.1,76,715,979,979,76,715,20.86
2008,12,19,21,30,29.400000000000002,75,562,915,915,75,562,21.76
2008,12,19,22,30,27.3,65,358,805,805,65,358,25.92
2008,12,19,23,30,23.3,43,134,553,553,43,134,47.25
2008,12,20,0,30,19.900000000000002,0,0,0,0,0,0,61.660000000000004
2008,12,20,1,30,18.3,0,0,0,0,0,0,68.22
2008,12,20,2,30,17.3,0,0,0,0,0,0,72.85000000000001
2008,12,20,3,30,16.5,0,0,0,0,0,0,75.84
2008,12,20,4,30,16,0,0,0,0,0,0,76.46000000000001
2008,12,20,5,30,15.600000000000001,0,0,0,0,0,0,76.15
2008,12,20,6,30,15.200000000000001,0,0,0,0,0,0,75.72
2008,12,20,7,30,14.600000000000001,0,0,0,0,0,0,76.41
2008,12,20,8,30,13.9,0,0,0,0,0,0,77.7
2008,12,20,9,30,13.3,0,0,0,0,0,0,78.44
2008,12,20,10,30,12.600000000000001,0,0,0,0,0,0,80.42
2008,12,20,11,30,12,0,0,0,0,0,0,82.52
2008,12,20,12,30,11.600000000000001,0,0,0,0,0,0,83.99
2008,12,20,13,30,13.5,11,13,106,106,11,13,74.59
2008,12,20,14,30,17.2,58,198,600,600,58,198,60.97
2008,12,20,15,30,20.900000000000002,80,414,790,790,80,414,50.71
2008,12,20,16,30,24.1,92,599,881,881,92,599,42.85
2008,12,20,17,30,26.3,98,729,927,927,98,729,37.01
2008,12,20,18,30,27.6,101,791,946,946,101,791,33.6
2008,12,20,19,30,28.3,101,780,943,943,101,780,31.59
2008,12,20,20,30,28.400000000000002,96,696,918,918,96,696,30.810000000000002
2008,12,20,21,30,27.900000000000002,87,548,865,865,87,548,31.37
2008,12,20,22,30,26.3,73,350,755,755,73,350,34.69
2008,12,20,23,30,22.900000000000002,47,130,501,501,47,130,52.71
2008,12,21,0,30,19.8,0,0,0,0,0,0,71.29
2008,12,21,1,30,18.400000000000002,0,0,0,0,0,0,79.09
2008,12,21,2,30,17.400000000000002,0,0,0,0,0,0,86.74
2008,12,21,3,30,16.6,0,0,0,0,0,0,93.96000000000001
2008,12,21,4,30,16.2,0,0,0,0,0,0,99.5
2008,12,21,5,30,16.1,0,0,0,0,0,0,100
2008,12,21,6,30,15.9,0,0,0,0,0,0,100
2008,12,21,7,30,15.600000000000001,0,0,0,0,0,0,100
2008,12,21,8,30,15.200000000000001,0,0,0,0,0,0,100
2008,12,21,9,30,14.600000000000001,0,0,0,0,0,0,100
2008,12,21,10,30,14,0,0,0,0,0,0,100
2008,12,21,11,30,13.4,0,0,0,0,0,0,100
2008,12,21,12,30,13.100000000000001,0,0,0,0,0,0,100
2008,12,21,13,30,14.4,12,13,63,63,12,13,93.56
2008,12,21,14,30,17.5,66,197,567,567,66,197,76.15
2008,12,21,15,30,21.200000000000003,86,418,787,787,86,418,59.94
2008,12,21,16,30,24.400000000000002,95,607,890,890,95,607,44.77
2008,12,21,17,30,26.400000000000002,99,742,945,945,99,742,35.37
2008,12,21,18,30,27.700000000000003,99,806,969,969,99,806,29.41
2008,12,21,19,30,28.400000000000002,95,796,972,972,95,796,25.68
2008,12,21,20,30,28.6,89,715,958,958,89,715,23.39
2008,12,21,21,30,28.200000000000003,80,564,907,907,80,564,22.59
2008,12,21,22,30,26.3,68,363,803,803,68,363,25.46
2008,12,21,23,30,22.700000000000003,44,138,556,556,44,138,45.08
2008,12,22,0,30,19.8,0,0,0,0,0,0,59.09
2008,12,22,1,30,18.400000000000002,0,0,0,0,0,0,67.51
2008,12,22,2,30,17.3,0,0,0,0,0,0,76.22
2008,12,22,3,30,16.7,0,0,0,0,0,0,82.55
2008,12,22,4,30,16.3,0,0,0,0,0,0,86.53
2008,12,22,5,30,15.5,0,0,0,0,0,0,90.93
2008,12,22,6,30,14.700000000000001,0,0,0,0,0,0,92.84
2008,12,22,7,30,13.9,0,0,0,0,0,0,92.2
2008,12,22,8,30,13.3,0,0,0,0,0,0,90.69
2008,12,22,9,30,12.700000000000001,0,0,0,0,0,0,90.18
2008,12,22,10,30,12.3,0,0,0,0,0,0,88.69
2008,12,22,11,30,12,0,0,0,0,0,0,87.2
2008,12,22,12,30,12,0,0,0,0,0,0,84.94
2008,12,22,13,30,13.4,10,10,28,28,10,10,76.29
2008,12,22,14,30,16.3,81,183,442,0,7,7,59.89
2008,12,22,15,30,19.400000000000002,116,394,662,6,183,185,55.02
2008,12,22,16,30,21.900000000000002,135,576,770,3,237,239,52.980000000000004
2008,12,22,17,30,23.3,144,706,827,827,144,706,49.04
2008,12,22,18,30,24.1,150,767,845,845,150,767,46.32
2008,12,22,19,30,24.400000000000002,152,753,834,834,152,753,45.18
2008,12,22,20,30,24.200000000000003,147,668,796,796,147,668,45.46
2008,12,22,21,30,23.6,151,516,683,683,151,516,46.87
2008,12,22,22,30,22.400000000000002,122,325,548,548,122,325,50.47
2008,12,22,23,30,20.400000000000002,69,119,290,290,69,119,62.97
2008,12,23,0,30,18.6,0,0,0,0,0,0,78.76
2008,12,23,1,30,17.400000000000002,0,0,0,0,0,0,82.8
2008,12,23,2,30,16.3,0,0,0,0,0,0,87.60000000000001
2008,12,23,3,30,15.5,0,0,0,0,0,0,92.02
2008,12,23,4,30,14.8,0,0,0,0,0,0,96.14
2008,12,23,5,30,14.200000000000001,0,0,0,0,0,0,100
2008,12,23,6,30,13.700000000000001,0,0,0,0,0,0,100
2008,12,23,7,30,13.200000000000001,0,0,0,0,0,0,100
2008,12,23,8,30,12.8,0,0,0,0,0,0,100
2008,12,23,9,30,12.600000000000001,0,0,0,0,0,0,100
2008,12,23,10,30,12.4,0,0,0,0,0,0,100
2008,12,23,11,30,12.100000000000001,0,0,0,0,0,0,100
2008,12,23,12,30,11.9,0,0,0,0,0,0,100
2008,12,23,13,30,13.3,0,0,0,0,0,0,93.39
2008,12,23,14,30,16.400000000000002,56,200,632,632,56,200,76.4
2008,12,23,15,30,20.200000000000003,71,422,836,836,71,422,57.43
2008,12,23,16,30,22.900000000000002,79,610,927,927,79,610,38.25
2008,12,23,17,30,24.3,86,742,967,967,86,742,33.55
2008,12,23,18,30,25.1,88,803,981,981,88,803,31.990000000000002
2008,12,23,19,30,25.400000000000002,88,794,978,978,88,794,31.330000000000002
2008,12,23,20,30,25.3,85,711,955,106,380,449,31.25
2008,12,23,21,30,24.6,78,563,905,905,78,563,32.11
2008,12,23,22,30,23,65,365,806,806,65,365,34.87
2008,12,23,23,30,19.6,43,143,579,579,43,143,49.59
2008,12,24,0,30,16.6,0,0,0,0,0,0,68.39
2008,12,24,1,30,15.5,0,0,0,0,0,0,70.2
2008,12,24,2,30,14.700000000000001,0,0,0,0,0,0,71.62
2008,12,24,3,30,14.100000000000001,0,0,0,0,0,0,72.2
2008,12,24,4,30,13.5,0,0,0,0,0,0,72.81
2008,12,24,5,30,13.100000000000001,0,0,0,0,0,0,72.34
2008,12,24,6,30,12.700000000000001,0,0,0,0,0,0,71.98
2008,12,24,7,30,12.4,0,0,0,0,0,0,71.46000000000001
2008,12,24,8,30,12,0,0,0,0,0,0,71.76
2008,12,24,9,30,11.600000000000001,0,0,0,0,0,0,72.14
2008,12,24,10,30,11.200000000000001,0,0,0,0,0,0,72.46000000000001
2008,12,24,11,30,10.8,0,0,0,0,0,0,73.17
2008,12,24,12,30,10.600000000000001,0,0,0,0,0,0,73.08
2008,12,24,13,30,12.600000000000001,0,0,0,0,0,0,64.34
2008,12,24,14,30,16.6,46,204,696,696,46,204,52.63
2008,12,24,15,30,20.700000000000003,62,425,869,869,62,425,38.78
2008,12,24,16,30,24,71,613,947,947,71,613,30.63
2008,12,24,17,30,25.700000000000003,77,742,981,981,77,742,26.5
2008,12,24,18,30,26.700000000000003,79,807,998,998,79,807,24.26
2008,12,24,19,30,27.200000000000003,80,795,990,990,80,795,23.19
2008,12,24,20,30,27.1,78,713,967,967,78,713,23.38
2008,12,24,21,30,26.6,72,565,918,918,72,565,24.18
2008,12,24,22,30,25,62,367,819,819,62,367,26.87
2008,12,24,23,30,21.8,42,145,593,593,42,145,43.25
2008,12,25,0,30,18.900000000000002,0,0,0,0,0,0,58.79
2008,12,25,1,30,17.5,0,0,0,0,0,0,62.92
2008,12,25,2,30,16.400000000000002,0,0,0,0,0,0,66.18
2008,12,25,3,30,15.700000000000001,0,0,0,0,0,0,67.94
2008,12,25,4,30,15.200000000000001,0,0,0,0,0,0,68.28
2008,12,25,5,30,14.9,0,0,0,0,0,0,67.56
2008,12,25,6,30,14.5,0,0,0,0,0,0,67.16
2008,12,25,7,30,14.100000000000001,0,0,0,0,0,0,67.01
2008,12,25,8,30,13.4,0,0,0,0,0,0,68.5
2008,12,25,9,30,12.8,0,0,0,0,0,0,69.71000000000001
2008,12,25,10,30,12.200000000000001,0,0,0,0,0,0,70.73
2008,12,25,11,30,11.700000000000001,0,0,0,0,0,0,71.28
2008,12,25,12,30,11.4,0,0,0,0,0,0,71.09
2008,12,25,13,30,13.3,0,0,0,0,0,0,62.730000000000004
2008,12,25,14,30,17.3,51,194,638,638,51,194,51.6
2008,12,25,15,30,21.400000000000002,71,414,823,823,71,414,36.52
2008,12,25,16,30,24.700000000000003,82,600,907,907,82,600,29.310000000000002
2008,12,25,17,30,26.200000000000003,90,733,949,949,90,733,26.990000000000002
2008,12,25,18,30,27,95,794,957,957,95,794,26.52
2008,12,25,19,30,27.3,95,786,955,955,95,786,26.85
2008,12,25,20,30,27.1,92,703,929,929,92,703,27.67
2008,12,25,21,30,26.400000000000002,92,554,856,856,92,554,29.28
2008,12,25,22,30,24.700000000000003,78,358,748,748,78,358,33.19
2008,12,25,23,30,21.3,50,140,506,34,97,104,51.38
2008,12,26,0,30,18.400000000000002,0,0,0,0,0,0,67.53
2008,12,26,1,30,17.400000000000002,0,0,0,0,0,0,70.26
2008,12,26,2,30,16.6,0,0,0,0,0,0,72.24
2008,12,26,3,30,16,0,0,0,0,0,0,73
2008,12,26,4,30,15.4,0,0,0,0,0,0,73.4
2008,12,26,5,30,15,0,0,0,0,0,0,73.39
2008,12,26,6,30,14.700000000000001,0,0,0,0,0,0,73.21000000000001
2008,12,26,7,30,14.4,0,0,0,0,0,0,72.95
2008,12,26,8,30,13.9,0,0,0,0,0,0,73.94
2008,12,26,9,30,13.4,0,0,0,0,0,0,75.35000000000001
2008,12,26,10,30,12.8,0,0,0,0,0,0,77.82000000000001
2008,12,26,11,30,12.4,0,0,0,0,0,0,79.37
2008,12,26,12,30,12.3,0,0,0,0,0,0,79.77
2008,12,26,13,30,14.100000000000001,0,0,0,0,0,0,71.23
2008,12,26,14,30,17.8,52,194,636,636,52,194,59.39
2008,12,26,15,30,21.900000000000002,71,415,830,830,71,415,44.11
2008,12,26,16,30,25.1,80,604,918,918,80,604,33
2008,12,26,17,30,26.400000000000002,86,735,958,958,86,735,29.57
2008,12,26,18,30,27,87,802,979,979,87,802,28.38
2008,12,26,19,30,27,88,791,972,972,88,791,28.44
2008,12,26,20,30,26.5,85,710,949,270,370,548,29.490000000000002
2008,12,26,21,30,25.6,76,565,905,905,76,565,31.470000000000002
2008,12,26,22,30,23.900000000000002,64,369,810,810,64,369,35.37
2008,12,26,23,30,20.5,42,148,596,596,42,148,49.83
2008,12,27,0,30,17.6,0,0,0,0,0,0,67.81
2008,12,27,1,30,16.6,0,0,0,0,0,0,69.59
2008,12,27,2,30,15.9,0,0,0,0,0,0,70.26
2008,12,27,3,30,15.3,0,0,0,0,0,0,70.42
2008,12,27,4,30,14.700000000000001,0,0,0,0,0,0,70.88
2008,12,27,5,30,14.100000000000001,0,0,0,0,0,0,71.68
2008,12,27,6,30,13.600000000000001,0,0,0,0,0,0,72.22
2008,12,27,7,30,13,0,0,0,0,0,0,73.46000000000001
2008,12,27,8,30,12.4,0,0,0,0,0,0,74.84
2008,12,27,9,30,11.9,0,0,0,0,0,0,75.94
2008,12,27,10,30,11.5,0,0,0,0,0,0,76.56
2008,12,27,11,30,11,0,0,0,0,0,0,77.95
2008,12,27,12,30,10.8,0,0,0,0,0,0,78.10000000000001
2008,12,27,13,30,12.9,0,0,0,0,0,0,68.36
2008,12,27,14,30,16.900000000000002,40,201,724,724,40,201,55.46
2008,12,27,15,30,20.900000000000002,54,422,888,888,54,422,41.550000000000004
2008,12,27,16,30,23.900000000000002,62,609,959,959,62,609,32.4
2008,12,27,17,30,25.200000000000003,68,742,994,994,68,742,30.75
2008,12,27,18,30,26,73,808,1006,1006,73,808,29.43
2008,12,27,19,30,26.3,74,798,1000,1000,74,798,28.95
2008,12,27,20,30,26.1,72,718,978,978,72,718,29.36
2008,12,27,21,30,25.3,68,572,931,931,68,572,31.03
2008,12,27,22,30,23.5,58,375,838,838,58,375,35.47
2008,12,27,23,30,20.200000000000003,40,153,629,117,94,115,52.78
2008,12,28,0,30,17.7,0,0,0,0,0,0,67.33
2008,12,28,1,30,17,0,0,0,0,0,0,68.65
2008,12,28,2,30,16.7,0,0,0,0,0,0,69.13
2008,12,28,3,30,16.6,0,0,0,0,0,0,68.13
2008,12,28,4,30,16.5,0,0,0,0,0,0,67.1
2008,12,28,5,30,16.3,0,0,0,0,0,0,66.74
2008,12,28,6,30,15.8,0,0,0,0,0,0,68.54
2008,12,28,7,30,15,0,0,0,0,0,0,71.61
2008,12,28,8,30,14.200000000000001,0,0,0,0,0,0,74.35000000000001
2008,12,28,9,30,13.700000000000001,0,0,0,0,0,0,76.5
2008,12,28,10,30,13.5,0,0,0,0,0,0,77.62
2008,12,28,11,30,13.3,0,0,0,0,0,0,78.23
2008,12,28,12,30,13.200000000000001,0,0,0,0,0,0,78.2
2008,12,28,13,30,14.200000000000001,0,0,0,0,0,0,73.44
2008,12,28,14,30,16.3,46,197,681,39,105,114,69.81
2008,12,28,15,30,18.400000000000002,63,416,854,331,188,325,58.910000000000004
2008,12,28,16,30,21.1,73,605,934,509,203,493,48.81
2008,12,28,17,30,23.5,80,737,969,575,242,631,39.46
2008,12,28,18,30,24.6,81,801,985,346,345,598,35.27
2008,12,28,19,30,25,82,794,981,565,226,636,33.46
2008,12,28,20,30,25,80,714,959,663,183,622,33.1
2008,12,28,21,30,24.700000000000003,73,570,913,913,73,570,33.53
2008,12,28,22,30,23.700000000000003,62,375,822,822,62,375,37.26
2008,12,28,23,30,22.3,42,153,608,608,42,153,52.54
2008,12,29,0,30,21.3,0,0,0,0,0,0,48.89
2008,12,29,1,30,20.700000000000003,0,0,0,0,0,0,49.04
2008,12,29,2,30,20,0,0,0,0,0,0,51.050000000000004
2008,12,29,3,30,19.1,0,0,0,0,0,0,54.03
2008,12,29,4,30,18,0,0,0,0,0,0,57.47
2008,12,29,5,30,16.8,0,0,0,0,0,0,62.410000000000004
2008,12,29,6,30,15.700000000000001,0,0,0,0,0,0,66.94
2008,12,29,7,30,14.9,0,0,0,0,0,0,69.8
2008,12,29,8,30,14.3,0,0,0,0,0,0,71.42
2008,12,29,9,30,13.8,0,0,0,0,0,0,72.88
2008,12,29,10,30,13.4,0,0,0,0,0,0,74.93
2008,12,29,11,30,13.100000000000001,0,0,0,0,0,0,77.58
2008,12,29,12,30,12.8,0,0,0,0,0,0,80.7
2008,12,29,13,30,13.8,0,0,0,0,0,0,77.06
2008,12,29,14,30,15.9,55,185,592,0,31,31,68.32000000000001
2008,12,29,15,30,18.6,76,402,789,402,168,334,57.300000000000004
2008,12,29,16,30,21.400000000000002,89,587,876,876,89,587,49.2
2008,12,29,17,30,23.1,96,719,918,918,96,719,44.980000000000004
2008,12,29,18,30,23.900000000000002,97,784,939,563,239,650,43.63
2008,12,29,19,30,24.3,98,775,932,623,235,687,43.39
2008,12,29,20,30,24.200000000000003,96,696,904,385,306,561,44.29
2008,12,29,21,30,23.8,89,553,850,384,268,477,45.68
2008,12,29,22,30,22.700000000000003,76,359,740,257,190,288,49.11
2008,12,29,23,30,21,51,144,501,84,102,118,67.01
2008,12,30,0,30,19.6,0,0,0,0,0,0,69.02
2008,12,30,1,30,18.900000000000002,0,0,0,0,0,0,70.72
2008,12,30,2,30,18.3,0,0,0,0,0,0,72.75
2008,12,30,3,30,17.8,0,0,0,0,0,0,74.38
2008,12,30,4,30,17.1,0,0,0,0,0,0,77.7
2008,12,30,5,30,16.6,0,0,0,0,0,0,79.52
2008,12,30,6,30,16.2,0,0,0,0,0,0,81.07000000000001
2008,12,30,7,30,15.8,0,0,0,0,0,0,82.19
2008,12,30,8,30,15.5,0,0,0,0,0,0,82.53
2008,12,30,9,30,15.200000000000001,0,0,0,0,0,0,83.13
2008,12,30,10,30,15,0,0,0,0,0,0,83.67
2008,12,30,11,30,14.8,0,0,0,0,0,0,84.38
2008,12,30,12,30,14.700000000000001,0,0,0,0,0,0,84.69
2008,12,30,13,30,15.4,0,0,0,0,0,0,81.09
2008,12,30,14,30,17.1,95,157,287,78,128,145,72.75
2008,12,30,15,30,19.3,145,363,530,224,225,318,63.17
2008,12,30,16,30,21.8,162,550,681,197,310,422,56.24
2008,12,30,17,30,23.900000000000002,166,686,767,428,310,600,47.69
2008,12,30,18,30,25.400000000000002,185,749,771,299,362,581,42.12
2008,12,30,19,30,25.900000000000002,187,741,763,393,346,631,40.300000000000004
2008,12,30,20,30,25.5,184,663,720,106,385,456,40.78
2008,12,30,21,30,24.700000000000003,176,518,623,623,176,518,42.86
2008,12,30,22,30,23.400000000000002,143,331,488,488,143,331,47.54
2008,12,30,23,30,21.400000000000002,82,127,242,242,82,127,62.52
2008,12,31,0,30,19.700000000000003,0,0,0,0,0,0,74.25
2008,12,31,1,30,18.8,0,0,0,0,0,0,76.48
2008,12,31,2,30,18.1,0,0,0,0,0,0,77.41
2008,12,31,3,30,17.400000000000002,0,0,0,0,0,0,78.93
2008,12,31,4,30,16.900000000000002,0,0,0,0,0,0,79.81
2008,12,31,5,30,16.5,0,0,0,0,0,0,79.91
2008,12,31,6,30,16.1,0,0,0,0,0,0,79.99
2008,12,31,7,30,15.600000000000001,0,0,0,0,0,0,80.61
2008,12,31,8,30,15,0,0,0,0,0,0,82.51
2008,12,31,9,30,14.5,0,0,0,0,0,0,83.91
2008,12,31,10,30,13.8,0,0,0,0,0,0,85.66
2008,12,31,11,30,13.200000000000001,0,0,0,0,0,0,87.13
2008,12,31,12,30,12.9,0,0,0,0,0,0,86.96000000000001
2008,12,31,13,30,14.600000000000001,0,0,0,0,0,0,77.51
2008,12,31,14,30,17.900000000000002,69,173,474,474,69,173,66.64
2008,12,31,15,30,21.700000000000003,100,386,695,695,100,386,52.83
2008,12,31,16,30,25.1,115,574,809,809,115,574,39.57
2008,12,31,17,30,26.8,123,711,867,867,123,711,34.01
2008,12,31,18,30,27.8,104,789,935,935,104,789,30.75
2008,12,31,19,30,28.200000000000003,106,784,931,0,121,122,29.01
2008,12,31,20,30,28.1,103,706,905,0,224,224,28.66
2008,12,31,21,30,27.400000000000002,101,558,831,831,101,558,29.580000000000002
2008,12,31,22,30,25.6,87,364,716,716,87,364,34.230000000000004
2008,12,31,23,30,22.3,56,147,481,481,56,147,53.1
