Source,Location ID,City,State,Country,Latitude,Longitude,Time Zone,Elevation,Local Time Zone,Clearsky DHI Units,Clearsky DNI Units,Clearsky GHI Units,Dew Point Units,DHI Units,DNI Units,GHI Units,Solar Zenith Angle Units,Temperature Units,Pressure Units,Relative Humidity Units,Precipitable Water Units,Wind Direction Units,Wind Speed Units,Cloud Type -15,Cloud Type 0,Cloud Type 1,Cloud Type 2,Cloud Type 3,Cloud Type 4,Cloud Type 5,Cloud Type 6,Cloud Type 7,Cloud Type 8,Cloud Type 9,Cloud Type 10,Cloud Type 11,Cloud Type 12,Fill Flag 0,Fill Flag 1,Fill Flag 2,Fill Flag 3,Fill Flag 4,Fill Flag 5,Surface Albedo Units,Version
NSRDB,533759,-,-,-,23.61,-103.1,0,1970,-6,w/m2,w/m2,w/m2,c,w/m2,w/m2,w/m2,Degree,c,mbar,%,cm,Degrees,m/s,N/A,Clear,Probably Clear,Fog,Water,Super-Cooled Water,Mixed,Opaque Ice,Cirrus,Overlapping,Overshooting,Unknown,Dust,Smoke,N/A,Missing Image,Low Irradiance,Exceeds Clearsky,Missing CLoud Properties,Rayleigh Violation,N/A,4.0.1
Year,Month,Day,Hour,Minute,Temperature,Clearsky DHI,Clearsky GHI,Clearsky DNI,DNI,DHI,GHI,Relative Humidity
2008,1,1,0,30,14.700000000000001,0,0,0,0,0,0,21.36
2008,1,1,1,30,12.600000000000001,0,0,0,0,0,0,23.3
2008,1,1,2,30,10.9,0,0,0,0,0,0,25.2
2008,1,1,3,30,9.5,0,0,0,0,0,0,26.85
2008,1,1,4,30,8.200000000000001,0,0,0,0,0,0,28.47
2008,1,1,5,30,7.300000000000001,0,0,0,0,0,0,29.8
2008,1,1,6,30,6.9,0,0,0,0,0,0,31.490000000000002
2008,1,1,7,30,6.6000000000000005,0,0,0,0,0,0,32.04
2008,1,1,8,30,6.2,0,0,0,0,0,0,32.19
2008,1,1,9,30,5.7,0,0,0,0,0,0,32.5
2008,1,1,10,30,4.7,0,0,0,0,0,0,34.7
2008,1,1,11,30,3.4000000000000004,0,0,0,0,0,0,37.730000000000004
2008,1,1,12,30,2.2,0,0,0,0,0,0,42.35
2008,1,1,13,30,3.7,0,0,0,0,0,0,41.86
2008,1,1,14,30,7.5,37,168,719,719,37,168,40.43
2008,1,1,15,30,11.4,56,385,893,893,56,385,43.24
2008,1,1,16,30,14.9,67,571,965,965,67,571,42.56
2008,1,1,17,30,17.400000000000002,73,702,1001,1001,73,702,38.35
2008,1,1,18,30,19.200000000000003,74,770,1022,1022,74,770,33.6
2008,1,1,19,30,20.200000000000003,73,763,1018,1018,73,763,30.92
2008,1,1,20,30,20.5,69,683,995,995,69,683,30.3
2008,1,1,21,30,19.700000000000003,64,539,944,944,64,539,32.4
2008,1,1,22,30,18,54,347,847,847,54,347,37.4
2008,1,1,23,30,15.5,36,129,606,606,36,129,46.95
2008,1,2,0,30,13.200000000000001,0,0,0,0,0,0,58.03
2008,1,2,1,30,11.4,0,0,0,0,0,0,67.32000000000001
2008,1,2,2,30,9.600000000000001,0,0,0,0,0,0,76.26
2008,1,2,3,30,7.9,0,0,0,0,0,0,82.92
2008,1,2,4,30,6.6000000000000005,0,0,0,0,0,0,84.44
2008,1,2,5,30,5.7,0,0,0,0,0,0,82.66
2008,1,2,6,30,4.800000000000001,0,0,0,0,0,0,80.87
2008,1,2,7,30,3.9000000000000004,0,0,0,0,0,0,79.73
2008,1,2,8,30,3,0,0,0,0,0,0,79.69
2008,1,2,9,30,2.3000000000000003,0,0,0,0,0,0,79.69
2008,1,2,10,30,1.8,0,0,0,0,0,0,79.7
2008,1,2,11,30,1.4000000000000001,0,0,0,0,0,0,79.75
2008,1,2,12,30,0.8,0,0,0,0,0,0,80.72
2008,1,2,13,30,1,0,0,0,0,0,0,77.11
2008,1,2,14,30,2.8000000000000003,38,165,705,705,38,165,66.78
2008,1,2,15,30,5.9,51,386,907,13,185,189,55.56
2008,1,2,16,30,9.200000000000001,58,576,991,197,318,420,46.37
2008,1,2,17,30,11.9,62,711,1032,1032,62,711,40.13
2008,1,2,18,30,14,63,779,1050,1050,63,779,35.28
2008,1,2,19,30,15.200000000000001,63,775,1049,1049,63,775,31.82
2008,1,2,20,30,15.600000000000001,61,698,1029,1029,61,698,29.67
2008,1,2,21,30,15,56,555,988,988,56,555,29.6
2008,1,2,22,30,13.3,49,361,896,896,49,361,32.31
2008,1,2,23,30,10.200000000000001,33,139,676,676,33,139,39.910000000000004
2008,1,3,0,30,7.5,0,0,0,0,0,0,49.59
2008,1,3,1,30,6,0,0,0,0,0,0,55.370000000000005
2008,1,3,2,30,4.6000000000000005,0,0,0,0,0,0,61.74
2008,1,3,3,30,3.1,0,0,0,0,0,0,69
2008,1,3,4,30,1.7000000000000002,0,0,0,0,0,0,75.69
2008,1,3,5,30,0.7000000000000001,0,0,0,0,0,0,79.52
2008,1,3,6,30,-0.1,0,0,0,0,0,0,81.5
2008,1,3,7,30,-0.7000000000000001,0,0,0,0,0,0,82.5
2008,1,3,8,30,-1.2000000000000002,0,0,0,0,0,0,83.29
2008,1,3,9,30,-1.5,0,0,0,0,0,0,83.63
2008,1,3,10,30,-1.8,0,0,0,0,0,0,84.56
2008,1,3,11,30,-2,0,0,0,0,0,0,85.32000000000001
2008,1,3,12,30,-2.1,0,0,0,0,0,0,85.65
2008,1,3,13,30,-0.8,0,0,0,0,0,0,77.79
2008,1,3,14,30,2.5,34,166,733,733,34,166,62.06
2008,1,3,15,30,6.9,46,388,926,926,46,388,48.17
2008,1,3,16,30,11.3,54,579,1006,1006,54,579,38.51
2008,1,3,17,30,15.100000000000001,57,715,1045,1045,57,715,31.19
2008,1,3,18,30,18.1,59,784,1060,1060,59,784,26.26
2008,1,3,19,30,19.900000000000002,58,780,1061,1061,58,780,21.42
2008,1,3,20,30,20.5,56,703,1043,1043,56,703,18.17
2008,1,3,21,30,20.1,53,561,1000,1000,53,561,17.2
2008,1,3,22,30,18,45,366,915,915,45,366,19.16
2008,1,3,23,30,13.700000000000001,31,143,705,705,31,143,34.160000000000004
2008,1,4,0,30,10.4,0,0,0,0,0,0,41.6
2008,1,4,1,30,8.9,0,0,0,0,0,0,48.18
2008,1,4,2,30,7.4,0,0,0,0,0,0,56.18
2008,1,4,3,30,5.9,0,0,0,0,0,0,63.59
2008,1,4,4,30,4.5,0,0,0,0,0,0,70.37
2008,1,4,5,30,3.4000000000000004,0,0,0,0,0,0,75.85000000000001
2008,1,4,6,30,2.7,0,0,0,0,0,0,79.52
2008,1,4,7,30,2.2,0,0,0,0,0,0,82.24
2008,1,4,8,30,1.9000000000000001,0,0,0,0,0,0,83.84
2008,1,4,9,30,1.9000000000000001,0,0,0,0,0,0,83.57000000000001
2008,1,4,10,30,1.9000000000000001,0,0,0,0,0,0,83.12
2008,1,4,11,30,2,0,0,0,0,0,0,82.01
2008,1,4,12,30,2.3000000000000003,0,0,0,0,0,0,79.8
2008,1,4,13,30,5,0,0,0,0,0,0,65.57000000000001
2008,1,4,14,30,9.9,35,164,715,51,103,112,48.03
2008,1,4,15,30,14.9,50,385,909,909,50,385,35.12
2008,1,4,16,30,19.1,58,576,991,991,58,576,23.05
2008,1,4,17,30,21.6,62,712,1032,1032,62,712,14.620000000000001
2008,1,4,18,30,22.700000000000003,63,782,1050,1050,63,782,13.59
2008,1,4,19,30,23.200000000000003,63,779,1050,1050,63,779,13.21
2008,1,4,20,30,23.3,60,703,1032,1032,60,703,13
2008,1,4,21,30,22.700000000000003,56,561,990,990,56,561,13.31
2008,1,4,22,30,20.700000000000003,48,366,902,902,48,366,15.06
2008,1,4,23,30,17,33,144,690,690,33,144,30.45
2008,1,5,0,30,13.9,0,0,0,0,0,0,31.28
2008,1,5,1,30,12.3,0,0,0,0,0,0,33.06
2008,1,5,2,30,11.200000000000001,0,0,0,0,0,0,34.27
2008,1,5,3,30,10.200000000000001,0,0,0,0,0,0,35.76
2008,1,5,4,30,9.200000000000001,0,0,0,0,0,0,37.58
2008,1,5,5,30,8.4,0,0,0,0,0,0,38.57
2008,1,5,6,30,7.6000000000000005,0,0,0,0,0,0,39.88
2008,1,5,7,30,6.800000000000001,0,0,0,0,0,0,41.7
2008,1,5,8,30,6.4,0,0,0,0,0,0,42.92
2008,1,5,9,30,6.4,0,0,0,0,0,0,43.21
2008,1,5,10,30,6.5,0,0,0,0,0,0,43.61
2008,1,5,11,30,6.6000000000000005,0,0,0,0,0,0,44.33
2008,1,5,12,30,6.7,0,0,0,0,0,0,45.15
2008,1,5,13,30,8.200000000000001,0,0,0,0,0,0,42.29
2008,1,5,14,30,11.700000000000001,36,162,703,703,36,162,40.09
2008,1,5,15,30,16.3,52,382,897,95,225,260,28.95
2008,1,5,16,30,20.1,60,572,981,981,60,572,22.37
2008,1,5,17,30,22,65,709,1021,1021,65,709,18.45
2008,1,5,18,30,23,67,783,1044,1044,67,783,16.64
2008,1,5,19,30,23.6,66,780,1045,1045,66,780,15.41
2008,1,5,20,30,23.700000000000003,63,705,1028,1028,63,705,14.68
2008,1,5,21,30,23.200000000000003,57,563,987,987,57,563,14.56
2008,1,5,22,30,21.3,49,369,901,901,49,369,16.14
2008,1,5,23,30,18.2,34,147,691,691,34,147,29.990000000000002
2008,1,6,0,30,15.9,0,0,0,0,0,0,28.830000000000002
2008,1,6,1,30,14.3,0,0,0,0,0,0,31.11
2008,1,6,2,30,12.600000000000001,0,0,0,0,0,0,34.85
2008,1,6,3,30,11.200000000000001,0,0,0,0,0,0,38.38
2008,1,6,4,30,9.8,0,0,0,0,0,0,42.5
2008,1,6,5,30,8.700000000000001,0,0,0,0,0,0,46.76
2008,1,6,6,30,7.9,0,0,0,0,0,0,50.7
2008,1,6,7,30,7.300000000000001,0,0,0,0,0,0,54.300000000000004
2008,1,6,8,30,6.9,0,0,0,0,0,0,57.33
2008,1,6,9,30,6.4,0,0,0,0,0,0,60.33
2008,1,6,10,30,6.1000000000000005,0,0,0,0,0,0,61.82
2008,1,6,11,30,5.7,0,0,0,0,0,0,63.32
2008,1,6,12,30,5.5,0,0,0,0,0,0,63.75
2008,1,6,13,30,7.800000000000001,0,0,0,0,0,0,54.33
2008,1,6,14,30,12.3,38,161,694,694,38,161,41.62
2008,1,6,15,30,16.900000000000002,54,383,894,894,54,383,31
2008,1,6,16,30,20.3,63,579,987,987,63,579,22.490000000000002
2008,1,6,17,30,21.900000000000002,68,718,1029,1029,68,718,19.43
2008,1,6,18,30,22.8,71,789,1046,1046,71,789,16.95
2008,1,6,19,30,23.3,70,787,1046,1046,70,787,14.92
2008,1,6,20,30,23.200000000000003,66,712,1030,1030,66,712,13.76
2008,1,6,21,30,22.5,61,574,996,996,61,574,13.540000000000001
2008,1,6,22,30,20.3,51,378,913,913,51,378,14.91
2008,1,6,23,30,15.8,35,152,709,709,35,152,24.73
2008,1,7,0,30,12.200000000000001,0,0,0,0,0,0,33.94
2008,1,7,1,30,10.9,0,0,0,0,0,0,35.800000000000004
2008,1,7,2,30,9.8,0,0,0,0,0,0,37.64
2008,1,7,3,30,9,0,0,0,0,0,0,39.14
2008,1,7,4,30,8.1,0,0,0,0,0,0,41.6
2008,1,7,5,30,7.4,0,0,0,0,0,0,44.24
2008,1,7,6,30,6.7,0,0,0,0,0,0,47.52
2008,1,7,7,30,6.1000000000000005,0,0,0,0,0,0,50.95
2008,1,7,8,30,5.6000000000000005,0,0,0,0,0,0,54.14
2008,1,7,9,30,5.2,0,0,0,0,0,0,56.6
2008,1,7,10,30,4.7,0,0,0,0,0,0,59.36
2008,1,7,11,30,4.4,0,0,0,0,0,0,60.82
2008,1,7,12,30,4.2,0,0,0,0,0,0,60.02
2008,1,7,13,30,6.300000000000001,0,0,0,0,0,0,49.25
2008,1,7,14,30,10.5,34,168,752,752,34,168,35.75
2008,1,7,15,30,15.3,47,394,944,944,47,394,24.66
2008,1,7,16,30,19.3,53,589,1024,1024,53,589,13.120000000000001
2008,1,7,17,30,21.400000000000002,56,729,1063,1063,56,729,10.3
2008,1,7,18,30,22.6,62,802,1076,1076,62,802,9.68
2008,1,7,19,30,23.200000000000003,59,800,1078,1078,59,800,9.58
2008,1,7,20,30,23.1,56,724,1063,1063,56,724,9.870000000000001
2008,1,7,21,30,22.400000000000002,51,581,1025,1025,51,581,10.44
2008,1,7,22,30,20.3,44,384,944,944,44,384,11.99
2008,1,7,23,30,15.9,31,157,752,752,31,157,17.580000000000002
2008,1,8,0,30,12.100000000000001,0,0,0,0,0,0,26.66
2008,1,8,1,30,10.5,0,0,0,0,0,0,29.900000000000002
2008,1,8,2,30,9.1,0,0,0,0,0,0,33.24
2008,1,8,3,30,8,0,0,0,0,0,0,36.51
2008,1,8,4,30,6.9,0,0,0,0,0,0,40.9
2008,1,8,5,30,5.9,0,0,0,0,0,0,45.77
2008,1,8,6,30,5.2,0,0,0,0,0,0,48.9
2008,1,8,7,30,4.6000000000000005,0,0,0,0,0,0,49.11
2008,1,8,8,30,4.2,0,0,0,0,0,0,46.46
2008,1,8,9,30,3.9000000000000004,0,0,0,0,0,0,42.5
2008,1,8,10,30,3.6,0,0,0,0,0,0,38.97
2008,1,8,11,30,3.3000000000000003,0,0,0,0,0,0,36.410000000000004
2008,1,8,12,30,3.2,0,0,0,0,0,0,34.09
2008,1,8,13,30,5.4,0,0,0,0,0,0,27.53
2008,1,8,14,30,10,29,172,805,102,100,118,20.22
2008,1,8,15,30,14.9,40,402,984,984,40,402,13.49
2008,1,8,16,30,19,46,593,1044,285,309,458,8.81
2008,1,8,17,30,21.3,50,734,1081,358,363,590,6.62
2008,1,8,18,30,22.3,53,808,1095,1095,53,808,6.4
2008,1,8,19,30,22.6,55,808,1094,681,227,696,6.45
2008,1,8,20,30,22.3,53,725,1066,594,213,587,6.63
2008,1,8,21,30,21.5,50,584,1027,539,188,468,7.07
2008,1,8,22,30,19.200000000000003,44,387,947,82,197,227,9.8
2008,1,8,23,30,15.600000000000001,31,160,754,393,74,141,25.67
2008,1,9,0,30,12.700000000000001,0,0,0,0,0,0,26.060000000000002
2008,1,9,1,30,10.5,0,0,0,0,0,0,28.13
2008,1,9,2,30,8.700000000000001,0,0,0,0,0,0,30.580000000000002
2008,1,9,3,30,7.800000000000001,0,0,0,0,0,0,32.71
2008,1,9,4,30,7.7,0,0,0,0,0,0,32.45
2008,1,9,5,30,7.300000000000001,0,0,0,0,0,0,32.4
2008,1,9,6,30,6,0,0,0,0,0,0,34.910000000000004
2008,1,9,7,30,4.7,0,0,0,0,0,0,37.910000000000004
2008,1,9,8,30,3.8000000000000003,0,0,0,0,0,0,38.97
2008,1,9,9,30,3.4000000000000004,0,0,0,0,0,0,40.28
2008,1,9,10,30,3.1,0,0,0,0,0,0,42.96
2008,1,9,11,30,2.9000000000000004,0,0,0,0,0,0,45.42
2008,1,9,12,30,2.9000000000000004,0,0,0,0,0,0,47.300000000000004
2008,1,9,13,30,5.1000000000000005,0,0,0,0,0,0,41.81
2008,1,9,14,30,9.4,33,165,742,44,103,111,33.97
2008,1,9,15,30,14.200000000000001,46,387,925,124,225,270,25.11
2008,1,9,16,30,18.6,54,581,1006,570,189,488,19.28
2008,1,9,17,30,21.1,58,721,1045,716,250,705,16.21
2008,1,9,18,30,22.400000000000002,59,793,1063,522,334,695,15.02
2008,1,9,19,30,23.1,58,788,1057,703,214,700,14.19
2008,1,9,20,30,23.1,56,715,1040,716,247,701,13.97
2008,1,9,21,30,22.3,54,575,997,162,282,366,14.38
2008,1,9,22,30,19.900000000000002,47,381,915,915,47,381,16.38
2008,1,9,23,30,16.1,33,160,726,433,72,147,24.6
2008,1,10,0,30,13.5,0,0,0,0,0,0,31.43
2008,1,10,1,30,12.4,0,0,0,0,0,0,32.95
2008,1,10,2,30,11.5,0,0,0,0,0,0,34.06
2008,1,10,3,30,10.700000000000001,0,0,0,0,0,0,34.96
2008,1,10,4,30,10,0,0,0,0,0,0,35.9
2008,1,10,5,30,9.200000000000001,0,0,0,0,0,0,37.53
2008,1,10,6,30,8.6,0,0,0,0,0,0,38.79
2008,1,10,7,30,7.9,0,0,0,0,0,0,39.93
2008,1,10,8,30,7.2,0,0,0,0,0,0,40.47
2008,1,10,9,30,6.5,0,0,0,0,0,0,40.62
2008,1,10,10,30,5.5,0,0,0,0,0,0,41.050000000000004
2008,1,10,11,30,4.5,0,0,0,0,0,0,40.72
2008,1,10,12,30,4,0,0,0,0,0,0,38.6
2008,1,10,13,30,6.1000000000000005,0,0,0,0,0,0,31.52
2008,1,10,14,30,10.3,33,167,759,5,89,90,23.91
2008,1,10,15,30,14.9,46,395,948,78,231,260,13.82
2008,1,10,16,30,18.6,53,592,1027,569,195,494,7.51
2008,1,10,17,30,20.6,57,728,1056,349,360,581,5.43
2008,1,10,18,30,21.700000000000003,61,802,1070,597,258,672,5.12
2008,1,10,19,30,22.3,61,802,1070,1070,61,802,5.1000000000000005
2008,1,10,20,30,22.3,59,728,1054,1054,59,728,5.2700000000000005
2008,1,10,21,30,21.900000000000002,54,587,1015,1015,54,587,5.58
2008,1,10,22,30,19.900000000000002,47,391,934,934,47,391,6.68
2008,1,10,23,30,16.7,33,164,742,742,33,164,19.37
2008,1,11,0,30,14.4,0,0,0,0,0,0,17.69
2008,1,11,1,30,13.100000000000001,0,0,0,0,0,0,17.41
2008,1,11,2,30,12.200000000000001,0,0,0,0,0,0,18.240000000000002
2008,1,11,3,30,11.600000000000001,0,0,0,0,0,0,17.75
2008,1,11,4,30,10.5,0,0,0,0,0,0,18.64
2008,1,11,5,30,9.4,0,0,0,0,0,0,21.150000000000002
2008,1,11,6,30,8.4,0,0,0,0,0,0,22.85
2008,1,11,7,30,7.300000000000001,0,0,0,0,0,0,24.64
2008,1,11,8,30,6.300000000000001,0,0,0,0,0,0,27.72
2008,1,11,9,30,5.5,0,0,0,0,0,0,30.3
2008,1,11,10,30,4.7,0,0,0,0,0,0,32.660000000000004
2008,1,11,11,30,4,0,0,0,0,0,0,35.36
2008,1,11,12,30,3.5,0,0,0,0,0,0,37.160000000000004
2008,1,11,13,30,5.5,0,0,0,0,0,0,32.59
2008,1,11,14,30,10.200000000000001,30,166,767,29,102,107,28.21
2008,1,11,15,30,15.100000000000001,41,393,955,955,41,393,17.16
2008,1,11,16,30,19,47,596,1044,1044,47,596,10.17
2008,1,11,17,30,21.3,49,738,1082,1082,49,738,6.98
2008,1,11,18,30,22.700000000000003,51,813,1098,1098,51,813,6.09
2008,1,11,19,30,23.3,51,814,1098,1098,51,814,6.05
2008,1,11,20,30,23.400000000000002,49,740,1083,1083,49,740,6.38
2008,1,11,21,30,22.700000000000003,47,598,1045,1045,47,598,6.9
2008,1,11,22,30,20.200000000000003,40,400,972,972,40,400,8.2
2008,1,11,23,30,15.200000000000001,29,171,791,791,29,171,17.42
2008,1,12,0,30,11.4,0,0,0,0,0,0,24.46
2008,1,12,1,30,10,0,0,0,0,0,0,25.19
2008,1,12,2,30,8.9,0,0,0,0,0,0,25.810000000000002
2008,1,12,3,30,7.9,0,0,0,0,0,0,26.82
2008,1,12,4,30,7,0,0,0,0,0,0,28.900000000000002
2008,1,12,5,30,6.1000000000000005,0,0,0,0,0,0,32.05
2008,1,12,6,30,5.2,0,0,0,0,0,0,35.94
2008,1,12,7,30,4.5,0,0,0,0,0,0,39.07
2008,1,12,8,30,3.7,0,0,0,0,0,0,41.19
2008,1,12,9,30,3,0,0,0,0,0,0,41.68
2008,1,12,10,30,2.5,0,0,0,0,0,0,40.65
2008,1,12,11,30,2,0,0,0,0,0,0,39.19
2008,1,12,12,30,1.9000000000000001,0,0,0,0,0,0,36.4
2008,1,12,13,30,4.2,0,0,0,0,0,0,28.93
2008,1,12,14,30,8.8,30,172,802,802,30,172,25.17
2008,1,12,15,30,13.600000000000001,43,405,982,982,43,405,13.86
2008,1,12,16,30,17.400000000000002,49,606,1058,1058,49,606,9.870000000000001
2008,1,12,17,30,19.400000000000002,53,752,1095,1095,53,752,7.86
2008,1,12,18,30,20.400000000000002,59,830,1107,1107,59,830,7.58
2008,1,12,19,30,20.8,60,821,1092,1092,60,821,7.65
2008,1,12,20,30,20.700000000000003,58,747,1076,1076,58,747,7.930000000000001
2008,1,12,21,30,20.1,54,604,1039,1039,54,604,8.46
2008,1,12,22,30,18,47,406,961,961,47,406,10.07
2008,1,12,23,30,13.600000000000001,34,175,777,777,34,175,19.26
2008,1,13,0,30,10,0,0,0,0,0,0,26.19
2008,1,13,1,30,8.5,0,0,0,0,0,0,26.740000000000002
2008,1,13,2,30,6.9,0,0,0,0,0,0,29.88
2008,1,13,3,30,5.5,0,0,0,0,0,0,33.83
2008,1,13,4,30,4.5,0,0,0,0,0,0,37.46
2008,1,13,5,30,3.9000000000000004,0,0,0,0,0,0,39.31
2008,1,13,6,30,3.2,0,0,0,0,0,0,40.4
2008,1,13,7,30,2.3000000000000003,0,0,0,0,0,0,41.800000000000004
2008,1,13,8,30,1.5,0,0,0,0,0,0,42.97
2008,1,13,9,30,0.9,0,0,0,0,0,0,44.57
2008,1,13,10,30,0.5,0,0,0,0,0,0,49.08
2008,1,13,11,30,0.4,0,0,0,0,0,0,61.59
2008,1,13,12,30,0.4,0,0,0,0,0,0,79.11
2008,1,13,13,30,2.3000000000000003,0,0,0,0,0,0,82.23
2008,1,13,14,30,6.2,39,168,724,121,102,124,67.66
2008,1,13,15,30,10.700000000000001,54,401,938,938,54,401,49.72
2008,1,13,16,30,15.5,60,596,1015,1015,60,596,32.94
2008,1,13,17,30,19.200000000000003,63,740,1058,736,196,667,17.67
2008,1,13,18,30,21.1,64,816,1076,701,221,710,12.57
2008,1,13,19,30,22,63,817,1078,1078,63,817,10.82
2008,1,13,20,30,22.3,61,743,1062,1062,61,743,10.19
2008,1,13,21,30,21.8,54,601,1027,777,156,570,10.47
2008,1,13,22,30,19.700000000000003,47,400,939,575,128,344,12.19
2008,1,13,23,30,15.100000000000001,34,173,752,752,34,173,21.68
2008,1,14,0,30,11.5,0,0,0,0,0,0,30.150000000000002
2008,1,14,1,30,10.5,0,0,0,0,0,0,32.03
2008,1,14,2,30,9.8,0,0,0,0,0,0,34.12
2008,1,14,3,30,9.200000000000001,0,0,0,0,0,0,35.94
2008,1,14,4,30,8.700000000000001,0,0,0,0,0,0,37.58
2008,1,14,5,30,8.3,0,0,0,0,0,0,39.4
2008,1,14,6,30,8,0,0,0,0,0,0,40.74
2008,1,14,7,30,7.6000000000000005,0,0,0,0,0,0,41.39
2008,1,14,8,30,7.2,0,0,0,0,0,0,41.22
2008,1,14,9,30,6.7,0,0,0,0,0,0,41.32
2008,1,14,10,30,6.4,0,0,0,0,0,0,41.1
2008,1,14,11,30,6.4,0,0,0,0,0,0,40.480000000000004
2008,1,14,12,30,6.4,0,0,0,0,0,0,40.39
2008,1,14,13,30,7.6000000000000005,0,0,0,0,0,0,37.56
2008,1,14,14,30,10,38,162,702,6,63,64,32.1
2008,1,14,15,30,13.200000000000001,54,387,897,25,156,166,26.39
2008,1,14,16,30,16.1,65,583,980,1,87,87,17.81
2008,1,14,17,30,17.8,72,722,1014,0,67,67,15.790000000000001
2008,1,14,18,30,18.7,74,797,1033,444,312,623,16.81
2008,1,14,19,30,19.1,74,796,1029,60,347,390,17.22
2008,1,14,20,30,19.1,72,724,1010,219,309,450,17.29
2008,1,14,21,30,18.400000000000002,66,585,968,40,246,267,17.95
2008,1,14,22,30,16.8,57,392,882,10,117,121,20.28
2008,1,14,23,30,14.200000000000001,41,168,678,1,41,42,27.150000000000002
2008,1,15,0,30,12.4,0,0,0,0,0,0,33.21
2008,1,15,1,30,11.700000000000001,0,0,0,0,0,0,34.52
2008,1,15,2,30,11.100000000000001,0,0,0,0,0,0,35.25
2008,1,15,3,30,10.4,0,0,0,0,0,0,36.21
2008,1,15,4,30,9.600000000000001,0,0,0,0,0,0,37.660000000000004
2008,1,15,5,30,8.9,0,0,0,0,0,0,39.4
2008,1,15,6,30,8.200000000000001,0,0,0,0,0,0,41.550000000000004
2008,1,15,7,30,7.6000000000000005,0,0,0,0,0,0,43.89
2008,1,15,8,30,7.1000000000000005,0,0,0,0,0,0,46.03
2008,1,15,9,30,6.9,0,0,0,0,0,0,47.27
2008,1,15,10,30,6.800000000000001,0,0,0,0,0,0,48.5
2008,1,15,11,30,6.6000000000000005,0,0,0,0,0,0,50.620000000000005
2008,1,15,12,30,6.6000000000000005,0,0,0,0,0,0,52.29
2008,1,15,13,30,7.300000000000001,0,0,0,0,0,0,51.6
2008,1,15,14,30,9.5,38,159,683,3,53,53,46.38
2008,1,15,15,30,12.3,53,383,891,20,146,153,40.47
2008,1,15,16,30,14.700000000000001,61,579,978,0,11,11,30.92
2008,1,15,17,30,16.400000000000002,66,722,1021,147,322,417,26.04
2008,1,15,18,30,17.5,68,798,1039,611,244,673,24.35
2008,1,15,19,30,18.1,67,800,1042,796,184,744,24.04
2008,1,15,20,30,17.8,65,726,1020,1020,65,726,25.42
2008,1,15,21,30,16.8,59,588,982,982,59,588,28.240000000000002
2008,1,15,22,30,15,51,398,908,908,51,398,33.35
2008,1,15,23,30,12.5,37,173,718,718,37,173,41
2008,1,16,0,30,10.200000000000001,0,0,0,0,0,0,49.59
2008,1,16,1,30,8.5,0,0,0,0,0,0,56.980000000000004
2008,1,16,2,30,7,0,0,0,0,0,0,62.81
2008,1,16,3,30,5.300000000000001,0,0,0,0,0,0,67.39
2008,1,16,4,30,3.7,0,0,0,0,0,0,69.49
2008,1,16,5,30,2.3000000000000003,0,0,0,0,0,0,70.16
2008,1,16,6,30,1,0,0,0,0,0,0,72.49
2008,1,16,7,30,0,0,0,0,0,0,0,74.91
2008,1,16,8,30,-0.8,0,0,0,0,0,0,76.92
2008,1,16,9,30,-1.5,0,0,0,0,0,0,78.05
2008,1,16,10,30,-2.1,0,0,0,0,0,0,77.09
2008,1,16,11,30,-2.6,0,0,0,0,0,0,73.60000000000001
2008,1,16,12,30,-2.8000000000000003,0,0,0,0,0,0,66.14
2008,1,16,13,30,-0.7000000000000001,0,0,0,0,0,0,48.95
2008,1,16,14,30,3.6,32,174,793,57,107,117,32.47
2008,1,16,15,30,8.4,45,409,979,979,45,409,20.06
2008,1,16,16,30,12.600000000000001,54,614,1055,1055,54,614,9.85
2008,1,16,17,30,15.200000000000001,61,763,1089,1089,61,763,7.5600000000000005
2008,1,16,18,30,17.1,64,831,1089,1089,64,831,6.28
2008,1,16,19,30,18.5,62,833,1092,1092,62,833,5.72
2008,1,16,20,30,19.200000000000003,56,759,1081,1081,56,759,5.7
2008,1,16,21,30,19,52,618,1045,203,344,454,6.07
2008,1,16,22,30,16.900000000000002,46,419,971,553,144,357,7.22
2008,1,16,23,30,12.4,34,188,794,332,91,155,16.080000000000002
2008,1,17,0,30,9.1,0,0,0,0,0,0,22.400000000000002
2008,1,17,1,30,8.1,0,0,0,0,0,0,22.150000000000002
2008,1,17,2,30,7.300000000000001,0,0,0,0,0,0,22.26
2008,1,17,3,30,6.5,0,0,0,0,0,0,23.27
2008,1,17,4,30,5.800000000000001,0,0,0,0,0,0,24.98
2008,1,17,5,30,5.2,0,0,0,0,0,0,26.7
2008,1,17,6,30,4.2,0,0,0,0,0,0,28.62
2008,1,17,7,30,3.2,0,0,0,0,0,0,29.98
2008,1,17,8,30,2.5,0,0,0,0,0,0,30.67
2008,1,17,9,30,2.2,0,0,0,0,0,0,30.900000000000002
2008,1,17,10,30,2.2,0,0,0,0,0,0,32.15
2008,1,17,11,30,2.1,0,0,0,0,0,0,35.79
2008,1,17,12,30,1.9000000000000001,0,0,0,0,0,0,41.29
2008,1,17,13,30,3.7,0,0,0,0,0,0,40.96
2008,1,17,14,30,7.4,34,171,771,27,92,97,35.44
2008,1,17,15,30,11.5,47,405,960,24,169,178,28.18
2008,1,17,16,30,15.100000000000001,53,607,1040,303,255,416,16.93
2008,1,17,17,30,17.6,55,753,1081,52,305,338,10.81
2008,1,17,18,30,19,57,832,1097,655,239,703,8.65
2008,1,17,19,30,19.6,57,835,1098,775,208,757,8.040000000000001
2008,1,17,20,30,19.400000000000002,56,756,1071,762,252,750,8.17
2008,1,17,21,30,18.6,51,615,1037,671,174,539,8.75
2008,1,17,22,30,16.900000000000002,43,418,965,965,43,418,9.88
2008,1,17,23,30,13.5,32,188,795,795,32,188,13.4
2008,1,18,0,30,10.100000000000001,0,0,0,0,0,0,21.830000000000002
2008,1,18,1,30,8.200000000000001,0,0,0,0,0,0,25.89
2008,1,18,2,30,6.800000000000001,0,0,0,0,0,0,28.77
2008,1,18,3,30,5.9,0,0,0,0,0,0,30.52
2008,1,18,4,30,5.2,0,0,0,0,0,0,32.480000000000004
2008,1,18,5,30,4.5,0,0,0,0,0,0,34.980000000000004
2008,1,18,6,30,3.8000000000000003,0,0,0,0,0,0,38.65
2008,1,18,7,30,3.5,0,0,0,0,0,0,43.06
2008,1,18,8,30,3.5,0,0,0,0,0,0,47.49
2008,1,18,9,30,3.7,0,0,0,0,0,0,51.57
2008,1,18,10,30,3.8000000000000003,0,0,0,0,0,0,55.980000000000004
2008,1,18,11,30,3.9000000000000004,0,0,0,0,0,0,59.910000000000004
2008,1,18,12,30,4.2,0,0,0,0,0,0,62.34
2008,1,18,13,30,5.300000000000001,0,0,0,0,0,0,60.94
2008,1,18,14,30,7.7,36,162,704,49,95,104,54.42
2008,1,18,15,30,10.5,52,387,897,640,122,361,46.2
2008,1,18,16,30,12.9,60,584,981,660,171,524,35.31
2008,1,18,17,30,14.9,64,728,1025,615,226,625,23.06
2008,1,18,18,30,16,63,808,1053,1053,63,808,18.62
2008,1,18,19,30,16.5,60,820,1068,1068,60,820,18.16
2008,1,18,20,30,16.400000000000002,57,754,1061,1061,57,754,17.46
2008,1,18,21,30,15.700000000000001,52,618,1035,1035,52,618,17.22
2008,1,18,22,30,14.3,45,421,964,964,45,421,17.94
2008,1,18,23,30,11.700000000000001,33,194,808,808,33,194,21.05
2008,1,19,0,30,8.8,0,0,0,0,0,0,27.2
2008,1,19,1,30,6.1000000000000005,0,0,0,0,0,0,35.37
2008,1,19,2,30,4,0,0,0,0,0,0,42.980000000000004
2008,1,19,3,30,2.7,0,0,0,0,0,0,46.4
2008,1,19,4,30,1.6,0,0,0,0,0,0,48.08
2008,1,19,5,30,0.9,0,0,0,0,0,0,47.88
2008,1,19,6,30,0.7000000000000001,0,0,0,0,0,0,46.230000000000004
2008,1,19,7,30,0.7000000000000001,0,0,0,0,0,0,44.53
2008,1,19,8,30,0.6000000000000001,0,0,0,0,0,0,43.63
2008,1,19,9,30,0.5,0,0,0,0,0,0,42.09
2008,1,19,10,30,0.8,0,0,0,0,0,0,39.63
2008,1,19,11,30,1,0,0,0,0,0,0,38.9
2008,1,19,12,30,0.6000000000000001,0,0,0,0,0,0,39.62
2008,1,19,13,30,1.3,0,0,0,0,0,0,37.800000000000004
2008,1,19,14,30,4.2,33,176,794,77,102,116,34.08
2008,1,19,15,30,7.7,46,413,979,407,191,344,26.57
2008,1,19,16,30,11,53,618,1056,1056,53,618,21.02
2008,1,19,17,30,14.3,57,768,1094,712,218,681,14.91
2008,1,19,18,30,16.900000000000002,63,850,1107,708,245,748,9.47
2008,1,19,19,30,18.1,63,854,1108,1108,63,854,7.28
2008,1,19,20,30,18.7,60,781,1095,1095,60,781,6.49
2008,1,19,21,30,18.5,54,638,1061,1061,54,638,6.2700000000000005
2008,1,19,22,30,17,47,437,990,990,47,437,6.95
2008,1,19,23,30,13.5,34,201,825,520,76,181,16.44
2008,1,20,0,30,9.600000000000001,0,0,0,0,0,0,20.12
2008,1,20,1,30,6.7,0,0,0,0,0,0,26.060000000000002
2008,1,20,2,30,4.5,0,0,0,0,0,0,31.240000000000002
2008,1,20,3,30,3.1,0,0,0,0,0,0,34.82
2008,1,20,4,30,1.9000000000000001,0,0,0,0,0,0,38.43
2008,1,20,5,30,0.7000000000000001,0,0,0,0,0,0,44.35
2008,1,20,6,30,-0.1,0,0,0,0,0,0,50.84
2008,1,20,7,30,-0.7000000000000001,0,0,0,0,0,0,57.92
2008,1,20,8,30,-1.2000000000000002,0,0,0,0,0,0,64.77
2008,1,20,9,30,-1.5,0,0,0,0,0,0,68.75
2008,1,20,10,30,-1.7000000000000002,0,0,0,0,0,0,71.17
2008,1,20,11,30,-1.8,0,0,0,0,0,0,72.08
2008,1,20,12,30,-1.7000000000000002,0,0,0,0,0,0,72.03
2008,1,20,13,30,0.8,0,0,0,0,0,0,62.27
2008,1,20,14,30,5.2,34,168,744,744,34,168,50.13
2008,1,20,15,30,10.5,48,397,928,928,48,397,37.39
2008,1,20,16,30,15.600000000000001,56,597,1009,1009,56,597,26.16
2008,1,20,17,30,18.5,60,739,1042,1042,60,739,19.650000000000002
2008,1,20,18,30,20,62,818,1059,1059,62,818,17.080000000000002
2008,1,20,19,30,20.6,60,822,1063,1063,60,822,15.46
2008,1,20,20,30,20.700000000000003,57,756,1055,1055,57,756,14.31
2008,1,20,21,30,20,52,617,1021,1021,52,617,13.93
2008,1,20,22,30,18.2,44,421,950,950,44,421,14.780000000000001
2008,1,20,23,30,13.8,32,193,785,785,32,193,21.05
2008,1,21,0,30,10,0,0,0,0,0,0,31.57
2008,1,21,1,30,9.1,0,0,0,0,0,0,33.24
2008,1,21,2,30,8.4,0,0,0,0,0,0,34.72
2008,1,21,3,30,7.5,0,0,0,0,0,0,36.51
2008,1,21,4,30,6.7,0,0,0,0,0,0,38.1
2008,1,21,5,30,6.300000000000001,0,0,0,0,0,0,39.74
2008,1,21,6,30,5.9,0,0,0,0,0,0,41.95
2008,1,21,7,30,5.2,0,0,0,0,0,0,44.97
2008,1,21,8,30,4.6000000000000005,0,0,0,0,0,0,48.300000000000004
2008,1,21,9,30,4.4,0,0,0,0,0,0,51.120000000000005
2008,1,21,10,30,4.6000000000000005,0,0,0,0,0,0,53.51
2008,1,21,11,30,4.5,0,0,0,0,0,0,56.4
2008,1,21,12,30,4.7,0,0,0,0,0,0,57.4
2008,1,21,13,30,6.9,0,0,0,0,0,0,50.26
2008,1,21,14,30,10.8,32,165,732,68,98,111,40.18
2008,1,21,15,30,14.700000000000001,46,393,920,920,46,393,32.07
2008,1,21,16,30,17.400000000000002,54,590,994,325,258,433,26.73
2008,1,21,17,30,18.7,59,735,1034,358,328,563,24.22
2008,1,21,18,30,19.8,66,811,1042,294,374,585,22.62
2008,1,21,19,30,20.700000000000003,61,815,1047,362,336,596,21.11
2008,1,21,20,30,21,58,745,1034,1034,58,745,20.17
2008,1,21,21,30,20.5,54,606,993,435,221,463,20.39
2008,1,21,22,30,19,46,414,921,921,46,414,22.46
2008,1,21,23,30,15.3,34,189,749,749,34,189,32.14
2008,1,22,0,30,12.100000000000001,0,0,0,0,0,0,41.79
2008,1,22,1,30,10.8,0,0,0,0,0,0,44.03
2008,1,22,2,30,9.8,0,0,0,0,0,0,46.51
2008,1,22,3,30,8.700000000000001,0,0,0,0,0,0,50.120000000000005
2008,1,22,4,30,7.800000000000001,0,0,0,0,0,0,54.13
2008,1,22,5,30,7.2,0,0,0,0,0,0,57.93
2008,1,22,6,30,6.7,0,0,0,0,0,0,61.56
2008,1,22,7,30,6.2,0,0,0,0,0,0,64.85
2008,1,22,8,30,5.9,0,0,0,0,0,0,66.6
2008,1,22,9,30,5.800000000000001,0,0,0,0,0,0,66.66
2008,1,22,10,30,5.7,0,0,0,0,0,0,66.11
2008,1,22,11,30,5.5,0,0,0,0,0,0,65.55
2008,1,22,12,30,5.4,0,0,0,0,0,0,63.89
2008,1,22,13,30,7.800000000000001,0,0,0,0,0,0,52.29
2008,1,22,14,30,12.200000000000001,30,161,721,81,97,111,39.87
2008,1,22,15,30,16.5,43,386,907,35,164,177,29.3
2008,1,22,16,30,19.3,52,582,980,210,275,388,22.73
2008,1,22,17,30,19.700000000000003,60,725,1013,488,267,587,21.95
2008,1,22,18,30,19.5,65,803,1028,688,218,713,22.740000000000002
2008,1,22,19,30,20,63,808,1031,563,264,670,22.78
2008,1,22,20,30,20.400000000000002,61,738,1013,1013,61,738,22.88
2008,1,22,21,30,19.900000000000002,56,602,977,977,56,602,24.39
2008,1,22,22,30,18.2,50,413,901,499,149,351,28.36
2008,1,22,23,30,15.600000000000001,37,190,726,602,21,147,41.27
2008,1,23,0,30,13.9,0,0,0,0,0,0,45.28
2008,1,23,1,30,13.200000000000001,0,0,0,0,0,0,46.230000000000004
2008,1,23,2,30,12.700000000000001,0,0,0,0,0,0,46.49
2008,1,23,3,30,11.9,0,0,0,0,0,0,47.97
2008,1,23,4,30,10.9,0,0,0,0,0,0,50.31
2008,1,23,5,30,9.700000000000001,0,0,0,0,0,0,53.39
2008,1,23,6,30,8.6,0,0,0,0,0,0,57.24
2008,1,23,7,30,7.6000000000000005,0,0,0,0,0,0,61.36
2008,1,23,8,30,6.9,0,0,0,0,0,0,64.17
2008,1,23,9,30,7,0,0,0,0,0,0,62.7
2008,1,23,10,30,7.7,0,0,0,0,0,0,58.01
2008,1,23,11,30,8.1,0,0,0,0,0,0,54.29
2008,1,23,12,30,8.1,0,0,0,0,0,0,52.300000000000004
2008,1,23,13,30,9.4,0,0,0,0,0,0,46.800000000000004
2008,1,23,14,30,12.4,33,163,709,106,97,116,40.51
2008,1,23,15,30,16.3,47,388,897,897,47,388,30.970000000000002
2008,1,23,16,30,19.900000000000002,54,587,982,982,54,587,24.89
2008,1,23,17,30,22.3,58,732,1022,1022,58,732,20.61
2008,1,23,18,30,23.900000000000002,66,811,1035,1035,66,811,17.78
2008,1,23,19,30,24.700000000000003,64,819,1042,1042,64,819,16.17
2008,1,23,20,30,25,61,751,1028,0,212,213,15.26
2008,1,23,21,30,24.6,55,614,994,433,225,468,15.25
2008,1,23,22,30,22.8,48,422,922,922,48,422,16.8
2008,1,23,23,30,18.6,36,197,757,757,36,197,25.02
2008,1,24,0,30,15.100000000000001,0,0,0,0,0,0,34.77
2008,1,24,1,30,14.200000000000001,0,0,0,0,0,0,36.5
2008,1,24,2,30,13.3,0,0,0,0,0,0,38.95
2008,1,24,3,30,12.700000000000001,0,0,0,0,0,0,41
2008,1,24,4,30,12.100000000000001,0,0,0,0,0,0,43.33
2008,1,24,5,30,10.9,0,0,0,0,0,0,46.85
2008,1,24,6,30,9.5,0,0,0,0,0,0,50.160000000000004
2008,1,24,7,30,8.3,0,0,0,0,0,0,53.74
2008,1,24,8,30,7.5,0,0,0,0,0,0,57.13
2008,1,24,9,30,7.1000000000000005,0,0,0,0,0,0,59.77
2008,1,24,10,30,7.1000000000000005,0,0,0,0,0,0,60.29
2008,1,24,11,30,7.1000000000000005,0,0,0,0,0,0,60.300000000000004
2008,1,24,12,30,7.2,0,0,0,0,0,0,59.4
2008,1,24,13,30,8.6,0,0,0,0,0,0,53.550000000000004
2008,1,24,14,30,11.8,36,164,697,35,93,99,44.2
2008,1,24,15,30,16.1,53,391,887,185,219,289,33.93
2008,1,24,16,30,20,64,587,962,962,64,587,25.560000000000002
2008,1,24,17,30,22.5,71,733,1001,472,322,634,20.79
2008,1,24,18,30,24.1,74,809,1017,1017,74,809,19.36
2008,1,24,19,30,24.900000000000002,75,815,1016,561,243,651,19.11
2008,1,24,20,30,24.8,74,746,998,696,262,732,19.69
2008,1,24,21,30,24.1,72,607,946,946,72,607,20.72
2008,1,24,22,30,22.5,64,417,864,864,64,417,22.61
2008,1,24,23,30,19,46,194,683,683,46,194,29.82
2008,1,25,0,30,16.1,0,0,0,0,0,0,38.730000000000004
2008,1,25,1,30,15.200000000000001,0,0,0,0,0,0,39.39
2008,1,25,2,30,14.5,0,0,0,0,0,0,39.58
2008,1,25,3,30,13.700000000000001,0,0,0,0,0,0,40.54
2008,1,25,4,30,12.5,0,0,0,0,0,0,43.25
2008,1,25,5,30,11.600000000000001,0,0,0,0,0,0,44.78
2008,1,25,6,30,11.5,0,0,0,0,0,0,44.12
2008,1,25,7,30,11.200000000000001,0,0,0,0,0,0,46.12
2008,1,25,8,30,10.5,0,0,0,0,0,0,50.300000000000004
2008,1,25,9,30,9.9,0,0,0,0,0,0,54.06
2008,1,25,10,30,9.5,0,0,0,0,0,0,58.76
2008,1,25,11,30,9.1,0,0,0,0,0,0,64.18
2008,1,25,12,30,8.8,0,0,0,0,0,0,68.22
2008,1,25,13,30,10.100000000000001,0,0,0,0,0,0,64.35
2008,1,25,14,30,12.700000000000001,42,164,655,98,101,119,56.56
2008,1,25,15,30,16.2,59,392,868,330,182,308,44.45
2008,1,25,16,30,20.1,69,593,959,630,171,516,26.97
2008,1,25,17,30,22.700000000000003,74,740,1004,1004,74,740,18.81
2008,1,25,18,30,24.200000000000003,74,820,1027,1027,74,820,17.25
2008,1,25,19,30,24.900000000000002,74,827,1029,1029,74,827,16.330000000000002
2008,1,25,20,30,24.5,73,758,1011,680,216,676,16.330000000000002
2008,1,25,21,30,23.3,69,621,971,607,182,527,17.13
2008,1,25,22,30,21.6,59,428,896,36,237,252,21.61
2008,1,25,23,30,19.700000000000003,42,202,732,449,88,186,30.94
2008,1,26,0,30,17.7,0,0,0,0,0,0,29.28
2008,1,26,1,30,15.600000000000001,0,0,0,0,0,0,31.55
2008,1,26,2,30,13.700000000000001,0,0,0,0,0,0,35.92
2008,1,26,3,30,12.100000000000001,0,0,0,0,0,0,39.35
2008,1,26,4,30,11,0,0,0,0,0,0,42.24
2008,1,26,5,30,10.5,0,0,0,0,0,0,43.72
2008,1,26,6,30,10.200000000000001,0,0,0,0,0,0,45.12
2008,1,26,7,30,10.100000000000001,0,0,0,0,0,0,46.44
2008,1,26,8,30,9.8,0,0,0,0,0,0,48.5
2008,1,26,9,30,9.1,0,0,0,0,0,0,52.42
2008,1,26,10,30,7.800000000000001,0,0,0,0,0,0,58.42
2008,1,26,11,30,6.5,0,0,0,0,0,0,64.23
2008,1,26,12,30,6.2,0,0,0,0,0,0,66.06
2008,1,26,13,30,8.200000000000001,0,0,0,0,0,0,58.72
2008,1,26,14,30,11.9,41,165,664,44,97,105,47.83
2008,1,26,15,30,15.5,59,393,868,559,128,344,39.36
2008,1,26,16,30,18.3,68,593,957,593,193,518,32.14
2008,1,26,17,30,20.6,74,741,1002,666,271,715,26.85
2008,1,26,18,30,22.200000000000003,82,822,1016,660,215,697,23.13
2008,1,26,19,30,22.8,82,829,1018,500,281,648,21.76
2008,1,26,20,30,23,79,761,1001,241,361,525,21.06
2008,1,26,21,30,22.5,74,623,961,182,293,397,21.13
2008,1,26,22,30,21,64,430,880,215,213,302,22.78
2008,1,26,23,30,17.900000000000002,48,203,698,110,115,139,30.51
2008,1,27,0,30,15.4,0,0,0,0,0,0,38.25
2008,1,27,1,30,14.4,0,0,0,0,0,0,39.31
2008,1,27,2,30,13.5,0,0,0,0,0,0,41.29
2008,1,27,3,30,12.5,0,0,0,0,0,0,44.94
2008,1,27,4,30,11.4,0,0,0,0,0,0,49.69
2008,1,27,5,30,10.700000000000001,0,0,0,0,0,0,52.79
2008,1,27,6,30,10.200000000000001,0,0,0,0,0,0,55.480000000000004
2008,1,27,7,30,9.3,0,0,0,0,0,0,59.69
2008,1,27,8,30,8.4,0,0,0,0,0,0,65.19
2008,1,27,9,30,7.800000000000001,0,0,0,0,0,0,72.52
2008,1,27,10,30,7.2,0,0,0,0,0,0,81.2
2008,1,27,11,30,6.7,0,0,0,0,0,0,89.9
2008,1,27,12,30,6.4,0,0,0,0,0,0,97.09
2008,1,27,13,30,8.1,0,0,0,0,0,0,89.21000000000001
2008,1,27,14,30,11.700000000000001,44,164,637,25,106,110,70.01
2008,1,27,15,30,16,62,395,861,538,139,347,50.59
2008,1,27,16,30,20.1,69,600,964,964,69,600,33.79
2008,1,27,17,30,22.6,72,753,1018,715,262,740,23.61
2008,1,27,18,30,23.8,72,838,1046,1046,72,838,18.64
2008,1,27,19,30,24.3,70,845,1051,1051,70,845,15.280000000000001
2008,1,27,20,30,24.400000000000002,68,780,1043,1043,68,780,13.4
2008,1,27,21,30,23.900000000000002,62,642,1010,1010,62,642,12.94
2008,1,27,22,30,22.3,53,443,932,932,53,443,13.950000000000001
2008,1,27,23,30,18.3,40,214,770,770,40,214,23.98
2008,1,28,0,30,14.8,0,0,0,0,0,0,31.94
2008,1,28,1,30,13.4,0,0,0,0,0,0,33.160000000000004
2008,1,28,2,30,12.4,0,0,0,0,0,0,36.44
2008,1,28,3,30,11.4,0,0,0,0,0,0,42.11
2008,1,28,4,30,10.9,0,0,0,0,0,0,47.06
2008,1,28,5,30,10.5,0,0,0,0,0,0,51.21
2008,1,28,6,30,10,0,0,0,0,0,0,55.06
2008,1,28,7,30,9.5,0,0,0,0,0,0,59.120000000000005
2008,1,28,8,30,9.1,0,0,0,0,0,0,63.34
2008,1,28,9,30,8.9,0,0,0,0,0,0,66.76
2008,1,28,10,30,8.700000000000001,0,0,0,0,0,0,69.5
2008,1,28,11,30,8.4,0,0,0,0,0,0,71.88
2008,1,28,12,30,8.3,0,0,0,0,0,0,72.91
2008,1,28,13,30,10.200000000000001,0,0,0,0,0,0,64.37
2008,1,28,14,30,14.100000000000001,44,166,640,20,88,92,50.35
2008,1,28,15,30,18.3,65,394,847,362,186,327,38.95
2008,1,28,16,30,21.400000000000002,78,595,935,381,250,461,32.06
2008,1,28,17,30,23.1,85,743,980,647,218,652,28.2
2008,1,28,18,30,24.3,89,823,1000,691,223,730,25.05
2008,1,28,19,30,25,85,832,1008,1008,85,832,22.73
2008,1,28,20,30,25.200000000000003,79,765,998,998,79,765,21.16
2008,1,28,21,30,24.8,71,629,966,966,71,629,20.62
2008,1,28,22,30,23.400000000000002,61,436,892,381,183,344,21.72
2008,1,28,23,30,19.700000000000003,44,210,727,16,96,100,27.63
2008,1,29,0,30,16.3,0,0,0,0,0,0,36.85
2008,1,29,1,30,15,0,0,0,0,0,0,39.25
2008,1,29,2,30,13.9,0,0,0,0,0,0,42.03
2008,1,29,3,30,12.600000000000001,0,0,0,0,0,0,46.09
2008,1,29,4,30,11.600000000000001,0,0,0,0,0,0,49.84
2008,1,29,5,30,11,0,0,0,0,0,0,52.980000000000004
2008,1,29,6,30,10.700000000000001,0,0,0,0,0,0,56.64
2008,1,29,7,30,10.200000000000001,0,0,0,0,0,0,62.29
2008,1,29,8,30,9.8,0,0,0,0,0,0,67.46000000000001
2008,1,29,9,30,9.5,0,0,0,0,0,0,70.79
2008,1,29,10,30,9.4,0,0,0,0,0,0,70.94
2008,1,29,11,30,9.4,0,0,0,0,0,0,70.12
2008,1,29,12,30,9.4,0,0,0,0,0,0,69.76
2008,1,29,13,30,10.600000000000001,0,0,0,0,0,0,64.69
2008,1,29,14,30,13,40,169,675,83,103,118,55.95
2008,1,29,15,30,15.9,55,398,879,488,138,329,45.32
2008,1,29,16,30,18.900000000000002,59,599,972,584,179,503,35.09
2008,1,29,17,30,21.200000000000003,60,745,1017,246,398,563,29.11
2008,1,29,18,30,22.400000000000002,57,824,1039,766,250,815,26.21
2008,1,29,19,30,22.8,58,831,1041,698,208,727,24.900000000000002
2008,1,29,20,30,22.6,57,765,1026,637,215,655,24.8
2008,1,29,21,30,22,53,630,991,543,208,523,25.59
2008,1,29,22,30,20.6,49,439,919,402,174,345,27.95
2008,1,29,23,30,17.900000000000002,37,214,765,324,103,177,34.83
2008,1,30,0,30,15.200000000000001,0,0,0,0,0,0,44.26
2008,1,30,1,30,13.700000000000001,0,0,0,0,0,0,47.83
2008,1,30,2,30,12.3,0,0,0,0,0,0,50.9
2008,1,30,3,30,11.3,0,0,0,0,0,0,53.300000000000004
2008,1,30,4,30,10.600000000000001,0,0,0,0,0,0,55.730000000000004
2008,1,30,5,30,9.9,0,0,0,0,0,0,59.14
2008,1,30,6,30,9.1,0,0,0,0,0,0,63.36
2008,1,30,7,30,8.4,0,0,0,0,0,0,67.74
2008,1,30,8,30,7.800000000000001,0,0,0,0,0,0,72.38
2008,1,30,9,30,7.300000000000001,0,0,0,0,0,0,77.46000000000001
2008,1,30,10,30,6.7,0,0,0,0,0,0,83.82000000000001
2008,1,30,11,30,6.300000000000001,0,0,0,0,0,0,89.18
2008,1,30,12,30,6.2,0,0,0,0,0,0,92.78
2008,1,30,13,30,8.3,0,0,0,0,0,0,82.28
2008,1,30,14,30,12.5,33,177,742,742,33,177,62.33
2008,1,30,15,30,16.8,43,410,934,934,43,410,35.480000000000004
2008,1,30,16,30,19.900000000000002,49,620,1024,1024,49,620,16.490000000000002
2008,1,30,17,30,22,51,775,1070,1070,51,775,9.98
2008,1,30,18,30,23.200000000000003,58,860,1083,1083,58,860,7.65
2008,1,30,19,30,23.8,55,873,1096,1096,55,873,6.7
2008,1,30,20,30,23.8,51,803,1084,1084,51,803,6.24
2008,1,30,21,30,23,48,663,1052,1052,48,663,6.21
2008,1,30,22,30,21.3,42,465,988,988,42,465,6.75
2008,1,30,23,30,17.400000000000002,33,230,844,844,33,230,9.47
2008,1,31,0,30,13.4,10,17,345,345,10,17,16.580000000000002
2008,1,31,1,30,11.5,0,0,0,0,0,0,20.71
2008,1,31,2,30,10.100000000000001,0,0,0,0,0,0,24.27
2008,1,31,3,30,8.9,0,0,0,0,0,0,28.5
2008,1,31,4,30,7.800000000000001,0,0,0,0,0,0,33.92
2008,1,31,5,30,6.800000000000001,0,0,0,0,0,0,39.88
2008,1,31,6,30,6.1000000000000005,0,0,0,0,0,0,43.86
2008,1,31,7,30,5.5,0,0,0,0,0,0,43.76
2008,1,31,8,30,5,0,0,0,0,0,0,40.72
2008,1,31,9,30,4.5,0,0,0,0,0,0,36.25
2008,1,31,10,30,4,0,0,0,0,0,0,32.33
2008,1,31,11,30,3.4000000000000004,0,0,0,0,0,0,29.78
2008,1,31,12,30,3,0,0,0,0,0,0,27.52
2008,1,31,13,30,5.6000000000000005,0,0,0,0,0,0,21.47
2008,1,31,14,30,10.3,30,196,851,851,30,196,15.26
2008,1,31,15,30,15.200000000000001,41,444,1021,1021,41,444,10.91
2008,1,31,16,30,19.200000000000003,47,659,1092,1092,47,659,4.88
2008,1,31,17,30,21.1,50,816,1127,1127,50,816,3.73
2008,1,31,18,30,22.200000000000003,54,904,1142,1142,54,904,3.56
2008,1,31,19,30,22.700000000000003,54,911,1143,1143,54,911,3.5500000000000003
2008,1,31,20,30,22.6,53,840,1131,1131,53,840,3.66
2008,1,31,21,30,21.900000000000002,49,696,1100,1100,49,696,3.93
2008,1,31,22,30,19.900000000000002,44,491,1038,1038,44,491,4.59
2008,1,31,23,30,15.100000000000001,35,241,871,871,35,241,11.25
2008,2,1,0,30,10.600000000000001,11,19,365,365,11,19,17.79
2008,2,1,1,30,8.4,0,0,0,0,0,0,16.98
2008,2,1,2,30,6.300000000000001,0,0,0,0,0,0,20.55
2008,2,1,3,30,4.7,0,0,0,0,0,0,27.650000000000002
2008,2,1,4,30,3.7,0,0,0,0,0,0,34.25
2008,2,1,5,30,2.9000000000000004,0,0,0,0,0,0,38.06
2008,2,1,6,30,2.2,0,0,0,0,0,0,39.5
2008,2,1,7,30,1.6,0,0,0,0,0,0,39.85
2008,2,1,8,30,1.1,0,0,0,0,0,0,39.84
2008,2,1,9,30,0.9,0,0,0,0,0,0,40.410000000000004
2008,2,1,10,30,0.7000000000000001,0,0,0,0,0,0,45.1
2008,2,1,11,30,0.5,0,0,0,0,0,0,55.67
2008,2,1,12,30,0.6000000000000001,0,0,0,0,0,0,65.25
2008,2,1,13,30,3.1,0,0,0,0,0,0,59.980000000000004
2008,2,1,14,30,7.9,36,188,773,0,97,96,45.89
2008,2,1,15,30,13.700000000000001,49,424,944,944,49,424,33.53
2008,2,1,16,30,19.1,56,632,1023,1023,56,632,21.47
2008,2,1,17,30,22,61,784,1061,1061,61,784,14.46
2008,2,1,18,30,23.3,63,863,1071,1071,63,863,13.26
2008,2,1,19,30,23.900000000000002,62,870,1073,1073,62,870,12.780000000000001
2008,2,1,20,30,24,59,797,1055,1055,59,797,12.93
2008,2,1,21,30,23.400000000000002,56,656,1015,1015,56,656,14.09
2008,2,1,22,30,22,49,458,942,942,49,458,16.66
2008,2,1,23,30,18.1,38,227,785,785,38,227,24.18
2008,2,2,0,30,14.5,12,19,288,288,12,19,35.92
2008,2,2,1,30,13.200000000000001,0,0,0,0,0,0,41
2008,2,2,2,30,12.3,0,0,0,0,0,0,45.04
2008,2,2,3,30,11.100000000000001,0,0,0,0,0,0,50.160000000000004
2008,2,2,4,30,9.9,0,0,0,0,0,0,55.92
2008,2,2,5,30,8.8,0,0,0,0,0,0,62.1
2008,2,2,6,30,7.9,0,0,0,0,0,0,67.48
2008,2,2,7,30,7.1000000000000005,0,0,0,0,0,0,71.34
2008,2,2,8,30,6.4,0,0,0,0,0,0,71.3
2008,2,2,9,30,5.7,0,0,0,0,0,0,67.14
2008,2,2,10,30,5.300000000000001,0,0,0,0,0,0,59.050000000000004
2008,2,2,11,30,4.9,0,0,0,0,0,0,52.25
2008,2,2,12,30,5,0,0,0,0,0,0,46.42
2008,2,2,13,30,7.800000000000001,0,0,0,0,0,0,36.050000000000004
2008,2,2,14,30,12.700000000000001,36,187,758,758,36,187,25.66
2008,2,2,15,30,17,50,425,938,938,50,425,18.53
2008,2,2,16,30,20,58,632,1016,1016,58,632,13.4
2008,2,2,17,30,21.8,63,780,1047,1047,63,780,11.69
2008,2,2,18,30,23.1,67,864,1062,1062,67,864,10.92
2008,2,2,19,30,23.700000000000003,68,872,1064,1064,68,872,10.8
2008,2,2,20,30,23.8,66,800,1043,1043,66,800,11.17
2008,2,2,21,30,23.1,60,662,1012,1012,60,662,12.19
2008,2,2,22,30,21.6,54,464,938,938,54,464,14.02
2008,2,2,23,30,17.8,42,232,785,785,42,232,19.06
2008,2,3,0,30,14,13,21,301,301,13,21,28.61
2008,2,3,1,30,12.4,0,0,0,0,0,0,32.5
2008,2,3,2,30,11.200000000000001,0,0,0,0,0,0,35.45
2008,2,3,3,30,10.100000000000001,0,0,0,0,0,0,38.72
2008,2,3,4,30,9,0,0,0,0,0,0,42.93
2008,2,3,5,30,8,0,0,0,0,0,0,47.33
2008,2,3,6,30,7.2,0,0,0,0,0,0,50.59
2008,2,3,7,30,6.6000000000000005,0,0,0,0,0,0,52.15
2008,2,3,8,30,6,0,0,0,0,0,0,53.84
2008,2,3,9,30,5.6000000000000005,0,0,0,0,0,0,55.54
2008,2,3,10,30,5.300000000000001,0,0,0,0,0,0,57.58
2008,2,3,11,30,5.1000000000000005,0,0,0,0,0,0,59.58
2008,2,3,12,30,5.4,0,0,0,0,0,0,59.63
2008,2,3,13,30,8.1,0,0,0,0,0,0,50.88
2008,2,3,14,30,12.8,36,191,773,773,36,191,38.94
2008,2,3,15,30,17.3,48,431,953,953,48,431,28.900000000000002
2008,2,3,16,30,20.8,54,639,1030,1030,54,639,18.28
2008,2,3,17,30,22.700000000000003,59,792,1065,1065,59,792,14.15
2008,2,3,18,30,23.700000000000003,60,876,1083,1083,60,876,12.67
2008,2,3,19,30,24.200000000000003,63,880,1075,1075,63,880,12.16
2008,2,3,20,30,24.1,62,812,1061,1061,62,812,12.38
2008,2,3,21,30,23.5,57,672,1030,1030,57,672,13.040000000000001
2008,2,3,22,30,22,49,472,959,667,143,437,14.620000000000001
2008,2,3,23,30,18.2,38,238,815,815,38,238,19.89
2008,2,4,0,30,14.4,13,23,339,339,13,23,30.46
2008,2,4,1,30,13.100000000000001,0,0,0,0,0,0,34.410000000000004
2008,2,4,2,30,12.4,0,0,0,0,0,0,37.25
2008,2,4,3,30,11.8,0,0,0,0,0,0,40.21
2008,2,4,4,30,11.100000000000001,0,0,0,0,0,0,43.9
2008,2,4,5,30,10.600000000000001,0,0,0,0,0,0,47.19
2008,2,4,6,30,10,0,0,0,0,0,0,50.29
2008,2,4,7,30,9.5,0,0,0,0,0,0,51.39
2008,2,4,8,30,9,0,0,0,0,0,0,50.620000000000005
2008,2,4,9,30,8.5,0,0,0,0,0,0,49.36
2008,2,4,10,30,8.1,0,0,0,0,0,0,48.27
2008,2,4,11,30,7.5,0,0,0,0,0,0,48.63
2008,2,4,12,30,7.1000000000000005,0,0,0,0,0,0,48.620000000000005
2008,2,4,13,30,9,0,0,0,0,0,0,41.72
2008,2,4,14,30,13.3,36,193,778,2,51,51,30.88
2008,2,4,15,30,17.6,49,434,953,50,182,202,21.3
2008,2,4,16,30,20.8,56,643,1028,216,285,408,13.540000000000001
2008,2,4,17,30,22.5,60,796,1065,512,340,694,11.14
2008,2,4,18,30,23.5,65,882,1080,1080,65,882,10.1
2008,2,4,19,30,23.8,65,890,1081,431,416,745,9.86
2008,2,4,20,30,23.5,64,816,1060,768,261,807,10.09
2008,2,4,21,30,22.700000000000003,59,677,1029,1029,59,677,10.58
2008,2,4,22,30,21.1,52,479,964,964,52,479,11.6
2008,2,4,23,30,17.7,40,244,819,819,40,244,14.76
2008,2,5,0,30,14.600000000000001,14,25,350,350,14,25,20.73
2008,2,5,1,30,13.3,0,0,0,0,0,0,24.580000000000002
2008,2,5,2,30,12.100000000000001,0,0,0,0,0,0,29.02
2008,2,5,3,30,10.700000000000001,0,0,0,0,0,0,34.9
2008,2,5,4,30,9.200000000000001,0,0,0,0,0,0,42.11
2008,2,5,5,30,8.200000000000001,0,0,0,0,0,0,46.910000000000004
2008,2,5,6,30,7.6000000000000005,0,0,0,0,0,0,48.120000000000005
2008,2,5,7,30,7.2,0,0,0,0,0,0,47.45
2008,2,5,8,30,6.9,0,0,0,0,0,0,46.42
2008,2,5,9,30,6.7,0,0,0,0,0,0,45.230000000000004
2008,2,5,10,30,6.6000000000000005,0,0,0,0,0,0,44.45
2008,2,5,11,30,6.5,0,0,0,0,0,0,44.660000000000004
2008,2,5,12,30,6.6000000000000005,0,0,0,0,0,0,45.13
2008,2,5,13,30,8.200000000000001,0,0,0,0,0,0,41.27
2008,2,5,14,30,12.100000000000001,34,197,798,798,34,197,32.82
2008,2,5,15,30,16.3,46,445,981,981,46,445,24.01
2008,2,5,16,30,19.1,53,657,1053,1053,53,657,16.61
2008,2,5,17,30,20.900000000000002,57,812,1089,1089,57,812,13.71
2008,2,5,18,30,22.1,57,898,1106,1106,57,898,12.620000000000001
2008,2,5,19,30,22.700000000000003,56,906,1108,1108,56,906,12.1
2008,2,5,20,30,22.700000000000003,54,836,1096,1096,54,836,12
2008,2,5,21,30,22,52,696,1065,1065,52,696,12.23
2008,2,5,22,30,20.400000000000002,45,494,1005,1005,45,494,13.35
2008,2,5,23,30,16.900000000000002,37,254,867,41,152,162,17.28
2008,2,6,0,30,13,13,27,410,410,13,27,25.93
2008,2,6,1,30,10.9,0,0,0,0,0,0,32.89
2008,2,6,2,30,9.600000000000001,0,0,0,0,0,0,38.87
2008,2,6,3,30,8.4,0,0,0,0,0,0,45.93
2008,2,6,4,30,7.2,0,0,0,0,0,0,55.15
2008,2,6,5,30,5.800000000000001,0,0,0,0,0,0,66.99
2008,2,6,6,30,4.7,0,0,0,0,0,0,77.15
2008,2,6,7,30,3.8000000000000003,0,0,0,0,0,0,83
2008,2,6,8,30,2.9000000000000004,0,0,0,0,0,0,84.55
2008,2,6,9,30,2.2,0,0,0,0,0,0,83.91
2008,2,6,10,30,1.6,0,0,0,0,0,0,83.07000000000001
2008,2,6,11,30,1.1,0,0,0,0,0,0,82.35000000000001
2008,2,6,12,30,1,0,0,0,0,0,0,80.36
2008,2,6,13,30,3.4000000000000004,0,0,0,0,0,0,66.52
2008,2,6,14,30,7.4,34,206,833,833,34,206,47.99
2008,2,6,15,30,10.8,44,454,1000,1000,44,454,31.76
2008,2,6,16,30,14.600000000000001,51,668,1071,1071,51,668,21.93
2008,2,6,17,30,18.6,55,826,1106,1106,55,826,12.540000000000001
2008,2,6,18,30,21.3,64,915,1115,1115,64,915,7.76
2008,2,6,19,30,22.6,64,924,1117,1117,64,924,6.25
2008,2,6,20,30,23.1,61,854,1106,1106,61,854,5.32
2008,2,6,21,30,22.700000000000003,53,709,1080,1080,53,709,4.92
2008,2,6,22,30,20.900000000000002,46,505,1021,602,167,438,5.25
2008,2,6,23,30,16.6,36,262,888,888,36,262,9.94
2008,2,7,0,30,12.700000000000001,14,30,441,441,14,30,17.54
2008,2,7,1,30,11.3,0,0,0,0,0,0,18.7
2008,2,7,2,30,10.200000000000001,0,0,0,0,0,0,20.76
2008,2,7,3,30,9,0,0,0,0,0,0,24.51
2008,2,7,4,30,7.800000000000001,0,0,0,0,0,0,28.95
2008,2,7,5,30,6.7,0,0,0,0,0,0,33.13
2008,2,7,6,30,5.9,0,0,0,0,0,0,36.46
2008,2,7,7,30,5.4,0,0,0,0,0,0,38.62
2008,2,7,8,30,4.800000000000001,0,0,0,0,0,0,40
2008,2,7,9,30,4,0,0,0,0,0,0,40.77
2008,2,7,10,30,3.3000000000000003,0,0,0,0,0,0,40.02
2008,2,7,11,30,2.9000000000000004,0,0,0,0,0,0,37.550000000000004
2008,2,7,12,30,3,0,0,0,0,0,0,34.04
2008,2,7,13,30,6,0,0,0,0,0,0,26.54
2008,2,7,14,30,11.100000000000001,36,206,813,17,119,122,20.18
2008,2,7,15,30,15.4,49,452,978,978,49,452,11.35
2008,2,7,16,30,18.400000000000002,57,665,1049,1049,57,665,6.72
2008,2,7,17,30,20.200000000000003,62,822,1085,1085,62,822,5.74
2008,2,7,18,30,21.5,62,908,1102,1102,62,908,5.26
2008,2,7,19,30,22.200000000000003,60,916,1106,1106,60,916,4.99
2008,2,7,20,30,22.400000000000002,58,846,1094,1094,58,846,4.87
2008,2,7,21,30,21.8,54,704,1064,718,250,689,4.97
2008,2,7,22,30,20.1,48,502,1003,1003,48,502,5.51
2008,2,7,23,30,15.600000000000001,39,261,866,567,98,244,11.99
2008,2,8,0,30,11.100000000000001,15,31,416,1,16,16,21.490000000000002
2008,2,8,1,30,9.200000000000001,0,0,0,0,0,0,21.01
2008,2,8,2,30,8,0,0,0,0,0,0,21.740000000000002
2008,2,8,3,30,7.6000000000000005,0,0,0,0,0,0,22.82
2008,2,8,4,30,7.6000000000000005,0,0,0,0,0,0,25.01
2008,2,8,5,30,7.7,0,0,0,0,0,0,26.830000000000002
2008,2,8,6,30,7.9,0,0,0,0,0,0,26.19
2008,2,8,7,30,7.9,0,0,0,0,0,0,24.66
2008,2,8,8,30,7.6000000000000005,0,0,0,0,0,0,23.41
2008,2,8,9,30,7.5,0,0,0,0,0,0,21.63
2008,2,8,10,30,7.7,0,0,0,0,0,0,20.56
2008,2,8,11,30,8,0,0,0,0,0,0,19.59
2008,2,8,12,30,8.1,0,0,0,0,0,0,18.92
2008,2,8,13,30,9.4,0,0,0,0,0,0,16.89
2008,2,8,14,30,12.5,38,208,805,318,97,165,17.44
2008,2,8,15,30,17.1,50,455,976,467,176,369,9.27
2008,2,8,16,30,20.700000000000003,57,668,1050,329,286,477,6.26
2008,2,8,17,30,22.400000000000002,60,825,1087,1087,60,825,6
2008,2,8,18,30,23.5,64,904,1090,802,274,892,6.04
2008,2,8,19,30,24,63,912,1092,1092,63,912,6.22
2008,2,8,20,30,24.1,62,843,1080,1080,62,843,6.5200000000000005
2008,2,8,21,30,23.6,57,696,1040,1040,57,696,7.0600000000000005
2008,2,8,22,30,22.1,51,497,978,606,197,473,8.17
2008,2,8,23,30,18.2,40,256,830,546,99,241,14.530000000000001
2008,2,9,0,30,14.3,15,31,380,3,19,19,25.21
2008,2,9,1,30,13.100000000000001,0,0,0,0,0,0,26.18
2008,2,9,2,30,12.600000000000001,0,0,0,0,0,0,28.560000000000002
2008,2,9,3,30,11.9,0,0,0,0,0,0,33.36
2008,2,9,4,30,10.8,0,0,0,0,0,0,39.76
2008,2,9,5,30,9.600000000000001,0,0,0,0,0,0,44.93
2008,2,9,6,30,8.5,0,0,0,0,0,0,48.32
2008,2,9,7,30,7.9,0,0,0,0,0,0,49.96
2008,2,9,8,30,7.4,0,0,0,0,0,0,51.47
2008,2,9,9,30,6.9,0,0,0,0,0,0,53.07
2008,2,9,10,30,6.4,0,0,0,0,0,0,54.44
2008,2,9,11,30,6,0,0,0,0,0,0,54.79
2008,2,9,12,30,6.1000000000000005,0,0,0,0,0,0,52.800000000000004
2008,2,9,13,30,9,0,0,0,0,0,0,42.44
2008,2,9,14,30,13.8,37,200,763,763,37,200,31.43
2008,2,9,15,30,18.2,50,440,934,934,50,440,21.400000000000002
2008,2,9,16,30,21.3,58,648,1007,1007,58,648,14.620000000000001
2008,2,9,17,30,22.700000000000003,64,802,1043,1043,64,802,13.540000000000001
2008,2,9,18,30,23.5,66,883,1055,1055,66,883,13
2008,2,9,19,30,23.900000000000002,65,891,1058,1058,65,891,12.59
2008,2,9,20,30,23.900000000000002,63,823,1045,1045,63,823,12.35
2008,2,9,21,30,23.5,57,684,1017,444,263,537,12.33
2008,2,9,22,30,22.5,51,488,952,5,135,137,12.85
2008,2,9,23,30,20.3,42,254,808,102,145,171,16.31
2008,2,10,0,30,17.6,16,31,351,0,13,13,23.76
2008,2,10,1,30,15.600000000000001,0,0,0,0,0,0,27.22
2008,2,10,2,30,14.200000000000001,0,0,0,0,0,0,28.41
2008,2,10,3,30,13.200000000000001,0,0,0,0,0,0,27.05
2008,2,10,4,30,12.100000000000001,0,0,0,0,0,0,26.18
2008,2,10,5,30,10.8,0,0,0,0,0,0,28.02
2008,2,10,6,30,9.5,0,0,0,0,0,0,33.01
2008,2,10,7,30,8.6,0,0,0,0,0,0,40.36
2008,2,10,8,30,8.1,0,0,0,0,0,0,49.69
2008,2,10,9,30,8,0,0,0,0,0,0,59.300000000000004
2008,2,10,10,30,8,0,0,0,0,0,0,67.79
2008,2,10,11,30,8,0,0,0,0,0,0,74.36
2008,2,10,12,30,8.1,0,0,0,0,0,0,77.98
2008,2,10,13,30,9.200000000000001,0,0,0,0,0,0,73.92
2008,2,10,14,30,11.8,54,188,620,55,116,128,62.190000000000005
2008,2,10,15,30,15.5,76,423,827,168,223,294,44.32
2008,2,10,16,30,18.900000000000002,88,630,920,382,267,492,27.54
2008,2,10,17,30,20.5,100,778,955,276,361,557,23.92
2008,2,10,18,30,20.3,96,863,987,0,104,104,25.5
2008,2,10,19,30,19.200000000000003,108,865,965,33,364,390,29.36
2008,2,10,20,30,18.1,113,794,933,933,113,794,34.47
2008,2,10,21,30,17.1,93,660,913,913,93,660,39.230000000000004
2008,2,10,22,30,15.3,91,460,797,8,152,155,46.46
2008,2,10,23,30,12.200000000000001,81,225,543,0,12,12,61.68
2008,2,11,0,30,8.9,20,23,59,0,13,13,79.49
2008,2,11,1,30,6.9,0,0,0,0,0,0,83.92
2008,2,11,2,30,6.6000000000000005,0,0,0,0,0,0,80.68
2008,2,11,3,30,6.7,0,0,0,0,0,0,82.31
2008,2,11,4,30,6.4,0,0,0,0,0,0,85.08
2008,2,11,5,30,6,0,0,0,0,0,0,87.32000000000001
2008,2,11,6,30,5.800000000000001,0,0,0,0,0,0,88.01
2008,2,11,7,30,5.4,0,0,0,0,0,0,90.18
2008,2,11,8,30,4.800000000000001,0,0,0,0,0,0,93.29
2008,2,11,9,30,4.4,0,0,0,0,0,0,95.64
2008,2,11,10,30,4.2,0,0,0,0,0,0,97.19
2008,2,11,11,30,4.2,0,0,0,0,0,0,97.21000000000001
2008,2,11,12,30,4.7,0,0,0,0,0,0,93.18
2008,2,11,13,30,7.5,0,0,0,0,0,0,76.79
2008,2,11,14,30,12.100000000000001,47,199,694,694,47,199,58.2
2008,2,11,15,30,16.7,65,438,881,881,65,438,43.08
2008,2,11,16,30,19.700000000000003,78,646,959,959,78,646,28.330000000000002
2008,2,11,17,30,20.900000000000002,87,796,992,992,87,796,24.46
2008,2,11,18,30,21.700000000000003,89,881,1015,1015,89,881,22.38
2008,2,11,19,30,22,89,890,1017,1017,89,890,21.29
2008,2,11,20,30,22.1,85,822,1005,45,342,375,20.57
2008,2,11,21,30,21.700000000000003,75,688,981,403,282,534,20.73
2008,2,11,22,30,20.5,65,491,916,916,65,491,22.080000000000002
2008,2,11,23,30,17.3,50,256,768,508,92,228,27.5
2008,2,12,0,30,14,18,33,309,2,21,21,40.6
2008,2,12,1,30,12.9,0,0,0,0,0,0,43.22
2008,2,12,2,30,12.100000000000001,0,0,0,0,0,0,44.85
2008,2,12,3,30,11.3,0,0,0,0,0,0,46.4
2008,2,12,4,30,10.4,0,0,0,0,0,0,48.910000000000004
2008,2,12,5,30,9.4,0,0,0,0,0,0,52.480000000000004
2008,2,12,6,30,8.200000000000001,0,0,0,0,0,0,57.6
2008,2,12,7,30,7.2,0,0,0,0,0,0,61.940000000000005
2008,2,12,8,30,6.4,0,0,0,0,0,0,63.17
2008,2,12,9,30,5.7,0,0,0,0,0,0,61.050000000000004
2008,2,12,10,30,5.2,0,0,0,0,0,0,58.43
2008,2,12,11,30,4.800000000000001,0,0,0,0,0,0,57.43
2008,2,12,12,30,5,0,0,0,0,0,0,55.67
2008,2,12,13,30,7.5,0,0,0,0,0,0,47.39
2008,2,12,14,30,11.100000000000001,41,212,771,74,114,130,37.85
2008,2,12,15,30,15,54,453,937,33,239,253,27.6
2008,2,12,16,30,18.400000000000002,60,664,1013,62,336,373,15.91
2008,2,12,17,30,20.200000000000003,65,818,1050,394,335,617,13.02
2008,2,12,18,30,21.3,68,909,1073,799,194,821,12
2008,2,12,19,30,22,68,918,1075,1075,68,918,11.34
2008,2,12,20,30,22.200000000000003,65,849,1063,1063,65,849,10.98
2008,2,12,21,30,21.8,60,708,1033,1033,60,708,10.950000000000001
2008,2,12,22,30,20.6,53,508,971,971,53,508,11.52
2008,2,12,23,30,17,41,268,842,842,41,268,16.11
2008,2,13,0,30,13.200000000000001,17,38,426,426,17,38,29.8
2008,2,13,1,30,11.5,0,0,0,0,0,0,31.11
2008,2,13,2,30,10.200000000000001,0,0,0,0,0,0,33.84
2008,2,13,3,30,9.1,0,0,0,0,0,0,36.95
2008,2,13,4,30,8.6,0,0,0,0,0,0,38.14
2008,2,13,5,30,8.5,0,0,0,0,0,0,37.25
2008,2,13,6,30,8.6,0,0,0,0,0,0,35.45
2008,2,13,7,30,8.3,0,0,0,0,0,0,35.980000000000004
2008,2,13,8,30,7.5,0,0,0,0,0,0,37.53
2008,2,13,9,30,6.6000000000000005,0,0,0,0,0,0,39.32
2008,2,13,10,30,5.5,0,0,0,0,0,0,42.12
2008,2,13,11,30,4.4,0,0,0,0,0,0,45.42
2008,2,13,12,30,3.8000000000000003,0,0,0,0,0,0,47.51
2008,2,13,13,30,6.1000000000000005,0,0,0,0,0,0,42.34
2008,2,13,14,30,10.9,41,214,772,56,132,145,32.47
2008,2,13,15,30,15.5,55,459,940,940,55,459,25.89
2008,2,13,16,30,18.7,64,666,1006,1006,64,666,20.96
2008,2,13,17,30,20.5,71,822,1042,1042,71,822,18.14
2008,2,13,18,30,21.8,76,907,1055,1055,76,907,16.07
2008,2,13,19,30,22.5,77,916,1056,1056,77,916,14.52
2008,2,13,20,30,22.8,74,847,1044,1044,74,847,13.290000000000001
2008,2,13,21,30,22.5,67,707,1014,1014,67,707,12.59
2008,2,13,22,30,21.400000000000002,58,511,961,961,58,511,12.71
2008,2,13,23,30,17.6,44,271,831,831,44,271,16.63
2008,2,14,0,30,13.5,17,40,420,420,17,40,29.68
2008,2,14,1,30,11.700000000000001,0,0,0,0,0,0,30.38
2008,2,14,2,30,10.600000000000001,0,0,0,0,0,0,30.12
2008,2,14,3,30,9.700000000000001,0,0,0,0,0,0,29.650000000000002
2008,2,14,4,30,8.8,0,0,0,0,0,0,30.67
2008,2,14,5,30,7.9,0,0,0,0,0,0,33.31
2008,2,14,6,30,7.300000000000001,0,0,0,0,0,0,36.83
2008,2,14,7,30,6.7,0,0,0,0,0,0,40.87
2008,2,14,8,30,6.300000000000001,0,0,0,0,0,0,42.54
2008,2,14,9,30,5.9,0,0,0,0,0,0,43.33
2008,2,14,10,30,5.6000000000000005,0,0,0,0,0,0,43.52
2008,2,14,11,30,5.6000000000000005,0,0,0,0,0,0,42.64
2008,2,14,12,30,6,0,0,0,0,0,0,41.25
2008,2,14,13,30,8.1,0,0,0,0,0,0,36.07
2008,2,14,14,30,12.3,36,218,798,798,36,218,28
2008,2,14,15,30,16.6,47,462,959,959,47,462,20.85
2008,2,14,16,30,19.6,54,669,1022,1022,54,669,15.06
2008,2,14,17,30,21.5,59,825,1057,1057,59,825,12.17
2008,2,14,18,30,22.700000000000003,60,905,1068,1068,60,905,10.86
2008,2,14,19,30,23.3,59,913,1071,1071,59,913,10.3
2008,2,14,20,30,23.5,57,845,1059,621,257,719,10.1
2008,2,14,21,30,22.900000000000002,56,706,1026,459,250,541,10.49
2008,2,14,22,30,21.400000000000002,51,508,964,24,194,206,11.68
2008,2,14,23,30,18.6,42,271,827,575,37,195,14.72
2008,2,15,0,30,15.8,18,41,410,1,20,20,20.69
2008,2,15,1,30,14.100000000000001,0,0,0,0,0,0,26.63
2008,2,15,2,30,13,0,0,0,0,0,0,31.060000000000002
2008,2,15,3,30,11.700000000000001,0,0,0,0,0,0,35.7
2008,2,15,4,30,10.5,0,0,0,0,0,0,40.45
2008,2,15,5,30,9.600000000000001,0,0,0,0,0,0,44.12
2008,2,15,6,30,8.5,0,0,0,0,0,0,47.82
2008,2,15,7,30,7.2,0,0,0,0,0,0,50.97
2008,2,15,8,30,6.2,0,0,0,0,0,0,52.76
2008,2,15,9,30,5.6000000000000005,0,0,0,0,0,0,52.95
2008,2,15,10,30,5.4,0,0,0,0,0,0,51.79
2008,2,15,11,30,5.2,0,0,0,0,0,0,50.910000000000004
2008,2,15,12,30,5.6000000000000005,0,0,0,0,0,0,48.47
2008,2,15,13,30,8.3,0,0,0,0,0,0,39.74
2008,2,15,14,30,13.100000000000001,32,222,823,823,32,222,28.84
2008,2,15,15,30,17.7,42,467,975,975,42,467,19.490000000000002
2008,2,15,16,30,21.1,48,679,1042,1042,48,679,12.99
2008,2,15,17,30,23.3,52,835,1076,1076,52,835,10.27
2008,2,15,18,30,24.6,57,923,1089,1089,57,923,9.22
2008,2,15,19,30,25.200000000000003,54,930,1093,1093,54,930,8.8
2008,2,15,20,30,25.1,54,857,1073,1073,54,857,8.870000000000001
2008,2,15,21,30,24.3,52,717,1042,1042,52,717,9.42
2008,2,15,22,30,22.700000000000003,47,513,977,977,47,513,10.66
2008,2,15,23,30,19,37,274,850,850,37,274,14.3
2008,2,16,0,30,14.8,16,43,463,463,16,43,23.1
2008,2,16,1,30,12.8,0,0,0,0,0,0,28.04
2008,2,16,2,30,11.9,0,0,0,0,0,0,29.41
2008,2,16,3,30,11,0,0,0,0,0,0,30.95
2008,2,16,4,30,10.100000000000001,0,0,0,0,0,0,33.44
2008,2,16,5,30,9.3,0,0,0,0,0,0,36.33
2008,2,16,6,30,8.700000000000001,0,0,0,0,0,0,38.13
2008,2,16,7,30,8.200000000000001,0,0,0,0,0,0,39.02
2008,2,16,8,30,7.800000000000001,0,0,0,0,0,0,40.13
2008,2,16,9,30,7.4,0,0,0,0,0,0,40.96
2008,2,16,10,30,7.2,0,0,0,0,0,0,41.28
2008,2,16,11,30,7,0,0,0,0,0,0,41.19
2008,2,16,12,30,7.300000000000001,0,0,0,0,0,0,40.43
2008,2,16,13,30,9.5,0,0,0,0,0,0,35.230000000000004
2008,2,16,14,30,13.700000000000001,33,220,801,801,33,220,27.72
2008,2,16,15,30,17.8,42,462,956,956,42,462,21.95
2008,2,16,16,30,20.700000000000003,48,675,1030,1030,48,675,19.37
2008,2,16,17,30,22.6,52,834,1070,1070,52,834,17.59
2008,2,16,18,30,23.8,57,922,1083,1083,57,922,15.73
2008,2,16,19,30,24.400000000000002,57,936,1092,1092,57,936,14.09
2008,2,16,20,30,24.400000000000002,56,867,1080,1080,56,867,12.98
2008,2,16,21,30,23.700000000000003,51,725,1053,1053,51,725,12.450000000000001
2008,2,16,22,30,22.200000000000003,47,528,1003,1003,47,528,12.91
2008,2,16,23,30,18.7,38,286,878,878,38,286,15.74
2008,2,17,0,30,14.600000000000001,18,47,487,487,18,47,23.07
2008,2,17,1,30,12.100000000000001,0,0,0,0,0,0,29.29
2008,2,17,2,30,10.5,0,0,0,0,0,0,33.87
2008,2,17,3,30,9.1,0,0,0,0,0,0,38.31
2008,2,17,4,30,8,0,0,0,0,0,0,42.36
2008,2,17,5,30,7,0,0,0,0,0,0,47
2008,2,17,6,30,6.1000000000000005,0,0,0,0,0,0,52.06
2008,2,17,7,30,5.4,0,0,0,0,0,0,56.56
2008,2,17,8,30,4.9,0,0,0,0,0,0,57.29
2008,2,17,9,30,4.5,0,0,0,0,0,0,52.75
2008,2,17,10,30,4.1000000000000005,0,0,0,0,0,0,45.93
2008,2,17,11,30,3.7,0,0,0,0,0,0,40.17
2008,2,17,12,30,4.1000000000000005,0,0,0,0,0,0,34.5
2008,2,17,13,30,7.4,0,0,0,0,0,0,25.91
2008,2,17,14,30,12.600000000000001,34,240,869,869,34,240,17.23
2008,2,17,15,30,17.5,44,493,1015,1015,44,493,12.02
2008,2,17,16,30,21.3,52,702,1063,1063,52,702,6.43
2008,2,17,17,30,23.400000000000002,54,860,1097,1097,54,860,5.03
2008,2,17,18,30,24.900000000000002,59,948,1109,1109,59,948,4.49
2008,2,17,19,30,25.8,58,957,1112,1112,58,957,4.3100000000000005
2008,2,17,20,30,25.900000000000002,58,887,1099,1099,58,887,4.38
2008,2,17,21,30,25.200000000000003,57,744,1068,1068,57,744,4.62
2008,2,17,22,30,23.6,49,539,1013,1013,49,539,5.2700000000000005
2008,2,17,23,30,19.6,38,292,896,896,38,292,13.19
2008,2,18,0,30,15.600000000000001,18,50,518,518,18,50,21.17
2008,2,18,1,30,13.600000000000001,0,0,0,0,0,0,20.18
2008,2,18,2,30,12,0,0,0,0,0,0,21.66
2008,2,18,3,30,11.100000000000001,0,0,0,0,0,0,21.79
2008,2,18,4,30,10.700000000000001,0,0,0,0,0,0,20.38
2008,2,18,5,30,10.4,0,0,0,0,0,0,19.34
2008,2,18,6,30,10,0,0,0,0,0,0,18.53
2008,2,18,7,30,9.4,0,0,0,0,0,0,18.98
2008,2,18,8,30,8.8,0,0,0,0,0,0,19.59
2008,2,18,9,30,8.5,0,0,0,0,0,0,20.01
2008,2,18,10,30,8.3,0,0,0,0,0,0,19.8
2008,2,18,11,30,8,0,0,0,0,0,0,19.490000000000002
2008,2,18,12,30,7.6000000000000005,0,0,0,0,0,0,19.740000000000002
2008,2,18,13,30,8.9,0,0,0,0,0,0,18.87
2008,2,18,14,30,12.5,37,239,846,846,37,239,17.41
2008,2,18,15,30,17,48,491,994,994,48,491,10.41
2008,2,18,16,30,20.700000000000003,54,707,1060,1060,54,707,7.94
2008,2,18,17,30,23.1,57,865,1094,1094,57,865,6.95
2008,2,18,18,30,24.900000000000002,62,945,1097,1097,62,945,6.3100000000000005
2008,2,18,19,30,25.900000000000002,61,953,1098,1098,61,953,6.0200000000000005
2008,2,18,20,30,26.3,60,883,1086,1086,60,883,5.95
2008,2,18,21,30,26,54,739,1060,1060,54,739,6.11
2008,2,18,22,30,24.6,48,535,1004,1004,48,535,6.76
2008,2,18,23,30,20.5,39,291,882,882,39,291,13
2008,2,19,0,30,16.2,18,51,502,502,18,51,23.35
2008,2,19,1,30,14.100000000000001,0,0,0,0,0,0,23.330000000000002
2008,2,19,2,30,12.5,0,0,0,0,0,0,24.88
2008,2,19,3,30,11.100000000000001,0,0,0,0,0,0,27.04
2008,2,19,4,30,10,0,0,0,0,0,0,29.080000000000002
2008,2,19,5,30,9,0,0,0,0,0,0,30.900000000000002
2008,2,19,6,30,7.9,0,0,0,0,0,0,33.21
2008,2,19,7,30,6.800000000000001,0,0,0,0,0,0,35.96
2008,2,19,8,30,5.800000000000001,0,0,0,0,0,0,38.9
2008,2,19,9,30,5.1000000000000005,0,0,0,0,0,0,41.42
2008,2,19,10,30,4.5,0,0,0,0,0,0,43.78
2008,2,19,11,30,4.1000000000000005,0,0,0,0,0,0,45.67
2008,2,19,12,30,4.4,0,0,0,0,0,0,45.4
2008,2,19,13,30,7.7,10,16,319,319,10,16,37.28
2008,2,19,14,30,13.100000000000001,35,237,830,830,35,237,26.3
2008,2,19,15,30,18.2,46,484,977,977,46,484,17.21
2008,2,19,16,30,22,53,698,1042,1042,53,698,9.25
2008,2,19,17,30,24.1,56,854,1076,1076,56,854,8.2
2008,2,19,18,30,25.6,61,936,1082,1082,61,936,7.890000000000001
2008,2,19,19,30,26.400000000000002,62,945,1082,1082,62,945,7.8500000000000005
2008,2,19,20,30,26.5,63,876,1068,1068,63,876,7.98
2008,2,19,21,30,25.900000000000002,62,735,1035,1035,62,735,8.31
2008,2,19,22,30,24.3,55,532,977,977,55,532,9.14
2008,2,19,23,30,20.400000000000002,44,290,849,42,170,182,12.31
2008,2,20,0,30,16.2,20,51,463,13,34,35,20.36
2008,2,20,1,30,14.100000000000001,0,0,0,0,0,0,23.21
2008,2,20,2,30,12.5,0,0,0,0,0,0,25.73
2008,2,20,3,30,11.100000000000001,0,0,0,0,0,0,28.67
2008,2,20,4,30,9.8,0,0,0,0,0,0,31.89
2008,2,20,5,30,8.8,0,0,0,0,0,0,34.4
2008,2,20,6,30,8.1,0,0,0,0,0,0,34.59
2008,2,20,7,30,7.6000000000000005,0,0,0,0,0,0,32.53
2008,2,20,8,30,7.300000000000001,0,0,0,0,0,0,29.79
2008,2,20,9,30,7,0,0,0,0,0,0,28.26
2008,2,20,10,30,6.6000000000000005,0,0,0,0,0,0,27.64
2008,2,20,11,30,6.300000000000001,0,0,0,0,0,0,27.22
2008,2,20,12,30,6.6000000000000005,0,0,0,0,0,0,26.07
2008,2,20,13,30,10.3,11,18,342,0,7,7,20.92
2008,2,20,14,30,15.8,34,240,835,8,124,126,13.68
2008,2,20,15,30,20.200000000000003,44,487,980,572,159,417,10.620000000000001
2008,2,20,16,30,23.1,52,701,1043,558,234,581,9.46
2008,2,20,17,30,24.700000000000003,59,860,1074,669,230,729,8.73
2008,2,20,18,30,25.6,71,943,1073,711,238,816,8.3
2008,2,20,19,30,25.400000000000002,71,951,1074,755,219,837,8.36
2008,2,20,20,30,24.5,69,881,1062,1062,69,881,8.76
2008,2,20,21,30,23.5,66,738,1030,622,213,619,9.36
2008,2,20,22,30,22.400000000000002,57,535,974,342,244,412,10.22
2008,2,20,23,30,19,43,292,855,100,152,182,13.19
2008,2,21,0,30,14.9,20,53,483,26,37,39,21.400000000000002
2008,2,21,1,30,13,0,0,0,0,0,0,25.21
2008,2,21,2,30,12,0,0,0,0,0,0,27.150000000000002
2008,2,21,3,30,10.9,0,0,0,0,0,0,30.09
2008,2,21,4,30,10,0,0,0,0,0,0,33.22
2008,2,21,5,30,9.4,0,0,0,0,0,0,35.63
2008,2,21,6,30,9.4,0,0,0,0,0,0,35.45
2008,2,21,7,30,9.5,0,0,0,0,0,0,33.63
2008,2,21,8,30,9,0,0,0,0,0,0,32.79
2008,2,21,9,30,8.9,0,0,0,0,0,0,31.27
2008,2,21,10,30,9.1,0,0,0,0,0,0,29.400000000000002
2008,2,21,11,30,8.9,0,0,0,0,0,0,29.25
2008,2,21,12,30,9.1,0,0,0,0,0,0,28.85
2008,2,21,13,30,11,12,20,315,0,8,8,25.34
2008,2,21,14,30,14.600000000000001,39,243,818,267,122,189,19.63
2008,2,21,15,30,18.400000000000002,51,490,964,964,51,490,15.35
2008,2,21,16,30,21,60,700,1022,773,157,640,11.68
2008,2,21,17,30,22.5,65,856,1056,647,244,729,10.17
2008,2,21,18,30,23.900000000000002,63,940,1075,1075,63,940,9.28
2008,2,21,19,30,24.6,65,949,1075,1075,65,949,8.85
2008,2,21,20,30,24.5,63,879,1063,1063,63,879,8.85
2008,2,21,21,30,23.8,60,737,1033,627,223,635,9.24
2008,2,21,22,30,22.5,51,534,979,639,203,519,9.950000000000001
2008,2,21,23,30,19.3,40,292,859,859,40,292,12.22
2008,2,22,0,30,15.4,19,54,494,494,19,54,17.84
2008,2,22,1,30,12.9,0,0,0,0,0,0,23.41
2008,2,22,2,30,11.5,0,0,0,0,0,0,26.84
2008,2,22,3,30,10.100000000000001,0,0,0,0,0,0,30.810000000000002
2008,2,22,4,30,8.9,0,0,0,0,0,0,34.86
2008,2,22,5,30,7.800000000000001,0,0,0,0,0,0,39.03
2008,2,22,6,30,6.800000000000001,0,0,0,0,0,0,42.87
2008,2,22,7,30,5.9,0,0,0,0,0,0,45.730000000000004
2008,2,22,8,30,5,0,0,0,0,0,0,47.84
2008,2,22,9,30,4.2,0,0,0,0,0,0,48.67
2008,2,22,10,30,3.7,0,0,0,0,0,0,47.36
2008,2,22,11,30,3.4000000000000004,0,0,0,0,0,0,44.96
2008,2,22,12,30,3.9000000000000004,0,0,0,0,0,0,40.29
2008,2,22,13,30,7.1000000000000005,12,22,362,362,12,22,32.17
2008,2,22,14,30,12.200000000000001,39,254,854,854,39,254,21.39
2008,2,22,15,30,16.6,50,507,996,996,50,507,12.19
2008,2,22,16,30,19.900000000000002,56,724,1061,1061,56,724,7.16
2008,2,22,17,30,22.1,61,884,1092,1092,61,884,6.04
2008,2,22,18,30,23.8,68,963,1092,1092,68,963,5.65
2008,2,22,19,30,25,68,971,1094,1094,68,971,5.55
2008,2,22,20,30,25.5,65,900,1083,1083,65,900,5.66
2008,2,22,21,30,25.3,58,755,1058,1058,58,755,5.94
2008,2,22,22,30,24.1,51,549,1003,1003,51,549,6.57
2008,2,22,23,30,20.200000000000003,41,303,884,884,41,303,10.75
2008,2,23,0,30,16,20,58,522,522,20,58,22.32
2008,2,23,1,30,14,0,0,0,0,0,0,22.54
2008,2,23,2,30,12.4,0,0,0,0,0,0,23.72
2008,2,23,3,30,10.700000000000001,0,0,0,0,0,0,25.42
2008,2,23,4,30,9.200000000000001,0,0,0,0,0,0,27.53
2008,2,23,5,30,8.1,0,0,0,0,0,0,29.060000000000002
2008,2,23,6,30,7.4,0,0,0,0,0,0,29.8
2008,2,23,7,30,6.800000000000001,0,0,0,0,0,0,30.2
2008,2,23,8,30,6.300000000000001,0,0,0,0,0,0,30.26
2008,2,23,9,30,5.9,0,0,0,0,0,0,30.21
2008,2,23,10,30,5.6000000000000005,0,0,0,0,0,0,30.18
2008,2,23,11,30,5.5,0,0,0,0,0,0,29.8
2008,2,23,12,30,5.9,0,0,0,0,0,0,28.400000000000002
2008,2,23,13,30,9.600000000000001,13,23,351,351,13,23,23.48
2008,2,23,14,30,15,38,252,835,835,38,252,16.2
2008,2,23,15,30,20,49,501,977,977,49,501,10.48
2008,2,23,16,30,23.900000000000002,56,716,1041,1041,56,716,7.29
2008,2,23,17,30,26.1,60,867,1067,1067,60,867,6.99
2008,2,23,18,30,27.5,62,953,1082,1082,62,953,7.15
2008,2,23,19,30,28.3,62,961,1083,1083,62,961,7.36
2008,2,23,20,30,28.400000000000002,60,890,1071,1071,60,890,7.57
2008,2,23,21,30,28,57,747,1043,1043,57,747,7.8100000000000005
2008,2,23,22,30,26.6,52,540,978,978,52,540,8.43
2008,2,23,23,30,22.8,41,298,857,857,41,298,13.09
2008,2,24,0,30,19.1,21,57,492,492,21,57,23.07
2008,2,24,1,30,17.7,0,0,0,0,0,0,21.87
2008,2,24,2,30,16.3,0,0,0,0,0,0,23.06
2008,2,24,3,30,14.4,0,0,0,0,0,0,25.86
2008,2,24,4,30,12.600000000000001,0,0,0,0,0,0,28.8
2008,2,24,5,30,11.5,0,0,0,0,0,0,30.05
2008,2,24,6,30,10.700000000000001,0,0,0,0,0,0,30.400000000000002
2008,2,24,7,30,9.9,0,0,0,0,0,0,30.51
2008,2,24,8,30,9.1,0,0,0,0,0,0,30.810000000000002
2008,2,24,9,30,8.4,0,0,0,0,0,0,31.060000000000002
2008,2,24,10,30,7.7,0,0,0,0,0,0,31.71
2008,2,24,11,30,7.1000000000000005,0,0,0,0,0,0,32.55
2008,2,24,12,30,7.300000000000001,0,0,0,0,0,0,31.89
2008,2,24,13,30,10.600000000000001,14,25,326,326,14,25,26.54
2008,2,24,14,30,15.600000000000001,42,253,815,815,42,253,17.71
2008,2,24,15,30,20,55,502,960,960,55,502,13.33
2008,2,24,16,30,23.3,62,716,1027,1027,62,716,10.9
2008,2,24,17,30,25.400000000000002,67,873,1060,1060,67,873,9.75
2008,2,24,18,30,26.8,73,959,1071,1071,73,959,9.09
2008,2,24,19,30,27.5,74,967,1072,1072,74,967,8.77
2008,2,24,20,30,27.700000000000003,72,895,1060,1060,72,895,8.620000000000001
2008,2,24,21,30,27.200000000000003,66,752,1031,1031,66,752,8.71
2008,2,24,22,30,26,59,547,972,972,59,547,9.11
2008,2,24,23,30,22.1,47,302,847,847,47,302,12.75
2008,2,25,0,30,17.6,22,59,478,478,22,59,23.95
2008,2,25,1,30,15.4,0,0,0,0,0,0,23.2
2008,2,25,2,30,13.9,0,0,0,0,0,0,23.28
2008,2,25,3,30,12.5,0,0,0,0,0,0,24.54
2008,2,25,4,30,11.3,0,0,0,0,0,0,26.45
2008,2,25,5,30,10.5,0,0,0,0,0,0,30.1
2008,2,25,6,30,9.8,0,0,0,0,0,0,40.25
2008,2,25,7,30,9.200000000000001,0,0,0,0,0,0,58.96
2008,2,25,8,30,8.6,0,0,0,0,0,0,75.25
2008,2,25,9,30,8,0,0,0,0,0,0,84.84
2008,2,25,10,30,7.800000000000001,0,0,0,0,0,0,87.02
2008,2,25,11,30,7.7,0,0,0,0,0,0,85.25
2008,2,25,12,30,8.3,0,0,0,0,0,0,77.60000000000001
2008,2,25,13,30,11.8,15,25,279,279,15,25,57.42
2008,2,25,14,30,17.1,47,250,771,771,47,250,38.57
2008,2,25,15,30,22.1,62,497,925,925,62,497,25.85
2008,2,25,16,30,25.700000000000003,70,709,997,997,70,709,14.83
2008,2,25,17,30,27.400000000000002,75,868,1038,1038,75,868,11.92
2008,2,25,18,30,28.400000000000002,78,954,1055,1055,78,954,10.44
2008,2,25,19,30,28.900000000000002,77,961,1057,1057,77,961,9.49
2008,2,25,20,30,28.8,75,890,1044,793,263,882,8.89
2008,2,25,21,30,28.3,67,751,1024,1024,67,751,8.52
2008,2,25,22,30,26.900000000000002,60,547,965,965,60,547,8.61
2008,2,25,23,30,23.200000000000003,47,303,841,841,47,303,11.53
2008,2,26,0,30,19.1,23,60,475,6,39,40,22.45
2008,2,26,1,30,16.900000000000002,0,0,0,0,0,0,23.51
2008,2,26,2,30,15.4,0,0,0,0,0,0,25.490000000000002
2008,2,26,3,30,14.600000000000001,0,0,0,0,0,0,27.52
2008,2,26,4,30,14.100000000000001,0,0,0,0,0,0,32.56
2008,2,26,5,30,13,0,0,0,0,0,0,38.76
2008,2,26,6,30,11.8,0,0,0,0,0,0,41.94
2008,2,26,7,30,10.700000000000001,0,0,0,0,0,0,43.58
2008,2,26,8,30,10,0,0,0,0,0,0,43.76
2008,2,26,9,30,9.4,0,0,0,0,0,0,43.300000000000004
2008,2,26,10,30,8.8,0,0,0,0,0,0,42.78
2008,2,26,11,30,8.5,0,0,0,0,0,0,41.15
2008,2,26,12,30,8.8,0,0,0,0,0,0,37.5
2008,2,26,13,30,11.3,15,30,385,385,15,30,29.45
2008,2,26,14,30,15.4,41,264,837,837,41,264,20.35
2008,2,26,15,30,19.3,54,515,974,974,54,515,13.55
2008,2,26,16,30,22.200000000000003,63,730,1036,1036,63,730,10.23
2008,2,26,17,30,24.200000000000003,70,888,1065,1065,70,888,8.65
2008,2,26,18,30,25.5,71,974,1082,1082,71,974,7.74
2008,2,26,19,30,26.3,70,981,1085,1085,70,981,7.2
2008,2,26,20,30,26.3,67,909,1074,1074,67,909,7.08
2008,2,26,21,30,25.5,72,758,1023,1023,72,758,7.34
2008,2,26,22,30,23.8,65,552,959,959,65,552,8.22
2008,2,26,23,30,20.700000000000003,52,306,829,222,168,236,10.790000000000001
2008,2,27,0,30,17.1,25,60,438,39,45,48,16.63
2008,2,27,1,30,14.5,0,0,0,0,0,0,21.490000000000002
2008,2,27,2,30,12.4,0,0,0,0,0,0,26.54
2008,2,27,3,30,10.600000000000001,0,0,0,0,0,0,30.740000000000002
2008,2,27,4,30,9.3,0,0,0,0,0,0,32.63
2008,2,27,5,30,8.200000000000001,0,0,0,0,0,0,34.04
2008,2,27,6,30,7.2,0,0,0,0,0,0,36
2008,2,27,7,30,6.4,0,0,0,0,0,0,38.74
2008,2,27,8,30,5.800000000000001,0,0,0,0,0,0,41.28
2008,2,27,9,30,5,0,0,0,0,0,0,44.87
2008,2,27,10,30,4.2,0,0,0,0,0,0,47.78
2008,2,27,11,30,3.5,0,0,0,0,0,0,49.33
2008,2,27,12,30,3.5,0,0,0,0,0,0,47.800000000000004
2008,2,27,13,30,5.300000000000001,18,29,268,268,18,29,40.800000000000004
2008,2,27,14,30,8.4,53,260,767,767,53,260,31.46
2008,2,27,15,30,11.9,70,510,923,923,70,510,25.490000000000002
2008,2,27,16,30,15.3,79,725,997,997,79,725,21.77
2008,2,27,17,30,18.1,86,883,1034,1034,86,883,18.580000000000002
2008,2,27,18,30,20.1,88,969,1051,1051,88,969,15.9
2008,2,27,19,30,21.200000000000003,88,976,1053,1053,88,976,14.47
2008,2,27,20,30,21.8,84,904,1042,1042,84,904,13.69
2008,2,27,21,30,21.700000000000003,79,759,1010,1010,79,759,13.450000000000001
2008,2,27,22,30,20.900000000000002,69,553,949,949,69,553,13.83
2008,2,27,23,30,18,55,307,817,817,55,307,16.490000000000002
2008,2,28,0,30,14.200000000000001,26,62,435,435,26,62,28.310000000000002
2008,2,28,1,30,12.3,0,0,0,0,0,0,29.26
2008,2,28,2,30,11.200000000000001,0,0,0,0,0,0,29.69
2008,2,28,3,30,10,0,0,0,0,0,0,31.63
2008,2,28,4,30,8.8,0,0,0,0,0,0,34.49
2008,2,28,5,30,7.7,0,0,0,0,0,0,37.59
2008,2,28,6,30,6.800000000000001,0,0,0,0,0,0,40.35
2008,2,28,7,30,6.1000000000000005,0,0,0,0,0,0,42.480000000000004
2008,2,28,8,30,5.5,0,0,0,0,0,0,44.26
2008,2,28,9,30,5.1000000000000005,0,0,0,0,0,0,45.68
2008,2,28,10,30,4.9,0,0,0,0,0,0,46.63
2008,2,28,11,30,5,0,0,0,0,0,0,46.58
2008,2,28,12,30,5.9,0,0,0,0,0,0,44.08
2008,2,28,13,30,9.5,18,31,287,3,21,22,35.6
2008,2,28,14,30,15,52,262,767,171,141,188,25.42
2008,2,28,15,30,19.8,68,512,923,638,154,461,20.31
2008,2,28,16,30,22.700000000000003,78,726,994,305,347,545,16.94
2008,2,28,17,30,24.200000000000003,85,878,1023,1023,85,878,14.74
2008,2,28,18,30,25.1,89,963,1039,672,231,796,13.36
2008,2,28,19,30,25.3,91,969,1037,623,297,824,12.790000000000001
2008,2,28,20,30,25.1,91,892,1014,1014,91,892,12.69
2008,2,28,21,30,24.400000000000002,88,747,973,973,88,747,13.23
2008,2,28,22,30,23.1,79,539,897,347,243,421,14.65
2008,2,28,23,30,20.5,62,297,754,754,62,297,18.03
2008,3,1,0,30,18,26,66,467,467,26,66,22.57
2008,3,1,1,30,15.700000000000001,0,0,0,0,0,0,22.87
2008,3,1,2,30,13.9,0,0,0,0,0,0,25.34
2008,3,1,3,30,12.4,0,0,0,0,0,0,28.12
2008,3,1,4,30,11.200000000000001,0,0,0,0,0,0,31.54
2008,3,1,5,30,10.100000000000001,0,0,0,0,0,0,34.87
2008,3,1,6,30,9.3,0,0,0,0,0,0,37.69
2008,3,1,7,30,9,0,0,0,0,0,0,39.39
2008,3,1,8,30,9.200000000000001,0,0,0,0,0,0,40.37
2008,3,1,9,30,9.5,0,0,0,0,0,0,41.38
2008,3,1,10,30,9.600000000000001,0,0,0,0,0,0,43.06
2008,3,1,11,30,9.4,0,0,0,0,0,0,45.84
2008,3,1,12,30,9.3,0,0,0,0,0,0,48.4
2008,3,1,13,30,10.600000000000001,20,35,280,280,20,35,47.11
2008,3,1,14,30,14,56,264,741,741,56,264,40.56
2008,3,1,15,30,18.2,73,511,897,897,73,511,33.53
2008,3,1,16,30,21.400000000000002,83,723,971,971,83,723,25.060000000000002
2008,3,1,17,30,23.3,89,878,1008,1008,89,878,20.2
2008,3,1,18,30,24.6,93,962,1024,1024,93,962,17.41
2008,3,1,19,30,25.3,93,968,1025,1025,93,968,15.84
2008,3,1,20,30,25.6,91,893,1007,494,392,785,14.85
2008,3,1,21,30,25.5,87,748,968,485,332,663,14.35
2008,3,1,22,30,24.6,79,543,896,624,182,505,14.74
2008,3,1,23,30,22.700000000000003,64,300,747,13,116,120,16.8
2008,3,2,0,30,20.8,31,62,347,0,21,21,24.060000000000002
2008,3,2,1,30,19.6,0,0,0,0,0,0,24.32
2008,3,2,2,30,18.1,0,0,0,0,0,0,28.41
2008,3,2,3,30,16.400000000000002,0,0,0,0,0,0,34.660000000000004
2008,3,2,4,30,15.100000000000001,0,0,0,0,0,0,40
2008,3,2,5,30,14.200000000000001,0,0,0,0,0,0,43.42
2008,3,2,6,30,13.4,0,0,0,0,0,0,46.71
2008,3,2,7,30,12.600000000000001,0,0,0,0,0,0,49.620000000000005
2008,3,2,8,30,11.5,0,0,0,0,0,0,53.07
2008,3,2,9,30,10.4,0,0,0,0,0,0,56.69
2008,3,2,10,30,9.700000000000001,0,0,0,0,0,0,58.84
2008,3,2,11,30,9.3,0,0,0,0,0,0,59.57
2008,3,2,12,30,9.700000000000001,0,0,0,0,0,0,56.21
2008,3,2,13,30,11.8,20,41,373,8,28,29,47.1
2008,3,2,14,30,15.700000000000001,49,282,819,159,151,196,35.02
2008,3,2,15,30,19.6,62,536,962,151,308,382,20.6
2008,3,2,16,30,22.200000000000003,69,752,1029,271,402,582,11.43
2008,3,2,17,30,23.8,74,909,1063,592,270,736,9.040000000000001
2008,3,2,18,30,24.900000000000002,80,993,1072,688,285,870,8.05
2008,3,2,19,30,25.400000000000002,78,1000,1076,779,227,894,7.75
2008,3,2,20,30,25.3,74,927,1066,679,266,809,7.9
2008,3,2,21,30,24.400000000000002,71,774,1027,719,203,696,8.44
2008,3,2,22,30,22.700000000000003,61,568,973,595,185,495,9.59
2008,3,2,23,30,20.1,48,321,859,552,113,289,11.91
2008,3,3,0,30,17.1,24,72,526,179,46,62,16.27
2008,3,3,1,30,15,0,0,0,0,0,0,21.31
2008,3,3,2,30,13.600000000000001,0,0,0,0,0,0,25.75
2008,3,3,3,30,12.4,0,0,0,0,0,0,30.740000000000002
2008,3,3,4,30,11.3,0,0,0,0,0,0,36.09
2008,3,3,5,30,10.3,0,0,0,0,0,0,41.09
2008,3,3,6,30,9.5,0,0,0,0,0,0,44.43
2008,3,3,7,30,8.700000000000001,0,0,0,0,0,0,45.910000000000004
2008,3,3,8,30,7.9,0,0,0,0,0,0,46.85
2008,3,3,9,30,7.300000000000001,0,0,0,0,0,0,46.63
2008,3,3,10,30,6.800000000000001,0,0,0,0,0,0,45.12
2008,3,3,11,30,6.4,0,0,0,0,0,0,42.24
2008,3,3,12,30,6.5,0,0,0,0,0,0,38.6
2008,3,3,13,30,8.700000000000001,18,47,484,484,18,47,31.36
2008,3,3,14,30,13.5,42,300,897,897,42,300,21.53
2008,3,3,15,30,18.1,52,559,1022,1022,52,559,11.35
2008,3,3,16,30,20.900000000000002,58,768,1065,1065,58,768,8.13
2008,3,3,17,30,22.900000000000002,62,927,1095,1095,62,927,6.97
2008,3,3,18,30,24.200000000000003,65,1013,1107,1107,65,1013,6.2700000000000005
2008,3,3,19,30,25,66,1018,1108,1108,66,1018,5.71
2008,3,3,20,30,25.200000000000003,64,944,1097,1097,64,944,5.4
2008,3,3,21,30,24.700000000000003,59,795,1071,1071,59,795,5.38
2008,3,3,22,30,23.400000000000002,53,585,1018,1018,53,585,5.73
2008,3,3,23,30,20,44,333,906,906,44,333,7.36
2008,3,4,0,30,15.4,24,76,562,562,24,76,13.27
2008,3,4,1,30,12.200000000000001,0,0,0,0,0,0,20.85
2008,3,4,2,30,10.3,0,0,0,0,0,0,27.39
2008,3,4,3,30,8.700000000000001,0,0,0,0,0,0,31.310000000000002
2008,3,4,4,30,7,0,0,0,0,0,0,35.800000000000004
2008,3,4,5,30,5.300000000000001,0,0,0,0,0,0,41.02
2008,3,4,6,30,3.9000000000000004,0,0,0,0,0,0,44.34
2008,3,4,7,30,2.9000000000000004,0,0,0,0,0,0,45.72
2008,3,4,8,30,2.2,0,0,0,0,0,0,45.7
2008,3,4,9,30,1.6,0,0,0,0,0,0,45.46
2008,3,4,10,30,1,0,0,0,0,0,0,44.9
2008,3,4,11,30,0.6000000000000001,0,0,0,0,0,0,44.050000000000004
2008,3,4,12,30,1.1,0,0,0,0,0,0,40.81
2008,3,4,13,30,3.4000000000000004,19,50,491,491,19,50,34.51
2008,3,4,14,30,7.4,42,299,881,881,42,299,25.09
2008,3,4,15,30,12.600000000000001,52,555,1007,1007,52,555,18.88
2008,3,4,16,30,18.3,57,765,1055,309,395,602,12.72
2008,3,4,17,30,22.200000000000003,61,922,1085,795,275,906,8.6
2008,3,4,18,30,23.900000000000002,63,999,1090,1090,63,999,7.5
2008,3,4,19,30,24.700000000000003,62,1004,1092,1092,62,1004,7.13
2008,3,4,20,30,24.6,60,930,1081,1081,60,930,7.26
2008,3,4,21,30,23.900000000000002,62,780,1040,1040,62,780,7.66
2008,3,4,22,30,22.5,54,573,987,987,54,573,8.46
2008,3,4,23,30,19.8,43,325,878,878,43,325,10.15
2008,3,5,0,30,16,23,77,568,0,30,30,14.040000000000001
2008,3,5,1,30,13.200000000000001,0,0,0,0,0,0,18.66
2008,3,5,2,30,11.700000000000001,0,0,0,0,0,0,21.17
2008,3,5,3,30,10.3,0,0,0,0,0,0,23.71
2008,3,5,4,30,9.1,0,0,0,0,0,0,26.23
2008,3,5,5,30,8.200000000000001,0,0,0,0,0,0,28.6
2008,3,5,6,30,7.5,0,0,0,0,0,0,30.740000000000002
2008,3,5,7,30,6.9,0,0,0,0,0,0,32
2008,3,5,8,30,6.4,0,0,0,0,0,0,32.14
2008,3,5,9,30,5.9,0,0,0,0,0,0,31.98
2008,3,5,10,30,5.4,0,0,0,0,0,0,31.810000000000002
2008,3,5,11,30,4.800000000000001,0,0,0,0,0,0,32.160000000000004
2008,3,5,12,30,5.5,0,0,0,0,0,0,29.97
2008,3,5,13,30,9,19,53,515,515,19,53,23.37
2008,3,5,14,30,14,41,303,889,889,41,303,16.21
2008,3,5,15,30,17.8,51,560,1010,1010,51,560,9.6
2008,3,5,16,30,20.1,56,776,1068,1068,56,776,7.62
2008,3,5,17,30,22,60,934,1097,1097,60,934,6.73
2008,3,5,18,30,23.400000000000002,65,1020,1108,1108,65,1020,6.12
2008,3,5,19,30,24.1,65,1026,1109,1109,65,1026,5.84
2008,3,5,20,30,24.200000000000003,64,951,1097,1097,64,951,5.9
2008,3,5,21,30,23.5,58,794,1062,1062,58,794,6.32
2008,3,5,22,30,21.900000000000002,52,585,1009,1009,52,585,7.29
2008,3,5,23,30,19,43,334,898,898,43,334,9.42
2008,3,6,0,30,15.100000000000001,24,80,583,583,24,80,14.13
2008,3,6,1,30,12.4,0,0,0,0,0,0,19.88
2008,3,6,2,30,10.8,0,0,0,0,0,0,23.7
2008,3,6,3,30,9.5,0,0,0,0,0,0,27.150000000000002
2008,3,6,4,30,8.4,0,0,0,0,0,0,30.080000000000002
2008,3,6,5,30,7.6000000000000005,0,0,0,0,0,0,32.58
2008,3,6,6,30,6.9,0,0,0,0,0,0,34.7
2008,3,6,7,30,6.300000000000001,0,0,0,0,0,0,36.02
2008,3,6,8,30,5.800000000000001,0,0,0,0,0,0,36.89
2008,3,6,9,30,5.300000000000001,0,0,0,0,0,0,37.58
2008,3,6,10,30,4.9,0,0,0,0,0,0,37.910000000000004
2008,3,6,11,30,4.6000000000000005,0,0,0,0,0,0,37.82
2008,3,6,12,30,5.1000000000000005,0,0,0,0,0,0,35.63
2008,3,6,13,30,7.7,20,55,492,492,20,55,28.97
2008,3,6,14,30,12.5,44,308,883,883,44,308,20.27
2008,3,6,15,30,16.6,55,565,1005,1005,55,565,14.18
2008,3,6,16,30,18.900000000000002,62,783,1062,1062,62,783,11.75
2008,3,6,17,30,20.400000000000002,67,941,1092,1092,67,941,9.92
2008,3,6,18,30,21.400000000000002,66,1016,1097,1097,66,1016,8.66
2008,3,6,19,30,21.6,68,1021,1096,1096,68,1021,8.08
2008,3,6,20,30,21.400000000000002,68,955,1093,1093,68,955,7.94
2008,3,6,21,30,20.6,66,806,1063,1063,66,806,8.24
2008,3,6,22,30,19.1,58,594,1010,1010,58,594,8.91
2008,3,6,23,30,16.7,47,340,898,898,47,340,10.21
2008,3,7,0,30,13.5,26,82,571,571,26,82,13
2008,3,7,1,30,10.700000000000001,0,0,0,0,0,0,17.3
2008,3,7,2,30,8.6,0,0,0,0,0,0,21.96
2008,3,7,3,30,7.1000000000000005,0,0,0,0,0,0,25.84
2008,3,7,4,30,5.9,0,0,0,0,0,0,29.05
2008,3,7,5,30,4.7,0,0,0,0,0,0,32.07
2008,3,7,6,30,3.6,0,0,0,0,0,0,34.94
2008,3,7,7,30,2.7,0,0,0,0,0,0,37.34
2008,3,7,8,30,2,0,0,0,0,0,0,39.57
2008,3,7,9,30,1.4000000000000001,0,0,0,0,0,0,41.25
2008,3,7,10,30,0.7000000000000001,0,0,0,0,0,0,43.08
2008,3,7,11,30,0,0,0,0,0,0,0,44.79
2008,3,7,12,30,0.5,0,0,0,0,0,0,42.76
2008,3,7,13,30,3.4000000000000004,24,58,468,468,24,58,36.2
2008,3,7,14,30,7.300000000000001,51,314,868,868,51,314,29.560000000000002
2008,3,7,15,30,10.700000000000001,66,574,996,996,66,574,22.81
2008,3,7,16,30,13.700000000000001,75,795,1057,1057,75,795,16.65
2008,3,7,17,30,16.3,79,943,1075,1075,79,943,12.1
2008,3,7,18,30,18,82,1028,1089,1089,82,1028,8.99
2008,3,7,19,30,18.6,82,1033,1090,1090,82,1033,7.92
2008,3,7,20,30,18.400000000000002,81,957,1075,1075,81,957,7.88
2008,3,7,21,30,17.5,76,806,1044,1044,76,806,8.370000000000001
2008,3,7,22,30,15.9,67,593,988,988,67,593,9.11
2008,3,7,23,30,13.200000000000001,53,340,874,874,53,340,10.5
2008,3,8,0,30,9.5,28,84,563,563,28,84,14.450000000000001
2008,3,8,1,30,6.9,0,0,0,0,0,0,19.740000000000002
2008,3,8,2,30,5.5,0,0,0,0,0,0,21.91
2008,3,8,3,30,3.9000000000000004,0,0,0,0,0,0,24.96
2008,3,8,4,30,2.3000000000000003,0,0,0,0,0,0,28.52
2008,3,8,5,30,1,0,0,0,0,0,0,32.03
2008,3,8,6,30,0.1,0,0,0,0,0,0,34.21
2008,3,8,7,30,-0.6000000000000001,0,0,0,0,0,0,35.76
2008,3,8,8,30,-1.1,0,0,0,0,0,0,36.85
2008,3,8,9,30,-1.3,0,0,0,0,0,0,37.32
2008,3,8,10,30,-1.5,0,0,0,0,0,0,37.78
2008,3,8,11,30,-1.8,0,0,0,0,0,0,38.62
2008,3,8,12,30,-1.2000000000000002,0,0,0,0,0,0,37.63
2008,3,8,13,30,1.8,24,62,497,497,24,62,33
2008,3,8,14,30,6.2,49,314,864,864,49,314,25.44
2008,3,8,15,30,10.200000000000001,62,572,991,991,62,572,17.52
2008,3,8,16,30,13.600000000000001,71,790,1049,1049,71,790,13.35
2008,3,8,17,30,17,76,948,1080,1080,76,948,10.3
2008,3,8,18,30,19.6,78,1032,1094,1094,78,1032,8.24
2008,3,8,19,30,21.200000000000003,78,1037,1095,1095,78,1037,7.25
2008,3,8,20,30,22,77,961,1082,1082,77,961,6.88
2008,3,8,21,30,22.1,73,802,1040,1040,73,802,6.93
2008,3,8,22,30,21.400000000000002,65,590,982,982,65,590,7.34
2008,3,8,23,30,18.1,52,338,864,864,52,338,9.31
2008,3,9,0,30,13.600000000000001,28,82,525,525,28,82,18.39
2008,3,9,1,30,11.100000000000001,0,0,0,0,0,0,21.57
2008,3,9,2,30,10,0,0,0,0,0,0,22.37
2008,3,9,3,30,9.1,0,0,0,0,0,0,22.96
2008,3,9,4,30,8.1,0,0,0,0,0,0,24.22
2008,3,9,5,30,6.9,0,0,0,0,0,0,26.37
2008,3,9,6,30,6,0,0,0,0,0,0,28.060000000000002
2008,3,9,7,30,5.1000000000000005,0,0,0,0,0,0,30.03
2008,3,9,8,30,4.4,0,0,0,0,0,0,31.92
2008,3,9,9,30,3.8000000000000003,0,0,0,0,0,0,33.95
2008,3,9,10,30,3.3000000000000003,0,0,0,0,0,0,36.300000000000004
2008,3,9,11,30,3,0,0,0,0,0,0,38.300000000000004
2008,3,9,12,30,3.7,0,0,0,0,0,0,37.28
2008,3,9,13,30,7,24,66,517,517,24,66,30.05
2008,3,9,14,30,11.700000000000001,49,325,888,888,49,325,21.56
2008,3,9,15,30,15.600000000000001,61,585,1010,1010,61,585,11.35
2008,3,9,16,30,18.3,69,805,1067,1067,69,805,6.91
2008,3,9,17,30,20.5,74,964,1097,1097,74,964,5.18
2008,3,9,18,30,22,76,1049,1111,1111,76,1049,4.48
2008,3,9,19,30,22.900000000000002,76,1053,1112,1112,76,1053,4.19
2008,3,9,20,30,23.1,75,976,1099,1099,75,976,4.2
2008,3,9,21,30,22.6,70,824,1072,1072,70,824,4.42
2008,3,9,22,30,21.3,62,609,1019,1019,62,609,4.94
2008,3,9,23,30,17.900000000000002,49,346,894,894,49,346,6.45
2008,3,10,0,30,13.600000000000001,27,86,573,573,27,86,11.76
2008,3,10,1,30,11.200000000000001,0,0,0,0,0,0,15.92
2008,3,10,2,30,10.200000000000001,0,0,0,0,0,0,18.1
2008,3,10,3,30,8.9,0,0,0,0,0,0,21.48
2008,3,10,4,30,7.7,0,0,0,0,0,0,25.55
2008,3,10,5,30,6.4,0,0,0,0,0,0,30.19
2008,3,10,6,30,5.2,0,0,0,0,0,0,34.69
2008,3,10,7,30,4.1000000000000005,0,0,0,0,0,0,38.37
2008,3,10,8,30,3.1,0,0,0,0,0,0,40.550000000000004
2008,3,10,9,30,2.2,0,0,0,0,0,0,40.51
2008,3,10,10,30,1.6,0,0,0,0,0,0,38.34
2008,3,10,11,30,1,0,0,0,0,0,0,36.28
2008,3,10,12,30,2,0,0,0,0,0,0,31.32
2008,3,10,13,30,5.7,24,68,523,523,24,68,24.18
2008,3,10,14,30,11.100000000000001,47,325,882,882,47,325,15.98
2008,3,10,15,30,15.600000000000001,59,582,1002,1002,59,582,9.93
2008,3,10,16,30,18.7,68,800,1057,1057,68,800,6.890000000000001
2008,3,10,17,30,20.900000000000002,72,957,1086,1086,72,957,5.51
2008,3,10,18,30,22.5,75,1041,1100,1100,75,1041,4.95
2008,3,10,19,30,23.400000000000002,74,1045,1101,1101,74,1045,4.89
2008,3,10,20,30,23.8,72,959,1078,1078,72,959,5.01
2008,3,10,21,30,23.6,68,809,1050,1050,68,809,5.2700000000000005
2008,3,10,22,30,22.8,60,597,996,996,60,597,5.71
2008,3,10,23,30,19.900000000000002,49,344,884,884,49,344,7.17
2008,3,11,0,30,15.700000000000001,27,87,565,565,27,87,16.37
2008,3,11,1,30,12.9,0,0,0,0,0,0,17.76
2008,3,11,2,30,10.9,0,0,0,0,0,0,19.85
2008,3,11,3,30,9,0,0,0,0,0,0,23.09
2008,3,11,4,30,7.4,0,0,0,0,0,0,26.48
2008,3,11,5,30,6.300000000000001,0,0,0,0,0,0,28.71
2008,3,11,6,30,5.4,0,0,0,0,0,0,30.42
2008,3,11,7,30,4.800000000000001,0,0,0,0,0,0,32.22
2008,3,11,8,30,4.5,0,0,0,0,0,0,37.69
2008,3,11,9,30,4.4,0,0,0,0,0,0,49.9
2008,3,11,10,30,4.9,0,0,0,0,0,0,65.66
2008,3,11,11,30,5.7,0,0,0,0,0,0,80.05
2008,3,11,12,30,6.9,0,0,0,0,0,0,88.42
2008,3,11,13,30,9.200000000000001,27,64,414,414,27,64,82.28
2008,3,11,14,30,12.600000000000001,54,312,812,812,54,312,64.68
2008,3,11,15,30,16.900000000000002,64,564,950,950,64,564,43.85
2008,3,11,16,30,20.900000000000002,70,777,1014,1014,70,777,24.560000000000002
2008,3,11,17,30,23.400000000000002,74,930,1046,1046,74,930,17.26
2008,3,11,18,30,25,80,1012,1056,1056,80,1012,13.83
2008,3,11,19,30,26,78,1015,1059,1059,78,1015,11.88
2008,3,11,20,30,26.400000000000002,73,940,1050,1050,73,940,10.85
2008,3,11,21,30,26,69,791,1021,1021,69,791,10.46
2008,3,11,22,30,25,60,583,966,966,60,583,10.49
2008,3,11,23,30,21.900000000000002,48,335,855,855,48,335,12.19
2008,3,12,0,30,18,26,85,545,545,26,85,21.26
2008,3,12,1,30,15.700000000000001,0,0,0,0,0,0,23.21
2008,3,12,2,30,13.9,0,0,0,0,0,0,26.19
2008,3,12,3,30,12.200000000000001,0,0,0,0,0,0,30.14
2008,3,12,4,30,10.8,0,0,0,0,0,0,33.87
2008,3,12,5,30,10,0,0,0,0,0,0,36.25
2008,3,12,6,30,9.700000000000001,0,0,0,0,0,0,37.25
2008,3,12,7,30,9,0,0,0,0,0,0,39.21
2008,3,12,8,30,8.1,0,0,0,0,0,0,40.93
2008,3,12,9,30,7.4,0,0,0,0,0,0,41.160000000000004
2008,3,12,10,30,7.1000000000000005,0,0,0,0,0,0,39.92
2008,3,12,11,30,6.9,0,0,0,0,0,0,38.79
2008,3,12,12,30,7.7,0,0,0,0,0,0,35.5
2008,3,12,13,30,11,24,72,517,2,42,42,29.67
2008,3,12,14,30,15.100000000000001,47,322,852,550,111,288,23.400000000000002
2008,3,12,15,30,18.6,60,573,969,274,300,445,22.16
2008,3,12,16,30,21.5,67,782,1021,345,388,630,20.94
2008,3,12,17,30,23.6,71,935,1052,603,281,777,17.32
2008,3,12,18,30,24.8,87,1010,1043,1043,87,1010,15.120000000000001
2008,3,12,19,30,24.900000000000002,84,1014,1047,690,267,880,14.38
2008,3,12,20,30,24.900000000000002,79,939,1038,577,284,761,13.92
2008,3,12,21,30,24.700000000000003,68,791,1017,314,403,627,13.69
2008,3,12,22,30,23.5,60,584,964,385,232,441,14.38
2008,3,12,23,30,21.1,48,338,859,859,48,338,16.48
2008,3,13,0,30,18,26,88,564,20,54,56,21.25
2008,3,13,1,30,15.9,0,0,0,0,0,0,25.6
2008,3,13,2,30,14.8,0,0,0,0,0,0,27.36
2008,3,13,3,30,13.600000000000001,0,0,0,0,0,0,29.54
2008,3,13,4,30,12.4,0,0,0,0,0,0,32.62
2008,3,13,5,30,11.3,0,0,0,0,0,0,36.52
2008,3,13,6,30,10.3,0,0,0,0,0,0,40.97
2008,3,13,7,30,9.4,0,0,0,0,0,0,44.59
2008,3,13,8,30,8.6,0,0,0,0,0,0,46.72
2008,3,13,9,30,7.800000000000001,0,0,0,0,0,0,47.82
2008,3,13,10,30,6.9,0,0,0,0,0,0,48.5
2008,3,13,11,30,6.800000000000001,0,0,0,0,0,0,46.72
2008,3,13,12,30,7.6000000000000005,0,0,0,0,0,0,42.800000000000004
2008,3,13,13,30,10,24,77,551,22,51,53,36.08
2008,3,13,14,30,14.5,45,331,879,879,45,331,26.03
2008,3,13,15,30,18.900000000000002,55,585,993,993,55,585,14.72
2008,3,13,16,30,21.6,62,799,1046,1046,62,799,11.05
2008,3,13,17,30,23.400000000000002,66,953,1074,1074,66,953,9.44
2008,3,13,18,30,24.5,64,1033,1090,1090,64,1033,8.48
2008,3,13,19,30,25.1,64,1035,1090,1090,64,1035,7.78
2008,3,13,20,30,25.200000000000003,64,966,1086,1086,64,966,7.29
2008,3,13,21,30,24.900000000000002,64,816,1055,1055,64,816,6.97
2008,3,13,22,30,24,58,604,1001,1001,58,604,6.96
2008,3,13,23,30,21,48,351,893,893,48,351,8.05
2008,3,14,0,30,16.6,27,92,589,589,27,92,15.66
2008,3,14,1,30,14,0,0,0,0,0,0,18.76
2008,3,14,2,30,12.600000000000001,0,0,0,0,0,0,20.53
2008,3,14,3,30,11.4,0,0,0,0,0,0,23.12
2008,3,14,4,30,10.200000000000001,0,0,0,0,0,0,27.900000000000002
2008,3,14,5,30,8.9,0,0,0,0,0,0,36.230000000000004
2008,3,14,6,30,7.9,0,0,0,0,0,0,46.61
2008,3,14,7,30,7.2,0,0,0,0,0,0,55.86
2008,3,14,8,30,6.6000000000000005,0,0,0,0,0,0,62.09
2008,3,14,9,30,6,0,0,0,0,0,0,65.44
2008,3,14,10,30,5.5,0,0,0,0,0,0,65.76
2008,3,14,11,30,5.1000000000000005,0,0,0,0,0,0,63.120000000000005
2008,3,14,12,30,6.300000000000001,0,0,0,0,0,0,52.32
2008,3,14,13,30,10.3,26,81,544,544,26,81,35.72
2008,3,14,14,30,16.1,49,338,876,876,49,338,21.87
2008,3,14,15,30,21.200000000000003,61,593,991,991,61,593,11.39
2008,3,14,16,30,24.200000000000003,67,809,1048,1048,67,809,6.67
2008,3,14,17,30,25.700000000000003,72,964,1077,1077,72,964,6.0600000000000005
2008,3,14,18,30,26.8,78,1046,1085,1085,78,1046,5.74
2008,3,14,19,30,27.400000000000002,78,1048,1086,1086,78,1048,5.64
2008,3,14,20,30,27.5,74,971,1076,1076,74,971,5.67
2008,3,14,21,30,27.1,67,819,1051,1051,67,819,5.75
2008,3,14,22,30,26.1,60,607,1000,1000,60,607,5.99
2008,3,14,23,30,22.900000000000002,48,353,893,893,48,353,7.23
2008,3,15,0,30,19,27,94,597,597,27,94,14.52
2008,3,15,1,30,17.5,0,0,0,0,0,0,14.96
2008,3,15,2,30,17.3,0,0,0,0,0,0,14.16
2008,3,15,3,30,16.400000000000002,0,0,0,0,0,0,14.63
2008,3,15,4,30,14.100000000000001,0,0,0,0,0,0,17.12
2008,3,15,5,30,11.600000000000001,0,0,0,0,0,0,21.78
2008,3,15,6,30,10,0,0,0,0,0,0,26.05
2008,3,15,7,30,9.1,0,0,0,0,0,0,30.57
2008,3,15,8,30,8.3,0,0,0,0,0,0,35.49
2008,3,15,9,30,7.800000000000001,0,0,0,0,0,0,39.11
2008,3,15,10,30,7.300000000000001,0,0,0,0,0,0,40.910000000000004
2008,3,15,11,30,7,0,0,0,0,0,0,40.65
2008,3,15,12,30,8.200000000000001,0,0,0,0,0,0,35.39
2008,3,15,13,30,12.4,26,84,565,565,26,84,26.71
2008,3,15,14,30,18.1,47,340,879,879,47,340,17.47
2008,3,15,15,30,22.8,57,593,990,990,57,593,11.22
2008,3,15,16,30,25.5,64,807,1044,1044,64,807,7.890000000000001
2008,3,15,17,30,26.900000000000002,68,961,1073,1073,68,961,7.11
2008,3,15,18,30,28,70,1042,1085,1085,70,1042,6.62
2008,3,15,19,30,28.700000000000003,70,1044,1086,1086,70,1044,6.24
2008,3,15,20,30,29,70,966,1073,1073,70,966,6.08
2008,3,15,21,30,28.700000000000003,69,810,1033,1033,69,810,6.15
2008,3,15,22,30,27.700000000000003,62,599,977,977,62,599,6.5600000000000005
2008,3,15,23,30,24.6,51,348,864,864,51,348,8.06
2008,3,16,0,30,20.200000000000003,29,92,556,556,29,92,14.75
2008,3,16,1,30,17.400000000000002,0,0,0,0,0,0,17.64
2008,3,16,2,30,16.1,0,0,0,0,0,0,18.71
2008,3,16,3,30,14.700000000000001,0,0,0,0,0,0,21.27
2008,3,16,4,30,13.3,0,0,0,0,0,0,24.68
2008,3,16,5,30,12.100000000000001,0,0,0,0,0,0,27.830000000000002
2008,3,16,6,30,11.100000000000001,0,0,0,0,0,0,30.560000000000002
2008,3,16,7,30,10.3,0,0,0,0,0,0,32.94
2008,3,16,8,30,9.600000000000001,0,0,0,0,0,0,35.07
2008,3,16,9,30,9,0,0,0,0,0,0,36.53
2008,3,16,10,30,8.5,0,0,0,0,0,0,37
2008,3,16,11,30,8.200000000000001,0,0,0,0,0,0,35.96
2008,3,16,12,30,9.3,0,0,0,0,0,0,31.21
2008,3,16,13,30,13.5,28,86,538,538,28,86,23.150000000000002
2008,3,16,14,30,19.1,52,340,855,855,52,340,14.31
2008,3,16,15,30,23.400000000000002,64,593,971,971,64,593,9.52
2008,3,16,16,30,25.6,71,806,1029,1029,71,806,8.31
2008,3,16,17,30,26.8,75,959,1059,1059,75,959,8.25
2008,3,16,18,30,27.5,80,1034,1063,1063,80,1034,8.43
2008,3,16,19,30,27.700000000000003,77,1036,1067,1067,77,1036,8.77
2008,3,16,20,30,27.200000000000003,75,959,1054,688,265,841,9.33
2008,3,16,21,30,25.700000000000003,69,809,1028,1028,69,809,10.290000000000001
2008,3,16,22,30,23.700000000000003,61,599,974,554,196,501,11.700000000000001
2008,3,16,23,30,21.3,50,348,865,865,50,348,13.93
2008,3,17,0,30,18.6,28,94,563,106,63,75,17.48
2008,3,17,1,30,16,0,0,0,0,0,0,22.29
2008,3,17,2,30,14,0,0,0,0,0,0,27.060000000000002
2008,3,17,3,30,12.5,0,0,0,0,0,0,31.53
2008,3,17,4,30,11.200000000000001,0,0,0,0,0,0,36.35
2008,3,17,5,30,10.100000000000001,0,0,0,0,0,0,40.92
2008,3,17,6,30,9.600000000000001,0,0,0,0,0,0,42.94
2008,3,17,7,30,9.700000000000001,0,0,0,0,0,0,42.050000000000004
2008,3,17,8,30,9.9,0,0,0,0,0,0,40.43
2008,3,17,9,30,9.700000000000001,0,0,0,0,0,0,39.75
2008,3,17,10,30,9.1,0,0,0,0,0,0,40.29
2008,3,17,11,30,8.4,0,0,0,0,0,0,41.06
2008,3,17,12,30,8.700000000000001,0,0,0,0,0,0,39.01
2008,3,17,13,30,11.100000000000001,27,90,565,23,55,58,32.08
2008,3,17,14,30,15.4,49,343,861,861,49,343,22.72
2008,3,17,15,30,19.1,59,593,972,972,59,593,18.42
2008,3,17,16,30,21.400000000000002,65,800,1022,1022,65,800,17.330000000000002
2008,3,17,17,30,23.1,67,950,1053,1053,67,950,16.36
2008,3,17,18,30,24.200000000000003,68,1025,1062,1062,68,1025,15.98
2008,3,17,19,30,24.8,65,1025,1065,1065,65,1025,15.98
2008,3,17,20,30,24.6,64,945,1048,1048,64,945,16.9
2008,3,17,21,30,23.6,66,798,1014,1014,66,798,19.53
2008,3,17,22,30,21.8,57,590,963,963,57,590,24.13
2008,3,17,23,30,19.1,47,343,855,855,47,343,31.53
2008,3,18,0,30,16.2,27,94,570,570,27,94,42.22
2008,3,18,1,30,13.8,0,0,0,0,0,0,54.26
2008,3,18,2,30,12,0,0,0,0,0,0,65.23
2008,3,18,3,30,10.600000000000001,0,0,0,0,0,0,73.62
2008,3,18,4,30,9.5,0,0,0,0,0,0,78.64
2008,3,18,5,30,8.700000000000001,0,0,0,0,0,0,80.78
2008,3,18,6,30,8,0,0,0,0,0,0,82.46000000000001
2008,3,18,7,30,7.5,0,0,0,0,0,0,82.65
2008,3,18,8,30,7.2,0,0,0,0,0,0,81.63
2008,3,18,9,30,7,0,0,0,0,0,0,80.69
2008,3,18,10,30,6.6000000000000005,0,0,0,0,0,0,79.13
2008,3,18,11,30,6,0,0,0,0,0,0,79.01
2008,3,18,12,30,5.7,0,0,0,0,0,0,75.99
2008,3,18,13,30,6.6000000000000005,29,96,583,583,29,96,66.97
2008,3,18,14,30,8.6,51,360,894,894,51,360,50.92
2008,3,18,15,30,11,64,617,1000,1000,64,617,34.15
2008,3,18,16,30,13.4,72,833,1054,1054,72,833,21.64
2008,3,18,17,30,15.3,77,1000,1096,1096,77,1000,13.92
2008,3,18,18,30,16.7,80,1082,1107,1107,80,1082,9.870000000000001
2008,3,18,19,30,17.7,77,1082,1111,1111,77,1082,7.76
2008,3,18,20,30,18.3,73,1002,1102,1102,73,1002,6.7
2008,3,18,21,30,18.2,68,847,1075,1075,68,847,6.32
2008,3,18,22,30,17.3,60,630,1025,1025,60,630,6.44
2008,3,18,23,30,14.9,49,370,923,923,49,370,7.59
2008,3,19,0,30,11,29,104,633,633,29,104,12.36
2008,3,19,1,30,8.4,0,0,0,0,0,0,17.2
2008,3,19,2,30,7.1000000000000005,0,0,0,0,0,0,19.650000000000002
2008,3,19,3,30,5.800000000000001,0,0,0,0,0,0,23.7
2008,3,19,4,30,4.5,0,0,0,0,0,0,28.53
2008,3,19,5,30,3.5,0,0,0,0,0,0,32.56
2008,3,19,6,30,2.7,0,0,0,0,0,0,35.33
2008,3,19,7,30,2,0,0,0,0,0,0,37.61
2008,3,19,8,30,1.4000000000000001,0,0,0,0,0,0,39.61
2008,3,19,9,30,0.8,0,0,0,0,0,0,42.12
2008,3,19,10,30,0.4,0,0,0,0,0,0,44.85
2008,3,19,11,30,0,0,0,0,0,0,0,48.26
2008,3,19,12,30,1.2000000000000002,0,0,0,0,0,0,46.28
2008,3,19,13,30,5.2,30,101,594,594,30,101,36.56
2008,3,19,14,30,9.600000000000001,52,365,895,895,52,365,26.93
2008,3,19,15,30,12.9,64,622,1003,1003,64,622,19.080000000000002
2008,3,19,16,30,15.5,71,838,1057,1057,71,838,14.88
2008,3,19,17,30,17.7,75,992,1085,1085,75,992,12.120000000000001
2008,3,19,18,30,19.5,78,1073,1096,1096,78,1073,10.08
2008,3,19,19,30,20.8,78,1073,1096,1096,78,1073,8.64
2008,3,19,20,30,21.400000000000002,76,993,1084,1084,76,993,7.84
2008,3,19,21,30,21.3,70,839,1058,1058,70,839,7.54
2008,3,19,22,30,20.400000000000002,63,623,1006,1006,63,623,7.69
2008,3,19,23,30,17.7,52,366,897,897,52,366,8.92
2008,3,20,0,30,13.600000000000001,30,102,596,596,30,102,14.27
2008,3,20,1,30,11,0,0,0,0,0,0,16.38
2008,3,20,2,30,9.600000000000001,0,0,0,0,0,0,16.4
2008,3,20,3,30,8,0,0,0,0,0,0,17.7
2008,3,20,4,30,6.5,0,0,0,0,0,0,19.31
2008,3,20,5,30,5.2,0,0,0,0,0,0,21.17
2008,3,20,6,30,4.1000000000000005,0,0,0,0,0,0,23.67
2008,3,20,7,30,3.4000000000000004,0,0,0,0,0,0,27.060000000000002
2008,3,20,8,30,2.9000000000000004,0,0,0,0,0,0,33.94
2008,3,20,9,30,2.5,0,0,0,0,0,0,45.58
2008,3,20,10,30,2,0,0,0,0,0,0,57.65
2008,3,20,11,30,1.5,0,0,0,0,0,0,65.33
2008,3,20,12,30,2.2,0,0,0,0,0,0,63.5
2008,3,20,13,30,5.300000000000001,32,102,567,567,32,102,50.67
2008,3,20,14,30,9.9,55,363,872,872,55,363,34.67
2008,3,20,15,30,14.700000000000001,68,619,984,984,68,619,23.6
2008,3,20,16,30,19.200000000000003,76,833,1038,1038,76,833,15.94
2008,3,20,17,30,22.5,80,986,1068,1068,80,986,10.86
2008,3,20,18,30,24.3,78,1066,1085,1085,78,1066,8.86
2008,3,20,19,30,25.3,78,1066,1086,1086,78,1066,7.75
2008,3,20,20,30,25.700000000000003,76,986,1074,1074,76,986,7.13
2008,3,20,21,30,25.700000000000003,72,832,1044,1044,72,832,6.83
2008,3,20,22,30,24.900000000000002,65,618,989,989,65,618,6.98
2008,3,20,23,30,22.6,53,359,870,870,53,359,7.95
2008,3,21,0,30,18.7,31,100,570,570,31,100,14.71
2008,3,21,1,30,15.700000000000001,0,0,0,0,0,0,16.67
2008,3,21,2,30,13.9,0,0,0,0,0,0,17.91
2008,3,21,3,30,12.4,0,0,0,0,0,0,19.06
2008,3,21,4,30,11,0,0,0,0,0,0,20.68
2008,3,21,5,30,9.700000000000001,0,0,0,0,0,0,23.18
2008,3,21,6,30,8.6,0,0,0,0,0,0,26.47
2008,3,21,7,30,7.6000000000000005,0,0,0,0,0,0,30.55
2008,3,21,8,30,7,0,0,0,0,0,0,33.92
2008,3,21,9,30,6.6000000000000005,0,0,0,0,0,0,36.26
2008,3,21,10,30,6.4,0,0,0,0,0,0,37.38
2008,3,21,11,30,6.300000000000001,0,0,0,0,0,0,37.87
2008,3,21,12,30,7.9,0,0,0,0,0,0,34.410000000000004
2008,3,21,13,30,12.3,33,103,554,554,33,103,27.19
2008,3,21,14,30,18,57,362,856,856,57,362,19.04
2008,3,21,15,30,22.400000000000002,70,616,970,970,70,616,13.36
2008,3,21,16,30,24.900000000000002,77,829,1028,1028,77,829,9.31
2008,3,21,17,30,26.3,81,982,1057,1057,81,982,7.72
2008,3,21,18,30,27.3,85,1061,1069,1069,85,1061,6.79
2008,3,21,19,30,27.8,84,1060,1070,1070,84,1060,6.2
2008,3,21,20,30,27.8,81,980,1058,1058,81,980,5.83
2008,3,21,21,30,27.3,74,828,1033,1033,74,828,5.68
2008,3,21,22,30,26.200000000000003,66,614,979,979,66,614,5.79
2008,3,21,23,30,23.3,54,361,867,867,54,361,6.67
2008,3,22,0,30,19.1,32,101,563,563,32,101,11.49
2008,3,22,1,30,16.2,0,0,0,0,0,0,12.75
2008,3,22,2,30,14.5,0,0,0,0,0,0,13.19
2008,3,22,3,30,12.8,0,0,0,0,0,0,14.51
2008,3,22,4,30,11.5,0,0,0,0,0,0,16.11
2008,3,22,5,30,11.100000000000001,0,0,0,0,0,0,16.87
2008,3,22,6,30,10.9,0,0,0,0,0,0,16.57
2008,3,22,7,30,10.100000000000001,0,0,0,0,0,0,16.95
2008,3,22,8,30,9.1,0,0,0,0,0,0,18.05
2008,3,22,9,30,8.200000000000001,0,0,0,0,0,0,20.28
2008,3,22,10,30,7.800000000000001,0,0,0,0,0,0,23.87
2008,3,22,11,30,7.4,0,0,0,0,0,0,27.5
2008,3,22,12,30,8.200000000000001,0,0,0,0,0,0,28.79
2008,3,22,13,30,11.600000000000001,33,107,566,12,69,71,27.25
2008,3,22,14,30,16.900000000000002,56,365,857,857,56,365,20.06
2008,3,22,15,30,21.400000000000002,69,617,966,966,69,617,13.55
2008,3,22,16,30,24,78,824,1013,1013,78,824,10.040000000000001
2008,3,22,17,30,25.8,84,974,1041,1041,84,974,8.86
2008,3,22,18,30,27.1,81,1052,1061,1061,81,1052,8.35
2008,3,22,19,30,27.8,82,1051,1059,1059,82,1051,8.06
2008,3,22,20,30,28.1,81,967,1039,1039,81,967,7.86
2008,3,22,21,30,27.8,78,815,1007,1007,78,815,7.88
2008,3,22,22,30,26.8,71,603,947,947,71,603,8.22
2008,3,22,23,30,24.400000000000002,58,352,827,827,58,352,9.51
2008,3,23,0,30,20.700000000000003,33,97,518,122,65,80,16.03
2008,3,23,1,30,18.2,0,0,0,0,0,0,18.75
2008,3,23,2,30,16.7,0,0,0,0,0,0,21.62
2008,3,23,3,30,15,0,0,0,0,0,0,27.12
2008,3,23,4,30,13.5,0,0,0,0,0,0,32.17
2008,3,23,5,30,12.200000000000001,0,0,0,0,0,0,35.72
2008,3,23,6,30,11.200000000000001,0,0,0,0,0,0,37.89
2008,3,23,7,30,10.4,0,0,0,0,0,0,39.300000000000004
2008,3,23,8,30,9.700000000000001,0,0,0,0,0,0,40.13
2008,3,23,9,30,9.3,0,0,0,0,0,0,39.63
2008,3,23,10,30,9.1,0,0,0,0,0,0,38.480000000000004
2008,3,23,11,30,8.9,0,0,0,0,0,0,37.44
2008,3,23,12,30,9.700000000000001,0,0,0,0,0,0,34.230000000000004
2008,3,23,13,30,13,33,111,579,579,33,111,27.5
2008,3,23,14,30,17.8,55,370,863,863,55,370,18.400000000000002
2008,3,23,15,30,21.5,68,626,978,978,68,626,11.16
2008,3,23,16,30,23.700000000000003,76,838,1031,1031,76,838,9.01
2008,3,23,17,30,25.3,81,989,1059,1059,81,989,7.83
2008,3,23,18,30,26.5,85,1067,1070,1070,85,1067,7.05
2008,3,23,19,30,27.200000000000003,84,1066,1070,1070,84,1066,6.59
2008,3,23,20,30,27.400000000000002,81,985,1058,1058,81,985,6.390000000000001
2008,3,23,21,30,27,75,826,1023,1023,75,826,6.51
2008,3,23,22,30,25.8,68,613,966,966,68,613,7.2
2008,3,23,23,30,23.200000000000003,57,357,841,841,57,357,9.370000000000001
2008,3,24,0,30,19.400000000000002,34,99,518,518,34,99,16.16
2008,3,24,1,30,16.1,0,0,0,0,0,0,27.810000000000002
2008,3,24,2,30,13.8,0,0,0,0,0,0,44.06
2008,3,24,3,30,12.600000000000001,0,0,0,0,0,0,58.42
2008,3,24,4,30,11.9,0,0,0,0,0,0,64.12
2008,3,24,5,30,11.4,0,0,0,0,0,0,66.11
2008,3,24,6,30,10.700000000000001,0,0,0,0,0,0,69.68
2008,3,24,7,30,10.3,0,0,0,0,0,0,73.27
2008,3,24,8,30,10,0,0,0,0,0,0,75.92
2008,3,24,9,30,9.8,0,0,0,0,0,0,77.77
2008,3,24,10,30,9.600000000000001,0,0,0,0,0,0,80.27
2008,3,24,11,30,9.4,0,0,0,0,0,0,83.01
2008,3,24,12,30,9.600000000000001,0,0,0,0,0,0,82.87
2008,3,24,13,30,10.8,40,106,480,480,40,106,74.74
2008,3,24,14,30,13.100000000000001,66,357,791,1,147,147,59.46
2008,3,24,15,30,16,77,607,924,144,348,431,46.550000000000004
2008,3,24,16,30,18.900000000000002,83,816,988,988,83,816,36.72
2008,3,24,17,30,21.400000000000002,86,964,1019,1019,86,964,29.42
2008,3,24,18,30,23.400000000000002,88,1040,1033,1033,88,1040,23.96
2008,3,24,19,30,24.6,89,1039,1032,1032,89,1039,20.77
2008,3,24,20,30,25.1,88,955,1012,1012,88,955,19.14
2008,3,24,21,30,25,85,801,974,562,324,738,18.490000000000002
2008,3,24,22,30,24.200000000000003,80,591,903,302,270,440,19.01
2008,3,24,23,30,22.400000000000002,69,340,756,0,20,20,21.34
2008,3,25,0,30,19.700000000000003,41,92,398,398,41,92,27.330000000000002
2008,3,25,1,30,18,0,0,0,0,0,0,32.79
2008,3,25,2,30,17.1,0,0,0,0,0,0,36.93
2008,3,25,3,30,15.700000000000001,0,0,0,0,0,0,43.29
2008,3,25,4,30,14,0,0,0,0,0,0,50.79
2008,3,25,5,30,12.600000000000001,0,0,0,0,0,0,57.04
2008,3,25,6,30,11.4,0,0,0,0,0,0,62.31
2008,3,25,7,30,10.4,0,0,0,0,0,0,67.02
2008,3,25,8,30,9.600000000000001,0,0,0,0,0,0,71.21000000000001
2008,3,25,9,30,8.8,0,0,0,0,0,0,75.76
2008,3,25,10,30,8.3,0,0,0,0,0,0,78.94
2008,3,25,11,30,8,0,0,0,0,0,0,81.12
2008,3,25,12,30,8.6,0,0,0,0,0,0,78.04
2008,3,25,13,30,11.5,37,113,530,530,37,113,64.62
2008,3,25,14,30,16.2,61,369,829,829,61,369,45.29
2008,3,25,15,30,20.400000000000002,72,618,946,946,72,618,28.28
2008,3,25,16,30,23.1,79,827,1002,444,377,708,21.41
2008,3,25,17,30,24.900000000000002,83,975,1033,1033,83,975,18.03
2008,3,25,18,30,26.200000000000003,92,1046,1032,198,554,738,16
2008,3,25,19,30,27.1,92,1040,1028,801,266,1005,14.85
2008,3,25,20,30,27.400000000000002,89,960,1015,1015,89,960,14.46
2008,3,25,21,30,27.200000000000003,79,807,988,626,302,763,14.42
2008,3,25,22,30,26.400000000000002,72,598,927,512,255,545,14.85
2008,3,25,23,30,24.5,60,348,801,247,173,262,16.48
2008,3,26,0,30,21.5,35,99,495,5,49,49,21.42
2008,3,26,1,30,19.5,0,0,0,0,0,0,25.45
2008,3,26,2,30,18.8,0,0,0,0,0,0,27.13
2008,3,26,3,30,17.6,0,0,0,0,0,0,31.52
2008,3,26,4,30,16,0,0,0,0,0,0,39.01
2008,3,26,5,30,14.5,0,0,0,0,0,0,47.44
2008,3,26,6,30,13.5,0,0,0,0,0,0,53.76
2008,3,26,7,30,12.8,0,0,0,0,0,0,58.050000000000004
2008,3,26,8,30,12,0,0,0,0,0,0,62.25
2008,3,26,9,30,11.4,0,0,0,0,0,0,65.6
2008,3,26,10,30,11.200000000000001,0,0,0,0,0,0,67.31
2008,3,26,11,30,11,0,0,0,0,0,0,69.22
2008,3,26,12,30,11.3,0,0,0,0,0,0,69.06
2008,3,26,13,30,13.4,37,114,523,523,37,114,61.26
2008,3,26,14,30,17.5,62,363,801,801,62,363,45.29
2008,3,26,15,30,21.6,75,609,918,918,75,609,31.87
2008,3,26,16,30,24.6,83,814,976,976,83,814,25.07
2008,3,26,17,30,26.5,87,964,1011,1011,87,964,21.62
2008,3,26,18,30,27.900000000000002,91,1038,1022,1022,91,1038,19.06
2008,3,26,19,30,28.900000000000002,90,1036,1023,1023,90,1036,16.94
2008,3,26,20,30,29.3,87,956,1010,776,267,935,15.51
2008,3,26,21,30,29.1,89,803,965,965,89,803,14.8
2008,3,26,22,30,28.400000000000002,83,593,895,895,83,593,14.74
2008,3,26,23,30,26.5,70,343,756,756,70,343,15.94
2008,3,27,0,30,23.400000000000002,40,96,424,54,71,78,19.94
2008,3,27,1,30,21,0,0,0,0,0,0,23.61
2008,3,27,2,30,19.6,0,0,0,0,0,0,25.53
2008,3,27,3,30,17.900000000000002,0,0,0,0,0,0,29.01
2008,3,27,4,30,16.3,0,0,0,0,0,0,32.51
2008,3,27,5,30,15,0,0,0,0,0,0,35.28
2008,3,27,6,30,13.9,0,0,0,0,0,0,37.65
2008,3,27,7,30,13,0,0,0,0,0,0,39.83
2008,3,27,8,30,12.200000000000001,0,0,0,0,0,0,41.61
2008,3,27,9,30,11.4,0,0,0,0,0,0,42.78
2008,3,27,10,30,10.700000000000001,0,0,0,0,0,0,42.89
2008,3,27,11,30,10.100000000000001,0,0,0,0,0,0,41.910000000000004
2008,3,27,12,30,11.200000000000001,0,0,0,0,0,0,36.13
2008,3,27,13,30,14.8,36,123,580,580,36,123,26.48
2008,3,27,14,30,19.700000000000003,58,379,846,846,58,379,17.61
2008,3,27,15,30,23.900000000000002,70,628,953,953,70,628,13.32
2008,3,27,16,30,26.3,76,838,1013,1013,76,838,12.31
2008,3,27,17,30,28.1,79,987,1043,1043,79,987,10.69
2008,3,27,18,30,29.3,78,1067,1065,1065,78,1067,9.06
2008,3,27,19,30,30,77,1064,1065,1065,77,1064,7.8100000000000005
2008,3,27,20,30,30.200000000000003,74,983,1054,1054,74,983,7.03
2008,3,27,21,30,29.8,71,829,1024,1024,71,829,6.73
2008,3,27,22,30,28.700000000000003,63,617,971,971,63,617,6.88
2008,3,27,23,30,26.200000000000003,52,366,867,867,52,366,7.83
2008,3,28,0,30,22.200000000000003,31,109,592,112,53,68,10.75
2008,3,28,1,30,19.3,0,0,0,0,0,0,14.26
2008,3,28,2,30,17.8,0,0,0,0,0,0,15.97
2008,3,28,3,30,16,0,0,0,0,0,0,18.650000000000002
2008,3,28,4,30,14.600000000000001,0,0,0,0,0,0,21.21
2008,3,28,5,30,13.4,0,0,0,0,0,0,23.94
2008,3,28,6,30,12.3,0,0,0,0,0,0,26.990000000000002
2008,3,28,7,30,11.8,0,0,0,0,0,0,28.740000000000002
2008,3,28,8,30,11.8,0,0,0,0,0,0,28.740000000000002
2008,3,28,9,30,11.700000000000001,0,0,0,0,0,0,28.34
2008,3,28,10,30,11.700000000000001,0,0,0,0,0,0,27.38
2008,3,28,11,30,11.3,0,0,0,0,0,0,27.02
2008,3,28,12,30,12.100000000000001,0,0,0,0,0,0,24.59
2008,3,28,13,30,15.3,35,131,622,83,83,96,19.54
2008,3,28,14,30,19.6,56,390,870,205,217,295,13.97
2008,3,28,15,30,23.200000000000003,68,636,965,561,197,527,10.59
2008,3,28,16,30,25.8,75,843,1017,740,271,830,8.790000000000001
2008,3,28,17,30,27.8,79,990,1044,723,241,872,7.59
2008,3,28,18,30,29.200000000000003,88,1064,1047,802,217,964,6.92
2008,3,28,19,30,29.8,88,1061,1047,1047,88,1061,6.62
2008,3,28,20,30,29.700000000000003,86,979,1032,693,269,868,6.49
2008,3,28,21,30,28.8,84,828,1002,636,248,720,6.45
2008,3,28,22,30,27.400000000000002,75,615,945,680,185,574,6.46
2008,3,28,23,30,25.3,60,364,834,619,126,351,7
2008,3,29,0,30,22.3,35,108,549,45,72,78,8.96
2008,3,29,1,30,20,0,0,0,0,0,0,11.52
2008,3,29,2,30,18.6,0,0,0,0,0,0,13.040000000000001
2008,3,29,3,30,17.400000000000002,0,0,0,0,0,0,14.77
2008,3,29,4,30,16.2,0,0,0,0,0,0,17
2008,3,29,5,30,15,0,0,0,0,0,0,19.54
2008,3,29,6,30,13.8,0,0,0,0,0,0,22.23
2008,3,29,7,30,12.8,0,0,0,0,0,0,24.38
2008,3,29,8,30,11.9,0,0,0,0,0,0,26.17
2008,3,29,9,30,10.9,0,0,0,0,0,0,28.080000000000002
2008,3,29,10,30,10.4,0,0,0,0,0,0,28.86
2008,3,29,11,30,10.4,0,0,0,0,0,0,28.82
2008,3,29,12,30,11.600000000000001,0,0,0,0,0,0,26.38
2008,3,29,13,30,15,35,137,645,249,75,114,20.95
2008,3,29,14,30,19.5,56,400,890,890,56,400,14.33
2008,3,29,15,30,23.5,66,652,988,988,66,652,9.43
2008,3,29,16,30,26,73,861,1039,1039,73,861,8.17
2008,3,29,17,30,27.8,77,1010,1065,1065,77,1010,7.0600000000000005
2008,3,29,18,30,29,75,1085,1081,1081,75,1085,6.2
2008,3,29,19,30,29.6,72,1081,1083,1083,72,1081,5.61
2008,3,29,20,30,29.6,67,997,1074,1074,67,997,5.26
2008,3,29,21,30,29,65,843,1046,1046,65,843,5.23
2008,3,29,22,30,27.8,56,629,1000,1000,56,629,5.36
2008,3,29,23,30,25.3,45,376,904,904,45,376,6
2008,3,30,0,30,21,28,116,648,648,28,116,8.63
2008,3,30,1,30,17.7,0,0,0,0,0,0,12.59
2008,3,30,2,30,16.400000000000002,0,0,0,0,0,0,14.34
2008,3,30,3,30,15.100000000000001,0,0,0,0,0,0,16.75
2008,3,30,4,30,13.8,0,0,0,0,0,0,20.03
2008,3,30,5,30,12.600000000000001,0,0,0,0,0,0,23.830000000000002
2008,3,30,6,30,11.5,0,0,0,0,0,0,27.5
2008,3,30,7,30,10.600000000000001,0,0,0,0,0,0,30.12
2008,3,30,8,30,9.8,0,0,0,0,0,0,31.59
2008,3,30,9,30,9.1,0,0,0,0,0,0,32.15
2008,3,30,10,30,8.5,0,0,0,0,0,0,31.95
2008,3,30,11,30,8,0,0,0,0,0,0,31.02
2008,3,30,12,30,9.600000000000001,0,0,0,0,0,0,25.490000000000002
2008,3,30,13,30,13.8,31,145,706,706,31,145,18.240000000000002
2008,3,30,14,30,19.200000000000003,46,409,929,929,46,409,10.94
2008,3,30,15,30,23.8,55,661,1017,1017,55,661,5
2008,3,30,16,30,26.5,61,870,1062,1062,61,870,4.01
2008,3,30,17,30,28.5,63,1017,1087,1087,63,1017,3.61
2008,3,30,18,30,29.900000000000002,70,1094,1093,1093,70,1094,3.37
2008,3,30,19,30,30.6,69,1089,1094,1094,69,1089,3.2600000000000002
2008,3,30,20,30,30.8,66,1006,1082,1082,66,1006,3.25
2008,3,30,21,30,30.3,61,850,1058,1058,61,850,3.35
2008,3,30,22,30,29.1,56,636,1008,1008,56,636,3.59
2008,3,30,23,30,26.3,48,381,908,908,48,381,4.3100000000000005
2008,3,31,0,30,21.900000000000002,30,118,648,648,30,118,6.59
2008,3,31,1,30,18.7,0,0,0,0,0,0,9.950000000000001
2008,3,31,2,30,17.1,0,0,0,0,0,0,12.14
2008,3,31,3,30,15.3,0,0,0,0,0,0,14.81
2008,3,31,4,30,14,0,0,0,0,0,0,17.19
2008,3,31,5,30,12.9,0,0,0,0,0,0,19.86
2008,3,31,6,30,12,0,0,0,0,0,0,22.96
2008,3,31,7,30,11,0,0,0,0,0,0,26.67
2008,3,31,8,30,10.200000000000001,0,0,0,0,0,0,29.86
2008,3,31,9,30,9.5,0,0,0,0,0,0,31.76
2008,3,31,10,30,8.9,0,0,0,0,0,0,32.08
2008,3,31,11,30,8.4,0,0,0,0,0,0,30.76
2008,3,31,12,30,10.200000000000001,0,0,0,0,0,0,24.12
2008,3,31,13,30,14.700000000000001,29,148,723,723,29,148,15.9
2008,3,31,14,30,20.1,43,412,937,937,43,412,9.03
2008,3,31,15,30,24.700000000000003,49,662,1024,1024,49,662,3.74
2008,3,31,16,30,27.400000000000002,54,870,1067,1067,54,870,2.84
2008,3,31,17,30,29.400000000000002,57,1018,1090,1090,57,1018,2.82
2008,3,31,18,30,30.8,60,1085,1091,1091,60,1085,2.99
2008,3,31,19,30,31.700000000000003,60,1080,1091,1091,60,1080,3.19
2008,3,31,20,30,31.900000000000002,60,998,1079,1079,60,998,3.43
2008,3,31,21,30,31.6,67,847,1043,600,269,717,3.66
2008,3,31,22,30,30.5,62,633,990,444,227,483,4.03
2008,3,31,23,30,27.6,52,378,886,561,136,342,4.88
2008,4,1,0,30,23,33,117,608,133,72,90,7.87
2008,4,1,1,30,19.8,0,0,0,0,0,0,10.43
2008,4,1,2,30,18.3,0,0,0,0,0,0,11.39
2008,4,1,3,30,16.7,0,0,0,0,0,0,13.25
2008,4,1,4,30,15.3,0,0,0,0,0,0,15.47
2008,4,1,5,30,14.4,0,0,0,0,0,0,17.06
2008,4,1,6,30,13.600000000000001,0,0,0,0,0,0,18.42
2008,4,1,7,30,12.9,0,0,0,0,0,0,19.66
2008,4,1,8,30,12.4,0,0,0,0,0,0,20.490000000000002
2008,4,1,9,30,12.100000000000001,0,0,0,0,0,0,20.830000000000002
2008,4,1,10,30,12,0,0,0,0,0,0,20.580000000000002
2008,4,1,11,30,12.200000000000001,0,0,0,0,0,0,19.62
2008,4,1,12,30,13.5,0,0,0,0,0,0,17.5
2008,4,1,13,30,17.400000000000002,35,147,665,665,35,147,15.43
2008,4,1,14,30,22.5,52,407,893,893,52,407,9.77
2008,4,1,15,30,26.5,62,655,985,985,62,655,7.76
2008,4,1,16,30,28.8,69,861,1032,1032,69,861,6.8500000000000005
2008,4,1,17,30,30.400000000000002,72,1006,1058,1058,72,1006,6.25
2008,4,1,18,30,31.5,80,1080,1062,1062,80,1080,5.87
2008,4,1,19,30,32.2,78,1075,1063,1063,78,1075,5.64
2008,4,1,20,30,32.4,76,992,1051,1051,76,992,5.54
2008,4,1,21,30,32.2,70,838,1024,1024,70,838,5.57
2008,4,1,22,30,31.400000000000002,63,622,967,967,63,622,5.7700000000000005
2008,4,1,23,30,29.1,52,371,863,863,52,371,6.5600000000000005
2008,4,2,0,30,24.900000000000002,32,115,593,593,32,115,11.9
2008,4,2,1,30,21.8,0,0,0,0,0,0,13.8
2008,4,2,2,30,20.700000000000003,0,0,0,0,0,0,14.6
2008,4,2,3,30,19.1,0,0,0,0,0,0,16.23
2008,4,2,4,30,17.400000000000002,0,0,0,0,0,0,19.07
2008,4,2,5,30,16.7,0,0,0,0,0,0,21.62
2008,4,2,6,30,16.3,0,0,0,0,0,0,23.95
2008,4,2,7,30,16,0,0,0,0,0,0,26.21
2008,4,2,8,30,15.600000000000001,0,0,0,0,0,0,29.82
2008,4,2,9,30,14.9,0,0,0,0,0,0,34.68
2008,4,2,10,30,14.4,0,0,0,0,0,0,38.730000000000004
2008,4,2,11,30,14,0,0,0,0,0,0,40.85
2008,4,2,12,30,14.4,0,0,0,0,0,0,38.84
2008,4,2,13,30,16.7,40,143,599,25,94,98,32.61
2008,4,2,14,30,20.5,61,399,841,841,61,399,28.46
2008,4,2,15,30,25.1,73,643,942,942,73,643,22.36
2008,4,2,16,30,28.700000000000003,81,850,998,998,81,850,14.09
2008,4,2,17,30,30.8,85,994,1026,1026,85,994,10.82
2008,4,2,18,30,32,90,1066,1034,1034,90,1066,9.32
2008,4,2,19,30,32.6,90,1060,1033,1033,90,1060,8.39
2008,4,2,20,30,32.800000000000004,88,978,1019,1019,88,978,7.76
2008,4,2,21,30,32.5,89,822,977,40,397,427,7.47
2008,4,2,22,30,31.700000000000003,78,612,921,66,332,370,7.55
2008,4,2,23,30,29.8,64,363,806,806,64,363,8.22
2008,4,3,0,30,27,38,110,515,515,38,110,12.3
2008,4,3,1,30,24.1,0,0,0,0,0,0,14.46
2008,4,3,2,30,21.700000000000003,0,0,0,0,0,0,17.400000000000002
2008,4,3,3,30,19.700000000000003,0,0,0,0,0,0,19.88
2008,4,3,4,30,17.900000000000002,0,0,0,0,0,0,23.16
2008,4,3,5,30,16.3,0,0,0,0,0,0,25.41
2008,4,3,6,30,14.9,0,0,0,0,0,0,26.48
2008,4,3,7,30,13.8,0,0,0,0,0,0,27.02
2008,4,3,8,30,12.9,0,0,0,0,0,0,27.21
2008,4,3,9,30,12.3,0,0,0,0,0,0,27.14
2008,4,3,10,30,11.9,0,0,0,0,0,0,26.740000000000002
2008,4,3,11,30,11.5,0,0,0,0,0,0,26.310000000000002
2008,4,3,12,30,13.3,0,0,0,0,0,0,22.150000000000002
2008,4,3,13,30,17.6,41,153,634,634,41,153,16.98
2008,4,3,14,30,22.8,62,414,871,871,62,414,10.83
2008,4,3,15,30,26.8,73,663,971,971,73,663,6.7
2008,4,3,16,30,29,79,865,1017,1017,79,865,5.86
2008,4,3,17,30,30.5,83,1010,1044,1044,83,1010,5.87
2008,4,3,18,30,31.5,90,1082,1048,1048,90,1082,6.07
2008,4,3,19,30,32.2,90,1071,1042,1042,90,1071,6.26
2008,4,3,20,30,32.300000000000004,89,983,1022,1022,89,983,6.5200000000000005
2008,4,3,21,30,32,85,828,988,988,85,828,6.84
2008,4,3,22,30,30.900000000000002,80,612,916,916,80,612,7.46
2008,4,3,23,30,28.700000000000003,68,361,787,787,68,361,8.71
2008,4,4,0,30,25.700000000000003,39,109,489,489,39,109,11.03
2008,4,4,1,30,22.900000000000002,0,0,0,0,0,0,13.94
2008,4,4,2,30,20.700000000000003,0,0,0,0,0,0,16.51
2008,4,4,3,30,18.900000000000002,0,0,0,0,0,0,18.56
2008,4,4,4,30,17.400000000000002,0,0,0,0,0,0,19.59
2008,4,4,5,30,16.7,0,0,0,0,0,0,19.27
2008,4,4,6,30,16.7,0,0,0,0,0,0,17.95
2008,4,4,7,30,16.3,0,0,0,0,0,0,17.01
2008,4,4,8,30,15.8,0,0,0,0,0,0,15.89
2008,4,4,9,30,15.3,0,0,0,0,0,0,14.67
2008,4,4,10,30,14.5,0,0,0,0,0,0,14.25
2008,4,4,11,30,13.200000000000001,0,0,0,0,0,0,15.01
2008,4,4,12,30,13.600000000000001,0,0,0,0,0,0,14.530000000000001
2008,4,4,13,30,16.8,41,158,648,81,99,113,11.69
2008,4,4,14,30,20.3,63,421,877,546,149,372,7.54
2008,4,4,15,30,23,75,666,966,429,308,570,5.76
2008,4,4,16,30,25.200000000000003,82,872,1017,606,269,739,5.2700000000000005
2008,4,4,17,30,27.3,86,1017,1045,669,288,884,4.87
2008,4,4,18,30,28.6,90,1089,1055,1055,90,1089,4.78
2008,4,4,19,30,29.400000000000002,91,1082,1051,1051,91,1082,4.78
2008,4,4,20,30,29.900000000000002,87,998,1039,1039,87,998,4.78
2008,4,4,21,30,30.1,78,844,1016,1016,78,844,4.76
2008,4,4,22,30,29.5,70,630,963,963,70,630,4.88
2008,4,4,23,30,27.400000000000002,57,377,855,855,57,377,5.47
2008,4,5,0,30,23.200000000000003,35,119,585,585,35,119,7.54
2008,4,5,1,30,19.400000000000002,0,0,0,0,0,0,11
2008,4,5,2,30,17.1,0,0,0,0,0,0,14.27
2008,4,5,3,30,15.100000000000001,0,0,0,0,0,0,17.81
2008,4,5,4,30,13.5,0,0,0,0,0,0,20.13
2008,4,5,5,30,12.200000000000001,0,0,0,0,0,0,20.93
2008,4,5,6,30,11,0,0,0,0,0,0,20.95
2008,4,5,7,30,9.9,0,0,0,0,0,0,20.51
2008,4,5,8,30,8.9,0,0,0,0,0,0,19.63
2008,4,5,9,30,8,0,0,0,0,0,0,19.06
2008,4,5,10,30,7.4,0,0,0,0,0,0,19.09
2008,4,5,11,30,6.9,0,0,0,0,0,0,19.76
2008,4,5,12,30,8.3,0,0,0,0,0,0,18.18
2008,4,5,13,30,12.3,39,168,698,698,39,168,14.67
2008,4,5,14,30,17.6,58,436,918,918,58,436,10.07
2008,4,5,15,30,22.200000000000003,69,689,1008,1008,69,689,5.94
2008,4,5,16,30,25.1,75,898,1056,1056,75,898,3.94
2008,4,5,17,30,27.1,78,1045,1082,1082,78,1045,3.0100000000000002
2008,4,5,18,30,28.5,78,1117,1094,1094,78,1117,2.64
2008,4,5,19,30,29.3,78,1111,1093,1093,78,1111,2.52
2008,4,5,20,30,29.400000000000002,75,1025,1081,1081,75,1025,2.56
2008,4,5,21,30,28.700000000000003,71,867,1054,1054,71,867,2.77
2008,4,5,22,30,27.400000000000002,64,650,1003,1003,64,650,3.15
2008,4,5,23,30,25.1,54,392,901,901,54,392,3.95
2008,4,6,0,30,21.1,33,124,627,627,33,124,5.99
2008,4,6,1,30,17.8,0,0,0,0,0,0,9.73
2008,4,6,2,30,16.1,0,0,0,0,0,0,13.44
2008,4,6,3,30,14.5,0,0,0,0,0,0,18.07
2008,4,6,4,30,12.9,0,0,0,0,0,0,23.55
2008,4,6,5,30,11.4,0,0,0,0,0,0,29.3
2008,4,6,6,30,10.200000000000001,0,0,0,0,0,0,34.6
2008,4,6,7,30,9.1,0,0,0,0,0,0,39.57
2008,4,6,8,30,8.200000000000001,0,0,0,0,0,0,43.230000000000004
2008,4,6,9,30,7.4,0,0,0,0,0,0,45.1
2008,4,6,10,30,6.7,0,0,0,0,0,0,44.910000000000004
2008,4,6,11,30,6.300000000000001,0,0,0,0,0,0,41.97
2008,4,6,12,30,7.9,0,0,0,0,0,0,32.83
2008,4,6,13,30,12,41,171,696,696,41,171,21.490000000000002
2008,4,6,14,30,17.400000000000002,60,439,913,913,60,439,12.96
2008,4,6,15,30,21.900000000000002,71,691,1003,1003,71,691,5.5
2008,4,6,16,30,24.700000000000003,78,900,1051,1051,78,900,3.97
2008,4,6,17,30,26.8,82,1046,1076,1076,82,1046,3.31
2008,4,6,18,30,28.3,85,1118,1086,1086,85,1118,2.95
2008,4,6,19,30,29.200000000000003,84,1125,1099,1099,84,1125,2.74
2008,4,6,20,30,29.5,81,1038,1087,1087,81,1038,2.63
2008,4,6,21,30,29.200000000000003,74,868,1049,1049,74,868,2.6
2008,4,6,22,30,28.200000000000003,66,650,998,998,66,650,2.72
2008,4,6,23,30,25.6,55,393,896,896,55,393,3.22
2008,4,7,0,30,21.200000000000003,35,127,631,631,35,127,6.83
2008,4,7,1,30,17.7,0,0,0,0,0,0,9.94
2008,4,7,2,30,16.2,0,0,0,0,0,0,11.59
2008,4,7,3,30,15.600000000000001,0,0,0,0,0,0,12.290000000000001
2008,4,7,4,30,15.100000000000001,0,0,0,0,0,0,12.5
2008,4,7,5,30,14.3,0,0,0,0,0,0,13.08
2008,4,7,6,30,13.600000000000001,0,0,0,0,0,0,13.82
2008,4,7,7,30,12.9,0,0,0,0,0,0,14.73
2008,4,7,8,30,12.200000000000001,0,0,0,0,0,0,15.76
2008,4,7,9,30,11.600000000000001,0,0,0,0,0,0,16.75
2008,4,7,10,30,11.200000000000001,0,0,0,0,0,0,17.400000000000002
2008,4,7,11,30,10.9,0,0,0,0,0,0,17.88
2008,4,7,12,30,11.700000000000001,0,0,0,0,0,0,17.14
2008,4,7,13,30,14.9,40,176,712,712,40,176,15.56
2008,4,7,14,30,19.700000000000003,58,443,921,921,58,443,10.41
2008,4,7,15,30,23.5,68,695,1010,1010,68,695,7.43
2008,4,7,16,30,25.700000000000003,76,903,1055,1055,76,903,5.98
2008,4,7,17,30,27.400000000000002,79,1049,1080,1080,79,1049,5.04
2008,4,7,18,30,28.700000000000003,77,1121,1094,1094,77,1121,4.43
2008,4,7,19,30,29.5,77,1114,1093,1093,77,1114,4.05
2008,4,7,20,30,29.900000000000002,75,1019,1071,1071,75,1019,3.8000000000000003
2008,4,7,21,30,29.8,73,861,1040,1040,73,861,3.69
2008,4,7,22,30,29.1,66,646,989,989,66,646,3.72
2008,4,7,23,30,27.3,54,390,890,890,54,390,4.05
2008,4,8,0,30,24.6,33,128,637,637,33,128,7.18
2008,4,8,1,30,21.6,0,0,0,0,0,0,8.3
2008,4,8,2,30,18.900000000000002,0,0,0,0,0,0,10.25
2008,4,8,3,30,16.6,0,0,0,0,0,0,13.55
2008,4,8,4,30,14.8,0,0,0,0,0,0,20.94
2008,4,8,5,30,13.3,0,0,0,0,0,0,30.09
2008,4,8,6,30,12.100000000000001,0,0,0,0,0,0,35.38
2008,4,8,7,30,11.100000000000001,0,0,0,0,0,0,37.46
2008,4,8,8,30,10.200000000000001,0,0,0,0,0,0,37.94
2008,4,8,9,30,9.3,0,0,0,0,0,0,37.13
2008,4,8,10,30,8.6,0,0,0,0,0,0,35.160000000000004
2008,4,8,11,30,8.200000000000001,0,0,0,0,0,0,32.61
2008,4,8,12,30,10,0,0,0,0,0,0,26.42
2008,4,8,13,30,14.5,39,178,716,716,39,178,18.42
2008,4,8,14,30,19,56,443,918,918,56,443,11.790000000000001
2008,4,8,15,30,22.5,66,693,1005,1005,66,693,8.13
2008,4,8,16,30,25,72,899,1050,1050,72,899,6.76
2008,4,8,17,30,27.1,77,1043,1073,1073,77,1043,5.67
2008,4,8,18,30,28.700000000000003,80,1106,1073,1073,80,1106,4.93
2008,4,8,19,30,29.700000000000003,79,1098,1073,1073,79,1098,4.57
2008,4,8,20,30,30.1,75,1013,1062,1062,75,1013,4.44
2008,4,8,21,30,30.1,71,857,1035,1035,71,857,4.42
2008,4,8,22,30,29.400000000000002,62,642,988,988,62,642,4.5600000000000005
2008,4,8,23,30,27.6,51,389,890,890,51,389,5.04
2008,4,9,0,30,24.5,32,127,633,633,32,127,8.76
2008,4,9,1,30,21.900000000000002,0,0,0,0,0,0,10.040000000000001
2008,4,9,2,30,19.5,0,0,0,0,0,0,11.89
2008,4,9,3,30,17,0,0,0,0,0,0,15.99
2008,4,9,4,30,15,0,0,0,0,0,0,24.66
2008,4,9,5,30,13.4,0,0,0,0,0,0,35.25
2008,4,9,6,30,12.4,0,0,0,0,0,0,41.81
2008,4,9,7,30,11.600000000000001,0,0,0,0,0,0,44.65
2008,4,9,8,30,11.100000000000001,0,0,0,0,0,0,45.230000000000004
2008,4,9,9,30,10.5,0,0,0,0,0,0,44.88
2008,4,9,10,30,10,0,0,0,0,0,0,43.050000000000004
2008,4,9,11,30,9.700000000000001,0,0,0,0,0,0,40.38
2008,4,9,12,30,11.4,0,0,0,0,0,0,33.74
2008,4,9,13,30,15.5,38,178,708,708,38,178,25.060000000000002
2008,4,9,14,30,20.6,54,440,908,908,54,440,17.51
2008,4,9,15,30,25.200000000000003,64,686,993,993,64,686,10.42
2008,4,9,16,30,28.1,69,889,1038,1038,69,889,7.86
2008,4,9,17,30,30.1,72,1031,1062,1062,72,1031,6.61
2008,4,9,18,30,31.400000000000002,72,1101,1074,1074,72,1101,6.0200000000000005
2008,4,9,19,30,32,71,1093,1074,1074,71,1093,5.74
2008,4,9,20,30,31.8,69,1008,1062,1062,69,1008,5.69
2008,4,9,21,30,30.900000000000002,78,851,1017,1017,78,851,5.82
2008,4,9,22,30,29.3,66,638,973,692,168,575,6.17
2008,4,9,23,30,26.8,54,390,883,400,181,333,7.03
2008,4,10,0,30,23.400000000000002,34,129,630,40,85,91,8.93
2008,4,10,1,30,20.200000000000003,0,0,0,0,0,0,12.27
2008,4,10,2,30,18.1,0,0,0,0,0,0,16
2008,4,10,3,30,16.3,0,0,0,0,0,0,20.46
2008,4,10,4,30,14.8,0,0,0,0,0,0,25.68
2008,4,10,5,30,13.600000000000001,0,0,0,0,0,0,30.87
2008,4,10,6,30,12.700000000000001,0,0,0,0,0,0,34.67
2008,4,10,7,30,12,0,0,0,0,0,0,36.27
2008,4,10,8,30,11.5,0,0,0,0,0,0,36.49
2008,4,10,9,30,11,0,0,0,0,0,0,36.39
2008,4,10,10,30,10.3,0,0,0,0,0,0,36.56
2008,4,10,11,30,9.5,0,0,0,0,0,0,36.730000000000004
2008,4,10,12,30,10.700000000000001,0,0,0,0,0,0,32.32
2008,4,10,13,30,14.700000000000001,40,185,718,63,108,121,23.8
2008,4,10,14,30,19.8,57,450,918,918,57,450,15.040000000000001
2008,4,10,15,30,24.1,68,699,1003,696,251,689,8.120000000000001
2008,4,10,16,30,27.1,74,904,1046,1046,74,904,5.95
2008,4,10,17,30,29.200000000000003,79,1047,1070,1070,79,1047,4.92
2008,4,10,18,30,30.700000000000003,84,1108,1067,1067,84,1108,4.3500000000000005
2008,4,10,19,30,31.400000000000002,83,1100,1067,1067,83,1100,4.16
2008,4,10,20,30,31.400000000000002,80,1014,1055,814,267,988,4.22
2008,4,10,21,30,30.6,72,858,1032,1032,72,858,4.57
2008,4,10,22,30,29.1,66,643,980,664,239,631,5.2
2008,4,10,23,30,26.8,54,387,871,871,54,387,6.37
2008,4,11,0,30,23.1,34,128,618,618,34,128,8.82
2008,4,11,1,30,19.900000000000002,0,0,0,0,0,0,12.67
2008,4,11,2,30,18.3,0,0,0,0,0,0,16.06
2008,4,11,3,30,16.8,0,0,0,0,0,0,20.32
2008,4,11,4,30,15.4,0,0,0,0,0,0,25.240000000000002
2008,4,11,5,30,14.3,0,0,0,0,0,0,29.8
2008,4,11,6,30,13.4,0,0,0,0,0,0,33.34
2008,4,11,7,30,12.600000000000001,0,0,0,0,0,0,34.82
2008,4,11,8,30,11.700000000000001,0,0,0,0,0,0,35.5
2008,4,11,9,30,10.9,0,0,0,0,0,0,35.980000000000004
2008,4,11,10,30,10.100000000000001,0,0,0,0,0,0,36.87
2008,4,11,11,30,9.3,0,0,0,0,0,0,37.980000000000004
2008,4,11,12,30,10.600000000000001,0,0,0,0,0,0,34.1
2008,4,11,13,30,14.5,40,187,715,84,116,134,26.07
2008,4,11,14,30,18.5,57,450,911,911,57,450,17.41
2008,4,11,15,30,21.700000000000003,67,696,995,995,67,696,12.1
2008,4,11,16,30,24.400000000000002,74,899,1038,1038,74,899,9.1
2008,4,11,17,30,26.6,79,1041,1061,742,247,920,7.0200000000000005
2008,4,11,18,30,28.1,90,1109,1060,527,363,870,5.87
2008,4,11,19,30,28.8,90,1100,1058,560,343,877,5.33
2008,4,11,20,30,29,88,1014,1044,515,348,805,5.0600000000000005
2008,4,11,21,30,28.6,83,856,1013,506,288,674,4.99
2008,4,11,22,30,27.900000000000002,75,641,958,477,233,515,5.03
2008,4,11,23,30,26.200000000000003,62,385,844,29,213,224,5.5
2008,4,12,0,30,23.3,39,127,575,25,76,80,9.68
2008,4,12,1,30,20.8,0,0,0,0,0,0,11.59
2008,4,12,2,30,19.1,0,0,0,0,0,0,12.92
2008,4,12,3,30,17.400000000000002,0,0,0,0,0,0,14.22
2008,4,12,4,30,16,0,0,0,0,0,0,15.39
2008,4,12,5,30,15.100000000000001,0,0,0,0,0,0,16.27
2008,4,12,6,30,14.200000000000001,0,0,0,0,0,0,17.01
2008,4,12,7,30,13.3,0,0,0,0,0,0,17.98
2008,4,12,8,30,12.4,0,0,0,0,0,0,20.6
2008,4,12,9,30,11.8,0,0,0,0,0,0,27.67
2008,4,12,10,30,11.3,0,0,0,0,0,0,44.980000000000004
2008,4,12,11,30,10.9,0,0,0,0,0,0,67.03
2008,4,12,12,30,12.3,0,0,0,0,0,0,75.14
2008,4,12,13,30,15.9,64,165,484,484,64,165,66.95
2008,4,12,14,30,19.900000000000002,95,416,740,740,95,416,54.35
2008,4,12,15,30,23.6,110,656,861,861,110,656,36.39
2008,4,12,16,30,26.3,121,852,916,916,121,852,24.23
2008,4,12,17,30,28.1,133,988,942,942,133,988,18.14
2008,4,12,18,30,29.400000000000002,135,1057,956,784,262,1018,15.15
2008,4,12,19,30,30.1,153,1041,928,254,481,724,13.58
2008,4,12,20,30,30.3,159,953,893,1,190,191,12.620000000000001
2008,4,12,21,30,29.8,166,793,821,821,166,793,12.48
2008,4,12,22,30,28.6,152,582,726,214,358,484,13.39
2008,4,12,23,30,26.6,123,339,562,7,168,171,15.72
2008,4,13,0,30,23.8,66,102,233,0,70,70,20.27
2008,4,13,1,30,21.3,0,0,0,0,0,0,26.59
2008,4,13,2,30,19.6,0,0,0,0,0,0,33.82
2008,4,13,3,30,18.3,0,0,0,0,0,0,41.63
2008,4,13,4,30,17.3,0,0,0,0,0,0,50.64
2008,4,13,5,30,16.400000000000002,0,0,0,0,0,0,60.07
2008,4,13,6,30,15.5,0,0,0,0,0,0,67.36
2008,4,13,7,30,14.700000000000001,0,0,0,0,0,0,71.27
2008,4,13,8,30,13.9,0,0,0,0,0,0,73.29
2008,4,13,9,30,13.200000000000001,0,0,0,0,0,0,73.3
2008,4,13,10,30,12.600000000000001,0,0,0,0,0,0,73.64
2008,4,13,11,30,12.100000000000001,0,0,0,0,0,0,74.74
2008,4,13,12,30,12.4,0,0,0,0,0,0,72.44
2008,4,13,13,30,14.100000000000001,69,163,446,446,69,163,64.23
2008,4,13,14,30,17.3,105,407,691,691,105,407,51.93
2008,4,13,15,30,20.900000000000002,126,642,809,809,126,642,41.550000000000004
2008,4,13,16,30,23.400000000000002,140,837,873,125,465,565,34.660000000000004
2008,4,13,17,30,24.900000000000002,149,971,903,688,322,949,30.2
2008,4,13,18,30,25.700000000000003,163,1034,903,903,163,1034,27.52
2008,4,13,19,30,25.900000000000002,178,1017,876,687,332,989,26.490000000000002
2008,4,13,20,30,25.3,190,925,827,500,372,817,27.47
2008,4,13,21,30,23.700000000000003,162,775,802,2,199,201,31.11
2008,4,13,22,30,21.700000000000003,153,566,697,0,16,16,36.96
2008,4,13,23,30,19.400000000000002,129,327,513,513,129,327,45.79
2008,4,14,0,30,17.2,66,98,202,2,72,73,56.19
2008,4,14,1,30,15.600000000000001,0,0,0,0,0,0,64.73
2008,4,14,2,30,14.5,0,0,0,0,0,0,69.18
2008,4,14,3,30,13.700000000000001,0,0,0,0,0,0,70.25
2008,4,14,4,30,13.100000000000001,0,0,0,0,0,0,70.24
2008,4,14,5,30,12.600000000000001,0,0,0,0,0,0,70.33
2008,4,14,6,30,12,0,0,0,0,0,0,71.91
2008,4,14,7,30,11.4,0,0,0,0,0,0,74.61
2008,4,14,8,30,10.9,0,0,0,0,0,0,77.09
2008,4,14,9,30,10.4,0,0,0,0,0,0,79.88
2008,4,14,10,30,9.9,0,0,0,0,0,0,82.13
2008,4,14,11,30,9.4,0,0,0,0,0,0,83.92
2008,4,14,12,30,10.200000000000001,0,0,0,0,0,0,78.60000000000001
2008,4,14,13,30,13,55,175,556,556,55,175,64.35
2008,4,14,14,30,16.6,81,425,782,782,81,425,49.47
2008,4,14,15,30,19.900000000000002,95,662,886,886,95,662,38.89
2008,4,14,16,30,22.400000000000002,103,858,942,942,103,858,32.33
2008,4,14,17,30,24.200000000000003,109,995,970,970,109,995,27.8
2008,4,14,18,30,25.400000000000002,109,1063,987,987,109,1063,24.86
2008,4,14,19,30,26.1,112,1052,980,980,112,1052,23.06
2008,4,14,20,30,26.200000000000003,111,964,957,957,111,964,22.21
2008,4,14,21,30,25.8,105,811,921,318,351,594,22.3
2008,4,14,22,30,24.8,98,601,847,9,199,204,23.39
2008,4,14,23,30,23.3,84,356,703,462,144,322,25.71
2008,4,15,0,30,21.200000000000003,52,112,380,72,87,98,31.48
2008,4,15,1,30,19.200000000000003,0,0,0,0,0,0,42.43
2008,4,15,2,30,17.8,0,0,0,0,0,0,49.84
2008,4,15,3,30,16.5,0,0,0,0,0,0,53.99
2008,4,15,4,30,15.5,0,0,0,0,0,0,59.7
2008,4,15,5,30,14.700000000000001,0,0,0,0,0,0,63.9
2008,4,15,6,30,14,0,0,0,0,0,0,68.2
2008,4,15,7,30,13.4,0,0,0,0,0,0,72.2
2008,4,15,8,30,12.700000000000001,0,0,0,0,0,0,77.06
2008,4,15,9,30,11.8,0,0,0,0,0,0,82.12
2008,4,15,10,30,10.8,0,0,0,0,0,0,86.71000000000001
2008,4,15,11,30,10.200000000000001,0,0,0,0,0,0,88.59
2008,4,15,12,30,11.200000000000001,0,0,0,0,0,0,81.03
2008,4,15,13,30,14.3,58,178,547,547,58,178,65.43
2008,4,15,14,30,18.1,84,428,778,778,84,428,48.82
2008,4,15,15,30,21.200000000000003,98,666,883,883,98,666,37.32
2008,4,15,16,30,23.3,106,862,940,940,106,862,31.05
2008,4,15,17,30,25,111,999,971,761,274,970,26.63
2008,4,15,18,30,26.1,111,1066,987,745,235,956,23.77
2008,4,15,19,30,26.8,111,1056,985,818,212,997,21.8
2008,4,15,20,30,27.1,108,971,968,299,430,697,20.3
2008,4,15,21,30,26.900000000000002,98,819,940,704,219,759,19.26
2008,4,15,22,30,26.1,89,613,881,188,348,461,18.77
2008,4,15,23,30,24.6,73,369,763,121,190,237,19.51
2008,4,16,0,30,22.6,45,121,477,180,79,108,23.96
2008,4,16,1,30,21.1,0,0,0,0,0,0,30.85
2008,4,16,2,30,20.200000000000003,0,0,0,0,0,0,30.96
2008,4,16,3,30,19,0,0,0,0,0,0,32.96
2008,4,16,4,30,17.7,0,0,0,0,0,0,37.1
2008,4,16,5,30,16.400000000000002,0,0,0,0,0,0,42.37
2008,4,16,6,30,15.200000000000001,0,0,0,0,0,0,48.22
2008,4,16,7,30,14.3,0,0,0,0,0,0,53.1
2008,4,16,8,30,13.700000000000001,0,0,0,0,0,0,58.4
2008,4,16,9,30,13.3,0,0,0,0,0,0,63.730000000000004
2008,4,16,10,30,12.9,0,0,0,0,0,0,67.99
2008,4,16,11,30,12.5,0,0,0,0,0,0,70.79
2008,4,16,12,30,13.600000000000001,0,0,0,0,0,0,65.61
2008,4,16,13,30,17,56,183,573,573,56,183,51.93
2008,4,16,14,30,20.8,79,435,798,798,79,435,35.95
2008,4,16,15,30,23.5,92,675,904,904,92,675,26.97
2008,4,16,16,30,25.400000000000002,100,872,957,957,100,872,22.150000000000002
2008,4,16,17,30,26.900000000000002,105,1008,985,985,105,1008,19.150000000000002
2008,4,16,18,30,27.900000000000002,106,1074,998,835,216,1026,16.98
2008,4,16,19,30,28.6,106,1068,1000,780,273,1023,15.15
2008,4,16,20,30,28.900000000000002,103,982,985,765,275,957,13.75
2008,4,16,21,30,28.8,94,829,958,958,94,829,12.85
2008,4,16,22,30,28.1,84,622,902,902,84,622,12.6
2008,4,16,23,30,26.700000000000003,68,377,793,793,68,377,12.99
2008,4,17,0,30,23.900000000000002,42,127,529,529,42,127,19.1
2008,4,17,1,30,21.5,0,0,0,0,0,0,25.54
2008,4,17,2,30,19.700000000000003,0,0,0,0,0,0,26.55
2008,4,17,3,30,18.1,0,0,0,0,0,0,29.63
2008,4,17,4,30,16.7,0,0,0,0,0,0,30.900000000000002
2008,4,17,5,30,15.3,0,0,0,0,0,0,34.57
2008,4,17,6,30,14.200000000000001,0,0,0,0,0,0,40.21
2008,4,17,7,30,13.3,0,0,0,0,0,0,45.42
2008,4,17,8,30,12.5,0,0,0,0,0,0,48.07
2008,4,17,9,30,11.8,0,0,0,0,0,0,48.64
2008,4,17,10,30,11.100000000000001,0,0,0,0,0,0,48.32
2008,4,17,11,30,10.5,0,0,0,0,0,0,47.51
2008,4,17,12,30,12.100000000000001,0,0,0,0,0,0,40.65
2008,4,17,13,30,16.2,43,207,731,731,43,207,30.7
2008,4,17,14,30,20.6,58,469,916,916,58,469,20.31
2008,4,17,15,30,23.900000000000002,67,713,997,997,67,713,12.25
2008,4,17,16,30,26.1,73,913,1039,1039,73,913,9.15
2008,4,17,17,30,27.8,78,1051,1060,1060,78,1051,7.45
2008,4,17,18,30,29,83,1118,1065,1065,83,1118,6.65
2008,4,17,19,30,29.8,81,1107,1066,1066,81,1107,6.25
2008,4,17,20,30,30.200000000000003,77,1014,1048,1048,77,1014,6.0200000000000005
2008,4,17,21,30,30.200000000000003,72,858,1022,1022,72,858,5.9
2008,4,17,22,30,29.6,64,646,973,973,64,646,5.93
2008,4,17,23,30,27.700000000000003,54,396,876,876,54,396,6.38
2008,4,18,0,30,23.5,35,138,639,639,35,138,10.65
2008,4,18,1,30,20,0,0,0,0,0,0,16.25
2008,4,18,2,30,18.5,0,0,0,0,0,0,16.6
2008,4,18,3,30,16.8,0,0,0,0,0,0,20.01
2008,4,18,4,30,15.3,0,0,0,0,0,0,24.560000000000002
2008,4,18,5,30,14.200000000000001,0,0,0,0,0,0,28.04
2008,4,18,6,30,13.100000000000001,0,0,0,0,0,0,30.19
2008,4,18,7,30,12.100000000000001,0,0,0,0,0,0,31.12
2008,4,18,8,30,11.3,0,0,0,0,0,0,31.060000000000002
2008,4,18,9,30,10.5,0,0,0,0,0,0,30.48
2008,4,18,10,30,9.8,0,0,0,0,0,0,29.36
2008,4,18,11,30,9.200000000000001,0,0,0,0,0,0,27.46
2008,4,18,12,30,9.700000000000001,0,0,0,0,0,0,22.98
2008,4,18,13,30,12.100000000000001,42,213,753,753,42,213,16.080000000000002
2008,4,18,14,30,15,59,476,924,924,59,476,15.33
2008,4,18,15,30,18.2,69,715,993,993,69,715,16.41
2008,4,18,16,30,21.200000000000003,77,914,1033,1033,77,914,15.73
2008,4,18,17,30,23.8,83,1052,1053,1053,83,1052,13.58
2008,4,18,18,30,25.900000000000002,86,1112,1055,1055,86,1112,10.92
2008,4,18,19,30,27.1,86,1101,1052,1052,86,1101,9.3
2008,4,18,20,30,27.700000000000003,84,1014,1039,1039,84,1014,8.42
2008,4,18,21,30,27.700000000000003,84,856,1002,1002,84,856,8.03
2008,4,18,22,30,27.1,75,643,948,948,75,643,8.09
2008,4,18,23,30,25.400000000000002,62,393,844,288,205,318,8.84
2008,4,19,0,30,22,40,136,589,101,89,105,12.21
2008,4,19,1,30,18.900000000000002,0,0,0,0,0,0,16.6
2008,4,19,2,30,17.2,0,0,0,0,0,0,17.080000000000002
2008,4,19,3,30,15.4,0,0,0,0,0,0,18.47
2008,4,19,4,30,13.8,0,0,0,0,0,0,19.93
2008,4,19,5,30,12.600000000000001,0,0,0,0,0,0,23.34
2008,4,19,6,30,11.9,0,0,0,0,0,0,31.18
2008,4,19,7,30,11.5,0,0,0,0,0,0,48.46
2008,4,19,8,30,10.9,0,0,0,0,0,0,67.75
2008,4,19,9,30,10.200000000000001,0,0,0,0,0,0,79.61
2008,4,19,10,30,9.8,0,0,0,0,0,0,84.88
2008,4,19,11,30,9.600000000000001,0,0,0,0,0,0,87.66
2008,4,19,12,30,10.700000000000001,0,0,0,0,0,0,82.77
2008,4,19,13,30,13.8,53,202,647,647,53,202,69.17
2008,4,19,14,30,18.8,70,460,857,857,70,460,50.29
2008,4,19,15,30,24.200000000000003,78,705,961,961,78,705,28.42
2008,4,19,16,30,27.900000000000002,83,903,1011,1011,83,903,13.74
2008,4,19,17,30,30,86,1041,1036,1036,86,1041,9.85
2008,4,19,18,30,31.6,93,1105,1040,1040,93,1105,8.26
2008,4,19,19,30,32.5,91,1090,1034,1034,91,1090,7.5
2008,4,19,20,30,32.800000000000004,87,1003,1022,1022,87,1003,7.21
2008,4,19,21,30,32.5,79,845,993,993,79,845,7.33
2008,4,19,22,30,31.6,71,635,942,635,241,622,7.8
2008,4,19,23,30,29.6,60,386,831,831,60,386,9.02
2008,4,20,0,30,25.6,39,133,572,572,39,133,14.09
2008,4,20,1,30,22.3,0,0,0,0,0,0,19.76
2008,4,20,2,30,21.200000000000003,0,0,0,0,0,0,20.05
2008,4,20,3,30,19.8,0,0,0,0,0,0,21.53
2008,4,20,4,30,18.3,0,0,0,0,0,0,22.93
2008,4,20,5,30,17.2,0,0,0,0,0,0,23.51
2008,4,20,6,30,16.400000000000002,0,0,0,0,0,0,24.39
2008,4,20,7,30,15.5,0,0,0,0,0,0,26.26
2008,4,20,8,30,14.8,0,0,0,0,0,0,28.34
2008,4,20,9,30,14.5,0,0,0,0,0,0,30.04
2008,4,20,10,30,14.4,0,0,0,0,0,0,30.23
2008,4,20,11,30,14.200000000000001,0,0,0,0,0,0,30.51
2008,4,20,12,30,15,0,0,0,0,0,0,28.650000000000002
2008,4,20,13,30,18.400000000000002,54,198,618,618,54,198,22.240000000000002
2008,4,20,14,30,22.6,77,450,815,815,77,450,14.02
2008,4,20,15,30,25.8,92,686,908,597,276,667,11.55
2008,4,20,16,30,28.3,100,881,959,720,283,870,10.47
2008,4,20,17,30,30.3,105,1017,988,988,105,1017,9.69
2008,4,20,18,30,31.700000000000003,106,1082,1000,826,228,1033,9.1
2008,4,20,19,30,32.4,103,1072,1002,1002,103,1072,8.790000000000001
2008,4,20,20,30,32.5,98,986,990,990,98,986,8.8
2008,4,20,21,30,31.900000000000002,94,832,955,955,94,832,9.200000000000001
2008,4,20,22,30,30.6,80,625,908,908,80,625,10.03
2008,4,20,23,30,28.700000000000003,62,382,812,812,62,382,11.43
2008,4,21,0,30,25.400000000000002,38,134,574,574,38,134,14.36
2008,4,21,1,30,22.6,0,0,0,0,0,0,18.5
2008,4,21,2,30,21.400000000000002,0,0,0,0,0,0,19.990000000000002
2008,4,21,3,30,20.1,0,0,0,0,0,0,21.64
2008,4,21,4,30,18.7,0,0,0,0,0,0,24.14
2008,4,21,5,30,17.6,0,0,0,0,0,0,26.900000000000002
2008,4,21,6,30,16.7,0,0,0,0,0,0,29.16
2008,4,21,7,30,15.8,0,0,0,0,0,0,31.28
2008,4,21,8,30,15,0,0,0,0,0,0,33.83
2008,4,21,9,30,14.3,0,0,0,0,0,0,35.63
2008,4,21,10,30,13.700000000000001,0,0,0,0,0,0,36.33
2008,4,21,11,30,13.200000000000001,0,0,0,0,0,0,35.59
2008,4,21,12,30,15.100000000000001,0,0,0,0,0,0,29.79
2008,4,21,13,30,19.3,40,214,735,735,40,214,21.18
2008,4,21,14,30,23.6,55,470,903,903,55,470,13.38
2008,4,21,15,30,26.900000000000002,64,710,984,984,64,710,7.29
2008,4,21,16,30,29,70,906,1024,1024,70,906,6.76
2008,4,21,17,30,30.700000000000003,73,1041,1047,1047,73,1041,6.74
2008,4,21,18,30,32,77,1105,1054,1054,77,1105,6.69
2008,4,21,19,30,32.800000000000004,76,1090,1048,1048,76,1090,6.65
2008,4,21,20,30,33.1,73,1003,1035,1035,73,1003,6.640000000000001
2008,4,21,21,30,33,69,846,1005,1005,69,846,6.65
2008,4,21,22,30,32.300000000000004,63,637,953,953,63,637,6.82
2008,4,21,23,30,30.5,55,391,851,851,55,391,7.43
2008,4,22,0,30,27.5,38,138,597,597,38,138,13.18
2008,4,22,1,30,24.700000000000003,0,0,0,0,0,0,17.1
2008,4,22,2,30,22.400000000000002,0,0,0,0,0,0,18.8
2008,4,22,3,30,20.1,0,0,0,0,0,0,20.96
2008,4,22,4,30,18.3,0,0,0,0,0,0,21.68
2008,4,22,5,30,17.1,0,0,0,0,0,0,21.68
2008,4,22,6,30,16.400000000000002,0,0,0,0,0,0,21.6
2008,4,22,7,30,16.1,0,0,0,0,0,0,21.14
2008,4,22,8,30,15.9,0,0,0,0,0,0,20.830000000000002
2008,4,22,9,30,15.5,0,0,0,0,0,0,21.25
2008,4,22,10,30,14.700000000000001,0,0,0,0,0,0,21.7
2008,4,22,11,30,14,0,0,0,0,0,0,21.54
2008,4,22,12,30,15.600000000000001,0,0,0,0,0,0,19.07
2008,4,22,13,30,19.8,45,213,703,703,45,213,13.74
2008,4,22,14,30,24,61,466,876,876,61,466,12
2008,4,22,15,30,27.200000000000003,72,702,955,955,72,702,11.88
2008,4,22,16,30,29.400000000000002,79,895,998,998,79,895,10.13
2008,4,22,17,30,31.200000000000003,83,1029,1022,1022,83,1029,8.86
2008,4,22,18,30,32.4,89,1096,1030,1030,89,1096,8.13
2008,4,22,19,30,33.2,88,1084,1029,1029,88,1084,7.61
2008,4,22,20,30,33.4,85,998,1016,1016,85,998,7.28
2008,4,22,21,30,33.2,77,845,992,992,77,845,7.09
2008,4,22,22,30,32.5,70,636,939,939,70,636,7.17
2008,4,22,23,30,31,62,387,821,12,135,139,7.65
2008,4,23,0,30,28.400000000000002,43,135,546,0,3,3,11.81
2008,4,23,1,30,25.900000000000002,0,0,0,0,0,0,14.27
2008,4,23,2,30,23.5,0,0,0,0,0,0,16.25
2008,4,23,3,30,21.3,0,0,0,0,0,0,17.48
2008,4,23,4,30,19.6,0,0,0,0,0,0,19.05
2008,4,23,5,30,18.1,0,0,0,0,0,0,21.35
2008,4,23,6,30,17,0,0,0,0,0,0,23.14
2008,4,23,7,30,16.3,0,0,0,0,0,0,24.75
2008,4,23,8,30,16,0,0,0,0,0,0,25.98
2008,4,23,9,30,15.9,0,0,0,0,0,0,26.54
2008,4,23,10,30,15.5,0,0,0,0,0,0,27.21
2008,4,23,11,30,14.4,0,0,0,0,0,0,28.5
2008,4,23,12,30,15.200000000000001,0,0,0,0,0,0,26.400000000000002
2008,4,23,13,30,18.900000000000002,48,214,686,686,48,214,19.73
2008,4,23,14,30,23.6,65,471,875,875,65,471,14.91
2008,4,23,15,30,27.6,74,708,959,959,74,708,11.18
2008,4,23,16,30,30.1,81,907,1007,1007,81,907,8.36
2008,4,23,17,30,31.8,86,1041,1030,1030,86,1041,6.890000000000001
2008,4,23,18,30,32.9,85,1106,1043,1043,85,1106,6.29
2008,4,23,19,30,33.5,86,1094,1039,812,257,1044,6.03
2008,4,23,20,30,33.7,86,1002,1018,1018,86,1002,5.92
2008,4,23,21,30,33.4,86,846,980,574,337,782,6
2008,4,23,22,30,32.6,80,635,918,396,303,541,6.26
2008,4,23,23,30,30.700000000000003,68,386,798,142,202,259,7.11
2008,4,24,0,30,27.3,44,136,538,165,87,115,9.71
2008,4,24,1,30,23.900000000000002,0,0,0,0,0,0,14.1
2008,4,24,2,30,21.700000000000003,0,0,0,0,0,0,17.67
2008,4,24,3,30,20,0,0,0,0,0,0,21.17
2008,4,24,4,30,18.7,0,0,0,0,0,0,24.23
2008,4,24,5,30,17.7,0,0,0,0,0,0,26.95
2008,4,24,6,30,16.900000000000002,0,0,0,0,0,0,29.54
2008,4,24,7,30,16.1,0,0,0,0,0,0,31.78
2008,4,24,8,30,15.3,0,0,0,0,0,0,32.96
2008,4,24,9,30,14.5,0,0,0,0,0,0,32.95
2008,4,24,10,30,13.9,0,0,0,0,0,0,31.810000000000002
2008,4,24,11,30,13.5,0,0,0,0,0,0,30.560000000000002
2008,4,24,12,30,15.5,0,0,0,0,0,0,25.94
2008,4,24,13,30,19.700000000000003,52,217,674,674,52,217,20.05
2008,4,24,14,30,23.6,70,471,861,861,70,471,16.88
2008,4,24,15,30,26.400000000000002,79,709,950,950,79,709,13.89
2008,4,24,16,30,28.400000000000002,83,904,999,999,83,904,11.69
2008,4,24,17,30,30.200000000000003,86,1038,1026,1026,86,1038,9.89
2008,4,24,18,30,31.6,89,1101,1033,1033,89,1101,8.63
2008,4,24,19,30,32.4,86,1090,1034,1034,86,1090,7.83
2008,4,24,20,30,32.6,82,1000,1019,1019,82,1000,7.44
2008,4,24,21,30,32.2,77,846,992,992,77,846,7.44
2008,4,24,22,30,31.1,70,635,934,934,70,635,7.92
2008,4,24,23,30,29.200000000000003,60,390,829,829,60,390,9.02
2008,4,25,0,30,26.1,40,140,579,579,40,140,11.31
2008,4,25,1,30,23.1,0,0,0,0,0,0,14.72
2008,4,25,2,30,21.200000000000003,0,0,0,0,0,0,17.96
2008,4,25,3,30,19.6,0,0,0,0,0,0,21.72
2008,4,25,4,30,18.1,0,0,0,0,0,0,25.740000000000002
2008,4,25,5,30,17,0,0,0,0,0,0,28.990000000000002
2008,4,25,6,30,16.1,0,0,0,0,0,0,31.66
2008,4,25,7,30,15.3,0,0,0,0,0,0,34.06
2008,4,25,8,30,14.9,0,0,0,0,0,0,35.15
2008,4,25,9,30,14.4,0,0,0,0,0,0,35.94
2008,4,25,10,30,13.600000000000001,0,0,0,0,0,0,37.11
2008,4,25,11,30,12.8,0,0,0,0,0,0,38.14
2008,4,25,12,30,14.600000000000001,11,15,197,197,11,15,33.230000000000004
2008,4,25,13,30,18.7,44,225,731,731,44,225,25.150000000000002
2008,4,25,14,30,22.3,60,481,897,897,60,481,16.38
2008,4,25,15,30,24.900000000000002,70,718,974,974,70,718,12.370000000000001
2008,4,25,16,30,27,76,911,1015,1015,76,911,10.4
2008,4,25,17,30,28.8,80,1045,1037,1037,80,1045,8.98
2008,4,25,18,30,30.200000000000003,81,1104,1043,1043,81,1104,8.13
2008,4,25,19,30,31.1,80,1092,1042,1042,80,1092,7.74
2008,4,25,20,30,31.6,78,1002,1024,1024,78,1002,7.65
2008,4,25,21,30,31.400000000000002,82,846,983,487,368,746,7.87
2008,4,25,22,30,30.700000000000003,75,634,923,157,360,455,8.28
2008,4,25,23,30,29.200000000000003,66,389,809,24,209,219,9.120000000000001
2008,4,26,0,30,26.200000000000003,45,138,537,0,9,9,11.44
2008,4,26,1,30,23.200000000000003,0,0,0,0,0,0,16.19
2008,4,26,2,30,21.400000000000002,0,0,0,0,0,0,16.94
2008,4,26,3,30,19.900000000000002,0,0,0,0,0,0,17.54
2008,4,26,4,30,19.1,0,0,0,0,0,0,17.35
2008,4,26,5,30,18.5,0,0,0,0,0,0,16.91
2008,4,26,6,30,17.7,0,0,0,0,0,0,17.44
2008,4,26,7,30,16.6,0,0,0,0,0,0,18.91
2008,4,26,8,30,15.5,0,0,0,0,0,0,20.71
2008,4,26,9,30,14.600000000000001,0,0,0,0,0,0,22.59
2008,4,26,10,30,13.8,0,0,0,0,0,0,24.2
2008,4,26,11,30,13.100000000000001,0,0,0,0,0,0,25.61
2008,4,26,12,30,14.600000000000001,11,16,198,198,11,16,23.94
2008,4,26,13,30,18.7,46,227,726,726,46,227,19.650000000000002
2008,4,26,14,30,23,62,482,892,892,62,482,14.93
2008,4,26,15,30,26.1,72,719,969,969,72,719,11.52
2008,4,26,16,30,28.200000000000003,79,908,1006,1006,79,908,9.32
2008,4,26,17,30,29.900000000000002,84,1041,1027,1027,84,1041,7.86
2008,4,26,18,30,31.200000000000003,95,1102,1025,1025,95,1102,7.13
2008,4,26,19,30,32,96,1085,1018,1018,96,1085,6.82
2008,4,26,20,30,32.2,97,997,997,997,97,997,6.8100000000000005
2008,4,26,21,30,31.8,96,841,959,717,278,836,7.04
2008,4,26,22,30,30.5,93,627,880,880,93,627,7.67
2008,4,26,23,30,28.6,77,383,762,762,77,383,8.790000000000001
2008,4,27,0,30,26.1,47,137,514,514,47,137,10.71
2008,4,27,1,30,23.5,0,0,0,0,0,0,14.21
2008,4,27,2,30,21.5,0,0,0,0,0,0,19.16
2008,4,27,3,30,19.700000000000003,0,0,0,0,0,0,24.75
2008,4,27,4,30,18.400000000000002,0,0,0,0,0,0,29.88
2008,4,27,5,30,17.5,0,0,0,0,0,0,33.79
2008,4,27,6,30,16.5,0,0,0,0,0,0,36.69
2008,4,27,7,30,15.3,0,0,0,0,0,0,38.67
2008,4,27,8,30,14.4,0,0,0,0,0,0,38.5
2008,4,27,9,30,13.5,0,0,0,0,0,0,37.480000000000004
2008,4,27,10,30,12.700000000000001,0,0,0,0,0,0,36.53
2008,4,27,11,30,12.200000000000001,0,0,0,0,0,0,35.72
2008,4,27,12,30,13.9,12,17,200,200,12,17,30.72
2008,4,27,13,30,18,47,229,718,718,47,229,23.12
2008,4,27,14,30,21.8,65,485,887,887,65,485,15.63
2008,4,27,15,30,24.6,77,722,965,965,77,722,10.82
2008,4,27,16,30,26.900000000000002,84,915,1007,1007,84,915,8.5
2008,4,27,17,30,28.8,88,1049,1030,1030,88,1049,7.33
2008,4,27,18,30,30.200000000000003,88,1113,1042,1042,88,1113,6.68
2008,4,27,19,30,31,90,1099,1038,1038,90,1099,6.3500000000000005
2008,4,27,20,30,31.200000000000003,88,1012,1022,1022,88,1012,6.23
2008,4,27,21,30,30.700000000000003,86,851,982,982,86,851,6.36
2008,4,27,22,30,29.6,78,641,926,680,189,602,6.68
2008,4,27,23,30,27.6,65,395,820,485,181,377,7.43
2008,4,28,0,30,24.400000000000002,43,143,570,227,87,127,9.120000000000001
2008,4,28,1,30,21,0,0,0,0,0,0,13.120000000000001
2008,4,28,2,30,18.6,0,0,0,0,0,0,20.17
2008,4,28,3,30,16.900000000000002,0,0,0,0,0,0,28.93
2008,4,28,4,30,15.9,0,0,0,0,0,0,38.910000000000004
2008,4,28,5,30,15.3,0,0,0,0,0,0,53.7
2008,4,28,6,30,15,0,0,0,0,0,0,71.42
2008,4,28,7,30,14.8,0,0,0,0,0,0,82.56
2008,4,28,8,30,14.4,0,0,0,0,0,0,84.67
2008,4,28,9,30,13.8,0,0,0,0,0,0,84.13
2008,4,28,10,30,12.9,0,0,0,0,0,0,83.25
2008,4,28,11,30,11.9,0,0,0,0,0,0,81.98
2008,4,28,12,30,11.5,13,14,38,38,13,14,77.87
2008,4,28,13,30,12,76,209,522,0,51,51,70.63
2008,4,28,14,30,13.4,99,459,756,0,99,99,62.120000000000005
2008,4,28,15,30,15.5,111,692,866,30,337,358,54.13
2008,4,28,16,30,18.1,117,885,927,290,475,715,46.5
2008,4,28,17,30,20.900000000000002,116,1019,966,966,116,1019,39.08
2008,4,28,18,30,23.3,101,1086,1001,1001,101,1086,32.31
2008,4,28,19,30,24.900000000000002,98,1074,1003,1003,98,1074,27.25
2008,4,28,20,30,25.700000000000003,94,988,989,989,94,988,24.37
2008,4,28,21,30,25.700000000000003,88,833,955,955,88,833,23.31
2008,4,28,22,30,24.900000000000002,81,626,896,896,81,626,23.75
2008,4,28,23,30,23.3,68,384,783,783,68,384,25.900000000000002
2008,4,29,0,30,21,44,139,535,535,44,139,30.02
2008,4,29,1,30,18.6,0,0,0,0,0,0,35.660000000000004
2008,4,29,2,30,16.7,0,0,0,0,0,0,42.02
2008,4,29,3,30,15.3,0,0,0,0,0,0,47.94
2008,4,29,4,30,14.200000000000001,0,0,0,0,0,0,52.85
2008,4,29,5,30,13.3,0,0,0,0,0,0,56.34
2008,4,29,6,30,12.4,0,0,0,0,0,0,59.61
2008,4,29,7,30,11.700000000000001,0,0,0,0,0,0,62.910000000000004
2008,4,29,8,30,11.200000000000001,0,0,0,0,0,0,67.19
2008,4,29,9,30,10.700000000000001,0,0,0,0,0,0,73.01
2008,4,29,10,30,10.4,0,0,0,0,0,0,78.10000000000001
2008,4,29,11,30,10.200000000000001,0,0,0,0,0,0,81.65
2008,4,29,12,30,11.700000000000001,14,18,150,150,14,18,75.18
2008,4,29,13,30,15.4,54,223,655,655,54,223,59.480000000000004
2008,4,29,14,30,19.8,74,471,833,833,74,471,44.29
2008,4,29,15,30,23.5,86,703,918,918,86,703,33.74
2008,4,29,16,30,26.1,93,896,970,970,93,896,26.05
2008,4,29,17,30,28.1,97,1028,996,996,97,1028,20.02
2008,4,29,18,30,29.6,99,1093,1009,1009,99,1093,15.92
2008,4,29,19,30,30.6,98,1081,1009,1009,98,1081,13.18
2008,4,29,20,30,31,95,994,995,995,95,994,11.44
2008,4,29,21,30,30.8,102,836,941,941,102,836,10.56
2008,4,29,22,30,30,99,624,861,692,194,615,10.53
2008,4,29,23,30,28.5,89,379,719,719,89,379,11.36
2008,4,30,0,30,25.8,57,135,435,82,98,113,13.97
2008,4,30,1,30,23.3,0,0,0,0,0,0,18.080000000000002
2008,4,30,2,30,21.6,0,0,0,0,0,0,21.43
2008,4,30,3,30,19.700000000000003,0,0,0,0,0,0,25.25
2008,4,30,4,30,17.900000000000002,0,0,0,0,0,0,29.41
2008,4,30,5,30,16.3,0,0,0,0,0,0,34.06
2008,4,30,6,30,15,0,0,0,0,0,0,38.6
2008,4,30,7,30,14,0,0,0,0,0,0,42.5
2008,4,30,8,30,13.100000000000001,0,0,0,0,0,0,45.410000000000004
2008,4,30,9,30,12.3,0,0,0,0,0,0,47.01
2008,4,30,10,30,11.700000000000001,0,0,0,0,0,0,46.99
2008,4,30,11,30,11.3,0,0,0,0,0,0,45.39
2008,4,30,12,30,12.700000000000001,15,20,166,166,15,20,38.050000000000004
2008,4,30,13,30,16.7,55,233,685,685,55,233,26.150000000000002
2008,4,30,14,30,21.3,73,488,866,866,73,488,11.81
2008,4,30,15,30,24.6,83,730,959,959,83,730,6.73
2008,4,30,16,30,26.900000000000002,88,923,1007,1007,88,923,5.5600000000000005
2008,4,30,17,30,28.700000000000003,90,1057,1033,1033,90,1057,5.18
2008,4,30,18,30,29.900000000000002,92,1126,1049,1049,92,1126,5.08
2008,4,30,19,30,30.5,89,1114,1051,1051,89,1114,5.13
2008,4,30,20,30,30.6,83,1020,1035,1035,83,1020,5.44
2008,4,30,21,30,30,79,864,1006,1006,79,864,5.96
2008,4,30,22,30,28.8,71,654,955,955,71,654,6.68
2008,4,30,23,30,26.8,60,405,850,850,60,405,7.97
2008,5,1,0,30,23.8,41,151,607,607,41,151,10.49
2008,5,1,1,30,20.8,0,0,0,0,0,0,14.57
2008,5,1,2,30,18.7,0,0,0,0,0,0,19.44
2008,5,1,3,30,17.1,0,0,0,0,0,0,24.61
2008,5,1,4,30,15.700000000000001,0,0,0,0,0,0,29.47
2008,5,1,5,30,14.600000000000001,0,0,0,0,0,0,33.59
2008,5,1,6,30,13.8,0,0,0,0,0,0,36.29
2008,5,1,7,30,13.200000000000001,0,0,0,0,0,0,36.25
2008,5,1,8,30,12.700000000000001,0,0,0,0,0,0,34.33
2008,5,1,9,30,12.3,0,0,0,0,0,0,32.410000000000004
2008,5,1,10,30,11.8,0,0,0,0,0,0,31.580000000000002
2008,5,1,11,30,11.5,0,0,0,0,0,0,31.14
2008,5,1,12,30,12.9,14,24,277,277,14,24,27.830000000000002
2008,5,1,13,30,16.5,46,244,756,756,46,244,21.38
2008,5,1,14,30,20.1,61,500,912,912,61,500,15.75
2008,5,1,15,30,22.6,71,736,984,548,244,615,13.64
2008,5,1,16,30,24.700000000000003,78,928,1022,744,286,904,11.22
2008,5,1,17,30,26.8,83,1067,1050,688,283,927,8.76
2008,5,1,18,30,28.400000000000002,89,1128,1052,774,308,1071,6.95
2008,5,1,19,30,29.200000000000003,85,1115,1055,1055,85,1115,5.88
2008,5,1,20,30,29.400000000000002,82,1027,1043,1043,82,1027,5.32
2008,5,1,21,30,28.8,77,871,1017,1017,77,871,5.14
2008,5,1,22,30,27.6,71,660,963,738,179,630,5.22
2008,5,1,23,30,25.5,61,411,862,352,202,346,5.72
2008,5,2,0,30,22.400000000000002,42,158,639,5,60,61,6.92
2008,5,2,1,30,19.700000000000003,0,0,0,0,0,0,9.040000000000001
2008,5,2,2,30,18.2,0,0,0,0,0,0,11.1
2008,5,2,3,30,16.5,0,0,0,0,0,0,13.58
2008,5,2,4,30,14.700000000000001,0,0,0,0,0,0,16.41
2008,5,2,5,30,13.3,0,0,0,0,0,0,19.23
2008,5,2,6,30,12,0,0,0,0,0,0,22.7
2008,5,2,7,30,10.9,0,0,0,0,0,0,26.72
2008,5,2,8,30,9.8,0,0,0,0,0,0,30.98
2008,5,2,9,30,8.9,0,0,0,0,0,0,33.44
2008,5,2,10,30,8,0,0,0,0,0,0,33.33
2008,5,2,11,30,7.5,0,0,0,0,0,0,30.26
2008,5,2,12,30,9.5,15,26,293,293,15,26,22.18
2008,5,2,13,30,14.100000000000001,48,254,783,783,48,254,13.41
2008,5,2,14,30,19.3,63,523,951,951,63,523,7.3500000000000005
2008,5,2,15,30,23.3,73,765,1022,1022,73,765,2.91
2008,5,2,16,30,25.6,78,962,1062,1062,78,962,2.47
2008,5,2,17,30,27.400000000000002,82,1098,1083,1083,82,1098,2.19
2008,5,2,18,30,28.8,81,1161,1094,1094,81,1161,2
2008,5,2,19,30,29.8,81,1148,1092,1092,81,1148,2
2008,5,2,20,30,30.200000000000003,78,1058,1081,1081,78,1058,2
2008,5,2,21,30,30,80,898,1045,1045,80,898,2
2008,5,2,22,30,29.3,73,682,995,995,73,682,2
2008,5,2,23,30,27.5,61,429,903,903,61,429,2
2008,5,3,0,30,23.5,41,167,684,684,41,167,3.2
2008,5,3,1,30,19.700000000000003,0,0,0,0,0,0,5.87
2008,5,3,2,30,17.8,0,0,0,0,0,0,7.2700000000000005
2008,5,3,3,30,16,0,0,0,0,0,0,9.77
2008,5,3,4,30,14.5,0,0,0,0,0,0,12.99
2008,5,3,5,30,13.200000000000001,0,0,0,0,0,0,16.36
2008,5,3,6,30,12.100000000000001,0,0,0,0,0,0,19.22
2008,5,3,7,30,11.200000000000001,0,0,0,0,0,0,22.11
2008,5,3,8,30,10.4,0,0,0,0,0,0,25.05
2008,5,3,9,30,9.700000000000001,0,0,0,0,0,0,27.28
2008,5,3,10,30,9.1,0,0,0,0,0,0,28.560000000000002
2008,5,3,11,30,9,0,0,0,0,0,0,28.42
2008,5,3,12,30,11.4,15,27,287,287,15,27,23.740000000000002
2008,5,3,13,30,16.1,48,250,757,757,48,250,17.2
2008,5,3,14,30,21.400000000000002,64,506,910,910,64,506,10.83
2008,5,3,15,30,25.5,75,742,982,982,75,742,6.1000000000000005
2008,5,3,16,30,27.8,82,934,1023,1023,82,934,5.41
2008,5,3,17,30,29.400000000000002,86,1066,1044,1044,86,1066,4.98
2008,5,3,18,30,30.400000000000002,92,1127,1048,1048,92,1127,4.62
2008,5,3,19,30,30.900000000000002,90,1114,1047,1047,90,1114,4.37
2008,5,3,20,30,31,87,1026,1035,1035,87,1026,4.24
2008,5,3,21,30,30.8,79,866,1005,1005,79,866,4.2700000000000005
2008,5,3,22,30,30.3,70,657,958,958,70,657,4.44
2008,5,3,23,30,28.700000000000003,58,413,867,867,58,413,5.05
2008,5,4,0,30,25,39,158,645,645,39,158,7.32
2008,5,4,1,30,21.6,0,0,0,0,0,0,10.76
2008,5,4,2,30,19.900000000000002,0,0,0,0,0,0,11.58
2008,5,4,3,30,18,0,0,0,0,0,0,13.1
2008,5,4,4,30,16.3,0,0,0,0,0,0,15.51
2008,5,4,5,30,15.100000000000001,0,0,0,0,0,0,18.29
2008,5,4,6,30,14.3,0,0,0,0,0,0,21.1
2008,5,4,7,30,13.4,0,0,0,0,0,0,25.12
2008,5,4,8,30,12.8,0,0,0,0,0,0,30.98
2008,5,4,9,30,12.4,0,0,0,0,0,0,36.93
2008,5,4,10,30,12,0,0,0,0,0,0,42.12
2008,5,4,11,30,11.700000000000001,0,0,0,0,0,0,46.18
2008,5,4,12,30,13.600000000000001,17,24,181,181,17,24,43.65
2008,5,4,13,30,17.7,62,232,635,635,62,232,37.58
2008,5,4,14,30,21.8,85,479,809,809,85,479,30.59
2008,5,4,15,30,25.1,98,709,900,900,98,709,16.53
2008,5,4,16,30,27.400000000000002,106,901,953,953,106,901,9.99
2008,5,4,17,30,29.1,110,1031,980,980,110,1031,8.14
2008,5,4,18,30,30.400000000000002,113,1091,989,989,113,1091,7.8
2008,5,4,19,30,31.400000000000002,114,1078,985,985,114,1078,7.87
2008,5,4,20,30,31.8,114,990,964,964,114,990,8.14
2008,5,4,21,30,31.700000000000003,121,831,907,907,121,831,8.43
2008,5,4,22,30,30.900000000000002,110,622,834,834,110,622,8.88
2008,5,4,23,30,29.3,94,383,705,705,94,383,9.65
2008,5,5,0,30,25.900000000000002,60,141,434,11,98,100,11.73
2008,5,5,1,30,22.6,0,0,0,0,0,0,14.85
2008,5,5,2,30,21.1,0,0,0,0,0,0,16.26
2008,5,5,3,30,19.8,0,0,0,0,0,0,17.88
2008,5,5,4,30,18.5,0,0,0,0,0,0,20
2008,5,5,5,30,17.1,0,0,0,0,0,0,22.44
2008,5,5,6,30,16.1,0,0,0,0,0,0,24.42
2008,5,5,7,30,16,0,0,0,0,0,0,25.71
2008,5,5,8,30,16.2,0,0,0,0,0,0,27.3
2008,5,5,9,30,15.8,0,0,0,0,0,0,30.32
2008,5,5,10,30,14.700000000000001,0,0,0,0,0,0,34.08
2008,5,5,11,30,13.600000000000001,0,0,0,0,0,0,36.480000000000004
2008,5,5,12,30,15,18,24,131,131,18,24,31.84
2008,5,5,13,30,19,72,228,577,577,72,228,23.400000000000002
2008,5,5,14,30,23.400000000000002,100,474,765,765,100,474,15.72
2008,5,5,15,30,26.700000000000003,117,703,859,859,117,703,10.77
2008,5,5,16,30,28.700000000000003,128,888,910,910,128,888,10.040000000000001
2008,5,5,17,30,30.400000000000002,135,1017,937,937,135,1017,9.86
2008,5,5,18,30,31.5,149,1073,934,934,149,1073,9.93
2008,5,5,19,30,32.2,149,1056,927,927,149,1056,10.09
2008,5,5,20,30,32.4,138,972,919,7,432,438,10.370000000000001
2008,5,5,21,30,32.1,132,821,879,0,231,231,10.69
2008,5,5,22,30,31.200000000000003,120,617,808,234,356,500,11.15
2008,5,5,23,30,29.700000000000003,98,378,682,116,213,260,12.040000000000001
2008,5,6,0,30,26.8,60,141,428,428,60,141,14.23
2008,5,6,1,30,23.8,0,0,0,0,0,0,17.61
2008,5,6,2,30,22.5,0,0,0,0,0,0,18.740000000000002
2008,5,6,3,30,21.400000000000002,0,0,0,0,0,0,20.06
2008,5,6,4,30,20.1,0,0,0,0,0,0,22.22
2008,5,6,5,30,18.7,0,0,0,0,0,0,24.97
2008,5,6,6,30,17.400000000000002,0,0,0,0,0,0,27.73
2008,5,6,7,30,16.3,0,0,0,0,0,0,30.39
2008,5,6,8,30,15.4,0,0,0,0,0,0,33.34
2008,5,6,9,30,14.600000000000001,0,0,0,0,0,0,37.35
2008,5,6,10,30,14,0,0,0,0,0,0,42.52
2008,5,6,11,30,13.8,0,0,0,0,0,0,48.03
2008,5,6,12,30,15.4,19,23,91,91,19,23,47.29
2008,5,6,13,30,18.6,83,219,496,496,83,219,44.89
2008,5,6,14,30,22.1,117,457,693,693,117,457,42.34
2008,5,6,15,30,25,137,682,798,798,137,682,31.26
2008,5,6,16,30,27.3,149,867,859,859,149,867,23.900000000000002
2008,5,6,17,30,29.200000000000003,160,998,890,890,160,998,19.69
2008,5,6,18,30,30.6,188,1052,873,873,188,1052,17.02
2008,5,6,19,30,31.700000000000003,179,1041,881,881,179,1041,15.09
2008,5,6,20,30,32.1,171,960,868,7,434,440,13.86
2008,5,6,21,30,32,192,797,770,20,399,415,13.200000000000001
2008,5,6,22,30,31.200000000000003,163,596,702,702,163,596,13.370000000000001
2008,5,6,23,30,29.5,122,367,594,244,209,310,14.61
2008,5,7,0,30,26.900000000000002,68,136,358,358,68,136,17.36
2008,5,7,1,30,24,0,0,0,0,0,0,21.92
2008,5,7,2,30,21.8,0,0,0,0,0,0,26.84
2008,5,7,3,30,20.200000000000003,0,0,0,0,0,0,30.95
2008,5,7,4,30,18.7,0,0,0,0,0,0,34.97
2008,5,7,5,30,17.3,0,0,0,0,0,0,39.15
2008,5,7,6,30,16.1,0,0,0,0,0,0,42.87
2008,5,7,7,30,15.3,0,0,0,0,0,0,45.02
2008,5,7,8,30,14.600000000000001,0,0,0,0,0,0,46.74
2008,5,7,9,30,14.100000000000001,0,0,0,0,0,0,47.76
2008,5,7,10,30,13.8,0,0,0,0,0,0,47.77
2008,5,7,11,30,13.8,0,0,0,0,0,0,46.64
2008,5,7,12,30,14.8,18,31,270,4,22,22,42.74
2008,5,7,13,30,17.5,53,247,706,0,30,30,34.9
2008,5,7,14,30,20.8,71,493,859,23,198,209,25.490000000000002
2008,5,7,15,30,23.400000000000002,84,722,933,495,259,598,20.07
2008,5,7,16,30,25.5,93,905,970,611,268,780,17.23
2008,5,7,17,30,27.3,100,1030,987,690,252,902,15.17
2008,5,7,18,30,28.3,115,1085,979,617,317,929,14.07
2008,5,7,19,30,28.3,117,1070,973,301,472,767,14.08
2008,5,7,20,30,27.8,114,984,957,48,458,502,14.72
2008,5,7,21,30,27.1,97,837,941,145,397,511,15.76
2008,5,7,22,30,26.1,88,633,884,581,212,570,17.16
2008,5,7,23,30,24.8,73,393,774,774,73,393,19.03
2008,5,8,0,30,22.8,47,151,543,543,47,151,22.29
2008,5,8,1,30,21,0,0,0,0,0,0,26.14
2008,5,8,2,30,19.400000000000002,0,0,0,0,0,0,29.92
2008,5,8,3,30,17.8,0,0,0,0,0,0,33.85
2008,5,8,4,30,16.6,0,0,0,0,0,0,37.230000000000004
2008,5,8,5,30,15.9,0,0,0,0,0,0,39.54
2008,5,8,6,30,15.200000000000001,0,0,0,0,0,0,41.85
2008,5,8,7,30,14.5,0,0,0,0,0,0,44.08
2008,5,8,8,30,13.700000000000001,0,0,0,0,0,0,46.54
2008,5,8,9,30,13,0,0,0,0,0,0,48.2
2008,5,8,10,30,12.4,0,0,0,0,0,0,48.54
2008,5,8,11,30,12.200000000000001,0,0,0,0,0,0,46.72
2008,5,8,12,30,14.4,18,32,273,4,23,23,38.11
2008,5,8,13,30,18.8,52,251,723,42,133,145,27.07
2008,5,8,14,30,23.200000000000003,68,502,879,283,263,402,16.01
2008,5,8,15,30,26.6,79,733,955,955,79,733,9.66
2008,5,8,16,30,29,87,921,995,995,87,921,8.25
2008,5,8,17,30,30.900000000000002,91,1050,1017,441,489,905,7.01
2008,5,8,18,30,32.300000000000004,103,1107,1013,1013,103,1107,6
2008,5,8,19,30,33.2,100,1094,1014,1014,100,1094,5.34
2008,5,8,20,30,33.7,95,1008,1003,1003,95,1008,4.98
2008,5,8,21,30,33.6,85,857,981,981,85,857,4.95
2008,5,8,22,30,32.9,75,649,928,928,75,649,5.26
2008,5,8,23,30,31.400000000000002,62,406,830,830,62,406,6.15
2008,5,9,0,30,28,41,159,609,609,41,159,8.77
2008,5,9,1,30,24.400000000000002,0,0,0,0,0,0,14.23
2008,5,9,2,30,22.1,0,0,0,0,0,0,20.44
2008,5,9,3,30,20.200000000000003,0,0,0,0,0,0,25.560000000000002
2008,5,9,4,30,18.8,0,0,0,0,0,0,29.310000000000002
2008,5,9,5,30,17.6,0,0,0,0,0,0,32.36
2008,5,9,6,30,16.400000000000002,0,0,0,0,0,0,35.14
2008,5,9,7,30,15.5,0,0,0,0,0,0,37
2008,5,9,8,30,14.600000000000001,0,0,0,0,0,0,38.46
2008,5,9,9,30,13.9,0,0,0,0,0,0,38.800000000000004
2008,5,9,10,30,13.3,0,0,0,0,0,0,38.13
2008,5,9,11,30,13.3,0,0,0,0,0,0,35.39
2008,5,9,12,30,15.600000000000001,18,32,264,264,18,32,28.05
2008,5,9,13,30,20.1,55,247,693,693,55,247,19.36
2008,5,9,14,30,24.700000000000003,74,497,855,855,74,497,11.41
2008,5,9,15,30,28.400000000000002,87,727,932,932,87,727,6.88
2008,5,9,16,30,30.900000000000002,96,914,975,975,96,914,6.140000000000001
2008,5,9,17,30,32.7,102,1043,997,997,102,1043,5.89
2008,5,9,18,30,33.9,100,1100,1008,629,397,1021,5.79
2008,5,9,19,30,34.7,100,1086,1006,621,327,936,5.75
2008,5,9,20,30,35,98,1000,990,990,98,1000,5.76
2008,5,9,21,30,34.7,92,848,960,765,185,787,5.9
2008,5,9,22,30,33.9,86,642,899,899,86,642,6.18
2008,5,9,23,30,32.5,77,399,772,143,241,301,6.72
2008,5,10,0,30,29.700000000000003,52,154,529,529,52,154,8.72
2008,5,10,1,30,26.6,0,0,0,0,0,0,11.77
2008,5,10,2,30,24.3,0,0,0,0,0,0,13.43
2008,5,10,3,30,22.5,0,0,0,0,0,0,15.52
2008,5,10,4,30,20.6,0,0,0,0,0,0,18.12
2008,5,10,5,30,19.1,0,0,0,0,0,0,20.1
2008,5,10,6,30,18.1,0,0,0,0,0,0,20.78
2008,5,10,7,30,17.400000000000002,0,0,0,0,0,0,20.2
2008,5,10,8,30,17,0,0,0,0,0,0,18.71
2008,5,10,9,30,16.6,0,0,0,0,0,0,17.39
2008,5,10,10,30,16,0,0,0,0,0,0,16.65
2008,5,10,11,30,15.5,0,0,0,0,0,0,16.06
2008,5,10,12,30,16.900000000000002,21,32,200,3,25,25,13.99
2008,5,10,13,30,20.400000000000002,68,243,627,627,68,243,10.75
2008,5,10,14,30,24.5,97,489,791,164,295,376,10.53
2008,5,10,15,30,27.900000000000002,116,717,875,875,116,717,9.84
2008,5,10,16,30,30.3,128,903,923,714,300,900,8.26
2008,5,10,17,30,31.900000000000002,135,1032,951,951,135,1032,7.48
2008,5,10,18,30,32.9,141,1090,957,957,141,1090,7.2
2008,5,10,19,30,33.4,136,1077,960,960,136,1077,7.17
2008,5,10,20,30,33.5,130,988,942,358,429,755,7.21
2008,5,10,21,30,33.2,118,838,913,344,362,633,7.34
2008,5,10,22,30,32.4,109,633,846,274,281,451,7.68
2008,5,10,23,30,30.8,91,392,720,168,241,311,8.49
2008,5,11,0,30,28,59,151,469,469,59,151,10.74
2008,5,11,1,30,25.200000000000003,0,0,0,0,0,0,14.08
2008,5,11,2,30,23.400000000000002,0,0,0,0,0,0,16.32
2008,5,11,3,30,21.8,0,0,0,0,0,0,18.18
2008,5,11,4,30,20.5,0,0,0,0,0,0,19.59
2008,5,11,5,30,19.3,0,0,0,0,0,0,20.95
2008,5,11,6,30,18.1,0,0,0,0,0,0,22.55
2008,5,11,7,30,17.1,0,0,0,0,0,0,24.2
2008,5,11,8,30,16.400000000000002,0,0,0,0,0,0,25.94
2008,5,11,9,30,15.9,0,0,0,0,0,0,28.080000000000002
2008,5,11,10,30,15.600000000000001,0,0,0,0,0,0,30.240000000000002
2008,5,11,11,30,15.5,0,0,0,0,0,0,31.89
2008,5,11,12,30,17.400000000000002,22,29,112,112,22,29,29.240000000000002
2008,5,11,13,30,21.3,84,226,506,506,84,226,23.87
2008,5,11,14,30,25.200000000000003,114,465,706,706,114,465,30.45
2008,5,11,15,30,28.200000000000003,130,690,815,815,130,690,25.8
2008,5,11,16,30,30.5,139,877,878,878,139,877,20.34
2008,5,11,17,30,32.2,143,1007,914,914,143,1007,16.73
2008,5,11,18,30,33.5,159,1061,910,910,159,1061,14.23
2008,5,11,19,30,34.300000000000004,158,1048,906,717,306,1010,12.58
2008,5,11,20,30,34.5,163,959,873,0,223,224,11.620000000000001
2008,5,11,21,30,34.2,172,804,802,418,360,690,11.290000000000001
2008,5,11,22,30,33.4,164,598,700,188,329,445,11.61
2008,5,11,23,30,32,134,367,557,557,134,367,12.59
2008,5,12,0,30,29.5,82,136,274,274,82,136,14.94
2008,5,12,1,30,26.900000000000002,0,0,0,0,0,0,18.740000000000002
2008,5,12,2,30,25.5,0,0,0,0,0,0,20.76
2008,5,12,3,30,24.700000000000003,0,0,0,0,0,0,23.54
2008,5,12,4,30,23.900000000000002,0,0,0,0,0,0,28.25
2008,5,12,5,30,22.8,0,0,0,0,0,0,35.83
2008,5,12,6,30,21.6,0,0,0,0,0,0,44.88
2008,5,12,7,30,20.200000000000003,0,0,0,0,0,0,56.15
2008,5,12,8,30,19.1,0,0,0,0,0,0,65.08
2008,5,12,9,30,18.3,0,0,0,0,0,0,70.94
2008,5,12,10,30,17.8,0,0,0,0,0,0,73.94
2008,5,12,11,30,17.400000000000002,0,0,0,0,0,0,75.64
2008,5,12,12,30,18.400000000000002,22,26,67,67,22,26,70.67
2008,5,12,13,30,21.3,102,217,406,406,102,217,57.45
2008,5,12,14,30,24.900000000000002,148,451,608,608,148,451,39.57
2008,5,12,15,30,27.900000000000002,175,671,719,719,175,671,27.98
2008,5,12,16,30,30.3,193,852,783,783,193,852,21.69
2008,5,12,17,30,32.1,201,978,822,822,201,978,17.84
2008,5,12,18,30,33.300000000000004,220,1036,822,822,220,1036,15.6
2008,5,12,19,30,34,218,1023,820,325,496,815,14.15
2008,5,12,20,30,34.2,213,938,794,1,214,215,13.06
2008,5,12,21,30,33.9,203,792,746,0,60,60,12.36
2008,5,12,22,30,32.9,180,593,665,665,180,593,12.290000000000001
2008,5,12,23,30,31.400000000000002,139,366,540,20,224,232,12.96
2008,5,13,0,30,28.8,80,138,295,8,107,108,15.16
2008,5,13,1,30,26.1,0,0,0,0,0,0,19.1
2008,5,13,2,30,24.200000000000003,0,0,0,0,0,0,22.830000000000002
2008,5,13,3,30,22.400000000000002,0,0,0,0,0,0,27.44
2008,5,13,4,30,21,0,0,0,0,0,0,32.53
2008,5,13,5,30,19.8,0,0,0,0,0,0,37.58
2008,5,13,6,30,18.6,0,0,0,0,0,0,42.83
2008,5,13,7,30,17.6,0,0,0,0,0,0,48.050000000000004
2008,5,13,8,30,16.7,0,0,0,0,0,0,53.43
2008,5,13,9,30,15.9,0,0,0,0,0,0,58.33
2008,5,13,10,30,15.200000000000001,0,0,0,0,0,0,62.38
2008,5,13,11,30,15,0,0,0,0,0,0,63.83
2008,5,13,12,30,16.7,23,32,142,1,25,25,57.42
2008,5,13,13,30,20.8,83,232,526,526,83,232,44.19
2008,5,13,14,30,24.8,119,468,699,699,119,468,26.830000000000002
2008,5,13,15,30,27.400000000000002,144,690,792,792,144,690,20.5
2008,5,13,16,30,29.400000000000002,160,871,845,845,160,871,18.16
2008,5,13,17,30,31,173,993,866,866,173,993,16.68
2008,5,13,18,30,32.2,194,1046,858,858,194,1046,15.52
2008,5,13,19,30,32.7,204,1026,837,491,485,966,14.9
2008,5,13,20,30,32.7,201,938,808,13,449,461,14.92
2008,5,13,21,30,32.2,187,789,762,1,198,199,15.55
2008,5,13,22,30,31,170,591,675,0,180,180,16.95
2008,5,13,23,30,29.3,139,362,528,106,214,259,19.150000000000002
2008,5,14,0,30,27.200000000000003,84,133,245,22,115,120,22.38
2008,5,14,1,30,25.3,0,0,0,0,0,0,26.47
2008,5,14,2,30,24,0,0,0,0,0,0,29.43
2008,5,14,3,30,22.8,0,0,0,0,0,0,31.71
2008,5,14,4,30,21.5,0,0,0,0,0,0,34.72
2008,5,14,5,30,20.400000000000002,0,0,0,0,0,0,38.59
2008,5,14,6,30,19.200000000000003,0,0,0,0,0,0,44.53
2008,5,14,7,30,18,0,0,0,0,0,0,51.870000000000005
2008,5,14,8,30,17,0,0,0,0,0,0,59.1
2008,5,14,9,30,16.1,0,0,0,0,0,0,65.87
2008,5,14,10,30,15.5,0,0,0,0,0,0,70.56
2008,5,14,11,30,15.200000000000001,0,0,0,0,0,0,72.01
2008,5,14,12,30,16.3,24,30,100,0,20,20,65.62
2008,5,14,13,30,19.700000000000003,92,230,483,64,151,169,48.52
2008,5,14,14,30,23.400000000000002,126,467,683,683,126,467,28.68
2008,5,14,15,30,26.200000000000003,145,688,786,475,281,609,22.990000000000002
2008,5,14,16,30,28.400000000000002,157,870,847,470,348,744,20.23
2008,5,14,17,30,30.200000000000003,167,992,872,27,415,440,18.29
2008,5,14,18,30,31.400000000000002,165,1050,890,113,499,612,16.95
2008,5,14,19,30,31.8,179,1029,865,609,342,940,16.18
2008,5,14,20,30,31.200000000000003,179,941,835,196,545,724,16.95
2008,5,14,21,30,30.1,156,796,809,175,381,519,19.03
2008,5,14,22,30,28.8,136,599,744,38,264,288,21.67
2008,5,14,23,30,27.3,106,374,634,5,113,115,24.580000000000002
2008,5,15,0,30,25.700000000000003,67,145,387,0,25,25,27.810000000000002
2008,5,15,1,30,24.3,0,0,0,0,0,0,31.990000000000002
2008,5,15,2,30,23.3,0,0,0,0,0,0,36.5
2008,5,15,3,30,22.400000000000002,0,0,0,0,0,0,40.76
2008,5,15,4,30,21.1,0,0,0,0,0,0,46.03
2008,5,15,5,30,19.700000000000003,0,0,0,0,0,0,52.44
2008,5,15,6,30,18.900000000000002,0,0,0,0,0,0,57.75
2008,5,15,7,30,18.2,0,0,0,0,0,0,62.25
2008,5,15,8,30,17.400000000000002,0,0,0,0,0,0,66.81
2008,5,15,9,30,16.8,0,0,0,0,0,0,69.94
2008,5,15,10,30,16.2,0,0,0,0,0,0,72.65
2008,5,15,11,30,15.700000000000001,0,0,0,0,0,0,73.51
2008,5,15,12,30,15.5,25,31,96,0,11,11,71.36
2008,5,15,13,30,15.700000000000001,95,225,455,0,55,55,64.67
2008,5,15,14,30,16.5,128,459,660,0,60,60,57.57
2008,5,15,15,30,17.900000000000002,146,679,771,2,285,287,51.24
2008,5,15,16,30,19.1,165,855,819,0,70,70,47.1
2008,5,15,17,30,19.8,180,977,842,10,329,338,45.54
2008,5,15,18,30,20.400000000000002,162,1042,885,4,307,311,44.230000000000004
2008,5,15,19,30,21.200000000000003,139,1036,912,2,265,267,41.92
2008,5,15,20,30,22,125,958,911,20,398,416,38.89
2008,5,15,21,30,22.5,113,815,887,0,215,216,36.67
2008,5,15,22,30,22.8,96,622,842,842,96,622,35.35
2008,5,15,23,30,22.400000000000002,76,393,747,130,238,293,35.62
2008,5,16,0,30,20.6,52,157,520,520,52,157,41.06
2008,5,16,1,30,18.7,0,0,0,0,0,0,52.1
2008,5,16,2,30,17.7,0,0,0,0,0,0,55.88
2008,5,16,3,30,16.900000000000002,0,0,0,0,0,0,61.14
2008,5,16,4,30,16.1,0,0,0,0,0,0,65.99
2008,5,16,5,30,15.5,0,0,0,0,0,0,69.54
2008,5,16,6,30,14.9,0,0,0,0,0,0,73
2008,5,16,7,30,14.200000000000001,0,0,0,0,0,0,77.10000000000001
2008,5,16,8,30,13.5,0,0,0,0,0,0,81.44
2008,5,16,9,30,12.9,0,0,0,0,0,0,85.38
2008,5,16,10,30,12.4,0,0,0,0,0,0,88.64
2008,5,16,11,30,12.200000000000001,0,0,0,0,0,0,89.92
2008,5,16,12,30,13.9,24,37,211,211,24,37,80.5
2008,5,16,13,30,17.2,66,245,620,620,66,245,65.53
2008,5,16,14,30,20.3,89,483,785,785,89,483,51.65
2008,5,16,15,30,22.8,99,708,881,881,99,708,40.07
2008,5,16,16,30,24.900000000000002,103,892,935,935,103,892,32.03
2008,5,16,17,30,26.6,108,1017,960,611,372,950,26.89
2008,5,16,18,30,27.700000000000003,126,1070,950,467,486,950,24.37
2008,5,16,19,30,28.3,128,1056,944,344,543,882,23.53
2008,5,16,20,30,28.3,125,968,922,922,125,968,23.76
2008,5,16,21,30,27.8,108,822,901,115,437,528,24.5
2008,5,16,22,30,26.700000000000003,89,627,861,861,89,627,26.12
2008,5,16,23,30,25.1,69,398,775,775,69,398,28.69
2008,5,17,0,30,22.900000000000002,45,163,577,216,95,139,33.07
2008,5,17,1,30,20.5,0,0,0,0,0,0,40.03
2008,5,17,2,30,18.8,0,0,0,0,0,0,46.38
2008,5,17,3,30,17.3,0,0,0,0,0,0,52.68
2008,5,17,4,30,16,0,0,0,0,0,0,59.5
2008,5,17,5,30,14.9,0,0,0,0,0,0,65.62
2008,5,17,6,30,14,0,0,0,0,0,0,72.06
2008,5,17,7,30,13.100000000000001,0,0,0,0,0,0,78.66
2008,5,17,8,30,12.4,0,0,0,0,0,0,83.35000000000001
2008,5,17,9,30,11.8,0,0,0,0,0,0,87.17
2008,5,17,10,30,11.4,0,0,0,0,0,0,89.56
2008,5,17,11,30,11.5,0,0,0,0,0,0,88.93
2008,5,17,12,30,12.5,27,34,106,106,27,34,83.21000000000001
2008,5,17,13,30,14.700000000000001,91,236,504,1,104,105,70.49
2008,5,17,14,30,17.8,108,480,740,2,201,202,54.85
2008,5,17,15,30,21.200000000000003,113,710,863,863,113,710,38.93
2008,5,17,16,30,23.900000000000002,113,897,928,928,113,897,28.91
2008,5,17,17,30,26,103,1030,979,979,103,1030,22.91
2008,5,17,18,30,27.5,97,1094,1003,1003,97,1094,19.04
2008,5,17,19,30,28.400000000000002,89,1083,1010,1010,89,1083,16.53
2008,5,17,20,30,28.700000000000003,84,1002,1004,1004,84,1002,15.15
2008,5,17,21,30,28.5,77,853,979,102,416,497,14.35
2008,5,17,22,30,27.6,71,652,927,608,250,631,14.4
2008,5,17,23,30,26,62,415,829,83,206,242,15.77
2008,5,18,0,30,22.900000000000002,44,170,612,391,88,169,19.87
2008,5,18,1,30,19.5,0,0,0,0,0,0,29.59
2008,5,18,2,30,17.3,0,0,0,0,0,0,38.56
2008,5,18,3,30,16,0,0,0,0,0,0,44.04
2008,5,18,4,30,14.8,0,0,0,0,0,0,48.76
2008,5,18,5,30,13.8,0,0,0,0,0,0,53.82
2008,5,18,6,30,12.700000000000001,0,0,0,0,0,0,60.15
2008,5,18,7,30,11.8,0,0,0,0,0,0,65.96000000000001
2008,5,18,8,30,11,0,0,0,0,0,0,70.26
2008,5,18,9,30,10.4,0,0,0,0,0,0,73.29
2008,5,18,10,30,9.9,0,0,0,0,0,0,75.46000000000001
2008,5,18,11,30,9.9,0,0,0,0,0,0,74.54
2008,5,18,12,30,11.8,22,43,299,299,22,43,64.72
2008,5,18,13,30,15.100000000000001,56,259,702,702,56,259,51.51
2008,5,18,14,30,18.2,73,502,852,852,73,502,42.24
2008,5,18,15,30,20.8,84,727,927,927,84,727,34.29
2008,5,18,16,30,22.900000000000002,92,909,968,968,92,909,27.48
2008,5,18,17,30,24.5,98,1035,990,990,98,1035,23.17
2008,5,18,18,30,25.8,99,1094,1000,1000,99,1094,20.37
2008,5,18,19,30,26.700000000000003,101,1077,992,992,101,1077,18.47
2008,5,18,20,30,27.1,101,992,973,973,101,992,17.2
2008,5,18,21,30,27.1,102,840,930,655,302,822,16.57
2008,5,18,22,30,26.400000000000002,96,637,864,290,339,521,17.09
2008,5,18,23,30,25.1,82,402,750,252,196,304,18.73
2008,5,19,0,30,22.900000000000002,56,163,515,515,56,163,22.14
2008,5,19,1,30,20.6,0,0,0,0,0,0,28.28
2008,5,19,2,30,18.900000000000002,0,0,0,0,0,0,32.7
2008,5,19,3,30,17.6,0,0,0,0,0,0,36.45
2008,5,19,4,30,16.5,0,0,0,0,0,0,40.06
2008,5,19,5,30,15.600000000000001,0,0,0,0,0,0,43.47
2008,5,19,6,30,14.8,0,0,0,0,0,0,46.77
2008,5,19,7,30,14,0,0,0,0,0,0,50.38
2008,5,19,8,30,13.4,0,0,0,0,0,0,53.21
2008,5,19,9,30,12.8,0,0,0,0,0,0,56.5
2008,5,19,10,30,12.200000000000001,0,0,0,0,0,0,59.49
2008,5,19,11,30,12.3,0,0,0,0,0,0,59.35
2008,5,19,12,30,13.8,26,39,187,0,23,23,54.42
2008,5,19,13,30,16.8,75,244,582,0,36,36,45.69
2008,5,19,14,30,19.900000000000002,99,482,758,419,211,423,38.230000000000004
2008,5,19,15,30,22.200000000000003,112,704,854,181,331,457,32.47
2008,5,19,16,30,23.700000000000003,122,885,904,653,315,866,29.36
2008,5,19,17,30,24.8,126,1011,934,934,126,1011,27.48
2008,5,19,18,30,25.6,147,1062,920,920,147,1062,26.02
2008,5,19,19,30,26.200000000000003,143,1050,922,0,166,167,24.51
2008,5,19,20,30,26.3,136,968,908,288,525,788,23.580000000000002
2008,5,19,21,30,25.900000000000002,117,823,889,619,219,711,23.82
2008,5,19,22,30,24.900000000000002,105,623,826,446,252,532,25.62
2008,5,19,23,30,23.400000000000002,89,392,708,204,201,288,28.93
2008,5,20,0,30,21.6,61,157,459,459,61,157,34
2008,5,20,1,30,19.900000000000002,0,0,0,0,0,0,43.21
2008,5,20,2,30,18.7,0,0,0,0,0,0,48.49
2008,5,20,3,30,17.6,0,0,0,0,0,0,53.7
2008,5,20,4,30,16.400000000000002,0,0,0,0,0,0,60.56
2008,5,20,5,30,15.3,0,0,0,0,0,0,65.1
2008,5,20,6,30,14.5,0,0,0,0,0,0,68.51
2008,5,20,7,30,13.700000000000001,0,0,0,0,0,0,71.85000000000001
2008,5,20,8,30,13,0,0,0,0,0,0,74.68
2008,5,20,9,30,12.5,0,0,0,0,0,0,76.25
2008,5,20,10,30,12,0,0,0,0,0,0,77.7
2008,5,20,11,30,12,0,0,0,0,0,0,76.63
2008,5,20,12,30,13.8,23,43,280,280,23,43,68.04
2008,5,20,13,30,17.400000000000002,58,255,677,677,58,255,54.21
2008,5,20,14,30,20.6,76,495,830,830,76,495,39.68
2008,5,20,15,30,22.8,88,718,908,908,88,718,30.87
2008,5,20,16,30,24.400000000000002,96,901,953,953,96,901,26.5
2008,5,20,17,30,25.700000000000003,102,1026,974,974,102,1026,23.61
2008,5,20,18,30,26.700000000000003,106,1083,982,982,106,1083,21.400000000000002
2008,5,20,19,30,27.5,107,1067,975,975,107,1067,19.72
2008,5,20,20,30,27.8,108,983,955,250,529,758,18.68
2008,5,20,21,30,27.5,105,834,918,90,398,469,18.35
2008,5,20,22,30,26.8,96,633,854,205,307,436,18.85
2008,5,20,23,30,25.5,80,402,750,10,139,143,20.41
2008,5,21,0,30,23.200000000000003,53,166,535,535,53,166,23.740000000000002
2008,5,21,1,30,20.8,0,0,0,0,0,0,35.76
2008,5,21,2,30,19.400000000000002,0,0,0,0,0,0,39.31
2008,5,21,3,30,18.5,0,0,0,0,0,0,40.93
2008,5,21,4,30,17.900000000000002,0,0,0,0,0,0,42.72
2008,5,21,5,30,17.5,0,0,0,0,0,0,42.480000000000004
2008,5,21,6,30,16.6,0,0,0,0,0,0,44.800000000000004
2008,5,21,7,30,15.3,0,0,0,0,0,0,49.29
2008,5,21,8,30,14.100000000000001,0,0,0,0,0,0,53.38
2008,5,21,9,30,13.200000000000001,0,0,0,0,0,0,58.36
2008,5,21,10,30,12.5,0,0,0,0,0,0,64.93
2008,5,21,11,30,12.200000000000001,0,0,0,0,0,0,70.27
2008,5,21,12,30,13.4,24,44,284,284,24,44,67.35
2008,5,21,13,30,17.1,57,260,693,693,57,260,52.7
2008,5,21,14,30,21.700000000000003,74,503,848,848,74,503,33.68
2008,5,21,15,30,25,86,730,928,928,86,730,19.81
2008,5,21,16,30,26.8,93,913,970,970,93,913,15.9
2008,5,21,17,30,28.200000000000003,99,1039,992,782,259,1000,13.950000000000001
2008,5,21,18,30,29.3,104,1093,994,994,104,1093,12.68
2008,5,21,19,30,30,104,1080,991,991,104,1080,11.870000000000001
2008,5,21,20,30,30.3,101,992,972,972,101,992,11.450000000000001
2008,5,21,21,30,30.1,99,844,936,680,290,831,11.49
2008,5,21,22,30,29.200000000000003,94,640,867,867,94,640,12.4
2008,5,21,23,30,27.400000000000002,84,402,739,739,84,402,15.120000000000001
2008,5,22,0,30,24.5,59,163,489,244,109,161,21.240000000000002
2008,5,22,1,30,21.400000000000002,0,0,0,0,0,0,31.28
2008,5,22,2,30,19.200000000000003,0,0,0,0,0,0,39.61
2008,5,22,3,30,17.7,0,0,0,0,0,0,45.1
2008,5,22,4,30,16.6,0,0,0,0,0,0,49
2008,5,22,5,30,15.3,0,0,0,0,0,0,54.09
2008,5,22,6,30,13.9,0,0,0,0,0,0,60.660000000000004
2008,5,22,7,30,12.8,0,0,0,0,0,0,67.08
2008,5,22,8,30,12,0,0,0,0,0,0,72.10000000000001
2008,5,22,9,30,11.4,0,0,0,0,0,0,75.16
2008,5,22,10,30,10.9,0,0,0,0,0,0,77.23
2008,5,22,11,30,10.600000000000001,0,0,0,0,0,0,76.8
2008,5,22,12,30,11.600000000000001,24,44,278,278,24,44,69.19
2008,5,22,13,30,14.700000000000001,58,261,693,693,58,261,51.61
2008,5,22,14,30,18.6,73,507,856,856,73,507,34.1
2008,5,22,15,30,22.200000000000003,83,732,935,935,83,732,24.37
2008,5,22,16,30,25,87,919,984,984,87,919,19.1
2008,5,22,17,30,27.1,90,1051,1014,1014,90,1051,15.58
2008,5,22,18,30,28.3,93,1109,1021,1021,93,1109,13.26
2008,5,22,19,30,28.900000000000002,92,1096,1020,1020,92,1096,11.98
2008,5,22,20,30,28.8,89,1012,1006,1006,89,1012,11.700000000000001
2008,5,22,21,30,28.200000000000003,85,863,977,977,85,863,12.200000000000001
2008,5,22,22,30,26.900000000000002,78,658,919,919,78,658,14.08
2008,5,22,23,30,24.900000000000002,67,420,818,818,67,420,17.56
2008,5,23,0,30,22.200000000000003,46,178,617,617,46,178,22.990000000000002
2008,5,23,1,30,19.400000000000002,0,0,0,0,0,0,30.54
2008,5,23,2,30,17.3,0,0,0,0,0,0,38.67
2008,5,23,3,30,15.700000000000001,0,0,0,0,0,0,47.28
2008,5,23,4,30,14.100000000000001,0,0,0,0,0,0,57.910000000000004
2008,5,23,5,30,12.600000000000001,0,0,0,0,0,0,68.55
2008,5,23,6,30,11.4,0,0,0,0,0,0,76.39
2008,5,23,7,30,10.5,0,0,0,0,0,0,80.69
2008,5,23,8,30,9.8,0,0,0,0,0,0,82.38
2008,5,23,9,30,9.1,0,0,0,0,0,0,83.27
2008,5,23,10,30,8.6,0,0,0,0,0,0,82.93
2008,5,23,11,30,8.3,0,0,0,0,0,0,80.96000000000001
2008,5,23,12,30,9.8,23,50,375,375,23,50,69.85000000000001
2008,5,23,13,30,13.8,51,278,770,770,51,278,49.61
2008,5,23,14,30,18.7,66,527,910,910,66,527,31.37
2008,5,23,15,30,22.8,74,756,980,980,74,756,20.06
2008,5,23,16,30,25.8,81,935,1011,1011,81,935,14.63
2008,5,23,17,30,27.8,84,1063,1032,1032,84,1063,11.92
2008,5,23,18,30,29.3,85,1122,1041,1041,85,1122,10.31
2008,5,23,19,30,30.200000000000003,85,1103,1034,1034,85,1103,9.48
2008,5,23,20,30,30.6,82,1019,1021,1021,82,1019,9.120000000000001
2008,5,23,21,30,30.5,77,870,996,996,77,870,9.05
2008,5,23,22,30,29.700000000000003,70,665,943,943,70,665,9.38
2008,5,23,23,30,28.1,60,430,854,854,60,430,10.33
2008,5,24,0,30,24.700000000000003,43,185,658,658,43,185,13.19
2008,5,24,1,30,21.200000000000003,0,0,0,0,0,0,20.44
2008,5,24,2,30,19.700000000000003,0,0,0,0,0,0,23.03
2008,5,24,3,30,18.400000000000002,0,0,0,0,0,0,27.26
2008,5,24,4,30,16.900000000000002,0,0,0,0,0,0,33.75
2008,5,24,5,30,15.600000000000001,0,0,0,0,0,0,40.76
2008,5,24,6,30,14.3,0,0,0,0,0,0,48.43
2008,5,24,7,30,13.3,0,0,0,0,0,0,55.43
2008,5,24,8,30,12.3,0,0,0,0,0,0,62.03
2008,5,24,9,30,11.5,0,0,0,0,0,0,66.77
2008,5,24,10,30,10.8,0,0,0,0,0,0,70.18
2008,5,24,11,30,10.700000000000001,0,0,0,0,0,0,70.58
2008,5,24,12,30,12.700000000000001,23,49,365,365,23,49,61.22
2008,5,24,13,30,17.3,51,271,746,746,51,271,44.35
2008,5,24,14,30,22.700000000000003,67,516,886,886,67,516,24.47
2008,5,24,15,30,26.5,77,741,956,956,77,741,14.6
2008,5,24,16,30,28.6,83,925,995,995,83,925,12.69
2008,5,24,17,30,30.200000000000003,88,1051,1015,1015,88,1051,11.42
2008,5,24,18,30,31.3,98,1103,1009,1009,98,1103,10.540000000000001
2008,5,24,19,30,32.1,99,1089,1004,1004,99,1089,9.870000000000001
2008,5,24,20,30,32.300000000000004,98,1001,985,985,98,1001,9.57
2008,5,24,21,30,32.1,90,855,959,959,90,855,9.55
2008,5,24,22,30,31.400000000000002,83,655,905,905,83,655,9.86
2008,5,24,23,30,30,72,419,801,801,72,419,10.74
2008,5,25,0,30,26.8,51,178,588,588,51,178,13.43
2008,5,25,1,30,23.400000000000002,0,0,0,0,0,0,20.650000000000002
2008,5,25,2,30,22.200000000000003,0,0,0,0,0,0,23.080000000000002
2008,5,25,3,30,21.200000000000003,0,0,0,0,0,0,25.79
2008,5,25,4,30,19.8,0,0,0,0,0,0,30.5
2008,5,25,5,30,18.5,0,0,0,0,0,0,35.85
2008,5,25,6,30,17.5,0,0,0,0,0,0,40.08
2008,5,25,7,30,16.7,0,0,0,0,0,0,43.56
2008,5,25,8,30,15.9,0,0,0,0,0,0,47.36
2008,5,25,9,30,15.3,0,0,0,0,0,0,51.07
2008,5,25,10,30,14.700000000000001,0,0,0,0,0,0,55
2008,5,25,11,30,14.5,0,0,0,0,0,0,57.49
2008,5,25,12,30,16.5,27,44,233,233,27,44,52.21
2008,5,25,13,30,20.200000000000003,69,255,630,630,69,255,43.68
2008,5,25,14,30,23.700000000000003,89,495,799,799,89,495,31.38
2008,5,25,15,30,26.8,103,716,882,882,103,716,20.77
2008,5,25,16,30,29.1,111,898,931,931,111,898,16.830000000000002
2008,5,25,17,30,30.8,115,1023,958,958,115,1023,15.370000000000001
2008,5,25,18,30,31.900000000000002,107,1085,982,982,107,1085,14.4
2008,5,25,19,30,32.6,106,1070,978,742,286,1018,13.46
2008,5,25,20,30,32.9,104,987,962,962,104,987,12.74
2008,5,25,21,30,32.7,96,843,936,936,96,843,12.370000000000001
2008,5,25,22,30,32,90,645,876,876,90,645,12.33
2008,5,25,23,30,30.8,78,414,771,771,78,414,12.71
2008,5,26,0,30,28,57,174,538,26,118,123,14.68
2008,5,26,1,30,25.1,0,0,0,0,0,0,19.8
2008,5,26,2,30,23.5,0,0,0,0,0,0,21.96
2008,5,26,3,30,22,0,0,0,0,0,0,25.2
2008,5,26,4,30,20.400000000000002,0,0,0,0,0,0,30.48
2008,5,26,5,30,19.200000000000003,0,0,0,0,0,0,35.71
2008,5,26,6,30,18.3,0,0,0,0,0,0,40.43
2008,5,26,7,30,17.5,0,0,0,0,0,0,45.61
2008,5,26,8,30,16.8,0,0,0,0,0,0,51.2
2008,5,26,9,30,16.1,0,0,0,0,0,0,56.82
2008,5,26,10,30,15.5,0,0,0,0,0,0,61.79
2008,5,26,11,30,15.4,0,0,0,0,0,0,64.37
2008,5,26,12,30,17.1,29,41,156,156,29,41,59.1
2008,5,26,13,30,20.700000000000003,84,243,536,536,84,243,47.410000000000004
2008,5,26,14,30,24.400000000000002,113,479,720,720,113,479,33.43
2008,5,26,15,30,27.3,129,697,817,817,129,697,23.72
2008,5,26,16,30,29.3,141,877,870,870,141,877,19.38
2008,5,26,17,30,30.900000000000002,149,1002,899,899,149,1002,17.1
2008,5,26,18,30,32.1,172,1053,884,884,172,1053,15.48
2008,5,26,19,30,32.800000000000004,181,1037,868,868,181,1037,14.35
2008,5,26,20,30,33,195,950,822,4,434,438,13.66
2008,5,26,21,30,32.800000000000004,151,815,831,100,440,520,13.39
2008,5,26,22,30,32.1,149,615,736,109,381,450,13.75
2008,5,26,23,30,30.8,134,383,573,118,232,284,14.89
2008,5,27,0,30,28.400000000000002,87,156,315,55,127,139,17.43
2008,5,27,1,30,25.900000000000002,0,0,0,0,0,0,22.75
2008,5,27,2,30,24.6,0,0,0,0,0,0,25.42
2008,5,27,3,30,23.900000000000002,0,0,0,0,0,0,27.150000000000002
2008,5,27,4,30,23.200000000000003,0,0,0,0,0,0,29.89
2008,5,27,5,30,22,0,0,0,0,0,0,35.18
2008,5,27,6,30,20.8,0,0,0,0,0,0,42.5
2008,5,27,7,30,19.5,0,0,0,0,0,0,51.730000000000004
2008,5,27,8,30,18.6,0,0,0,0,0,0,60.660000000000004
2008,5,27,9,30,17.8,0,0,0,0,0,0,68.8
2008,5,27,10,30,17.2,0,0,0,0,0,0,74.36
2008,5,27,11,30,16.8,0,0,0,0,0,0,77.10000000000001
2008,5,27,12,30,17.6,30,39,117,0,30,30,73.61
2008,5,27,13,30,20.1,89,240,508,508,89,240,60.31
2008,5,27,14,30,23.6,114,474,709,709,114,474,43.5
2008,5,27,15,30,26.8,127,695,816,816,127,695,31.19
2008,5,27,16,30,29.200000000000003,134,875,876,876,134,875,25.29
2008,5,27,17,30,31,136,1000,910,910,136,1000,21.82
2008,5,27,18,30,32.1,143,1056,916,916,143,1056,19.78
2008,5,27,19,30,32.7,139,1046,920,457,485,935,18.490000000000002
2008,5,27,20,30,32.800000000000004,132,966,908,584,377,914,17.79
2008,5,27,21,30,32.4,134,818,856,856,134,818,17.52
2008,5,27,22,30,31.5,121,624,793,437,306,584,17.72
2008,5,27,23,30,30.200000000000003,100,400,686,0,132,132,18.34
2008,5,28,0,30,28.1,66,169,466,195,112,155,20.18
2008,5,28,1,30,25.700000000000003,0,0,0,0,0,0,23.5
2008,5,28,2,30,23.8,0,0,0,0,0,0,27.12
2008,5,28,3,30,22.200000000000003,0,0,0,0,0,0,31.580000000000002
2008,5,28,4,30,20.700000000000003,0,0,0,0,0,0,38.06
2008,5,28,5,30,19.3,0,0,0,0,0,0,47.31
2008,5,28,6,30,18.1,0,0,0,0,0,0,55.74
2008,5,28,7,30,17,0,0,0,0,0,0,63.11
2008,5,28,8,30,16.2,0,0,0,0,0,0,69.06
2008,5,28,9,30,15.700000000000001,0,0,0,0,0,0,73.16
2008,5,28,10,30,15.200000000000001,0,0,0,0,0,0,76.02
2008,5,28,11,30,15,0,0,0,0,0,0,76.74
2008,5,28,12,30,16.1,28,45,220,220,28,45,71.29
2008,5,28,13,30,18.900000000000002,70,253,616,616,70,253,56.2
2008,5,28,14,30,22.3,92,490,782,782,92,490,38.52
2008,5,28,15,30,25.200000000000003,106,711,870,870,106,711,27.63
2008,5,28,16,30,27.5,114,891,919,919,114,891,21.330000000000002
2008,5,28,17,30,29.200000000000003,117,1019,952,952,117,1019,17.54
2008,5,28,18,30,30.3,124,1076,955,955,124,1076,15.34
2008,5,28,19,30,30.900000000000002,123,1064,953,953,123,1064,14.16
2008,5,28,20,30,31,118,982,940,940,118,982,13.75
2008,5,28,21,30,30.6,104,840,921,921,104,840,14.06
2008,5,28,22,30,29.8,93,645,869,869,93,645,15.01
2008,5,28,23,30,28.400000000000002,77,417,776,776,77,417,16.71
2008,5,29,0,30,26,52,181,579,579,52,181,19.82
2008,5,29,1,30,23.5,0,0,0,0,0,0,24.07
2008,5,29,2,30,21.8,0,0,0,0,0,0,28.22
2008,5,29,3,30,20.3,0,0,0,0,0,0,33.21
2008,5,29,4,30,19,0,0,0,0,0,0,39.2
2008,5,29,5,30,17.6,0,0,0,0,0,0,47.11
2008,5,29,6,30,16.3,0,0,0,0,0,0,56.64
2008,5,29,7,30,15.100000000000001,0,0,0,0,0,0,66.9
2008,5,29,8,30,14.200000000000001,0,0,0,0,0,0,75.67
2008,5,29,9,30,13.4,0,0,0,0,0,0,82.17
2008,5,29,10,30,12.700000000000001,0,0,0,0,0,0,86.54
2008,5,29,11,30,12.4,0,0,0,0,0,0,87.59
2008,5,29,12,30,13.600000000000001,25,49,311,311,25,49,79.51
2008,5,29,13,30,16.7,57,267,708,708,57,267,60.44
2008,5,29,14,30,20.6,71,509,861,861,71,509,40.37
2008,5,29,15,30,24,80,731,935,935,80,731,26.79
2008,5,29,16,30,26.400000000000002,87,912,976,976,87,912,20.62
2008,5,29,17,30,28.1,90,1037,999,999,90,1037,17.330000000000002
2008,5,29,18,30,29.3,97,1095,1002,1002,97,1095,15.44
2008,5,29,19,30,30.1,96,1083,1000,1000,96,1083,14.25
2008,5,29,20,30,30.3,93,1001,988,988,93,1001,13.66
2008,5,29,21,30,30.200000000000003,86,856,963,963,86,856,13.200000000000001
2008,5,29,22,30,29.5,78,660,915,915,78,660,13.23
2008,5,29,23,30,28.200000000000003,65,429,827,827,65,429,13.98
2008,5,30,0,30,25.5,46,189,639,639,46,189,16.25
2008,5,30,1,30,22.400000000000002,0,0,0,0,0,0,20.51
2008,5,30,2,30,20.6,0,0,0,0,0,0,23.66
2008,5,30,3,30,19.5,0,0,0,0,0,0,27.04
2008,5,30,4,30,18.3,0,0,0,0,0,0,32.480000000000004
2008,5,30,5,30,17.1,0,0,0,0,0,0,39.75
2008,5,30,6,30,15.9,0,0,0,0,0,0,48.53
2008,5,30,7,30,14.8,0,0,0,0,0,0,57.57
2008,5,30,8,30,13.8,0,0,0,0,0,0,65.54
2008,5,30,9,30,13.100000000000001,0,0,0,0,0,0,71.28
2008,5,30,10,30,12.5,0,0,0,0,0,0,75.74
2008,5,30,11,30,12.3,0,0,0,0,0,0,77.66
2008,5,30,12,30,13.9,24,51,352,352,24,51,70.18
2008,5,30,13,30,17.5,52,268,726,726,52,268,54.94
2008,5,30,14,30,22,67,508,868,868,67,508,37.18
2008,5,30,15,30,25.700000000000003,76,732,942,942,76,732,23.54
2008,5,30,16,30,28,84,913,980,980,84,913,18.2
2008,5,30,17,30,29.6,88,1037,1001,1001,88,1037,15.790000000000001
2008,5,30,18,30,30.700000000000003,87,1097,1013,1013,87,1097,14.34
2008,5,30,19,30,31.3,87,1085,1011,1011,87,1085,13.47
2008,5,30,20,30,31.6,85,1003,998,998,85,1003,12.870000000000001
2008,5,30,21,30,31.5,79,856,970,970,79,856,12.61
2008,5,30,22,30,30.8,72,660,923,923,72,660,12.780000000000001
2008,5,30,23,30,29.6,61,431,838,838,61,431,13.4
2008,5,31,0,30,26.8,44,191,656,656,44,191,15.6
2008,5,31,1,30,23.6,0,0,0,0,0,0,19.92
2008,5,31,2,30,21.8,0,0,0,0,0,0,23.31
2008,5,31,3,30,20.700000000000003,0,0,0,0,0,0,27.78
2008,5,31,4,30,19.6,0,0,0,0,0,0,34.94
2008,5,31,5,30,18.5,0,0,0,0,0,0,44.45
2008,5,31,6,30,17.3,0,0,0,0,0,0,54.550000000000004
2008,5,31,7,30,16.3,0,0,0,0,0,0,63.230000000000004
2008,5,31,8,30,15.5,0,0,0,0,0,0,70.34
2008,5,31,9,30,14.8,0,0,0,0,0,0,75.86
2008,5,31,10,30,14.3,0,0,0,0,0,0,79.04
2008,5,31,11,30,14.3,0,0,0,0,0,0,79.06
2008,5,31,12,30,16.1,24,49,322,322,24,49,70.41
2008,5,31,13,30,19.8,55,263,695,695,55,263,55.22
2008,5,31,14,30,23.900000000000002,71,499,841,841,71,499,39.07
2008,5,31,15,30,27.200000000000003,82,718,914,914,82,718,27.82
2008,5,31,16,30,29.3,89,899,958,958,89,899,22.91
2008,5,31,17,30,30.8,93,1023,981,981,93,1023,20.05
2008,5,31,18,30,31.900000000000002,97,1081,987,987,97,1081,18.02
2008,5,31,19,30,32.6,97,1069,985,985,97,1069,16.48
2008,5,31,20,30,32.800000000000004,94,989,973,973,94,989,15.49
2008,5,31,21,30,32.6,86,846,949,949,86,846,14.96
2008,5,31,22,30,31.8,78,652,899,899,78,652,15.09
2008,5,31,23,30,30.6,66,424,810,810,66,424,15.67
2008,6,1,0,30,28,47,188,619,619,47,188,17.8
2008,6,1,1,30,25.1,0,0,0,0,0,0,21.44
2008,6,1,2,30,23.5,0,0,0,0,0,0,23.7
2008,6,1,3,30,22.1,0,0,0,0,0,0,25.830000000000002
2008,6,1,4,30,20.5,0,0,0,0,0,0,29.36
2008,6,1,5,30,19.200000000000003,0,0,0,0,0,0,34.63
2008,6,1,6,30,18.2,0,0,0,0,0,0,41.49
2008,6,1,7,30,17.5,0,0,0,0,0,0,48.19
2008,6,1,8,30,16.900000000000002,0,0,0,0,0,0,54.04
2008,6,1,9,30,16.400000000000002,0,0,0,0,0,0,58.84
2008,6,1,10,30,16,0,0,0,0,0,0,63.68
2008,6,1,11,30,16.1,0,0,0,0,0,0,66.24
2008,6,1,12,30,17.5,25,49,309,309,25,49,61.940000000000005
2008,6,1,13,30,20.8,56,262,693,693,56,262,50.11
2008,6,1,14,30,24.6,70,501,847,847,70,501,35.65
2008,6,1,15,30,27.8,79,723,926,926,79,723,24.39
2008,6,1,16,30,30.1,84,903,969,969,84,903,18.900000000000002
2008,6,1,17,30,31.700000000000003,86,1031,996,996,86,1031,16.26
2008,6,1,18,30,32.800000000000004,86,1093,1010,1010,86,1093,14.31
2008,6,1,19,30,33.6,84,1082,1011,1011,84,1082,12.69
2008,6,1,20,30,33.800000000000004,81,1002,1000,1000,81,1002,11.74
2008,6,1,21,30,33.6,77,858,973,973,77,858,11.120000000000001
2008,6,1,22,30,32.800000000000004,70,665,932,932,70,665,10.98
2008,6,1,23,30,31.5,59,436,850,850,59,436,11.27
2008,6,2,0,30,28.5,42,196,675,675,42,196,12.950000000000001
2008,6,2,1,30,25.200000000000003,0,0,0,0,0,0,16.26
2008,6,2,2,30,23.400000000000002,0,0,0,0,0,0,18.25
2008,6,2,3,30,22.200000000000003,0,0,0,0,0,0,20.900000000000002
2008,6,2,4,30,20.700000000000003,0,0,0,0,0,0,27.13
2008,6,2,5,30,19.200000000000003,0,0,0,0,0,0,36.480000000000004
2008,6,2,6,30,18,0,0,0,0,0,0,45.85
2008,6,2,7,30,16.8,0,0,0,0,0,0,54.65
2008,6,2,8,30,15.9,0,0,0,0,0,0,62.5
2008,6,2,9,30,15.100000000000001,0,0,0,0,0,0,69.65
2008,6,2,10,30,14.3,0,0,0,0,0,0,75.87
2008,6,2,11,30,13.9,0,0,0,0,0,0,79.71000000000001
2008,6,2,12,30,15.200000000000001,23,52,367,367,23,52,74.45
2008,6,2,13,30,18.5,51,270,734,734,51,270,57.050000000000004
2008,6,2,14,30,22.900000000000002,64,509,874,874,64,509,35.69
2008,6,2,15,30,27.3,73,732,948,948,73,732,19.830000000000002
2008,6,2,16,30,30.400000000000002,78,913,988,988,78,913,14.64
2008,6,2,17,30,32.2,81,1038,1009,1009,81,1038,12.96
2008,6,2,18,30,33.2,90,1095,1008,1008,90,1095,12.05
2008,6,2,19,30,33.9,91,1084,1006,1006,91,1084,11.26
2008,6,2,20,30,34.2,88,1003,994,994,88,1003,10.59
2008,6,2,21,30,33.9,80,861,973,973,80,861,10.33
2008,6,2,22,30,33.2,72,665,927,927,72,665,10.27
2008,6,2,23,30,31.900000000000002,62,436,842,842,62,436,10.64
2008,6,3,0,30,28.8,44,196,665,665,44,196,12.33
2008,6,3,1,30,25.200000000000003,0,0,0,0,0,0,15.91
2008,6,3,2,30,23.3,0,0,0,0,0,0,17.85
2008,6,3,3,30,22,0,0,0,0,0,0,21.02
2008,6,3,4,30,20.6,0,0,0,0,0,0,28.28
2008,6,3,5,30,19.1,0,0,0,0,0,0,38.18
2008,6,3,6,30,17.900000000000002,0,0,0,0,0,0,48.19
2008,6,3,7,30,16.8,0,0,0,0,0,0,57.01
2008,6,3,8,30,15.8,0,0,0,0,0,0,64.35
2008,6,3,9,30,15,0,0,0,0,0,0,70.56
2008,6,3,10,30,14.4,0,0,0,0,0,0,75.26
2008,6,3,11,30,14.200000000000001,0,0,0,0,0,0,77.4
2008,6,3,12,30,15.700000000000001,23,52,373,373,23,52,70.51
2008,6,3,13,30,19.6,50,269,734,37,163,174,50.870000000000005
2008,6,3,14,30,24.5,65,509,873,335,249,420,31.3
2008,6,3,15,30,28.400000000000002,74,729,943,664,255,717,20.63
2008,6,3,16,30,30.8,80,912,984,984,80,912,16.53
2008,6,3,17,30,32.4,84,1037,1006,1006,84,1037,14.27
2008,6,3,18,30,33.6,83,1101,1022,1022,83,1101,12.58
2008,6,3,19,30,34.300000000000004,80,1090,1023,1023,80,1090,11.16
2008,6,3,20,30,34.6,77,1010,1013,1013,77,1010,10.09
2008,6,3,21,30,34.300000000000004,79,868,982,982,79,868,9.32
2008,6,3,22,30,33.5,71,672,938,938,71,672,8.85
2008,6,3,23,30,32.1,60,444,862,862,60,444,8.78
2008,6,4,0,30,28.8,43,202,692,692,43,202,9.85
2008,6,4,1,30,24.900000000000002,0,0,0,0,0,0,12.77
2008,6,4,2,30,22.8,0,0,0,0,0,0,14.19
2008,6,4,3,30,21.3,0,0,0,0,0,0,16.28
2008,6,4,4,30,20,0,0,0,0,0,0,21.63
2008,6,4,5,30,18.900000000000002,0,0,0,0,0,0,31.28
2008,6,4,6,30,17.8,0,0,0,0,0,0,43.92
2008,6,4,7,30,16.900000000000002,0,0,0,0,0,0,55.7
2008,6,4,8,30,16.1,0,0,0,0,0,0,64.22
2008,6,4,9,30,15.5,0,0,0,0,0,0,69.07000000000001
2008,6,4,10,30,15.100000000000001,0,0,0,0,0,0,71.12
2008,6,4,11,30,15.200000000000001,0,0,0,0,0,0,70.25
2008,6,4,12,30,17.1,23,54,393,12,39,40,62.03
2008,6,4,13,30,21.1,49,272,748,33,123,133,48.42
2008,6,4,14,30,25.5,63,511,881,465,180,416,34.93
2008,6,4,15,30,29.200000000000003,72,732,948,404,339,620,22.67
2008,6,4,16,30,31.8,79,912,986,683,298,875,14.780000000000001
2008,6,4,17,30,33.5,83,1037,1006,776,258,994,12.120000000000001
2008,6,4,18,30,34.7,88,1095,1011,795,246,1038,10.67
2008,6,4,19,30,35.5,88,1085,1009,796,244,1031,9.72
2008,6,4,20,30,35.9,87,1004,995,995,87,1004,9.13
2008,6,4,21,30,35.7,80,859,968,968,80,859,8.89
2008,6,4,22,30,35,74,664,919,919,74,664,9.01
2008,6,4,23,30,33.6,64,435,832,832,64,435,9.540000000000001
2008,6,5,0,30,30.6,46,197,650,650,46,197,11.17
2008,6,5,1,30,27,0,0,0,0,0,0,14.96
2008,6,5,2,30,24.900000000000002,0,0,0,0,0,0,17.13
2008,6,5,3,30,23.3,0,0,0,0,0,0,19.75
2008,6,5,4,30,21.900000000000002,0,0,0,0,0,0,24.330000000000002
2008,6,5,5,30,20.700000000000003,0,0,0,0,0,0,32.7
2008,6,5,6,30,19.700000000000003,0,0,0,0,0,0,46.27
2008,6,5,7,30,18.900000000000002,0,0,0,0,0,0,61.44
2008,6,5,8,30,18.2,0,0,0,0,0,0,72.88
2008,6,5,9,30,17.6,0,0,0,0,0,0,79.43
2008,6,5,10,30,17.1,0,0,0,0,0,0,83.54
2008,6,5,11,30,17,0,0,0,0,0,0,83.73
2008,6,5,12,30,18.3,26,50,301,1,32,32,76.05
2008,6,5,13,30,21,57,261,685,23,157,164,61.99
2008,6,5,14,30,24.200000000000003,72,499,840,233,273,391,47.86
2008,6,5,15,30,27.6,82,718,915,641,262,707,35.37
2008,6,5,16,30,30.6,88,897,957,273,473,704,25.61
2008,6,5,17,30,32.9,94,1024,982,779,246,985,19.54
2008,6,5,18,30,34.5,106,1077,974,974,106,1077,15.93
2008,6,5,19,30,35.5,107,1067,972,972,107,1067,13.76
2008,6,5,20,30,35.9,105,987,957,957,105,987,12.55
2008,6,5,21,30,35.800000000000004,109,839,908,908,109,839,11.950000000000001
2008,6,5,22,30,35.1,102,643,842,842,102,643,12.09
2008,6,5,23,30,33.7,93,414,718,469,162,371,12.93
2008,6,6,0,30,31.200000000000003,68,181,485,7,94,95,14.99
2008,6,6,1,30,28.5,0,0,0,0,0,0,19.19
2008,6,6,2,30,26.700000000000003,0,0,0,0,0,0,22.82
2008,6,6,3,30,25.3,0,0,0,0,0,0,25.900000000000002
2008,6,6,4,30,23.900000000000002,0,0,0,0,0,0,29.7
2008,6,6,5,30,22.5,0,0,0,0,0,0,35
2008,6,6,6,30,21.200000000000003,0,0,0,0,0,0,42.51
2008,6,6,7,30,20.1,0,0,0,0,0,0,50.84
2008,6,6,8,30,19.200000000000003,0,0,0,0,0,0,58.54
2008,6,6,9,30,18.3,0,0,0,0,0,0,65.9
2008,6,6,10,30,17.6,0,0,0,0,0,0,71.79
2008,6,6,11,30,17.400000000000002,0,0,0,0,0,0,73.89
2008,6,6,12,30,19.1,28,47,240,240,28,47,66.26
2008,6,6,13,30,22.6,65,252,628,628,65,252,49.89
2008,6,6,14,30,26.1,83,487,795,795,83,487,35.96
2008,6,6,15,30,29,93,707,883,883,93,707,28.94
2008,6,6,16,30,31.400000000000002,100,888,932,932,100,888,24.42
2008,6,6,17,30,33,105,1012,957,957,105,1012,21.3
2008,6,6,18,30,34.1,107,1071,968,755,265,1017,18.76
2008,6,6,19,30,34.7,107,1061,965,965,107,1061,16.79
2008,6,6,20,30,34.800000000000004,105,982,950,481,430,874,15.38
2008,6,6,21,30,34.5,99,841,921,689,276,831,14.48
2008,6,6,22,30,33.6,91,649,867,867,91,649,14.26
2008,6,6,23,30,32.1,77,424,774,774,77,424,14.64
2008,6,7,0,30,29.700000000000003,54,191,582,582,54,191,16.16
2008,6,7,1,30,26.900000000000002,11,12,74,0,5,5,19.67
2008,6,7,2,30,24.400000000000002,0,0,0,0,0,0,27.28
2008,6,7,3,30,22.3,0,0,0,0,0,0,40.94
2008,6,7,4,30,20.700000000000003,0,0,0,0,0,0,54.97
2008,6,7,5,30,19.700000000000003,0,0,0,0,0,0,63.64
2008,6,7,6,30,19.1,0,0,0,0,0,0,69.11
2008,6,7,7,30,18.8,0,0,0,0,0,0,73.27
2008,6,7,8,30,18.400000000000002,0,0,0,0,0,0,76.28
2008,6,7,9,30,18.1,0,0,0,0,0,0,77.93
2008,6,7,10,30,17.8,0,0,0,0,0,0,78.83
2008,6,7,11,30,17.6,0,0,0,0,0,0,79.24
2008,6,7,12,30,18.400000000000002,24,50,330,11,38,38,74.68
2008,6,7,13,30,20.6,51,259,701,701,51,259,62.61
2008,6,7,14,30,23.400000000000002,64,492,843,843,64,492,47.62
2008,6,7,15,30,26,72,705,911,911,72,705,35.62
2008,6,7,16,30,28.200000000000003,77,880,950,950,77,880,28.57
2008,6,7,17,30,29.8,80,1000,971,17,451,467,25.23
2008,6,7,18,30,30.6,92,1054,966,202,536,737,24.12
2008,6,7,19,30,30.700000000000003,91,1042,963,963,91,1042,24.11
2008,6,7,20,30,30.1,89,963,947,735,248,926,25.14
2008,6,7,21,30,29.1,76,826,930,109,406,494,27.150000000000002
2008,6,7,22,30,28,70,637,881,0,164,164,29.75
2008,6,7,23,30,26.700000000000003,59,419,800,27,215,228,33.11
2008,6,8,0,30,25.200000000000003,43,191,628,628,43,191,37.43
2008,6,8,1,30,23.700000000000003,10,13,141,0,4,4,42.63
2008,6,8,2,30,22.400000000000002,0,0,0,0,0,0,48.42
2008,6,8,3,30,21,0,0,0,0,0,0,55.09
2008,6,8,4,30,19.6,0,0,0,0,0,0,62.33
2008,6,8,5,30,18.6,0,0,0,0,0,0,68.17
2008,6,8,6,30,17.900000000000002,0,0,0,0,0,0,72.85000000000001
2008,6,8,7,30,17.400000000000002,0,0,0,0,0,0,76.89
2008,6,8,8,30,17.1,0,0,0,0,0,0,80
2008,6,8,9,30,16.8,0,0,0,0,0,0,82.85000000000001
2008,6,8,10,30,16.6,0,0,0,0,0,0,84.54
2008,6,8,11,30,16.6,0,0,0,0,0,0,84.39
2008,6,8,12,30,17.5,22,50,344,344,22,50,79.25
2008,6,8,13,30,19.6,49,255,693,693,49,255,67.56
2008,6,8,14,30,22.200000000000003,61,483,831,831,61,483,55.11
2008,6,8,15,30,24.5,70,695,900,900,70,695,45.27
2008,6,8,16,30,26.3,77,869,938,1,317,319,38.35
2008,6,8,17,30,27.3,81,989,960,0,199,199,34.92
2008,6,8,18,30,27.8,82,1048,970,178,509,687,33.34
2008,6,8,19,30,27.900000000000002,81,1038,969,969,81,1038,33.06
2008,6,8,20,30,27.8,78,962,957,957,78,962,33.5
2008,6,8,21,30,27.200000000000003,68,824,938,620,279,779,35.28
2008,6,8,22,30,26.200000000000003,62,639,895,238,259,413,38.24
2008,6,8,23,30,25.1,53,420,814,7,131,134,41.95
2008,6,9,0,30,23.8,39,193,650,8,86,88,47.08
2008,6,9,1,30,22.5,10,14,177,0,5,5,54.36
2008,6,9,2,30,21.400000000000002,0,0,0,0,0,0,61.54
2008,6,9,3,30,20.3,0,0,0,0,0,0,67.33
2008,6,9,4,30,19,0,0,0,0,0,0,73.89
2008,6,9,5,30,17.8,0,0,0,0,0,0,79.47
2008,6,9,6,30,16.8,0,0,0,0,0,0,83.73
2008,6,9,7,30,16.1,0,0,0,0,0,0,85.88
2008,6,9,8,30,15.700000000000001,0,0,0,0,0,0,86.35000000000001
2008,6,9,9,30,15.4,0,0,0,0,0,0,86.64
2008,6,9,10,30,15.100000000000001,0,0,0,0,0,0,86.94
2008,6,9,11,30,15,0,0,0,0,0,0,86.68
2008,6,9,12,30,15.8,22,50,351,0,20,20,82.11
2008,6,9,13,30,17.6,48,255,694,0,44,44,73.22
2008,6,9,14,30,20,62,483,830,84,237,280,62.32
2008,6,9,15,30,22.5,71,694,898,0,131,131,52.45
2008,6,9,16,30,24.400000000000002,76,868,939,1,264,265,46.32
2008,6,9,17,30,25.700000000000003,79,989,961,2,354,356,42.660000000000004
2008,6,9,18,30,26.3,83,1045,966,13,460,473,41.01
2008,6,9,19,30,26.200000000000003,83,1036,964,63,466,528,41.32
2008,6,9,20,30,25.3,82,958,949,1,175,175,43.92
2008,6,9,21,30,24.1,78,820,919,0,28,28,48.08
2008,6,9,22,30,22.8,73,633,868,24,257,273,53.33
2008,6,9,23,30,21.5,63,415,779,1,75,75,59.35
2008,6,10,0,30,20.200000000000003,47,189,598,0,9,9,66.11
2008,6,10,1,30,19.3,11,13,110,0,5,5,72.60000000000001
2008,6,10,2,30,18.7,0,0,0,0,0,0,77.68
2008,6,10,3,30,18.2,0,0,0,0,0,0,80.95
2008,6,10,4,30,17.7,0,0,0,0,0,0,83.56
2008,6,10,5,30,17.1,0,0,0,0,0,0,86.74
2008,6,10,6,30,16.7,0,0,0,0,0,0,88.36
2008,6,10,7,30,16.5,0,0,0,0,0,0,88.78
2008,6,10,8,30,16.3,0,0,0,0,0,0,89.39
2008,6,10,9,30,16.1,0,0,0,0,0,0,89.54
2008,6,10,10,30,15.8,0,0,0,0,0,0,90.18
2008,6,10,11,30,15.600000000000001,0,0,0,0,0,0,90.58
2008,6,10,12,30,15.9,23,50,346,0,19,19,87.95
2008,6,10,13,30,16.8,51,258,696,3,69,70,81.56
2008,6,10,14,30,18.2,67,489,833,0,78,79,72.83
2008,6,10,15,30,19.8,76,704,905,78,336,390,62.86
2008,6,10,16,30,21.3,82,880,946,201,382,551,54.53
2008,6,10,17,30,22.400000000000002,85,1003,970,409,362,749,48.76
2008,6,10,18,30,23.1,85,1061,979,165,465,629,44.76
2008,6,10,19,30,23.400000000000002,84,1049,977,104,482,585,42.38
2008,6,10,20,30,23.400000000000002,81,973,965,5,315,319,41.15
2008,6,10,21,30,23.200000000000003,75,836,942,18,315,330,40.61
2008,6,10,22,30,22.700000000000003,67,649,899,54,291,326,41.17
2008,6,10,23,30,21.900000000000002,57,428,820,19,162,171,43.410000000000004
2008,6,11,0,30,20.400000000000002,41,199,658,0,15,15,51.54
2008,6,11,1,30,18.900000000000002,11,15,186,0,5,5,62.410000000000004
2008,6,11,2,30,18.1,0,0,0,0,0,0,65.53
2008,6,11,3,30,17.6,0,0,0,0,0,0,67.51
2008,6,11,4,30,17.1,0,0,0,0,0,0,69.5
2008,6,11,5,30,16.7,0,0,0,0,0,0,71.75
2008,6,11,6,30,16.3,0,0,0,0,0,0,74.79
2008,6,11,7,30,16,0,0,0,0,0,0,78.32000000000001
2008,6,11,8,30,15.600000000000001,0,0,0,0,0,0,83.18
2008,6,11,9,30,15.3,0,0,0,0,0,0,87.07000000000001
2008,6,11,10,30,15.100000000000001,0,0,0,0,0,0,89.2
2008,6,11,11,30,15,0,0,0,0,0,0,89.88
2008,6,11,12,30,15.600000000000001,24,48,312,0,19,19,86.21000000000001
2008,6,11,13,30,17,53,253,674,144,134,177,78.16
2008,6,11,14,30,19,68,482,816,272,234,372,65.57000000000001
2008,6,11,15,30,21,78,694,889,377,276,537,53.42
2008,6,11,16,30,22.8,85,869,930,544,274,733,45.61
2008,6,11,17,30,24,91,991,951,667,245,876,41.67
2008,6,11,18,30,24.8,97,1049,955,631,261,890,39.36
2008,6,11,19,30,25.1,97,1040,954,954,97,1040,38.39
2008,6,11,20,30,25.1,94,964,941,145,474,608,38.12
2008,6,11,21,30,24.8,88,829,916,383,309,619,37.93
2008,6,11,22,30,24.200000000000003,80,642,868,29,269,287,38.58
2008,6,11,23,30,23.400000000000002,68,422,781,2,99,100,40.13
2008,6,12,0,30,21.900000000000002,49,194,605,5,79,81,44.51
2008,6,12,1,30,20,12,15,132,0,6,6,56.2
2008,6,12,2,30,18.7,0,0,0,0,0,0,59.9
2008,6,12,3,30,17.8,0,0,0,0,0,0,62.46
2008,6,12,4,30,17.1,0,0,0,0,0,0,65.29
2008,6,12,5,30,16.7,0,0,0,0,0,0,67.52
2008,6,12,6,30,16.2,0,0,0,0,0,0,69.94
2008,6,12,7,30,15.700000000000001,0,0,0,0,0,0,72.29
2008,6,12,8,30,15.100000000000001,0,0,0,0,0,0,75.10000000000001
2008,6,12,9,30,14.600000000000001,0,0,0,0,0,0,77.3
2008,6,12,10,30,14.200000000000001,0,0,0,0,0,0,79.53
2008,6,12,11,30,14.4,0,0,0,0,0,0,79.03
2008,6,12,12,30,16.400000000000002,23,49,326,326,23,49,70.9
2008,6,12,13,30,20.1,52,256,689,689,52,256,58.21
2008,6,12,14,30,23.5,68,489,832,832,68,489,46.160000000000004
2008,6,12,15,30,26,76,706,909,909,76,706,36.24
2008,6,12,16,30,27.8,83,885,952,952,83,885,30.330000000000002
2008,6,12,17,30,29.3,86,1012,978,978,86,1012,26.53
2008,6,12,18,30,30.400000000000002,90,1071,985,985,90,1071,23.84
2008,6,12,19,30,31.200000000000003,90,1062,983,983,90,1062,21.8
2008,6,12,20,30,31.5,88,985,970,163,504,655,20.46
2008,6,12,21,30,31.400000000000002,83,847,945,945,83,847,19.66
2008,6,12,22,30,30.700000000000003,77,657,895,895,77,657,19.62
2008,6,12,23,30,29.5,66,434,810,43,243,262,20.38
2008,6,13,0,30,27,48,201,636,636,48,201,23.39
2008,6,13,1,30,24.200000000000003,12,16,142,142,12,16,35.56
2008,6,13,2,30,22.8,0,0,0,0,0,0,39.82
2008,6,13,3,30,21.900000000000002,0,0,0,0,0,0,41.92
2008,6,13,4,30,20.700000000000003,0,0,0,0,0,0,45.58
2008,6,13,5,30,19.400000000000002,0,0,0,0,0,0,51.01
2008,6,13,6,30,18.5,0,0,0,0,0,0,57.410000000000004
2008,6,13,7,30,17.7,0,0,0,0,0,0,65.03
2008,6,13,8,30,17,0,0,0,0,0,0,72.5
2008,6,13,9,30,16.400000000000002,0,0,0,0,0,0,78.58
2008,6,13,10,30,15.8,0,0,0,0,0,0,84.03
2008,6,13,11,30,15.700000000000001,0,0,0,0,0,0,86.36
2008,6,13,12,30,17.2,24,49,329,329,24,49,79.64
2008,6,13,13,30,20.3,52,258,697,697,52,258,65.28
2008,6,13,14,30,23.5,66,493,845,845,66,493,51.07
2008,6,13,15,30,26.3,75,710,918,918,75,710,39.15
2008,6,13,16,30,28.3,81,887,957,957,81,887,31.37
2008,6,13,17,30,29.8,85,1011,979,979,85,1011,27.07
2008,6,13,18,30,30.700000000000003,89,1069,984,492,450,941,24.75
2008,6,13,19,30,31.3,90,1060,980,750,262,1003,23.12
2008,6,13,20,30,31.5,88,981,965,96,481,570,22.37
2008,6,13,21,30,31.200000000000003,88,842,931,156,454,580,22.23
2008,6,13,22,30,30.5,80,653,883,883,80,653,22.64
2008,6,13,23,30,29.200000000000003,68,430,794,481,193,411,24.01
2008,6,14,0,30,27.200000000000003,50,200,618,618,50,200,26.85
2008,6,14,1,30,25,13,16,133,1,11,11,33.29
2008,6,14,2,30,23.8,0,0,0,0,0,0,37.72
2008,6,14,3,30,22.900000000000002,0,0,0,0,0,0,39.88
2008,6,14,4,30,22,0,0,0,0,0,0,42.06
2008,6,14,5,30,20.900000000000002,0,0,0,0,0,0,44.76
2008,6,14,6,30,19.5,0,0,0,0,0,0,49.95
2008,6,14,7,30,18.3,0,0,0,0,0,0,57.03
2008,6,14,8,30,17.3,0,0,0,0,0,0,65.77
2008,6,14,9,30,16.7,0,0,0,0,0,0,73.16
2008,6,14,10,30,16.1,0,0,0,0,0,0,79.49
2008,6,14,11,30,15.700000000000001,0,0,0,0,0,0,83.60000000000001
2008,6,14,12,30,16.900000000000002,24,49,328,328,24,49,78.14
2008,6,14,13,30,19.900000000000002,51,259,706,706,51,259,60.92
2008,6,14,14,30,23.200000000000003,63,494,852,852,63,494,44.72
2008,6,14,15,30,25.900000000000002,72,712,926,926,72,712,35.910000000000004
2008,6,14,16,30,27.900000000000002,78,890,965,965,78,890,29.97
2008,6,14,17,30,29.400000000000002,82,1012,984,984,82,1012,25.95
2008,6,14,18,30,30.5,92,1071,983,983,92,1071,23.46
2008,6,14,19,30,31.1,91,1062,982,982,91,1062,22.12
2008,6,14,20,30,31.3,88,984,968,968,88,984,21.45
2008,6,14,21,30,31.1,85,845,938,938,85,845,21.22
2008,6,14,22,30,30.3,79,656,889,620,188,591,21.76
2008,6,14,23,30,29.1,67,434,804,804,67,434,22.900000000000002
2008,6,15,0,30,26.900000000000002,49,201,625,64,130,146,25.78
2008,6,15,1,30,24.8,13,16,131,0,9,9,31.46
2008,6,15,2,30,23.6,0,0,0,0,0,0,35.800000000000004
2008,6,15,3,30,22.700000000000003,0,0,0,0,0,0,39.26
2008,6,15,4,30,21.5,0,0,0,0,0,0,45.36
2008,6,15,5,30,19.900000000000002,0,0,0,0,0,0,54.32
2008,6,15,6,30,18.5,0,0,0,0,0,0,63.34
2008,6,15,7,30,17.3,0,0,0,0,0,0,70.92
2008,6,15,8,30,16.5,0,0,0,0,0,0,76.28
2008,6,15,9,30,15.8,0,0,0,0,0,0,81.03
2008,6,15,10,30,15.200000000000001,0,0,0,0,0,0,85.17
2008,6,15,11,30,15.200000000000001,0,0,0,0,0,0,85.79
2008,6,15,12,30,16.7,24,47,302,302,24,47,78.06
2008,6,15,13,30,19.8,54,254,680,680,54,254,61.88
2008,6,15,14,30,23.1,67,488,835,835,67,488,46.46
2008,6,15,15,30,25.5,72,707,919,919,72,707,37.730000000000004
2008,6,15,16,30,27.200000000000003,75,885,962,962,75,885,32.42
2008,6,15,17,30,28.6,78,1011,987,987,78,1011,28.79
2008,6,15,18,30,29.700000000000003,84,1071,991,991,84,1071,26.23
2008,6,15,19,30,30.400000000000002,83,1063,992,992,83,1063,24.43
2008,6,15,20,30,30.700000000000003,79,988,981,981,79,988,23.330000000000002
2008,6,15,21,30,30.6,73,851,960,17,386,399,22.64
2008,6,15,22,30,30,67,661,913,913,67,661,22.79
2008,6,15,23,30,28.900000000000002,58,439,834,834,58,439,23.82
2008,6,16,0,30,26.8,43,206,669,417,103,205,26.6
2008,6,16,1,30,24.700000000000003,12,17,192,192,12,17,33.1
2008,6,16,2,30,23.6,0,0,0,0,0,0,36.94
2008,6,16,3,30,22.900000000000002,0,0,0,0,0,0,38.59
2008,6,16,4,30,22.200000000000003,0,0,0,0,0,0,41.11
2008,6,16,5,30,21.400000000000002,0,0,0,0,0,0,44.86
2008,6,16,6,30,20.200000000000003,0,0,0,0,0,0,50.51
2008,6,16,7,30,18.900000000000002,0,0,0,0,0,0,56.79
2008,6,16,8,30,18,0,0,0,0,0,0,63.11
2008,6,16,9,30,17.2,0,0,0,0,0,0,69.38
2008,6,16,10,30,16.400000000000002,0,0,0,0,0,0,75.63
2008,6,16,11,30,16.2,0,0,0,0,0,0,78.77
2008,6,16,12,30,17.900000000000002,23,48,332,332,23,48,72.18
2008,6,16,13,30,21.400000000000002,51,258,703,703,51,258,57.52
2008,6,16,14,30,24.700000000000003,65,493,849,849,65,493,41.35
2008,6,16,15,30,27,75,712,922,922,75,712,31.35
2008,6,16,16,30,28.700000000000003,81,890,963,963,81,890,26.36
2008,6,16,17,30,30.1,85,1015,984,984,85,1015,23.080000000000002
2008,6,16,18,30,31.1,93,1074,986,986,93,1074,21.05
2008,6,16,19,30,31.8,93,1064,982,982,93,1064,19.79
2008,6,16,20,30,32,90,988,970,970,90,988,19.25
2008,6,16,21,30,31.900000000000002,82,849,947,371,407,708,19.01
2008,6,16,22,30,31.3,75,661,901,0,125,125,19.18
2008,6,16,23,30,30.1,65,438,814,814,65,438,19.98
2008,6,17,0,30,27.700000000000003,48,205,642,642,48,205,22.57
2008,6,17,1,30,25.1,13,18,166,166,13,18,30.19
2008,6,17,2,30,23.6,0,0,0,0,0,0,34.5
2008,6,17,3,30,22.5,0,0,0,0,0,0,36.46
2008,6,17,4,30,21.3,0,0,0,0,0,0,40.03
2008,6,17,5,30,20.200000000000003,0,0,0,0,0,0,44.22
2008,6,17,6,30,19.400000000000002,0,0,0,0,0,0,49.02
2008,6,17,7,30,18.7,0,0,0,0,0,0,55.08
2008,6,17,8,30,18.1,0,0,0,0,0,0,62.160000000000004
2008,6,17,9,30,17.5,0,0,0,0,0,0,68.18
2008,6,17,10,30,17,0,0,0,0,0,0,71.94
2008,6,17,11,30,16.8,0,0,0,0,0,0,73.19
2008,6,17,12,30,18.5,23,47,317,317,23,47,66.01
2008,6,17,13,30,21.900000000000002,53,255,691,691,53,255,52.88
2008,6,17,14,30,25.400000000000002,68,490,838,838,68,490,40.59
2008,6,17,15,30,27.900000000000002,78,709,914,914,78,709,31.830000000000002
2008,6,17,16,30,29.6,85,888,954,954,85,888,26.16
2008,6,17,17,30,30.8,91,1013,975,975,91,1013,22.46
2008,6,17,18,30,31.700000000000003,92,1077,990,990,92,1077,19.94
2008,6,17,19,30,32.2,92,1069,988,988,92,1069,18.21
2008,6,17,20,30,32.4,90,994,975,150,495,634,16.86
2008,6,17,21,30,32.1,82,857,955,203,463,628,16.15
2008,6,17,22,30,31.400000000000002,74,668,911,549,267,625,15.76
2008,6,17,23,30,30.200000000000003,62,446,838,838,62,446,15.77
2008,6,18,0,30,27.3,44,212,682,300,105,179,17.68
2008,6,18,1,30,24,13,19,220,2,13,13,25.66
2008,6,18,2,30,22.200000000000003,0,0,0,0,0,0,29.45
2008,6,18,3,30,21.200000000000003,0,0,0,0,0,0,30.44
2008,6,18,4,30,20.1,0,0,0,0,0,0,33.12
2008,6,18,5,30,19,0,0,0,0,0,0,40.78
2008,6,18,6,30,17.900000000000002,0,0,0,0,0,0,52.54
2008,6,18,7,30,17,0,0,0,0,0,0,64.14
2008,6,18,8,30,16.2,0,0,0,0,0,0,73.26
2008,6,18,9,30,15.600000000000001,0,0,0,0,0,0,79.2
2008,6,18,10,30,14.9,0,0,0,0,0,0,84.67
2008,6,18,11,30,14.9,0,0,0,0,0,0,85.98
2008,6,18,12,30,16.7,24,46,291,291,24,46,77.75
2008,6,18,13,30,20.400000000000002,58,253,668,668,58,253,61.68
2008,6,18,14,30,24.400000000000002,74,487,821,821,74,487,40.88
2008,6,18,15,30,27.3,84,706,902,902,84,706,26.21
2008,6,18,16,30,29.1,91,886,946,946,91,886,22.28
2008,6,18,17,30,30.6,93,1015,976,976,93,1015,20.39
2008,6,18,18,30,31.700000000000003,96,1079,987,987,96,1079,18.740000000000002
2008,6,18,19,30,32.4,95,1072,987,987,95,1072,17.19
2008,6,18,20,30,32.7,94,993,969,759,256,959,15.93
2008,6,18,21,30,32.5,92,849,932,932,92,849,15.32
2008,6,18,22,30,31.700000000000003,93,653,859,195,369,496,15.82
2008,6,18,23,30,30.200000000000003,87,425,735,28,232,245,17.87
2008,6,19,0,30,27.900000000000002,66,192,510,510,66,192,22.3
2008,6,19,1,30,25.700000000000003,14,16,57,0,9,9,28.52
2008,6,19,2,30,24.3,0,0,0,0,0,0,33.53
2008,6,19,3,30,23,0,0,0,0,0,0,37.81
2008,6,19,4,30,21.700000000000003,0,0,0,0,0,0,42.26
2008,6,19,5,30,20.700000000000003,0,0,0,0,0,0,45.71
2008,6,19,6,30,19.8,0,0,0,0,0,0,48.58
2008,6,19,7,30,18.900000000000002,0,0,0,0,0,0,50.79
2008,6,19,8,30,18.3,0,0,0,0,0,0,52
2008,6,19,9,30,17.7,0,0,0,0,0,0,53.72
2008,6,19,10,30,17.2,0,0,0,0,0,0,55.51
2008,6,19,11,30,17.2,0,0,0,0,0,0,55.63
2008,6,19,12,30,19.200000000000003,24,46,293,293,24,46,49.69
2008,6,19,13,30,23,55,254,684,684,55,254,39.78
2008,6,19,14,30,26.3,69,491,841,841,69,491,31.42
2008,6,19,15,30,28.400000000000002,77,712,922,922,77,712,25.61
2008,6,19,16,30,30,83,893,964,964,83,893,21.7
2008,6,19,17,30,31.3,86,1021,991,991,86,1021,19.02
2008,6,19,18,30,32.300000000000004,85,1084,1004,1004,85,1084,17.1
2008,6,19,19,30,32.9,86,1074,999,999,86,1074,15.870000000000001
2008,6,19,20,30,33,84,999,987,987,84,999,15.27
2008,6,19,21,30,32.800000000000004,86,854,945,945,86,854,15.21
2008,6,19,22,30,32.1,82,663,889,889,82,663,15.77
2008,6,19,23,30,30.8,74,437,788,788,74,437,17.11
2008,6,20,0,30,28.3,57,202,586,586,57,202,20.16
2008,6,20,1,30,25.5,14,18,107,107,14,18,28.73
2008,6,20,2,30,23.900000000000002,0,0,0,0,0,0,33.45
2008,6,20,3,30,23,0,0,0,0,0,0,35.53
2008,6,20,4,30,22.200000000000003,0,0,0,0,0,0,37.660000000000004
2008,6,20,5,30,21.400000000000002,0,0,0,0,0,0,41.19
2008,6,20,6,30,20.400000000000002,0,0,0,0,0,0,47.53
2008,6,20,7,30,19.6,0,0,0,0,0,0,53.36
2008,6,20,8,30,18.900000000000002,0,0,0,0,0,0,57.82
2008,6,20,9,30,18.2,0,0,0,0,0,0,60.74
2008,6,20,10,30,17.400000000000002,0,0,0,0,0,0,63.440000000000005
2008,6,20,11,30,17.3,0,0,0,0,0,0,63.59
2008,6,20,12,30,19.1,26,43,239,239,26,43,56.79
2008,6,20,13,30,22.6,67,244,607,607,67,244,45.550000000000004
2008,6,20,14,30,26,91,473,762,762,91,473,34.85
2008,6,20,15,30,28.5,106,686,842,842,106,686,27.54
2008,6,20,16,30,30.1,118,861,885,885,118,861,24.09
2008,6,20,17,30,31.1,131,981,900,900,131,981,22.580000000000002
2008,6,20,18,30,31.5,134,1042,912,700,296,992,22.09
2008,6,20,19,30,31.400000000000002,142,1030,897,472,381,848,22.23
2008,6,20,20,30,30.8,148,951,866,165,452,605,23.27
2008,6,20,21,30,29.6,146,813,820,559,253,708,25.42
2008,6,20,22,30,28.3,135,625,750,2,174,175,28.04
2008,6,20,23,30,26.8,113,409,641,0,48,48,31.42
2008,6,21,0,30,25.1,75,188,453,6,90,91,35.61
2008,6,21,1,30,23.400000000000002,14,16,61,0,11,11,40.03
2008,6,21,2,30,21.900000000000002,0,0,0,0,0,0,44.1
2008,6,21,3,30,20.700000000000003,0,0,0,0,0,0,47.07
2008,6,21,4,30,19.8,0,0,0,0,0,0,48.93
2008,6,21,5,30,19.6,0,0,0,0,0,0,48.72
2008,6,21,6,30,19.400000000000002,0,0,0,0,0,0,49.69
2008,6,21,7,30,18.6,0,0,0,0,0,0,54.730000000000004
2008,6,21,8,30,17.7,0,0,0,0,0,0,62.49
2008,6,21,9,30,16.900000000000002,0,0,0,0,0,0,71.10000000000001
2008,6,21,10,30,16.3,0,0,0,0,0,0,78.81
2008,6,21,11,30,16.1,0,0,0,0,0,0,83.51
2008,6,21,12,30,17.5,27,41,200,200,27,41,78.42
2008,6,21,13,30,20.200000000000003,71,240,583,583,71,240,65.03
2008,6,21,14,30,22.700000000000003,92,472,759,759,92,472,50.11
2008,6,21,15,30,24.700000000000003,105,689,850,850,105,689,40.49
2008,6,21,16,30,26.400000000000002,114,868,900,81,444,512,34.87
2008,6,21,17,30,27.8,118,994,929,20,461,479,30.93
2008,6,21,18,30,28.700000000000003,118,1055,941,501,448,947,28.21
2008,6,21,19,30,29.1,116,1046,939,241,555,794,26.89
2008,6,21,20,30,29.1,116,969,919,723,236,906,26.29
2008,6,21,21,30,28.700000000000003,126,825,859,859,126,825,26.64
2008,6,21,22,30,27.700000000000003,114,638,800,800,114,638,28.1
2008,6,21,23,30,25.900000000000002,97,418,696,191,250,338,32.06
2008,6,22,0,30,23.900000000000002,70,191,486,6,116,117,38.300000000000004
2008,6,22,1,30,22.3,14,16,55,0,11,11,44.64
2008,6,22,2,30,21.200000000000003,0,0,0,0,0,0,49.65
2008,6,22,3,30,20.200000000000003,0,0,0,0,0,0,54.06
2008,6,22,4,30,19.400000000000002,0,0,0,0,0,0,57.44
2008,6,22,5,30,18.7,0,0,0,0,0,0,60.17
2008,6,22,6,30,18.1,0,0,0,0,0,0,62.86
2008,6,22,7,30,17.5,0,0,0,0,0,0,66.36
2008,6,22,8,30,16.6,0,0,0,0,0,0,71.67
2008,6,22,9,30,15.8,0,0,0,0,0,0,76.86
2008,6,22,10,30,15.4,0,0,0,0,0,0,79.93
2008,6,22,11,30,15.5,0,0,0,0,0,0,79.96000000000001
2008,6,22,12,30,16.5,26,42,230,0,26,26,75.14
2008,6,22,13,30,18.6,61,246,640,8,133,136,64.73
2008,6,22,14,30,21.200000000000003,74,480,812,201,269,370,50.57
2008,6,22,15,30,23.6,85,697,890,890,85,697,40.31
2008,6,22,16,30,25.6,93,873,931,367,422,729,33.910000000000004
2008,6,22,17,30,26.900000000000002,99,996,951,17,451,467,30.09
2008,6,22,18,30,27.700000000000003,117,1050,937,937,117,1050,27.91
2008,6,22,19,30,28,119,1040,930,0,178,178,27.21
2008,6,22,20,30,27.8,118,964,911,24,453,476,27.900000000000002
2008,6,22,21,30,27.1,107,830,889,1,272,272,29.41
2008,6,22,22,30,26.200000000000003,94,645,841,1,239,240,30.95
2008,6,22,23,30,25.400000000000002,79,427,752,79,257,293,32.21
2008,6,23,0,30,24.200000000000003,57,201,576,101,132,157,34.17
2008,6,23,1,30,23,15,19,116,0,11,11,36.660000000000004
2008,6,23,2,30,22.200000000000003,0,0,0,0,0,0,38.93
2008,6,23,3,30,21.5,0,0,0,0,0,0,40.97
2008,6,23,4,30,20.700000000000003,0,0,0,0,0,0,43.53
2008,6,23,5,30,19.8,0,0,0,0,0,0,47.21
2008,6,23,6,30,18.400000000000002,0,0,0,0,0,0,53.56
2008,6,23,7,30,17,0,0,0,0,0,0,61.09
2008,6,23,8,30,15.9,0,0,0,0,0,0,68.68
2008,6,23,9,30,15,0,0,0,0,0,0,75.7
2008,6,23,10,30,14.3,0,0,0,0,0,0,81.63
2008,6,23,11,30,14.100000000000001,0,0,0,0,0,0,84.37
2008,6,23,12,30,15.4,25,42,234,234,25,42,78.69
2008,6,23,13,30,18.400000000000002,62,243,628,628,62,243,63.99
2008,6,23,14,30,21.400000000000002,79,476,794,794,79,476,49.29
2008,6,23,15,30,23.900000000000002,91,692,875,875,91,692,40.33
2008,6,23,16,30,25.900000000000002,98,871,923,923,98,871,34.58
2008,6,23,17,30,27.400000000000002,101,997,950,950,101,997,30.54
2008,6,23,18,30,28.5,110,1055,949,949,110,1055,27.67
2008,6,23,19,30,29.1,110,1049,948,948,110,1049,26.04
2008,6,23,20,30,29.3,107,972,933,0,284,284,25.09
2008,6,23,21,30,29.200000000000003,91,841,920,564,324,783,24.68
2008,6,23,22,30,28.6,82,655,874,119,366,444,24.91
2008,6,23,23,30,27.6,71,434,783,150,253,323,25.79
2008,6,24,0,30,26.1,53,205,604,604,53,205,27.89
2008,6,24,1,30,24.400000000000002,15,19,136,0,9,9,32.17
2008,6,24,2,30,23.400000000000002,0,0,0,0,0,0,35.02
2008,6,24,3,30,22.700000000000003,0,0,0,0,0,0,36.03
2008,6,24,4,30,22,0,0,0,0,0,0,37.79
2008,6,24,5,30,21,0,0,0,0,0,0,41.660000000000004
2008,6,24,6,30,19.700000000000003,0,0,0,0,0,0,49.160000000000004
2008,6,24,7,30,18.3,0,0,0,0,0,0,59.68
2008,6,24,8,30,17.1,0,0,0,0,0,0,68.95
2008,6,24,9,30,16.3,0,0,0,0,0,0,75.39
2008,6,24,10,30,15.600000000000001,0,0,0,0,0,0,80.37
2008,6,24,11,30,15.3,0,0,0,0,0,0,82.44
2008,6,24,12,30,16.3,24,42,254,254,24,42,77.09
2008,6,24,13,30,18.900000000000002,59,244,642,642,59,244,62.74
2008,6,24,14,30,22,77,475,798,798,77,475,46.06
2008,6,24,15,30,24.5,87,691,881,881,87,691,36.65
2008,6,24,16,30,26.400000000000002,92,872,932,932,92,872,31.55
2008,6,24,17,30,27.900000000000002,94,998,959,959,94,998,27.87
2008,6,24,18,30,29,96,1064,973,2,390,391,25.1
2008,6,24,19,30,29.8,97,1057,970,192,541,731,23.02
2008,6,24,20,30,30.3,96,983,955,955,96,983,21.52
2008,6,24,21,30,30.400000000000002,88,849,934,587,318,796,20.78
2008,6,24,22,30,29.900000000000002,81,660,882,245,302,463,20.78
2008,6,24,23,30,28.8,71,439,792,132,260,321,21.73
2008,6,25,0,30,26.900000000000002,53,207,611,0,9,9,24.46
2008,6,25,1,30,25,15,20,131,0,13,13,29.14
2008,6,25,2,30,23.8,0,0,0,0,0,0,32.47
2008,6,25,3,30,22.400000000000002,0,0,0,0,0,0,37.12
2008,6,25,4,30,20.8,0,0,0,0,0,0,45.52
2008,6,25,5,30,19.400000000000002,0,0,0,0,0,0,55.28
2008,6,25,6,30,18.1,0,0,0,0,0,0,64.12
2008,6,25,7,30,17,0,0,0,0,0,0,71.68
2008,6,25,8,30,16.2,0,0,0,0,0,0,77.49
2008,6,25,9,30,15.5,0,0,0,0,0,0,82.33
2008,6,25,10,30,15,0,0,0,0,0,0,84.89
2008,6,25,11,30,14.8,0,0,0,0,0,0,84.94
2008,6,25,12,30,15.9,23,42,272,272,23,42,77.7
2008,6,25,13,30,18.6,54,247,674,674,54,247,61.34
2008,6,25,14,30,22,69,480,827,827,69,480,44.56
2008,6,25,15,30,25.1,78,699,906,906,78,699,33.33
2008,6,25,16,30,27.3,84,878,949,949,84,878,27.52
2008,6,25,17,30,29,87,1008,976,976,87,1008,23.830000000000002
2008,6,25,18,30,30.200000000000003,101,1068,972,972,101,1068,21.39
2008,6,25,19,30,30.900000000000002,99,1062,972,972,99,1062,19.73
2008,6,25,20,30,31.200000000000003,95,989,962,962,95,989,18.51
2008,6,25,21,30,31,88,856,942,942,88,856,17.82
2008,6,25,22,30,30.3,81,668,894,894,81,668,17.62
2008,6,25,23,30,29.1,69,445,809,809,69,445,18.07
2008,6,26,0,30,26.700000000000003,52,211,632,632,52,211,20.23
2008,6,26,1,30,24,15,20,142,0,11,11,25.51
2008,6,26,2,30,22.400000000000002,0,0,0,0,0,0,29.330000000000002
2008,6,26,3,30,21.1,0,0,0,0,0,0,34.65
2008,6,26,4,30,19.6,0,0,0,0,0,0,43.76
2008,6,26,5,30,18.2,0,0,0,0,0,0,54.42
2008,6,26,6,30,17.1,0,0,0,0,0,0,63.29
2008,6,26,7,30,16.1,0,0,0,0,0,0,70.55
2008,6,26,8,30,15.4,0,0,0,0,0,0,75.66
2008,6,26,9,30,14.700000000000001,0,0,0,0,0,0,80.19
2008,6,26,10,30,14.100000000000001,0,0,0,0,0,0,84.18
2008,6,26,11,30,14,0,0,0,0,0,0,85.2
2008,6,26,12,30,15.4,25,40,231,231,25,40,77.72
2008,6,26,13,30,18.7,60,242,638,638,60,242,61.47
2008,6,26,14,30,22.8,78,476,801,801,78,476,44.24
2008,6,26,15,30,26.200000000000003,88,693,884,884,88,693,31.48
2008,6,26,16,30,28.5,96,873,929,929,96,873,25.02
2008,6,26,17,30,30,101,1000,954,954,101,1000,22.03
2008,6,26,18,30,31.1,99,1065,971,971,99,1065,20.04
2008,6,26,19,30,31.700000000000003,98,1060,971,971,98,1060,18.85
2008,6,26,20,30,32,95,987,960,960,95,987,18.04
2008,6,26,21,30,31.8,87,852,937,937,87,852,17.73
2008,6,26,22,30,31.1,79,665,892,117,371,448,17.990000000000002
2008,6,26,23,30,29.900000000000002,68,444,807,30,233,247,18.8
2008,6,27,0,30,27.6,51,211,636,636,51,211,21.09
2008,6,27,1,30,25,15,21,158,158,15,21,27.26
2008,6,27,2,30,23.5,0,0,0,0,0,0,30.91
2008,6,27,3,30,22.700000000000003,0,0,0,0,0,0,32.85
2008,6,27,4,30,21.8,0,0,0,0,0,0,36.69
2008,6,27,5,30,20.700000000000003,0,0,0,0,0,0,44.230000000000004
2008,6,27,6,30,19.700000000000003,0,0,0,0,0,0,52.800000000000004
2008,6,27,7,30,19.1,0,0,0,0,0,0,59.02
2008,6,27,8,30,18.400000000000002,0,0,0,0,0,0,64.5
2008,6,27,9,30,17.8,0,0,0,0,0,0,69.05
2008,6,27,10,30,17.2,0,0,0,0,0,0,73.86
2008,6,27,11,30,17,0,0,0,0,0,0,77.68
2008,6,27,12,30,18.3,23,39,237,237,23,39,74.04
2008,6,27,13,30,21.200000000000003,58,241,642,642,58,241,62.52
2008,6,27,14,30,24.400000000000002,73,473,807,474,211,446,48.79
2008,6,27,15,30,27.200000000000003,83,691,889,889,83,691,35.06
2008,6,27,16,30,29.3,91,868,929,929,91,868,27.41
2008,6,27,17,30,30.8,98,994,951,951,98,994,23.79
2008,6,27,18,30,31.700000000000003,119,1048,933,933,119,1048,21.84
2008,6,27,19,30,32.1,128,1037,918,691,260,945,20.8
2008,6,27,20,30,32.2,132,962,892,892,132,962,20.240000000000002
2008,6,27,21,30,31.6,129,824,852,852,129,824,20.7
2008,6,27,22,30,30.5,116,638,792,109,311,383,22.21
2008,6,27,23,30,29.1,96,422,699,0,25,25,24.38
2008,6,28,0,30,27.5,69,196,502,51,137,150,27.18
2008,6,28,1,30,25.900000000000002,16,18,68,0,7,7,32.01
2008,6,28,2,30,24.8,0,0,0,0,0,0,36.68
2008,6,28,3,30,24,0,0,0,0,0,0,38.75
2008,6,28,4,30,23,0,0,0,0,0,0,41.45
2008,6,28,5,30,22,0,0,0,0,0,0,45.02
2008,6,28,6,30,20.900000000000002,0,0,0,0,0,0,49.64
2008,6,28,7,30,19.700000000000003,0,0,0,0,0,0,55.730000000000004
2008,6,28,8,30,18.7,0,0,0,0,0,0,61.5
2008,6,28,9,30,17.8,0,0,0,0,0,0,67.04
2008,6,28,10,30,17,0,0,0,0,0,0,72.19
2008,6,28,11,30,16.8,0,0,0,0,0,0,74.8
2008,6,28,12,30,18.1,23,38,222,2,25,26,70.99
2008,6,28,13,30,20.8,60,236,619,619,60,236,61.72
2008,6,28,14,30,23.400000000000002,80,462,772,772,80,462,51.14
2008,6,28,15,30,25.200000000000003,96,673,845,598,193,602,42.35
2008,6,28,16,30,26.1,113,845,877,877,113,845,37.46
2008,6,28,17,30,26.3,125,968,894,894,125,968,35.72
2008,6,28,18,30,26.3,134,1029,900,900,134,1029,35.14
2008,6,28,19,30,26.1,137,1025,897,897,137,1025,35.34
2008,6,28,20,30,25.900000000000002,132,953,883,115,454,560,35.52
2008,6,28,21,30,25.5,114,823,868,868,114,823,36.1
2008,6,28,22,30,25,103,640,816,33,313,335,37.09
2008,6,28,23,30,24.3,87,424,721,463,158,374,38.61
2008,6,29,0,30,23.3,63,198,530,420,41,148,41.07
2008,6,29,1,30,22,16,19,83,0,10,10,44.84
2008,6,29,2,30,21,0,0,0,0,0,0,48.120000000000005
2008,6,29,3,30,20.400000000000002,0,0,0,0,0,0,50.24
2008,6,29,4,30,20.1,0,0,0,0,0,0,51.32
2008,6,29,5,30,19.700000000000003,0,0,0,0,0,0,52.68
2008,6,29,6,30,19,0,0,0,0,0,0,55.050000000000004
2008,6,29,7,30,18.400000000000002,0,0,0,0,0,0,57.49
2008,6,29,8,30,17.6,0,0,0,0,0,0,61.06
2008,6,29,9,30,16.7,0,0,0,0,0,0,65.56
2008,6,29,10,30,15.8,0,0,0,0,0,0,71.13
2008,6,29,11,30,15.5,0,0,0,0,0,0,74.56
2008,6,29,12,30,16.7,24,36,181,181,24,36,70.99
2008,6,29,13,30,19.3,65,232,590,590,65,232,61.01
2008,6,29,14,30,22.200000000000003,84,460,761,761,84,460,48.370000000000005
2008,6,29,15,30,24.8,96,676,850,850,96,676,38.64
2008,6,29,16,30,26.8,103,857,903,903,103,857,32.2
2008,6,29,17,30,28.3,108,984,931,931,108,984,28.060000000000002
2008,6,29,18,30,29.3,122,1043,926,607,370,974,25.44
2008,6,29,19,30,29.900000000000002,125,1040,924,924,125,1040,23.77
2008,6,29,20,30,30.1,123,967,908,908,123,967,22.85
2008,6,29,21,30,29.900000000000002,112,834,885,132,451,559,22.740000000000002
2008,6,29,22,30,29.1,104,648,826,826,104,648,23.44
2008,6,29,23,30,27.900000000000002,91,428,723,723,91,428,25.02
2008,6,30,0,30,26.3,66,199,522,522,66,199,27.72
2008,6,30,1,30,24.8,17,19,63,0,11,11,31.27
2008,6,30,2,30,23.8,0,0,0,0,0,0,34.29
2008,6,30,3,30,22.700000000000003,0,0,0,0,0,0,38.31
2008,6,30,4,30,21.200000000000003,0,0,0,0,0,0,45.93
2008,6,30,5,30,19.5,0,0,0,0,0,0,56.15
2008,6,30,6,30,18,0,0,0,0,0,0,66.02
2008,6,30,7,30,16.8,0,0,0,0,0,0,73.98
2008,6,30,8,30,16.1,0,0,0,0,0,0,78.93
2008,6,30,9,30,15.600000000000001,0,0,0,0,0,0,82.03
2008,6,30,10,30,15.3,0,0,0,0,0,0,83.3
2008,6,30,11,30,15.200000000000001,0,0,0,0,0,0,83.06
2008,6,30,12,30,16,22,37,241,0,19,19,78.07000000000001
2008,6,30,13,30,18.1,53,237,653,3,100,101,66.54
2008,6,30,14,30,20.8,67,467,810,0,151,152,54.07
2008,6,30,15,30,23.5,76,680,887,6,289,293,43.83
2008,6,30,16,30,25.700000000000003,83,858,929,129,435,543,36.97
2008,6,30,17,30,27.200000000000003,88,982,950,38,459,495,32.96
2008,6,30,18,30,28,95,1044,954,4,420,424,30.96
2008,6,30,19,30,28.200000000000003,97,1036,948,591,366,951,30.51
2008,6,30,20,30,27.6,96,962,931,139,463,592,31.720000000000002
2008,6,30,21,30,26.700000000000003,91,830,903,0,211,211,33.85
2008,6,30,22,30,25.6,85,645,849,0,134,135,36.93
2008,6,30,23,30,24.400000000000002,75,427,754,0,85,85,40.83
2008,7,1,0,30,23.1,57,200,561,10,85,88,45.730000000000004
2008,7,1,1,30,22,16,19,103,0,6,6,50.76
2008,7,1,2,30,21.1,0,0,0,0,0,0,55.56
2008,7,1,3,30,20.3,0,0,0,0,0,0,60.03
2008,7,1,4,30,19.400000000000002,0,0,0,0,0,0,65.37
2008,7,1,5,30,18.400000000000002,0,0,0,0,0,0,70.81
2008,7,1,6,30,17.6,0,0,0,0,0,0,75.18
2008,7,1,7,30,16.8,0,0,0,0,0,0,78.31
2008,7,1,8,30,16.1,0,0,0,0,0,0,80.14
2008,7,1,9,30,15.5,0,0,0,0,0,0,81.48
2008,7,1,10,30,15,0,0,0,0,0,0,82.87
2008,7,1,11,30,14.700000000000001,0,0,0,0,0,0,83.27
2008,7,1,12,30,15,20,38,283,1,19,19,80.81
2008,7,1,13,30,16.400000000000002,49,238,671,671,49,238,72.34
2008,7,1,14,30,18.7,64,466,818,106,216,268,60.34
2008,7,1,15,30,21.400000000000002,74,681,891,51,289,324,49.03
2008,7,1,16,30,23.6,81,858,932,1,259,260,41.99
2008,7,1,17,30,25.3,86,984,955,37,459,494,37.13
2008,7,1,18,30,26.400000000000002,89,1047,964,1,300,301,33.8
2008,7,1,19,30,26.900000000000002,91,1042,960,1,342,343,32.06
2008,7,1,20,30,26.700000000000003,91,968,943,198,504,689,31.94
2008,7,1,21,30,26.1,87,835,915,105,402,487,32.84
2008,7,1,22,30,25.200000000000003,80,650,864,1,240,240,34.85
2008,7,1,23,30,24,70,433,777,36,234,251,38.28
2008,7,2,0,30,22.6,52,205,599,0,69,69,43.53
2008,7,2,1,30,21.200000000000003,15,21,149,0,11,11,51
2008,7,2,2,30,20.1,0,0,0,0,0,0,57.22
2008,7,2,3,30,19.1,0,0,0,0,0,0,63.04
2008,7,2,4,30,18.3,0,0,0,0,0,0,68.15
2008,7,2,5,30,17.6,0,0,0,0,0,0,72.87
2008,7,2,6,30,17,0,0,0,0,0,0,77.04
2008,7,2,7,30,16.5,0,0,0,0,0,0,80.47
2008,7,2,8,30,16.1,0,0,0,0,0,0,83.17
2008,7,2,9,30,15.8,0,0,0,0,0,0,85.04
2008,7,2,10,30,15.5,0,0,0,0,0,0,86.47
2008,7,2,11,30,15.3,0,0,0,0,0,0,87.12
2008,7,2,12,30,16,20,36,250,0,7,7,82.77
2008,7,2,13,30,17.8,52,232,641,0,19,19,72.94
2008,7,2,14,30,20.1,68,459,795,78,220,258,61.93
2008,7,2,15,30,22.3,77,674,878,444,228,531,51.870000000000005
2008,7,2,16,30,24.1,82,852,924,137,438,552,44.550000000000004
2008,7,2,17,30,25.5,86,978,948,57,462,516,40.01
2008,7,2,18,30,26.3,87,1039,958,76,463,539,37.69
2008,7,2,19,30,26.3,88,1035,955,1,212,213,37.64
2008,7,2,20,30,25.3,87,962,940,14,392,405,39.9
2008,7,2,21,30,24.1,85,828,909,15,310,322,43.79
2008,7,2,22,30,22.700000000000003,77,645,861,1,126,127,49.45
2008,7,2,23,30,21.200000000000003,67,430,776,0,65,65,56.32
2008,7,3,0,30,19.900000000000002,50,204,603,8,86,88,63.61
2008,7,3,1,30,18.900000000000002,15,21,157,0,7,7,70.31
2008,7,3,2,30,18.2,0,0,0,0,0,0,75.72
2008,7,3,3,30,17.6,0,0,0,0,0,0,79.91
2008,7,3,4,30,17.1,0,0,0,0,0,0,82.93
2008,7,3,5,30,16.7,0,0,0,0,0,0,84.93
2008,7,3,6,30,16.3,0,0,0,0,0,0,86.89
2008,7,3,7,30,16,0,0,0,0,0,0,88.13
2008,7,3,8,30,15.700000000000001,0,0,0,0,0,0,89.06
2008,7,3,9,30,15.600000000000001,0,0,0,0,0,0,88.69
2008,7,3,10,30,15.5,0,0,0,0,0,0,88.33
2008,7,3,11,30,15.5,0,0,0,0,0,0,88.12
2008,7,3,12,30,15.9,18,35,283,0,8,8,85.84
2008,7,3,13,30,17,45,233,674,0,9,9,80.65
2008,7,3,14,30,18.3,58,460,818,16,159,167,74.26
2008,7,3,15,30,19.700000000000003,67,672,891,57,291,330,66.49
2008,7,3,16,30,20.8,73,848,931,39,355,388,59.550000000000004
2008,7,3,17,30,21.3,77,973,954,116,436,545,55.83
2008,7,3,18,30,21.5,78,1037,965,114,464,578,54.300000000000004
2008,7,3,19,30,21.400000000000002,77,1034,966,116,463,578,54.25
2008,7,3,20,30,21.200000000000003,75,964,955,88,462,544,54.89
2008,7,3,21,30,20.700000000000003,73,830,925,235,348,540,56.58
2008,7,3,22,30,20.1,67,649,881,270,301,479,58.94
2008,7,3,23,30,19.200000000000003,58,435,805,0,63,64,63.47
2008,7,4,0,30,18.2,43,208,647,0,26,26,69.49
2008,7,4,1,30,17.3,14,22,202,0,2,2,76.48
2008,7,4,2,30,16.6,0,0,0,0,0,0,81.85000000000001
2008,7,4,3,30,16.1,0,0,0,0,0,0,85.46000000000001
2008,7,4,4,30,15.700000000000001,0,0,0,0,0,0,88.14
2008,7,4,5,30,15.4,0,0,0,0,0,0,89.84
2008,7,4,6,30,15.200000000000001,0,0,0,0,0,0,90.79
2008,7,4,7,30,15,0,0,0,0,0,0,91.58
2008,7,4,8,30,14.9,0,0,0,0,0,0,91.77
2008,7,4,9,30,14.8,0,0,0,0,0,0,91.89
2008,7,4,10,30,14.8,0,0,0,0,0,0,91.71000000000001
2008,7,4,11,30,14.8,0,0,0,0,0,0,91.39
2008,7,4,12,30,15.3,20,34,232,0,13,13,88.48
2008,7,4,13,30,16.400000000000002,52,228,634,0,25,25,81.89
2008,7,4,14,30,17.900000000000002,66,457,798,103,265,315,73.27
2008,7,4,15,30,19.6,74,671,879,13,298,306,63.61
2008,7,4,16,30,21.200000000000003,80,847,922,199,374,540,55.83
2008,7,4,17,30,22.3,83,973,946,144,400,535,51.24
2008,7,4,18,30,23.200000000000003,98,1033,941,265,448,712,47.83
2008,7,4,19,30,23.5,97,1030,941,2,232,234,46.81
2008,7,4,20,30,23.400000000000002,94,959,929,2,265,267,47
2008,7,4,21,30,22.900000000000002,91,827,900,1,186,188,48.660000000000004
2008,7,4,22,30,22.1,82,646,854,0,57,57,51.7
2008,7,4,23,30,21.200000000000003,68,431,774,0,65,65,55.67
2008,7,5,0,30,20.200000000000003,50,205,607,0,4,4,60.75
2008,7,5,1,30,19.1,15,21,157,0,9,9,67.66
2008,7,5,2,30,18.400000000000002,0,0,0,0,0,0,72.23
2008,7,5,3,30,17.8,0,0,0,0,0,0,76.55
2008,7,5,4,30,17.2,0,0,0,0,0,0,81.08
2008,7,5,5,30,16.8,0,0,0,0,0,0,84.57000000000001
2008,7,5,6,30,16.5,0,0,0,0,0,0,87.26
2008,7,5,7,30,16.3,0,0,0,0,0,0,88.95
2008,7,5,8,30,16.1,0,0,0,0,0,0,90.3
2008,7,5,9,30,15.9,0,0,0,0,0,0,91.5
2008,7,5,10,30,15.700000000000001,0,0,0,0,0,0,92.11
2008,7,5,11,30,15.600000000000001,0,0,0,0,0,0,91.41
2008,7,5,12,30,15.9,19,33,245,0,10,10,87.94
2008,7,5,13,30,17.1,48,230,657,5,114,115,79.02
2008,7,5,14,30,19.200000000000003,61,459,815,1,167,168,67.99
2008,7,5,15,30,21.6,68,671,890,23,307,322,57.89
2008,7,5,16,30,23.200000000000003,73,848,932,139,434,550,52.14
2008,7,5,17,30,23.8,78,974,953,953,78,974,49.43
2008,7,5,18,30,23.6,81,1036,960,1,288,289,49.550000000000004
2008,7,5,19,30,23.200000000000003,82,1033,959,0,216,216,51.2
2008,7,5,20,30,22.5,81,961,945,0,92,92,54.410000000000004
2008,7,5,21,30,21.6,89,826,901,11,291,301,58.620000000000005
2008,7,5,22,30,20.8,81,645,854,225,319,468,63.050000000000004
2008,7,5,23,30,20,67,430,775,1,91,91,67.88
2008,7,6,0,30,19.1,48,205,615,16,105,109,73.33
2008,7,6,1,30,18.2,14,21,175,0,9,9,79.33
2008,7,6,2,30,17.6,0,0,0,0,0,0,83
2008,7,6,3,30,17.1,0,0,0,0,0,0,86.02
2008,7,6,4,30,16.6,0,0,0,0,0,0,89.18
2008,7,6,5,30,16.3,0,0,0,0,0,0,91.38
2008,7,6,6,30,16.1,0,0,0,0,0,0,93.04
2008,7,6,7,30,16,0,0,0,0,0,0,93.96000000000001
2008,7,6,8,30,15.9,0,0,0,0,0,0,94.7
2008,7,6,9,30,15.8,0,0,0,0,0,0,95.3
2008,7,6,10,30,15.8,0,0,0,0,0,0,95
2008,7,6,11,30,16,0,0,0,0,0,0,93.60000000000001
2008,7,6,12,30,16.6,19,32,225,0,16,16,90.11
2008,7,6,13,30,17.7,49,227,644,12,92,95,83.84
2008,7,6,14,30,18.900000000000002,63,453,800,0,9,9,75.82000000000001
2008,7,6,15,30,20.1,74,666,875,0,114,114,68.06
2008,7,6,16,30,21.200000000000003,81,843,917,168,445,585,62.25
2008,7,6,17,30,22.1,86,967,937,29,449,476,58.39
2008,7,6,18,30,22.5,93,1029,942,942,93,1029,56.94
2008,7,6,19,30,22.8,92,1027,943,0,191,191,55.980000000000004
2008,7,6,20,30,22.6,88,957,933,0,215,215,56.81
2008,7,6,21,30,22.1,86,824,901,1,155,155,59.22
2008,7,6,22,30,21.1,78,643,855,2,165,166,64.32000000000001
2008,7,6,23,30,20,68,428,768,0,58,58,71.11
2008,7,7,0,30,19,51,202,595,0,35,35,77.86
2008,7,7,1,30,18.3,15,20,132,0,7,7,83.47
2008,7,7,2,30,18,0,0,0,0,0,0,86.28
2008,7,7,3,30,17.7,0,0,0,0,0,0,88.48
2008,7,7,4,30,17.5,0,0,0,0,0,0,89.4
2008,7,7,5,30,17.2,0,0,0,0,0,0,90.41
2008,7,7,6,30,16.900000000000002,0,0,0,0,0,0,91.52
2008,7,7,7,30,16.7,0,0,0,0,0,0,91.82000000000001
2008,7,7,8,30,16.400000000000002,0,0,0,0,0,0,91.85000000000001
2008,7,7,9,30,16.1,0,0,0,0,0,0,91.93
2008,7,7,10,30,15.8,0,0,0,0,0,0,92.46000000000001
2008,7,7,11,30,15.700000000000001,0,0,0,0,0,0,91.97
2008,7,7,12,30,16.3,18,32,262,262,18,32,88.05
2008,7,7,13,30,18,46,227,658,658,46,227,78.48
2008,7,7,14,30,20.5,61,454,808,107,261,313,64.41
2008,7,7,15,30,23,70,668,884,154,364,469,51.64
2008,7,7,16,30,24.900000000000002,74,846,929,6,353,358,44.72
2008,7,7,17,30,26.200000000000003,76,972,954,193,496,677,41.550000000000004
2008,7,7,18,30,26.8,77,1034,963,0,169,169,40.52
2008,7,7,19,30,26.5,78,1032,963,1,309,309,41.37
2008,7,7,20,30,25.6,77,961,948,242,421,647,44.17
2008,7,7,21,30,24.5,97,822,885,35,315,344,48.32
2008,7,7,22,30,23.3,96,637,818,818,96,637,53.46
2008,7,7,23,30,22,87,419,709,709,87,419,59.69
2008,7,8,0,30,20.8,65,194,508,0,26,26,66.16
2008,7,8,1,30,19.700000000000003,16,18,75,0,11,11,73.34
2008,7,8,2,30,18.8,0,0,0,0,0,0,79.18
2008,7,8,3,30,17.900000000000002,0,0,0,0,0,0,84.34
2008,7,8,4,30,17.1,0,0,0,0,0,0,88.43
2008,7,8,5,30,16.400000000000002,0,0,0,0,0,0,90.86
2008,7,8,6,30,15.8,0,0,0,0,0,0,89.68
2008,7,8,7,30,15.200000000000001,0,0,0,0,0,0,89.33
2008,7,8,8,30,14.9,0,0,0,0,0,0,89.82000000000001
2008,7,8,9,30,14.700000000000001,0,0,0,0,0,0,90.3
2008,7,8,10,30,14.5,0,0,0,0,0,0,90.91
2008,7,8,11,30,14.600000000000001,0,0,0,0,0,0,90.01
2008,7,8,12,30,15.5,17,32,267,267,17,32,85.28
2008,7,8,13,30,17,46,227,666,0,57,57,78.10000000000001
2008,7,8,14,30,18.8,60,456,815,0,112,112,69.13
2008,7,8,15,30,20.5,68,670,890,0,193,193,61
2008,7,8,16,30,22.1,73,847,931,0,244,244,54.56
2008,7,8,17,30,23.5,77,973,955,0,130,130,49.71
2008,7,8,18,30,24.6,76,1038,968,0,141,141,46.15
2008,7,8,19,30,25.1,75,1035,969,36,479,514,44.67
2008,7,8,20,30,24.900000000000002,73,964,956,9,411,419,45.29
2008,7,8,21,30,24,70,834,932,96,375,453,48.08
2008,7,8,22,30,22.700000000000003,65,652,889,70,321,368,52
2008,7,8,23,30,21.400000000000002,56,438,815,22,178,188,55.660000000000004
2008,7,9,0,30,19.900000000000002,42,211,664,183,84,131,59.5
2008,7,9,1,30,18.400000000000002,13,22,237,0,12,12,64.68
2008,7,9,2,30,17,0,0,0,0,0,0,71.19
2008,7,9,3,30,16,0,0,0,0,0,0,77.45
2008,7,9,4,30,15.4,0,0,0,0,0,0,82.88
2008,7,9,5,30,14.9,0,0,0,0,0,0,86.22
2008,7,9,6,30,14.5,0,0,0,0,0,0,87.13
2008,7,9,7,30,14.100000000000001,0,0,0,0,0,0,88.39
2008,7,9,8,30,13.8,0,0,0,0,0,0,89.47
2008,7,9,9,30,13.600000000000001,0,0,0,0,0,0,89.96000000000001
2008,7,9,10,30,13.3,0,0,0,0,0,0,91.08
2008,7,9,11,30,13.200000000000001,0,0,0,0,0,0,91.13
2008,7,9,12,30,14.100000000000001,17,32,283,283,17,32,85.48
2008,7,9,13,30,16.1,44,228,677,0,61,61,74.86
2008,7,9,14,30,18.5,58,456,821,2,174,175,63.64
2008,7,9,15,30,20.6,67,670,893,16,298,308,54.79
2008,7,9,16,30,22.3,73,848,934,1,307,308,48.61
2008,7,9,17,30,23.6,77,975,957,0,259,259,44.4
2008,7,9,18,30,24.400000000000002,80,1038,964,163,482,644,42.24
2008,7,9,19,30,24.8,80,1035,964,6,422,428,41.39
2008,7,9,20,30,24.900000000000002,79,966,952,217,496,699,41.78
2008,7,9,21,30,24.3,90,828,901,901,90,828,44.01
2008,7,9,22,30,23.200000000000003,87,644,841,4,264,266,47.38
2008,7,9,23,30,21.8,77,428,749,10,194,198,51.68
2008,7,10,0,30,20.3,55,202,575,3,97,98,56.67
2008,7,10,1,30,18.8,15,20,139,0,7,7,61.800000000000004
2008,7,10,2,30,17.400000000000002,0,0,0,0,0,0,66.63
2008,7,10,3,30,16,0,0,0,0,0,0,71.69
2008,7,10,4,30,14.600000000000001,0,0,0,0,0,0,77.95
2008,7,10,5,30,13.700000000000001,0,0,0,0,0,0,82.85000000000001
2008,7,10,6,30,13.200000000000001,0,0,0,0,0,0,86.02
2008,7,10,7,30,12.9,0,0,0,0,0,0,87.44
2008,7,10,8,30,12.5,0,0,0,0,0,0,88.56
2008,7,10,9,30,12.100000000000001,0,0,0,0,0,0,88.58
2008,7,10,10,30,11.600000000000001,0,0,0,0,0,0,88.71000000000001
2008,7,10,11,30,11.4,0,0,0,0,0,0,88.87
2008,7,10,12,30,12.4,17,31,281,0,15,15,83.24
2008,7,10,13,30,14.9,45,231,688,688,45,231,69.41
2008,7,10,14,30,18.2,58,464,838,3,185,186,56.08
2008,7,10,15,30,21.400000000000002,66,682,913,226,360,512,46.980000000000004
2008,7,10,16,30,24,70,860,953,41,402,436,41.07
2008,7,10,17,30,26,73,986,974,1,289,289,36.94
2008,7,10,18,30,27.1,77,1050,980,1,298,299,34.6
2008,7,10,19,30,27.1,79,1045,974,0,227,227,34.49
2008,7,10,20,30,26.5,80,973,958,15,432,446,35.85
2008,7,10,21,30,25.5,82,837,921,921,82,837,38.37
2008,7,10,22,30,24.3,77,652,870,174,358,474,41.83
2008,7,10,23,30,23,66,435,787,787,66,435,45.99
2008,7,11,0,30,21.5,49,206,617,617,49,206,51.25
2008,7,11,1,30,20,14,20,164,164,14,20,58.04
2008,7,11,2,30,18.8,0,0,0,0,0,0,64.22
2008,7,11,3,30,17.8,0,0,0,0,0,0,69.18
2008,7,11,4,30,16.7,0,0,0,0,0,0,74.98
2008,7,11,5,30,15.8,0,0,0,0,0,0,80.2
2008,7,11,6,30,15.100000000000001,0,0,0,0,0,0,83.46000000000001
2008,7,11,7,30,14.5,0,0,0,0,0,0,85.31
2008,7,11,8,30,14,0,0,0,0,0,0,86.59
2008,7,11,9,30,13.3,0,0,0,0,0,0,89.66
2008,7,11,10,30,12.700000000000001,0,0,0,0,0,0,92.89
2008,7,11,11,30,12.600000000000001,0,0,0,0,0,0,93.16
2008,7,11,12,30,14,17,30,259,0,12,12,84.92
2008,7,11,13,30,16.7,47,227,670,0,70,70,71.36
2008,7,11,14,30,19.900000000000002,62,458,822,15,211,218,57.45
2008,7,11,15,30,22.6,71,675,898,6,284,288,47.52
2008,7,11,16,30,24.8,78,854,937,2,320,321,41.12
2008,7,11,17,30,26.400000000000002,82,983,960,0,140,140,37.15
2008,7,11,18,30,27.200000000000003,97,1043,952,0,251,252,35.51
2008,7,11,19,30,27.3,100,1037,946,470,349,815,35.45
2008,7,11,20,30,26.700000000000003,98,965,930,360,394,730,36.77
2008,7,11,21,30,25.6,94,831,899,170,365,504,39.61
2008,7,11,22,30,24.1,87,646,845,1,214,215,44.550000000000004
2008,7,11,23,30,22.6,76,428,750,191,206,296,50.53
2008,7,12,0,30,21.1,57,200,563,8,84,86,57.57
2008,7,12,1,30,19.8,15,19,111,0,11,11,64.93
2008,7,12,2,30,18.8,0,0,0,0,0,0,69.79
2008,7,12,3,30,17.900000000000002,0,0,0,0,0,0,73.4
2008,7,12,4,30,17.1,0,0,0,0,0,0,76.14
2008,7,12,5,30,16.2,0,0,0,0,0,0,79.5
2008,7,12,6,30,15.5,0,0,0,0,0,0,82.42
2008,7,12,7,30,14.8,0,0,0,0,0,0,85.9
2008,7,12,8,30,14.3,0,0,0,0,0,0,88.25
2008,7,12,9,30,13.9,0,0,0,0,0,0,89.67
2008,7,12,10,30,13.600000000000001,0,0,0,0,0,0,90.16
2008,7,12,11,30,13.5,0,0,0,0,0,0,89.47
2008,7,12,12,30,14.3,18,27,190,0,13,13,84.06
2008,7,12,13,30,16.3,55,219,612,101,129,156,72.92
2008,7,12,14,30,19.3,72,448,781,411,171,369,59.47
2008,7,12,15,30,22.1,81,666,870,450,228,531,49.27
2008,7,12,16,30,24.200000000000003,87,847,918,611,223,729,42.4
2008,7,12,17,30,25.6,91,976,944,463,341,775,38.19
2008,7,12,18,30,26.400000000000002,93,1042,955,955,93,1042,35.660000000000004
2008,7,12,19,30,26.700000000000003,93,1040,956,206,457,661,34.24
2008,7,12,20,30,26.6,90,972,947,671,226,851,33.71
2008,7,12,21,30,26.400000000000002,105,832,887,424,295,642,33.44
2008,7,12,22,30,25.900000000000002,95,650,840,6,224,228,33.57
2008,7,12,23,30,25.1,79,434,759,15,165,172,34
2008,7,13,0,30,23.200000000000003,55,206,596,2,61,61,39.17
2008,7,13,1,30,20.8,15,20,151,1,13,13,50.64
2008,7,13,2,30,19.200000000000003,0,0,0,0,0,0,52.21
2008,7,13,3,30,17.8,0,0,0,0,0,0,54.43
2008,7,13,4,30,16.5,0,0,0,0,0,0,59.11
2008,7,13,5,30,15.4,0,0,0,0,0,0,66.18
2008,7,13,6,30,14.600000000000001,0,0,0,0,0,0,74.58
2008,7,13,7,30,13.8,0,0,0,0,0,0,83.85000000000001
2008,7,13,8,30,13.3,0,0,0,0,0,0,90.54
2008,7,13,9,30,13.100000000000001,0,0,0,0,0,0,94
2008,7,13,10,30,13,0,0,0,0,0,0,95.18
2008,7,13,11,30,13.100000000000001,0,0,0,0,0,0,93.91
2008,7,13,12,30,14.200000000000001,17,29,252,252,17,29,86.48
2008,7,13,13,30,17.1,48,230,682,682,48,230,71.67
2008,7,13,14,30,21,62,465,839,839,62,465,52.94
2008,7,13,15,30,24.3,69,688,921,921,69,688,37.89
2008,7,13,16,30,26.6,73,872,966,966,73,872,32.02
2008,7,13,17,30,28.400000000000002,75,1003,990,990,75,1003,27.94
2008,7,13,18,30,29.6,83,1066,990,990,83,1066,25.29
2008,7,13,19,30,30.400000000000002,83,1064,989,989,83,1064,23.580000000000002
2008,7,13,20,30,30.6,82,991,975,975,82,991,22.96
2008,7,13,21,30,30.400000000000002,81,856,945,945,81,856,22.77
2008,7,13,22,30,29.700000000000003,76,667,895,203,364,498,23.2
2008,7,13,23,30,28.400000000000002,66,446,811,811,66,446,24.37
2008,7,14,0,30,25.6,49,212,644,644,49,212,28.68
2008,7,14,1,30,22.6,14,20,183,183,14,20,39.57
2008,7,14,2,30,21.1,0,0,0,0,0,0,44.050000000000004
2008,7,14,3,30,19.900000000000002,0,0,0,0,0,0,47.85
2008,7,14,4,30,18.7,0,0,0,0,0,0,53.03
2008,7,14,5,30,17.6,0,0,0,0,0,0,59.5
2008,7,14,6,30,16.5,0,0,0,0,0,0,67.75
2008,7,14,7,30,15.5,0,0,0,0,0,0,76.22
2008,7,14,8,30,14.600000000000001,0,0,0,0,0,0,84.09
2008,7,14,9,30,13.9,0,0,0,0,0,0,90.37
2008,7,14,10,30,13.4,0,0,0,0,0,0,94.49
2008,7,14,11,30,13.4,0,0,0,0,0,0,94.60000000000001
2008,7,14,12,30,14.8,16,28,259,259,16,28,85.7
2008,7,14,13,30,18,46,231,696,696,46,231,68.57000000000001
2008,7,14,14,30,21.6,60,470,856,856,60,470,48.09
2008,7,14,15,30,24.5,69,695,933,933,69,695,34.34
2008,7,14,16,30,26.700000000000003,75,881,975,975,75,881,26.740000000000002
2008,7,14,17,30,28.400000000000002,79,1013,997,997,79,1013,22.26
2008,7,14,18,30,29.6,83,1077,1002,1002,83,1077,19.94
2008,7,14,19,30,30.3,83,1072,998,998,83,1072,19.05
2008,7,14,20,30,30.6,82,998,983,983,82,998,18.900000000000002
2008,7,14,21,30,30.5,82,860,949,949,82,860,19.25
2008,7,14,22,30,29.900000000000002,77,672,901,901,77,672,20.080000000000002
2008,7,14,23,30,28.700000000000003,67,447,813,813,67,447,21.62
2008,7,15,0,30,26,51,211,633,633,51,211,25.71
2008,7,15,1,30,23.400000000000002,14,20,157,0,11,11,35.76
2008,7,15,2,30,22.200000000000003,0,0,0,0,0,0,39.300000000000004
2008,7,15,3,30,21.1,0,0,0,0,0,0,43.78
2008,7,15,4,30,20.1,0,0,0,0,0,0,50.56
2008,7,15,5,30,19.200000000000003,0,0,0,0,0,0,58.01
2008,7,15,6,30,18.3,0,0,0,0,0,0,65.39
2008,7,15,7,30,17.2,0,0,0,0,0,0,72.69
2008,7,15,8,30,16,0,0,0,0,0,0,80.31
2008,7,15,9,30,15.100000000000001,0,0,0,0,0,0,86.29
2008,7,15,10,30,14.3,0,0,0,0,0,0,91.06
2008,7,15,11,30,14.100000000000001,0,0,0,0,0,0,91.48
2008,7,15,12,30,15.5,17,26,209,209,17,26,81.91
2008,7,15,13,30,18.900000000000002,51,225,661,661,51,225,61.59
2008,7,15,14,30,23,67,463,829,829,67,463,40.52
2008,7,15,15,30,26.1,76,688,913,913,76,688,29.77
2008,7,15,16,30,28,82,876,961,961,82,876,26.48
2008,7,15,17,30,29.5,85,1009,986,986,85,1009,23.11
2008,7,15,18,30,30.5,92,1075,990,990,92,1075,20.38
2008,7,15,19,30,31.1,92,1073,990,990,92,1073,18.330000000000002
2008,7,15,20,30,31.400000000000002,91,1001,977,977,91,1001,16.85
2008,7,15,21,30,31.1,88,862,944,944,88,862,16.240000000000002
2008,7,15,22,30,30.400000000000002,82,674,896,896,82,674,16.45
2008,7,15,23,30,29.1,70,449,811,58,258,285,17.3
2008,7,16,0,30,25.900000000000002,52,211,631,1,81,81,21.34
2008,7,16,1,30,22.5,14,19,139,139,14,19,33.51
2008,7,16,2,30,21,0,0,0,0,0,0,37.84
2008,7,16,3,30,19.8,0,0,0,0,0,0,42.76
2008,7,16,4,30,18.5,0,0,0,0,0,0,49.660000000000004
2008,7,16,5,30,17.400000000000002,0,0,0,0,0,0,55.95
2008,7,16,6,30,16.5,0,0,0,0,0,0,61.35
2008,7,16,7,30,15.700000000000001,0,0,0,0,0,0,66.43
2008,7,16,8,30,15,0,0,0,0,0,0,71.56
2008,7,16,9,30,14.4,0,0,0,0,0,0,76.34
2008,7,16,10,30,14,0,0,0,0,0,0,80.29
2008,7,16,11,30,14.100000000000001,0,0,0,0,0,0,81.22
2008,7,16,12,30,16.2,16,25,201,201,16,25,71.74
2008,7,16,13,30,20.200000000000003,50,226,672,672,50,226,55.03
2008,7,16,14,30,24.200000000000003,65,467,842,842,65,467,34.52
2008,7,16,15,30,26.8,75,691,920,920,75,691,26.84
2008,7,16,16,30,28.6,81,878,964,964,81,878,22.330000000000002
2008,7,16,17,30,30,85,1014,993,993,85,1014,18.86
2008,7,16,18,30,31,88,1082,1001,1001,88,1082,16.39
2008,7,16,19,30,31.700000000000003,88,1080,1001,1001,88,1080,14.59
2008,7,16,20,30,31.900000000000002,85,1006,988,988,85,1006,13.540000000000001
2008,7,16,21,30,31.6,83,870,961,961,83,870,13.35
2008,7,16,22,30,30.900000000000002,76,680,915,915,76,680,13.88
2008,7,16,23,30,29.400000000000002,66,453,828,828,66,453,15.19
2008,7,17,0,30,26.1,49,214,654,654,49,214,19.55
2008,7,17,1,30,22.700000000000003,14,19,162,162,14,19,31.55
2008,7,17,2,30,21.1,0,0,0,0,0,0,36.35
2008,7,17,3,30,20,0,0,0,0,0,0,41.24
2008,7,17,4,30,18.8,0,0,0,0,0,0,47.47
2008,7,17,5,30,17.900000000000002,0,0,0,0,0,0,52.64
2008,7,17,6,30,16.900000000000002,0,0,0,0,0,0,58.21
2008,7,17,7,30,16,0,0,0,0,0,0,63.410000000000004
2008,7,17,8,30,15.200000000000001,0,0,0,0,0,0,67.71000000000001
2008,7,17,9,30,14.5,0,0,0,0,0,0,71.36
2008,7,17,10,30,13.9,0,0,0,0,0,0,74.98
2008,7,17,11,30,14,0,0,0,0,0,0,75.33
2008,7,17,12,30,16,17,23,147,147,17,23,67.3
2008,7,17,13,30,19.6,59,214,594,594,59,214,54.4
2008,7,17,14,30,23.3,80,447,771,295,234,375,37.93
2008,7,17,15,30,25.900000000000002,93,665,855,855,93,665,29.01
2008,7,17,16,30,27.6,105,848,900,900,105,848,25.95
2008,7,17,17,30,28.700000000000003,111,979,927,927,111,979,24.52
2008,7,17,18,30,29.5,110,1048,945,945,110,1048,23.740000000000002
2008,7,17,19,30,30,107,1045,946,946,107,1045,23.400000000000002
2008,7,17,20,30,30.1,105,974,933,3,394,397,23.490000000000002
2008,7,17,21,30,29.700000000000003,101,838,899,1,305,306,24.13
2008,7,17,22,30,28.700000000000003,94,650,841,0,177,177,25.73
2008,7,17,23,30,27.3,82,429,744,255,235,354,28.42
2008,7,18,0,30,25.400000000000002,60,198,553,130,129,162,33.14
2008,7,18,1,30,23.8,14,17,88,0,7,7,45.43
2008,7,18,2,30,23.1,0,0,0,0,0,0,49.1
2008,7,18,3,30,22.3,0,0,0,0,0,0,52.46
2008,7,18,4,30,21.400000000000002,0,0,0,0,0,0,58.730000000000004
2008,7,18,5,30,20.6,0,0,0,0,0,0,61.31
2008,7,18,6,30,19.8,0,0,0,0,0,0,63.77
2008,7,18,7,30,18.8,0,0,0,0,0,0,67.08
2008,7,18,8,30,17.7,0,0,0,0,0,0,71.82000000000001
2008,7,18,9,30,16.7,0,0,0,0,0,0,77.16
2008,7,18,10,30,15.9,0,0,0,0,0,0,82.10000000000001
2008,7,18,11,30,15.8,0,0,0,0,0,0,83.12
2008,7,18,12,30,17.1,16,22,144,0,5,5,77.51
2008,7,18,13,30,19.6,55,211,598,598,55,211,67.24
2008,7,18,14,30,22.200000000000003,73,442,775,0,24,24,55.04
2008,7,18,15,30,23.900000000000002,88,659,855,0,68,68,46.88
2008,7,18,16,30,24.900000000000002,98,841,900,350,411,700,42.9
2008,7,18,17,30,25.400000000000002,104,971,926,926,104,971,40.78
2008,7,18,18,30,25.700000000000003,104,1039,943,706,280,981,39.49
2008,7,18,19,30,26,102,1038,944,154,469,622,38.14
2008,7,18,20,30,26.1,98,966,931,90,418,503,37.300000000000004
2008,7,18,21,30,25.900000000000002,93,834,904,14,307,318,37.07
2008,7,18,22,30,25.3,85,649,855,19,271,284,38.1
2008,7,18,23,30,24.3,74,428,761,116,228,282,40.97
2008,7,19,0,30,22.900000000000002,55,198,575,169,122,164,47.31
2008,7,19,1,30,21.6,13,16,107,0,9,9,61.08
2008,7,19,2,30,20.700000000000003,0,0,0,0,0,0,66.43
2008,7,19,3,30,19.8,0,0,0,0,0,0,69.87
2008,7,19,4,30,19.1,0,0,0,0,0,0,72.85000000000001
2008,7,19,5,30,18.5,0,0,0,0,0,0,75.45
2008,7,19,6,30,18,0,0,0,0,0,0,77.8
2008,7,19,7,30,17.5,0,0,0,0,0,0,81.05
2008,7,19,8,30,17.1,0,0,0,0,0,0,83.94
2008,7,19,9,30,16.8,0,0,0,0,0,0,85.76
2008,7,19,10,30,16.6,0,0,0,0,0,0,86.55
2008,7,19,11,30,16.400000000000002,0,0,0,0,0,0,86.51
2008,7,19,12,30,16.5,16,21,129,0,10,10,83.59
2008,7,19,13,30,17.1,58,206,574,246,117,181,77.16
2008,7,19,14,30,18.2,80,436,751,300,205,347,68.43
2008,7,19,15,30,19.700000000000003,94,653,837,232,356,510,60.07
2008,7,19,16,30,21.400000000000002,106,834,882,196,455,617,52.86
2008,7,19,17,30,22.6,114,963,908,301,425,706,48.82
2008,7,19,18,30,23.3,118,1030,919,58,483,541,46.85
2008,7,19,19,30,23.5,118,1027,918,0,112,112,46.6
2008,7,19,20,30,23.3,113,957,906,13,394,406,47.65
2008,7,19,21,30,22.700000000000003,110,824,873,288,347,583,49.77
2008,7,19,22,30,21.8,101,639,816,182,333,453,53.03
2008,7,19,23,30,20.700000000000003,87,420,716,0,59,59,57.26
2008,7,20,0,30,19.400000000000002,62,194,529,0,14,14,62.730000000000004
2008,7,20,1,30,18.2,13,15,75,0,9,9,69.26
2008,7,20,2,30,17.5,0,0,0,0,0,0,74.02
2008,7,20,3,30,16.900000000000002,0,0,0,0,0,0,77.38
2008,7,20,4,30,16.2,0,0,0,0,0,0,80.54
2008,7,20,5,30,15.600000000000001,0,0,0,0,0,0,82.84
2008,7,20,6,30,14.9,0,0,0,0,0,0,85.68
2008,7,20,7,30,14.3,0,0,0,0,0,0,88.18
2008,7,20,8,30,13.700000000000001,0,0,0,0,0,0,90.59
2008,7,20,9,30,13.3,0,0,0,0,0,0,91.7
2008,7,20,10,30,12.9,0,0,0,0,0,0,92.77
2008,7,20,11,30,12.8,0,0,0,0,0,0,92.04
2008,7,20,12,30,13.600000000000001,16,20,128,0,3,3,85.72
2008,7,20,13,30,15.9,56,211,600,18,103,107,70.2
2008,7,20,14,30,19.400000000000002,74,444,781,781,74,444,50.660000000000004
2008,7,20,15,30,22.700000000000003,85,665,871,871,85,665,36.32
2008,7,20,16,30,25.1,90,850,923,923,90,850,31.51
2008,7,20,17,30,27,93,980,949,949,93,980,28.990000000000002
2008,7,20,18,30,28.3,103,1043,948,948,103,1043,27.71
2008,7,20,19,30,29,108,1038,940,940,108,1038,27.45
2008,7,20,20,30,28.700000000000003,112,964,915,915,112,964,28.59
2008,7,20,21,30,27.700000000000003,109,827,877,877,109,827,30.93
2008,7,20,22,30,26.3,103,639,813,813,103,639,34.550000000000004
2008,7,20,23,30,24.900000000000002,90,418,706,706,90,418,38.69
2008,7,21,0,30,23.3,64,191,511,511,64,191,43.78
2008,7,21,1,30,21.700000000000003,13,15,61,61,13,15,50.01
2008,7,21,2,30,20.400000000000002,0,0,0,0,0,0,55.64
2008,7,21,3,30,19.1,0,0,0,0,0,0,61.22
2008,7,21,4,30,17.5,0,0,0,0,0,0,69.12
2008,7,21,5,30,16.1,0,0,0,0,0,0,77.42
2008,7,21,6,30,15.200000000000001,0,0,0,0,0,0,84.14
2008,7,21,7,30,14.8,0,0,0,0,0,0,87.65
2008,7,21,8,30,14.5,0,0,0,0,0,0,89.41
2008,7,21,9,30,14.4,0,0,0,0,0,0,89.36
2008,7,21,10,30,14.100000000000001,0,0,0,0,0,0,89.65
2008,7,21,11,30,13.8,0,0,0,0,0,0,88.98
2008,7,21,12,30,14.4,14,21,207,0,9,9,82.96000000000001
2008,7,21,13,30,16.5,46,218,667,273,110,180,67.7
2008,7,21,14,30,19.700000000000003,63,453,825,183,252,339,48.870000000000005
2008,7,21,15,30,22.8,73,676,905,521,224,571,33.9
2008,7,21,16,30,25,80,862,949,352,416,706,27.13
2008,7,21,17,30,26.5,85,996,975,361,482,819,23.830000000000002
2008,7,21,18,30,27.400000000000002,86,1065,988,988,86,1065,21.87
2008,7,21,19,30,27.8,87,1066,989,743,215,951,20.86
2008,7,21,20,30,27.900000000000002,86,995,977,723,277,950,20.53
2008,7,21,21,30,27.5,90,857,938,645,238,766,21.09
2008,7,21,22,30,26.8,83,666,886,129,334,420,22.2
2008,7,21,23,30,25.5,72,441,797,443,174,380,24.75
2008,7,22,0,30,23.400000000000002,53,204,610,66,119,135,31.7
2008,7,22,1,30,21.5,13,16,117,117,13,16,39.69
2008,7,22,2,30,20.400000000000002,0,0,0,0,0,0,41.49
2008,7,22,3,30,19.1,0,0,0,0,0,0,43.72
2008,7,22,4,30,17.900000000000002,0,0,0,0,0,0,46.61
2008,7,22,5,30,16.8,0,0,0,0,0,0,50.38
2008,7,22,6,30,16,0,0,0,0,0,0,54.69
2008,7,22,7,30,15.200000000000001,0,0,0,0,0,0,60.47
2008,7,22,8,30,14.5,0,0,0,0,0,0,66.32000000000001
2008,7,22,9,30,14,0,0,0,0,0,0,70.79
2008,7,22,10,30,13.5,0,0,0,0,0,0,73.82000000000001
2008,7,22,11,30,13.3,0,0,0,0,0,0,73.10000000000001
2008,7,22,12,30,14.8,14,21,206,206,14,21,63.49
2008,7,22,13,30,18.400000000000002,47,219,674,674,47,219,47.57
2008,7,22,14,30,22.3,63,457,836,836,63,457,33.01
2008,7,22,15,30,25.200000000000003,73,682,915,915,73,682,28.12
2008,7,22,16,30,27.3,79,866,956,956,79,866,25.64
2008,7,22,17,30,28.900000000000002,84,999,980,980,84,999,23.63
2008,7,22,18,30,30.1,93,1064,979,979,93,1064,21.97
2008,7,22,19,30,30.700000000000003,95,1062,976,758,207,958,20.95
2008,7,22,20,30,30.8,94,987,959,959,94,987,20.43
2008,7,22,21,30,30.5,91,852,931,709,259,839,20.34
2008,7,22,22,30,29.6,84,663,880,690,183,636,20.96
2008,7,22,23,30,28.1,73,439,789,476,163,383,22.55
2008,7,23,0,30,25.5,52,203,613,613,52,203,26.47
2008,7,23,1,30,22.8,12,15,122,0,7,7,35.28
2008,7,23,2,30,21.3,0,0,0,0,0,0,38.78
2008,7,23,3,30,20.1,0,0,0,0,0,0,42.11
2008,7,23,4,30,18.8,0,0,0,0,0,0,46.97
2008,7,23,5,30,17.5,0,0,0,0,0,0,53.02
2008,7,23,6,30,16.400000000000002,0,0,0,0,0,0,59.2
2008,7,23,7,30,15.700000000000001,0,0,0,0,0,0,64.44
2008,7,23,8,30,15.5,0,0,0,0,0,0,68.37
2008,7,23,9,30,15.600000000000001,0,0,0,0,0,0,70.77
2008,7,23,10,30,15.4,0,0,0,0,0,0,73.21000000000001
2008,7,23,11,30,15.100000000000001,0,0,0,0,0,0,74.13
2008,7,23,12,30,16.6,14,19,172,172,14,19,65.76
2008,7,23,13,30,20,49,214,650,650,49,214,52.71
2008,7,23,14,30,23.400000000000002,66,451,820,820,66,451,41.050000000000004
2008,7,23,15,30,25.700000000000003,75,678,907,907,75,678,33.22
2008,7,23,16,30,27.6,81,865,954,954,81,865,27.69
2008,7,23,17,30,29.1,85,996,975,975,85,996,24.27
2008,7,23,18,30,30,89,1064,984,984,89,1064,22.81
2008,7,23,19,30,30.5,91,1060,979,979,91,1060,22.400000000000002
2008,7,23,20,30,30.400000000000002,92,983,957,630,333,919,23.150000000000002
2008,7,23,21,30,29.700000000000003,92,844,921,921,92,844,25
2008,7,23,22,30,28.5,88,654,860,860,88,654,27.48
2008,7,23,23,30,26.700000000000003,77,429,763,763,77,429,30.990000000000002
2008,7,24,0,30,24.6,56,196,574,574,56,196,35.36
2008,7,24,1,30,22.5,12,14,87,0,7,7,42.1
2008,7,24,2,30,21,0,0,0,0,0,0,48.59
2008,7,24,3,30,19.700000000000003,0,0,0,0,0,0,55.6
2008,7,24,4,30,18.8,0,0,0,0,0,0,62.980000000000004
2008,7,24,5,30,18,0,0,0,0,0,0,69.99
2008,7,24,6,30,17.3,0,0,0,0,0,0,75.18
2008,7,24,7,30,16.7,0,0,0,0,0,0,78.86
2008,7,24,8,30,16.3,0,0,0,0,0,0,81.18
2008,7,24,9,30,15.9,0,0,0,0,0,0,83.36
2008,7,24,10,30,15.600000000000001,0,0,0,0,0,0,84.99
2008,7,24,11,30,15.5,0,0,0,0,0,0,85.59
2008,7,24,12,30,16.900000000000002,14,18,125,125,14,18,78.53
2008,7,24,13,30,19.6,51,208,624,624,51,208,64.11
2008,7,24,14,30,22,63,447,817,817,63,447,49.39
2008,7,24,15,30,24,70,670,903,903,70,670,40.52
2008,7,24,16,30,25.8,75,853,947,947,75,853,35.38
2008,7,24,17,30,27.400000000000002,79,986,971,971,79,986,31.92
2008,7,24,18,30,28.700000000000003,85,1050,974,775,225,992,29.41
2008,7,24,19,30,29.400000000000002,86,1049,973,697,231,920,27.900000000000002
2008,7,24,20,30,29.700000000000003,85,976,958,148,436,573,27.1
2008,7,24,21,30,29.200000000000003,81,840,929,318,416,676,27.77
2008,7,24,22,30,28,76,652,877,43,319,347,29.92
2008,7,24,23,30,26.400000000000002,67,429,783,0,63,63,33.84
2008,7,25,0,30,24.5,51,195,592,21,98,103,40.06
2008,7,25,1,30,22.8,12,13,87,0,4,4,50.96
2008,7,25,2,30,21.6,0,0,0,0,0,0,57.82
2008,7,25,3,30,20.700000000000003,0,0,0,0,0,0,62.75
2008,7,25,4,30,19.8,0,0,0,0,0,0,67.8
2008,7,25,5,30,19.200000000000003,0,0,0,0,0,0,71.91
2008,7,25,6,30,18.7,0,0,0,0,0,0,75.97
2008,7,25,7,30,18.400000000000002,0,0,0,0,0,0,79.14
2008,7,25,8,30,18.2,0,0,0,0,0,0,81.89
2008,7,25,9,30,18,0,0,0,0,0,0,84.73
2008,7,25,10,30,17.8,0,0,0,0,0,0,87.55
2008,7,25,11,30,17.7,0,0,0,0,0,0,88.94
2008,7,25,12,30,17.900000000000002,13,16,108,0,4,4,87.59
2008,7,25,13,30,18.6,51,201,597,597,51,201,82.13
2008,7,25,14,30,20.3,67,432,781,24,217,228,69.79
2008,7,25,15,30,22.5,76,652,869,337,314,537,56.19
2008,7,25,16,30,24.400000000000002,82,837,918,86,363,433,47.38
2008,7,25,17,30,25.700000000000003,86,968,944,214,502,702,42.36
2008,7,25,18,30,26.200000000000003,97,1032,944,944,97,1032,40.38
2008,7,25,19,30,26.1,97,1031,944,424,384,803,40.28
2008,7,25,20,30,25.6,94,961,932,485,329,780,41.78
2008,7,25,21,30,25.1,90,828,905,905,90,828,43.36
2008,7,25,22,30,24.5,81,644,859,859,81,644,44.93
2008,7,25,23,30,23.8,69,425,773,426,196,392,46.45
2008,7,26,0,30,22.400000000000002,50,195,598,598,50,195,51.13
2008,7,26,1,30,20.700000000000003,11,13,108,0,6,6,60.410000000000004
2008,7,26,2,30,19.6,0,0,0,0,0,0,62.160000000000004
2008,7,26,3,30,18.5,0,0,0,0,0,0,63.95
2008,7,26,4,30,17.2,0,0,0,0,0,0,70.01
2008,7,26,5,30,16,0,0,0,0,0,0,77.53
2008,7,26,6,30,15.200000000000001,0,0,0,0,0,0,84.32000000000001
2008,7,26,7,30,14.600000000000001,0,0,0,0,0,0,89.75
2008,7,26,8,30,14.3,0,0,0,0,0,0,92.54
2008,7,26,9,30,14.100000000000001,0,0,0,0,0,0,94.12
2008,7,26,10,30,14,0,0,0,0,0,0,94.67
2008,7,26,11,30,14,0,0,0,0,0,0,94.21000000000001
2008,7,26,12,30,15,12,18,205,205,12,18,87.88
2008,7,26,13,30,17.400000000000002,45,216,684,684,45,216,74.22
2008,7,26,14,30,20.5,61,457,847,847,61,457,52.730000000000004
2008,7,26,15,30,23.6,72,683,923,923,72,683,32.18
2008,7,26,16,30,26,79,872,966,966,79,872,23.62
2008,7,26,17,30,27.8,82,1007,992,992,82,1007,19.89
2008,7,26,18,30,29.1,97,1070,982,982,97,1070,17.87
2008,7,26,19,30,29.8,95,1069,985,985,95,1069,16.9
2008,7,26,20,30,29.900000000000002,90,998,976,976,90,998,16.75
2008,7,26,21,30,29.5,81,860,955,955,81,860,17.2
2008,7,26,22,30,28.400000000000002,73,670,912,912,73,670,18.580000000000002
2008,7,26,23,30,26.700000000000003,62,442,828,828,62,442,21.18
2008,7,27,0,30,23.900000000000002,45,204,657,657,45,204,26.68
2008,7,27,1,30,21.1,11,13,141,141,11,13,36.27
2008,7,27,2,30,19.5,0,0,0,0,0,0,43.4
2008,7,27,3,30,18.1,0,0,0,0,0,0,50.86
2008,7,27,4,30,16.8,0,0,0,0,0,0,58.75
2008,7,27,5,30,15.600000000000001,0,0,0,0,0,0,66.42
2008,7,27,6,30,14.600000000000001,0,0,0,0,0,0,73.23
2008,7,27,7,30,13.600000000000001,0,0,0,0,0,0,79.97
2008,7,27,8,30,12.8,0,0,0,0,0,0,85.47
2008,7,27,9,30,12.100000000000001,0,0,0,0,0,0,90.34
2008,7,27,10,30,11.600000000000001,0,0,0,0,0,0,94.03
2008,7,27,11,30,11.600000000000001,0,0,0,0,0,0,94.14
2008,7,27,12,30,13.100000000000001,12,17,180,180,12,17,84
2008,7,27,13,30,16.6,45,214,680,680,45,214,63.46
2008,7,27,14,30,20.900000000000002,60,455,847,847,60,455,40.61
2008,7,27,15,30,24.1,69,681,925,925,69,681,28.71
2008,7,27,16,30,26.3,75,867,965,965,75,867,25.560000000000002
2008,7,27,17,30,27.900000000000002,80,1001,988,988,80,1001,23.39
2008,7,27,18,30,29.1,91,1066,985,985,91,1066,21.61
2008,7,27,19,30,29.8,92,1064,983,983,92,1064,20.32
2008,7,27,20,30,30,91,989,967,752,253,951,19.51
2008,7,27,21,30,29.900000000000002,85,853,942,145,451,569,18.97
2008,7,27,22,30,29.1,79,663,893,129,370,454,19.19
2008,7,27,23,30,27.8,68,437,806,182,247,331,20.23
2008,7,28,0,30,25.3,49,199,626,246,113,172,24.38
2008,7,28,1,30,22.900000000000002,10,12,107,0,4,4,38.08
2008,7,28,2,30,21.6,0,0,0,0,0,0,38.83
2008,7,28,3,30,20,0,0,0,0,0,0,45.63
2008,7,28,4,30,18.6,0,0,0,0,0,0,53.85
2008,7,28,5,30,17.5,0,0,0,0,0,0,61.39
2008,7,28,6,30,16.8,0,0,0,0,0,0,70.82000000000001
2008,7,28,7,30,16.2,0,0,0,0,0,0,78.88
2008,7,28,8,30,15.700000000000001,0,0,0,0,0,0,83.98
2008,7,28,9,30,15.4,0,0,0,0,0,0,87.45
2008,7,28,10,30,15.100000000000001,0,0,0,0,0,0,90.32000000000001
2008,7,28,11,30,15,0,0,0,0,0,0,91.13
2008,7,28,12,30,16.5,12,16,175,175,12,16,82.45
2008,7,28,13,30,19.700000000000003,45,209,663,663,45,209,66.59
2008,7,28,14,30,23.200000000000003,60,446,829,829,60,446,50.910000000000004
2008,7,28,15,30,26.200000000000003,70,670,908,908,70,670,36.7
2008,7,28,16,30,28.3,78,856,949,949,78,856,28.37
2008,7,28,17,30,29.8,83,990,973,973,83,990,24.43
2008,7,28,18,30,30.900000000000002,88,1058,981,981,88,1058,22.11
2008,7,28,19,30,31.6,90,1056,978,978,90,1056,20.61
2008,7,28,20,30,31.8,90,984,963,963,90,984,19.86
2008,7,28,21,30,31.6,94,845,922,705,210,784,19.68
2008,7,28,22,30,30.700000000000003,91,652,858,419,302,576,20.55
2008,7,28,23,30,29.200000000000003,81,424,750,513,164,398,22.62
2008,7,29,0,30,27.1,60,188,539,404,54,150,27.25
2008,7,29,1,30,25.1,0,0,0,0,0,0,37.15
2008,7,29,2,30,23.6,0,0,0,0,0,0,43.38
2008,7,29,3,30,22.3,0,0,0,0,0,0,50.39
2008,7,29,4,30,21.400000000000002,0,0,0,0,0,0,54.25
2008,7,29,5,30,20.6,0,0,0,0,0,0,58.370000000000005
2008,7,29,6,30,19.900000000000002,0,0,0,0,0,0,62.550000000000004
2008,7,29,7,30,19.1,0,0,0,0,0,0,66.45
2008,7,29,8,30,18.1,0,0,0,0,0,0,71.45
2008,7,29,9,30,17.1,0,0,0,0,0,0,77.08
2008,7,29,10,30,16.5,0,0,0,0,0,0,81.22
2008,7,29,11,30,16.5,0,0,0,0,0,0,82.61
2008,7,29,12,30,17.7,12,15,126,126,12,15,77.67
2008,7,29,13,30,20.700000000000003,50,204,624,624,50,204,65
2008,7,29,14,30,24.1,69,441,800,800,69,441,45.94
2008,7,29,15,30,26.8,81,665,885,885,81,665,33.37
2008,7,29,16,30,28.5,89,853,932,932,89,853,28.51
2008,7,29,17,30,29.8,95,986,956,956,95,986,25.92
2008,7,29,18,30,30.700000000000003,100,1052,963,763,243,997,24.29
2008,7,29,19,30,31.200000000000003,105,1046,953,953,105,1046,23.25
2008,7,29,20,30,31.3,110,970,927,509,403,876,22.88
2008,7,29,21,30,30.700000000000003,99,834,904,51,403,444,23.93
2008,7,29,22,30,29.400000000000002,94,643,841,684,148,594,26.240000000000002
2008,7,29,23,30,28,84,417,732,576,102,365,28.73
2008,7,30,0,30,26,61,183,518,0,65,65,33.160000000000004
2008,7,30,1,30,24.1,0,0,0,0,0,0,43.800000000000004
2008,7,30,2,30,23.1,0,0,0,0,0,0,49.13
2008,7,30,3,30,22.1,0,0,0,0,0,0,51.94
2008,7,30,4,30,21.200000000000003,0,0,0,0,0,0,53.45
2008,7,30,5,30,20.200000000000003,0,0,0,0,0,0,56.02
2008,7,30,6,30,19.200000000000003,0,0,0,0,0,0,59.67
2008,7,30,7,30,18.6,0,0,0,0,0,0,62.58
2008,7,30,8,30,18.3,0,0,0,0,0,0,64.63
2008,7,30,9,30,18,0,0,0,0,0,0,66.81
2008,7,30,10,30,17.2,0,0,0,0,0,0,70.78
2008,7,30,11,30,16.8,0,0,0,0,0,0,72.06
2008,7,30,12,30,17.8,11,14,99,0,5,5,68.35000000000001
2008,7,30,13,30,20.900000000000002,53,199,596,596,53,199,57.09
2008,7,30,14,30,24.3,72,434,781,781,72,434,44.300000000000004
2008,7,30,15,30,26.700000000000003,84,660,874,874,84,660,37.18
2008,7,30,16,30,28.400000000000002,91,849,927,927,91,849,33.19
2008,7,30,17,30,29.8,95,984,954,954,95,984,29.75
2008,7,30,18,30,30.900000000000002,94,1054,971,971,94,1054,26.900000000000002
2008,7,30,19,30,31.5,94,1052,970,708,292,991,24.91
2008,7,30,20,30,31.6,93,978,953,148,434,571,23.56
2008,7,30,21,30,31.200000000000003,118,830,876,0,108,108,23.17
2008,7,30,22,30,30.1,116,636,797,50,297,330,24.09
2008,7,30,23,30,28.400000000000002,102,410,678,401,177,360,26.64
2008,7,31,0,30,25.8,71,177,452,437,71,173,33.74
2008,7,31,1,30,23.5,0,0,0,0,0,0,50.56
2008,7,31,2,30,22,0,0,0,0,0,0,61.75
2008,7,31,3,30,20.8,0,0,0,0,0,0,69.78
2008,7,31,4,30,19.700000000000003,0,0,0,0,0,0,76.75
2008,7,31,5,30,18.8,0,0,0,0,0,0,83.08
2008,7,31,6,30,18.1,0,0,0,0,0,0,87.59
2008,7,31,7,30,17.5,0,0,0,0,0,0,90.95
2008,7,31,8,30,17.1,0,0,0,0,0,0,92.85000000000001
2008,7,31,9,30,17,0,0,0,0,0,0,92.97
2008,7,31,10,30,16.8,0,0,0,0,0,0,93.67
2008,7,31,11,30,16.8,0,0,0,0,0,0,93.04
2008,7,31,12,30,17.1,11,12,49,0,2,2,91.04
2008,7,31,13,30,18.1,64,188,508,0,8,8,85.38
2008,7,31,14,30,19.3,90,419,711,22,220,230,78.12
2008,7,31,15,30,20.8,103,641,818,818,103,641,68.87
2008,7,31,16,30,22.200000000000003,110,828,878,878,110,828,59.83
2008,7,31,17,30,23.1,115,964,912,912,115,964,54.31
2008,7,31,18,30,23.5,109,1035,936,224,542,764,51.35
2008,7,31,19,30,23.700000000000003,106,1034,940,940,106,1034,49.21
2008,7,31,20,30,23.5,101,964,931,931,101,964,48.410000000000004
2008,7,31,21,30,23.200000000000003,90,832,914,914,90,832,47.910000000000004
2008,7,31,22,30,22.8,81,644,866,1,116,116,48.13
2008,7,31,23,30,22.1,68,421,778,0,36,36,50.08
2008,8,1,0,30,20.700000000000003,50,186,582,95,118,140,59.39
2008,8,1,1,30,19.400000000000002,0,0,0,0,0,0,67.88
2008,8,1,2,30,18.8,0,0,0,0,0,0,69.5
2008,8,1,3,30,18.3,0,0,0,0,0,0,71.26
2008,8,1,4,30,18.1,0,0,0,0,0,0,71.63
2008,8,1,5,30,17.900000000000002,0,0,0,0,0,0,73.08
2008,8,1,6,30,17.7,0,0,0,0,0,0,74.76
2008,8,1,7,30,17.400000000000002,0,0,0,0,0,0,77.18
2008,8,1,8,30,17.1,0,0,0,0,0,0,79.7
2008,8,1,9,30,16.8,0,0,0,0,0,0,82.15
2008,8,1,10,30,16.5,0,0,0,0,0,0,84
2008,8,1,11,30,16.400000000000002,0,0,0,0,0,0,84.79
2008,8,1,12,30,17,10,12,67,0,4,4,81.83
2008,8,1,13,30,18.7,57,190,547,547,57,190,72.03
2008,8,1,14,30,21,78,423,747,747,78,423,57.92
2008,8,1,15,30,23.3,88,647,850,850,88,647,47.7
2008,8,1,16,30,25.1,96,833,902,661,206,746,41.67
2008,8,1,17,30,26.3,102,966,929,9,341,349,38.37
2008,8,1,18,30,26.900000000000002,116,1031,926,9,357,366,36.52
2008,8,1,19,30,27.200000000000003,117,1028,923,122,512,633,34.68
2008,8,1,20,30,27.1,118,956,904,0,220,220,33.5
2008,8,1,21,30,26.6,109,821,877,275,433,656,33.51
2008,8,1,22,30,25.8,98,635,826,1,222,222,34.63
2008,8,1,23,30,24.400000000000002,82,412,729,170,210,287,37.77
2008,8,2,0,30,22.3,58,179,524,0,11,11,49.04
2008,8,2,1,30,20.400000000000002,0,0,0,0,0,0,64.33
2008,8,2,2,30,18.900000000000002,0,0,0,0,0,0,67.79
2008,8,2,3,30,17.6,0,0,0,0,0,0,70.45
2008,8,2,4,30,16.400000000000002,0,0,0,0,0,0,73.91
2008,8,2,5,30,15.600000000000001,0,0,0,0,0,0,77.39
2008,8,2,6,30,15.100000000000001,0,0,0,0,0,0,80.95
2008,8,2,7,30,14.5,0,0,0,0,0,0,85.73
2008,8,2,8,30,13.9,0,0,0,0,0,0,90.52
2008,8,2,9,30,13.4,0,0,0,0,0,0,94.26
2008,8,2,10,30,13.200000000000001,0,0,0,0,0,0,96.22
2008,8,2,11,30,13.3,0,0,0,0,0,0,95.72
2008,8,2,12,30,14.200000000000001,10,12,106,0,5,5,89.93
2008,8,2,13,30,16.3,51,200,621,13,92,95,78.91
2008,8,2,14,30,19.700000000000003,68,440,809,173,219,298,60.15
2008,8,2,15,30,23,77,668,898,898,77,668,42.550000000000004
2008,8,2,16,30,25.200000000000003,83,855,945,945,83,855,34.28
2008,8,2,17,30,26.900000000000002,87,990,971,302,502,782,29.28
2008,8,2,18,30,27.900000000000002,92,1056,976,124,514,636,26.98
2008,8,2,19,30,28.5,92,1054,976,176,518,692,26.02
2008,8,2,20,30,28.8,89,982,965,965,89,982,25.64
2008,8,2,21,30,28.700000000000003,81,846,943,943,81,846,25.51
2008,8,2,22,30,28.200000000000003,71,656,902,148,363,459,25.52
2008,8,2,23,30,26.900000000000002,60,431,824,445,164,364,26.78
2008,8,3,0,30,24.200000000000003,43,192,646,226,110,161,33.07
2008,8,3,1,30,21.8,0,0,0,0,0,0,48.33
2008,8,3,2,30,20.700000000000003,0,0,0,0,0,0,51.160000000000004
2008,8,3,3,30,19.8,0,0,0,0,0,0,53.75
2008,8,3,4,30,18.900000000000002,0,0,0,0,0,0,58.19
2008,8,3,5,30,18,0,0,0,0,0,0,64.15
2008,8,3,6,30,17.1,0,0,0,0,0,0,69.94
2008,8,3,7,30,16.2,0,0,0,0,0,0,75.61
2008,8,3,8,30,15.3,0,0,0,0,0,0,81.24
2008,8,3,9,30,14.4,0,0,0,0,0,0,86.25
2008,8,3,10,30,13.5,0,0,0,0,0,0,89.39
2008,8,3,11,30,12.9,0,0,0,0,0,0,88.67
2008,8,3,12,30,14.200000000000001,0,0,0,0,0,0,77.06
2008,8,3,13,30,17.7,42,205,679,679,42,205,57.84
2008,8,3,14,30,21.5,56,446,848,848,56,446,36.28
2008,8,3,15,30,24.1,65,673,926,926,65,673,27.97
2008,8,3,16,30,26.200000000000003,71,862,969,969,71,862,24.810000000000002
2008,8,3,17,30,27.700000000000003,75,997,993,993,75,997,23.11
2008,8,3,18,30,28.900000000000002,84,1065,994,994,84,1065,21.69
2008,8,3,19,30,29.6,85,1061,990,990,85,1061,20.75
2008,8,3,20,30,29.8,84,986,975,975,84,986,20.3
2008,8,3,21,30,29.6,79,848,950,950,79,848,20.32
2008,8,3,22,30,28.8,73,654,899,109,360,430,21.02
2008,8,3,23,30,27.3,63,426,810,810,63,426,22.76
2008,8,4,0,30,24.400000000000002,45,188,628,182,110,152,27.310000000000002
2008,8,4,1,30,21.6,0,0,0,0,0,0,37.37
2008,8,4,2,30,20.1,0,0,0,0,0,0,40.61
2008,8,4,3,30,19,0,0,0,0,0,0,42.08
2008,8,4,4,30,17.8,0,0,0,0,0,0,44.71
2008,8,4,5,30,16.7,0,0,0,0,0,0,48.52
2008,8,4,6,30,15.700000000000001,0,0,0,0,0,0,53.47
2008,8,4,7,30,14.8,0,0,0,0,0,0,59.15
2008,8,4,8,30,14,0,0,0,0,0,0,65.06
2008,8,4,9,30,13.3,0,0,0,0,0,0,70.58
2008,8,4,10,30,12.600000000000001,0,0,0,0,0,0,75.64
2008,8,4,11,30,12.3,0,0,0,0,0,0,77.47
2008,8,4,12,30,13.9,0,0,0,0,0,0,68.2
2008,8,4,13,30,17.7,44,203,669,669,44,203,51.77
2008,8,4,14,30,21.900000000000002,60,447,844,844,60,447,30.44
2008,8,4,15,30,24.8,70,673,919,919,70,673,21.39
2008,8,4,16,30,26.700000000000003,78,863,962,962,78,863,19.77
2008,8,4,17,30,28.200000000000003,83,998,985,985,83,998,19.38
2008,8,4,18,30,29.3,85,1065,993,993,85,1065,19.06
2008,8,4,19,30,29.900000000000002,86,1063,991,991,86,1063,18.77
2008,8,4,20,30,30.200000000000003,85,989,979,979,85,989,18.46
2008,8,4,21,30,30,79,849,953,125,434,535,18.48
2008,8,4,22,30,29.200000000000003,73,657,905,110,361,432,19.06
2008,8,4,23,30,27.700000000000003,62,427,817,10,191,196,20.55
2008,8,5,0,30,24.5,45,187,630,0,41,41,25.77
2008,8,5,1,30,21.5,0,0,0,0,0,0,39.15
2008,8,5,2,30,20.200000000000003,0,0,0,0,0,0,41.75
2008,8,5,3,30,19.200000000000003,0,0,0,0,0,0,44.49
2008,8,5,4,30,18.2,0,0,0,0,0,0,48.660000000000004
2008,8,5,5,30,17.2,0,0,0,0,0,0,53.52
2008,8,5,6,30,16.400000000000002,0,0,0,0,0,0,58.550000000000004
2008,8,5,7,30,15.9,0,0,0,0,0,0,63.36
2008,8,5,8,30,15.4,0,0,0,0,0,0,68.74
2008,8,5,9,30,14.8,0,0,0,0,0,0,74.35000000000001
2008,8,5,10,30,14.100000000000001,0,0,0,0,0,0,79.51
2008,8,5,11,30,13.600000000000001,0,0,0,0,0,0,82.82000000000001
2008,8,5,12,30,14.9,0,0,0,0,0,0,75.94
2008,8,5,13,30,18.2,49,196,619,619,49,196,58.99
2008,8,5,14,30,21.700000000000003,68,434,801,801,68,434,42.43
2008,8,5,15,30,24.400000000000002,81,660,885,885,81,660,35.69
2008,8,5,16,30,26.3,90,849,930,930,90,849,32.01
2008,8,5,17,30,27.5,97,983,954,954,97,983,29.96
2008,8,5,18,30,28.1,106,1047,954,6,440,445,28.77
2008,8,5,19,30,28.400000000000002,111,1044,948,154,499,650,27.91
2008,8,5,20,30,28.3,111,970,930,159,438,585,27.69
2008,8,5,21,30,27.8,103,832,904,434,319,670,28.17
2008,8,5,22,30,27.200000000000003,91,641,853,301,287,481,28.78
2008,8,5,23,30,26.1,76,414,761,467,165,373,30.02
2008,8,6,0,30,23.900000000000002,53,177,556,556,53,177,34.65
2008,8,6,1,30,21.900000000000002,0,0,0,0,0,0,46.56
2008,8,6,2,30,20.8,0,0,0,0,0,0,50.52
2008,8,6,3,30,19.8,0,0,0,0,0,0,53.49
2008,8,6,4,30,18.6,0,0,0,0,0,0,57.63
2008,8,6,5,30,17.3,0,0,0,0,0,0,62.89
2008,8,6,6,30,16.1,0,0,0,0,0,0,69.81
2008,8,6,7,30,15,0,0,0,0,0,0,78.43
2008,8,6,8,30,14.200000000000001,0,0,0,0,0,0,86.04
2008,8,6,9,30,13.700000000000001,0,0,0,0,0,0,90.87
2008,8,6,10,30,13.4,0,0,0,0,0,0,93.38
2008,8,6,11,30,13.3,0,0,0,0,0,0,93.57000000000001
2008,8,6,12,30,14.200000000000001,0,0,0,0,0,0,87.13
2008,8,6,13,30,16.8,51,192,600,13,117,120,73.71000000000001
2008,8,6,14,30,20.6,71,430,786,0,68,68,52.43
2008,8,6,15,30,23.700000000000003,84,657,875,146,369,465,38.34
2008,8,6,16,30,25.700000000000003,91,846,926,926,91,846,33.83
2008,8,6,17,30,26.900000000000002,95,982,955,955,95,982,31.38
2008,8,6,18,30,27.6,93,1052,972,764,243,996,29.580000000000002
2008,8,6,19,30,28.1,92,1050,973,973,92,1050,28.04
2008,8,6,20,30,28.3,87,975,962,186,505,677,27.25
2008,8,6,21,30,28,83,837,935,55,356,400,27.3
2008,8,6,22,30,27.200000000000003,75,646,888,337,267,483,28.400000000000002
2008,8,6,23,30,26.1,63,417,799,374,197,363,30.34
2008,8,7,0,30,24.200000000000003,45,179,608,608,45,179,34.800000000000004
2008,8,7,1,30,22.6,0,0,0,0,0,0,43.67
2008,8,7,2,30,21.700000000000003,0,0,0,0,0,0,46.92
2008,8,7,3,30,20.6,0,0,0,0,0,0,51.65
2008,8,7,4,30,19.400000000000002,0,0,0,0,0,0,58.08
2008,8,7,5,30,18.1,0,0,0,0,0,0,66.24
2008,8,7,6,30,16.900000000000002,0,0,0,0,0,0,74.60000000000001
2008,8,7,7,30,15.9,0,0,0,0,0,0,82.18
2008,8,7,8,30,15.200000000000001,0,0,0,0,0,0,87.49
2008,8,7,9,30,14.8,0,0,0,0,0,0,89.96000000000001
2008,8,7,10,30,14.5,0,0,0,0,0,0,90.67
2008,8,7,11,30,14.200000000000001,0,0,0,0,0,0,90.75
2008,8,7,12,30,14.8,0,0,0,0,0,0,85.55
2008,8,7,13,30,16.8,47,191,615,615,47,191,74
2008,8,7,14,30,19.8,64,428,797,797,64,428,58.86
2008,8,7,15,30,22.700000000000003,75,653,884,884,75,653,46.37
2008,8,7,16,30,24.700000000000003,83,839,928,928,83,839,39.88
2008,8,7,17,30,25.8,89,972,952,952,89,972,36.730000000000004
2008,8,7,18,30,26.200000000000003,110,1032,936,936,110,1032,35.62
2008,8,7,19,30,26.3,113,1029,932,932,113,1029,35.51
2008,8,7,20,30,26,112,955,915,149,483,620,36.32
2008,8,7,21,30,25.400000000000002,103,816,886,99,403,482,38.02
2008,8,7,22,30,24.6,94,626,829,180,355,471,40.480000000000004
2008,8,7,23,30,23.5,80,399,724,724,80,399,44.08
2008,8,8,0,30,22,55,166,506,5,99,100,51.27
2008,8,8,1,30,20.6,0,0,0,0,0,0,64.07000000000001
2008,8,8,2,30,19.8,0,0,0,0,0,0,68.56
2008,8,8,3,30,19,0,0,0,0,0,0,72.09
2008,8,8,4,30,18.3,0,0,0,0,0,0,75.76
2008,8,8,5,30,17.400000000000002,0,0,0,0,0,0,80.98
2008,8,8,6,30,16.6,0,0,0,0,0,0,85.24
2008,8,8,7,30,15.9,0,0,0,0,0,0,88.82000000000001
2008,8,8,8,30,15.3,0,0,0,0,0,0,91.78
2008,8,8,9,30,14.8,0,0,0,0,0,0,93.91
2008,8,8,10,30,14.4,0,0,0,0,0,0,95.35000000000001
2008,8,8,11,30,14.5,0,0,0,0,0,0,94.16
2008,8,8,12,30,15.600000000000001,0,0,0,0,0,0,88.09
2008,8,8,13,30,17.900000000000002,50,185,576,0,62,62,78.3
2008,8,8,14,30,20.5,66,423,785,2,159,160,65.39
2008,8,8,15,30,22.400000000000002,75,648,878,374,302,546,53.620000000000005
2008,8,8,16,30,23.5,84,834,922,292,423,660,47.300000000000004
2008,8,8,17,30,24.200000000000003,90,965,944,360,462,796,44.06
2008,8,8,18,30,24.5,95,1033,953,629,266,885,42.65
2008,8,8,19,30,24.3,97,1030,950,408,374,775,42.99
2008,8,8,20,30,23.700000000000003,96,955,933,102,444,538,45.07
2008,8,8,21,30,23,85,819,914,104,372,456,47.96
2008,8,8,22,30,22.1,79,629,859,382,238,482,51.83
2008,8,8,23,30,21.200000000000003,68,402,759,246,192,300,56.65
2008,8,9,0,30,20,48,168,554,0,30,30,65.65
2008,8,9,1,30,19,0,0,0,0,0,0,76.31
2008,8,9,2,30,18.2,0,0,0,0,0,0,80.83
2008,8,9,3,30,17.5,0,0,0,0,0,0,83.22
2008,8,9,4,30,16.8,0,0,0,0,0,0,86.13
2008,8,9,5,30,16.3,0,0,0,0,0,0,88.42
2008,8,9,6,30,15.9,0,0,0,0,0,0,90.08
2008,8,9,7,30,15.5,0,0,0,0,0,0,91.67
2008,8,9,8,30,15.100000000000001,0,0,0,0,0,0,93.64
2008,8,9,9,30,14.600000000000001,0,0,0,0,0,0,95.56
2008,8,9,10,30,14,0,0,0,0,0,0,97.43
2008,8,9,11,30,13.8,0,0,0,0,0,0,96.73
2008,8,9,12,30,14.8,0,0,0,0,0,0,90.05
2008,8,9,13,30,17.5,45,191,630,630,45,191,77.97
2008,8,9,14,30,21.1,61,430,813,813,61,430,58.120000000000005
2008,8,9,15,30,24.200000000000003,72,658,900,900,72,658,39.15
2008,8,9,16,30,26.3,78,847,946,3,342,345,31.39
2008,8,9,17,30,27.8,83,982,970,51,465,512,27.36
2008,8,9,18,30,28.900000000000002,88,1050,978,1,339,340,24.5
2008,8,9,19,30,29.6,89,1049,979,0,202,203,22.51
2008,8,9,20,30,29.900000000000002,88,975,965,0,162,162,21.36
2008,8,9,21,30,29.700000000000003,82,836,939,939,82,836,20.94
2008,8,9,22,30,28.900000000000002,76,642,888,888,76,642,21.46
2008,8,9,23,30,27.400000000000002,65,412,794,794,65,412,23.39
2008,8,10,0,30,24.5,45,173,594,7,100,101,34.05
2008,8,10,1,30,22,0,0,0,0,0,0,49.97
2008,8,10,2,30,20.8,0,0,0,0,0,0,53.11
2008,8,10,3,30,19.8,0,0,0,0,0,0,57.480000000000004
2008,8,10,4,30,18.900000000000002,0,0,0,0,0,0,62.43
2008,8,10,5,30,18.1,0,0,0,0,0,0,67.5
2008,8,10,6,30,17.3,0,0,0,0,0,0,73.62
2008,8,10,7,30,16.6,0,0,0,0,0,0,80.10000000000001
2008,8,10,8,30,16.2,0,0,0,0,0,0,85.11
2008,8,10,9,30,15.8,0,0,0,0,0,0,89.15
2008,8,10,10,30,15.5,0,0,0,0,0,0,91.29
2008,8,10,11,30,15.3,0,0,0,0,0,0,92.24
2008,8,10,12,30,16.400000000000002,0,0,0,0,0,0,85.67
2008,8,10,13,30,19.5,45,189,624,624,45,189,71.16
2008,8,10,14,30,22.900000000000002,61,429,813,813,61,429,54.2
2008,8,10,15,30,25.6,71,656,899,899,71,656,39.86
2008,8,10,16,30,27.5,78,847,946,946,78,847,32.45
2008,8,10,17,30,28.6,85,981,968,968,85,981,29.580000000000002
2008,8,10,18,30,29.200000000000003,96,1045,966,966,96,1045,28.3
2008,8,10,19,30,29.5,97,1042,963,732,269,987,27.72
2008,8,10,20,30,29.5,96,967,948,948,96,967,27.76
2008,8,10,21,30,29.1,89,828,923,923,89,828,28.28
2008,8,10,22,30,28.3,82,633,866,327,257,465,29.18
2008,8,10,23,30,27,70,404,767,1,74,75,31.37
2008,8,11,0,30,25.1,48,166,558,10,84,86,38.17
2008,8,11,1,30,23.1,0,0,0,0,0,0,55.78
2008,8,11,2,30,21.700000000000003,0,0,0,0,0,0,63.42
2008,8,11,3,30,20.6,0,0,0,0,0,0,65.5
2008,8,11,4,30,19.6,0,0,0,0,0,0,68.8
2008,8,11,5,30,18.6,0,0,0,0,0,0,73.71000000000001
2008,8,11,6,30,17.8,0,0,0,0,0,0,78.60000000000001
2008,8,11,7,30,17,0,0,0,0,0,0,83.3
2008,8,11,8,30,16.2,0,0,0,0,0,0,87.54
2008,8,11,9,30,15.600000000000001,0,0,0,0,0,0,90.45
2008,8,11,10,30,15.3,0,0,0,0,0,0,91.60000000000001
2008,8,11,11,30,15.200000000000001,0,0,0,0,0,0,91.43
2008,8,11,12,30,16.5,0,0,0,0,0,0,83.58
2008,8,11,13,30,19.8,47,186,604,604,47,186,68.78
2008,8,11,14,30,23.5,65,424,794,794,65,424,51.31
2008,8,11,15,30,25.8,76,650,883,883,76,650,42.03
2008,8,11,16,30,27.400000000000002,84,840,931,931,84,840,36.53
2008,8,11,17,30,28.700000000000003,92,974,953,953,92,974,31.93
2008,8,11,18,30,29.8,95,1044,966,966,95,1044,28.55
2008,8,11,19,30,30.5,97,1040,963,963,97,1040,26.330000000000002
2008,8,11,20,30,30.8,97,967,949,318,487,779,24.97
2008,8,11,21,30,30.700000000000003,90,828,922,585,232,700,24.52
2008,8,11,22,30,30.1,83,633,868,868,83,633,24.900000000000002
2008,8,11,23,30,28.6,70,404,770,770,70,404,26.92
2008,8,12,0,30,26.1,48,165,560,457,38,134,36.87
2008,8,12,1,30,24.1,0,0,0,0,0,0,50
2008,8,12,2,30,23.1,0,0,0,0,0,0,52.02
2008,8,12,3,30,22.200000000000003,0,0,0,0,0,0,54.17
2008,8,12,4,30,21.3,0,0,0,0,0,0,57.300000000000004
2008,8,12,5,30,20.400000000000002,0,0,0,0,0,0,60.64
2008,8,12,6,30,19.400000000000002,0,0,0,0,0,0,63.940000000000005
2008,8,12,7,30,18.400000000000002,0,0,0,0,0,0,66.78
2008,8,12,8,30,17.8,0,0,0,0,0,0,68.98
2008,8,12,9,30,17.2,0,0,0,0,0,0,72.42
2008,8,12,10,30,16.6,0,0,0,0,0,0,76.39
2008,8,12,11,30,16.3,0,0,0,0,0,0,80.22
2008,8,12,12,30,17.2,0,0,0,0,0,0,78.68
2008,8,12,13,30,19.8,48,186,600,50,121,133,71.33
2008,8,12,14,30,23.200000000000003,67,426,796,188,240,324,55.04
2008,8,12,15,30,26.3,77,654,887,887,77,654,36.410000000000004
2008,8,12,16,30,28.3,84,846,939,689,266,825,30.330000000000002
2008,8,12,17,30,29.5,90,981,964,964,90,981,27.96
2008,8,12,18,30,30.400000000000002,99,1047,966,966,99,1047,25.91
2008,8,12,19,30,31,103,1043,960,960,103,1043,24.67
2008,8,12,20,30,31.1,103,964,940,653,318,916,24.18
2008,8,12,21,30,30.700000000000003,96,824,912,615,222,713,24.39
2008,8,12,22,30,29.700000000000003,89,627,851,0,66,66,25.76
2008,8,12,23,30,28.200000000000003,75,397,748,748,75,397,28.48
2008,8,13,0,30,25.8,51,160,528,113,96,120,36.69
2008,8,13,1,30,23.900000000000002,0,0,0,0,0,0,50.75
2008,8,13,2,30,23,0,0,0,0,0,0,55.63
2008,8,13,3,30,22.3,0,0,0,0,0,0,59.42
2008,8,13,4,30,21.5,0,0,0,0,0,0,63.980000000000004
2008,8,13,5,30,20.6,0,0,0,0,0,0,68.29
2008,8,13,6,30,19.700000000000003,0,0,0,0,0,0,71.58
2008,8,13,7,30,18.8,0,0,0,0,0,0,75
2008,8,13,8,30,17.900000000000002,0,0,0,0,0,0,79.26
2008,8,13,9,30,17.1,0,0,0,0,0,0,83.83
2008,8,13,10,30,16.6,0,0,0,0,0,0,87.51
2008,8,13,11,30,16.400000000000002,0,0,0,0,0,0,89.65
2008,8,13,12,30,17.400000000000002,0,0,0,0,0,0,85
2008,8,13,13,30,19.900000000000002,52,180,559,559,52,180,74.95
2008,8,13,14,30,22.900000000000002,75,417,759,759,75,417,59.76
2008,8,13,15,30,25.3,89,643,853,853,89,643,43.77
2008,8,13,16,30,26.900000000000002,99,832,904,904,99,832,36.980000000000004
2008,8,13,17,30,27.900000000000002,107,965,929,929,107,965,33.82
2008,8,13,18,30,28.5,104,1035,949,949,104,1035,31.89
2008,8,13,19,30,28.6,108,1031,943,943,108,1031,31.16
2008,8,13,20,30,28.400000000000002,107,955,927,927,107,955,31.29
2008,8,13,21,30,27.900000000000002,108,810,882,114,357,448,32.22
2008,8,13,22,30,26.8,103,614,811,7,195,199,34.7
2008,8,13,23,30,25.1,89,383,686,686,89,383,39.93
2008,8,14,0,30,23,60,149,431,85,105,122,50.46
2008,8,14,1,30,21.400000000000002,0,0,0,0,0,0,61.13
2008,8,14,2,30,20.400000000000002,0,0,0,0,0,0,68.73
2008,8,14,3,30,19.6,0,0,0,0,0,0,75.16
2008,8,14,4,30,19,0,0,0,0,0,0,79.66
2008,8,14,5,30,18.400000000000002,0,0,0,0,0,0,81.58
2008,8,14,6,30,18,0,0,0,0,0,0,83.28
2008,8,14,7,30,17.5,0,0,0,0,0,0,85.74
2008,8,14,8,30,17.2,0,0,0,0,0,0,87.57000000000001
2008,8,14,9,30,17,0,0,0,0,0,0,89.27
2008,8,14,10,30,16.8,0,0,0,0,0,0,90.61
2008,8,14,11,30,16.7,0,0,0,0,0,0,90.57000000000001
2008,8,14,12,30,16.8,0,0,0,0,0,0,88.85000000000001
2008,8,14,13,30,17.7,73,165,405,0,11,11,81.85000000000001
2008,8,14,14,30,19.400000000000002,107,396,643,1,150,151,66.26
2008,8,14,15,30,21.6,124,623,771,295,294,485,49.88
2008,8,14,16,30,23.8,130,815,846,518,285,704,39.15
2008,8,14,17,30,25.400000000000002,134,951,886,292,503,772,34.76
2008,8,14,18,30,26.6,131,1024,911,312,529,835,32.26
2008,8,14,19,30,27.5,129,1020,912,912,129,1020,30.52
2008,8,14,20,30,27.900000000000002,124,948,902,902,124,948,29.61
2008,8,14,21,30,27.8,106,811,887,129,434,537,29.580000000000002
2008,8,14,22,30,27.200000000000003,95,617,831,477,230,530,30.34
2008,8,14,23,30,26,79,388,725,238,217,318,32.67
2008,8,15,0,30,23.900000000000002,53,152,495,21,104,108,43.160000000000004
2008,8,15,1,30,22.1,0,0,0,0,0,0,57.84
2008,8,15,2,30,21.200000000000003,0,0,0,0,0,0,60.61
2008,8,15,3,30,20.400000000000002,0,0,0,0,0,0,63.870000000000005
2008,8,15,4,30,19.5,0,0,0,0,0,0,67.87
2008,8,15,5,30,18.5,0,0,0,0,0,0,72.55
2008,8,15,6,30,17.3,0,0,0,0,0,0,78.59
2008,8,15,7,30,16.5,0,0,0,0,0,0,83.51
2008,8,15,8,30,16,0,0,0,0,0,0,87.75
2008,8,15,9,30,15.600000000000001,0,0,0,0,0,0,91.54
2008,8,15,10,30,15.4,0,0,0,0,0,0,93.67
2008,8,15,11,30,15.3,0,0,0,0,0,0,94.8
2008,8,15,12,30,16.3,0,0,0,0,0,0,89.24
2008,8,15,13,30,18.900000000000002,51,178,562,98,118,140,78.53
2008,8,15,14,30,22,72,415,765,765,72,415,62.88
2008,8,15,15,30,24.700000000000003,86,641,857,857,86,641,48.89
2008,8,15,16,30,26.400000000000002,97,830,905,905,97,830,42.54
2008,8,15,17,30,27.200000000000003,107,961,926,596,347,897,39.99
2008,8,15,18,30,27.3,116,1024,928,22,471,492,39.37
2008,8,15,19,30,26.6,121,1016,918,191,529,715,41.45
2008,8,15,20,30,25.700000000000003,119,939,899,141,476,605,44.94
2008,8,15,21,30,24.6,101,803,885,523,269,683,49.49
2008,8,15,22,30,23.400000000000002,87,611,837,492,201,510,54.24
2008,8,15,23,30,22.200000000000003,68,386,749,0,7,7,58.92
2008,8,16,0,30,20.400000000000002,44,153,547,0,7,7,67.03
2008,8,16,1,30,18.6,0,0,0,0,0,0,78.7
2008,8,16,2,30,17.7,0,0,0,0,0,0,82.53
2008,8,16,3,30,16.900000000000002,0,0,0,0,0,0,84.66
2008,8,16,4,30,16.3,0,0,0,0,0,0,85.31
2008,8,16,5,30,15.8,0,0,0,0,0,0,85.38
2008,8,16,6,30,15.3,0,0,0,0,0,0,85.27
2008,8,16,7,30,14.8,0,0,0,0,0,0,85.76
2008,8,16,8,30,14.3,0,0,0,0,0,0,86.66
2008,8,16,9,30,13.9,0,0,0,0,0,0,87.32000000000001
2008,8,16,10,30,13.4,0,0,0,0,0,0,88.68
2008,8,16,11,30,13.200000000000001,0,0,0,0,0,0,88.55
2008,8,16,12,30,14.4,0,0,0,0,0,0,82.10000000000001
2008,8,16,13,30,17.3,53,178,561,76,119,136,73.45
2008,8,16,14,30,20.900000000000002,75,420,771,284,221,348,57.19
2008,8,16,15,30,24.3,88,649,868,254,348,512,39.63
2008,8,16,16,30,26.700000000000003,96,840,920,404,392,718,30.52
2008,8,16,17,30,28.400000000000002,101,973,946,333,486,794,27.17
2008,8,16,18,30,29.400000000000002,103,1042,960,177,522,696,26.12
2008,8,16,19,30,29.900000000000002,104,1035,955,122,510,629,25.93
2008,8,16,20,30,29.8,102,956,936,936,102,956,26.66
2008,8,16,21,30,29.200000000000003,97,813,905,905,97,813,28.080000000000002
2008,8,16,22,30,28.3,87,617,848,85,340,394,30.080000000000002
2008,8,16,23,30,26.700000000000003,72,386,745,534,146,371,34.08
2008,8,17,0,30,24.400000000000002,47,149,517,3,55,56,44.76
2008,8,17,1,30,22.5,0,0,0,0,0,0,58.95
2008,8,17,2,30,21.5,0,0,0,0,0,0,64.74
2008,8,17,3,30,20.6,0,0,0,0,0,0,70.01
2008,8,17,4,30,19.6,0,0,0,0,0,0,74.96000000000001
2008,8,17,5,30,18.7,0,0,0,0,0,0,78.03
2008,8,17,6,30,17.6,0,0,0,0,0,0,80.96000000000001
2008,8,17,7,30,16.8,0,0,0,0,0,0,83.35000000000001
2008,8,17,8,30,16.2,0,0,0,0,0,0,87.5
2008,8,17,9,30,15.600000000000001,0,0,0,0,0,0,91.8
2008,8,17,10,30,15.100000000000001,0,0,0,0,0,0,94.01
2008,8,17,11,30,14.8,0,0,0,0,0,0,94.26
2008,8,17,12,30,15.3,0,0,0,0,0,0,89.91
2008,8,17,13,30,17.400000000000002,49,178,577,4,95,96,78.93
2008,8,17,14,30,20.5,69,419,783,0,140,140,62.25
2008,8,17,15,30,23.6,81,648,877,68,335,379,44.660000000000004
2008,8,17,16,30,26.1,89,838,927,174,452,593,34.43
2008,8,17,17,30,27.900000000000002,94,973,954,408,449,825,29.330000000000002
2008,8,17,18,30,29.200000000000003,98,1040,964,964,98,1040,26.67
2008,8,17,19,30,29.900000000000002,98,1036,964,964,98,1036,25.27
2008,8,17,20,30,30.200000000000003,95,959,950,950,95,959,24.45
2008,8,17,21,30,30.1,92,814,915,915,92,814,24.23
2008,8,17,22,30,29.400000000000002,84,617,857,7,267,271,24.94
2008,8,17,23,30,27.8,72,385,748,748,72,385,27.48
2008,8,18,0,30,25.400000000000002,48,146,509,293,88,144,38
2008,8,18,1,30,23.400000000000002,0,0,0,0,0,0,54.15
2008,8,18,2,30,22.400000000000002,0,0,0,0,0,0,60.22
2008,8,18,3,30,21.5,0,0,0,0,0,0,66.8
2008,8,18,4,30,20.6,0,0,0,0,0,0,72.38
2008,8,18,5,30,19.6,0,0,0,0,0,0,76.67
2008,8,18,6,30,18.6,0,0,0,0,0,0,80.91
2008,8,18,7,30,18,0,0,0,0,0,0,84.12
2008,8,18,8,30,17.3,0,0,0,0,0,0,87.81
2008,8,18,9,30,16.7,0,0,0,0,0,0,89.92
2008,8,18,10,30,16.3,0,0,0,0,0,0,91.42
2008,8,18,11,30,16.1,0,0,0,0,0,0,91.93
2008,8,18,12,30,16.900000000000002,0,0,0,0,0,0,87.45
2008,8,18,13,30,19.1,48,174,570,280,94,156,78.75
2008,8,18,14,30,21.3,69,410,766,283,185,310,69.48
2008,8,18,15,30,23.1,82,634,856,373,239,480,60.120000000000005
2008,8,18,16,30,24.200000000000003,93,820,901,901,93,820,53.82
2008,8,18,17,30,24.6,103,949,920,920,103,949,50.63
2008,8,18,18,30,24.400000000000002,103,1017,937,937,103,1017,50.33
2008,8,18,19,30,23.8,105,1010,931,434,368,790,52.06
2008,8,18,20,30,23.3,102,934,916,542,266,758,54.28
2008,8,18,21,30,22.8,95,794,886,2,182,183,56.84
2008,8,18,22,30,22.200000000000003,86,601,830,86,273,326,59.78
2008,8,18,23,30,21.3,70,373,726,4,109,111,64.9
2008,8,19,0,30,20.1,45,141,500,7,70,71,74.58
2008,8,19,1,30,19,0,0,0,0,0,0,83.38
2008,8,19,2,30,18.400000000000002,0,0,0,0,0,0,87.04
2008,8,19,3,30,17.8,0,0,0,0,0,0,90.51
2008,8,19,4,30,17.3,0,0,0,0,0,0,93.26
2008,8,19,5,30,17,0,0,0,0,0,0,94.49
2008,8,19,6,30,16.8,0,0,0,0,0,0,95.21000000000001
2008,8,19,7,30,16.6,0,0,0,0,0,0,95.46000000000001
2008,8,19,8,30,16.400000000000002,0,0,0,0,0,0,95.3
2008,8,19,9,30,16.1,0,0,0,0,0,0,95.91
2008,8,19,10,30,15.9,0,0,0,0,0,0,95.65
2008,8,19,11,30,15.700000000000001,0,0,0,0,0,0,95.37
2008,8,19,12,30,16.2,0,0,0,0,0,0,91.57000000000001
2008,8,19,13,30,17.7,48,172,564,4,59,60,85.16
2008,8,19,14,30,19.5,69,409,765,5,173,175,76.08
2008,8,19,15,30,21.5,80,635,862,15,285,295,64.4
2008,8,19,16,30,23.200000000000003,89,823,910,3,325,327,53.910000000000004
2008,8,19,17,30,24.6,98,957,934,36,448,482,46.58
2008,8,19,18,30,25.5,107,1022,938,286,435,714,42
2008,8,19,19,30,26.1,109,1016,935,1,282,282,39.58
2008,8,19,20,30,26.1,107,939,918,23,389,410,38.84
2008,8,19,21,30,25.700000000000003,101,797,885,411,297,620,39.160000000000004
2008,8,19,22,30,24.8,91,602,826,251,255,410,40.69
2008,8,19,23,30,23.400000000000002,74,373,722,362,159,309,44.15
2008,8,20,0,30,21.400000000000002,46,139,497,22,84,88,53.44
2008,8,20,1,30,19.700000000000003,0,0,0,0,0,0,63.81
2008,8,20,2,30,18.8,0,0,0,0,0,0,67.49
2008,8,20,3,30,18,0,0,0,0,0,0,71.78
2008,8,20,4,30,17.400000000000002,0,0,0,0,0,0,75.77
2008,8,20,5,30,16.8,0,0,0,0,0,0,80.33
2008,8,20,6,30,16.1,0,0,0,0,0,0,85.84
2008,8,20,7,30,15.5,0,0,0,0,0,0,90.79
2008,8,20,8,30,14.9,0,0,0,0,0,0,94.93
2008,8,20,9,30,14.4,0,0,0,0,0,0,98
2008,8,20,10,30,14.200000000000001,0,0,0,0,0,0,98.91
2008,8,20,11,30,14.3,0,0,0,0,0,0,97.83
2008,8,20,12,30,15.4,0,0,0,0,0,0,91.38
2008,8,20,13,30,17.5,49,171,555,555,49,171,82.71000000000001
2008,8,20,14,30,19.8,68,410,772,68,240,271,70.8
2008,8,20,15,30,21.8,78,637,869,159,354,456,58.63
2008,8,20,16,30,23.400000000000002,87,825,917,158,439,567,49.72
2008,8,20,17,30,24.700000000000003,91,959,945,200,498,682,44.97
2008,8,20,18,30,26,92,1028,961,236,527,757,41.35
2008,8,20,19,30,26.700000000000003,91,1023,961,961,91,1023,39.25
2008,8,20,20,30,26.700000000000003,87,946,949,0,262,263,38.88
2008,8,20,21,30,26.3,95,797,895,895,95,797,39.68
2008,8,20,22,30,25.5,87,601,834,834,87,601,41.800000000000004
2008,8,20,23,30,24.3,73,370,722,527,141,357,45.33
2008,8,21,0,30,22.6,48,135,472,9,77,78,54.68
2008,8,21,1,30,21.3,0,0,0,0,0,0,68.64
2008,8,21,2,30,20.6,0,0,0,0,0,0,71.78
2008,8,21,3,30,19.8,0,0,0,0,0,0,75.26
2008,8,21,4,30,19.1,0,0,0,0,0,0,77.99
2008,8,21,5,30,18.400000000000002,0,0,0,0,0,0,80.75
2008,8,21,6,30,17.7,0,0,0,0,0,0,84.27
2008,8,21,7,30,16.900000000000002,0,0,0,0,0,0,88.62
2008,8,21,8,30,16.2,0,0,0,0,0,0,91.91
2008,8,21,9,30,15.8,0,0,0,0,0,0,93.41
2008,8,21,10,30,15.600000000000001,0,0,0,0,0,0,94.06
2008,8,21,11,30,15.4,0,0,0,0,0,0,94.32000000000001
2008,8,21,12,30,15.5,0,0,0,0,0,0,91.92
2008,8,21,13,30,16.6,52,168,535,38,97,106,84.51
2008,8,21,14,30,18.8,73,407,754,0,49,49,73.52
2008,8,21,15,30,21.5,83,635,861,0,112,112,61.15
2008,8,21,16,30,23.5,87,826,918,2,318,320,51.85
2008,8,21,17,30,24.700000000000003,91,958,944,0,253,253,46.88
2008,8,21,18,30,25.200000000000003,102,1020,943,7,427,434,44.25
2008,8,21,19,30,25,104,1013,938,74,482,554,43.96
2008,8,21,20,30,24.3,101,934,922,292,475,739,45.86
2008,8,21,21,30,23.400000000000002,95,790,888,2,293,294,49.7
2008,8,21,22,30,22.1,86,592,825,1,193,193,55.410000000000004
2008,8,21,23,30,20.700000000000003,73,362,707,707,73,362,62.95
2008,8,22,0,30,19.400000000000002,48,129,446,2,49,50,71.86
2008,8,22,1,30,18.400000000000002,0,0,0,0,0,0,79.66
2008,8,22,2,30,17.900000000000002,0,0,0,0,0,0,84.16
2008,8,22,3,30,17.6,0,0,0,0,0,0,86.88
2008,8,22,4,30,17.400000000000002,0,0,0,0,0,0,88.82000000000001
2008,8,22,5,30,17.3,0,0,0,0,0,0,89.86
2008,8,22,6,30,17.1,0,0,0,0,0,0,91.12
2008,8,22,7,30,16.7,0,0,0,0,0,0,93.56
2008,8,22,8,30,16.2,0,0,0,0,0,0,94.99
2008,8,22,9,30,15.700000000000001,0,0,0,0,0,0,96.12
2008,8,22,10,30,15.3,0,0,0,0,0,0,96.42
2008,8,22,11,30,15,0,0,0,0,0,0,96.13
2008,8,22,12,30,15.600000000000001,0,0,0,0,0,0,91.27
2008,8,22,13,30,17.3,48,169,556,556,48,169,83.29
2008,8,22,14,30,19.6,67,407,770,770,67,407,71.23
2008,8,22,15,30,22.200000000000003,78,634,867,867,78,634,56.57
2008,8,22,16,30,24.200000000000003,83,823,921,134,426,533,47.01
2008,8,22,17,30,25.5,86,957,950,950,86,957,42.26
2008,8,22,18,30,26.200000000000003,86,1023,964,964,86,1023,40.21
2008,8,22,19,30,26.3,85,1016,962,962,85,1016,40.160000000000004
2008,8,22,20,30,26,83,938,949,1,293,294,41.38
2008,8,22,21,30,25.3,88,790,900,261,327,531,43.660000000000004
2008,8,22,22,30,24.200000000000003,79,595,844,677,125,539,47.45
2008,8,22,23,30,22.8,66,364,734,555,118,343,53.15
2008,8,23,0,30,21.200000000000003,43,130,488,49,90,98,63.59
2008,8,23,1,30,20,0,0,0,0,0,0,75.9
2008,8,23,2,30,19.3,0,0,0,0,0,0,78.76
2008,8,23,3,30,18.8,0,0,0,0,0,0,82.21000000000001
2008,8,23,4,30,18.400000000000002,0,0,0,0,0,0,84.92
2008,8,23,5,30,18,0,0,0,0,0,0,87.84
2008,8,23,6,30,17.6,0,0,0,0,0,0,91.53
2008,8,23,7,30,17.1,0,0,0,0,0,0,93.32000000000001
2008,8,23,8,30,16.7,0,0,0,0,0,0,92.93
2008,8,23,9,30,16.2,0,0,0,0,0,0,94.68
2008,8,23,10,30,15.700000000000001,0,0,0,0,0,0,96.38
2008,8,23,11,30,15.5,0,0,0,0,0,0,96.49000000000001
2008,8,23,12,30,16.2,0,0,0,0,0,0,91.68
2008,8,23,13,30,18.1,50,165,532,1,91,91,84.17
2008,8,23,14,30,20.200000000000003,73,401,744,110,239,288,72.9
2008,8,23,15,30,21.900000000000002,89,625,836,836,89,625,59.93
2008,8,23,16,30,23,99,812,889,609,292,781,52.89
2008,8,23,17,30,23.8,102,945,921,344,460,775,49.230000000000004
2008,8,23,18,30,24.5,103,1011,935,568,372,923,46.96
2008,8,23,19,30,24.8,105,1005,932,932,105,1005,46.11
2008,8,23,20,30,24.700000000000003,104,924,911,911,104,924,46.61
2008,8,23,21,30,24.1,102,780,871,871,102,780,48.52
2008,8,23,22,30,23,94,582,801,613,187,560,52.5
2008,8,23,23,30,21.700000000000003,80,352,678,416,150,318,58.25
2008,8,24,0,30,20.3,50,122,412,101,89,106,65.99
2008,8,24,1,30,19.400000000000002,0,0,0,0,0,0,74.88
2008,8,24,2,30,18.8,0,0,0,0,0,0,79.22
2008,8,24,3,30,18.2,0,0,0,0,0,0,84.62
2008,8,24,4,30,17.6,0,0,0,0,0,0,87.15
2008,8,24,5,30,17.1,0,0,0,0,0,0,88.18
2008,8,24,6,30,16.6,0,0,0,0,0,0,89.88
2008,8,24,7,30,16.1,0,0,0,0,0,0,91.53
2008,8,24,8,30,15.8,0,0,0,0,0,0,92.38
2008,8,24,9,30,15.700000000000001,0,0,0,0,0,0,93.03
2008,8,24,10,30,15.5,0,0,0,0,0,0,93.75
2008,8,24,11,30,15.4,0,0,0,0,0,0,93.48
2008,8,24,12,30,16,0,0,0,0,0,0,89.66
2008,8,24,13,30,17.8,44,169,584,6,68,69,82.84
2008,8,24,14,30,20.3,62,406,783,1,149,149,71.22
2008,8,24,15,30,22.5,72,632,875,446,229,514,58.67
2008,8,24,16,30,23.8,81,820,921,489,253,645,52.1
2008,8,24,17,30,24.5,86,950,944,155,433,575,48.65
2008,8,24,18,30,24.6,89,1015,955,79,462,539,47.870000000000005
2008,8,24,19,30,24.1,91,1007,949,60,447,505,49.36
2008,8,24,20,30,23.3,90,928,934,646,240,820,52.57
2008,8,24,21,30,22.400000000000002,114,772,848,626,230,716,56.56
2008,8,24,22,30,21.400000000000002,101,576,785,276,278,446,61.76
2008,8,24,23,30,20.200000000000003,81,348,670,11,134,139,69.09
2008,8,25,0,30,19.1,48,119,416,0,20,20,78.27
2008,8,25,1,30,18.3,0,0,0,0,0,0,85.5
2008,8,25,2,30,17.900000000000002,0,0,0,0,0,0,88.67
2008,8,25,3,30,17.7,0,0,0,0,0,0,90.42
2008,8,25,4,30,17.5,0,0,0,0,0,0,91.89
2008,8,25,5,30,17.400000000000002,0,0,0,0,0,0,92.68
2008,8,25,6,30,17.3,0,0,0,0,0,0,93.03
2008,8,25,7,30,17.1,0,0,0,0,0,0,93.61
2008,8,25,8,30,16.8,0,0,0,0,0,0,94.34
2008,8,25,9,30,16.5,0,0,0,0,0,0,94.44
2008,8,25,10,30,16.2,0,0,0,0,0,0,94.3
2008,8,25,11,30,15.9,0,0,0,0,0,0,93.63
2008,8,25,12,30,15.8,0,0,0,0,0,0,91.74
2008,8,25,13,30,16.7,39,171,617,6,61,63,85.33
2008,8,25,14,30,18.6,54,410,811,219,200,296,74.13
2008,8,25,15,30,21.3,62,636,899,8,193,198,59.67
2008,8,25,16,30,23.5,67,822,943,1,247,248,49.97
2008,8,25,17,30,24.5,72,955,966,76,451,520,47.480000000000004
2008,8,25,18,30,24.5,77,1018,971,5,408,412,47.83
2008,8,25,19,30,23.900000000000002,78,1009,967,367,471,824,50.07
2008,8,25,20,30,22.900000000000002,77,931,953,264,397,634,54.14
2008,8,25,21,30,22,72,787,925,298,330,560,58.77
2008,8,25,22,30,21.200000000000003,65,590,871,20,217,229,63.5
2008,8,25,23,30,20.3,54,360,773,14,128,134,68.8
2008,8,26,0,30,19.1,35,126,540,0,31,31,79.19
2008,8,26,1,30,17.900000000000002,0,0,0,0,0,0,90.03
2008,8,26,2,30,17.1,0,0,0,0,0,0,91.75
2008,8,26,3,30,16.5,0,0,0,0,0,0,92.8
2008,8,26,4,30,16,0,0,0,0,0,0,93.89
2008,8,26,5,30,15.700000000000001,0,0,0,0,0,0,94.73
2008,8,26,6,30,15.600000000000001,0,0,0,0,0,0,95.09
2008,8,26,7,30,15.4,0,0,0,0,0,0,95.83
2008,8,26,8,30,15.200000000000001,0,0,0,0,0,0,96.28
2008,8,26,9,30,15.200000000000001,0,0,0,0,0,0,95.68
2008,8,26,10,30,15.3,0,0,0,0,0,0,94.93
2008,8,26,11,30,15.3,0,0,0,0,0,0,95.25
2008,8,26,12,30,15.8,0,0,0,0,0,0,92.07000000000001
2008,8,26,13,30,16.8,43,166,579,0,84,84,87.23
2008,8,26,14,30,18.1,61,403,782,5,166,168,81.83
2008,8,26,15,30,19.6,70,629,875,191,341,463,74.21000000000001
2008,8,26,16,30,21,76,818,927,927,76,818,66
2008,8,26,17,30,21.700000000000003,79,950,954,954,79,950,61.54
2008,8,26,18,30,22,87,1013,957,95,444,535,59.78
2008,8,26,19,30,22,87,1007,957,1,208,209,59.22
2008,8,26,20,30,21.900000000000002,85,928,944,91,450,532,59.09
2008,8,26,21,30,21.700000000000003,80,784,912,7,256,262,59.68
2008,8,26,22,30,21.400000000000002,73,586,854,0,74,74,60.980000000000004
2008,8,26,23,30,20.6,62,354,744,1,63,63,65.43
2008,8,27,0,30,19.3,39,120,487,5,58,59,78.23
2008,8,27,1,30,18.3,0,0,0,0,0,0,86.8
2008,8,27,2,30,17.8,0,0,0,0,0,0,88.4
2008,8,27,3,30,17.3,0,0,0,0,0,0,89.93
2008,8,27,4,30,16.7,0,0,0,0,0,0,91.44
2008,8,27,5,30,16.3,0,0,0,0,0,0,91.65
2008,8,27,6,30,15.9,0,0,0,0,0,0,92.4
2008,8,27,7,30,15.4,0,0,0,0,0,0,93.88
2008,8,27,8,30,14.9,0,0,0,0,0,0,95.54
2008,8,27,9,30,14.5,0,0,0,0,0,0,96.43
2008,8,27,10,30,14.200000000000001,0,0,0,0,0,0,96.98
2008,8,27,11,30,14.100000000000001,0,0,0,0,0,0,96.66
2008,8,27,12,30,15,0,0,0,0,0,0,91.03
2008,8,27,13,30,16.900000000000002,58,157,469,469,58,157,85.51
2008,8,27,14,30,19.3,88,392,697,697,88,392,75.62
2008,8,27,15,30,21.700000000000003,106,617,802,75,341,389,63.76
2008,8,27,16,30,23.8,120,805,856,210,446,614,54.050000000000004
2008,8,27,17,30,25,129,935,884,0,238,238,49.370000000000005
2008,8,27,18,30,25.5,136,999,893,207,535,735,47.54
2008,8,27,19,30,25.5,137,989,887,103,460,559,47.160000000000004
2008,8,27,20,30,24.700000000000003,135,906,864,26,406,429,49.480000000000004
2008,8,27,21,30,23.5,134,757,811,481,290,659,54.33
2008,8,27,22,30,22.200000000000003,123,558,727,1,127,128,60.63
2008,8,27,23,30,20.8,101,328,583,6,113,116,68.77
2008,8,28,0,30,19.6,56,104,300,0,32,32,78.49
2008,8,28,1,30,18.8,0,0,0,0,0,0,85.72
2008,8,28,2,30,18.3,0,0,0,0,0,0,89.4
2008,8,28,3,30,17.900000000000002,0,0,0,0,0,0,91.69
2008,8,28,4,30,17.6,0,0,0,0,0,0,93.01
2008,8,28,5,30,17.3,0,0,0,0,0,0,93.8
2008,8,28,6,30,16.900000000000002,0,0,0,0,0,0,94.71000000000001
2008,8,28,7,30,16.400000000000002,0,0,0,0,0,0,94.92
2008,8,28,8,30,16,0,0,0,0,0,0,94.06
2008,8,28,9,30,15.700000000000001,0,0,0,0,0,0,93.07000000000001
2008,8,28,10,30,15.5,0,0,0,0,0,0,92.23
2008,8,28,11,30,15.200000000000001,0,0,0,0,0,0,92.63
2008,8,28,12,30,15.4,0,0,0,0,0,0,90.93
2008,8,28,13,30,16.3,40,165,595,6,94,96,87.08
2008,8,28,14,30,18.3,58,404,793,793,58,404,78.98
2008,8,28,15,30,20.8,68,630,882,122,346,424,68.67
2008,8,28,16,30,22.5,76,817,929,257,420,625,60.56
2008,8,28,17,30,23.3,82,947,951,155,469,611,55.78
2008,8,28,18,30,23.5,97,1008,944,10,433,443,53.79
2008,8,28,19,30,23.3,99,999,939,257,514,760,54.25
2008,8,28,20,30,22.8,99,917,919,8,327,335,56.83
2008,8,28,21,30,21.900000000000002,94,770,882,2,199,201,61.2
2008,8,28,22,30,20.8,86,571,815,0,37,37,67.38
2008,8,28,23,30,19.6,72,338,688,1,64,65,75.22
2008,8,29,0,30,18.6,44,108,402,1,33,33,83.53
2008,8,29,1,30,18.1,0,0,0,0,0,0,88.85000000000001
2008,8,29,2,30,17.8,0,0,0,0,0,0,91.44
2008,8,29,3,30,17.6,0,0,0,0,0,0,93.29
2008,8,29,4,30,17.3,0,0,0,0,0,0,94.39
2008,8,29,5,30,17.1,0,0,0,0,0,0,94.05
2008,8,29,6,30,16.900000000000002,0,0,0,0,0,0,93.64
2008,8,29,7,30,16.7,0,0,0,0,0,0,93.32000000000001
2008,8,29,8,30,16.5,0,0,0,0,0,0,93.27
2008,8,29,9,30,16.3,0,0,0,0,0,0,93.41
2008,8,29,10,30,16,0,0,0,0,0,0,94.18
2008,8,29,11,30,15.600000000000001,0,0,0,0,0,0,94.97
2008,8,29,12,30,15.8,0,0,0,0,0,0,92.41
2008,8,29,13,30,16.8,42,163,580,0,34,34,87.49
2008,8,29,14,30,18.400000000000002,63,400,774,7,172,175,78.63
2008,8,29,15,30,20.3,77,625,862,12,276,284,67.77
2008,8,29,16,30,21.900000000000002,86,812,910,96,388,464,59.56
2008,8,29,17,30,22.6,94,942,934,289,477,740,55.71
2008,8,29,18,30,22.900000000000002,98,1006,943,265,515,770,53.660000000000004
2008,8,29,19,30,23,97,1000,944,944,97,1000,52.77
2008,8,29,20,30,23,93,919,930,930,93,919,52.09
2008,8,29,21,30,22.900000000000002,88,773,897,664,156,664,52.09
2008,8,29,22,30,22.3,78,575,839,248,265,412,54.35
2008,8,29,23,30,21.1,65,341,721,69,184,210,61.08
2008,8,30,0,30,19.5,39,109,450,3,51,52,74.75
2008,8,30,1,30,18.400000000000002,0,0,0,0,0,0,80.66
2008,8,30,2,30,17.6,0,0,0,0,0,0,84.13
2008,8,30,3,30,16.6,0,0,0,0,0,0,87.89
2008,8,30,4,30,15.5,0,0,0,0,0,0,91.5
2008,8,30,5,30,14.8,0,0,0,0,0,0,92.46000000000001
2008,8,30,6,30,14.4,0,0,0,0,0,0,92.16
2008,8,30,7,30,14.100000000000001,0,0,0,0,0,0,91.9
2008,8,30,8,30,13.9,0,0,0,0,0,0,91.71000000000001
2008,8,30,9,30,13.700000000000001,0,0,0,0,0,0,92.08
2008,8,30,10,30,13.600000000000001,0,0,0,0,0,0,91.86
2008,8,30,11,30,13.4,0,0,0,0,0,0,92.35000000000001
2008,8,30,12,30,13.8,0,0,0,0,0,0,89.49
2008,8,30,13,30,15.200000000000001,43,164,580,0,29,29,83.37
2008,8,30,14,30,17.6,63,403,784,0,86,86,72.83
2008,8,30,15,30,20.3,74,631,879,0,74,74,60.84
2008,8,30,16,30,22.5,79,821,932,3,197,199,52.35
2008,8,30,17,30,24.200000000000003,83,953,959,163,479,627,47.19
2008,8,30,18,30,25.1,98,1014,953,307,509,804,44.97
2008,8,30,19,30,25.3,97,1003,949,142,455,590,44.36
2008,8,30,20,30,25.1,95,922,933,256,480,707,44.94
2008,8,30,21,30,24.400000000000002,91,772,894,6,329,334,47.09
2008,8,30,22,30,23.1,81,573,836,836,81,573,51.18
2008,8,30,23,30,21.5,64,340,726,726,64,340,56.85
2008,8,31,0,30,19.5,38,108,466,466,38,108,64.98
2008,8,31,1,30,17.7,0,0,0,0,0,0,73.46000000000001
2008,8,31,2,30,16.3,0,0,0,0,0,0,80.5
2008,8,31,3,30,15.200000000000001,0,0,0,0,0,0,86.27
2008,8,31,4,30,14.3,0,0,0,0,0,0,90.4
2008,8,31,5,30,13.8,0,0,0,0,0,0,92.31
2008,8,31,6,30,13.5,0,0,0,0,0,0,93.07000000000001
2008,8,31,7,30,13.4,0,0,0,0,0,0,92.72
2008,8,31,8,30,13.4,0,0,0,0,0,0,92.49
2008,8,31,9,30,13.5,0,0,0,0,0,0,92.4
2008,8,31,10,30,13.8,0,0,0,0,0,0,92.22
2008,8,31,11,30,14,0,0,0,0,0,0,92.81
2008,8,31,12,30,14.3,0,0,0,0,0,0,91.57000000000001
2008,8,31,13,30,15.3,47,161,551,2,49,50,86.89
2008,8,31,14,30,17.3,70,399,762,193,205,288,77.52
2008,8,31,15,30,20,83,626,858,478,200,503,65.58
2008,8,31,16,30,22.6,91,814,909,161,367,495,55.69
2008,8,31,17,30,24.400000000000002,96,945,936,265,407,647,50.19
2008,8,31,18,30,25.3,102,1008,943,490,319,790,47.76
2008,8,31,19,30,25.5,103,996,938,535,275,784,46.77
2008,8,31,20,30,25,101,914,920,512,281,734,47.36
2008,8,31,21,30,24.1,96,765,882,54,331,372,50
2008,8,31,22,30,23.1,85,564,819,0,13,13,54.28
2008,8,31,23,30,21.700000000000003,68,333,702,33,157,169,61.22
2008,9,1,0,30,20.1,40,102,421,22,71,74,72.52
2008,9,1,1,30,18.900000000000002,0,0,0,0,0,0,80.51
2008,9,1,2,30,18.2,0,0,0,0,0,0,82.96000000000001
2008,9,1,3,30,17.400000000000002,0,0,0,0,0,0,86.05
2008,9,1,4,30,16.5,0,0,0,0,0,0,89.60000000000001
2008,9,1,5,30,15.8,0,0,0,0,0,0,92.61
2008,9,1,6,30,15.3,0,0,0,0,0,0,94.51
2008,9,1,7,30,15.100000000000001,0,0,0,0,0,0,94.83
2008,9,1,8,30,14.9,0,0,0,0,0,0,95.07000000000001
2008,9,1,9,30,14.600000000000001,0,0,0,0,0,0,95.8
2008,9,1,10,30,14.3,0,0,0,0,0,0,96.25
2008,9,1,11,30,14.100000000000001,0,0,0,0,0,0,96.35000000000001
2008,9,1,12,30,14.600000000000001,0,0,0,0,0,0,92.07000000000001
2008,9,1,13,30,16.400000000000002,42,165,598,598,42,165,85.23
2008,9,1,14,30,19.1,60,407,804,22,205,215,73.66
2008,9,1,15,30,22.200000000000003,69,637,898,31,298,317,57.47
2008,9,1,16,30,24.700000000000003,76,825,944,944,76,825,46.54
2008,9,1,17,30,26.3,80,958,970,970,80,958,41.61
2008,9,1,18,30,27.3,82,1020,978,978,82,1020,39.27
2008,9,1,19,30,27.6,82,1008,974,974,82,1008,38.68
2008,9,1,20,30,27.5,81,923,955,955,81,923,38.94
2008,9,1,21,30,26.8,72,775,930,930,72,775,40.29
2008,9,1,22,30,25.700000000000003,65,574,874,874,65,574,43.050000000000004
2008,9,1,23,30,24.200000000000003,53,339,767,767,53,339,48.160000000000004
2008,9,2,0,30,22.3,32,104,506,506,32,104,61.33
2008,9,2,1,30,20.900000000000002,0,0,0,0,0,0,74.01
2008,9,2,2,30,20.200000000000003,0,0,0,0,0,0,77.15
2008,9,2,3,30,19.5,0,0,0,0,0,0,80.19
2008,9,2,4,30,18.7,0,0,0,0,0,0,83.38
2008,9,2,5,30,17.900000000000002,0,0,0,0,0,0,86.09
2008,9,2,6,30,17,0,0,0,0,0,0,89.16
2008,9,2,7,30,16.1,0,0,0,0,0,0,92.86
2008,9,2,8,30,15.5,0,0,0,0,0,0,96.17
2008,9,2,9,30,15.3,0,0,0,0,0,0,97.21000000000001
2008,9,2,10,30,15.100000000000001,0,0,0,0,0,0,97.9
2008,9,2,11,30,14.9,0,0,0,0,0,0,97.86
2008,9,2,12,30,15.600000000000001,0,0,0,0,0,0,92.22
2008,9,2,13,30,17.900000000000002,42,162,588,588,42,162,81.52
2008,9,2,14,30,21,60,403,796,796,60,403,68.47
2008,9,2,15,30,23.6,72,631,885,885,72,631,55.660000000000004
2008,9,2,16,30,25.1,81,818,929,929,81,818,50.32
2008,9,2,17,30,26.200000000000003,88,948,952,952,88,948,47.32
2008,9,2,18,30,26.900000000000002,95,1009,954,954,95,1009,45.49
2008,9,2,19,30,27.200000000000003,97,998,950,628,267,862,44.36
2008,9,2,20,30,26.900000000000002,95,913,930,1,158,158,44.63
2008,9,2,21,30,26.200000000000003,87,764,899,540,221,628,46.480000000000004
2008,9,2,22,30,25.200000000000003,80,561,831,831,80,561,50.01
2008,9,2,23,30,23.6,66,326,701,701,66,326,58.08
2008,9,3,0,30,21.900000000000002,39,94,397,397,39,94,73.61
2008,9,3,1,30,20.8,0,0,0,0,0,0,83.11
2008,9,3,2,30,20.200000000000003,0,0,0,0,0,0,85.51
2008,9,3,3,30,19.6,0,0,0,0,0,0,86.97
2008,9,3,4,30,19,0,0,0,0,0,0,87.85000000000001
2008,9,3,5,30,18.3,0,0,0,0,0,0,89.9
2008,9,3,6,30,17.8,0,0,0,0,0,0,91.68
2008,9,3,7,30,17.400000000000002,0,0,0,0,0,0,92.9
2008,9,3,8,30,17,0,0,0,0,0,0,93.79
2008,9,3,9,30,16.6,0,0,0,0,0,0,94.83
2008,9,3,10,30,16.2,0,0,0,0,0,0,95.7
2008,9,3,11,30,15.700000000000001,0,0,0,0,0,0,96.62
2008,9,3,12,30,16.3,0,0,0,0,0,0,91.39
2008,9,3,13,30,18.2,49,155,524,3,84,84,84.64
2008,9,3,14,30,20.6,69,394,757,0,66,66,74.69
2008,9,3,15,30,22.900000000000002,81,622,859,859,81,622,62.480000000000004
2008,9,3,16,30,24.3,91,810,908,908,91,810,56.11
2008,9,3,17,30,25.1,98,940,934,181,490,653,53.370000000000005
2008,9,3,18,30,25.400000000000002,95,1005,953,953,95,1005,51.9
2008,9,3,19,30,25.400000000000002,94,993,950,950,94,993,51.06
2008,9,3,20,30,25.1,90,910,935,389,355,695,51.550000000000004
2008,9,3,21,30,24.700000000000003,84,762,904,311,321,554,52.39
2008,9,3,22,30,24,73,562,848,585,174,511,54.38
2008,9,3,23,30,22.8,58,328,739,739,58,328,58.7
2008,9,4,0,30,20.700000000000003,33,96,464,151,63,84,74.28
2008,9,4,1,30,19,0,0,0,0,0,0,82.11
2008,9,4,2,30,18.2,0,0,0,0,0,0,82
2008,9,4,3,30,17.5,0,0,0,0,0,0,82.86
2008,9,4,4,30,16.8,0,0,0,0,0,0,85.8
2008,9,4,5,30,16,0,0,0,0,0,0,90.03
2008,9,4,6,30,15.200000000000001,0,0,0,0,0,0,93.63
2008,9,4,7,30,14.9,0,0,0,0,0,0,95.09
2008,9,4,8,30,15,0,0,0,0,0,0,95.55
2008,9,4,9,30,15,0,0,0,0,0,0,96.02
2008,9,4,10,30,14.8,0,0,0,0,0,0,96.68
2008,9,4,11,30,14.5,0,0,0,0,0,0,97.27
2008,9,4,12,30,15.100000000000001,0,0,0,0,0,0,92.27
2008,9,4,13,30,16.5,50,156,520,1,71,71,86.71000000000001
2008,9,4,14,30,18.6,74,396,752,1,133,134,75.33
2008,9,4,15,30,21.3,84,629,866,116,353,426,60.26
2008,9,4,16,30,23.6,89,820,925,218,439,611,49.84
2008,9,4,17,30,25.3,92,951,953,21,433,452,44.86
2008,9,4,18,30,26.3,94,1014,965,166,496,654,42.68
2008,9,4,19,30,26.700000000000003,93,1003,963,0,125,125,41.9
2008,9,4,20,30,26.700000000000003,90,917,946,609,261,793,41.95
2008,9,4,21,30,26.200000000000003,86,766,911,715,176,711,43.46
2008,9,4,22,30,24.900000000000002,76,561,846,846,76,561,47.17
2008,9,4,23,30,23.1,61,325,727,241,177,264,54.08
2008,9,5,0,30,20.900000000000002,35,91,427,10,54,55,68.93
2008,9,5,1,30,19.400000000000002,0,0,0,0,0,0,80.96000000000001
2008,9,5,2,30,18.6,0,0,0,0,0,0,85.86
2008,9,5,3,30,18.1,0,0,0,0,0,0,89.13
2008,9,5,4,30,17.6,0,0,0,0,0,0,91.36
2008,9,5,5,30,17,0,0,0,0,0,0,93.23
2008,9,5,6,30,16.5,0,0,0,0,0,0,94.28
2008,9,5,7,30,16.1,0,0,0,0,0,0,94.98
2008,9,5,8,30,15.700000000000001,0,0,0,0,0,0,95.44
2008,9,5,9,30,15.4,0,0,0,0,0,0,95.42
2008,9,5,10,30,15,0,0,0,0,0,0,96.12
2008,9,5,11,30,14.600000000000001,0,0,0,0,0,0,96.42
2008,9,5,12,30,15,0,0,0,0,0,0,92.32000000000001
2008,9,5,13,30,16.400000000000002,41,159,583,583,41,159,86.32000000000001
2008,9,5,14,30,18.6,59,400,798,17,192,199,75.44
2008,9,5,15,30,21,70,629,891,891,70,629,62.28
2008,9,5,16,30,23,77,818,939,939,77,818,53.51
2008,9,5,17,30,24.6,81,949,964,266,484,723,47.800000000000004
2008,9,5,18,30,25.700000000000003,83,1011,975,187,506,684,43.63
2008,9,5,19,30,26.3,84,1001,974,974,84,1001,40.57
2008,9,5,20,30,26.400000000000002,82,919,960,960,82,919,38.19
2008,9,5,21,30,26.1,79,769,926,926,79,769,36.53
2008,9,5,22,30,25.200000000000003,70,566,870,0,59,59,36.31
2008,9,5,23,30,23.200000000000003,57,329,757,0,45,45,39.75
2008,9,6,0,30,20,32,92,469,16,65,67,53.46
2008,9,6,1,30,17.5,0,0,0,0,0,0,67.06
2008,9,6,2,30,16.400000000000002,0,0,0,0,0,0,70.97
2008,9,6,3,30,15.4,0,0,0,0,0,0,75.56
2008,9,6,4,30,14.700000000000001,0,0,0,0,0,0,79.91
2008,9,6,5,30,14,0,0,0,0,0,0,85.71000000000001
2008,9,6,6,30,13.4,0,0,0,0,0,0,91.19
2008,9,6,7,30,13.100000000000001,0,0,0,0,0,0,94.07000000000001
2008,9,6,8,30,12.9,0,0,0,0,0,0,94.65
2008,9,6,9,30,12.700000000000001,0,0,0,0,0,0,94.8
2008,9,6,10,30,12.600000000000001,0,0,0,0,0,0,94.8
2008,9,6,11,30,12.5,0,0,0,0,0,0,94.91
2008,9,6,12,30,13.100000000000001,0,0,0,0,0,0,90.87
2008,9,6,13,30,15,39,165,630,630,39,165,81.56
2008,9,6,14,30,17.8,55,411,833,833,55,411,68.36
2008,9,6,15,30,20.700000000000003,65,643,922,922,65,643,54.370000000000005
2008,9,6,16,30,23,71,831,965,105,403,486,45.9
2008,9,6,17,30,24.8,74,961,988,154,476,614,41.01
2008,9,6,18,30,26.1,81,1021,989,428,456,863,38.03
2008,9,6,19,30,26.8,83,1006,982,79,477,552,36.56
2008,9,6,20,30,26.900000000000002,82,918,962,962,82,918,36.47
2008,9,6,21,30,26.3,76,765,929,929,76,765,37.72
2008,9,6,22,30,25.200000000000003,69,559,866,866,69,559,40.34
2008,9,6,23,30,23.400000000000002,56,321,745,745,56,321,46.06
2008,9,7,0,30,21.1,32,87,443,443,32,87,57.02
2008,9,7,1,30,19.200000000000003,0,0,0,0,0,0,68.75
2008,9,7,2,30,18.1,0,0,0,0,0,0,74.89
2008,9,7,3,30,17,0,0,0,0,0,0,81.84
2008,9,7,4,30,16.2,0,0,0,0,0,0,86.88
2008,9,7,5,30,15.5,0,0,0,0,0,0,90.77
2008,9,7,6,30,14.9,0,0,0,0,0,0,93.46000000000001
2008,9,7,7,30,14.4,0,0,0,0,0,0,94.44
2008,9,7,8,30,13.8,0,0,0,0,0,0,94.22
2008,9,7,9,30,13.200000000000001,0,0,0,0,0,0,93.06
2008,9,7,10,30,12.600000000000001,0,0,0,0,0,0,92.46000000000001
2008,9,7,11,30,12,0,0,0,0,0,0,92.34
2008,9,7,12,30,12.3,0,0,0,0,0,0,88.04
2008,9,7,13,30,14.3,39,160,611,611,39,160,76.44
2008,9,7,14,30,17.2,56,403,817,817,56,403,60.620000000000005
2008,9,7,15,30,20.200000000000003,66,633,906,906,66,633,49.32
2008,9,7,16,30,22.6,74,820,949,949,74,820,44.63
2008,9,7,17,30,24.3,79,949,970,970,79,949,43.34
2008,9,7,18,30,25.3,82,1008,977,191,508,688,43.13
2008,9,7,19,30,25.700000000000003,83,994,971,45,466,508,43.44
2008,9,7,20,30,25.5,81,907,954,954,81,907,44.35
2008,9,7,21,30,24.8,84,751,903,903,84,751,46.32
2008,9,7,22,30,23.8,77,547,836,179,307,407,49.800000000000004
2008,9,7,23,30,22.3,61,312,710,54,190,209,55.02
2008,9,8,0,30,20.400000000000002,33,81,394,394,33,81,63.99
2008,9,8,1,30,18.900000000000002,0,0,0,0,0,0,73.22
2008,9,8,2,30,18,0,0,0,0,0,0,76.86
2008,9,8,3,30,17,0,0,0,0,0,0,81.69
2008,9,8,4,30,16,0,0,0,0,0,0,87.07000000000001
2008,9,8,5,30,15.3,0,0,0,0,0,0,90.58
2008,9,8,6,30,14.9,0,0,0,0,0,0,91.93
2008,9,8,7,30,14.600000000000001,0,0,0,0,0,0,92.27
2008,9,8,8,30,14.3,0,0,0,0,0,0,92.51
2008,9,8,9,30,14.100000000000001,0,0,0,0,0,0,92.62
2008,9,8,10,30,13.9,0,0,0,0,0,0,92.94
2008,9,8,11,30,13.8,0,0,0,0,0,0,92.64
2008,9,8,12,30,14.200000000000001,0,0,0,0,0,0,89.53
2008,9,8,13,30,15.600000000000001,42,155,571,11,75,77,81.84
2008,9,8,14,30,17.8,62,394,782,21,144,153,70.60000000000001
2008,9,8,15,30,20.200000000000003,75,621,875,230,282,426,60.82
2008,9,8,16,30,22.400000000000002,83,809,925,202,353,511,53.84
2008,9,8,17,30,24,86,938,952,273,416,661,49.64
2008,9,8,18,30,25.1,86,1000,966,47,434,479,46.83
2008,9,8,19,30,25.8,85,987,965,1,220,221,44.78
2008,9,8,20,30,25.8,81,900,949,286,369,616,44.410000000000004
2008,9,8,21,30,25.1,74,750,918,283,311,519,45.95
2008,9,8,22,30,23.8,67,546,856,395,205,427,50.36
2008,9,8,23,30,22,54,310,733,0,15,15,58.620000000000005
2008,9,9,0,30,20.1,30,79,418,12,57,58,71.24
2008,9,9,1,30,18.8,0,0,0,0,0,0,81.51
2008,9,9,2,30,18.1,0,0,0,0,0,0,86.51
2008,9,9,3,30,17.6,0,0,0,0,0,0,89.88
2008,9,9,4,30,17,0,0,0,0,0,0,92.51
2008,9,9,5,30,16.400000000000002,0,0,0,0,0,0,92.57000000000001
2008,9,9,6,30,15.9,0,0,0,0,0,0,92.43
2008,9,9,7,30,15.5,0,0,0,0,0,0,92.63
2008,9,9,8,30,15.4,0,0,0,0,0,0,92
2008,9,9,9,30,15.3,0,0,0,0,0,0,92.3
2008,9,9,10,30,15.200000000000001,0,0,0,0,0,0,92.84
2008,9,9,11,30,14.9,0,0,0,0,0,0,94.02
2008,9,9,12,30,15.100000000000001,0,0,0,0,0,0,91.42
2008,9,9,13,30,16.6,36,156,614,614,36,156,84.39
2008,9,9,14,30,19,51,397,820,71,228,258,73.10000000000001
2008,9,9,15,30,21.700000000000003,58,624,908,211,332,463,59.44
2008,9,9,16,30,23.8,63,811,955,955,63,811,51.370000000000005
2008,9,9,17,30,25.200000000000003,67,939,976,976,67,939,47.38
2008,9,9,18,30,26,71,1000,984,984,71,1000,45.1
2008,9,9,19,30,26.200000000000003,71,987,981,981,71,987,44.06
2008,9,9,20,30,25.700000000000003,70,900,964,9,386,393,45.050000000000004
2008,9,9,21,30,25,65,747,932,205,329,480,47.39
2008,9,9,22,30,24,59,543,871,44,268,293,51.32
2008,9,9,23,30,22.6,49,308,754,38,178,191,58.08
2008,9,10,0,30,21,27,77,442,0,8,8,70.87
2008,9,10,1,30,19.900000000000002,0,0,0,0,0,0,80.48
2008,9,10,2,30,19.3,0,0,0,0,0,0,83.25
2008,9,10,3,30,18.8,0,0,0,0,0,0,86.11
2008,9,10,4,30,18.3,0,0,0,0,0,0,88.9
2008,9,10,5,30,18,0,0,0,0,0,0,90.73
2008,9,10,6,30,17.6,0,0,0,0,0,0,92.56
2008,9,10,7,30,17.3,0,0,0,0,0,0,93.5
2008,9,10,8,30,17,0,0,0,0,0,0,93.91
2008,9,10,9,30,16.6,0,0,0,0,0,0,94.48
2008,9,10,10,30,16.3,0,0,0,0,0,0,94.21000000000001
2008,9,10,11,30,16,0,0,0,0,0,0,93.93
2008,9,10,12,30,16,0,0,0,0,0,0,91.5
2008,9,10,13,30,16.8,35,155,613,0,38,38,84.95
2008,9,10,14,30,18.8,49,394,820,1,122,123,72.47
2008,9,10,15,30,21.700000000000003,56,622,909,25,284,300,58.58
2008,9,10,16,30,24.200000000000003,60,808,955,266,409,618,49.86
2008,9,10,17,30,26,64,937,979,2,341,342,44.980000000000004
2008,9,10,18,30,27.1,69,998,986,986,69,998,41.97
2008,9,10,19,30,27.6,70,983,981,0,272,272,40.54
2008,9,10,20,30,27.5,68,895,964,171,460,607,40.43
2008,9,10,21,30,26.700000000000003,65,744,931,570,242,657,42.31
2008,9,10,22,30,25.400000000000002,58,540,871,0,48,48,46.54
2008,9,10,23,30,23.8,47,304,754,20,127,134,53.550000000000004
2008,9,11,0,30,22.1,26,74,446,0,20,20,66.83
2008,9,11,1,30,20.8,0,0,0,0,0,0,80.03
2008,9,11,2,30,20,0,0,0,0,0,0,83.19
2008,9,11,3,30,19.3,0,0,0,0,0,0,86.61
2008,9,11,4,30,18.7,0,0,0,0,0,0,89.67
2008,9,11,5,30,18.2,0,0,0,0,0,0,91.86
2008,9,11,6,30,17.7,0,0,0,0,0,0,93.45
2008,9,11,7,30,17.1,0,0,0,0,0,0,94.72
2008,9,11,8,30,16.5,0,0,0,0,0,0,95.03
2008,9,11,9,30,16,0,0,0,0,0,0,95.28
2008,9,11,10,30,15.700000000000001,0,0,0,0,0,0,94.89
2008,9,11,11,30,15.5,0,0,0,0,0,0,94.43
2008,9,11,12,30,15.9,0,0,0,0,0,0,90.72
2008,9,11,13,30,17.2,38,152,588,588,38,152,83.85000000000001
2008,9,11,14,30,19.3,58,391,792,792,58,391,74.10000000000001
2008,9,11,15,30,21.900000000000002,69,617,883,883,69,617,62.33
2008,9,11,16,30,24.1,75,805,935,115,406,496,53.81
2008,9,11,17,30,25.5,79,934,961,97,450,536,48.75
2008,9,11,18,30,26.400000000000002,90,992,959,959,90,992,45.52
2008,9,11,19,30,26.700000000000003,90,976,954,32,452,481,44.43
2008,9,11,20,30,26.5,87,889,938,938,87,889,44.56
2008,9,11,21,30,25.900000000000002,90,733,886,128,398,492,45.9
2008,9,11,22,30,25.3,79,529,820,46,275,300,47.85
2008,9,11,23,30,24,61,294,694,63,164,186,53.71
2008,9,12,0,30,22,30,68,359,24,38,41,71.58
2008,9,12,1,30,20.400000000000002,0,0,0,0,0,0,79.52
2008,9,12,2,30,19.3,0,0,0,0,0,0,82.4
2008,9,12,3,30,18.3,0,0,0,0,0,0,85.41
2008,9,12,4,30,17.5,0,0,0,0,0,0,89.28
2008,9,12,5,30,16.900000000000002,0,0,0,0,0,0,92.11
2008,9,12,6,30,16.5,0,0,0,0,0,0,93.27
2008,9,12,7,30,16,0,0,0,0,0,0,94.91
2008,9,12,8,30,15.600000000000001,0,0,0,0,0,0,95.8
2008,9,12,9,30,15.200000000000001,0,0,0,0,0,0,96.51
2008,9,12,10,30,14.8,0,0,0,0,0,0,97.13
2008,9,12,11,30,14.5,0,0,0,0,0,0,97.33
2008,9,12,12,30,15.100000000000001,0,0,0,0,0,0,92.29
2008,9,12,13,30,17.3,37,154,607,607,37,154,82.06
2008,9,12,14,30,20.400000000000002,53,396,818,818,53,396,68.12
2008,9,12,15,30,23.400000000000002,62,625,908,908,62,625,55.1
2008,9,12,16,30,25.6,68,813,956,956,68,813,47.94
2008,9,12,17,30,27.200000000000003,72,942,980,980,72,942,43.24
2008,9,12,18,30,28.3,88,997,969,969,88,997,40.12
2008,9,12,19,30,28.8,89,981,963,963,89,981,38.660000000000004
2008,9,12,20,30,28.700000000000003,87,891,943,943,87,891,38.63
2008,9,12,21,30,27.900000000000002,83,736,904,343,357,605,40.26
2008,9,12,22,30,26.700000000000003,74,528,832,832,74,528,43.17
2008,9,12,23,30,25,60,290,689,689,60,290,49.5
2008,9,13,0,30,23.1,31,63,322,4,46,46,62.870000000000005
2008,9,13,1,30,21.8,0,0,0,0,0,0,75.08
2008,9,13,2,30,20.900000000000002,0,0,0,0,0,0,77.94
2008,9,13,3,30,20.200000000000003,0,0,0,0,0,0,82.05
2008,9,13,4,30,19.6,0,0,0,0,0,0,86.01
2008,9,13,5,30,19.1,0,0,0,0,0,0,88.98
2008,9,13,6,30,18.7,0,0,0,0,0,0,90.74
2008,9,13,7,30,18.3,0,0,0,0,0,0,92.37
2008,9,13,8,30,18,0,0,0,0,0,0,93.13
2008,9,13,9,30,17.7,0,0,0,0,0,0,93.41
2008,9,13,10,30,17.1,0,0,0,0,0,0,94.47
2008,9,13,11,30,16.6,0,0,0,0,0,0,94.45
2008,9,13,12,30,16.900000000000002,0,0,0,0,0,0,90.77
2008,9,13,13,30,18.3,41,149,563,6,88,90,84.25
2008,9,13,14,30,20.3,61,390,789,3,153,154,73.87
2008,9,13,15,30,22.200000000000003,71,619,886,310,306,498,63.14
2008,9,13,16,30,23.6,78,806,937,300,404,637,54.68
2008,9,13,17,30,24.700000000000003,81,937,966,145,463,591,49.29
2008,9,13,18,30,25.5,128,982,912,86,484,564,45.59
2008,9,13,19,30,26.1,123,968,915,323,496,795,42.82
2008,9,13,20,30,26.3,114,881,904,904,114,881,41.36
2008,9,13,21,30,26,99,728,874,874,99,728,41.38
2008,9,13,22,30,25.3,87,520,799,799,87,520,43.06
2008,9,13,23,30,24.1,69,283,647,9,102,105,50.300000000000004
2008,9,14,0,30,22.700000000000003,33,59,263,2,37,37,63.34
2008,9,14,1,30,21.5,0,0,0,0,0,0,74.58
2008,9,14,2,30,20.700000000000003,0,0,0,0,0,0,80.77
2008,9,14,3,30,20,0,0,0,0,0,0,84.32000000000001
2008,9,14,4,30,19.6,0,0,0,0,0,0,84.44
2008,9,14,5,30,19.200000000000003,0,0,0,0,0,0,86.2
2008,9,14,6,30,18.6,0,0,0,0,0,0,90.21000000000001
2008,9,14,7,30,18.2,0,0,0,0,0,0,92.12
2008,9,14,8,30,17.8,0,0,0,0,0,0,93.52
2008,9,14,9,30,17.5,0,0,0,0,0,0,94.29
2008,9,14,10,30,17.3,0,0,0,0,0,0,94.10000000000001
2008,9,14,11,30,17.2,0,0,0,0,0,0,93.89
2008,9,14,12,30,17.2,0,0,0,0,0,0,93.57000000000001
2008,9,14,13,30,17.5,48,141,484,1,41,42,91.92
2008,9,14,14,30,18.1,65,382,759,39,217,233,87.21000000000001
2008,9,14,15,30,19.3,70,612,878,316,300,495,80.03
2008,9,14,16,30,20.8,73,798,935,182,423,565,71.8
2008,9,14,17,30,21.900000000000002,77,926,961,169,471,621,64.49
2008,9,14,18,30,22.3,81,983,965,159,480,628,60.81
2008,9,14,19,30,22.200000000000003,83,967,960,230,497,709,61.11
2008,9,14,20,30,21.700000000000003,81,880,944,3,348,350,63.95
2008,9,14,21,30,21.200000000000003,83,724,895,895,83,724,66.54
2008,9,14,22,30,20.5,72,520,833,1,189,190,69.09
2008,9,14,23,30,19.5,56,285,703,5,126,128,73.27
2008,9,15,0,30,18.2,27,59,345,2,41,41,81.73
2008,9,15,1,30,17.400000000000002,0,0,0,0,0,0,85.74
2008,9,15,2,30,16.900000000000002,0,0,0,0,0,0,87.41
2008,9,15,3,30,16.2,0,0,0,0,0,0,90.36
2008,9,15,4,30,15.4,0,0,0,0,0,0,93.84
2008,9,15,5,30,14.9,0,0,0,0,0,0,94.7
2008,9,15,6,30,14.5,0,0,0,0,0,0,94.74
2008,9,15,7,30,14.200000000000001,0,0,0,0,0,0,94.09
2008,9,15,8,30,13.700000000000001,0,0,0,0,0,0,94.25
2008,9,15,9,30,13.200000000000001,0,0,0,0,0,0,93.75
2008,9,15,10,30,12.8,0,0,0,0,0,0,93.64
2008,9,15,11,30,12.600000000000001,0,0,0,0,0,0,93.44
2008,9,15,12,30,12.700000000000001,0,0,0,0,0,0,91.72
2008,9,15,13,30,13.5,41,148,561,1,35,35,87.2
2008,9,15,14,30,15.200000000000001,62,388,783,1,72,73,77.94
2008,9,15,15,30,17.400000000000002,74,616,880,0,184,185,66.42
2008,9,15,16,30,19.200000000000003,83,801,927,11,352,360,57.95
2008,9,15,17,30,20.3,88,929,953,1,293,293,54.27
2008,9,15,18,30,20.900000000000002,92,986,960,0,275,275,52.59
2008,9,15,19,30,21.1,90,970,958,226,504,711,52.28
2008,9,15,20,30,21,86,881,943,272,452,682,52.58
2008,9,15,21,30,20.3,80,727,907,19,328,341,54.88
2008,9,15,22,30,19.3,71,520,839,3,203,205,58.83
2008,9,15,23,30,17.8,57,281,695,6,87,89,65.7
2008,9,16,0,30,16.3,27,56,324,116,45,55,75.61
2008,9,16,1,30,15.200000000000001,0,0,0,0,0,0,84.51
2008,9,16,2,30,14.5,0,0,0,0,0,0,88.88
2008,9,16,3,30,13.9,0,0,0,0,0,0,90.81
2008,9,16,4,30,13.4,0,0,0,0,0,0,91.84
2008,9,16,5,30,12.9,0,0,0,0,0,0,92.8
2008,9,16,6,30,12.600000000000001,0,0,0,0,0,0,93.23
2008,9,16,7,30,12.4,0,0,0,0,0,0,93.22
2008,9,16,8,30,12.200000000000001,0,0,0,0,0,0,93.11
2008,9,16,9,30,11.9,0,0,0,0,0,0,93.44
2008,9,16,10,30,11.700000000000001,0,0,0,0,0,0,93.52
2008,9,16,11,30,11.5,0,0,0,0,0,0,93.93
2008,9,16,12,30,11.8,0,0,0,0,0,0,91.59
2008,9,16,13,30,13,39,148,582,0,18,18,86.48
2008,9,16,14,30,15,57,389,800,0,102,102,77.46000000000001
2008,9,16,15,30,17.5,68,617,894,0,43,43,65.12
2008,9,16,16,30,19.6,74,804,944,1,293,294,56
2008,9,16,17,30,21.1,78,930,967,0,199,199,51.31
2008,9,16,18,30,21.700000000000003,80,988,977,0,107,107,49.870000000000005
2008,9,16,19,30,21.8,80,971,974,0,174,174,49.96
2008,9,16,20,30,21.700000000000003,78,882,956,2,340,342,50.84
2008,9,16,21,30,21.200000000000003,75,724,916,0,197,198,53.120000000000005
2008,9,16,22,30,20.200000000000003,68,517,846,48,271,296,57.25
2008,9,16,23,30,18.8,54,278,705,0,54,54,64.3
2008,9,17,0,30,17.3,25,53,332,0,20,20,75.97
2008,9,17,1,30,16.2,0,0,0,0,0,0,85.87
2008,9,17,2,30,15.700000000000001,0,0,0,0,0,0,89.28
2008,9,17,3,30,15.3,0,0,0,0,0,0,91.94
2008,9,17,4,30,14.8,0,0,0,0,0,0,93.97
2008,9,17,5,30,14.3,0,0,0,0,0,0,94.05
2008,9,17,6,30,13.700000000000001,0,0,0,0,0,0,94.97
2008,9,17,7,30,13.3,0,0,0,0,0,0,94.67
2008,9,17,8,30,12.9,0,0,0,0,0,0,94.66
2008,9,17,9,30,12.5,0,0,0,0,0,0,94.92
2008,9,17,10,30,12.200000000000001,0,0,0,0,0,0,94.84
2008,9,17,11,30,12,0,0,0,0,0,0,94.51
2008,9,17,12,30,12.100000000000001,0,0,0,0,0,0,92.73
2008,9,17,13,30,13.100000000000001,41,145,556,0,20,20,87.46000000000001
2008,9,17,14,30,15.100000000000001,62,385,781,0,54,54,77.92
2008,9,17,15,30,17.900000000000002,74,613,880,0,112,112,65.13
2008,9,17,16,30,20.5,81,800,931,2,310,312,54.71
2008,9,17,17,30,22.3,86,928,958,42,434,471,49.410000000000004
2008,9,17,18,30,23.5,109,979,939,17,444,460,46.39
2008,9,17,19,30,24,108,960,933,5,398,403,45.300000000000004
2008,9,17,20,30,24,103,870,917,1,311,312,45.46
2008,9,17,21,30,23.400000000000002,86,716,893,1,244,245,47.45
2008,9,17,22,30,22.200000000000003,75,508,823,8,219,223,51.34
2008,9,17,23,30,20.5,59,270,673,50,168,184,58.34
2008,9,18,0,30,18.8,26,49,284,0,20,20,70.69
2008,9,18,1,30,17.6,0,0,0,0,0,0,80.72
2008,9,18,2,30,16.900000000000002,0,0,0,0,0,0,84.17
2008,9,18,3,30,16.3,0,0,0,0,0,0,87.92
2008,9,18,4,30,15.8,0,0,0,0,0,0,90.48
2008,9,18,5,30,15.3,0,0,0,0,0,0,91.02
2008,9,18,6,30,14.8,0,0,0,0,0,0,90.84
2008,9,18,7,30,14.3,0,0,0,0,0,0,90.83
2008,9,18,8,30,13.9,0,0,0,0,0,0,90.01
2008,9,18,9,30,13.600000000000001,0,0,0,0,0,0,89.53
2008,9,18,10,30,13.3,0,0,0,0,0,0,89.74
2008,9,18,11,30,12.9,0,0,0,0,0,0,90.85000000000001
2008,9,18,12,30,13,0,0,0,0,0,0,88.97
2008,9,18,13,30,13.9,44,143,530,530,44,143,81.59
2008,9,18,14,30,15.5,66,383,770,1,136,136,70.01
2008,9,18,15,30,17.7,77,613,877,2,237,238,57.53
2008,9,18,16,30,19.8,86,800,928,19,364,379,49.17
2008,9,18,17,30,21.400000000000002,92,928,954,28,431,456,45.21
2008,9,18,18,30,22.5,94,983,962,8,419,426,43.410000000000004
2008,9,18,19,30,23.1,95,966,957,156,484,626,42.81
2008,9,18,20,30,23.1,92,873,936,936,92,873,43.65
2008,9,18,21,30,22.6,106,708,857,43,346,376,46
2008,9,18,22,30,21.700000000000003,95,497,767,568,184,481,50.160000000000004
2008,9,18,23,30,20.1,74,259,596,261,149,230,57.96
2008,9,19,0,30,18.3,29,43,193,0,15,15,71.84
2008,9,19,1,30,17.1,0,0,0,0,0,0,80.05
2008,9,19,2,30,16.400000000000002,0,0,0,0,0,0,83.19
2008,9,19,3,30,16,0,0,0,0,0,0,85.01
2008,9,19,4,30,15.5,0,0,0,0,0,0,87.19
2008,9,19,5,30,15,0,0,0,0,0,0,89.2
2008,9,19,6,30,14.600000000000001,0,0,0,0,0,0,90.64
2008,9,19,7,30,14.3,0,0,0,0,0,0,91.27
2008,9,19,8,30,14,0,0,0,0,0,0,91.35000000000001
2008,9,19,9,30,13.600000000000001,0,0,0,0,0,0,92.12
2008,9,19,10,30,13.3,0,0,0,0,0,0,92.16
2008,9,19,11,30,13,0,0,0,0,0,0,92.19
2008,9,19,12,30,12.9,0,0,0,0,0,0,90.53
2008,9,19,13,30,13.600000000000001,49,136,474,474,49,136,85.42
2008,9,19,14,30,15.4,76,374,727,727,76,374,76.88
2008,9,19,15,30,17.900000000000002,91,601,838,103,342,404,66.57000000000001
2008,9,19,16,30,19.900000000000002,102,787,893,135,427,530,58.51
2008,9,19,17,30,20.900000000000002,107,916,925,328,461,748,55.54
2008,9,19,18,30,21.6,86,982,971,971,86,982,53.58
2008,9,19,19,30,21.900000000000002,85,964,968,968,85,964,52.64
2008,9,19,20,30,21.6,83,872,950,61,416,467,53.54
2008,9,19,21,30,21.1,76,716,915,234,379,542,55.14
2008,9,19,22,30,20.200000000000003,68,506,842,37,254,273,58.75
2008,9,19,23,30,19,54,267,698,189,138,196,65.73
2008,9,20,0,30,17.5,23,45,307,0,24,24,79.18
2008,9,20,1,30,16.6,0,0,0,0,0,0,86.56
2008,9,20,2,30,16.1,0,0,0,0,0,0,88.61
2008,9,20,3,30,15.5,0,0,0,0,0,0,90.75
2008,9,20,4,30,14.8,0,0,0,0,0,0,92.54
2008,9,20,5,30,14,0,0,0,0,0,0,94.2
2008,9,20,6,30,13.3,0,0,0,0,0,0,95.5
2008,9,20,7,30,13,0,0,0,0,0,0,95.08
2008,9,20,8,30,12.8,0,0,0,0,0,0,94.59
2008,9,20,9,30,12.600000000000001,0,0,0,0,0,0,93.88
2008,9,20,10,30,12.3,0,0,0,0,0,0,93.76
2008,9,20,11,30,12,0,0,0,0,0,0,93.8
2008,9,20,12,30,12,0,0,0,0,0,0,92.24
2008,9,20,13,30,13.100000000000001,40,144,566,1,68,69,85.25
2008,9,20,14,30,15.5,60,385,794,23,202,212,73.97
2008,9,20,15,30,18.400000000000002,72,614,891,891,72,614,59.53
2008,9,20,16,30,20.8,79,801,942,247,419,608,49.28
2008,9,20,17,30,22.6,83,928,969,253,481,701,44.61
2008,9,20,18,30,23.6,88,985,976,293,417,687,42.83
2008,9,20,19,30,23.900000000000002,87,966,973,973,87,966,43.09
2008,9,20,20,30,23.6,84,873,953,953,84,873,44.660000000000004
2008,9,20,21,30,22.700000000000003,76,715,919,0,105,105,47.59
2008,9,20,22,30,21.5,67,504,849,133,288,357,52.160000000000004
2008,9,20,23,30,19.900000000000002,52,265,707,10,96,99,59.96
2008,9,21,0,30,18.2,21,43,313,0,16,16,72.39
2008,9,21,1,30,17,0,0,0,0,0,0,80.82000000000001
2008,9,21,2,30,16.400000000000002,0,0,0,0,0,0,85.10000000000001
2008,9,21,3,30,15.8,0,0,0,0,0,0,89.23
2008,9,21,4,30,15.4,0,0,0,0,0,0,91.81
2008,9,21,5,30,15,0,0,0,0,0,0,93.52
2008,9,21,6,30,14.5,0,0,0,0,0,0,94.68
2008,9,21,7,30,14,0,0,0,0,0,0,94.68
2008,9,21,8,30,13.600000000000001,0,0,0,0,0,0,93.8
2008,9,21,9,30,13.200000000000001,0,0,0,0,0,0,93.8
2008,9,21,10,30,12.9,0,0,0,0,0,0,93.67
2008,9,21,11,30,12.600000000000001,0,0,0,0,0,0,93.88
2008,9,21,12,30,12.700000000000001,0,0,0,0,0,0,92.16
2008,9,21,13,30,13.5,41,141,553,0,26,26,88.05
2008,9,21,14,30,15.200000000000001,62,382,785,0,107,107,80.29
2008,9,21,15,30,17.7,73,611,887,8,260,265,68.36
2008,9,21,16,30,20,79,797,940,940,79,797,56.6
2008,9,21,17,30,21.6,82,924,968,1,301,301,50.54
2008,9,21,18,30,22.5,82,983,983,25,449,472,47.49
2008,9,21,19,30,22.8,82,965,979,219,500,698,46.19
2008,9,21,20,30,22.6,80,872,960,960,80,872,46.08
2008,9,21,21,30,22.1,83,710,908,141,390,488,46.89
2008,9,21,22,30,21.3,73,500,834,41,260,281,48.730000000000004
2008,9,21,23,30,19.8,57,259,680,15,147,151,54.26
2008,9,22,0,30,17.900000000000002,22,39,267,0,15,15,69.53
2008,9,22,1,30,16.6,0,0,0,0,0,0,78.69
2008,9,22,2,30,16,0,0,0,0,0,0,81.73
2008,9,22,3,30,15.4,0,0,0,0,0,0,85.4
2008,9,22,4,30,14.700000000000001,0,0,0,0,0,0,90.31
2008,9,22,5,30,14.100000000000001,0,0,0,0,0,0,93.77
2008,9,22,6,30,13.8,0,0,0,0,0,0,95.13
2008,9,22,7,30,13.700000000000001,0,0,0,0,0,0,95.10000000000001
2008,9,22,8,30,13.5,0,0,0,0,0,0,95.11
2008,9,22,9,30,13.200000000000001,0,0,0,0,0,0,95.45
2008,9,22,10,30,13,0,0,0,0,0,0,94.42
2008,9,22,11,30,12.700000000000001,0,0,0,0,0,0,94.44
2008,9,22,12,30,12.700000000000001,0,0,0,0,0,0,92.71000000000001
2008,9,22,13,30,13.5,40,140,551,551,40,140,88.23
2008,9,22,14,30,15.200000000000001,62,379,782,782,62,379,80.53
2008,9,22,15,30,17.7,73,607,884,34,294,314,68.27
2008,9,22,16,30,20,79,792,935,320,390,634,57.56
2008,9,22,17,30,21.8,83,918,962,6,382,387,51.730000000000004
2008,9,22,18,30,22.900000000000002,82,973,975,70,460,524,49.160000000000004
2008,9,22,19,30,23.3,82,954,971,27,377,402,48.54
2008,9,22,20,30,23,80,859,949,376,311,619,49.61
2008,9,22,21,30,22.400000000000002,76,701,910,494,240,580,51.92
2008,9,22,22,30,21.5,67,491,834,65,274,307,55.480000000000004
2008,9,22,23,30,20.1,52,253,683,9,133,136,62.14
2008,9,23,0,30,18.6,20,36,270,0,18,18,72.99
2008,9,23,1,30,17.6,0,0,0,0,0,0,80.11
2008,9,23,2,30,17,0,0,0,0,0,0,83.55
2008,9,23,3,30,16.2,0,0,0,0,0,0,88.46000000000001
2008,9,23,4,30,15.4,0,0,0,0,0,0,92.88
2008,9,23,5,30,14.8,0,0,0,0,0,0,95.3
2008,9,23,6,30,14.5,0,0,0,0,0,0,96.03
2008,9,23,7,30,14.3,0,0,0,0,0,0,96.29
2008,9,23,8,30,14.200000000000001,0,0,0,0,0,0,95.92
2008,9,23,9,30,14,0,0,0,0,0,0,96.36
2008,9,23,10,30,13.9,0,0,0,0,0,0,96.33
2008,9,23,11,30,13.8,0,0,0,0,0,0,96.07000000000001
2008,9,23,12,30,14,0,0,0,0,0,0,93.63
2008,9,23,13,30,15,36,140,580,45,82,90,87.65
2008,9,23,14,30,16.7,53,379,805,805,53,379,79.8
2008,9,23,15,30,19,63,605,899,96,329,387,69.65
2008,9,23,16,30,21.200000000000003,68,789,949,5,323,327,59.93
2008,9,23,17,30,22.8,70,915,976,0,186,186,54.01
2008,9,23,18,30,23.5,72,970,985,0,210,210,51.67
2008,9,23,19,30,23.8,71,950,982,192,486,658,50.71
2008,9,23,20,30,23.5,68,857,964,964,68,857,51.46
2008,9,23,21,30,22.6,76,696,907,0,41,41,54.18
2008,9,23,22,30,21.400000000000002,68,486,830,0,20,20,59.26
2008,9,23,23,30,19.8,52,249,678,0,5,5,67.66
2008,9,24,0,30,18.1,19,34,248,1,19,19,79.65
2008,9,24,1,30,17.1,0,0,0,0,0,0,86.3
2008,9,24,2,30,16.5,0,0,0,0,0,0,88.51
2008,9,24,3,30,16,0,0,0,0,0,0,90.81
2008,9,24,4,30,15.600000000000001,0,0,0,0,0,0,93.11
2008,9,24,5,30,15.4,0,0,0,0,0,0,94.10000000000001
2008,9,24,6,30,15.3,0,0,0,0,0,0,94.29
2008,9,24,7,30,15.200000000000001,0,0,0,0,0,0,94.63
2008,9,24,8,30,15,0,0,0,0,0,0,95.35000000000001
2008,9,24,9,30,14.8,0,0,0,0,0,0,95.49
2008,9,24,10,30,14.5,0,0,0,0,0,0,95.84
2008,9,24,11,30,14.100000000000001,0,0,0,0,0,0,95.97
2008,9,24,12,30,14.100000000000001,0,0,0,0,0,0,93.62
2008,9,24,13,30,14.8,35,140,589,0,17,17,89.37
2008,9,24,14,30,16.400000000000002,52,379,811,0,68,68,82.5
2008,9,24,15,30,18.7,61,605,905,1,192,193,71.48
2008,9,24,16,30,20.700000000000003,66,789,954,1,256,257,61.33
2008,9,24,17,30,22.3,70,914,978,1,278,278,55.34
2008,9,24,18,30,23.3,70,969,989,0,205,205,52.5
2008,9,24,19,30,23.8,71,949,985,152,466,601,51.35
2008,9,24,20,30,23.700000000000003,68,855,966,966,68,855,51.870000000000005
2008,9,24,21,30,22.900000000000002,68,695,921,22,247,262,54.76
2008,9,24,22,30,21.6,59,485,852,0,61,61,60.29
2008,9,24,23,30,19.700000000000003,46,247,704,359,105,207,70.66
2008,9,25,0,30,18.1,17,32,278,0,15,15,83.12
2008,9,25,1,30,17.2,0,0,0,0,0,0,90.14
2008,9,25,2,30,16.6,0,0,0,0,0,0,93.18
2008,9,25,3,30,16.1,0,0,0,0,0,0,94.15
2008,9,25,4,30,15.5,0,0,0,0,0,0,95.56
2008,9,25,5,30,14.3,0,0,0,0,0,0,96.37
2008,9,25,6,30,13.100000000000001,0,0,0,0,0,0,94.71000000000001
2008,9,25,7,30,12.4,0,0,0,0,0,0,93.19
2008,9,25,8,30,12.100000000000001,0,0,0,0,0,0,92.84
2008,9,25,9,30,11.9,0,0,0,0,0,0,92.74
2008,9,25,10,30,11.700000000000001,0,0,0,0,0,0,93.03
2008,9,25,11,30,11.4,0,0,0,0,0,0,94.05
2008,9,25,12,30,11.5,0,0,0,0,0,0,92.5
2008,9,25,13,30,12.4,33,141,614,0,34,34,87.63
2008,9,25,14,30,14.4,51,381,822,822,51,381,78.57000000000001
2008,9,25,15,30,16.900000000000002,63,608,908,189,330,443,67.41
2008,9,25,16,30,19.1,72,792,952,952,72,792,58.18
2008,9,25,17,30,20.6,77,917,976,266,470,698,53.68
2008,9,25,18,30,21.8,79,972,986,147,470,603,50.7
2008,9,25,19,30,22.5,78,951,982,103,463,554,49.050000000000004
2008,9,25,20,30,22.700000000000003,74,856,964,0,177,177,48.660000000000004
2008,9,25,21,30,22.3,74,695,916,0,150,150,49.88
2008,9,25,22,30,21.200000000000003,65,483,841,1,151,152,53.38
2008,9,25,23,30,19.400000000000002,51,243,681,681,51,243,61.03
2008,9,26,0,30,17.6,18,29,223,0,10,10,73.25
2008,9,26,1,30,16.400000000000002,0,0,0,0,0,0,81.68
2008,9,26,2,30,15.700000000000001,0,0,0,0,0,0,86.09
2008,9,26,3,30,15,0,0,0,0,0,0,89.36
2008,9,26,4,30,14.200000000000001,0,0,0,0,0,0,92.51
2008,9,26,5,30,13.600000000000001,0,0,0,0,0,0,94.16
2008,9,26,6,30,13.200000000000001,0,0,0,0,0,0,94.15
2008,9,26,7,30,12.8,0,0,0,0,0,0,94.29
2008,9,26,8,30,12.4,0,0,0,0,0,0,94.71000000000001
2008,9,26,9,30,12.100000000000001,0,0,0,0,0,0,94.35000000000001
2008,9,26,10,30,11.8,0,0,0,0,0,0,93.71000000000001
2008,9,26,11,30,11.5,0,0,0,0,0,0,92.75
2008,9,26,12,30,11.600000000000001,0,0,0,0,0,0,90.41
2008,9,26,13,30,12.700000000000001,38,138,571,571,38,138,83.92
2008,9,26,14,30,15,59,378,799,0,55,55,73.2
2008,9,26,15,30,17.900000000000002,70,606,898,0,161,161,61.19
2008,9,26,16,30,20.3,77,790,945,2,306,307,52.800000000000004
2008,9,26,17,30,21.900000000000002,82,915,971,0,185,185,48.300000000000004
2008,9,26,18,30,22.900000000000002,95,966,965,25,445,467,45.65
2008,9,26,19,30,23.400000000000002,97,944,957,0,144,144,44.42
2008,9,26,20,30,23.5,94,847,932,1,293,294,44
2008,9,26,21,30,23,81,689,904,0,139,139,44.910000000000004
2008,9,26,22,30,22.1,71,478,826,0,112,112,46.97
2008,9,26,23,30,20.400000000000002,54,239,667,667,54,239,52.35
2008,9,27,0,30,18.3,17,27,208,0,7,7,67.36
2008,9,27,1,30,16.7,0,0,0,0,0,0,75.81
2008,9,27,2,30,15.5,0,0,0,0,0,0,77.42
2008,9,27,3,30,14.200000000000001,0,0,0,0,0,0,80.08
2008,9,27,4,30,13.200000000000001,0,0,0,0,0,0,83.14
2008,9,27,5,30,12.4,0,0,0,0,0,0,86.32000000000001
2008,9,27,6,30,11.9,0,0,0,0,0,0,89.21000000000001
2008,9,27,7,30,11.3,0,0,0,0,0,0,92.02
2008,9,27,8,30,10.8,0,0,0,0,0,0,94.61
2008,9,27,9,30,10.600000000000001,0,0,0,0,0,0,94.94
2008,9,27,10,30,10.4,0,0,0,0,0,0,95.14
2008,9,27,11,30,10.100000000000001,0,0,0,0,0,0,95.75
2008,9,27,12,30,10.4,0,0,0,0,0,0,92.55
2008,9,27,13,30,12.3,45,133,507,507,45,133,81.48
2008,9,27,14,30,15.600000000000001,68,375,769,769,68,375,65.77
2008,9,27,15,30,19,80,605,881,1,227,228,50.910000000000004
2008,9,27,16,30,21.3,90,789,929,929,90,789,44.89
2008,9,27,17,30,22.900000000000002,97,914,955,955,97,914,42.37
2008,9,27,18,30,23.900000000000002,122,960,930,930,122,960,40.97
2008,9,27,19,30,24.400000000000002,125,935,917,917,125,935,40.18
2008,9,27,20,30,24.3,125,835,884,128,452,555,40.44
2008,9,27,21,30,23.6,121,672,823,823,121,672,41.78
2008,9,27,22,30,22.6,103,461,732,732,103,461,44.12
2008,9,27,23,30,20.8,74,225,551,551,74,225,50.08
2008,9,28,0,30,18.6,18,22,111,111,18,22,65.79
2008,9,28,1,30,17,0,0,0,0,0,0,74.21000000000001
2008,9,28,2,30,16.1,0,0,0,0,0,0,75.46000000000001
2008,9,28,3,30,15.100000000000001,0,0,0,0,0,0,78.04
2008,9,28,4,30,14,0,0,0,0,0,0,82.36
2008,9,28,5,30,13,0,0,0,0,0,0,87.17
2008,9,28,6,30,12.100000000000001,0,0,0,0,0,0,91.75
2008,9,28,7,30,11.3,0,0,0,0,0,0,95.37
2008,9,28,8,30,10.9,0,0,0,0,0,0,97.18
2008,9,28,9,30,10.700000000000001,0,0,0,0,0,0,97.44
2008,9,28,10,30,10.600000000000001,0,0,0,0,0,0,96.91
2008,9,28,11,30,10.5,0,0,0,0,0,0,96.28
2008,9,28,12,30,10.9,0,0,0,0,0,0,92.85000000000001
2008,9,28,13,30,12.4,58,124,384,384,58,124,83.77
2008,9,28,14,30,15,97,360,664,664,97,360,70.97
2008,9,28,15,30,17.900000000000002,116,589,796,796,116,589,59.86
2008,9,28,16,30,20.1,131,775,858,858,131,775,52.86
2008,9,28,17,30,21.700000000000003,139,900,892,892,139,900,48.160000000000004
2008,9,28,18,30,22.8,87,974,989,989,87,974,45.14
2008,9,28,19,30,23.200000000000003,86,950,982,982,86,950,43.910000000000004
2008,9,28,20,30,23.1,83,854,962,962,83,854,43.74
2008,9,28,21,30,22.6,87,687,901,901,87,687,44.65
2008,9,28,22,30,21.6,78,472,815,1,166,167,47.1
2008,9,28,23,30,19.900000000000002,58,231,641,641,58,231,52.910000000000004
2008,9,29,0,30,17.8,16,22,146,0,11,11,66.46000000000001
2008,9,29,1,30,16.6,0,0,0,0,0,0,75.44
2008,9,29,2,30,15.9,0,0,0,0,0,0,78.35000000000001
2008,9,29,3,30,15.100000000000001,0,0,0,0,0,0,82.3
2008,9,29,4,30,14.200000000000001,0,0,0,0,0,0,86.85000000000001
2008,9,29,5,30,13.100000000000001,0,0,0,0,0,0,92.04
2008,9,29,6,30,12,0,0,0,0,0,0,95.99000000000001
2008,9,29,7,30,11.3,0,0,0,0,0,0,97.82000000000001
2008,9,29,8,30,11,0,0,0,0,0,0,96.88
2008,9,29,9,30,10.700000000000001,0,0,0,0,0,0,96.07000000000001
2008,9,29,10,30,10.600000000000001,0,0,0,0,0,0,94.82000000000001
2008,9,29,11,30,10.4,0,0,0,0,0,0,94.72
2008,9,29,12,30,10.700000000000001,0,0,0,0,0,0,91.74
2008,9,29,13,30,12.200000000000001,58,125,390,390,58,125,82.7
2008,9,29,14,30,15,96,364,679,679,96,364,69.79
2008,9,29,15,30,17.8,115,595,810,810,115,595,59.75
2008,9,29,16,30,20,126,783,879,879,126,783,52.86
2008,9,29,17,30,21.6,129,909,916,916,129,909,48.19
2008,9,29,18,30,22.6,108,972,965,965,108,972,45.01
2008,9,29,19,30,23.1,108,946,956,146,487,615,42.800000000000004
2008,9,29,20,30,23.1,106,848,931,931,106,848,41.85
2008,9,29,21,30,22.5,90,686,901,63,334,375,42.62
2008,9,29,22,30,21.400000000000002,81,470,810,810,81,470,44.83
2008,9,29,23,30,19.5,62,227,621,621,62,227,50.63
2008,9,30,0,30,17.2,15,20,133,0,11,11,63.21
2008,9,30,1,30,15.600000000000001,0,0,0,0,0,0,70.84
2008,9,30,2,30,14.5,0,0,0,0,0,0,71.3
2008,9,30,3,30,13.100000000000001,0,0,0,0,0,0,74.11
2008,9,30,4,30,11.700000000000001,0,0,0,0,0,0,80.49
2008,9,30,5,30,10.600000000000001,0,0,0,0,0,0,87.66
2008,9,30,6,30,10,0,0,0,0,0,0,92.57000000000001
2008,9,30,7,30,10,0,0,0,0,0,0,94.35000000000001
2008,9,30,8,30,10.200000000000001,0,0,0,0,0,0,94.55
2008,9,30,9,30,10.3,0,0,0,0,0,0,95.04
2008,9,30,10,30,10.200000000000001,0,0,0,0,0,0,96.16
2008,9,30,11,30,10,0,0,0,0,0,0,97.19
2008,9,30,12,30,10.4,0,0,0,0,0,0,93.85000000000001
2008,9,30,13,30,12,57,126,409,409,57,126,84.13
2008,9,30,14,30,14.5,86,373,729,729,86,373,68.77
2008,9,30,15,30,17,92,614,885,885,92,614,54.94
2008,9,30,16,30,19.3,93,807,958,6,346,351,43.910000000000004
2008,9,30,17,30,21.1,92,937,995,389,451,781,36.71
2008,9,30,18,30,22.400000000000002,91,992,1011,1011,91,992,32.05
2008,9,30,19,30,23.200000000000003,88,969,1009,1009,88,969,29.25
2008,9,30,20,30,23.3,85,870,991,991,85,870,27.94
2008,9,30,21,30,22.8,80,703,947,947,80,703,27.66
2008,9,30,22,30,21.6,70,484,869,5,200,202,28.830000000000002
2008,9,30,23,30,18.8,52,236,703,703,52,236,35.24
2008,10,1,0,30,15.5,14,20,187,187,14,20,55.49
2008,10,1,1,30,13.600000000000001,0,0,0,0,0,0,63.35
2008,10,1,2,30,12.600000000000001,0,0,0,0,0,0,65.94
2008,10,1,3,30,11.600000000000001,0,0,0,0,0,0,70.23
2008,10,1,4,30,10.5,0,0,0,0,0,0,76.61
2008,10,1,5,30,9.600000000000001,0,0,0,0,0,0,82.74
2008,10,1,6,30,8.8,0,0,0,0,0,0,88.52
2008,10,1,7,30,8.200000000000001,0,0,0,0,0,0,95.24
2008,10,1,8,30,8.200000000000001,0,0,0,0,0,0,98.5
2008,10,1,9,30,8.6,0,0,0,0,0,0,96.73
2008,10,1,10,30,8.700000000000001,0,0,0,0,0,0,95.25
2008,10,1,11,30,8.200000000000001,0,0,0,0,0,0,94.56
2008,10,1,12,30,7.800000000000001,0,0,0,0,0,0,91.45
2008,10,1,13,30,9.200000000000001,43,140,582,582,43,140,80.15
2008,10,1,14,30,12.4,62,396,855,855,62,396,62.13
2008,10,1,15,30,15.9,68,637,967,967,68,637,40.14
2008,10,1,16,30,18.7,74,829,1017,1017,74,829,26.43
2008,10,1,17,30,20.6,78,953,1035,1035,78,953,23.12
2008,10,1,18,30,22,80,1007,1043,1043,80,1007,21.490000000000002
2008,10,1,19,30,22.8,80,979,1034,1034,80,979,20.8
2008,10,1,20,30,23,77,879,1016,1016,77,879,20.830000000000002
2008,10,1,21,30,22.6,69,708,977,977,69,708,21.8
2008,10,1,22,30,21.6,61,487,903,903,61,487,23.87
2008,10,1,23,30,18.7,46,235,737,737,46,235,31.3
2008,10,2,0,30,15.100000000000001,13,18,211,211,13,18,56.79
2008,10,2,1,30,13.100000000000001,0,0,0,0,0,0,65.21000000000001
2008,10,2,2,30,12.100000000000001,0,0,0,0,0,0,69.37
2008,10,2,3,30,11.200000000000001,0,0,0,0,0,0,73.47
2008,10,2,4,30,10.3,0,0,0,0,0,0,77.49
2008,10,2,5,30,9.600000000000001,0,0,0,0,0,0,80.68
2008,10,2,6,30,9,0,0,0,0,0,0,84.78
2008,10,2,7,30,8.4,0,0,0,0,0,0,90.52
2008,10,2,8,30,8.1,0,0,0,0,0,0,95.9
2008,10,2,9,30,8.200000000000001,0,0,0,0,0,0,97.63
2008,10,2,10,30,8.3,0,0,0,0,0,0,96.24000000000001
2008,10,2,11,30,8.1,0,0,0,0,0,0,94.15
2008,10,2,12,30,7.800000000000001,0,0,0,0,0,0,92.05
2008,10,2,13,30,9.3,45,136,550,550,45,136,80.31
2008,10,2,14,30,12.9,65,390,832,832,65,390,61.58
2008,10,2,15,30,16.7,74,628,944,944,74,628,44.56
2008,10,2,16,30,19.3,81,820,998,998,81,820,33.61
2008,10,2,17,30,21,84,944,1020,1020,84,944,28.580000000000002
2008,10,2,18,30,22.200000000000003,84,998,1033,1033,84,998,25.650000000000002
2008,10,2,19,30,23,83,974,1029,1029,83,974,24.04
2008,10,2,20,30,23.200000000000003,80,870,1005,1005,80,870,23.67
2008,10,2,21,30,22.900000000000002,74,702,966,966,74,702,24.080000000000002
2008,10,2,22,30,21.900000000000002,65,479,884,884,65,479,25.61
2008,10,2,23,30,19.1,49,229,715,715,49,229,32.28
2008,10,3,0,30,15.4,12,16,181,181,12,16,58.96
2008,10,3,1,30,13.4,0,0,0,0,0,0,64.95
2008,10,3,2,30,12.4,0,0,0,0,0,0,67.88
2008,10,3,3,30,11.4,0,0,0,0,0,0,72.12
2008,10,3,4,30,10.5,0,0,0,0,0,0,76.44
2008,10,3,5,30,9.9,0,0,0,0,0,0,79.74
2008,10,3,6,30,9.4,0,0,0,0,0,0,83.37
2008,10,3,7,30,8.9,0,0,0,0,0,0,87.32000000000001
2008,10,3,8,30,8.4,0,0,0,0,0,0,91.24
2008,10,3,9,30,7.800000000000001,0,0,0,0,0,0,96.05
2008,10,3,10,30,7.4,0,0,0,0,0,0,99.41
2008,10,3,11,30,7.300000000000001,0,0,0,0,0,0,100
2008,10,3,12,30,8,0,0,0,0,0,0,94.23
2008,10,3,13,30,9.9,42,132,548,548,42,132,81.32000000000001
2008,10,3,14,30,13.3,64,382,817,817,64,382,63.6
2008,10,3,15,30,17.400000000000002,76,620,931,931,76,620,43.18
2008,10,3,16,30,20.400000000000002,83,810,985,985,83,810,31.36
2008,10,3,17,30,22.1,87,933,1007,1007,87,933,27.59
2008,10,3,18,30,23.1,86,987,1022,1022,86,987,25.95
2008,10,3,19,30,23.6,85,962,1017,1017,85,962,25.14
2008,10,3,20,30,23.700000000000003,84,862,994,994,84,862,24.82
2008,10,3,21,30,23.3,76,692,953,953,76,692,25.21
2008,10,3,22,30,22.3,66,472,875,875,66,472,26.62
2008,10,3,23,30,19.5,48,224,705,705,48,224,33.49
2008,10,4,0,30,16,11,14,164,164,11,14,58.6
2008,10,4,1,30,14,0,0,0,0,0,0,63.32
2008,10,4,2,30,12.9,0,0,0,0,0,0,64.73
2008,10,4,3,30,12,0,0,0,0,0,0,66.27
2008,10,4,4,30,11.100000000000001,0,0,0,0,0,0,68.45
2008,10,4,5,30,10.4,0,0,0,0,0,0,71.36
2008,10,4,6,30,9.700000000000001,0,0,0,0,0,0,76.57000000000001
2008,10,4,7,30,9.1,0,0,0,0,0,0,82.86
2008,10,4,8,30,8.5,0,0,0,0,0,0,89.60000000000001
2008,10,4,9,30,7.9,0,0,0,0,0,0,94.78
2008,10,4,10,30,7.4,0,0,0,0,0,0,98.09
2008,10,4,11,30,7.1000000000000005,0,0,0,0,0,0,99.02
2008,10,4,12,30,7.9,0,0,0,0,0,0,91.27
2008,10,4,13,30,10.8,38,133,581,581,38,133,74.59
2008,10,4,14,30,15.600000000000001,60,380,829,829,60,380,53.160000000000004
2008,10,4,15,30,20.3,72,613,930,930,72,613,35.11
2008,10,4,16,30,22.8,80,802,981,981,80,802,28.37
2008,10,4,17,30,24,84,927,1007,1007,84,927,26.310000000000002
2008,10,4,18,30,24.8,87,980,1015,1015,87,980,25.03
2008,10,4,19,30,25.200000000000003,87,955,1010,1010,87,955,24.34
2008,10,4,20,30,25.3,84,855,990,990,84,855,23.91
2008,10,4,21,30,24.8,78,684,942,942,78,684,24.240000000000002
2008,10,4,22,30,23.8,68,465,863,863,68,465,25.35
2008,10,4,23,30,20.8,49,218,688,688,49,218,32.31
2008,10,5,0,30,17.2,0,0,0,0,0,0,59.03
2008,10,5,1,30,15.100000000000001,0,0,0,0,0,0,62.300000000000004
2008,10,5,2,30,13.9,0,0,0,0,0,0,63.72
2008,10,5,3,30,12.700000000000001,0,0,0,0,0,0,66.03
2008,10,5,4,30,11.600000000000001,0,0,0,0,0,0,68.99
2008,10,5,5,30,10.700000000000001,0,0,0,0,0,0,71.96000000000001
2008,10,5,6,30,9.9,0,0,0,0,0,0,75.29
2008,10,5,7,30,9.4,0,0,0,0,0,0,77.58
2008,10,5,8,30,8.9,0,0,0,0,0,0,79.85000000000001
2008,10,5,9,30,8.6,0,0,0,0,0,0,81.13
2008,10,5,10,30,8.3,0,0,0,0,0,0,82.76
2008,10,5,11,30,8.3,0,0,0,0,0,0,83.63
2008,10,5,12,30,9.200000000000001,0,0,0,0,0,0,79.79
2008,10,5,13,30,12.5,43,126,510,510,43,126,68.54
2008,10,5,14,30,17,69,369,778,778,69,369,51.11
2008,10,5,15,30,21,84,600,890,890,84,600,44.21
2008,10,5,16,30,23.6,92,787,947,947,92,787,37.81
2008,10,5,17,30,25.200000000000003,96,911,977,977,96,911,32.36
2008,10,5,18,30,26.400000000000002,96,964,991,991,96,964,28.830000000000002
2008,10,5,19,30,27.1,96,939,985,985,96,939,26.66
2008,10,5,20,30,27.3,92,836,961,961,92,836,25.53
2008,10,5,21,30,27.1,83,670,920,920,83,670,25.29
2008,10,5,22,30,26.1,71,452,834,834,71,452,26.650000000000002
2008,10,5,23,30,23.8,52,207,644,644,52,207,32.89
2008,10,6,0,30,20.900000000000002,0,0,0,0,0,0,54.61
2008,10,6,1,30,18.8,0,0,0,0,0,0,63.45
2008,10,6,2,30,17.400000000000002,0,0,0,0,0,0,68.17
2008,10,6,3,30,16.3,0,0,0,0,0,0,72.88
2008,10,6,4,30,15.3,0,0,0,0,0,0,80.79
2008,10,6,5,30,14.4,0,0,0,0,0,0,88.43
2008,10,6,6,30,13.8,0,0,0,0,0,0,92.57000000000001
2008,10,6,7,30,13.100000000000001,0,0,0,0,0,0,96.72
2008,10,6,8,30,12.700000000000001,0,0,0,0,0,0,98.54
2008,10,6,9,30,12.4,0,0,0,0,0,0,98.91
2008,10,6,10,30,12.200000000000001,0,0,0,0,0,0,97.66
2008,10,6,11,30,11.9,0,0,0,0,0,0,96.54
2008,10,6,12,30,11.9,0,0,0,0,0,0,93.74
2008,10,6,13,30,13.4,45,123,488,488,45,123,84.25
2008,10,6,14,30,16.1,73,364,761,761,73,364,73.05
2008,10,6,15,30,18.7,87,592,875,875,87,592,61.64
2008,10,6,16,30,20.900000000000002,95,778,935,935,95,778,52.24
2008,10,6,17,30,22.700000000000003,100,903,966,966,100,903,45.51
2008,10,6,18,30,24,101,951,974,974,101,951,40.89
2008,10,6,19,30,24.5,104,922,960,960,104,922,38.59
2008,10,6,20,30,24.5,103,821,931,931,103,821,37.87
2008,10,6,21,30,24.200000000000003,93,655,885,885,93,655,38.25
2008,10,6,22,30,23.3,78,439,798,798,78,439,40.160000000000004
2008,10,6,23,30,21.3,55,200,608,608,55,200,47.6
2008,10,7,0,30,18.7,0,0,0,0,0,0,68.51
2008,10,7,1,30,17.2,0,0,0,0,0,0,73.10000000000001
2008,10,7,2,30,16.5,0,0,0,0,0,0,74.47
2008,10,7,3,30,15.9,0,0,0,0,0,0,75.74
2008,10,7,4,30,15.200000000000001,0,0,0,0,0,0,77.60000000000001
2008,10,7,5,30,14.5,0,0,0,0,0,0,79.93
2008,10,7,6,30,13.8,0,0,0,0,0,0,82.4
2008,10,7,7,30,13.3,0,0,0,0,0,0,84.02
2008,10,7,8,30,13,0,0,0,0,0,0,84.84
2008,10,7,9,30,12.700000000000001,0,0,0,0,0,0,86.14
2008,10,7,10,30,12.4,0,0,0,0,0,0,89.23
2008,10,7,11,30,12.3,0,0,0,0,0,0,92.53
2008,10,7,12,30,12.9,0,0,0,0,0,0,92.54
2008,10,7,13,30,14.600000000000001,55,110,347,12,69,71,86.82000000000001
2008,10,7,14,30,16.7,101,337,621,621,101,337,79.4
2008,10,7,15,30,18.900000000000002,122,561,764,764,122,561,68.05
2008,10,7,16,30,21.1,129,746,847,847,129,746,55.61
2008,10,7,17,30,22.8,132,869,889,889,132,869,49.02
2008,10,7,18,30,23.700000000000003,114,927,935,935,114,927,46.07
2008,10,7,19,30,24,115,899,924,15,330,343,44.54
2008,10,7,20,30,23.8,111,799,896,19,299,313,44.26
2008,10,7,21,30,23.1,103,634,841,520,225,553,45.910000000000004
2008,10,7,22,30,22,88,420,742,69,255,286,49.27
2008,10,7,23,30,20.200000000000003,62,185,528,13,95,98,57.46
2008,10,8,0,30,18.5,0,0,0,0,0,0,71.55
2008,10,8,1,30,17.5,0,0,0,0,0,0,77.36
2008,10,8,2,30,16.8,0,0,0,0,0,0,80.65
2008,10,8,3,30,16,0,0,0,0,0,0,85.18
2008,10,8,4,30,15.4,0,0,0,0,0,0,88.48
2008,10,8,5,30,14.700000000000001,0,0,0,0,0,0,92
2008,10,8,6,30,14.3,0,0,0,0,0,0,93.72
2008,10,8,7,30,14.200000000000001,0,0,0,0,0,0,93.61
2008,10,8,8,30,14.100000000000001,0,0,0,0,0,0,93.76
2008,10,8,9,30,14,0,0,0,0,0,0,94.06
2008,10,8,10,30,13.9,0,0,0,0,0,0,94.14
2008,10,8,11,30,13.8,0,0,0,0,0,0,94
2008,10,8,12,30,13.8,0,0,0,0,0,0,93.45
2008,10,8,13,30,14.600000000000001,42,114,462,19,73,75,89.08
2008,10,8,14,30,16.400000000000002,67,348,743,254,173,269,82.22
2008,10,8,15,30,18.8,77,573,865,95,323,377,70.51
2008,10,8,16,30,20.900000000000002,82,755,927,133,407,503,59.6
2008,10,8,17,30,22.400000000000002,84,876,959,80,427,493,53.57
2008,10,8,18,30,23.200000000000003,107,918,936,158,485,621,50.43
2008,10,8,19,30,23.3,111,889,919,179,482,634,49.28
2008,10,8,20,30,22.6,110,789,888,213,436,599,50.730000000000004
2008,10,8,21,30,21.700000000000003,103,625,833,0,144,144,53.47
2008,10,8,22,30,20.8,87,414,736,736,87,414,56.4
2008,10,8,23,30,19.400000000000002,61,180,522,522,61,180,62.49
2008,10,9,0,30,17.8,0,0,0,0,0,0,74.29
2008,10,9,1,30,16.8,0,0,0,0,0,0,79.56
2008,10,9,2,30,16.2,0,0,0,0,0,0,81.95
2008,10,9,3,30,15.5,0,0,0,0,0,0,84.85000000000001
2008,10,9,4,30,14.8,0,0,0,0,0,0,87.79
2008,10,9,5,30,14.100000000000001,0,0,0,0,0,0,90.9
2008,10,9,6,30,13.5,0,0,0,0,0,0,93.72
2008,10,9,7,30,13.3,0,0,0,0,0,0,93.85000000000001
2008,10,9,8,30,13,0,0,0,0,0,0,93.82000000000001
2008,10,9,9,30,12.700000000000001,0,0,0,0,0,0,93.49
2008,10,9,10,30,12.4,0,0,0,0,0,0,93.18
2008,10,9,11,30,12.200000000000001,0,0,0,0,0,0,92.48
2008,10,9,12,30,12.200000000000001,0,0,0,0,0,0,91.04
2008,10,9,13,30,13.4,42,112,456,456,42,112,83.35000000000001
2008,10,9,14,30,16.1,66,346,743,743,66,346,70.47
2008,10,9,15,30,19.5,77,570,864,864,77,570,58.14
2008,10,9,16,30,22.200000000000003,83,752,924,632,271,728,50.51
2008,10,9,17,30,23.5,89,870,949,949,89,870,47.870000000000005
2008,10,9,18,30,23.900000000000002,90,919,960,960,90,919,47.15
2008,10,9,19,30,23.700000000000003,92,892,951,951,92,892,47.480000000000004
2008,10,9,20,30,23.200000000000003,89,792,924,924,89,792,48.95
2008,10,9,21,30,22.6,84,626,870,870,84,626,51.75
2008,10,9,22,30,21.6,72,415,778,461,165,368,56.93
2008,10,9,23,30,20.1,52,181,571,359,95,176,68.41
2008,10,10,0,30,18.8,0,0,0,0,0,0,83.15
2008,10,10,1,30,18.1,0,0,0,0,0,0,87.85000000000001
2008,10,10,2,30,17.5,0,0,0,0,0,0,90.48
2008,10,10,3,30,17.1,0,0,0,0,0,0,91.99
2008,10,10,4,30,16.7,0,0,0,0,0,0,93.37
2008,10,10,5,30,16.3,0,0,0,0,0,0,94.36
2008,10,10,6,30,16,0,0,0,0,0,0,94.73
2008,10,10,7,30,15.8,0,0,0,0,0,0,94.32000000000001
2008,10,10,8,30,15.4,0,0,0,0,0,0,94.8
2008,10,10,9,30,15.100000000000001,0,0,0,0,0,0,94.32000000000001
2008,10,10,10,30,14.700000000000001,0,0,0,0,0,0,94.26
2008,10,10,11,30,14.3,0,0,0,0,0,0,94.33
2008,10,10,12,30,14.200000000000001,0,0,0,0,0,0,92.58
2008,10,10,13,30,14.9,37,114,502,502,37,114,87.69
2008,10,10,14,30,16.7,61,346,763,763,61,346,78.22
2008,10,10,15,30,19.1,73,567,869,869,73,567,64.17
2008,10,10,16,30,21.5,81,747,924,924,81,747,52.7
2008,10,10,17,30,23.400000000000002,85,866,952,952,85,866,46.88
2008,10,10,18,30,24.700000000000003,94,912,951,951,94,912,43.46
2008,10,10,19,30,25.1,93,886,947,947,93,886,42.39
2008,10,10,20,30,24.700000000000003,90,787,923,923,90,787,43.45
2008,10,10,21,30,24,86,623,867,867,86,623,45.44
2008,10,10,22,30,23.1,74,411,771,517,148,374,48.51
2008,10,10,23,30,21.700000000000003,52,178,566,359,91,170,56
2008,10,11,0,30,20.200000000000003,0,0,0,0,0,0,70.8
2008,10,11,1,30,19,0,0,0,0,0,0,73.7
2008,10,11,2,30,17.6,0,0,0,0,0,0,80.49
2008,10,11,3,30,16.400000000000002,0,0,0,0,0,0,82.99
2008,10,11,4,30,15.3,0,0,0,0,0,0,85.72
2008,10,11,5,30,14.5,0,0,0,0,0,0,88.24
2008,10,11,6,30,13.9,0,0,0,0,0,0,91.23
2008,10,11,7,30,13.600000000000001,0,0,0,0,0,0,93.77
2008,10,11,8,30,13.5,0,0,0,0,0,0,94.42
2008,10,11,9,30,13.4,0,0,0,0,0,0,94.33
2008,10,11,10,30,13.200000000000001,0,0,0,0,0,0,94.3
2008,10,11,11,30,13,0,0,0,0,0,0,94.68
2008,10,11,12,30,13.3,0,0,0,0,0,0,92.37
2008,10,11,13,30,14.700000000000001,41,111,466,466,41,111,84.95
2008,10,11,14,30,17.5,69,341,730,730,69,341,72.57000000000001
2008,10,11,15,30,20.700000000000003,85,563,844,844,85,563,59.95
2008,10,11,16,30,23.400000000000002,94,742,903,903,94,742,49.83
2008,10,11,17,30,25.200000000000003,101,860,929,929,101,860,44.18
2008,10,11,18,30,26.3,103,908,939,939,103,908,41.34
2008,10,11,19,30,26.400000000000002,106,878,925,925,106,878,41.44
2008,10,11,20,30,25.8,105,776,892,892,105,776,43.34
2008,10,11,21,30,24.900000000000002,94,614,845,461,232,516,46.34
2008,10,11,22,30,23.900000000000002,79,403,747,364,177,335,50.25
2008,10,11,23,30,22.1,54,172,538,538,54,172,59.050000000000004
2008,10,12,0,30,20.3,0,0,0,0,0,0,75.24
2008,10,12,1,30,19.3,0,0,0,0,0,0,81.16
2008,10,12,2,30,18.7,0,0,0,0,0,0,84
2008,10,12,3,30,18.1,0,0,0,0,0,0,86.64
2008,10,12,4,30,17.5,0,0,0,0,0,0,89.14
2008,10,12,5,30,17,0,0,0,0,0,0,90.67
2008,10,12,6,30,16.7,0,0,0,0,0,0,91.89
2008,10,12,7,30,16.400000000000002,0,0,0,0,0,0,92.84
2008,10,12,8,30,16.1,0,0,0,0,0,0,93.74
2008,10,12,9,30,15.8,0,0,0,0,0,0,94.71000000000001
2008,10,12,10,30,15.5,0,0,0,0,0,0,95.74000000000001
2008,10,12,11,30,15.3,0,0,0,0,0,0,96.08
2008,10,12,12,30,15.4,0,0,0,0,0,0,94.5
2008,10,12,13,30,16.400000000000002,39,107,453,1,59,59,89.23
2008,10,12,14,30,18.1,65,336,733,733,65,336,81.7
2008,10,12,15,30,20.200000000000003,78,556,848,848,78,556,71.65
2008,10,12,16,30,21.900000000000002,87,733,904,904,87,733,63.07
2008,10,12,17,30,22.5,94,850,929,929,94,850,59.230000000000004
2008,10,12,18,30,22.5,125,887,892,119,449,550,58.32
2008,10,12,19,30,22.400000000000002,126,858,881,134,459,571,58
2008,10,12,20,30,22.200000000000003,120,759,854,369,378,654,58.160000000000004
2008,10,12,21,30,22.1,119,593,775,497,228,532,57.84
2008,10,12,22,30,21.700000000000003,96,387,678,678,96,387,58.56
2008,10,12,23,30,20.900000000000002,63,161,456,139,80,110,62.86
2008,10,13,0,30,19.8,0,0,0,0,0,0,73.56
2008,10,13,1,30,18.8,0,0,0,0,0,0,78.19
2008,10,13,2,30,18,0,0,0,0,0,0,81.28
2008,10,13,3,30,17.2,0,0,0,0,0,0,83.34
2008,10,13,4,30,16.6,0,0,0,0,0,0,84.77
2008,10,13,5,30,16,0,0,0,0,0,0,86.5
2008,10,13,6,30,15.4,0,0,0,0,0,0,87.93
2008,10,13,7,30,14.9,0,0,0,0,0,0,89.15
2008,10,13,8,30,14.4,0,0,0,0,0,0,91.47
2008,10,13,9,30,14.100000000000001,0,0,0,0,0,0,93.89
2008,10,13,10,30,13.9,0,0,0,0,0,0,96.2
2008,10,13,11,30,13.9,0,0,0,0,0,0,97.52
2008,10,13,12,30,14.3,0,0,0,0,0,0,95.39
2008,10,13,13,30,15.700000000000001,42,105,428,428,42,105,88.16
2008,10,13,14,30,18.2,68,336,728,13,176,181,78.77
2008,10,13,15,30,21.3,79,559,855,117,320,386,65.5
2008,10,13,16,30,23.700000000000003,84,741,924,229,397,560,54.550000000000004
2008,10,13,17,30,25.200000000000003,86,861,957,957,86,861,48.35
2008,10,13,18,30,26.200000000000003,103,904,942,116,438,537,44.84
2008,10,13,19,30,26.400000000000002,101,875,935,935,101,875,43.69
2008,10,13,20,30,26.200000000000003,96,776,912,912,96,776,43.52
2008,10,13,21,30,25.400000000000002,87,611,861,861,87,611,44.980000000000004
2008,10,13,22,30,24.1,74,398,763,763,74,398,48.6
2008,10,13,23,30,22.1,51,166,545,545,51,166,57.57
2008,10,14,0,30,20.200000000000003,0,0,0,0,0,0,70.63
2008,10,14,1,30,19,0,0,0,0,0,0,75.5
2008,10,14,2,30,18,0,0,0,0,0,0,78.8
2008,10,14,3,30,16.900000000000002,0,0,0,0,0,0,82.85000000000001
2008,10,14,4,30,16,0,0,0,0,0,0,86.4
2008,10,14,5,30,15.4,0,0,0,0,0,0,90.21000000000001
2008,10,14,6,30,15.100000000000001,0,0,0,0,0,0,92.54
2008,10,14,7,30,14.9,0,0,0,0,0,0,92.59
2008,10,14,8,30,14.5,0,0,0,0,0,0,93.29
2008,10,14,9,30,14.100000000000001,0,0,0,0,0,0,93.58
2008,10,14,10,30,13.600000000000001,0,0,0,0,0,0,93.97
2008,10,14,11,30,13.100000000000001,0,0,0,0,0,0,94.25
2008,10,14,12,30,12.9,0,0,0,0,0,0,92.5
2008,10,14,13,30,13.600000000000001,34,114,550,35,70,75,86.75
2008,10,14,14,30,15.5,55,352,809,256,173,266,75.63
2008,10,14,15,30,18,66,579,919,515,197,485,62.68
2008,10,14,16,30,20.5,71,762,974,458,273,597,52.02
2008,10,14,17,30,22.6,73,882,1002,575,273,737,44.730000000000004
2008,10,14,18,30,24,72,931,1014,569,267,749,40.15
2008,10,14,19,30,24.700000000000003,71,903,1010,1010,71,903,37.51
2008,10,14,20,30,24.900000000000002,68,802,990,603,228,675,36.15
2008,10,14,21,30,24.5,64,635,946,946,64,635,35.95
2008,10,14,22,30,23.400000000000002,55,419,862,862,55,419,37.21
2008,10,14,23,30,20.900000000000002,39,178,670,28,111,116,43.53
2008,10,15,0,30,18,0,0,0,0,0,0,61.32
2008,10,15,1,30,16.7,0,0,0,0,0,0,65.43
2008,10,15,2,30,15.700000000000001,0,0,0,0,0,0,68.63
2008,10,15,3,30,14.600000000000001,0,0,0,0,0,0,74.51
2008,10,15,4,30,13.600000000000001,0,0,0,0,0,0,80.46000000000001
2008,10,15,5,30,12.700000000000001,0,0,0,0,0,0,85.83
2008,10,15,6,30,12.100000000000001,0,0,0,0,0,0,89.53
2008,10,15,7,30,11.600000000000001,0,0,0,0,0,0,92.91
2008,10,15,8,30,11.4,0,0,0,0,0,0,94.02
2008,10,15,9,30,11.200000000000001,0,0,0,0,0,0,94.31
2008,10,15,10,30,10.8,0,0,0,0,0,0,95.27
2008,10,15,11,30,10.5,0,0,0,0,0,0,95.10000000000001
2008,10,15,12,30,10.5,0,0,0,0,0,0,92.8
2008,10,15,13,30,12,33,113,552,3,65,65,82.24
2008,10,15,14,30,16.1,53,350,815,66,206,230,63.08
2008,10,15,15,30,20.400000000000002,63,574,918,330,280,463,42.46
2008,10,15,16,30,22.5,70,755,969,969,70,755,35.4
2008,10,15,17,30,23.700000000000003,75,872,992,992,75,872,32.62
2008,10,15,18,30,24.3,80,917,992,992,80,917,31.35
2008,10,15,19,30,24.6,81,888,984,48,421,461,30.84
2008,10,15,20,30,24.3,79,785,957,202,424,572,31.69
2008,10,15,21,30,23.6,72,619,912,3,247,249,33.5
2008,10,15,22,30,22.3,61,404,820,0,127,127,36.980000000000004
2008,10,15,23,30,20.200000000000003,43,168,611,11,101,103,44.63
2008,10,16,0,30,17.900000000000002,0,0,0,0,0,0,61.28
2008,10,16,1,30,16.6,0,0,0,0,0,0,68.56
2008,10,16,2,30,15.8,0,0,0,0,0,0,72.47
2008,10,16,3,30,15.100000000000001,0,0,0,0,0,0,77.59
2008,10,16,4,30,14.4,0,0,0,0,0,0,83.84
2008,10,16,5,30,13.700000000000001,0,0,0,0,0,0,89.84
2008,10,16,6,30,13.200000000000001,0,0,0,0,0,0,93.36
2008,10,16,7,30,13,0,0,0,0,0,0,94.85000000000001
2008,10,16,8,30,12.8,0,0,0,0,0,0,95.78
2008,10,16,9,30,12.5,0,0,0,0,0,0,96.9
2008,10,16,10,30,12.200000000000001,0,0,0,0,0,0,97.2
2008,10,16,11,30,12,0,0,0,0,0,0,97.11
2008,10,16,12,30,12.200000000000001,0,0,0,0,0,0,94.68
2008,10,16,13,30,13.3,34,108,516,516,34,108,88.71000000000001
2008,10,16,14,30,15.4,56,341,788,788,56,341,80.02
2008,10,16,15,30,17.900000000000002,67,564,896,45,280,305,65.77
2008,10,16,16,30,20,74,743,950,950,74,743,53.83
2008,10,16,17,30,21.6,78,861,978,0,139,139,48.35
2008,10,16,18,30,22.700000000000003,80,908,986,0,186,187,45.42
2008,10,16,19,30,23.3,79,878,978,1,291,292,43.83
2008,10,16,20,30,23.400000000000002,75,778,957,32,360,384,43.29
2008,10,16,21,30,23,82,606,878,0,37,37,44.02
2008,10,16,22,30,21.900000000000002,72,392,772,772,72,392,46.84
2008,10,16,23,30,20,50,157,536,11,101,103,54
2008,10,17,0,30,18,0,0,0,0,0,0,67.73
2008,10,17,1,30,17,0,0,0,0,0,0,74.17
2008,10,17,2,30,16.400000000000002,0,0,0,0,0,0,77.71000000000001
2008,10,17,3,30,15.700000000000001,0,0,0,0,0,0,81.77
2008,10,17,4,30,14.9,0,0,0,0,0,0,86.23
2008,10,17,5,30,14,0,0,0,0,0,0,90.94
2008,10,17,6,30,13.3,0,0,0,0,0,0,95.19
2008,10,17,7,30,13,0,0,0,0,0,0,96.52
2008,10,17,8,30,12.8,0,0,0,0,0,0,96.54
2008,10,17,9,30,12.600000000000001,0,0,0,0,0,0,95.66
2008,10,17,10,30,12.4,0,0,0,0,0,0,95.12
2008,10,17,11,30,12.200000000000001,0,0,0,0,0,0,95.24
2008,10,17,12,30,12.3,0,0,0,0,0,0,94.09
2008,10,17,13,30,13.5,34,106,510,510,34,106,86.85000000000001
2008,10,17,14,30,15.8,56,339,787,0,106,106,73.93
2008,10,17,15,30,18.6,67,562,899,7,237,241,60.800000000000004
2008,10,17,16,30,20.900000000000002,73,741,953,0,160,160,51.95
2008,10,17,17,30,22.6,78,860,980,0,177,177,46.6
2008,10,17,18,30,23.6,86,905,978,10,395,404,43.78
2008,10,17,19,30,24.200000000000003,87,876,970,6,370,375,42.12
2008,10,17,20,30,24.200000000000003,84,774,944,0,213,213,41.86
2008,10,17,21,30,23.700000000000003,74,608,900,6,255,258,42.81
2008,10,17,22,30,22.6,63,395,808,808,63,395,45.37
2008,10,17,23,30,20.6,42,161,602,119,103,126,52.19
2008,10,18,0,30,18.7,0,0,0,0,0,0,64.49
2008,10,18,1,30,17.7,0,0,0,0,0,0,69.42
2008,10,18,2,30,17,0,0,0,0,0,0,72.24
2008,10,18,3,30,16.2,0,0,0,0,0,0,76.5
2008,10,18,4,30,15.200000000000001,0,0,0,0,0,0,82.06
2008,10,18,5,30,14.3,0,0,0,0,0,0,86.91
2008,10,18,6,30,13.5,0,0,0,0,0,0,91.4
2008,10,18,7,30,12.9,0,0,0,0,0,0,95.52
2008,10,18,8,30,12.700000000000001,0,0,0,0,0,0,97.02
2008,10,18,9,30,12.600000000000001,0,0,0,0,0,0,97.44
2008,10,18,10,30,12.4,0,0,0,0,0,0,98.3
2008,10,18,11,30,12.200000000000001,0,0,0,0,0,0,99.01
2008,10,18,12,30,12.4,0,0,0,0,0,0,96.96000000000001
2008,10,18,13,30,13.9,35,104,497,497,35,104,87.61
2008,10,18,14,30,16,57,337,783,0,128,128,78.07000000000001
2008,10,18,15,30,18.2,68,559,895,5,229,232,67.65
2008,10,18,16,30,20.200000000000003,72,739,956,100,384,454,57.61
2008,10,18,17,30,21.6,77,859,984,0,73,73,51.04
2008,10,18,18,30,22.6,81,905,990,1,316,317,47.050000000000004
2008,10,18,19,30,23.200000000000003,81,876,981,5,364,369,44.660000000000004
2008,10,18,20,30,23.200000000000003,78,774,958,158,419,534,44.01
2008,10,18,21,30,22.900000000000002,76,607,902,0,145,145,43.83
2008,10,18,22,30,22,64,393,808,104,233,275,45.08
2008,10,18,23,30,19.900000000000002,43,158,594,70,104,118,51.39
2008,10,19,0,30,17.5,0,0,0,0,0,0,67.79
2008,10,19,1,30,16.3,0,0,0,0,0,0,72.69
2008,10,19,2,30,15.5,0,0,0,0,0,0,75.7
2008,10,19,3,30,14.600000000000001,0,0,0,0,0,0,79.41
2008,10,19,4,30,13.600000000000001,0,0,0,0,0,0,84.10000000000001
2008,10,19,5,30,12.600000000000001,0,0,0,0,0,0,89.26
2008,10,19,6,30,11.600000000000001,0,0,0,0,0,0,94.74
2008,10,19,7,30,11.100000000000001,0,0,0,0,0,0,97.17
2008,10,19,8,30,10.9,0,0,0,0,0,0,97.07000000000001
2008,10,19,9,30,10.700000000000001,0,0,0,0,0,0,95.96000000000001
2008,10,19,10,30,10.4,0,0,0,0,0,0,95.02
2008,10,19,11,30,10.200000000000001,0,0,0,0,0,0,93.89
2008,10,19,12,30,10.100000000000001,0,0,0,0,0,0,92.77
2008,10,19,13,30,10.8,33,110,568,568,33,110,87.63
2008,10,19,14,30,13.200000000000001,53,353,846,846,53,353,76.8
2008,10,19,15,30,16.8,62,583,955,955,62,583,61.6
2008,10,19,16,30,20.1,66,770,1015,1015,66,770,41.62
2008,10,19,17,30,22.200000000000003,68,892,1040,1040,68,892,32
2008,10,19,18,30,23.6,73,939,1045,1045,73,939,27.91
2008,10,19,19,30,24.5,73,910,1039,1039,73,910,25.36
2008,10,19,20,30,24.700000000000003,69,802,1013,1013,69,802,24.060000000000002
2008,10,19,21,30,24.3,64,631,970,970,64,631,23.64
2008,10,19,22,30,23,55,411,883,883,55,411,24.91
2008,10,19,23,30,19.6,38,168,684,684,38,168,33.09
2008,10,20,0,30,15.8,0,0,0,0,0,0,55.69
2008,10,20,1,30,13.9,0,0,0,0,0,0,59.27
2008,10,20,2,30,12.700000000000001,0,0,0,0,0,0,61.11
2008,10,20,3,30,11.600000000000001,0,0,0,0,0,0,63.68
2008,10,20,4,30,10.5,0,0,0,0,0,0,67.6
2008,10,20,5,30,9.5,0,0,0,0,0,0,72.23
2008,10,20,6,30,8.6,0,0,0,0,0,0,76.83
2008,10,20,7,30,7.7,0,0,0,0,0,0,81.13
2008,10,20,8,30,6.9,0,0,0,0,0,0,83.43
2008,10,20,9,30,6.2,0,0,0,0,0,0,82.39
2008,10,20,10,30,5.6000000000000005,0,0,0,0,0,0,78.01
2008,10,20,11,30,5.2,0,0,0,0,0,0,71.45
2008,10,20,12,30,5.4,0,0,0,0,0,0,63.13
2008,10,20,13,30,8.4,29,118,667,667,29,118,52.03
2008,10,20,14,30,13.200000000000001,46,370,918,918,46,370,32.96
2008,10,20,15,30,17.900000000000002,55,606,1014,1014,55,606,22.25
2008,10,20,16,30,21.5,60,794,1060,1060,60,794,12.780000000000001
2008,10,20,17,30,23.3,63,917,1083,1083,63,917,11.83
2008,10,20,18,30,24.400000000000002,67,958,1078,1078,67,958,11.950000000000001
2008,10,20,19,30,25.1,68,928,1072,1072,68,928,12.15
2008,10,20,20,30,25.200000000000003,65,815,1043,1043,65,815,12.59
2008,10,20,21,30,24.700000000000003,62,643,999,999,62,643,13.36
2008,10,20,22,30,23.3,53,415,906,906,53,415,15.1
2008,10,20,23,30,19.6,37,168,704,704,37,168,28.990000000000002
2008,10,21,0,30,15.8,0,0,0,0,0,0,49.92
2008,10,21,1,30,13.9,0,0,0,0,0,0,49.79
2008,10,21,2,30,12.5,0,0,0,0,0,0,52.67
2008,10,21,3,30,11.200000000000001,0,0,0,0,0,0,56.160000000000004
2008,10,21,4,30,10,0,0,0,0,0,0,60.230000000000004
2008,10,21,5,30,9,0,0,0,0,0,0,64.69
2008,10,21,6,30,8.3,0,0,0,0,0,0,68.60000000000001
2008,10,21,7,30,7.800000000000001,0,0,0,0,0,0,71.77
2008,10,21,8,30,7.4,0,0,0,0,0,0,74.53
2008,10,21,9,30,7.1000000000000005,0,0,0,0,0,0,76.64
2008,10,21,10,30,6.9,0,0,0,0,0,0,77.39
2008,10,21,11,30,6.800000000000001,0,0,0,0,0,0,76.62
2008,10,21,12,30,7.300000000000001,0,0,0,0,0,0,72.13
2008,10,21,13,30,10.100000000000001,31,108,578,578,31,108,61.31
2008,10,21,14,30,14.4,52,350,850,850,52,350,45.25
2008,10,21,15,30,19,63,580,956,956,63,580,33.11
2008,10,21,16,30,22.900000000000002,69,764,1008,1008,69,764,19.29
2008,10,21,17,30,24.6,72,885,1035,1035,72,885,16.5
2008,10,21,18,30,25.400000000000002,77,927,1034,1034,77,927,16.56
2008,10,21,19,30,25.8,76,894,1024,1024,76,894,16.740000000000002
2008,10,21,20,30,25.700000000000003,73,790,1003,1003,73,790,17.22
2008,10,21,21,30,25.3,69,617,947,947,69,617,17.91
2008,10,21,22,30,23.900000000000002,59,395,849,276,206,315,19.88
2008,10,21,23,30,20.700000000000003,40,155,626,626,40,155,33.89
2008,10,22,0,30,17.5,0,0,0,0,0,0,52.07
2008,10,22,1,30,16.1,0,0,0,0,0,0,52.06
2008,10,22,2,30,15,0,0,0,0,0,0,55.38
2008,10,22,3,30,14,0,0,0,0,0,0,59.22
2008,10,22,4,30,13,0,0,0,0,0,0,63.18
2008,10,22,5,30,12.200000000000001,0,0,0,0,0,0,67.37
2008,10,22,6,30,11.600000000000001,0,0,0,0,0,0,71.71000000000001
2008,10,22,7,30,11.3,0,0,0,0,0,0,76.14
2008,10,22,8,30,11.200000000000001,0,0,0,0,0,0,80.37
2008,10,22,9,30,11.200000000000001,0,0,0,0,0,0,84.15
2008,10,22,10,30,11.100000000000001,0,0,0,0,0,0,87.69
2008,10,22,11,30,11,0,0,0,0,0,0,89.82000000000001
2008,10,22,12,30,11.200000000000001,0,0,0,0,0,0,88.83
2008,10,22,13,30,13,33,97,490,490,33,97,79.94
2008,10,22,14,30,16.2,57,328,776,776,57,328,66.79
2008,10,22,15,30,19.5,70,551,894,894,70,551,53.53
2008,10,22,16,30,21.900000000000002,78,729,950,950,78,729,41.550000000000004
2008,10,22,17,30,23.3,83,846,976,976,83,846,35.28
2008,10,22,18,30,24,86,894,987,987,86,894,32.64
2008,10,22,19,30,24.3,87,865,978,978,87,865,31.310000000000002
2008,10,22,20,30,24.1,84,762,952,952,84,762,31.05
2008,10,22,21,30,23.6,76,596,905,905,76,596,31.560000000000002
2008,10,22,22,30,22.400000000000002,65,380,802,802,65,380,33.730000000000004
2008,10,22,23,30,19.8,44,145,560,560,44,145,43.02
2008,10,23,0,30,17.1,0,0,0,0,0,0,60.68
2008,10,23,1,30,15.700000000000001,0,0,0,0,0,0,62.38
2008,10,23,2,30,14.600000000000001,0,0,0,0,0,0,63.620000000000005
2008,10,23,3,30,13.600000000000001,0,0,0,0,0,0,65.84
2008,10,23,4,30,12.8,0,0,0,0,0,0,68.48
2008,10,23,5,30,12.100000000000001,0,0,0,0,0,0,71.29
2008,10,23,6,30,11.4,0,0,0,0,0,0,75.12
2008,10,23,7,30,10.8,0,0,0,0,0,0,78.89
2008,10,23,8,30,10.3,0,0,0,0,0,0,82.13
2008,10,23,9,30,9.8,0,0,0,0,0,0,85.44
2008,10,23,10,30,9.200000000000001,0,0,0,0,0,0,89.38
2008,10,23,11,30,8.8,0,0,0,0,0,0,92.87
2008,10,23,12,30,8.700000000000001,0,0,0,0,0,0,93.94
2008,10,23,13,30,10.100000000000001,39,92,417,417,39,92,85.33
2008,10,23,14,30,13.100000000000001,70,322,729,729,70,322,71.85000000000001
2008,10,23,15,30,16.5,83,546,864,864,83,546,58.7
2008,10,23,16,30,19.400000000000002,88,727,935,252,390,562,47.730000000000004
2008,10,23,17,30,21.6,91,848,973,973,91,848,39.68
2008,10,23,18,30,23,91,895,986,986,91,895,34.5
2008,10,23,19,30,23.8,91,862,975,975,91,862,31.3
2008,10,23,20,30,24.1,87,759,949,949,87,759,29.48
2008,10,23,21,30,24,79,592,899,899,79,592,28.68
2008,10,23,22,30,23.1,68,374,787,13,182,187,29.73
2008,10,23,23,30,21.1,46,140,535,54,96,105,38.08
2008,10,24,0,30,18.900000000000002,0,0,0,0,0,0,57.67
2008,10,24,1,30,17.6,0,0,0,0,0,0,60.38
2008,10,24,2,30,16.5,0,0,0,0,0,0,65.1
2008,10,24,3,30,15.5,0,0,0,0,0,0,69.27
2008,10,24,4,30,14.4,0,0,0,0,0,0,74.31
2008,10,24,5,30,13.5,0,0,0,0,0,0,78.5
2008,10,24,6,30,12.700000000000001,0,0,0,0,0,0,81.88
2008,10,24,7,30,12.100000000000001,0,0,0,0,0,0,83.78
2008,10,24,8,30,11.600000000000001,0,0,0,0,0,0,84.99
2008,10,24,9,30,11.200000000000001,0,0,0,0,0,0,85.62
2008,10,24,10,30,10.8,0,0,0,0,0,0,86.28
2008,10,24,11,30,10.5,0,0,0,0,0,0,86.69
2008,10,24,12,30,10.700000000000001,0,0,0,0,0,0,84.79
2008,10,24,13,30,12.100000000000001,38,90,415,3,42,42,78.98
2008,10,24,14,30,14.5,69,317,723,197,190,257,69.44
2008,10,24,15,30,17.400000000000002,85,538,851,485,203,461,58.870000000000005
2008,10,24,16,30,20,94,717,916,560,242,623,44.93
2008,10,24,17,30,21.1,100,831,943,363,356,637,41.17
2008,10,24,18,30,21.700000000000003,118,869,925,466,312,691,39.69
2008,10,24,19,30,21.8,121,838,910,324,366,622,39.46
2008,10,24,20,30,21.6,122,731,865,339,326,565,39.77
2008,10,24,21,30,21.1,117,561,782,235,285,418,40.96
2008,10,24,22,30,20.3,100,349,646,30,176,188,43.4
2008,10,24,23,30,19.3,61,124,366,86,72,87,50.69
2008,10,25,0,30,18,0,0,0,0,0,0,59.620000000000005
2008,10,25,1,30,16.7,0,0,0,0,0,0,67.16
2008,10,25,2,30,15.600000000000001,0,0,0,0,0,0,73.97
2008,10,25,3,30,14.8,0,0,0,0,0,0,76.76
2008,10,25,4,30,14.200000000000001,0,0,0,0,0,0,79.12
2008,10,25,5,30,13.8,0,0,0,0,0,0,81.55
2008,10,25,6,30,13.4,0,0,0,0,0,0,84.4
2008,10,25,7,30,13.100000000000001,0,0,0,0,0,0,86.5
2008,10,25,8,30,12.700000000000001,0,0,0,0,0,0,88.53
2008,10,25,9,30,12.4,0,0,0,0,0,0,89.62
2008,10,25,10,30,12.3,0,0,0,0,0,0,89.87
2008,10,25,11,30,12.3,0,0,0,0,0,0,89.78
2008,10,25,12,30,12.5,0,0,0,0,0,0,88.21000000000001
2008,10,25,13,30,13.700000000000001,44,82,311,1,28,28,81.99
2008,10,25,14,30,16.400000000000002,79,305,663,0,53,53,68.51
2008,10,25,15,30,19.3,92,527,821,0,22,22,52.79
2008,10,25,16,30,21.200000000000003,100,706,896,7,304,308,42.61
2008,10,25,17,30,22.3,105,823,931,294,431,658,38.14
2008,10,25,18,30,22.900000000000002,100,871,953,953,100,871,35.52
2008,10,25,19,30,23,100,841,945,204,459,619,34.33
2008,10,25,20,30,22.6,97,739,916,4,302,305,34.57
2008,10,25,21,30,22,95,570,842,1,191,191,35.54
2008,10,25,22,30,20.900000000000002,81,356,720,1,126,126,38.21
2008,10,25,23,30,18.900000000000002,51,129,460,1,52,52,53.300000000000004
2008,10,26,0,30,17.2,0,0,0,0,0,0,65.92
2008,10,26,1,30,16.2,0,0,0,0,0,0,67.07000000000001
2008,10,26,2,30,15.100000000000001,0,0,0,0,0,0,70.08
2008,10,26,3,30,14,0,0,0,0,0,0,73.78
2008,10,26,4,30,13,0,0,0,0,0,0,77.51
2008,10,26,5,30,12,0,0,0,0,0,0,81.99
2008,10,26,6,30,11.3,0,0,0,0,0,0,85.06
2008,10,26,7,30,10.700000000000001,0,0,0,0,0,0,88.48
2008,10,26,8,30,10.4,0,0,0,0,0,0,90.19
2008,10,26,9,30,10.3,0,0,0,0,0,0,90.28
2008,10,26,10,30,10.4,0,0,0,0,0,0,88.98
2008,10,26,11,30,10.700000000000001,0,0,0,0,0,0,86.36
2008,10,26,12,30,11.100000000000001,0,0,0,0,0,0,83.12
2008,10,26,13,30,12.5,36,86,414,414,36,86,77.38
2008,10,26,14,30,15.5,65,311,728,728,65,311,63.61
2008,10,26,15,30,18.6,78,532,861,861,78,532,48.43
2008,10,26,16,30,20.900000000000002,84,709,928,928,84,709,41.1
2008,10,26,17,30,22.400000000000002,88,828,963,234,443,623,37.230000000000004
2008,10,26,18,30,23.3,90,873,973,694,289,847,34.980000000000004
2008,10,26,19,30,23.400000000000002,91,842,962,962,91,842,34.43
2008,10,26,20,30,22.900000000000002,88,739,934,480,269,603,35.06
2008,10,26,21,30,22.3,72,578,902,902,72,578,36.2
2008,10,26,22,30,21.400000000000002,61,363,797,66,216,241,38.81
2008,10,26,23,30,19.3,40,132,552,552,40,132,52.24
2008,10,27,0,30,17.1,0,0,0,0,0,0,67.73
2008,10,27,1,30,16.1,0,0,0,0,0,0,68.87
2008,10,27,2,30,15.4,0,0,0,0,0,0,70.89
2008,10,27,3,30,14.8,0,0,0,0,0,0,72.75
2008,10,27,4,30,14.200000000000001,0,0,0,0,0,0,74.67
2008,10,27,5,30,13.700000000000001,0,0,0,0,0,0,76.59
2008,10,27,6,30,13.200000000000001,0,0,0,0,0,0,79.01
2008,10,27,7,30,12.700000000000001,0,0,0,0,0,0,81.39
2008,10,27,8,30,12.3,0,0,0,0,0,0,83.13
2008,10,27,9,30,12,0,0,0,0,0,0,84.85000000000001
2008,10,27,10,30,11.8,0,0,0,0,0,0,85.89
2008,10,27,11,30,11.700000000000001,0,0,0,0,0,0,86.81
2008,10,27,12,30,11.8,0,0,0,0,0,0,87.15
2008,10,27,13,30,12.600000000000001,43,78,292,292,43,78,83.81
2008,10,27,14,30,14.100000000000001,84,296,632,632,84,296,78.63
2008,10,27,15,30,16.2,104,515,785,785,104,515,69.84
2008,10,27,16,30,18,105,697,883,883,105,697,58.74
2008,10,27,17,30,19.400000000000002,101,817,936,936,101,817,49.29
2008,10,27,18,30,20.200000000000003,94,866,963,963,94,866,44.89
2008,10,27,19,30,20.3,89,837,962,287,433,656,44.24
2008,10,27,20,30,19.700000000000003,82,736,942,1,236,237,45.97
2008,10,27,21,30,18.900000000000002,71,573,901,83,317,363,48.22
2008,10,27,22,30,17.7,60,359,795,9,163,166,51.77
2008,10,27,23,30,16.1,39,129,549,2,70,71,57.83
2008,10,28,0,30,14.5,0,0,0,0,0,0,65.48
2008,10,28,1,30,13.3,0,0,0,0,0,0,72.2
2008,10,28,2,30,12.3,0,0,0,0,0,0,78.46000000000001
2008,10,28,3,30,11.700000000000001,0,0,0,0,0,0,82.92
2008,10,28,4,30,11.200000000000001,0,0,0,0,0,0,85.23
2008,10,28,5,30,10.600000000000001,0,0,0,0,0,0,86.56
2008,10,28,6,30,10.100000000000001,0,0,0,0,0,0,86.89
2008,10,28,7,30,9.700000000000001,0,0,0,0,0,0,87.51
2008,10,28,8,30,9.4,0,0,0,0,0,0,87.52
2008,10,28,9,30,9.200000000000001,0,0,0,0,0,0,86.64
2008,10,28,10,30,9.1,0,0,0,0,0,0,86.22
2008,10,28,11,30,9,0,0,0,0,0,0,86.07000000000001
2008,10,28,12,30,9,0,0,0,0,0,0,85.61
2008,10,28,13,30,9.5,34,87,452,1,49,49,82.93
2008,10,28,14,30,10.8,60,316,769,56,192,210,76.57000000000001
2008,10,28,15,30,12.600000000000001,74,537,889,0,112,112,68.53
2008,10,28,16,30,14.600000000000001,83,713,944,4,296,298,60.47
2008,10,28,17,30,16.2,89,827,968,4,336,339,54.660000000000004
2008,10,28,18,30,17.400000000000002,94,869,971,1,275,275,50.910000000000004
2008,10,28,19,30,17.8,94,836,959,1,298,299,49.7
2008,10,28,20,30,17.400000000000002,91,732,928,3,292,294,50.53
2008,10,28,21,30,16.5,92,562,850,0,127,127,52.78
2008,10,28,22,30,15.200000000000001,75,351,739,2,141,142,56.13
2008,10,28,23,30,13.600000000000001,45,123,484,484,45,123,60.64
2008,10,29,0,30,11.8,0,0,0,0,0,0,66.89
2008,10,29,1,30,10.5,0,0,0,0,0,0,71.14
2008,10,29,2,30,9.5,0,0,0,0,0,0,73.3
2008,10,29,3,30,8.700000000000001,0,0,0,0,0,0,74.98
2008,10,29,4,30,7.800000000000001,0,0,0,0,0,0,77.78
2008,10,29,5,30,7,0,0,0,0,0,0,80.86
2008,10,29,6,30,6.4,0,0,0,0,0,0,82.77
2008,10,29,7,30,6.1000000000000005,0,0,0,0,0,0,83.11
2008,10,29,8,30,5.9,0,0,0,0,0,0,83.67
2008,10,29,9,30,5.7,0,0,0,0,0,0,84.9
2008,10,29,10,30,5.5,0,0,0,0,0,0,86.47
2008,10,29,11,30,5.4,0,0,0,0,0,0,87.26
2008,10,29,12,30,5.5,0,0,0,0,0,0,86.60000000000001
2008,10,29,13,30,6.800000000000001,30,87,497,17,55,57,79.52
2008,10,29,14,30,9.4,53,318,803,34,137,148,66.28
2008,10,29,15,30,12.700000000000001,63,541,921,638,149,480,53.46
2008,10,29,16,30,16.6,70,719,977,610,192,597,42.64
2008,10,29,17,30,20.1,73,836,1006,662,231,733,33.61
2008,10,29,18,30,22.1,75,884,1018,1018,75,884,30.55
2008,10,29,19,30,22.8,73,854,1014,1014,73,854,29.79
2008,10,29,20,30,22.900000000000002,71,748,985,985,71,748,29.55
2008,10,29,21,30,22.3,66,580,935,935,66,580,30.3
2008,10,29,22,30,20.700000000000003,55,365,836,836,55,365,33.65
2008,10,29,23,30,17.8,36,130,590,590,36,130,49.79
2008,10,30,0,30,15.100000000000001,0,0,0,0,0,0,61.99
2008,10,30,1,30,13.700000000000001,0,0,0,0,0,0,62.33
2008,10,30,2,30,12.5,0,0,0,0,0,0,63.21
2008,10,30,3,30,11.200000000000001,0,0,0,0,0,0,65.44
2008,10,30,4,30,10.100000000000001,0,0,0,0,0,0,69.23
2008,10,30,5,30,9.200000000000001,0,0,0,0,0,0,73.76
2008,10,30,6,30,8.6,0,0,0,0,0,0,77.92
2008,10,30,7,30,8,0,0,0,0,0,0,82.17
2008,10,30,8,30,7.5,0,0,0,0,0,0,85.42
2008,10,30,9,30,7,0,0,0,0,0,0,88.06
2008,10,30,10,30,6.6000000000000005,0,0,0,0,0,0,89.36
2008,10,30,11,30,6.4,0,0,0,0,0,0,88.3
2008,10,30,12,30,6.7,0,0,0,0,0,0,83.29
2008,10,30,13,30,8.6,30,86,496,13,53,55,72.60000000000001
2008,10,30,14,30,11.9,53,316,804,36,144,156,55.18
2008,10,30,15,30,15.9,64,539,922,922,64,539,39.88
2008,10,30,16,30,19.400000000000002,71,720,982,982,71,720,27.3
2008,10,30,17,30,21.200000000000003,74,837,1010,1010,74,837,25.990000000000002
2008,10,30,18,30,22.3,76,879,1015,1015,76,879,24.92
2008,10,30,19,30,22.900000000000002,75,849,1010,1010,75,849,23.73
2008,10,30,20,30,22.700000000000003,72,746,986,986,72,746,23.44
2008,10,30,21,30,21.900000000000002,72,576,920,536,182,475,24.2
2008,10,30,22,30,20.1,62,359,809,302,179,289,27.82
2008,10,30,23,30,17.3,39,125,550,253,52,91,47.46
2008,10,31,0,30,15.100000000000001,0,0,0,0,0,0,56.17
2008,10,31,1,30,13.8,0,0,0,0,0,0,57.68
2008,10,31,2,30,12.700000000000001,0,0,0,0,0,0,60.51
2008,10,31,3,30,11.600000000000001,0,0,0,0,0,0,65.14
2008,10,31,4,30,10.600000000000001,0,0,0,0,0,0,71.59
2008,10,31,5,30,9.9,0,0,0,0,0,0,78.25
2008,10,31,6,30,9.4,0,0,0,0,0,0,83.74
2008,10,31,7,30,8.8,0,0,0,0,0,0,89.12
2008,10,31,8,30,8.5,0,0,0,0,0,0,92.43
2008,10,31,9,30,8.5,0,0,0,0,0,0,92.63
2008,10,31,10,30,8.4,0,0,0,0,0,0,92.05
2008,10,31,11,30,7.9,0,0,0,0,0,0,93.85000000000001
2008,10,31,12,30,7.6000000000000005,0,0,0,0,0,0,95.17
2008,10,31,13,30,8.700000000000001,33,81,441,441,33,81,87.63
2008,10,31,14,30,11.5,59,313,781,781,59,313,72.32000000000001
2008,10,31,15,30,15.100000000000001,69,538,915,915,69,538,55.46
2008,10,31,16,30,18.6,75,718,979,979,75,718,38.76
2008,10,31,17,30,21.200000000000003,77,836,1010,1010,77,836,27
2008,10,31,18,30,22.5,77,882,1021,1021,77,882,22.59
2008,10,31,19,30,23.1,76,851,1015,1015,76,851,21.59
2008,10,31,20,30,23.200000000000003,73,747,992,992,73,747,21.330000000000002
2008,10,31,21,30,22.700000000000003,65,577,940,940,65,577,21.98
2008,10,31,22,30,21.3,55,361,842,842,55,361,24.36
2008,10,31,23,30,17.8,35,127,598,598,35,127,34.53
2008,11,1,0,30,14.4,0,0,0,0,0,0,53.38
2008,11,1,1,30,13,0,0,0,0,0,0,56.56
2008,11,1,2,30,11.9,0,0,0,0,0,0,61.300000000000004
2008,11,1,3,30,10.600000000000001,0,0,0,0,0,0,69.17
2008,11,1,4,30,9.3,0,0,0,0,0,0,78.66
2008,11,1,5,30,8.200000000000001,0,0,0,0,0,0,87.73
2008,11,1,6,30,7.4,0,0,0,0,0,0,95.91
2008,11,1,7,30,7.300000000000001,0,0,0,0,0,0,98.05
2008,11,1,8,30,7.4,0,0,0,0,0,0,95.08
2008,11,1,9,30,7.1000000000000005,0,0,0,0,0,0,93.36
2008,11,1,10,30,6.800000000000001,0,0,0,0,0,0,92.32000000000001
2008,11,1,11,30,6.7,0,0,0,0,0,0,91.37
2008,11,1,12,30,6.7,0,0,0,0,0,0,90.93
2008,11,1,13,30,7.6000000000000005,32,82,468,468,32,82,85.85000000000001
2008,11,1,14,30,10,57,314,798,12,161,165,74.02
2008,11,1,15,30,13.4,66,541,933,933,66,541,60.08
2008,11,1,16,30,16.7,70,722,997,150,398,497,48.46
2008,11,1,17,30,19.3,72,837,1022,1022,72,837,38.61
2008,11,1,18,30,20.900000000000002,70,882,1036,1036,70,882,32.15
2008,11,1,19,30,21.8,68,849,1027,1027,68,849,29.23
2008,11,1,20,30,22.1,64,745,1006,1006,64,745,28.060000000000002
2008,11,1,21,30,21.700000000000003,60,577,956,956,60,577,28.3
2008,11,1,22,30,20.6,50,361,861,861,50,361,29.900000000000002
2008,11,1,23,30,17.3,33,126,620,620,33,126,40.76
2008,11,2,0,30,13.9,0,0,0,0,0,0,61.46
2008,11,2,1,30,12.5,0,0,0,0,0,0,63.1
2008,11,2,2,30,11.4,0,0,0,0,0,0,66.46000000000001
2008,11,2,3,30,10.4,0,0,0,0,0,0,71.17
2008,11,2,4,30,9.5,0,0,0,0,0,0,76.93
2008,11,2,5,30,8.6,0,0,0,0,0,0,83.91
2008,11,2,6,30,7.800000000000001,0,0,0,0,0,0,91.98
2008,11,2,7,30,7.2,0,0,0,0,0,0,99.14
2008,11,2,8,30,7,0,0,0,0,0,0,100
2008,11,2,9,30,7.300000000000001,0,0,0,0,0,0,98.72
2008,11,2,10,30,7.2,0,0,0,0,0,0,96.17
2008,11,2,11,30,6.9,0,0,0,0,0,0,94.77
2008,11,2,12,30,6.6000000000000005,0,0,0,0,0,0,92.85000000000001
2008,11,2,13,30,7.5,28,83,524,524,28,83,83.88
2008,11,2,14,30,10.5,48,317,842,5,134,135,67
2008,11,2,15,30,15,57,542,958,143,305,378,48.050000000000004
2008,11,2,16,30,18.7,62,722,1013,1013,62,722,33.72
2008,11,2,17,30,20.700000000000003,66,840,1039,1039,66,840,27.6
2008,11,2,18,30,21.900000000000002,69,885,1045,1045,69,885,24.2
2008,11,2,19,30,22.6,67,854,1041,1041,67,854,21.990000000000002
2008,11,2,20,30,22.700000000000003,65,750,1017,1017,65,750,20.88
2008,11,2,21,30,22.3,58,581,973,973,58,581,20.53
2008,11,2,22,30,20.900000000000002,49,363,877,877,49,363,21.81
2008,11,2,23,30,17.5,32,126,638,638,32,126,34.76
2008,11,3,0,30,14,0,0,0,0,0,0,54.27
2008,11,3,1,30,12.4,0,0,0,0,0,0,54.72
2008,11,3,2,30,11.3,0,0,0,0,0,0,56.33
2008,11,3,3,30,10.200000000000001,0,0,0,0,0,0,58.800000000000004
2008,11,3,4,30,9.1,0,0,0,0,0,0,62.77
2008,11,3,5,30,8.200000000000001,0,0,0,0,0,0,68.41
2008,11,3,6,30,7.5,0,0,0,0,0,0,75.07000000000001
2008,11,3,7,30,6.9,0,0,0,0,0,0,83.48
2008,11,3,8,30,6.4,0,0,0,0,0,0,91.61
2008,11,3,9,30,6,0,0,0,0,0,0,96.95
2008,11,3,10,30,5.9,0,0,0,0,0,0,98.51
2008,11,3,11,30,6.1000000000000005,0,0,0,0,0,0,96.79
2008,11,3,12,30,6.5,0,0,0,0,0,0,92.11
2008,11,3,13,30,7.9,28,78,491,491,28,78,81.76
2008,11,3,14,30,11.200000000000001,49,309,819,819,49,309,66.61
2008,11,3,15,30,16.1,59,531,938,938,59,531,49.94
2008,11,3,16,30,20.400000000000002,65,706,990,990,65,706,34.78
2008,11,3,17,30,22.6,69,823,1016,1016,69,823,26.68
2008,11,3,18,30,23.700000000000003,70,868,1025,1025,70,868,24.02
2008,11,3,19,30,24.200000000000003,70,838,1019,1019,70,838,22.88
2008,11,3,20,30,24.3,68,732,991,991,68,732,22.61
2008,11,3,21,30,23.700000000000003,63,565,938,938,63,565,23.41
2008,11,3,22,30,22.400000000000002,54,349,830,830,54,349,25.45
2008,11,3,23,30,19.6,34,118,572,572,34,118,36.34
2008,11,4,0,30,16.8,0,0,0,0,0,0,56.19
2008,11,4,1,30,15.4,0,0,0,0,0,0,56.52
2008,11,4,2,30,14.200000000000001,0,0,0,0,0,0,57.89
2008,11,4,3,30,12.8,0,0,0,0,0,0,60.25
2008,11,4,4,30,11.5,0,0,0,0,0,0,63.2
2008,11,4,5,30,10.5,0,0,0,0,0,0,66.47
2008,11,4,6,30,9.700000000000001,0,0,0,0,0,0,69.88
2008,11,4,7,30,9,0,0,0,0,0,0,73.3
2008,11,4,8,30,8.5,0,0,0,0,0,0,76.25
2008,11,4,9,30,8.1,0,0,0,0,0,0,79.01
2008,11,4,10,30,7.9,0,0,0,0,0,0,81.14
2008,11,4,11,30,7.7,0,0,0,0,0,0,84.18
2008,11,4,12,30,7.9,0,0,0,0,0,0,86
2008,11,4,13,30,10.4,26,75,490,490,26,75,75.8
2008,11,4,14,30,14.9,48,303,811,811,48,303,60.1
2008,11,4,15,30,18.900000000000002,58,523,929,929,58,523,48.69
2008,11,4,16,30,21.700000000000003,64,700,986,986,64,700,38.68
2008,11,4,17,30,23.400000000000002,68,816,1013,1013,68,816,32.54
2008,11,4,18,30,24.5,72,860,1018,1018,72,860,29.02
2008,11,4,19,30,25.1,71,827,1009,1009,71,827,26.82
2008,11,4,20,30,25.200000000000003,68,725,984,984,68,725,25.67
2008,11,4,21,30,24.8,62,560,937,937,62,560,25.46
2008,11,4,22,30,23.5,52,345,830,830,52,345,27.11
2008,11,4,23,30,20.8,33,115,571,205,71,100,37.72
2008,11,5,0,30,18.1,0,0,0,0,0,0,56.96
2008,11,5,1,30,16.5,0,0,0,0,0,0,59.22
2008,11,5,2,30,15.100000000000001,0,0,0,0,0,0,63.06
2008,11,5,3,30,13.8,0,0,0,0,0,0,68.08
2008,11,5,4,30,12.8,0,0,0,0,0,0,74.5
2008,11,5,5,30,11.8,0,0,0,0,0,0,81.92
2008,11,5,6,30,11.200000000000001,0,0,0,0,0,0,86.54
2008,11,5,7,30,10.700000000000001,0,0,0,0,0,0,89.77
2008,11,5,8,30,10.200000000000001,0,0,0,0,0,0,92.34
2008,11,5,9,30,9.5,0,0,0,0,0,0,95.2
2008,11,5,10,30,8.8,0,0,0,0,0,0,96.55
2008,11,5,11,30,8.1,0,0,0,0,0,0,95.69
2008,11,5,12,30,7.7,0,0,0,0,0,0,91.3
2008,11,5,13,30,9.4,24,77,537,537,24,77,76.03
2008,11,5,14,30,13.200000000000001,43,309,853,853,43,309,56.5
2008,11,5,15,30,17.7,50,534,974,974,50,534,39.81
2008,11,5,16,30,21.1,54,713,1027,1027,54,713,25.66
2008,11,5,17,30,22.900000000000002,55,830,1054,1054,55,830,21.78
2008,11,5,18,30,24.200000000000003,58,876,1061,1061,58,876,19.35
2008,11,5,19,30,24.900000000000002,56,844,1057,1057,56,844,18.05
2008,11,5,20,30,25,53,741,1035,1035,53,741,17.73
2008,11,5,21,30,24.5,50,570,983,983,50,570,18.34
2008,11,5,22,30,22.8,42,354,890,890,42,354,21.1
2008,11,5,23,30,18.900000000000002,27,119,647,647,27,119,36.24
2008,11,6,0,30,15.3,0,0,0,0,0,0,54.050000000000004
2008,11,6,1,30,13.8,0,0,0,0,0,0,57.47
2008,11,6,2,30,12.8,0,0,0,0,0,0,62.38
2008,11,6,3,30,12,0,0,0,0,0,0,68.41
2008,11,6,4,30,11.200000000000001,0,0,0,0,0,0,75.62
2008,11,6,5,30,10.5,0,0,0,0,0,0,82.14
2008,11,6,6,30,9.8,0,0,0,0,0,0,88.5
2008,11,6,7,30,9.200000000000001,0,0,0,0,0,0,93.31
2008,11,6,8,30,8.6,0,0,0,0,0,0,96.92
2008,11,6,9,30,8,0,0,0,0,0,0,98.95
2008,11,6,10,30,7.5,0,0,0,0,0,0,99.51
2008,11,6,11,30,7,0,0,0,0,0,0,99.56
2008,11,6,12,30,6.800000000000001,0,0,0,0,0,0,97.27
2008,11,6,13,30,8.700000000000001,24,75,539,539,24,75,82.09
2008,11,6,14,30,12.600000000000001,42,305,853,853,42,305,62.43
2008,11,6,15,30,17.5,52,525,959,959,52,525,45.14
2008,11,6,16,30,21.5,57,703,1012,1012,57,703,26.86
2008,11,6,17,30,23.1,61,820,1038,404,383,679,24.150000000000002
2008,11,6,18,30,24,68,863,1036,1036,68,863,23.1
2008,11,6,19,30,24.6,67,833,1030,1030,67,833,22.29
2008,11,6,20,30,24.700000000000003,65,727,1001,1001,65,727,22.05
2008,11,6,21,30,24.200000000000003,62,560,946,602,178,494,22.44
2008,11,6,22,30,22.8,52,345,843,317,150,260,24.34
2008,11,6,23,30,19.900000000000002,33,114,583,583,33,114,39.660000000000004
2008,11,7,0,30,17.5,0,0,0,0,0,0,49.35
2008,11,7,1,30,16.5,0,0,0,0,0,0,47.58
2008,11,7,2,30,15.8,0,0,0,0,0,0,47.59
2008,11,7,3,30,15.100000000000001,0,0,0,0,0,0,48.300000000000004
2008,11,7,4,30,14.200000000000001,0,0,0,0,0,0,50.78
2008,11,7,5,30,13.200000000000001,0,0,0,0,0,0,54.1
2008,11,7,6,30,12.3,0,0,0,0,0,0,58.15
2008,11,7,7,30,11.700000000000001,0,0,0,0,0,0,61.19
2008,11,7,8,30,11.3,0,0,0,0,0,0,63.74
2008,11,7,9,30,11.200000000000001,0,0,0,0,0,0,65.01
2008,11,7,10,30,10.9,0,0,0,0,0,0,67.38
2008,11,7,11,30,10.3,0,0,0,0,0,0,69.66
2008,11,7,12,30,10.100000000000001,0,0,0,0,0,0,69.85000000000001
2008,11,7,13,30,11.4,26,69,461,461,26,69,63.47
2008,11,7,14,30,14.700000000000001,51,295,801,801,51,295,53.49
2008,11,7,15,30,18.8,63,516,923,923,63,516,40.300000000000004
2008,11,7,16,30,21.700000000000003,71,693,980,980,71,693,31.25
2008,11,7,17,30,22.900000000000002,75,807,1004,1004,75,807,28.150000000000002
2008,11,7,18,30,23.400000000000002,76,852,1016,1016,76,852,26.87
2008,11,7,19,30,23.700000000000003,76,822,1008,1008,76,822,26.2
2008,11,7,20,30,23.8,73,717,977,369,294,537,26.05
2008,11,7,21,30,23.400000000000002,68,550,920,646,165,503,26.900000000000002
2008,11,7,22,30,22,58,336,805,419,132,277,30.09
2008,11,7,23,30,19,36,107,522,522,36,107,46.230000000000004
2008,11,8,0,30,16.3,0,0,0,0,0,0,59.76
2008,11,8,1,30,15.100000000000001,0,0,0,0,0,0,61.47
2008,11,8,2,30,13.600000000000001,0,0,0,0,0,0,64.1
2008,11,8,3,30,12,0,0,0,0,0,0,68.53
2008,11,8,4,30,10.700000000000001,0,0,0,0,0,0,73.08
2008,11,8,5,30,10,0,0,0,0,0,0,75.8
2008,11,8,6,30,9.5,0,0,0,0,0,0,79.05
2008,11,8,7,30,9.3,0,0,0,0,0,0,81.99
2008,11,8,8,30,9.4,0,0,0,0,0,0,86.26
2008,11,8,9,30,9.5,0,0,0,0,0,0,91.91
2008,11,8,10,30,9.5,0,0,0,0,0,0,96.66
2008,11,8,11,30,9.5,0,0,0,0,0,0,100
2008,11,8,12,30,9.700000000000001,0,0,0,0,0,0,100
2008,11,8,13,30,11.200000000000001,34,60,289,289,34,60,92.22
2008,11,8,14,30,14,72,275,671,0,68,68,77.91
2008,11,8,15,30,17,85,495,839,0,147,147,63.81
2008,11,8,16,30,19.900000000000002,88,676,930,87,367,422,48.67
2008,11,8,17,30,22,91,793,969,969,91,793,37.550000000000004
2008,11,8,18,30,23.3,88,840,989,989,88,840,32.12
2008,11,8,19,30,24.1,85,810,985,985,85,810,29.01
2008,11,8,20,30,24.3,79,709,962,962,79,709,27.42
2008,11,8,21,30,24,71,544,909,0,135,135,26.82
2008,11,8,22,30,22.900000000000002,57,333,805,1,113,113,27.95
2008,11,8,23,30,20.200000000000003,35,106,527,4,65,66,39.74
2008,11,9,0,30,17.5,0,0,0,0,0,0,56.09
2008,11,9,1,30,16.2,0,0,0,0,0,0,59.95
2008,11,9,2,30,15.200000000000001,0,0,0,0,0,0,64.64
2008,11,9,3,30,14.100000000000001,0,0,0,0,0,0,68.21000000000001
2008,11,9,4,30,12.8,0,0,0,0,0,0,72.28
2008,11,9,5,30,11.700000000000001,0,0,0,0,0,0,77.96000000000001
2008,11,9,6,30,10.8,0,0,0,0,0,0,83.73
2008,11,9,7,30,10,0,0,0,0,0,0,89.77
2008,11,9,8,30,9.4,0,0,0,0,0,0,95.13
2008,11,9,9,30,8.9,0,0,0,0,0,0,99.61
2008,11,9,10,30,8.6,0,0,0,0,0,0,100
2008,11,9,11,30,8.200000000000001,0,0,0,0,0,0,100
2008,11,9,12,30,8.1,0,0,0,0,0,0,100
2008,11,9,13,30,10.200000000000001,27,64,411,0,34,34,90.47
2008,11,9,14,30,14.4,56,286,765,13,154,158,70.15
2008,11,9,15,30,18,71,504,894,894,71,504,54.51
2008,11,9,16,30,20.200000000000003,79,679,953,316,346,545,43.79
2008,11,9,17,30,21.5,84,795,984,652,223,694,38.44
2008,11,9,18,30,22.400000000000002,87,837,990,990,87,837,35.03
2008,11,9,19,30,22.900000000000002,81,808,991,476,355,704,33.06
2008,11,9,20,30,22.8,74,708,972,972,74,708,32.46
2008,11,9,21,30,22.200000000000003,64,545,929,929,64,545,33.09
2008,11,9,22,30,20.8,52,334,829,829,52,334,35.85
2008,11,9,23,30,17.8,31,108,574,574,31,108,45.18
2008,11,10,0,30,14.9,0,0,0,0,0,0,60.58
2008,11,10,1,30,13.700000000000001,0,0,0,0,0,0,67.97
2008,11,10,2,30,13,0,0,0,0,0,0,73.53
2008,11,10,3,30,12.3,0,0,0,0,0,0,79.45
2008,11,10,4,30,11.700000000000001,0,0,0,0,0,0,85.98
2008,11,10,5,30,10.8,0,0,0,0,0,0,94.04
2008,11,10,6,30,10.100000000000001,0,0,0,0,0,0,99.7
2008,11,10,7,30,9.8,0,0,0,0,0,0,100
2008,11,10,8,30,9.600000000000001,0,0,0,0,0,0,98.41
2008,11,10,9,30,9.4,0,0,0,0,0,0,95.47
2008,11,10,10,30,9.200000000000001,0,0,0,0,0,0,93.48
2008,11,10,11,30,8.9,0,0,0,0,0,0,93.53
2008,11,10,12,30,8.8,0,0,0,0,0,0,93.84
2008,11,10,13,30,10.200000000000001,24,64,470,30,45,48,86.34
2008,11,10,14,30,13.100000000000001,47,287,807,807,47,287,72.58
2008,11,10,15,30,16.2,57,506,933,933,57,506,57.69
2008,11,10,16,30,18.8,62,682,992,992,62,682,45.87
2008,11,10,17,30,20.8,66,795,1015,561,258,660,38.57
2008,11,10,18,30,22.1,66,840,1027,1027,66,840,34.57
2008,11,10,19,30,22.8,63,811,1023,1023,63,811,32.5
2008,11,10,20,30,22.900000000000002,59,709,1001,1001,59,709,32.13
2008,11,10,21,30,22.3,56,547,954,954,56,547,33.24
2008,11,10,22,30,20.8,46,336,857,292,155,254,36.31
2008,11,10,23,30,17.5,29,108,603,331,58,101,46.63
2008,11,11,0,30,14.5,0,0,0,0,0,0,62.26
2008,11,11,1,30,13.100000000000001,0,0,0,0,0,0,70.06
2008,11,11,2,30,12,0,0,0,0,0,0,77.92
2008,11,11,3,30,11.100000000000001,0,0,0,0,0,0,86.53
2008,11,11,4,30,10.3,0,0,0,0,0,0,95.07000000000001
2008,11,11,5,30,9.600000000000001,0,0,0,0,0,0,100
2008,11,11,6,30,9.1,0,0,0,0,0,0,100
2008,11,11,7,30,8.700000000000001,0,0,0,0,0,0,100
2008,11,11,8,30,8.5,0,0,0,0,0,0,100
2008,11,11,9,30,8.4,0,0,0,0,0,0,100
2008,11,11,10,30,8.4,0,0,0,0,0,0,100
2008,11,11,11,30,8.4,0,0,0,0,0,0,99.88
2008,11,11,12,30,8.200000000000001,0,0,0,0,0,0,97.84
2008,11,11,13,30,9.1,24,64,481,481,24,64,89.37
2008,11,11,14,30,11.700000000000001,45,290,834,834,45,290,74.75
2008,11,11,15,30,15.3,52,511,959,959,52,511,56.86
2008,11,11,16,30,19,56,689,1017,1017,56,689,39.45
2008,11,11,17,30,21.8,58,805,1045,1045,58,805,25.44
2008,11,11,18,30,23.6,63,852,1050,1050,63,852,20.07
2008,11,11,19,30,24.5,60,821,1047,1047,60,821,17.82
2008,11,11,20,30,24.6,56,715,1021,1021,56,715,17.18
2008,11,11,21,30,23.900000000000002,50,550,975,975,50,550,18.080000000000002
2008,11,11,22,30,21.900000000000002,42,337,878,878,42,337,20.85
2008,11,11,23,30,17.7,26,107,630,630,26,107,32.63
2008,11,12,0,30,14,0,0,0,0,0,0,49.45
2008,11,12,1,30,12.4,0,0,0,0,0,0,56.09
2008,11,12,2,30,11.3,0,0,0,0,0,0,62.77
2008,11,12,3,30,10.3,0,0,0,0,0,0,70.74
2008,11,12,4,30,9.600000000000001,0,0,0,0,0,0,78.3
2008,11,12,5,30,9.200000000000001,0,0,0,0,0,0,84.9
2008,11,12,6,30,8.4,0,0,0,0,0,0,91.18
2008,11,12,7,30,7.6000000000000005,0,0,0,0,0,0,93.07000000000001
2008,11,12,8,30,7.2,0,0,0,0,0,0,90.08
2008,11,12,9,30,7.2,0,0,0,0,0,0,84.69
2008,11,12,10,30,7.2,0,0,0,0,0,0,81.73
2008,11,12,11,30,6.6000000000000005,0,0,0,0,0,0,84.29
2008,11,12,12,30,6,0,0,0,0,0,0,86.26
2008,11,12,13,30,7.7,21,65,545,545,21,65,75.72
2008,11,12,14,30,11.600000000000001,40,297,878,478,105,244,59.29
2008,11,12,15,30,15.600000000000001,50,521,992,992,50,521,40.29
2008,11,12,16,30,18.900000000000002,55,702,1045,1045,55,702,26.5
2008,11,12,17,30,21.3,57,820,1073,1073,57,820,18.72
2008,11,12,18,30,23,56,866,1083,1083,56,866,14.48
2008,11,12,19,30,23.8,54,836,1079,1079,54,836,12.52
2008,11,12,20,30,23.900000000000002,52,733,1057,1057,52,733,12.120000000000001
2008,11,12,21,30,23.200000000000003,48,560,1001,1001,48,560,13.11
2008,11,12,22,30,21.1,41,341,898,898,41,341,16.1
2008,11,12,23,30,16.900000000000002,26,109,644,644,26,109,28.04
2008,11,13,0,30,13.200000000000001,0,0,0,0,0,0,44.82
2008,11,13,1,30,11.5,0,0,0,0,0,0,52.77
2008,11,13,2,30,10.100000000000001,0,0,0,0,0,0,61.480000000000004
2008,11,13,3,30,8.9,0,0,0,0,0,0,68.88
2008,11,13,4,30,7.800000000000001,0,0,0,0,0,0,75.39
2008,11,13,5,30,7.1000000000000005,0,0,0,0,0,0,80.55
2008,11,13,6,30,6.5,0,0,0,0,0,0,85.69
2008,11,13,7,30,6,0,0,0,0,0,0,89.33
2008,11,13,8,30,5.4,0,0,0,0,0,0,92.11
2008,11,13,9,30,4.9,0,0,0,0,0,0,92.74
2008,11,13,10,30,4.4,0,0,0,0,0,0,92.09
2008,11,13,11,30,4.2,0,0,0,0,0,0,88.9
2008,11,13,12,30,4.2,0,0,0,0,0,0,84.09
2008,11,13,13,30,6.300000000000001,22,60,475,475,22,60,68.99
2008,11,13,14,30,10.4,46,285,828,828,46,285,52.02
2008,11,13,15,30,13.8,57,506,951,951,57,506,39.85
2008,11,13,16,30,16.1,63,681,1005,1005,63,681,34.19
2008,11,13,17,30,17.900000000000002,65,799,1035,1035,65,799,28.900000000000002
2008,11,13,18,30,19.3,68,845,1043,1043,68,845,25.25
2008,11,13,19,30,20.3,65,815,1039,1039,65,815,22.75
2008,11,13,20,30,20.8,61,714,1017,1017,61,714,21.29
2008,11,13,21,30,20.6,56,545,963,963,56,545,21.06
2008,11,13,22,30,19.200000000000003,46,333,864,864,46,333,23.12
2008,11,13,23,30,15.600000000000001,28,104,605,605,28,104,35.37
2008,11,14,0,30,12.3,0,0,0,0,0,0,52.21
2008,11,14,1,30,11.200000000000001,0,0,0,0,0,0,53.82
2008,11,14,2,30,10.600000000000001,0,0,0,0,0,0,54.43
2008,11,14,3,30,10.3,0,0,0,0,0,0,53.46
2008,11,14,4,30,10.200000000000001,0,0,0,0,0,0,51.71
2008,11,14,5,30,9.600000000000001,0,0,0,0,0,0,52.18
2008,11,14,6,30,8.200000000000001,0,0,0,0,0,0,57.77
2008,11,14,7,30,7,0,0,0,0,0,0,64.02
2008,11,14,8,30,6.5,0,0,0,0,0,0,67.13
2008,11,14,9,30,6.2,0,0,0,0,0,0,70.11
2008,11,14,10,30,6,0,0,0,0,0,0,73.32000000000001
2008,11,14,11,30,5.9,0,0,0,0,0,0,76.57000000000001
2008,11,14,12,30,6,0,0,0,0,0,0,78.79
2008,11,14,13,30,8.6,19,58,514,514,19,58,68.02
2008,11,14,14,30,13.200000000000001,37,282,854,854,37,282,53.9
2008,11,14,15,30,17.8,46,505,978,978,46,505,40.980000000000004
2008,11,14,16,30,21.5,51,684,1032,1032,51,684,25.95
2008,11,14,17,30,23.400000000000002,54,801,1058,1058,54,801,21.19
2008,11,14,18,30,24.6,56,843,1060,1060,56,843,18.8
2008,11,14,19,30,25.200000000000003,57,815,1054,1054,57,815,17.5
2008,11,14,20,30,25.3,54,713,1031,1031,54,713,17
2008,11,14,21,30,24.8,50,548,984,984,50,548,17.38
2008,11,14,22,30,22.700000000000003,43,335,885,885,43,335,19.98
2008,11,14,23,30,18.3,27,105,624,624,27,105,38.24
2008,11,15,0,30,14.600000000000001,0,0,0,0,0,0,48.43
2008,11,15,1,30,12.8,0,0,0,0,0,0,49.58
2008,11,15,2,30,11.3,0,0,0,0,0,0,52.2
2008,11,15,3,30,9.9,0,0,0,0,0,0,56.47
2008,11,15,4,30,8.9,0,0,0,0,0,0,59.35
2008,11,15,5,30,8.1,0,0,0,0,0,0,61.42
2008,11,15,6,30,7.4,0,0,0,0,0,0,63.13
2008,11,15,7,30,6.7,0,0,0,0,0,0,64.88
2008,11,15,8,30,6.1000000000000005,0,0,0,0,0,0,66.45
2008,11,15,9,30,5.6000000000000005,0,0,0,0,0,0,68.38
2008,11,15,10,30,5,0,0,0,0,0,0,71.94
2008,11,15,11,30,4.5,0,0,0,0,0,0,75.87
2008,11,15,12,30,4.2,0,0,0,0,0,0,79.33
2008,11,15,13,30,5.4,23,53,407,407,23,53,75.05
2008,11,15,14,30,8.200000000000001,51,272,781,781,51,272,64.35
2008,11,15,15,30,11.200000000000001,64,492,916,916,64,492,54
2008,11,15,16,30,14,72,669,979,979,72,669,46.13
2008,11,15,17,30,16.400000000000002,76,786,1011,1011,76,786,39.78
2008,11,15,18,30,18.1,77,833,1023,1023,77,833,35.19
2008,11,15,19,30,19.200000000000003,76,804,1017,1017,76,804,32
2008,11,15,20,30,19.6,72,703,992,992,72,703,30.3
2008,11,15,21,30,19.200000000000003,65,539,941,941,65,539,30.41
2008,11,15,22,30,18,53,327,832,832,53,327,32.63
2008,11,15,23,30,14.600000000000001,32,99,547,547,32,99,43.230000000000004
2008,11,16,0,30,11.5,0,0,0,0,0,0,58
2008,11,16,1,30,10,0,0,0,0,0,0,62.03
2008,11,16,2,30,8.700000000000001,0,0,0,0,0,0,66.63
2008,11,16,3,30,7.6000000000000005,0,0,0,0,0,0,71.49
2008,11,16,4,30,6.6000000000000005,0,0,0,0,0,0,77.45
2008,11,16,5,30,5.7,0,0,0,0,0,0,84.92
2008,11,16,6,30,4.800000000000001,0,0,0,0,0,0,93.02
2008,11,16,7,30,4.3,0,0,0,0,0,0,97.95
2008,11,16,8,30,4.3,0,0,0,0,0,0,97.42
2008,11,16,9,30,4.1000000000000005,0,0,0,0,0,0,95.7
2008,11,16,10,30,3.8000000000000003,0,0,0,0,0,0,94.52
2008,11,16,11,30,3.6,0,0,0,0,0,0,93.11
2008,11,16,12,30,3.6,0,0,0,0,0,0,91.01
2008,11,16,13,30,4.5,24,51,383,383,24,51,84.27
2008,11,16,14,30,7.1000000000000005,51,270,783,0,51,51,71.32000000000001
2008,11,16,15,30,11,62,492,930,0,113,113,56.49
2008,11,16,16,30,15.3,67,671,995,1,238,239,43.54
2008,11,16,17,30,18.400000000000002,71,788,1026,1026,71,788,34.65
2008,11,16,18,30,20.1,71,835,1037,1037,71,835,30.32
2008,11,16,19,30,21.1,70,803,1027,1027,70,803,27.86
2008,11,16,20,30,21.400000000000002,66,702,1003,1003,66,702,26.79
2008,11,16,21,30,21,61,538,951,951,61,538,26.97
2008,11,16,22,30,19.400000000000002,51,327,843,843,51,327,29.490000000000002
2008,11,16,23,30,15.8,31,99,563,563,31,99,43.59
2008,11,17,0,30,12.5,0,0,0,0,0,0,58.31
2008,11,17,1,30,11.200000000000001,0,0,0,0,0,0,59.9
2008,11,17,2,30,10,0,0,0,0,0,0,62.97
2008,11,17,3,30,8.9,0,0,0,0,0,0,66.54
2008,11,17,4,30,7.9,0,0,0,0,0,0,70.08
2008,11,17,5,30,7.1000000000000005,0,0,0,0,0,0,72.4
2008,11,17,6,30,6.6000000000000005,0,0,0,0,0,0,73.05
2008,11,17,7,30,6.300000000000001,0,0,0,0,0,0,73.02
2008,11,17,8,30,6.300000000000001,0,0,0,0,0,0,71.79
2008,11,17,9,30,6.4,0,0,0,0,0,0,70.02
2008,11,17,10,30,6.800000000000001,0,0,0,0,0,0,66.99
2008,11,17,11,30,7.2,0,0,0,0,0,0,64.39
2008,11,17,12,30,7.5,0,0,0,0,0,0,62.61
2008,11,17,13,30,8.700000000000001,21,51,440,440,21,51,57.86
2008,11,17,14,30,11.600000000000001,46,272,817,817,46,272,51.53
2008,11,17,15,30,14.9,57,493,945,945,57,493,41.97
2008,11,17,16,30,17.5,64,671,1007,1007,64,671,35.71
2008,11,17,17,30,19.200000000000003,67,789,1036,1036,67,789,30.970000000000002
2008,11,17,18,30,20.400000000000002,68,836,1047,1047,68,836,27.75
2008,11,17,19,30,21.1,67,807,1041,1041,67,807,25.6
2008,11,17,20,30,21.200000000000003,65,703,1011,1011,65,703,24.72
2008,11,17,21,30,20.700000000000003,59,539,959,959,59,539,24.97
2008,11,17,22,30,19,50,327,850,850,50,327,27.8
2008,11,17,23,30,15.4,30,99,566,566,30,99,39.67
2008,11,18,0,30,12.3,0,0,0,0,0,0,53.28
2008,11,18,1,30,10.9,0,0,0,0,0,0,56.27
2008,11,18,2,30,9.700000000000001,0,0,0,0,0,0,60.14
2008,11,18,3,30,8.5,0,0,0,0,0,0,64.68
2008,11,18,4,30,7.4,0,0,0,0,0,0,69.05
2008,11,18,5,30,6.5,0,0,0,0,0,0,72.9
2008,11,18,6,30,5.7,0,0,0,0,0,0,76.05
2008,11,18,7,30,5.300000000000001,0,0,0,0,0,0,77.15
2008,11,18,8,30,5.1000000000000005,0,0,0,0,0,0,77.87
2008,11,18,9,30,4.9,0,0,0,0,0,0,78.52
2008,11,18,10,30,4.6000000000000005,0,0,0,0,0,0,79.8
2008,11,18,11,30,4.3,0,0,0,0,0,0,81.34
2008,11,18,12,30,4.2,0,0,0,0,0,0,81.9
2008,11,18,13,30,5.800000000000001,21,48,412,412,21,48,73.38
2008,11,18,14,30,9.200000000000001,48,268,803,803,48,268,62.34
2008,11,18,15,30,12.8,60,489,937,937,60,489,51.06
2008,11,18,16,30,15.700000000000001,68,667,998,998,68,667,41.25
2008,11,18,17,30,17.6,72,785,1028,1028,72,785,35.83
2008,11,18,18,30,18.8,73,828,1034,1034,73,828,32.53
2008,11,18,19,30,19.6,71,800,1029,1029,71,800,30.1
2008,11,18,20,30,19.8,67,700,1006,1006,67,700,28.990000000000002
2008,11,18,21,30,19.5,59,537,959,959,59,537,28.92
2008,11,18,22,30,18.1,49,326,854,854,49,326,31.35
2008,11,18,23,30,14.600000000000001,29,99,581,581,29,99,45.45
2008,11,19,0,30,11.4,0,0,0,0,0,0,57.980000000000004
2008,11,19,1,30,10,0,0,0,0,0,0,60.11
2008,11,19,2,30,8.8,0,0,0,0,0,0,62.58
2008,11,19,3,30,7.6000000000000005,0,0,0,0,0,0,65.77
2008,11,19,4,30,6.5,0,0,0,0,0,0,69.07000000000001
2008,11,19,5,30,5.5,0,0,0,0,0,0,73.56
2008,11,19,6,30,4.5,0,0,0,0,0,0,78.72
2008,11,19,7,30,3.4000000000000004,0,0,0,0,0,0,85.28
2008,11,19,8,30,2.4000000000000004,0,0,0,0,0,0,92.54
2008,11,19,9,30,1.4000000000000001,0,0,0,0,0,0,99.21000000000001
2008,11,19,10,30,0.7000000000000001,0,0,0,0,0,0,100
2008,11,19,11,30,0.5,0,0,0,0,0,0,98.08
2008,11,19,12,30,0.30000000000000004,0,0,0,0,0,0,93.05
2008,11,19,13,30,1.1,21,50,472,472,21,50,81.65
2008,11,19,14,30,4,43,278,868,100,165,192,63.480000000000004
2008,11,19,15,30,8.200000000000001,52,504,994,994,52,504,43.69
2008,11,19,16,30,12.600000000000001,56,685,1052,1052,56,685,30.39
2008,11,19,17,30,16.3,59,805,1081,1081,59,805,21.26
2008,11,19,18,30,19,58,853,1091,1091,58,853,16.1
2008,11,19,19,30,20.6,58,824,1086,1086,58,824,13.370000000000001
2008,11,19,20,30,21.200000000000003,55,715,1053,1053,55,715,12.780000000000001
2008,11,19,21,30,20.900000000000002,52,550,1004,1004,52,550,13.040000000000001
2008,11,19,22,30,18.900000000000002,44,336,905,905,44,336,15.51
2008,11,19,23,30,14.8,27,103,643,643,27,103,38.7
2008,11,20,0,30,11.100000000000001,0,0,0,0,0,0,45.52
2008,11,20,1,30,9.4,0,0,0,0,0,0,48.1
2008,11,20,2,30,8.1,0,0,0,0,0,0,51.9
2008,11,20,3,30,6.9,0,0,0,0,0,0,57.15
2008,11,20,4,30,5.9,0,0,0,0,0,0,63.59
2008,11,20,5,30,5,0,0,0,0,0,0,70.98
2008,11,20,6,30,4.2,0,0,0,0,0,0,78.74
2008,11,20,7,30,3.5,0,0,0,0,0,0,85.85000000000001
2008,11,20,8,30,3,0,0,0,0,0,0,90.07000000000001
2008,11,20,9,30,2.7,0,0,0,0,0,0,90.8
2008,11,20,10,30,2.6,0,0,0,0,0,0,88.45
2008,11,20,11,30,2.8000000000000003,0,0,0,0,0,0,83.58
2008,11,20,12,30,3.3000000000000003,0,0,0,0,0,0,76.95
2008,11,20,13,30,5.800000000000001,19,48,475,0,24,24,61.65
2008,11,20,14,30,10.100000000000001,41,271,857,177,153,201,51.4
2008,11,20,15,30,14.8,51,494,982,982,51,494,35.12
2008,11,20,16,30,19,57,675,1039,1039,57,675,23.29
2008,11,20,17,30,21.200000000000003,60,788,1058,1058,60,788,16.62
2008,11,20,18,30,22.200000000000003,69,837,1059,1059,69,837,15.530000000000001
2008,11,20,19,30,22.8,68,809,1053,660,239,703,15.030000000000001
2008,11,20,20,30,22.700000000000003,65,704,1022,629,202,595,15.15
2008,11,20,21,30,22.1,58,539,974,452,200,424,15.8
2008,11,20,22,30,19.900000000000002,49,327,868,532,120,291,18.580000000000002
2008,11,20,23,30,15.5,29,97,582,59,64,71,36.33
2008,11,21,0,30,12,0,0,0,0,0,0,46.58
2008,11,21,1,30,10.700000000000001,0,0,0,0,0,0,47.34
2008,11,21,2,30,9.5,0,0,0,0,0,0,50.22
2008,11,21,3,30,8.1,0,0,0,0,0,0,55.93
2008,11,21,4,30,6.800000000000001,0,0,0,0,0,0,62.27
2008,11,21,5,30,5.7,0,0,0,0,0,0,67.94
2008,11,21,6,30,4.9,0,0,0,0,0,0,72.45
2008,11,21,7,30,4.2,0,0,0,0,0,0,77.74
2008,11,21,8,30,3.8000000000000003,0,0,0,0,0,0,85.34
2008,11,21,9,30,4.2,0,0,0,0,0,0,90.91
2008,11,21,10,30,5.4,0,0,0,0,0,0,90.93
2008,11,21,11,30,6.2,0,0,0,0,0,0,90.7
2008,11,21,12,30,6.6000000000000005,0,0,0,0,0,0,90.85000000000001
2008,11,21,13,30,7.2,21,40,327,327,21,40,88.67
2008,11,21,14,30,8.5,51,251,752,37,153,163,82.25
2008,11,21,15,30,10.700000000000001,63,470,906,906,63,470,70.8
2008,11,21,16,30,13.4,67,647,980,980,67,647,56.35
2008,11,21,17,30,15.700000000000001,68,768,1022,1022,68,768,45.4
2008,11,21,18,30,17.3,71,815,1030,1030,71,815,38.77
2008,11,21,19,30,17.8,70,785,1020,1020,70,785,36.160000000000004
2008,11,21,20,30,17.7,68,687,994,994,68,687,35.58
2008,11,21,21,30,17.1,61,526,942,942,61,526,37.09
2008,11,21,22,30,15.8,51,315,825,825,51,315,41.800000000000004
2008,11,21,23,30,13.4,30,92,529,529,30,92,58.160000000000004
2008,11,22,0,30,11.8,0,0,0,0,0,0,66.54
2008,11,22,1,30,11.200000000000001,0,0,0,0,0,0,70.19
2008,11,22,2,30,10.4,0,0,0,0,0,0,75.59
2008,11,22,3,30,9.3,0,0,0,0,0,0,81.71000000000001
2008,11,22,4,30,8.4,0,0,0,0,0,0,86.41
2008,11,22,5,30,7.800000000000001,0,0,0,0,0,0,88.19
2008,11,22,6,30,7.1000000000000005,0,0,0,0,0,0,89.93
2008,11,22,7,30,6.5,0,0,0,0,0,0,91.09
2008,11,22,8,30,6.1000000000000005,0,0,0,0,0,0,90.88
2008,11,22,9,30,5.9,0,0,0,0,0,0,89.81
2008,11,22,10,30,5.7,0,0,0,0,0,0,89.55
2008,11,22,11,30,5.5,0,0,0,0,0,0,89.53
2008,11,22,12,30,5.300000000000001,0,0,0,0,0,0,90.08
2008,11,22,13,30,6.1000000000000005,19,39,362,5,26,26,84.12
2008,11,22,14,30,8.4,46,251,779,28,148,156,72.02
2008,11,22,15,30,11.8,58,468,921,368,186,350,58.800000000000004
2008,11,22,16,30,15.5,65,644,984,250,343,490,46.52
2008,11,22,17,30,18,69,759,1011,1011,69,759,38.61
2008,11,22,18,30,19.3,74,805,1015,598,253,683,35.09
2008,11,22,19,30,19.900000000000002,73,776,1007,615,237,667,33.09
2008,11,22,20,30,20.1,69,679,983,247,361,515,31.79
2008,11,22,21,30,19.700000000000003,65,518,922,525,171,429,31.79
2008,11,22,22,30,18.3,53,310,807,406,134,263,33.99
2008,11,22,23,30,15,31,90,512,20,59,61,47.75
2008,11,23,0,30,12,0,0,0,0,0,0,61.04
2008,11,23,1,30,10.8,0,0,0,0,0,0,62.35
2008,11,23,2,30,9.8,0,0,0,0,0,0,64.3
2008,11,23,3,30,8.8,0,0,0,0,0,0,67.74
2008,11,23,4,30,7.800000000000001,0,0,0,0,0,0,73.02
2008,11,23,5,30,7,0,0,0,0,0,0,79.35000000000001
2008,11,23,6,30,6.4,0,0,0,0,0,0,87.02
2008,11,23,7,30,6.4,0,0,0,0,0,0,91.25
2008,11,23,8,30,6.9,0,0,0,0,0,0,90.32000000000001
2008,11,23,9,30,6.9,0,0,0,0,0,0,90.77
2008,11,23,10,30,6.6000000000000005,0,0,0,0,0,0,92.78
2008,11,23,11,30,6.4,0,0,0,0,0,0,93.21000000000001
2008,11,23,12,30,6.4,0,0,0,0,0,0,91.93
2008,11,23,13,30,7,19,35,291,2,22,22,87.08
2008,11,23,14,30,9.3,49,239,728,728,49,239,74.41
2008,11,23,15,30,13,62,451,880,880,62,451,59.11
2008,11,23,16,30,17,69,623,946,946,69,623,44.85
2008,11,23,17,30,19.6,72,738,980,980,72,738,34.77
2008,11,23,18,30,21,72,786,996,418,278,578,30.490000000000002
2008,11,23,19,30,21.8,71,758,986,986,71,758,28.18
2008,11,23,20,30,22,70,662,956,956,70,662,27.69
2008,11,23,21,30,21.6,64,503,897,520,173,428,28.47
2008,11,23,22,30,20.3,53,301,781,63,158,178,31.32
2008,11,23,23,30,17.900000000000002,30,87,493,47,46,51,48.77
2008,11,24,0,30,15.9,0,0,0,0,0,0,54.59
2008,11,24,1,30,14.9,0,0,0,0,0,0,55.33
2008,11,24,2,30,13.5,0,0,0,0,0,0,60.07
2008,11,24,3,30,12.100000000000001,0,0,0,0,0,0,62.68
2008,11,24,4,30,11.100000000000001,0,0,0,0,0,0,66.15
2008,11,24,5,30,10.5,0,0,0,0,0,0,68.98
2008,11,24,6,30,10.100000000000001,0,0,0,0,0,0,71.52
2008,11,24,7,30,9.600000000000001,0,0,0,0,0,0,73.25
2008,11,24,8,30,9.3,0,0,0,0,0,0,74.76
2008,11,24,9,30,9,0,0,0,0,0,0,76.01
2008,11,24,10,30,8.8,0,0,0,0,0,0,76.47
2008,11,24,11,30,8.700000000000001,0,0,0,0,0,0,76.23
2008,11,24,12,30,9,0,0,0,0,0,0,73.97
2008,11,24,13,30,10.4,18,35,344,344,18,35,66.77
2008,11,24,14,30,13.200000000000001,45,241,759,20,110,115,58.33
2008,11,24,15,30,16.6,58,455,902,471,166,374,43.06
2008,11,24,16,30,19,66,630,968,708,121,534,31.23
2008,11,24,17,30,20.200000000000003,71,749,1002,606,232,642,27.73
2008,11,24,18,30,21,76,796,1007,1007,76,796,26.14
2008,11,24,19,30,21.3,76,773,1004,478,338,671,25.53
2008,11,24,20,30,21.1,73,676,977,977,73,676,25.47
2008,11,24,21,30,20.3,66,516,923,923,66,516,26.2
2008,11,24,22,30,18.5,54,310,807,807,54,310,28.97
2008,11,24,23,30,15.100000000000001,31,91,519,519,31,91,38.96
2008,11,25,0,30,12.200000000000001,0,0,0,0,0,0,51.050000000000004
2008,11,25,1,30,10.9,0,0,0,0,0,0,53.5
2008,11,25,2,30,9.9,0,0,0,0,0,0,56.56
2008,11,25,3,30,8.8,0,0,0,0,0,0,62.38
2008,11,25,4,30,7.800000000000001,0,0,0,0,0,0,70.13
2008,11,25,5,30,7.1000000000000005,0,0,0,0,0,0,77.71000000000001
2008,11,25,6,30,6.800000000000001,0,0,0,0,0,0,85.68
2008,11,25,7,30,7.1000000000000005,0,0,0,0,0,0,92.19
2008,11,25,8,30,7.6000000000000005,0,0,0,0,0,0,96.62
2008,11,25,9,30,7.9,0,0,0,0,0,0,97.11
2008,11,25,10,30,7.9,0,0,0,0,0,0,96.71000000000001
2008,11,25,11,30,7.7,0,0,0,0,0,0,96.74000000000001
2008,11,25,12,30,7.5,0,0,0,0,0,0,96.33
2008,11,25,13,30,8.1,19,33,292,292,19,33,90.56
2008,11,25,14,30,10,49,239,745,357,107,198,79.25
2008,11,25,15,30,12.9,60,455,904,904,60,455,65.97
2008,11,25,16,30,15.9,64,632,979,979,64,632,52.95
2008,11,25,17,30,18.400000000000002,66,749,1014,1014,66,749,42.67
2008,11,25,18,30,20.200000000000003,68,798,1025,1025,68,798,36.01
2008,11,25,19,30,21.3,66,773,1021,1021,66,773,32.06
2008,11,25,20,30,21.700000000000003,62,677,998,998,62,677,29.88
2008,11,25,21,30,21.5,55,518,950,950,55,518,29.07
2008,11,25,22,30,20.1,46,313,845,845,46,313,30.830000000000002
2008,11,25,23,30,16.7,27,92,569,569,27,92,48.38
2008,11,26,0,30,13.700000000000001,0,0,0,0,0,0,58.06
2008,11,26,1,30,12.600000000000001,0,0,0,0,0,0,59.53
2008,11,26,2,30,11.8,0,0,0,0,0,0,62.410000000000004
2008,11,26,3,30,10.700000000000001,0,0,0,0,0,0,68.36
2008,11,26,4,30,9.700000000000001,0,0,0,0,0,0,75.60000000000001
2008,11,26,5,30,8.9,0,0,0,0,0,0,82.9
2008,11,26,6,30,8.200000000000001,0,0,0,0,0,0,89.43
2008,11,26,7,30,7.9,0,0,0,0,0,0,92.36
2008,11,26,8,30,7.9,0,0,0,0,0,0,91.8
2008,11,26,9,30,7.7,0,0,0,0,0,0,91.52
2008,11,26,10,30,7.4,0,0,0,0,0,0,92.10000000000001
2008,11,26,11,30,7.1000000000000005,0,0,0,0,0,0,92.19
2008,11,26,12,30,6.9,0,0,0,0,0,0,92.06
2008,11,26,13,30,8.3,16,32,353,353,16,32,82.57000000000001
2008,11,26,14,30,11.8,41,237,777,777,41,237,65.76
2008,11,26,15,30,16.6,52,448,912,912,52,448,49.730000000000004
2008,11,26,16,30,20.700000000000003,59,622,976,976,59,622,34.24
2008,11,26,17,30,22.700000000000003,64,739,1006,1006,64,739,27.68
2008,11,26,18,30,23.8,64,787,1019,1019,64,787,25.21
2008,11,26,19,30,24.400000000000002,64,763,1012,1012,64,763,23.68
2008,11,26,20,30,24.6,61,668,988,988,61,668,22.78
2008,11,26,21,30,24.3,55,509,934,934,55,509,22.75
2008,11,26,22,30,22.900000000000002,47,307,826,826,47,307,24.7
2008,11,26,23,30,20.200000000000003,28,90,543,543,28,90,38.62
2008,11,27,0,30,17.7,0,0,0,0,0,0,44.21
2008,11,27,1,30,16.1,0,0,0,0,0,0,49.03
2008,11,27,2,30,14.5,0,0,0,0,0,0,56.14
2008,11,27,3,30,13.200000000000001,0,0,0,0,0,0,62.49
2008,11,27,4,30,12.4,0,0,0,0,0,0,65.01
2008,11,27,5,30,11.8,0,0,0,0,0,0,66.46000000000001
2008,11,27,6,30,11.200000000000001,0,0,0,0,0,0,68.07000000000001
2008,11,27,7,30,10.600000000000001,0,0,0,0,0,0,70.75
2008,11,27,8,30,10.200000000000001,0,0,0,0,0,0,73.72
2008,11,27,9,30,9.8,0,0,0,0,0,0,77.37
2008,11,27,10,30,9.600000000000001,0,0,0,0,0,0,79.99
2008,11,27,11,30,9.3,0,0,0,0,0,0,82.65
2008,11,27,12,30,9.1,0,0,0,0,0,0,84.18
2008,11,27,13,30,10.700000000000001,16,30,330,330,16,30,75.51
2008,11,27,14,30,14.3,42,233,763,763,42,233,62.6
2008,11,27,15,30,18.3,54,445,906,906,54,445,46.84
2008,11,27,16,30,21.5,60,619,973,973,60,619,31.740000000000002
2008,11,27,17,30,23.3,63,736,1006,1006,63,736,26.29
2008,11,27,18,30,24.400000000000002,68,785,1013,1013,68,785,23.79
2008,11,27,19,30,24.900000000000002,67,760,1007,1007,67,760,23
2008,11,27,20,30,24.8,64,664,980,980,64,664,23.37
2008,11,27,21,30,24.3,56,508,932,932,56,508,24.62
2008,11,27,22,30,22.5,45,305,826,826,45,305,28.39
2008,11,27,23,30,18.7,27,90,553,553,27,90,44.800000000000004
2008,11,28,0,30,15.700000000000001,0,0,0,0,0,0,56.39
2008,11,28,1,30,14.5,0,0,0,0,0,0,60.32
2008,11,28,2,30,13.5,0,0,0,0,0,0,65.22
2008,11,28,3,30,12.600000000000001,0,0,0,0,0,0,70.81
2008,11,28,4,30,11.700000000000001,0,0,0,0,0,0,76.39
2008,11,28,5,30,10.9,0,0,0,0,0,0,80.99
2008,11,28,6,30,10.3,0,0,0,0,0,0,83.72
2008,11,28,7,30,9.700000000000001,0,0,0,0,0,0,85.97
2008,11,28,8,30,9.200000000000001,0,0,0,0,0,0,86.94
2008,11,28,9,30,8.8,0,0,0,0,0,0,86.39
2008,11,28,10,30,8.5,0,0,0,0,0,0,84.3
2008,11,28,11,30,8.200000000000001,0,0,0,0,0,0,81.22
2008,11,28,12,30,8.1,0,0,0,0,0,0,76.94
2008,11,28,13,30,10.100000000000001,14,29,363,2,17,17,64.68
2008,11,28,14,30,14,38,231,784,252,118,180,51.45
2008,11,28,15,30,17.8,49,442,917,917,49,442,40.9
2008,11,28,16,30,20.8,55,616,981,770,149,589,34.13
2008,11,28,17,30,22.6,59,731,1008,15,325,335,30.57
2008,11,28,18,30,23.6,58,778,1021,81,374,431,28.89
2008,11,28,19,30,24,59,753,1012,1012,59,753,28.330000000000002
2008,11,28,20,30,23.700000000000003,56,660,988,988,56,660,29.22
2008,11,28,21,30,22.700000000000003,51,505,938,938,51,505,31.470000000000002
2008,11,28,22,30,20.8,42,305,835,474,108,257,35.5
2008,11,28,23,30,17.7,26,90,566,253,53,82,44.410000000000004
2008,11,29,0,30,15.200000000000001,0,0,0,0,0,0,55.28
2008,11,29,1,30,14.100000000000001,0,0,0,0,0,0,59.71
2008,11,29,2,30,13.200000000000001,0,0,0,0,0,0,64.23
2008,11,29,3,30,12.4,0,0,0,0,0,0,69.41
2008,11,29,4,30,11.8,0,0,0,0,0,0,75.32000000000001
2008,11,29,5,30,11.3,0,0,0,0,0,0,80.79
2008,11,29,6,30,10.9,0,0,0,0,0,0,83
2008,11,29,7,30,10.600000000000001,0,0,0,0,0,0,82.78
2008,11,29,8,30,10.200000000000001,0,0,0,0,0,0,82.38
2008,11,29,9,30,9.600000000000001,0,0,0,0,0,0,83.26
2008,11,29,10,30,9.200000000000001,0,0,0,0,0,0,83.23
2008,11,29,11,30,8.9,0,0,0,0,0,0,82.78
2008,11,29,12,30,8.700000000000001,0,0,0,0,0,0,81.64
2008,11,29,13,30,9.200000000000001,15,27,334,334,15,27,76.46000000000001
2008,11,29,14,30,11.200000000000001,40,231,784,150,133,170,65.81
2008,11,29,15,30,14.4,49,448,936,484,157,363,49.120000000000005
2008,11,29,16,30,17.3,53,627,1007,519,218,514,35.95
2008,11,29,17,30,19,56,746,1039,111,379,453,29.580000000000002
2008,11,29,18,30,20,61,797,1046,8,223,229,25.990000000000002
2008,11,29,19,30,20.200000000000003,56,772,1045,1045,56,772,24.48
2008,11,29,20,30,19.8,53,677,1024,1024,53,677,24.59
2008,11,29,21,30,18.8,50,520,973,619,157,456,25.17
2008,11,29,22,30,16.900000000000002,43,317,875,13,102,106,26.45
2008,11,29,23,30,14.5,26,94,600,359,48,89,30.91
2008,11,30,0,30,12.3,0,0,0,0,0,0,40.09
2008,11,30,1,30,11,0,0,0,0,0,0,49.5
2008,11,30,2,30,9.9,0,0,0,0,0,0,58.29
2008,11,30,3,30,8.700000000000001,0,0,0,0,0,0,66.2
2008,11,30,4,30,7.7,0,0,0,0,0,0,71.65
2008,11,30,5,30,6.9,0,0,0,0,0,0,75.53
2008,11,30,6,30,6,0,0,0,0,0,0,80.05
2008,11,30,7,30,5,0,0,0,0,0,0,85
2008,11,30,8,30,3.9000000000000004,0,0,0,0,0,0,90.96000000000001
2008,11,30,9,30,3,0,0,0,0,0,0,94.36
2008,11,30,10,30,2.4000000000000004,0,0,0,0,0,0,93.46000000000001
2008,11,30,11,30,2,0,0,0,0,0,0,89
2008,11,30,12,30,1.8,0,0,0,0,0,0,81.36
2008,11,30,13,30,3.7,14,28,395,395,14,28,64.48
2008,11,30,14,30,7.6000000000000005,36,238,840,840,36,238,49.71
2008,11,30,15,30,11.100000000000001,46,459,976,976,46,459,37.89
2008,11,30,16,30,13.8,51,639,1038,1038,51,639,30.01
2008,11,30,17,30,15.700000000000001,53,754,1060,1060,53,754,25.39
2008,11,30,18,30,17.3,54,805,1071,1071,54,805,22.14
2008,11,30,19,30,18.2,53,782,1066,1066,53,782,20.43
2008,11,30,20,30,18.5,52,687,1043,1043,52,687,19.740000000000002
2008,11,30,21,30,18,48,528,996,996,48,528,20.16
2008,11,30,22,30,16.2,41,321,894,894,41,321,22.81
2008,11,30,23,30,12.3,25,96,627,627,25,96,35.160000000000004
2008,12,1,0,30,8.9,0,0,0,0,0,0,50.42
2008,12,1,1,30,7.5,0,0,0,0,0,0,53.46
2008,12,1,2,30,6.4,0,0,0,0,0,0,55.870000000000005
2008,12,1,3,30,5.4,0,0,0,0,0,0,57.94
2008,12,1,4,30,4.6000000000000005,0,0,0,0,0,0,59.13
2008,12,1,5,30,3.9000000000000004,0,0,0,0,0,0,59.96
2008,12,1,6,30,3.5,0,0,0,0,0,0,59.45
2008,12,1,7,30,3.1,0,0,0,0,0,0,58.870000000000005
2008,12,1,8,30,2.6,0,0,0,0,0,0,59.230000000000004
2008,12,1,9,30,1.9000000000000001,0,0,0,0,0,0,61.07
2008,12,1,10,30,1.3,0,0,0,0,0,0,62.89
2008,12,1,11,30,0.9,0,0,0,0,0,0,64.06
2008,12,1,12,30,1,0,0,0,0,0,0,63.190000000000005
2008,12,1,13,30,2.9000000000000004,13,26,392,392,13,26,55.07
2008,12,1,14,30,6.7,37,239,844,844,37,239,48.46
2008,12,1,15,30,10.5,47,461,984,984,47,461,33.87
2008,12,1,16,30,13.5,53,643,1046,1046,53,643,25.43
2008,12,1,17,30,15.8,56,765,1076,1076,56,765,20.79
2008,12,1,18,30,17.5,57,817,1087,1087,57,817,17.240000000000002
2008,12,1,19,30,18.5,58,795,1081,1081,58,795,15.530000000000001
2008,12,1,20,30,18.900000000000002,55,699,1060,1060,55,699,14.76
2008,12,1,21,30,18.7,52,538,1011,1011,52,538,14.73
2008,12,1,22,30,16.8,43,328,911,911,43,328,16.93
2008,12,1,23,30,12.8,26,99,644,644,26,99,39.63
2008,12,2,0,30,9.4,0,0,0,0,0,0,44.7
2008,12,2,1,30,7.800000000000001,0,0,0,0,0,0,46.85
2008,12,2,2,30,6.5,0,0,0,0,0,0,49.54
2008,12,2,3,30,5.4,0,0,0,0,0,0,52.09
2008,12,2,4,30,4.6000000000000005,0,0,0,0,0,0,53.45
2008,12,2,5,30,4.2,0,0,0,0,0,0,52.72
2008,12,2,6,30,4.1000000000000005,0,0,0,0,0,0,50.1
2008,12,2,7,30,3.7,0,0,0,0,0,0,49.13
2008,12,2,8,30,3.1,0,0,0,0,0,0,49.84
2008,12,2,9,30,2.7,0,0,0,0,0,0,50.160000000000004
2008,12,2,10,30,2.4000000000000004,0,0,0,0,0,0,50.07
2008,12,2,11,30,2.3000000000000003,0,0,0,0,0,0,49.46
2008,12,2,12,30,2.1,0,0,0,0,0,0,49.49
2008,12,2,13,30,3.9000000000000004,13,25,385,385,13,25,43.68
2008,12,2,14,30,8.200000000000001,36,235,846,846,36,235,42.84
2008,12,2,15,30,13,46,457,985,985,46,457,26.17
2008,12,2,16,30,17.5,50,648,1064,1064,50,648,18.42
2008,12,2,17,30,20.6,53,762,1079,1079,53,762,11.32
2008,12,2,18,30,22.200000000000003,57,816,1087,1087,57,816,9.14
2008,12,2,19,30,23.1,57,793,1083,1083,57,793,8.700000000000001
2008,12,2,20,30,23.3,54,698,1061,1061,54,698,8.96
2008,12,2,21,30,22.8,49,537,1016,1016,49,537,9.58
2008,12,2,22,30,20.900000000000002,40,323,908,908,40,323,12.08
2008,12,2,23,30,18.1,24,98,645,645,24,98,27.7
2008,12,3,0,30,16.2,0,0,0,0,0,0,22.93
2008,12,3,1,30,14.200000000000001,0,0,0,0,0,0,25.330000000000002
2008,12,3,2,30,11.4,0,0,0,0,0,0,34.410000000000004
2008,12,3,3,30,8.8,0,0,0,0,0,0,46.64
2008,12,3,4,30,7.4,0,0,0,0,0,0,54.77
2008,12,3,5,30,6.6000000000000005,0,0,0,0,0,0,60.230000000000004
2008,12,3,6,30,6,0,0,0,0,0,0,63.75
2008,12,3,7,30,5.5,0,0,0,0,0,0,64.37
2008,12,3,8,30,5.2,0,0,0,0,0,0,62.92
2008,12,3,9,30,5,0,0,0,0,0,0,61.13
2008,12,3,10,30,5.2,0,0,0,0,0,0,58.480000000000004
2008,12,3,11,30,5.4,0,0,0,0,0,0,57.44
2008,12,3,12,30,5.5,0,0,0,0,0,0,55.96
2008,12,3,13,30,7.1000000000000005,13,22,344,0,9,9,49.64
2008,12,3,14,30,10,39,230,817,344,111,191,43.160000000000004
2008,12,3,15,30,13.200000000000001,52,446,950,950,52,446,34.03
2008,12,3,16,30,17.1,59,627,1015,438,283,528,26.71
2008,12,3,17,30,20.1,64,749,1047,600,232,625,19.62
2008,12,3,18,30,21.700000000000003,70,796,1044,282,350,546,16.8
2008,12,3,19,30,22.3,67,770,1036,241,368,532,15.74
2008,12,3,20,30,22.200000000000003,64,677,1012,297,305,485,15.6
2008,12,3,21,30,21.3,61,516,948,560,160,429,16.56
2008,12,3,22,30,18.5,51,312,835,260,157,239,21.77
2008,12,3,23,30,15.3,30,92,543,17,57,59,43.52
2008,12,4,0,30,13.4,0,0,0,0,0,0,48.27
2008,12,4,1,30,12.100000000000001,0,0,0,0,0,0,50.160000000000004
2008,12,4,2,30,11.700000000000001,0,0,0,0,0,0,46.52
2008,12,4,3,30,11.5,0,0,0,0,0,0,46.93
2008,12,4,4,30,10.5,0,0,0,0,0,0,49.01
2008,12,4,5,30,9.4,0,0,0,0,0,0,49.620000000000005
2008,12,4,6,30,8.9,0,0,0,0,0,0,47.75
2008,12,4,7,30,8.6,0,0,0,0,0,0,46.13
2008,12,4,8,30,8.4,0,0,0,0,0,0,44.14
2008,12,4,9,30,8.1,0,0,0,0,0,0,42.81
2008,12,4,10,30,7.800000000000001,0,0,0,0,0,0,42.46
2008,12,4,11,30,7.6000000000000005,0,0,0,0,0,0,41.910000000000004
2008,12,4,12,30,6.9,0,0,0,0,0,0,43.03
2008,12,4,13,30,7.2,13,19,240,240,13,19,41.32
2008,12,4,14,30,9.5,44,216,746,746,44,216,43.07
2008,12,4,15,30,12.9,58,432,906,906,58,432,30.09
2008,12,4,16,30,16,67,611,977,977,67,611,26.29
2008,12,4,17,30,18.1,72,729,1007,1007,72,729,24.32
2008,12,4,18,30,19.5,74,781,1019,1019,74,781,24
2008,12,4,19,30,20.400000000000002,74,756,1008,1008,74,756,23.82
2008,12,4,20,30,20.900000000000002,71,664,982,982,71,664,23.73
2008,12,4,21,30,20.700000000000003,62,508,928,928,62,508,24.54
2008,12,4,22,30,19.1,51,307,817,817,51,307,27.91
2008,12,4,23,30,15.8,30,90,528,528,30,90,46.660000000000004
2008,12,5,0,30,13.3,0,0,0,0,0,0,51.54
2008,12,5,1,30,12,0,0,0,0,0,0,56.09
2008,12,5,2,30,10.600000000000001,0,0,0,0,0,0,61.25
2008,12,5,3,30,9.4,0,0,0,0,0,0,66.03
2008,12,5,4,30,8.5,0,0,0,0,0,0,69.78
2008,12,5,5,30,8.200000000000001,0,0,0,0,0,0,71.16
2008,12,5,6,30,8,0,0,0,0,0,0,73.43
2008,12,5,7,30,7.2,0,0,0,0,0,0,77.59
2008,12,5,8,30,6.4,0,0,0,0,0,0,81.26
2008,12,5,9,30,5.9,0,0,0,0,0,0,83.75
2008,12,5,10,30,5.4,0,0,0,0,0,0,85.87
2008,12,5,11,30,5.1000000000000005,0,0,0,0,0,0,86.67
2008,12,5,12,30,4.9,0,0,0,0,0,0,86.67
2008,12,5,13,30,6.7,12,18,275,275,12,18,75.53
2008,12,5,14,30,10.600000000000001,39,214,765,765,39,214,60.08
2008,12,5,15,30,14.700000000000001,50,428,921,921,50,428,45.15
2008,12,5,16,30,18,57,605,989,989,57,605,33.1
2008,12,5,17,30,19.8,61,726,1021,1021,61,726,28.71
2008,12,5,18,30,21.1,62,775,1030,1030,62,775,26
2008,12,5,19,30,21.8,61,755,1026,1026,61,755,24.490000000000002
2008,12,5,20,30,21.900000000000002,60,662,998,998,60,662,24.16
2008,12,5,21,30,21.3,56,507,940,314,218,369,25.330000000000002
2008,12,5,22,30,19.3,47,307,834,351,137,247,29.830000000000002
2008,12,5,23,30,16.1,28,91,553,4,55,55,48.31
2008,12,6,0,30,13.9,0,0,0,0,0,0,56.33
2008,12,6,1,30,13,0,0,0,0,0,0,60.050000000000004
2008,12,6,2,30,12.200000000000001,0,0,0,0,0,0,64.42
2008,12,6,3,30,11.5,0,0,0,0,0,0,68.33
2008,12,6,4,30,10.8,0,0,0,0,0,0,72.39
2008,12,6,5,30,10,0,0,0,0,0,0,76.88
2008,12,6,6,30,9,0,0,0,0,0,0,82.51
2008,12,6,7,30,8,0,0,0,0,0,0,88.73
2008,12,6,8,30,7.300000000000001,0,0,0,0,0,0,93.48
2008,12,6,9,30,6.800000000000001,0,0,0,0,0,0,96.59
2008,12,6,10,30,6.300000000000001,0,0,0,0,0,0,99.32000000000001
2008,12,6,11,30,5.9,0,0,0,0,0,0,100
2008,12,6,12,30,5.800000000000001,0,0,0,0,0,0,100
2008,12,6,13,30,7.6000000000000005,11,17,277,277,11,17,88.19
2008,12,6,14,30,11.4,36,207,759,759,36,207,68.62
2008,12,6,15,30,15.4,47,418,910,910,47,418,51.980000000000004
2008,12,6,16,30,18.400000000000002,53,595,981,981,53,595,39.83
2008,12,6,17,30,20.200000000000003,56,715,1014,1014,56,715,34.33
2008,12,6,18,30,21.400000000000002,64,768,1020,1020,64,768,30.44
2008,12,6,19,30,22.1,63,748,1015,1015,63,748,27.54
2008,12,6,20,30,22.1,60,658,992,992,60,658,26.060000000000002
2008,12,6,21,30,21.5,54,506,943,155,285,359,25.95
2008,12,6,22,30,19.6,46,307,835,835,46,307,28.7
2008,12,6,23,30,15.8,28,92,558,558,28,92,42.35
2008,12,7,0,30,12.700000000000001,0,0,0,0,0,0,53.03
2008,12,7,1,30,11.3,0,0,0,0,0,0,55.03
2008,12,7,2,30,9.9,0,0,0,0,0,0,58.92
2008,12,7,3,30,8.8,0,0,0,0,0,0,61.74
2008,12,7,4,30,8.1,0,0,0,0,0,0,62.72
2008,12,7,5,30,8,0,0,0,0,0,0,60.52
2008,12,7,6,30,7.800000000000001,0,0,0,0,0,0,58.370000000000005
2008,12,7,7,30,7.4,0,0,0,0,0,0,57.88
2008,12,7,8,30,6.9,0,0,0,0,0,0,58.83
2008,12,7,9,30,6.7,0,0,0,0,0,0,58.94
2008,12,7,10,30,6.5,0,0,0,0,0,0,59.36
2008,12,7,11,30,6.2,0,0,0,0,0,0,60.730000000000004
2008,12,7,12,30,5.6000000000000005,0,0,0,0,0,0,64.4
2008,12,7,13,30,6.800000000000001,11,16,257,257,11,16,61.36
2008,12,7,14,30,10,40,210,761,761,40,210,56.04
2008,12,7,15,30,14,53,425,916,916,53,425,46
2008,12,7,16,30,17.8,60,600,982,497,254,527,36.910000000000004
2008,12,7,17,30,20.200000000000003,64,722,1016,1016,64,722,28.900000000000002
2008,12,7,18,30,21.5,67,775,1027,1027,67,775,24.8
2008,12,7,19,30,22.400000000000002,66,756,1024,1024,66,756,22.71
2008,12,7,20,30,22.700000000000003,62,665,1002,1002,62,665,21.69
2008,12,7,21,30,22.400000000000002,56,510,947,588,166,448,21.54
2008,12,7,22,30,20.900000000000002,47,310,840,491,110,264,23.26
2008,12,7,23,30,18.1,28,94,562,19,58,61,39.46
2008,12,8,0,30,15.600000000000001,0,0,0,0,0,0,44.47
2008,12,8,1,30,14.3,0,0,0,0,0,0,48.370000000000005
2008,12,8,2,30,13.4,0,0,0,0,0,0,52.28
2008,12,8,3,30,12.5,0,0,0,0,0,0,55.870000000000005
2008,12,8,4,30,11.700000000000001,0,0,0,0,0,0,59.72
2008,12,8,5,30,11.200000000000001,0,0,0,0,0,0,63.13
2008,12,8,6,30,10.8,0,0,0,0,0,0,68.73
2008,12,8,7,30,10.5,0,0,0,0,0,0,76.58
2008,12,8,8,30,10.200000000000001,0,0,0,0,0,0,85.23
2008,12,8,9,30,9.5,0,0,0,0,0,0,92.59
2008,12,8,10,30,8.8,0,0,0,0,0,0,96.73
2008,12,8,11,30,8.200000000000001,0,0,0,0,0,0,99.08
2008,12,8,12,30,8,0,0,0,0,0,0,98.08
2008,12,8,13,30,9.1,0,0,0,0,0,0,88.15
2008,12,8,14,30,11.9,37,205,761,761,37,205,70.96000000000001
2008,12,8,15,30,15.5,47,420,922,922,47,420,55.410000000000004
2008,12,8,16,30,18.900000000000002,54,597,991,991,54,597,37.550000000000004
2008,12,8,17,30,21,57,718,1024,1024,57,718,28.03
2008,12,8,18,30,22.200000000000003,63,773,1032,1032,63,773,23.27
2008,12,8,19,30,22.200000000000003,61,754,1029,1029,61,754,21.86
2008,12,8,20,30,21.5,57,664,1009,195,365,483,22.42
2008,12,8,21,30,20.6,54,512,957,603,163,452,23.92
2008,12,8,22,30,18.8,45,312,852,67,159,180,27.46
2008,12,8,23,30,15.3,27,96,587,24,60,63,38.68
2008,12,9,0,30,12.4,0,0,0,0,0,0,50.77
2008,12,9,1,30,11.5,0,0,0,0,0,0,54.94
2008,12,9,2,30,11,0,0,0,0,0,0,61.07
2008,12,9,3,30,10.4,0,0,0,0,0,0,69.57000000000001
2008,12,9,4,30,9.700000000000001,0,0,0,0,0,0,77.18
2008,12,9,5,30,9.200000000000001,0,0,0,0,0,0,80.95
2008,12,9,6,30,8.8,0,0,0,0,0,0,82.36
2008,12,9,7,30,8.5,0,0,0,0,0,0,82.54
2008,12,9,8,30,8.1,0,0,0,0,0,0,83.34
2008,12,9,9,30,7.7,0,0,0,0,0,0,84.56
2008,12,9,10,30,7.1000000000000005,0,0,0,0,0,0,87.82000000000001
2008,12,9,11,30,6.800000000000001,0,0,0,0,0,0,89.66
2008,12,9,12,30,6.5,0,0,0,0,0,0,90.81
2008,12,9,13,30,7.4,0,0,0,0,0,0,83.88
2008,12,9,14,30,10.600000000000001,34,209,801,147,113,145,65.78
2008,12,9,15,30,14.5,44,426,952,530,151,364,47.34
2008,12,9,16,30,17.6,50,606,1019,1019,50,606,31.720000000000002
2008,12,9,17,30,19.5,51,729,1053,526,255,593,25.95
2008,12,9,18,30,20.6,60,786,1059,1059,60,786,23.69
2008,12,9,19,30,21.1,57,767,1057,535,260,620,23.07
2008,12,9,20,30,20.700000000000003,54,673,1030,274,297,462,24.23
2008,12,9,21,30,19.6,56,521,971,187,251,341,26.71
2008,12,9,22,30,17.6,45,319,872,87,164,191,31.73
2008,12,9,23,30,14.4,27,99,611,32,63,67,42.25
2008,12,10,0,30,11.700000000000001,0,0,0,0,0,0,55.32
2008,12,10,1,30,10.700000000000001,0,0,0,0,0,0,61.29
2008,12,10,2,30,10.100000000000001,0,0,0,0,0,0,66.49
2008,12,10,3,30,9.3,0,0,0,0,0,0,73.37
2008,12,10,4,30,8.4,0,0,0,0,0,0,81.74
2008,12,10,5,30,7.6000000000000005,0,0,0,0,0,0,89.19
2008,12,10,6,30,6.7,0,0,0,0,0,0,94.96000000000001
2008,12,10,7,30,5.800000000000001,0,0,0,0,0,0,94.12
2008,12,10,8,30,4.7,0,0,0,0,0,0,89.72
2008,12,10,9,30,3.4000000000000004,0,0,0,0,0,0,85.78
2008,12,10,10,30,2.2,0,0,0,0,0,0,82.24
2008,12,10,11,30,1.3,0,0,0,0,0,0,80.66
2008,12,10,12,30,0.6000000000000001,0,0,0,0,0,0,79.68
2008,12,10,13,30,0.5,0,0,0,0,0,0,77.11
2008,12,10,14,30,1.8,50,200,693,693,50,200,67.19
2008,12,10,15,30,4.2,63,424,906,906,63,424,54.300000000000004
2008,12,10,16,30,6.9,66,615,1009,1009,66,615,44.07
2008,12,10,17,30,9.200000000000001,65,748,1064,1064,65,748,36.17
2008,12,10,18,30,11,62,804,1083,1083,62,804,27.740000000000002
2008,12,10,19,30,11.9,58,785,1083,771,197,715,22.36
2008,12,10,20,30,12,55,694,1064,1064,55,694,19.900000000000002
2008,12,10,21,30,11.600000000000001,50,538,1018,1018,50,538,19.34
2008,12,10,22,30,10.100000000000001,42,332,922,922,42,332,21.04
2008,12,10,23,30,6.7,27,105,663,663,27,105,30.1
2008,12,11,0,30,3.6,0,0,0,0,0,0,48.39
2008,12,11,1,30,2.3000000000000003,0,0,0,0,0,0,51.35
2008,12,11,2,30,1.3,0,0,0,0,0,0,53.33
2008,12,11,3,30,0.30000000000000004,0,0,0,0,0,0,56.050000000000004
2008,12,11,4,30,-0.4,0,0,0,0,0,0,57.86
2008,12,11,5,30,-0.9,0,0,0,0,0,0,58.63
2008,12,11,6,30,-1.3,0,0,0,0,0,0,59.96
2008,12,11,7,30,-1.8,0,0,0,0,0,0,61.660000000000004
2008,12,11,8,30,-2.3000000000000003,0,0,0,0,0,0,62.54
2008,12,11,9,30,-2.5,0,0,0,0,0,0,62.7
2008,12,11,10,30,-2.4000000000000004,0,0,0,0,0,0,61.74
2008,12,11,11,30,-2.2,0,0,0,0,0,0,60.67
2008,12,11,12,30,-1.8,0,0,0,0,0,0,59.32
2008,12,11,13,30,-0.2,0,0,0,0,0,0,52.82
2008,12,11,14,30,3.2,35,209,812,812,35,209,45.21
2008,12,11,15,30,6.9,44,428,967,967,44,428,31.57
2008,12,11,16,30,10.100000000000001,49,610,1036,1036,49,610,25.12
2008,12,11,17,30,12.9,53,737,1067,1067,53,737,21.21
2008,12,11,18,30,15,59,795,1076,1076,59,795,19.73
2008,12,11,19,30,16.5,58,771,1063,1063,58,771,19.41
2008,12,11,20,30,17.1,55,681,1042,1042,55,681,19.81
2008,12,11,21,30,17,49,527,997,997,49,527,20.48
2008,12,11,22,30,15,42,325,897,897,42,325,23.95
2008,12,11,23,30,11.4,27,103,632,632,27,103,45.13
2008,12,12,0,30,8.8,0,0,0,0,0,0,50.85
2008,12,12,1,30,7.7,0,0,0,0,0,0,52.11
2008,12,12,2,30,6.7,0,0,0,0,0,0,53.56
2008,12,12,3,30,5.800000000000001,0,0,0,0,0,0,55.29
2008,12,12,4,30,5.300000000000001,0,0,0,0,0,0,56.08
2008,12,12,5,30,5,0,0,0,0,0,0,56.25
2008,12,12,6,30,4.7,0,0,0,0,0,0,55.85
2008,12,12,7,30,4.4,0,0,0,0,0,0,55.74
2008,12,12,8,30,3.9000000000000004,0,0,0,0,0,0,57.39
2008,12,12,9,30,3.4000000000000004,0,0,0,0,0,0,58.28
2008,12,12,10,30,3,0,0,0,0,0,0,55.92
2008,12,12,11,30,2.6,0,0,0,0,0,0,55.71
2008,12,12,12,30,2.2,0,0,0,0,0,0,56.49
2008,12,12,13,30,3.7,0,0,0,0,0,0,51.33
2008,12,12,14,30,7.300000000000001,34,201,789,789,34,201,46.410000000000004
2008,12,12,15,30,11.8,44,418,948,948,44,418,32.77
2008,12,12,16,30,16,49,599,1016,1016,49,599,24.42
2008,12,12,17,30,18.7,53,724,1050,1050,53,724,20.31
2008,12,12,18,30,20.3,57,777,1053,1053,57,777,18.18
2008,12,12,19,30,21.200000000000003,57,760,1050,1050,57,760,16.92
2008,12,12,20,30,21.5,54,672,1029,1029,54,672,16.4
2008,12,12,21,30,21.1,50,521,982,555,173,440,16.7
2008,12,12,22,30,19.1,41,318,877,877,41,318,19.42
2008,12,12,23,30,15.100000000000001,26,100,616,28,60,64,42.730000000000004
2008,12,13,0,30,11.8,0,0,0,0,0,0,44.54
2008,12,13,1,30,10.3,0,0,0,0,0,0,46.43
2008,12,13,2,30,9,0,0,0,0,0,0,49.76
2008,12,13,3,30,7.800000000000001,0,0,0,0,0,0,53.89
2008,12,13,4,30,7,0,0,0,0,0,0,57.26
2008,12,13,5,30,6.5,0,0,0,0,0,0,59.31
2008,12,13,6,30,6.1000000000000005,0,0,0,0,0,0,60.74
2008,12,13,7,30,6,0,0,0,0,0,0,60.86
2008,12,13,8,30,6.300000000000001,0,0,0,0,0,0,60.21
2008,12,13,9,30,6.2,0,0,0,0,0,0,60.47
2008,12,13,10,30,5.800000000000001,0,0,0,0,0,0,60.85
2008,12,13,11,30,5.300000000000001,0,0,0,0,0,0,61.5
2008,12,13,12,30,4.7,0,0,0,0,0,0,62.92
2008,12,13,13,30,6.300000000000001,0,0,0,0,0,0,56.28
2008,12,13,14,30,9.8,39,197,751,15,115,118,46.24
2008,12,13,15,30,13.700000000000001,54,413,915,495,157,351,37.34
2008,12,13,16,30,16.8,64,595,986,714,154,539,31.060000000000002
2008,12,13,17,30,18.1,69,716,1014,1014,69,716,28.740000000000002
2008,12,13,18,30,18.8,73,773,1026,642,234,672,27.45
2008,12,13,19,30,19.3,71,757,1023,668,213,661,26.16
2008,12,13,20,30,19.400000000000002,68,669,1002,422,266,519,25.51
2008,12,13,21,30,19,59,519,957,78,248,285,25.79
2008,12,13,22,30,17.1,48,319,858,274,154,241,29.62
2008,12,13,23,30,13.8,28,101,599,30,62,65,41.730000000000004
2008,12,14,0,30,11.4,0,0,0,0,0,0,52.63
2008,12,14,1,30,10.600000000000001,0,0,0,0,0,0,56.17
2008,12,14,2,30,9.9,0,0,0,0,0,0,59.79
2008,12,14,3,30,8.8,0,0,0,0,0,0,65.37
2008,12,14,4,30,8,0,0,0,0,0,0,69.14
2008,12,14,5,30,7.7,0,0,0,0,0,0,70.13
2008,12,14,6,30,7.6000000000000005,0,0,0,0,0,0,68.28
2008,12,14,7,30,7.7,0,0,0,0,0,0,64.32000000000001
2008,12,14,8,30,7.7,0,0,0,0,0,0,61.28
2008,12,14,9,30,7.7,0,0,0,0,0,0,59.19
2008,12,14,10,30,7.7,0,0,0,0,0,0,57.44
2008,12,14,11,30,7.6000000000000005,0,0,0,0,0,0,55.95
2008,12,14,12,30,7.300000000000001,0,0,0,0,0,0,55.1
2008,12,14,13,30,8.1,0,0,0,0,0,0,50.08
2008,12,14,14,30,10.700000000000001,37,192,747,747,37,192,40.85
2008,12,14,15,30,14.600000000000001,48,404,910,910,48,404,30.78
2008,12,14,16,30,18.6,54,582,984,984,54,582,19.86
2008,12,14,17,30,21.400000000000002,56,706,1020,1020,56,706,15.370000000000001
2008,12,14,18,30,22.900000000000002,57,762,1035,1035,57,762,15.3
2008,12,14,19,30,23.5,56,747,1032,1032,56,747,16.61
2008,12,14,20,30,23.3,55,659,1005,1005,55,659,17.89
2008,12,14,21,30,22.3,52,511,956,956,52,511,19.72
2008,12,14,22,30,19.900000000000002,44,315,854,854,44,315,23.87
2008,12,14,23,30,16.3,28,100,594,28,66,69,35.31
2008,12,15,0,30,13.8,0,0,0,0,0,0,45.14
2008,12,15,1,30,12.9,0,0,0,0,0,0,48.050000000000004
2008,12,15,2,30,12,0,0,0,0,0,0,51.550000000000004
2008,12,15,3,30,11.200000000000001,0,0,0,0,0,0,54.980000000000004
2008,12,15,4,30,10.4,0,0,0,0,0,0,58.28
2008,12,15,5,30,9.600000000000001,0,0,0,0,0,0,60.75
2008,12,15,6,30,9,0,0,0,0,0,0,61.35
2008,12,15,7,30,8.5,0,0,0,0,0,0,60.77
2008,12,15,8,30,8.1,0,0,0,0,0,0,59.67
2008,12,15,9,30,7.800000000000001,0,0,0,0,0,0,59.01
2008,12,15,10,30,7.7,0,0,0,0,0,0,58.660000000000004
2008,12,15,11,30,7.6000000000000005,0,0,0,0,0,0,59.300000000000004
2008,12,15,12,30,7.5,0,0,0,0,0,0,60.76
2008,12,15,13,30,9.1,0,0,0,0,0,0,55.58
2008,12,15,14,30,12.5,36,186,726,258,98,151,48.64
2008,12,15,15,30,16.400000000000002,49,397,894,399,159,314,36.45
2008,12,15,16,30,20.3,55,574,969,969,55,574,28.77
2008,12,15,17,30,22.700000000000003,59,697,1005,1005,59,697,24.51
2008,12,15,18,30,23.900000000000002,62,754,1017,403,350,624,23.72
2008,12,15,19,30,24.6,61,737,1011,603,217,621,23.79
2008,12,15,20,30,24.700000000000003,56,652,992,629,193,571,24.62
2008,12,15,21,30,24.200000000000003,55,506,937,497,180,419,26.05
2008,12,15,22,30,22.3,46,313,839,282,140,230,29.92
2008,12,15,23,30,18.7,28,100,579,138,65,82,49.45
2008,12,16,0,30,15.9,0,0,0,0,0,0,52.81
2008,12,16,1,30,14.4,0,0,0,0,0,0,56.53
2008,12,16,2,30,13.200000000000001,0,0,0,0,0,0,59.9
2008,12,16,3,30,12.200000000000001,0,0,0,0,0,0,62.75
2008,12,16,4,30,11.3,0,0,0,0,0,0,65.65
2008,12,16,5,30,10.4,0,0,0,0,0,0,69.24
2008,12,16,6,30,9.600000000000001,0,0,0,0,0,0,72.99
2008,12,16,7,30,8.9,0,0,0,0,0,0,76.38
2008,12,16,8,30,8.200000000000001,0,0,0,0,0,0,79.51
2008,12,16,9,30,7.7,0,0,0,0,0,0,81.10000000000001
2008,12,16,10,30,7.5,0,0,0,0,0,0,80.73
2008,12,16,11,30,7.5,0,0,0,0,0,0,79.13
2008,12,16,12,30,7.5,0,0,0,0,0,0,77.99
2008,12,16,13,30,9.3,0,0,0,0,0,0,68.42
2008,12,16,14,30,13.100000000000001,36,189,752,752,36,189,55.54
2008,12,16,15,30,17.5,48,408,928,928,48,408,42.93
2008,12,16,16,30,21.5,55,590,1001,1001,55,590,30.57
2008,12,16,17,30,23.8,60,716,1035,1035,60,716,21.66
2008,12,16,18,30,24.900000000000002,64,776,1047,736,261,761,18.51
2008,12,16,19,30,25,65,761,1042,732,259,748,17.45
2008,12,16,20,30,24.400000000000002,63,672,1013,641,195,580,17.54
2008,12,16,21,30,23.200000000000003,57,522,966,966,57,522,18.85
2008,12,16,22,30,20.6,47,324,868,868,47,324,26.03
2008,12,16,23,30,17,29,105,611,611,29,105,45.07
2008,12,17,0,30,14.600000000000001,0,0,0,0,0,0,48.980000000000004
2008,12,17,1,30,13.3,0,0,0,0,0,0,51.92
2008,12,17,2,30,12.100000000000001,0,0,0,0,0,0,54.54
2008,12,17,3,30,11.100000000000001,0,0,0,0,0,0,56.71
2008,12,17,4,30,10.3,0,0,0,0,0,0,59.11
2008,12,17,5,30,9.600000000000001,0,0,0,0,0,0,61.730000000000004
2008,12,17,6,30,9,0,0,0,0,0,0,64.43
2008,12,17,7,30,8.5,0,0,0,0,0,0,66.8
2008,12,17,8,30,8.1,0,0,0,0,0,0,68.37
2008,12,17,9,30,8,0,0,0,0,0,0,67.83
2008,12,17,10,30,8,0,0,0,0,0,0,65.85
2008,12,17,11,30,8.1,0,0,0,0,0,0,62.620000000000005
2008,12,17,12,30,8.1,0,0,0,0,0,0,59.38
2008,12,17,13,30,9.4,0,0,0,0,0,0,51.68
2008,12,17,14,30,12.9,40,187,731,731,40,187,47.77
2008,12,17,15,30,17.2,55,405,907,907,55,405,32.21
2008,12,17,16,30,21,64,588,983,983,64,588,24.330000000000002
2008,12,17,17,30,23.3,69,715,1020,1020,69,715,19.37
2008,12,17,18,30,24.5,71,770,1029,1029,71,770,17.45
2008,12,17,19,30,25.1,72,756,1024,1024,72,756,16.56
2008,12,17,20,30,25.200000000000003,69,667,994,994,69,667,16.38
2008,12,17,21,30,24.6,64,518,941,488,193,429,17.06
2008,12,17,22,30,22.3,53,320,833,833,53,320,20.37
2008,12,17,23,30,18.2,33,103,561,561,33,103,42.31
2008,12,18,0,30,15.200000000000001,0,0,0,0,0,0,45.51
2008,12,18,1,30,13.700000000000001,0,0,0,0,0,0,49.65
2008,12,18,2,30,12.5,0,0,0,0,0,0,54.15
2008,12,18,3,30,11.600000000000001,0,0,0,0,0,0,58.2
2008,12,18,4,30,10.8,0,0,0,0,0,0,62.42
2008,12,18,5,30,10,0,0,0,0,0,0,66.78
2008,12,18,6,30,9.4,0,0,0,0,0,0,69.42
2008,12,18,7,30,8.9,0,0,0,0,0,0,70.34
2008,12,18,8,30,8.5,0,0,0,0,0,0,69.82000000000001
2008,12,18,9,30,8.200000000000001,0,0,0,0,0,0,68.18
2008,12,18,10,30,8,0,0,0,0,0,0,66.48
2008,12,18,11,30,7.800000000000001,0,0,0,0,0,0,65.52
2008,12,18,12,30,7.7,0,0,0,0,0,0,65.32000000000001
2008,12,18,13,30,9.4,0,0,0,0,0,0,58.65
2008,12,18,14,30,13,40,183,717,717,40,183,49.93
2008,12,18,15,30,16.900000000000002,54,399,898,898,54,399,39.96
2008,12,18,16,30,20,62,581,976,976,62,581,33.980000000000004
2008,12,18,17,30,21.8,66,711,1020,1020,66,711,28.560000000000002
2008,12,18,18,30,22.900000000000002,69,771,1033,1033,69,771,25.37
2008,12,18,19,30,23.400000000000002,67,755,1028,1028,67,755,23.63
2008,12,18,20,30,23.3,64,670,1007,1007,64,670,23.080000000000002
2008,12,18,21,30,22.5,58,522,960,960,58,522,23.59
2008,12,18,22,30,20.3,48,325,862,862,48,325,26.86
2008,12,18,23,30,16.2,29,108,616,616,29,108,41.06
2008,12,19,0,30,13.100000000000001,0,0,0,0,0,0,52.08
2008,12,19,1,30,11.9,0,0,0,0,0,0,55.14
2008,12,19,2,30,11,0,0,0,0,0,0,57.51
2008,12,19,3,30,10.200000000000001,0,0,0,0,0,0,59.7
2008,12,19,4,30,9.600000000000001,0,0,0,0,0,0,61.52
2008,12,19,5,30,9,0,0,0,0,0,0,63.53
2008,12,19,6,30,8.4,0,0,0,0,0,0,65.22
2008,12,19,7,30,7.9,0,0,0,0,0,0,65.4
2008,12,19,8,30,7.4,0,0,0,0,0,0,64.62
2008,12,19,9,30,7.1000000000000005,0,0,0,0,0,0,63.230000000000004
2008,12,19,10,30,6.9,0,0,0,0,0,0,62.36
2008,12,19,11,30,6.7,0,0,0,0,0,0,62.58
2008,12,19,12,30,6.7,0,0,0,0,0,0,62.74
2008,12,19,13,30,8.700000000000001,0,0,0,0,0,0,55.64
2008,12,19,14,30,12.9,34,186,771,771,34,186,49.58
2008,12,19,15,30,17.3,45,404,940,940,45,404,36.44
2008,12,19,16,30,20.900000000000002,51,588,1012,1012,51,588,26.63
2008,12,19,17,30,23,56,713,1040,1040,56,713,20.45
2008,12,19,18,30,24.1,61,774,1050,1050,61,774,18.04
2008,12,19,19,30,24.8,62,762,1047,1047,62,762,16.7
2008,12,19,20,30,24.8,60,678,1025,1025,60,678,16.47
2008,12,19,21,30,24.3,55,526,972,972,55,526,17.12
2008,12,19,22,30,21.900000000000002,47,329,873,873,47,329,20.21
2008,12,19,23,30,18.1,30,110,617,617,30,110,41.18
2008,12,20,0,30,15.4,0,0,0,0,0,0,43.2
2008,12,20,1,30,13.8,0,0,0,0,0,0,47.12
2008,12,20,2,30,12.5,0,0,0,0,0,0,51.410000000000004
2008,12,20,3,30,11.4,0,0,0,0,0,0,55.02
2008,12,20,4,30,10.5,0,0,0,0,0,0,58.01
2008,12,20,5,30,9.700000000000001,0,0,0,0,0,0,60.56
2008,12,20,6,30,9.1,0,0,0,0,0,0,62.2
2008,12,20,7,30,8.700000000000001,0,0,0,0,0,0,62.82
2008,12,20,8,30,8.3,0,0,0,0,0,0,63.230000000000004
2008,12,20,9,30,8,0,0,0,0,0,0,63.26
2008,12,20,10,30,7.7,0,0,0,0,0,0,63.43
2008,12,20,11,30,7.4,0,0,0,0,0,0,63.31
2008,12,20,12,30,7.1000000000000005,0,0,0,0,0,0,62.79
2008,12,20,13,30,8.6,0,0,0,0,0,0,55.02
2008,12,20,14,30,12.4,39,181,724,724,39,181,47.660000000000004
2008,12,20,15,30,16.8,54,399,905,905,54,399,32.660000000000004
2008,12,20,16,30,20.900000000000002,63,583,983,983,63,583,24.57
2008,12,20,17,30,23.3,68,712,1021,1021,68,712,19.73
2008,12,20,18,30,24.200000000000003,71,772,1034,1034,71,772,18.43
2008,12,20,19,30,24.6,71,760,1030,1030,71,760,17.46
2008,12,20,20,30,24.5,68,677,1009,1009,68,677,17.06
2008,12,20,21,30,24,61,525,955,955,61,525,17.22
2008,12,20,22,30,22,51,328,853,853,51,328,20
2008,12,20,23,30,18.900000000000002,32,110,596,1,55,55,39.37
2008,12,21,0,30,16.5,0,0,0,0,0,0,37.64
2008,12,21,1,30,15.100000000000001,0,0,0,0,0,0,40.03
2008,12,21,2,30,14.100000000000001,0,0,0,0,0,0,41.410000000000004
2008,12,21,3,30,13.5,0,0,0,0,0,0,41.53
2008,12,21,4,30,13,0,0,0,0,0,0,41.550000000000004
2008,12,21,5,30,12.4,0,0,0,0,0,0,42.28
2008,12,21,6,30,11.700000000000001,0,0,0,0,0,0,44
2008,12,21,7,30,10.8,0,0,0,0,0,0,45.88
2008,12,21,8,30,9.9,0,0,0,0,0,0,47.83
2008,12,21,9,30,9.200000000000001,0,0,0,0,0,0,48.85
2008,12,21,10,30,8.700000000000001,0,0,0,0,0,0,49.68
2008,12,21,11,30,8.3,0,0,0,0,0,0,50.22
2008,12,21,12,30,7.9,0,0,0,0,0,0,50.35
2008,12,21,13,30,9.200000000000001,0,0,0,0,0,0,45.06
2008,12,21,14,30,12.700000000000001,37,179,732,732,37,179,43.550000000000004
2008,12,21,15,30,17,50,396,910,910,50,396,28.02
2008,12,21,16,30,20.6,57,579,989,989,57,579,21.36
2008,12,21,17,30,22.6,61,707,1026,1026,61,707,18.13
2008,12,21,18,30,23.6,63,769,1041,1041,63,769,17.12
2008,12,21,19,30,24.1,63,754,1032,1032,63,754,16.47
2008,12,21,20,30,24.200000000000003,61,672,1011,1011,61,672,16.1
2008,12,21,21,30,23.700000000000003,56,525,965,965,56,525,16.42
2008,12,21,22,30,22.1,47,329,865,865,47,329,18.38
2008,12,21,23,30,19,30,111,610,610,30,111,36.12
2008,12,22,0,30,16,0,0,0,0,0,0,37.68
2008,12,22,1,30,13.9,0,0,0,0,0,0,42.89
2008,12,22,2,30,12.4,0,0,0,0,0,0,45.7
2008,12,22,3,30,11,0,0,0,0,0,0,47.800000000000004
2008,12,22,4,30,9.700000000000001,0,0,0,0,0,0,51.79
2008,12,22,5,30,8.5,0,0,0,0,0,0,62.29
2008,12,22,6,30,7.7,0,0,0,0,0,0,76.38
2008,12,22,7,30,7.6000000000000005,0,0,0,0,0,0,85.17
2008,12,22,8,30,7.6000000000000005,0,0,0,0,0,0,88.25
2008,12,22,9,30,7.5,0,0,0,0,0,0,89.17
2008,12,22,10,30,7.300000000000001,0,0,0,0,0,0,90.49
2008,12,22,11,30,7.300000000000001,0,0,0,0,0,0,90.42
2008,12,22,12,30,7.2,0,0,0,0,0,0,90.2
2008,12,22,13,30,7.6000000000000005,0,0,0,0,0,0,86.71000000000001
2008,12,22,14,30,9.5,39,174,701,701,39,174,74.95
2008,12,22,15,30,12.600000000000001,53,391,895,895,53,391,59.1
2008,12,22,16,30,15.9,60,574,976,976,60,574,43.84
2008,12,22,17,30,18.5,65,703,1014,1014,65,703,32.82
2008,12,22,18,30,20.1,67,765,1029,1029,67,765,27.79
2008,12,22,19,30,20.900000000000002,68,754,1024,1024,68,754,25.36
2008,12,22,20,30,20.8,67,669,995,995,67,669,24.77
2008,12,22,21,30,19.700000000000003,62,523,944,944,62,523,26.42
2008,12,22,22,30,17.8,52,327,838,838,52,327,30.77
2008,12,22,23,30,15.100000000000001,32,111,584,584,32,111,41.18
2008,12,23,0,30,13.100000000000001,0,0,0,0,0,0,50.46
2008,12,23,1,30,12,0,0,0,0,0,0,54.89
2008,12,23,2,30,11.100000000000001,0,0,0,0,0,0,58.72
2008,12,23,3,30,10.3,0,0,0,0,0,0,62.480000000000004
2008,12,23,4,30,9.5,0,0,0,0,0,0,67.51
2008,12,23,5,30,8.700000000000001,0,0,0,0,0,0,73.72
2008,12,23,6,30,8.200000000000001,0,0,0,0,0,0,79.63
2008,12,23,7,30,7.9,0,0,0,0,0,0,85.64
2008,12,23,8,30,7.7,0,0,0,0,0,0,92.16
2008,12,23,9,30,7.800000000000001,0,0,0,0,0,0,95.03
2008,12,23,10,30,8.1,0,0,0,0,0,0,94.92
2008,12,23,11,30,8.200000000000001,0,0,0,0,0,0,95.21000000000001
2008,12,23,12,30,8.200000000000001,0,0,0,0,0,0,95.56
2008,12,23,13,30,9,0,0,0,0,0,0,90.28
2008,12,23,14,30,11.4,43,171,669,669,43,171,77.09
2008,12,23,15,30,14.4,57,386,874,874,57,386,60.17
2008,12,23,16,30,16.7,64,570,963,963,64,570,46.550000000000004
2008,12,23,17,30,18.3,68,700,1004,1004,68,700,38.910000000000004
2008,12,23,18,30,19.3,71,759,1014,1014,71,759,35.37
2008,12,23,19,30,19.8,69,749,1014,1014,69,749,33.52
2008,12,23,20,30,19.8,66,666,990,990,66,666,32.62
2008,12,23,21,30,19.3,59,522,945,945,59,522,32.86
2008,12,23,22,30,17.8,50,328,846,846,50,328,35.52
2008,12,23,23,30,15.200000000000001,32,113,591,591,32,113,43.78
2008,12,24,0,30,13,0,0,0,0,0,0,55.160000000000004
2008,12,24,1,30,11.700000000000001,0,0,0,0,0,0,61.35
2008,12,24,2,30,10.5,0,0,0,0,0,0,67.17
2008,12,24,3,30,9.4,0,0,0,0,0,0,74.27
2008,12,24,4,30,8.3,0,0,0,0,0,0,83.85000000000001
2008,12,24,5,30,7.6000000000000005,0,0,0,0,0,0,91.83
2008,12,24,6,30,7.2,0,0,0,0,0,0,96.35000000000001
2008,12,24,7,30,6.800000000000001,0,0,0,0,0,0,96.76
2008,12,24,8,30,6.4,0,0,0,0,0,0,94.36
2008,12,24,9,30,5.800000000000001,0,0,0,0,0,0,93.21000000000001
2008,12,24,10,30,5.2,0,0,0,0,0,0,93.06
2008,12,24,11,30,4.7,0,0,0,0,0,0,93.14
2008,12,24,12,30,4.4,0,0,0,0,0,0,92.35000000000001
2008,12,24,13,30,6,0,0,0,0,0,0,80.51
2008,12,24,14,30,9.4,35,173,725,725,35,173,63.15
2008,12,24,15,30,13.5,48,389,906,906,48,389,49.07
2008,12,24,16,30,17.1,57,573,983,983,57,573,33.02
2008,12,24,17,30,19.200000000000003,62,703,1020,397,329,578,25.39
2008,12,24,18,30,20.400000000000002,64,762,1031,1031,64,762,21.72
2008,12,24,19,30,20.900000000000002,65,753,1026,592,218,615,19.91
2008,12,24,20,30,20.700000000000003,63,673,1005,1005,63,673,19.75
2008,12,24,21,30,20.1,56,528,961,961,56,528,20.5
2008,12,24,22,30,18.3,48,334,865,865,48,334,24.580000000000002
2008,12,24,23,30,15.5,30,117,630,630,30,117,45.660000000000004
2008,12,25,0,30,13.5,0,0,0,0,0,0,42.67
2008,12,25,1,30,12.700000000000001,0,0,0,0,0,0,41.99
2008,12,25,2,30,12.200000000000001,0,0,0,0,0,0,41.42
2008,12,25,3,30,11.600000000000001,0,0,0,0,0,0,41.83
2008,12,25,4,30,10.600000000000001,0,0,0,0,0,0,44.27
2008,12,25,5,30,9.3,0,0,0,0,0,0,48.25
2008,12,25,6,30,8,0,0,0,0,0,0,52.97
2008,12,25,7,30,6.9,0,0,0,0,0,0,57.52
2008,12,25,8,30,6.300000000000001,0,0,0,0,0,0,60.550000000000004
2008,12,25,9,30,5.9,0,0,0,0,0,0,63.07
2008,12,25,10,30,5.6000000000000005,0,0,0,0,0,0,65.02
2008,12,25,11,30,5.4,0,0,0,0,0,0,66.5
2008,12,25,12,30,5.4,0,0,0,0,0,0,67.16
2008,12,25,13,30,7.5,0,0,0,0,0,0,58.95
2008,12,25,14,30,11.700000000000001,34,170,724,724,34,170,48.800000000000004
2008,12,25,15,30,15.9,48,386,901,901,48,386,37.800000000000004
2008,12,25,16,30,19,57,569,977,977,57,569,31.71
2008,12,25,17,30,20.6,62,699,1015,1015,62,699,28.43
2008,12,25,18,30,21.6,64,760,1025,1025,64,760,26.490000000000002
2008,12,25,19,30,22.200000000000003,64,751,1023,1023,64,751,25.07
2008,12,25,20,30,22.200000000000003,61,672,1004,1004,61,672,24.45
2008,12,25,21,30,21.700000000000003,55,528,960,960,55,528,24.900000000000002
2008,12,25,22,30,19.8,46,335,868,868,46,335,28.150000000000002
2008,12,25,23,30,16,29,119,639,639,29,119,43.28
2008,12,26,0,30,13,0,0,0,0,0,0,52.7
2008,12,26,1,30,11.9,0,0,0,0,0,0,55.19
2008,12,26,2,30,11,0,0,0,0,0,0,58.06
2008,12,26,3,30,10.200000000000001,0,0,0,0,0,0,61.120000000000005
2008,12,26,4,30,9.5,0,0,0,0,0,0,64.35
2008,12,26,5,30,8.8,0,0,0,0,0,0,67.98
2008,12,26,6,30,8.200000000000001,0,0,0,0,0,0,71.37
2008,12,26,7,30,7.7,0,0,0,0,0,0,73.93
2008,12,26,8,30,7.300000000000001,0,0,0,0,0,0,73.86
2008,12,26,9,30,7,0,0,0,0,0,0,71.05
2008,12,26,10,30,6.800000000000001,0,0,0,0,0,0,67.93
2008,12,26,11,30,6.7,0,0,0,0,0,0,67.14
2008,12,26,12,30,6.9,0,0,0,0,0,0,67.87
2008,12,26,13,30,8.5,0,0,0,0,0,0,63.800000000000004
2008,12,26,14,30,11.600000000000001,37,168,698,70,100,113,55.92
2008,12,26,15,30,15.100000000000001,51,383,888,888,51,383,46.410000000000004
2008,12,26,16,30,17.900000000000002,60,565,964,964,60,565,37.45
2008,12,26,17,30,19.6,66,692,997,997,66,692,33.38
2008,12,26,18,30,20.3,68,753,1010,1010,68,753,32.21
2008,12,26,19,30,20,68,743,1005,510,257,600,33.54
2008,12,26,20,30,19.200000000000003,65,664,983,983,65,664,35.87
2008,12,26,21,30,18.5,58,522,940,940,58,522,37.89
2008,12,26,22,30,17.5,46,333,856,856,46,333,40.4
2008,12,26,23,30,14.8,29,119,631,631,29,119,48.31
2008,12,27,0,30,12.200000000000001,0,0,0,0,0,0,58.78
2008,12,27,1,30,10.9,0,0,0,0,0,0,64.41
2008,12,27,2,30,10,0,0,0,0,0,0,69.01
2008,12,27,3,30,9.3,0,0,0,0,0,0,73.68
2008,12,27,4,30,8.700000000000001,0,0,0,0,0,0,78.47
2008,12,27,5,30,8.3,0,0,0,0,0,0,81.48
2008,12,27,6,30,7.9,0,0,0,0,0,0,82.96000000000001
2008,12,27,7,30,7.5,0,0,0,0,0,0,83.64
2008,12,27,8,30,7.1000000000000005,0,0,0,0,0,0,84.38
2008,12,27,9,30,6.7,0,0,0,0,0,0,85.8
2008,12,27,10,30,6.4,0,0,0,0,0,0,87.12
2008,12,27,11,30,6.2,0,0,0,0,0,0,88.26
2008,12,27,12,30,6,0,0,0,0,0,0,89.75
2008,12,27,13,30,7.2,0,0,0,0,0,0,82.54
2008,12,27,14,30,10.5,33,167,718,17,84,88,65.61
2008,12,27,15,30,14.600000000000001,45,381,903,903,45,381,48.01
2008,12,27,16,30,18,52,565,981,981,52,565,34.37
2008,12,27,17,30,20.1,55,693,1016,1016,55,693,29.17
2008,12,27,18,30,21.5,57,757,1031,1031,57,757,26.8
2008,12,27,19,30,22.200000000000003,58,748,1024,1024,58,748,25.87
2008,12,27,20,30,22.200000000000003,57,670,1003,1003,57,670,26
2008,12,27,21,30,21.700000000000003,48,525,961,961,48,525,27.09
2008,12,27,22,30,19.900000000000002,40,334,872,872,40,334,30.830000000000002
2008,12,27,23,30,16.1,27,121,649,649,27,121,43.35
2008,12,28,0,30,13.100000000000001,0,0,0,0,0,0,55.17
2008,12,28,1,30,12,0,0,0,0,0,0,59.01
2008,12,28,2,30,10.9,0,0,0,0,0,0,63.910000000000004
2008,12,28,3,30,9.9,0,0,0,0,0,0,69.4
2008,12,28,4,30,8.9,0,0,0,0,0,0,75.87
2008,12,28,5,30,8,0,0,0,0,0,0,83.18
2008,12,28,6,30,7.300000000000001,0,0,0,0,0,0,89.85000000000001
2008,12,28,7,30,6.7,0,0,0,0,0,0,95.94
2008,12,28,8,30,6.2,0,0,0,0,0,0,99.84
2008,12,28,9,30,5.800000000000001,0,0,0,0,0,0,100
2008,12,28,10,30,5.4,0,0,0,0,0,0,99.7
2008,12,28,11,30,5.300000000000001,0,0,0,0,0,0,96.24000000000001
2008,12,28,12,30,5.5,0,0,0,0,0,0,91.18
2008,12,28,13,30,6.9,0,0,0,0,0,0,80.19
2008,12,28,14,30,9.600000000000001,34,168,726,726,34,168,67.06
2008,12,28,15,30,13.700000000000001,46,383,905,905,46,383,50.86
2008,12,28,16,30,17.7,53,568,984,984,53,568,35.37
2008,12,28,17,30,20,57,699,1022,1022,57,699,28.45
2008,12,28,18,30,21.3,59,761,1034,1034,59,761,25.41
2008,12,28,19,30,21.900000000000002,60,755,1031,1031,60,755,23.92
2008,12,28,20,30,21.700000000000003,58,674,1008,1008,58,674,23.89
2008,12,28,21,30,21,53,532,963,963,53,532,24.84
2008,12,28,22,30,19.5,46,339,866,866,46,339,28.75
2008,12,28,23,30,17.5,31,124,636,5,73,73,45.2
2008,12,29,0,30,15.8,0,0,0,0,0,0,42.09
2008,12,29,1,30,13.600000000000001,0,0,0,0,0,0,48.46
2008,12,29,2,30,11.3,0,0,0,0,0,0,55.04
2008,12,29,3,30,9.5,0,0,0,0,0,0,58.6
2008,12,29,4,30,8.4,0,0,0,0,0,0,59.910000000000004
2008,12,29,5,30,7.6000000000000005,0,0,0,0,0,0,61.36
2008,12,29,6,30,7,0,0,0,0,0,0,62.800000000000004
2008,12,29,7,30,6.800000000000001,0,0,0,0,0,0,63.13
2008,12,29,8,30,6.7,0,0,0,0,0,0,64.74
2008,12,29,9,30,6.5,0,0,0,0,0,0,69.13
2008,12,29,10,30,6.2,0,0,0,0,0,0,75.66
2008,12,29,11,30,6.2,0,0,0,0,0,0,81.27
2008,12,29,12,30,6.6000000000000005,0,0,0,0,0,0,84.94
2008,12,29,13,30,7.5,0,0,0,0,0,0,84.54
2008,12,29,14,30,9.200000000000001,63,142,430,2,84,85,79.15
2008,12,29,15,30,11.200000000000001,91,350,699,0,55,55,72.51
2008,12,29,16,30,13.200000000000001,99,533,832,0,68,68,64.48
2008,12,29,17,30,14.8,101,666,898,252,294,452,58.09
2008,12,29,18,30,16.1,94,735,943,383,292,553,53.06
2008,12,29,19,30,17.2,91,728,944,75,347,398,49.22
2008,12,29,20,30,17.7,87,652,920,5,184,188,47.67
2008,12,29,21,30,17.6,77,513,874,148,258,332,47.72
2008,12,29,22,30,16.5,64,325,768,125,177,220,51.22
2008,12,29,23,30,14.600000000000001,40,117,515,114,77,94,63.49
2008,12,30,0,30,13.4,0,0,0,0,0,0,64.91
2008,12,30,1,30,12.8,0,0,0,0,0,0,66.51
2008,12,30,2,30,12.100000000000001,0,0,0,0,0,0,69.18
2008,12,30,3,30,11.100000000000001,0,0,0,0,0,0,74.87
2008,12,30,4,30,9.9,0,0,0,0,0,0,84.07000000000001
2008,12,30,5,30,9,0,0,0,0,0,0,92.60000000000001
2008,12,30,6,30,8.700000000000001,0,0,0,0,0,0,95.89
2008,12,30,7,30,8.6,0,0,0,0,0,0,95.26
2008,12,30,8,30,8.4,0,0,0,0,0,0,94.17
2008,12,30,9,30,8.200000000000001,0,0,0,0,0,0,93.3
2008,12,30,10,30,8,0,0,0,0,0,0,93.27
2008,12,30,11,30,7.9,0,0,0,0,0,0,93.18
2008,12,30,12,30,7.800000000000001,0,0,0,0,0,0,93.42
2008,12,30,13,30,8.6,0,0,0,0,0,0,88.10000000000001
2008,12,30,14,30,10.600000000000001,44,157,619,16,83,86,76.77
2008,12,30,15,30,14,61,371,837,88,201,233,62.6
2008,12,30,16,30,18,70,554,927,295,229,383,48.74
2008,12,30,17,30,20.5,76,684,968,119,313,387,39.29
2008,12,30,18,30,21.400000000000002,79,747,980,555,258,636,36.050000000000004
2008,12,30,19,30,21.200000000000003,85,737,964,520,257,609,36.31
2008,12,30,20,30,20.1,89,654,919,339,277,486,39.62
2008,12,30,21,30,18.7,73,518,887,309,237,392,44.38
2008,12,30,22,30,17.400000000000002,63,328,773,773,63,328,49.81
2008,12,30,23,30,15.700000000000001,40,119,521,521,40,119,58.85
2008,12,31,0,30,14.100000000000001,0,0,0,0,0,0,66.04
2008,12,31,1,30,13.100000000000001,0,0,0,0,0,0,69.55
2008,12,31,2,30,12.4,0,0,0,0,0,0,71.76
2008,12,31,3,30,11.9,0,0,0,0,0,0,73
2008,12,31,4,30,11.5,0,0,0,0,0,0,74.59
2008,12,31,5,30,11,0,0,0,0,0,0,77.06
2008,12,31,6,30,10.5,0,0,0,0,0,0,79.74
2008,12,31,7,30,10.100000000000001,0,0,0,0,0,0,81.75
2008,12,31,8,30,9.600000000000001,0,0,0,0,0,0,84.31
2008,12,31,9,30,9.1,0,0,0,0,0,0,86.79
2008,12,31,10,30,8.700000000000001,0,0,0,0,0,0,88.59
2008,12,31,11,30,8.5,0,0,0,0,0,0,89.14
2008,12,31,12,30,8.3,0,0,0,0,0,0,89.76
2008,12,31,13,30,9.700000000000001,0,0,0,0,0,0,81.04
2008,12,31,14,30,13,42,154,618,618,42,154,65.99
2008,12,31,15,30,16.3,61,366,824,824,61,366,53.660000000000004
2008,12,31,16,30,18.400000000000002,72,549,914,197,306,409,43.660000000000004
2008,12,31,17,30,19.200000000000003,80,680,954,456,305,592,40.09
2008,12,31,18,30,19.6,76,749,988,660,205,654,38.21
2008,12,31,19,30,19.8,76,744,986,90,325,386,36.96
2008,12,31,20,30,19.700000000000003,73,670,967,10,209,215,36.45
2008,12,31,21,30,19.1,67,530,919,324,229,392,37.67
2008,12,31,22,30,17.900000000000002,56,340,821,821,56,340,40.7
2008,12,31,23,30,15.4,37,126,585,79,85,98,51.64
