Source,Location ID,City,State,Country,Latitude,Longitude,Time Zone,Elevation,Local Time Zone,Clearsky DHI Units,Clearsky DNI Units,Clearsky GHI Units,Dew Point Units,DHI Units,DNI Units,GHI Units,Solar Zenith Angle Units,Temperature Units,Pressure Units,Relative Humidity Units,Precipitable Water Units,Wind Direction Units,Wind Speed Units,Cloud Type -15,Cloud Type 0,Cloud Type 1,Cloud Type 2,Cloud Type 3,Cloud Type 4,Cloud Type 5,Cloud Type 6,Cloud Type 7,Cloud Type 8,Cloud Type 9,Cloud Type 10,Cloud Type 11,Cloud Type 12,Fill Flag 0,Fill Flag 1,Fill Flag 2,Fill Flag 3,Fill Flag 4,Fill Flag 5,Surface Albedo Units,Version
NSRDB,533762,-,-,-,23.49,-103.1,0,2154,-6,w/m2,w/m2,w/m2,c,w/m2,w/m2,w/m2,Degree,c,mbar,%,cm,Degrees,m/s,N/A,Clear,Probably Clear,Fog,Water,Super-Cooled Water,Mixed,Opaque Ice,Cirrus,Overlapping,Overshooting,Unknown,Dust,Smoke,N/A,Missing Image,Low Irradiance,Exceeds Clearsky,Missing CLoud Properties,Rayleigh Violation,N/A,4.0.1
Year,Month,Day,Hour,Minute,Temperature,Clearsky DHI,Clearsky GHI,Clearsky DNI,DNI,DHI,GHI,Relative Humidity
2008,1,1,0,30,13.600000000000001,0,0,0,0,0,0,23.080000000000002
2008,1,1,1,30,11.5,0,0,0,0,0,0,25.23
2008,1,1,2,30,9.8,0,0,0,0,0,0,27.28
2008,1,1,3,30,8.3,0,0,0,0,0,0,29.18
2008,1,1,4,30,7,0,0,0,0,0,0,30.8
2008,1,1,5,30,6.1000000000000005,0,0,0,0,0,0,32.11
2008,1,1,6,30,5.6000000000000005,0,0,0,0,0,0,34.230000000000004
2008,1,1,7,30,5.300000000000001,0,0,0,0,0,0,34.79
2008,1,1,8,30,5,0,0,0,0,0,0,34.67
2008,1,1,9,30,4.5,0,0,0,0,0,0,34.83
2008,1,1,10,30,3.6,0,0,0,0,0,0,36.82
2008,1,1,11,30,2.3000000000000003,0,0,0,0,0,0,39.71
2008,1,1,12,30,1.1,0,0,0,0,0,0,44.02
2008,1,1,13,30,2.6,0,0,0,0,0,0,43.29
2008,1,1,14,30,6.4,36,170,731,731,36,170,42.550000000000004
2008,1,1,15,30,10.3,54,388,902,902,54,388,46.45
2008,1,1,16,30,13.700000000000001,66,578,978,978,66,578,45.67
2008,1,1,17,30,16.3,72,709,1012,1012,72,709,40.57
2008,1,1,18,30,18,72,774,1028,1028,72,774,35.56
2008,1,1,19,30,19,70,769,1029,1029,70,769,32.65
2008,1,1,20,30,19.200000000000003,67,689,1006,1006,67,689,32.24
2008,1,1,21,30,18.5,62,544,955,955,62,544,34.34
2008,1,1,22,30,16.8,53,350,856,856,53,350,39.78
2008,1,1,23,30,14.3,35,132,623,623,35,132,50.17
2008,1,2,0,30,12,0,0,0,0,0,0,62.25
2008,1,2,1,30,10.200000000000001,0,0,0,0,0,0,72.41
2008,1,2,2,30,8.3,0,0,0,0,0,0,82.77
2008,1,2,3,30,6.7,0,0,0,0,0,0,89.46000000000001
2008,1,2,4,30,5.4,0,0,0,0,0,0,90.84
2008,1,2,5,30,4.4,0,0,0,0,0,0,89.04
2008,1,2,6,30,3.6,0,0,0,0,0,0,86.03
2008,1,2,7,30,2.6,0,0,0,0,0,0,85.3
2008,1,2,8,30,1.8,0,0,0,0,0,0,84.66
2008,1,2,9,30,1.1,0,0,0,0,0,0,84.76
2008,1,2,10,30,0.6000000000000001,0,0,0,0,0,0,84.93
2008,1,2,11,30,0.2,0,0,0,0,0,0,85.11
2008,1,2,12,30,-0.4,0,0,0,0,0,0,86.16
2008,1,2,13,30,-0.2,0,0,0,0,0,0,82.21000000000001
2008,1,2,14,30,1.6,37,168,721,0,41,41,71.05
2008,1,2,15,30,4.7,50,391,921,0,118,118,59.02
2008,1,2,16,30,7.9,56,582,1004,1,202,202,49.550000000000004
2008,1,2,17,30,10.700000000000001,60,718,1044,433,329,602,42.58
2008,1,2,18,30,12.8,61,787,1061,1061,61,787,37.44
2008,1,2,19,30,14,62,783,1059,1059,62,783,33.76
2008,1,2,20,30,14.3,59,705,1041,1041,59,705,31.67
2008,1,2,21,30,13.700000000000001,55,562,1000,1000,55,562,31.62
2008,1,2,22,30,12,47,366,912,912,47,366,34.53
2008,1,2,23,30,9,33,141,685,685,33,141,42.410000000000004
2008,1,3,0,30,6.2,0,0,0,0,0,0,53.17
2008,1,3,1,30,4.7,0,0,0,0,0,0,59.410000000000004
2008,1,3,2,30,3.3000000000000003,0,0,0,0,0,0,66.3
2008,1,3,3,30,1.8,0,0,0,0,0,0,74.17
2008,1,3,4,30,0.5,0,0,0,0,0,0,80.81
2008,1,3,5,30,-0.6000000000000001,0,0,0,0,0,0,85.46000000000001
2008,1,3,6,30,-1.4000000000000001,0,0,0,0,0,0,87.53
2008,1,3,7,30,-2,0,0,0,0,0,0,88.56
2008,1,3,8,30,-2.4000000000000004,0,0,0,0,0,0,88.75
2008,1,3,9,30,-2.7,0,0,0,0,0,0,89.16
2008,1,3,10,30,-3,0,0,0,0,0,0,90.19
2008,1,3,11,30,-3.2,0,0,0,0,0,0,91.02
2008,1,3,12,30,-3.3000000000000003,0,0,0,0,0,0,91.36
2008,1,3,13,30,-2,0,0,0,0,0,0,82.9
2008,1,3,14,30,1.3,33,168,744,744,33,168,65.99
2008,1,3,15,30,5.6000000000000005,45,390,932,932,45,390,51.52
2008,1,3,16,30,10.100000000000001,51,581,1012,1012,51,581,40.87
2008,1,3,17,30,13.9,55,722,1057,1057,55,722,33.28
2008,1,3,18,30,16.900000000000002,58,792,1072,1072,58,792,28.150000000000002
2008,1,3,19,30,18.8,57,788,1072,1072,57,788,22.740000000000002
2008,1,3,20,30,19.3,55,711,1055,1055,55,711,19.32
2008,1,3,21,30,19,51,567,1015,1015,51,567,18.17
2008,1,3,22,30,16.8,43,367,922,922,43,367,20.39
2008,1,3,23,30,12.4,31,144,713,713,31,144,36.9
2008,1,4,0,30,9.1,0,0,0,0,0,0,45
2008,1,4,1,30,7.800000000000001,0,0,0,0,0,0,51.45
2008,1,4,2,30,6.2,0,0,0,0,0,0,60.25
2008,1,4,3,30,4.6000000000000005,0,0,0,0,0,0,68.45
2008,1,4,4,30,3.3000000000000003,0,0,0,0,0,0,75.11
2008,1,4,5,30,2.2,0,0,0,0,0,0,80.89
2008,1,4,6,30,1.4000000000000001,0,0,0,0,0,0,85.37
2008,1,4,7,30,0.9,0,0,0,0,0,0,88.29
2008,1,4,8,30,0.7000000000000001,0,0,0,0,0,0,89.39
2008,1,4,9,30,0.6000000000000001,0,0,0,0,0,0,89.77
2008,1,4,10,30,0.7000000000000001,0,0,0,0,0,0,88.62
2008,1,4,11,30,0.8,0,0,0,0,0,0,87.45
2008,1,4,12,30,1.2000000000000002,0,0,0,0,0,0,84.49
2008,1,4,13,30,3.9000000000000004,0,0,0,0,0,0,69.3
2008,1,4,14,30,8.8,35,167,734,734,35,167,50.7
2008,1,4,15,30,13.8,49,390,924,924,49,390,37.050000000000004
2008,1,4,16,30,18,56,582,1004,1004,56,582,24.2
2008,1,4,17,30,20.400000000000002,61,719,1043,1043,61,719,15.450000000000001
2008,1,4,18,30,21.5,62,789,1061,1061,62,789,14.38
2008,1,4,19,30,22,62,786,1060,1060,62,786,13.99
2008,1,4,20,30,22,59,710,1043,1043,59,710,13.86
2008,1,4,21,30,21.5,55,567,1002,1002,55,567,14.11
2008,1,4,22,30,19.5,47,371,917,917,47,371,16
2008,1,4,23,30,15.8,32,147,706,706,32,147,32.910000000000004
2008,1,5,0,30,12.700000000000001,0,0,0,0,0,0,33.67
2008,1,5,1,30,11.100000000000001,0,0,0,0,0,0,35.53
2008,1,5,2,30,10.100000000000001,0,0,0,0,0,0,36.49
2008,1,5,3,30,9.1,0,0,0,0,0,0,37.93
2008,1,5,4,30,8.1,0,0,0,0,0,0,39.77
2008,1,5,5,30,7.2,0,0,0,0,0,0,41
2008,1,5,6,30,6.4,0,0,0,0,0,0,42.32
2008,1,5,7,30,5.6000000000000005,0,0,0,0,0,0,44.13
2008,1,5,8,30,5.2,0,0,0,0,0,0,45.24
2008,1,5,9,30,5.2,0,0,0,0,0,0,45.45
2008,1,5,10,30,5.4,0,0,0,0,0,0,45.6
2008,1,5,11,30,5.5,0,0,0,0,0,0,46.53
2008,1,5,12,30,5.6000000000000005,0,0,0,0,0,0,47.6
2008,1,5,13,30,7.1000000000000005,0,0,0,0,0,0,44.800000000000004
2008,1,5,14,30,10.600000000000001,35,164,714,714,35,164,43.04
2008,1,5,15,30,15.200000000000001,50,385,907,907,50,385,30.990000000000002
2008,1,5,16,30,19,59,579,993,993,59,579,23.92
2008,1,5,17,30,20.900000000000002,64,716,1033,1033,64,716,19.63
2008,1,5,18,30,21.900000000000002,66,787,1049,1049,66,787,17.66
2008,1,5,19,30,22.400000000000002,65,784,1050,1050,65,784,16.41
2008,1,5,20,30,22.5,62,708,1032,1032,62,708,15.59
2008,1,5,21,30,22,56,566,994,994,56,566,15.44
2008,1,5,22,30,20,48,371,909,909,48,371,17.23
2008,1,5,23,30,16.900000000000002,33,148,699,699,33,148,32.57
2008,1,6,0,30,14.600000000000001,0,0,0,0,0,0,31.310000000000002
2008,1,6,1,30,12.9,0,0,0,0,0,0,34.01
2008,1,6,2,30,11.3,0,0,0,0,0,0,38.01
2008,1,6,3,30,9.8,0,0,0,0,0,0,42.12
2008,1,6,4,30,8.5,0,0,0,0,0,0,46.35
2008,1,6,5,30,7.4,0,0,0,0,0,0,50.76
2008,1,6,6,30,6.7,0,0,0,0,0,0,54.46
2008,1,6,7,30,6.2,0,0,0,0,0,0,57.63
2008,1,6,8,30,5.7,0,0,0,0,0,0,61
2008,1,6,9,30,5.300000000000001,0,0,0,0,0,0,63.56
2008,1,6,10,30,4.9,0,0,0,0,0,0,65.47
2008,1,6,11,30,4.5,0,0,0,0,0,0,67.04
2008,1,6,12,30,4.4,0,0,0,0,0,0,67.07000000000001
2008,1,6,13,30,6.7,0,0,0,0,0,0,57.17
2008,1,6,14,30,11.200000000000001,37,165,712,712,37,165,43.87
2008,1,6,15,30,15.700000000000001,53,389,910,910,53,389,32.86
2008,1,6,16,30,19.1,62,583,993,993,62,583,24.01
2008,1,6,17,30,20.700000000000003,67,722,1035,1035,67,722,20.84
2008,1,6,18,30,21.6,70,793,1051,1051,70,793,18.21
2008,1,6,19,30,22,69,796,1059,1059,69,796,16.11
2008,1,6,20,30,22,65,720,1044,1044,65,720,14.75
2008,1,6,21,30,21.3,60,577,1002,1002,60,577,14.51
2008,1,6,22,30,19.1,50,380,920,920,50,380,15.96
2008,1,6,23,30,14.5,34,154,720,720,34,154,26.85
2008,1,7,0,30,11,0,0,0,0,0,0,36.72
2008,1,7,1,30,9.600000000000001,0,0,0,0,0,0,38.92
2008,1,7,2,30,8.6,0,0,0,0,0,0,40.47
2008,1,7,3,30,7.7,0,0,0,0,0,0,42.27
2008,1,7,4,30,6.9,0,0,0,0,0,0,44.58
2008,1,7,5,30,6.1000000000000005,0,0,0,0,0,0,47.64
2008,1,7,6,30,5.5,0,0,0,0,0,0,50.65
2008,1,7,7,30,4.9,0,0,0,0,0,0,54.07
2008,1,7,8,30,4.4,0,0,0,0,0,0,57.24
2008,1,7,9,30,4,0,0,0,0,0,0,59.660000000000004
2008,1,7,10,30,3.5,0,0,0,0,0,0,62.51
2008,1,7,11,30,3.2,0,0,0,0,0,0,63.99
2008,1,7,12,30,3,0,0,0,0,0,0,62.92
2008,1,7,13,30,5.1000000000000005,0,0,0,0,0,0,51.370000000000005
2008,1,7,14,30,9.4,34,170,760,760,34,170,37.04
2008,1,7,15,30,14.200000000000001,46,397,950,950,46,397,25.64
2008,1,7,16,30,18.1,52,592,1029,1029,52,592,13.92
2008,1,7,17,30,20.200000000000003,56,732,1068,1068,56,732,11.01
2008,1,7,18,30,21.400000000000002,61,806,1080,1080,61,806,10.36
2008,1,7,19,30,22,58,803,1082,1082,58,803,10.26
2008,1,7,20,30,21.900000000000002,55,727,1067,1067,55,727,10.58
2008,1,7,21,30,21.1,50,584,1030,1030,50,584,11.26
2008,1,7,22,30,19.1,43,386,950,950,43,386,12.85
2008,1,7,23,30,14.700000000000001,30,161,775,775,30,161,18.94
2008,1,8,0,30,10.8,0,0,0,0,0,0,29.01
2008,1,8,1,30,9.200000000000001,0,0,0,0,0,0,32.46
2008,1,8,2,30,7.9,0,0,0,0,0,0,35.77
2008,1,8,3,30,6.7,0,0,0,0,0,0,39.49
2008,1,8,4,30,5.6000000000000005,0,0,0,0,0,0,44.12
2008,1,8,5,30,4.6000000000000005,0,0,0,0,0,0,49.22
2008,1,8,6,30,3.9000000000000004,0,0,0,0,0,0,52.34
2008,1,8,7,30,3.4000000000000004,0,0,0,0,0,0,51.92
2008,1,8,8,30,3,0,0,0,0,0,0,49
2008,1,8,9,30,2.7,0,0,0,0,0,0,44.75
2008,1,8,10,30,2.4000000000000004,0,0,0,0,0,0,41.01
2008,1,8,11,30,2.1,0,0,0,0,0,0,38.36
2008,1,8,12,30,2,0,0,0,0,0,0,36.01
2008,1,8,13,30,4.2,0,0,0,0,0,0,29.13
2008,1,8,14,30,8.8,29,174,810,153,100,127,21.41
2008,1,8,15,30,13.700000000000001,40,405,989,989,40,405,14.18
2008,1,8,16,30,17.900000000000002,46,604,1063,1063,46,604,9.25
2008,1,8,17,30,20.200000000000003,50,738,1084,1084,50,738,6.97
2008,1,8,18,30,21.200000000000003,52,812,1099,773,267,802,6.75
2008,1,8,19,30,21.400000000000002,54,812,1098,637,245,685,6.86
2008,1,8,20,30,21.200000000000003,52,736,1082,529,251,585,7.0200000000000005
2008,1,8,21,30,20.3,49,587,1032,611,185,504,7.54
2008,1,8,22,30,18.1,44,390,951,484,151,327,10.53
2008,1,8,23,30,14.5,30,162,763,763,30,162,28.47
2008,1,9,0,30,11.600000000000001,0,0,0,0,0,0,28.7
2008,1,9,1,30,9.4,0,0,0,0,0,0,30.740000000000002
2008,1,9,2,30,7.5,0,0,0,0,0,0,33.29
2008,1,9,3,30,6.6000000000000005,0,0,0,0,0,0,35.38
2008,1,9,4,30,6.5,0,0,0,0,0,0,34.89
2008,1,9,5,30,6,0,0,0,0,0,0,34.96
2008,1,9,6,30,4.800000000000001,0,0,0,0,0,0,37.39
2008,1,9,7,30,3.4000000000000004,0,0,0,0,0,0,40.86
2008,1,9,8,30,2.5,0,0,0,0,0,0,41.78
2008,1,9,9,30,2.1,0,0,0,0,0,0,42.94
2008,1,9,10,30,1.9000000000000001,0,0,0,0,0,0,45.35
2008,1,9,11,30,1.6,0,0,0,0,0,0,48.21
2008,1,9,12,30,1.6,0,0,0,0,0,0,50.120000000000005
2008,1,9,13,30,3.9000000000000004,0,0,0,0,0,0,43.87
2008,1,9,14,30,8.200000000000001,32,166,753,753,32,166,35.61
2008,1,9,15,30,13,45,393,941,155,226,283,26.42
2008,1,9,16,30,17.400000000000002,53,588,1019,334,294,469,20.42
2008,1,9,17,30,19.900000000000002,57,724,1049,439,332,611,17.18
2008,1,9,18,30,21.1,58,797,1067,1067,58,797,16.07
2008,1,9,19,30,21.8,57,796,1068,722,203,703,15.22
2008,1,9,20,30,21.8,55,722,1052,1052,55,722,15.01
2008,1,9,21,30,21.1,53,582,1011,286,267,417,15.36
2008,1,9,22,30,18.7,46,387,930,930,46,387,17.5
2008,1,9,23,30,14.9,32,161,737,737,32,161,26.46
2008,1,10,0,30,12.3,0,0,0,0,0,0,33.94
2008,1,10,1,30,11.100000000000001,0,0,0,0,0,0,35.75
2008,1,10,2,30,10.3,0,0,0,0,0,0,36.67
2008,1,10,3,30,9.5,0,0,0,0,0,0,37.61
2008,1,10,4,30,8.700000000000001,0,0,0,0,0,0,38.87
2008,1,10,5,30,8,0,0,0,0,0,0,40.34
2008,1,10,6,30,7.300000000000001,0,0,0,0,0,0,41.980000000000004
2008,1,10,7,30,6.7,0,0,0,0,0,0,42.93
2008,1,10,8,30,6.1000000000000005,0,0,0,0,0,0,43.230000000000004
2008,1,10,9,30,5.4,0,0,0,0,0,0,43.410000000000004
2008,1,10,10,30,4.4,0,0,0,0,0,0,43.93
2008,1,10,11,30,3.3000000000000003,0,0,0,0,0,0,43.87
2008,1,10,12,30,2.9000000000000004,0,0,0,0,0,0,41.21
2008,1,10,13,30,5,0,0,0,0,0,0,33.67
2008,1,10,14,30,9.200000000000001,32,169,768,32,93,98,25.41
2008,1,10,15,30,13.700000000000001,45,397,954,446,166,331,14.67
2008,1,10,16,30,17.5,52,595,1032,565,201,498,8.05
2008,1,10,17,30,19.5,56,737,1069,698,202,646,5.82
2008,1,10,18,30,20.6,60,812,1083,714,217,713,5.5
2008,1,10,19,30,21.1,60,806,1074,1074,60,806,5.5200000000000005
2008,1,10,20,30,21.200000000000003,57,731,1059,1059,57,731,5.68
2008,1,10,21,30,20.700000000000003,54,590,1020,1020,54,590,6.0600000000000005
2008,1,10,22,30,18.8,46,393,940,940,46,393,7.22
2008,1,10,23,30,15.700000000000001,33,166,751,751,33,166,21.09
2008,1,11,0,30,13.5,0,0,0,0,0,0,18.84
2008,1,11,1,30,12.200000000000001,0,0,0,0,0,0,18.47
2008,1,11,2,30,11.4,0,0,0,0,0,0,19.13
2008,1,11,3,30,10.700000000000001,0,0,0,0,0,0,18.47
2008,1,11,4,30,9.600000000000001,0,0,0,0,0,0,19.35
2008,1,11,5,30,8.3,0,0,0,0,0,0,22.490000000000002
2008,1,11,6,30,7.300000000000001,0,0,0,0,0,0,24.36
2008,1,11,7,30,6.2,0,0,0,0,0,0,26.34
2008,1,11,8,30,5.2,0,0,0,0,0,0,29.830000000000002
2008,1,11,9,30,4.3,0,0,0,0,0,0,32.980000000000004
2008,1,11,10,30,3.6,0,0,0,0,0,0,35.37
2008,1,11,11,30,2.9000000000000004,0,0,0,0,0,0,38.36
2008,1,11,12,30,2.3000000000000003,0,0,0,0,0,0,40.52
2008,1,11,13,30,4.4,0,0,0,0,0,0,35.14
2008,1,11,14,30,9,30,168,775,30,104,109,30.71
2008,1,11,15,30,14,40,400,973,973,40,400,18.3
2008,1,11,16,30,17.900000000000002,46,599,1049,1049,46,599,10.870000000000001
2008,1,11,17,30,20.1,50,743,1085,1085,50,743,7.5
2008,1,11,18,30,21.5,51,818,1101,1101,51,818,6.53
2008,1,11,19,30,22.200000000000003,51,818,1101,1101,51,818,6.46
2008,1,11,20,30,22.200000000000003,49,744,1086,1086,49,744,6.86
2008,1,11,21,30,21.5,46,601,1050,1050,46,601,7.41
2008,1,11,22,30,19,40,403,976,976,40,403,8.82
2008,1,11,23,30,14,29,173,797,797,29,173,18.94
2008,1,12,0,30,10.100000000000001,0,0,0,0,0,0,26.85
2008,1,12,1,30,8.8,0,0,0,0,0,0,27.35
2008,1,12,2,30,7.7,0,0,0,0,0,0,27.84
2008,1,12,3,30,6.7,0,0,0,0,0,0,28.8
2008,1,12,4,30,5.800000000000001,0,0,0,0,0,0,31.07
2008,1,12,5,30,4.9,0,0,0,0,0,0,34.59
2008,1,12,6,30,4,0,0,0,0,0,0,38.94
2008,1,12,7,30,3.3000000000000003,0,0,0,0,0,0,42.42
2008,1,12,8,30,2.5,0,0,0,0,0,0,44.660000000000004
2008,1,12,9,30,1.8,0,0,0,0,0,0,45.07
2008,1,12,10,30,1.3,0,0,0,0,0,0,43.83
2008,1,12,11,30,0.8,0,0,0,0,0,0,42.12
2008,1,12,12,30,0.7000000000000001,0,0,0,0,0,0,39
2008,1,12,13,30,3,0,0,0,0,0,0,30.88
2008,1,12,14,30,7.7,29,174,810,118,104,125,26.93
2008,1,12,15,30,12.4,42,408,988,988,42,408,14.57
2008,1,12,16,30,16.3,48,609,1063,1063,48,609,10.22
2008,1,12,17,30,18.3,52,755,1099,1099,52,755,8.06
2008,1,12,18,30,19.3,58,834,1111,1111,58,834,7.83
2008,1,12,19,30,19.700000000000003,58,835,1112,1112,58,835,7.95
2008,1,12,20,30,19.6,57,750,1080,1080,57,750,8.27
2008,1,12,21,30,18.900000000000002,52,607,1045,1045,52,607,8.9
2008,1,12,22,30,16.8,46,408,967,967,46,408,10.64
2008,1,12,23,30,12.4,33,177,785,785,33,177,20.77
2008,1,13,0,30,8.9,0,0,0,0,0,0,28.07
2008,1,13,1,30,7.300000000000001,0,0,0,0,0,0,28.72
2008,1,13,2,30,5.7,0,0,0,0,0,0,32.06
2008,1,13,3,30,4.3,0,0,0,0,0,0,36.33
2008,1,13,4,30,3.3000000000000003,0,0,0,0,0,0,40.35
2008,1,13,5,30,2.6,0,0,0,0,0,0,42.72
2008,1,13,6,30,2,0,0,0,0,0,0,43.59
2008,1,13,7,30,1.1,0,0,0,0,0,0,45.04
2008,1,13,8,30,0.2,0,0,0,0,0,0,46.52
2008,1,13,9,30,-0.4,0,0,0,0,0,0,47.78
2008,1,13,10,30,-0.7000000000000001,0,0,0,0,0,0,51.52
2008,1,13,11,30,-0.9,0,0,0,0,0,0,66.24
2008,1,13,12,30,-0.9,0,0,0,0,0,0,86.84
2008,1,13,13,30,1.1,0,0,0,0,0,0,89.83
2008,1,13,14,30,5,39,170,735,735,39,170,73.05
2008,1,13,15,30,9.4,53,404,945,945,53,404,53.54
2008,1,13,16,30,14.3,59,605,1033,284,319,470,35.11
2008,1,13,17,30,18,61,751,1075,595,238,620,18.54
2008,1,13,18,30,19.900000000000002,63,827,1093,642,249,698,13.23
2008,1,13,19,30,20.8,62,821,1082,1082,62,821,11.46
2008,1,13,20,30,21.1,60,747,1066,1066,60,747,10.85
2008,1,13,21,30,20.6,54,604,1032,560,206,505,11.200000000000001
2008,1,13,22,30,18.5,46,407,955,955,46,407,13.08
2008,1,13,23,30,13.8,34,177,772,772,34,177,23.580000000000002
2008,1,14,0,30,10.3,0,0,0,0,0,0,32.75
2008,1,14,1,30,9.200000000000001,0,0,0,0,0,0,34.9
2008,1,14,2,30,8.6,0,0,0,0,0,0,36.79
2008,1,14,3,30,8,0,0,0,0,0,0,38.72
2008,1,14,4,30,7.4,0,0,0,0,0,0,40.75
2008,1,14,5,30,7.1000000000000005,0,0,0,0,0,0,42.44
2008,1,14,6,30,6.800000000000001,0,0,0,0,0,0,43.85
2008,1,14,7,30,6.4,0,0,0,0,0,0,44.47
2008,1,14,8,30,6,0,0,0,0,0,0,44.18
2008,1,14,9,30,5.6000000000000005,0,0,0,0,0,0,43.88
2008,1,14,10,30,5.300000000000001,0,0,0,0,0,0,43.61
2008,1,14,11,30,5.2,0,0,0,0,0,0,43.27
2008,1,14,12,30,5.300000000000001,0,0,0,0,0,0,42.97
2008,1,14,13,30,6.5,0,0,0,0,0,0,40.02
2008,1,14,14,30,8.9,37,164,713,14,80,82,34.15
2008,1,14,15,30,12,54,392,911,0,57,57,28.29
2008,1,14,16,30,15,63,586,987,3,136,137,18.84
2008,1,14,17,30,16.7,70,730,1027,0,112,112,16.88
2008,1,14,18,30,17.5,73,802,1038,3,202,204,18.17
2008,1,14,19,30,17.900000000000002,73,804,1040,3,190,192,18.56
2008,1,14,20,30,17.900000000000002,71,731,1021,521,264,601,18.56
2008,1,14,21,30,17.3,65,589,976,45,270,294,19.12
2008,1,14,22,30,15.600000000000001,56,395,891,391,165,313,21.76
2008,1,14,23,30,13.100000000000001,40,170,690,144,106,133,29.14
2008,1,15,0,30,11.200000000000001,0,0,0,0,0,0,36.03
2008,1,15,1,30,10.5,0,0,0,0,0,0,37.32
2008,1,15,2,30,9.9,0,0,0,0,0,0,37.93
2008,1,15,3,30,9.200000000000001,0,0,0,0,0,0,38.83
2008,1,15,4,30,8.4,0,0,0,0,0,0,40.230000000000004
2008,1,15,5,30,7.7,0,0,0,0,0,0,41.980000000000004
2008,1,15,6,30,7,0,0,0,0,0,0,44.13
2008,1,15,7,30,6.4,0,0,0,0,0,0,46.46
2008,1,15,8,30,6,0,0,0,0,0,0,48.26
2008,1,15,9,30,5.800000000000001,0,0,0,0,0,0,49.51
2008,1,15,10,30,5.7,0,0,0,0,0,0,50.86
2008,1,15,11,30,5.5,0,0,0,0,0,0,53.230000000000004
2008,1,15,12,30,5.5,0,0,0,0,0,0,55.120000000000005
2008,1,15,13,30,6.2,0,0,0,0,0,0,54.51
2008,1,15,14,30,8.3,37,161,693,5,63,64,49.410000000000004
2008,1,15,15,30,11.200000000000001,52,388,904,29,156,166,42.980000000000004
2008,1,15,16,30,13.600000000000001,60,585,989,93,266,315,32.51
2008,1,15,17,30,15.100000000000001,65,729,1031,784,179,684,27.72
2008,1,15,18,30,16.3,67,805,1049,666,229,698,25.8
2008,1,15,19,30,16.8,65,808,1052,825,181,763,25.67
2008,1,15,20,30,16.6,64,732,1030,1030,64,732,27.02
2008,1,15,21,30,15.5,58,593,993,993,58,593,30.32
2008,1,15,22,30,13.700000000000001,50,400,914,914,50,400,35.94
2008,1,15,23,30,11.3,36,177,734,734,36,177,44
2008,1,16,0,30,9,0,0,0,0,0,0,53.300000000000004
2008,1,16,1,30,7.300000000000001,0,0,0,0,0,0,61.44
2008,1,16,2,30,5.800000000000001,0,0,0,0,0,0,68.08
2008,1,16,3,30,4.2,0,0,0,0,0,0,72.86
2008,1,16,4,30,2.5,0,0,0,0,0,0,75.67
2008,1,16,5,30,1.1,0,0,0,0,0,0,76.42
2008,1,16,6,30,-0.2,0,0,0,0,0,0,78.93
2008,1,16,7,30,-1.2000000000000002,0,0,0,0,0,0,81.5
2008,1,16,8,30,-2.1,0,0,0,0,0,0,84.24
2008,1,16,9,30,-2.8000000000000003,0,0,0,0,0,0,85.38
2008,1,16,10,30,-3.4000000000000004,0,0,0,0,0,0,84.09
2008,1,16,11,30,-3.9000000000000004,0,0,0,0,0,0,79.86
2008,1,16,12,30,-4.1000000000000005,0,0,0,0,0,0,71.05
2008,1,16,13,30,-2,0,0,0,0,0,0,51.85
2008,1,16,14,30,2.3000000000000003,32,180,826,826,32,180,34.03
2008,1,16,15,30,7.2,44,412,986,986,44,412,20.830000000000002
2008,1,16,16,30,11.4,52,617,1060,1060,52,617,10.06
2008,1,16,17,30,14.100000000000001,59,766,1094,1094,59,766,7.78
2008,1,16,18,30,16,64,846,1108,1108,64,846,6.55
2008,1,16,19,30,17.400000000000002,61,847,1111,1111,61,847,6
2008,1,16,20,30,18.1,55,772,1100,1100,55,772,6
2008,1,16,21,30,17.8,50,620,1051,1051,50,620,6.42
2008,1,16,22,30,15.700000000000001,45,422,977,691,122,389,7.640000000000001
2008,1,16,23,30,11.100000000000001,33,189,802,1,78,79,17.48
2008,1,17,0,30,7.800000000000001,0,0,0,0,0,0,24.47
2008,1,17,1,30,6.800000000000001,0,0,0,0,0,0,24.03
2008,1,17,2,30,6.1000000000000005,0,0,0,0,0,0,23.85
2008,1,17,3,30,5.300000000000001,0,0,0,0,0,0,24.92
2008,1,17,4,30,4.6000000000000005,0,0,0,0,0,0,26.85
2008,1,17,5,30,4,0,0,0,0,0,0,28.810000000000002
2008,1,17,6,30,3,0,0,0,0,0,0,30.89
2008,1,17,7,30,2,0,0,0,0,0,0,32.27
2008,1,17,8,30,1.4000000000000001,0,0,0,0,0,0,32.72
2008,1,17,9,30,1.1,0,0,0,0,0,0,33
2008,1,17,10,30,1,0,0,0,0,0,0,34.83
2008,1,17,11,30,0.9,0,0,0,0,0,0,39.2
2008,1,17,12,30,0.8,0,0,0,0,0,0,45.230000000000004
2008,1,17,13,30,2.6,0,0,0,0,0,0,44.730000000000004
2008,1,17,14,30,6.300000000000001,33,173,780,21,88,92,38.38
2008,1,17,15,30,10.200000000000001,45,407,968,250,194,287,30.69
2008,1,17,16,30,13.8,52,610,1045,130,294,363,18.44
2008,1,17,17,30,16.3,53,756,1085,311,340,541,11.77
2008,1,17,18,30,17.8,55,835,1101,653,257,719,9.33
2008,1,17,19,30,18.400000000000002,56,839,1102,855,184,792,8.67
2008,1,17,20,30,18.2,54,766,1088,1088,54,766,8.8
2008,1,17,21,30,17.400000000000002,48,623,1055,1055,48,623,9.42
2008,1,17,22,30,15.700000000000001,42,420,971,971,42,420,10.620000000000001
2008,1,17,23,30,12.200000000000001,31,189,803,803,31,189,14.51
2008,1,18,0,30,8.8,0,0,0,0,0,0,23.830000000000002
2008,1,18,1,30,6.9,0,0,0,0,0,0,28.23
2008,1,18,2,30,5.5,0,0,0,0,0,0,31.29
2008,1,18,3,30,4.5,0,0,0,0,0,0,33.32
2008,1,18,4,30,3.9000000000000004,0,0,0,0,0,0,35.15
2008,1,18,5,30,3.3000000000000003,0,0,0,0,0,0,37.58
2008,1,18,6,30,2.7,0,0,0,0,0,0,41.29
2008,1,18,7,30,2.3000000000000003,0,0,0,0,0,0,46.480000000000004
2008,1,18,8,30,2.4000000000000004,0,0,0,0,0,0,51.04
2008,1,18,9,30,2.6,0,0,0,0,0,0,55.5
2008,1,18,10,30,2.6,0,0,0,0,0,0,60.71
2008,1,18,11,30,2.8000000000000003,0,0,0,0,0,0,64.51
2008,1,18,12,30,3.1,0,0,0,0,0,0,67.01
2008,1,18,13,30,4.1000000000000005,0,0,0,0,0,0,65.81
2008,1,18,14,30,6.5,35,164,715,88,99,115,58.56
2008,1,18,15,30,9.200000000000001,51,392,908,908,51,392,50
2008,1,18,16,30,11.600000000000001,59,588,987,987,59,588,38.4
2008,1,18,17,30,13.600000000000001,63,735,1034,1034,63,735,24.92
2008,1,18,18,30,14.8,62,816,1062,1062,62,816,19.98
2008,1,18,19,30,15.3,59,823,1072,1072,59,823,19.45
2008,1,18,20,30,15.200000000000001,55,756,1067,1067,55,756,18.64
2008,1,18,21,30,14.5,51,621,1040,1040,51,621,18.35
2008,1,18,22,30,13,44,428,982,982,44,428,19.26
2008,1,18,23,30,10.5,32,195,816,816,32,195,22.51
2008,1,19,0,30,7.6000000000000005,0,0,0,0,0,0,29.16
2008,1,19,1,30,4.9,0,0,0,0,0,0,38.01
2008,1,19,2,30,2.8000000000000003,0,0,0,0,0,0,46.51
2008,1,19,3,30,1.5,0,0,0,0,0,0,50.370000000000005
2008,1,19,4,30,0.4,0,0,0,0,0,0,52.24
2008,1,19,5,30,-0.30000000000000004,0,0,0,0,0,0,51.910000000000004
2008,1,19,6,30,-0.5,0,0,0,0,0,0,50.01
2008,1,19,7,30,-0.5,0,0,0,0,0,0,48.08
2008,1,19,8,30,-0.7000000000000001,0,0,0,0,0,0,47.44
2008,1,19,9,30,-0.7000000000000001,0,0,0,0,0,0,45.26
2008,1,19,10,30,-0.4,0,0,0,0,0,0,42.4
2008,1,19,11,30,-0.2,0,0,0,0,0,0,41.59
2008,1,19,12,30,-0.6000000000000001,0,0,0,0,0,0,42.300000000000004
2008,1,19,13,30,0.1,0,0,0,0,0,0,40.33
2008,1,19,14,30,3,32,177,802,71,103,116,36.46
2008,1,19,15,30,6.5,45,415,986,735,101,378,28.29
2008,1,19,16,30,9.700000000000001,52,621,1061,614,200,529,22.57
2008,1,19,17,30,13.200000000000001,56,771,1099,624,248,655,15.77
2008,1,19,18,30,15.8,61,853,1112,1112,61,853,9.790000000000001
2008,1,19,19,30,17.1,61,857,1113,1113,61,857,7.46
2008,1,19,20,30,17.7,59,784,1099,1099,59,784,6.65
2008,1,19,21,30,17.5,53,641,1066,1066,53,641,6.44
2008,1,19,22,30,15.9,46,440,996,996,46,440,7.22
2008,1,19,23,30,12.5,34,202,833,379,90,167,17.45
2008,1,20,0,30,8.6,0,0,0,0,0,0,21.42
2008,1,20,1,30,5.5,0,0,0,0,0,0,28.37
2008,1,20,2,30,3.2,0,0,0,0,0,0,34.22
2008,1,20,3,30,1.8,0,0,0,0,0,0,37.89
2008,1,20,4,30,0.6000000000000001,0,0,0,0,0,0,41.4
2008,1,20,5,30,-0.6000000000000001,0,0,0,0,0,0,47.480000000000004
2008,1,20,6,30,-1.4000000000000001,0,0,0,0,0,0,54.34
2008,1,20,7,30,-2,0,0,0,0,0,0,61.89
2008,1,20,8,30,-2.4000000000000004,0,0,0,0,0,0,68.75
2008,1,20,9,30,-2.7,0,0,0,0,0,0,73.04
2008,1,20,10,30,-3,0,0,0,0,0,0,76.32000000000001
2008,1,20,11,30,-3.1,0,0,0,0,0,0,77.57000000000001
2008,1,20,12,30,-2.9000000000000004,0,0,0,0,0,0,77.39
2008,1,20,13,30,-0.5,0,0,0,0,0,0,67.77
2008,1,20,14,30,4,33,170,754,182,97,130,54.34
2008,1,20,15,30,9.3,47,399,934,934,47,399,40.730000000000004
2008,1,20,16,30,14.4,54,600,1015,1015,54,600,28.26
2008,1,20,17,30,17.400000000000002,59,747,1053,1053,59,747,21.07
2008,1,20,18,30,18.7,61,826,1070,1070,61,826,18.53
2008,1,20,19,30,19.400000000000002,59,830,1073,1073,59,830,16.66
2008,1,20,20,30,19.400000000000002,56,759,1060,1060,56,759,15.51
2008,1,20,21,30,18.8,51,619,1026,1026,51,619,15.01
2008,1,20,22,30,17,43,423,956,956,43,423,15.98
2008,1,20,23,30,12.5,32,195,793,793,32,195,23.03
2008,1,21,0,30,8.8,0,0,0,0,0,0,34.51
2008,1,21,1,30,7.9,0,0,0,0,0,0,36.24
2008,1,21,2,30,7.2,0,0,0,0,0,0,37.7
2008,1,21,3,30,6.300000000000001,0,0,0,0,0,0,39.49
2008,1,21,4,30,5.5,0,0,0,0,0,0,41.050000000000004
2008,1,21,5,30,5.2,0,0,0,0,0,0,42.45
2008,1,21,6,30,4.800000000000001,0,0,0,0,0,0,44.79
2008,1,21,7,30,4.2,0,0,0,0,0,0,47.65
2008,1,21,8,30,3.5,0,0,0,0,0,0,51.45
2008,1,21,9,30,3.3000000000000003,0,0,0,0,0,0,54.45
2008,1,21,10,30,3.6,0,0,0,0,0,0,56.68
2008,1,21,11,30,3.5,0,0,0,0,0,0,59.78
2008,1,21,12,30,3.7,0,0,0,0,0,0,60.74
2008,1,21,13,30,5.9,0,0,0,0,0,0,53.01
2008,1,21,14,30,9.700000000000001,32,166,740,740,32,166,42.51
2008,1,21,15,30,13.600000000000001,45,395,926,926,45,395,33.89
2008,1,21,16,30,16.2,53,595,1004,260,275,415,28.51
2008,1,21,17,30,17.5,58,738,1038,85,352,408,25.92
2008,1,21,18,30,18.7,65,818,1050,161,381,497,24.1
2008,1,21,19,30,19.6,60,821,1056,665,229,708,22.51
2008,1,21,20,30,19.8,57,748,1038,1038,57,748,21.63
2008,1,21,21,30,19.400000000000002,53,611,1002,328,250,432,21.78
2008,1,21,22,30,17.8,45,417,927,927,45,417,24.19
2008,1,21,23,30,14.100000000000001,34,192,761,761,34,192,34.72
2008,1,22,0,30,10.9,0,0,0,0,0,0,45.56
2008,1,22,1,30,9.600000000000001,0,0,0,0,0,0,48.04
2008,1,22,2,30,8.5,0,0,0,0,0,0,51.120000000000005
2008,1,22,3,30,7.5,0,0,0,0,0,0,54.730000000000004
2008,1,22,4,30,6.6000000000000005,0,0,0,0,0,0,58.86
2008,1,22,5,30,6,0,0,0,0,0,0,62.78
2008,1,22,6,30,5.5,0,0,0,0,0,0,66.27
2008,1,22,7,30,5.1000000000000005,0,0,0,0,0,0,69.01
2008,1,22,8,30,4.7,0,0,0,0,0,0,71.13
2008,1,22,9,30,4.6000000000000005,0,0,0,0,0,0,71.06
2008,1,22,10,30,4.6000000000000005,0,0,0,0,0,0,69.89
2008,1,22,11,30,4.3,0,0,0,0,0,0,69.7
2008,1,22,12,30,4.2,0,0,0,0,0,0,67.85
2008,1,22,13,30,6.6000000000000005,0,0,0,0,0,0,55.35
2008,1,22,14,30,11.100000000000001,29,164,733,21,86,90,41.94
2008,1,22,15,30,15.4,42,388,913,19,142,149,30.78
2008,1,22,16,30,18.2,51,587,989,163,286,374,23.91
2008,1,22,17,30,18.5,59,731,1021,572,223,599,23.28
2008,1,22,18,30,18.3,64,810,1036,415,379,678,24.150000000000002
2008,1,22,19,30,18.8,63,814,1039,651,230,701,24.2
2008,1,22,20,30,19.200000000000003,61,743,1020,1020,61,743,24.32
2008,1,22,21,30,18.7,55,607,985,627,230,582,25.93
2008,1,22,22,30,16.900000000000002,49,417,910,702,129,412,30.35
2008,1,22,23,30,14.4,37,193,737,471,39,139,44.480000000000004
2008,1,23,0,30,12.600000000000001,0,0,0,0,0,0,49.08
2008,1,23,1,30,12,0,0,0,0,0,0,49.660000000000004
2008,1,23,2,30,11.5,0,0,0,0,0,0,49.79
2008,1,23,3,30,10.8,0,0,0,0,0,0,50.95
2008,1,23,4,30,9.700000000000001,0,0,0,0,0,0,53.71
2008,1,23,5,30,8.6,0,0,0,0,0,0,56.42
2008,1,23,6,30,7.4,0,0,0,0,0,0,60.78
2008,1,23,7,30,6.4,0,0,0,0,0,0,65.14
2008,1,23,8,30,5.7,0,0,0,0,0,0,68.2
2008,1,23,9,30,5.800000000000001,0,0,0,0,0,0,66.76
2008,1,23,10,30,6.5,0,0,0,0,0,0,61.9
2008,1,23,11,30,7,0,0,0,0,0,0,57.64
2008,1,23,12,30,7,0,0,0,0,0,0,55.45
2008,1,23,13,30,8.200000000000001,0,0,0,0,0,0,49.86
2008,1,23,14,30,11.3,32,165,721,88,99,115,42.800000000000004
2008,1,23,15,30,15.200000000000001,45,391,909,615,157,391,32.63
2008,1,23,16,30,18.8,53,592,991,991,53,592,26.13
2008,1,23,17,30,21.1,58,738,1030,1030,58,738,21.67
2008,1,23,18,30,22.700000000000003,64,818,1043,1043,64,818,18.67
2008,1,23,19,30,23.5,63,823,1046,1046,63,823,16.96
2008,1,23,20,30,23.8,59,757,1037,1037,59,757,16.02
2008,1,23,21,30,23.400000000000002,54,619,1003,452,236,491,16.01
2008,1,23,22,30,21.6,47,426,932,932,47,426,17.68
2008,1,23,23,30,17.3,35,200,771,771,35,200,26.85
2008,1,24,0,30,13.9,0,0,0,0,0,0,37.34
2008,1,24,1,30,13,0,0,0,0,0,0,39.06
2008,1,24,2,30,12.100000000000001,0,0,0,0,0,0,41.54
2008,1,24,3,30,11.5,0,0,0,0,0,0,43.6
2008,1,24,4,30,10.9,0,0,0,0,0,0,46.1
2008,1,24,5,30,9.700000000000001,0,0,0,0,0,0,49.85
2008,1,24,6,30,8.3,0,0,0,0,0,0,53.25
2008,1,24,7,30,7.1000000000000005,0,0,0,0,0,0,57.02
2008,1,24,8,30,6.300000000000001,0,0,0,0,0,0,60.69
2008,1,24,9,30,5.800000000000001,0,0,0,0,0,0,64.09
2008,1,24,10,30,5.800000000000001,0,0,0,0,0,0,64.72
2008,1,24,11,30,5.9,0,0,0,0,0,0,64.31
2008,1,24,12,30,6,0,0,0,0,0,0,63.32
2008,1,24,13,30,7.4,0,0,0,0,0,0,56.980000000000004
2008,1,24,14,30,10.600000000000001,35,167,711,9,72,73,46.95
2008,1,24,15,30,14.9,51,395,898,418,161,321,35.910000000000004
2008,1,24,16,30,18.900000000000002,62,592,972,972,62,592,26.79
2008,1,24,17,30,21.400000000000002,70,739,1010,1010,70,739,21.8
2008,1,24,18,30,22.900000000000002,72,816,1025,1025,72,816,20.56
2008,1,24,19,30,23.700000000000003,74,821,1024,516,290,667,20.36
2008,1,24,20,30,23.6,72,750,1003,1003,72,750,21
2008,1,24,21,30,22.900000000000002,71,613,956,956,71,613,22.09
2008,1,24,22,30,21.200000000000003,62,422,877,877,62,422,24.240000000000002
2008,1,24,23,30,17.7,45,197,701,701,45,197,32.04
2008,1,25,0,30,14.8,0,0,0,0,0,0,41.89
2008,1,25,1,30,13.9,0,0,0,0,0,0,42.53
2008,1,25,2,30,13.200000000000001,0,0,0,0,0,0,42.63
2008,1,25,3,30,12.4,0,0,0,0,0,0,43.63
2008,1,25,4,30,11.3,0,0,0,0,0,0,46.09
2008,1,25,5,30,10.4,0,0,0,0,0,0,47.45
2008,1,25,6,30,10.4,0,0,0,0,0,0,45.94
2008,1,25,7,30,10.200000000000001,0,0,0,0,0,0,47.49
2008,1,25,8,30,9.3,0,0,0,0,0,0,52.53
2008,1,25,9,30,8.700000000000001,0,0,0,0,0,0,56.58
2008,1,25,10,30,8.200000000000001,0,0,0,0,0,0,62.36
2008,1,25,11,30,7.800000000000001,0,0,0,0,0,0,68.67
2008,1,25,12,30,7.6000000000000005,0,0,0,0,0,0,72.94
2008,1,25,13,30,8.8,0,0,0,0,0,0,69.51
2008,1,25,14,30,11.4,41,166,671,72,102,116,60.99
2008,1,25,15,30,15,58,397,881,156,206,266,47.74
2008,1,25,16,30,18.900000000000002,67,599,970,721,133,528,28.69
2008,1,25,17,30,21.5,73,747,1014,1014,73,747,19.81
2008,1,25,18,30,23,73,827,1037,1037,73,827,18.21
2008,1,25,19,30,23.700000000000003,73,833,1038,1038,73,833,17.25
2008,1,25,20,30,23.3,72,765,1021,728,201,695,17.26
2008,1,25,21,30,22.1,67,624,978,569,185,509,18.13
2008,1,25,22,30,20.400000000000002,57,431,905,692,132,418,23.16
2008,1,25,23,30,18.6,41,205,745,165,117,153,33.01
2008,1,26,0,30,16.8,0,0,0,0,0,0,30.72
2008,1,26,1,30,14.600000000000001,0,0,0,0,0,0,33.230000000000004
2008,1,26,2,30,12.600000000000001,0,0,0,0,0,0,38.04
2008,1,26,3,30,11,0,0,0,0,0,0,41.39
2008,1,26,4,30,9.9,0,0,0,0,0,0,44.08
2008,1,26,5,30,9.3,0,0,0,0,0,0,45.51
2008,1,26,6,30,9.1,0,0,0,0,0,0,46.31
2008,1,26,7,30,9,0,0,0,0,0,0,47.480000000000004
2008,1,26,8,30,8.700000000000001,0,0,0,0,0,0,49.550000000000004
2008,1,26,9,30,8,0,0,0,0,0,0,53.77
2008,1,26,10,30,6.6000000000000005,0,0,0,0,0,0,60.52
2008,1,26,11,30,5.2,0,0,0,0,0,0,67.28
2008,1,26,12,30,4.9,0,0,0,0,0,0,69.35000000000001
2008,1,26,13,30,7,0,0,0,0,0,0,61.43
2008,1,26,14,30,10.700000000000001,40,168,680,42,99,107,50.27
2008,1,26,15,30,14.3,58,397,879,879,58,397,41.61
2008,1,26,16,30,17.2,67,599,967,744,164,572,33.76
2008,1,26,17,30,19.5,73,747,1011,798,182,715,28.18
2008,1,26,18,30,21,80,827,1022,437,329,649,24.400000000000002
2008,1,26,19,30,21.700000000000003,80,836,1027,539,272,668,22.81
2008,1,26,20,30,21.8,78,767,1012,180,376,498,22.22
2008,1,26,21,30,21.400000000000002,72,629,972,698,141,541,22.16
2008,1,26,22,30,19.900000000000002,63,435,893,367,187,340,23.89
2008,1,26,23,30,16.7,47,206,713,440,92,190,32.43
2008,1,27,0,30,14.200000000000001,0,0,0,0,0,0,40.93
2008,1,27,1,30,13.200000000000001,0,0,0,0,0,0,41.86
2008,1,27,2,30,12.4,0,0,0,0,0,0,43.46
2008,1,27,3,30,11.3,0,0,0,0,0,0,47.51
2008,1,27,4,30,10.200000000000001,0,0,0,0,0,0,52.5
2008,1,27,5,30,9.5,0,0,0,0,0,0,55.61
2008,1,27,6,30,9,0,0,0,0,0,0,58.31
2008,1,27,7,30,8.200000000000001,0,0,0,0,0,0,62.230000000000004
2008,1,27,8,30,7.2,0,0,0,0,0,0,68.46000000000001
2008,1,27,9,30,6.5,0,0,0,0,0,0,77.08
2008,1,27,10,30,6,0,0,0,0,0,0,86.14
2008,1,27,11,30,5.4,0,0,0,0,0,0,96.39
2008,1,27,12,30,5,0,0,0,0,0,0,100
2008,1,27,13,30,6.800000000000001,0,0,0,0,0,0,95.72
2008,1,27,14,30,10.5,43,167,653,96,104,122,74.31
2008,1,27,15,30,14.8,61,400,874,874,61,400,53.480000000000004
2008,1,27,16,30,18.900000000000002,68,606,976,976,68,606,35.61
2008,1,27,17,30,21.400000000000002,70,760,1030,634,234,659,24.72
2008,1,27,18,30,22.5,70,846,1058,1058,70,846,19.51
2008,1,27,19,30,23.1,69,853,1061,1061,69,853,15.85
2008,1,27,20,30,23.200000000000003,65,784,1049,1049,65,784,13.93
2008,1,27,21,30,22.700000000000003,60,645,1015,1015,60,645,13.49
2008,1,27,22,30,21.1,52,449,947,947,52,449,14.55
2008,1,27,23,30,17.1,39,217,786,786,39,217,25.53
2008,1,28,0,30,13.5,0,0,0,0,0,0,34.4
2008,1,28,1,30,12.100000000000001,0,0,0,0,0,0,35.410000000000004
2008,1,28,2,30,11,0,0,0,0,0,0,38.88
2008,1,28,3,30,10.100000000000001,0,0,0,0,0,0,44.39
2008,1,28,4,30,9.600000000000001,0,0,0,0,0,0,49.43
2008,1,28,5,30,9.200000000000001,0,0,0,0,0,0,53.67
2008,1,28,6,30,8.8,0,0,0,0,0,0,57.34
2008,1,28,7,30,8.3,0,0,0,0,0,0,61.74
2008,1,28,8,30,7.9,0,0,0,0,0,0,66.43
2008,1,28,9,30,7.7,0,0,0,0,0,0,70.29
2008,1,28,10,30,7.5,0,0,0,0,0,0,73.37
2008,1,28,11,30,7.300000000000001,0,0,0,0,0,0,75.53
2008,1,28,12,30,7.2,0,0,0,0,0,0,76.72
2008,1,28,13,30,9,0,0,0,0,0,0,68.19
2008,1,28,14,30,13,43,169,660,48,101,110,52.94
2008,1,28,15,30,17.2,63,399,863,459,155,334,40.910000000000004
2008,1,28,16,30,20.200000000000003,75,601,948,536,213,510,33.86
2008,1,28,17,30,21.900000000000002,83,750,991,701,271,743,29.75
2008,1,28,18,30,23.1,86,831,1011,737,281,823,26.38
2008,1,28,19,30,23.8,83,839,1019,1019,83,839,23.92
2008,1,28,20,30,24,77,772,1009,1009,77,772,22.27
2008,1,28,21,30,23.6,69,635,977,977,69,635,21.72
2008,1,28,22,30,22.200000000000003,59,441,904,238,224,324,22.92
2008,1,28,23,30,18.5,44,213,740,217,119,169,29.330000000000002
2008,1,29,0,30,15.100000000000001,0,0,0,0,0,0,39.4
2008,1,29,1,30,13.8,0,0,0,0,0,0,41.84
2008,1,29,2,30,12.700000000000001,0,0,0,0,0,0,44.64
2008,1,29,3,30,11.4,0,0,0,0,0,0,48.78
2008,1,29,4,30,10.3,0,0,0,0,0,0,52.95
2008,1,29,5,30,9.8,0,0,0,0,0,0,55.82
2008,1,29,6,30,9.4,0,0,0,0,0,0,60.17
2008,1,29,7,30,9,0,0,0,0,0,0,65.97
2008,1,29,8,30,8.6,0,0,0,0,0,0,71.64
2008,1,29,9,30,8.3,0,0,0,0,0,0,75.23
2008,1,29,10,30,8.200000000000001,0,0,0,0,0,0,75.23
2008,1,29,11,30,8.200000000000001,0,0,0,0,0,0,74.19
2008,1,29,12,30,8.200000000000001,0,0,0,0,0,0,73.74
2008,1,29,13,30,9.4,0,0,0,0,0,0,68.34
2008,1,29,14,30,11.8,39,171,686,59,102,113,59.11
2008,1,29,15,30,14.700000000000001,54,402,890,115,237,282,47.83
2008,1,29,16,30,17.7,57,604,982,682,162,542,36.84
2008,1,29,17,30,20,58,750,1026,426,288,575,30.53
2008,1,29,18,30,21.3,56,830,1046,1046,56,830,27.330000000000002
2008,1,29,19,30,21.700000000000003,56,837,1048,1048,56,837,25.98
2008,1,29,20,30,21.400000000000002,56,770,1033,1033,56,770,26.05
2008,1,29,21,30,20.8,52,635,1000,697,166,572,26.91
2008,1,29,22,30,19.400000000000002,48,443,929,444,167,356,29.48
2008,1,29,23,30,16.6,37,216,776,59,133,147,37.27
2008,1,30,0,30,14,10,15,263,0,5,6,47.39
2008,1,30,1,30,12.5,0,0,0,0,0,0,51.370000000000005
2008,1,30,2,30,11.100000000000001,0,0,0,0,0,0,54.6
2008,1,30,3,30,10.100000000000001,0,0,0,0,0,0,57.17
2008,1,30,4,30,9.4,0,0,0,0,0,0,59.78
2008,1,30,5,30,8.700000000000001,0,0,0,0,0,0,63.57
2008,1,30,6,30,7.9,0,0,0,0,0,0,68.26
2008,1,30,7,30,7.2,0,0,0,0,0,0,73.09
2008,1,30,8,30,6.7,0,0,0,0,0,0,77.60000000000001
2008,1,30,9,30,6.1000000000000005,0,0,0,0,0,0,83.58
2008,1,30,10,30,5.6000000000000005,0,0,0,0,0,0,89.69
2008,1,30,11,30,5.1000000000000005,0,0,0,0,0,0,95.9
2008,1,30,12,30,5,0,0,0,0,0,0,99.38
2008,1,30,13,30,7.1000000000000005,0,0,0,0,0,0,87.91
2008,1,30,14,30,11.4,33,179,756,756,33,179,65.92
2008,1,30,15,30,15.700000000000001,42,415,946,946,42,415,37.2
2008,1,30,16,30,18.8,47,622,1029,1029,47,622,17.05
2008,1,30,17,30,20.8,51,778,1073,1073,51,778,10.5
2008,1,30,18,30,22.1,56,870,1096,1096,56,870,8.14
2008,1,30,19,30,22.6,53,876,1100,1100,53,876,7.22
2008,1,30,20,30,22.5,51,806,1087,1087,51,806,6.7700000000000005
2008,1,30,21,30,21.8,48,666,1056,1056,48,666,6.69
2008,1,30,22,30,20.1,42,468,992,992,42,468,7.29
2008,1,30,23,30,16.1,33,232,849,849,33,232,10.34
2008,1,31,0,30,12.100000000000001,10,18,364,364,10,18,18.21
2008,1,31,1,30,10.200000000000001,0,0,0,0,0,0,22.69
2008,1,31,2,30,8.9,0,0,0,0,0,0,26.330000000000002
2008,1,31,3,30,7.6000000000000005,0,0,0,0,0,0,31.07
2008,1,31,4,30,6.5,0,0,0,0,0,0,36.93
2008,1,31,5,30,5.5,0,0,0,0,0,0,43.36
2008,1,31,6,30,4.800000000000001,0,0,0,0,0,0,47.53
2008,1,31,7,30,4.3,0,0,0,0,0,0,46.94
2008,1,31,8,30,3.8000000000000003,0,0,0,0,0,0,43.43
2008,1,31,9,30,3.3000000000000003,0,0,0,0,0,0,38.51
2008,1,31,10,30,2.8000000000000003,0,0,0,0,0,0,34.29
2008,1,31,11,30,2.2,0,0,0,0,0,0,31.650000000000002
2008,1,31,12,30,1.9000000000000001,0,0,0,0,0,0,29.09
2008,1,31,13,30,4.5,0,0,0,0,0,0,22.68
2008,1,31,14,30,9.3,30,198,856,856,30,198,15.9
2008,1,31,15,30,14.200000000000001,41,447,1025,1025,41,447,11.47
2008,1,31,16,30,18.1,47,662,1096,1096,47,662,5.25
2008,1,31,17,30,20,51,820,1130,1130,51,820,4.04
2008,1,31,18,30,21.1,53,907,1146,1146,53,907,3.86
2008,1,31,19,30,21.6,53,915,1147,1147,53,915,3.85
2008,1,31,20,30,21.5,51,844,1135,1135,51,844,3.96
2008,1,31,21,30,20.8,48,699,1105,1105,48,699,4.24
2008,1,31,22,30,18.8,43,493,1044,1044,43,493,4.93
2008,1,31,23,30,13.9,34,248,903,903,34,248,12.43
2008,2,1,0,30,9.5,11,20,397,397,11,20,19.43
2008,2,1,1,30,7.2,0,0,0,0,0,0,18.16
2008,2,1,2,30,5.1000000000000005,0,0,0,0,0,0,21.62
2008,2,1,3,30,3.5,0,0,0,0,0,0,29.37
2008,2,1,4,30,2.5,0,0,0,0,0,0,36.82
2008,2,1,5,30,1.7000000000000002,0,0,0,0,0,0,41.12
2008,2,1,6,30,1,0,0,0,0,0,0,42.730000000000004
2008,2,1,7,30,0.4,0,0,0,0,0,0,43.08
2008,2,1,8,30,-0.1,0,0,0,0,0,0,42.87
2008,2,1,9,30,-0.30000000000000004,0,0,0,0,0,0,43.08
2008,2,1,10,30,-0.5,0,0,0,0,0,0,48.21
2008,2,1,11,30,-0.7000000000000001,0,0,0,0,0,0,60.51
2008,2,1,12,30,-0.6000000000000001,0,0,0,0,0,0,71.36
2008,2,1,13,30,2,0,0,0,0,0,0,64.85
2008,2,1,14,30,6.800000000000001,35,190,781,781,35,190,49.230000000000004
2008,2,1,15,30,12.600000000000001,49,431,959,959,49,431,35.78
2008,2,1,16,30,18,55,635,1027,1027,55,635,22.62
2008,2,1,17,30,20.8,60,788,1065,1065,60,788,15.31
2008,2,1,18,30,22.1,62,872,1082,1082,62,872,14.15
2008,2,1,19,30,22.700000000000003,60,873,1078,1078,60,873,13.65
2008,2,1,20,30,22.700000000000003,58,805,1065,1065,58,805,13.92
2008,2,1,21,30,22.200000000000003,54,662,1026,1026,54,662,15.11
2008,2,1,22,30,20.700000000000003,49,463,953,953,49,463,18.01
2008,2,1,23,30,16.900000000000002,37,230,800,800,37,230,26.1
2008,2,2,0,30,13.3,12,19,297,297,12,19,38.95
2008,2,2,1,30,12,0,0,0,0,0,0,44.230000000000004
2008,2,2,2,30,11,0,0,0,0,0,0,48.72
2008,2,2,3,30,9.9,0,0,0,0,0,0,53.69
2008,2,2,4,30,8.700000000000001,0,0,0,0,0,0,59.79
2008,2,2,5,30,7.6000000000000005,0,0,0,0,0,0,66.38
2008,2,2,6,30,6.7,0,0,0,0,0,0,72.06
2008,2,2,7,30,5.9,0,0,0,0,0,0,76.06
2008,2,2,8,30,5.1000000000000005,0,0,0,0,0,0,76.35000000000001
2008,2,2,9,30,4.5,0,0,0,0,0,0,71.05
2008,2,2,10,30,4,0,0,0,0,0,0,62.5
2008,2,2,11,30,3.7,0,0,0,0,0,0,54.730000000000004
2008,2,2,12,30,3.8000000000000003,0,0,0,0,0,0,48.71
2008,2,2,13,30,6.7,0,0,0,0,0,0,37.730000000000004
2008,2,2,14,30,11.600000000000001,36,188,765,765,36,188,26.93
2008,2,2,15,30,15.8,49,427,944,944,49,427,19.63
2008,2,2,16,30,18.8,57,635,1020,1020,57,635,14.280000000000001
2008,2,2,17,30,20.6,63,788,1057,1057,63,788,12.47
2008,2,2,18,30,21.900000000000002,66,868,1067,1067,66,868,11.67
2008,2,2,19,30,22.5,67,876,1067,1067,67,876,11.540000000000001
2008,2,2,20,30,22.5,66,808,1053,1053,66,808,12.02
2008,2,2,21,30,21.900000000000002,60,665,1017,1017,60,665,13.06
2008,2,2,22,30,20.3,53,469,949,949,53,469,15.11
2008,2,2,23,30,16.5,41,235,798,798,41,235,20.62
2008,2,3,0,30,12.700000000000001,13,21,309,309,13,21,31.21
2008,2,3,1,30,11.100000000000001,0,0,0,0,0,0,35.33
2008,2,3,2,30,9.9,0,0,0,0,0,0,38.42
2008,2,3,3,30,8.8,0,0,0,0,0,0,41.88
2008,2,3,4,30,7.7,0,0,0,0,0,0,46.37
2008,2,3,5,30,6.800000000000001,0,0,0,0,0,0,50.660000000000004
2008,2,3,6,30,6,0,0,0,0,0,0,53.980000000000004
2008,2,3,7,30,5.300000000000001,0,0,0,0,0,0,55.870000000000005
2008,2,3,8,30,4.800000000000001,0,0,0,0,0,0,57.2
2008,2,3,9,30,4.4,0,0,0,0,0,0,59.02
2008,2,3,10,30,4.1000000000000005,0,0,0,0,0,0,61.24
2008,2,3,11,30,3.9000000000000004,0,0,0,0,0,0,63.46
2008,2,3,12,30,4.2,0,0,0,0,0,0,63.53
2008,2,3,13,30,6.9,0,0,0,0,0,0,54.120000000000005
2008,2,3,14,30,11.600000000000001,35,195,794,794,35,195,41.36
2008,2,3,15,30,16.2,47,437,969,969,47,437,30.44
2008,2,3,16,30,19.6,53,642,1034,1034,53,642,19.38
2008,2,3,17,30,21.400000000000002,57,795,1071,1071,57,795,15.120000000000001
2008,2,3,18,30,22.5,59,879,1087,1087,59,879,13.46
2008,2,3,19,30,23,62,889,1086,1086,62,889,12.92
2008,2,3,20,30,22.900000000000002,61,815,1065,1065,61,815,13.14
2008,2,3,21,30,22.3,55,675,1036,1036,55,675,13.83
2008,2,3,22,30,20.8,48,477,972,972,48,477,15.49
2008,2,3,23,30,16.900000000000002,37,242,832,832,37,242,21.3
2008,2,4,0,30,13.100000000000001,13,23,356,356,13,23,32.980000000000004
2008,2,4,1,30,11.8,0,0,0,0,0,0,37.13
2008,2,4,2,30,11.100000000000001,0,0,0,0,0,0,40.07
2008,2,4,3,30,10.5,0,0,0,0,0,0,43.15
2008,2,4,4,30,9.9,0,0,0,0,0,0,46.730000000000004
2008,2,4,5,30,9.3,0,0,0,0,0,0,50.51
2008,2,4,6,30,8.8,0,0,0,0,0,0,53.43
2008,2,4,7,30,8.3,0,0,0,0,0,0,54.51
2008,2,4,8,30,7.800000000000001,0,0,0,0,0,0,53.61
2008,2,4,9,30,7.300000000000001,0,0,0,0,0,0,52.24
2008,2,4,10,30,6.9,0,0,0,0,0,0,51.120000000000005
2008,2,4,11,30,6.300000000000001,0,0,0,0,0,0,51.6
2008,2,4,12,30,5.800000000000001,0,0,0,0,0,0,52
2008,2,4,13,30,7.800000000000001,0,0,0,0,0,0,44.21
2008,2,4,14,30,12.100000000000001,35,197,799,1,49,49,32.63
2008,2,4,15,30,16.5,47,440,970,497,157,359,22.37
2008,2,4,16,30,19.6,54,651,1043,535,228,534,14.36
2008,2,4,17,30,21.3,59,800,1069,343,346,584,11.86
2008,2,4,18,30,22.3,64,885,1083,1083,64,885,10.78
2008,2,4,19,30,22.6,64,894,1085,592,357,810,10.51
2008,2,4,20,30,22.3,62,825,1072,1072,62,825,10.76
2008,2,4,21,30,21.5,58,684,1041,1041,58,684,11.27
2008,2,4,22,30,19.900000000000002,50,485,979,979,50,485,12.35
2008,2,4,23,30,16.5,39,248,838,838,39,248,15.76
2008,2,5,0,30,13.3,14,25,363,363,14,25,22.45
2008,2,5,1,30,12,0,0,0,0,0,0,26.560000000000002
2008,2,5,2,30,10.9,0,0,0,0,0,0,31.11
2008,2,5,3,30,9.4,0,0,0,0,0,0,37.64
2008,2,5,4,30,7.9,0,0,0,0,0,0,45.38
2008,2,5,5,30,6.9,0,0,0,0,0,0,50.34
2008,2,5,6,30,6.300000000000001,0,0,0,0,0,0,51.410000000000004
2008,2,5,7,30,6,0,0,0,0,0,0,50.22
2008,2,5,8,30,5.7,0,0,0,0,0,0,49.02
2008,2,5,9,30,5.5,0,0,0,0,0,0,47.74
2008,2,5,10,30,5.4,0,0,0,0,0,0,47
2008,2,5,11,30,5.4,0,0,0,0,0,0,47.09
2008,2,5,12,30,5.5,0,0,0,0,0,0,47.74
2008,2,5,13,30,7.1000000000000005,0,0,0,0,0,0,43.62
2008,2,5,14,30,10.9,33,202,820,820,33,202,34.85
2008,2,5,15,30,15.100000000000001,45,447,986,986,45,447,25.53
2008,2,5,16,30,17.900000000000002,51,659,1057,1057,51,659,17.63
2008,2,5,17,30,19.700000000000003,55,815,1093,1093,55,815,14.52
2008,2,5,18,30,20.900000000000002,56,901,1110,1110,56,901,13.36
2008,2,5,19,30,21.5,56,909,1111,1111,56,909,12.84
2008,2,5,20,30,21.400000000000002,53,839,1100,1100,53,839,12.86
2008,2,5,21,30,20.700000000000003,51,698,1069,1069,51,698,13.15
2008,2,5,22,30,19.1,44,496,1010,1010,44,496,14.42
2008,2,5,23,30,15.600000000000001,36,256,874,874,36,256,18.69
2008,2,6,0,30,11.700000000000001,13,28,420,420,13,28,28.19
2008,2,6,1,30,9.600000000000001,0,0,0,0,0,0,35.72
2008,2,6,2,30,8.3,0,0,0,0,0,0,42.12
2008,2,6,3,30,7.2,0,0,0,0,0,0,49.34
2008,2,6,4,30,6,0,0,0,0,0,0,59.14
2008,2,6,5,30,4.6000000000000005,0,0,0,0,0,0,71.8
2008,2,6,6,30,3.5,0,0,0,0,0,0,82.58
2008,2,6,7,30,2.6,0,0,0,0,0,0,88.60000000000001
2008,2,6,8,30,1.7000000000000002,0,0,0,0,0,0,89.84
2008,2,6,9,30,1,0,0,0,0,0,0,88.75
2008,2,6,10,30,0.30000000000000004,0,0,0,0,0,0,88.21000000000001
2008,2,6,11,30,-0.2,0,0,0,0,0,0,87.29
2008,2,6,12,30,-0.2,0,0,0,0,0,0,84.60000000000001
2008,2,6,13,30,2.2,0,0,0,0,0,0,70.13
2008,2,6,14,30,6.2,33,208,841,841,33,208,50.93
2008,2,6,15,30,9.600000000000001,43,456,1006,1006,43,456,34.09
2008,2,6,16,30,13.5,49,670,1075,1075,49,670,23.54
2008,2,6,17,30,17.5,53,828,1110,1110,53,828,13.31
2008,2,6,18,30,20.200000000000003,63,919,1119,1119,63,919,8.18
2008,2,6,19,30,21.5,62,927,1122,1122,62,927,6.58
2008,2,6,20,30,21.900000000000002,60,857,1110,1110,60,857,5.61
2008,2,6,21,30,21.5,52,712,1084,1084,52,712,5.17
2008,2,6,22,30,19.700000000000003,45,507,1026,1026,45,507,5.55
2008,2,6,23,30,15.3,35,263,896,896,35,263,10.870000000000001
2008,2,7,0,30,11.4,14,30,452,452,14,30,19.26
2008,2,7,1,30,10.100000000000001,0,0,0,0,0,0,20.240000000000002
2008,2,7,2,30,9,0,0,0,0,0,0,22.38
2008,2,7,3,30,7.800000000000001,0,0,0,0,0,0,26.45
2008,2,7,4,30,6.6000000000000005,0,0,0,0,0,0,31.32
2008,2,7,5,30,5.4,0,0,0,0,0,0,36.160000000000004
2008,2,7,6,30,4.7,0,0,0,0,0,0,39.550000000000004
2008,2,7,7,30,4.2,0,0,0,0,0,0,41.89
2008,2,7,8,30,3.5,0,0,0,0,0,0,43.6
2008,2,7,9,30,2.7,0,0,0,0,0,0,44.29
2008,2,7,10,30,2,0,0,0,0,0,0,43.230000000000004
2008,2,7,11,30,1.6,0,0,0,0,0,0,40.35
2008,2,7,12,30,1.7000000000000002,0,0,0,0,0,0,36.47
2008,2,7,13,30,4.800000000000001,0,0,0,0,0,0,28.3
2008,2,7,14,30,9.9,35,211,838,23,124,129,21.580000000000002
2008,2,7,15,30,14.200000000000001,48,454,984,984,48,454,12.030000000000001
2008,2,7,16,30,17.3,56,668,1054,1054,56,668,7.04
2008,2,7,17,30,19,61,825,1089,1089,61,825,6.08
2008,2,7,18,30,20.3,60,911,1107,1107,60,911,5.61
2008,2,7,19,30,21,59,919,1110,1110,59,919,5.3500000000000005
2008,2,7,20,30,21.200000000000003,57,849,1098,1098,57,849,5.22
2008,2,7,21,30,20.6,53,707,1068,416,335,590,5.34
2008,2,7,22,30,18.900000000000002,47,505,1008,1008,47,505,5.92
2008,2,7,23,30,14.4,37,267,892,892,37,267,13.25
2008,2,8,0,30,9.9,15,32,444,2,18,18,23.8
2008,2,8,1,30,8,0,0,0,0,0,0,23.06
2008,2,8,2,30,6.800000000000001,0,0,0,0,0,0,23.68
2008,2,8,3,30,6.4,0,0,0,0,0,0,24.78
2008,2,8,4,30,6.300000000000001,0,0,0,0,0,0,27.44
2008,2,8,5,30,6.4,0,0,0,0,0,0,29.6
2008,2,8,6,30,6.7,0,0,0,0,0,0,28.7
2008,2,8,7,30,6.6000000000000005,0,0,0,0,0,0,27.13
2008,2,8,8,30,6.4,0,0,0,0,0,0,25.39
2008,2,8,9,30,6.300000000000001,0,0,0,0,0,0,23.27
2008,2,8,10,30,6.6000000000000005,0,0,0,0,0,0,21.900000000000002
2008,2,8,11,30,6.9,0,0,0,0,0,0,20.85
2008,2,8,12,30,7.1000000000000005,0,0,0,0,0,0,19.98
2008,2,8,13,30,8.3,0,0,0,0,0,0,17.900000000000002
2008,2,8,14,30,11.4,37,210,815,22,126,131,18.79
2008,2,8,15,30,15.9,50,457,981,539,164,388,9.91
2008,2,8,16,30,19.5,56,671,1054,424,313,561,6.72
2008,2,8,17,30,21.200000000000003,59,828,1091,1091,59,828,6.47
2008,2,8,18,30,22.3,62,915,1105,1105,62,915,6.5200000000000005
2008,2,8,19,30,22.8,62,915,1096,1096,62,915,6.72
2008,2,8,20,30,22.900000000000002,61,846,1084,1084,61,846,7.04
2008,2,8,21,30,22.400000000000002,57,705,1054,579,227,584,7.62
2008,2,8,22,30,20.900000000000002,50,499,983,983,50,499,8.84
2008,2,8,23,30,16.900000000000002,39,260,848,599,90,246,15.97
2008,2,9,0,30,13,15,31,394,4,20,20,27.990000000000002
2008,2,9,1,30,11.8,0,0,0,0,0,0,28.96
2008,2,9,2,30,11.4,0,0,0,0,0,0,31.240000000000002
2008,2,9,3,30,10.700000000000001,0,0,0,0,0,0,36.300000000000004
2008,2,9,4,30,9.600000000000001,0,0,0,0,0,0,42.93
2008,2,9,5,30,8.3,0,0,0,0,0,0,48.550000000000004
2008,2,9,6,30,7.300000000000001,0,0,0,0,0,0,51.64
2008,2,9,7,30,6.6000000000000005,0,0,0,0,0,0,53.7
2008,2,9,8,30,6.2,0,0,0,0,0,0,55
2008,2,9,9,30,5.7,0,0,0,0,0,0,56.72
2008,2,9,10,30,5.2,0,0,0,0,0,0,58.14
2008,2,9,11,30,4.800000000000001,0,0,0,0,0,0,58.4
2008,2,9,12,30,4.9,0,0,0,0,0,0,56.13
2008,2,9,13,30,7.800000000000001,0,0,0,0,0,0,45.03
2008,2,9,14,30,12.700000000000001,36,203,779,38,125,133,33.12
2008,2,9,15,30,17.2,48,442,941,941,48,442,22.41
2008,2,9,16,30,20.200000000000003,56,651,1013,1013,56,651,15.38
2008,2,9,17,30,21.6,62,805,1048,1048,62,805,14.34
2008,2,9,18,30,22.400000000000002,64,890,1065,1065,64,890,13.81
2008,2,9,19,30,22.8,63,898,1068,1068,63,898,13.38
2008,2,9,20,30,22.8,61,830,1055,656,304,781,13.120000000000001
2008,2,9,21,30,22.400000000000002,56,691,1026,177,322,432,13.09
2008,2,9,22,30,21.3,50,490,957,201,247,339,13.73
2008,2,9,23,30,19.200000000000003,41,255,816,620,83,246,17.43
2008,2,10,0,30,16.6,16,32,364,0,14,14,25.52
2008,2,10,1,30,14.5,0,0,0,0,0,0,29.830000000000002
2008,2,10,2,30,13.100000000000001,0,0,0,0,0,0,31.18
2008,2,10,3,30,12,0,0,0,0,0,0,29.71
2008,2,10,4,30,10.9,0,0,0,0,0,0,28.53
2008,2,10,5,30,9.600000000000001,0,0,0,0,0,0,30.16
2008,2,10,6,30,8.3,0,0,0,0,0,0,35.09
2008,2,10,7,30,7.4,0,0,0,0,0,0,42.7
2008,2,10,8,30,6.9,0,0,0,0,0,0,52.38
2008,2,10,9,30,6.800000000000001,0,0,0,0,0,0,62.410000000000004
2008,2,10,10,30,6.800000000000001,0,0,0,0,0,0,71.57000000000001
2008,2,10,11,30,6.800000000000001,0,0,0,0,0,0,78.98
2008,2,10,12,30,6.9,0,0,0,0,0,0,83.07000000000001
2008,2,10,13,30,8,0,0,0,0,0,0,78.67
2008,2,10,14,30,10.600000000000001,53,191,637,115,119,144,66.12
2008,2,10,15,30,14.4,74,429,842,109,206,252,46.57
2008,2,10,16,30,17.8,85,636,934,100,303,362,28.64
2008,2,10,17,30,19.3,97,785,967,128,373,464,25.18
2008,2,10,18,30,19.1,93,870,998,0,89,89,26.89
2008,2,10,19,30,18,105,872,977,256,402,603,30.95
2008,2,10,20,30,17,108,802,948,948,108,802,36.01
2008,2,10,21,30,16.1,90,667,927,244,368,520,40.7
2008,2,10,22,30,14.4,89,465,813,1,90,90,48.01
2008,2,10,23,30,11.3,79,228,563,0,38,38,64.4
2008,2,11,0,30,7.800000000000001,21,24,68,0,17,17,84.82000000000001
2008,2,11,1,30,5.800000000000001,0,0,0,0,0,0,89.18
2008,2,11,2,30,5.5,0,0,0,0,0,0,85.02
2008,2,11,3,30,5.6000000000000005,0,0,0,0,0,0,87.22
2008,2,11,4,30,5.4,0,0,0,0,0,0,89.61
2008,2,11,5,30,4.9,0,0,0,0,0,0,92.58
2008,2,11,6,30,4.7,0,0,0,0,0,0,93.16
2008,2,11,7,30,4.3,0,0,0,0,0,0,95.41
2008,2,11,8,30,3.6,0,0,0,0,0,0,99.37
2008,2,11,9,30,3.2,0,0,0,0,0,0,100
2008,2,11,10,30,3,0,0,0,0,0,0,100
2008,2,11,11,30,3,0,0,0,0,0,0,100
2008,2,11,12,30,3.5,0,0,0,0,0,0,99.33
2008,2,11,13,30,6.4,0,0,0,0,0,0,81.19
2008,2,11,14,30,11,46,201,702,702,46,201,61.35
2008,2,11,15,30,15.5,64,441,889,889,64,441,45.69
2008,2,11,16,30,18.5,76,649,966,966,76,649,30
2008,2,11,17,30,19.700000000000003,86,802,1002,1002,86,802,25.88
2008,2,11,18,30,20.400000000000002,87,888,1024,1024,87,888,23.8
2008,2,11,19,30,20.8,88,897,1026,1026,88,897,22.5
2008,2,11,20,30,20.900000000000002,83,830,1016,1016,83,830,21.740000000000002
2008,2,11,21,30,20.5,74,691,988,988,74,691,21.92
2008,2,11,22,30,19.3,63,494,924,924,63,494,23.37
2008,2,11,23,30,16.1,49,258,778,778,49,258,29.16
2008,2,12,0,30,12.8,18,34,325,325,18,34,43.27
2008,2,12,1,30,11.700000000000001,0,0,0,0,0,0,46.14
2008,2,12,2,30,10.9,0,0,0,0,0,0,47.81
2008,2,12,3,30,10,0,0,0,0,0,0,49.68
2008,2,12,4,30,9.1,0,0,0,0,0,0,52.31
2008,2,12,5,30,8.1,0,0,0,0,0,0,56.120000000000005
2008,2,12,6,30,7,0,0,0,0,0,0,61.24
2008,2,12,7,30,5.9,0,0,0,0,0,0,66.32000000000001
2008,2,12,8,30,5.1000000000000005,0,0,0,0,0,0,67.42
2008,2,12,9,30,4.5,0,0,0,0,0,0,64.21000000000001
2008,2,12,10,30,4,0,0,0,0,0,0,61.13
2008,2,12,11,30,3.6,0,0,0,0,0,0,60.09
2008,2,12,12,30,3.8000000000000003,0,0,0,0,0,0,58.370000000000005
2008,2,12,13,30,6.300000000000001,0,0,0,0,0,0,49.78
2008,2,12,14,30,9.9,40,214,780,21,104,108,39.78
2008,2,12,15,30,13.8,53,459,950,68,215,244,29.14
2008,2,12,16,30,17.2,59,670,1025,88,302,355,16.6
2008,2,12,17,30,19,64,826,1061,207,380,529,13.5
2008,2,12,18,30,20.1,66,912,1077,192,498,649,12.44
2008,2,12,19,30,20.8,66,921,1079,1079,66,921,11.78
2008,2,12,20,30,21,63,852,1068,1068,63,852,11.42
2008,2,12,21,30,20.700000000000003,59,711,1037,1037,59,711,11.34
2008,2,12,22,30,19.5,51,510,978,634,197,495,11.950000000000001
2008,2,12,23,30,15.8,40,270,848,397,125,233,17.01
2008,2,13,0,30,12,16,39,435,435,16,39,31.95
2008,2,13,1,30,10.200000000000001,0,0,0,0,0,0,33.49
2008,2,13,2,30,8.9,0,0,0,0,0,0,36.42
2008,2,13,3,30,7.800000000000001,0,0,0,0,0,0,39.85
2008,2,13,4,30,7.300000000000001,0,0,0,0,0,0,41.18
2008,2,13,5,30,7.300000000000001,0,0,0,0,0,0,39.87
2008,2,13,6,30,7.4,0,0,0,0,0,0,37.86
2008,2,13,7,30,7.1000000000000005,0,0,0,0,0,0,38.58
2008,2,13,8,30,6.300000000000001,0,0,0,0,0,0,40.230000000000004
2008,2,13,9,30,5.4,0,0,0,0,0,0,42.11
2008,2,13,10,30,4.4,0,0,0,0,0,0,44.800000000000004
2008,2,13,11,30,3.2,0,0,0,0,0,0,48.65
2008,2,13,12,30,2.6,0,0,0,0,0,0,50.83
2008,2,13,13,30,4.9,0,0,0,0,0,0,45.26
2008,2,13,14,30,9.700000000000001,40,216,781,189,122,164,34.54
2008,2,13,15,30,14.3,54,461,945,945,54,461,27.240000000000002
2008,2,13,16,30,17.5,63,673,1017,1017,63,673,22.1
2008,2,13,17,30,19.3,69,829,1053,1053,69,829,19.16
2008,2,13,18,30,20.5,75,915,1066,1066,75,915,17.06
2008,2,13,19,30,21.3,75,924,1068,1068,75,924,15.290000000000001
2008,2,13,20,30,21.6,72,855,1056,1056,72,855,13.98
2008,2,13,21,30,21.3,66,714,1026,722,251,707,13.24
2008,2,13,22,30,20.200000000000003,56,513,969,969,56,513,13.4
2008,2,13,23,30,16.400000000000002,43,273,839,839,43,273,17.59
2008,2,14,0,30,12.200000000000001,17,41,442,442,17,41,31.92
2008,2,14,1,30,10.4,0,0,0,0,0,0,32.68
2008,2,14,2,30,9.3,0,0,0,0,0,0,32.31
2008,2,14,3,30,8.5,0,0,0,0,0,0,31.52
2008,2,14,4,30,7.5,0,0,0,0,0,0,32.81
2008,2,14,5,30,6.7,0,0,0,0,0,0,35.43
2008,2,14,6,30,6.1000000000000005,0,0,0,0,0,0,39.24
2008,2,14,7,30,5.6000000000000005,0,0,0,0,0,0,43.33
2008,2,14,8,30,5.2,0,0,0,0,0,0,45.04
2008,2,14,9,30,4.800000000000001,0,0,0,0,0,0,45.86
2008,2,14,10,30,4.5,0,0,0,0,0,0,46.03
2008,2,14,11,30,4.5,0,0,0,0,0,0,45.04
2008,2,14,12,30,4.9,0,0,0,0,0,0,43.56
2008,2,14,13,30,7,0,0,0,0,0,0,38.04
2008,2,14,14,30,11.200000000000001,36,220,806,806,36,220,29.48
2008,2,14,15,30,15.5,45,464,966,966,45,464,21.95
2008,2,14,16,30,18.400000000000002,51,675,1035,1035,51,675,15.98
2008,2,14,17,30,20.3,58,827,1061,1061,58,827,12.94
2008,2,14,18,30,21.5,59,912,1077,1077,59,912,11.55
2008,2,14,19,30,22.1,57,920,1080,1080,57,920,10.96
2008,2,14,20,30,22.3,56,848,1062,776,196,774,10.73
2008,2,14,21,30,21.8,53,708,1032,394,274,524,11.07
2008,2,14,22,30,20.200000000000003,50,510,969,271,238,367,12.41
2008,2,14,23,30,17.400000000000002,42,272,833,420,107,224,15.63
2008,2,15,0,30,14.700000000000001,18,41,422,2,23,23,21.89
2008,2,15,1,30,12.9,0,0,0,0,0,0,28.490000000000002
2008,2,15,2,30,11.8,0,0,0,0,0,0,33.26
2008,2,15,3,30,10.5,0,0,0,0,0,0,38.19
2008,2,15,4,30,9.3,0,0,0,0,0,0,43.24
2008,2,15,5,30,8.4,0,0,0,0,0,0,47.13
2008,2,15,6,30,7.2,0,0,0,0,0,0,51.410000000000004
2008,2,15,7,30,5.9,0,0,0,0,0,0,54.68
2008,2,15,8,30,4.9,0,0,0,0,0,0,56.480000000000004
2008,2,15,9,30,4.4,0,0,0,0,0,0,56.160000000000004
2008,2,15,10,30,4.2,0,0,0,0,0,0,54.83
2008,2,15,11,30,4,0,0,0,0,0,0,53.870000000000005
2008,2,15,12,30,4.4,0,0,0,0,0,0,51.24
2008,2,15,13,30,7.1000000000000005,0,0,0,0,0,0,42.02
2008,2,15,14,30,11.9,32,224,828,828,32,224,30.41
2008,2,15,15,30,16.5,42,469,979,979,42,469,20.51
2008,2,15,16,30,19.900000000000002,48,682,1045,1045,48,682,13.69
2008,2,15,17,30,22.1,52,838,1079,1079,52,838,10.870000000000001
2008,2,15,18,30,23.3,55,925,1093,1093,55,925,9.81
2008,2,15,19,30,23.900000000000002,54,933,1096,1096,54,933,9.35
2008,2,15,20,30,23.900000000000002,53,864,1084,1084,53,864,9.36
2008,2,15,21,30,23.1,51,719,1047,1047,51,719,9.92
2008,2,15,22,30,21.5,45,518,989,989,45,518,11.200000000000001
2008,2,15,23,30,17.7,36,278,864,864,36,278,15.15
2008,2,16,0,30,13.5,16,43,473,473,16,43,24.78
2008,2,16,1,30,11.5,0,0,0,0,0,0,30.13
2008,2,16,2,30,10.600000000000001,0,0,0,0,0,0,31.53
2008,2,16,3,30,9.700000000000001,0,0,0,0,0,0,33.15
2008,2,16,4,30,8.9,0,0,0,0,0,0,35.62
2008,2,16,5,30,8.1,0,0,0,0,0,0,38.730000000000004
2008,2,16,6,30,7.5,0,0,0,0,0,0,40.6
2008,2,16,7,30,7,0,0,0,0,0,0,41.45
2008,2,16,8,30,6.6000000000000005,0,0,0,0,0,0,42.61
2008,2,16,9,30,6.2,0,0,0,0,0,0,43.49
2008,2,16,10,30,6,0,0,0,0,0,0,43.86
2008,2,16,11,30,5.9,0,0,0,0,0,0,43.46
2008,2,16,12,30,6.1000000000000005,0,0,0,0,0,0,42.97
2008,2,16,13,30,8.3,0,0,0,0,0,0,37.42
2008,2,16,14,30,12.5,32,223,815,815,32,223,29.43
2008,2,16,15,30,16.6,42,467,966,966,42,467,23.29
2008,2,16,16,30,19.400000000000002,48,678,1033,1033,48,678,20.650000000000002
2008,2,16,17,30,21.3,52,837,1073,1073,52,837,18.77
2008,2,16,18,30,22.6,55,924,1087,1087,55,924,16.69
2008,2,16,19,30,23.1,56,939,1096,1096,56,939,15.040000000000001
2008,2,16,20,30,23.1,54,870,1084,1084,54,870,13.84
2008,2,16,21,30,22.400000000000002,51,733,1065,1065,51,733,13.27
2008,2,16,22,30,20.900000000000002,45,530,1009,1009,45,530,13.8
2008,2,16,23,30,17.400000000000002,37,287,885,885,37,287,16.92
2008,2,17,0,30,13.3,17,47,496,496,17,47,24.97
2008,2,17,1,30,10.8,0,0,0,0,0,0,31.79
2008,2,17,2,30,9.200000000000001,0,0,0,0,0,0,36.82
2008,2,17,3,30,7.9,0,0,0,0,0,0,41.39
2008,2,17,4,30,6.800000000000001,0,0,0,0,0,0,45.76
2008,2,17,5,30,5.800000000000001,0,0,0,0,0,0,50.79
2008,2,17,6,30,4.9,0,0,0,0,0,0,56.24
2008,2,17,7,30,4.2,0,0,0,0,0,0,60.99
2008,2,17,8,30,3.7,0,0,0,0,0,0,61.36
2008,2,17,9,30,3.3000000000000003,0,0,0,0,0,0,55.9
2008,2,17,10,30,2.9000000000000004,0,0,0,0,0,0,48.08
2008,2,17,11,30,2.6,0,0,0,0,0,0,41.47
2008,2,17,12,30,2.9000000000000004,0,0,0,0,0,0,35.910000000000004
2008,2,17,13,30,6.2,0,0,0,0,0,0,27.12
2008,2,17,14,30,11.5,34,241,874,874,34,241,17.91
2008,2,17,15,30,16.400000000000002,44,495,1018,1018,44,495,12.72
2008,2,17,16,30,20.200000000000003,50,714,1082,1082,50,714,6.88
2008,2,17,17,30,22.3,52,873,1115,1115,52,873,5.39
2008,2,17,18,30,23.8,58,963,1127,1127,58,963,4.82
2008,2,17,19,30,24.700000000000003,56,959,1115,1115,56,959,4.62
2008,2,17,20,30,24.8,56,890,1103,1103,56,890,4.7
2008,2,17,21,30,24.1,54,746,1074,1074,54,746,4.95
2008,2,17,22,30,22.400000000000002,48,541,1018,1018,48,541,5.68
2008,2,17,23,30,18.5,37,293,902,902,37,293,14.450000000000001
2008,2,18,0,30,14.700000000000001,17,50,527,527,17,50,22.77
2008,2,18,1,30,12.700000000000001,0,0,0,0,0,0,21.63
2008,2,18,2,30,11.100000000000001,0,0,0,0,0,0,23.16
2008,2,18,3,30,10.200000000000001,0,0,0,0,0,0,23.07
2008,2,18,4,30,9.700000000000001,0,0,0,0,0,0,21.57
2008,2,18,5,30,9.4,0,0,0,0,0,0,20.45
2008,2,18,6,30,9,0,0,0,0,0,0,19.53
2008,2,18,7,30,8.4,0,0,0,0,0,0,19.98
2008,2,18,8,30,7.7,0,0,0,0,0,0,20.830000000000002
2008,2,18,9,30,7.4,0,0,0,0,0,0,21.36
2008,2,18,10,30,7.2,0,0,0,0,0,0,21.13
2008,2,18,11,30,6.9,0,0,0,0,0,0,20.68
2008,2,18,12,30,6.5,0,0,0,0,0,0,20.93
2008,2,18,13,30,7.800000000000001,0,0,0,0,0,0,20.03
2008,2,18,14,30,11.4,36,241,854,854,36,241,18.580000000000002
2008,2,18,15,30,15.9,47,493,1000,1000,47,493,10.96
2008,2,18,16,30,19.5,53,709,1064,1064,53,709,8.46
2008,2,18,17,30,22,55,868,1098,1098,55,868,7.37
2008,2,18,18,30,23.700000000000003,61,957,1111,1111,61,957,6.73
2008,2,18,19,30,24.8,60,965,1112,1112,60,965,6.38
2008,2,18,20,30,25.1,59,886,1090,1090,59,886,6.34
2008,2,18,21,30,24.8,52,742,1064,1064,52,742,6.5200000000000005
2008,2,18,22,30,23.400000000000002,47,538,1009,1009,47,538,7.21
2008,2,18,23,30,19.200000000000003,38,293,889,889,38,293,14.1
2008,2,19,0,30,14.8,18,51,512,512,18,51,25.71
2008,2,19,1,30,12.700000000000001,0,0,0,0,0,0,25.7
2008,2,19,2,30,11.100000000000001,0,0,0,0,0,0,27.39
2008,2,19,3,30,9.700000000000001,0,0,0,0,0,0,29.810000000000002
2008,2,19,4,30,8.6,0,0,0,0,0,0,32.05
2008,2,19,5,30,7.7,0,0,0,0,0,0,33.730000000000004
2008,2,19,6,30,6.7,0,0,0,0,0,0,35.76
2008,2,19,7,30,5.6000000000000005,0,0,0,0,0,0,38.24
2008,2,19,8,30,4.7,0,0,0,0,0,0,40.6
2008,2,19,9,30,3.9000000000000004,0,0,0,0,0,0,42.99
2008,2,19,10,30,3.3000000000000003,0,0,0,0,0,0,45.06
2008,2,19,11,30,2.9000000000000004,0,0,0,0,0,0,46.81
2008,2,19,12,30,3.2,0,0,0,0,0,0,46.59
2008,2,19,13,30,6.6000000000000005,10,17,338,338,10,17,38.21
2008,2,19,14,30,12,34,241,848,848,34,241,27.04
2008,2,19,15,30,17,44,486,982,982,44,486,17.88
2008,2,19,16,30,20.8,52,700,1046,1046,52,700,9.69
2008,2,19,17,30,22.900000000000002,54,856,1080,1080,54,856,8.71
2008,2,19,18,30,24.400000000000002,59,944,1093,1093,59,944,8.41
2008,2,19,19,30,25.200000000000003,61,954,1093,1093,61,954,8.36
2008,2,19,20,30,25.3,62,885,1079,1079,62,885,8.5
2008,2,19,21,30,24.700000000000003,60,742,1048,1048,60,742,8.84
2008,2,19,22,30,23.1,54,538,990,990,54,538,9.73
2008,2,19,23,30,19.1,43,294,866,866,43,294,13.23
2008,2,20,0,30,14.9,20,52,481,15,35,36,22.03
2008,2,20,1,30,12.8,0,0,0,0,0,0,25.11
2008,2,20,2,30,11.200000000000001,0,0,0,0,0,0,27.82
2008,2,20,3,30,9.8,0,0,0,0,0,0,31.01
2008,2,20,4,30,8.6,0,0,0,0,0,0,34.29
2008,2,20,5,30,7.6000000000000005,0,0,0,0,0,0,36.97
2008,2,20,6,30,6.800000000000001,0,0,0,0,0,0,37.24
2008,2,20,7,30,6.4,0,0,0,0,0,0,34.44
2008,2,20,8,30,6.1000000000000005,0,0,0,0,0,0,31.27
2008,2,20,9,30,5.800000000000001,0,0,0,0,0,0,29.75
2008,2,20,10,30,5.4,0,0,0,0,0,0,29.330000000000002
2008,2,20,11,30,5.1000000000000005,0,0,0,0,0,0,29.12
2008,2,20,12,30,5.4,0,0,0,0,0,0,28.04
2008,2,20,13,30,9.1,11,19,352,1,9,9,22.55
2008,2,20,14,30,14.600000000000001,33,244,853,31,145,152,14.620000000000001
2008,2,20,15,30,19,43,494,995,995,43,494,11.38
2008,2,20,16,30,21.900000000000002,51,704,1047,705,248,688,10.15
2008,2,20,17,30,23.5,58,863,1078,685,222,734,9.34
2008,2,20,18,30,24.400000000000002,71,952,1084,543,315,757,8.85
2008,2,20,19,30,24.200000000000003,70,955,1079,847,143,838,8.9
2008,2,20,20,30,23.3,68,884,1067,866,179,842,9.33
2008,2,20,21,30,22.200000000000003,65,741,1035,391,319,575,10.040000000000001
2008,2,20,22,30,21.1,56,538,979,461,203,430,10.99
2008,2,20,23,30,17.7,42,294,862,586,91,262,14.21
2008,2,21,0,30,13.600000000000001,20,54,501,53,39,42,23.28
2008,2,21,1,30,11.700000000000001,0,0,0,0,0,0,27.34
2008,2,21,2,30,10.600000000000001,0,0,0,0,0,0,29.52
2008,2,21,3,30,9.600000000000001,0,0,0,0,0,0,32.44
2008,2,21,4,30,8.700000000000001,0,0,0,0,0,0,35.77
2008,2,21,5,30,8.200000000000001,0,0,0,0,0,0,38.03
2008,2,21,6,30,8.3,0,0,0,0,0,0,37.480000000000004
2008,2,21,7,30,8.3,0,0,0,0,0,0,35.64
2008,2,21,8,30,7.9,0,0,0,0,0,0,34.4
2008,2,21,9,30,7.7,0,0,0,0,0,0,32.96
2008,2,21,10,30,7.9,0,0,0,0,0,0,30.94
2008,2,21,11,30,7.7,0,0,0,0,0,0,30.86
2008,2,21,12,30,7.9,0,0,0,0,0,0,30.560000000000002
2008,2,21,13,30,9.9,12,20,329,0,5,5,26.68
2008,2,21,14,30,13.5,38,244,825,0,10,10,20.6
2008,2,21,15,30,17.3,50,493,969,475,175,392,16.12
2008,2,21,16,30,19.900000000000002,59,707,1034,643,205,609,12.27
2008,2,21,17,30,21.400000000000002,63,864,1067,608,272,728,10.69
2008,2,21,18,30,22.8,63,949,1084,1084,63,949,9.77
2008,2,21,19,30,23.5,64,952,1079,1079,64,952,9.32
2008,2,21,20,30,23.400000000000002,62,883,1067,1067,62,883,9.33
2008,2,21,21,30,22.6,58,740,1038,1038,58,740,9.82
2008,2,21,22,30,21.3,50,537,984,984,50,537,10.59
2008,2,21,23,30,18.1,39,296,873,873,39,296,13.05
2008,2,22,0,30,14.100000000000001,19,55,511,511,19,55,19.32
2008,2,22,1,30,11.700000000000001,0,0,0,0,0,0,25.25
2008,2,22,2,30,10.200000000000001,0,0,0,0,0,0,29.12
2008,2,22,3,30,8.9,0,0,0,0,0,0,33.21
2008,2,22,4,30,7.7,0,0,0,0,0,0,37.6
2008,2,22,5,30,6.6000000000000005,0,0,0,0,0,0,42.14
2008,2,22,6,30,5.6000000000000005,0,0,0,0,0,0,46.32
2008,2,22,7,30,4.7,0,0,0,0,0,0,49.410000000000004
2008,2,22,8,30,3.8000000000000003,0,0,0,0,0,0,51.7
2008,2,22,9,30,3.1,0,0,0,0,0,0,52.21
2008,2,22,10,30,2.5,0,0,0,0,0,0,51.01
2008,2,22,11,30,2.2,0,0,0,0,0,0,48.24
2008,2,22,12,30,2.7,0,0,0,0,0,0,43.050000000000004
2008,2,22,13,30,5.9,12,23,372,372,12,23,34.42
2008,2,22,14,30,11,37,256,863,863,37,256,22.66
2008,2,22,15,30,15.5,48,509,1003,1003,48,509,12.83
2008,2,22,16,30,18.8,55,727,1066,1066,55,727,7.47
2008,2,22,17,30,21,59,887,1097,1097,59,887,6.3500000000000005
2008,2,22,18,30,22.700000000000003,67,976,1107,1107,67,976,5.98
2008,2,22,19,30,23.8,66,975,1098,1098,66,975,5.93
2008,2,22,20,30,24.3,63,903,1088,1088,63,903,6.05
2008,2,22,21,30,24.1,57,758,1062,1062,57,758,6.36
2008,2,22,22,30,22.900000000000002,50,552,1008,1008,50,552,7.0200000000000005
2008,2,22,23,30,19,40,305,890,890,40,305,11.68
2008,2,23,0,30,14.700000000000001,20,59,531,531,20,59,24.63
2008,2,23,1,30,12.600000000000001,0,0,0,0,0,0,25.04
2008,2,23,2,30,11,0,0,0,0,0,0,26.37
2008,2,23,3,30,9.3,0,0,0,0,0,0,28.19
2008,2,23,4,30,7.9,0,0,0,0,0,0,30.150000000000002
2008,2,23,5,30,6.9,0,0,0,0,0,0,31.51
2008,2,23,6,30,6.2,0,0,0,0,0,0,32.28
2008,2,23,7,30,5.6000000000000005,0,0,0,0,0,0,32.67
2008,2,23,8,30,5.1000000000000005,0,0,0,0,0,0,32.71
2008,2,23,9,30,4.7,0,0,0,0,0,0,32.660000000000004
2008,2,23,10,30,4.4,0,0,0,0,0,0,32.65
2008,2,23,11,30,4.3,0,0,0,0,0,0,32.25
2008,2,23,12,30,4.800000000000001,0,0,0,0,0,0,30.490000000000002
2008,2,23,13,30,8.4,13,24,371,371,13,24,25.400000000000002
2008,2,23,14,30,13.9,38,256,852,852,38,256,17.25
2008,2,23,15,30,18.900000000000002,48,504,982,982,48,504,11.07
2008,2,23,16,30,22.8,54,718,1047,1047,54,718,7.640000000000001
2008,2,23,17,30,24.900000000000002,59,876,1078,1078,59,876,7.38
2008,2,23,18,30,26.3,61,962,1093,1093,61,962,7.58
2008,2,23,19,30,27.1,61,964,1087,1087,61,964,7.82
2008,2,23,20,30,27.200000000000003,59,893,1075,1075,59,893,8.05
2008,2,23,21,30,26.8,56,750,1047,1047,56,750,8.3
2008,2,23,22,30,25.400000000000002,50,546,991,991,50,546,8.96
2008,2,23,23,30,21.5,41,302,870,870,41,302,14.19
2008,2,24,0,30,17.900000000000002,20,58,500,500,20,58,25.11
2008,2,24,1,30,16.6,0,0,0,0,0,0,23.580000000000002
2008,2,24,2,30,15.200000000000001,0,0,0,0,0,0,24.78
2008,2,24,3,30,13.100000000000001,0,0,0,0,0,0,28.18
2008,2,24,4,30,11.3,0,0,0,0,0,0,31.42
2008,2,24,5,30,10.3,0,0,0,0,0,0,32.46
2008,2,24,6,30,9.5,0,0,0,0,0,0,32.730000000000004
2008,2,24,7,30,8.700000000000001,0,0,0,0,0,0,32.81
2008,2,24,8,30,7.9,0,0,0,0,0,0,33.15
2008,2,24,9,30,7.2,0,0,0,0,0,0,33.43
2008,2,24,10,30,6.5,0,0,0,0,0,0,34.160000000000004
2008,2,24,11,30,5.9,0,0,0,0,0,0,35.07
2008,2,24,12,30,6.1000000000000005,0,0,0,0,0,0,34.34
2008,2,24,13,30,9.4,14,25,338,338,14,25,28.57
2008,2,24,14,30,14.4,41,255,821,821,41,255,18.830000000000002
2008,2,24,15,30,18.8,54,505,965,965,54,505,14.11
2008,2,24,16,30,22.200000000000003,61,719,1031,1031,61,719,11.46
2008,2,24,17,30,24.3,66,876,1064,1064,66,876,10.26
2008,2,24,18,30,25.6,72,962,1075,1075,72,962,9.63
2008,2,24,19,30,26.400000000000002,72,970,1076,1076,72,970,9.24
2008,2,24,20,30,26.5,70,899,1064,1064,70,899,9.14
2008,2,24,21,30,26.1,65,755,1036,1036,65,755,9.18
2008,2,24,22,30,24.8,58,550,978,978,58,550,9.65
2008,2,24,23,30,20.900000000000002,46,304,855,855,46,304,13.67
2008,2,25,0,30,16.3,22,60,489,489,22,60,26.26
2008,2,25,1,30,14.200000000000001,0,0,0,0,0,0,25.11
2008,2,25,2,30,12.700000000000001,0,0,0,0,0,0,25.04
2008,2,25,3,30,11.3,0,0,0,0,0,0,26.27
2008,2,25,4,30,10.100000000000001,0,0,0,0,0,0,28.07
2008,2,25,5,30,9.3,0,0,0,0,0,0,31.66
2008,2,25,6,30,8.6,0,0,0,0,0,0,42.980000000000004
2008,2,25,7,30,8,0,0,0,0,0,0,64.25
2008,2,25,8,30,7.300000000000001,0,0,0,0,0,0,82.3
2008,2,25,9,30,6.800000000000001,0,0,0,0,0,0,91.26
2008,2,25,10,30,6.6000000000000005,0,0,0,0,0,0,92.9
2008,2,25,11,30,6.5,0,0,0,0,0,0,90.47
2008,2,25,12,30,7.1000000000000005,0,0,0,0,0,0,81.85000000000001
2008,2,25,13,30,10.700000000000001,15,26,289,289,15,26,59.75
2008,2,25,14,30,16,46,252,779,779,46,252,40.01
2008,2,25,15,30,20.900000000000002,61,502,937,937,61,502,27.2
2008,2,25,16,30,24.5,69,715,1007,1007,69,715,15.780000000000001
2008,2,25,17,30,26.200000000000003,74,872,1043,1043,74,872,12.71
2008,2,25,18,30,27.200000000000003,76,957,1059,1059,76,957,11.15
2008,2,25,19,30,27.700000000000003,76,969,1067,1067,76,969,10.15
2008,2,25,20,30,27.6,74,898,1054,1054,74,898,9.53
2008,2,25,21,30,27,66,754,1030,1030,66,754,9.200000000000001
2008,2,25,22,30,25.700000000000003,58,550,972,972,58,550,9.23
2008,2,25,23,30,21.900000000000002,46,305,849,849,46,305,12.52
2008,2,26,0,30,17.8,23,61,483,71,44,49,24.75
2008,2,26,1,30,15.700000000000001,0,0,0,0,0,0,25.67
2008,2,26,2,30,14.200000000000001,0,0,0,0,0,0,27.84
2008,2,26,3,30,13.5,0,0,0,0,0,0,29.86
2008,2,26,4,30,12.9,0,0,0,0,0,0,35.67
2008,2,26,5,30,11.8,0,0,0,0,0,0,42.2
2008,2,26,6,30,10.600000000000001,0,0,0,0,0,0,45.17
2008,2,26,7,30,9.5,0,0,0,0,0,0,46.730000000000004
2008,2,26,8,30,8.700000000000001,0,0,0,0,0,0,47.18
2008,2,26,9,30,8.1,0,0,0,0,0,0,46.61
2008,2,26,10,30,7.6000000000000005,0,0,0,0,0,0,45.68
2008,2,26,11,30,7.2,0,0,0,0,0,0,44.2
2008,2,26,12,30,7.6000000000000005,0,0,0,0,0,0,39.96
2008,2,26,13,30,10.100000000000001,15,30,393,393,15,30,31.27
2008,2,26,14,30,14.200000000000001,40,268,854,854,40,268,21.54
2008,2,26,15,30,18.1,53,522,989,989,53,522,14.290000000000001
2008,2,26,16,30,21.1,62,739,1049,1049,62,739,10.69
2008,2,26,17,30,23,69,898,1078,1078,69,898,9.11
2008,2,26,18,30,24.400000000000002,70,984,1094,1094,70,984,8.120000000000001
2008,2,26,19,30,25.200000000000003,68,984,1089,819,276,965,7.5600000000000005
2008,2,26,20,30,25.200000000000003,65,912,1079,1079,65,912,7.41
2008,2,26,21,30,24.400000000000002,71,766,1035,1035,71,766,7.66
2008,2,26,22,30,22.700000000000003,63,555,967,967,63,555,8.55
2008,2,26,23,30,19.6,51,308,839,244,166,241,11.200000000000001
2008,2,27,0,30,16,25,62,459,59,47,51,17.330000000000002
2008,2,27,1,30,13.4,0,0,0,0,0,0,22.5
2008,2,27,2,30,11.3,0,0,0,0,0,0,27.94
2008,2,27,3,30,9.5,0,0,0,0,0,0,32.57
2008,2,27,4,30,8.200000000000001,0,0,0,0,0,0,34.65
2008,2,27,5,30,7,0,0,0,0,0,0,36.36
2008,2,27,6,30,6,0,0,0,0,0,0,38.38
2008,2,27,7,30,5.300000000000001,0,0,0,0,0,0,41.01
2008,2,27,8,30,4.7,0,0,0,0,0,0,43.81
2008,2,27,9,30,3.9000000000000004,0,0,0,0,0,0,47.69
2008,2,27,10,30,3,0,0,0,0,0,0,51.1
2008,2,27,11,30,2.3000000000000003,0,0,0,0,0,0,52.61
2008,2,27,12,30,2.3000000000000003,0,0,0,0,0,0,50.800000000000004
2008,2,27,13,30,4.1000000000000005,18,30,285,285,18,30,43.25
2008,2,27,14,30,7.2,51,262,779,779,51,262,33.35
2008,2,27,15,30,10.600000000000001,68,513,931,931,68,513,27.19
2008,2,27,16,30,14,78,729,1003,1003,78,729,23.2
2008,2,27,17,30,16.900000000000002,84,887,1039,1039,84,887,19.7
2008,2,27,18,30,18.8,87,973,1056,1056,87,973,16.96
2008,2,27,19,30,20,86,980,1059,1059,86,980,15.35
2008,2,27,20,30,20.6,83,908,1047,1047,83,908,14.530000000000001
2008,2,27,21,30,20.5,77,763,1016,1016,77,763,14.290000000000001
2008,2,27,22,30,19.6,67,556,956,956,67,556,14.8
2008,2,27,23,30,16.7,53,309,827,827,53,309,17.68
2008,2,28,0,30,13,26,63,448,448,26,63,30.68
2008,2,28,1,30,11,0,0,0,0,0,0,31.85
2008,2,28,2,30,9.9,0,0,0,0,0,0,32.24
2008,2,28,3,30,8.8,0,0,0,0,0,0,34.1
2008,2,28,4,30,7.5,0,0,0,0,0,0,37.39
2008,2,28,5,30,6.4,0,0,0,0,0,0,40.64
2008,2,28,6,30,5.5,0,0,0,0,0,0,43.480000000000004
2008,2,28,7,30,4.800000000000001,0,0,0,0,0,0,45.64
2008,2,28,8,30,4.3,0,0,0,0,0,0,47.12
2008,2,28,9,30,3.9000000000000004,0,0,0,0,0,0,48.59
2008,2,28,10,30,3.7,0,0,0,0,0,0,49.57
2008,2,28,11,30,3.7,0,0,0,0,0,0,49.85
2008,2,28,12,30,4.7,0,0,0,0,0,0,46.82
2008,2,28,13,30,8.3,18,32,299,3,22,22,37.79
2008,2,28,14,30,13.8,51,264,777,435,123,242,26.89
2008,2,28,15,30,18.6,67,515,930,344,226,392,21.48
2008,2,28,16,30,21.6,77,730,1000,648,226,648,17.78
2008,2,28,17,30,23,84,886,1034,766,283,877,15.56
2008,2,28,18,30,23.900000000000002,87,971,1050,1050,87,971,14.1
2008,2,28,19,30,24.1,90,973,1042,871,194,933,13.5
2008,2,28,20,30,23.8,90,900,1024,625,277,771,13.48
2008,2,28,21,30,23.1,87,750,978,762,197,713,14.08
2008,2,28,22,30,21.8,77,545,910,910,77,545,15.59
2008,2,28,23,30,19.200000000000003,61,301,769,4,135,136,19.240000000000002
2008,3,1,0,30,16.8,25,68,488,488,25,68,24.67
2008,3,1,1,30,14.5,0,0,0,0,0,0,24.84
2008,3,1,2,30,12.600000000000001,0,0,0,0,0,0,27.51
2008,3,1,3,30,11.100000000000001,0,0,0,0,0,0,30.22
2008,3,1,4,30,9.8,0,0,0,0,0,0,34.05
2008,3,1,5,30,8.8,0,0,0,0,0,0,37.42
2008,3,1,6,30,8,0,0,0,0,0,0,40.38
2008,3,1,7,30,7.800000000000001,0,0,0,0,0,0,41.730000000000004
2008,3,1,8,30,8,0,0,0,0,0,0,42.49
2008,3,1,9,30,8.4,0,0,0,0,0,0,43
2008,3,1,10,30,8.5,0,0,0,0,0,0,44.550000000000004
2008,3,1,11,30,8.3,0,0,0,0,0,0,47.34
2008,3,1,12,30,8.200000000000001,0,0,0,0,0,0,49.93
2008,3,1,13,30,9.4,20,36,299,299,20,36,48.94
2008,3,1,14,30,12.8,54,268,758,758,54,268,42.07
2008,3,1,15,30,17,71,516,912,912,71,516,34.74
2008,3,1,16,30,20.200000000000003,80,730,984,984,80,730,25.84
2008,3,1,17,30,22.1,87,886,1019,1019,87,886,20.77
2008,3,1,18,30,23.400000000000002,91,970,1035,1035,91,970,17.91
2008,3,1,19,30,24.1,91,973,1032,1032,91,973,16.330000000000002
2008,3,1,20,30,24.400000000000002,88,901,1018,737,295,883,15.32
2008,3,1,21,30,24.3,85,755,981,695,273,748,14.83
2008,3,1,22,30,23.5,77,549,910,20,205,216,15.18
2008,3,1,23,30,21.6,62,303,760,52,159,176,17.41
2008,3,2,0,30,19.8,30,63,366,4,39,40,24.900000000000002
2008,3,2,1,30,18.7,0,0,0,0,0,0,24.75
2008,3,2,2,30,17.2,0,0,0,0,0,0,28.92
2008,3,2,3,30,15.3,0,0,0,0,0,0,35.95
2008,3,2,4,30,14,0,0,0,0,0,0,41.63
2008,3,2,5,30,13.100000000000001,0,0,0,0,0,0,45.07
2008,3,2,6,30,12.3,0,0,0,0,0,0,48.57
2008,3,2,7,30,11.4,0,0,0,0,0,0,52.22
2008,3,2,8,30,10.3,0,0,0,0,0,0,56.11
2008,3,2,9,30,9.1,0,0,0,0,0,0,60.59
2008,3,2,10,30,8.4,0,0,0,0,0,0,63.050000000000004
2008,3,2,11,30,8.1,0,0,0,0,0,0,63.52
2008,3,2,12,30,8.5,0,0,0,0,0,0,59.89
2008,3,2,13,30,10.600000000000001,20,41,386,6,28,28,50
2008,3,2,14,30,14.5,48,287,839,69,153,173,37.08
2008,3,2,15,30,18.3,61,543,978,461,204,431,21.990000000000002
2008,3,2,16,30,20.8,68,761,1043,601,248,647,12.17
2008,3,2,17,30,22.400000000000002,73,919,1076,644,252,759,9.64
2008,3,2,18,30,23.6,79,997,1077,680,259,839,8.55
2008,3,2,19,30,24.1,76,1003,1081,824,277,983,8.24
2008,3,2,20,30,24,74,930,1069,846,200,877,8.42
2008,3,2,21,30,23.1,70,783,1039,798,188,735,9.01
2008,3,2,22,30,21.400000000000002,60,575,987,429,218,442,10.24
2008,3,2,23,30,18.8,47,325,875,226,167,239,12.72
2008,3,3,0,30,15.8,24,73,537,77,40,47,17.400000000000002
2008,3,3,1,30,13.700000000000001,0,0,0,0,0,0,22.82
2008,3,3,2,30,12.3,0,0,0,0,0,0,27.54
2008,3,3,3,30,11.200000000000001,0,0,0,0,0,0,32.660000000000004
2008,3,3,4,30,10.100000000000001,0,0,0,0,0,0,38.35
2008,3,3,5,30,9.1,0,0,0,0,0,0,43.61
2008,3,3,6,30,8.3,0,0,0,0,0,0,47.13
2008,3,3,7,30,7.5,0,0,0,0,0,0,48.58
2008,3,3,8,30,6.800000000000001,0,0,0,0,0,0,49.34
2008,3,3,9,30,6.1000000000000005,0,0,0,0,0,0,49.57
2008,3,3,10,30,5.6000000000000005,0,0,0,0,0,0,47.96
2008,3,3,11,30,5.2,0,0,0,0,0,0,44.79
2008,3,3,12,30,5.4,0,0,0,0,0,0,40.53
2008,3,3,13,30,7.6000000000000005,18,49,514,514,18,49,32.84
2008,3,3,14,30,12.3,41,302,903,903,41,302,22.64
2008,3,3,15,30,16.900000000000002,51,561,1027,1027,51,561,11.94
2008,3,3,16,30,19.700000000000003,57,781,1084,1084,57,781,8.55
2008,3,3,17,30,21.6,61,941,1113,1113,61,941,7.390000000000001
2008,3,3,18,30,23,63,1027,1126,1126,63,1027,6.61
2008,3,3,19,30,23.8,63,1021,1113,1113,63,1021,6.0200000000000005
2008,3,3,20,30,24,62,947,1101,1101,62,947,5.69
2008,3,3,21,30,23.5,57,797,1076,1076,57,797,5.66
2008,3,3,22,30,22.200000000000003,51,587,1024,1024,51,587,6.03
2008,3,3,23,30,18.8,42,335,914,914,42,335,7.73
2008,3,4,0,30,14.200000000000001,23,78,588,588,23,78,14.05
2008,3,4,1,30,11,0,0,0,0,0,0,22.25
2008,3,4,2,30,9.1,0,0,0,0,0,0,29.26
2008,3,4,3,30,7.6000000000000005,0,0,0,0,0,0,32.93
2008,3,4,4,30,5.9,0,0,0,0,0,0,37.67
2008,3,4,5,30,4.2,0,0,0,0,0,0,43.57
2008,3,4,6,30,2.7,0,0,0,0,0,0,47.81
2008,3,4,7,30,1.7000000000000002,0,0,0,0,0,0,49.52
2008,3,4,8,30,1,0,0,0,0,0,0,49.56
2008,3,4,9,30,0.5,0,0,0,0,0,0,48.910000000000004
2008,3,4,10,30,-0.1,0,0,0,0,0,0,48.18
2008,3,4,11,30,-0.5,0,0,0,0,0,0,47.13
2008,3,4,12,30,-0.1,0,0,0,0,0,0,43.84
2008,3,4,13,30,2.3000000000000003,19,50,500,500,19,50,36.75
2008,3,4,14,30,6.2,41,301,889,581,93,263,26.73
2008,3,4,15,30,11.5,50,557,1013,1013,50,557,19.93
2008,3,4,16,30,17.2,56,767,1059,737,260,755,13.450000000000001
2008,3,4,17,30,21.1,59,924,1090,1090,59,924,9.02
2008,3,4,18,30,22.8,62,1002,1093,1093,62,1002,7.890000000000001
2008,3,4,19,30,23.5,60,1007,1096,1096,60,1007,7.5600000000000005
2008,3,4,20,30,23.400000000000002,59,933,1084,1084,59,933,7.7
2008,3,4,21,30,22.6,61,788,1051,1051,61,788,8.17
2008,3,4,22,30,21.3,53,579,1001,1001,53,579,8.99
2008,3,4,23,30,18.5,42,330,893,893,42,330,10.870000000000001
2008,3,5,0,30,14.700000000000001,22,77,580,14,50,51,15.14
2008,3,5,1,30,12,0,0,0,0,0,0,20.05
2008,3,5,2,30,10.4,0,0,0,0,0,0,22.85
2008,3,5,3,30,9,0,0,0,0,0,0,25.54
2008,3,5,4,30,7.9,0,0,0,0,0,0,28.05
2008,3,5,5,30,7,0,0,0,0,0,0,30.6
2008,3,5,6,30,6.300000000000001,0,0,0,0,0,0,32.88
2008,3,5,7,30,5.7,0,0,0,0,0,0,34.160000000000004
2008,3,5,8,30,5.2,0,0,0,0,0,0,34.25
2008,3,5,9,30,4.7,0,0,0,0,0,0,34.06
2008,3,5,10,30,4.2,0,0,0,0,0,0,33.87
2008,3,5,11,30,3.7,0,0,0,0,0,0,34.02
2008,3,5,12,30,4.3,0,0,0,0,0,0,31.92
2008,3,5,13,30,7.800000000000001,19,55,542,542,19,55,24.84
2008,3,5,14,30,12.9,40,305,895,895,40,305,17.03
2008,3,5,15,30,16.6,50,561,1015,1015,50,561,10.14
2008,3,5,16,30,18.900000000000002,55,779,1072,1072,55,779,8.07
2008,3,5,17,30,20.8,59,937,1101,1101,59,937,7.13
2008,3,5,18,30,22.200000000000003,64,1023,1112,1112,64,1023,6.49
2008,3,5,19,30,22.900000000000002,64,1029,1113,1113,64,1029,6.19
2008,3,5,20,30,23,62,954,1102,1102,62,954,6.25
2008,3,5,21,30,22.200000000000003,57,804,1076,1076,57,804,6.73
2008,3,5,22,30,20.700000000000003,51,593,1025,1025,51,593,7.71
2008,3,5,23,30,17.8,42,335,903,903,42,335,9.99
2008,3,6,0,30,13.8,23,80,591,591,23,80,15.19
2008,3,6,1,30,11.100000000000001,0,0,0,0,0,0,21.490000000000002
2008,3,6,2,30,9.5,0,0,0,0,0,0,25.59
2008,3,6,3,30,8.200000000000001,0,0,0,0,0,0,29.27
2008,3,6,4,30,7.2,0,0,0,0,0,0,32.19
2008,3,6,5,30,6.300000000000001,0,0,0,0,0,0,35.07
2008,3,6,6,30,5.7,0,0,0,0,0,0,37
2008,3,6,7,30,5.1000000000000005,0,0,0,0,0,0,38.42
2008,3,6,8,30,4.6000000000000005,0,0,0,0,0,0,39.32
2008,3,6,9,30,4.1000000000000005,0,0,0,0,0,0,40.08
2008,3,6,10,30,3.8000000000000003,0,0,0,0,0,0,40.17
2008,3,6,11,30,3.5,0,0,0,0,0,0,40.09
2008,3,6,12,30,3.9000000000000004,0,0,0,0,0,0,37.97
2008,3,6,13,30,6.5,20,57,514,514,20,57,30.85
2008,3,6,14,30,11.3,43,310,889,889,43,310,21.5
2008,3,6,15,30,15.4,54,567,1010,1010,54,567,15.02
2008,3,6,16,30,17.7,61,785,1066,1066,61,785,12.46
2008,3,6,17,30,19.200000000000003,66,944,1096,1096,66,944,10.540000000000001
2008,3,6,18,30,20.1,66,1028,1111,1111,66,1028,9.28
2008,3,6,19,30,20.400000000000002,67,1033,1110,1110,67,1033,8.620000000000001
2008,3,6,20,30,20.1,68,958,1096,1096,68,958,8.540000000000001
2008,3,6,21,30,19.3,65,809,1067,1067,65,809,8.89
2008,3,6,22,30,17.900000000000002,57,596,1016,1016,57,596,9.57
2008,3,6,23,30,15.4,46,342,906,906,46,342,11.040000000000001
2008,3,7,0,30,12.200000000000001,26,84,596,596,26,84,14.08
2008,3,7,1,30,9.4,0,0,0,0,0,0,18.77
2008,3,7,2,30,7.300000000000001,0,0,0,0,0,0,23.87
2008,3,7,3,30,5.800000000000001,0,0,0,0,0,0,28.09
2008,3,7,4,30,4.6000000000000005,0,0,0,0,0,0,31.55
2008,3,7,5,30,3.4000000000000004,0,0,0,0,0,0,34.79
2008,3,7,6,30,2.3000000000000003,0,0,0,0,0,0,37.9
2008,3,7,7,30,1.4000000000000001,0,0,0,0,0,0,40.5
2008,3,7,8,30,0.7000000000000001,0,0,0,0,0,0,42.92
2008,3,7,9,30,0.1,0,0,0,0,0,0,44.730000000000004
2008,3,7,10,30,-0.6000000000000001,0,0,0,0,0,0,46.660000000000004
2008,3,7,11,30,-1.2000000000000002,0,0,0,0,0,0,48.04
2008,3,7,12,30,-0.8,0,0,0,0,0,0,46.03
2008,3,7,13,30,2.2,23,59,484,484,23,59,38.58
2008,3,7,14,30,6.1000000000000005,50,316,879,879,50,316,31.27
2008,3,7,15,30,9.5,64,577,1004,1004,64,577,24.07
2008,3,7,16,30,12.5,72,799,1064,1064,72,799,17.5
2008,3,7,17,30,15.100000000000001,79,958,1093,1093,79,958,12.66
2008,3,7,18,30,16.900000000000002,80,1045,1108,1108,80,1045,9.28
2008,3,7,19,30,17.5,81,1049,1108,1108,81,1049,8.17
2008,3,7,20,30,17.3,79,960,1081,1081,79,960,8.14
2008,3,7,21,30,16.400000000000002,74,809,1051,1051,74,809,8.67
2008,3,7,22,30,14.8,65,596,996,996,65,596,9.47
2008,3,7,23,30,12.100000000000001,52,347,898,898,52,347,10.94
2008,3,8,0,30,8.4,27,85,576,10,55,56,15.17
2008,3,8,1,30,5.7,0,0,0,0,0,0,21.03
2008,3,8,2,30,4.3,0,0,0,0,0,0,23.39
2008,3,8,3,30,2.8000000000000003,0,0,0,0,0,0,26.59
2008,3,8,4,30,1.1,0,0,0,0,0,0,30.76
2008,3,8,5,30,-0.2,0,0,0,0,0,0,34.71
2008,3,8,6,30,-1.1,0,0,0,0,0,0,37.1
2008,3,8,7,30,-1.8,0,0,0,0,0,0,38.7
2008,3,8,8,30,-2.3000000000000003,0,0,0,0,0,0,39.78
2008,3,8,9,30,-2.6,0,0,0,0,0,0,40.46
2008,3,8,10,30,-2.7,0,0,0,0,0,0,40.51
2008,3,8,11,30,-3,0,0,0,0,0,0,41.26
2008,3,8,12,30,-2.4000000000000004,0,0,0,0,0,0,40.050000000000004
2008,3,8,13,30,0.6000000000000001,23,63,510,510,23,63,35.08
2008,3,8,14,30,5.1000000000000005,48,321,888,888,48,321,26.900000000000002
2008,3,8,15,30,9,61,583,1012,1012,61,583,18.77
2008,3,8,16,30,12.5,70,803,1068,1068,70,803,14.23
2008,3,8,17,30,15.8,74,951,1085,1085,74,951,11.06
2008,3,8,18,30,18.400000000000002,77,1036,1098,1098,77,1036,8.83
2008,3,8,19,30,20.1,77,1040,1099,1099,77,1040,7.7
2008,3,8,20,30,20.8,76,964,1085,1085,76,964,7.3500000000000005
2008,3,8,21,30,20.900000000000002,72,813,1056,1056,72,813,7.4
2008,3,8,22,30,20.200000000000003,64,593,988,988,64,593,7.84
2008,3,8,23,30,16.900000000000002,51,339,872,872,51,339,9.950000000000001
2008,3,9,0,30,12.3,28,82,536,536,28,82,19.98
2008,3,9,1,30,9.8,0,0,0,0,0,0,23.490000000000002
2008,3,9,2,30,8.8,0,0,0,0,0,0,24.13
2008,3,9,3,30,7.9,0,0,0,0,0,0,24.66
2008,3,9,4,30,6.800000000000001,0,0,0,0,0,0,26.16
2008,3,9,5,30,5.7,0,0,0,0,0,0,28.34
2008,3,9,6,30,4.800000000000001,0,0,0,0,0,0,30.19
2008,3,9,7,30,4,0,0,0,0,0,0,32.06
2008,3,9,8,30,3.2,0,0,0,0,0,0,34.300000000000004
2008,3,9,9,30,2.6,0,0,0,0,0,0,36.49
2008,3,9,10,30,2.2,0,0,0,0,0,0,38.7
2008,3,9,11,30,1.8,0,0,0,0,0,0,41.07
2008,3,9,12,30,2.6,0,0,0,0,0,0,39.59
2008,3,9,13,30,5.9,24,67,529,529,24,67,31.79
2008,3,9,14,30,10.600000000000001,48,326,896,896,48,326,22.75
2008,3,9,15,30,14.4,61,587,1014,1014,61,587,12.13
2008,3,9,16,30,17.1,68,808,1073,1073,68,808,7.42
2008,3,9,17,30,19.3,72,967,1102,1102,72,967,5.58
2008,3,9,18,30,20.8,75,1053,1115,1115,75,1053,4.83
2008,3,9,19,30,21.6,75,1056,1116,1116,75,1056,4.5600000000000005
2008,3,9,20,30,21.8,73,979,1103,1103,73,979,4.57
2008,3,9,21,30,21.3,68,826,1077,1077,68,826,4.83
2008,3,9,22,30,20.1,61,611,1024,1024,61,611,5.36
2008,3,9,23,30,16.7,49,353,916,916,49,353,7.01
2008,3,10,0,30,12.3,26,87,585,585,26,87,12.96
2008,3,10,1,30,10,0,0,0,0,0,0,17.38
2008,3,10,2,30,8.9,0,0,0,0,0,0,19.76
2008,3,10,3,30,7.7,0,0,0,0,0,0,23.18
2008,3,10,4,30,6.5,0,0,0,0,0,0,27.54
2008,3,10,5,30,5.2,0,0,0,0,0,0,32.52
2008,3,10,6,30,4,0,0,0,0,0,0,37.29
2008,3,10,7,30,2.8000000000000003,0,0,0,0,0,0,41.47
2008,3,10,8,30,1.8,0,0,0,0,0,0,43.7
2008,3,10,9,30,1,0,0,0,0,0,0,43.160000000000004
2008,3,10,10,30,0.30000000000000004,0,0,0,0,0,0,40.89
2008,3,10,11,30,-0.2,0,0,0,0,0,0,38.22
2008,3,10,12,30,0.7000000000000001,0,0,0,0,0,0,33.13
2008,3,10,13,30,4.5,24,71,549,549,24,71,25.39
2008,3,10,14,30,9.9,46,332,906,906,46,332,16.69
2008,3,10,15,30,14.5,58,585,1006,1006,58,585,10.11
2008,3,10,16,30,17.5,66,803,1062,1062,66,803,6.98
2008,3,10,17,30,19.700000000000003,70,960,1091,1091,70,960,5.62
2008,3,10,18,30,21.3,73,1044,1104,1104,73,1044,5.1000000000000005
2008,3,10,19,30,22.3,73,1048,1105,1105,73,1048,5.04
2008,3,10,20,30,22.6,71,971,1093,1093,71,971,5.22
2008,3,10,21,30,22.5,66,820,1066,1066,66,820,5.46
2008,3,10,22,30,21.700000000000003,59,600,1002,1002,59,600,5.92
2008,3,10,23,30,18.8,48,346,892,892,48,346,7.44
2008,3,11,0,30,14.5,27,87,573,573,27,87,17.81
2008,3,11,1,30,11.600000000000001,0,0,0,0,0,0,19.18
2008,3,11,2,30,9.600000000000001,0,0,0,0,0,0,21.28
2008,3,11,3,30,7.7,0,0,0,0,0,0,24.77
2008,3,11,4,30,6.1000000000000005,0,0,0,0,0,0,28.51
2008,3,11,5,30,5,0,0,0,0,0,0,30.990000000000002
2008,3,11,6,30,4.1000000000000005,0,0,0,0,0,0,32.74
2008,3,11,7,30,3.5,0,0,0,0,0,0,34.06
2008,3,11,8,30,3.2,0,0,0,0,0,0,38.980000000000004
2008,3,11,9,30,3.1,0,0,0,0,0,0,51.76
2008,3,11,10,30,3.6,0,0,0,0,0,0,69.73
2008,3,11,11,30,4.5,0,0,0,0,0,0,85.76
2008,3,11,12,30,5.7,0,0,0,0,0,0,95.18
2008,3,11,13,30,8,27,66,434,434,27,66,88.15
2008,3,11,14,30,11.4,52,314,823,823,52,314,68.67
2008,3,11,15,30,15.8,62,566,957,957,62,566,45.95
2008,3,11,16,30,19.700000000000003,69,779,1019,1019,69,779,25.5
2008,3,11,17,30,22.200000000000003,73,933,1050,1050,73,933,18.03
2008,3,11,18,30,23.8,78,1015,1061,1061,78,1015,14.530000000000001
2008,3,11,19,30,24.8,76,1023,1069,1069,76,1023,12.540000000000001
2008,3,11,20,30,25.200000000000003,72,943,1054,1054,72,943,11.5
2008,3,11,21,30,24.8,67,794,1026,1026,67,794,11.120000000000001
2008,3,11,22,30,23.8,59,589,978,978,59,589,11.17
2008,3,11,23,30,20.700000000000003,47,339,868,868,47,339,13
2008,3,12,0,30,16.8,26,86,562,184,51,71,23.02
2008,3,12,1,30,14.5,0,0,0,0,0,0,24.97
2008,3,12,2,30,12.8,0,0,0,0,0,0,27.69
2008,3,12,3,30,11,0,0,0,0,0,0,31.85
2008,3,12,4,30,9.600000000000001,0,0,0,0,0,0,35.660000000000004
2008,3,12,5,30,8.8,0,0,0,0,0,0,38
2008,3,12,6,30,8.4,0,0,0,0,0,0,39.050000000000004
2008,3,12,7,30,7.7,0,0,0,0,0,0,40.87
2008,3,12,8,30,6.9,0,0,0,0,0,0,42.26
2008,3,12,9,30,6.2,0,0,0,0,0,0,42.59
2008,3,12,10,30,5.800000000000001,0,0,0,0,0,0,41.79
2008,3,12,11,30,5.7,0,0,0,0,0,0,40.6
2008,3,12,12,30,6.5,0,0,0,0,0,0,37.35
2008,3,12,13,30,9.8,24,73,535,535,24,73,31.44
2008,3,12,14,30,14,46,323,860,286,165,257,24.63
2008,3,12,15,30,17.400000000000002,58,575,975,432,260,489,23.62
2008,3,12,16,30,20.3,65,788,1031,297,413,621,22.44
2008,3,12,17,30,22.400000000000002,70,938,1055,702,245,822,18.46
2008,3,12,18,30,23.5,84,1018,1053,800,281,991,16.14
2008,3,12,19,30,23.700000000000003,82,1021,1057,526,438,906,15.200000000000001
2008,3,12,20,30,23.700000000000003,77,946,1048,738,243,855,14.71
2008,3,12,21,30,23.400000000000002,67,798,1027,486,278,624,14.55
2008,3,12,22,30,22.200000000000003,58,589,975,786,121,549,15.33
2008,3,12,23,30,19.8,47,342,873,873,47,342,17.64
2008,3,13,0,30,16.7,26,88,574,10,49,50,22.87
2008,3,13,1,30,14.600000000000001,0,0,0,0,0,0,27.61
2008,3,13,2,30,13.5,0,0,0,0,0,0,29.45
2008,3,13,3,30,12.3,0,0,0,0,0,0,31.69
2008,3,13,4,30,11.200000000000001,0,0,0,0,0,0,34.77
2008,3,13,5,30,10.100000000000001,0,0,0,0,0,0,38.99
2008,3,13,6,30,9.1,0,0,0,0,0,0,43.76
2008,3,13,7,30,8.200000000000001,0,0,0,0,0,0,47.49
2008,3,13,8,30,7.5,0,0,0,0,0,0,49.19
2008,3,13,9,30,6.6000000000000005,0,0,0,0,0,0,50.410000000000004
2008,3,13,10,30,5.800000000000001,0,0,0,0,0,0,50.43
2008,3,13,11,30,5.6000000000000005,0,0,0,0,0,0,48.57
2008,3,13,12,30,6.4,0,0,0,0,0,0,44.230000000000004
2008,3,13,13,30,8.8,24,79,570,25,52,54,37.22
2008,3,13,14,30,13.3,43,333,887,887,43,333,26.85
2008,3,13,15,30,17.7,54,587,998,998,54,587,15.32
2008,3,13,16,30,20.400000000000002,60,801,1051,1051,60,801,11.61
2008,3,13,17,30,22.200000000000003,65,955,1078,1078,65,955,9.96
2008,3,13,18,30,23.3,63,1036,1093,1093,63,1036,8.96
2008,3,13,19,30,23.900000000000002,63,1046,1102,1102,63,1046,8.22
2008,3,13,20,30,24,63,969,1089,1089,63,969,7.73
2008,3,13,21,30,23.700000000000003,63,819,1060,1060,63,819,7.4
2008,3,13,22,30,22.8,57,606,1007,1007,57,606,7.41
2008,3,13,23,30,19.700000000000003,47,352,899,899,47,352,8.66
2008,3,14,0,30,15.4,26,93,601,601,26,93,17.01
2008,3,14,1,30,12.8,0,0,0,0,0,0,20.43
2008,3,14,2,30,11.3,0,0,0,0,0,0,22.490000000000002
2008,3,14,3,30,10.100000000000001,0,0,0,0,0,0,25.330000000000002
2008,3,14,4,30,8.9,0,0,0,0,0,0,30.69
2008,3,14,5,30,7.7,0,0,0,0,0,0,39.95
2008,3,14,6,30,6.800000000000001,0,0,0,0,0,0,51.13
2008,3,14,7,30,6.1000000000000005,0,0,0,0,0,0,60.69
2008,3,14,8,30,5.4,0,0,0,0,0,0,67.3
2008,3,14,9,30,4.800000000000001,0,0,0,0,0,0,70.55
2008,3,14,10,30,4.3,0,0,0,0,0,0,70.98
2008,3,14,11,30,3.9000000000000004,0,0,0,0,0,0,68.29
2008,3,14,12,30,5.1000000000000005,0,0,0,0,0,0,56.620000000000005
2008,3,14,13,30,9.200000000000001,26,83,569,569,26,83,38.17
2008,3,14,14,30,14.9,48,344,897,897,48,344,23.35
2008,3,14,15,30,20,59,602,1009,1009,59,602,12.08
2008,3,14,16,30,23,67,820,1063,1063,67,820,6.96
2008,3,14,17,30,24.5,70,976,1092,1092,70,976,6.3100000000000005
2008,3,14,18,30,25.6,77,1049,1089,1089,77,1049,5.99
2008,3,14,19,30,26.200000000000003,76,1052,1091,1091,76,1052,5.91
2008,3,14,20,30,26.3,73,974,1080,1080,73,974,5.96
2008,3,14,21,30,25.900000000000002,67,822,1055,1055,67,822,6.0600000000000005
2008,3,14,22,30,24.900000000000002,58,609,1005,1005,58,609,6.32
2008,3,14,23,30,21.700000000000003,47,354,901,901,47,354,7.640000000000001
2008,3,15,0,30,17.7,27,95,604,604,27,95,15.73
2008,3,15,1,30,16.2,0,0,0,0,0,0,16.28
2008,3,15,2,30,16.1,0,0,0,0,0,0,15.26
2008,3,15,3,30,15.200000000000001,0,0,0,0,0,0,15.67
2008,3,15,4,30,12.8,0,0,0,0,0,0,18.39
2008,3,15,5,30,10.3,0,0,0,0,0,0,23.6
2008,3,15,6,30,8.8,0,0,0,0,0,0,28.18
2008,3,15,7,30,7.800000000000001,0,0,0,0,0,0,33.44
2008,3,15,8,30,7.1000000000000005,0,0,0,0,0,0,38.61
2008,3,15,9,30,6.6000000000000005,0,0,0,0,0,0,42.49
2008,3,15,10,30,6.1000000000000005,0,0,0,0,0,0,44.300000000000004
2008,3,15,11,30,5.800000000000001,0,0,0,0,0,0,43.89
2008,3,15,12,30,7,0,0,0,0,0,0,38.13
2008,3,15,13,30,11.200000000000001,25,86,587,587,25,86,28.73
2008,3,15,14,30,16.900000000000002,45,345,897,897,45,345,18.71
2008,3,15,15,30,21.6,56,601,1005,1005,56,601,12.030000000000001
2008,3,15,16,30,24.3,63,816,1058,1058,63,816,8.4
2008,3,15,17,30,25.700000000000003,68,971,1084,1084,68,971,7.5600000000000005
2008,3,15,18,30,26.8,69,1052,1098,1098,69,1052,7.03
2008,3,15,19,30,27.5,70,1047,1089,1089,70,1047,6.63
2008,3,15,20,30,27.8,69,969,1076,1076,69,969,6.45
2008,3,15,21,30,27.5,68,818,1045,1045,68,818,6.53
2008,3,15,22,30,26.5,61,602,983,983,61,602,6.97
2008,3,15,23,30,23.400000000000002,50,349,871,871,50,349,8.56
2008,3,16,0,30,18.900000000000002,28,93,566,566,28,93,15.99
2008,3,16,1,30,16.1,0,0,0,0,0,0,19.12
2008,3,16,2,30,14.8,0,0,0,0,0,0,20.17
2008,3,16,3,30,13.5,0,0,0,0,0,0,22.650000000000002
2008,3,16,4,30,12.100000000000001,0,0,0,0,0,0,26.19
2008,3,16,5,30,10.9,0,0,0,0,0,0,29.48
2008,3,16,6,30,9.9,0,0,0,0,0,0,32.36
2008,3,16,7,30,9.1,0,0,0,0,0,0,34.89
2008,3,16,8,30,8.4,0,0,0,0,0,0,37.15
2008,3,16,9,30,7.9,0,0,0,0,0,0,38.43
2008,3,16,10,30,7.4,0,0,0,0,0,0,38.9
2008,3,16,11,30,7,0,0,0,0,0,0,37.95
2008,3,16,12,30,8.200000000000001,0,0,0,0,0,0,32.55
2008,3,16,13,30,12.4,28,88,557,557,28,88,24.09
2008,3,16,14,30,18,51,345,870,870,51,345,14.72
2008,3,16,15,30,22.200000000000003,62,600,985,985,62,600,9.94
2008,3,16,16,30,24.400000000000002,69,809,1033,1033,69,809,8.77
2008,3,16,17,30,25.6,73,962,1064,1064,73,962,8.73
2008,3,16,18,30,26.200000000000003,78,1043,1074,1074,78,1043,8.97
2008,3,16,19,30,26.400000000000002,75,1045,1077,1077,75,1045,9.32
2008,3,16,20,30,25.900000000000002,73,967,1065,1065,73,967,9.91
2008,3,16,21,30,24.400000000000002,67,816,1039,1039,67,816,10.950000000000001
2008,3,16,22,30,22.3,60,605,986,986,60,605,12.540000000000001
2008,3,16,23,30,20,49,352,877,877,49,352,14.89
2008,3,17,0,30,17.3,28,95,580,172,60,79,18.73
2008,3,17,1,30,14.600000000000001,0,0,0,0,0,0,24.07
2008,3,17,2,30,12.700000000000001,0,0,0,0,0,0,29.03
2008,3,17,3,30,11.200000000000001,0,0,0,0,0,0,33.77
2008,3,17,4,30,9.9,0,0,0,0,0,0,38.89
2008,3,17,5,30,8.9,0,0,0,0,0,0,43.44
2008,3,17,6,30,8.3,0,0,0,0,0,0,45.88
2008,3,17,7,30,8.5,0,0,0,0,0,0,44.68
2008,3,17,8,30,8.700000000000001,0,0,0,0,0,0,42.99
2008,3,17,9,30,8.5,0,0,0,0,0,0,42.25
2008,3,17,10,30,7.9,0,0,0,0,0,0,42.84
2008,3,17,11,30,7.2,0,0,0,0,0,0,43.65
2008,3,17,12,30,7.5,0,0,0,0,0,0,41.43
2008,3,17,13,30,10,27,91,572,53,61,67,33.77
2008,3,17,14,30,14.3,48,346,872,872,48,346,23.87
2008,3,17,15,30,17.900000000000002,58,595,977,389,279,493,19.53
2008,3,17,16,30,20.200000000000003,63,806,1032,1032,63,806,18.35
2008,3,17,17,30,21.8,66,953,1056,1056,66,953,17.43
2008,3,17,18,30,23,67,1032,1069,1069,67,1032,16.91
2008,3,17,19,30,23.5,64,1031,1072,1072,64,1031,17.01
2008,3,17,20,30,23.3,63,951,1055,1055,63,951,18
2008,3,17,21,30,22.3,64,803,1023,1023,64,803,20.88
2008,3,17,22,30,20.5,57,592,967,967,57,592,25.91
2008,3,17,23,30,17.900000000000002,46,346,866,866,46,346,33.730000000000004
2008,3,18,0,30,14.9,27,95,582,582,27,95,45.480000000000004
2008,3,18,1,30,12.600000000000001,0,0,0,0,0,0,57.92
2008,3,18,2,30,10.700000000000001,0,0,0,0,0,0,69.94
2008,3,18,3,30,9.3,0,0,0,0,0,0,78.9
2008,3,18,4,30,8.3,0,0,0,0,0,0,83.88
2008,3,18,5,30,7.4,0,0,0,0,0,0,86.67
2008,3,18,6,30,6.800000000000001,0,0,0,0,0,0,87.79
2008,3,18,7,30,6.300000000000001,0,0,0,0,0,0,87.9
2008,3,18,8,30,6,0,0,0,0,0,0,86.75
2008,3,18,9,30,5.800000000000001,0,0,0,0,0,0,85.84
2008,3,18,10,30,5.4,0,0,0,0,0,0,84.18
2008,3,18,11,30,4.800000000000001,0,0,0,0,0,0,84.29
2008,3,18,12,30,4.5,0,0,0,0,0,0,81.15
2008,3,18,13,30,5.4,28,98,608,608,28,98,71.67
2008,3,18,14,30,7.5,50,362,902,902,50,362,54.08
2008,3,18,15,30,9.9,63,620,1006,1006,63,620,36.39
2008,3,18,16,30,12.3,71,847,1073,1073,71,847,23.150000000000002
2008,3,18,17,30,14.200000000000001,76,1003,1101,1101,76,1003,14.92
2008,3,18,18,30,15.600000000000001,79,1085,1112,1112,79,1085,10.56
2008,3,18,19,30,16.6,75,1086,1116,1116,75,1086,8.28
2008,3,18,20,30,17.2,72,1005,1105,1105,72,1005,7.11
2008,3,18,21,30,17.2,67,850,1080,1080,67,850,6.61
2008,3,18,22,30,16.3,59,632,1031,1031,59,632,6.68
2008,3,18,23,30,13.8,48,372,930,930,48,372,7.8500000000000005
2008,3,19,0,30,9.9,28,105,645,645,28,105,12.86
2008,3,19,1,30,7.2,0,0,0,0,0,0,18.080000000000002
2008,3,19,2,30,5.9,0,0,0,0,0,0,20.56
2008,3,19,3,30,4.6000000000000005,0,0,0,0,0,0,24.91
2008,3,19,4,30,3.4000000000000004,0,0,0,0,0,0,29.95
2008,3,19,5,30,2.3000000000000003,0,0,0,0,0,0,34.59
2008,3,19,6,30,1.5,0,0,0,0,0,0,37.59
2008,3,19,7,30,0.8,0,0,0,0,0,0,40.01
2008,3,19,8,30,0.2,0,0,0,0,0,0,42.08
2008,3,19,9,30,-0.4,0,0,0,0,0,0,44.660000000000004
2008,3,19,10,30,-0.9,0,0,0,0,0,0,47.84
2008,3,19,11,30,-1.3,0,0,0,0,0,0,51.5
2008,3,19,12,30,0,0,0,0,0,0,0,49.050000000000004
2008,3,19,13,30,4,30,104,621,621,30,104,38.68
2008,3,19,14,30,8.4,51,372,919,919,51,372,28.5
2008,3,19,15,30,11.700000000000001,62,624,1009,1009,62,624,20.17
2008,3,19,16,30,14.3,70,841,1062,1062,70,841,15.71
2008,3,19,17,30,16.5,73,995,1090,1090,73,995,12.8
2008,3,19,18,30,18.400000000000002,77,1076,1101,1101,77,1076,10.59
2008,3,19,19,30,19.6,77,1076,1101,1101,77,1076,9.13
2008,3,19,20,30,20.200000000000003,74,996,1089,1089,74,996,8.28
2008,3,19,21,30,20.1,69,842,1063,1063,69,842,7.98
2008,3,19,22,30,19.200000000000003,62,626,1012,1012,62,626,8.14
2008,3,19,23,30,16.5,51,368,905,905,51,368,9.46
2008,3,20,0,30,12.4,30,103,611,611,30,103,15.31
2008,3,20,1,30,9.8,0,0,0,0,0,0,17.580000000000002
2008,3,20,2,30,8.4,0,0,0,0,0,0,17.54
2008,3,20,3,30,6.800000000000001,0,0,0,0,0,0,18.93
2008,3,20,4,30,5.300000000000001,0,0,0,0,0,0,20.63
2008,3,20,5,30,4,0,0,0,0,0,0,22.5
2008,3,20,6,30,2.9000000000000004,0,0,0,0,0,0,24.900000000000002
2008,3,20,7,30,2.1,0,0,0,0,0,0,28.44
2008,3,20,8,30,1.7000000000000002,0,0,0,0,0,0,35.85
2008,3,20,9,30,1.3,0,0,0,0,0,0,49.18
2008,3,20,10,30,0.8,0,0,0,0,0,0,62.620000000000005
2008,3,20,11,30,0.30000000000000004,0,0,0,0,0,0,70.53
2008,3,20,12,30,1,0,0,0,0,0,0,68.03
2008,3,20,13,30,4.1000000000000005,31,103,580,580,31,103,53.92
2008,3,20,14,30,8.700000000000001,54,365,879,879,54,365,36.81
2008,3,20,15,30,13.5,66,621,990,990,66,621,24.98
2008,3,20,16,30,18,74,836,1044,1044,74,836,16.88
2008,3,20,17,30,21.400000000000002,78,989,1073,1073,78,989,11.38
2008,3,20,18,30,23.1,77,1069,1090,1090,77,1069,9.35
2008,3,20,19,30,24.1,77,1069,1090,1090,77,1069,8.19
2008,3,20,20,30,24.6,74,989,1078,1078,74,989,7.5
2008,3,20,21,30,24.5,71,835,1048,1048,71,835,7.23
2008,3,20,22,30,23.8,64,620,995,995,64,620,7.3500000000000005
2008,3,20,23,30,21.400000000000002,52,364,887,887,52,364,8.44
2008,3,21,0,30,17.6,30,101,579,579,30,101,15.790000000000001
2008,3,21,1,30,14.600000000000001,0,0,0,0,0,0,17.95
2008,3,21,2,30,12.700000000000001,0,0,0,0,0,0,19.34
2008,3,21,3,30,11.200000000000001,0,0,0,0,0,0,20.490000000000002
2008,3,21,4,30,9.8,0,0,0,0,0,0,22.11
2008,3,21,5,30,8.5,0,0,0,0,0,0,24.69
2008,3,21,6,30,7.300000000000001,0,0,0,0,0,0,28.36
2008,3,21,7,30,6.4,0,0,0,0,0,0,32.480000000000004
2008,3,21,8,30,5.800000000000001,0,0,0,0,0,0,35.96
2008,3,21,9,30,5.4,0,0,0,0,0,0,38.300000000000004
2008,3,21,10,30,5.2,0,0,0,0,0,0,39.410000000000004
2008,3,21,11,30,5.2,0,0,0,0,0,0,39.69
2008,3,21,12,30,6.7,0,0,0,0,0,0,36.44
2008,3,21,13,30,11.200000000000001,32,104,566,566,32,104,28.68
2008,3,21,14,30,16.900000000000002,56,365,865,865,56,365,20.080000000000002
2008,3,21,15,30,21.3,68,624,986,986,68,624,14.14
2008,3,21,16,30,23.8,76,832,1032,1032,76,832,9.9
2008,3,21,17,30,25.200000000000003,80,985,1062,1062,80,985,8.22
2008,3,21,18,30,26.1,83,1064,1073,1073,83,1064,7.2700000000000005
2008,3,21,19,30,26.6,83,1064,1074,1074,83,1064,6.63
2008,3,21,20,30,26.700000000000003,79,983,1063,1063,79,983,6.18
2008,3,21,21,30,26.200000000000003,72,831,1038,1038,72,831,6.01
2008,3,21,22,30,25,64,617,985,985,64,617,6.140000000000001
2008,3,21,23,30,22.200000000000003,53,362,874,874,53,362,7.01
2008,3,22,0,30,17.900000000000002,31,102,576,576,31,102,12.26
2008,3,22,1,30,15,0,0,0,0,0,0,13.55
2008,3,22,2,30,13.3,0,0,0,0,0,0,13.96
2008,3,22,3,30,11.5,0,0,0,0,0,0,15.5
2008,3,22,4,30,10.200000000000001,0,0,0,0,0,0,17.29
2008,3,22,5,30,9.9,0,0,0,0,0,0,18.05
2008,3,22,6,30,9.8,0,0,0,0,0,0,17.47
2008,3,22,7,30,9,0,0,0,0,0,0,17.64
2008,3,22,8,30,8,0,0,0,0,0,0,18.52
2008,3,22,9,30,7.1000000000000005,0,0,0,0,0,0,20.580000000000002
2008,3,22,10,30,6.6000000000000005,0,0,0,0,0,0,24.5
2008,3,22,11,30,6.300000000000001,0,0,0,0,0,0,28.18
2008,3,22,12,30,7.1000000000000005,0,0,0,0,0,0,29.63
2008,3,22,13,30,10.5,32,108,579,579,32,108,28.28
2008,3,22,14,30,15.8,55,367,864,864,55,367,20.88
2008,3,22,15,30,20.200000000000003,68,620,971,971,68,620,14.200000000000001
2008,3,22,16,30,22.8,77,831,1024,1024,77,831,10.53
2008,3,22,17,30,24.6,82,982,1052,1052,82,982,9.33
2008,3,22,18,30,25.900000000000002,80,1056,1065,1065,80,1056,8.8
2008,3,22,19,30,26.700000000000003,80,1055,1064,1064,80,1055,8.45
2008,3,22,20,30,26.900000000000002,79,975,1050,1050,79,975,8.26
2008,3,22,21,30,26.6,76,822,1018,1018,76,822,8.27
2008,3,22,22,30,25.700000000000003,69,606,953,953,69,606,8.57
2008,3,22,23,30,23.200000000000003,57,354,835,835,57,354,9.98
2008,3,23,0,30,19.400000000000002,32,99,534,534,32,99,17.2
2008,3,23,1,30,16.900000000000002,0,0,0,0,0,0,20.21
2008,3,23,2,30,15.5,0,0,0,0,0,0,23.31
2008,3,23,3,30,13.8,0,0,0,0,0,0,29.37
2008,3,23,4,30,12.3,0,0,0,0,0,0,34.59
2008,3,23,5,30,11,0,0,0,0,0,0,38.160000000000004
2008,3,23,6,30,10,0,0,0,0,0,0,40.38
2008,3,23,7,30,9.200000000000001,0,0,0,0,0,0,41.89
2008,3,23,8,30,8.5,0,0,0,0,0,0,42.84
2008,3,23,9,30,8.1,0,0,0,0,0,0,42.34
2008,3,23,10,30,8,0,0,0,0,0,0,40.800000000000004
2008,3,23,11,30,7.800000000000001,0,0,0,0,0,0,39.660000000000004
2008,3,23,12,30,8.6,0,0,0,0,0,0,36.230000000000004
2008,3,23,13,30,11.9,32,113,599,599,32,113,29.07
2008,3,23,14,30,16.7,54,375,880,880,54,375,19.47
2008,3,23,15,30,20.400000000000002,66,629,985,985,66,629,11.68
2008,3,23,16,30,22.6,74,841,1037,1037,74,841,9.370000000000001
2008,3,23,17,30,24.200000000000003,79,992,1064,1064,79,992,8.1
2008,3,23,18,30,25.400000000000002,83,1070,1075,1075,83,1070,7.28
2008,3,23,19,30,26.1,82,1069,1075,1075,82,1069,6.78
2008,3,23,20,30,26.3,79,988,1063,1063,79,988,6.5600000000000005
2008,3,23,21,30,25.900000000000002,73,834,1036,1036,73,834,6.65
2008,3,23,22,30,24.8,66,616,973,973,66,616,7.25
2008,3,23,23,30,22.200000000000003,55,362,859,859,55,362,9.34
2008,3,24,0,30,18.400000000000002,33,101,534,534,33,101,16.11
2008,3,24,1,30,15,0,0,0,0,0,0,28.27
2008,3,24,2,30,12.700000000000001,0,0,0,0,0,0,45.72
2008,3,24,3,30,11.4,0,0,0,0,0,0,61.76
2008,3,24,4,30,10.8,0,0,0,0,0,0,67.3
2008,3,24,5,30,10.3,0,0,0,0,0,0,69.11
2008,3,24,6,30,9.600000000000001,0,0,0,0,0,0,72.8
2008,3,24,7,30,9.1,0,0,0,0,0,0,77.31
2008,3,24,8,30,8.8,0,0,0,0,0,0,80.21000000000001
2008,3,24,9,30,8.6,0,0,0,0,0,0,82.16
2008,3,24,10,30,8.5,0,0,0,0,0,0,84.34
2008,3,24,11,30,8.200000000000001,0,0,0,0,0,0,87.99
2008,3,24,12,30,8.4,0,0,0,0,0,0,87.94
2008,3,24,13,30,9.600000000000001,39,108,496,496,39,108,79.25
2008,3,24,14,30,12,64,361,804,2,160,161,62.42
2008,3,24,15,30,14.8,75,613,935,222,340,467,49.07
2008,3,24,16,30,17.7,80,822,998,998,80,822,38.65
2008,3,24,17,30,20.3,84,971,1029,1029,84,971,30.73
2008,3,24,18,30,22.200000000000003,87,1047,1042,1042,87,1047,25.13
2008,3,24,19,30,23.400000000000002,88,1042,1037,1037,88,1042,21.76
2008,3,24,20,30,24,87,962,1021,1021,87,962,19.95
2008,3,24,21,30,23.8,83,807,983,516,346,726,19.39
2008,3,24,22,30,23,78,596,914,715,167,572,19.95
2008,3,24,23,30,21.3,68,344,770,23,195,203,22.3
2008,3,25,0,30,18.6,40,93,413,361,36,83,28.61
2008,3,25,1,30,16.8,0,0,0,0,0,0,34.65
2008,3,25,2,30,16,0,0,0,0,0,0,38.84
2008,3,25,3,30,14.600000000000001,0,0,0,0,0,0,45.64
2008,3,25,4,30,12.9,0,0,0,0,0,0,53.59
2008,3,25,5,30,11.5,0,0,0,0,0,0,60.160000000000004
2008,3,25,6,30,10.3,0,0,0,0,0,0,65.72
2008,3,25,7,30,9.3,0,0,0,0,0,0,70.73
2008,3,25,8,30,8.4,0,0,0,0,0,0,75.73
2008,3,25,9,30,7.6000000000000005,0,0,0,0,0,0,80.65
2008,3,25,10,30,7.1000000000000005,0,0,0,0,0,0,84.11
2008,3,25,11,30,6.800000000000001,0,0,0,0,0,0,86.51
2008,3,25,12,30,7.4,0,0,0,0,0,0,83.27
2008,3,25,13,30,10.3,37,115,547,547,37,115,68.87
2008,3,25,14,30,15,59,373,844,844,59,373,48.050000000000004
2008,3,25,15,30,19.200000000000003,70,624,957,957,70,624,29.69
2008,3,25,16,30,21.900000000000002,78,833,1013,1013,78,833,22.45
2008,3,25,17,30,23.700000000000003,81,979,1038,799,268,958,18.95
2008,3,25,18,30,25,90,1054,1042,803,276,1019,16.84
2008,3,25,19,30,25.900000000000002,90,1048,1038,472,477,913,15.67
2008,3,25,20,30,26.200000000000003,87,967,1025,1025,87,967,15.3
2008,3,25,21,30,26,77,813,997,331,413,658,15.280000000000001
2008,3,25,22,30,25.200000000000003,70,603,938,81,277,323,15.75
2008,3,25,23,30,23.3,59,352,813,164,183,242,17.51
2008,3,26,0,30,20.3,34,100,511,17,62,64,22.86
2008,3,26,1,30,18.3,0,0,0,0,0,0,27.23
2008,3,26,2,30,17.6,0,0,0,0,0,0,28.96
2008,3,26,3,30,16.400000000000002,0,0,0,0,0,0,33.64
2008,3,26,4,30,14.700000000000001,0,0,0,0,0,0,42.03
2008,3,26,5,30,13.200000000000001,0,0,0,0,0,0,51.18
2008,3,26,6,30,12.200000000000001,0,0,0,0,0,0,57.89
2008,3,26,7,30,11.5,0,0,0,0,0,0,62.42
2008,3,26,8,30,10.700000000000001,0,0,0,0,0,0,66.89
2008,3,26,9,30,10.100000000000001,0,0,0,0,0,0,70.42
2008,3,26,10,30,9.9,0,0,0,0,0,0,72.17
2008,3,26,11,30,9.700000000000001,0,0,0,0,0,0,74.17
2008,3,26,12,30,10.100000000000001,0,0,0,0,0,0,73.46000000000001
2008,3,26,13,30,12.200000000000001,37,115,536,536,37,115,65.06
2008,3,26,14,30,16.3,61,367,814,814,61,367,48.03
2008,3,26,15,30,20.5,74,614,928,928,74,614,33.62
2008,3,26,16,30,23.400000000000002,81,820,985,985,81,820,26.59
2008,3,26,17,30,25.400000000000002,86,970,1019,1019,86,970,22.75
2008,3,26,18,30,26.8,90,1045,1030,1030,90,1045,20.01
2008,3,26,19,30,27.700000000000003,88,1043,1031,1031,88,1043,17.87
2008,3,26,20,30,28.1,86,963,1018,1018,86,963,16.35
2008,3,26,21,30,28,88,808,974,974,88,808,15.5
2008,3,26,22,30,27.200000000000003,82,595,902,592,246,583,15.530000000000001
2008,3,26,23,30,25.3,69,346,768,2,141,142,16.82
2008,3,27,0,30,22.1,40,97,439,2,62,62,21.240000000000002
2008,3,27,1,30,19.8,0,0,0,0,0,0,25.14
2008,3,27,2,30,18.400000000000002,0,0,0,0,0,0,27.22
2008,3,27,3,30,16.7,0,0,0,0,0,0,30.98
2008,3,27,4,30,15.100000000000001,0,0,0,0,0,0,34.660000000000004
2008,3,27,5,30,13.8,0,0,0,0,0,0,37.5
2008,3,27,6,30,12.8,0,0,0,0,0,0,39.68
2008,3,27,7,30,11.9,0,0,0,0,0,0,41.980000000000004
2008,3,27,8,30,11.100000000000001,0,0,0,0,0,0,43.86
2008,3,27,9,30,10.3,0,0,0,0,0,0,45.04
2008,3,27,10,30,9.600000000000001,0,0,0,0,0,0,45.01
2008,3,27,11,30,9,0,0,0,0,0,0,43.76
2008,3,27,12,30,10.100000000000001,0,0,0,0,0,0,37.49
2008,3,27,13,30,13.700000000000001,35,124,590,590,35,124,27.28
2008,3,27,14,30,18.6,57,383,859,859,57,383,18.21
2008,3,27,15,30,22.700000000000003,69,633,963,963,69,633,14.19
2008,3,27,16,30,25.1,75,841,1018,1018,75,841,13.08
2008,3,27,17,30,26.900000000000002,78,994,1053,1053,78,994,11.28
2008,3,27,18,30,28.1,76,1070,1068,1068,76,1070,9.49
2008,3,27,19,30,28.8,75,1067,1069,1069,75,1067,8.15
2008,3,27,20,30,29,71,985,1059,1059,71,985,7.34
2008,3,27,21,30,28.5,69,832,1030,1030,69,832,7.1000000000000005
2008,3,27,22,30,27.5,61,620,978,978,61,620,7.25
2008,3,27,23,30,25,51,367,873,873,51,367,8.31
2008,3,28,0,30,21,30,110,601,265,60,95,11.46
2008,3,28,1,30,18.1,0,0,0,0,0,0,15.26
2008,3,28,2,30,16.6,0,0,0,0,0,0,17.06
2008,3,28,3,30,14.8,0,0,0,0,0,0,19.92
2008,3,28,4,30,13.4,0,0,0,0,0,0,22.67
2008,3,28,5,30,12.200000000000001,0,0,0,0,0,0,25.62
2008,3,28,6,30,11.100000000000001,0,0,0,0,0,0,28.900000000000002
2008,3,28,7,30,10.5,0,0,0,0,0,0,30.88
2008,3,28,8,30,10.5,0,0,0,0,0,0,30.71
2008,3,28,9,30,10.5,0,0,0,0,0,0,29.93
2008,3,28,10,30,10.5,0,0,0,0,0,0,28.78
2008,3,28,11,30,10.200000000000001,0,0,0,0,0,0,28.17
2008,3,28,12,30,11,0,0,0,0,0,0,25.67
2008,3,28,13,30,14.200000000000001,34,133,639,61,83,93,20.39
2008,3,28,14,30,18.5,55,391,876,309,198,317,14.620000000000001
2008,3,28,15,30,22.1,67,641,976,585,210,555,11.25
2008,3,28,16,30,24.6,74,850,1027,1027,74,850,9.44
2008,3,28,17,30,26.6,78,998,1053,880,186,954,8.16
2008,3,28,18,30,28,86,1072,1057,1057,86,1072,7.43
2008,3,28,19,30,28.700000000000003,86,1069,1057,1057,86,1069,7.05
2008,3,28,20,30,28.6,85,986,1043,1043,85,986,6.87
2008,3,28,21,30,27.6,82,831,1008,713,287,817,6.8100000000000005
2008,3,28,22,30,26.1,73,618,952,635,243,606,6.8100000000000005
2008,3,28,23,30,24.1,59,369,850,850,59,369,7.33
2008,3,29,0,30,21.1,34,110,569,16,63,65,9.41
2008,3,29,1,30,18.8,0,0,0,0,0,0,12.19
2008,3,29,2,30,17.400000000000002,0,0,0,0,0,0,13.83
2008,3,29,3,30,16.2,0,0,0,0,0,0,15.69
2008,3,29,4,30,15,0,0,0,0,0,0,18.09
2008,3,29,5,30,13.9,0,0,0,0,0,0,20.72
2008,3,29,6,30,12.600000000000001,0,0,0,0,0,0,23.78
2008,3,29,7,30,11.5,0,0,0,0,0,0,26.22
2008,3,29,8,30,10.700000000000001,0,0,0,0,0,0,27.86
2008,3,29,9,30,9.700000000000001,0,0,0,0,0,0,29.8
2008,3,29,10,30,9.200000000000001,0,0,0,0,0,0,30.54
2008,3,29,11,30,9.3,0,0,0,0,0,0,30.26
2008,3,29,12,30,10.5,0,0,0,0,0,0,27.68
2008,3,29,13,30,13.9,35,138,654,654,35,138,21.95
2008,3,29,14,30,18.400000000000002,54,402,896,896,54,402,15.030000000000001
2008,3,29,15,30,22.400000000000002,65,654,994,994,65,654,9.92
2008,3,29,16,30,24.8,72,864,1043,1043,72,864,8.66
2008,3,29,17,30,26.6,76,1012,1069,1069,76,1012,7.47
2008,3,29,18,30,27.700000000000003,74,1088,1084,1084,74,1088,6.59
2008,3,29,19,30,28.3,72,1091,1094,1094,72,1091,5.96
2008,3,29,20,30,28.3,66,1000,1077,1077,66,1000,5.6000000000000005
2008,3,29,21,30,27.8,64,846,1049,1049,64,846,5.5600000000000005
2008,3,29,22,30,26.5,54,631,1006,1006,54,631,5.73
2008,3,29,23,30,24,44,377,911,911,44,377,6.4
2008,3,30,0,30,19.700000000000003,27,116,657,657,27,116,9.24
2008,3,30,1,30,16.5,0,0,0,0,0,0,13.47
2008,3,30,2,30,15.200000000000001,0,0,0,0,0,0,15.31
2008,3,30,3,30,13.9,0,0,0,0,0,0,17.85
2008,3,30,4,30,12.600000000000001,0,0,0,0,0,0,21.39
2008,3,30,5,30,11.4,0,0,0,0,0,0,25.490000000000002
2008,3,30,6,30,10.3,0,0,0,0,0,0,29.39
2008,3,30,7,30,9.4,0,0,0,0,0,0,32.04
2008,3,30,8,30,8.6,0,0,0,0,0,0,33.39
2008,3,30,9,30,8,0,0,0,0,0,0,33.57
2008,3,30,10,30,7.4,0,0,0,0,0,0,33.24
2008,3,30,11,30,6.9,0,0,0,0,0,0,32.13
2008,3,30,12,30,8.5,0,0,0,0,0,0,26.21
2008,3,30,13,30,12.700000000000001,30,145,713,713,30,145,18.59
2008,3,30,14,30,18.1,45,410,934,934,45,410,11.040000000000001
2008,3,30,15,30,22.700000000000003,54,662,1021,691,238,650,5.0600000000000005
2008,3,30,16,30,25.400000000000002,58,871,1067,1067,58,871,4.17
2008,3,30,17,30,27.3,62,1029,1100,1100,62,1029,3.81
2008,3,30,18,30,28.700000000000003,69,1106,1106,1106,69,1106,3.5700000000000003
2008,3,30,19,30,29.5,68,1092,1097,1097,68,1092,3.45
2008,3,30,20,30,29.6,64,1008,1086,1086,64,1008,3.46
2008,3,30,21,30,29.1,60,852,1061,1061,60,852,3.5700000000000003
2008,3,30,22,30,27.8,55,638,1012,1012,55,638,3.85
2008,3,30,23,30,25.1,46,382,915,915,46,382,4.61
2008,3,31,0,30,20.6,29,119,655,655,29,119,7.11
2008,3,31,1,30,17.5,0,0,0,0,0,0,10.700000000000001
2008,3,31,2,30,15.9,0,0,0,0,0,0,13.040000000000001
2008,3,31,3,30,14.100000000000001,0,0,0,0,0,0,15.860000000000001
2008,3,31,4,30,12.8,0,0,0,0,0,0,18.36
2008,3,31,5,30,11.700000000000001,0,0,0,0,0,0,21.17
2008,3,31,6,30,10.8,0,0,0,0,0,0,24.41
2008,3,31,7,30,9.8,0,0,0,0,0,0,28.28
2008,3,31,8,30,9,0,0,0,0,0,0,31.5
2008,3,31,9,30,8.3,0,0,0,0,0,0,33.26
2008,3,31,10,30,7.800000000000001,0,0,0,0,0,0,33.08
2008,3,31,11,30,7.300000000000001,0,0,0,0,0,0,31.43
2008,3,31,12,30,9,0,0,0,0,0,0,24.52
2008,3,31,13,30,13.600000000000001,28,149,730,730,28,149,15.860000000000001
2008,3,31,14,30,19.1,41,413,942,942,41,413,8.83
2008,3,31,15,30,23.6,47,664,1028,1028,47,664,3.69
2008,3,31,16,30,26.3,52,872,1071,1071,52,872,2.88
2008,3,31,17,30,28.200000000000003,56,1020,1094,1094,56,1020,2.91
2008,3,31,18,30,29.6,59,1095,1103,1103,59,1095,3.12
2008,3,31,19,30,30.5,60,1083,1093,1093,60,1083,3.34
2008,3,31,20,30,30.700000000000003,60,1001,1081,1081,60,1001,3.59
2008,3,31,21,30,30.400000000000002,66,849,1047,763,268,839,3.84
2008,3,31,22,30,29.3,60,635,996,395,300,528,4.2
2008,3,31,23,30,26.400000000000002,51,380,891,621,123,352,5.08
2008,4,1,0,30,21.700000000000003,32,117,620,318,62,106,8.290000000000001
2008,4,1,1,30,18.6,0,0,0,0,0,0,10.94
2008,4,1,2,30,17.2,0,0,0,0,0,0,11.83
2008,4,1,3,30,15.5,0,0,0,0,0,0,13.870000000000001
2008,4,1,4,30,14.100000000000001,0,0,0,0,0,0,16.28
2008,4,1,5,30,13.100000000000001,0,0,0,0,0,0,18.1
2008,4,1,6,30,12.3,0,0,0,0,0,0,19.61
2008,4,1,7,30,11.600000000000001,0,0,0,0,0,0,21
2008,4,1,8,30,11.100000000000001,0,0,0,0,0,0,21.97
2008,4,1,9,30,10.8,0,0,0,0,0,0,22.39
2008,4,1,10,30,10.8,0,0,0,0,0,0,21.98
2008,4,1,11,30,11,0,0,0,0,0,0,20.92
2008,4,1,12,30,12.4,0,0,0,0,0,0,18.47
2008,4,1,13,30,16.2,34,149,682,682,34,149,16.44
2008,4,1,14,30,21.400000000000002,51,412,907,907,51,412,10.200000000000001
2008,4,1,15,30,25.3,61,661,997,997,61,661,8.08
2008,4,1,16,30,27.6,67,868,1042,1042,67,868,7.13
2008,4,1,17,30,29.200000000000003,71,1014,1068,1068,71,1014,6.51
2008,4,1,18,30,30.3,78,1088,1073,1073,78,1088,6.13
2008,4,1,19,30,31,77,1078,1067,1067,77,1078,5.88
2008,4,1,20,30,31.200000000000003,73,995,1056,1056,73,995,5.79
2008,4,1,21,30,31,69,840,1029,1029,69,840,5.82
2008,4,1,22,30,30.200000000000003,62,627,978,978,62,627,6.04
2008,4,1,23,30,27.900000000000002,51,375,876,876,51,375,6.87
2008,4,2,0,30,23.700000000000003,31,117,611,611,31,117,12.700000000000001
2008,4,2,1,30,20.700000000000003,0,0,0,0,0,0,14.56
2008,4,2,2,30,19.700000000000003,0,0,0,0,0,0,15.24
2008,4,2,3,30,18.1,0,0,0,0,0,0,16.87
2008,4,2,4,30,16.3,0,0,0,0,0,0,19.72
2008,4,2,5,30,15.5,0,0,0,0,0,0,21.94
2008,4,2,6,30,15.200000000000001,0,0,0,0,0,0,23.740000000000002
2008,4,2,7,30,15,0,0,0,0,0,0,25.740000000000002
2008,4,2,8,30,14.5,0,0,0,0,0,0,29.830000000000002
2008,4,2,9,30,13.9,0,0,0,0,0,0,34.99
2008,4,2,10,30,13.3,0,0,0,0,0,0,39.81
2008,4,2,11,30,12.9,0,0,0,0,0,0,42.31
2008,4,2,12,30,13.200000000000001,0,0,0,0,0,0,40.53
2008,4,2,13,30,15.5,39,145,617,33,95,101,33.88
2008,4,2,14,30,19.400000000000002,60,403,855,855,60,403,29.1
2008,4,2,15,30,24,71,649,953,953,71,649,22.81
2008,4,2,16,30,27.6,78,853,1005,1005,78,853,14.11
2008,4,2,17,30,29.700000000000003,83,1001,1036,1036,83,1001,10.82
2008,4,2,18,30,30.8,88,1073,1044,1044,88,1073,9.42
2008,4,2,19,30,31.5,87,1068,1043,1043,87,1068,8.46
2008,4,2,20,30,31.700000000000003,85,985,1030,1030,85,985,7.84
2008,4,2,21,30,31.400000000000002,86,829,989,989,86,829,7.57
2008,4,2,22,30,30.5,76,617,935,935,76,617,7.7
2008,4,2,23,30,28.700000000000003,61,367,822,148,217,272,8.35
2008,4,3,0,30,26,37,112,535,173,71,95,12.65
2008,4,3,1,30,23.1,0,0,0,0,0,0,14.76
2008,4,3,2,30,20.5,0,0,0,0,0,0,17.830000000000002
2008,4,3,3,30,18.400000000000002,0,0,0,0,0,0,20.17
2008,4,3,4,30,16.6,0,0,0,0,0,0,23.61
2008,4,3,5,30,15,0,0,0,0,0,0,26.37
2008,4,3,6,30,13.600000000000001,0,0,0,0,0,0,27.93
2008,4,3,7,30,12.5,0,0,0,0,0,0,28.84
2008,4,3,8,30,11.700000000000001,0,0,0,0,0,0,29.04
2008,4,3,9,30,11.100000000000001,0,0,0,0,0,0,29.04
2008,4,3,10,30,10.600000000000001,0,0,0,0,0,0,28.78
2008,4,3,11,30,10.3,0,0,0,0,0,0,28.060000000000002
2008,4,3,12,30,12.100000000000001,0,0,0,0,0,0,23.53
2008,4,3,13,30,16.5,40,153,644,644,40,153,17.87
2008,4,3,14,30,21.700000000000003,60,416,880,880,60,416,11.41
2008,4,3,15,30,25.700000000000003,70,666,978,978,70,666,7.08
2008,4,3,16,30,27.900000000000002,77,873,1028,1028,77,873,6.16
2008,4,3,17,30,29.3,80,1013,1050,1050,80,1013,6.2
2008,4,3,18,30,30.400000000000002,88,1085,1054,1054,88,1085,6.37
2008,4,3,19,30,31,88,1079,1053,1053,88,1079,6.6000000000000005
2008,4,3,20,30,31.1,86,990,1033,1033,86,990,6.88
2008,4,3,21,30,30.8,82,831,995,995,82,831,7.22
2008,4,3,22,30,29.700000000000003,77,618,930,930,77,618,7.88
2008,4,3,23,30,27.6,66,363,798,798,66,363,9.17
2008,4,4,0,30,24.6,39,111,506,506,39,111,11.68
2008,4,4,1,30,21.8,0,0,0,0,0,0,14.86
2008,4,4,2,30,19.6,0,0,0,0,0,0,17.69
2008,4,4,3,30,17.7,0,0,0,0,0,0,20.04
2008,4,4,4,30,16.3,0,0,0,0,0,0,20.95
2008,4,4,5,30,15.600000000000001,0,0,0,0,0,0,20.55
2008,4,4,6,30,15.5,0,0,0,0,0,0,19.18
2008,4,4,7,30,15.200000000000001,0,0,0,0,0,0,17.97
2008,4,4,8,30,14.700000000000001,0,0,0,0,0,0,16.67
2008,4,4,9,30,14.200000000000001,0,0,0,0,0,0,15.25
2008,4,4,10,30,13.4,0,0,0,0,0,0,14.73
2008,4,4,11,30,12.200000000000001,0,0,0,0,0,0,15.43
2008,4,4,12,30,12.600000000000001,0,0,0,0,0,0,14.99
2008,4,4,13,30,15.700000000000001,40,161,670,35,94,100,12.13
2008,4,4,14,30,19.3,61,423,886,624,138,392,7.74
2008,4,4,15,30,21.900000000000002,73,669,974,536,228,556,5.86
2008,4,4,16,30,24.200000000000003,80,875,1023,484,325,702,5.3500000000000005
2008,4,4,17,30,26.200000000000003,84,1020,1050,701,282,907,4.99
2008,4,4,18,30,27.6,87,1093,1060,1060,87,1093,4.9
2008,4,4,19,30,28.3,89,1086,1057,1057,89,1086,4.96
2008,4,4,20,30,28.8,86,1001,1044,1044,86,1001,4.97
2008,4,4,21,30,29,77,852,1028,1028,77,852,4.97
2008,4,4,22,30,28.400000000000002,68,637,977,977,68,637,5.1000000000000005
2008,4,4,23,30,26.3,56,382,873,873,56,382,5.74
2008,4,5,0,30,22.1,34,120,595,595,34,120,7.96
2008,4,5,1,30,18.3,0,0,0,0,0,0,11.76
2008,4,5,2,30,16,0,0,0,0,0,0,15.43
2008,4,5,3,30,14,0,0,0,0,0,0,19.42
2008,4,5,4,30,12.4,0,0,0,0,0,0,22.04
2008,4,5,5,30,11,0,0,0,0,0,0,23.09
2008,4,5,6,30,9.8,0,0,0,0,0,0,23.06
2008,4,5,7,30,8.700000000000001,0,0,0,0,0,0,22.38
2008,4,5,8,30,7.7,0,0,0,0,0,0,21.11
2008,4,5,9,30,6.800000000000001,0,0,0,0,0,0,20.2
2008,4,5,10,30,6.1000000000000005,0,0,0,0,0,0,20.19
2008,4,5,11,30,5.6000000000000005,0,0,0,0,0,0,20.85
2008,4,5,12,30,7.1000000000000005,0,0,0,0,0,0,19.05
2008,4,5,13,30,11.100000000000001,39,172,726,726,39,172,15.32
2008,4,5,14,30,16.5,57,444,941,941,57,444,10.41
2008,4,5,15,30,21.1,67,691,1015,1015,67,691,6.0600000000000005
2008,4,5,16,30,23.900000000000002,73,901,1062,1062,73,901,4.08
2008,4,5,17,30,25.900000000000002,76,1047,1086,1086,76,1047,3.14
2008,4,5,18,30,27.3,76,1120,1099,1099,76,1120,2.77
2008,4,5,19,30,28.1,75,1113,1098,1098,75,1113,2.66
2008,4,5,20,30,28.200000000000003,73,1028,1086,1086,73,1028,2.71
2008,4,5,21,30,27.5,70,870,1059,1059,70,870,2.94
2008,4,5,22,30,26.1,63,652,1009,1009,63,652,3.36
2008,4,5,23,30,23.8,52,394,910,910,52,394,4.24
2008,4,6,0,30,19.8,33,127,649,649,33,127,6.46
2008,4,6,1,30,16.6,0,0,0,0,0,0,10.5
2008,4,6,2,30,15,0,0,0,0,0,0,14.44
2008,4,6,3,30,13.4,0,0,0,0,0,0,19.400000000000002
2008,4,6,4,30,11.8,0,0,0,0,0,0,25.27
2008,4,6,5,30,10.200000000000001,0,0,0,0,0,0,31.59
2008,4,6,6,30,9,0,0,0,0,0,0,37.18
2008,4,6,7,30,7.9,0,0,0,0,0,0,42.39
2008,4,6,8,30,7,0,0,0,0,0,0,46.17
2008,4,6,9,30,6.2,0,0,0,0,0,0,48
2008,4,6,10,30,5.6000000000000005,0,0,0,0,0,0,47.29
2008,4,6,11,30,5.1000000000000005,0,0,0,0,0,0,44.2
2008,4,6,12,30,6.7,0,0,0,0,0,0,34.230000000000004
2008,4,6,13,30,10.9,40,176,723,723,40,176,22.02
2008,4,6,14,30,16.3,58,447,937,937,58,447,13.3
2008,4,6,15,30,20.900000000000002,70,703,1024,1024,70,703,5.5200000000000005
2008,4,6,16,30,23.6,77,914,1069,1069,77,914,3.97
2008,4,6,17,30,25.700000000000003,80,1062,1095,1095,80,1062,3.34
2008,4,6,18,30,27.200000000000003,83,1135,1104,1104,83,1135,3.0100000000000002
2008,4,6,19,30,28.1,83,1128,1103,1103,83,1128,2.82
2008,4,6,20,30,28.400000000000002,80,1041,1091,1091,80,1041,2.71
2008,4,6,21,30,28.1,73,881,1069,1069,73,881,2.69
2008,4,6,22,30,27.200000000000003,65,661,1020,1020,65,661,2.7800000000000002
2008,4,6,23,30,24.5,54,394,905,905,54,394,3.3000000000000003
2008,4,7,0,30,20.1,34,128,644,644,34,128,7.2
2008,4,7,1,30,16.6,0,0,0,0,0,0,10.4
2008,4,7,2,30,15.200000000000001,0,0,0,0,0,0,12.040000000000001
2008,4,7,3,30,14.700000000000001,0,0,0,0,0,0,12.67
2008,4,7,4,30,14.100000000000001,0,0,0,0,0,0,12.96
2008,4,7,5,30,13.200000000000001,0,0,0,0,0,0,13.66
2008,4,7,6,30,12.5,0,0,0,0,0,0,14.44
2008,4,7,7,30,11.9,0,0,0,0,0,0,15.34
2008,4,7,8,30,11.200000000000001,0,0,0,0,0,0,16.48
2008,4,7,9,30,10.600000000000001,0,0,0,0,0,0,17.580000000000002
2008,4,7,10,30,10.200000000000001,0,0,0,0,0,0,18.31
2008,4,7,11,30,9.9,0,0,0,0,0,0,18.86
2008,4,7,12,30,10.600000000000001,0,0,0,0,0,0,18.22
2008,4,7,13,30,13.8,39,176,721,721,39,176,16.64
2008,4,7,14,30,18.5,56,445,929,929,56,445,11.07
2008,4,7,15,30,22.400000000000002,67,698,1015,1015,67,698,7.79
2008,4,7,16,30,24.6,74,906,1060,1060,74,906,6.26
2008,4,7,17,30,26.3,78,1052,1084,1084,78,1052,5.2700000000000005
2008,4,7,18,30,27.5,76,1124,1098,1098,76,1124,4.66
2008,4,7,19,30,28.400000000000002,76,1117,1097,1097,76,1117,4.25
2008,4,7,20,30,28.8,74,1031,1086,1086,74,1031,3.99
2008,4,7,21,30,28.6,72,872,1055,1055,72,872,3.9
2008,4,7,22,30,27.900000000000002,65,654,1006,1006,65,654,3.94
2008,4,7,23,30,26.1,53,397,910,910,53,397,4.29
2008,4,8,0,30,23.5,33,128,646,646,33,128,7.63
2008,4,8,1,30,20.5,0,0,0,0,0,0,8.77
2008,4,8,2,30,17.6,0,0,0,0,0,0,11.040000000000001
2008,4,8,3,30,15.4,0,0,0,0,0,0,14.61
2008,4,8,4,30,13.600000000000001,0,0,0,0,0,0,23.07
2008,4,8,5,30,12.200000000000001,0,0,0,0,0,0,33.09
2008,4,8,6,30,11,0,0,0,0,0,0,38.32
2008,4,8,7,30,9.9,0,0,0,0,0,0,40.49
2008,4,8,8,30,9,0,0,0,0,0,0,40.94
2008,4,8,9,30,8.1,0,0,0,0,0,0,39.94
2008,4,8,10,30,7.5,0,0,0,0,0,0,37.36
2008,4,8,11,30,7,0,0,0,0,0,0,34.69
2008,4,8,12,30,8.8,0,0,0,0,0,0,27.98
2008,4,8,13,30,13.4,38,179,727,727,38,179,19.3
2008,4,8,14,30,17.900000000000002,55,445,926,926,55,445,12.27
2008,4,8,15,30,21.3,65,695,1010,1010,65,695,8.49
2008,4,8,16,30,23.8,71,901,1054,1054,71,901,7.0600000000000005
2008,4,8,17,30,25.900000000000002,75,1045,1077,1077,75,1045,5.92
2008,4,8,18,30,27.5,79,1116,1085,1085,79,1116,5.15
2008,4,8,19,30,28.5,76,1101,1078,1078,76,1101,4.7700000000000005
2008,4,8,20,30,29,74,1015,1066,1066,74,1015,4.62
2008,4,8,21,30,28.900000000000002,69,859,1040,765,269,850,4.63
2008,4,8,22,30,28.3,61,644,993,993,61,644,4.75
2008,4,8,23,30,26.400000000000002,50,391,899,899,50,391,5.28
2008,4,9,0,30,23.400000000000002,32,129,651,651,32,129,9.27
2008,4,9,1,30,20.900000000000002,0,0,0,0,0,0,10.49
2008,4,9,2,30,18.3,0,0,0,0,0,0,12.58
2008,4,9,3,30,15.700000000000001,0,0,0,0,0,0,17.13
2008,4,9,4,30,13.8,0,0,0,0,0,0,26.84
2008,4,9,5,30,12.200000000000001,0,0,0,0,0,0,38.49
2008,4,9,6,30,11.100000000000001,0,0,0,0,0,0,45.39
2008,4,9,7,30,10.4,0,0,0,0,0,0,47.82
2008,4,9,8,30,9.9,0,0,0,0,0,0,48.370000000000005
2008,4,9,9,30,9.3,0,0,0,0,0,0,47.9
2008,4,9,10,30,8.8,0,0,0,0,0,0,45.72
2008,4,9,11,30,8.5,0,0,0,0,0,0,42.59
2008,4,9,12,30,10.3,0,0,0,0,0,0,35.14
2008,4,9,13,30,14.4,38,181,725,725,38,181,26.07
2008,4,9,14,30,19.5,53,445,922,922,53,445,18.23
2008,4,9,15,30,24.1,62,693,1007,1007,62,693,10.8
2008,4,9,16,30,26.900000000000002,68,897,1050,1050,68,897,8.17
2008,4,9,17,30,28.900000000000002,71,1040,1073,1073,71,1040,6.890000000000001
2008,4,9,18,30,30.200000000000003,71,1104,1078,1078,71,1104,6.3
2008,4,9,19,30,30.8,69,1096,1078,1078,69,1096,6.01
2008,4,9,20,30,30.6,67,1010,1066,1066,67,1010,5.97
2008,4,9,21,30,29.6,76,859,1030,1030,76,859,6.15
2008,4,9,22,30,28,64,645,988,654,243,628,6.53
2008,4,9,23,30,25.6,52,392,891,626,132,370,7.4
2008,4,10,0,30,22.1,33,130,638,72,81,92,9.48
2008,4,10,1,30,18.900000000000002,0,0,0,0,0,0,13.09
2008,4,10,2,30,16.8,0,0,0,0,0,0,17.11
2008,4,10,3,30,15.100000000000001,0,0,0,0,0,0,21.77
2008,4,10,4,30,13.600000000000001,0,0,0,0,0,0,27.310000000000002
2008,4,10,5,30,12.3,0,0,0,0,0,0,33.01
2008,4,10,6,30,11.4,0,0,0,0,0,0,37.01
2008,4,10,7,30,10.8,0,0,0,0,0,0,38.36
2008,4,10,8,30,10.3,0,0,0,0,0,0,38.49
2008,4,10,9,30,9.8,0,0,0,0,0,0,38.300000000000004
2008,4,10,10,30,9.200000000000001,0,0,0,0,0,0,38.14
2008,4,10,11,30,8.4,0,0,0,0,0,0,38.18
2008,4,10,12,30,9.600000000000001,0,0,0,0,0,0,33.45
2008,4,10,13,30,13.600000000000001,39,186,729,182,105,142,24.52
2008,4,10,14,30,18.7,56,452,925,925,56,452,15.52
2008,4,10,15,30,23,66,701,1008,692,253,690,8.43
2008,4,10,16,30,25.900000000000002,73,906,1051,1051,73,906,6.2700000000000005
2008,4,10,17,30,28.1,76,1049,1075,1075,76,1049,5.16
2008,4,10,18,30,29.5,83,1119,1079,878,232,1075,4.59
2008,4,10,19,30,30.200000000000003,81,1103,1072,1072,81,1103,4.38
2008,4,10,20,30,30.200000000000003,78,1017,1060,1060,78,1017,4.46
2008,4,10,21,30,29.3,71,860,1036,1036,71,860,4.86
2008,4,10,22,30,27.8,64,645,986,665,240,632,5.55
2008,4,10,23,30,25.6,53,392,887,887,53,392,6.76
2008,4,11,0,30,21.8,34,131,638,638,34,131,9.450000000000001
2008,4,11,1,30,18.6,0,0,0,0,0,0,13.64
2008,4,11,2,30,17.1,0,0,0,0,0,0,17.21
2008,4,11,3,30,15.600000000000001,0,0,0,0,0,0,21.81
2008,4,11,4,30,14.200000000000001,0,0,0,0,0,0,27.09
2008,4,11,5,30,13.100000000000001,0,0,0,0,0,0,31.92
2008,4,11,6,30,12.3,0,0,0,0,0,0,35.410000000000004
2008,4,11,7,30,11.4,0,0,0,0,0,0,37.03
2008,4,11,8,30,10.600000000000001,0,0,0,0,0,0,37.29
2008,4,11,9,30,9.700000000000001,0,0,0,0,0,0,37.87
2008,4,11,10,30,8.9,0,0,0,0,0,0,38.72
2008,4,11,11,30,8.200000000000001,0,0,0,0,0,0,39.63
2008,4,11,12,30,9.5,0,0,0,0,0,0,35.61
2008,4,11,13,30,13.4,39,190,736,156,111,143,27.21
2008,4,11,14,30,17.400000000000002,56,456,928,928,56,456,18.150000000000002
2008,4,11,15,30,20.6,66,704,1008,1008,66,704,12.63
2008,4,11,16,30,23.3,72,902,1044,1044,72,902,9.47
2008,4,11,17,30,25.5,77,1044,1066,796,288,1010,7.3
2008,4,11,18,30,27,88,1112,1064,720,282,975,6.09
2008,4,11,19,30,27.700000000000003,89,1103,1062,719,256,942,5.5200000000000005
2008,4,11,20,30,27.8,86,1017,1049,576,330,840,5.26
2008,4,11,21,30,27.5,81,859,1020,592,254,706,5.15
2008,4,11,22,30,26.8,73,644,966,175,367,471,5.18
2008,4,11,23,30,25.1,60,390,861,76,234,263,5.66
2008,4,12,0,30,22.200000000000003,38,130,598,7,59,60,10.24
2008,4,12,1,30,19.8,0,0,0,0,0,0,12.15
2008,4,12,2,30,18,0,0,0,0,0,0,13.63
2008,4,12,3,30,16.3,0,0,0,0,0,0,14.98
2008,4,12,4,30,14.9,0,0,0,0,0,0,16.17
2008,4,12,5,30,14,0,0,0,0,0,0,17.080000000000002
2008,4,12,6,30,13.100000000000001,0,0,0,0,0,0,17.76
2008,4,12,7,30,12.100000000000001,0,0,0,0,0,0,18.650000000000002
2008,4,12,8,30,11.200000000000001,0,0,0,0,0,0,21
2008,4,12,9,30,10.600000000000001,0,0,0,0,0,0,28.57
2008,4,12,10,30,10.200000000000001,0,0,0,0,0,0,48.25
2008,4,12,11,30,9.700000000000001,0,0,0,0,0,0,73.86
2008,4,12,12,30,11.100000000000001,0,0,0,0,0,0,82.43
2008,4,12,13,30,14.700000000000001,63,167,504,504,63,167,72.51
2008,4,12,14,30,18.8,91,420,757,396,218,390,57.32
2008,4,12,15,30,22.400000000000002,106,662,876,876,106,662,38.12
2008,4,12,16,30,25.1,117,859,931,698,299,856,25.1
2008,4,12,17,30,27,128,996,955,955,128,996,18.53
2008,4,12,18,30,28.3,130,1065,970,970,130,1065,15.44
2008,4,12,19,30,29,148,1050,943,366,440,790,13.83
2008,4,12,20,30,29.200000000000003,153,961,910,5,329,333,12.84
2008,4,12,21,30,28.700000000000003,159,801,841,298,381,610,12.700000000000001
2008,4,12,22,30,27.6,145,588,749,127,295,370,13.57
2008,4,12,23,30,25.6,118,343,587,12,141,146,16.04
2008,4,13,0,30,22.8,65,104,250,8,83,84,20.86
2008,4,13,1,30,20.3,0,0,0,0,0,0,27.650000000000002
2008,4,13,2,30,18.6,0,0,0,0,0,0,35.42
2008,4,13,3,30,17.400000000000002,0,0,0,0,0,0,43.45
2008,4,13,4,30,16.400000000000002,0,0,0,0,0,0,53.18
2008,4,13,5,30,15.4,0,0,0,0,0,0,63.81
2008,4,13,6,30,14.5,0,0,0,0,0,0,71.57000000000001
2008,4,13,7,30,13.600000000000001,0,0,0,0,0,0,75.91
2008,4,13,8,30,12.8,0,0,0,0,0,0,77.59
2008,4,13,9,30,12.100000000000001,0,0,0,0,0,0,77.11
2008,4,13,10,30,11.4,0,0,0,0,0,0,77.75
2008,4,13,11,30,10.9,0,0,0,0,0,0,78.91
2008,4,13,12,30,11.200000000000001,0,0,0,0,0,0,76.5
2008,4,13,13,30,12.9,67,165,463,463,67,165,67.78
2008,4,13,14,30,16.1,102,411,708,11,207,212,54.71
2008,4,13,15,30,19.8,122,648,824,151,388,485,43.53
2008,4,13,16,30,22.3,136,844,885,16,400,412,36.33
2008,4,13,17,30,23.700000000000003,145,978,914,590,395,932,31.84
2008,4,13,18,30,24.5,160,1042,914,914,160,1042,29.04
2008,4,13,19,30,24.6,174,1025,887,887,174,1025,28.16
2008,4,13,20,30,24,186,932,839,98,488,575,29.27
2008,4,13,21,30,22.400000000000002,159,783,816,2,205,207,33.27
2008,4,13,22,30,20.3,149,572,712,2,149,150,39.93
2008,4,13,23,30,18,126,330,530,530,126,330,49.64
2008,4,14,0,30,15.9,66,100,218,218,66,100,60.52
2008,4,14,1,30,14.3,0,0,0,0,0,0,69.58
2008,4,14,2,30,13.3,0,0,0,0,0,0,73.89
2008,4,14,3,30,12.5,0,0,0,0,0,0,75.10000000000001
2008,4,14,4,30,11.9,0,0,0,0,0,0,75.23
2008,4,14,5,30,11.3,0,0,0,0,0,0,75.89
2008,4,14,6,30,10.8,0,0,0,0,0,0,77.08
2008,4,14,7,30,10.3,0,0,0,0,0,0,79.39
2008,4,14,8,30,9.700000000000001,0,0,0,0,0,0,82.46000000000001
2008,4,14,9,30,9.200000000000001,0,0,0,0,0,0,85.23
2008,4,14,10,30,8.6,0,0,0,0,0,0,87.96000000000001
2008,4,14,11,30,8.200000000000001,0,0,0,0,0,0,89.04
2008,4,14,12,30,9,0,0,0,0,0,0,83.16
2008,4,14,13,30,11.9,54,178,579,579,54,178,67.42
2008,4,14,14,30,15.5,78,429,797,797,78,429,51.63
2008,4,14,15,30,18.7,92,667,898,898,92,667,40.800000000000004
2008,4,14,16,30,21.200000000000003,100,864,953,953,100,864,33.9
2008,4,14,17,30,23.1,106,1002,981,981,106,1002,28.98
2008,4,14,18,30,24.3,106,1069,996,996,106,1069,25.92
2008,4,14,19,30,24.900000000000002,109,1059,990,990,109,1059,24.21
2008,4,14,20,30,25,108,970,968,968,108,970,23.32
2008,4,14,21,30,24.6,102,817,933,485,307,679,23.44
2008,4,14,22,30,23.6,95,605,859,0,96,97,24.61
2008,4,14,23,30,22.1,81,360,722,6,167,169,27.13
2008,4,15,0,30,20.1,51,114,399,92,85,100,33.06
2008,4,15,1,30,18.1,0,0,0,0,0,0,44.7
2008,4,15,2,30,16.6,0,0,0,0,0,0,53.1
2008,4,15,3,30,15.3,0,0,0,0,0,0,57.4
2008,4,15,4,30,14.4,0,0,0,0,0,0,63.120000000000005
2008,4,15,5,30,13.600000000000001,0,0,0,0,0,0,67.58
2008,4,15,6,30,12.8,0,0,0,0,0,0,72.67
2008,4,15,7,30,12.200000000000001,0,0,0,0,0,0,76.88
2008,4,15,8,30,11.600000000000001,0,0,0,0,0,0,81.49
2008,4,15,9,30,10.600000000000001,0,0,0,0,0,0,87.35000000000001
2008,4,15,10,30,9.600000000000001,0,0,0,0,0,0,92.06
2008,4,15,11,30,9,0,0,0,0,0,0,93.86
2008,4,15,12,30,10,0,0,0,0,0,0,85.57000000000001
2008,4,15,13,30,13.100000000000001,56,180,565,565,56,180,68.9
2008,4,15,14,30,16.900000000000002,81,432,792,792,81,432,51.52
2008,4,15,15,30,20,95,671,896,896,95,671,39.410000000000004
2008,4,15,16,30,22.1,103,868,951,951,103,868,32.81
2008,4,15,17,30,23.700000000000003,108,1006,981,754,286,976,28.310000000000002
2008,4,15,18,30,24.900000000000002,108,1073,996,775,277,1028,25.150000000000002
2008,4,15,19,30,25.6,108,1063,994,994,108,1063,23.05
2008,4,15,20,30,25.8,106,978,978,135,484,604,21.59
2008,4,15,21,30,25.6,96,825,950,598,232,690,20.47
2008,4,15,22,30,24.8,86,618,893,145,358,444,19.94
2008,4,15,23,30,23.400000000000002,71,371,774,516,149,349,20.62
2008,4,16,0,30,21.400000000000002,44,123,494,0,8,8,25.400000000000002
2008,4,16,1,30,20,0,0,0,0,0,0,32.38
2008,4,16,2,30,19.1,0,0,0,0,0,0,32.480000000000004
2008,4,16,3,30,17.900000000000002,0,0,0,0,0,0,34.51
2008,4,16,4,30,16.7,0,0,0,0,0,0,38.69
2008,4,16,5,30,15.4,0,0,0,0,0,0,44.43
2008,4,16,6,30,14.100000000000001,0,0,0,0,0,0,51.15
2008,4,16,7,30,13.200000000000001,0,0,0,0,0,0,56.44
2008,4,16,8,30,12.600000000000001,0,0,0,0,0,0,62.25
2008,4,16,9,30,12.200000000000001,0,0,0,0,0,0,68.03
2008,4,16,10,30,11.8,0,0,0,0,0,0,72.47
2008,4,16,11,30,11.4,0,0,0,0,0,0,75.27
2008,4,16,12,30,12.5,0,0,0,0,0,0,69.56
2008,4,16,13,30,15.9,54,185,590,590,54,185,54.870000000000005
2008,4,16,14,30,19.700000000000003,77,439,813,813,77,439,37.93
2008,4,16,15,30,22.400000000000002,89,681,916,916,89,681,28.44
2008,4,16,16,30,24.200000000000003,97,878,968,968,97,878,23.44
2008,4,16,17,30,25.700000000000003,103,1015,995,771,278,985,20.22
2008,4,16,18,30,26.8,103,1081,1008,1008,103,1081,17.78
2008,4,16,19,30,27.5,103,1075,1010,1010,103,1075,15.83
2008,4,16,20,30,27.8,100,989,996,996,100,989,14.35
2008,4,16,21,30,27.6,91,835,968,968,91,835,13.46
2008,4,16,22,30,27,81,625,911,911,81,625,13.09
2008,4,16,23,30,25.5,66,381,808,808,66,381,13.55
2008,4,17,0,30,22.8,41,129,544,544,41,129,20.150000000000002
2008,4,17,1,30,20.400000000000002,0,0,0,0,0,0,26.830000000000002
2008,4,17,2,30,18.6,0,0,0,0,0,0,27.810000000000002
2008,4,17,3,30,16.900000000000002,0,0,0,0,0,0,31.36
2008,4,17,4,30,15.4,0,0,0,0,0,0,32.660000000000004
2008,4,17,5,30,14,0,0,0,0,0,0,36.65
2008,4,17,6,30,13,0,0,0,0,0,0,43.02
2008,4,17,7,30,12.100000000000001,0,0,0,0,0,0,48.94
2008,4,17,8,30,11.3,0,0,0,0,0,0,51.75
2008,4,17,9,30,10.600000000000001,0,0,0,0,0,0,52.230000000000004
2008,4,17,10,30,9.9,0,0,0,0,0,0,51.79
2008,4,17,11,30,9.4,0,0,0,0,0,0,50.44
2008,4,17,12,30,11,0,0,0,0,0,0,42.96
2008,4,17,13,30,15.100000000000001,41,208,742,742,41,208,32.34
2008,4,17,14,30,19.400000000000002,56,475,934,934,56,475,21.650000000000002
2008,4,17,15,30,22.8,65,721,1012,1012,65,721,12.88
2008,4,17,16,30,25,71,922,1052,1052,71,922,9.49
2008,4,17,17,30,26.6,76,1054,1065,1065,76,1054,7.72
2008,4,17,18,30,27.8,80,1120,1071,1071,80,1120,6.91
2008,4,17,19,30,28.700000000000003,78,1110,1072,1072,78,1110,6.46
2008,4,17,20,30,29.1,74,1023,1060,1060,74,1023,6.24
2008,4,17,21,30,29,69,866,1036,1036,69,866,6.16
2008,4,17,22,30,28.400000000000002,62,652,987,987,62,652,6.21
2008,4,17,23,30,26.5,52,400,892,892,52,400,6.69
2008,4,18,0,30,22.200000000000003,34,140,658,658,34,140,11.19
2008,4,18,1,30,18.8,0,0,0,0,0,0,17.080000000000002
2008,4,18,2,30,17.400000000000002,0,0,0,0,0,0,17.21
2008,4,18,3,30,15.700000000000001,0,0,0,0,0,0,21.05
2008,4,18,4,30,14.200000000000001,0,0,0,0,0,0,26.38
2008,4,18,5,30,13.100000000000001,0,0,0,0,0,0,30.330000000000002
2008,4,18,6,30,12,0,0,0,0,0,0,32.68
2008,4,18,7,30,11,0,0,0,0,0,0,33.68
2008,4,18,8,30,10.100000000000001,0,0,0,0,0,0,33.76
2008,4,18,9,30,9.4,0,0,0,0,0,0,32.8
2008,4,18,10,30,8.700000000000001,0,0,0,0,0,0,31.52
2008,4,18,11,30,8,0,0,0,0,0,0,29.7
2008,4,18,12,30,8.6,0,0,0,0,0,0,24.68
2008,4,18,13,30,10.9,40,214,763,763,40,214,17.080000000000002
2008,4,18,14,30,13.9,57,477,932,932,57,477,15.67
2008,4,18,15,30,17,67,723,1007,1007,67,723,16.96
2008,4,18,16,30,20,75,916,1038,1038,75,916,16.38
2008,4,18,17,30,22.700000000000003,80,1055,1059,1059,80,1055,14.1
2008,4,18,18,30,24.700000000000003,84,1121,1066,1066,84,1121,11.39
2008,4,18,19,30,26,84,1110,1064,1064,84,1110,9.65
2008,4,18,20,30,26.6,82,1023,1051,1051,82,1023,8.76
2008,4,18,21,30,26.6,82,859,1008,1008,82,859,8.38
2008,4,18,22,30,26,73,645,956,956,73,645,8.44
2008,4,18,23,30,24.3,60,394,853,499,176,372,9.25
2008,4,19,0,30,20.8,39,137,601,233,80,118,12.89
2008,4,19,1,30,17.8,0,0,0,0,0,0,17.490000000000002
2008,4,19,2,30,16,0,0,0,0,0,0,18.16
2008,4,19,3,30,14.200000000000001,0,0,0,0,0,0,19.62
2008,4,19,4,30,12.700000000000001,0,0,0,0,0,0,20.81
2008,4,19,5,30,11.4,0,0,0,0,0,0,24.150000000000002
2008,4,19,6,30,10.700000000000001,0,0,0,0,0,0,32.56
2008,4,19,7,30,10.3,0,0,0,0,0,0,52.2
2008,4,19,8,30,9.700000000000001,0,0,0,0,0,0,73.39
2008,4,19,9,30,9.1,0,0,0,0,0,0,85.07000000000001
2008,4,19,10,30,8.6,0,0,0,0,0,0,90.77
2008,4,19,11,30,8.5,0,0,0,0,0,0,92.83
2008,4,19,12,30,9.600000000000001,0,0,0,0,0,0,87.49
2008,4,19,13,30,12.700000000000001,51,203,659,659,51,203,72.94
2008,4,19,14,30,17.7,68,464,872,872,68,464,52.83
2008,4,19,15,30,23,76,707,968,968,76,707,29.84
2008,4,19,16,30,26.700000000000003,80,906,1016,1016,80,906,14.3
2008,4,19,17,30,28.900000000000002,83,1044,1041,1041,83,1044,10.19
2008,4,19,18,30,30.400000000000002,89,1109,1046,1046,89,1109,8.620000000000001
2008,4,19,19,30,31.3,88,1098,1045,1045,88,1098,7.84
2008,4,19,20,30,31.6,85,1011,1033,1033,85,1011,7.57
2008,4,19,21,30,31.3,77,851,1004,1004,77,851,7.7
2008,4,19,22,30,30.5,68,637,949,949,68,637,8.19
2008,4,19,23,30,28.5,58,387,840,840,58,387,9.5
2008,4,20,0,30,24.3,38,134,587,587,38,134,14.96
2008,4,20,1,30,21.1,0,0,0,0,0,0,21.06
2008,4,20,2,30,20,0,0,0,0,0,0,21.36
2008,4,20,3,30,18.6,0,0,0,0,0,0,22.91
2008,4,20,4,30,17.1,0,0,0,0,0,0,24.310000000000002
2008,4,20,5,30,16.1,0,0,0,0,0,0,24.66
2008,4,20,6,30,15.3,0,0,0,0,0,0,25.55
2008,4,20,7,30,14.3,0,0,0,0,0,0,27.71
2008,4,20,8,30,13.600000000000001,0,0,0,0,0,0,29.95
2008,4,20,9,30,13.3,0,0,0,0,0,0,31.75
2008,4,20,10,30,13.3,0,0,0,0,0,0,31.66
2008,4,20,11,30,13.100000000000001,0,0,0,0,0,0,31.78
2008,4,20,12,30,13.9,0,0,0,0,0,0,29.810000000000002
2008,4,20,13,30,17.2,52,200,634,274,110,174,23.16
2008,4,20,14,30,21.400000000000002,75,454,829,829,75,454,14.61
2008,4,20,15,30,24.700000000000003,88,692,920,632,269,682,12.09
2008,4,20,16,30,27.200000000000003,96,887,971,971,96,887,10.98
2008,4,20,17,30,29.1,102,1023,997,789,264,992,10.200000000000001
2008,4,20,18,30,30.5,103,1089,1010,776,283,1040,9.56
2008,4,20,19,30,31.200000000000003,100,1075,1008,1008,100,1075,9.22
2008,4,20,20,30,31.3,95,989,996,996,95,989,9.22
2008,4,20,21,30,30.6,91,837,967,967,91,837,9.69
2008,4,20,22,30,29.3,77,630,920,920,77,630,10.55
2008,4,20,23,30,27.400000000000002,61,386,825,825,61,386,12.01
2008,4,21,0,30,24.1,37,136,590,590,37,136,15.11
2008,4,21,1,30,21.3,0,0,0,0,0,0,19.53
2008,4,21,2,30,20.1,0,0,0,0,0,0,21.07
2008,4,21,3,30,18.8,0,0,0,0,0,0,22.75
2008,4,21,4,30,17.5,0,0,0,0,0,0,25.27
2008,4,21,5,30,16.400000000000002,0,0,0,0,0,0,28.32
2008,4,21,6,30,15.4,0,0,0,0,0,0,31.01
2008,4,21,7,30,14.600000000000001,0,0,0,0,0,0,33.15
2008,4,21,8,30,13.8,0,0,0,0,0,0,36
2008,4,21,9,30,13.200000000000001,0,0,0,0,0,0,37.78
2008,4,21,10,30,12.5,0,0,0,0,0,0,38.81
2008,4,21,11,30,12.100000000000001,0,0,0,0,0,0,37.77
2008,4,21,12,30,14,0,0,0,0,0,0,31.55
2008,4,21,13,30,18.2,39,215,745,745,39,215,22.38
2008,4,21,14,30,22.5,53,473,914,914,53,473,14.040000000000001
2008,4,21,15,30,25.8,61,712,990,990,61,712,7.65
2008,4,21,16,30,27.900000000000002,67,907,1030,1030,67,907,7.1000000000000005
2008,4,21,17,30,29.6,71,1043,1051,1051,71,1043,7.08
2008,4,21,18,30,30.900000000000002,74,1108,1058,1058,74,1108,7.0200000000000005
2008,4,21,19,30,31.700000000000003,74,1096,1057,1057,74,1096,6.98
2008,4,21,20,30,32,71,1005,1040,1040,71,1005,6.97
2008,4,21,21,30,31.900000000000002,68,851,1013,1013,68,851,6.99
2008,4,21,22,30,31.200000000000003,62,641,963,963,62,641,7.19
2008,4,21,23,30,29.400000000000002,53,392,858,858,53,392,7.8500000000000005
2008,4,22,0,30,26.400000000000002,37,138,607,607,37,138,14.42
2008,4,22,1,30,23.700000000000003,0,0,0,0,0,0,18.66
2008,4,22,2,30,21.400000000000002,0,0,0,0,0,0,20.54
2008,4,22,3,30,18.900000000000002,0,0,0,0,0,0,22.95
2008,4,22,4,30,17.1,0,0,0,0,0,0,23.44
2008,4,22,5,30,15.8,0,0,0,0,0,0,23.5
2008,4,22,6,30,15.100000000000001,0,0,0,0,0,0,23.36
2008,4,22,7,30,14.8,0,0,0,0,0,0,22.81
2008,4,22,8,30,14.600000000000001,0,0,0,0,0,0,22.330000000000002
2008,4,22,9,30,14.200000000000001,0,0,0,0,0,0,22.78
2008,4,22,10,30,13.4,0,0,0,0,0,0,23.31
2008,4,22,11,30,12.600000000000001,0,0,0,0,0,0,23.06
2008,4,22,12,30,14.4,0,0,0,0,0,0,20.11
2008,4,22,13,30,18.6,43,215,717,717,43,215,14.35
2008,4,22,14,30,22.8,60,469,887,887,60,469,12.450000000000001
2008,4,22,15,30,26,70,706,964,964,70,706,12.51
2008,4,22,16,30,28.3,77,900,1006,1006,77,900,10.6
2008,4,22,17,30,30,80,1035,1030,1030,80,1035,9.31
2008,4,22,18,30,31.3,86,1098,1035,1035,86,1098,8.5
2008,4,22,19,30,32,85,1091,1039,1039,85,1091,8.01
2008,4,22,20,30,32.300000000000004,82,1004,1025,1025,82,1004,7.63
2008,4,22,21,30,32.1,74,850,1003,1003,74,850,7.43
2008,4,22,22,30,31.400000000000002,68,637,945,654,235,629,7.5200000000000005
2008,4,22,23,30,29.8,60,390,834,0,55,55,8.08
2008,4,23,0,30,27.3,42,136,560,480,31,112,12.67
2008,4,23,1,30,24.900000000000002,0,0,0,0,0,0,15.16
2008,4,23,2,30,22.5,0,0,0,0,0,0,17.47
2008,4,23,3,30,20.200000000000003,0,0,0,0,0,0,18.75
2008,4,23,4,30,18.400000000000002,0,0,0,0,0,0,20.09
2008,4,23,5,30,16.8,0,0,0,0,0,0,22.22
2008,4,23,6,30,15.600000000000001,0,0,0,0,0,0,23.77
2008,4,23,7,30,14.9,0,0,0,0,0,0,25.14
2008,4,23,8,30,14.8,0,0,0,0,0,0,25.91
2008,4,23,9,30,14.700000000000001,0,0,0,0,0,0,26.29
2008,4,23,10,30,14.200000000000001,0,0,0,0,0,0,26.92
2008,4,23,11,30,13.200000000000001,0,0,0,0,0,0,27.75
2008,4,23,12,30,13.9,0,0,0,0,0,0,25.8
2008,4,23,13,30,17.7,46,216,704,704,46,216,19.07
2008,4,23,14,30,22.400000000000002,62,475,889,889,62,475,14.620000000000001
2008,4,23,15,30,26.400000000000002,72,714,970,970,72,714,11.08
2008,4,23,16,30,28.900000000000002,78,909,1013,1013,78,909,8.32
2008,4,23,17,30,30.6,82,1044,1036,1036,82,1044,6.92
2008,4,23,18,30,31.700000000000003,82,1108,1049,1049,82,1108,6.38
2008,4,23,19,30,32.4,83,1096,1045,1045,83,1096,6.13
2008,4,23,20,30,32.6,83,1009,1028,1028,83,1009,6.0600000000000005
2008,4,23,21,30,32.300000000000004,83,852,991,991,83,852,6.17
2008,4,23,22,30,31.400000000000002,77,640,932,615,252,624,6.5
2008,4,23,23,30,29.6,66,389,813,0,77,77,7.38
2008,4,24,0,30,26.200000000000003,43,137,555,555,43,137,10.06
2008,4,24,1,30,22.8,0,0,0,0,0,0,14.620000000000001
2008,4,24,2,30,20.6,0,0,0,0,0,0,18.54
2008,4,24,3,30,18.8,0,0,0,0,0,0,22.44
2008,4,24,4,30,17.5,0,0,0,0,0,0,25.72
2008,4,24,5,30,16.5,0,0,0,0,0,0,28.61
2008,4,24,6,30,15.700000000000001,0,0,0,0,0,0,31.38
2008,4,24,7,30,14.9,0,0,0,0,0,0,33.79
2008,4,24,8,30,14.100000000000001,0,0,0,0,0,0,35.1
2008,4,24,9,30,13.3,0,0,0,0,0,0,35.06
2008,4,24,10,30,12.700000000000001,0,0,0,0,0,0,33.76
2008,4,24,11,30,12.4,0,0,0,0,0,0,32.09
2008,4,24,12,30,14.3,0,0,0,0,0,0,27.3
2008,4,24,13,30,18.6,50,219,689,689,50,219,20.95
2008,4,24,14,30,22.5,68,473,868,868,68,473,17.34
2008,4,24,15,30,25.3,77,711,956,956,77,711,14.21
2008,4,24,16,30,27.3,81,910,1009,1009,81,910,11.94
2008,4,24,17,30,29.1,83,1045,1035,1035,83,1045,10.1
2008,4,24,18,30,30.400000000000002,87,1104,1038,1038,87,1104,8.89
2008,4,24,19,30,31.200000000000003,84,1092,1039,1039,84,1092,8.1
2008,4,24,20,30,31.400000000000002,79,1006,1029,1029,79,1006,7.73
2008,4,24,21,30,31,74,852,1002,1002,74,852,7.76
2008,4,24,22,30,29.900000000000002,68,639,945,945,68,639,8.28
2008,4,24,23,30,27.900000000000002,58,393,842,842,58,393,9.51
2008,4,25,0,30,24.8,39,140,592,592,39,140,11.96
2008,4,25,1,30,21.900000000000002,0,0,0,0,0,0,15.46
2008,4,25,2,30,20,0,0,0,0,0,0,18.95
2008,4,25,3,30,18.3,0,0,0,0,0,0,23.13
2008,4,25,4,30,16.900000000000002,0,0,0,0,0,0,27.29
2008,4,25,5,30,15.700000000000001,0,0,0,0,0,0,30.970000000000002
2008,4,25,6,30,14.700000000000001,0,0,0,0,0,0,34.13
2008,4,25,7,30,14,0,0,0,0,0,0,36.49
2008,4,25,8,30,13.5,0,0,0,0,0,0,37.94
2008,4,25,9,30,13.100000000000001,0,0,0,0,0,0,38.56
2008,4,25,10,30,12.3,0,0,0,0,0,0,39.83
2008,4,25,11,30,11.600000000000001,0,0,0,0,0,0,40.65
2008,4,25,12,30,13.4,11,14,208,208,11,14,35.35
2008,4,25,13,30,17.5,43,228,746,746,43,228,26.7
2008,4,25,14,30,21.1,59,485,909,909,59,485,17.35
2008,4,25,15,30,23.700000000000003,68,723,985,985,68,723,13.06
2008,4,25,16,30,25.8,74,917,1025,1025,74,917,10.96
2008,4,25,17,30,27.6,78,1047,1041,1041,78,1047,9.43
2008,4,25,18,30,29.1,78,1111,1052,1052,78,1111,8.47
2008,4,25,19,30,30,78,1094,1045,1045,78,1094,8.06
2008,4,25,20,30,30.400000000000002,77,1007,1032,763,283,971,8.01
2008,4,25,21,30,30.3,79,848,990,647,306,809,8.2
2008,4,25,22,30,29.700000000000003,72,639,935,256,342,497,8.6
2008,4,25,23,30,28.200000000000003,63,390,819,388,188,343,9.5
2008,4,26,0,30,25.1,43,139,554,24,94,98,12.11
2008,4,26,1,30,22.1,0,0,0,0,0,0,17.45
2008,4,26,2,30,20.3,0,0,0,0,0,0,18.29
2008,4,26,3,30,18.900000000000002,0,0,0,0,0,0,18.76
2008,4,26,4,30,18.1,0,0,0,0,0,0,18.36
2008,4,26,5,30,17.5,0,0,0,0,0,0,17.71
2008,4,26,6,30,16.6,0,0,0,0,0,0,18.35
2008,4,26,7,30,15.4,0,0,0,0,0,0,20.02
2008,4,26,8,30,14.4,0,0,0,0,0,0,21.830000000000002
2008,4,26,9,30,13.4,0,0,0,0,0,0,23.95
2008,4,26,10,30,12.600000000000001,0,0,0,0,0,0,25.560000000000002
2008,4,26,11,30,11.9,0,0,0,0,0,0,26.93
2008,4,26,12,30,13.4,11,16,216,216,11,16,25.05
2008,4,26,13,30,17.6,44,229,741,741,44,229,20.19
2008,4,26,14,30,21.8,59,484,901,901,59,484,14.780000000000001
2008,4,26,15,30,24.900000000000002,69,721,977,977,69,721,11.49
2008,4,26,16,30,27.1,76,914,1017,1017,76,914,9.4
2008,4,26,17,30,28.8,81,1048,1037,1037,81,1048,8.02
2008,4,26,18,30,30.1,91,1104,1031,1031,91,1104,7.3500000000000005
2008,4,26,19,30,30.900000000000002,92,1091,1027,1027,92,1091,7.08
2008,4,26,20,30,31.1,94,1003,1007,1007,94,1003,7.09
2008,4,26,21,30,30.700000000000003,92,844,966,966,92,844,7.34
2008,4,26,22,30,29.3,90,632,893,893,90,632,8.03
2008,4,26,23,30,27.400000000000002,74,386,779,779,74,386,9.16
2008,4,27,0,30,24.900000000000002,46,139,535,535,46,139,11.06
2008,4,27,1,30,22.3,0,0,0,0,0,0,14.47
2008,4,27,2,30,20.200000000000003,0,0,0,0,0,0,19.44
2008,4,27,3,30,18.400000000000002,0,0,0,0,0,0,25
2008,4,27,4,30,17.2,0,0,0,0,0,0,29.89
2008,4,27,5,30,16.3,0,0,0,0,0,0,33.660000000000004
2008,4,27,6,30,15.200000000000001,0,0,0,0,0,0,36.72
2008,4,27,7,30,14.100000000000001,0,0,0,0,0,0,38.5
2008,4,27,8,30,13.100000000000001,0,0,0,0,0,0,38.79
2008,4,27,9,30,12.200000000000001,0,0,0,0,0,0,38.13
2008,4,27,10,30,11.4,0,0,0,0,0,0,37.58
2008,4,27,11,30,10.9,0,0,0,0,0,0,37.050000000000004
2008,4,27,12,30,12.700000000000001,12,17,214,214,12,17,31.78
2008,4,27,13,30,16.8,46,231,732,732,46,231,23.88
2008,4,27,14,30,20.6,64,487,894,894,64,487,15.89
2008,4,27,15,30,23.5,75,724,970,970,75,724,10.92
2008,4,27,16,30,25.8,82,923,1019,1019,82,923,8.700000000000001
2008,4,27,17,30,27.700000000000003,86,1057,1041,1041,86,1057,7.6000000000000005
2008,4,27,18,30,29,86,1115,1046,1046,86,1115,7.03
2008,4,27,19,30,29.8,87,1102,1043,1043,87,1102,6.71
2008,4,27,20,30,30,86,1014,1027,1027,86,1014,6.6000000000000005
2008,4,27,21,30,29.5,84,857,993,993,84,857,6.74
2008,4,27,22,30,28.3,76,647,940,940,76,647,7.13
2008,4,27,23,30,26.400000000000002,63,399,837,837,63,399,7.87
2008,4,28,0,30,23.1,41,146,591,591,41,146,9.63
2008,4,28,1,30,19.700000000000003,0,0,0,0,0,0,13.36
2008,4,28,2,30,17.3,0,0,0,0,0,0,19.87
2008,4,28,3,30,15.600000000000001,0,0,0,0,0,0,28.2
2008,4,28,4,30,14.600000000000001,0,0,0,0,0,0,38.25
2008,4,28,5,30,14.100000000000001,0,0,0,0,0,0,54.38
2008,4,28,6,30,13.9,0,0,0,0,0,0,74.29
2008,4,28,7,30,13.700000000000001,0,0,0,0,0,0,87.25
2008,4,28,8,30,13.4,0,0,0,0,0,0,89.29
2008,4,28,9,30,12.700000000000001,0,0,0,0,0,0,89.5
2008,4,28,10,30,11.8,0,0,0,0,0,0,88.59
2008,4,28,11,30,10.9,0,0,0,0,0,0,86.59
2008,4,28,12,30,10.4,13,14,41,41,13,14,82.65
2008,4,28,13,30,10.9,73,211,540,4,114,115,74.79
2008,4,28,14,30,12.3,96,461,769,0,119,119,65.58
2008,4,28,15,30,14.3,107,698,880,1,238,239,57.39
2008,4,28,16,30,16.900000000000002,113,891,940,190,499,656,49.24
2008,4,28,17,30,19.8,112,1025,977,977,112,1025,41.11
2008,4,28,18,30,22.3,97,1092,1011,1011,97,1092,33.69
2008,4,28,19,30,23.8,94,1080,1013,1013,94,1080,28.490000000000002
2008,4,28,20,30,24.6,91,991,995,995,91,991,25.44
2008,4,28,21,30,24.6,85,838,965,965,85,838,24.330000000000002
2008,4,28,22,30,23.8,79,630,906,906,79,630,24.8
2008,4,28,23,30,22.200000000000003,66,387,796,796,66,387,27.07
2008,4,29,0,30,19.900000000000002,43,141,550,550,43,141,31.400000000000002
2008,4,29,1,30,17.5,0,0,0,0,0,0,37.26
2008,4,29,2,30,15.600000000000001,0,0,0,0,0,0,43.89
2008,4,29,3,30,14.100000000000001,0,0,0,0,0,0,50.5
2008,4,29,4,30,13,0,0,0,0,0,0,55.88
2008,4,29,5,30,12.100000000000001,0,0,0,0,0,0,59.72
2008,4,29,6,30,11.200000000000001,0,0,0,0,0,0,63.31
2008,4,29,7,30,10.5,0,0,0,0,0,0,66.88
2008,4,29,8,30,10,0,0,0,0,0,0,71.53
2008,4,29,9,30,9.600000000000001,0,0,0,0,0,0,77.34
2008,4,29,10,30,9.200000000000001,0,0,0,0,0,0,83.3
2008,4,29,11,30,9,0,0,0,0,0,0,86.96000000000001
2008,4,29,12,30,10.5,13,18,158,158,13,18,79.87
2008,4,29,13,30,14.200000000000001,53,225,670,670,53,225,62.940000000000005
2008,4,29,14,30,18.7,71,475,845,845,71,475,46.46
2008,4,29,15,30,22.3,83,708,929,929,83,708,35.63
2008,4,29,16,30,24.900000000000002,90,902,979,979,90,902,27.47
2008,4,29,17,30,27,94,1034,1004,1004,94,1034,20.92
2008,4,29,18,30,28.5,96,1096,1015,1015,96,1096,16.580000000000002
2008,4,29,19,30,29.400000000000002,94,1087,1018,1018,94,1087,13.77
2008,4,29,20,30,29.900000000000002,91,1000,1005,773,272,971,11.86
2008,4,29,21,30,29.700000000000003,98,842,953,636,258,754,10.94
2008,4,29,22,30,28.900000000000002,96,628,873,368,288,512,10.93
2008,4,29,23,30,27.3,86,381,729,0,54,54,11.91
2008,4,30,0,30,24.6,55,135,448,448,55,135,14.67
2008,4,30,1,30,22.1,0,0,0,0,0,0,19.04
2008,4,30,2,30,20.5,0,0,0,0,0,0,22.57
2008,4,30,3,30,18.5,0,0,0,0,0,0,26.830000000000002
2008,4,30,4,30,16.6,0,0,0,0,0,0,31.46
2008,4,30,5,30,15,0,0,0,0,0,0,36.49
2008,4,30,6,30,13.8,0,0,0,0,0,0,41.02
2008,4,30,7,30,12.8,0,0,0,0,0,0,45.17
2008,4,30,8,30,11.9,0,0,0,0,0,0,48.160000000000004
2008,4,30,9,30,11.200000000000001,0,0,0,0,0,0,49.38
2008,4,30,10,30,10.5,0,0,0,0,0,0,49.61
2008,4,30,11,30,10.200000000000001,0,0,0,0,0,0,47.550000000000004
2008,4,30,12,30,11.5,15,20,177,177,15,20,40.04
2008,4,30,13,30,15.5,54,234,694,694,54,234,27.41
2008,4,30,14,30,20.1,71,493,880,880,71,493,12.41
2008,4,30,15,30,23.400000000000002,80,731,966,966,80,731,7.16
2008,4,30,16,30,25.8,86,925,1011,1011,86,925,5.91
2008,4,30,17,30,27.5,87,1066,1045,1045,87,1066,5.5200000000000005
2008,4,30,18,30,28.700000000000003,89,1128,1054,1054,89,1128,5.39
2008,4,30,19,30,29.3,85,1116,1057,1057,85,1116,5.44
2008,4,30,20,30,29.3,81,1028,1046,1046,81,1028,5.82
2008,4,30,21,30,28.8,77,866,1011,1011,77,866,6.36
2008,4,30,22,30,27.6,69,656,961,961,69,656,7.140000000000001
2008,4,30,23,30,25.6,58,406,857,857,58,406,8.51
2008,5,1,0,30,22.6,40,151,618,618,40,151,11.200000000000001
2008,5,1,1,30,19.6,0,0,0,0,0,0,15.58
2008,5,1,2,30,17.5,0,0,0,0,0,0,20.82
2008,5,1,3,30,15.9,0,0,0,0,0,0,26.39
2008,5,1,4,30,14.5,0,0,0,0,0,0,31.560000000000002
2008,5,1,5,30,13.5,0,0,0,0,0,0,35.65
2008,5,1,6,30,12.700000000000001,0,0,0,0,0,0,38.4
2008,5,1,7,30,12.100000000000001,0,0,0,0,0,0,38.160000000000004
2008,5,1,8,30,11.600000000000001,0,0,0,0,0,0,35.96
2008,5,1,9,30,11.100000000000001,0,0,0,0,0,0,34.1
2008,5,1,10,30,10.600000000000001,0,0,0,0,0,0,33.28
2008,5,1,11,30,10.4,0,0,0,0,0,0,32.69
2008,5,1,12,30,11.8,14,24,283,283,14,24,29.240000000000002
2008,5,1,13,30,15.4,45,245,763,763,45,245,22.43
2008,5,1,14,30,19,60,501,917,917,60,501,16.64
2008,5,1,15,30,21.400000000000002,69,738,990,990,69,738,14.64
2008,5,1,16,30,23.5,76,936,1034,1034,76,936,12.040000000000001
2008,5,1,17,30,25.6,80,1069,1055,726,261,942,9.4
2008,5,1,18,30,27.200000000000003,86,1130,1058,402,556,953,7.45
2008,5,1,19,30,28,83,1117,1059,1059,83,1117,6.33
2008,5,1,20,30,28.1,80,1037,1056,1056,80,1037,5.7700000000000005
2008,5,1,21,30,27.5,74,880,1030,1030,74,880,5.6000000000000005
2008,5,1,22,30,26.3,69,667,979,595,208,572,5.69
2008,5,1,23,30,24.3,59,417,880,512,147,355,6.2
2008,5,2,0,30,21.200000000000003,40,159,650,114,88,109,7.5200000000000005
2008,5,2,1,30,18.5,0,0,0,0,0,0,9.78
2008,5,2,2,30,17,0,0,0,0,0,0,11.99
2008,5,2,3,30,15.3,0,0,0,0,0,0,14.620000000000001
2008,5,2,4,30,13.5,0,0,0,0,0,0,17.61
2008,5,2,5,30,12.100000000000001,0,0,0,0,0,0,20.59
2008,5,2,6,30,10.8,0,0,0,0,0,0,24.29
2008,5,2,7,30,9.700000000000001,0,0,0,0,0,0,28.580000000000002
2008,5,2,8,30,8.6,0,0,0,0,0,0,33.08
2008,5,2,9,30,7.7,0,0,0,0,0,0,35.51
2008,5,2,10,30,6.800000000000001,0,0,0,0,0,0,35.01
2008,5,2,11,30,6.300000000000001,0,0,0,0,0,0,31.25
2008,5,2,12,30,8.4,15,27,321,321,15,27,22.19
2008,5,2,13,30,13,46,260,809,809,46,260,13.07
2008,5,2,14,30,18.1,61,524,959,959,61,524,7.18
2008,5,2,15,30,22.200000000000003,70,767,1029,1029,70,767,2.73
2008,5,2,16,30,24.5,75,964,1068,1068,75,964,2.29
2008,5,2,17,30,26.200000000000003,78,1100,1089,1089,78,1100,2.06
2008,5,2,18,30,27.700000000000003,78,1163,1099,1099,78,1163,2
2008,5,2,19,30,28.700000000000003,78,1149,1097,1097,78,1149,2
2008,5,2,20,30,29.1,75,1060,1085,1085,75,1060,2
2008,5,2,21,30,28.900000000000002,77,900,1051,1051,77,900,2
2008,5,2,22,30,28.1,70,684,1002,1002,70,684,2
2008,5,2,23,30,26.3,59,430,912,912,59,430,2
2008,5,3,0,30,22.200000000000003,40,167,696,696,40,167,3.2600000000000002
2008,5,3,1,30,18.400000000000002,0,0,0,0,0,0,5.99
2008,5,3,2,30,16.6,0,0,0,0,0,0,7.38
2008,5,3,3,30,14.9,0,0,0,0,0,0,10.040000000000001
2008,5,3,4,30,13.4,0,0,0,0,0,0,13.68
2008,5,3,5,30,12,0,0,0,0,0,0,17.6
2008,5,3,6,30,10.9,0,0,0,0,0,0,20.66
2008,5,3,7,30,10,0,0,0,0,0,0,23.57
2008,5,3,8,30,9.200000000000001,0,0,0,0,0,0,26.39
2008,5,3,9,30,8.5,0,0,0,0,0,0,28.47
2008,5,3,10,30,8,0,0,0,0,0,0,29.43
2008,5,3,11,30,7.800000000000001,0,0,0,0,0,0,29.32
2008,5,3,12,30,10.3,15,27,306,306,15,27,24.17
2008,5,3,13,30,15,47,251,767,767,47,251,17.41
2008,5,3,14,30,20.3,62,507,918,918,62,507,10.89
2008,5,3,15,30,24.5,72,744,989,989,72,744,6.09
2008,5,3,16,30,26.700000000000003,79,936,1029,1029,79,936,5.55
2008,5,3,17,30,28.200000000000003,83,1068,1050,1050,83,1068,5.18
2008,5,3,18,30,29.200000000000003,88,1130,1054,1054,88,1130,4.8100000000000005
2008,5,3,19,30,29.700000000000003,87,1116,1053,1053,87,1116,4.5600000000000005
2008,5,3,20,30,29.8,83,1028,1041,1041,83,1028,4.44
2008,5,3,21,30,29.700000000000003,76,873,1018,1018,76,873,4.46
2008,5,3,22,30,29.1,67,659,965,965,67,659,4.68
2008,5,3,23,30,27.6,56,414,876,876,56,414,5.33
2008,5,4,0,30,23.8,38,160,663,663,38,160,7.72
2008,5,4,1,30,20.3,0,0,0,0,0,0,11.47
2008,5,4,2,30,18.6,0,0,0,0,0,0,12.33
2008,5,4,3,30,16.8,0,0,0,0,0,0,13.620000000000001
2008,5,4,4,30,15.100000000000001,0,0,0,0,0,0,15.68
2008,5,4,5,30,13.9,0,0,0,0,0,0,17.97
2008,5,4,6,30,13.100000000000001,0,0,0,0,0,0,20.46
2008,5,4,7,30,12.200000000000001,0,0,0,0,0,0,24.39
2008,5,4,8,30,11.600000000000001,0,0,0,0,0,0,30.79
2008,5,4,9,30,11.100000000000001,0,0,0,0,0,0,37.81
2008,5,4,10,30,10.700000000000001,0,0,0,0,0,0,43.69
2008,5,4,11,30,10.4,0,0,0,0,0,0,48.18
2008,5,4,12,30,12.4,16,25,195,195,16,25,45.42
2008,5,4,13,30,16.6,59,233,650,650,59,233,39.09
2008,5,4,14,30,20.700000000000003,81,483,824,824,81,483,31.96
2008,5,4,15,30,24,94,714,913,913,94,714,16.95
2008,5,4,16,30,26.3,101,907,965,965,101,907,10.16
2008,5,4,17,30,28,106,1038,991,991,106,1038,8.370000000000001
2008,5,4,18,30,29.400000000000002,109,1098,1001,1001,109,1098,8.06
2008,5,4,19,30,30.3,110,1084,996,996,110,1084,8.22
2008,5,4,20,30,30.700000000000003,110,996,976,976,110,996,8.52
2008,5,4,21,30,30.6,116,834,917,917,116,834,8.83
2008,5,4,22,30,29.700000000000003,105,627,850,850,105,627,9.34
2008,5,4,23,30,28.1,89,387,725,82,246,279,10.120000000000001
2008,5,5,0,30,24.700000000000003,58,143,458,53,105,115,12.290000000000001
2008,5,5,1,30,21.400000000000002,0,0,0,0,0,0,15.56
2008,5,5,2,30,19.900000000000002,0,0,0,0,0,0,17.06
2008,5,5,3,30,18.6,0,0,0,0,0,0,18.740000000000002
2008,5,5,4,30,17.3,0,0,0,0,0,0,20.85
2008,5,5,5,30,15.8,0,0,0,0,0,0,23.25
2008,5,5,6,30,14.8,0,0,0,0,0,0,24.91
2008,5,5,7,30,14.8,0,0,0,0,0,0,25.75
2008,5,5,8,30,15.100000000000001,0,0,0,0,0,0,27.02
2008,5,5,9,30,14.700000000000001,0,0,0,0,0,0,29.94
2008,5,5,10,30,13.600000000000001,0,0,0,0,0,0,33.6
2008,5,5,11,30,12.5,0,0,0,0,0,0,35.89
2008,5,5,12,30,13.8,18,24,143,143,18,24,31.6
2008,5,5,13,30,17.8,70,231,598,598,70,231,23.42
2008,5,5,14,30,22.200000000000003,96,478,783,783,96,478,15.790000000000001
2008,5,5,15,30,25.5,113,709,875,875,113,709,10.9
2008,5,5,16,30,27.6,123,894,923,923,123,894,10.32
2008,5,5,17,30,29.200000000000003,129,1024,951,951,129,1024,10.27
2008,5,5,18,30,30.3,142,1081,949,949,142,1081,10.38
2008,5,5,19,30,31,142,1064,941,750,291,1025,10.56
2008,5,5,20,30,31.200000000000003,131,980,934,213,548,742,10.85
2008,5,5,21,30,30.900000000000002,126,828,894,150,473,591,11.19
2008,5,5,22,30,30,115,622,823,292,343,522,11.67
2008,5,5,23,30,28.5,94,382,700,425,180,354,12.620000000000001
2008,5,6,0,30,25.5,58,143,449,449,58,143,15.02
2008,5,6,1,30,22.5,0,0,0,0,0,0,18.57
2008,5,6,2,30,21.200000000000003,0,0,0,0,0,0,19.740000000000002
2008,5,6,3,30,20.200000000000003,0,0,0,0,0,0,20.91
2008,5,6,4,30,18.8,0,0,0,0,0,0,23.14
2008,5,6,5,30,17.400000000000002,0,0,0,0,0,0,25.85
2008,5,6,6,30,16.1,0,0,0,0,0,0,28.61
2008,5,6,7,30,15,0,0,0,0,0,0,31.21
2008,5,6,8,30,14.100000000000001,0,0,0,0,0,0,34.03
2008,5,6,9,30,13.3,0,0,0,0,0,0,37.78
2008,5,6,10,30,12.700000000000001,0,0,0,0,0,0,42.79
2008,5,6,11,30,12.5,0,0,0,0,0,0,48.31
2008,5,6,12,30,14.100000000000001,19,24,104,104,19,24,47.89
2008,5,6,13,30,17.400000000000002,80,222,524,524,80,222,45.83
2008,5,6,14,30,20.900000000000002,112,461,713,713,112,461,44.35
2008,5,6,15,30,23.8,131,687,814,814,131,687,32.910000000000004
2008,5,6,16,30,26.1,142,876,877,877,142,876,25.14
2008,5,6,17,30,28,153,1004,904,904,153,1004,20.67
2008,5,6,18,30,29.400000000000002,180,1059,887,887,180,1059,17.830000000000002
2008,5,6,19,30,30.5,171,1048,895,895,171,1048,15.77
2008,5,6,20,30,31,162,966,884,0,224,224,14.370000000000001
2008,5,6,21,30,30.900000000000002,182,804,792,312,461,706,13.67
2008,5,6,22,30,30,154,602,726,219,372,506,13.94
2008,5,6,23,30,28.3,116,371,620,120,219,269,15.27
2008,5,7,0,30,25.700000000000003,66,138,382,382,66,138,18.21
2008,5,7,1,30,22.8,0,0,0,0,0,0,23.1
2008,5,7,2,30,20.6,0,0,0,0,0,0,28.38
2008,5,7,3,30,18.900000000000002,0,0,0,0,0,0,32.92
2008,5,7,4,30,17.5,0,0,0,0,0,0,36.95
2008,5,7,5,30,16,0,0,0,0,0,0,41.660000000000004
2008,5,7,6,30,14.9,0,0,0,0,0,0,45.35
2008,5,7,7,30,14,0,0,0,0,0,0,47.94
2008,5,7,8,30,13.4,0,0,0,0,0,0,49.46
2008,5,7,9,30,12.9,0,0,0,0,0,0,50.53
2008,5,7,10,30,12.600000000000001,0,0,0,0,0,0,50.49
2008,5,7,11,30,12.600000000000001,0,0,0,0,0,0,49.25
2008,5,7,12,30,13.600000000000001,17,31,283,3,22,22,45.09
2008,5,7,13,30,16.3,52,249,721,1,50,50,36.76
2008,5,7,14,30,19.700000000000003,69,497,872,88,241,284,26.63
2008,5,7,15,30,22.200000000000003,81,724,940,610,205,622,21.06
2008,5,7,16,30,24.3,90,910,979,723,285,890,18.04
2008,5,7,17,30,26.1,96,1035,997,732,231,920,15.860000000000001
2008,5,7,18,30,27.1,111,1091,989,667,297,958,14.69
2008,5,7,19,30,27.1,113,1076,983,41,489,529,14.71
2008,5,7,20,30,26.700000000000003,110,990,967,23,424,445,15.33
2008,5,7,21,30,25.900000000000002,94,842,950,140,398,508,16.55
2008,5,7,22,30,24.900000000000002,85,635,892,557,217,561,18.080000000000002
2008,5,7,23,30,23.5,70,396,788,788,70,396,20.2
2008,5,8,0,30,21.6,46,153,558,558,46,153,23.57
2008,5,8,1,30,19.8,0,0,0,0,0,0,27.68
2008,5,8,2,30,18.2,0,0,0,0,0,0,31.68
2008,5,8,3,30,16.5,0,0,0,0,0,0,36.07
2008,5,8,4,30,15.4,0,0,0,0,0,0,39.4
2008,5,8,5,30,14.700000000000001,0,0,0,0,0,0,41.83
2008,5,8,6,30,14,0,0,0,0,0,0,44.29
2008,5,8,7,30,13.3,0,0,0,0,0,0,46.72
2008,5,8,8,30,12.5,0,0,0,0,0,0,49.480000000000004
2008,5,8,9,30,11.8,0,0,0,0,0,0,51.43
2008,5,8,10,30,11.200000000000001,0,0,0,0,0,0,51.89
2008,5,8,11,30,11,0,0,0,0,0,0,49.83
2008,5,8,12,30,13.200000000000001,18,32,290,4,23,23,40.44
2008,5,8,13,30,17.7,50,252,735,41,130,141,28.37
2008,5,8,14,30,22.1,66,506,894,151,294,368,16.67
2008,5,8,15,30,25.5,77,739,967,967,77,739,9.99
2008,5,8,16,30,27.8,84,928,1007,1007,84,928,8.6
2008,5,8,17,30,29.700000000000003,88,1058,1028,803,263,1020,7.29
2008,5,8,18,30,31.1,100,1115,1024,1024,100,1115,6.24
2008,5,8,19,30,32.1,97,1102,1025,1025,97,1102,5.51
2008,5,8,20,30,32.5,92,1011,1009,1009,92,1011,5.18
2008,5,8,21,30,32.5,82,860,988,988,82,860,5.12
2008,5,8,22,30,31.8,73,654,940,940,73,654,5.43
2008,5,8,23,30,30.3,60,410,844,844,60,410,6.36
2008,5,9,0,30,26.8,40,160,625,625,40,160,9.21
2008,5,9,1,30,23.3,0,0,0,0,0,0,15.13
2008,5,9,2,30,21,0,0,0,0,0,0,22.09
2008,5,9,3,30,19,0,0,0,0,0,0,27.63
2008,5,9,4,30,17.6,0,0,0,0,0,0,31.42
2008,5,9,5,30,16.400000000000002,0,0,0,0,0,0,34.57
2008,5,9,6,30,15.3,0,0,0,0,0,0,37.29
2008,5,9,7,30,14.3,0,0,0,0,0,0,39.52
2008,5,9,8,30,13.4,0,0,0,0,0,0,41.08
2008,5,9,9,30,12.700000000000001,0,0,0,0,0,0,41.39
2008,5,9,10,30,12.100000000000001,0,0,0,0,0,0,40.56
2008,5,9,11,30,12.100000000000001,0,0,0,0,0,0,37.5
2008,5,9,12,30,14.4,18,32,275,275,18,32,29.6
2008,5,9,13,30,19,54,250,707,707,54,250,20.21
2008,5,9,14,30,23.6,72,499,864,864,72,499,11.9
2008,5,9,15,30,27.200000000000003,85,730,940,940,85,730,7.2
2008,5,9,16,30,29.700000000000003,94,917,981,981,94,917,6.41
2008,5,9,17,30,31.5,99,1046,1004,861,187,999,6.15
2008,5,9,18,30,32.7,98,1107,1018,1018,98,1107,6.0600000000000005
2008,5,9,19,30,33.5,98,1093,1015,823,221,1029,6.0200000000000005
2008,5,9,20,30,33.800000000000004,96,1007,1000,757,225,915,6.03
2008,5,9,21,30,33.5,90,854,970,970,90,854,6.19
2008,5,9,22,30,32.7,84,645,908,616,256,637,6.48
2008,5,9,23,30,31.3,76,402,785,450,195,382,7.05
2008,5,10,0,30,28.6,51,156,545,545,51,156,9.17
2008,5,10,1,30,25.5,0,0,0,0,0,0,12.450000000000001
2008,5,10,2,30,23.200000000000003,0,0,0,0,0,0,14.22
2008,5,10,3,30,21.400000000000002,0,0,0,0,0,0,16.52
2008,5,10,4,30,19.5,0,0,0,0,0,0,19.43
2008,5,10,5,30,17.900000000000002,0,0,0,0,0,0,21.8
2008,5,10,6,30,16.900000000000002,0,0,0,0,0,0,22.56
2008,5,10,7,30,16.2,0,0,0,0,0,0,21.85
2008,5,10,8,30,15.8,0,0,0,0,0,0,20.1
2008,5,10,9,30,15.4,0,0,0,0,0,0,18.61
2008,5,10,10,30,14.8,0,0,0,0,0,0,17.78
2008,5,10,11,30,14.3,0,0,0,0,0,0,17.13
2008,5,10,12,30,15.700000000000001,20,32,210,3,24,24,14.870000000000001
2008,5,10,13,30,19.3,66,246,646,646,66,246,11.26
2008,5,10,14,30,23.400000000000002,94,494,808,324,264,425,10.86
2008,5,10,15,30,26.8,112,723,890,890,112,723,9.89
2008,5,10,16,30,29.200000000000003,124,911,937,937,124,911,8.25
2008,5,10,17,30,30.8,130,1036,959,848,199,999,7.51
2008,5,10,18,30,31.900000000000002,136,1095,967,967,136,1095,7.26
2008,5,10,19,30,32.300000000000004,130,1082,970,970,130,1082,7.32
2008,5,10,20,30,32.4,125,996,955,606,321,873,7.38
2008,5,10,21,30,32.1,114,845,927,274,380,596,7.51
2008,5,10,22,30,31.3,105,636,857,557,234,579,7.86
2008,5,10,23,30,29.700000000000003,89,396,737,737,89,396,8.69
2008,5,11,0,30,26.900000000000002,58,152,481,101,103,123,11.040000000000001
2008,5,11,1,30,24.1,0,0,0,0,0,0,14.59
2008,5,11,2,30,22.200000000000003,0,0,0,0,0,0,17.13
2008,5,11,3,30,20.6,0,0,0,0,0,0,19.14
2008,5,11,4,30,19.400000000000002,0,0,0,0,0,0,20.53
2008,5,11,5,30,18.2,0,0,0,0,0,0,21.97
2008,5,11,6,30,16.900000000000002,0,0,0,0,0,0,23.71
2008,5,11,7,30,15.9,0,0,0,0,0,0,25.22
2008,5,11,8,30,15.200000000000001,0,0,0,0,0,0,26.68
2008,5,11,9,30,14.700000000000001,0,0,0,0,0,0,28.560000000000002
2008,5,11,10,30,14.3,0,0,0,0,0,0,30.86
2008,5,11,11,30,14.3,0,0,0,0,0,0,32.44
2008,5,11,12,30,16.2,22,29,119,119,22,29,29.88
2008,5,11,13,30,20.1,82,229,523,523,82,229,24.400000000000002
2008,5,11,14,30,24,111,470,724,724,111,470,32.32
2008,5,11,15,30,27,126,696,829,829,126,696,27.330000000000002
2008,5,11,16,30,29.3,134,883,891,891,134,883,21.41
2008,5,11,17,30,31,138,1015,928,928,138,1015,17.51
2008,5,11,18,30,32.300000000000004,152,1070,924,924,152,1070,14.84
2008,5,11,19,30,33.1,152,1056,921,921,152,1056,13.09
2008,5,11,20,30,33.300000000000004,155,967,890,1,326,327,12.08
2008,5,11,21,30,33,163,813,824,675,267,799,11.73
2008,5,11,22,30,32.2,156,605,724,359,302,525,12.07
2008,5,11,23,30,30.8,128,372,586,586,128,372,13.1
2008,5,12,0,30,28.3,79,138,298,76,114,130,15.57
2008,5,12,1,30,25.700000000000003,0,0,0,0,0,0,19.56
2008,5,12,2,30,24.3,0,0,0,0,0,0,21.55
2008,5,12,3,30,23.6,0,0,0,0,0,0,24.18
2008,5,12,4,30,22.900000000000002,0,0,0,0,0,0,28.92
2008,5,12,5,30,21.8,0,0,0,0,0,0,37.07
2008,5,12,6,30,20.5,0,0,0,0,0,0,47.11
2008,5,12,7,30,19.1,0,0,0,0,0,0,59.31
2008,5,12,8,30,17.900000000000002,0,0,0,0,0,0,69.22
2008,5,12,9,30,17.2,0,0,0,0,0,0,75.01
2008,5,12,10,30,16.6,0,0,0,0,0,0,78.74
2008,5,12,11,30,16.2,0,0,0,0,0,0,80.57000000000001
2008,5,12,12,30,17.2,22,26,75,75,22,26,75.22
2008,5,12,13,30,20.200000000000003,100,221,429,429,100,221,60.56
2008,5,12,14,30,23.8,142,456,629,629,142,456,41.410000000000004
2008,5,12,15,30,26.8,169,677,738,738,169,677,29.21
2008,5,12,16,30,29.1,185,860,802,802,185,860,22.77
2008,5,12,17,30,30.900000000000002,193,989,842,842,193,989,18.75
2008,5,12,18,30,32.1,211,1045,840,0,323,324,16.43
2008,5,12,19,30,32.800000000000004,209,1032,839,624,394,1007,14.93
2008,5,12,20,30,33,205,946,812,1,311,312,13.790000000000001
2008,5,12,21,30,32.7,195,799,765,1,199,200,13.02
2008,5,12,22,30,31.700000000000003,174,599,685,283,323,499,12.93
2008,5,12,23,30,30.1,135,370,561,260,241,351,13.68
2008,5,13,0,30,27.6,78,140,314,66,115,128,15.91
2008,5,13,1,30,24.900000000000002,0,0,0,0,0,0,19.990000000000002
2008,5,13,2,30,23,0,0,0,0,0,0,23.91
2008,5,13,3,30,21.200000000000003,0,0,0,0,0,0,28.830000000000002
2008,5,13,4,30,19.700000000000003,0,0,0,0,0,0,34.57
2008,5,13,5,30,18.5,0,0,0,0,0,0,40.12
2008,5,13,6,30,17.400000000000002,0,0,0,0,0,0,45.62
2008,5,13,7,30,16.400000000000002,0,0,0,0,0,0,51.35
2008,5,13,8,30,15.5,0,0,0,0,0,0,57.2
2008,5,13,9,30,14.700000000000001,0,0,0,0,0,0,62.42
2008,5,13,10,30,14,0,0,0,0,0,0,66.64
2008,5,13,11,30,13.8,0,0,0,0,0,0,68.04
2008,5,13,12,30,15.5,23,32,152,152,23,32,61.03
2008,5,13,13,30,19.6,80,234,544,544,80,234,46.87
2008,5,13,14,30,23.6,115,472,715,715,115,472,28.32
2008,5,13,15,30,26.200000000000003,139,695,806,806,139,695,21.6
2008,5,13,16,30,28.200000000000003,154,878,859,859,154,878,19.17
2008,5,13,17,30,29.8,168,999,880,880,168,999,17.61
2008,5,13,18,30,31,188,1053,870,870,188,1053,16.38
2008,5,13,19,30,31.5,198,1033,850,162,580,739,15.73
2008,5,13,20,30,31.5,192,945,825,54,447,497,15.780000000000001
2008,5,13,21,30,30.900000000000002,180,797,782,124,376,473,16.57
2008,5,13,22,30,29.8,163,596,697,164,311,413,17.92
2008,5,13,23,30,28.1,133,366,554,0,7,7,20.2
2008,5,14,0,30,26,83,136,266,0,3,3,23.5
2008,5,14,1,30,24.200000000000003,0,0,0,0,0,0,27.63
2008,5,14,2,30,22.900000000000002,0,0,0,0,0,0,30.63
2008,5,14,3,30,21.6,0,0,0,0,0,0,33.15
2008,5,14,4,30,20.400000000000002,0,0,0,0,0,0,36.11
2008,5,14,5,30,19.3,0,0,0,0,0,0,40.2
2008,5,14,6,30,18.1,0,0,0,0,0,0,46.63
2008,5,14,7,30,16.8,0,0,0,0,0,0,55
2008,5,14,8,30,15.700000000000001,0,0,0,0,0,0,63.28
2008,5,14,9,30,14.9,0,0,0,0,0,0,70.18
2008,5,14,10,30,14.3,0,0,0,0,0,0,75.22
2008,5,14,11,30,14,0,0,0,0,0,0,76.69
2008,5,14,12,30,15.100000000000001,24,31,111,1,25,25,69.67
2008,5,14,13,30,18.5,89,233,505,131,153,190,51.39
2008,5,14,14,30,22.200000000000003,121,472,702,702,121,472,30.01
2008,5,14,15,30,25,140,695,804,804,140,695,24.02
2008,5,14,16,30,27.200000000000003,150,876,862,862,150,876,21.11
2008,5,14,17,30,29,161,1001,888,86,470,551,19.1
2008,5,14,18,30,30.200000000000003,158,1060,907,0,170,170,17.7
2008,5,14,19,30,30.6,172,1038,882,644,312,945,16.9
2008,5,14,20,30,30.1,172,950,852,426,395,785,17.61
2008,5,14,21,30,29,150,804,828,114,387,477,19.75
2008,5,14,22,30,27.700000000000003,130,606,764,44,264,292,22.44
2008,5,14,23,30,26.3,102,379,657,66,248,275,25.22
2008,5,15,0,30,24.700000000000003,65,147,409,409,65,147,28.48
2008,5,15,1,30,23.200000000000003,0,0,0,0,0,0,33.1
2008,5,15,2,30,22.3,0,0,0,0,0,0,37.78
2008,5,15,3,30,21.400000000000002,0,0,0,0,0,0,42.31
2008,5,15,4,30,20,0,0,0,0,0,0,48.160000000000004
2008,5,15,5,30,18.6,0,0,0,0,0,0,55.02
2008,5,15,6,30,17.8,0,0,0,0,0,0,60.75
2008,5,15,7,30,17,0,0,0,0,0,0,65.93
2008,5,15,8,30,16.2,0,0,0,0,0,0,70.7
2008,5,15,9,30,15.600000000000001,0,0,0,0,0,0,73.91
2008,5,15,10,30,15,0,0,0,0,0,0,76.67
2008,5,15,11,30,14.5,0,0,0,0,0,0,77.41
2008,5,15,12,30,14.3,25,32,108,0,13,13,74.87
2008,5,15,13,30,14.5,91,228,481,1,95,96,67.64
2008,5,15,14,30,15.3,121,465,686,0,36,36,60.300000000000004
2008,5,15,15,30,16.7,138,687,795,0,84,84,53.7
2008,5,15,16,30,18,156,864,839,0,264,265,49.08
2008,5,15,17,30,18.6,171,984,859,1,230,232,47.82
2008,5,15,18,30,19.200000000000003,155,1051,901,0,66,66,46.58
2008,5,15,19,30,20.1,133,1044,927,0,75,75,43.84
2008,5,15,20,30,20.900000000000002,119,966,927,213,446,641,40.61
2008,5,15,21,30,21.400000000000002,108,822,902,183,461,606,38.27
2008,5,15,22,30,21.700000000000003,92,626,856,225,349,489,36.910000000000004
2008,5,15,23,30,21.3,74,397,764,264,216,327,37.19
2008,5,16,0,30,19.5,50,159,537,537,50,159,42.800000000000004
2008,5,16,1,30,17.7,0,0,0,0,0,0,54.09
2008,5,16,2,30,16.7,0,0,0,0,0,0,58.06
2008,5,16,3,30,15.8,0,0,0,0,0,0,64.14
2008,5,16,4,30,15,0,0,0,0,0,0,69.33
2008,5,16,5,30,14.4,0,0,0,0,0,0,73.08
2008,5,16,6,30,13.8,0,0,0,0,0,0,76.78
2008,5,16,7,30,13.100000000000001,0,0,0,0,0,0,81.16
2008,5,16,8,30,12.3,0,0,0,0,0,0,86.34
2008,5,16,9,30,11.8,0,0,0,0,0,0,89.94
2008,5,16,10,30,11.200000000000001,0,0,0,0,0,0,94.01
2008,5,16,11,30,11,0,0,0,0,0,0,95.41
2008,5,16,12,30,12.8,23,38,222,222,23,38,84.76
2008,5,16,13,30,16.1,64,247,637,637,64,247,68.78
2008,5,16,14,30,19.1,86,488,802,802,86,488,54.36
2008,5,16,15,30,21.6,95,713,892,892,95,713,42.08
2008,5,16,16,30,23.700000000000003,99,897,946,946,99,897,33.54
2008,5,16,17,30,25.400000000000002,104,1025,973,80,505,581,28.080000000000002
2008,5,16,18,30,26.6,122,1077,960,264,580,843,25.310000000000002
2008,5,16,19,30,27.1,124,1062,954,954,124,1062,24.64
2008,5,16,20,30,27.1,120,974,934,934,120,974,24.97
2008,5,16,21,30,26.5,104,830,916,916,104,830,25.97
2008,5,16,22,30,25.400000000000002,86,631,874,874,86,631,27.73
2008,5,16,23,30,23.8,67,402,789,789,67,402,30.47
2008,5,17,0,30,21.6,44,165,596,596,44,165,35.12
2008,5,17,1,30,19.3,0,0,0,0,0,0,42.11
2008,5,17,2,30,17.6,0,0,0,0,0,0,48.65
2008,5,17,3,30,16.1,0,0,0,0,0,0,55.11
2008,5,17,4,30,14.8,0,0,0,0,0,0,62.06
2008,5,17,5,30,13.8,0,0,0,0,0,0,67.93
2008,5,17,6,30,12.9,0,0,0,0,0,0,74.8
2008,5,17,7,30,12,0,0,0,0,0,0,82.05
2008,5,17,8,30,11.200000000000001,0,0,0,0,0,0,87.86
2008,5,17,9,30,10.600000000000001,0,0,0,0,0,0,92.18
2008,5,17,10,30,10.200000000000001,0,0,0,0,0,0,94.91
2008,5,17,11,30,10.3,0,0,0,0,0,0,94.28
2008,5,17,12,30,11.3,27,35,114,114,27,35,88.23
2008,5,17,13,30,13.5,88,239,521,0,93,93,74.66
2008,5,17,14,30,16.7,104,484,755,0,94,94,57.51
2008,5,17,15,30,20.1,109,715,876,82,388,445,40.49
2008,5,17,16,30,22.8,109,903,941,525,385,829,29.900000000000002
2008,5,17,17,30,25,98,1037,991,991,98,1037,23.51
2008,5,17,18,30,26.5,93,1101,1014,245,581,825,19.54
2008,5,17,19,30,27.3,85,1089,1021,817,233,1037,17.080000000000002
2008,5,17,20,30,27.6,81,1008,1014,1014,81,1008,15.71
2008,5,17,21,30,27.3,74,859,990,990,74,859,14.97
2008,5,17,22,30,26.400000000000002,69,656,939,939,69,656,15
2008,5,17,23,30,24.8,60,419,844,844,60,419,16.42
2008,5,18,0,30,21.700000000000003,43,172,629,103,106,127,20.6
2008,5,18,1,30,18.3,0,0,0,0,0,0,30.55
2008,5,18,2,30,16.2,0,0,0,0,0,0,39.89
2008,5,18,3,30,14.9,0,0,0,0,0,0,45.62
2008,5,18,4,30,13.700000000000001,0,0,0,0,0,0,50.51
2008,5,18,5,30,12.600000000000001,0,0,0,0,0,0,56.29
2008,5,18,6,30,11.5,0,0,0,0,0,0,63.34
2008,5,18,7,30,10.600000000000001,0,0,0,0,0,0,69.83
2008,5,18,8,30,9.8,0,0,0,0,0,0,74.55
2008,5,18,9,30,9.200000000000001,0,0,0,0,0,0,77.85000000000001
2008,5,18,10,30,8.700000000000001,0,0,0,0,0,0,80.17
2008,5,18,11,30,8.6,0,0,0,0,0,0,79.64
2008,5,18,12,30,10.600000000000001,22,43,312,312,22,43,68.49
2008,5,18,13,30,13.9,54,261,715,715,54,261,54.39
2008,5,18,14,30,17,71,506,864,864,71,506,44.550000000000004
2008,5,18,15,30,19.6,82,731,937,937,82,731,36
2008,5,18,16,30,21.700000000000003,90,914,977,977,90,914,28.72
2008,5,18,17,30,23.400000000000002,95,1040,998,998,95,1040,24.04
2008,5,18,18,30,24.700000000000003,96,1099,1008,1008,96,1099,21.12
2008,5,18,19,30,25.5,98,1082,1000,0,279,280,19.240000000000002
2008,5,18,20,30,26,98,997,982,647,350,942,17.79
2008,5,18,21,30,26,99,845,941,445,391,744,17.12
2008,5,18,22,30,25.3,93,641,875,31,240,259,17.68
2008,5,18,23,30,24,79,405,763,35,167,181,19.42
2008,5,19,0,30,21.8,55,164,529,529,55,164,23.04
2008,5,19,1,30,19.5,0,0,0,0,0,0,29.5
2008,5,19,2,30,17.8,0,0,0,0,0,0,34.19
2008,5,19,3,30,16.5,0,0,0,0,0,0,38.14
2008,5,19,4,30,15.4,0,0,0,0,0,0,41.92
2008,5,19,5,30,14.5,0,0,0,0,0,0,45.56
2008,5,19,6,30,13.600000000000001,0,0,0,0,0,0,49.29
2008,5,19,7,30,12.8,0,0,0,0,0,0,53.11
2008,5,19,8,30,12.200000000000001,0,0,0,0,0,0,56.07
2008,5,19,9,30,11.5,0,0,0,0,0,0,59.910000000000004
2008,5,19,10,30,11,0,0,0,0,0,0,62.690000000000005
2008,5,19,11,30,11.100000000000001,0,0,0,0,0,0,62.54
2008,5,19,12,30,12.600000000000001,26,39,199,0,19,19,57.160000000000004
2008,5,19,13,30,15.5,73,246,598,20,155,161,48.29
2008,5,19,14,30,18.7,96,485,772,41,214,235,40.36
2008,5,19,15,30,21,108,708,866,51,303,338,34.31
2008,5,19,16,30,22.5,117,890,915,915,117,890,30.93
2008,5,19,17,30,23.6,121,1016,945,945,121,1016,28.89
2008,5,19,18,30,24.400000000000002,141,1068,931,931,141,1068,27.3
2008,5,19,19,30,25,137,1056,933,4,329,332,25.67
2008,5,19,20,30,25.1,130,973,921,486,344,789,24.69
2008,5,19,21,30,24.700000000000003,112,827,901,901,112,827,24.91
2008,5,19,22,30,23.700000000000003,101,627,839,216,356,492,26.84
2008,5,19,23,30,22.200000000000003,86,396,725,0,18,18,30.39
2008,5,20,0,30,20.3,60,158,473,0,4,4,36.06
2008,5,20,1,30,18.7,0,0,0,0,0,0,45.19
2008,5,20,2,30,17.400000000000002,0,0,0,0,0,0,51.04
2008,5,20,3,30,16.3,0,0,0,0,0,0,56.84
2008,5,20,4,30,15.200000000000001,0,0,0,0,0,0,63.910000000000004
2008,5,20,5,30,14,0,0,0,0,0,0,69.08
2008,5,20,6,30,13.200000000000001,0,0,0,0,0,0,72.82000000000001
2008,5,20,7,30,12.4,0,0,0,0,0,0,76.42
2008,5,20,8,30,11.700000000000001,0,0,0,0,0,0,79.44
2008,5,20,9,30,11.200000000000001,0,0,0,0,0,0,81.10000000000001
2008,5,20,10,30,10.8,0,0,0,0,0,0,82.09
2008,5,20,11,30,10.8,0,0,0,0,0,0,80.95
2008,5,20,12,30,12.600000000000001,23,43,291,291,23,43,71.82000000000001
2008,5,20,13,30,16.2,56,257,692,692,56,257,57.160000000000004
2008,5,20,14,30,19.5,73,499,843,843,73,499,41.5
2008,5,20,15,30,21.6,84,724,922,922,84,724,32.28
2008,5,20,16,30,23.200000000000003,93,906,963,963,93,906,27.650000000000002
2008,5,20,17,30,24.5,99,1031,984,984,99,1031,24.63
2008,5,20,18,30,25.5,102,1089,991,991,102,1089,22.3
2008,5,20,19,30,26.3,103,1072,985,985,103,1072,20.57
2008,5,20,20,30,26.6,103,988,966,497,429,884,19.46
2008,5,20,21,30,26.3,101,839,929,599,256,732,19.13
2008,5,20,22,30,25.5,93,637,866,265,300,467,19.830000000000002
2008,5,20,23,30,24.3,77,405,764,184,204,283,21.41
2008,5,21,0,30,22,52,168,551,551,52,168,24.98
2008,5,21,1,30,19.6,0,0,0,0,0,0,38.02
2008,5,21,2,30,18.3,0,0,0,0,0,0,41.54
2008,5,21,3,30,17.400000000000002,0,0,0,0,0,0,43.24
2008,5,21,4,30,16.8,0,0,0,0,0,0,45.11
2008,5,21,5,30,16.400000000000002,0,0,0,0,0,0,44.64
2008,5,21,6,30,15.4,0,0,0,0,0,0,47.52
2008,5,21,7,30,14.100000000000001,0,0,0,0,0,0,52.26
2008,5,21,8,30,13,0,0,0,0,0,0,56.17
2008,5,21,9,30,12.100000000000001,0,0,0,0,0,0,61.64
2008,5,21,10,30,11.4,0,0,0,0,0,0,69.05
2008,5,21,11,30,11,0,0,0,0,0,0,75.5
2008,5,21,12,30,12.200000000000001,23,44,297,297,23,44,72.28
2008,5,21,13,30,15.9,56,262,707,707,56,262,56.33
2008,5,21,14,30,20.5,72,507,861,861,72,507,35.800000000000004
2008,5,21,15,30,23.8,83,732,935,935,83,732,20.88
2008,5,21,16,30,25.6,91,916,976,976,91,916,16.71
2008,5,21,17,30,27,96,1042,998,998,96,1042,14.65
2008,5,21,18,30,28.1,100,1100,1004,1004,100,1100,13.3
2008,5,21,19,30,28.8,100,1086,1001,1001,100,1086,12.46
2008,5,21,20,30,29.1,98,998,982,744,285,967,12.01
2008,5,21,21,30,28.900000000000002,96,849,948,948,96,849,12.05
2008,5,21,22,30,28,91,644,879,653,186,597,13.01
2008,5,21,23,30,26.1,81,406,754,594,135,391,16.07
2008,5,22,0,30,23.200000000000003,58,164,505,298,99,162,22.78
2008,5,22,1,30,20.1,0,0,0,0,0,0,33.42
2008,5,22,2,30,17.900000000000002,0,0,0,0,0,0,42.29
2008,5,22,3,30,16.5,0,0,0,0,0,0,47.65
2008,5,22,4,30,15.4,0,0,0,0,0,0,51.68
2008,5,22,5,30,14.100000000000001,0,0,0,0,0,0,57.04
2008,5,22,6,30,12.700000000000001,0,0,0,0,0,0,64.07000000000001
2008,5,22,7,30,11.5,0,0,0,0,0,0,71.42
2008,5,22,8,30,10.8,0,0,0,0,0,0,76.26
2008,5,22,9,30,10.200000000000001,0,0,0,0,0,0,79.56
2008,5,22,10,30,9.700000000000001,0,0,0,0,0,0,81.68
2008,5,22,11,30,9.4,0,0,0,0,0,0,81.21000000000001
2008,5,22,12,30,10.4,24,45,294,294,24,45,73.21000000000001
2008,5,22,13,30,13.5,56,263,709,709,56,263,54.5
2008,5,22,14,30,17.400000000000002,71,509,864,864,71,509,35.92
2008,5,22,15,30,21,80,737,947,947,80,737,25.64
2008,5,22,16,30,23.900000000000002,84,926,995,995,84,926,19.96
2008,5,22,17,30,25.900000000000002,87,1053,1020,1020,87,1053,16.330000000000002
2008,5,22,18,30,27.1,90,1117,1032,1032,90,1117,13.86
2008,5,22,19,30,27.6,89,1104,1031,1031,89,1104,12.58
2008,5,22,20,30,27.6,87,1019,1016,1016,87,1019,12.200000000000001
2008,5,22,21,30,26.900000000000002,82,865,984,984,82,865,12.790000000000001
2008,5,22,22,30,25.700000000000003,76,663,931,931,76,663,14.700000000000001
2008,5,22,23,30,23.700000000000003,65,423,831,831,65,423,18.400000000000002
2008,5,23,0,30,20.900000000000002,45,180,633,633,45,180,24.310000000000002
2008,5,23,1,30,18.2,0,0,0,0,0,0,32.17
2008,5,23,2,30,16.1,0,0,0,0,0,0,40.85
2008,5,23,3,30,14.5,0,0,0,0,0,0,50.09
2008,5,23,4,30,12.9,0,0,0,0,0,0,61.550000000000004
2008,5,23,5,30,11.4,0,0,0,0,0,0,72.93
2008,5,23,6,30,10.200000000000001,0,0,0,0,0,0,81.15
2008,5,23,7,30,9.3,0,0,0,0,0,0,85.63
2008,5,23,8,30,8.5,0,0,0,0,0,0,87.91
2008,5,23,9,30,7.9,0,0,0,0,0,0,88.18
2008,5,23,10,30,7.4,0,0,0,0,0,0,87.84
2008,5,23,11,30,7.1000000000000005,0,0,0,0,0,0,85.75
2008,5,23,12,30,8.6,22,50,388,388,22,50,73.86
2008,5,23,13,30,12.600000000000001,50,279,779,779,50,279,52.370000000000005
2008,5,23,14,30,17.5,64,528,917,917,64,528,33.05
2008,5,23,15,30,21.700000000000003,72,757,986,986,72,757,20.96
2008,5,23,16,30,24.6,79,943,1022,1022,79,943,15.36
2008,5,23,17,30,26.700000000000003,82,1071,1043,1043,82,1071,12.43
2008,5,23,18,30,28.1,83,1124,1046,1046,83,1124,10.81
2008,5,23,19,30,29,83,1111,1044,1044,83,1111,9.950000000000001
2008,5,23,20,30,29.400000000000002,80,1026,1031,1031,80,1026,9.56
2008,5,23,21,30,29.3,75,872,1001,1001,75,872,9.48
2008,5,23,22,30,28.5,68,670,954,954,68,670,9.83
2008,5,23,23,30,26.900000000000002,59,433,866,866,59,433,10.82
2008,5,24,0,30,23.5,42,185,668,668,42,185,13.780000000000001
2008,5,24,1,30,20,0,0,0,0,0,0,21.19
2008,5,24,2,30,18.5,0,0,0,0,0,0,24.11
2008,5,24,3,30,17.2,0,0,0,0,0,0,28.740000000000002
2008,5,24,4,30,15.700000000000001,0,0,0,0,0,0,35.67
2008,5,24,5,30,14.4,0,0,0,0,0,0,43.11
2008,5,24,6,30,13.200000000000001,0,0,0,0,0,0,50.94
2008,5,24,7,30,12.100000000000001,0,0,0,0,0,0,58.74
2008,5,24,8,30,11.200000000000001,0,0,0,0,0,0,65.31
2008,5,24,9,30,10.4,0,0,0,0,0,0,70.21000000000001
2008,5,24,10,30,9.700000000000001,0,0,0,0,0,0,73.71000000000001
2008,5,24,11,30,9.5,0,0,0,0,0,0,74.62
2008,5,24,12,30,11.5,22,50,380,380,22,50,64.68
2008,5,24,13,30,16.2,50,274,762,762,50,274,46.44
2008,5,24,14,30,21.6,65,521,899,899,65,521,25.42
2008,5,24,15,30,25.400000000000002,74,743,962,962,74,743,14.97
2008,5,24,16,30,27.5,81,927,1000,1000,81,927,13.05
2008,5,24,17,30,29,85,1053,1020,1020,85,1053,11.83
2008,5,24,18,30,30.200000000000003,95,1110,1019,1019,95,1110,10.870000000000001
2008,5,24,19,30,30.900000000000002,96,1092,1011,1011,96,1092,10.24
2008,5,24,20,30,31.200000000000003,95,1008,995,995,95,1008,9.88
2008,5,24,21,30,30.900000000000002,87,861,971,971,87,861,9.92
2008,5,24,22,30,30.200000000000003,80,657,913,913,80,657,10.26
2008,5,24,23,30,28.8,69,423,815,815,69,423,11.200000000000001
2008,5,25,0,30,25.6,49,179,600,600,49,179,14.030000000000001
2008,5,25,1,30,22.200000000000003,0,0,0,0,0,0,21.52
2008,5,25,2,30,21,0,0,0,0,0,0,24.14
2008,5,25,3,30,20.1,0,0,0,0,0,0,26.82
2008,5,25,4,30,18.7,0,0,0,0,0,0,31.650000000000002
2008,5,25,5,30,17.3,0,0,0,0,0,0,37.35
2008,5,25,6,30,16.3,0,0,0,0,0,0,41.59
2008,5,25,7,30,15.5,0,0,0,0,0,0,45.17
2008,5,25,8,30,14.8,0,0,0,0,0,0,48.800000000000004
2008,5,25,9,30,14.100000000000001,0,0,0,0,0,0,53.13
2008,5,25,10,30,13.5,0,0,0,0,0,0,57.39
2008,5,25,11,30,13.3,0,0,0,0,0,0,60.13
2008,5,25,12,30,15.4,26,45,249,249,26,45,54.32
2008,5,25,13,30,19,66,258,652,652,66,258,45.78
2008,5,25,14,30,22.5,86,499,815,815,86,499,32.78
2008,5,25,15,30,25.700000000000003,99,722,896,896,99,722,21.44
2008,5,25,16,30,28,107,904,942,942,107,904,17.34
2008,5,25,17,30,29.6,111,1030,969,969,111,1030,15.97
2008,5,25,18,30,30.8,104,1092,992,992,104,1092,14.86
2008,5,25,19,30,31.400000000000002,102,1076,988,565,426,983,13.950000000000001
2008,5,25,20,30,31.700000000000003,100,993,972,68,490,553,13.19
2008,5,25,21,30,31.5,93,848,947,947,93,848,12.81
2008,5,25,22,30,30.8,87,649,888,101,368,432,12.76
2008,5,25,23,30,29.6,75,417,786,786,75,417,13.15
2008,5,26,0,30,26.900000000000002,55,176,558,558,55,176,15.11
2008,5,26,1,30,23.900000000000002,0,0,0,0,0,0,20.59
2008,5,26,2,30,22.400000000000002,0,0,0,0,0,0,22.64
2008,5,26,3,30,20.900000000000002,0,0,0,0,0,0,25.94
2008,5,26,4,30,19.200000000000003,0,0,0,0,0,0,31.62
2008,5,26,5,30,18,0,0,0,0,0,0,37.11
2008,5,26,6,30,17.1,0,0,0,0,0,0,42.12
2008,5,26,7,30,16.400000000000002,0,0,0,0,0,0,47.44
2008,5,26,8,30,15.600000000000001,0,0,0,0,0,0,53.800000000000004
2008,5,26,9,30,15,0,0,0,0,0,0,59.46
2008,5,26,10,30,14.4,0,0,0,0,0,0,64.76
2008,5,26,11,30,14.200000000000001,0,0,0,0,0,0,67.99
2008,5,26,12,30,16,29,41,166,166,29,41,62.050000000000004
2008,5,26,13,30,19.5,82,246,553,553,82,246,50
2008,5,26,14,30,23.200000000000003,110,483,736,736,110,483,35.230000000000004
2008,5,26,15,30,26.1,125,703,831,831,125,703,24.94
2008,5,26,16,30,28.200000000000003,136,884,884,884,136,884,20.22
2008,5,26,17,30,29.700000000000003,144,1009,912,912,144,1009,17.94
2008,5,26,18,30,30.900000000000002,166,1061,898,898,166,1061,16.23
2008,5,26,19,30,31.6,175,1045,882,882,175,1045,15.030000000000001
2008,5,26,20,30,31.900000000000002,190,958,836,836,190,958,14.21
2008,5,26,21,30,31.700000000000003,146,821,846,431,408,752,13.93
2008,5,26,22,30,30.900000000000002,144,621,752,752,144,621,14.41
2008,5,26,23,30,29.6,130,387,590,32,198,212,15.65
2008,5,27,0,30,27.200000000000003,85,157,332,76,125,141,18.330000000000002
2008,5,27,1,30,24.700000000000003,0,0,0,0,0,0,24
2008,5,27,2,30,23.400000000000002,0,0,0,0,0,0,26.830000000000002
2008,5,27,3,30,22.8,0,0,0,0,0,0,28.44
2008,5,27,4,30,22.1,0,0,0,0,0,0,31.13
2008,5,27,5,30,21,0,0,0,0,0,0,36.18
2008,5,27,6,30,19.6,0,0,0,0,0,0,44.21
2008,5,27,7,30,18.400000000000002,0,0,0,0,0,0,53.72
2008,5,27,8,30,17.400000000000002,0,0,0,0,0,0,63.79
2008,5,27,9,30,16.6,0,0,0,0,0,0,72.69
2008,5,27,10,30,16,0,0,0,0,0,0,78.67
2008,5,27,11,30,15.600000000000001,0,0,0,0,0,0,81.51
2008,5,27,12,30,16.400000000000002,30,39,126,0,27,27,77.77
2008,5,27,13,30,18.900000000000002,86,242,527,30,166,175,63.49
2008,5,27,14,30,22.400000000000002,109,480,730,730,109,480,45.62
2008,5,27,15,30,25.700000000000003,121,700,832,832,121,700,32.28
2008,5,27,16,30,28.1,128,880,890,890,128,880,26.150000000000002
2008,5,27,17,30,29.8,130,1008,926,926,130,1008,22.68
2008,5,27,18,30,31,136,1065,933,933,136,1065,20.44
2008,5,27,19,30,31.6,131,1056,937,742,279,1011,19.14
2008,5,27,20,30,31.6,124,975,925,710,296,948,18.56
2008,5,27,21,30,31.200000000000003,128,826,874,874,128,826,18.31
2008,5,27,22,30,30.3,115,631,812,32,320,341,18.52
2008,5,27,23,30,29,95,403,706,511,176,399,19.16
2008,5,28,0,30,26.900000000000002,64,171,487,116,117,142,21.11
2008,5,28,1,30,24.5,0,0,0,0,0,0,24.54
2008,5,28,2,30,22.6,0,0,0,0,0,0,28.310000000000002
2008,5,28,3,30,20.900000000000002,0,0,0,0,0,0,33.22
2008,5,28,4,30,19.400000000000002,0,0,0,0,0,0,40.230000000000004
2008,5,28,5,30,18,0,0,0,0,0,0,50.35
2008,5,28,6,30,16.8,0,0,0,0,0,0,59.33
2008,5,28,7,30,15.700000000000001,0,0,0,0,0,0,67.17
2008,5,28,8,30,14.9,0,0,0,0,0,0,73.56
2008,5,28,9,30,14.4,0,0,0,0,0,0,77.95
2008,5,28,10,30,13.9,0,0,0,0,0,0,80.96000000000001
2008,5,28,11,30,13.8,0,0,0,0,0,0,81.11
2008,5,28,12,30,14.8,28,45,235,235,28,45,75.73
2008,5,28,13,30,17.7,67,255,634,634,67,255,59.17
2008,5,28,14,30,21.1,88,495,801,801,88,495,40.37
2008,5,28,15,30,24.1,101,716,884,884,101,716,28.63
2008,5,28,16,30,26.400000000000002,109,900,935,935,109,900,22.03
2008,5,28,17,30,28,111,1025,963,963,111,1025,18.23
2008,5,28,18,30,29.1,118,1082,967,967,118,1082,15.950000000000001
2008,5,28,19,30,29.700000000000003,118,1070,965,965,118,1070,14.73
2008,5,28,20,30,29.8,113,988,952,952,113,988,14.3
2008,5,28,21,30,29.400000000000002,100,845,932,932,100,845,14.65
2008,5,28,22,30,28.6,89,649,882,882,89,649,15.69
2008,5,28,23,30,27.1,74,420,790,790,74,420,17.63
2008,5,29,0,30,24.8,51,182,595,595,51,182,20.88
2008,5,29,1,30,22.3,0,0,0,0,0,0,25.41
2008,5,29,2,30,20.6,0,0,0,0,0,0,29.82
2008,5,29,3,30,19.1,0,0,0,0,0,0,35.11
2008,5,29,4,30,17.8,0,0,0,0,0,0,41.43
2008,5,29,5,30,16.400000000000002,0,0,0,0,0,0,49.76
2008,5,29,6,30,15,0,0,0,0,0,0,60.13
2008,5,29,7,30,13.9,0,0,0,0,0,0,70.74
2008,5,29,8,30,12.9,0,0,0,0,0,0,80.67
2008,5,29,9,30,12.100000000000001,0,0,0,0,0,0,87.60000000000001
2008,5,29,10,30,11.5,0,0,0,0,0,0,91.59
2008,5,29,11,30,11.100000000000001,0,0,0,0,0,0,93.22
2008,5,29,12,30,12.4,25,49,323,323,25,49,84
2008,5,29,13,30,15.5,55,269,723,723,55,269,63.53
2008,5,29,14,30,19.3,69,512,873,873,69,512,42.550000000000004
2008,5,29,15,30,22.8,78,736,945,945,78,736,27.98
2008,5,29,16,30,25.200000000000003,84,918,986,986,84,918,21.51
2008,5,29,17,30,26.900000000000002,88,1043,1008,1008,88,1043,18.1
2008,5,29,18,30,28.1,94,1101,1011,1011,94,1101,16.13
2008,5,29,19,30,28.8,93,1089,1009,1009,93,1089,15
2008,5,29,20,30,29.1,90,1007,997,997,90,1007,14.32
2008,5,29,21,30,28.900000000000002,83,862,973,973,83,862,13.91
2008,5,29,22,30,28.200000000000003,76,664,925,925,76,664,13.950000000000001
2008,5,29,23,30,26.900000000000002,64,430,834,834,64,430,14.76
2008,5,30,0,30,24.200000000000003,45,190,650,650,45,190,17.22
2008,5,30,1,30,21.1,0,0,0,0,0,0,21.71
2008,5,30,2,30,19.400000000000002,0,0,0,0,0,0,24.91
2008,5,30,3,30,18.3,0,0,0,0,0,0,28.54
2008,5,30,4,30,17.2,0,0,0,0,0,0,34.19
2008,5,30,5,30,15.9,0,0,0,0,0,0,42.14
2008,5,30,6,30,14.700000000000001,0,0,0,0,0,0,51.480000000000004
2008,5,30,7,30,13.600000000000001,0,0,0,0,0,0,61.19
2008,5,30,8,30,12.600000000000001,0,0,0,0,0,0,69.60000000000001
2008,5,30,9,30,11.8,0,0,0,0,0,0,76.2
2008,5,30,10,30,11.200000000000001,0,0,0,0,0,0,81.08
2008,5,30,11,30,11.100000000000001,0,0,0,0,0,0,82.48
2008,5,30,12,30,12.600000000000001,23,51,365,365,23,51,74.94
2008,5,30,13,30,16.3,51,270,739,739,51,270,58.13
2008,5,30,14,30,20.8,65,512,879,879,65,512,39.21
2008,5,30,15,30,24.5,74,734,948,948,74,734,24.63
2008,5,30,16,30,26.8,81,918,989,989,81,918,19.01
2008,5,30,17,30,28.400000000000002,85,1043,1010,1010,85,1043,16.51
2008,5,30,18,30,29.400000000000002,85,1103,1022,1022,85,1103,15.07
2008,5,30,19,30,30.1,85,1087,1016,1016,85,1087,14.07
2008,5,30,20,30,30.400000000000002,83,1005,1003,1003,83,1005,13.44
2008,5,30,21,30,30.200000000000003,78,861,978,978,78,861,13.23
2008,5,30,22,30,29.6,70,664,933,933,70,664,13.32
2008,5,30,23,30,28.3,60,433,848,848,60,433,14.030000000000001
2008,5,31,0,30,25.6,43,193,670,104,121,144,16.240000000000002
2008,5,31,1,30,22.400000000000002,0,0,0,0,0,0,20.72
2008,5,31,2,30,20.6,0,0,0,0,0,0,24.19
2008,5,31,3,30,19.5,0,0,0,0,0,0,28.990000000000002
2008,5,31,4,30,18.400000000000002,0,0,0,0,0,0,36.97
2008,5,31,5,30,17.3,0,0,0,0,0,0,47.62
2008,5,31,6,30,16.1,0,0,0,0,0,0,58.68
2008,5,31,7,30,15.100000000000001,0,0,0,0,0,0,67.88
2008,5,31,8,30,14.3,0,0,0,0,0,0,75.08
2008,5,31,9,30,13.600000000000001,0,0,0,0,0,0,80.61
2008,5,31,10,30,13,0,0,0,0,0,0,84.25
2008,5,31,11,30,13.100000000000001,0,0,0,0,0,0,83.51
2008,5,31,12,30,14.9,24,50,335,335,24,50,74.32000000000001
2008,5,31,13,30,18.6,54,264,708,708,54,264,58.09
2008,5,31,14,30,22.700000000000003,69,502,851,851,69,502,41.050000000000004
2008,5,31,15,30,26,79,722,923,923,79,722,29.240000000000002
2008,5,31,16,30,28.1,87,904,966,745,258,889,24.12
2008,5,31,17,30,29.6,90,1028,989,989,90,1028,21.11
2008,5,31,18,30,30.700000000000003,94,1086,995,995,94,1086,18.98
2008,5,31,19,30,31.400000000000002,94,1075,994,994,94,1075,17.330000000000002
2008,5,31,20,30,31.6,91,994,981,981,91,994,16.26
2008,5,31,21,30,31.3,83,851,958,958,83,851,15.75
2008,5,31,22,30,30.6,76,656,910,910,76,656,15.780000000000001
2008,5,31,23,30,29.3,64,427,822,822,64,427,16.48
2008,6,1,0,30,26.700000000000003,46,189,636,636,46,189,18.71
2008,6,1,1,30,23.8,0,0,0,0,0,0,22.52
2008,6,1,2,30,22.200000000000003,0,0,0,0,0,0,24.82
2008,6,1,3,30,20.900000000000002,0,0,0,0,0,0,26.76
2008,6,1,4,30,19.3,0,0,0,0,0,0,30.3
2008,6,1,5,30,18,0,0,0,0,0,0,35.85
2008,6,1,6,30,17,0,0,0,0,0,0,43.21
2008,6,1,7,30,16.3,0,0,0,0,0,0,50.31
2008,6,1,8,30,15.700000000000001,0,0,0,0,0,0,56.480000000000004
2008,6,1,9,30,15.200000000000001,0,0,0,0,0,0,61.49
2008,6,1,10,30,14.9,0,0,0,0,0,0,66.26
2008,6,1,11,30,14.9,0,0,0,0,0,0,69.46000000000001
2008,6,1,12,30,16.400000000000002,24,50,325,325,24,50,64.53
2008,6,1,13,30,19.6,54,264,706,706,54,264,52.46
2008,6,1,14,30,23.400000000000002,68,504,857,857,68,504,37.2
2008,6,1,15,30,26.6,77,727,935,935,77,727,25.42
2008,6,1,16,30,28.900000000000002,82,908,977,977,82,908,19.66
2008,6,1,17,30,30.5,84,1036,1004,1004,84,1036,16.88
2008,6,1,18,30,31.700000000000003,84,1099,1018,1018,84,1099,14.77
2008,6,1,19,30,32.4,82,1088,1018,1018,82,1088,13.15
2008,6,1,20,30,32.6,79,1007,1008,1008,79,1007,12.16
2008,6,1,21,30,32.4,75,863,982,982,75,863,11.52
2008,6,1,22,30,31.6,68,667,938,938,68,667,11.38
2008,6,1,23,30,30.200000000000003,58,439,861,861,58,439,11.76
2008,6,2,0,30,27.3,41,197,690,690,41,197,13.47
2008,6,2,1,30,23.900000000000002,0,0,0,0,0,0,17.01
2008,6,2,2,30,22.200000000000003,0,0,0,0,0,0,18.92
2008,6,2,3,30,20.900000000000002,0,0,0,0,0,0,21.78
2008,6,2,4,30,19.5,0,0,0,0,0,0,28.310000000000002
2008,6,2,5,30,18,0,0,0,0,0,0,38.31
2008,6,2,6,30,16.7,0,0,0,0,0,0,48.4
2008,6,2,7,30,15.600000000000001,0,0,0,0,0,0,57.36
2008,6,2,8,30,14.600000000000001,0,0,0,0,0,0,66.12
2008,6,2,9,30,13.8,0,0,0,0,0,0,73.82000000000001
2008,6,2,10,30,13,0,0,0,0,0,0,80.63
2008,6,2,11,30,12.700000000000001,0,0,0,0,0,0,84.37
2008,6,2,12,30,13.9,23,52,378,378,23,52,79.34
2008,6,2,13,30,17.2,49,272,748,748,49,272,60.75
2008,6,2,14,30,21.700000000000003,63,512,884,884,63,512,37.57
2008,6,2,15,30,26.200000000000003,70,737,958,958,70,737,20.41
2008,6,2,16,30,29.200000000000003,76,918,996,996,76,918,15.11
2008,6,2,17,30,31,79,1044,1017,1017,79,1044,13.450000000000001
2008,6,2,18,30,32,88,1101,1017,1017,88,1101,12.530000000000001
2008,6,2,19,30,32.7,88,1090,1015,1015,88,1090,11.72
2008,6,2,20,30,32.9,86,1009,1002,1002,86,1009,11.09
2008,6,2,21,30,32.7,77,866,982,982,77,866,10.76
2008,6,2,22,30,32,70,670,938,938,70,670,10.72
2008,6,2,23,30,30.700000000000003,59,439,856,856,59,439,11.09
2008,6,3,0,30,27.5,43,198,679,679,43,198,12.950000000000001
2008,6,3,1,30,24,0,0,0,0,0,0,16.580000000000002
2008,6,3,2,30,22.1,0,0,0,0,0,0,18.490000000000002
2008,6,3,3,30,20.8,0,0,0,0,0,0,21.76
2008,6,3,4,30,19.400000000000002,0,0,0,0,0,0,29.73
2008,6,3,5,30,17.900000000000002,0,0,0,0,0,0,40.43
2008,6,3,6,30,16.6,0,0,0,0,0,0,51.35
2008,6,3,7,30,15.5,0,0,0,0,0,0,60.64
2008,6,3,8,30,14.600000000000001,0,0,0,0,0,0,68.01
2008,6,3,9,30,13.8,0,0,0,0,0,0,74.62
2008,6,3,10,30,13.100000000000001,0,0,0,0,0,0,80.18
2008,6,3,11,30,12.9,0,0,0,0,0,0,82.49
2008,6,3,12,30,14.5,23,53,384,384,23,53,74.61
2008,6,3,13,30,18.400000000000002,49,271,746,116,164,198,53.67
2008,6,3,14,30,23.3,63,512,885,505,217,474,32.76
2008,6,3,15,30,27.3,72,733,952,952,72,733,21.37
2008,6,3,16,30,29.6,78,914,989,757,257,897,17.28
2008,6,3,17,30,31.200000000000003,82,1043,1014,1014,82,1043,14.93
2008,6,3,18,30,32.4,80,1103,1026,1026,80,1103,13.16
2008,6,3,19,30,33.1,78,1096,1031,1031,78,1096,11.67
2008,6,3,20,30,33.300000000000004,75,1015,1021,1021,75,1015,10.61
2008,6,3,21,30,33.1,77,874,992,992,77,874,9.72
2008,6,3,22,30,32.300000000000004,69,677,949,949,69,677,9.22
2008,6,3,23,30,30.8,58,448,876,876,58,448,9.18
2008,6,4,0,30,27.5,42,204,706,706,42,204,10.32
2008,6,4,1,30,23.6,0,0,0,0,0,0,13.33
2008,6,4,2,30,21.5,0,0,0,0,0,0,14.76
2008,6,4,3,30,20.1,0,0,0,0,0,0,16.73
2008,6,4,4,30,18.8,0,0,0,0,0,0,22.47
2008,6,4,5,30,17.7,0,0,0,0,0,0,33.11
2008,6,4,6,30,16.6,0,0,0,0,0,0,46.94
2008,6,4,7,30,15.600000000000001,0,0,0,0,0,0,59.85
2008,6,4,8,30,14.9,0,0,0,0,0,0,68.32000000000001
2008,6,4,9,30,14.3,0,0,0,0,0,0,73.07000000000001
2008,6,4,10,30,13.9,0,0,0,0,0,0,74.96000000000001
2008,6,4,11,30,14,0,0,0,0,0,0,73.8
2008,6,4,12,30,16,22,54,406,15,38,40,64.56
2008,6,4,13,30,19.900000000000002,47,274,761,187,142,198,50.620000000000005
2008,6,4,14,30,24.3,61,515,892,469,177,415,36.4
2008,6,4,15,30,28,70,736,958,409,341,625,23.59
2008,6,4,16,30,30.6,76,917,995,718,283,890,15.31
2008,6,4,17,30,32.300000000000004,81,1042,1014,797,247,1002,12.56
2008,6,4,18,30,33.5,85,1102,1020,805,243,1045,11.06
2008,6,4,19,30,34.4,85,1091,1018,809,239,1038,10.03
2008,6,4,20,30,34.7,84,1006,1001,1001,84,1006,9.48
2008,6,4,21,30,34.5,78,863,978,978,78,863,9.25
2008,6,4,22,30,33.800000000000004,71,668,931,931,71,668,9.370000000000001
2008,6,4,23,30,32.4,61,438,846,846,61,438,9.93
2008,6,5,0,30,29.3,45,198,665,665,45,198,11.700000000000001
2008,6,5,1,30,25.8,0,0,0,0,0,0,15.51
2008,6,5,2,30,23.700000000000003,0,0,0,0,0,0,17.71
2008,6,5,3,30,22.1,0,0,0,0,0,0,20.36
2008,6,5,4,30,20.700000000000003,0,0,0,0,0,0,25.12
2008,6,5,5,30,19.5,0,0,0,0,0,0,34.29
2008,6,5,6,30,18.5,0,0,0,0,0,0,49.6
2008,6,5,7,30,17.7,0,0,0,0,0,0,66.61
2008,6,5,8,30,17,0,0,0,0,0,0,78.85000000000001
2008,6,5,9,30,16.400000000000002,0,0,0,0,0,0,85.34
2008,6,5,10,30,15.9,0,0,0,0,0,0,89.26
2008,6,5,11,30,15.8,0,0,0,0,0,0,89.08
2008,6,5,12,30,17.1,25,50,315,9,37,37,80.55
2008,6,5,13,30,19.8,55,263,702,27,159,167,65.38
2008,6,5,14,30,23,69,503,853,349,247,424,50.5
2008,6,5,15,30,26.400000000000002,79,723,926,623,269,703,37.35
2008,6,5,16,30,29.400000000000002,86,902,967,724,271,883,26.95
2008,6,5,17,30,31.700000000000003,90,1027,988,988,90,1027,20.490000000000002
2008,6,5,18,30,33.300000000000004,103,1083,984,984,103,1083,16.68
2008,6,5,19,30,34.300000000000004,103,1072,981,981,103,1072,14.370000000000001
2008,6,5,20,30,34.7,101,992,966,966,101,992,13.09
2008,6,5,21,30,34.6,105,844,919,919,105,844,12.46
2008,6,5,22,30,33.9,99,649,856,577,272,642,12.61
2008,6,5,23,30,32.5,91,418,732,732,91,418,13.5
2008,6,6,0,30,30,66,182,499,8,90,92,15.69
2008,6,6,1,30,27.3,0,0,0,0,0,0,20.13
2008,6,6,2,30,25.5,0,0,0,0,0,0,23.990000000000002
2008,6,6,3,30,24.1,0,0,0,0,0,0,27.26
2008,6,6,4,30,22.8,0,0,0,0,0,0,31.01
2008,6,6,5,30,21.400000000000002,0,0,0,0,0,0,36.44
2008,6,6,6,30,20,0,0,0,0,0,0,44.47
2008,6,6,7,30,18.900000000000002,0,0,0,0,0,0,53.25
2008,6,6,8,30,18,0,0,0,0,0,0,61.53
2008,6,6,9,30,17.1,0,0,0,0,0,0,69.60000000000001
2008,6,6,10,30,16.400000000000002,0,0,0,0,0,0,76.16
2008,6,6,11,30,16.2,0,0,0,0,0,0,78.65
2008,6,6,12,30,17.900000000000002,27,47,253,253,27,47,70.7
2008,6,6,13,30,21.400000000000002,64,255,645,645,64,255,53.18
2008,6,6,14,30,24.900000000000002,81,492,810,810,81,492,38.36
2008,6,6,15,30,27.8,91,711,893,893,91,711,30.740000000000002
2008,6,6,16,30,30.200000000000003,98,893,941,941,98,893,25.8
2008,6,6,17,30,31.900000000000002,103,1017,965,965,103,1017,22.330000000000002
2008,6,6,18,30,32.9,104,1077,976,727,298,1023,19.77
2008,6,6,19,30,33.5,105,1066,974,768,259,1017,17.67
2008,6,6,20,30,33.6,103,988,959,959,103,988,16.17
2008,6,6,21,30,33.300000000000004,97,846,931,118,448,543,15.21
2008,6,6,22,30,32.4,88,653,878,878,88,653,14.96
2008,6,6,23,30,30.900000000000002,74,427,788,788,74,427,15.34
2008,6,7,0,30,28.5,53,193,602,1,78,79,16.86
2008,6,7,1,30,25.6,0,0,0,0,0,0,20.48
2008,6,7,2,30,23.200000000000003,0,0,0,0,0,0,28.27
2008,6,7,3,30,21.1,0,0,0,0,0,0,42.800000000000004
2008,6,7,4,30,19.5,0,0,0,0,0,0,57.7
2008,6,7,5,30,18.5,0,0,0,0,0,0,66.8
2008,6,7,6,30,17.900000000000002,0,0,0,0,0,0,72.57000000000001
2008,6,7,7,30,17.5,0,0,0,0,0,0,77.56
2008,6,7,8,30,17.2,0,0,0,0,0,0,80.25
2008,6,7,9,30,17,0,0,0,0,0,0,81.45
2008,6,7,10,30,16.6,0,0,0,0,0,0,83.03
2008,6,7,11,30,16.400000000000002,0,0,0,0,0,0,83.4
2008,6,7,12,30,17.3,23,50,343,9,35,36,78.13
2008,6,7,13,30,19.5,49,261,713,52,165,180,65.44
2008,6,7,14,30,22.200000000000003,63,495,851,851,63,495,49.95
2008,6,7,15,30,24.8,71,711,921,921,71,711,37.22
2008,6,7,16,30,27,76,886,959,959,76,886,29.77
2008,6,7,17,30,28.6,79,1006,979,1,353,354,26.28
2008,6,7,18,30,29.5,90,1061,975,0,294,294,24.98
2008,6,7,19,30,29.6,88,1049,973,973,88,1049,25
2008,6,7,20,30,28.900000000000002,87,969,956,956,87,969,26.21
2008,6,7,21,30,27.900000000000002,75,831,939,275,353,575,28.32
2008,6,7,22,30,26.8,68,642,891,313,318,520,31.05
2008,6,7,23,30,25.5,58,422,811,80,246,282,34.57
2008,6,8,0,30,24,42,192,640,640,42,192,39.12
2008,6,8,1,30,22.5,10,13,147,0,4,4,44.61
2008,6,8,2,30,21.200000000000003,0,0,0,0,0,0,50.76
2008,6,8,3,30,19.8,0,0,0,0,0,0,57.88
2008,6,8,4,30,18.400000000000002,0,0,0,0,0,0,65.64
2008,6,8,5,30,17.3,0,0,0,0,0,0,72.34
2008,6,8,6,30,16.6,0,0,0,0,0,0,77.34
2008,6,8,7,30,16.2,0,0,0,0,0,0,81.17
2008,6,8,8,30,15.9,0,0,0,0,0,0,84.52
2008,6,8,9,30,15.700000000000001,0,0,0,0,0,0,87.07000000000001
2008,6,8,10,30,15.5,0,0,0,0,0,0,88.91
2008,6,8,11,30,15.4,0,0,0,0,0,0,89.34
2008,6,8,12,30,16.3,22,50,355,7,34,34,83.82000000000001
2008,6,8,13,30,18.400000000000002,48,257,705,705,48,257,71.26
2008,6,8,14,30,21,60,487,841,841,60,487,57.980000000000004
2008,6,8,15,30,23.3,69,700,909,251,367,541,47.550000000000004
2008,6,8,16,30,25.1,75,874,946,0,256,257,40.22
2008,6,8,17,30,26.1,79,997,970,0,105,105,36.6
2008,6,8,18,30,26.6,80,1056,979,0,164,164,34.93
2008,6,8,19,30,26.700000000000003,80,1044,976,466,362,822,34.64
2008,6,8,20,30,26.5,76,968,966,190,503,678,35.33
2008,6,8,21,30,25.900000000000002,67,831,948,479,277,663,37.22
2008,6,8,22,30,25,61,643,903,13,232,241,40.11
2008,6,8,23,30,23.900000000000002,52,423,823,9,140,144,44.02
2008,6,9,0,30,22.6,38,194,662,8,86,88,49.43
2008,6,9,1,30,21.3,10,13,183,0,5,5,57.15
2008,6,9,2,30,20.200000000000003,0,0,0,0,0,0,64.71000000000001
2008,6,9,3,30,19.1,0,0,0,0,0,0,70.82000000000001
2008,6,9,4,30,17.8,0,0,0,0,0,0,77.83
2008,6,9,5,30,16.5,0,0,0,0,0,0,84.36
2008,6,9,6,30,15.600000000000001,0,0,0,0,0,0,88.35000000000001
2008,6,9,7,30,14.9,0,0,0,0,0,0,90.56
2008,6,9,8,30,14.5,0,0,0,0,0,0,91.09
2008,6,9,9,30,14.200000000000001,0,0,0,0,0,0,91.28
2008,6,9,10,30,13.9,0,0,0,0,0,0,91.73
2008,6,9,11,30,13.8,0,0,0,0,0,0,91.35000000000001
2008,6,9,12,30,14.600000000000001,22,50,362,0,16,16,86.55
2008,6,9,13,30,16.400000000000002,47,257,706,12,102,105,77.27
2008,6,9,14,30,18.900000000000002,61,486,839,39,195,214,65.22
2008,6,9,15,30,21.3,69,698,907,73,340,391,55.14
2008,6,9,16,30,23.200000000000003,75,873,946,18,399,414,48.620000000000005
2008,6,9,17,30,24.5,78,995,968,151,425,568,44.730000000000004
2008,6,9,18,30,25.200000000000003,81,1051,974,167,444,610,42.7
2008,6,9,19,30,25,81,1042,972,4,288,292,43.26
2008,6,9,20,30,24.1,80,963,957,0,157,157,46.03
2008,6,9,21,30,22.900000000000002,76,825,928,0,39,39,50.5
2008,6,9,22,30,21.6,71,638,878,1,143,144,56.08
2008,6,9,23,30,20.200000000000003,62,418,790,18,166,174,62.89
2008,6,10,0,30,19,46,190,609,0,20,20,69.63
2008,6,10,1,30,18.1,11,13,115,0,4,4,76.31
2008,6,10,2,30,17.5,0,0,0,0,0,0,81.65
2008,6,10,3,30,17,0,0,0,0,0,0,85.09
2008,6,10,4,30,16.5,0,0,0,0,0,0,87.85000000000001
2008,6,10,5,30,15.9,0,0,0,0,0,0,91.26
2008,6,10,6,30,15.5,0,0,0,0,0,0,93
2008,6,10,7,30,15.3,0,0,0,0,0,0,93.45
2008,6,10,8,30,15.100000000000001,0,0,0,0,0,0,94.14
2008,6,10,9,30,14.9,0,0,0,0,0,0,94.32000000000001
2008,6,10,10,30,14.600000000000001,0,0,0,0,0,0,95.05
2008,6,10,11,30,14.4,0,0,0,0,0,0,95.49
2008,6,10,12,30,14.600000000000001,22,50,355,0,14,14,93.28
2008,6,10,13,30,15.5,50,260,706,0,5,5,86.44
2008,6,10,14,30,16.900000000000002,66,493,844,2,124,126,77.24
2008,6,10,15,30,18.5,75,709,915,178,340,463,66.75
2008,6,10,16,30,19.900000000000002,81,887,956,140,420,538,58.36
2008,6,10,17,30,21.1,84,1008,977,84,463,542,51.93
2008,6,10,18,30,21.8,84,1068,988,38,466,503,47.7
2008,6,10,19,30,22.1,83,1056,985,264,449,710,45.19
2008,6,10,20,30,22.1,79,979,974,17,403,419,43.910000000000004
2008,6,10,21,30,21.900000000000002,74,839,949,3,227,229,43.36
2008,6,10,22,30,21.400000000000002,66,652,907,21,258,272,43.94
2008,6,10,23,30,20.6,55,431,831,3,115,117,46.33
2008,6,11,0,30,19.1,40,200,671,0,31,31,55.13
2008,6,11,1,30,17.7,11,15,192,0,4,4,66.13
2008,6,11,2,30,16.900000000000002,0,0,0,0,0,0,69.41
2008,6,11,3,30,16.3,0,0,0,0,0,0,71.92
2008,6,11,4,30,15.9,0,0,0,0,0,0,73.47
2008,6,11,5,30,15.5,0,0,0,0,0,0,75.77
2008,6,11,6,30,15.100000000000001,0,0,0,0,0,0,78.89
2008,6,11,7,30,14.700000000000001,0,0,0,0,0,0,83.2
2008,6,11,8,30,14.4,0,0,0,0,0,0,88.02
2008,6,11,9,30,14.100000000000001,0,0,0,0,0,0,92.26
2008,6,11,10,30,13.9,0,0,0,0,0,0,94.48
2008,6,11,11,30,13.8,0,0,0,0,0,0,95.13
2008,6,11,12,30,14.4,23,48,325,0,16,16,91.09
2008,6,11,13,30,15.8,51,255,687,6,84,86,82.46000000000001
2008,6,11,14,30,17.7,66,485,828,143,254,327,69.56
2008,6,11,15,30,19.700000000000003,76,699,899,182,328,453,56.56
2008,6,11,16,30,21.400000000000002,83,874,938,423,311,668,48.54
2008,6,11,17,30,22.6,88,997,960,544,278,793,44.34
2008,6,11,18,30,23.400000000000002,94,1055,965,506,305,809,41.910000000000004
2008,6,11,19,30,23.700000000000003,93,1046,964,339,519,854,40.92
2008,6,11,20,30,23.6,90,970,951,49,420,466,40.88
2008,6,11,21,30,23.400000000000002,86,832,924,21,327,343,40.39
2008,6,11,22,30,22.8,77,645,877,46,297,326,41.06
2008,6,11,23,30,22,66,425,793,82,221,258,42.71
2008,6,12,0,30,20.5,47,195,622,8,84,86,47.4
2008,6,12,1,30,18.6,11,15,143,0,6,6,59.59
2008,6,12,2,30,17.3,0,0,0,0,0,0,63.46
2008,6,12,3,30,16.3,0,0,0,0,0,0,66.74
2008,6,12,4,30,15.700000000000001,0,0,0,0,0,0,69.38
2008,6,12,5,30,15.4,0,0,0,0,0,0,71.37
2008,6,12,6,30,15,0,0,0,0,0,0,73.5
2008,6,12,7,30,14.5,0,0,0,0,0,0,76.05
2008,6,12,8,30,13.9,0,0,0,0,0,0,79.06
2008,6,12,9,30,13.4,0,0,0,0,0,0,81.44
2008,6,12,10,30,12.9,0,0,0,0,0,0,84.14
2008,6,12,11,30,13.200000000000001,0,0,0,0,0,0,83.01
2008,6,12,12,30,15.3,23,49,337,337,23,49,74.01
2008,6,12,13,30,18.900000000000002,51,258,700,700,51,258,61.29
2008,6,12,14,30,22.3,65,491,842,842,65,491,48.730000000000004
2008,6,12,15,30,24.700000000000003,74,709,918,476,302,632,38.29
2008,6,12,16,30,26.6,80,889,961,961,80,889,31.79
2008,6,12,17,30,28,83,1016,986,986,83,1016,27.96
2008,6,12,18,30,29.200000000000003,87,1076,992,992,87,1076,24.98
2008,6,12,19,30,29.900000000000002,87,1067,991,991,87,1067,22.97
2008,6,12,20,30,30.3,85,990,978,978,85,990,21.44
2008,6,12,21,30,30.200000000000003,80,851,954,954,80,851,20.59
2008,6,12,22,30,29.6,74,661,905,905,74,661,20.42
2008,6,12,23,30,28.3,63,437,822,822,63,437,21.34
2008,6,13,0,30,25.8,46,203,651,651,46,203,24.52
2008,6,13,1,30,23,12,16,149,149,12,16,37.57
2008,6,13,2,30,21.700000000000003,0,0,0,0,0,0,41.910000000000004
2008,6,13,3,30,20.700000000000003,0,0,0,0,0,0,44.51
2008,6,13,4,30,19.400000000000002,0,0,0,0,0,0,48.54
2008,6,13,5,30,18.2,0,0,0,0,0,0,53.6
2008,6,13,6,30,17.3,0,0,0,0,0,0,60.28
2008,6,13,7,30,16.400000000000002,0,0,0,0,0,0,69.04
2008,6,13,8,30,15.8,0,0,0,0,0,0,76.76
2008,6,13,9,30,15.200000000000001,0,0,0,0,0,0,83.31
2008,6,13,10,30,14.600000000000001,0,0,0,0,0,0,89.17
2008,6,13,11,30,14.5,0,0,0,0,0,0,91.69
2008,6,13,12,30,16,23,49,337,1,31,31,84.46000000000001
2008,6,13,13,30,19.1,51,260,707,707,51,260,69.05
2008,6,13,14,30,22.3,64,496,855,855,64,496,53.86
2008,6,13,15,30,25.1,73,713,926,926,73,713,41.33
2008,6,13,16,30,27.1,79,891,964,964,79,891,33.04
2008,6,13,17,30,28.6,83,1015,986,986,83,1015,28.44
2008,6,13,18,30,29.5,86,1073,991,789,230,1016,26
2008,6,13,19,30,30.1,88,1064,987,987,88,1064,24.27
2008,6,13,20,30,30.3,85,987,975,636,337,925,23.5
2008,6,13,21,30,30,85,845,939,939,85,845,23.37
2008,6,13,22,30,29.200000000000003,77,657,893,311,288,489,23.96
2008,6,13,23,30,28,66,434,808,808,66,434,25.25
2008,6,14,0,30,26,48,201,632,267,112,176,28.21
2008,6,14,1,30,23.8,12,16,141,0,8,8,34.95
2008,6,14,2,30,22.5,0,0,0,0,0,0,39.96
2008,6,14,3,30,21.6,0,0,0,0,0,0,42.27
2008,6,14,4,30,20.8,0,0,0,0,0,0,44.31
2008,6,14,5,30,19.700000000000003,0,0,0,0,0,0,46.88
2008,6,14,6,30,18.2,0,0,0,0,0,0,52.370000000000005
2008,6,14,7,30,16.900000000000002,0,0,0,0,0,0,60.26
2008,6,14,8,30,16,0,0,0,0,0,0,69.51
2008,6,14,9,30,15.4,0,0,0,0,0,0,77.77
2008,6,14,10,30,14.8,0,0,0,0,0,0,84.76
2008,6,14,11,30,14.5,0,0,0,0,0,0,88.66
2008,6,14,12,30,15.700000000000001,23,49,339,339,23,49,82.76
2008,6,14,13,30,18.7,49,260,716,716,49,260,64.18
2008,6,14,14,30,22,62,496,861,861,62,496,46.86
2008,6,14,15,30,24.700000000000003,70,716,934,934,70,716,37.67
2008,6,14,16,30,26.700000000000003,75,894,973,973,75,894,31.46
2008,6,14,17,30,28.200000000000003,79,1019,994,994,79,1019,27.25
2008,6,14,18,30,29.3,89,1075,990,990,89,1075,24.62
2008,6,14,19,30,29.900000000000002,88,1067,989,989,88,1067,23.2
2008,6,14,20,30,30.1,85,990,978,978,85,990,22.47
2008,6,14,21,30,29.900000000000002,83,849,946,285,441,672,22.21
2008,6,14,22,30,29.1,76,660,899,899,76,660,22.76
2008,6,14,23,30,27.900000000000002,65,437,816,440,198,399,23.96
2008,6,15,0,30,25.700000000000003,48,203,642,23,126,132,26.98
2008,6,15,1,30,23.5,13,16,141,0,8,8,33.26
2008,6,15,2,30,22.400000000000002,0,0,0,0,0,0,37.58
2008,6,15,3,30,21.5,0,0,0,0,0,0,41.12
2008,6,15,4,30,20.200000000000003,0,0,0,0,0,0,47.92
2008,6,15,5,30,18.7,0,0,0,0,0,0,57.36
2008,6,15,6,30,17.2,0,0,0,0,0,0,67.48
2008,6,15,7,30,16,0,0,0,0,0,0,75.57000000000001
2008,6,15,8,30,15.200000000000001,0,0,0,0,0,0,81.25
2008,6,15,9,30,14.600000000000001,0,0,0,0,0,0,85.73
2008,6,15,10,30,14,0,0,0,0,0,0,90.10000000000001
2008,6,15,11,30,13.9,0,0,0,0,0,0,91.31
2008,6,15,12,30,15.5,24,47,312,312,24,47,82.44
2008,6,15,13,30,18.6,53,257,694,694,53,257,65.25
2008,6,15,14,30,21.900000000000002,65,490,844,844,65,490,48.76
2008,6,15,15,30,24.3,70,710,927,927,70,710,39.58
2008,6,15,16,30,26,73,889,969,969,73,889,33.96
2008,6,15,17,30,27.400000000000002,76,1016,994,994,76,1016,30.150000000000002
2008,6,15,18,30,28.5,82,1076,998,998,82,1076,27.47
2008,6,15,19,30,29.200000000000003,80,1068,998,998,80,1068,25.59
2008,6,15,20,30,29.5,77,992,989,989,77,992,24.44
2008,6,15,21,30,29.400000000000002,71,855,967,967,71,855,23.73
2008,6,15,22,30,28.8,65,666,924,924,65,666,23.900000000000002
2008,6,15,23,30,27.700000000000003,56,441,843,843,56,441,25
2008,6,16,0,30,25.6,42,208,682,682,42,208,27.95
2008,6,16,1,30,23.5,12,17,204,204,12,17,34.82
2008,6,16,2,30,22.400000000000002,0,0,0,0,0,0,38.910000000000004
2008,6,16,3,30,21.700000000000003,0,0,0,0,0,0,40.71
2008,6,16,4,30,21,0,0,0,0,0,0,43.42
2008,6,16,5,30,20.200000000000003,0,0,0,0,0,0,47.300000000000004
2008,6,16,6,30,19,0,0,0,0,0,0,53.120000000000005
2008,6,16,7,30,17.7,0,0,0,0,0,0,59.63
2008,6,16,8,30,16.7,0,0,0,0,0,0,66.89
2008,6,16,9,30,15.9,0,0,0,0,0,0,73.77
2008,6,16,10,30,15.100000000000001,0,0,0,0,0,0,80.55
2008,6,16,11,30,15,0,0,0,0,0,0,83.42
2008,6,16,12,30,16.7,22,48,344,344,22,48,76.4
2008,6,16,13,30,20.200000000000003,50,259,713,713,50,259,60.79
2008,6,16,14,30,23.5,63,495,858,858,63,495,43.63
2008,6,16,15,30,25.8,73,715,931,931,73,715,33.07
2008,6,16,16,30,27.5,78,894,970,970,78,894,27.84
2008,6,16,17,30,28.900000000000002,82,1020,991,991,82,1020,24.38
2008,6,16,18,30,29.900000000000002,90,1079,993,993,90,1079,22.22
2008,6,16,19,30,30.6,90,1069,989,989,90,1069,20.88
2008,6,16,20,30,30.900000000000002,88,993,977,977,88,993,20.19
2008,6,16,21,30,30.700000000000003,79,855,957,957,79,855,20.05
2008,6,16,22,30,30.1,73,664,909,909,73,664,20.23
2008,6,16,23,30,28.900000000000002,63,441,825,825,63,441,21.1
2008,6,17,0,30,26.5,46,207,656,285,113,182,23.81
2008,6,17,1,30,23.900000000000002,13,18,175,0,10,10,31.94
2008,6,17,2,30,22.3,0,0,0,0,0,0,36.83
2008,6,17,3,30,21.3,0,0,0,0,0,0,38.79
2008,6,17,4,30,20.1,0,0,0,0,0,0,42.62
2008,6,17,5,30,19,0,0,0,0,0,0,46.76
2008,6,17,6,30,18.2,0,0,0,0,0,0,51.51
2008,6,17,7,30,17.5,0,0,0,0,0,0,57.9
2008,6,17,8,30,17,0,0,0,0,0,0,65.11
2008,6,17,9,30,16.400000000000002,0,0,0,0,0,0,71.41
2008,6,17,10,30,15.9,0,0,0,0,0,0,75.22
2008,6,17,11,30,15.700000000000001,0,0,0,0,0,0,76.39
2008,6,17,12,30,17.3,23,48,332,332,23,48,69.18
2008,6,17,13,30,20.700000000000003,51,257,704,704,51,257,55.29
2008,6,17,14,30,24.3,66,493,850,850,66,493,42.13
2008,6,17,15,30,26.8,75,713,924,924,75,713,33.06
2008,6,17,16,30,28.400000000000002,83,892,963,963,83,892,27.38
2008,6,17,17,30,29.6,88,1017,984,984,88,1017,23.56
2008,6,17,18,30,30.5,89,1082,997,997,89,1082,20.95
2008,6,17,19,30,31,89,1074,996,996,89,1074,19.13
2008,6,17,20,30,31.200000000000003,87,998,984,984,87,998,17.71
2008,6,17,21,30,30.900000000000002,80,861,963,124,443,544,16.97
2008,6,17,22,30,30.200000000000003,72,671,920,413,306,575,16.580000000000002
2008,6,17,23,30,29,60,449,849,620,144,429,16.61
2008,6,18,0,30,26.1,43,213,694,109,131,157,18.66
2008,6,18,1,30,22.8,12,19,231,2,13,13,26.990000000000002
2008,6,18,2,30,21,0,0,0,0,0,0,30.91
2008,6,18,3,30,20,0,0,0,0,0,0,31.830000000000002
2008,6,18,4,30,18.900000000000002,0,0,0,0,0,0,34.410000000000004
2008,6,18,5,30,17.8,0,0,0,0,0,0,42.550000000000004
2008,6,18,6,30,16.7,0,0,0,0,0,0,55.39
2008,6,18,7,30,15.8,0,0,0,0,0,0,67.89
2008,6,18,8,30,15,0,0,0,0,0,0,77.47
2008,6,18,9,30,14.3,0,0,0,0,0,0,84.21000000000001
2008,6,18,10,30,13.700000000000001,0,0,0,0,0,0,89.44
2008,6,18,11,30,13.700000000000001,0,0,0,0,0,0,90.86
2008,6,18,12,30,15.5,24,46,304,304,24,46,82.14
2008,6,18,13,30,19.200000000000003,55,255,684,684,55,255,65.08
2008,6,18,14,30,23.200000000000003,71,490,833,833,71,490,43
2008,6,18,15,30,26.1,82,710,912,912,82,710,27.41
2008,6,18,16,30,27.900000000000002,88,890,955,955,88,890,23.27
2008,6,18,17,30,29.3,89,1019,985,985,89,1019,21.42
2008,6,18,18,30,30.5,92,1084,996,996,92,1084,19.580000000000002
2008,6,18,19,30,31.200000000000003,92,1077,996,996,92,1077,17.97
2008,6,18,20,30,31.5,91,998,979,979,91,998,16.63
2008,6,18,21,30,31.3,88,853,942,942,88,853,15.98
2008,6,18,22,30,30.6,88,657,873,873,88,657,16.330000000000002
2008,6,18,23,30,29.1,83,429,752,752,83,429,18.43
2008,6,19,0,30,26.700000000000003,64,194,530,0,34,34,23.19
2008,6,19,1,30,24.5,14,16,64,0,11,11,29.830000000000002
2008,6,19,2,30,23.1,0,0,0,0,0,0,35.13
2008,6,19,3,30,21.8,0,0,0,0,0,0,39.67
2008,6,19,4,30,20.6,0,0,0,0,0,0,44.14
2008,6,19,5,30,19.6,0,0,0,0,0,0,47.77
2008,6,19,6,30,18.6,0,0,0,0,0,0,51.120000000000005
2008,6,19,7,30,17.8,0,0,0,0,0,0,53.07
2008,6,19,8,30,17.1,0,0,0,0,0,0,54.63
2008,6,19,9,30,16.5,0,0,0,0,0,0,56.43
2008,6,19,10,30,16,0,0,0,0,0,0,58.33
2008,6,19,11,30,16,0,0,0,0,0,0,58.51
2008,6,19,12,30,18,24,46,304,304,24,46,52.19
2008,6,19,13,30,21.8,53,256,697,697,53,256,41.71
2008,6,19,14,30,25.1,67,494,851,851,67,494,32.94
2008,6,19,15,30,27.200000000000003,75,716,931,931,75,716,26.82
2008,6,19,16,30,28.8,80,897,973,973,80,897,22.67
2008,6,19,17,30,30.200000000000003,83,1027,999,999,83,1027,19.740000000000002
2008,6,19,18,30,31.1,83,1089,1011,1011,83,1089,17.85
2008,6,19,19,30,31.700000000000003,83,1079,1007,36,533,569,16.55
2008,6,19,20,30,31.8,81,1004,995,995,81,1004,15.92
2008,6,19,21,30,31.6,84,861,957,957,84,861,15.860000000000001
2008,6,19,22,30,30.900000000000002,79,666,899,899,79,666,16.46
2008,6,19,23,30,29.6,71,440,800,800,71,440,17.92
2008,6,20,0,30,27.1,55,204,601,601,55,204,21.16
2008,6,20,1,30,24.3,14,18,115,115,14,18,30.26
2008,6,20,2,30,22.700000000000003,0,0,0,0,0,0,35.35
2008,6,20,3,30,21.8,0,0,0,0,0,0,37.550000000000004
2008,6,20,4,30,21.1,0,0,0,0,0,0,39.36
2008,6,20,5,30,20.3,0,0,0,0,0,0,42.95
2008,6,20,6,30,19.3,0,0,0,0,0,0,49.72
2008,6,20,7,30,18.5,0,0,0,0,0,0,55.82
2008,6,20,8,30,17.900000000000002,0,0,0,0,0,0,60.01
2008,6,20,9,30,17.1,0,0,0,0,0,0,63.29
2008,6,20,10,30,16.3,0,0,0,0,0,0,66.12
2008,6,20,11,30,16.2,0,0,0,0,0,0,66.22
2008,6,20,12,30,18,25,44,255,255,25,44,59.15
2008,6,20,13,30,21.5,64,247,627,627,64,247,47.45
2008,6,20,14,30,24.900000000000002,87,476,777,777,87,476,36.33
2008,6,20,15,30,27.400000000000002,102,692,857,857,102,692,28.61
2008,6,20,16,30,29,114,868,898,898,114,868,24.94
2008,6,20,17,30,30,126,989,914,914,126,989,23.34
2008,6,20,18,30,30.400000000000002,128,1048,925,925,128,1048,22.81
2008,6,20,19,30,30.400000000000002,137,1039,912,912,137,1039,22.81
2008,6,20,20,30,29.8,142,959,881,71,434,500,23.89
2008,6,20,21,30,28.6,140,818,834,458,312,685,26.150000000000002
2008,6,20,22,30,27.200000000000003,130,631,766,0,49,50,29.080000000000002
2008,6,20,23,30,25.700000000000003,110,413,658,0,49,49,32.68
2008,6,21,0,30,24,73,190,471,88,95,117,37.17
2008,6,21,1,30,22.200000000000003,14,16,68,0,11,11,42.12
2008,6,21,2,30,20.700000000000003,0,0,0,0,0,0,46.46
2008,6,21,3,30,19.5,0,0,0,0,0,0,49.63
2008,6,21,4,30,18.6,0,0,0,0,0,0,51.57
2008,6,21,5,30,18.400000000000002,0,0,0,0,0,0,51.19
2008,6,21,6,30,18.2,0,0,0,0,0,0,52.02
2008,6,21,7,30,17.400000000000002,0,0,0,0,0,0,57.230000000000004
2008,6,21,8,30,16.5,0,0,0,0,0,0,65.6
2008,6,21,9,30,15.8,0,0,0,0,0,0,74.56
2008,6,21,10,30,15.100000000000001,0,0,0,0,0,0,83.47
2008,6,21,11,30,14.9,0,0,0,0,0,0,88.57000000000001
2008,6,21,12,30,16.3,26,42,214,214,26,42,83.09
2008,6,21,13,30,19,68,242,598,598,68,242,68.66
2008,6,21,14,30,21.5,89,475,772,772,89,475,52.68
2008,6,21,15,30,23.5,102,694,861,861,102,694,42.47
2008,6,21,16,30,25.200000000000003,110,876,913,561,352,823,36.550000000000004
2008,6,21,17,30,26.6,114,1000,938,938,114,1000,32.42
2008,6,21,18,30,27.5,115,1063,952,952,115,1063,29.560000000000002
2008,6,21,19,30,27.900000000000002,113,1054,951,322,543,862,28.19
2008,6,21,20,30,27.900000000000002,113,976,930,284,440,703,27.57
2008,6,21,21,30,27.5,122,831,872,361,360,654,27.94
2008,6,21,22,30,26.5,110,643,815,408,263,530,29.45
2008,6,21,23,30,24.8,93,422,713,284,234,365,33.42
2008,6,22,0,30,22.8,68,193,502,0,11,11,40.04
2008,6,22,1,30,21.1,14,16,60,0,10,10,47.08
2008,6,22,2,30,19.900000000000002,0,0,0,0,0,0,52.78
2008,6,22,3,30,19,0,0,0,0,0,0,57.26
2008,6,22,4,30,18.2,0,0,0,0,0,0,60.95
2008,6,22,5,30,17.5,0,0,0,0,0,0,63.86
2008,6,22,6,30,17,0,0,0,0,0,0,66.27
2008,6,22,7,30,16.400000000000002,0,0,0,0,0,0,69.96000000000001
2008,6,22,8,30,15.5,0,0,0,0,0,0,75.62
2008,6,22,9,30,14.600000000000001,0,0,0,0,0,0,81.69
2008,6,22,10,30,14.3,0,0,0,0,0,0,84.48
2008,6,22,11,30,14.4,0,0,0,0,0,0,84.48
2008,6,22,12,30,15.3,25,42,238,0,26,26,79.76
2008,6,22,13,30,17.400000000000002,59,248,654,3,108,108,68.48
2008,6,22,14,30,20,72,483,823,60,275,304,53.33
2008,6,22,15,30,22.400000000000002,82,701,900,900,82,701,42.43
2008,6,22,16,30,24.400000000000002,90,877,939,939,90,877,35.64
2008,6,22,17,30,25.8,96,1000,959,959,96,1000,31.38
2008,6,22,18,30,26.400000000000002,113,1055,946,378,517,892,29.43
2008,6,22,19,30,26.8,115,1046,940,456,471,923,28.54
2008,6,22,20,30,26.6,114,971,923,37,468,502,29.32
2008,6,22,21,30,25.8,103,835,900,0,165,165,31.150000000000002
2008,6,22,22,30,25,90,650,855,104,366,434,32.660000000000004
2008,6,22,23,30,24.1,76,431,767,32,235,250,34.26
2008,6,23,0,30,23,55,202,591,34,133,141,36.15
2008,6,23,1,30,21.8,15,19,124,124,15,19,38.77
2008,6,23,2,30,21,0,0,0,0,0,0,41.11
2008,6,23,3,30,20.3,0,0,0,0,0,0,43.18
2008,6,23,4,30,19.6,0,0,0,0,0,0,45.49
2008,6,23,5,30,18.6,0,0,0,0,0,0,49.59
2008,6,23,6,30,17.2,0,0,0,0,0,0,56.31
2008,6,23,7,30,15.8,0,0,0,0,0,0,64.38
2008,6,23,8,30,14.700000000000001,0,0,0,0,0,0,72.58
2008,6,23,9,30,13.700000000000001,0,0,0,0,0,0,80.64
2008,6,23,10,30,13,0,0,0,0,0,0,87.05
2008,6,23,11,30,12.8,0,0,0,0,0,0,90
2008,6,23,12,30,14.200000000000001,25,42,244,244,25,42,83.32000000000001
2008,6,23,13,30,17.1,60,246,644,644,60,246,67.99
2008,6,23,14,30,20.200000000000003,77,479,806,806,77,479,51.88
2008,6,23,15,30,22.700000000000003,88,696,885,885,88,696,42.43
2008,6,23,16,30,24.700000000000003,95,875,931,931,95,875,36.35
2008,6,23,17,30,26.200000000000003,98,1002,958,958,98,1002,32.08
2008,6,23,18,30,27.3,107,1062,960,960,107,1062,29.04
2008,6,23,19,30,27.900000000000002,106,1054,957,957,106,1054,27.34
2008,6,23,20,30,28,103,980,944,56,477,529,26.5
2008,6,23,21,30,27.900000000000002,89,845,929,71,417,475,26.080000000000002
2008,6,23,22,30,27.400000000000002,80,659,883,385,311,563,26.19
2008,6,23,23,30,26.400000000000002,69,438,797,397,207,391,27.16
2008,6,24,0,30,24.900000000000002,52,207,619,110,124,152,29.37
2008,6,24,1,30,23.3,15,19,145,0,12,12,33.71
2008,6,24,2,30,22.3,0,0,0,0,0,0,36.74
2008,6,24,3,30,21.6,0,0,0,0,0,0,37.79
2008,6,24,4,30,20.900000000000002,0,0,0,0,0,0,39.47
2008,6,24,5,30,20,0,0,0,0,0,0,43.07
2008,6,24,6,30,18.6,0,0,0,0,0,0,51.45
2008,6,24,7,30,17.1,0,0,0,0,0,0,63.24
2008,6,24,8,30,15.9,0,0,0,0,0,0,73.13
2008,6,24,9,30,15.100000000000001,0,0,0,0,0,0,79.9
2008,6,24,10,30,14.4,0,0,0,0,0,0,85.2
2008,6,24,11,30,14.100000000000001,0,0,0,0,0,0,87.14
2008,6,24,12,30,15.100000000000001,23,42,270,270,23,42,81.3
2008,6,24,13,30,17.7,57,246,658,658,57,246,66
2008,6,24,14,30,20.8,74,477,810,810,74,477,48.26
2008,6,24,15,30,23.400000000000002,84,696,894,894,84,696,38.06
2008,6,24,16,30,25.200000000000003,89,877,941,941,89,877,32.96
2008,6,24,17,30,26.700000000000003,91,1006,970,970,91,1006,29.14
2008,6,24,18,30,27.900000000000002,93,1069,981,981,93,1069,26.080000000000002
2008,6,24,19,30,28.6,95,1062,977,103,523,625,24.04
2008,6,24,20,30,29.1,93,988,963,567,305,831,22.48
2008,6,24,21,30,29.3,86,853,942,942,86,853,21.6
2008,6,24,22,30,28.8,79,665,893,658,175,607,21.61
2008,6,24,23,30,27.6,69,441,804,413,206,398,22.75
2008,6,25,0,30,25.700000000000003,52,208,624,624,52,208,25.64
2008,6,25,1,30,23.900000000000002,15,20,141,0,10,10,30.28
2008,6,25,2,30,22.6,0,0,0,0,0,0,33.910000000000004
2008,6,25,3,30,21.3,0,0,0,0,0,0,38.54
2008,6,25,4,30,19.6,0,0,0,0,0,0,47.730000000000004
2008,6,25,5,30,18.1,0,0,0,0,0,0,58.52
2008,6,25,6,30,16.900000000000002,0,0,0,0,0,0,67.58
2008,6,25,7,30,15.8,0,0,0,0,0,0,75.69
2008,6,25,8,30,14.9,0,0,0,0,0,0,82.55
2008,6,25,9,30,14.3,0,0,0,0,0,0,87.12
2008,6,25,10,30,13.8,0,0,0,0,0,0,89.76
2008,6,25,11,30,13.600000000000001,0,0,0,0,0,0,89.67
2008,6,25,12,30,14.700000000000001,23,42,286,286,23,42,81.85000000000001
2008,6,25,13,30,17.400000000000002,52,249,687,687,52,249,64.49
2008,6,25,14,30,20.8,67,484,840,840,67,484,46.81
2008,6,25,15,30,23.900000000000002,76,702,915,915,76,702,34.92
2008,6,25,16,30,26.1,81,883,958,958,81,883,28.8
2008,6,25,17,30,27.8,85,1012,984,984,85,1012,24.91
2008,6,25,18,30,29,97,1073,981,981,97,1073,22.32
2008,6,25,19,30,29.700000000000003,95,1067,981,981,95,1067,20.56
2008,6,25,20,30,30,92,997,974,974,92,997,19.28
2008,6,25,21,30,29.8,85,861,952,952,85,861,18.55
2008,6,25,22,30,29.1,78,672,906,69,345,390,18.35
2008,6,25,23,30,27.900000000000002,67,448,821,821,67,448,18.82
2008,6,26,0,30,25.400000000000002,50,213,648,197,125,174,21.22
2008,6,26,1,30,22.8,15,20,153,1,14,14,26.560000000000002
2008,6,26,2,30,21.200000000000003,0,0,0,0,0,0,30.580000000000002
2008,6,26,3,30,19.8,0,0,0,0,0,0,36.72
2008,6,26,4,30,18.3,0,0,0,0,0,0,46.800000000000004
2008,6,26,5,30,17,0,0,0,0,0,0,57.9
2008,6,26,6,30,15.8,0,0,0,0,0,0,67.52
2008,6,26,7,30,14.9,0,0,0,0,0,0,74.69
2008,6,26,8,30,14.100000000000001,0,0,0,0,0,0,80.58
2008,6,26,9,30,13.5,0,0,0,0,0,0,84.84
2008,6,26,10,30,12.9,0,0,0,0,0,0,89.08
2008,6,26,11,30,12.8,0,0,0,0,0,0,90.14
2008,6,26,12,30,14.200000000000001,24,40,243,243,24,40,82.13
2008,6,26,13,30,17.5,58,245,655,655,58,245,64.79
2008,6,26,14,30,21.6,75,479,814,814,75,479,46.46
2008,6,26,15,30,25.1,86,697,894,894,86,697,32.72
2008,6,26,16,30,27.3,93,880,941,941,93,880,26.07
2008,6,26,17,30,28.8,98,1008,966,966,98,1008,22.95
2008,6,26,18,30,29.900000000000002,96,1073,982,982,96,1073,20.86
2008,6,26,19,30,30.6,95,1068,982,982,95,1068,19.51
2008,6,26,20,30,30.8,92,992,968,968,92,992,18.79
2008,6,26,21,30,30.6,84,856,947,947,84,856,18.48
2008,6,26,22,30,29.900000000000002,77,669,902,112,382,456,18.77
2008,6,26,23,30,28.700000000000003,66,447,820,820,66,447,19.62
2008,6,27,0,30,26.3,49,213,652,652,49,213,22.16
2008,6,27,1,30,23.700000000000003,15,21,172,0,12,12,28.73
2008,6,27,2,30,22.3,0,0,0,0,0,0,32.36
2008,6,27,3,30,21.5,0,0,0,0,0,0,34.19
2008,6,27,4,30,20.6,0,0,0,0,0,0,38.06
2008,6,27,5,30,19.5,0,0,0,0,0,0,46.31
2008,6,27,6,30,18.6,0,0,0,0,0,0,55.22
2008,6,27,7,30,17.900000000000002,0,0,0,0,0,0,62.09
2008,6,27,8,30,17.3,0,0,0,0,0,0,67.38
2008,6,27,9,30,16.6,0,0,0,0,0,0,72.63
2008,6,27,10,30,16,0,0,0,0,0,0,77.91
2008,6,27,11,30,15.8,0,0,0,0,0,0,82.21000000000001
2008,6,27,12,30,17.1,23,40,253,253,23,40,78.42
2008,6,27,13,30,20,56,244,661,661,56,244,66.11
2008,6,27,14,30,23.200000000000003,70,478,822,822,70,478,51.33
2008,6,27,15,30,26,80,695,900,900,80,695,36.69
2008,6,27,16,30,28.1,88,875,942,942,88,875,28.62
2008,6,27,17,30,29.6,94,998,960,733,268,958,24.82
2008,6,27,18,30,30.5,115,1056,946,946,115,1056,22.79
2008,6,27,19,30,30.900000000000002,124,1045,930,704,299,996,21.72
2008,6,27,20,30,31,127,967,903,903,127,967,21.150000000000002
2008,6,27,21,30,30.400000000000002,125,831,865,865,125,831,21.650000000000002
2008,6,27,22,30,29.3,112,644,808,808,112,644,23.28
2008,6,27,23,30,27.900000000000002,93,425,713,43,194,214,25.62
2008,6,28,0,30,26.3,67,197,517,0,35,35,28.64
2008,6,28,1,30,24.700000000000003,16,18,73,0,8,8,33.86
2008,6,28,2,30,23.700000000000003,0,0,0,0,0,0,38.660000000000004
2008,6,28,3,30,22.900000000000002,0,0,0,0,0,0,40.800000000000004
2008,6,28,4,30,22,0,0,0,0,0,0,43.21
2008,6,28,5,30,21,0,0,0,0,0,0,46.660000000000004
2008,6,28,6,30,19.8,0,0,0,0,0,0,51.68
2008,6,28,7,30,18.6,0,0,0,0,0,0,58.02
2008,6,28,8,30,17.5,0,0,0,0,0,0,64.59
2008,6,28,9,30,16.6,0,0,0,0,0,0,70.47
2008,6,28,10,30,15.8,0,0,0,0,0,0,76.05
2008,6,28,11,30,15.600000000000001,0,0,0,0,0,0,79.05
2008,6,28,12,30,16.900000000000002,23,38,233,233,23,38,75.04
2008,6,28,13,30,19.6,58,238,635,635,58,238,65.47
2008,6,28,14,30,22.3,77,466,787,787,77,466,53.95
2008,6,28,15,30,24.1,92,679,859,859,92,679,44.4
2008,6,28,16,30,25,108,852,890,890,108,852,39.06
2008,6,28,17,30,25.200000000000003,122,975,907,907,122,975,37.2
2008,6,28,18,30,25.1,130,1037,912,912,130,1037,36.86
2008,6,28,19,30,24.900000000000002,132,1033,910,910,132,1033,37.14
2008,6,28,20,30,24.6,127,961,896,681,298,931,37.56
2008,6,28,21,30,24.3,111,830,881,881,111,830,37.96
2008,6,28,22,30,23.900000000000002,100,646,830,461,245,549,38.77
2008,6,28,23,30,23.1,85,427,735,212,222,321,40.59
2008,6,29,0,30,22.1,61,200,547,54,126,140,43.160000000000004
2008,6,29,1,30,20.8,16,19,90,0,12,12,47.09
2008,6,29,2,30,19.8,0,0,0,0,0,0,50.49
2008,6,29,3,30,19.1,0,0,0,0,0,0,53.04
2008,6,29,4,30,18.900000000000002,0,0,0,0,0,0,53.870000000000005
2008,6,29,5,30,18.5,0,0,0,0,0,0,55.32
2008,6,29,6,30,17.7,0,0,0,0,0,0,58.230000000000004
2008,6,29,7,30,17.2,0,0,0,0,0,0,60.28
2008,6,29,8,30,16.400000000000002,0,0,0,0,0,0,63.97
2008,6,29,9,30,15.4,0,0,0,0,0,0,69.2
2008,6,29,10,30,14.600000000000001,0,0,0,0,0,0,74.85000000000001
2008,6,29,11,30,14.3,0,0,0,0,0,0,78.74
2008,6,29,12,30,15.4,24,36,194,194,24,36,75.54
2008,6,29,13,30,18,63,234,605,112,152,183,64.74
2008,6,29,14,30,21,82,465,776,776,82,465,50.83
2008,6,29,15,30,23.6,93,682,863,863,93,682,40.57
2008,6,29,16,30,25.6,100,864,915,915,100,864,33.7
2008,6,29,17,30,27.1,105,992,942,942,105,992,29.32
2008,6,29,18,30,28.1,118,1052,939,444,483,924,26.54
2008,6,29,19,30,28.700000000000003,120,1047,935,935,120,1047,24.78
2008,6,29,20,30,29,119,976,922,922,119,976,23.67
2008,6,29,21,30,28.8,108,842,899,899,108,842,23.54
2008,6,29,22,30,28,100,653,840,840,100,653,24.23
2008,6,29,23,30,26.8,87,432,740,740,87,432,25.86
2008,6,30,0,30,25.200000000000003,64,202,543,543,64,202,28.650000000000002
2008,6,30,1,30,23.700000000000003,16,19,72,0,11,11,32.34
2008,6,30,2,30,22.700000000000003,0,0,0,0,0,0,35.39
2008,6,30,3,30,21.6,0,0,0,0,0,0,39.53
2008,6,30,4,30,20,0,0,0,0,0,0,48.09
2008,6,30,5,30,18.2,0,0,0,0,0,0,59.68
2008,6,30,6,30,16.7,0,0,0,0,0,0,70.42
2008,6,30,7,30,15.600000000000001,0,0,0,0,0,0,78.36
2008,6,30,8,30,14.9,0,0,0,0,0,0,83.51
2008,6,30,9,30,14.4,0,0,0,0,0,0,86.73
2008,6,30,10,30,14.100000000000001,0,0,0,0,0,0,88.03
2008,6,30,11,30,14,0,0,0,0,0,0,87.71000000000001
2008,6,30,12,30,14.8,21,37,255,0,14,14,82.39
2008,6,30,13,30,16.900000000000002,51,239,668,0,65,65,70.10000000000001
2008,6,30,14,30,19.6,65,470,821,0,50,50,56.89
2008,6,30,15,30,22.3,74,686,897,134,379,470,46.06
2008,6,30,16,30,24.5,81,862,937,0,247,247,38.79
2008,6,30,17,30,25.900000000000002,86,988,959,0,174,174,34.77
2008,6,30,18,30,26.700000000000003,93,1048,961,688,301,985,32.67
2008,6,30,19,30,26.900000000000002,95,1043,957,957,95,1043,32.22
2008,6,30,20,30,26.400000000000002,94,969,940,187,509,683,33.33
2008,6,30,21,30,25.400000000000002,90,836,913,8,365,371,35.82
2008,6,30,22,30,24.3,84,650,859,92,356,417,39.14
2008,6,30,23,30,23.1,73,430,765,66,256,287,43.410000000000004
2008,7,1,0,30,21.8,56,201,575,2,95,95,48.63
2008,7,1,1,30,20.700000000000003,15,19,112,0,7,7,54.09
2008,7,1,2,30,19.8,0,0,0,0,0,0,59.09
2008,7,1,3,30,19,0,0,0,0,0,0,63.76
2008,7,1,4,30,18.1,0,0,0,0,0,0,69.4
2008,7,1,5,30,17.2,0,0,0,0,0,0,74.71000000000001
2008,7,1,6,30,16.400000000000002,0,0,0,0,0,0,79.34
2008,7,1,7,30,15.600000000000001,0,0,0,0,0,0,82.55
2008,7,1,8,30,14.9,0,0,0,0,0,0,84.4
2008,7,1,9,30,14.200000000000001,0,0,0,0,0,0,86.42
2008,7,1,10,30,13.700000000000001,0,0,0,0,0,0,87.99
2008,7,1,11,30,13.4,0,0,0,0,0,0,88.49
2008,7,1,12,30,13.8,20,38,295,0,17,17,85.33
2008,7,1,13,30,15.200000000000001,48,240,685,21,102,108,76.38
2008,7,1,14,30,17.5,63,470,829,5,130,132,63.7
2008,7,1,15,30,20.1,72,685,901,1,224,225,52
2008,7,1,16,30,22.400000000000002,79,864,942,0,112,112,44.230000000000004
2008,7,1,17,30,24.1,83,990,964,0,256,257,39.08
2008,7,1,18,30,25.200000000000003,86,1054,973,7,444,450,35.51
2008,7,1,19,30,25.700000000000003,89,1047,967,0,266,267,33.64
2008,7,1,20,30,25.5,89,974,951,261,507,749,33.480000000000004
2008,7,1,21,30,24.900000000000002,85,841,925,2,331,333,34.410000000000004
2008,7,1,22,30,24,79,655,873,0,191,191,36.56
2008,7,1,23,30,22.8,68,436,789,33,233,248,40.24
2008,7,2,0,30,21.400000000000002,51,206,612,27,131,138,45.82
2008,7,2,1,30,20,15,21,156,0,11,11,53.730000000000004
2008,7,2,2,30,18.8,0,0,0,0,0,0,60.81
2008,7,2,3,30,17.8,0,0,0,0,0,0,67.14
2008,7,2,4,30,17,0,0,0,0,0,0,72.58
2008,7,2,5,30,16.3,0,0,0,0,0,0,77.59
2008,7,2,6,30,15.700000000000001,0,0,0,0,0,0,82
2008,7,2,7,30,15.3,0,0,0,0,0,0,85.11
2008,7,2,8,30,14.9,0,0,0,0,0,0,87.96000000000001
2008,7,2,9,30,14.600000000000001,0,0,0,0,0,0,89.94
2008,7,2,10,30,14.3,0,0,0,0,0,0,91.45
2008,7,2,11,30,14.100000000000001,0,0,0,0,0,0,92.11
2008,7,2,12,30,14.8,20,36,260,0,11,11,87.43
2008,7,2,13,30,16.6,51,233,654,5,77,78,76.95
2008,7,2,14,30,18.900000000000002,67,462,806,146,229,301,65.33
2008,7,2,15,30,21,75,679,888,249,300,469,54.99
2008,7,2,16,30,22.8,81,858,932,453,290,668,47.13
2008,7,2,17,30,24.3,84,984,957,1,328,329,42.06
2008,7,2,18,30,25.1,85,1046,966,0,63,63,39.63
2008,7,2,19,30,25.1,87,1041,963,1,234,235,39.62
2008,7,2,20,30,24.1,86,968,948,2,269,271,41.99
2008,7,2,21,30,22.8,83,834,918,22,331,348,46.44
2008,7,2,22,30,21.400000000000002,76,650,870,0,119,120,52.5
2008,7,2,23,30,20,65,433,787,0,51,51,59.44
2008,7,3,0,30,18.7,49,205,616,11,97,99,67.13
2008,7,3,1,30,17.7,14,20,164,0,8,8,74.12
2008,7,3,2,30,17,0,0,0,0,0,0,79.67
2008,7,3,3,30,16.400000000000002,0,0,0,0,0,0,83.99
2008,7,3,4,30,15.9,0,0,0,0,0,0,87.11
2008,7,3,5,30,15.5,0,0,0,0,0,0,89.25
2008,7,3,6,30,15.100000000000001,0,0,0,0,0,0,91.36
2008,7,3,7,30,14.8,0,0,0,0,0,0,92.75
2008,7,3,8,30,14.5,0,0,0,0,0,0,93.81
2008,7,3,9,30,14.4,0,0,0,0,0,0,93.5
2008,7,3,10,30,14.3,0,0,0,0,0,0,93.19
2008,7,3,11,30,14.4,0,0,0,0,0,0,92.49
2008,7,3,12,30,14.8,18,35,293,0,7,7,90.13
2008,7,3,13,30,15.8,44,235,687,0,4,4,85.29
2008,7,3,14,30,17.1,57,463,828,4,114,116,78.68
2008,7,3,15,30,18.400000000000002,65,676,900,6,203,207,71.02
2008,7,3,16,30,19.400000000000002,71,854,939,63,375,427,63.870000000000005
2008,7,3,17,30,19.900000000000002,75,979,962,45,430,471,59.7
2008,7,3,18,30,20.1,76,1043,972,68,472,540,57.980000000000004
2008,7,3,19,30,20.1,75,1039,973,84,474,557,57.49
2008,7,3,20,30,19.900000000000002,72,969,963,183,459,630,58.08
2008,7,3,21,30,19.5,71,837,936,46,363,401,59.4
2008,7,3,22,30,18.900000000000002,65,655,893,14,219,229,61.82
2008,7,3,23,30,18.1,56,438,816,12,151,157,66.15
2008,7,4,0,30,17,42,210,660,0,4,4,72.91
2008,7,4,1,30,16,14,21,213,0,3,3,80.94
2008,7,4,2,30,15.4,0,0,0,0,0,0,86.13
2008,7,4,3,30,14.9,0,0,0,0,0,0,89.94
2008,7,4,4,30,14.5,0,0,0,0,0,0,92.73
2008,7,4,5,30,14.200000000000001,0,0,0,0,0,0,94.52
2008,7,4,6,30,13.9,0,0,0,0,0,0,96.18
2008,7,4,7,30,13.8,0,0,0,0,0,0,96.46000000000001
2008,7,4,8,30,13.700000000000001,0,0,0,0,0,0,96.71000000000001
2008,7,4,9,30,13.600000000000001,0,0,0,0,0,0,96.98
2008,7,4,10,30,13.600000000000001,0,0,0,0,0,0,96.69
2008,7,4,11,30,13.600000000000001,0,0,0,0,0,0,96.37
2008,7,4,12,30,14.100000000000001,20,34,243,0,11,11,93.3
2008,7,4,13,30,15.200000000000001,51,231,649,4,67,69,86.29
2008,7,4,14,30,16.7,65,460,809,64,263,294,77.10000000000001
2008,7,4,15,30,18.5,73,676,889,263,352,530,66.38
2008,7,4,16,30,20.1,79,854,932,459,290,672,58.22
2008,7,4,17,30,21.200000000000003,82,981,956,186,423,598,53.410000000000004
2008,7,4,18,30,22,97,1040,949,377,418,793,50.15
2008,7,4,19,30,22.400000000000002,95,1037,950,0,133,133,48.800000000000004
2008,7,4,20,30,22.200000000000003,92,966,938,5,332,337,49.38
2008,7,4,21,30,21.700000000000003,89,833,910,0,107,107,51.06
2008,7,4,22,30,21,80,651,864,0,80,80,53.93
2008,7,4,23,30,20.1,67,435,787,2,106,107,58.09
2008,7,5,0,30,19,49,207,624,0,8,8,63.81
2008,7,5,1,30,18,15,21,166,0,9,9,70.62
2008,7,5,2,30,17.2,0,0,0,0,0,0,75.95
2008,7,5,3,30,16.6,0,0,0,0,0,0,80.65
2008,7,5,4,30,16.1,0,0,0,0,0,0,85.02
2008,7,5,5,30,15.600000000000001,0,0,0,0,0,0,89.34
2008,7,5,6,30,15.4,0,0,0,0,0,0,91.65
2008,7,5,7,30,15.200000000000001,0,0,0,0,0,0,93.43
2008,7,5,8,30,15,0,0,0,0,0,0,94.87
2008,7,5,9,30,14.8,0,0,0,0,0,0,96.12
2008,7,5,10,30,14.600000000000001,0,0,0,0,0,0,96.76
2008,7,5,11,30,14.4,0,0,0,0,0,0,96.56
2008,7,5,12,30,14.700000000000001,19,33,256,0,10,10,92.69
2008,7,5,13,30,15.9,47,232,671,0,76,76,82.98
2008,7,5,14,30,18,60,462,825,4,189,191,71.35000000000001
2008,7,5,15,30,20.400000000000002,67,677,901,130,374,462,60.77
2008,7,5,16,30,22.1,73,854,939,48,411,451,54.42
2008,7,5,17,30,22.700000000000003,77,981,961,172,503,664,51.52
2008,7,5,18,30,22.5,80,1043,968,85,504,588,51.59
2008,7,5,19,30,22.1,80,1040,968,140,485,624,53.31
2008,7,5,20,30,21.3,80,967,953,0,70,70,57.01
2008,7,5,21,30,20.5,87,832,910,28,317,339,61.09
2008,7,5,22,30,19.6,79,650,864,313,304,511,66.19
2008,7,5,23,30,18.8,66,434,786,13,155,161,71.35000000000001
2008,7,6,0,30,17.900000000000002,47,208,630,0,41,41,77.17
2008,7,6,1,30,17,14,21,184,0,7,7,83.55
2008,7,6,2,30,16.400000000000002,0,0,0,0,0,0,87.47
2008,7,6,3,30,15.9,0,0,0,0,0,0,90.74
2008,7,6,4,30,15.4,0,0,0,0,0,0,94.16
2008,7,6,5,30,15.100000000000001,0,0,0,0,0,0,96.57000000000001
2008,7,6,6,30,15,0,0,0,0,0,0,97.77
2008,7,6,7,30,14.9,0,0,0,0,0,0,98.77
2008,7,6,8,30,14.8,0,0,0,0,0,0,99.58
2008,7,6,9,30,14.700000000000001,0,0,0,0,0,0,100
2008,7,6,10,30,14.700000000000001,0,0,0,0,0,0,99.86
2008,7,6,11,30,14.8,0,0,0,0,0,0,99.01
2008,7,6,12,30,15.4,19,32,237,0,16,16,95.26
2008,7,6,13,30,16.400000000000002,48,228,657,1,47,47,89
2008,7,6,14,30,17.6,62,457,811,2,98,99,80.29
2008,7,6,15,30,18.8,73,671,884,5,188,191,71.99
2008,7,6,16,30,19.900000000000002,80,849,925,450,305,679,65.83
2008,7,6,17,30,20.700000000000003,86,975,946,216,514,717,62.1
2008,7,6,18,30,21.200000000000003,93,1038,951,0,237,238,60.26
2008,7,6,19,30,21.5,91,1034,951,3,407,410,59.13
2008,7,6,20,30,21.400000000000002,87,964,941,529,378,871,59.61
2008,7,6,21,30,20.8,85,831,911,0,133,133,62.53
2008,7,6,22,30,19.900000000000002,78,648,863,0,76,76,67.64
2008,7,6,23,30,18.8,66,432,780,0,62,62,74.82000000000001
2008,7,7,0,30,17.8,50,205,609,0,9,9,82.01
2008,7,7,1,30,17.1,15,20,138,0,8,8,87.95
2008,7,7,2,30,16.8,0,0,0,0,0,0,90.95
2008,7,7,3,30,16.6,0,0,0,0,0,0,92.75
2008,7,7,4,30,16.3,0,0,0,0,0,0,94.32000000000001
2008,7,7,5,30,16,0,0,0,0,0,0,95.37
2008,7,7,6,30,15.8,0,0,0,0,0,0,95.97
2008,7,7,7,30,15.5,0,0,0,0,0,0,96.92
2008,7,7,8,30,15.200000000000001,0,0,0,0,0,0,96.82000000000001
2008,7,7,9,30,14.9,0,0,0,0,0,0,96.83
2008,7,7,10,30,14.600000000000001,0,0,0,0,0,0,97.4
2008,7,7,11,30,14.5,0,0,0,0,0,0,96.89
2008,7,7,12,30,15.100000000000001,17,32,271,271,17,32,92.73
2008,7,7,13,30,16.8,46,229,671,0,69,69,82.60000000000001
2008,7,7,14,30,19.3,61,458,818,0,113,113,67.68
2008,7,7,15,30,21.8,69,673,894,88,358,418,54.13
2008,7,7,16,30,23.700000000000003,73,852,937,132,439,548,46.84
2008,7,7,17,30,25,76,979,961,171,499,659,43.53
2008,7,7,18,30,25.6,77,1043,972,0,206,206,42.46
2008,7,7,19,30,25.3,77,1039,970,1,318,319,43.36
2008,7,7,20,30,24.400000000000002,77,969,958,549,292,803,46.31
2008,7,7,21,30,23.3,96,829,895,91,383,457,50.7
2008,7,7,22,30,22.1,95,642,828,828,95,642,56.13
2008,7,7,23,30,20.900000000000002,86,423,721,721,86,423,62.29
2008,7,8,0,30,19.6,64,196,520,0,5,5,69.53
2008,7,8,1,30,18.5,15,18,80,0,10,10,77.13
2008,7,8,2,30,17.6,0,0,0,0,0,0,83.28
2008,7,8,3,30,16.7,0,0,0,0,0,0,88.8
2008,7,8,4,30,15.9,0,0,0,0,0,0,93.28
2008,7,8,5,30,15.200000000000001,0,0,0,0,0,0,96.03
2008,7,8,6,30,14.5,0,0,0,0,0,0,95.14
2008,7,8,7,30,14,0,0,0,0,0,0,94.01
2008,7,8,8,30,13.600000000000001,0,0,0,0,0,0,95.24
2008,7,8,9,30,13.4,0,0,0,0,0,0,95.84
2008,7,8,10,30,13.3,0,0,0,0,0,0,95.88
2008,7,8,11,30,13.4,0,0,0,0,0,0,94.91
2008,7,8,12,30,14.200000000000001,17,32,277,0,4,4,90.45
2008,7,8,13,30,15.8,45,230,680,0,8,8,82.26
2008,7,8,14,30,17.5,59,459,825,0,133,133,73.29
2008,7,8,15,30,19.200000000000003,67,675,900,0,174,174,64.61
2008,7,8,16,30,20.8,73,854,942,0,171,171,57.730000000000004
2008,7,8,17,30,22.200000000000003,76,980,963,12,434,445,52.58
2008,7,8,18,30,23.3,76,1045,975,0,198,198,48.77
2008,7,8,19,30,23.900000000000002,75,1042,976,1,307,308,46.89
2008,7,8,20,30,23.8,72,972,966,11,375,385,47.230000000000004
2008,7,8,21,30,22.900000000000002,69,839,940,505,249,663,50.17
2008,7,8,22,30,21.5,64,657,897,13,251,260,54.65
2008,7,8,23,30,20.200000000000003,55,441,824,15,160,167,58.5
2008,7,9,0,30,18.7,41,213,676,676,7,179,62.51
2008,7,9,1,30,17.1,13,22,245,0,11,11,68.38
2008,7,9,2,30,15.8,0,0,0,0,0,0,74.9
2008,7,9,3,30,14.8,0,0,0,0,0,0,81.66
2008,7,9,4,30,14.100000000000001,0,0,0,0,0,0,88.18
2008,7,9,5,30,13.700000000000001,0,0,0,0,0,0,91.19
2008,7,9,6,30,13.3,0,0,0,0,0,0,92.07000000000001
2008,7,9,7,30,13,0,0,0,0,0,0,92.86
2008,7,9,8,30,12.700000000000001,0,0,0,0,0,0,94.09
2008,7,9,9,30,12.4,0,0,0,0,0,0,95.27
2008,7,9,10,30,12.100000000000001,0,0,0,0,0,0,96.49000000000001
2008,7,9,11,30,12.100000000000001,0,0,0,0,0,0,95.91
2008,7,9,12,30,12.9,16,32,293,293,16,32,90.49
2008,7,9,13,30,14.9,43,230,687,0,8,8,79.10000000000001
2008,7,9,14,30,17.2,57,459,831,0,73,73,67.54
2008,7,9,15,30,19.3,67,675,901,0,151,151,58.09
2008,7,9,16,30,21.1,72,854,943,48,408,448,51.15
2008,7,9,17,30,22.400000000000002,77,982,964,0,218,218,46.65
2008,7,9,18,30,23.200000000000003,80,1045,972,0,107,107,44.35
2008,7,9,19,30,23.6,79,1043,971,42,494,535,43.410000000000004
2008,7,9,20,30,23.6,78,972,960,112,481,586,44.09
2008,7,9,21,30,23.1,88,835,911,31,396,421,46.2
2008,7,9,22,30,22,86,650,853,136,368,458,49.78
2008,7,9,23,30,20.5,75,432,763,763,75,432,54.68
2008,7,10,0,30,19,54,204,591,0,67,67,60.04
2008,7,10,1,30,17.6,15,20,148,0,7,7,65.13
2008,7,10,2,30,16.2,0,0,0,0,0,0,70.23
2008,7,10,3,30,14.700000000000001,0,0,0,0,0,0,76.06
2008,7,10,4,30,13.4,0,0,0,0,0,0,82.27
2008,7,10,5,30,12.4,0,0,0,0,0,0,88.16
2008,7,10,6,30,12,0,0,0,0,0,0,90.99
2008,7,10,7,30,11.700000000000001,0,0,0,0,0,0,92.47
2008,7,10,8,30,11.4,0,0,0,0,0,0,93.03
2008,7,10,9,30,10.9,0,0,0,0,0,0,93.61
2008,7,10,10,30,10.4,0,0,0,0,0,0,93.72
2008,7,10,11,30,10.100000000000001,0,0,0,0,0,0,94.65
2008,7,10,12,30,11.200000000000001,17,31,289,289,17,31,88.10000000000001
2008,7,10,13,30,13.700000000000001,44,234,701,701,44,234,73.38
2008,7,10,14,30,17,57,468,850,76,267,304,59.21
2008,7,10,15,30,20.200000000000003,65,685,921,276,301,486,49.49
2008,7,10,16,30,22.900000000000002,69,867,962,199,462,627,42.9
2008,7,10,17,30,24.900000000000002,72,994,982,14,448,461,38.550000000000004
2008,7,10,18,30,26,76,1057,988,118,513,629,36.08
2008,7,10,19,30,26,78,1053,983,1,339,340,35.96
2008,7,10,20,30,25.3,79,980,967,55,472,523,37.62
2008,7,10,21,30,24.200000000000003,81,843,930,930,81,843,40.550000000000004
2008,7,10,22,30,23,75,657,880,880,75,657,44.27
2008,7,10,23,30,21.700000000000003,65,439,798,798,65,439,48.72
2008,7,11,0,30,20.200000000000003,48,208,630,630,48,208,54.35
2008,7,11,1,30,18.7,14,20,170,170,14,20,61.56
2008,7,11,2,30,17.6,0,0,0,0,0,0,67.77
2008,7,11,3,30,16.6,0,0,0,0,0,0,73.02
2008,7,11,4,30,15.5,0,0,0,0,0,0,79.13
2008,7,11,5,30,14.600000000000001,0,0,0,0,0,0,84.73
2008,7,11,6,30,13.9,0,0,0,0,0,0,88.14
2008,7,11,7,30,13.4,0,0,0,0,0,0,89.43
2008,7,11,8,30,12.8,0,0,0,0,0,0,91.34
2008,7,11,9,30,12.100000000000001,0,0,0,0,0,0,94.64
2008,7,11,10,30,11.4,0,0,0,0,0,0,98.8
2008,7,11,11,30,11.4,0,0,0,0,0,0,98.47
2008,7,11,12,30,12.700000000000001,17,30,267,267,17,30,90.29
2008,7,11,13,30,15.5,46,230,683,0,42,42,75.3
2008,7,11,14,30,18.7,61,463,833,0,129,129,60.52
2008,7,11,15,30,21.5,70,679,905,74,345,395,49.68
2008,7,11,16,30,23.6,77,861,947,0,178,178,43.19
2008,7,11,17,30,25.200000000000003,82,988,966,0,126,126,38.96
2008,7,11,18,30,26,96,1051,962,228,550,777,37.24
2008,7,11,19,30,26.1,98,1046,956,162,506,667,37.19
2008,7,11,20,30,25.5,97,973,940,32,463,493,38.58
2008,7,11,21,30,24.3,92,838,910,0,176,176,41.84
2008,7,11,22,30,22.900000000000002,85,652,857,31,315,336,46.87
2008,7,11,23,30,21.3,74,432,764,47,208,230,53.620000000000005
2008,7,12,0,30,19.8,56,202,577,1,50,51,61.25
2008,7,12,1,30,18.5,15,19,117,0,10,10,69.22
2008,7,12,2,30,17.6,0,0,0,0,0,0,73.95
2008,7,12,3,30,16.7,0,0,0,0,0,0,77.72
2008,7,12,4,30,15.9,0,0,0,0,0,0,80.53
2008,7,12,5,30,15,0,0,0,0,0,0,84.04
2008,7,12,6,30,14.3,0,0,0,0,0,0,87.12
2008,7,12,7,30,13.600000000000001,0,0,0,0,0,0,90.8
2008,7,12,8,30,13.100000000000001,0,0,0,0,0,0,93.24
2008,7,12,9,30,12.700000000000001,0,0,0,0,0,0,94.65
2008,7,12,10,30,12.4,0,0,0,0,0,0,95.07000000000001
2008,7,12,11,30,12.3,0,0,0,0,0,0,94.27
2008,7,12,12,30,13,18,27,199,0,14,14,89.07000000000001
2008,7,12,13,30,15.100000000000001,54,221,626,244,121,186,76.66
2008,7,12,14,30,18.1,70,452,794,536,154,412,62.440000000000005
2008,7,12,15,30,21,80,672,881,675,179,633,51.42
2008,7,12,16,30,23,86,854,928,461,296,678,44.54
2008,7,12,17,30,24.400000000000002,90,984,953,953,90,984,40.12
2008,7,12,18,30,25.3,92,1050,965,965,92,1050,37.230000000000004
2008,7,12,19,30,25.5,91,1048,965,672,251,917,35.95
2008,7,12,20,30,25.400000000000002,88,978,954,451,358,778,35.4
2008,7,12,21,30,25.200000000000003,102,840,900,242,371,570,35.12
2008,7,12,22,30,24.700000000000003,92,655,852,12,260,268,35.26
2008,7,12,23,30,24,76,438,773,8,145,149,35.480000000000004
2008,7,13,0,30,22,53,208,612,4,75,76,41.12
2008,7,13,1,30,19.6,14,20,162,0,12,12,53.42
2008,7,13,2,30,18,0,0,0,0,0,0,55.01
2008,7,13,3,30,16.5,0,0,0,0,0,0,57.63
2008,7,13,4,30,15.200000000000001,0,0,0,0,0,0,62.56
2008,7,13,5,30,14.200000000000001,0,0,0,0,0,0,69.60000000000001
2008,7,13,6,30,13.3,0,0,0,0,0,0,79.08
2008,7,13,7,30,12.600000000000001,0,0,0,0,0,0,88.55
2008,7,13,8,30,12.100000000000001,0,0,0,0,0,0,95.81
2008,7,13,9,30,11.9,0,0,0,0,0,0,99.56
2008,7,13,10,30,11.8,0,0,0,0,0,0,100
2008,7,13,11,30,11.9,0,0,0,0,0,0,99.31
2008,7,13,12,30,13,16,29,263,263,16,29,91.32000000000001
2008,7,13,13,30,15.9,46,231,694,694,46,231,75.62
2008,7,13,14,30,19.8,60,469,853,853,60,469,55.74
2008,7,13,15,30,23.1,68,692,930,930,68,692,39.81
2008,7,13,16,30,25.400000000000002,72,877,973,973,72,877,33.57
2008,7,13,17,30,27.1,74,1008,997,997,74,1008,29.42
2008,7,13,18,30,28.400000000000002,82,1075,1000,1000,82,1075,26.400000000000002
2008,7,13,19,30,29.200000000000003,82,1070,996,996,82,1070,24.580000000000002
2008,7,13,20,30,29.400000000000002,81,996,982,982,81,996,23.95
2008,7,13,21,30,29.200000000000003,80,861,953,953,80,861,23.78
2008,7,13,22,30,28.5,74,673,906,906,74,673,24.26
2008,7,13,23,30,27.200000000000003,65,450,824,824,65,450,25.51
2008,7,14,0,30,24.400000000000002,48,214,658,148,130,167,29.990000000000002
2008,7,14,1,30,21.400000000000002,14,20,192,192,14,20,41.38
2008,7,14,2,30,19.8,0,0,0,0,0,0,46.35
2008,7,14,3,30,18.7,0,0,0,0,0,0,50.050000000000004
2008,7,14,4,30,17.5,0,0,0,0,0,0,55.47
2008,7,14,5,30,16.400000000000002,0,0,0,0,0,0,62.33
2008,7,14,6,30,15.200000000000001,0,0,0,0,0,0,71.48
2008,7,14,7,30,14.200000000000001,0,0,0,0,0,0,80.42
2008,7,14,8,30,13.4,0,0,0,0,0,0,88.27
2008,7,14,9,30,12.600000000000001,0,0,0,0,0,0,95.67
2008,7,14,10,30,12,0,0,0,0,0,0,100
2008,7,14,11,30,12.100000000000001,0,0,0,0,0,0,100
2008,7,14,12,30,13.5,16,28,272,272,16,28,90.88
2008,7,14,13,30,16.7,45,234,712,712,45,234,72.55
2008,7,14,14,30,20.400000000000002,59,474,866,866,59,474,50.36
2008,7,14,15,30,23.3,68,700,942,942,68,700,35.85
2008,7,14,16,30,25.5,74,887,983,983,74,887,27.82
2008,7,14,17,30,27.200000000000003,78,1019,1004,1004,78,1019,23.13
2008,7,14,18,30,28.400000000000002,82,1084,1009,1009,82,1084,20.77
2008,7,14,19,30,29.1,82,1078,1005,1005,82,1078,19.900000000000002
2008,7,14,20,30,29.400000000000002,81,1004,991,991,81,1004,19.8
2008,7,14,21,30,29.3,81,865,958,958,81,865,20.21
2008,7,14,22,30,28.700000000000003,75,677,910,910,75,677,21.1
2008,7,14,23,30,27.5,66,451,823,823,66,451,22.77
2008,7,15,0,30,24.8,49,213,647,647,49,213,27.02
2008,7,15,1,30,22.200000000000003,14,20,166,166,14,20,37.59
2008,7,15,2,30,21,0,0,0,0,0,0,41.25
2008,7,15,3,30,20,0,0,0,0,0,0,45.660000000000004
2008,7,15,4,30,19,0,0,0,0,0,0,52.92
2008,7,15,5,30,18.1,0,0,0,0,0,0,60.870000000000005
2008,7,15,6,30,17.2,0,0,0,0,0,0,68.54
2008,7,15,7,30,16,0,0,0,0,0,0,76.57000000000001
2008,7,15,8,30,14.8,0,0,0,0,0,0,84.56
2008,7,15,9,30,13.9,0,0,0,0,0,0,90.92
2008,7,15,10,30,13.100000000000001,0,0,0,0,0,0,96.04
2008,7,15,11,30,12.8,0,0,0,0,0,0,97.12
2008,7,15,12,30,14.200000000000001,17,26,219,219,17,26,86.74
2008,7,15,13,30,17.7,49,228,678,678,49,228,64.46000000000001
2008,7,15,14,30,21.8,65,468,844,844,65,468,42.33
2008,7,15,15,30,24.900000000000002,74,692,922,922,74,692,30.970000000000002
2008,7,15,16,30,26.8,80,882,970,970,80,882,27.560000000000002
2008,7,15,17,30,28.3,83,1015,994,994,83,1015,24.03
2008,7,15,18,30,29.3,90,1082,999,999,90,1082,21.16
2008,7,15,19,30,29.900000000000002,91,1080,998,998,91,1080,19
2008,7,15,20,30,30.1,89,1008,986,986,89,1008,17.57
2008,7,15,21,30,29.900000000000002,86,868,954,954,86,868,16.84
2008,7,15,22,30,29.200000000000003,80,679,907,907,80,679,17.080000000000002
2008,7,15,23,30,27.900000000000002,68,453,823,329,227,381,17.98
2008,7,16,0,30,24.700000000000003,51,214,648,279,119,189,22.2
2008,7,16,1,30,21.3,14,19,148,148,14,19,35.04
2008,7,16,2,30,19.8,0,0,0,0,0,0,39.58
2008,7,16,3,30,18.7,0,0,0,0,0,0,44.58
2008,7,16,4,30,17.400000000000002,0,0,0,0,0,0,51.910000000000004
2008,7,16,5,30,16.2,0,0,0,0,0,0,58.83
2008,7,16,6,30,15.3,0,0,0,0,0,0,64.4
2008,7,16,7,30,14.5,0,0,0,0,0,0,69.60000000000001
2008,7,16,8,30,13.8,0,0,0,0,0,0,74.9
2008,7,16,9,30,13.200000000000001,0,0,0,0,0,0,79.99
2008,7,16,10,30,12.8,0,0,0,0,0,0,84.18
2008,7,16,11,30,12.9,0,0,0,0,0,0,85.13
2008,7,16,12,30,15,16,25,212,212,16,25,75.19
2008,7,16,13,30,19.1,49,228,685,685,49,228,57.160000000000004
2008,7,16,14,30,23,64,468,848,848,64,468,35.74
2008,7,16,15,30,25.6,73,696,930,930,73,696,27.990000000000002
2008,7,16,16,30,27.400000000000002,80,884,973,973,80,884,23.3
2008,7,16,17,30,28.8,84,1017,997,997,84,1017,19.67
2008,7,16,18,30,29.8,87,1089,1010,1010,87,1089,17.1
2008,7,16,19,30,30.5,86,1087,1010,1010,86,1087,15.17
2008,7,16,20,30,30.700000000000003,83,1012,996,996,83,1012,14.040000000000001
2008,7,16,21,30,30.400000000000002,80,876,971,971,80,876,13.83
2008,7,16,22,30,29.700000000000003,75,685,925,925,75,685,14.38
2008,7,16,23,30,28.3,64,456,839,839,64,456,15.64
2008,7,17,0,30,24.900000000000002,48,215,667,667,48,215,20.31
2008,7,17,1,30,21.5,14,19,172,172,14,19,32.980000000000004
2008,7,17,2,30,19.900000000000002,0,0,0,0,0,0,38.03
2008,7,17,3,30,18.8,0,0,0,0,0,0,43.29
2008,7,17,4,30,17.7,0,0,0,0,0,0,49.72
2008,7,17,5,30,16.7,0,0,0,0,0,0,55.61
2008,7,17,6,30,15.700000000000001,0,0,0,0,0,0,61.49
2008,7,17,7,30,14.9,0,0,0,0,0,0,66.45
2008,7,17,8,30,14,0,0,0,0,0,0,71.26
2008,7,17,9,30,13.3,0,0,0,0,0,0,74.96000000000001
2008,7,17,10,30,12.700000000000001,0,0,0,0,0,0,78.72
2008,7,17,11,30,12.8,0,0,0,0,0,0,79.11
2008,7,17,12,30,14.8,17,23,160,160,17,23,70.67
2008,7,17,13,30,18.400000000000002,57,216,611,611,57,216,57.1
2008,7,17,14,30,22.1,77,450,784,784,77,450,39.550000000000004
2008,7,17,15,30,24.8,91,672,869,597,264,663,30
2008,7,17,16,30,26.5,102,856,913,913,102,856,26.82
2008,7,17,17,30,27.5,109,988,939,939,109,988,25.490000000000002
2008,7,17,18,30,28.3,107,1054,955,955,107,1054,24.68
2008,7,17,19,30,28.8,105,1053,957,957,105,1053,24.34
2008,7,17,20,30,29,102,980,943,572,374,907,24.310000000000002
2008,7,17,21,30,28.6,99,845,912,912,99,845,24.97
2008,7,17,22,30,27.6,92,656,855,0,159,160,26.63
2008,7,17,23,30,26.200000000000003,79,433,758,0,96,96,29.43
2008,7,18,0,30,24.3,58,201,571,143,129,165,34.38
2008,7,18,1,30,22.700000000000003,14,17,95,0,6,6,47.7
2008,7,18,2,30,22,0,0,0,0,0,0,51.44
2008,7,18,3,30,21.200000000000003,0,0,0,0,0,0,54.97
2008,7,18,4,30,20.3,0,0,0,0,0,0,61.9
2008,7,18,5,30,19.5,0,0,0,0,0,0,64.29
2008,7,18,6,30,18.6,0,0,0,0,0,0,66.95
2008,7,18,7,30,17.6,0,0,0,0,0,0,70.19
2008,7,18,8,30,16.400000000000002,0,0,0,0,0,0,75.63
2008,7,18,9,30,15.4,0,0,0,0,0,0,81.32000000000001
2008,7,18,10,30,14.700000000000001,0,0,0,0,0,0,86.09
2008,7,18,11,30,14.600000000000001,0,0,0,0,0,0,87.22
2008,7,18,12,30,15.9,16,22,154,154,16,22,81.35000000000001
2008,7,18,13,30,18.400000000000002,54,213,614,14,128,132,70.59
2008,7,18,14,30,21,71,446,789,0,137,138,57.64
2008,7,18,15,30,22.8,85,665,869,70,342,388,48.68
2008,7,18,16,30,23.8,95,848,913,913,95,848,44.59
2008,7,18,17,30,24.200000000000003,101,979,938,938,101,979,42.6
2008,7,18,18,30,24.6,101,1047,954,531,345,872,41.03
2008,7,18,19,30,24.900000000000002,99,1046,955,807,132,932,39.61
2008,7,18,20,30,24.900000000000002,96,974,942,26,384,408,38.94
2008,7,18,21,30,24.700000000000003,91,840,915,57,375,421,38.69
2008,7,18,22,30,24.1,83,655,867,55,318,355,39.76
2008,7,18,23,30,23.1,72,432,774,38,197,214,42.85
2008,7,19,0,30,21.700000000000003,53,201,590,505,34,160,49.56
2008,7,19,1,30,20.400000000000002,13,16,114,0,9,9,64.34
2008,7,19,2,30,19.5,0,0,0,0,0,0,70.03
2008,7,19,3,30,18.6,0,0,0,0,0,0,73.67
2008,7,19,4,30,17.900000000000002,0,0,0,0,0,0,76.82000000000001
2008,7,19,5,30,17.3,0,0,0,0,0,0,79.60000000000001
2008,7,19,6,30,16.8,0,0,0,0,0,0,82.10000000000001
2008,7,19,7,30,16.3,0,0,0,0,0,0,85.63
2008,7,19,8,30,15.9,0,0,0,0,0,0,88.74
2008,7,19,9,30,15.700000000000001,0,0,0,0,0,0,90.10000000000001
2008,7,19,10,30,15.5,0,0,0,0,0,0,90.92
2008,7,19,11,30,15.3,0,0,0,0,0,0,90.86
2008,7,19,12,30,15.4,15,21,139,0,7,7,87.7
2008,7,19,13,30,15.9,56,209,593,15,128,132,81.42
2008,7,19,14,30,17,77,441,768,0,137,137,72.16
2008,7,19,15,30,18.6,91,659,852,104,370,439,62.92
2008,7,19,16,30,20.200000000000003,103,841,896,896,103,841,55.620000000000005
2008,7,19,17,30,21.5,111,971,919,0,45,45,51.01
2008,7,19,18,30,22.1,115,1038,930,1,246,248,49.25
2008,7,19,19,30,22.3,115,1035,928,1,199,200,49.03
2008,7,19,20,30,22,112,965,916,12,397,408,50.47
2008,7,19,21,30,21.400000000000002,107,831,884,2,210,212,52.81
2008,7,19,22,30,20.5,99,645,828,62,324,364,56.22
2008,7,19,23,30,19.400000000000002,85,425,730,63,223,252,60.7
2008,7,20,0,30,18.1,60,195,543,2,63,63,66.53
2008,7,20,1,30,17,13,15,81,0,7,7,73.08
2008,7,20,2,30,16.2,0,0,0,0,0,0,78.74
2008,7,20,3,30,15.600000000000001,0,0,0,0,0,0,82.38
2008,7,20,4,30,15,0,0,0,0,0,0,85.2
2008,7,20,5,30,14.3,0,0,0,0,0,0,88.14
2008,7,20,6,30,13.700000000000001,0,0,0,0,0,0,90.55
2008,7,20,7,30,13.100000000000001,0,0,0,0,0,0,93.16
2008,7,20,8,30,12.5,0,0,0,0,0,0,95.69
2008,7,20,9,30,12.100000000000001,0,0,0,0,0,0,96.83
2008,7,20,10,30,11.700000000000001,0,0,0,0,0,0,97.97
2008,7,20,11,30,11.600000000000001,0,0,0,0,0,0,97.21000000000001
2008,7,20,12,30,12.4,15,20,137,0,5,5,90.51
2008,7,20,13,30,14.700000000000001,54,212,614,60,117,133,74.04
2008,7,20,14,30,18.2,72,449,796,13,211,218,53.300000000000004
2008,7,20,15,30,21.5,83,672,884,600,197,596,37.99
2008,7,20,16,30,23.900000000000002,88,856,931,931,88,856,32.96
2008,7,20,17,30,25.8,91,988,960,960,91,988,30.29
2008,7,20,18,30,27.1,101,1051,958,958,101,1051,28.93
2008,7,20,19,30,27.8,106,1047,950,950,106,1047,28.69
2008,7,20,20,30,27.6,109,972,926,926,109,972,29.75
2008,7,20,21,30,26.5,107,834,888,888,107,834,32.43
2008,7,20,22,30,25.1,101,645,826,826,101,645,36.28
2008,7,20,23,30,23.700000000000003,88,423,721,721,88,423,40.65
2008,7,21,0,30,22.1,62,193,529,529,62,193,46.01
2008,7,21,1,30,20.6,13,15,69,0,8,8,52.22
2008,7,21,2,30,19.3,0,0,0,0,0,0,58.08
2008,7,21,3,30,17.900000000000002,0,0,0,0,0,0,64.4
2008,7,21,4,30,16.3,0,0,0,0,0,0,72.72
2008,7,21,5,30,14.9,0,0,0,0,0,0,81.52
2008,7,21,6,30,14,0,0,0,0,0,0,88.72
2008,7,21,7,30,13.5,0,0,0,0,0,0,93.15
2008,7,21,8,30,13.4,0,0,0,0,0,0,93.82000000000001
2008,7,21,9,30,13.200000000000001,0,0,0,0,0,0,94.36
2008,7,21,10,30,13,0,0,0,0,0,0,94
2008,7,21,11,30,12.600000000000001,0,0,0,0,0,0,93.82000000000001
2008,7,21,12,30,13.200000000000001,14,22,221,1,14,14,87.34
2008,7,21,13,30,15.3,45,219,679,450,88,203,71.11
2008,7,21,14,30,18.5,61,457,838,292,231,369,51.21
2008,7,21,15,30,21.6,72,680,914,442,299,593,35.34
2008,7,21,16,30,23.8,79,869,960,512,356,777,28.23
2008,7,21,17,30,25.3,84,1002,982,734,273,958,24.78
2008,7,21,18,30,26.200000000000003,85,1073,997,997,85,1073,22.740000000000002
2008,7,21,19,30,26.6,85,1072,996,752,269,1014,21.68
2008,7,21,20,30,26.6,84,1000,984,718,286,955,21.490000000000002
2008,7,21,21,30,26.3,87,862,947,675,230,783,21.96
2008,7,21,22,30,25.6,80,672,899,468,254,563,23.16
2008,7,21,23,30,24.3,70,445,809,642,136,434,25.91
2008,7,22,0,30,22.200000000000003,51,206,628,396,99,196,33.22
2008,7,22,1,30,20.400000000000002,13,16,125,125,13,16,41.27
2008,7,22,2,30,19.200000000000003,0,0,0,0,0,0,43.31
2008,7,22,3,30,17.900000000000002,0,0,0,0,0,0,45.6
2008,7,22,4,30,16.6,0,0,0,0,0,0,48.93
2008,7,22,5,30,15.600000000000001,0,0,0,0,0,0,52.660000000000004
2008,7,22,6,30,14.8,0,0,0,0,0,0,57.32
2008,7,22,7,30,14,0,0,0,0,0,0,63.61
2008,7,22,8,30,13.3,0,0,0,0,0,0,69.96000000000001
2008,7,22,9,30,12.700000000000001,0,0,0,0,0,0,75.28
2008,7,22,10,30,12.3,0,0,0,0,0,0,77.96000000000001
2008,7,22,11,30,12.100000000000001,0,0,0,0,0,0,76.96000000000001
2008,7,22,12,30,13.600000000000001,14,21,220,220,14,21,66.53
2008,7,22,13,30,17.3,46,222,692,692,46,222,49.32
2008,7,22,14,30,21.200000000000003,61,461,849,849,61,461,34.01
2008,7,22,15,30,24.1,71,686,925,925,71,686,29.09
2008,7,22,16,30,26.1,77,871,965,965,77,871,26.7
2008,7,22,17,30,27.8,82,1004,987,987,82,1004,24.46
2008,7,22,18,30,28.900000000000002,91,1072,989,824,171,988,22.88
2008,7,22,19,30,29.5,93,1067,983,684,268,945,21.8
2008,7,22,20,30,29.700000000000003,93,995,969,554,316,831,21.14
2008,7,22,21,30,29.3,88,857,940,629,241,755,21.16
2008,7,22,22,30,28.5,82,668,890,780,148,661,21.68
2008,7,22,23,30,27,71,442,802,456,168,378,23.32
2008,7,23,0,30,24.3,51,205,626,36,132,141,27.53
2008,7,23,1,30,21.6,12,15,130,0,7,7,36.84
2008,7,23,2,30,20.1,0,0,0,0,0,0,40.5
2008,7,23,3,30,18.900000000000002,0,0,0,0,0,0,43.96
2008,7,23,4,30,17.6,0,0,0,0,0,0,49.050000000000004
2008,7,23,5,30,16.3,0,0,0,0,0,0,55.47
2008,7,23,6,30,15.100000000000001,0,0,0,0,0,0,62.51
2008,7,23,7,30,14.5,0,0,0,0,0,0,67.72
2008,7,23,8,30,14.3,0,0,0,0,0,0,71.93
2008,7,23,9,30,14.5,0,0,0,0,0,0,74.03
2008,7,23,10,30,14.3,0,0,0,0,0,0,76.57000000000001
2008,7,23,11,30,14,0,0,0,0,0,0,77.39
2008,7,23,12,30,15.4,14,19,179,179,14,19,68.84
2008,7,23,13,30,18.900000000000002,48,216,662,662,48,216,54.68
2008,7,23,14,30,22.200000000000003,64,454,831,831,64,454,42.96
2008,7,23,15,30,24.6,73,682,916,916,73,682,34.63
2008,7,23,16,30,26.5,79,870,962,962,79,870,28.8
2008,7,23,17,30,27.900000000000002,83,1004,986,986,83,1004,25.3
2008,7,23,18,30,28.900000000000002,86,1070,992,992,86,1070,23.56
2008,7,23,19,30,29.400000000000002,88,1065,987,987,88,1065,23.09
2008,7,23,20,30,29.3,89,991,968,2,383,385,23.89
2008,7,23,21,30,28.6,89,852,933,117,434,529,25.91
2008,7,23,22,30,27.3,86,658,871,871,86,658,28.76
2008,7,23,23,30,25.6,74,434,779,779,74,434,32.3
2008,7,24,0,30,23.400000000000002,54,199,591,591,54,199,37.03
2008,7,24,1,30,21.400000000000002,12,14,95,0,6,6,43.69
2008,7,24,2,30,19.8,0,0,0,0,0,0,50.59
2008,7,24,3,30,18.5,0,0,0,0,0,0,57.800000000000004
2008,7,24,4,30,17.6,0,0,0,0,0,0,65.77
2008,7,24,5,30,16.8,0,0,0,0,0,0,73.53
2008,7,24,6,30,16.2,0,0,0,0,0,0,78.74
2008,7,24,7,30,15.600000000000001,0,0,0,0,0,0,82.67
2008,7,24,8,30,15.100000000000001,0,0,0,0,0,0,85.67
2008,7,24,9,30,14.700000000000001,0,0,0,0,0,0,87.99
2008,7,24,10,30,14.4,0,0,0,0,0,0,89.73
2008,7,24,11,30,14.3,0,0,0,0,0,0,90.37
2008,7,24,12,30,15.700000000000001,14,18,132,132,14,18,82.82000000000001
2008,7,24,13,30,18.400000000000002,50,210,638,638,50,210,67.48
2008,7,24,14,30,20.8,62,449,826,826,62,449,51.870000000000005
2008,7,24,15,30,22.8,69,673,911,911,69,673,42.42
2008,7,24,16,30,24.700000000000003,74,860,956,956,74,860,36.74
2008,7,24,17,30,26.3,77,992,980,980,77,992,33.1
2008,7,24,18,30,27.6,83,1058,983,838,168,998,30.45
2008,7,24,19,30,28.3,84,1054,980,980,84,1054,28.87
2008,7,24,20,30,28.6,82,983,968,331,418,725,28.02
2008,7,24,21,30,28.1,79,847,940,349,411,696,28.72
2008,7,24,22,30,26.900000000000002,74,657,889,148,367,464,30.95
2008,7,24,23,30,25.3,65,433,797,472,153,371,35.08
2008,7,25,0,30,23.400000000000002,49,197,607,55,129,143,41.64
2008,7,25,1,30,21.700000000000003,11,13,94,0,4,4,53.39
2008,7,25,2,30,20.6,0,0,0,0,0,0,60.26
2008,7,25,3,30,19.6,0,0,0,0,0,0,65.79
2008,7,25,4,30,18.8,0,0,0,0,0,0,70.7
2008,7,25,5,30,18.1,0,0,0,0,0,0,75.56
2008,7,25,6,30,17.6,0,0,0,0,0,0,79.92
2008,7,25,7,30,17.3,0,0,0,0,0,0,83.39
2008,7,25,8,30,17,0,0,0,0,0,0,86.73
2008,7,25,9,30,16.900000000000002,0,0,0,0,0,0,89.25
2008,7,25,10,30,16.7,0,0,0,0,0,0,92.32000000000001
2008,7,25,11,30,16.6,0,0,0,0,0,0,93.84
2008,7,25,12,30,16.7,13,16,119,0,3,3,92.9
2008,7,25,13,30,17.400000000000002,49,202,613,74,114,133,86.84
2008,7,25,14,30,19,65,435,792,27,222,235,74.04
2008,7,25,15,30,21.3,74,657,880,880,74,657,59.11
2008,7,25,16,30,23.200000000000003,79,841,928,284,360,593,49.660000000000004
2008,7,25,17,30,24.5,83,973,953,509,319,793,44.33
2008,7,25,18,30,25.1,93,1039,954,954,93,1039,41.99
2008,7,25,19,30,24.900000000000002,94,1037,953,6,432,438,42.15
2008,7,25,20,30,24.400000000000002,90,967,943,551,293,805,43.77
2008,7,25,21,30,23.900000000000002,86,833,916,916,86,833,45.480000000000004
2008,7,25,22,30,23.3,78,649,871,135,301,390,47.160000000000004
2008,7,25,23,30,22.6,67,429,787,0,108,108,48.76
2008,7,26,0,30,21.200000000000003,48,197,614,614,48,197,53.63
2008,7,26,1,30,19.5,11,13,116,0,5,5,63.39
2008,7,26,2,30,18.400000000000002,0,0,0,0,0,0,65.24
2008,7,26,3,30,17.3,0,0,0,0,0,0,67.01
2008,7,26,4,30,16,0,0,0,0,0,0,73.54
2008,7,26,5,30,14.8,0,0,0,0,0,0,81.54
2008,7,26,6,30,13.9,0,0,0,0,0,0,89.36
2008,7,26,7,30,13.3,0,0,0,0,0,0,95.22
2008,7,26,8,30,13,0,0,0,0,0,0,98.23
2008,7,26,9,30,12.9,0,0,0,0,0,0,99.31
2008,7,26,10,30,12.8,0,0,0,0,0,0,99.92
2008,7,26,11,30,12.8,0,0,0,0,0,0,99.61
2008,7,26,12,30,13.8,12,18,214,214,12,18,92.77
2008,7,26,13,30,16.2,44,217,695,695,44,217,78.2
2008,7,26,14,30,19.3,59,460,858,858,59,460,55.28
2008,7,26,15,30,22.400000000000002,69,687,933,933,69,687,33.59
2008,7,26,16,30,24.8,76,876,975,975,76,876,24.62
2008,7,26,17,30,26.700000000000003,79,1012,999,999,79,1012,20.6
2008,7,26,18,30,27.900000000000002,93,1075,992,992,93,1075,18.61
2008,7,26,19,30,28.6,91,1075,995,995,91,1075,17.59
2008,7,26,20,30,28.700000000000003,87,1003,985,985,87,1003,17.43
2008,7,26,21,30,28.3,78,864,964,964,78,864,17.89
2008,7,26,22,30,27.200000000000003,70,674,921,921,70,674,19.34
2008,7,26,23,30,25.5,60,445,839,839,60,445,22.07
2008,7,27,0,30,22.700000000000003,44,205,670,670,44,205,27.84
2008,7,27,1,30,19.900000000000002,10,13,150,150,10,13,37.84
2008,7,27,2,30,18.2,0,0,0,0,0,0,45.75
2008,7,27,3,30,16.900000000000002,0,0,0,0,0,0,53.44
2008,7,27,4,30,15.600000000000001,0,0,0,0,0,0,61.83
2008,7,27,5,30,14.4,0,0,0,0,0,0,70.02
2008,7,27,6,30,13.3,0,0,0,0,0,0,77.79
2008,7,27,7,30,12.3,0,0,0,0,0,0,85.01
2008,7,27,8,30,11.5,0,0,0,0,0,0,90.91
2008,7,27,9,30,10.8,0,0,0,0,0,0,96.14
2008,7,27,10,30,10.3,0,0,0,0,0,0,100
2008,7,27,11,30,10.4,0,0,0,0,0,0,99.59
2008,7,27,12,30,11.9,12,17,189,189,12,17,88.62
2008,7,27,13,30,15.4,44,216,693,693,44,216,66.58
2008,7,27,14,30,19.700000000000003,58,457,857,857,58,457,42.57
2008,7,27,15,30,22.900000000000002,67,685,934,934,67,685,30.02
2008,7,27,16,30,25.1,74,871,972,972,74,871,26.89
2008,7,27,17,30,26.700000000000003,78,1006,995,995,78,1006,24.69
2008,7,27,18,30,27.900000000000002,89,1071,993,993,89,1071,22.85
2008,7,27,19,30,28.6,90,1070,990,990,90,1070,21.51
2008,7,27,20,30,28.8,90,994,974,974,90,994,20.68
2008,7,27,21,30,28.700000000000003,83,858,950,950,83,858,20.1
2008,7,27,22,30,27.900000000000002,77,667,902,902,77,667,20.330000000000002
2008,7,27,23,30,26.6,66,440,815,0,111,111,21.43
2008,7,28,0,30,24.200000000000003,48,200,637,637,48,200,25.67
2008,7,28,1,30,21.900000000000002,0,0,0,0,0,0,39.77
2008,7,28,2,30,20.6,0,0,0,0,0,0,40.18
2008,7,28,3,30,18.900000000000002,0,0,0,0,0,0,47.9
2008,7,28,4,30,17.400000000000002,0,0,0,0,0,0,57.35
2008,7,28,5,30,16.3,0,0,0,0,0,0,65.72
2008,7,28,6,30,15.600000000000001,0,0,0,0,0,0,76.51
2008,7,28,7,30,15.100000000000001,0,0,0,0,0,0,84.65
2008,7,28,8,30,14.600000000000001,0,0,0,0,0,0,89.84
2008,7,28,9,30,14.3,0,0,0,0,0,0,93.06
2008,7,28,10,30,14,0,0,0,0,0,0,95.64
2008,7,28,11,30,13.9,0,0,0,0,0,0,96.06
2008,7,28,12,30,15.3,11,16,183,183,11,16,87.07000000000001
2008,7,28,13,30,18.5,43,210,676,676,43,210,70.10000000000001
2008,7,28,14,30,22,59,450,841,841,59,450,53.7
2008,7,28,15,30,25,69,675,919,919,69,675,38.67
2008,7,28,16,30,27.1,76,863,960,960,76,863,29.77
2008,7,28,17,30,28.6,81,997,982,982,81,997,25.57
2008,7,28,18,30,29.700000000000003,85,1066,991,991,85,1066,23.12
2008,7,28,19,30,30.400000000000002,87,1064,988,745,270,1006,21.53
2008,7,28,20,30,30.700000000000003,88,989,970,712,240,901,20.61
2008,7,28,21,30,30.400000000000002,92,850,931,145,456,575,20.54
2008,7,28,22,30,29.6,89,655,867,449,242,535,21.330000000000002
2008,7,28,23,30,28.1,79,428,764,764,79,428,23.490000000000002
2008,7,29,0,30,26,58,189,551,0,11,11,28.39
2008,7,29,1,30,24,0,0,0,0,0,0,38.58
2008,7,29,2,30,22.400000000000002,0,0,0,0,0,0,45.76
2008,7,29,3,30,21.200000000000003,0,0,0,0,0,0,53.29
2008,7,29,4,30,20.3,0,0,0,0,0,0,57.11
2008,7,29,5,30,19.5,0,0,0,0,0,0,61.47
2008,7,29,6,30,18.7,0,0,0,0,0,0,66.46000000000001
2008,7,29,7,30,17.900000000000002,0,0,0,0,0,0,70.84
2008,7,29,8,30,16.900000000000002,0,0,0,0,0,0,76.37
2008,7,29,9,30,15.9,0,0,0,0,0,0,82.52
2008,7,29,10,30,15.3,0,0,0,0,0,0,87.02
2008,7,29,11,30,15.3,0,0,0,0,0,0,88.48
2008,7,29,12,30,16.5,12,15,134,134,12,15,82.93
2008,7,29,13,30,19.5,49,206,640,640,49,206,69.08
2008,7,29,14,30,22.900000000000002,67,445,814,814,67,445,48.59
2008,7,29,15,30,25.6,78,671,898,898,78,671,35.1
2008,7,29,16,30,27.3,86,860,944,944,86,860,29.85
2008,7,29,17,30,28.6,92,991,965,965,92,991,27.07
2008,7,29,18,30,29.5,96,1057,971,971,96,1057,25.32
2008,7,29,19,30,30,101,1054,964,178,532,709,24.2
2008,7,29,20,30,30.1,106,978,939,5,412,417,23.79
2008,7,29,21,30,29.5,95,841,916,264,446,660,24.93
2008,7,29,22,30,28.3,91,648,853,853,91,648,27.27
2008,7,29,23,30,26.8,82,421,745,338,217,371,30.12
2008,7,30,0,30,24.8,60,185,533,175,122,164,34.800000000000004
2008,7,30,1,30,23,0,0,0,0,0,0,45.87
2008,7,30,2,30,22,0,0,0,0,0,0,51.58
2008,7,30,3,30,21,0,0,0,0,0,0,54.410000000000004
2008,7,30,4,30,20,0,0,0,0,0,0,56.01
2008,7,30,5,30,19.1,0,0,0,0,0,0,58.120000000000005
2008,7,30,6,30,18,0,0,0,0,0,0,62.18
2008,7,30,7,30,17.400000000000002,0,0,0,0,0,0,65.29
2008,7,30,8,30,17.1,0,0,0,0,0,0,67.44
2008,7,30,9,30,16.8,0,0,0,0,0,0,69.78
2008,7,30,10,30,16,0,0,0,0,0,0,74.06
2008,7,30,11,30,15.5,0,0,0,0,0,0,75.9
2008,7,30,12,30,16.6,11,13,105,0,6,6,71.5
2008,7,30,13,30,19.6,51,200,609,609,51,200,59.980000000000004
2008,7,30,14,30,23.1,71,439,795,795,71,439,46.31
2008,7,30,15,30,25.5,82,666,886,886,82,666,38.83
2008,7,30,16,30,27.200000000000003,88,854,935,935,88,854,34.69
2008,7,30,17,30,28.6,93,991,965,402,468,843,31.13
2008,7,30,18,30,29.700000000000003,91,1062,981,981,91,1062,28.16
2008,7,30,19,30,30.3,92,1058,978,978,92,1058,26.080000000000002
2008,7,30,20,30,30.5,91,985,964,552,330,842,24.490000000000002
2008,7,30,21,30,30.1,115,836,886,17,326,339,24.05
2008,7,30,22,30,29,114,642,811,44,309,338,24.98
2008,7,30,23,30,27.3,99,413,691,691,99,413,27.580000000000002
2008,7,31,0,30,24.700000000000003,70,179,465,465,70,179,34.9
2008,7,31,1,30,22.400000000000002,0,0,0,0,0,0,52.730000000000004
2008,7,31,2,30,21,0,0,0,0,0,0,63.92
2008,7,31,3,30,19.700000000000003,0,0,0,0,0,0,72.60000000000001
2008,7,31,4,30,18.5,0,0,0,0,0,0,80.38
2008,7,31,5,30,17.6,0,0,0,0,0,0,87.27
2008,7,31,6,30,16.900000000000002,0,0,0,0,0,0,92.2
2008,7,31,7,30,16.3,0,0,0,0,0,0,95.9
2008,7,31,8,30,16,0,0,0,0,0,0,97.41
2008,7,31,9,30,15.8,0,0,0,0,0,0,98.19
2008,7,31,10,30,15.700000000000001,0,0,0,0,0,0,98.32000000000001
2008,7,31,11,30,15.600000000000001,0,0,0,0,0,0,98.37
2008,7,31,12,30,16,11,12,54,0,3,3,95.45
2008,7,31,13,30,16.900000000000002,62,190,527,0,59,59,89.9
2008,7,31,14,30,18.1,87,423,727,8,193,196,82.17
2008,7,31,15,30,19.5,100,647,831,831,100,647,72.86
2008,7,31,16,30,20.900000000000002,106,835,890,417,388,730,63.24
2008,7,31,17,30,21.8,111,969,922,406,456,835,57.410000000000004
2008,7,31,18,30,22.200000000000003,105,1042,948,21,480,500,54.32
2008,7,31,19,30,22.3,102,1042,952,952,102,1042,52.44
2008,7,31,20,30,22.200000000000003,96,971,943,943,96,971,51.31
2008,7,31,21,30,22,86,839,927,585,252,727,50.44
2008,7,31,22,30,21.6,77,650,880,234,321,473,50.64
2008,7,31,23,30,20.900000000000002,66,425,793,62,211,240,52.660000000000004
2008,8,1,0,30,19.400000000000002,48,188,600,383,97,186,62.88
2008,8,1,1,30,18.1,0,0,0,0,0,0,71.76
2008,8,1,2,30,17.5,0,0,0,0,0,0,73.37
2008,8,1,3,30,17,0,0,0,0,0,0,75.13
2008,8,1,4,30,16.8,0,0,0,0,0,0,75.56
2008,8,1,5,30,16.7,0,0,0,0,0,0,76.72
2008,8,1,6,30,16.5,0,0,0,0,0,0,78.61
2008,8,1,7,30,16.2,0,0,0,0,0,0,81.28
2008,8,1,8,30,15.9,0,0,0,0,0,0,83.97
2008,8,1,9,30,15.600000000000001,0,0,0,0,0,0,86.54
2008,8,1,10,30,15.3,0,0,0,0,0,0,88.59
2008,8,1,11,30,15.200000000000001,0,0,0,0,0,0,89.31
2008,8,1,12,30,15.9,10,12,77,0,5,5,85.65
2008,8,1,13,30,17.5,54,192,571,571,54,192,75.72
2008,8,1,14,30,19.700000000000003,74,427,767,767,74,427,61.09
2008,8,1,15,30,22.1,84,653,865,865,84,653,50.01
2008,8,1,16,30,23.900000000000002,92,840,915,571,260,727,43.65
2008,8,1,17,30,25.1,98,973,941,529,302,795,40.18
2008,8,1,18,30,25.8,112,1039,938,613,362,969,38
2008,8,1,19,30,26.1,113,1036,935,935,113,1036,35.980000000000004
2008,8,1,20,30,26.1,114,963,917,161,504,653,34.42
2008,8,1,21,30,25.6,106,830,892,892,106,830,34.32
2008,8,1,22,30,24.700000000000003,95,641,840,2,256,258,35.65
2008,8,1,23,30,23.3,79,416,747,250,230,343,38.94
2008,8,2,0,30,21.200000000000003,56,181,545,25,95,100,51.050000000000004
2008,8,2,1,30,19.200000000000003,0,0,0,0,0,0,67.27
2008,8,2,2,30,17.6,0,0,0,0,0,0,71
2008,8,2,3,30,16.3,0,0,0,0,0,0,73.78
2008,8,2,4,30,15.100000000000001,0,0,0,0,0,0,77.74
2008,8,2,5,30,14.4,0,0,0,0,0,0,81.19
2008,8,2,6,30,13.9,0,0,0,0,0,0,85.2
2008,8,2,7,30,13.3,0,0,0,0,0,0,90.43
2008,8,2,8,30,12.600000000000001,0,0,0,0,0,0,96.21000000000001
2008,8,2,9,30,12.100000000000001,0,0,0,0,0,0,100
2008,8,2,10,30,12,0,0,0,0,0,0,100
2008,8,2,11,30,12.200000000000001,0,0,0,0,0,0,100
2008,8,2,12,30,13,0,0,0,0,0,0,95.11
2008,8,2,13,30,15.100000000000001,49,202,632,4,67,68,83.23
2008,8,2,14,30,18.5,66,443,819,462,154,367,63.39
2008,8,2,15,30,21.8,76,672,908,908,76,672,44.76
2008,8,2,16,30,24.1,81,862,956,956,81,862,35.74
2008,8,2,17,30,25.700000000000003,85,995,978,978,85,995,30.63
2008,8,2,18,30,26.8,89,1064,987,987,89,1064,28.03
2008,8,2,19,30,27.3,90,1060,983,983,90,1060,27.16
2008,8,2,20,30,27.6,86,987,973,2,365,366,26.740000000000002
2008,8,2,21,30,27.6,79,853,955,955,79,853,26.400000000000002
2008,8,2,22,30,27,69,662,914,914,69,662,26.55
2008,8,2,23,30,25.8,58,434,835,458,152,358,27.6
2008,8,3,0,30,23.1,42,193,659,659,42,193,34.12
2008,8,3,1,30,20.6,0,0,0,0,0,0,50.47
2008,8,3,2,30,19.5,0,0,0,0,0,0,53.28
2008,8,3,3,30,18.6,0,0,0,0,0,0,55.9
2008,8,3,4,30,17.7,0,0,0,0,0,0,60.67
2008,8,3,5,30,16.8,0,0,0,0,0,0,67.11
2008,8,3,6,30,16,0,0,0,0,0,0,72.87
2008,8,3,7,30,15.100000000000001,0,0,0,0,0,0,78.78
2008,8,3,8,30,14.100000000000001,0,0,0,0,0,0,85.34
2008,8,3,9,30,13.100000000000001,0,0,0,0,0,0,91.34
2008,8,3,10,30,12.200000000000001,0,0,0,0,0,0,94.67
2008,8,3,11,30,11.700000000000001,0,0,0,0,0,0,93.15
2008,8,3,12,30,13,0,0,0,0,0,0,80.72
2008,8,3,13,30,16.5,41,207,693,693,41,207,60.5
2008,8,3,14,30,20.3,55,450,860,860,55,450,37.87
2008,8,3,15,30,22.900000000000002,63,679,938,938,63,679,29.28
2008,8,3,16,30,24.900000000000002,69,869,979,979,69,869,26.060000000000002
2008,8,3,17,30,26.5,73,1002,999,999,73,1002,24.13
2008,8,3,18,30,27.700000000000003,82,1070,1001,1001,82,1070,22.67
2008,8,3,19,30,28.400000000000002,83,1066,997,997,83,1066,21.68
2008,8,3,20,30,28.6,81,993,985,985,81,993,21.22
2008,8,3,21,30,28.400000000000002,76,852,959,959,76,852,21.23
2008,8,3,22,30,27.6,71,660,911,911,71,660,21.990000000000002
2008,8,3,23,30,26.1,61,429,821,821,61,429,23.84
2008,8,4,0,30,23.3,44,189,640,640,44,189,28.44
2008,8,4,1,30,20.400000000000002,0,0,0,0,0,0,39.11
2008,8,4,2,30,18.900000000000002,0,0,0,0,0,0,42.480000000000004
2008,8,4,3,30,17.8,0,0,0,0,0,0,43.96
2008,8,4,4,30,16.6,0,0,0,0,0,0,46.77
2008,8,4,5,30,15.5,0,0,0,0,0,0,50.88
2008,8,4,6,30,14.5,0,0,0,0,0,0,56.19
2008,8,4,7,30,13.600000000000001,0,0,0,0,0,0,62.190000000000005
2008,8,4,8,30,12.8,0,0,0,0,0,0,68.35000000000001
2008,8,4,9,30,12,0,0,0,0,0,0,74.60000000000001
2008,8,4,10,30,11.3,0,0,0,0,0,0,80.13
2008,8,4,11,30,11.100000000000001,0,0,0,0,0,0,81.46000000000001
2008,8,4,12,30,12.600000000000001,0,0,0,0,0,0,72.01
2008,8,4,13,30,16.5,42,206,686,686,42,206,54.06
2008,8,4,14,30,20.700000000000003,58,450,855,855,58,450,31.52
2008,8,4,15,30,23.6,68,679,932,932,68,679,21.98
2008,8,4,16,30,25.6,75,868,971,971,75,868,20.19
2008,8,4,17,30,27,80,1003,993,993,80,1003,19.96
2008,8,4,18,30,28.1,84,1073,1003,1003,84,1073,19.69
2008,8,4,19,30,28.700000000000003,84,1068,999,999,84,1068,19.44
2008,8,4,20,30,29,82,994,987,987,82,994,19.12
2008,8,4,21,30,28.8,77,856,964,964,77,856,19.18
2008,8,4,22,30,28,71,662,917,917,71,662,19.77
2008,8,4,23,30,26.5,61,432,831,831,61,432,21.35
2008,8,5,0,30,23.3,44,189,646,62,122,136,26.84
2008,8,5,1,30,20.200000000000003,0,0,0,0,0,0,41.25
2008,8,5,2,30,18.900000000000002,0,0,0,0,0,0,43.99
2008,8,5,3,30,17.900000000000002,0,0,0,0,0,0,46.910000000000004
2008,8,5,4,30,16.900000000000002,0,0,0,0,0,0,51.29
2008,8,5,5,30,15.9,0,0,0,0,0,0,56.32
2008,8,5,6,30,15.200000000000001,0,0,0,0,0,0,61.22
2008,8,5,7,30,14.700000000000001,0,0,0,0,0,0,66.44
2008,8,5,8,30,14.200000000000001,0,0,0,0,0,0,72.25
2008,8,5,9,30,13.700000000000001,0,0,0,0,0,0,77.68
2008,8,5,10,30,12.9,0,0,0,0,0,0,83.56
2008,8,5,11,30,12.3,0,0,0,0,0,0,87.52
2008,8,5,12,30,13.700000000000001,0,0,0,0,0,0,79.60000000000001
2008,8,5,13,30,17.1,48,198,635,635,48,198,61.27
2008,8,5,14,30,20.6,66,439,815,815,66,439,43.910000000000004
2008,8,5,15,30,23.200000000000003,78,667,899,899,78,667,37.230000000000004
2008,8,5,16,30,25.1,88,856,942,942,88,856,33.39
2008,8,5,17,30,26.3,94,989,963,963,94,989,31.27
2008,8,5,18,30,27,103,1056,967,967,103,1056,29.89
2008,8,5,19,30,27.200000000000003,107,1050,958,958,107,1050,29.19
2008,8,5,20,30,27.1,107,976,941,680,308,936,28.98
2008,8,5,21,30,26.6,99,838,915,3,335,337,29.51
2008,8,5,22,30,26,88,646,866,546,216,568,30.18
2008,8,5,23,30,24.900000000000002,73,418,774,4,114,115,31.470000000000002
2008,8,6,0,30,22.700000000000003,51,179,575,0,36,36,36.36
2008,8,6,1,30,20.700000000000003,0,0,0,0,0,0,49.11
2008,8,6,2,30,19.6,0,0,0,0,0,0,53.46
2008,8,6,3,30,18.6,0,0,0,0,0,0,56.65
2008,8,6,4,30,17.5,0,0,0,0,0,0,60.45
2008,8,6,5,30,16.1,0,0,0,0,0,0,66.15
2008,8,6,6,30,14.8,0,0,0,0,0,0,74
2008,8,6,7,30,13.700000000000001,0,0,0,0,0,0,83.48
2008,8,6,8,30,13,0,0,0,0,0,0,91.17
2008,8,6,9,30,12.5,0,0,0,0,0,0,96.28
2008,8,6,10,30,12.200000000000001,0,0,0,0,0,0,98.89
2008,8,6,11,30,12.100000000000001,0,0,0,0,0,0,98.96000000000001
2008,8,6,12,30,12.9,0,0,0,0,0,0,92.52
2008,8,6,13,30,15.600000000000001,49,194,617,3,100,100,77.60000000000001
2008,8,6,14,30,19.400000000000002,69,435,801,2,168,169,55.050000000000004
2008,8,6,15,30,22.5,82,662,887,8,288,294,40.13
2008,8,6,16,30,24.5,88,853,938,938,88,853,35.43
2008,8,6,17,30,25.700000000000003,92,988,966,966,92,988,32.86
2008,8,6,18,30,26.400000000000002,90,1056,980,851,161,1000,30.96
2008,8,6,19,30,26.900000000000002,89,1055,981,604,373,967,29.32
2008,8,6,20,30,27.200000000000003,84,982,973,336,485,795,28.32
2008,8,6,21,30,26.8,80,843,947,126,432,534,28.5
2008,8,6,22,30,26.1,72,649,899,262,289,457,29.46
2008,8,6,23,30,25,61,421,813,54,239,263,31.48
2008,8,7,0,30,23.1,43,181,622,0,34,34,36.09
2008,8,7,1,30,21.400000000000002,0,0,0,0,0,0,45.53
2008,8,7,2,30,20.5,0,0,0,0,0,0,48.93
2008,8,7,3,30,19.5,0,0,0,0,0,0,53.730000000000004
2008,8,7,4,30,18.3,0,0,0,0,0,0,60.56
2008,8,7,5,30,16.900000000000002,0,0,0,0,0,0,69.59
2008,8,7,6,30,15.700000000000001,0,0,0,0,0,0,78.5
2008,8,7,7,30,14.700000000000001,0,0,0,0,0,0,86.64
2008,8,7,8,30,14,0,0,0,0,0,0,92.31
2008,8,7,9,30,13.600000000000001,0,0,0,0,0,0,94.92
2008,8,7,10,30,13.3,0,0,0,0,0,0,95.64
2008,8,7,11,30,13,0,0,0,0,0,0,95.7
2008,8,7,12,30,13.600000000000001,0,0,0,0,0,0,90.12
2008,8,7,13,30,15.5,46,193,629,629,46,193,78.4
2008,8,7,14,30,18.5,63,432,810,810,63,432,62.300000000000004
2008,8,7,15,30,21.5,73,658,895,895,73,658,48.65
2008,8,7,16,30,23.5,81,845,938,938,81,845,41.83
2008,8,7,17,30,24.6,86,976,959,959,86,976,38.56
2008,8,7,18,30,25,107,1039,946,946,107,1039,37.43
2008,8,7,19,30,25.1,110,1036,942,571,391,952,37.35
2008,8,7,20,30,24.8,108,960,924,924,108,960,38.22
2008,8,7,21,30,24.1,101,823,897,897,101,823,40.26
2008,8,7,22,30,23.3,92,631,841,841,92,631,42.88
2008,8,7,23,30,22.3,77,403,738,738,77,403,46.46
2008,8,8,0,30,20.700000000000003,54,168,522,113,116,140,54.53
2008,8,8,1,30,19.400000000000002,0,0,0,0,0,0,68
2008,8,8,2,30,18.6,0,0,0,0,0,0,72.71000000000001
2008,8,8,3,30,17.8,0,0,0,0,0,0,76.37
2008,8,8,4,30,17,0,0,0,0,0,0,80.73
2008,8,8,5,30,16.2,0,0,0,0,0,0,85.84
2008,8,8,6,30,15.3,0,0,0,0,0,0,90.72
2008,8,8,7,30,14.600000000000001,0,0,0,0,0,0,94.41
2008,8,8,8,30,14.100000000000001,0,0,0,0,0,0,96.85000000000001
2008,8,8,9,30,13.5,0,0,0,0,0,0,99.67
2008,8,8,10,30,13.200000000000001,0,0,0,0,0,0,100
2008,8,8,11,30,13.3,0,0,0,0,0,0,99.22
2008,8,8,12,30,14.4,0,0,0,0,0,0,92.82000000000001
2008,8,8,13,30,16.7,49,187,594,0,47,47,82.45
2008,8,8,14,30,19.3,63,427,800,46,239,260,68.82000000000001
2008,8,8,15,30,21.200000000000003,72,653,891,100,354,419,56.22
2008,8,8,16,30,22.3,80,840,934,934,80,840,49.54
2008,8,8,17,30,22.900000000000002,87,971,954,539,376,875,46.43
2008,8,8,18,30,23.3,91,1039,963,1,183,184,44.7
2008,8,8,19,30,23.1,93,1036,960,5,322,327,45.07
2008,8,8,20,30,22.5,92,961,944,16,379,394,47.230000000000004
2008,8,8,21,30,21.8,82,825,923,630,178,684,50.29
2008,8,8,22,30,20.900000000000002,76,633,870,320,274,479,54.4
2008,8,8,23,30,20,66,406,772,412,166,347,59.49
2008,8,9,0,30,18.8,47,170,569,11,77,80,69.10000000000001
2008,8,9,1,30,17.8,0,0,0,0,0,0,80.66
2008,8,9,2,30,17,0,0,0,0,0,0,85.64
2008,8,9,3,30,16.3,0,0,0,0,0,0,88.08
2008,8,9,4,30,15.600000000000001,0,0,0,0,0,0,91.11
2008,8,9,5,30,15.100000000000001,0,0,0,0,0,0,93.54
2008,8,9,6,30,14.700000000000001,0,0,0,0,0,0,95.31
2008,8,9,7,30,14.3,0,0,0,0,0,0,97
2008,8,9,8,30,14,0,0,0,0,0,0,98.46000000000001
2008,8,9,9,30,13.4,0,0,0,0,0,0,100
2008,8,9,10,30,12.9,0,0,0,0,0,0,100
2008,8,9,11,30,12.600000000000001,0,0,0,0,0,0,100
2008,8,9,12,30,13.600000000000001,0,0,0,0,0,0,95.39
2008,8,9,13,30,16.3,43,193,645,18,120,124,82.53
2008,8,9,14,30,19.900000000000002,60,434,825,825,60,434,61.24
2008,8,9,15,30,23,69,661,909,909,69,661,41.02
2008,8,9,16,30,25.1,76,851,953,953,76,851,32.9
2008,8,9,17,30,26.6,80,988,980,980,80,988,28.650000000000002
2008,8,9,18,30,27.700000000000003,85,1057,988,535,416,943,25.6
2008,8,9,19,30,28.400000000000002,86,1054,986,0,277,277,23.46
2008,8,9,20,30,28.700000000000003,85,979,972,3,386,388,22.21
2008,8,9,21,30,28.5,79,840,947,189,451,603,21.75
2008,8,9,22,30,27.8,73,647,900,900,73,647,22.16
2008,8,9,23,30,26.200000000000003,63,415,805,805,63,415,24.310000000000002
2008,8,10,0,30,23.3,44,174,606,0,4,4,35.730000000000004
2008,8,10,1,30,20.8,0,0,0,0,0,0,52.550000000000004
2008,8,10,2,30,19.6,0,0,0,0,0,0,55.85
2008,8,10,3,30,18.7,0,0,0,0,0,0,60.160000000000004
2008,8,10,4,30,17.7,0,0,0,0,0,0,65.86
2008,8,10,5,30,16.900000000000002,0,0,0,0,0,0,71.29
2008,8,10,6,30,16.1,0,0,0,0,0,0,78
2008,8,10,7,30,15.4,0,0,0,0,0,0,85.08
2008,8,10,8,30,15,0,0,0,0,0,0,90.44
2008,8,10,9,30,14.600000000000001,0,0,0,0,0,0,94.66
2008,8,10,10,30,14.3,0,0,0,0,0,0,96.81
2008,8,10,11,30,14.100000000000001,0,0,0,0,0,0,97.71000000000001
2008,8,10,12,30,15.200000000000001,0,0,0,0,0,0,90.57000000000001
2008,8,10,13,30,18.3,44,191,636,636,44,191,75.04
2008,8,10,14,30,21.8,59,433,826,826,59,433,56.67
2008,8,10,15,30,24.5,68,661,911,911,68,661,41.45
2008,8,10,16,30,26.400000000000002,76,851,953,953,76,851,33.65
2008,8,10,17,30,27.5,82,985,975,975,82,985,30.68
2008,8,10,18,30,28.1,92,1052,976,976,92,1052,29.42
2008,8,10,19,30,28.400000000000002,94,1049,973,973,94,1049,28.77
2008,8,10,20,30,28.400000000000002,92,974,960,960,92,974,28.85
2008,8,10,21,30,28,85,832,933,933,85,832,29.39
2008,8,10,22,30,27.200000000000003,79,638,878,401,253,508,30.3
2008,8,10,23,30,25.900000000000002,67,408,782,0,19,19,32.54
2008,8,11,0,30,24,47,168,574,282,97,156,39.49
2008,8,11,1,30,21.900000000000002,0,0,0,0,0,0,58.59
2008,8,11,2,30,20.5,0,0,0,0,0,0,67.2
2008,8,11,3,30,19.400000000000002,0,0,0,0,0,0,69.29
2008,8,11,4,30,18.400000000000002,0,0,0,0,0,0,72.85000000000001
2008,8,11,5,30,17.400000000000002,0,0,0,0,0,0,78.04
2008,8,11,6,30,16.6,0,0,0,0,0,0,83.39
2008,8,11,7,30,15.8,0,0,0,0,0,0,88.49
2008,8,11,8,30,15,0,0,0,0,0,0,93.04
2008,8,11,9,30,14.4,0,0,0,0,0,0,96.06
2008,8,11,10,30,14,0,0,0,0,0,0,97.77
2008,8,11,11,30,13.9,0,0,0,0,0,0,97.41
2008,8,11,12,30,15.3,0,0,0,0,0,0,88.28
2008,8,11,13,30,18.6,45,188,622,622,45,188,72.46000000000001
2008,8,11,14,30,22.3,63,427,806,806,63,427,53.94
2008,8,11,15,30,24.700000000000003,74,655,894,894,74,655,43.88
2008,8,11,16,30,26.200000000000003,82,844,939,939,82,844,38.35
2008,8,11,17,30,27.5,89,981,963,963,89,981,33.51
2008,8,11,18,30,28.5,92,1049,974,974,92,1049,30.09
2008,8,11,19,30,29.3,94,1048,973,740,269,994,27.560000000000002
2008,8,11,20,30,29.6,94,972,957,957,94,972,26.12
2008,8,11,21,30,29.5,87,832,931,485,354,741,25.650000000000002
2008,8,11,22,30,28.900000000000002,81,637,877,628,187,585,26.02
2008,8,11,23,30,27.400000000000002,68,406,782,762,64,394,28.12
2008,8,12,0,30,24.900000000000002,47,167,574,468,37,135,38.69
2008,8,12,1,30,22.900000000000002,0,0,0,0,0,0,52.54
2008,8,12,2,30,21.900000000000002,0,0,0,0,0,0,54.64
2008,8,12,3,30,21,0,0,0,0,0,0,56.92
2008,8,12,4,30,20.1,0,0,0,0,0,0,60.28
2008,8,12,5,30,19.200000000000003,0,0,0,0,0,0,63.730000000000004
2008,8,12,6,30,18.1,0,0,0,0,0,0,67.49
2008,8,12,7,30,17.1,0,0,0,0,0,0,70.47
2008,8,12,8,30,16.5,0,0,0,0,0,0,72.93
2008,8,12,9,30,16,0,0,0,0,0,0,76.3
2008,8,12,10,30,15.4,0,0,0,0,0,0,80.72
2008,8,12,11,30,15.100000000000001,0,0,0,0,0,0,85.12
2008,8,12,12,30,16,0,0,0,0,0,0,83.74
2008,8,12,13,30,18.6,47,188,618,3,106,107,76
2008,8,12,14,30,22,64,430,811,330,212,361,58.58
2008,8,12,15,30,25.1,75,659,899,899,75,659,38.46
2008,8,12,16,30,27.200000000000003,81,850,948,504,351,760,31.68
2008,8,12,17,30,28.3,87,986,972,972,87,986,29.28
2008,8,12,18,30,29.200000000000003,95,1053,975,278,545,818,27.05
2008,8,12,19,30,29.8,99,1048,969,969,99,1048,25.740000000000002
2008,8,12,20,30,29.900000000000002,100,972,951,205,517,705,25.23
2008,8,12,21,30,29.5,93,829,922,428,319,661,25.43
2008,8,12,22,30,28.5,86,633,865,29,251,269,26.88
2008,8,12,23,30,26.900000000000002,73,401,763,763,73,401,29.93
2008,8,13,0,30,24.6,49,162,543,125,108,134,38.39
2008,8,13,1,30,22.700000000000003,0,0,0,0,0,0,53.24
2008,8,13,2,30,21.8,0,0,0,0,0,0,58.550000000000004
2008,8,13,3,30,21.1,0,0,0,0,0,0,62.74
2008,8,13,4,30,20.3,0,0,0,0,0,0,67.75
2008,8,13,5,30,19.400000000000002,0,0,0,0,0,0,72.26
2008,8,13,6,30,18.5,0,0,0,0,0,0,75.52
2008,8,13,7,30,17.5,0,0,0,0,0,0,79.55
2008,8,13,8,30,16.6,0,0,0,0,0,0,84.18
2008,8,13,9,30,15.9,0,0,0,0,0,0,88.64
2008,8,13,10,30,15.4,0,0,0,0,0,0,92.68
2008,8,13,11,30,15.100000000000001,0,0,0,0,0,0,95.63
2008,8,13,12,30,16.2,0,0,0,0,0,0,89.98
2008,8,13,13,30,18.8,51,182,578,578,51,182,78.66
2008,8,13,14,30,21.8,73,421,775,775,73,421,62.35
2008,8,13,15,30,24.200000000000003,86,649,867,867,86,649,45.410000000000004
2008,8,13,16,30,25.8,95,839,917,917,95,839,38.4
2008,8,13,17,30,26.8,103,973,942,942,103,973,35.14
2008,8,13,18,30,27.400000000000002,101,1043,961,961,101,1043,33.05
2008,8,13,19,30,27.400000000000002,105,1038,954,954,105,1038,32.480000000000004
2008,8,13,20,30,27.200000000000003,104,960,935,935,104,960,32.61
2008,8,13,21,30,26.700000000000003,104,817,895,26,330,351,33.57
2008,8,13,22,30,25.700000000000003,99,620,826,371,306,540,35.87
2008,8,13,23,30,24,86,388,704,704,86,388,41.2
2008,8,14,0,30,21.900000000000002,58,151,454,0,50,50,52.17
2008,8,14,1,30,20.3,0,0,0,0,0,0,63.36
2008,8,14,2,30,19.200000000000003,0,0,0,0,0,0,71.97
2008,8,14,3,30,18.400000000000002,0,0,0,0,0,0,78.95
2008,8,14,4,30,17.8,0,0,0,0,0,0,83.99
2008,8,14,5,30,17.3,0,0,0,0,0,0,85.3
2008,8,14,6,30,16.8,0,0,0,0,0,0,87.62
2008,8,14,7,30,16.400000000000002,0,0,0,0,0,0,89.63
2008,8,14,8,30,16,0,0,0,0,0,0,92.21000000000001
2008,8,14,9,30,15.8,0,0,0,0,0,0,94.14
2008,8,14,10,30,15.600000000000001,0,0,0,0,0,0,95.63
2008,8,14,11,30,15.5,0,0,0,0,0,0,95.62
2008,8,14,12,30,15.600000000000001,0,0,0,0,0,0,93.81
2008,8,14,13,30,16.400000000000002,71,167,427,0,6,6,86.9
2008,8,14,14,30,18,103,401,664,0,17,17,70.93
2008,8,14,15,30,20.200000000000003,119,630,788,102,367,433,53.17
2008,8,14,16,30,22.400000000000002,125,823,862,862,125,823,41.27
2008,8,14,17,30,24.1,127,960,902,376,474,821,36.33
2008,8,14,18,30,25.3,125,1032,925,925,125,1032,33.7
2008,8,14,19,30,26.200000000000003,123,1029,926,926,123,1029,31.900000000000002
2008,8,14,20,30,26.8,119,956,916,916,119,956,30.6
2008,8,14,21,30,26.700000000000003,102,818,901,901,102,818,30.57
2008,8,14,22,30,26.200000000000003,90,623,848,848,90,623,31.150000000000002
2008,8,14,23,30,24.900000000000002,76,393,744,744,76,393,33.71
2008,8,15,0,30,22.700000000000003,51,155,516,516,51,155,45.26
2008,8,15,1,30,21,0,0,0,0,0,0,60.64
2008,8,15,2,30,20,0,0,0,0,0,0,63.99
2008,8,15,3,30,19.200000000000003,0,0,0,0,0,0,67.42
2008,8,15,4,30,18.3,0,0,0,0,0,0,71.52
2008,8,15,5,30,17.2,0,0,0,0,0,0,76.91
2008,8,15,6,30,16.1,0,0,0,0,0,0,82.95
2008,8,15,7,30,15.3,0,0,0,0,0,0,88.41
2008,8,15,8,30,14.8,0,0,0,0,0,0,93.14
2008,8,15,9,30,14.4,0,0,0,0,0,0,97.26
2008,8,15,10,30,14.200000000000001,0,0,0,0,0,0,99.39
2008,8,15,11,30,14.100000000000001,0,0,0,0,0,0,100
2008,8,15,12,30,15.100000000000001,0,0,0,0,0,0,94.36
2008,8,15,13,30,17.7,50,180,579,149,113,147,82.89
2008,8,15,14,30,20.8,70,419,780,780,70,419,66.27
2008,8,15,15,30,23.5,84,647,870,870,84,647,51.46
2008,8,15,16,30,25.3,94,836,916,916,94,836,44.43
2008,8,15,17,30,26,104,968,937,937,104,968,41.95
2008,8,15,18,30,26,113,1031,938,938,113,1031,41.53
2008,8,15,19,30,25.3,117,1024,928,928,117,1024,43.85
2008,8,15,20,30,24.3,115,946,910,910,115,946,48.08
2008,8,15,21,30,23.1,98,809,896,896,98,809,53.45
2008,8,15,22,30,22,83,617,851,0,38,38,58.2
2008,8,15,23,30,20.900000000000002,66,390,765,16,154,160,62.65
2008,8,16,0,30,19,42,155,566,9,75,77,71.42
2008,8,16,1,30,17.3,0,0,0,0,0,0,83.31
2008,8,16,2,30,16.3,0,0,0,0,0,0,87.84
2008,8,16,3,30,15.600000000000001,0,0,0,0,0,0,89.37
2008,8,16,4,30,15,0,0,0,0,0,0,89.92
2008,8,16,5,30,14.5,0,0,0,0,0,0,89.96000000000001
2008,8,16,6,30,14.100000000000001,0,0,0,0,0,0,89.4
2008,8,16,7,30,13.600000000000001,0,0,0,0,0,0,89.9
2008,8,16,8,30,13.100000000000001,0,0,0,0,0,0,90.95
2008,8,16,9,30,12.700000000000001,0,0,0,0,0,0,91.73
2008,8,16,10,30,12.200000000000001,0,0,0,0,0,0,93.22
2008,8,16,11,30,11.9,0,0,0,0,0,0,93.84
2008,8,16,12,30,13.200000000000001,0,0,0,0,0,0,86.32000000000001
2008,8,16,13,30,16.1,51,181,579,132,116,145,77.38
2008,8,16,14,30,19.700000000000003,72,424,787,787,72,424,60.09
2008,8,16,15,30,23.1,85,655,881,439,295,579,41.39
2008,8,16,16,30,25.6,93,847,932,526,346,772,31.46
2008,8,16,17,30,27.200000000000003,98,980,958,958,98,980,28.17
2008,8,16,18,30,28.200000000000003,99,1049,971,584,389,961,27.13
2008,8,16,19,30,28.700000000000003,100,1042,966,966,100,1042,26.98
2008,8,16,20,30,28.6,99,962,948,948,99,962,27.78
2008,8,16,21,30,28,94,820,917,917,94,820,29.29
2008,8,16,22,30,27.1,84,622,862,862,84,622,31.41
2008,8,16,23,30,25.5,69,390,762,517,129,347,35.61
2008,8,17,0,30,23.200000000000003,45,151,538,17,83,86,46.83
2008,8,17,1,30,21.3,0,0,0,0,0,0,61.86
2008,8,17,2,30,20.3,0,0,0,0,0,0,68.05
2008,8,17,3,30,19.3,0,0,0,0,0,0,74.12
2008,8,17,4,30,18.400000000000002,0,0,0,0,0,0,78.92
2008,8,17,5,30,17.400000000000002,0,0,0,0,0,0,82.7
2008,8,17,6,30,16.400000000000002,0,0,0,0,0,0,85.06
2008,8,17,7,30,15.5,0,0,0,0,0,0,88
2008,8,17,8,30,14.9,0,0,0,0,0,0,92.44
2008,8,17,9,30,14.3,0,0,0,0,0,0,97.18
2008,8,17,10,30,13.8,0,0,0,0,0,0,99.55
2008,8,17,11,30,13.5,0,0,0,0,0,0,99.8
2008,8,17,12,30,14.100000000000001,0,0,0,0,0,0,94.51
2008,8,17,13,30,16.1,48,180,594,3,94,95,83.41
2008,8,17,14,30,19.200000000000003,67,423,798,0,109,109,65.72
2008,8,17,15,30,22.400000000000002,78,653,890,56,314,351,46.56
2008,8,17,16,30,24.900000000000002,86,844,939,318,424,681,35.75
2008,8,17,17,30,26.700000000000003,91,980,965,965,91,980,30.42
2008,8,17,18,30,28,95,1047,974,974,95,1047,27.7
2008,8,17,19,30,28.8,94,1043,974,974,94,1043,26.080000000000002
2008,8,17,20,30,29.1,92,966,961,961,92,966,25.23
2008,8,17,21,30,28.900000000000002,88,820,927,927,88,820,25.14
2008,8,17,22,30,28.200000000000003,81,623,870,870,81,623,25.86
2008,8,17,23,30,26.700000000000003,69,388,762,762,69,388,28.3
2008,8,18,0,30,24.200000000000003,46,148,529,529,46,148,39.81
2008,8,18,1,30,22.200000000000003,0,0,0,0,0,0,57.08
2008,8,18,2,30,21.3,0,0,0,0,0,0,63.1
2008,8,18,3,30,20.5,0,0,0,0,0,0,69.66
2008,8,18,4,30,19.5,0,0,0,0,0,0,75.95
2008,8,18,5,30,18.400000000000002,0,0,0,0,0,0,80.73
2008,8,18,6,30,17.5,0,0,0,0,0,0,84.5
2008,8,18,7,30,16.8,0,0,0,0,0,0,88.4
2008,8,18,8,30,16.1,0,0,0,0,0,0,92.3
2008,8,18,9,30,15.5,0,0,0,0,0,0,94.45
2008,8,18,10,30,15.100000000000001,0,0,0,0,0,0,96.05
2008,8,18,11,30,14.8,0,0,0,0,0,0,97.21000000000001
2008,8,18,12,30,15.700000000000001,0,0,0,0,0,0,91.85000000000001
2008,8,18,13,30,17.900000000000002,46,176,589,163,106,142,82.8
2008,8,18,14,30,20.200000000000003,66,414,782,409,192,375,72.59
2008,8,18,15,30,22,78,640,870,506,219,545,62.65
2008,8,18,16,30,23.200000000000003,88,826,914,914,88,826,55.59
2008,8,18,17,30,23.5,99,958,934,934,99,958,52.5
2008,8,18,18,30,23.3,99,1024,947,947,99,1024,52.24
2008,8,18,19,30,22.6,101,1017,941,346,413,750,54.53
2008,8,18,20,30,22,98,940,927,103,398,492,57.36
2008,8,18,21,30,21.6,92,799,897,1,159,160,59.76
2008,8,18,22,30,21,83,605,843,0,93,93,62.81
2008,8,18,23,30,20.1,68,377,741,18,156,163,68.18
2008,8,19,0,30,18.900000000000002,44,143,519,4,59,60,78.53
2008,8,19,1,30,17.900000000000002,0,0,0,0,0,0,87.31
2008,8,19,2,30,17.2,0,0,0,0,0,0,91.72
2008,8,19,3,30,16.6,0,0,0,0,0,0,95.4
2008,8,19,4,30,16.1,0,0,0,0,0,0,98.35000000000001
2008,8,19,5,30,15.8,0,0,0,0,0,0,99.69
2008,8,19,6,30,15.600000000000001,0,0,0,0,0,0,100
2008,8,19,7,30,15.4,0,0,0,0,0,0,100
2008,8,19,8,30,15.200000000000001,0,0,0,0,0,0,100
2008,8,19,9,30,15,0,0,0,0,0,0,100
2008,8,19,10,30,14.700000000000001,0,0,0,0,0,0,100
2008,8,19,11,30,14.5,0,0,0,0,0,0,100
2008,8,19,12,30,15,0,0,0,0,0,0,96.72
2008,8,19,13,30,16.5,47,174,578,1,64,64,89.82000000000001
2008,8,19,14,30,18.3,67,413,779,1,140,140,80.22
2008,8,19,15,30,20.200000000000003,78,640,873,0,184,185,68.51
2008,8,19,16,30,22,86,829,921,34,390,417,56.85
2008,8,19,17,30,23.400000000000002,95,964,945,1,281,281,49.09
2008,8,19,18,30,24.400000000000002,103,1029,949,83,460,541,43.95
2008,8,19,19,30,25,105,1024,946,7,324,331,41.410000000000004
2008,8,19,20,30,25,103,946,929,139,443,569,40.68
2008,8,19,21,30,24.6,99,803,896,19,310,325,40.93
2008,8,19,22,30,23.6,89,607,838,135,277,360,42.74
2008,8,19,23,30,22.200000000000003,72,376,736,14,140,146,46.36
2008,8,20,0,30,20.200000000000003,45,141,511,3,52,53,56.27
2008,8,20,1,30,18.6,0,0,0,0,0,0,66.87
2008,8,20,2,30,17.6,0,0,0,0,0,0,71.2
2008,8,20,3,30,16.900000000000002,0,0,0,0,0,0,75.28
2008,8,20,4,30,16.3,0,0,0,0,0,0,79.54
2008,8,20,5,30,15.600000000000001,0,0,0,0,0,0,85.04
2008,8,20,6,30,15,0,0,0,0,0,0,90.48
2008,8,20,7,30,14.4,0,0,0,0,0,0,95.79
2008,8,20,8,30,13.700000000000001,0,0,0,0,0,0,100
2008,8,20,9,30,13.3,0,0,0,0,0,0,100
2008,8,20,10,30,13,0,0,0,0,0,0,100
2008,8,20,11,30,13.100000000000001,0,0,0,0,0,0,100
2008,8,20,12,30,14.200000000000001,0,0,0,0,0,0,96.65
2008,8,20,13,30,16.3,48,173,571,571,48,173,87.39
2008,8,20,14,30,18.6,66,414,785,80,245,280,74.78
2008,8,20,15,30,20.6,76,643,881,90,349,406,61.910000000000004
2008,8,20,16,30,22.1,85,832,927,235,441,631,52.7
2008,8,20,17,30,23.5,89,966,954,20,442,460,47.36
2008,8,20,18,30,24.8,90,1036,970,970,90,1036,43.52
2008,8,20,19,30,25.5,88,1031,971,971,88,1031,41.27
2008,8,20,20,30,25.6,85,953,960,960,85,953,40.62
2008,8,20,21,30,25.1,93,803,906,906,93,803,41.69
2008,8,20,22,30,24.3,85,606,846,846,85,606,43.95
2008,8,20,23,30,23.1,71,374,736,98,228,269,47.69
2008,8,21,0,30,21.3,47,136,487,0,3,3,58.050000000000004
2008,8,21,1,30,20.1,0,0,0,0,0,0,72.71000000000001
2008,8,21,2,30,19.400000000000002,0,0,0,0,0,0,76.04
2008,8,21,3,30,18.7,0,0,0,0,0,0,79.3
2008,8,21,4,30,17.900000000000002,0,0,0,0,0,0,82.71000000000001
2008,8,21,5,30,17.2,0,0,0,0,0,0,85.57000000000001
2008,8,21,6,30,16.5,0,0,0,0,0,0,89.18
2008,8,21,7,30,15.700000000000001,0,0,0,0,0,0,93.67
2008,8,21,8,30,15,0,0,0,0,0,0,97.09
2008,8,21,9,30,14.600000000000001,0,0,0,0,0,0,98.57000000000001
2008,8,21,10,30,14.5,0,0,0,0,0,0,98.60000000000001
2008,8,21,11,30,14.200000000000001,0,0,0,0,0,0,99.51
2008,8,21,12,30,14.3,0,0,0,0,0,0,96.91
2008,8,21,13,30,15.3,51,171,551,0,48,48,89.51
2008,8,21,14,30,17.6,71,411,769,0,97,97,77.39
2008,8,21,15,30,20.3,81,642,873,0,200,200,64.28
2008,8,21,16,30,22.400000000000002,85,833,929,0,96,96,54.14
2008,8,21,17,30,23.6,89,966,955,0,174,174,48.94
2008,8,21,18,30,24.1,101,1028,952,0,134,134,46.18
2008,8,21,19,30,23.8,103,1022,948,29,480,508,46.160000000000004
2008,8,21,20,30,23.1,100,942,931,187,500,669,48.22
2008,8,21,21,30,22.1,93,797,899,280,416,634,52.68
2008,8,21,22,30,20.900000000000002,84,599,839,839,84,599,58.44
2008,8,21,23,30,19.400000000000002,72,366,722,140,206,263,66.83
2008,8,22,0,30,18.1,47,131,461,34,89,96,76.18
2008,8,22,1,30,17.2,0,0,0,0,0,0,83.89
2008,8,22,2,30,16.7,0,0,0,0,0,0,88.66
2008,8,22,3,30,16.5,0,0,0,0,0,0,90.96000000000001
2008,8,22,4,30,16.3,0,0,0,0,0,0,93.04
2008,8,22,5,30,16.1,0,0,0,0,0,0,94.76
2008,8,22,6,30,15.9,0,0,0,0,0,0,96.05
2008,8,22,7,30,15.5,0,0,0,0,0,0,98.65
2008,8,22,8,30,15,0,0,0,0,0,0,99.98
2008,8,22,9,30,14.4,0,0,0,0,0,0,100
2008,8,22,10,30,14,0,0,0,0,0,0,100
2008,8,22,11,30,13.700000000000001,0,0,0,0,0,0,100
2008,8,22,12,30,14.3,0,0,0,0,0,0,96.23
2008,8,22,13,30,16,47,171,573,573,47,171,87.88
2008,8,22,14,30,18.5,66,412,784,89,244,284,74.18
2008,8,22,15,30,21.1,76,640,880,880,76,640,58.72
2008,8,22,16,30,23.1,82,830,931,129,432,535,48.75
2008,8,22,17,30,24.400000000000002,84,964,960,2,370,372,43.76
2008,8,22,18,30,25.1,85,1031,974,974,85,1031,41.65
2008,8,22,19,30,25.3,84,1025,973,1,361,363,41.39
2008,8,22,20,30,24.900000000000002,82,946,958,338,359,665,42.92
2008,8,22,21,30,24.200000000000003,86,799,913,335,336,598,45.31
2008,8,22,22,30,23.200000000000003,77,601,857,608,171,542,48.96
2008,8,22,23,30,21.700000000000003,64,368,750,6,114,116,55.21
2008,8,23,0,30,20.1,42,132,507,44,88,96,66.32000000000001
2008,8,23,1,30,18.900000000000002,0,0,0,0,0,0,79.46000000000001
2008,8,23,2,30,18.2,0,0,0,0,0,0,82.41
2008,8,23,3,30,17.6,0,0,0,0,0,0,86.56
2008,8,23,4,30,17.2,0,0,0,0,0,0,89.46000000000001
2008,8,23,5,30,16.8,0,0,0,0,0,0,92.60000000000001
2008,8,23,6,30,16.400000000000002,0,0,0,0,0,0,96.71000000000001
2008,8,23,7,30,16,0,0,0,0,0,0,97.8
2008,8,23,8,30,15.5,0,0,0,0,0,0,97.78
2008,8,23,9,30,15,0,0,0,0,0,0,99.65
2008,8,23,10,30,14.5,0,0,0,0,0,0,100
2008,8,23,11,30,14.200000000000001,0,0,0,0,0,0,100
2008,8,23,12,30,15,0,0,0,0,0,0,96.46000000000001
2008,8,23,13,30,16.900000000000002,49,167,547,41,103,112,88.47
2008,8,23,14,30,19,71,406,759,31,223,237,76.38
2008,8,23,15,30,20.700000000000003,87,632,850,850,87,632,62.57
2008,8,23,16,30,21.900000000000002,97,821,901,259,435,644,54.88
2008,8,23,17,30,22.700000000000003,100,955,933,933,100,955,51.04
2008,8,23,18,30,23.400000000000002,101,1020,946,946,101,1020,48.64
2008,8,23,19,30,23.8,102,1013,944,944,102,1013,47.44
2008,8,23,20,30,23.8,101,934,925,925,101,934,47.68
2008,8,23,21,30,23.1,99,787,885,885,99,787,49.910000000000004
2008,8,23,22,30,21.900000000000002,91,589,819,662,171,574,54.34
2008,8,23,23,30,20.6,77,357,698,370,154,303,60.36
2008,8,24,0,30,19.3,48,123,432,432,48,123,68.06
2008,8,24,1,30,18.3,0,0,0,0,0,0,77.92
2008,8,24,2,30,17.7,0,0,0,0,0,0,82.43
2008,8,24,3,30,17.1,0,0,0,0,0,0,88.35000000000001
2008,8,24,4,30,16.400000000000002,0,0,0,0,0,0,91.53
2008,8,24,5,30,15.9,0,0,0,0,0,0,92.5
2008,8,24,6,30,15.4,0,0,0,0,0,0,94.24
2008,8,24,7,30,14.9,0,0,0,0,0,0,96.04
2008,8,24,8,30,14.600000000000001,0,0,0,0,0,0,97.10000000000001
2008,8,24,9,30,14.5,0,0,0,0,0,0,98.06
2008,8,24,10,30,14.3,0,0,0,0,0,0,98.78
2008,8,24,11,30,14.200000000000001,0,0,0,0,0,0,98.37
2008,8,24,12,30,14.8,0,0,0,0,0,0,94.34
2008,8,24,13,30,16.7,42,171,600,1,67,67,86.67
2008,8,24,14,30,19.1,60,411,797,331,168,314,74.83
2008,8,24,15,30,21.400000000000002,71,637,884,884,71,637,61.1
2008,8,24,16,30,22.8,79,825,930,313,340,592,53.9
2008,8,24,17,30,23.400000000000002,85,958,954,0,62,62,50.57
2008,8,24,18,30,23.5,87,1022,963,25,401,425,49.72
2008,8,24,19,30,23,89,1015,959,437,356,778,51.36
2008,8,24,20,30,22.200000000000003,88,934,942,1,294,295,54.660000000000004
2008,8,24,21,30,21.3,111,779,861,303,342,577,58.83
2008,8,24,22,30,20.3,99,581,796,522,190,506,64.33
2008,8,24,23,30,19.1,79,352,684,70,197,225,72.07000000000001
2008,8,25,0,30,17.900000000000002,47,121,434,5,59,60,82.3
2008,8,25,1,30,17.1,0,0,0,0,0,0,89.98
2008,8,25,2,30,16.7,0,0,0,0,0,0,93.37
2008,8,25,3,30,16.5,0,0,0,0,0,0,95.3
2008,8,25,4,30,16.400000000000002,0,0,0,0,0,0,96.28
2008,8,25,5,30,16.3,0,0,0,0,0,0,97.16
2008,8,25,6,30,16.1,0,0,0,0,0,0,98.14
2008,8,25,7,30,15.9,0,0,0,0,0,0,98.77
2008,8,25,8,30,15.700000000000001,0,0,0,0,0,0,98.91
2008,8,25,9,30,15.4,0,0,0,0,0,0,99.09
2008,8,25,10,30,15,0,0,0,0,0,0,99.35000000000001
2008,8,25,11,30,14.700000000000001,0,0,0,0,0,0,98.52
2008,8,25,12,30,14.600000000000001,0,0,0,0,0,0,96.37
2008,8,25,13,30,15.5,38,173,630,2,49,50,89.47
2008,8,25,14,30,17.5,53,413,822,204,196,285,77.17
2008,8,25,15,30,20.200000000000003,61,641,907,210,267,401,62.08
2008,8,25,16,30,22.5,66,829,952,140,428,541,51.36
2008,8,25,17,30,23.5,70,960,974,1,304,305,48.82
2008,8,25,18,30,23.5,75,1026,981,19,460,479,49.28
2008,8,25,19,30,22.900000000000002,75,1017,977,551,303,834,51.68
2008,8,25,20,30,21.8,74,936,961,0,254,254,56.31
2008,8,25,21,30,20.8,70,792,933,287,349,571,61.61
2008,8,25,22,30,20,63,595,882,3,149,151,66.72
2008,8,25,23,30,19.200000000000003,52,364,787,3,93,95,71.91
2008,8,26,0,30,17.900000000000002,34,127,555,0,24,24,83.44
2008,8,26,1,30,16.7,0,0,0,0,0,0,95.10000000000001
2008,8,26,2,30,15.9,0,0,0,0,0,0,96.86
2008,8,26,3,30,15.3,0,0,0,0,0,0,97.9
2008,8,26,4,30,14.8,0,0,0,0,0,0,98.93
2008,8,26,5,30,14.5,0,0,0,0,0,0,99.74000000000001
2008,8,26,6,30,14.4,0,0,0,0,0,0,100
2008,8,26,7,30,14.200000000000001,0,0,0,0,0,0,100
2008,8,26,8,30,14,0,0,0,0,0,0,100
2008,8,26,9,30,14,0,0,0,0,0,0,100
2008,8,26,10,30,14,0,0,0,0,0,0,100
2008,8,26,11,30,14.100000000000001,0,0,0,0,0,0,100
2008,8,26,12,30,14.600000000000001,0,0,0,0,0,0,96.84
2008,8,26,13,30,15.600000000000001,41,168,598,4,89,90,91.73
2008,8,26,14,30,16.900000000000002,58,406,794,0,101,101,86.02
2008,8,26,15,30,18.5,67,634,888,440,229,510,77.44
2008,8,26,16,30,19.900000000000002,72,823,937,0,208,208,68.68
2008,8,26,17,30,20.6,76,957,965,965,76,957,63.940000000000005
2008,8,26,18,30,20.8,83,1021,969,581,289,851,62.550000000000004
2008,8,26,19,30,20.8,83,1014,968,473,335,789,62.06
2008,8,26,20,30,20.6,81,934,954,15,382,396,62.38
2008,8,26,21,30,20.5,77,789,923,1,172,173,62.660000000000004
2008,8,26,22,30,20.200000000000003,70,590,867,30,241,259,64
2008,8,26,23,30,19.400000000000002,59,358,761,7,116,118,68.66
2008,8,27,0,30,18.1,38,121,509,6,63,64,82.29
2008,8,27,1,30,17.1,0,0,0,0,0,0,91.29
2008,8,27,2,30,16.6,0,0,0,0,0,0,92.94
2008,8,27,3,30,16.1,0,0,0,0,0,0,94.58
2008,8,27,4,30,15.5,0,0,0,0,0,0,96.17
2008,8,27,5,30,15.100000000000001,0,0,0,0,0,0,96.4
2008,8,27,6,30,14.700000000000001,0,0,0,0,0,0,97.21000000000001
2008,8,27,7,30,14.200000000000001,0,0,0,0,0,0,98.77
2008,8,27,8,30,13.600000000000001,0,0,0,0,0,0,100
2008,8,27,9,30,13.200000000000001,0,0,0,0,0,0,100
2008,8,27,10,30,12.9,0,0,0,0,0,0,100
2008,8,27,11,30,12.8,0,0,0,0,0,0,100
2008,8,27,12,30,13.700000000000001,0,0,0,0,0,0,96.38
2008,8,27,13,30,15.700000000000001,56,160,491,9,102,104,90.01
2008,8,27,14,30,18.1,84,397,717,717,84,397,79.55
2008,8,27,15,30,20.5,102,623,817,112,358,429,66.98
2008,8,27,16,30,22.6,116,811,870,208,449,615,56.64
2008,8,27,17,30,23.900000000000002,123,943,899,65,462,521,51.38
2008,8,27,18,30,24.400000000000002,130,1006,906,401,480,868,49.47
2008,8,27,19,30,24.3,132,995,900,431,460,874,49.38
2008,8,27,20,30,23.6,130,914,879,148,447,579,51.52
2008,8,27,21,30,22.400000000000002,128,765,828,207,355,515,56.63
2008,8,27,22,30,21,118,564,746,0,61,61,63.64
2008,8,27,23,30,19.6,97,332,602,1,85,86,72.25
2008,8,28,0,30,18.400000000000002,55,105,315,0,29,29,82.43
2008,8,28,1,30,17.6,0,0,0,0,0,0,89.95
2008,8,28,2,30,17.1,0,0,0,0,0,0,93.86
2008,8,28,3,30,16.8,0,0,0,0,0,0,95.81
2008,8,28,4,30,16.400000000000002,0,0,0,0,0,0,97.94
2008,8,28,5,30,16.1,0,0,0,0,0,0,98.89
2008,8,28,6,30,15.8,0,0,0,0,0,0,99.3
2008,8,28,7,30,15.3,0,0,0,0,0,0,99.65
2008,8,28,8,30,14.8,0,0,0,0,0,0,99.2
2008,8,28,9,30,14.5,0,0,0,0,0,0,98.12
2008,8,28,10,30,14.3,0,0,0,0,0,0,97.2
2008,8,28,11,30,14.100000000000001,0,0,0,0,0,0,97.04
2008,8,28,12,30,14.200000000000001,0,0,0,0,0,0,95.93
2008,8,28,13,30,15.100000000000001,39,168,614,308,86,151,91.8
2008,8,28,14,30,17,56,407,806,806,56,407,83.68
2008,8,28,15,30,19.5,65,634,894,61,313,352,72.86
2008,8,28,16,30,21.3,73,822,939,59,391,438,63.76
2008,8,28,17,30,22.1,78,954,962,0,263,263,58.56
2008,8,28,18,30,22.3,94,1014,953,223,524,738,56.44
2008,8,28,19,30,22.1,96,1005,948,50,428,475,56.94
2008,8,28,20,30,21.6,95,922,928,1,312,313,59.76
2008,8,28,21,30,20.8,91,776,893,0,111,111,63.9
2008,8,28,22,30,19.6,83,575,827,0,62,63,70.82000000000001
2008,8,28,23,30,18.400000000000002,70,342,702,2,88,89,79.11
2008,8,29,0,30,17.5,43,109,418,0,27,27,87.35000000000001
2008,8,29,1,30,16.900000000000002,0,0,0,0,0,0,93.56
2008,8,29,2,30,16.6,0,0,0,0,0,0,96.34
2008,8,29,3,30,16.400000000000002,0,0,0,0,0,0,98.44
2008,8,29,4,30,16.2,0,0,0,0,0,0,99.05
2008,8,29,5,30,15.9,0,0,0,0,0,0,99.35000000000001
2008,8,29,6,30,15.700000000000001,0,0,0,0,0,0,99.01
2008,8,29,7,30,15.5,0,0,0,0,0,0,98.74000000000001
2008,8,29,8,30,15.3,0,0,0,0,0,0,98.72
2008,8,29,9,30,15.200000000000001,0,0,0,0,0,0,98.26
2008,8,29,10,30,14.9,0,0,0,0,0,0,99.06
2008,8,29,11,30,14.5,0,0,0,0,0,0,99.84
2008,8,29,12,30,14.700000000000001,0,0,0,0,0,0,97.08
2008,8,29,13,30,15.700000000000001,41,165,592,0,10,10,91.82000000000001
2008,8,29,14,30,17.3,62,403,785,0,122,122,82.39
2008,8,29,15,30,19.1,75,629,871,236,334,484,71.41
2008,8,29,16,30,20.700000000000003,84,817,918,143,431,545,62.7
2008,8,29,17,30,21.5,91,948,942,0,239,240,58.19
2008,8,29,18,30,21.700000000000003,95,1014,953,0,278,279,56.34
2008,8,29,19,30,21.900000000000002,94,1005,953,238,519,747,54.99
2008,8,29,20,30,21.900000000000002,91,925,939,939,91,925,54.18
2008,8,29,21,30,21.8,85,778,907,185,421,562,54.160000000000004
2008,8,29,22,30,21.200000000000003,76,579,850,268,265,424,56.53
2008,8,29,23,30,20,63,345,736,27,154,165,63.68
2008,8,30,0,30,18.400000000000002,38,110,462,53,55,63,78.45
2008,8,30,1,30,17.400000000000002,0,0,0,0,0,0,84.13
2008,8,30,2,30,16.5,0,0,0,0,0,0,88.35000000000001
2008,8,30,3,30,15.4,0,0,0,0,0,0,92.75
2008,8,30,4,30,14.3,0,0,0,0,0,0,96.46000000000001
2008,8,30,5,30,13.600000000000001,0,0,0,0,0,0,97.43
2008,8,30,6,30,13.200000000000001,0,0,0,0,0,0,97.09
2008,8,30,7,30,12.9,0,0,0,0,0,0,96.84
2008,8,30,8,30,12.700000000000001,0,0,0,0,0,0,96.67
2008,8,30,9,30,12.5,0,0,0,0,0,0,97.09
2008,8,30,10,30,12.4,0,0,0,0,0,0,96.87
2008,8,30,11,30,12.200000000000001,0,0,0,0,0,0,97.37
2008,8,30,12,30,12.600000000000001,0,0,0,0,0,0,94.31
2008,8,30,13,30,14.100000000000001,42,166,595,0,18,18,87.25
2008,8,30,14,30,16.5,61,407,796,0,76,76,76.16
2008,8,30,15,30,19.200000000000003,71,636,890,0,88,88,63.58
2008,8,30,16,30,21.400000000000002,77,826,941,36,325,354,54.64
2008,8,30,17,30,23.1,80,959,968,1,281,281,49.2
2008,8,30,18,30,24,94,1021,963,343,500,830,46.87
2008,8,30,19,30,24.1,94,1010,959,658,234,862,46.480000000000004
2008,8,30,20,30,23.900000000000002,92,928,943,91,452,533,47.11
2008,8,30,21,30,23.200000000000003,88,777,905,0,217,217,49.410000000000004
2008,8,30,22,30,21.900000000000002,78,577,848,848,78,577,53.730000000000004
2008,8,30,23,30,20.3,62,343,739,739,62,343,59.77
2008,8,31,0,30,18.3,37,109,482,482,37,109,68.37
2008,8,31,1,30,16.400000000000002,0,0,0,0,0,0,77.84
2008,8,31,2,30,15.100000000000001,0,0,0,0,0,0,84.92
2008,8,31,3,30,13.9,0,0,0,0,0,0,91.7
2008,8,31,4,30,13.100000000000001,0,0,0,0,0,0,95.57000000000001
2008,8,31,5,30,12.600000000000001,0,0,0,0,0,0,97.58
2008,8,31,6,30,12.3,0,0,0,0,0,0,98.34
2008,8,31,7,30,12.200000000000001,0,0,0,0,0,0,97.93
2008,8,31,8,30,12.200000000000001,0,0,0,0,0,0,97.69
2008,8,31,9,30,12.4,0,0,0,0,0,0,96.97
2008,8,31,10,30,12.700000000000001,0,0,0,0,0,0,96.87
2008,8,31,11,30,12.8,0,0,0,0,0,0,98.24000000000001
2008,8,31,12,30,13.200000000000001,0,0,0,0,0,0,96.23
2008,8,31,13,30,14.200000000000001,46,163,566,5,60,61,91.17
2008,8,31,14,30,16.1,68,403,775,292,186,313,81.75
2008,8,31,15,30,18.8,80,632,870,275,272,446,69.07000000000001
2008,8,31,16,30,21.400000000000002,89,820,919,112,349,437,58.53
2008,8,31,17,30,23.200000000000003,93,953,948,407,352,721,52.660000000000004
2008,8,31,18,30,24.200000000000003,99,1014,953,559,309,846,49.76
2008,8,31,19,30,24.400000000000002,100,1002,947,453,356,788,48.67
2008,8,31,20,30,23.900000000000002,98,920,930,271,478,717,49.27
2008,8,31,21,30,22.900000000000002,92,770,893,232,346,522,52.35
2008,8,31,22,30,21.900000000000002,82,570,833,112,250,315,56.94
2008,8,31,23,30,20.5,66,335,714,590,112,335,64.33
2008,9,1,0,30,18.900000000000002,39,103,436,14,74,76,76.2
2008,9,1,1,30,17.7,0,0,0,0,0,0,84.84
2008,9,1,2,30,17,0,0,0,0,0,0,87.51
2008,9,1,3,30,16.2,0,0,0,0,0,0,90.9
2008,9,1,4,30,15.3,0,0,0,0,0,0,94.47
2008,9,1,5,30,14.600000000000001,0,0,0,0,0,0,97.58
2008,9,1,6,30,14.100000000000001,0,0,0,0,0,0,99.54
2008,9,1,7,30,13.9,0,0,0,0,0,0,99.9
2008,9,1,8,30,13.700000000000001,0,0,0,0,0,0,100
2008,9,1,9,30,13.4,0,0,0,0,0,0,100
2008,9,1,10,30,13.100000000000001,0,0,0,0,0,0,100
2008,9,1,11,30,12.9,0,0,0,0,0,0,100
2008,9,1,12,30,13.5,0,0,0,0,0,0,96.37
2008,9,1,13,30,15.200000000000001,41,167,611,611,41,167,89.76
2008,9,1,14,30,17.900000000000002,59,411,816,816,59,411,77.51
2008,9,1,15,30,21.1,67,642,909,909,67,642,59.9
2008,9,1,16,30,23.6,73,831,954,954,73,831,48.38
2008,9,1,17,30,25.200000000000003,78,964,979,979,78,964,43.25
2008,9,1,18,30,26.1,79,1026,987,987,79,1026,41.11
2008,9,1,19,30,26.400000000000002,80,1014,982,982,80,1014,40.51
2008,9,1,20,30,26.3,79,929,964,964,79,929,40.82
2008,9,1,21,30,25.6,70,780,939,939,70,780,42.26
2008,9,1,22,30,24.400000000000002,63,578,884,884,63,578,45.480000000000004
2008,9,1,23,30,23,51,342,779,779,51,342,50.620000000000005
2008,9,2,0,30,21.1,31,105,520,520,31,105,64.45
2008,9,2,1,30,19.700000000000003,0,0,0,0,0,0,77.95
2008,9,2,2,30,19,0,0,0,0,0,0,81.43
2008,9,2,3,30,18.3,0,0,0,0,0,0,84.71000000000001
2008,9,2,4,30,17.6,0,0,0,0,0,0,87.49
2008,9,2,5,30,16.8,0,0,0,0,0,0,90.25
2008,9,2,6,30,15.8,0,0,0,0,0,0,94.02
2008,9,2,7,30,14.9,0,0,0,0,0,0,97.93
2008,9,2,8,30,14.3,0,0,0,0,0,0,100
2008,9,2,9,30,14.100000000000001,0,0,0,0,0,0,100
2008,9,2,10,30,13.9,0,0,0,0,0,0,100
2008,9,2,11,30,13.700000000000001,0,0,0,0,0,0,100
2008,9,2,12,30,14.4,0,0,0,0,0,0,97.07000000000001
2008,9,2,13,30,16.6,41,164,604,604,41,164,86.19
2008,9,2,14,30,19.8,58,407,810,151,232,298,72.06
2008,9,2,15,30,22.400000000000002,69,636,897,897,69,636,58.47
2008,9,2,16,30,23.900000000000002,78,825,942,942,78,825,52.730000000000004
2008,9,2,17,30,25,85,955,962,326,471,765,49.59
2008,9,2,18,30,25.8,91,1017,967,254,523,767,47.4
2008,9,2,19,30,26,93,1005,961,961,93,1005,46.49
2008,9,2,20,30,25.700000000000003,91,921,943,48,409,452,46.76
2008,9,2,21,30,25.1,83,771,912,289,338,556,48.4
2008,9,2,22,30,24,76,567,846,846,76,567,52.410000000000004
2008,9,2,23,30,22.400000000000002,64,330,718,718,64,330,61.07
2008,9,3,0,30,20.8,38,96,414,414,38,96,77.07000000000001
2008,9,3,1,30,19.700000000000003,0,0,0,0,0,0,87.3
2008,9,3,2,30,19.1,0,0,0,0,0,0,90.02
2008,9,3,3,30,18.5,0,0,0,0,0,0,91.7
2008,9,3,4,30,17.8,0,0,0,0,0,0,93.27
2008,9,3,5,30,17.2,0,0,0,0,0,0,94.73
2008,9,3,6,30,16.7,0,0,0,0,0,0,96.36
2008,9,3,7,30,16.2,0,0,0,0,0,0,98.03
2008,9,3,8,30,15.8,0,0,0,0,0,0,98.81
2008,9,3,9,30,15.5,0,0,0,0,0,0,99.23
2008,9,3,10,30,15,0,0,0,0,0,0,100
2008,9,3,11,30,14.5,0,0,0,0,0,0,100
2008,9,3,12,30,15.100000000000001,0,0,0,0,0,0,96.05
2008,9,3,13,30,17.1,47,157,543,2,94,95,88.58
2008,9,3,14,30,19.5,67,399,774,0,15,15,78.08
2008,9,3,15,30,21.700000000000003,77,629,875,875,77,629,65.43
2008,9,3,16,30,23.1,87,816,920,920,87,816,58.800000000000004
2008,9,3,17,30,23.900000000000002,94,947,945,945,94,947,56.050000000000004
2008,9,3,18,30,24.200000000000003,91,1012,963,963,91,1012,54.52
2008,9,3,19,30,24.200000000000003,90,1001,962,962,90,1001,53.63
2008,9,3,20,30,24,87,916,946,946,87,916,53.82
2008,9,3,21,30,23.5,80,767,916,608,210,666,55.03
2008,9,3,22,30,22.8,70,566,861,677,153,544,57.2
2008,9,3,23,30,21.6,55,333,756,756,55,333,61.9
2008,9,4,0,30,19.5,32,98,485,485,32,98,78.34
2008,9,4,1,30,17.8,0,0,0,0,0,0,86.66
2008,9,4,2,30,16.900000000000002,0,0,0,0,0,0,87.11
2008,9,4,3,30,16.3,0,0,0,0,0,0,87.46000000000001
2008,9,4,4,30,15.600000000000001,0,0,0,0,0,0,90.58
2008,9,4,5,30,14.8,0,0,0,0,0,0,94.96000000000001
2008,9,4,6,30,14,0,0,0,0,0,0,98.65
2008,9,4,7,30,13.700000000000001,0,0,0,0,0,0,100
2008,9,4,8,30,13.8,0,0,0,0,0,0,100
2008,9,4,9,30,13.8,0,0,0,0,0,0,100
2008,9,4,10,30,13.600000000000001,0,0,0,0,0,0,100
2008,9,4,11,30,13.3,0,0,0,0,0,0,100
2008,9,4,12,30,13.9,0,0,0,0,0,0,97.52
2008,9,4,13,30,15.3,49,158,540,4,91,92,91.58
2008,9,4,14,30,17.400000000000002,71,401,769,0,124,124,79.27
2008,9,4,15,30,20.1,81,633,876,9,276,282,63.24
2008,9,4,16,30,22.400000000000002,86,824,934,147,439,556,52.11
2008,9,4,17,30,24.1,89,957,963,16,430,444,46.9
2008,9,4,18,30,25.1,91,1021,974,313,512,810,44.56
2008,9,4,19,30,25.5,90,1010,973,0,172,172,43.75
2008,9,4,20,30,25.5,87,923,956,956,87,923,43.800000000000004
2008,9,4,21,30,25,82,772,923,923,82,772,45.42
2008,9,4,22,30,23.8,74,566,860,860,74,566,48.99
2008,9,4,23,30,22,59,329,744,46,195,212,56.14
2008,9,5,0,30,19.8,34,93,448,448,34,93,71.81
2008,9,5,1,30,18.2,0,0,0,0,0,0,85.21000000000001
2008,9,5,2,30,17.5,0,0,0,0,0,0,89.87
2008,9,5,3,30,16.900000000000002,0,0,0,0,0,0,93.9
2008,9,5,4,30,16.400000000000002,0,0,0,0,0,0,96.18
2008,9,5,5,30,15.8,0,0,0,0,0,0,98.04
2008,9,5,6,30,15.3,0,0,0,0,0,0,99.13
2008,9,5,7,30,14.9,0,0,0,0,0,0,99.95
2008,9,5,8,30,14.600000000000001,0,0,0,0,0,0,100
2008,9,5,9,30,14.200000000000001,0,0,0,0,0,0,100
2008,9,5,10,30,13.8,0,0,0,0,0,0,100
2008,9,5,11,30,13.4,0,0,0,0,0,0,100
2008,9,5,12,30,13.8,0,0,0,0,0,0,97.46000000000001
2008,9,5,13,30,15.200000000000001,40,161,598,598,40,161,90.93
2008,9,5,14,30,17.400000000000002,58,404,809,14,189,195,79.28
2008,9,5,15,30,19.8,68,634,901,196,344,467,65.26
2008,9,5,16,30,21.900000000000002,75,823,948,948,75,823,55.660000000000004
2008,9,5,17,30,23.400000000000002,79,955,973,973,79,955,49.92
2008,9,5,18,30,24.6,81,1017,984,89,483,567,45.19
2008,9,5,19,30,25.200000000000003,81,1008,982,50,474,521,41.97
2008,9,5,20,30,25.3,80,925,969,969,80,925,39.39
2008,9,5,21,30,25,76,775,938,938,76,775,37.550000000000004
2008,9,5,22,30,24.1,68,571,883,0,25,25,37.17
2008,9,5,23,30,22.1,55,333,773,0,87,87,40.59
2008,9,6,0,30,18.8,31,94,485,22,65,68,54.82
2008,9,6,1,30,16.3,0,0,0,0,0,0,69.38
2008,9,6,2,30,15.100000000000001,0,0,0,0,0,0,74.2
2008,9,6,3,30,14.200000000000001,0,0,0,0,0,0,78.88
2008,9,6,4,30,13.5,0,0,0,0,0,0,83.91
2008,9,6,5,30,12.8,0,0,0,0,0,0,90.46000000000001
2008,9,6,6,30,12.200000000000001,0,0,0,0,0,0,96.62
2008,9,6,7,30,11.9,0,0,0,0,0,0,99.51
2008,9,6,8,30,11.700000000000001,0,0,0,0,0,0,99.97
2008,9,6,9,30,11.5,0,0,0,0,0,0,100
2008,9,6,10,30,11.4,0,0,0,0,0,0,100
2008,9,6,11,30,11.4,0,0,0,0,0,0,99.66
2008,9,6,12,30,12,0,0,0,0,0,0,95.39
2008,9,6,13,30,13.8,38,166,643,643,38,166,85.99
2008,9,6,14,30,16.6,54,413,843,147,235,297,71.82000000000001
2008,9,6,15,30,19.5,63,646,930,24,295,311,57.08
2008,9,6,16,30,21.8,68,835,973,1,283,284,48.2
2008,9,6,17,30,23.6,72,968,997,138,456,580,43.03
2008,9,6,18,30,24.900000000000002,79,1028,998,35,477,511,39.86
2008,9,6,19,30,25.6,80,1013,992,7,424,430,38.29
2008,9,6,20,30,25.700000000000003,79,925,973,39,434,468,38.2
2008,9,6,21,30,25.1,74,771,939,939,74,771,39.51
2008,9,6,22,30,24,66,564,878,878,66,564,42.26
2008,9,6,23,30,22.200000000000003,55,324,757,757,55,324,48.27
2008,9,7,0,30,19.900000000000002,31,88,458,70,62,70,59.64
2008,9,7,1,30,18.1,0,0,0,0,0,0,71.60000000000001
2008,9,7,2,30,16.900000000000002,0,0,0,0,0,0,78.7
2008,9,7,3,30,15.9,0,0,0,0,0,0,85.7
2008,9,7,4,30,15,0,0,0,0,0,0,91.7
2008,9,7,5,30,14.3,0,0,0,0,0,0,95.86
2008,9,7,6,30,13.700000000000001,0,0,0,0,0,0,98.72
2008,9,7,7,30,13.200000000000001,0,0,0,0,0,0,99.72
2008,9,7,8,30,12.600000000000001,0,0,0,0,0,0,99.27
2008,9,7,9,30,12,0,0,0,0,0,0,97.78
2008,9,7,10,30,11.3,0,0,0,0,0,0,97.66
2008,9,7,11,30,10.700000000000001,0,0,0,0,0,0,97.47
2008,9,7,12,30,11,0,0,0,0,0,0,92.92
2008,9,7,13,30,13,38,162,623,623,38,162,80.65
2008,9,7,14,30,16,54,407,829,829,54,407,63.33
2008,9,7,15,30,19,64,636,913,913,64,636,51.56
2008,9,7,16,30,21.400000000000002,72,826,958,958,72,826,46.79
2008,9,7,17,30,23.1,77,955,978,978,77,955,45.58
2008,9,7,18,30,24.1,80,1015,985,152,473,617,45.38
2008,9,7,19,30,24.5,80,1000,980,451,435,858,45.67
2008,9,7,20,30,24.3,78,912,962,84,439,512,46.550000000000004
2008,9,7,21,30,23.700000000000003,82,757,913,61,370,415,48.33
2008,9,7,22,30,22.700000000000003,74,552,848,10,241,246,51.97
2008,9,7,23,30,21.200000000000003,59,315,725,725,59,315,57.4
2008,9,8,0,30,19.200000000000003,33,82,411,0,48,48,67.08
2008,9,8,1,30,17.7,0,0,0,0,0,0,76.78
2008,9,8,2,30,16.8,0,0,0,0,0,0,80.69
2008,9,8,3,30,15.8,0,0,0,0,0,0,85.92
2008,9,8,4,30,14.8,0,0,0,0,0,0,91.68
2008,9,8,5,30,14.100000000000001,0,0,0,0,0,0,95.41
2008,9,8,6,30,13.700000000000001,0,0,0,0,0,0,96.96000000000001
2008,9,8,7,30,13.4,0,0,0,0,0,0,97.19
2008,9,8,8,30,13.100000000000001,0,0,0,0,0,0,97.46000000000001
2008,9,8,9,30,12.9,0,0,0,0,0,0,97.63
2008,9,8,10,30,12.700000000000001,0,0,0,0,0,0,98.04
2008,9,8,11,30,12.700000000000001,0,0,0,0,0,0,97.09
2008,9,8,12,30,13,0,0,0,0,0,0,94.41
2008,9,8,13,30,14.4,41,157,588,4,57,57,86.21000000000001
2008,9,8,14,30,16.6,61,397,794,44,173,192,74.2
2008,9,8,15,30,19.1,73,626,886,118,284,358,63.39
2008,9,8,16,30,21.200000000000003,80,815,935,401,296,612,56.410000000000004
2008,9,8,17,30,22.8,84,946,963,228,401,605,51.96
2008,9,8,18,30,23.900000000000002,84,1006,974,166,419,576,48.99
2008,9,8,19,30,24.6,83,993,973,113,488,593,46.83
2008,9,8,20,30,24.6,79,906,957,269,383,615,46.45
2008,9,8,21,30,23.900000000000002,72,755,927,322,288,525,48.07
2008,9,8,22,30,22.6,64,550,867,539,164,466,52.72
2008,9,8,23,30,20.8,53,312,744,0,44,44,61.47
2008,9,9,0,30,18.900000000000002,29,80,430,109,56,69,74.77
2008,9,9,1,30,17.6,0,0,0,0,0,0,85.75
2008,9,9,2,30,16.900000000000002,0,0,0,0,0,0,91.22
2008,9,9,3,30,16.400000000000002,0,0,0,0,0,0,94.87
2008,9,9,4,30,15.9,0,0,0,0,0,0,97.15
2008,9,9,5,30,15.3,0,0,0,0,0,0,96.97
2008,9,9,6,30,14.700000000000001,0,0,0,0,0,0,97.35000000000001
2008,9,9,7,30,14.4,0,0,0,0,0,0,97
2008,9,9,8,30,14.200000000000001,0,0,0,0,0,0,97.03
2008,9,9,9,30,14.200000000000001,0,0,0,0,0,0,96.76
2008,9,9,10,30,14,0,0,0,0,0,0,97.98
2008,9,9,11,30,13.700000000000001,0,0,0,0,0,0,99.23
2008,9,9,12,30,13.9,0,0,0,0,0,0,96.4
2008,9,9,13,30,15.5,35,159,629,629,35,159,88.47
2008,9,9,14,30,17.900000000000002,49,400,830,17,191,198,76.59
2008,9,9,15,30,20.6,56,628,917,123,344,420,62.14
2008,9,9,16,30,22.700000000000003,61,816,963,172,430,565,53.660000000000004
2008,9,9,17,30,24.1,65,946,986,986,65,946,49.4
2008,9,9,18,30,24.8,68,1005,992,992,68,1005,47.24
2008,9,9,19,30,25,69,993,989,989,69,993,46.12
2008,9,9,20,30,24.6,68,905,972,972,68,905,46.92
2008,9,9,21,30,23.8,63,753,942,450,267,597,49.7
2008,9,9,22,30,22.8,57,548,882,110,305,367,53.85
2008,9,9,23,30,21.400000000000002,48,311,764,231,165,245,60.95
2008,9,10,0,30,19.900000000000002,27,78,455,3,50,50,73.92
2008,9,10,1,30,18.8,0,0,0,0,0,0,83.79
2008,9,10,2,30,18.1,0,0,0,0,0,0,87.36
2008,9,10,3,30,17.6,0,0,0,0,0,0,90.53
2008,9,10,4,30,17.2,0,0,0,0,0,0,92.99
2008,9,10,5,30,16.8,0,0,0,0,0,0,95.60000000000001
2008,9,10,6,30,16.5,0,0,0,0,0,0,97
2008,9,10,7,30,16.2,0,0,0,0,0,0,98.08
2008,9,10,8,30,15.8,0,0,0,0,0,0,99.22
2008,9,10,9,30,15.5,0,0,0,0,0,0,99.27
2008,9,10,10,30,15.200000000000001,0,0,0,0,0,0,98.97
2008,9,10,11,30,14.9,0,0,0,0,0,0,98.64
2008,9,10,12,30,14.8,0,0,0,0,0,0,96.62
2008,9,10,13,30,15.600000000000001,34,156,624,0,32,32,89.42
2008,9,10,14,30,17.6,47,397,830,15,182,189,75.83
2008,9,10,15,30,20.5,54,625,918,2,229,230,61.120000000000005
2008,9,10,16,30,23.1,58,812,963,134,420,525,51.68
2008,9,10,17,30,24.8,61,942,987,197,483,659,46.83
2008,9,10,18,30,26,66,1003,994,0,101,101,43.45
2008,9,10,19,30,26.5,67,988,988,1,315,315,41.97
2008,9,10,20,30,26.3,66,902,973,0,127,127,42.15
2008,9,10,21,30,25.5,63,749,940,232,392,561,44.160000000000004
2008,9,10,22,30,24.200000000000003,56,543,880,14,192,199,48.61
2008,9,10,23,30,22.6,46,307,767,0,43,44,56
2008,9,11,0,30,20.900000000000002,25,75,462,286,25,56,69.99
2008,9,11,1,30,19.6,0,0,0,0,0,0,84.32000000000001
2008,9,11,2,30,18.8,0,0,0,0,0,0,87.57000000000001
2008,9,11,3,30,18.1,0,0,0,0,0,0,91.10000000000001
2008,9,11,4,30,17.5,0,0,0,0,0,0,94.27
2008,9,11,5,30,17,0,0,0,0,0,0,96.54
2008,9,11,6,30,16.5,0,0,0,0,0,0,98.16
2008,9,11,7,30,15.9,0,0,0,0,0,0,99.58
2008,9,11,8,30,15.200000000000001,0,0,0,0,0,0,100
2008,9,11,9,30,14.700000000000001,0,0,0,0,0,0,100
2008,9,11,10,30,14.5,0,0,0,0,0,0,99.71000000000001
2008,9,11,11,30,14.3,0,0,0,0,0,0,99.38
2008,9,11,12,30,14.8,0,0,0,0,0,0,94.9
2008,9,11,13,30,16,37,154,601,601,37,154,88.18
2008,9,11,14,30,18.1,56,394,803,803,56,394,77.86
2008,9,11,15,30,20.700000000000003,67,622,894,894,67,622,65.41
2008,9,11,16,30,22.900000000000002,72,810,944,0,171,171,56.39
2008,9,11,17,30,24.3,76,940,970,58,444,495,50.97
2008,9,11,18,30,25.200000000000003,87,998,968,968,87,998,47.58
2008,9,11,19,30,25.6,87,984,966,966,87,984,46.11
2008,9,11,20,30,25.3,84,897,950,950,84,897,46.49
2008,9,11,21,30,24.700000000000003,87,740,899,899,87,740,47.89
2008,9,11,22,30,24.200000000000003,76,534,835,835,76,534,49.620000000000005
2008,9,11,23,30,22.8,58,298,712,62,155,176,56.08
2008,9,12,0,30,20.700000000000003,29,69,381,52,42,47,75.67
2008,9,12,1,30,19.1,0,0,0,0,0,0,83.59
2008,9,12,2,30,18.1,0,0,0,0,0,0,85.82000000000001
2008,9,12,3,30,17,0,0,0,0,0,0,89.67
2008,9,12,4,30,16.2,0,0,0,0,0,0,94.16
2008,9,12,5,30,15.700000000000001,0,0,0,0,0,0,96.8
2008,9,12,6,30,15.200000000000001,0,0,0,0,0,0,98.71000000000001
2008,9,12,7,30,14.700000000000001,0,0,0,0,0,0,100
2008,9,12,8,30,14.3,0,0,0,0,0,0,100
2008,9,12,9,30,13.9,0,0,0,0,0,0,100
2008,9,12,10,30,13.600000000000001,0,0,0,0,0,0,100
2008,9,12,11,30,13.200000000000001,0,0,0,0,0,0,100
2008,9,12,12,30,13.9,0,0,0,0,0,0,97.06
2008,9,12,13,30,16.1,36,156,622,622,36,156,86.4
2008,9,12,14,30,19.200000000000003,52,400,830,830,52,400,71.74
2008,9,12,15,30,22.3,61,630,918,918,61,630,57.47
2008,9,12,16,30,24.5,66,818,964,964,66,818,49.85
2008,9,12,17,30,26.1,69,948,989,91,454,535,44.86
2008,9,12,18,30,27.200000000000003,85,1004,980,51,475,523,41.57
2008,9,12,19,30,27.700000000000003,86,987,973,315,493,785,40.03
2008,9,12,20,30,27.6,84,899,956,417,407,763,40.01
2008,9,12,21,30,26.8,80,742,916,916,80,742,41.730000000000004
2008,9,12,22,30,25.6,71,533,846,846,71,533,44.83
2008,9,12,23,30,23.900000000000002,58,293,706,647,17,232,51.42
2008,9,13,0,30,22,30,64,340,2,33,33,65.41
2008,9,13,1,30,20.700000000000003,0,0,0,0,0,0,78.43
2008,9,13,2,30,19.8,0,0,0,0,0,0,81.12
2008,9,13,3,30,19.1,0,0,0,0,0,0,85.42
2008,9,13,4,30,18.5,0,0,0,0,0,0,89.67
2008,9,13,5,30,18,0,0,0,0,0,0,92.88
2008,9,13,6,30,17.6,0,0,0,0,0,0,94.84
2008,9,13,7,30,17.2,0,0,0,0,0,0,96.65
2008,9,13,8,30,16.900000000000002,0,0,0,0,0,0,97.46000000000001
2008,9,13,9,30,16.5,0,0,0,0,0,0,98.37
2008,9,13,10,30,15.9,0,0,0,0,0,0,99.39
2008,9,13,11,30,15.4,0,0,0,0,0,0,99.18
2008,9,13,12,30,15.700000000000001,0,0,0,0,0,0,95.25
2008,9,13,13,30,17.1,40,152,585,16,96,99,88.32000000000001
2008,9,13,14,30,19.200000000000003,58,394,804,37,218,234,76.82000000000001
2008,9,13,15,30,21,67,624,900,338,300,509,65.97
2008,9,13,16,30,22.400000000000002,74,814,950,197,351,505,57.120000000000005
2008,9,13,17,30,23.400000000000002,79,944,975,371,446,775,51.69
2008,9,13,18,30,24.3,122,990,927,66,483,545,47.57
2008,9,13,19,30,24.900000000000002,118,976,929,929,118,976,44.62
2008,9,13,20,30,25.1,109,889,918,918,109,889,43.09
2008,9,13,21,30,24.8,95,734,888,888,95,734,43.12
2008,9,13,22,30,24.200000000000003,83,526,816,816,83,526,44.62
2008,9,13,23,30,23,66,286,667,1,48,48,52.2
2008,9,14,0,30,21.6,32,60,283,26,39,41,65.81
2008,9,14,1,30,20.5,0,0,0,0,0,0,77.44
2008,9,14,2,30,19.5,0,0,0,0,0,0,85.16
2008,9,14,3,30,18.900000000000002,0,0,0,0,0,0,88.55
2008,9,14,4,30,18.5,0,0,0,0,0,0,88.56
2008,9,14,5,30,18.1,0,0,0,0,0,0,90.22
2008,9,14,6,30,17.5,0,0,0,0,0,0,94.67
2008,9,14,7,30,17,0,0,0,0,0,0,97.38
2008,9,14,8,30,16.7,0,0,0,0,0,0,98.3
2008,9,14,9,30,16.400000000000002,0,0,0,0,0,0,99.04
2008,9,14,10,30,16.1,0,0,0,0,0,0,99.32000000000001
2008,9,14,11,30,16,0,0,0,0,0,0,99.05
2008,9,14,12,30,16.1,0,0,0,0,0,0,98.15
2008,9,14,13,30,16.400000000000002,48,142,495,3,53,53,96.44
2008,9,14,14,30,16.900000000000002,64,385,770,520,132,349,92.05
2008,9,14,15,30,18,68,616,888,358,251,472,84.82000000000001
2008,9,14,16,30,19.5,71,804,943,1,259,260,76.04
2008,9,14,17,30,20.700000000000003,75,932,969,229,483,685,67.85
2008,9,14,18,30,21.1,79,990,976,149,474,614,63.92
2008,9,14,19,30,21,80,975,971,971,80,975,64.34
2008,9,14,20,30,20.5,79,886,953,14,395,407,67.47
2008,9,14,21,30,19.900000000000002,81,730,906,125,324,413,70.66
2008,9,14,22,30,19.3,70,525,844,158,297,382,72.84
2008,9,14,23,30,18.2,55,288,717,0,58,58,77.56
2008,9,15,0,30,17,27,60,361,0,2,2,85.94
2008,9,15,1,30,16.2,0,0,0,0,0,0,90.19
2008,9,15,2,30,15.700000000000001,0,0,0,0,0,0,91.97
2008,9,15,3,30,15,0,0,0,0,0,0,95.16
2008,9,15,4,30,14.200000000000001,0,0,0,0,0,0,98.96000000000001
2008,9,15,5,30,13.700000000000001,0,0,0,0,0,0,99.96000000000001
2008,9,15,6,30,13.3,0,0,0,0,0,0,100
2008,9,15,7,30,13,0,0,0,0,0,0,99.36
2008,9,15,8,30,12.5,0,0,0,0,0,0,99.48
2008,9,15,9,30,12,0,0,0,0,0,0,98.83
2008,9,15,10,30,11.600000000000001,0,0,0,0,0,0,98.68
2008,9,15,11,30,11.4,0,0,0,0,0,0,98.53
2008,9,15,12,30,11.5,0,0,0,0,0,0,96.78
2008,9,15,13,30,12.200000000000001,41,150,576,0,33,33,92.55
2008,9,15,14,30,13.9,61,392,795,1,80,80,82.69
2008,9,15,15,30,16.2,73,620,888,0,174,174,69.98
2008,9,15,16,30,18,81,807,936,19,369,383,60.99
2008,9,15,17,30,19.1,86,936,963,0,118,118,57.06
2008,9,15,18,30,19.6,90,993,969,161,494,644,55.6
2008,9,15,19,30,19.8,88,977,968,29,396,422,55.26
2008,9,15,20,30,19.700000000000003,83,888,953,3,347,350,55.550000000000004
2008,9,15,21,30,19.1,77,733,919,31,342,364,57.64
2008,9,15,22,30,18,69,524,850,79,295,337,62.24
2008,9,15,23,30,16.6,56,285,712,88,150,178,69.14
2008,9,16,0,30,15,27,57,341,1,37,37,80.13
2008,9,16,1,30,14,0,0,0,0,0,0,89.08
2008,9,16,2,30,13.3,0,0,0,0,0,0,93.74
2008,9,16,3,30,12.700000000000001,0,0,0,0,0,0,95.9
2008,9,16,4,30,12.200000000000001,0,0,0,0,0,0,96.98
2008,9,16,5,30,11.700000000000001,0,0,0,0,0,0,97.9
2008,9,16,6,30,11.4,0,0,0,0,0,0,98.35000000000001
2008,9,16,7,30,11.200000000000001,0,0,0,0,0,0,98.37
2008,9,16,8,30,11,0,0,0,0,0,0,98.28
2008,9,16,9,30,10.700000000000001,0,0,0,0,0,0,98.63
2008,9,16,10,30,10.5,0,0,0,0,0,0,98.74000000000001
2008,9,16,11,30,10.3,0,0,0,0,0,0,99.19
2008,9,16,12,30,10.600000000000001,0,0,0,0,0,0,96.66
2008,9,16,13,30,11.8,38,150,596,0,9,9,91.22
2008,9,16,14,30,13.8,56,393,812,0,121,122,81.68
2008,9,16,15,30,16.3,66,622,905,0,27,27,68.56
2008,9,16,16,30,18.5,72,810,953,0,190,190,58.47
2008,9,16,17,30,19.900000000000002,76,936,976,0,197,197,53.84
2008,9,16,18,30,20.5,78,994,985,0,217,217,52.300000000000004
2008,9,16,19,30,20.6,78,978,983,2,367,369,52.38
2008,9,16,20,30,20.5,76,888,965,0,178,178,53.300000000000004
2008,9,16,21,30,20.1,73,730,925,0,205,205,55.370000000000005
2008,9,16,22,30,19.1,66,521,856,1,178,178,59.69
2008,9,16,23,30,17.7,53,281,717,9,142,144,67.14
2008,9,17,0,30,16.1,25,54,344,0,18,18,80.04
2008,9,17,1,30,15.100000000000001,0,0,0,0,0,0,90.16
2008,9,17,2,30,14.600000000000001,0,0,0,0,0,0,93.88
2008,9,17,3,30,14.100000000000001,0,0,0,0,0,0,97.48
2008,9,17,4,30,13.700000000000001,0,0,0,0,0,0,99.07000000000001
2008,9,17,5,30,13.200000000000001,0,0,0,0,0,0,99.05
2008,9,17,6,30,12.600000000000001,0,0,0,0,0,0,99.93
2008,9,17,7,30,12.100000000000001,0,0,0,0,0,0,100
2008,9,17,8,30,11.700000000000001,0,0,0,0,0,0,99.94
2008,9,17,9,30,11.3,0,0,0,0,0,0,100
2008,9,17,10,30,11,0,0,0,0,0,0,99.98
2008,9,17,11,30,10.8,0,0,0,0,0,0,99.63
2008,9,17,12,30,10.9,0,0,0,0,0,0,97.79
2008,9,17,13,30,11.9,40,147,573,0,13,13,92.19
2008,9,17,14,30,13.9,61,389,794,0,51,51,82.08
2008,9,17,15,30,16.7,72,618,891,0,126,126,68.54
2008,9,17,16,30,19.3,80,806,941,0,200,201,57.480000000000004
2008,9,17,17,30,21.200000000000003,84,934,968,1,292,293,51.54
2008,9,17,18,30,22.3,105,987,950,1,338,339,48.65
2008,9,17,19,30,22.8,105,968,945,36,458,490,47.5
2008,9,17,20,30,22.8,99,877,929,1,315,316,47.68
2008,9,17,21,30,22.3,83,722,905,1,242,242,49.51
2008,9,17,22,30,21.1,72,513,836,1,175,175,53.58
2008,9,17,23,30,19.400000000000002,57,273,689,57,170,188,60.9
2008,9,18,0,30,17.6,25,50,300,0,22,22,74.43
2008,9,18,1,30,16.5,0,0,0,0,0,0,84.77
2008,9,18,2,30,15.8,0,0,0,0,0,0,88.42
2008,9,18,3,30,15.200000000000001,0,0,0,0,0,0,92.53
2008,9,18,4,30,14.700000000000001,0,0,0,0,0,0,95.45
2008,9,18,5,30,14.200000000000001,0,0,0,0,0,0,95.98
2008,9,18,6,30,13.700000000000001,0,0,0,0,0,0,95.58
2008,9,18,7,30,13.100000000000001,0,0,0,0,0,0,95.95
2008,9,18,8,30,12.700000000000001,0,0,0,0,0,0,94.88
2008,9,18,9,30,12.4,0,0,0,0,0,0,94.32000000000001
2008,9,18,10,30,12.100000000000001,0,0,0,0,0,0,94.57000000000001
2008,9,18,11,30,11.700000000000001,0,0,0,0,0,0,95.87
2008,9,18,12,30,11.8,0,0,0,0,0,0,93.98
2008,9,18,13,30,12.700000000000001,43,145,550,1,67,67,86.06
2008,9,18,14,30,14.4,63,387,787,0,125,125,73.15
2008,9,18,15,30,16.6,74,617,888,13,274,282,59.96
2008,9,18,16,30,18.8,82,807,941,25,374,393,50.92
2008,9,18,17,30,20.5,88,933,963,82,452,524,46.56
2008,9,18,18,30,21.5,91,991,973,229,519,731,45
2008,9,18,19,30,22.1,91,973,969,969,91,973,44.4
2008,9,18,20,30,22,89,880,947,947,89,880,45.57
2008,9,18,21,30,21.5,102,715,872,872,102,715,48.07
2008,9,18,22,30,20.6,92,502,782,601,172,487,52.47
2008,9,18,23,30,18.900000000000002,72,262,613,25,141,149,61.120000000000005
2008,9,19,0,30,17.1,28,44,205,0,15,15,75.76
2008,9,19,1,30,15.9,0,0,0,0,0,0,84.38
2008,9,19,2,30,15.3,0,0,0,0,0,0,87.35000000000001
2008,9,19,3,30,14.8,0,0,0,0,0,0,90.06
2008,9,19,4,30,14.3,0,0,0,0,0,0,92.53
2008,9,19,5,30,13.9,0,0,0,0,0,0,94.07000000000001
2008,9,19,6,30,13.5,0,0,0,0,0,0,95.45
2008,9,19,7,30,13.100000000000001,0,0,0,0,0,0,96.61
2008,9,19,8,30,12.8,0,0,0,0,0,0,96.55
2008,9,19,9,30,12.4,0,0,0,0,0,0,97.24000000000001
2008,9,19,10,30,12.100000000000001,0,0,0,0,0,0,97.21000000000001
2008,9,19,11,30,11.8,0,0,0,0,0,0,97.21000000000001
2008,9,19,12,30,11.700000000000001,0,0,0,0,0,0,95.35000000000001
2008,9,19,13,30,12.4,47,139,497,11,91,93,90.03
2008,9,19,14,30,14.200000000000001,73,379,745,16,192,199,81.12
2008,9,19,15,30,16.8,87,608,853,34,301,322,69.77
2008,9,19,16,30,18.7,98,794,906,423,308,633,61.56
2008,9,19,17,30,19.8,103,922,936,936,103,922,58.08
2008,9,19,18,30,20.5,83,989,982,982,83,989,56.03
2008,9,19,19,30,20.700000000000003,83,971,979,979,83,971,55.38
2008,9,19,20,30,20.400000000000002,81,879,959,294,447,691,56.33
2008,9,19,21,30,19.900000000000002,74,722,926,82,359,416,58.03
2008,9,19,22,30,19,66,510,854,304,256,414,61.88
2008,9,19,23,30,17.8,52,270,714,2,107,108,69.31
2008,9,20,0,30,16.400000000000002,22,46,323,0,20,20,83.07000000000001
2008,9,20,1,30,15.4,0,0,0,0,0,0,91.47
2008,9,20,2,30,14.9,0,0,0,0,0,0,93.68
2008,9,20,3,30,14.3,0,0,0,0,0,0,95.89
2008,9,20,4,30,13.600000000000001,0,0,0,0,0,0,97.68
2008,9,20,5,30,12.8,0,0,0,0,0,0,99.37
2008,9,20,6,30,12.100000000000001,0,0,0,0,0,0,100
2008,9,20,7,30,11.8,0,0,0,0,0,0,100
2008,9,20,8,30,11.600000000000001,0,0,0,0,0,0,99.68
2008,9,20,9,30,11.4,0,0,0,0,0,0,98.93
2008,9,20,10,30,11,0,0,0,0,0,0,99.46000000000001
2008,9,20,11,30,10.8,0,0,0,0,0,0,98.84
2008,9,20,12,30,10.8,0,0,0,0,0,0,97.16
2008,9,20,13,30,11.9,39,146,584,18,93,96,89.75
2008,9,20,14,30,14.3,59,389,808,12,180,184,77.99
2008,9,20,15,30,17.2,70,620,903,161,345,443,62.67
2008,9,20,16,30,19.700000000000003,77,808,954,409,311,624,51.43
2008,9,20,17,30,21.400000000000002,81,936,979,358,369,681,46.78
2008,9,20,18,30,22.400000000000002,85,992,986,480,348,789,44.87
2008,9,20,19,30,22.8,84,972,981,94,470,555,44.9
2008,9,20,20,30,22.5,81,880,964,177,466,613,46.59
2008,9,20,21,30,21.5,74,720,928,928,74,720,49.97
2008,9,20,22,30,20.3,65,509,861,4,130,132,54.81
2008,9,20,23,30,18.7,50,268,721,721,50,268,63.07
2008,9,21,0,30,17,21,44,328,0,16,16,76.24
2008,9,21,1,30,15.9,0,0,0,0,0,0,84.75
2008,9,21,2,30,15.200000000000001,0,0,0,0,0,0,89.95
2008,9,21,3,30,14.700000000000001,0,0,0,0,0,0,93.8
2008,9,21,4,30,14.200000000000001,0,0,0,0,0,0,97.18
2008,9,21,5,30,13.8,0,0,0,0,0,0,98.96000000000001
2008,9,21,6,30,13.3,0,0,0,0,0,0,100
2008,9,21,7,30,12.8,0,0,0,0,0,0,99.92
2008,9,21,8,30,12.4,0,0,0,0,0,0,98.82000000000001
2008,9,21,9,30,12,0,0,0,0,0,0,98.8
2008,9,21,10,30,11.700000000000001,0,0,0,0,0,0,98.71000000000001
2008,9,21,11,30,11.5,0,0,0,0,0,0,98.37
2008,9,21,12,30,11.5,0,0,0,0,0,0,97.28
2008,9,21,13,30,12.3,40,144,571,0,14,14,92.88
2008,9,21,14,30,14,60,386,799,20,196,204,84.75
2008,9,21,15,30,16.5,71,616,898,0,142,142,71.98
2008,9,21,16,30,18.8,77,803,950,192,431,578,59.42
2008,9,21,17,30,20.400000000000002,79,931,978,148,469,599,52.99
2008,9,21,18,30,21.3,80,988,990,153,480,620,49.75
2008,9,21,19,30,21.6,80,969,986,438,430,824,48.370000000000005
2008,9,21,20,30,21.400000000000002,78,876,967,967,78,876,48.26
2008,9,21,21,30,20.900000000000002,80,714,916,99,378,446,49.11
2008,9,21,22,30,20.1,71,503,844,844,71,503,51.02
2008,9,21,23,30,18.7,55,262,696,696,55,262,56.4
2008,9,22,0,30,16.7,22,40,282,0,22,22,72.85000000000001
2008,9,22,1,30,15.4,0,0,0,0,0,0,82.67
2008,9,22,2,30,14.8,0,0,0,0,0,0,86.06
2008,9,22,3,30,14.200000000000001,0,0,0,0,0,0,90.09
2008,9,22,4,30,13.5,0,0,0,0,0,0,95.42
2008,9,22,5,30,12.9,0,0,0,0,0,0,99.09
2008,9,22,6,30,12.600000000000001,0,0,0,0,0,0,100
2008,9,22,7,30,12.5,0,0,0,0,0,0,100
2008,9,22,8,30,12.3,0,0,0,0,0,0,100
2008,9,22,9,30,12.100000000000001,0,0,0,0,0,0,100
2008,9,22,10,30,11.8,0,0,0,0,0,0,99.73
2008,9,22,11,30,11.5,0,0,0,0,0,0,99.7
2008,9,22,12,30,11.5,0,0,0,0,0,0,97.84
2008,9,22,13,30,12.3,39,142,567,567,39,142,93.02
2008,9,22,14,30,14.100000000000001,60,383,796,796,60,383,84.31
2008,9,22,15,30,16.5,71,612,895,895,71,612,71.83
2008,9,22,16,30,18.900000000000002,77,797,944,0,178,178,60.120000000000005
2008,9,22,17,30,20.6,80,924,972,15,412,425,54.410000000000004
2008,9,22,18,30,21.8,79,979,984,344,474,789,51.300000000000004
2008,9,22,19,30,22.1,80,960,979,244,415,635,50.96
2008,9,22,20,30,21.8,78,865,958,379,329,641,52.07
2008,9,22,21,30,21.200000000000003,74,706,919,10,218,225,54.51
2008,9,22,22,30,20.400000000000002,65,495,846,0,102,102,57.99
2008,9,22,23,30,19,51,256,699,699,51,256,64.86
2008,9,23,0,30,17.400000000000002,20,37,284,3,24,25,76.76
2008,9,23,1,30,16.5,0,0,0,0,0,0,83.87
2008,9,23,2,30,15.9,0,0,0,0,0,0,87.54
2008,9,23,3,30,15,0,0,0,0,0,0,93.45
2008,9,23,4,30,14.200000000000001,0,0,0,0,0,0,97.98
2008,9,23,5,30,13.600000000000001,0,0,0,0,0,0,100
2008,9,23,6,30,13.3,0,0,0,0,0,0,100
2008,9,23,7,30,13.100000000000001,0,0,0,0,0,0,100
2008,9,23,8,30,13,0,0,0,0,0,0,100
2008,9,23,9,30,12.8,0,0,0,0,0,0,100
2008,9,23,10,30,12.700000000000001,0,0,0,0,0,0,100
2008,9,23,11,30,12.600000000000001,0,0,0,0,0,0,100
2008,9,23,12,30,12.9,0,0,0,0,0,0,98.42
2008,9,23,13,30,13.8,35,142,595,3,47,48,92.52
2008,9,23,14,30,15.5,52,382,815,815,52,382,84.16
2008,9,23,15,30,17.8,61,609,909,213,325,454,73.36
2008,9,23,16,30,20.1,65,794,958,1,239,240,62.61
2008,9,23,17,30,21.6,68,920,984,0,255,256,56.69
2008,9,23,18,30,22.400000000000002,70,976,993,167,485,638,53.9
2008,9,23,19,30,22.6,69,956,990,990,69,956,53.230000000000004
2008,9,23,20,30,22.400000000000002,66,862,972,972,66,862,53.68
2008,9,23,21,30,21.400000000000002,74,701,916,916,74,701,56.83
2008,9,23,22,30,20.200000000000003,66,490,840,341,198,370,62.26
2008,9,23,23,30,18.6,51,251,692,82,143,167,71.24
2008,9,24,0,30,17,19,34,261,0,11,11,83.45
2008,9,24,1,30,16,0,0,0,0,0,0,90.56
2008,9,24,2,30,15.4,0,0,0,0,0,0,92.87
2008,9,24,3,30,14.9,0,0,0,0,0,0,95.27
2008,9,24,4,30,14.5,0,0,0,0,0,0,97.72
2008,9,24,5,30,14.3,0,0,0,0,0,0,98.8
2008,9,24,6,30,14.100000000000001,0,0,0,0,0,0,99.62
2008,9,24,7,30,14,0,0,0,0,0,0,99.95
2008,9,24,8,30,13.9,0,0,0,0,0,0,100
2008,9,24,9,30,13.600000000000001,0,0,0,0,0,0,100
2008,9,24,10,30,13.3,0,0,0,0,0,0,100
2008,9,24,11,30,12.9,0,0,0,0,0,0,100
2008,9,24,12,30,12.9,0,0,0,0,0,0,98.65
2008,9,24,13,30,13.600000000000001,34,141,602,0,23,23,94.09
2008,9,24,14,30,15.200000000000001,51,382,822,11,122,126,86.86
2008,9,24,15,30,17.5,59,610,915,0,105,105,75.24
2008,9,24,16,30,19.5,64,795,962,95,379,451,64.46000000000001
2008,9,24,17,30,21.1,68,920,987,0,43,43,58.13
2008,9,24,18,30,22.1,69,975,997,0,202,202,55.15
2008,9,24,19,30,22.700000000000003,69,955,993,179,488,648,53.620000000000005
2008,9,24,20,30,22.5,66,860,974,974,66,860,54.5
2008,9,24,21,30,21.8,66,701,932,932,66,701,57.19
2008,9,24,22,30,20.5,58,490,864,864,58,490,62.97
2008,9,24,23,30,18.6,45,251,721,0,5,5,73.85000000000001
2008,9,25,0,30,17,17,33,294,0,15,15,87.12
2008,9,25,1,30,16.1,0,0,0,0,0,0,94.69
2008,9,25,2,30,15.5,0,0,0,0,0,0,98.06
2008,9,25,3,30,15,0,0,0,0,0,0,99.06
2008,9,25,4,30,14.3,0,0,0,0,0,0,100
2008,9,25,5,30,13.200000000000001,0,0,0,0,0,0,100
2008,9,25,6,30,11.9,0,0,0,0,0,0,100
2008,9,25,7,30,11.200000000000001,0,0,0,0,0,0,98.3
2008,9,25,8,30,10.9,0,0,0,0,0,0,98.02
2008,9,25,9,30,10.700000000000001,0,0,0,0,0,0,97.97
2008,9,25,10,30,10.5,0,0,0,0,0,0,98.3
2008,9,25,11,30,10.3,0,0,0,0,0,0,98.72
2008,9,25,12,30,10.3,0,0,0,0,0,0,97.72
2008,9,25,13,30,11.200000000000001,32,143,628,1,67,68,92.55
2008,9,25,14,30,13.200000000000001,49,385,834,22,196,205,83
2008,9,25,15,30,15.8,61,613,919,56,305,339,70.71000000000001
2008,9,25,16,30,17.900000000000002,70,798,962,126,417,512,61.31
2008,9,25,17,30,19.400000000000002,75,924,985,985,75,924,56.52
2008,9,25,18,30,20.6,77,979,995,0,268,269,53.33
2008,9,25,19,30,21.3,75,956,990,15,426,439,51.53
2008,9,25,20,30,21.5,72,862,974,0,131,131,51.08
2008,9,25,21,30,21.200000000000003,72,701,928,2,263,264,52.02
2008,9,25,22,30,20,63,487,853,14,219,226,55.99
2008,9,25,23,30,18.2,49,246,698,1,93,94,64.04
2008,9,26,0,30,16.400000000000002,18,29,240,240,18,29,77.02
2008,9,26,1,30,15.3,0,0,0,0,0,0,85.5
2008,9,26,2,30,14.5,0,0,0,0,0,0,90.79
2008,9,26,3,30,13.8,0,0,0,0,0,0,94.26
2008,9,26,4,30,13.100000000000001,0,0,0,0,0,0,96.99000000000001
2008,9,26,5,30,12.5,0,0,0,0,0,0,98.77
2008,9,26,6,30,12,0,0,0,0,0,0,99.49000000000001
2008,9,26,7,30,11.600000000000001,0,0,0,0,0,0,99.77
2008,9,26,8,30,11.3,0,0,0,0,0,0,99.64
2008,9,26,9,30,11,0,0,0,0,0,0,99.29
2008,9,26,10,30,10.600000000000001,0,0,0,0,0,0,99.17
2008,9,26,11,30,10.3,0,0,0,0,0,0,98.05
2008,9,26,12,30,10.4,0,0,0,0,0,0,95.55
2008,9,26,13,30,11.5,37,140,586,0,21,21,88.59
2008,9,26,14,30,13.8,57,383,814,0,85,85,77.14
2008,9,26,15,30,16.7,68,610,906,0,190,190,64.44
2008,9,26,16,30,19.200000000000003,75,796,956,31,371,394,55.2
2008,9,26,17,30,20.700000000000003,79,922,981,1,280,280,50.76
2008,9,26,18,30,21.700000000000003,92,974,975,0,253,254,48.02
2008,9,26,19,30,22.200000000000003,93,950,966,1,341,343,46.67
2008,9,26,20,30,22.3,92,854,943,0,235,235,46.26
2008,9,26,21,30,21.8,78,695,916,0,192,192,47.26
2008,9,26,22,30,21,69,483,840,0,144,144,49.17
2008,9,26,23,30,19.3,53,242,681,681,53,242,54.82
2008,9,27,0,30,17.1,17,27,223,223,17,27,71.04
2008,9,27,1,30,15.5,0,0,0,0,0,0,80.26
2008,9,27,2,30,14.3,0,0,0,0,0,0,82.06
2008,9,27,3,30,13.100000000000001,0,0,0,0,0,0,84.39
2008,9,27,4,30,12.100000000000001,0,0,0,0,0,0,87.68
2008,9,27,5,30,11.3,0,0,0,0,0,0,91.09
2008,9,27,6,30,10.700000000000001,0,0,0,0,0,0,95
2008,9,27,7,30,10.100000000000001,0,0,0,0,0,0,97.94
2008,9,27,8,30,9.600000000000001,0,0,0,0,0,0,100
2008,9,27,9,30,9.4,0,0,0,0,0,0,100
2008,9,27,10,30,9.200000000000001,0,0,0,0,0,0,100
2008,9,27,11,30,9,0,0,0,0,0,0,100
2008,9,27,12,30,9.3,0,0,0,0,0,0,97.51
2008,9,27,13,30,11.100000000000001,44,135,523,523,44,135,86.15
2008,9,27,14,30,14.4,66,379,783,783,66,379,69.42
2008,9,27,15,30,17.8,78,610,892,49,300,329,53.59
2008,9,27,16,30,20.1,87,796,942,942,87,796,47.12
2008,9,27,17,30,21.700000000000003,94,922,967,967,94,922,44.46
2008,9,27,18,30,22.8,118,967,942,942,118,967,42.730000000000004
2008,9,27,19,30,23.3,121,944,931,931,121,944,41.93
2008,9,27,20,30,23.1,121,844,898,898,121,844,42.49
2008,9,27,21,30,22.5,117,679,838,838,117,679,43.660000000000004
2008,9,27,22,30,21.5,100,466,750,750,100,466,46.14
2008,9,27,23,30,19.700000000000003,72,228,571,571,72,228,52.42
2008,9,28,0,30,17.5,18,23,121,121,18,23,68.97
2008,9,28,1,30,16,0,0,0,0,0,0,77.62
2008,9,28,2,30,15,0,0,0,0,0,0,79.59
2008,9,28,3,30,14.100000000000001,0,0,0,0,0,0,81.82000000000001
2008,9,28,4,30,13,0,0,0,0,0,0,86.45
2008,9,28,5,30,11.9,0,0,0,0,0,0,92.29
2008,9,28,6,30,11,0,0,0,0,0,0,97.36
2008,9,28,7,30,10.200000000000001,0,0,0,0,0,0,100
2008,9,28,8,30,9.8,0,0,0,0,0,0,100
2008,9,28,9,30,9.700000000000001,0,0,0,0,0,0,100
2008,9,28,10,30,9.5,0,0,0,0,0,0,100
2008,9,28,11,30,9.4,0,0,0,0,0,0,100
2008,9,28,12,30,9.700000000000001,0,0,0,0,0,0,98.29
2008,9,28,13,30,11.200000000000001,57,126,403,403,57,126,88.51
2008,9,28,14,30,13.8,93,365,683,683,93,365,74.86
2008,9,28,15,30,16.7,111,595,813,813,111,595,63.01
2008,9,28,16,30,19,126,781,873,873,126,781,55.34
2008,9,28,17,30,20.6,133,908,907,907,133,908,50.31
2008,9,28,18,30,21.6,84,980,998,998,84,980,47.44
2008,9,28,19,30,22,83,958,994,994,83,958,46.15
2008,9,28,20,30,21.900000000000002,80,859,972,972,80,859,46
2008,9,28,21,30,21.400000000000002,84,692,913,913,84,692,46.97
2008,9,28,22,30,20.5,75,477,829,1,158,158,49.26
2008,9,28,23,30,18.7,56,234,660,1,83,83,55.69
2008,9,29,0,30,16.7,16,22,160,0,9,9,69.52
2008,9,29,1,30,15.4,0,0,0,0,0,0,79.7
2008,9,29,2,30,14.700000000000001,0,0,0,0,0,0,82.9
2008,9,29,3,30,14,0,0,0,0,0,0,86.63
2008,9,29,4,30,13.100000000000001,0,0,0,0,0,0,91.57000000000001
2008,9,29,5,30,11.9,0,0,0,0,0,0,97.68
2008,9,29,6,30,10.700000000000001,0,0,0,0,0,0,100
2008,9,29,7,30,10,0,0,0,0,0,0,100
2008,9,29,8,30,9.8,0,0,0,0,0,0,100
2008,9,29,9,30,9.5,0,0,0,0,0,0,100
2008,9,29,10,30,9.3,0,0,0,0,0,0,100
2008,9,29,11,30,9.200000000000001,0,0,0,0,0,0,99.62
2008,9,29,12,30,9.5,0,0,0,0,0,0,96.59
2008,9,29,13,30,10.9,57,127,412,412,57,127,87.60000000000001
2008,9,29,14,30,13.8,92,369,700,700,92,369,73.44
2008,9,29,15,30,16.6,110,601,828,828,110,601,62.910000000000004
2008,9,29,16,30,18.8,120,790,895,895,120,790,55.64
2008,9,29,17,30,20.400000000000002,124,916,930,930,124,916,50.7
2008,9,29,18,30,21.5,103,979,977,177,517,676,47.03
2008,9,29,19,30,21.900000000000002,103,953,969,272,505,744,44.94
2008,9,29,20,30,21.900000000000002,101,855,944,944,101,855,43.94
2008,9,29,21,30,21.400000000000002,86,691,914,914,86,691,44.63
2008,9,29,22,30,20.200000000000003,77,474,825,49,266,289,47.160000000000004
2008,9,29,23,30,18.400000000000002,60,230,641,641,60,230,52.96
2008,9,30,0,30,16.1,15,20,147,147,15,20,66.27
2008,9,30,1,30,14.5,0,0,0,0,0,0,74.75
2008,9,30,2,30,13.4,0,0,0,0,0,0,75.34
2008,9,30,3,30,12.100000000000001,0,0,0,0,0,0,77.61
2008,9,30,4,30,10.600000000000001,0,0,0,0,0,0,84.88
2008,9,30,5,30,9.5,0,0,0,0,0,0,92.66
2008,9,30,6,30,8.9,0,0,0,0,0,0,98.03
2008,9,30,7,30,8.9,0,0,0,0,0,0,99.9
2008,9,30,8,30,9.1,0,0,0,0,0,0,99.93
2008,9,30,9,30,9.200000000000001,0,0,0,0,0,0,100
2008,9,30,10,30,9.1,0,0,0,0,0,0,100
2008,9,30,11,30,8.9,0,0,0,0,0,0,100
2008,9,30,12,30,9.3,0,0,0,0,0,0,98.93
2008,9,30,13,30,10.8,56,128,428,428,56,128,89.19
2008,9,30,14,30,13.3,84,377,745,745,84,377,72.72
2008,9,30,15,30,15.9,89,617,894,894,89,617,57.83
2008,9,30,16,30,18.1,91,814,969,203,450,601,46.5
2008,9,30,17,30,20,90,944,1006,202,510,681,38.57
2008,9,30,18,30,21.3,89,999,1020,1020,89,999,33.63
2008,9,30,19,30,22,86,977,1019,1019,86,977,30.84
2008,9,30,20,30,22.200000000000003,82,877,1001,1001,82,877,29.240000000000002
2008,9,30,21,30,21.6,78,710,959,959,78,710,29.09
2008,9,30,22,30,20.400000000000002,68,489,882,0,76,76,30.28
2008,9,30,23,30,17.7,51,239,719,117,147,177,36.76
2008,10,1,0,30,14.4,14,20,199,199,14,20,57.95
2008,10,1,1,30,12.5,0,0,0,0,0,0,66.53
2008,10,1,2,30,11.5,0,0,0,0,0,0,69.37
2008,10,1,3,30,10.4,0,0,0,0,0,0,74.46000000000001
2008,10,1,4,30,9.4,0,0,0,0,0,0,80.78
2008,10,1,5,30,8.4,0,0,0,0,0,0,87.89
2008,10,1,6,30,7.6000000000000005,0,0,0,0,0,0,94.08
2008,10,1,7,30,7,0,0,0,0,0,0,100
2008,10,1,8,30,7.1000000000000005,0,0,0,0,0,0,100
2008,10,1,9,30,7.6000000000000005,0,0,0,0,0,0,100
2008,10,1,10,30,7.7,0,0,0,0,0,0,99.94
2008,10,1,11,30,7.1000000000000005,0,0,0,0,0,0,99.65
2008,10,1,12,30,6.7,0,0,0,0,0,0,96.12
2008,10,1,13,30,8,41,142,598,598,41,142,84.79
2008,10,1,14,30,11.200000000000001,60,402,874,874,60,402,65.59
2008,10,1,15,30,14.700000000000001,67,644,980,980,67,644,42.31
2008,10,1,16,30,17.5,72,833,1022,1022,72,833,27.69
2008,10,1,17,30,19.400000000000002,76,962,1046,1046,76,962,24.25
2008,10,1,18,30,20.8,78,1011,1048,1048,78,1011,22.56
2008,10,1,19,30,21.6,78,987,1044,1044,78,987,21.82
2008,10,1,20,30,21.8,75,882,1021,1021,75,882,21.84
2008,10,1,21,30,21.400000000000002,68,714,987,987,68,714,22.86
2008,10,1,22,30,20.400000000000002,59,490,911,911,59,490,25.05
2008,10,1,23,30,17.5,45,238,751,751,45,238,32.76
2008,10,2,0,30,13.9,13,18,228,228,13,18,59.63
2008,10,2,1,30,11.9,0,0,0,0,0,0,68.93
2008,10,2,2,30,10.9,0,0,0,0,0,0,73.48
2008,10,2,3,30,10,0,0,0,0,0,0,77.83
2008,10,2,4,30,9.1,0,0,0,0,0,0,81.88
2008,10,2,5,30,8.4,0,0,0,0,0,0,85.06
2008,10,2,6,30,7.800000000000001,0,0,0,0,0,0,89.39
2008,10,2,7,30,7.2,0,0,0,0,0,0,95.7
2008,10,2,8,30,6.9,0,0,0,0,0,0,100
2008,10,2,9,30,7,0,0,0,0,0,0,100
2008,10,2,10,30,7.2,0,0,0,0,0,0,100
2008,10,2,11,30,6.9,0,0,0,0,0,0,99.54
2008,10,2,12,30,6.6000000000000005,0,0,0,0,0,0,97.25
2008,10,2,13,30,8.1,44,139,571,571,44,139,84.89
2008,10,2,14,30,11.700000000000001,63,392,844,844,63,392,64.93
2008,10,2,15,30,15.5,72,631,953,953,72,631,46.92
2008,10,2,16,30,18.1,79,823,1005,1005,79,823,35.32
2008,10,2,17,30,19.8,82,952,1031,1031,82,952,29.93
2008,10,2,18,30,21,82,1007,1044,1044,82,1007,26.8
2008,10,2,19,30,21.8,81,978,1035,1035,81,978,25.09
2008,10,2,20,30,22,78,877,1016,1016,78,877,24.73
2008,10,2,21,30,21.700000000000003,72,705,973,973,72,705,25.18
2008,10,2,22,30,20.700000000000003,63,484,897,897,63,484,26.810000000000002
2008,10,2,23,30,17.900000000000002,47,233,731,731,47,233,33.77
2008,10,3,0,30,14.200000000000001,12,16,195,195,12,16,61.72
2008,10,3,1,30,12.200000000000001,0,0,0,0,0,0,68.46000000000001
2008,10,3,2,30,11.200000000000001,0,0,0,0,0,0,71.66
2008,10,3,3,30,10.200000000000001,0,0,0,0,0,0,76.16
2008,10,3,4,30,9.3,0,0,0,0,0,0,80.69
2008,10,3,5,30,8.700000000000001,0,0,0,0,0,0,84.14
2008,10,3,6,30,8.200000000000001,0,0,0,0,0,0,88.05
2008,10,3,7,30,7.7,0,0,0,0,0,0,92.36
2008,10,3,8,30,7.2,0,0,0,0,0,0,96.60000000000001
2008,10,3,9,30,6.6000000000000005,0,0,0,0,0,0,100
2008,10,3,10,30,6.1000000000000005,0,0,0,0,0,0,100
2008,10,3,11,30,6.1000000000000005,0,0,0,0,0,0,100
2008,10,3,12,30,6.800000000000001,0,0,0,0,0,0,100
2008,10,3,13,30,8.700000000000001,41,134,565,565,41,134,86.03
2008,10,3,14,30,12,63,386,831,831,63,386,67.38
2008,10,3,15,30,16.1,73,623,939,939,73,623,45.53
2008,10,3,16,30,19.200000000000003,81,813,991,991,81,813,32.8
2008,10,3,17,30,20.900000000000002,85,940,1017,1017,85,940,28.900000000000002
2008,10,3,18,30,21.900000000000002,83,994,1031,1031,83,994,27.19
2008,10,3,19,30,22.400000000000002,82,970,1027,1027,82,970,26.32
2008,10,3,20,30,22.400000000000002,81,865,1001,1001,81,865,26.13
2008,10,3,21,30,22.1,73,697,964,964,73,697,26.36
2008,10,3,22,30,21,64,477,887,887,64,477,27.990000000000002
2008,10,3,23,30,18.2,47,227,721,721,47,227,35.14
2008,10,4,0,30,14.700000000000001,11,14,180,180,11,14,61.45
2008,10,4,1,30,12.700000000000001,0,0,0,0,0,0,66.6
2008,10,4,2,30,11.700000000000001,0,0,0,0,0,0,67.74
2008,10,4,3,30,10.700000000000001,0,0,0,0,0,0,69.73
2008,10,4,4,30,9.9,0,0,0,0,0,0,71.55
2008,10,4,5,30,9.1,0,0,0,0,0,0,75.24
2008,10,4,6,30,8.4,0,0,0,0,0,0,81.2
2008,10,4,7,30,7.9,0,0,0,0,0,0,87.84
2008,10,4,8,30,7.2,0,0,0,0,0,0,96.09
2008,10,4,9,30,6.6000000000000005,0,0,0,0,0,0,100
2008,10,4,10,30,6.1000000000000005,0,0,0,0,0,0,100
2008,10,4,11,30,5.800000000000001,0,0,0,0,0,0,100
2008,10,4,12,30,6.6000000000000005,0,0,0,0,0,0,97.59
2008,10,4,13,30,9.600000000000001,37,135,600,600,37,135,78.85000000000001
2008,10,4,14,30,14.5,58,384,842,842,58,384,55.32
2008,10,4,15,30,19.1,70,619,941,941,70,619,36.550000000000004
2008,10,4,16,30,21.6,78,808,991,991,78,808,29.7
2008,10,4,17,30,22.8,82,934,1017,1017,82,934,27.52
2008,10,4,18,30,23.6,85,987,1024,1024,85,987,26.150000000000002
2008,10,4,19,30,24,85,962,1019,1019,85,962,25.42
2008,10,4,20,30,24,81,858,996,996,81,858,25.13
2008,10,4,21,30,23.6,76,689,953,953,76,689,25.330000000000002
2008,10,4,22,30,22.5,65,469,876,876,65,469,26.66
2008,10,4,23,30,19.6,48,221,704,259,121,184,33.7
2008,10,5,0,30,15.9,0,0,0,0,0,0,62.28
2008,10,5,1,30,13.8,0,0,0,0,0,0,65.72
2008,10,5,2,30,12.600000000000001,0,0,0,0,0,0,67.17
2008,10,5,3,30,11.4,0,0,0,0,0,0,69.63
2008,10,5,4,30,10.4,0,0,0,0,0,0,72.23
2008,10,5,5,30,9.4,0,0,0,0,0,0,75.81
2008,10,5,6,30,8.700000000000001,0,0,0,0,0,0,78.92
2008,10,5,7,30,8.1,0,0,0,0,0,0,81.78
2008,10,5,8,30,7.7,0,0,0,0,0,0,83.59
2008,10,5,9,30,7.300000000000001,0,0,0,0,0,0,85.36
2008,10,5,10,30,7.1000000000000005,0,0,0,0,0,0,86.27
2008,10,5,11,30,7,0,0,0,0,0,0,87.59
2008,10,5,12,30,8,0,0,0,0,0,0,82.84
2008,10,5,13,30,11.3,42,128,528,528,42,128,71.34
2008,10,5,14,30,15.9,68,373,792,792,68,373,52.25
2008,10,5,15,30,19.900000000000002,81,605,902,902,81,605,45.72
2008,10,5,16,30,22.400000000000002,89,793,958,958,89,793,39.72
2008,10,5,17,30,24.1,93,918,987,987,93,918,33.74
2008,10,5,18,30,25.200000000000003,94,971,1000,1000,94,971,30.16
2008,10,5,19,30,25.900000000000002,92,946,996,996,92,946,27.85
2008,10,5,20,30,26.200000000000003,89,842,971,971,89,842,26.5
2008,10,5,21,30,25.900000000000002,80,676,932,932,80,676,26.400000000000002
2008,10,5,22,30,25,69,456,846,846,69,456,27.67
2008,10,5,23,30,22.700000000000003,50,210,659,659,50,210,34.2
2008,10,6,0,30,19.8,0,0,0,0,0,0,57.39
2008,10,6,1,30,17.6,0,0,0,0,0,0,67.29
2008,10,6,2,30,16.2,0,0,0,0,0,0,71.82000000000001
2008,10,6,3,30,15.200000000000001,0,0,0,0,0,0,76.55
2008,10,6,4,30,14.100000000000001,0,0,0,0,0,0,85.88
2008,10,6,5,30,13.3,0,0,0,0,0,0,93.25
2008,10,6,6,30,12.600000000000001,0,0,0,0,0,0,98.06
2008,10,6,7,30,11.9,0,0,0,0,0,0,100
2008,10,6,8,30,11.5,0,0,0,0,0,0,100
2008,10,6,9,30,11.3,0,0,0,0,0,0,100
2008,10,6,10,30,11,0,0,0,0,0,0,100
2008,10,6,11,30,10.700000000000001,0,0,0,0,0,0,100
2008,10,6,12,30,10.700000000000001,0,0,0,0,0,0,98.72
2008,10,6,13,30,12.200000000000001,43,125,509,509,43,125,88.55
2008,10,6,14,30,14.9,70,368,776,776,70,368,77
2008,10,6,15,30,17.5,85,599,889,889,85,599,65.21000000000001
2008,10,6,16,30,19.700000000000003,93,784,944,944,93,784,55.21
2008,10,6,17,30,21.5,97,909,975,975,97,909,48
2008,10,6,18,30,22.700000000000003,99,958,983,983,99,958,43.31
2008,10,6,19,30,23.200000000000003,101,931,973,973,101,931,40.85
2008,10,6,20,30,23.200000000000003,101,827,941,941,101,827,40.12
2008,10,6,21,30,22.900000000000002,90,662,898,898,90,662,40.57
2008,10,6,22,30,22,76,443,810,810,76,443,42.71
2008,10,6,23,30,20,54,202,622,622,54,202,50.58
2008,10,7,0,30,17.400000000000002,0,0,0,0,0,0,72.84
2008,10,7,1,30,16,0,0,0,0,0,0,77.23
2008,10,7,2,30,15.3,0,0,0,0,0,0,78.59
2008,10,7,3,30,14.600000000000001,0,0,0,0,0,0,80.34
2008,10,7,4,30,14,0,0,0,0,0,0,81.77
2008,10,7,5,30,13.3,0,0,0,0,0,0,84.26
2008,10,7,6,30,12.700000000000001,0,0,0,0,0,0,86.35000000000001
2008,10,7,7,30,12.200000000000001,0,0,0,0,0,0,88.11
2008,10,7,8,30,11.8,0,0,0,0,0,0,89.60000000000001
2008,10,7,9,30,11.600000000000001,0,0,0,0,0,0,90.55
2008,10,7,10,30,11.3,0,0,0,0,0,0,93.85000000000001
2008,10,7,11,30,11.100000000000001,0,0,0,0,0,0,98.24000000000001
2008,10,7,12,30,11.8,0,0,0,0,0,0,97.89
2008,10,7,13,30,13.4,54,112,363,4,52,53,92.41
2008,10,7,14,30,15.5,98,341,636,636,98,341,84.3
2008,10,7,15,30,17.6,118,566,778,778,118,566,72.31
2008,10,7,16,30,19.8,125,752,860,860,125,752,58.75
2008,10,7,17,30,21.6,128,876,902,902,128,876,51.370000000000005
2008,10,7,18,30,22.5,110,933,945,416,442,804,48.32
2008,10,7,19,30,22.8,111,907,936,385,373,700,46.75
2008,10,7,20,30,22.6,108,805,908,239,441,625,46.45
2008,10,7,21,30,21.900000000000002,100,639,854,229,279,424,48.22
2008,10,7,22,30,20.8,84,426,759,0,114,114,51.77
2008,10,7,23,30,19,60,188,547,547,60,188,60.44
2008,10,8,0,30,17.3,0,0,0,0,0,0,75.62
2008,10,8,1,30,16.3,0,0,0,0,0,0,81.89
2008,10,8,2,30,15.600000000000001,0,0,0,0,0,0,85.42
2008,10,8,3,30,14.9,0,0,0,0,0,0,89.78
2008,10,8,4,30,14.200000000000001,0,0,0,0,0,0,93.7
2008,10,8,5,30,13.600000000000001,0,0,0,0,0,0,96.74000000000001
2008,10,8,6,30,13.200000000000001,0,0,0,0,0,0,98.54
2008,10,8,7,30,13,0,0,0,0,0,0,99.06
2008,10,8,8,30,13,0,0,0,0,0,0,98.57000000000001
2008,10,8,9,30,12.9,0,0,0,0,0,0,98.91
2008,10,8,10,30,12.700000000000001,0,0,0,0,0,0,99.67
2008,10,8,11,30,12.600000000000001,0,0,0,0,0,0,99.5
2008,10,8,12,30,12.700000000000001,0,0,0,0,0,0,98.26
2008,10,8,13,30,13.5,41,116,481,27,76,80,93.63
2008,10,8,14,30,15.3,65,352,757,43,169,186,86.4
2008,10,8,15,30,17.6,75,578,877,1,184,184,74.35000000000001
2008,10,8,16,30,19.700000000000003,79,761,939,125,409,500,62.65
2008,10,8,17,30,21.200000000000003,82,883,969,174,469,613,56.29
2008,10,8,18,30,22,103,924,946,244,405,617,53
2008,10,8,19,30,22.1,107,897,933,933,107,897,51.800000000000004
2008,10,8,20,30,21.3,106,796,902,107,420,501,53.72
2008,10,8,21,30,20.400000000000002,99,632,849,74,345,392,56.730000000000004
2008,10,8,22,30,19.6,84,419,754,95,257,299,59.49
2008,10,8,23,30,18.2,59,184,546,67,127,142,65.8
2008,10,9,0,30,16.6,0,0,0,0,0,0,78.10000000000001
2008,10,9,1,30,15.600000000000001,0,0,0,0,0,0,83.81
2008,10,9,2,30,15,0,0,0,0,0,0,86.47
2008,10,9,3,30,14.3,0,0,0,0,0,0,89.69
2008,10,9,4,30,13.600000000000001,0,0,0,0,0,0,92.85000000000001
2008,10,9,5,30,12.9,0,0,0,0,0,0,96.08
2008,10,9,6,30,12.3,0,0,0,0,0,0,98.99000000000001
2008,10,9,7,30,12.100000000000001,0,0,0,0,0,0,99.03
2008,10,9,8,30,11.8,0,0,0,0,0,0,98.9
2008,10,9,9,30,11.5,0,0,0,0,0,0,98.51
2008,10,9,10,30,11.200000000000001,0,0,0,0,0,0,98.17
2008,10,9,11,30,10.9,0,0,0,0,0,0,98.13
2008,10,9,12,30,11,0,0,0,0,0,0,96.01
2008,10,9,13,30,12.200000000000001,41,115,478,478,41,115,87.88
2008,10,9,14,30,14.9,64,351,759,759,64,351,74.25
2008,10,9,15,30,18.400000000000002,75,576,877,877,75,576,60.78
2008,10,9,16,30,21.1,81,758,935,369,363,630,52.75
2008,10,9,17,30,22.400000000000002,86,879,962,962,86,879,50
2008,10,9,18,30,22.8,88,926,970,970,88,926,49.2
2008,10,9,19,30,22.5,90,900,961,961,90,900,49.77
2008,10,9,20,30,22,87,798,935,935,87,798,51.300000000000004
2008,10,9,21,30,21.400000000000002,82,634,885,885,82,634,54.32
2008,10,9,22,30,20.400000000000002,70,420,793,595,142,404,59.84
2008,10,9,23,30,19,50,184,591,396,90,179,71.59
2008,10,10,0,30,17.7,0,0,0,0,0,0,87.3
2008,10,10,1,30,16.900000000000002,0,0,0,0,0,0,92.94
2008,10,10,2,30,16.400000000000002,0,0,0,0,0,0,95.21000000000001
2008,10,10,3,30,15.9,0,0,0,0,0,0,97.49000000000001
2008,10,10,4,30,15.5,0,0,0,0,0,0,99
2008,10,10,5,30,15.200000000000001,0,0,0,0,0,0,99.38
2008,10,10,6,30,14.9,0,0,0,0,0,0,99.69
2008,10,10,7,30,14.600000000000001,0,0,0,0,0,0,99.81
2008,10,10,8,30,14.3,0,0,0,0,0,0,99.65
2008,10,10,9,30,13.9,0,0,0,0,0,0,99.78
2008,10,10,10,30,13.5,0,0,0,0,0,0,99.68
2008,10,10,11,30,13.100000000000001,0,0,0,0,0,0,99.83
2008,10,10,12,30,13,0,0,0,0,0,0,97.8
2008,10,10,13,30,13.700000000000001,36,116,520,520,36,116,92.53
2008,10,10,14,30,15.5,59,351,778,778,59,351,82.45
2008,10,10,15,30,17.8,71,573,881,881,71,573,67.91
2008,10,10,16,30,20.200000000000003,79,753,934,934,79,753,55.63
2008,10,10,17,30,22.200000000000003,83,873,962,962,83,873,49.15
2008,10,10,18,30,23.5,91,920,963,963,91,920,45.52
2008,10,10,19,30,23.900000000000002,89,894,958,958,89,894,44.39
2008,10,10,20,30,23.5,86,794,935,935,86,794,45.480000000000004
2008,10,10,21,30,22.8,83,629,880,880,83,629,47.56
2008,10,10,22,30,21.900000000000002,71,416,788,343,187,337,50.72
2008,10,10,23,30,20.5,50,180,586,18,101,105,58.53
2008,10,11,0,30,19.200000000000003,0,0,0,0,0,0,73.28
2008,10,11,1,30,17.900000000000002,0,0,0,0,0,0,76.69
2008,10,11,2,30,16.5,0,0,0,0,0,0,84.26
2008,10,11,3,30,15.100000000000001,0,0,0,0,0,0,87.82000000000001
2008,10,11,4,30,14.100000000000001,0,0,0,0,0,0,90.02
2008,10,11,5,30,13.200000000000001,0,0,0,0,0,0,93.31
2008,10,11,6,30,12.600000000000001,0,0,0,0,0,0,96.64
2008,10,11,7,30,12.3,0,0,0,0,0,0,99.55
2008,10,11,8,30,12.3,0,0,0,0,0,0,99.66
2008,10,11,9,30,12.200000000000001,0,0,0,0,0,0,99.55
2008,10,11,10,30,12.100000000000001,0,0,0,0,0,0,98.8
2008,10,11,11,30,11.8,0,0,0,0,0,0,99.83
2008,10,11,12,30,12.100000000000001,0,0,0,0,0,0,97.39
2008,10,11,13,30,13.5,40,113,481,481,40,113,89.57000000000001
2008,10,11,14,30,16.3,68,345,743,743,68,345,76.41
2008,10,11,15,30,19.5,83,568,856,856,83,568,62.980000000000004
2008,10,11,16,30,22.200000000000003,92,749,915,915,92,749,52.21
2008,10,11,17,30,24.1,98,867,940,940,98,867,46.02
2008,10,11,18,30,25.1,100,916,951,951,100,916,43.24
2008,10,11,19,30,25.3,103,886,936,936,103,886,43.09
2008,10,11,20,30,24.6,102,783,904,904,102,783,45.36
2008,10,11,21,30,23.8,91,620,858,505,197,508,48.26
2008,10,11,22,30,22.700000000000003,77,408,762,762,77,408,52.69
2008,10,11,23,30,20.900000000000002,53,174,554,554,53,174,62.04
2008,10,12,0,30,19.1,0,0,0,0,0,0,79.46000000000001
2008,10,12,1,30,18.2,0,0,0,0,0,0,85.34
2008,10,12,2,30,17.5,0,0,0,0,0,0,88.92
2008,10,12,3,30,16.900000000000002,0,0,0,0,0,0,91.7
2008,10,12,4,30,16.400000000000002,0,0,0,0,0,0,93.74
2008,10,12,5,30,15.9,0,0,0,0,0,0,95.29
2008,10,12,6,30,15.600000000000001,0,0,0,0,0,0,96.63
2008,10,12,7,30,15.200000000000001,0,0,0,0,0,0,98.24000000000001
2008,10,12,8,30,14.9,0,0,0,0,0,0,99.18
2008,10,12,9,30,14.700000000000001,0,0,0,0,0,0,99.56
2008,10,12,10,30,14.4,0,0,0,0,0,0,100
2008,10,12,11,30,14.200000000000001,0,0,0,0,0,0,100
2008,10,12,12,30,14.3,0,0,0,0,0,0,99.32000000000001
2008,10,12,13,30,15.3,39,109,471,2,62,63,93.74
2008,10,12,14,30,16.900000000000002,63,340,747,260,183,279,86.25
2008,10,12,15,30,18.900000000000002,76,561,860,860,76,561,76.06
2008,10,12,16,30,20.5,84,740,916,916,84,740,67.27
2008,10,12,17,30,21.1,91,857,939,939,91,857,63.09
2008,10,12,18,30,21.1,122,894,903,187,406,566,62.09
2008,10,12,19,30,21,122,867,895,214,479,658,61.74
2008,10,12,20,30,20.900000000000002,116,768,869,109,355,437,61.53
2008,10,12,21,30,20.8,114,601,794,794,114,601,61.09
2008,10,12,22,30,20.5,92,393,698,698,92,393,61.4
2008,10,12,23,30,19.700000000000003,61,164,479,0,7,7,65.75
2008,10,13,0,30,18.6,0,0,0,0,0,0,76.96000000000001
2008,10,13,1,30,17.7,0,0,0,0,0,0,81.55
2008,10,13,2,30,16.8,0,0,0,0,0,0,85.37
2008,10,13,3,30,16,0,0,0,0,0,0,87.44
2008,10,13,4,30,15.4,0,0,0,0,0,0,88.9
2008,10,13,5,30,14.8,0,0,0,0,0,0,90.67
2008,10,13,6,30,14.100000000000001,0,0,0,0,0,0,92.67
2008,10,13,7,30,13.5,0,0,0,0,0,0,94.46000000000001
2008,10,13,8,30,13.100000000000001,0,0,0,0,0,0,96.36
2008,10,13,9,30,12.700000000000001,0,0,0,0,0,0,99.85000000000001
2008,10,13,10,30,12.600000000000001,0,0,0,0,0,0,100
2008,10,13,11,30,12.700000000000001,0,0,0,0,0,0,100
2008,10,13,12,30,13,0,0,0,0,0,0,100
2008,10,13,13,30,14.4,41,107,446,446,41,107,93.60000000000001
2008,10,13,14,30,17,66,341,744,22,190,198,82.99
2008,10,13,15,30,20,77,565,869,111,323,385,69.33
2008,10,13,16,30,22.5,81,748,936,936,81,748,57.24
2008,10,13,17,30,24.1,83,869,967,115,429,523,50.36
2008,10,13,18,30,25,99,912,955,955,99,912,46.95
2008,10,13,19,30,25.3,97,885,950,950,97,885,45.46
2008,10,13,20,30,25,92,783,926,926,92,783,45.550000000000004
2008,10,13,21,30,24.200000000000003,84,617,876,876,84,617,47.07
2008,10,13,22,30,22.900000000000002,71,403,780,780,71,403,50.800000000000004
2008,10,13,23,30,20.900000000000002,49,169,567,567,49,169,60.26
2008,10,14,0,30,19,0,0,0,0,0,0,74.21000000000001
2008,10,14,1,30,17.900000000000002,0,0,0,0,0,0,78.8
2008,10,14,2,30,16.8,0,0,0,0,0,0,82.66
2008,10,14,3,30,15.700000000000001,0,0,0,0,0,0,86.86
2008,10,14,4,30,14.700000000000001,0,0,0,0,0,0,91.36
2008,10,14,5,30,14.200000000000001,0,0,0,0,0,0,95
2008,10,14,6,30,13.9,0,0,0,0,0,0,97.64
2008,10,14,7,30,13.700000000000001,0,0,0,0,0,0,97.61
2008,10,14,8,30,13.4,0,0,0,0,0,0,97.69
2008,10,14,9,30,12.9,0,0,0,0,0,0,98.65
2008,10,14,10,30,12.4,0,0,0,0,0,0,99.14
2008,10,14,11,30,11.9,0,0,0,0,0,0,99.47
2008,10,14,12,30,11.700000000000001,0,0,0,0,0,0,97.62
2008,10,14,13,30,12.4,34,116,564,24,70,73,91.52
2008,10,14,14,30,14.3,54,356,824,51,163,182,79.67
2008,10,14,15,30,16.8,64,584,929,685,155,538,65.89
2008,10,14,16,30,19.3,69,767,982,396,305,586,54.61
2008,10,14,17,30,21.400000000000002,71,888,1011,726,217,803,46.92
2008,10,14,18,30,22.8,71,936,1021,576,268,757,42.06
2008,10,14,19,30,23.6,69,908,1017,1017,69,908,39.03
2008,10,14,20,30,23.700000000000003,66,807,998,645,222,700,37.83
2008,10,14,21,30,23.3,62,639,954,954,62,639,37.63
2008,10,14,22,30,22.3,53,422,874,55,239,262,38.730000000000004
2008,10,14,23,30,19.700000000000003,38,181,687,687,38,181,45.61
2008,10,15,0,30,16.8,0,0,0,0,0,0,64.46000000000001
2008,10,15,1,30,15.5,0,0,0,0,0,0,68.83
2008,10,15,2,30,14.5,0,0,0,0,0,0,72.19
2008,10,15,3,30,13.4,0,0,0,0,0,0,78.51
2008,10,15,4,30,12.3,0,0,0,0,0,0,85.42
2008,10,15,5,30,11.5,0,0,0,0,0,0,90.55
2008,10,15,6,30,10.8,0,0,0,0,0,0,95.16
2008,10,15,7,30,10.4,0,0,0,0,0,0,98.19
2008,10,15,8,30,10.200000000000001,0,0,0,0,0,0,99.42
2008,10,15,9,30,10,0,0,0,0,0,0,99.74000000000001
2008,10,15,10,30,9.600000000000001,0,0,0,0,0,0,100
2008,10,15,11,30,9.3,0,0,0,0,0,0,100
2008,10,15,12,30,9.3,0,0,0,0,0,0,98.11
2008,10,15,13,30,10.8,33,114,566,566,33,114,86.78
2008,10,15,14,30,15,52,354,828,828,52,354,65.78
2008,10,15,15,30,19.200000000000003,61,578,928,306,289,459,44.12
2008,10,15,16,30,21.400000000000002,68,760,978,978,68,760,36.78
2008,10,15,17,30,22.5,72,877,999,999,72,877,34.13
2008,10,15,18,30,23.200000000000003,78,924,1003,1003,78,924,32.51
2008,10,15,19,30,23.400000000000002,78,894,993,993,78,894,32.13
2008,10,15,20,30,23.200000000000003,76,792,969,0,81,81,32.79
2008,10,15,21,30,22.400000000000002,70,626,925,0,61,61,34.87
2008,10,15,22,30,21.200000000000003,60,409,834,35,224,238,38.29
2008,10,15,23,30,19,42,171,631,631,42,171,46.6
2008,10,16,0,30,16.7,0,0,0,0,0,0,64.38
2008,10,16,1,30,15.4,0,0,0,0,0,0,72.23
2008,10,16,2,30,14.5,0,0,0,0,0,0,76.9
2008,10,16,3,30,13.9,0,0,0,0,0,0,81.78
2008,10,16,4,30,13.200000000000001,0,0,0,0,0,0,88.4
2008,10,16,5,30,12.600000000000001,0,0,0,0,0,0,94.18
2008,10,16,6,30,12.100000000000001,0,0,0,0,0,0,97.88
2008,10,16,7,30,11.8,0,0,0,0,0,0,100
2008,10,16,8,30,11.600000000000001,0,0,0,0,0,0,100
2008,10,16,9,30,11.3,0,0,0,0,0,0,100
2008,10,16,10,30,10.9,0,0,0,0,0,0,100
2008,10,16,11,30,10.700000000000001,0,0,0,0,0,0,100
2008,10,16,12,30,10.9,0,0,0,0,0,0,100
2008,10,16,13,30,12.100000000000001,34,110,536,536,34,110,93.41
2008,10,16,14,30,14.200000000000001,54,346,803,24,189,198,84.17
2008,10,16,15,30,16.7,65,569,909,41,277,300,69.06
2008,10,16,16,30,18.900000000000002,72,750,962,274,387,580,56.160000000000004
2008,10,16,17,30,20.5,76,869,988,65,418,470,50.47
2008,10,16,18,30,21.5,77,916,997,0,238,239,47.7
2008,10,16,19,30,22.1,76,886,989,46,419,457,46.01
2008,10,16,20,30,22.200000000000003,73,785,968,251,412,596,45.43
2008,10,16,21,30,21.8,79,613,894,894,79,613,46.19
2008,10,16,22,30,20.8,69,397,791,791,69,397,48.800000000000004
2008,10,16,23,30,18.900000000000002,48,160,559,559,48,160,56.2
2008,10,17,0,30,16.900000000000002,0,0,0,0,0,0,70.72
2008,10,17,1,30,15.8,0,0,0,0,0,0,78.01
2008,10,17,2,30,15.200000000000001,0,0,0,0,0,0,81.73
2008,10,17,3,30,14.600000000000001,0,0,0,0,0,0,85.43
2008,10,17,4,30,13.700000000000001,0,0,0,0,0,0,90.64
2008,10,17,5,30,12.700000000000001,0,0,0,0,0,0,96.2
2008,10,17,6,30,12.100000000000001,0,0,0,0,0,0,100
2008,10,17,7,30,11.8,0,0,0,0,0,0,100
2008,10,17,8,30,11.600000000000001,0,0,0,0,0,0,100
2008,10,17,9,30,11.4,0,0,0,0,0,0,100
2008,10,17,10,30,11.200000000000001,0,0,0,0,0,0,100
2008,10,17,11,30,11,0,0,0,0,0,0,100
2008,10,17,12,30,11.100000000000001,0,0,0,0,0,0,99.24000000000001
2008,10,17,13,30,12.3,34,108,526,526,34,108,91.63
2008,10,17,14,30,14.600000000000001,55,343,799,0,58,58,77.9
2008,10,17,15,30,17.400000000000002,65,568,911,0,118,118,63.97
2008,10,17,16,30,19.700000000000003,72,748,964,19,338,352,54.61
2008,10,17,17,30,21.400000000000002,76,867,990,0,71,71,48.96
2008,10,17,18,30,22.5,84,913,989,1,333,334,45.7
2008,10,17,19,30,23,84,884,982,4,362,365,44.230000000000004
2008,10,17,20,30,23,82,779,954,0,232,232,43.980000000000004
2008,10,17,21,30,22.5,73,614,911,194,339,454,45
2008,10,17,22,30,21.5,61,400,822,822,61,400,47.410000000000004
2008,10,17,23,30,19.400000000000002,41,163,617,617,41,163,54.86
2008,10,18,0,30,17.5,0,0,0,0,0,0,67.92
2008,10,18,1,30,16.5,0,0,0,0,0,0,73.29
2008,10,18,2,30,15.9,0,0,0,0,0,0,75.81
2008,10,18,3,30,15,0,0,0,0,0,0,80.9
2008,10,18,4,30,14.100000000000001,0,0,0,0,0,0,86.41
2008,10,18,5,30,13.200000000000001,0,0,0,0,0,0,91.64
2008,10,18,6,30,12.3,0,0,0,0,0,0,97.09
2008,10,18,7,30,11.700000000000001,0,0,0,0,0,0,100
2008,10,18,8,30,11.5,0,0,0,0,0,0,100
2008,10,18,9,30,11.4,0,0,0,0,0,0,100
2008,10,18,10,30,11.3,0,0,0,0,0,0,100
2008,10,18,11,30,11,0,0,0,0,0,0,100
2008,10,18,12,30,11.200000000000001,0,0,0,0,0,0,100
2008,10,18,13,30,12.700000000000001,34,105,517,517,34,105,92.57000000000001
2008,10,18,14,30,14.8,55,341,800,0,47,47,82.37
2008,10,18,15,30,17,66,565,909,0,88,88,71.28
2008,10,18,16,30,19,70,745,967,11,326,333,60.68
2008,10,18,17,30,20.400000000000002,74,864,993,0,246,247,53.74
2008,10,18,18,30,21.400000000000002,78,911,998,998,78,911,49.53
2008,10,18,19,30,21.900000000000002,79,882,990,26,408,429,47.28
2008,10,18,20,30,22,76,780,967,0,90,90,46.31
2008,10,18,21,30,21.700000000000003,73,612,913,913,73,612,46.12
2008,10,18,22,30,20.8,62,397,822,20,203,211,47.43
2008,10,18,23,30,18.7,42,161,614,614,42,161,54.08
2008,10,19,0,30,16.2,0,0,0,0,0,0,71.84
2008,10,19,1,30,15,0,0,0,0,0,0,77.13
2008,10,19,2,30,14.3,0,0,0,0,0,0,79.98
2008,10,19,3,30,13.4,0,0,0,0,0,0,83.94
2008,10,19,4,30,12.4,0,0,0,0,0,0,88.89
2008,10,19,5,30,11.4,0,0,0,0,0,0,94.45
2008,10,19,6,30,10.4,0,0,0,0,0,0,100
2008,10,19,7,30,9.9,0,0,0,0,0,0,100
2008,10,19,8,30,9.8,0,0,0,0,0,0,100
2008,10,19,9,30,9.5,0,0,0,0,0,0,100
2008,10,19,10,30,9.200000000000001,0,0,0,0,0,0,100
2008,10,19,11,30,9,0,0,0,0,0,0,99.03
2008,10,19,12,30,8.8,0,0,0,0,0,0,98.57000000000001
2008,10,19,13,30,9.600000000000001,32,112,585,585,32,112,92.48
2008,10,19,14,30,11.9,52,356,853,853,52,356,81.56
2008,10,19,15,30,15.600000000000001,61,589,966,966,61,589,64.95
2008,10,19,16,30,18.900000000000002,64,773,1019,1019,64,773,43.730000000000004
2008,10,19,17,30,21,66,894,1045,1045,66,894,33.61
2008,10,19,18,30,22.400000000000002,71,942,1049,1049,71,942,29.38
2008,10,19,19,30,23.200000000000003,70,913,1044,1044,70,913,26.900000000000002
2008,10,19,20,30,23.5,68,808,1023,1023,68,808,25.39
2008,10,19,21,30,23.1,62,637,981,981,62,637,24.96
2008,10,19,22,30,21.8,53,415,895,895,53,415,26.310000000000002
2008,10,19,23,30,18.3,37,169,694,694,37,169,35.09
2008,10,20,0,30,14.5,0,0,0,0,0,0,59.19
2008,10,20,1,30,12.700000000000001,0,0,0,0,0,0,62.77
2008,10,20,2,30,11.5,0,0,0,0,0,0,64.69
2008,10,20,3,30,10.4,0,0,0,0,0,0,67.39
2008,10,20,4,30,9.3,0,0,0,0,0,0,71.41
2008,10,20,5,30,8.3,0,0,0,0,0,0,76.35000000000001
2008,10,20,6,30,7.4,0,0,0,0,0,0,81.3
2008,10,20,7,30,6.5,0,0,0,0,0,0,85.86
2008,10,20,8,30,5.6000000000000005,0,0,0,0,0,0,88.73
2008,10,20,9,30,4.9,0,0,0,0,0,0,87.27
2008,10,20,10,30,4.3,0,0,0,0,0,0,82.21000000000001
2008,10,20,11,30,3.9000000000000004,0,0,0,0,0,0,75.05
2008,10,20,12,30,4.2,0,0,0,0,0,0,65.85
2008,10,20,13,30,7.300000000000001,28,122,696,696,28,122,54.300000000000004
2008,10,20,14,30,12,45,378,941,941,45,378,34.29
2008,10,20,15,30,16.7,54,616,1034,1034,54,616,23.03
2008,10,20,16,30,20.3,58,796,1065,1065,58,796,13.16
2008,10,20,17,30,22.1,62,920,1087,1087,62,920,12.33
2008,10,20,18,30,23.200000000000003,65,960,1082,1082,65,960,12.49
2008,10,20,19,30,23.8,66,931,1077,1077,66,931,12.81
2008,10,20,20,30,23.900000000000002,64,818,1047,1047,64,818,13.3
2008,10,20,21,30,23.5,60,645,1005,1005,60,645,14.05
2008,10,20,22,30,22,52,421,921,921,52,421,16
2008,10,20,23,30,18.3,36,171,722,722,36,171,30.98
2008,10,21,0,30,14.5,0,0,0,0,0,0,53.19
2008,10,21,1,30,12.600000000000001,0,0,0,0,0,0,53.19
2008,10,21,2,30,11.200000000000001,0,0,0,0,0,0,56.29
2008,10,21,3,30,9.9,0,0,0,0,0,0,59.99
2008,10,21,4,30,8.700000000000001,0,0,0,0,0,0,64.26
2008,10,21,5,30,7.800000000000001,0,0,0,0,0,0,68.48
2008,10,21,6,30,7.1000000000000005,0,0,0,0,0,0,72.55
2008,10,21,7,30,6.6000000000000005,0,0,0,0,0,0,75.85000000000001
2008,10,21,8,30,6.2,0,0,0,0,0,0,78.79
2008,10,21,9,30,5.9,0,0,0,0,0,0,81.11
2008,10,21,10,30,5.7,0,0,0,0,0,0,81.91
2008,10,21,11,30,5.6000000000000005,0,0,0,0,0,0,81.03
2008,10,21,12,30,6.1000000000000005,0,0,0,0,0,0,76.22
2008,10,21,13,30,9,31,110,594,594,31,110,64.42
2008,10,21,14,30,13.3,51,355,865,865,51,355,47.26
2008,10,21,15,30,17.8,61,585,968,968,61,585,34.61
2008,10,21,16,30,21.700000000000003,67,770,1020,1020,67,770,19.97
2008,10,21,17,30,23.400000000000002,70,887,1039,1039,70,887,17.2
2008,10,21,18,30,24.200000000000003,75,934,1044,1044,75,934,17.31
2008,10,21,19,30,24.6,74,901,1034,1034,74,901,17.52
2008,10,21,20,30,24.5,71,796,1012,1012,71,796,18.03
2008,10,21,21,30,24.1,67,622,958,107,287,349,18.75
2008,10,21,22,30,22.700000000000003,57,400,863,23,208,217,20.830000000000002
2008,10,21,23,30,19.5,39,157,643,41,93,101,35.910000000000004
2008,10,22,0,30,16.3,0,0,0,0,0,0,54.980000000000004
2008,10,22,1,30,14.9,0,0,0,0,0,0,55.04
2008,10,22,2,30,13.9,0,0,0,0,0,0,58.19
2008,10,22,3,30,12.8,0,0,0,0,0,0,62.61
2008,10,22,4,30,11.9,0,0,0,0,0,0,66.32000000000001
2008,10,22,5,30,11.100000000000001,0,0,0,0,0,0,70.75
2008,10,22,6,30,10.5,0,0,0,0,0,0,75.44
2008,10,22,7,30,10.200000000000001,0,0,0,0,0,0,80.45
2008,10,22,8,30,10.100000000000001,0,0,0,0,0,0,85.32000000000001
2008,10,22,9,30,10.100000000000001,0,0,0,0,0,0,89.68
2008,10,22,10,30,10,0,0,0,0,0,0,93.67
2008,10,22,11,30,9.9,0,0,0,0,0,0,96.06
2008,10,22,12,30,10.100000000000001,0,0,0,0,0,0,94.98
2008,10,22,13,30,11.9,33,99,506,506,33,99,85.33
2008,10,22,14,30,15.200000000000001,56,332,792,792,56,332,71.02
2008,10,22,15,30,18.400000000000002,68,555,905,905,68,555,57.43
2008,10,22,16,30,20.8,76,735,960,960,76,735,44.32
2008,10,22,17,30,22.1,81,852,985,985,81,852,37.7
2008,10,22,18,30,22.8,84,901,996,996,84,901,34.800000000000004
2008,10,22,19,30,23,85,871,987,987,85,871,33.53
2008,10,22,20,30,22.900000000000002,82,767,962,962,82,767,33.03
2008,10,22,21,30,22.3,74,601,916,916,74,601,33.79
2008,10,22,22,30,21.1,63,384,814,0,49,49,36.09
2008,10,22,23,30,18.6,43,147,575,575,43,147,45.76
2008,10,23,0,30,16,0,0,0,0,0,0,64.16
2008,10,23,1,30,14.5,0,0,0,0,0,0,66.43
2008,10,23,2,30,13.5,0,0,0,0,0,0,67.19
2008,10,23,3,30,12.5,0,0,0,0,0,0,69.4
2008,10,23,4,30,11.600000000000001,0,0,0,0,0,0,72.56
2008,10,23,5,30,10.9,0,0,0,0,0,0,75.49
2008,10,23,6,30,10.3,0,0,0,0,0,0,79.08
2008,10,23,7,30,9.700000000000001,0,0,0,0,0,0,83.15
2008,10,23,8,30,9.200000000000001,0,0,0,0,0,0,86.62
2008,10,23,9,30,8.6,0,0,0,0,0,0,90.72
2008,10,23,10,30,8.1,0,0,0,0,0,0,94.27
2008,10,23,11,30,7.7,0,0,0,0,0,0,98.15
2008,10,23,12,30,7.6000000000000005,0,0,0,0,0,0,99.49000000000001
2008,10,23,13,30,9,38,94,441,441,38,94,90.35000000000001
2008,10,23,14,30,12,67,326,748,748,67,326,75.77
2008,10,23,15,30,15.4,80,551,879,879,80,551,61.56
2008,10,23,16,30,18.3,85,735,950,950,85,735,49.93
2008,10,23,17,30,20.400000000000002,88,854,983,983,88,854,41.75
2008,10,23,18,30,21.8,88,901,996,996,88,901,36.26
2008,10,23,19,30,22.6,88,871,987,987,88,871,32.88
2008,10,23,20,30,22.900000000000002,84,765,960,960,84,765,30.970000000000002
2008,10,23,21,30,22.8,76,597,910,220,328,453,30.13
2008,10,23,22,30,21.900000000000002,66,378,800,0,78,78,31.2
2008,10,23,23,30,20,45,142,554,22,98,101,39.82
2008,10,24,0,30,17.900000000000002,0,0,0,0,0,0,60.13
2008,10,24,1,30,16.5,0,0,0,0,0,0,63.45
2008,10,24,2,30,15.4,0,0,0,0,0,0,68.72
2008,10,24,3,30,14.4,0,0,0,0,0,0,73.22
2008,10,24,4,30,13.3,0,0,0,0,0,0,78.59
2008,10,24,5,30,12.4,0,0,0,0,0,0,83.05
2008,10,24,6,30,11.600000000000001,0,0,0,0,0,0,86.56
2008,10,24,7,30,11,0,0,0,0,0,0,88.41
2008,10,24,8,30,10.4,0,0,0,0,0,0,90.10000000000001
2008,10,24,9,30,10,0,0,0,0,0,0,90.57000000000001
2008,10,24,10,30,9.600000000000001,0,0,0,0,0,0,91.13
2008,10,24,11,30,9.4,0,0,0,0,0,0,90.88
2008,10,24,12,30,9.5,0,0,0,0,0,0,89.47
2008,10,24,13,30,11,37,92,432,3,45,45,82.91
2008,10,24,14,30,13.3,67,321,738,348,151,270,73.34
2008,10,24,15,30,16.2,82,543,864,864,82,543,62.32
2008,10,24,16,30,18.8,91,722,927,927,91,722,47.27
2008,10,24,17,30,19.900000000000002,97,837,954,194,384,534,43.34
2008,10,24,18,30,20.5,114,877,938,500,292,698,41.84
2008,10,24,19,30,20.6,117,844,921,166,400,531,41.64
2008,10,24,20,30,20.400000000000002,118,737,877,307,345,561,41.980000000000004
2008,10,24,21,30,19.900000000000002,114,567,799,304,271,444,43.24
2008,10,24,22,30,19.1,97,353,663,81,208,239,45.81
2008,10,24,23,30,18.1,60,127,386,37,77,83,53.42
2008,10,25,0,30,16.8,0,0,0,0,0,0,62.82
2008,10,25,1,30,15.5,0,0,0,0,0,0,71.14
2008,10,25,2,30,14.4,0,0,0,0,0,0,78.63
2008,10,25,3,30,13.600000000000001,0,0,0,0,0,0,81.35000000000001
2008,10,25,4,30,13,0,0,0,0,0,0,83.89
2008,10,25,5,30,12.600000000000001,0,0,0,0,0,0,86.35000000000001
2008,10,25,6,30,12.200000000000001,0,0,0,0,0,0,89.34
2008,10,25,7,30,11.9,0,0,0,0,0,0,91.52
2008,10,25,8,30,11.5,0,0,0,0,0,0,93.60000000000001
2008,10,25,9,30,11.200000000000001,0,0,0,0,0,0,94.67
2008,10,25,10,30,11.100000000000001,0,0,0,0,0,0,94.92
2008,10,25,11,30,11.100000000000001,0,0,0,0,0,0,94.84
2008,10,25,12,30,11.3,0,0,0,0,0,0,93.18
2008,10,25,13,30,12.5,43,83,326,1,29,29,86.56
2008,10,25,14,30,15.200000000000001,77,309,680,0,42,42,72.15
2008,10,25,15,30,18.1,89,532,834,0,115,115,55.81
2008,10,25,16,30,19.900000000000002,97,712,908,67,350,395,45.47
2008,10,25,17,30,21,101,830,943,496,363,746,40.68
2008,10,25,18,30,21.6,97,878,964,488,383,778,37.85
2008,10,25,19,30,21.700000000000003,97,847,956,168,463,595,36.56
2008,10,25,20,30,21.3,94,744,926,83,381,439,36.82
2008,10,25,21,30,20.700000000000003,92,575,855,0,177,177,37.92
2008,10,25,22,30,19.6,79,360,734,1,122,122,40.79
2008,10,25,23,30,17.7,50,131,476,0,32,32,56.9
2008,10,26,0,30,16.1,0,0,0,0,0,0,69.84
2008,10,26,1,30,15,0,0,0,0,0,0,71.64
2008,10,26,2,30,14,0,0,0,0,0,0,74.58
2008,10,26,3,30,12.9,0,0,0,0,0,0,78.51
2008,10,26,4,30,11.8,0,0,0,0,0,0,82.85000000000001
2008,10,26,5,30,10.8,0,0,0,0,0,0,87.56
2008,10,26,6,30,10,0,0,0,0,0,0,91.12
2008,10,26,7,30,9.5,0,0,0,0,0,0,94.05
2008,10,26,8,30,9.1,0,0,0,0,0,0,96.4
2008,10,26,9,30,9.1,0,0,0,0,0,0,95.76
2008,10,26,10,30,9.200000000000001,0,0,0,0,0,0,94.27
2008,10,26,11,30,9.5,0,0,0,0,0,0,91.38
2008,10,26,12,30,9.9,0,0,0,0,0,0,87.82000000000001
2008,10,26,13,30,11.4,35,88,437,437,35,88,81.21000000000001
2008,10,26,14,30,14.3,63,316,747,7,158,161,66.91
2008,10,26,15,30,17.400000000000002,76,537,874,874,76,537,50.76
2008,10,26,16,30,19.700000000000003,81,717,943,490,309,639,43.22
2008,10,26,17,30,21.200000000000003,85,834,974,442,377,717,39.11
2008,10,26,18,30,22.200000000000003,87,882,985,985,87,882,36.46
2008,10,26,19,30,22.3,88,851,976,976,88,851,35.84
2008,10,26,20,30,21.8,85,748,948,948,85,748,36.46
2008,10,26,21,30,21.200000000000003,70,582,913,913,70,582,37.64
2008,10,26,22,30,20.200000000000003,59,368,814,77,219,249,40.57
2008,10,26,23,30,18.1,39,135,572,572,39,135,54.81
2008,10,27,0,30,15.9,0,0,0,0,0,0,71.11
2008,10,27,1,30,14.8,0,0,0,0,0,0,72.81
2008,10,27,2,30,14.200000000000001,0,0,0,0,0,0,74.60000000000001
2008,10,27,3,30,13.600000000000001,0,0,0,0,0,0,76.66
2008,10,27,4,30,13,0,0,0,0,0,0,78.75
2008,10,27,5,30,12.5,0,0,0,0,0,0,80.88
2008,10,27,6,30,11.9,0,0,0,0,0,0,84.05
2008,10,27,7,30,11.4,0,0,0,0,0,0,86.54
2008,10,27,8,30,11,0,0,0,0,0,0,88.25
2008,10,27,9,30,10.700000000000001,0,0,0,0,0,0,89.99
2008,10,27,10,30,10.4,0,0,0,0,0,0,91.57000000000001
2008,10,27,11,30,10.4,0,0,0,0,0,0,91.88
2008,10,27,12,30,10.5,0,0,0,0,0,0,92.25
2008,10,27,13,30,11.3,42,80,316,316,42,80,88.72
2008,10,27,14,30,12.9,81,302,654,654,81,302,82.76
2008,10,27,15,30,14.9,101,522,802,802,101,522,74.14
2008,10,27,16,30,16.8,102,703,895,895,102,703,62.050000000000004
2008,10,27,17,30,18.2,98,823,947,947,98,823,51.95
2008,10,27,18,30,19.1,91,874,975,975,91,874,46.93
2008,10,27,19,30,19.1,87,843,971,971,87,843,46.57
2008,10,27,20,30,18.5,80,741,952,1,259,260,48.46
2008,10,27,21,30,17.7,69,577,911,0,94,94,50.88
2008,10,27,22,30,16.5,59,364,809,809,59,364,54.61
2008,10,27,23,30,14.9,38,132,568,0,37,37,61.04
2008,10,28,0,30,13.3,0,0,0,0,0,0,69.21000000000001
2008,10,28,1,30,12.100000000000001,0,0,0,0,0,0,76.37
2008,10,28,2,30,11.100000000000001,0,0,0,0,0,0,83.05
2008,10,28,3,30,10.5,0,0,0,0,0,0,87.83
2008,10,28,4,30,10,0,0,0,0,0,0,90.24
2008,10,28,5,30,9.4,0,0,0,0,0,0,91.54
2008,10,28,6,30,8.9,0,0,0,0,0,0,91.83
2008,10,28,7,30,8.5,0,0,0,0,0,0,92.64
2008,10,28,8,30,8.200000000000001,0,0,0,0,0,0,92.73
2008,10,28,9,30,8,0,0,0,0,0,0,91.73
2008,10,28,10,30,7.9,0,0,0,0,0,0,91.29
2008,10,28,11,30,7.800000000000001,0,0,0,0,0,0,91.2
2008,10,28,12,30,7.800000000000001,0,0,0,0,0,0,90.74
2008,10,28,13,30,8.4,33,88,471,0,38,38,87.21000000000001
2008,10,28,14,30,9.600000000000001,59,320,783,68,195,217,81.14
2008,10,28,15,30,11.4,72,542,902,11,239,245,72.63
2008,10,28,16,30,13.4,80,719,955,45,349,380,64.1
2008,10,28,17,30,15,87,833,979,139,447,554,57.97
2008,10,28,18,30,16.1,91,875,981,4,361,364,54.300000000000004
2008,10,28,19,30,16.5,90,842,970,0,211,211,52.96
2008,10,28,20,30,16.2,89,738,939,1,238,238,53.480000000000004
2008,10,28,21,30,15.200000000000001,89,568,864,0,92,92,56.19
2008,10,28,22,30,14,72,355,755,0,97,97,59.35
2008,10,28,23,30,12.3,44,126,506,9,83,84,64.47
2008,10,29,0,30,10.600000000000001,0,0,0,0,0,0,70.67
2008,10,29,1,30,9.3,0,0,0,0,0,0,75.28
2008,10,29,2,30,8.3,0,0,0,0,0,0,77.61
2008,10,29,3,30,7.4,0,0,0,0,0,0,79.99
2008,10,29,4,30,6.6000000000000005,0,0,0,0,0,0,82.46000000000001
2008,10,29,5,30,5.800000000000001,0,0,0,0,0,0,85.79
2008,10,29,6,30,5.2,0,0,0,0,0,0,87.87
2008,10,29,7,30,4.9,0,0,0,0,0,0,88.31
2008,10,29,8,30,4.7,0,0,0,0,0,0,88.99
2008,10,29,9,30,4.4,0,0,0,0,0,0,90.98
2008,10,29,10,30,4.3,0,0,0,0,0,0,92.03
2008,10,29,11,30,4.2,0,0,0,0,0,0,92.83
2008,10,29,12,30,4.3,0,0,0,0,0,0,92.07000000000001
2008,10,29,13,30,5.6000000000000005,30,89,515,7,48,49,84.42
2008,10,29,14,30,8.200000000000001,51,322,818,371,144,266,70.27
2008,10,29,15,30,11.5,62,545,932,711,156,525,56.51
2008,10,29,16,30,15.4,68,724,987,579,235,621,45.08
2008,10,29,17,30,19.1,71,842,1015,840,129,768,34.97
2008,10,29,18,30,21,72,887,1024,1024,72,887,32.12
2008,10,29,19,30,21.700000000000003,71,857,1019,1019,71,857,31.38
2008,10,29,20,30,21.8,69,753,995,995,69,753,31.13
2008,10,29,21,30,21.200000000000003,64,585,945,945,64,585,31.93
2008,10,29,22,30,19.6,54,367,845,370,158,296,35.5
2008,10,29,23,30,16.6,36,132,605,605,36,132,52.88
2008,10,30,0,30,13.9,0,0,0,0,0,0,65.87
2008,10,30,1,30,12.600000000000001,0,0,0,0,0,0,65.81
2008,10,30,2,30,11.3,0,0,0,0,0,0,66.98
2008,10,30,3,30,10,0,0,0,0,0,0,69.10000000000001
2008,10,30,4,30,8.8,0,0,0,0,0,0,73.58
2008,10,30,5,30,8,0,0,0,0,0,0,77.88
2008,10,30,6,30,7.300000000000001,0,0,0,0,0,0,82.95
2008,10,30,7,30,6.800000000000001,0,0,0,0,0,0,86.97
2008,10,30,8,30,6.2,0,0,0,0,0,0,91.13
2008,10,30,9,30,5.800000000000001,0,0,0,0,0,0,93.43
2008,10,30,10,30,5.4,0,0,0,0,0,0,94.78
2008,10,30,11,30,5.2,0,0,0,0,0,0,93.56
2008,10,30,12,30,5.5,0,0,0,0,0,0,88.09
2008,10,30,13,30,7.4,29,87,512,15,52,54,76.72
2008,10,30,14,30,10.700000000000001,52,320,817,389,132,260,57.97
2008,10,30,15,30,14.8,62,544,932,492,232,486,41.53
2008,10,30,16,30,18.3,69,723,988,988,69,723,28.19
2008,10,30,17,30,20,72,840,1016,1016,72,840,27.310000000000002
2008,10,30,18,30,21.1,74,886,1024,1024,74,886,26.19
2008,10,30,19,30,21.700000000000003,73,855,1019,1019,73,855,24.93
2008,10,30,20,30,21.6,70,752,995,995,70,752,24.47
2008,10,30,21,30,20.700000000000003,70,581,933,298,256,419,25.42
2008,10,30,22,30,18.900000000000002,60,363,825,466,127,298,29.25
2008,10,30,23,30,16.1,38,127,567,222,55,90,50.25
2008,10,31,0,30,13.8,0,0,0,0,0,0,59.95
2008,10,31,1,30,12.600000000000001,0,0,0,0,0,0,61.19
2008,10,31,2,30,11.5,0,0,0,0,0,0,64.13
2008,10,31,3,30,10.4,0,0,0,0,0,0,69.10000000000001
2008,10,31,4,30,9.4,0,0,0,0,0,0,76.09
2008,10,31,5,30,8.700000000000001,0,0,0,0,0,0,83.24
2008,10,31,6,30,8.200000000000001,0,0,0,0,0,0,89.08
2008,10,31,7,30,7.6000000000000005,0,0,0,0,0,0,94.8
2008,10,31,8,30,7.300000000000001,0,0,0,0,0,0,98.28
2008,10,31,9,30,7.300000000000001,0,0,0,0,0,0,98.33
2008,10,31,10,30,7.2,0,0,0,0,0,0,97.49000000000001
2008,10,31,11,30,6.7,0,0,0,0,0,0,99.31
2008,10,31,12,30,6.4,0,0,0,0,0,0,100
2008,10,31,13,30,7.5,32,83,460,460,32,83,92.89
2008,10,31,14,30,10.200000000000001,57,315,791,791,57,315,77.17
2008,10,31,15,30,13.8,67,543,927,927,67,543,59.13
2008,10,31,16,30,17.400000000000002,72,724,990,990,72,724,41.29
2008,10,31,17,30,20,75,842,1020,1020,75,842,28.7
2008,10,31,18,30,21.3,76,888,1030,1030,76,888,23.87
2008,10,31,19,30,21.900000000000002,74,854,1021,1021,74,854,22.830000000000002
2008,10,31,20,30,22,70,750,998,998,70,750,22.56
2008,10,31,21,30,21.5,63,582,951,951,63,582,23.25
2008,10,31,22,30,20.1,53,365,855,855,53,365,25.79
2008,10,31,23,30,16.6,34,129,612,612,34,129,36.7
2008,11,1,0,30,13.200000000000001,0,0,0,0,0,0,56.910000000000004
2008,11,1,1,30,11.8,0,0,0,0,0,0,60.31
2008,11,1,2,30,10.700000000000001,0,0,0,0,0,0,65.22
2008,11,1,3,30,9.4,0,0,0,0,0,0,73.48
2008,11,1,4,30,8.1,0,0,0,0,0,0,83.53
2008,11,1,5,30,6.9,0,0,0,0,0,0,93.8
2008,11,1,6,30,6.2,0,0,0,0,0,0,100
2008,11,1,7,30,6.2,0,0,0,0,0,0,100
2008,11,1,8,30,6.2,0,0,0,0,0,0,100
2008,11,1,9,30,5.9,0,0,0,0,0,0,98.75
2008,11,1,10,30,5.7,0,0,0,0,0,0,97.08
2008,11,1,11,30,5.5,0,0,0,0,0,0,96.86
2008,11,1,12,30,5.6000000000000005,0,0,0,0,0,0,95.91
2008,11,1,13,30,6.5,31,83,480,480,31,83,90.71000000000001
2008,11,1,14,30,8.8,56,318,812,812,56,318,78.65
2008,11,1,15,30,12.100000000000001,64,546,946,946,64,546,64.16
2008,11,1,16,30,15.4,68,725,1002,1002,68,725,51.83
2008,11,1,17,30,18,70,843,1032,1032,70,843,41.410000000000004
2008,11,1,18,30,19.700000000000003,68,885,1040,1040,68,885,34.160000000000004
2008,11,1,19,30,20.6,66,854,1036,1036,66,854,31
2008,11,1,20,30,20.900000000000002,62,750,1015,1015,62,750,29.740000000000002
2008,11,1,21,30,20.5,58,580,962,962,58,580,29.990000000000002
2008,11,1,22,30,19.400000000000002,49,363,868,868,49,363,31.67
2008,11,1,23,30,16.1,32,127,632,632,32,127,43.19
2008,11,2,0,30,12.700000000000001,0,0,0,0,0,0,65.29
2008,11,2,1,30,11.3,0,0,0,0,0,0,67.09
2008,11,2,2,30,10.200000000000001,0,0,0,0,0,0,70.64
2008,11,2,3,30,9.200000000000001,0,0,0,0,0,0,75.59
2008,11,2,4,30,8.3,0,0,0,0,0,0,81.61
2008,11,2,5,30,7.4,0,0,0,0,0,0,88.99
2008,11,2,6,30,6.6000000000000005,0,0,0,0,0,0,97.72
2008,11,2,7,30,5.9,0,0,0,0,0,0,100
2008,11,2,8,30,5.800000000000001,0,0,0,0,0,0,100
2008,11,2,9,30,6.1000000000000005,0,0,0,0,0,0,100
2008,11,2,10,30,6.1000000000000005,0,0,0,0,0,0,100
2008,11,2,11,30,5.7,0,0,0,0,0,0,100
2008,11,2,12,30,5.4,0,0,0,0,0,0,98.16
2008,11,2,13,30,6.2,27,85,544,544,27,85,89.17
2008,11,2,14,30,9.3,47,322,856,38,185,197,70.63
2008,11,2,15,30,13.9,56,548,970,201,301,403,50.17
2008,11,2,16,30,17.6,61,728,1023,1023,61,728,35.11
2008,11,2,17,30,19.5,64,847,1049,1049,64,847,28.96
2008,11,2,18,30,20.700000000000003,67,892,1055,1055,67,892,25.36
2008,11,2,19,30,21.3,65,862,1051,1051,65,862,23.16
2008,11,2,20,30,21.5,63,757,1028,1028,63,757,21.85
2008,11,2,21,30,21,57,587,984,984,57,587,21.62
2008,11,2,22,30,19.700000000000003,48,368,891,891,48,368,22.85
2008,11,2,23,30,16.2,31,129,656,656,31,129,36.95
2008,11,3,0,30,12.700000000000001,0,0,0,0,0,0,57.89
2008,11,3,1,30,11.100000000000001,0,0,0,0,0,0,58.29
2008,11,3,2,30,10,0,0,0,0,0,0,60
2008,11,3,3,30,8.9,0,0,0,0,0,0,62.61
2008,11,3,4,30,7.800000000000001,0,0,0,0,0,0,66.76
2008,11,3,5,30,6.9,0,0,0,0,0,0,72.86
2008,11,3,6,30,6.2,0,0,0,0,0,0,80.2
2008,11,3,7,30,5.6000000000000005,0,0,0,0,0,0,89.67
2008,11,3,8,30,5.1000000000000005,0,0,0,0,0,0,98.85000000000001
2008,11,3,9,30,4.6000000000000005,0,0,0,0,0,0,100
2008,11,3,10,30,4.6000000000000005,0,0,0,0,0,0,100
2008,11,3,11,30,4.9,0,0,0,0,0,0,100
2008,11,3,12,30,5.300000000000001,0,0,0,0,0,0,97.98
2008,11,3,13,30,6.7,27,80,508,508,27,80,86.66
2008,11,3,14,30,10,48,312,831,831,48,312,70.48
2008,11,3,15,30,15,57,535,948,948,57,535,52.43
2008,11,3,16,30,19.3,63,712,999,999,63,712,36.39
2008,11,3,17,30,21.400000000000002,67,828,1025,1025,67,828,28.060000000000002
2008,11,3,18,30,22.5,69,874,1034,1034,69,874,25.32
2008,11,3,19,30,23,68,840,1023,1023,68,840,24.11
2008,11,3,20,30,23.1,66,737,999,999,66,737,23.84
2008,11,3,21,30,22.6,61,568,945,945,61,568,24.57
2008,11,3,22,30,21.200000000000003,52,353,842,842,52,353,26.900000000000002
2008,11,3,23,30,18.400000000000002,34,120,588,8,74,75,38.44
2008,11,4,0,30,15.700000000000001,0,0,0,0,0,0,59.61
2008,11,4,1,30,14.3,0,0,0,0,0,0,60.07
2008,11,4,2,30,13.100000000000001,0,0,0,0,0,0,61.49
2008,11,4,3,30,11.700000000000001,0,0,0,0,0,0,63.83
2008,11,4,4,30,10.4,0,0,0,0,0,0,66.84
2008,11,4,5,30,9.3,0,0,0,0,0,0,70.59
2008,11,4,6,30,8.4,0,0,0,0,0,0,74.59
2008,11,4,7,30,7.800000000000001,0,0,0,0,0,0,77.49
2008,11,4,8,30,7.300000000000001,0,0,0,0,0,0,80.41
2008,11,4,9,30,7,0,0,0,0,0,0,82.65
2008,11,4,10,30,6.7,0,0,0,0,0,0,85.4
2008,11,4,11,30,6.5,0,0,0,0,0,0,88.58
2008,11,4,12,30,6.800000000000001,0,0,0,0,0,0,89.88
2008,11,4,13,30,9.3,25,77,506,506,25,77,79.16
2008,11,4,14,30,13.8,47,305,820,820,47,305,62.7
2008,11,4,15,30,17.8,57,527,939,939,57,527,50.93
2008,11,4,16,30,20.6,63,705,995,995,63,705,40.49
2008,11,4,17,30,22.200000000000003,66,822,1022,1022,66,822,34.18
2008,11,4,18,30,23.3,70,867,1028,1028,70,867,30.44
2008,11,4,19,30,23.900000000000002,69,833,1017,1017,69,833,28.1
2008,11,4,20,30,24.1,67,730,993,993,67,730,26.73
2008,11,4,21,30,23.6,60,564,947,947,60,564,26.7
2008,11,4,22,30,22.3,51,348,841,841,51,348,28.42
2008,11,4,23,30,19.5,33,117,586,147,73,95,40.07
2008,11,5,0,30,16.7,0,0,0,0,0,0,61.7
2008,11,5,1,30,15.200000000000001,0,0,0,0,0,0,63.58
2008,11,5,2,30,13.8,0,0,0,0,0,0,67.16
2008,11,5,3,30,12.600000000000001,0,0,0,0,0,0,71.91
2008,11,5,4,30,11.5,0,0,0,0,0,0,79.48
2008,11,5,5,30,10.600000000000001,0,0,0,0,0,0,86.58
2008,11,5,6,30,10,0,0,0,0,0,0,91.10000000000001
2008,11,5,7,30,9.5,0,0,0,0,0,0,94.34
2008,11,5,8,30,9,0,0,0,0,0,0,97.10000000000001
2008,11,5,9,30,8.200000000000001,0,0,0,0,0,0,100
2008,11,5,10,30,7.5,0,0,0,0,0,0,100
2008,11,5,11,30,6.9,0,0,0,0,0,0,100
2008,11,5,12,30,6.5,0,0,0,0,0,0,95.33
2008,11,5,13,30,8.200000000000001,24,79,559,559,24,79,79.08
2008,11,5,14,30,12,41,312,870,870,41,312,58.58
2008,11,5,15,30,16.5,49,536,979,979,49,536,41.49
2008,11,5,16,30,19.900000000000002,53,719,1038,1038,53,719,26.79
2008,11,5,17,30,21.8,54,837,1064,1064,54,837,22.66
2008,11,5,18,30,23,57,883,1071,1071,57,883,20.28
2008,11,5,19,30,23.700000000000003,54,847,1060,1060,54,847,18.93
2008,11,5,20,30,23.8,52,743,1039,1039,52,743,18.63
2008,11,5,21,30,23.3,49,575,994,994,49,575,19.32
2008,11,5,22,30,21.6,41,356,896,896,41,356,22.26
2008,11,5,23,30,17.7,27,121,661,661,27,121,38.37
2008,11,6,0,30,14,0,0,0,0,0,0,57.76
2008,11,6,1,30,12.600000000000001,0,0,0,0,0,0,61.06
2008,11,6,2,30,11.600000000000001,0,0,0,0,0,0,66.3
2008,11,6,3,30,10.8,0,0,0,0,0,0,72.71000000000001
2008,11,6,4,30,10,0,0,0,0,0,0,80.32000000000001
2008,11,6,5,30,9.3,0,0,0,0,0,0,87.17
2008,11,6,6,30,8.6,0,0,0,0,0,0,94.04
2008,11,6,7,30,8.1,0,0,0,0,0,0,98.81
2008,11,6,8,30,7.4,0,0,0,0,0,0,100
2008,11,6,9,30,6.800000000000001,0,0,0,0,0,0,100
2008,11,6,10,30,6.300000000000001,0,0,0,0,0,0,100
2008,11,6,11,30,5.800000000000001,0,0,0,0,0,0,100
2008,11,6,12,30,5.6000000000000005,0,0,0,0,0,0,100
2008,11,6,13,30,7.5,23,76,551,551,23,76,86.73
2008,11,6,14,30,11.4,42,307,859,859,42,307,65.75
2008,11,6,15,30,16.400000000000002,50,530,970,970,50,530,47.29
2008,11,6,16,30,20.400000000000002,55,709,1022,1022,55,709,27.76
2008,11,6,17,30,21.900000000000002,59,823,1042,1042,59,823,25.25
2008,11,6,18,30,22.900000000000002,66,869,1045,1045,66,869,24.11
2008,11,6,19,30,23.400000000000002,66,836,1034,1034,66,836,23.46
2008,11,6,20,30,23.5,63,733,1011,645,214,641,23.240000000000002
2008,11,6,21,30,23,61,565,956,529,196,475,23.68
2008,11,6,22,30,21.6,51,349,855,855,51,349,25.72
2008,11,6,23,30,18.7,32,115,596,596,32,115,42.300000000000004
2008,11,7,0,30,16.3,0,0,0,0,0,0,52.34
2008,11,7,1,30,15.5,0,0,0,0,0,0,49.53
2008,11,7,2,30,14.9,0,0,0,0,0,0,48.95
2008,11,7,3,30,14.200000000000001,0,0,0,0,0,0,49.410000000000004
2008,11,7,4,30,13.3,0,0,0,0,0,0,51.84
2008,11,7,5,30,12.4,0,0,0,0,0,0,54.71
2008,11,7,6,30,11.4,0,0,0,0,0,0,59.07
2008,11,7,7,30,10.8,0,0,0,0,0,0,62.08
2008,11,7,8,30,10.4,0,0,0,0,0,0,64.64
2008,11,7,9,30,10.200000000000001,0,0,0,0,0,0,66.39
2008,11,7,10,30,9.9,0,0,0,0,0,0,68.93
2008,11,7,11,30,9.3,0,0,0,0,0,0,71.23
2008,11,7,12,30,9,0,0,0,0,0,0,71.95
2008,11,7,13,30,10.3,26,71,483,483,26,71,65.41
2008,11,7,14,30,13.600000000000001,49,299,817,817,49,299,55.300000000000004
2008,11,7,15,30,17.7,61,521,936,936,61,521,41.44
2008,11,7,16,30,20.700000000000003,68,697,988,988,68,697,31.900000000000002
2008,11,7,17,30,21.8,73,813,1015,1015,73,813,28.96
2008,11,7,18,30,22.200000000000003,73,859,1026,1026,73,859,27.87
2008,11,7,19,30,22.5,74,828,1018,1018,74,828,27.23
2008,11,7,20,30,22.6,71,723,988,749,182,676,27.13
2008,11,7,21,30,22.200000000000003,66,555,933,691,151,513,28.07
2008,11,7,22,30,20.8,56,340,819,477,127,292,31.490000000000002
2008,11,7,23,30,17.8,35,109,539,197,68,95,49.21
2008,11,8,0,30,15.200000000000001,0,0,0,0,0,0,63.370000000000005
2008,11,8,1,30,13.9,0,0,0,0,0,0,65.73
2008,11,8,2,30,12.4,0,0,0,0,0,0,68.41
2008,11,8,3,30,10.8,0,0,0,0,0,0,73
2008,11,8,4,30,9.5,0,0,0,0,0,0,77.62
2008,11,8,5,30,8.8,0,0,0,0,0,0,80.27
2008,11,8,6,30,8.3,0,0,0,0,0,0,83.5
2008,11,8,7,30,8.1,0,0,0,0,0,0,86.69
2008,11,8,8,30,8.200000000000001,0,0,0,0,0,0,91.78
2008,11,8,9,30,8.4,0,0,0,0,0,0,97.81
2008,11,8,10,30,8.4,0,0,0,0,0,0,100
2008,11,8,11,30,8.4,0,0,0,0,0,0,100
2008,11,8,12,30,8.5,0,0,0,0,0,0,100
2008,11,8,13,30,10.100000000000001,33,61,311,311,33,61,98.06
2008,11,8,14,30,12.9,69,280,694,0,85,85,82.45
2008,11,8,15,30,15.9,81,502,861,1,173,174,66.97
2008,11,8,16,30,18.8,84,683,945,90,373,430,50.69
2008,11,8,17,30,20.900000000000002,87,800,982,982,87,800,38.85
2008,11,8,18,30,22.200000000000003,85,846,999,999,85,846,33.28
2008,11,8,19,30,22.900000000000002,82,817,996,996,82,817,30.28
2008,11,8,20,30,23.200000000000003,76,715,974,974,76,715,28.48
2008,11,8,21,30,22.900000000000002,68,550,922,922,68,550,27.900000000000002
2008,11,8,22,30,21.700000000000003,56,337,819,819,56,337,29.310000000000002
2008,11,8,23,30,18.900000000000002,34,108,547,547,34,108,42.53
2008,11,9,0,30,16.2,0,0,0,0,0,0,60.27
2008,11,9,1,30,14.9,0,0,0,0,0,0,64.13
2008,11,9,2,30,13.9,0,0,0,0,0,0,68.97
2008,11,9,3,30,12.8,0,0,0,0,0,0,72.75
2008,11,9,4,30,11.5,0,0,0,0,0,0,76.95
2008,11,9,5,30,10.5,0,0,0,0,0,0,82.39
2008,11,9,6,30,9.600000000000001,0,0,0,0,0,0,88.54
2008,11,9,7,30,8.8,0,0,0,0,0,0,95.10000000000001
2008,11,9,8,30,8.200000000000001,0,0,0,0,0,0,100
2008,11,9,9,30,7.7,0,0,0,0,0,0,100
2008,11,9,10,30,7.4,0,0,0,0,0,0,100
2008,11,9,11,30,7,0,0,0,0,0,0,100
2008,11,9,12,30,6.9,0,0,0,0,0,0,100
2008,11,9,13,30,9.1,27,65,426,426,27,65,95.63
2008,11,9,14,30,13.3,55,289,778,284,145,230,74.04
2008,11,9,15,30,16.8,69,507,903,903,69,507,57.7
2008,11,9,16,30,19,78,684,963,963,78,684,46.300000000000004
2008,11,9,17,30,20.3,82,801,995,995,82,801,40.68
2008,11,9,18,30,21.200000000000003,84,844,1001,1001,84,844,37.03
2008,11,9,19,30,21.700000000000003,78,815,1002,1002,78,815,34.87
2008,11,9,20,30,21.6,72,714,983,983,72,714,34.15
2008,11,9,21,30,21,61,550,941,941,61,550,34.77
2008,11,9,22,30,19.5,50,338,842,842,50,338,37.9
2008,11,9,23,30,16.5,31,109,591,591,31,109,47.89
2008,11,10,0,30,13.700000000000001,0,0,0,0,0,0,64.08
2008,11,10,1,30,12.4,0,0,0,0,0,0,72.5
2008,11,10,2,30,11.700000000000001,0,0,0,0,0,0,78.34
2008,11,10,3,30,11.100000000000001,0,0,0,0,0,0,83.98
2008,11,10,4,30,10.4,0,0,0,0,0,0,91.58
2008,11,10,5,30,9.5,0,0,0,0,0,0,100
2008,11,10,6,30,8.8,0,0,0,0,0,0,100
2008,11,10,7,30,8.6,0,0,0,0,0,0,100
2008,11,10,8,30,8.5,0,0,0,0,0,0,100
2008,11,10,9,30,8.3,0,0,0,0,0,0,100
2008,11,10,10,30,8,0,0,0,0,0,0,98.88
2008,11,10,11,30,7.800000000000001,0,0,0,0,0,0,98.47
2008,11,10,12,30,7.7,0,0,0,0,0,0,99.13
2008,11,10,13,30,9.1,24,65,481,1,35,35,91.46000000000001
2008,11,10,14,30,12.100000000000001,46,290,819,819,46,290,76.32000000000001
2008,11,10,15,30,15.100000000000001,55,510,943,943,55,510,60.75
2008,11,10,16,30,17.7,61,685,996,996,61,685,48.2
2008,11,10,17,30,19.6,64,801,1024,505,337,701,40.77
2008,11,10,18,30,20.900000000000002,64,846,1035,1035,64,846,36.58
2008,11,10,19,30,21.6,62,816,1031,1031,62,816,34.43
2008,11,10,20,30,21.700000000000003,58,715,1009,1009,58,715,34.06
2008,11,10,21,30,21.1,54,550,961,961,54,550,35.24
2008,11,10,22,30,19.5,44,339,869,527,122,301,38.67
2008,11,10,23,30,16.3,28,110,619,313,58,99,49.31
2008,11,11,0,30,13.200000000000001,0,0,0,0,0,0,66.38
2008,11,11,1,30,11.8,0,0,0,0,0,0,74.76
2008,11,11,2,30,10.8,0,0,0,0,0,0,82.57000000000001
2008,11,11,3,30,9.9,0,0,0,0,0,0,91.71000000000001
2008,11,11,4,30,9.1,0,0,0,0,0,0,100
2008,11,11,5,30,8.4,0,0,0,0,0,0,100
2008,11,11,6,30,7.800000000000001,0,0,0,0,0,0,100
2008,11,11,7,30,7.5,0,0,0,0,0,0,100
2008,11,11,8,30,7.300000000000001,0,0,0,0,0,0,100
2008,11,11,9,30,7.2,0,0,0,0,0,0,100
2008,11,11,10,30,7.300000000000001,0,0,0,0,0,0,100
2008,11,11,11,30,7.2,0,0,0,0,0,0,100
2008,11,11,12,30,7.1000000000000005,0,0,0,0,0,0,100
2008,11,11,13,30,8,23,65,499,499,23,65,93.71000000000001
2008,11,11,14,30,10.600000000000001,44,294,849,849,44,294,78.37
2008,11,11,15,30,14.200000000000001,51,517,971,971,51,517,59.61
2008,11,11,16,30,17.8,54,695,1028,1028,54,695,41.72
2008,11,11,17,30,20.700000000000003,55,811,1055,1055,55,811,26.68
2008,11,11,18,30,22.400000000000002,60,854,1055,1055,60,854,21.11
2008,11,11,19,30,23.3,58,824,1051,1051,58,824,18.71
2008,11,11,20,30,23.400000000000002,54,722,1030,1030,54,722,18.01
2008,11,11,21,30,22.700000000000003,49,555,985,985,49,555,18.96
2008,11,11,22,30,20.700000000000003,40,341,892,892,40,341,21.900000000000002
2008,11,11,23,30,16.5,26,109,645,645,26,109,34.19
2008,11,12,0,30,12.8,0,0,0,0,0,0,52.09
2008,11,12,1,30,11.100000000000001,0,0,0,0,0,0,59.57
2008,11,12,2,30,10,0,0,0,0,0,0,66.68
2008,11,12,3,30,9,0,0,0,0,0,0,75.10000000000001
2008,11,12,4,30,8.4,0,0,0,0,0,0,82.53
2008,11,12,5,30,7.9,0,0,0,0,0,0,90.26
2008,11,12,6,30,7.2,0,0,0,0,0,0,96.28
2008,11,12,7,30,6.4,0,0,0,0,0,0,98.02
2008,11,12,8,30,6,0,0,0,0,0,0,94.38
2008,11,12,9,30,6,0,0,0,0,0,0,88.15
2008,11,12,10,30,6,0,0,0,0,0,0,85.04
2008,11,12,11,30,5.5,0,0,0,0,0,0,87.56
2008,11,12,12,30,4.9,0,0,0,0,0,0,89.88
2008,11,12,13,30,6.5,21,66,555,555,21,66,79.58
2008,11,12,14,30,10.5,39,298,885,885,39,298,62
2008,11,12,15,30,14.5,48,524,997,997,48,524,41.75
2008,11,12,16,30,17.8,52,704,1051,1051,52,704,27.16
2008,11,12,17,30,20.3,55,823,1077,1077,55,823,18.94
2008,11,12,18,30,21.900000000000002,55,869,1087,1087,55,869,14.71
2008,11,12,19,30,22.700000000000003,52,839,1083,1083,52,839,12.75
2008,11,12,20,30,22.8,50,735,1062,1062,50,735,12.44
2008,11,12,21,30,22,47,562,1006,1006,47,562,13.65
2008,11,12,22,30,19.900000000000002,40,346,913,913,40,346,16.88
2008,11,12,23,30,15.600000000000001,26,110,652,652,26,110,29.26
2008,11,13,0,30,11.9,0,0,0,0,0,0,47.31
2008,11,13,1,30,10.200000000000001,0,0,0,0,0,0,55.85
2008,11,13,2,30,8.8,0,0,0,0,0,0,65.11
2008,11,13,3,30,7.6000000000000005,0,0,0,0,0,0,73.23
2008,11,13,4,30,6.6000000000000005,0,0,0,0,0,0,79.93
2008,11,13,5,30,5.800000000000001,0,0,0,0,0,0,86.2
2008,11,13,6,30,5.2,0,0,0,0,0,0,92.06
2008,11,13,7,30,4.7,0,0,0,0,0,0,96.33
2008,11,13,8,30,4.2,0,0,0,0,0,0,98.95
2008,11,13,9,30,3.6,0,0,0,0,0,0,100
2008,11,13,10,30,3.2,0,0,0,0,0,0,99.21000000000001
2008,11,13,11,30,2.9000000000000004,0,0,0,0,0,0,96.44
2008,11,13,12,30,3,0,0,0,0,0,0,90.47
2008,11,13,13,30,5.1000000000000005,22,61,487,487,22,61,73.9
2008,11,13,14,30,9.200000000000001,45,287,837,837,45,287,55.660000000000004
2008,11,13,15,30,12.600000000000001,55,509,958,958,55,509,42.39
2008,11,13,16,30,14.9,61,688,1016,1016,61,688,36.2
2008,11,13,17,30,16.7,63,806,1046,1046,63,806,30.53
2008,11,13,18,30,18.1,66,852,1053,1053,66,852,26.67
2008,11,13,19,30,19.200000000000003,64,819,1044,1044,64,819,23.85
2008,11,13,20,30,19.700000000000003,60,717,1023,1023,60,717,22.29
2008,11,13,21,30,19.5,54,551,975,975,54,551,22.03
2008,11,13,22,30,18.1,44,337,878,878,44,337,24.21
2008,11,13,23,30,14.4,27,106,622,622,27,106,37.7
2008,11,14,0,30,11.100000000000001,0,0,0,0,0,0,55.69
2008,11,14,1,30,10,0,0,0,0,0,0,57.44
2008,11,14,2,30,9.4,0,0,0,0,0,0,58.13
2008,11,14,3,30,9.200000000000001,0,0,0,0,0,0,56.65
2008,11,14,4,30,9.1,0,0,0,0,0,0,54.72
2008,11,14,5,30,8.4,0,0,0,0,0,0,55.63
2008,11,14,6,30,7,0,0,0,0,0,0,61.63
2008,11,14,7,30,5.9,0,0,0,0,0,0,67.81
2008,11,14,8,30,5.4,0,0,0,0,0,0,71.05
2008,11,14,9,30,5.1000000000000005,0,0,0,0,0,0,74.14
2008,11,14,10,30,4.9,0,0,0,0,0,0,77.45
2008,11,14,11,30,4.7,0,0,0,0,0,0,81.33
2008,11,14,12,30,4.800000000000001,0,0,0,0,0,0,83.61
2008,11,14,13,30,7.5,19,60,532,532,19,60,71.56
2008,11,14,14,30,12.100000000000001,36,285,868,868,36,285,56.730000000000004
2008,11,14,15,30,16.6,45,507,983,983,45,507,43.26
2008,11,14,16,30,20.3,50,686,1036,1036,50,686,27.35
2008,11,14,17,30,22.200000000000003,52,804,1062,1062,52,804,22.36
2008,11,14,18,30,23.400000000000002,55,851,1070,1070,55,851,19.84
2008,11,14,19,30,24.1,54,822,1065,1065,54,822,18.34
2008,11,14,20,30,24.200000000000003,53,720,1042,1042,53,720,17.81
2008,11,14,21,30,23.6,48,550,989,989,48,550,18.31
2008,11,14,22,30,21.6,41,337,893,893,41,337,20.97
2008,11,14,23,30,17.2,26,106,636,636,26,106,40.71
2008,11,15,0,30,13.4,0,0,0,0,0,0,51.72
2008,11,15,1,30,11.600000000000001,0,0,0,0,0,0,52.980000000000004
2008,11,15,2,30,10.100000000000001,0,0,0,0,0,0,55.69
2008,11,15,3,30,8.700000000000001,0,0,0,0,0,0,60.33
2008,11,15,4,30,7.7,0,0,0,0,0,0,63.39
2008,11,15,5,30,6.9,0,0,0,0,0,0,65.57000000000001
2008,11,15,6,30,6.2,0,0,0,0,0,0,67.38
2008,11,15,7,30,5.5,0,0,0,0,0,0,69.22
2008,11,15,8,30,4.9,0,0,0,0,0,0,70.85000000000001
2008,11,15,9,30,4.4,0,0,0,0,0,0,72.78
2008,11,15,10,30,3.8000000000000003,0,0,0,0,0,0,76.43
2008,11,15,11,30,3.3000000000000003,0,0,0,0,0,0,80.5
2008,11,15,12,30,3,0,0,0,0,0,0,84.08
2008,11,15,13,30,4.3,23,54,430,430,23,54,78.95
2008,11,15,14,30,7.1000000000000005,50,277,799,799,50,277,67.71000000000001
2008,11,15,15,30,10.100000000000001,63,497,929,929,63,497,56.85
2008,11,15,16,30,12.9,71,676,990,990,71,676,48.58
2008,11,15,17,30,15.3,74,794,1022,1022,74,794,41.84
2008,11,15,18,30,17,75,840,1034,1034,75,840,36.97
2008,11,15,19,30,18.1,74,812,1028,1028,74,812,33.6
2008,11,15,20,30,18.400000000000002,70,710,1004,1004,70,710,32
2008,11,15,21,30,18.1,63,545,954,954,63,545,31.92
2008,11,15,22,30,16.8,52,330,842,842,52,330,34.49
2008,11,15,23,30,13.5,31,101,561,561,31,101,45.63
2008,11,16,0,30,10.3,0,0,0,0,0,0,61.96
2008,11,16,1,30,8.9,0,0,0,0,0,0,65.97
2008,11,16,2,30,7.6000000000000005,0,0,0,0,0,0,70.98
2008,11,16,3,30,6.5,0,0,0,0,0,0,76.22
2008,11,16,4,30,5.5,0,0,0,0,0,0,82.65
2008,11,16,5,30,4.6000000000000005,0,0,0,0,0,0,90.8
2008,11,16,6,30,3.7,0,0,0,0,0,0,99.37
2008,11,16,7,30,3.2,0,0,0,0,0,0,100
2008,11,16,8,30,3.2,0,0,0,0,0,0,100
2008,11,16,9,30,3,0,0,0,0,0,0,100
2008,11,16,10,30,2.6,0,0,0,0,0,0,100
2008,11,16,11,30,2.4000000000000004,0,0,0,0,0,0,98.78
2008,11,16,12,30,2.4000000000000004,0,0,0,0,0,0,96.62
2008,11,16,13,30,3.3000000000000003,23,52,405,405,23,52,89.49
2008,11,16,14,30,6,49,274,799,1,87,87,75.23
2008,11,16,15,30,9.9,60,495,937,11,217,222,59.550000000000004
2008,11,16,16,30,14.200000000000001,66,674,1000,53,323,355,45.83
2008,11,16,17,30,17.3,69,792,1032,1032,69,792,36.27
2008,11,16,18,30,18.900000000000002,69,838,1043,1043,69,838,31.87
2008,11,16,19,30,19.900000000000002,68,810,1037,1037,68,810,29.29
2008,11,16,20,30,20.200000000000003,65,709,1013,1013,65,709,28.18
2008,11,16,21,30,19.8,59,544,964,964,59,544,28.38
2008,11,16,22,30,18.2,50,329,851,851,50,329,31.04
2008,11,16,23,30,14.600000000000001,30,100,573,573,30,100,46.160000000000004
2008,11,17,0,30,11.3,0,0,0,0,0,0,61.86
2008,11,17,1,30,10,0,0,0,0,0,0,63.54
2008,11,17,2,30,8.8,0,0,0,0,0,0,66.78
2008,11,17,3,30,7.7,0,0,0,0,0,0,70.57000000000001
2008,11,17,4,30,6.7,0,0,0,0,0,0,74.33
2008,11,17,5,30,5.9,0,0,0,0,0,0,76.76
2008,11,17,6,30,5.300000000000001,0,0,0,0,0,0,77.91
2008,11,17,7,30,5.1000000000000005,0,0,0,0,0,0,77.29
2008,11,17,8,30,5.1000000000000005,0,0,0,0,0,0,75.94
2008,11,17,9,30,5.300000000000001,0,0,0,0,0,0,73.5
2008,11,17,10,30,5.7,0,0,0,0,0,0,70.25
2008,11,17,11,30,6.2,0,0,0,0,0,0,67.03
2008,11,17,12,30,6.5,0,0,0,0,0,0,65.19
2008,11,17,13,30,7.7,21,52,452,452,21,52,60.24
2008,11,17,14,30,10.5,45,275,826,826,45,275,54.050000000000004
2008,11,17,15,30,13.8,56,499,959,959,56,499,43.97
2008,11,17,16,30,16.3,62,678,1019,1019,62,678,37.69
2008,11,17,17,30,18,66,792,1041,1041,66,792,32.67
2008,11,17,18,30,19.200000000000003,66,839,1052,1052,66,839,29.26
2008,11,17,19,30,19.900000000000002,66,811,1046,1046,66,811,26.97
2008,11,17,20,30,20,63,710,1022,1022,63,710,26.03
2008,11,17,21,30,19.5,58,545,971,971,58,545,26.29
2008,11,17,22,30,17.8,49,331,864,864,49,331,29.310000000000002
2008,11,17,23,30,14.200000000000001,30,100,580,580,30,100,42.15
2008,11,18,0,30,11.100000000000001,0,0,0,0,0,0,56.72
2008,11,18,1,30,9.8,0,0,0,0,0,0,59.46
2008,11,18,2,30,8.5,0,0,0,0,0,0,63.95
2008,11,18,3,30,7.300000000000001,0,0,0,0,0,0,68.8
2008,11,18,4,30,6.2,0,0,0,0,0,0,73.48
2008,11,18,5,30,5.300000000000001,0,0,0,0,0,0,77.62
2008,11,18,6,30,4.5,0,0,0,0,0,0,80.93
2008,11,18,7,30,4,0,0,0,0,0,0,82.62
2008,11,18,8,30,3.8000000000000003,0,0,0,0,0,0,83.36
2008,11,18,9,30,3.6,0,0,0,0,0,0,84.01
2008,11,18,10,30,3.4000000000000004,0,0,0,0,0,0,84.75
2008,11,18,11,30,3.1,0,0,0,0,0,0,86.39
2008,11,18,12,30,3,0,0,0,0,0,0,87
2008,11,18,13,30,4.6000000000000005,21,50,434,434,21,50,77.92
2008,11,18,14,30,8.1,47,273,821,821,47,273,65.74
2008,11,18,15,30,11.700000000000001,59,495,951,951,59,495,53.870000000000005
2008,11,18,16,30,14.600000000000001,66,671,1005,1005,66,671,43.53
2008,11,18,17,30,16.400000000000002,71,789,1033,1033,71,789,38.050000000000004
2008,11,18,18,30,17.6,71,836,1046,1046,71,836,34.480000000000004
2008,11,18,19,30,18.3,69,808,1041,1041,69,808,32.06
2008,11,18,20,30,18.6,66,707,1017,1017,66,707,30.67
2008,11,18,21,30,18.3,57,540,967,967,57,540,30.59
2008,11,18,22,30,16.900000000000002,47,328,864,864,47,328,33.2
2008,11,18,23,30,13.4,29,100,593,593,29,100,48.46
2008,11,19,0,30,10.200000000000001,0,0,0,0,0,0,61.870000000000005
2008,11,19,1,30,8.8,0,0,0,0,0,0,64.28
2008,11,19,2,30,7.6000000000000005,0,0,0,0,0,0,67
2008,11,19,3,30,6.4,0,0,0,0,0,0,70.34
2008,11,19,4,30,5.300000000000001,0,0,0,0,0,0,73.66
2008,11,19,5,30,4.3,0,0,0,0,0,0,78.3
2008,11,19,6,30,3.2,0,0,0,0,0,0,84.21000000000001
2008,11,19,7,30,2.2,0,0,0,0,0,0,90.59
2008,11,19,8,30,1.1,0,0,0,0,0,0,99.19
2008,11,19,9,30,0,0,0,0,0,0,0,100
2008,11,19,10,30,-0.6000000000000001,0,0,0,0,0,0,100
2008,11,19,11,30,-0.7000000000000001,0,0,0,0,0,0,100
2008,11,19,12,30,-0.9,0,0,0,0,0,0,98.86
2008,11,19,13,30,-0.2,21,53,503,503,21,53,87.29
2008,11,19,14,30,2.7,42,285,891,891,42,285,67.84
2008,11,19,15,30,6.9,50,513,1017,1017,50,513,46.42
2008,11,19,16,30,11.3,54,688,1058,1058,54,688,32.36
2008,11,19,17,30,15,57,808,1085,1085,57,808,22.78
2008,11,19,18,30,17.8,57,855,1095,1095,57,855,17.080000000000002
2008,11,19,19,30,19.400000000000002,56,827,1090,572,337,742,14.11
2008,11,19,20,30,20,54,718,1058,1058,54,718,13.51
2008,11,19,21,30,19.700000000000003,50,552,1010,1010,50,552,13.8
2008,11,19,22,30,17.7,43,338,912,912,43,338,16.45
2008,11,19,23,30,13.5,26,104,651,651,26,104,41.65
2008,11,20,0,30,9.8,0,0,0,0,0,0,49.050000000000004
2008,11,20,1,30,8.1,0,0,0,0,0,0,51.81
2008,11,20,2,30,6.800000000000001,0,0,0,0,0,0,55.9
2008,11,20,3,30,5.6000000000000005,0,0,0,0,0,0,61.53
2008,11,20,4,30,4.6000000000000005,0,0,0,0,0,0,68.46000000000001
2008,11,20,5,30,3.7,0,0,0,0,0,0,76.47
2008,11,20,6,30,2.9000000000000004,0,0,0,0,0,0,84.94
2008,11,20,7,30,2.2,0,0,0,0,0,0,92.71000000000001
2008,11,20,8,30,1.7000000000000002,0,0,0,0,0,0,97.22
2008,11,20,9,30,1.4000000000000001,0,0,0,0,0,0,97.84
2008,11,20,10,30,1.3,0,0,0,0,0,0,95.2
2008,11,20,11,30,1.5,0,0,0,0,0,0,89.78
2008,11,20,12,30,2.1,0,0,0,0,0,0,81.86
2008,11,20,13,30,4.7,19,48,485,0,25,25,64.91
2008,11,20,14,30,9.1,40,273,864,118,161,193,54.09
2008,11,20,15,30,13.8,49,497,989,341,243,397,36.6
2008,11,20,16,30,17.900000000000002,55,677,1045,1045,55,677,24.41
2008,11,20,17,30,20.1,59,797,1071,1071,59,797,17.44
2008,11,20,18,30,21.1,67,840,1064,1064,67,840,16.31
2008,11,20,19,30,21.6,66,812,1058,1058,66,812,15.88
2008,11,20,20,30,21.6,63,711,1035,802,170,672,15.91
2008,11,20,21,30,20.900000000000002,56,542,980,644,158,477,16.68
2008,11,20,22,30,18.7,47,330,876,876,47,330,19.63
2008,11,20,23,30,14.3,28,100,602,602,28,100,38.78
2008,11,21,0,30,10.8,0,0,0,0,0,0,49.6
2008,11,21,1,30,9.4,0,0,0,0,0,0,50.660000000000004
2008,11,21,2,30,8.200000000000001,0,0,0,0,0,0,53.72
2008,11,21,3,30,6.9,0,0,0,0,0,0,59.480000000000004
2008,11,21,4,30,5.6000000000000005,0,0,0,0,0,0,66.28
2008,11,21,5,30,4.5,0,0,0,0,0,0,72.34
2008,11,21,6,30,3.7,0,0,0,0,0,0,76.95
2008,11,21,7,30,3,0,0,0,0,0,0,82.16
2008,11,21,8,30,2.5,0,0,0,0,0,0,90.85000000000001
2008,11,21,9,30,2.9000000000000004,0,0,0,0,0,0,97.22
2008,11,21,10,30,4.1000000000000005,0,0,0,0,0,0,97.48
2008,11,21,11,30,5,0,0,0,0,0,0,96.42
2008,11,21,12,30,5.4,0,0,0,0,0,0,96.38
2008,11,21,13,30,6,21,41,344,344,21,41,93.97
2008,11,21,14,30,7.300000000000001,50,255,769,769,50,255,87.08
2008,11,21,15,30,9.5,62,475,918,918,62,475,74.83
2008,11,21,16,30,12.200000000000001,65,653,992,992,65,653,59.43
2008,11,21,17,30,14.5,67,772,1027,1027,67,772,47.82
2008,11,21,18,30,16,70,819,1035,1035,70,819,41.06
2008,11,21,19,30,16.6,69,792,1029,1029,69,792,38.06
2008,11,21,20,30,16.400000000000002,66,693,1005,1005,66,693,37.7
2008,11,21,21,30,15.9,60,528,948,948,60,528,39.06
2008,11,21,22,30,14.5,50,319,839,839,50,319,44.35
2008,11,21,23,30,12.200000000000001,30,94,546,25,63,66,61.61
2008,11,22,0,30,10.5,0,0,0,0,0,0,71.09
2008,11,22,1,30,10,0,0,0,0,0,0,74.60000000000001
2008,11,22,2,30,9.200000000000001,0,0,0,0,0,0,80.41
2008,11,22,3,30,8.1,0,0,0,0,0,0,86.93
2008,11,22,4,30,7.2,0,0,0,0,0,0,91.89
2008,11,22,5,30,6.6000000000000005,0,0,0,0,0,0,93.7
2008,11,22,6,30,5.9,0,0,0,0,0,0,95.48
2008,11,22,7,30,5.300000000000001,0,0,0,0,0,0,96.69
2008,11,22,8,30,4.9,0,0,0,0,0,0,96.38
2008,11,22,9,30,4.7,0,0,0,0,0,0,95.18
2008,11,22,10,30,4.5,0,0,0,0,0,0,94.93
2008,11,22,11,30,4.3,0,0,0,0,0,0,94.94
2008,11,22,12,30,4.2,0,0,0,0,0,0,94.94
2008,11,22,13,30,5,19,40,378,4,26,26,88.56
2008,11,22,14,30,7.2,45,255,793,133,137,172,76.29
2008,11,22,15,30,10.700000000000001,56,473,932,517,163,394,61.84
2008,11,22,16,30,14.3,64,650,995,995,64,650,49.14
2008,11,22,17,30,16.8,67,765,1020,1020,67,765,40.74
2008,11,22,18,30,18.1,72,812,1026,695,222,723,36.99
2008,11,22,19,30,18.7,71,782,1016,741,182,701,34.89
2008,11,22,20,30,18.900000000000002,67,685,992,992,67,685,33.52
2008,11,22,21,30,18.5,63,521,929,625,160,468,33.53
2008,11,22,22,30,17.1,52,314,819,536,119,290,35.88
2008,11,22,23,30,13.700000000000001,30,92,529,61,66,73,50.86
2008,11,23,0,30,10.700000000000001,0,0,0,0,0,0,65.24
2008,11,23,1,30,9.600000000000001,0,0,0,0,0,0,66.19
2008,11,23,2,30,8.5,0,0,0,0,0,0,68.67
2008,11,23,3,30,7.5,0,0,0,0,0,0,72.27
2008,11,23,4,30,6.6000000000000005,0,0,0,0,0,0,77.32000000000001
2008,11,23,5,30,5.7,0,0,0,0,0,0,84.71000000000001
2008,11,23,6,30,5.1000000000000005,0,0,0,0,0,0,93.33
2008,11,23,7,30,5.2,0,0,0,0,0,0,97.47
2008,11,23,8,30,5.7,0,0,0,0,0,0,96.35000000000001
2008,11,23,9,30,5.7,0,0,0,0,0,0,96.61
2008,11,23,10,30,5.4,0,0,0,0,0,0,98.64
2008,11,23,11,30,5.300000000000001,0,0,0,0,0,0,98.3
2008,11,23,12,30,5.2,0,0,0,0,0,0,97.60000000000001
2008,11,23,13,30,5.800000000000001,19,36,306,0,15,15,92.39
2008,11,23,14,30,8.1,48,242,741,741,48,242,78.82000000000001
2008,11,23,15,30,11.8,60,455,889,889,60,455,62.52
2008,11,23,16,30,15.8,67,630,958,958,67,630,47.410000000000004
2008,11,23,17,30,18.400000000000002,71,744,988,988,71,744,36.69
2008,11,23,18,30,19.8,70,792,1005,595,223,651,32.27
2008,11,23,19,30,20.6,70,763,994,994,70,763,29.900000000000002
2008,11,23,20,30,20.900000000000002,68,667,966,966,68,667,29.23
2008,11,23,21,30,20.400000000000002,63,509,910,910,63,509,30.240000000000002
2008,11,23,22,30,19.1,52,306,797,225,161,233,33.3
2008,11,23,23,30,16.7,30,89,508,74,48,57,52.370000000000005
2008,11,24,0,30,14.8,0,0,0,0,0,0,57.97
2008,11,24,1,30,13.8,0,0,0,0,0,0,58.88
2008,11,24,2,30,12.4,0,0,0,0,0,0,64.01
2008,11,24,3,30,10.9,0,0,0,0,0,0,66.93
2008,11,24,4,30,9.9,0,0,0,0,0,0,70.49
2008,11,24,5,30,9.3,0,0,0,0,0,0,73.49
2008,11,24,6,30,8.9,0,0,0,0,0,0,76.35000000000001
2008,11,24,7,30,8.5,0,0,0,0,0,0,77.59
2008,11,24,8,30,8.200000000000001,0,0,0,0,0,0,79.19
2008,11,24,9,30,7.9,0,0,0,0,0,0,80.48
2008,11,24,10,30,7.7,0,0,0,0,0,0,80.91
2008,11,24,11,30,7.6000000000000005,0,0,0,0,0,0,80.61
2008,11,24,12,30,7.9,0,0,0,0,0,0,78.18
2008,11,24,13,30,9.3,18,36,359,359,18,36,70.52
2008,11,24,14,30,12.100000000000001,44,244,774,42,148,159,61.57
2008,11,24,15,30,15.4,57,460,914,347,186,339,45.58
2008,11,24,16,30,17.8,65,636,977,651,157,538,32.96
2008,11,24,17,30,19,69,756,1013,680,212,672,29.25
2008,11,24,18,30,19.8,74,803,1017,1017,74,803,27.560000000000002
2008,11,24,19,30,20.1,74,777,1010,1010,74,777,26.95
2008,11,24,20,30,19.900000000000002,71,682,988,698,193,625,26.92
2008,11,24,21,30,19.1,64,522,935,935,64,522,27.72
2008,11,24,22,30,17.3,53,314,821,821,53,314,30.67
2008,11,24,23,30,13.9,31,92,532,532,31,92,41.42
2008,11,25,0,30,11.100000000000001,0,0,0,0,0,0,53.94
2008,11,25,1,30,9.700000000000001,0,0,0,0,0,0,56.78
2008,11,25,2,30,8.700000000000001,0,0,0,0,0,0,59.82
2008,11,25,3,30,7.5,0,0,0,0,0,0,66.22
2008,11,25,4,30,6.5,0,0,0,0,0,0,74.37
2008,11,25,5,30,5.800000000000001,0,0,0,0,0,0,82.35000000000001
2008,11,25,6,30,5.6000000000000005,0,0,0,0,0,0,90.5
2008,11,25,7,30,6,0,0,0,0,0,0,97.34
2008,11,25,8,30,6.5,0,0,0,0,0,0,100
2008,11,25,9,30,6.7,0,0,0,0,0,0,100
2008,11,25,10,30,6.800000000000001,0,0,0,0,0,0,100
2008,11,25,11,30,6.6000000000000005,0,0,0,0,0,0,100
2008,11,25,12,30,6.4,0,0,0,0,0,0,100
2008,11,25,13,30,6.9,19,34,308,308,19,34,95.99000000000001
2008,11,25,14,30,8.8,48,242,758,5,75,76,83.91
2008,11,25,15,30,11.700000000000001,58,460,917,917,58,460,69.88
2008,11,25,16,30,14.700000000000001,63,638,989,989,63,638,56.01
2008,11,25,17,30,17.2,65,756,1023,1023,65,756,45.1
2008,11,25,18,30,19,66,804,1034,1034,66,804,38.04
2008,11,25,19,30,20.1,64,779,1030,1030,64,779,33.85
2008,11,25,20,30,20.5,61,682,1008,1008,61,682,31.52
2008,11,25,21,30,20.3,54,523,961,961,54,523,30.67
2008,11,25,22,30,18.900000000000002,45,316,857,857,45,316,32.56
2008,11,25,23,30,15.5,27,94,580,580,27,94,51.32
2008,11,26,0,30,12.4,0,0,0,0,0,0,62.08
2008,11,26,1,30,11.3,0,0,0,0,0,0,63.54
2008,11,26,2,30,10.5,0,0,0,0,0,0,66.63
2008,11,26,3,30,9.5,0,0,0,0,0,0,72.55
2008,11,26,4,30,8.5,0,0,0,0,0,0,80.26
2008,11,26,5,30,7.6000000000000005,0,0,0,0,0,0,88.67
2008,11,26,6,30,6.9,0,0,0,0,0,0,95.79
2008,11,26,7,30,6.6000000000000005,0,0,0,0,0,0,99.01
2008,11,26,8,30,6.7,0,0,0,0,0,0,97.65
2008,11,26,9,30,6.5,0,0,0,0,0,0,97.2
2008,11,26,10,30,6.2,0,0,0,0,0,0,97.74000000000001
2008,11,26,11,30,5.9,0,0,0,0,0,0,97.75
2008,11,26,12,30,5.7,0,0,0,0,0,0,97.55
2008,11,26,13,30,7.1000000000000005,16,33,369,369,16,33,87.39
2008,11,26,14,30,10.600000000000001,40,240,789,789,40,240,69.41
2008,11,26,15,30,15.5,51,453,922,922,51,453,52.17
2008,11,26,16,30,19.5,57,627,985,985,57,627,36.03
2008,11,26,17,30,21.5,62,744,1015,1015,62,744,29.07
2008,11,26,18,30,22.6,62,793,1027,1027,62,793,26.46
2008,11,26,19,30,23.3,62,768,1021,1021,62,768,24.68
2008,11,26,20,30,23.400000000000002,59,673,997,997,59,673,23.86
2008,11,26,21,30,23.1,54,514,944,944,54,514,23.830000000000002
2008,11,26,22,30,21.8,45,310,838,838,45,310,25.72
2008,11,26,23,30,19.200000000000003,27,91,557,557,27,91,40.11
2008,11,27,0,30,16.8,0,0,0,0,0,0,45.550000000000004
2008,11,27,1,30,15.200000000000001,0,0,0,0,0,0,50.67
2008,11,27,2,30,13.5,0,0,0,0,0,0,58.69
2008,11,27,3,30,12.100000000000001,0,0,0,0,0,0,66.05
2008,11,27,4,30,11.3,0,0,0,0,0,0,68.7
2008,11,27,5,30,10.700000000000001,0,0,0,0,0,0,70.15
2008,11,27,6,30,10.100000000000001,0,0,0,0,0,0,71.71000000000001
2008,11,27,7,30,9.5,0,0,0,0,0,0,74.43
2008,11,27,8,30,9.1,0,0,0,0,0,0,77.60000000000001
2008,11,27,9,30,8.8,0,0,0,0,0,0,81.04
2008,11,27,10,30,8.5,0,0,0,0,0,0,84.46000000000001
2008,11,27,11,30,8.200000000000001,0,0,0,0,0,0,87.3
2008,11,27,12,30,8,0,0,0,0,0,0,88.91
2008,11,27,13,30,9.600000000000001,16,31,344,344,16,31,79.76
2008,11,27,14,30,13.200000000000001,41,236,775,775,41,236,66.14
2008,11,27,15,30,17.2,53,449,917,917,53,449,49.300000000000004
2008,11,27,16,30,20.400000000000002,59,624,982,982,59,624,33.29
2008,11,27,17,30,22.1,62,742,1013,1013,62,742,27.63
2008,11,27,18,30,23.200000000000003,66,790,1021,1021,66,790,24.94
2008,11,27,19,30,23.700000000000003,65,766,1016,1016,65,766,24.09
2008,11,27,20,30,23.700000000000003,62,669,989,989,62,669,24.330000000000002
2008,11,27,21,30,23.1,55,512,942,942,55,512,25.810000000000002
2008,11,27,22,30,21.3,44,308,837,837,44,308,29.82
2008,11,27,23,30,17.5,26,91,567,567,26,91,47.480000000000004
2008,11,28,0,30,14.5,0,0,0,0,0,0,59.82
2008,11,28,1,30,13.4,0,0,0,0,0,0,63.6
2008,11,28,2,30,12.4,0,0,0,0,0,0,68.86
2008,11,28,3,30,11.4,0,0,0,0,0,0,75.35000000000001
2008,11,28,4,30,10.5,0,0,0,0,0,0,81.31
2008,11,28,5,30,9.700000000000001,0,0,0,0,0,0,86.21000000000001
2008,11,28,6,30,9,0,0,0,0,0,0,89.69
2008,11,28,7,30,8.5,0,0,0,0,0,0,91.44
2008,11,28,8,30,8,0,0,0,0,0,0,92.43
2008,11,28,9,30,7.7,0,0,0,0,0,0,91.17
2008,11,28,10,30,7.300000000000001,0,0,0,0,0,0,89.45
2008,11,28,11,30,7.1000000000000005,0,0,0,0,0,0,85.36
2008,11,28,12,30,6.9,0,0,0,0,0,0,81.13
2008,11,28,13,30,9,14,30,376,0,13,13,67.59
2008,11,28,14,30,12.8,37,234,795,795,37,234,54.17
2008,11,28,15,30,16.6,47,447,932,932,47,447,42.910000000000004
2008,11,28,16,30,19.6,54,621,989,989,54,621,35.81
2008,11,28,17,30,21.400000000000002,57,738,1020,1020,57,738,32.1
2008,11,28,18,30,22.5,57,784,1028,1028,57,784,30.16
2008,11,28,19,30,22.8,56,758,1020,1020,56,758,29.75
2008,11,28,20,30,22.5,55,665,996,996,55,665,30.71
2008,11,28,21,30,21.5,49,509,948,948,49,509,33.15
2008,11,28,22,30,19.6,42,308,844,446,112,252,37.53
2008,11,28,23,30,16.5,25,92,579,1,49,49,46.94
2008,11,29,0,30,14,0,0,0,0,0,0,58.550000000000004
2008,11,29,1,30,12.9,0,0,0,0,0,0,63.28
2008,11,29,2,30,11.9,0,0,0,0,0,0,68.56
2008,11,29,3,30,11.100000000000001,0,0,0,0,0,0,74.25
2008,11,29,4,30,10.5,0,0,0,0,0,0,80.52
2008,11,29,5,30,10.100000000000001,0,0,0,0,0,0,85.78
2008,11,29,6,30,9.700000000000001,0,0,0,0,0,0,87.97
2008,11,29,7,30,9.4,0,0,0,0,0,0,87.62
2008,11,29,8,30,9,0,0,0,0,0,0,87.15
2008,11,29,9,30,8.4,0,0,0,0,0,0,88.17
2008,11,29,10,30,7.9,0,0,0,0,0,0,88.86
2008,11,29,11,30,7.7,0,0,0,0,0,0,87.88
2008,11,29,12,30,7.5,0,0,0,0,0,0,86.72
2008,11,29,13,30,8,15,28,351,351,15,28,81.16
2008,11,29,14,30,10.100000000000001,39,235,798,10,89,91,69.3
2008,11,29,15,30,13.3,49,453,947,947,49,453,51.9
2008,11,29,16,30,16.2,52,630,1012,654,167,540,38.22
2008,11,29,17,30,17.900000000000002,54,752,1049,50,374,407,31.55
2008,11,29,18,30,18.8,59,804,1056,475,285,619,27.93
2008,11,29,19,30,18.900000000000002,54,778,1056,1056,54,778,26.5
2008,11,29,20,30,18.5,50,683,1036,672,191,601,26.68
2008,11,29,21,30,17.5,48,525,986,663,152,473,27.34
2008,11,29,22,30,15.700000000000001,41,319,884,884,41,319,28.45
2008,11,29,23,30,13.3,26,96,609,135,59,75,33.13
2008,11,30,0,30,11.100000000000001,0,0,0,0,0,0,42.97
2008,11,30,1,30,9.8,0,0,0,0,0,0,53.27
2008,11,30,2,30,8.700000000000001,0,0,0,0,0,0,62.870000000000005
2008,11,30,3,30,7.6000000000000005,0,0,0,0,0,0,71.10000000000001
2008,11,30,4,30,6.6000000000000005,0,0,0,0,0,0,77.11
2008,11,30,5,30,5.800000000000001,0,0,0,0,0,0,81.46000000000001
2008,11,30,6,30,4.9,0,0,0,0,0,0,86.67
2008,11,30,7,30,3.9000000000000004,0,0,0,0,0,0,92.51
2008,11,30,8,30,2.8000000000000003,0,0,0,0,0,0,99.42
2008,11,30,9,30,1.9000000000000001,0,0,0,0,0,0,100
2008,11,30,10,30,1.2000000000000002,0,0,0,0,0,0,100
2008,11,30,11,30,0.8,0,0,0,0,0,0,97.53
2008,11,30,12,30,0.6000000000000001,0,0,0,0,0,0,88.44
2008,11,30,13,30,2.5,14,28,407,407,14,28,69.33
2008,11,30,14,30,6.4,35,240,847,847,35,240,53.07
2008,11,30,15,30,9.9,44,461,982,982,44,461,40.22
2008,11,30,16,30,12.600000000000001,50,642,1043,1043,50,642,31.84
2008,11,30,17,30,14.5,52,763,1073,1073,52,763,26.94
2008,11,30,18,30,16.1,53,814,1084,1084,53,814,23.44
2008,11,30,19,30,17.1,52,791,1079,1079,52,791,21.45
2008,11,30,20,30,17.3,51,696,1057,1057,51,696,20.87
2008,11,30,21,30,16.900000000000002,47,535,1011,1011,47,535,21.14
2008,11,30,22,30,15.100000000000001,39,326,913,913,39,326,23.96
2008,11,30,23,30,11.100000000000001,25,99,648,648,25,99,37.57
2008,12,1,0,30,7.7,0,0,0,0,0,0,53.93
2008,12,1,1,30,6.300000000000001,0,0,0,0,0,0,57.19
2008,12,1,2,30,5.300000000000001,0,0,0,0,0,0,59.39
2008,12,1,3,30,4.3,0,0,0,0,0,0,61.59
2008,12,1,4,30,3.4000000000000004,0,0,0,0,0,0,63.300000000000004
2008,12,1,5,30,2.7,0,0,0,0,0,0,64.19
2008,12,1,6,30,2.3000000000000003,0,0,0,0,0,0,63.620000000000005
2008,12,1,7,30,1.9000000000000001,0,0,0,0,0,0,62.95
2008,12,1,8,30,1.4000000000000001,0,0,0,0,0,0,63.28
2008,12,1,9,30,0.7000000000000001,0,0,0,0,0,0,65.2
2008,12,1,10,30,0.1,0,0,0,0,0,0,67.1
2008,12,1,11,30,-0.30000000000000004,0,0,0,0,0,0,68.3
2008,12,1,12,30,-0.30000000000000004,0,0,0,0,0,0,67.85
2008,12,1,13,30,1.7000000000000002,13,27,403,403,13,27,58.64
2008,12,1,14,30,5.5,37,245,869,869,37,245,51.730000000000004
2008,12,1,15,30,9.3,46,470,1006,1006,46,470,35.97
2008,12,1,16,30,12.3,52,655,1066,1066,52,655,26.96
2008,12,1,17,30,14.600000000000001,55,769,1080,1080,55,769,22.03
2008,12,1,18,30,16.3,56,821,1091,1091,56,821,18.18
2008,12,1,19,30,17.3,57,798,1085,1085,57,798,16.38
2008,12,1,20,30,17.7,54,702,1064,1064,54,702,15.59
2008,12,1,21,30,17.5,50,541,1018,1018,50,541,15.58
2008,12,1,22,30,15.600000000000001,41,330,920,920,41,330,17.91
2008,12,1,23,30,11.700000000000001,25,101,657,657,25,101,42.24
2008,12,2,0,30,8.200000000000001,0,0,0,0,0,0,47.74
2008,12,2,1,30,6.6000000000000005,0,0,0,0,0,0,50.120000000000005
2008,12,2,2,30,5.4,0,0,0,0,0,0,52.65
2008,12,2,3,30,4.2,0,0,0,0,0,0,55.76
2008,12,2,4,30,3.4000000000000004,0,0,0,0,0,0,57.230000000000004
2008,12,2,5,30,3,0,0,0,0,0,0,56.42
2008,12,2,6,30,2.9000000000000004,0,0,0,0,0,0,53.49
2008,12,2,7,30,2.5,0,0,0,0,0,0,52.35
2008,12,2,8,30,2,0,0,0,0,0,0,52.65
2008,12,2,9,30,1.6,0,0,0,0,0,0,52.82
2008,12,2,10,30,1.4000000000000001,0,0,0,0,0,0,52.09
2008,12,2,11,30,1.2000000000000002,0,0,0,0,0,0,51.51
2008,12,2,12,30,1.1,0,0,0,0,0,0,50.93
2008,12,2,13,30,2.8000000000000003,13,26,413,413,13,26,45.11
2008,12,2,14,30,7,35,241,871,871,35,241,45.31
2008,12,2,15,30,11.9,45,467,1006,1006,45,467,27.07
2008,12,2,16,30,16.400000000000002,49,651,1068,1068,49,651,19.07
2008,12,2,17,30,19.400000000000002,52,775,1098,1098,52,775,11.76
2008,12,2,18,30,21.1,56,830,1106,1106,56,830,9.44
2008,12,2,19,30,21.900000000000002,56,796,1087,1087,56,796,9.08
2008,12,2,20,30,22.1,53,701,1066,1066,53,701,9.38
2008,12,2,21,30,21.6,47,540,1021,1021,47,540,10.040000000000001
2008,12,2,22,30,19.700000000000003,39,329,927,927,39,329,12.73
2008,12,2,23,30,17.1,24,99,655,655,24,99,28.6
2008,12,3,0,30,15.200000000000001,0,0,0,0,0,0,23.580000000000002
2008,12,3,1,30,13.100000000000001,0,0,0,0,0,0,26.37
2008,12,3,2,30,10.100000000000001,0,0,0,0,0,0,37.06
2008,12,3,3,30,7.6000000000000005,0,0,0,0,0,0,50.21
2008,12,3,4,30,6.2,0,0,0,0,0,0,58.99
2008,12,3,5,30,5.4,0,0,0,0,0,0,64.84
2008,12,3,6,30,4.800000000000001,0,0,0,0,0,0,68.24
2008,12,3,7,30,4.3,0,0,0,0,0,0,68.46000000000001
2008,12,3,8,30,3.9000000000000004,0,0,0,0,0,0,67.35
2008,12,3,9,30,3.8000000000000003,0,0,0,0,0,0,64.87
2008,12,3,10,30,3.9000000000000004,0,0,0,0,0,0,62.45
2008,12,3,11,30,4.2,0,0,0,0,0,0,61.06
2008,12,3,12,30,4.3,0,0,0,0,0,0,59.56
2008,12,3,13,30,5.9,13,23,360,0,10,10,52.86
2008,12,3,14,30,8.8,38,232,825,825,38,232,46.07
2008,12,3,15,30,12.100000000000001,51,453,965,965,51,453,35.96
2008,12,3,16,30,15.9,59,635,1029,1029,59,635,28.43
2008,12,3,17,30,19,62,753,1051,602,235,630,20.8
2008,12,3,18,30,20.5,68,800,1049,605,256,677,17.87
2008,12,3,19,30,21.200000000000003,67,778,1046,407,306,583,16.61
2008,12,3,20,30,21.1,63,680,1018,690,161,579,16.45
2008,12,3,21,30,20.1,60,522,960,395,212,402,17.59
2008,12,3,22,30,17.3,50,316,849,590,106,291,23.21
2008,12,3,23,30,14.200000000000001,29,93,554,12,54,56,46.54
2008,12,4,0,30,12.3,0,0,0,0,0,0,51.550000000000004
2008,12,4,1,30,11.100000000000001,0,0,0,0,0,0,53.4
2008,12,4,2,30,10.700000000000001,0,0,0,0,0,0,48.93
2008,12,4,3,30,10.600000000000001,0,0,0,0,0,0,48.95
2008,12,4,4,30,9.5,0,0,0,0,0,0,51.68
2008,12,4,5,30,8.3,0,0,0,0,0,0,52.67
2008,12,4,6,30,7.7,0,0,0,0,0,0,51
2008,12,4,7,30,7.4,0,0,0,0,0,0,49.120000000000005
2008,12,4,8,30,7.300000000000001,0,0,0,0,0,0,46.47
2008,12,4,9,30,7,0,0,0,0,0,0,44.94
2008,12,4,10,30,6.7,0,0,0,0,0,0,44.57
2008,12,4,11,30,6.5,0,0,0,0,0,0,44.01
2008,12,4,12,30,5.9,0,0,0,0,0,0,44.85
2008,12,4,13,30,6.1000000000000005,13,20,257,257,13,20,43.24
2008,12,4,14,30,8.3,44,220,762,762,44,220,45.7
2008,12,4,15,30,11.700000000000001,57,438,919,919,57,438,31.69
2008,12,4,16,30,14.8,65,615,984,984,65,615,27.650000000000002
2008,12,4,17,30,16.900000000000002,71,736,1017,1017,71,736,25.560000000000002
2008,12,4,18,30,18.3,72,789,1030,1030,72,789,25.27
2008,12,4,19,30,19.3,73,764,1018,1018,73,764,24.92
2008,12,4,20,30,19.700000000000003,69,668,988,988,69,668,24.990000000000002
2008,12,4,21,30,19.5,61,513,939,939,61,513,25.87
2008,12,4,22,30,17.900000000000002,50,311,830,830,50,311,29.53
2008,12,4,23,30,14.600000000000001,29,91,539,539,29,91,49.71
2008,12,5,0,30,12,0,0,0,0,0,0,55.54
2008,12,5,1,30,10.700000000000001,0,0,0,0,0,0,60.53
2008,12,5,2,30,9.4,0,0,0,0,0,0,65.56
2008,12,5,3,30,8.200000000000001,0,0,0,0,0,0,70.51
2008,12,5,4,30,7.300000000000001,0,0,0,0,0,0,74.27
2008,12,5,5,30,7.1000000000000005,0,0,0,0,0,0,74.92
2008,12,5,6,30,6.9,0,0,0,0,0,0,77.24
2008,12,5,7,30,6.1000000000000005,0,0,0,0,0,0,81.53
2008,12,5,8,30,5.300000000000001,0,0,0,0,0,0,85.23
2008,12,5,9,30,4.800000000000001,0,0,0,0,0,0,87.77
2008,12,5,10,30,4.3,0,0,0,0,0,0,89.92
2008,12,5,11,30,3.9000000000000004,0,0,0,0,0,0,91.4
2008,12,5,12,30,3.7,0,0,0,0,0,0,91.49
2008,12,5,13,30,5.6000000000000005,12,19,292,292,12,19,79.16
2008,12,5,14,30,9.5,38,217,780,780,38,217,62.99
2008,12,5,15,30,13.600000000000001,49,433,931,931,49,433,47.21
2008,12,5,16,30,16.8,56,611,998,998,56,611,34.51
2008,12,5,17,30,18.7,60,732,1031,1031,60,732,29.77
2008,12,5,18,30,19.900000000000002,60,781,1040,1040,60,781,27.14
2008,12,5,19,30,20.6,60,761,1035,1035,60,761,25.580000000000002
2008,12,5,20,30,20.700000000000003,58,668,1007,732,168,611,25.26
2008,12,5,21,30,20.1,55,512,950,384,206,391,26.5
2008,12,5,22,30,18.1,46,311,846,446,124,264,31.28
2008,12,5,23,30,14.9,28,93,566,566,28,93,51.09
2008,12,6,0,30,12.700000000000001,0,0,0,0,0,0,59.69
2008,12,6,1,30,11.8,0,0,0,0,0,0,63.71
2008,12,6,2,30,11,0,0,0,0,0,0,68.51
2008,12,6,3,30,10.3,0,0,0,0,0,0,72.81
2008,12,6,4,30,9.700000000000001,0,0,0,0,0,0,76.69
2008,12,6,5,30,8.9,0,0,0,0,0,0,81.48
2008,12,6,6,30,7.800000000000001,0,0,0,0,0,0,88.08
2008,12,6,7,30,6.800000000000001,0,0,0,0,0,0,94.79
2008,12,6,8,30,6.1000000000000005,0,0,0,0,0,0,99.93
2008,12,6,9,30,5.6000000000000005,0,0,0,0,0,0,100
2008,12,6,10,30,5.1000000000000005,0,0,0,0,0,0,100
2008,12,6,11,30,4.7,0,0,0,0,0,0,100
2008,12,6,12,30,4.6000000000000005,0,0,0,0,0,0,100
2008,12,6,13,30,6.5,11,17,290,290,11,17,93.28
2008,12,6,14,30,10.3,35,210,770,770,35,210,72.4
2008,12,6,15,30,14.200000000000001,45,422,921,921,45,422,55.26
2008,12,6,16,30,17.3,51,600,991,991,51,600,41.94
2008,12,6,17,30,19,54,720,1023,1023,54,720,36.300000000000004
2008,12,6,18,30,20.200000000000003,62,774,1029,1029,62,774,32.160000000000004
2008,12,6,19,30,20.900000000000002,61,754,1024,1024,61,754,29.080000000000002
2008,12,6,20,30,21,59,664,1002,448,294,565,27.34
2008,12,6,21,30,20.3,53,511,952,634,143,447,27.39
2008,12,6,22,30,18.5,45,311,847,24,174,181,30.14
2008,12,6,23,30,14.700000000000001,27,94,574,574,27,94,44.77
2008,12,7,0,30,11.5,0,0,0,0,0,0,56.47
2008,12,7,1,30,10.100000000000001,0,0,0,0,0,0,58.620000000000005
2008,12,7,2,30,8.700000000000001,0,0,0,0,0,0,62.86
2008,12,7,3,30,7.6000000000000005,0,0,0,0,0,0,65.96000000000001
2008,12,7,4,30,6.9,0,0,0,0,0,0,67.04
2008,12,7,5,30,6.800000000000001,0,0,0,0,0,0,64.65
2008,12,7,6,30,6.7,0,0,0,0,0,0,61.77
2008,12,7,7,30,6.2,0,0,0,0,0,0,61.51
2008,12,7,8,30,5.800000000000001,0,0,0,0,0,0,61.89
2008,12,7,9,30,5.5,0,0,0,0,0,0,62.120000000000005
2008,12,7,10,30,5.4,0,0,0,0,0,0,61.84
2008,12,7,11,30,5.1000000000000005,0,0,0,0,0,0,63.11
2008,12,7,12,30,4.5,0,0,0,0,0,0,67.09
2008,12,7,13,30,5.7,11,17,276,276,11,17,64.26
2008,12,7,14,30,8.9,39,213,777,777,39,213,59.01
2008,12,7,15,30,12.9,51,427,924,924,51,427,48.7
2008,12,7,16,30,16.7,58,606,993,993,58,606,38.88
2008,12,7,17,30,19,62,728,1026,468,321,624,30.490000000000002
2008,12,7,18,30,20.400000000000002,66,779,1032,1032,66,779,26.03
2008,12,7,19,30,21.200000000000003,64,759,1029,801,174,715,23.98
2008,12,7,20,30,21.5,61,669,1006,1006,61,669,22.89
2008,12,7,21,30,21.200000000000003,56,515,957,957,56,515,22.7
2008,12,7,22,30,19.8,46,314,853,578,103,285,24.34
2008,12,7,23,30,17,28,95,578,17,58,60,41.36
2008,12,8,0,30,14.5,0,0,0,0,0,0,47.050000000000004
2008,12,8,1,30,13.200000000000001,0,0,0,0,0,0,51.22
2008,12,8,2,30,12.3,0,0,0,0,0,0,55.36
2008,12,8,3,30,11.4,0,0,0,0,0,0,59.07
2008,12,8,4,30,10.600000000000001,0,0,0,0,0,0,63.06
2008,12,8,5,30,10.100000000000001,0,0,0,0,0,0,66.65
2008,12,8,6,30,9.700000000000001,0,0,0,0,0,0,72.60000000000001
2008,12,8,7,30,9.4,0,0,0,0,0,0,81.17
2008,12,8,8,30,9.1,0,0,0,0,0,0,90.63
2008,12,8,9,30,8.4,0,0,0,0,0,0,98.15
2008,12,8,10,30,7.7,0,0,0,0,0,0,100
2008,12,8,11,30,7,0,0,0,0,0,0,100
2008,12,8,12,30,6.800000000000001,0,0,0,0,0,0,100
2008,12,8,13,30,7.9,10,15,263,0,5,5,93.4
2008,12,8,14,30,10.700000000000001,36,208,773,773,36,208,75.08
2008,12,8,15,30,14.3,47,424,933,933,47,424,58.56
2008,12,8,16,30,17.6,52,602,1002,1002,52,602,40.03
2008,12,8,17,30,19.8,56,724,1033,1033,56,724,29.7
2008,12,8,18,30,21,61,779,1042,1042,61,779,24.59
2008,12,8,19,30,21,59,757,1034,1034,59,757,23.080000000000002
2008,12,8,20,30,20.3,56,667,1013,502,223,525,23.72
2008,12,8,21,30,19.400000000000002,53,515,962,677,153,478,25.36
2008,12,8,22,30,17.6,45,316,863,595,101,288,29.1
2008,12,8,23,30,14.100000000000001,27,97,599,25,60,63,41.09
2008,12,9,0,30,11.200000000000001,0,0,0,0,0,0,54.01
2008,12,9,1,30,10.3,0,0,0,0,0,0,58.49
2008,12,9,2,30,9.8,0,0,0,0,0,0,65.1
2008,12,9,3,30,9.3,0,0,0,0,0,0,73.71000000000001
2008,12,9,4,30,8.6,0,0,0,0,0,0,81.67
2008,12,9,5,30,8,0,0,0,0,0,0,86.11
2008,12,9,6,30,7.6000000000000005,0,0,0,0,0,0,87.49
2008,12,9,7,30,7.300000000000001,0,0,0,0,0,0,87.64
2008,12,9,8,30,7,0,0,0,0,0,0,87.93
2008,12,9,9,30,6.5,0,0,0,0,0,0,89.91
2008,12,9,10,30,6,0,0,0,0,0,0,92.9
2008,12,9,11,30,5.6000000000000005,0,0,0,0,0,0,95.66
2008,12,9,12,30,5.300000000000001,0,0,0,0,0,0,96.97
2008,12,9,13,30,6.300000000000001,0,0,0,0,0,0,88.89
2008,12,9,14,30,9.4,33,210,808,385,94,178,69.97
2008,12,9,15,30,13.4,43,428,958,958,43,428,49.83
2008,12,9,16,30,16.400000000000002,48,609,1024,1024,48,609,33.55
2008,12,9,17,30,18.3,50,736,1065,624,229,631,27.38
2008,12,9,18,30,19.400000000000002,58,795,1070,1070,58,795,24.96
2008,12,9,19,30,19.900000000000002,55,770,1062,733,199,693,24.310000000000002
2008,12,9,20,30,19.5,53,680,1041,450,242,514,25.560000000000002
2008,12,9,21,30,18.3,55,527,983,373,228,407,28.41
2008,12,9,22,30,16.400000000000002,44,321,879,115,158,194,33.71
2008,12,9,23,30,13.200000000000001,27,101,629,11,57,58,45.09
2008,12,10,0,30,10.4,0,0,0,0,0,0,59.51
2008,12,10,1,30,9.4,0,0,0,0,0,0,65.91
2008,12,10,2,30,8.8,0,0,0,0,0,0,71.5
2008,12,10,3,30,8,0,0,0,0,0,0,78.97
2008,12,10,4,30,7.2,0,0,0,0,0,0,87.59
2008,12,10,5,30,6.300000000000001,0,0,0,0,0,0,96.45
2008,12,10,6,30,5.5,0,0,0,0,0,0,100
2008,12,10,7,30,4.7,0,0,0,0,0,0,100
2008,12,10,8,30,3.6,0,0,0,0,0,0,96
2008,12,10,9,30,2.3000000000000003,0,0,0,0,0,0,91.46000000000001
2008,12,10,10,30,1.1,0,0,0,0,0,0,87.10000000000001
2008,12,10,11,30,0.1,0,0,0,0,0,0,85.87
2008,12,10,12,30,-0.6000000000000001,0,0,0,0,0,0,84.78
2008,12,10,13,30,-0.6000000000000001,0,0,0,0,0,0,81.53
2008,12,10,14,30,0.7000000000000001,50,205,713,713,50,205,71.16
2008,12,10,15,30,3.1,61,428,915,915,61,428,57.63
2008,12,10,16,30,5.800000000000001,64,618,1015,1015,64,618,46.89
2008,12,10,17,30,8.1,64,752,1069,1069,64,752,38.51
2008,12,10,18,30,9.9,60,807,1088,1088,60,807,29.35
2008,12,10,19,30,10.8,57,789,1087,593,253,652,23.59
2008,12,10,20,30,11,53,697,1068,451,275,546,20.84
2008,12,10,21,30,10.5,49,541,1023,1023,49,541,20.38
2008,12,10,22,30,9,41,334,929,929,41,334,22.150000000000002
2008,12,10,23,30,5.6000000000000005,26,106,672,672,26,106,31.970000000000002
2008,12,11,0,30,2.5,0,0,0,0,0,0,51.68
2008,12,11,1,30,1.2000000000000002,0,0,0,0,0,0,54.71
2008,12,11,2,30,0.1,0,0,0,0,0,0,57.13
2008,12,11,3,30,-0.8,0,0,0,0,0,0,59.6
2008,12,11,4,30,-1.6,0,0,0,0,0,0,62.01
2008,12,11,5,30,-2.1,0,0,0,0,0,0,62.83
2008,12,11,6,30,-2.5,0,0,0,0,0,0,64.34
2008,12,11,7,30,-3,0,0,0,0,0,0,66.22
2008,12,11,8,30,-3.5,0,0,0,0,0,0,67.12
2008,12,11,9,30,-3.7,0,0,0,0,0,0,67.23
2008,12,11,10,30,-3.6,0,0,0,0,0,0,66.13
2008,12,11,11,30,-3.4000000000000004,0,0,0,0,0,0,64.95
2008,12,11,12,30,-3,0,0,0,0,0,0,63.52
2008,12,11,13,30,-1.3,0,0,0,0,0,0,56.06
2008,12,11,14,30,2.1,34,213,834,834,34,213,47.97
2008,12,11,15,30,5.7,43,436,986,986,43,436,33.47
2008,12,11,16,30,8.9,48,614,1039,1039,48,614,26.6
2008,12,11,17,30,11.700000000000001,52,740,1071,1071,52,740,22.46
2008,12,11,18,30,13.8,57,798,1080,1080,57,798,20.88
2008,12,11,19,30,15.3,57,780,1076,1076,57,780,20.51
2008,12,11,20,30,16,54,690,1056,1056,54,690,20.8
2008,12,11,21,30,15.8,48,530,1002,1002,48,530,21.650000000000002
2008,12,11,22,30,13.8,41,327,903,903,41,327,25.37
2008,12,11,23,30,10.3,27,104,641,641,27,104,48.050000000000004
2008,12,12,0,30,7.7,0,0,0,0,0,0,54.03
2008,12,12,1,30,6.6000000000000005,0,0,0,0,0,0,55.43
2008,12,12,2,30,5.6000000000000005,0,0,0,0,0,0,57.1
2008,12,12,3,30,4.800000000000001,0,0,0,0,0,0,58.71
2008,12,12,4,30,4.2,0,0,0,0,0,0,60.06
2008,12,12,5,30,3.9000000000000004,0,0,0,0,0,0,60.28
2008,12,12,6,30,3.6,0,0,0,0,0,0,59.77
2008,12,12,7,30,3.3000000000000003,0,0,0,0,0,0,59.61
2008,12,12,8,30,2.8000000000000003,0,0,0,0,0,0,61.370000000000005
2008,12,12,9,30,2.3000000000000003,0,0,0,0,0,0,62.25
2008,12,12,10,30,1.9000000000000001,0,0,0,0,0,0,59.33
2008,12,12,11,30,1.5,0,0,0,0,0,0,59.04
2008,12,12,12,30,1.1,0,0,0,0,0,0,59.910000000000004
2008,12,12,13,30,2.6,0,0,0,0,0,0,54.42
2008,12,12,14,30,6.2,33,203,796,796,33,203,49.31
2008,12,12,15,30,10.600000000000001,42,420,953,953,42,420,34.89
2008,12,12,16,30,14.8,48,601,1021,1021,48,601,25.900000000000002
2008,12,12,17,30,17.6,51,726,1054,1054,51,726,21.36
2008,12,12,18,30,19.200000000000003,56,784,1064,1064,56,784,19.1
2008,12,12,19,30,20,55,768,1061,1061,55,768,17.88
2008,12,12,20,30,20.3,53,675,1033,1033,53,675,17.32
2008,12,12,21,30,20,48,523,987,594,155,441,17.54
2008,12,12,22,30,18,41,323,890,582,112,296,20.44
2008,12,12,23,30,13.9,26,102,625,42,66,71,45.71
2008,12,13,0,30,10.600000000000001,0,0,0,0,0,0,47.61
2008,12,13,1,30,9.1,0,0,0,0,0,0,49.65
2008,12,13,2,30,7.800000000000001,0,0,0,0,0,0,53.18
2008,12,13,3,30,6.7,0,0,0,0,0,0,57.15
2008,12,13,4,30,5.9,0,0,0,0,0,0,60.67
2008,12,13,5,30,5.4,0,0,0,0,0,0,62.78
2008,12,13,6,30,4.9,0,0,0,0,0,0,64.63
2008,12,13,7,30,4.9,0,0,0,0,0,0,64.18
2008,12,13,8,30,5.1000000000000005,0,0,0,0,0,0,63.910000000000004
2008,12,13,9,30,5.1000000000000005,0,0,0,0,0,0,63.690000000000005
2008,12,13,10,30,4.7,0,0,0,0,0,0,63.980000000000004
2008,12,13,11,30,4.1000000000000005,0,0,0,0,0,0,65.08
2008,12,13,12,30,3.6,0,0,0,0,0,0,66.17
2008,12,13,13,30,5.1000000000000005,0,0,0,0,0,0,59.68
2008,12,13,14,30,8.700000000000001,38,200,768,11,113,115,48.730000000000004
2008,12,13,15,30,12.600000000000001,53,419,930,248,210,307,39.31
2008,12,13,16,30,15.5,62,598,992,719,154,543,33.17
2008,12,13,17,30,16.8,68,723,1025,1025,68,723,30.8
2008,12,13,18,30,17.400000000000002,71,776,1032,491,286,621,29.69
2008,12,13,19,30,18,69,760,1030,697,205,673,28.13
2008,12,13,20,30,18.2,66,673,1009,131,318,397,27.18
2008,12,13,21,30,17.7,58,525,969,26,205,217,27.650000000000002
2008,12,13,22,30,15.9,47,324,873,3,86,87,31.63
2008,12,13,23,30,12.5,28,103,614,21,61,64,44.88
2008,12,14,0,30,10.100000000000001,0,0,0,0,0,0,56.660000000000004
2008,12,14,1,30,9.4,0,0,0,0,0,0,60.04
2008,12,14,2,30,8.700000000000001,0,0,0,0,0,0,63.82
2008,12,14,3,30,7.6000000000000005,0,0,0,0,0,0,69.71000000000001
2008,12,14,4,30,6.7,0,0,0,0,0,0,74.14
2008,12,14,5,30,6.5,0,0,0,0,0,0,74.67
2008,12,14,6,30,6.5,0,0,0,0,0,0,72.09
2008,12,14,7,30,6.5,0,0,0,0,0,0,68.24
2008,12,14,8,30,6.5,0,0,0,0,0,0,64.96000000000001
2008,12,14,9,30,6.5,0,0,0,0,0,0,62.79
2008,12,14,10,30,6.5,0,0,0,0,0,0,60.97
2008,12,14,11,30,6.4,0,0,0,0,0,0,59.370000000000005
2008,12,14,12,30,6.2,0,0,0,0,0,0,57.980000000000004
2008,12,14,13,30,7,0,0,0,0,0,0,52.58
2008,12,14,14,30,9.5,36,195,760,760,36,195,43.06
2008,12,14,15,30,13.4,47,408,920,920,47,408,32.410000000000004
2008,12,14,16,30,17.400000000000002,53,588,993,993,53,588,20.990000000000002
2008,12,14,17,30,20.200000000000003,55,711,1029,1029,55,711,16.26
2008,12,14,18,30,21.700000000000003,55,765,1039,1039,55,765,16.080000000000002
2008,12,14,19,30,22.200000000000003,55,750,1036,1036,55,750,17.53
2008,12,14,20,30,22,54,664,1013,1013,54,664,18.85
2008,12,14,21,30,21.1,50,516,965,965,50,516,20.64
2008,12,14,22,30,18.6,42,319,867,867,42,319,25.21
2008,12,14,23,30,15,27,102,606,606,27,102,37.550000000000004
2008,12,15,0,30,12.600000000000001,0,0,0,0,0,0,47.83
2008,12,15,1,30,11.600000000000001,0,0,0,0,0,0,51.27
2008,12,15,2,30,10.8,0,0,0,0,0,0,54.660000000000004
2008,12,15,3,30,9.9,0,0,0,0,0,0,58.7
2008,12,15,4,30,9.1,0,0,0,0,0,0,62.21
2008,12,15,5,30,8.4,0,0,0,0,0,0,64.3
2008,12,15,6,30,7.7,0,0,0,0,0,0,65.22
2008,12,15,7,30,7.2,0,0,0,0,0,0,64.46000000000001
2008,12,15,8,30,6.9,0,0,0,0,0,0,62.800000000000004
2008,12,15,9,30,6.6000000000000005,0,0,0,0,0,0,62.11
2008,12,15,10,30,6.4,0,0,0,0,0,0,62.17
2008,12,15,11,30,6.4,0,0,0,0,0,0,62.45
2008,12,15,12,30,6.300000000000001,0,0,0,0,0,0,64.01
2008,12,15,13,30,7.9,0,0,0,0,0,0,58.480000000000004
2008,12,15,14,30,11.3,36,188,738,289,91,151,51.32
2008,12,15,15,30,15.3,48,401,904,904,48,401,37.89
2008,12,15,16,30,19.1,54,579,978,978,54,579,30.11
2008,12,15,17,30,21.6,56,702,1014,424,319,589,25.54
2008,12,15,18,30,22.8,60,760,1026,666,214,668,24.78
2008,12,15,19,30,23.400000000000002,59,742,1020,590,231,627,25.05
2008,12,15,20,30,23.6,54,657,1001,580,205,554,25.8
2008,12,15,21,30,23.1,54,511,946,595,164,451,27.330000000000002
2008,12,15,22,30,21.1,46,317,849,547,111,286,31.64
2008,12,15,23,30,17.400000000000002,28,102,594,0,47,46,52.980000000000004
2008,12,16,0,30,14.5,0,0,0,0,0,0,57.09
2008,12,16,1,30,13.100000000000001,0,0,0,0,0,0,60.67
2008,12,16,2,30,11.9,0,0,0,0,0,0,64.22
2008,12,16,3,30,10.9,0,0,0,0,0,0,67.26
2008,12,16,4,30,10,0,0,0,0,0,0,70.33
2008,12,16,5,30,9.200000000000001,0,0,0,0,0,0,73.54
2008,12,16,6,30,8.4,0,0,0,0,0,0,77.41
2008,12,16,7,30,7.7,0,0,0,0,0,0,80.87
2008,12,16,8,30,7,0,0,0,0,0,0,84.10000000000001
2008,12,16,9,30,6.5,0,0,0,0,0,0,85.73
2008,12,16,10,30,6.300000000000001,0,0,0,0,0,0,85.33
2008,12,16,11,30,6.300000000000001,0,0,0,0,0,0,83.68
2008,12,16,12,30,6.300000000000001,0,0,0,0,0,0,82.55
2008,12,16,13,30,8.1,0,0,0,0,0,0,72.38
2008,12,16,14,30,12,36,193,766,766,36,193,58.47
2008,12,16,15,30,16.400000000000002,47,410,934,934,47,410,45.06
2008,12,16,16,30,20.400000000000002,54,597,1013,1013,54,597,31.98
2008,12,16,17,30,22.6,59,724,1046,1046,59,724,22.71
2008,12,16,18,30,23.700000000000003,63,779,1051,1051,63,779,19.400000000000002
2008,12,16,19,30,23.8,63,765,1047,485,336,661,18.3
2008,12,16,20,30,23.1,61,679,1025,1025,61,679,18.52
2008,12,16,21,30,21.900000000000002,56,529,978,978,56,529,19.94
2008,12,16,22,30,19.3,46,328,881,881,46,328,27.7
2008,12,16,23,30,15.700000000000001,28,108,630,630,28,108,48.04
2008,12,17,0,30,13.3,0,0,0,0,0,0,52.44
2008,12,17,1,30,12.100000000000001,0,0,0,0,0,0,55.22
2008,12,17,2,30,10.8,0,0,0,0,0,0,58.34
2008,12,17,3,30,9.8,0,0,0,0,0,0,60.49
2008,12,17,4,30,9,0,0,0,0,0,0,62.97
2008,12,17,5,30,8.4,0,0,0,0,0,0,65.37
2008,12,17,6,30,7.800000000000001,0,0,0,0,0,0,68.11
2008,12,17,7,30,7.300000000000001,0,0,0,0,0,0,70.61
2008,12,17,8,30,7,0,0,0,0,0,0,71.81
2008,12,17,9,30,6.9,0,0,0,0,0,0,71.29
2008,12,17,10,30,6.9,0,0,0,0,0,0,69.25
2008,12,17,11,30,7,0,0,0,0,0,0,65.86
2008,12,17,12,30,7,0,0,0,0,0,0,62.42
2008,12,17,13,30,8.3,0,0,0,0,0,0,54.25
2008,12,17,14,30,11.8,39,190,742,742,39,190,50.57
2008,12,17,15,30,16,54,408,915,915,54,408,33.99
2008,12,17,16,30,19.8,63,591,989,989,63,591,25.77
2008,12,17,17,30,22.200000000000003,68,718,1025,1025,68,718,20.36
2008,12,17,18,30,23.3,70,778,1040,1040,70,778,18.42
2008,12,17,19,30,23.900000000000002,71,760,1029,1029,71,760,17.46
2008,12,17,20,30,24,68,674,1005,1005,68,674,17.27
2008,12,17,21,30,23.400000000000002,63,524,953,953,63,524,17.990000000000002
2008,12,17,22,30,21.1,52,325,848,848,52,325,21.51
2008,12,17,23,30,16.900000000000002,32,105,573,573,32,105,45.25
2008,12,18,0,30,13.9,0,0,0,0,0,0,48.870000000000005
2008,12,18,1,30,12.4,0,0,0,0,0,0,53.34
2008,12,18,2,30,11.3,0,0,0,0,0,0,57.88
2008,12,18,3,30,10.3,0,0,0,0,0,0,62.51
2008,12,18,4,30,9.600000000000001,0,0,0,0,0,0,66.48
2008,12,18,5,30,8.8,0,0,0,0,0,0,70.99
2008,12,18,6,30,8.200000000000001,0,0,0,0,0,0,73.68
2008,12,18,7,30,7.7,0,0,0,0,0,0,74.59
2008,12,18,8,30,7.300000000000001,0,0,0,0,0,0,74.01
2008,12,18,9,30,7,0,0,0,0,0,0,72.26
2008,12,18,10,30,6.800000000000001,0,0,0,0,0,0,70.5
2008,12,18,11,30,6.6000000000000005,0,0,0,0,0,0,69.53
2008,12,18,12,30,6.6000000000000005,0,0,0,0,0,0,68.92
2008,12,18,13,30,8.200000000000001,0,0,0,0,0,0,62.32
2008,12,18,14,30,11.9,39,186,733,733,39,186,52.79
2008,12,18,15,30,15.8,53,404,911,911,53,404,42.12
2008,12,18,16,30,18.8,61,587,987,987,61,587,36.01
2008,12,18,17,30,20.6,65,715,1025,1025,65,715,30.21
2008,12,18,18,30,21.700000000000003,67,775,1040,1040,67,775,26.79
2008,12,18,19,30,22.200000000000003,66,762,1038,1038,66,762,24.97
2008,12,18,20,30,22,63,677,1018,1018,63,677,24.5
2008,12,18,21,30,21.200000000000003,57,528,972,972,57,528,25.060000000000002
2008,12,18,22,30,19,47,330,876,876,47,330,28.57
2008,12,18,23,30,15,29,110,634,634,29,110,43.56
2008,12,19,0,30,11.8,0,0,0,0,0,0,55.800000000000004
2008,12,19,1,30,10.600000000000001,0,0,0,0,0,0,59.09
2008,12,19,2,30,9.700000000000001,0,0,0,0,0,0,61.620000000000005
2008,12,19,3,30,9,0,0,0,0,0,0,63.53
2008,12,19,4,30,8.4,0,0,0,0,0,0,65.49
2008,12,19,5,30,7.800000000000001,0,0,0,0,0,0,67.66
2008,12,19,6,30,7.2,0,0,0,0,0,0,69.44
2008,12,19,7,30,6.7,0,0,0,0,0,0,69.55
2008,12,19,8,30,6.2,0,0,0,0,0,0,68.62
2008,12,19,9,30,5.9,0,0,0,0,0,0,67.12
2008,12,19,10,30,5.7,0,0,0,0,0,0,66.22
2008,12,19,11,30,5.5,0,0,0,0,0,0,66.49
2008,12,19,12,30,5.6000000000000005,0,0,0,0,0,0,66.19
2008,12,19,13,30,7.5,0,0,0,0,0,0,59.050000000000004
2008,12,19,14,30,11.700000000000001,33,188,780,780,33,188,52.93
2008,12,19,15,30,16.2,44,407,946,946,44,407,38.37
2008,12,19,16,30,19.700000000000003,50,591,1017,1017,50,591,28.09
2008,12,19,17,30,21.8,55,720,1051,1051,55,720,21.51
2008,12,19,18,30,23,59,782,1062,1062,59,782,18.85
2008,12,19,19,30,23.6,60,765,1052,1052,60,765,17.55
2008,12,19,20,30,23.6,59,681,1030,1030,59,681,17.31
2008,12,19,21,30,23.1,54,532,985,985,54,532,18.02
2008,12,19,22,30,20.700000000000003,46,334,885,885,46,334,21.3
2008,12,19,23,30,16.8,30,112,629,629,30,112,44.050000000000004
2008,12,20,0,30,14.100000000000001,0,0,0,0,0,0,46.49
2008,12,20,1,30,12.5,0,0,0,0,0,0,50.75
2008,12,20,2,30,11.200000000000001,0,0,0,0,0,0,55.31
2008,12,20,3,30,10.100000000000001,0,0,0,0,0,0,59.13
2008,12,20,4,30,9.3,0,0,0,0,0,0,61.86
2008,12,20,5,30,8.5,0,0,0,0,0,0,64.55
2008,12,20,6,30,8,0,0,0,0,0,0,65.85
2008,12,20,7,30,7.5,0,0,0,0,0,0,66.94
2008,12,20,8,30,7.2,0,0,0,0,0,0,66.89
2008,12,20,9,30,6.9,0,0,0,0,0,0,66.9
2008,12,20,10,30,6.6000000000000005,0,0,0,0,0,0,67.08
2008,12,20,11,30,6.300000000000001,0,0,0,0,0,0,66.97
2008,12,20,12,30,5.9,0,0,0,0,0,0,66.88
2008,12,20,13,30,7.5,0,0,0,0,0,0,58.160000000000004
2008,12,20,14,30,11.3,39,185,741,741,39,185,50.59
2008,12,20,15,30,15.600000000000001,53,405,920,920,53,405,34.61
2008,12,20,16,30,19.700000000000003,62,590,996,996,62,590,26.14
2008,12,20,17,30,22.200000000000003,67,720,1032,1032,67,720,20.82
2008,12,20,18,30,23.1,70,777,1040,1040,70,777,19.41
2008,12,20,19,30,23.400000000000002,70,765,1036,1036,70,765,18.5
2008,12,20,20,30,23.400000000000002,68,680,1013,1013,68,680,17.98
2008,12,20,21,30,22.8,60,532,968,968,60,532,18.26
2008,12,20,22,30,20.900000000000002,51,333,866,866,51,333,21.1
2008,12,20,23,30,17.8,32,112,611,234,67,98,41.51
2008,12,21,0,30,15.4,0,0,0,0,0,0,39.74
2008,12,21,1,30,14,0,0,0,0,0,0,42.37
2008,12,21,2,30,13,0,0,0,0,0,0,43.87
2008,12,21,3,30,12.3,0,0,0,0,0,0,44.26
2008,12,21,4,30,11.8,0,0,0,0,0,0,44.26
2008,12,21,5,30,11.3,0,0,0,0,0,0,44.72
2008,12,21,6,30,10.600000000000001,0,0,0,0,0,0,46.550000000000004
2008,12,21,7,30,9.700000000000001,0,0,0,0,0,0,48.6
2008,12,21,8,30,8.9,0,0,0,0,0,0,50.33
2008,12,21,9,30,8.200000000000001,0,0,0,0,0,0,51.31
2008,12,21,10,30,7.7,0,0,0,0,0,0,52.2
2008,12,21,11,30,7.300000000000001,0,0,0,0,0,0,52.78
2008,12,21,12,30,6.800000000000001,0,0,0,0,0,0,53.22
2008,12,21,13,30,8.1,0,0,0,0,0,0,47.46
2008,12,21,14,30,11.600000000000001,36,181,740,360,84,154,46.06
2008,12,21,15,30,15.8,49,398,918,918,49,398,29.42
2008,12,21,16,30,19.400000000000002,56,582,993,993,56,582,22.330000000000002
2008,12,21,17,30,21.400000000000002,60,711,1030,1030,60,711,19.03
2008,12,21,18,30,22.400000000000002,62,772,1045,1045,62,772,18.03
2008,12,21,19,30,22.900000000000002,62,761,1043,1043,62,761,17.37
2008,12,21,20,30,23,60,678,1021,1021,60,678,16.990000000000002
2008,12,21,21,30,22.5,55,531,975,975,55,531,17.34
2008,12,21,22,30,20.8,47,332,872,872,47,332,19.57
2008,12,21,23,30,17.8,30,113,624,624,30,113,38.550000000000004
2008,12,22,0,30,14.8,0,0,0,0,0,0,40.15
2008,12,22,1,30,12.700000000000001,0,0,0,0,0,0,45.76
2008,12,22,2,30,11.200000000000001,0,0,0,0,0,0,48.67
2008,12,22,3,30,9.8,0,0,0,0,0,0,50.35
2008,12,22,4,30,8.5,0,0,0,0,0,0,53.93
2008,12,22,5,30,7.300000000000001,0,0,0,0,0,0,65.23
2008,12,22,6,30,6.4,0,0,0,0,0,0,81.66
2008,12,22,7,30,6.300000000000001,0,0,0,0,0,0,91.57000000000001
2008,12,22,8,30,6.4,0,0,0,0,0,0,94.10000000000001
2008,12,22,9,30,6.2,0,0,0,0,0,0,95.57000000000001
2008,12,22,10,30,6.1000000000000005,0,0,0,0,0,0,96.2
2008,12,22,11,30,6.1000000000000005,0,0,0,0,0,0,96.04
2008,12,22,12,30,6,0,0,0,0,0,0,95.89
2008,12,22,13,30,6.5,0,0,0,0,0,0,91.56
2008,12,22,14,30,8.3,38,177,716,716,38,177,79.61
2008,12,22,15,30,11.4,52,394,902,902,52,394,62.65
2008,12,22,16,30,14.700000000000001,59,581,987,987,59,581,46.37
2008,12,22,17,30,17.3,63,710,1025,1025,63,710,34.550000000000004
2008,12,22,18,30,18.900000000000002,67,768,1033,1033,67,768,29.240000000000002
2008,12,22,19,30,19.700000000000003,67,758,1029,1029,67,758,26.71
2008,12,22,20,30,19.5,66,675,1005,1005,66,675,26.3
2008,12,22,21,30,18.400000000000002,61,528,955,955,61,528,28.11
2008,12,22,22,30,16.5,51,332,853,853,51,332,32.87
2008,12,22,23,30,13.9,32,113,599,599,32,113,43.83
2008,12,23,0,30,11.9,0,0,0,0,0,0,53.730000000000004
2008,12,23,1,30,10.9,0,0,0,0,0,0,58.1
2008,12,23,2,30,10,0,0,0,0,0,0,62.13
2008,12,23,3,30,9.200000000000001,0,0,0,0,0,0,66.08
2008,12,23,4,30,8.3,0,0,0,0,0,0,71.99
2008,12,23,5,30,7.6000000000000005,0,0,0,0,0,0,78.28
2008,12,23,6,30,7.1000000000000005,0,0,0,0,0,0,84.77
2008,12,23,7,30,6.7,0,0,0,0,0,0,91.88
2008,12,23,8,30,6.6000000000000005,0,0,0,0,0,0,98.11
2008,12,23,9,30,6.7,0,0,0,0,0,0,100
2008,12,23,10,30,7,0,0,0,0,0,0,100
2008,12,23,11,30,7.1000000000000005,0,0,0,0,0,0,100
2008,12,23,12,30,7,0,0,0,0,0,0,100
2008,12,23,13,30,7.9,0,0,0,0,0,0,95.4
2008,12,23,14,30,10.3,42,173,680,680,42,173,81.29
2008,12,23,15,30,13.200000000000001,56,391,888,888,56,391,63.730000000000004
2008,12,23,16,30,15.5,63,577,973,973,63,577,49.300000000000004
2008,12,23,17,30,17.1,67,703,1009,1009,67,703,41.28
2008,12,23,18,30,18.1,69,766,1025,1025,69,766,37.58
2008,12,23,19,30,18.6,68,756,1024,1024,68,756,35.58
2008,12,23,20,30,18.6,64,672,1001,1001,64,672,34.53
2008,12,23,21,30,18.1,57,527,957,957,57,527,34.730000000000004
2008,12,23,22,30,16.6,48,332,860,860,48,332,37.53
2008,12,23,23,30,14,32,115,609,609,32,115,46.37
2008,12,24,0,30,11.9,0,0,0,0,0,0,58.27
2008,12,24,1,30,10.5,0,0,0,0,0,0,65.33
2008,12,24,2,30,9.3,0,0,0,0,0,0,71.49
2008,12,24,3,30,8.1,0,0,0,0,0,0,79.57000000000001
2008,12,24,4,30,7.1000000000000005,0,0,0,0,0,0,89.29
2008,12,24,5,30,6.300000000000001,0,0,0,0,0,0,98.45
2008,12,24,6,30,5.9,0,0,0,0,0,0,100
2008,12,24,7,30,5.6000000000000005,0,0,0,0,0,0,100
2008,12,24,8,30,5.2,0,0,0,0,0,0,99.97
2008,12,24,9,30,4.5,0,0,0,0,0,0,99.37
2008,12,24,10,30,3.9000000000000004,0,0,0,0,0,0,99.26
2008,12,24,11,30,3.5,0,0,0,0,0,0,98.71000000000001
2008,12,24,12,30,3.2,0,0,0,0,0,0,97.94
2008,12,24,13,30,4.800000000000001,0,0,0,0,0,0,85.32000000000001
2008,12,24,14,30,8.3,34,176,742,742,34,176,66.37
2008,12,24,15,30,12.4,48,394,918,918,48,394,51.57
2008,12,24,16,30,16,56,579,993,993,56,579,34.59
2008,12,24,17,30,18.1,60,706,1025,1025,60,706,26.53
2008,12,24,18,30,19.3,63,769,1039,1039,63,769,22.63
2008,12,24,19,30,19.8,64,760,1036,1036,64,760,20.7
2008,12,24,20,30,19.6,62,679,1015,1015,62,679,20.56
2008,12,24,21,30,18.900000000000002,56,534,971,971,56,534,21.53
2008,12,24,22,30,17.2,47,338,878,878,47,338,25.84
2008,12,24,23,30,14.3,30,120,644,644,30,120,48.74
2008,12,25,0,30,12.3,0,0,0,0,0,0,45.45
2008,12,25,1,30,11.5,0,0,0,0,0,0,44.64
2008,12,25,2,30,11,0,0,0,0,0,0,43.97
2008,12,25,3,30,10.4,0,0,0,0,0,0,44.39
2008,12,25,4,30,9.5,0,0,0,0,0,0,46.63
2008,12,25,5,30,8.200000000000001,0,0,0,0,0,0,50.85
2008,12,25,6,30,6.9,0,0,0,0,0,0,55.88
2008,12,25,7,30,5.800000000000001,0,0,0,0,0,0,60.63
2008,12,25,8,30,5.1000000000000005,0,0,0,0,0,0,64.02
2008,12,25,9,30,4.7,0,0,0,0,0,0,66.42
2008,12,25,10,30,4.4,0,0,0,0,0,0,68.33
2008,12,25,11,30,4.3,0,0,0,0,0,0,69.34
2008,12,25,12,30,4.2,0,0,0,0,0,0,70.57000000000001
2008,12,25,13,30,6.300000000000001,0,0,0,0,0,0,61.97
2008,12,25,14,30,10.600000000000001,34,173,737,737,34,173,51.2
2008,12,25,15,30,14.8,47,390,912,912,47,390,39.52
2008,12,25,16,30,17.8,56,575,987,987,56,575,33.43
2008,12,25,17,30,19.400000000000002,61,703,1019,1019,61,703,30.02
2008,12,25,18,30,20.400000000000002,63,767,1035,1035,63,767,28.01
2008,12,25,19,30,21,64,758,1032,1032,64,758,26.53
2008,12,25,20,30,21,60,678,1013,1013,60,678,25.89
2008,12,25,21,30,20.5,54,534,971,971,54,534,26.38
2008,12,25,22,30,18.6,44,339,881,881,44,339,29.87
2008,12,25,23,30,14.8,29,121,652,652,29,121,45.94
2008,12,26,0,30,11.8,0,0,0,0,0,0,56.120000000000005
2008,12,26,1,30,10.700000000000001,0,0,0,0,0,0,58.79
2008,12,26,2,30,9.8,0,0,0,0,0,0,61.84
2008,12,26,3,30,9,0,0,0,0,0,0,65.07000000000001
2008,12,26,4,30,8.3,0,0,0,0,0,0,68.47
2008,12,26,5,30,7.6000000000000005,0,0,0,0,0,0,72.32000000000001
2008,12,26,6,30,7,0,0,0,0,0,0,75.95
2008,12,26,7,30,6.5,0,0,0,0,0,0,78.74
2008,12,26,8,30,6,0,0,0,0,0,0,79.19
2008,12,26,9,30,5.7,0,0,0,0,0,0,76.02
2008,12,26,10,30,5.5,0,0,0,0,0,0,72.57000000000001
2008,12,26,11,30,5.5,0,0,0,0,0,0,71.2
2008,12,26,12,30,5.7,0,0,0,0,0,0,72
2008,12,26,13,30,7.300000000000001,0,0,0,0,0,0,67.66
2008,12,26,14,30,10.5,36,171,713,120,97,120,58.96
2008,12,26,15,30,13.9,50,386,896,896,50,386,49.17
2008,12,26,16,30,16.8,59,570,974,974,59,570,39.4
2008,12,26,17,30,18.400000000000002,65,698,1006,1006,65,698,35.31
2008,12,26,18,30,19,67,759,1019,1019,67,759,34.28
2008,12,26,19,30,18.7,66,749,1013,625,220,641,35.75
2008,12,26,20,30,17.8,65,670,990,990,65,670,38.51
2008,12,26,21,30,17.1,57,528,949,24,251,263,40.7
2008,12,26,22,30,16.2,46,337,866,866,46,337,43.15
2008,12,26,23,30,13.5,29,121,644,170,71,96,51.64
2008,12,27,0,30,10.9,0,0,0,0,0,0,62.870000000000005
2008,12,27,1,30,9.700000000000001,0,0,0,0,0,0,68.44
2008,12,27,2,30,8.8,0,0,0,0,0,0,73.3
2008,12,27,3,30,8.1,0,0,0,0,0,0,78.24
2008,12,27,4,30,7.5,0,0,0,0,0,0,83.35000000000001
2008,12,27,5,30,7.1000000000000005,0,0,0,0,0,0,86.56
2008,12,27,6,30,6.7,0,0,0,0,0,0,88.10000000000001
2008,12,27,7,30,6.300000000000001,0,0,0,0,0,0,88.78
2008,12,27,8,30,5.9,0,0,0,0,0,0,89.49
2008,12,27,9,30,5.6000000000000005,0,0,0,0,0,0,90.33
2008,12,27,10,30,5.300000000000001,0,0,0,0,0,0,91.7
2008,12,27,11,30,5,0,0,0,0,0,0,93.55
2008,12,27,12,30,4.9,0,0,0,0,0,0,94.57000000000001
2008,12,27,13,30,6,0,0,0,0,0,0,87.61
2008,12,27,14,30,9.3,33,170,731,19,87,90,69.56
2008,12,27,15,30,13.4,44,386,913,913,44,386,50.85
2008,12,27,16,30,16.8,51,571,990,990,51,571,36.300000000000004
2008,12,27,17,30,18.900000000000002,54,698,1024,1024,54,698,30.7
2008,12,27,18,30,20.3,57,763,1039,1039,57,763,28.19
2008,12,27,19,30,20.900000000000002,58,754,1032,1032,58,754,27.400000000000002
2008,12,27,20,30,21,56,676,1012,1012,56,676,27.39
2008,12,27,21,30,20.400000000000002,47,529,970,970,47,529,28.72
2008,12,27,22,30,18.6,39,337,882,882,39,337,32.74
2008,12,27,23,30,14.9,27,123,662,662,27,123,45.82
2008,12,28,0,30,11.9,0,0,0,0,0,0,58.4
2008,12,28,1,30,10.700000000000001,0,0,0,0,0,0,62.86
2008,12,28,2,30,9.700000000000001,0,0,0,0,0,0,67.66
2008,12,28,3,30,8.6,0,0,0,0,0,0,74.02
2008,12,28,4,30,7.6000000000000005,0,0,0,0,0,0,81.01
2008,12,28,5,30,6.800000000000001,0,0,0,0,0,0,88.33
2008,12,28,6,30,6,0,0,0,0,0,0,96.13
2008,12,28,7,30,5.4,0,0,0,0,0,0,100
2008,12,28,8,30,4.9,0,0,0,0,0,0,100
2008,12,28,9,30,4.5,0,0,0,0,0,0,100
2008,12,28,10,30,4.2,0,0,0,0,0,0,100
2008,12,28,11,30,4.1000000000000005,0,0,0,0,0,0,100
2008,12,28,12,30,4.3,0,0,0,0,0,0,95.83
2008,12,28,13,30,5.800000000000001,0,0,0,0,0,0,83.52
2008,12,28,14,30,8.6,33,170,734,734,33,170,69.55
2008,12,28,15,30,12.600000000000001,45,387,918,918,45,387,52.97
2008,12,28,16,30,16.7,52,573,995,995,52,573,36.36
2008,12,28,17,30,18.900000000000002,57,705,1031,1031,57,705,29.650000000000002
2008,12,28,18,30,20.200000000000003,58,768,1042,1042,58,768,26.580000000000002
2008,12,28,19,30,20.700000000000003,58,761,1041,1041,58,761,25.240000000000002
2008,12,28,20,30,20.6,57,680,1016,1016,57,680,25.11
2008,12,28,21,30,19.900000000000002,52,538,973,973,52,538,26.18
2008,12,28,22,30,18.3,45,343,876,483,127,291,30.69
2008,12,28,23,30,16.400000000000002,30,126,649,649,30,126,48
2008,12,29,0,30,14.8,0,0,0,0,0,0,44.03
2008,12,29,1,30,12.5,0,0,0,0,0,0,51.47
2008,12,29,2,30,10.100000000000001,0,0,0,0,0,0,59.06
2008,12,29,3,30,8.4,0,0,0,0,0,0,62.29
2008,12,29,4,30,7.2,0,0,0,0,0,0,63.940000000000005
2008,12,29,5,30,6.4,0,0,0,0,0,0,65.4
2008,12,29,6,30,5.9,0,0,0,0,0,0,66.39
2008,12,29,7,30,5.6000000000000005,0,0,0,0,0,0,67.08
2008,12,29,8,30,5.5,0,0,0,0,0,0,68.77
2008,12,29,9,30,5.4,0,0,0,0,0,0,73.22
2008,12,29,10,30,5.1000000000000005,0,0,0,0,0,0,80.68
2008,12,29,11,30,5.1000000000000005,0,0,0,0,0,0,87.22
2008,12,29,12,30,5.6000000000000005,0,0,0,0,0,0,90.66
2008,12,29,13,30,6.5,0,0,0,0,0,0,90
2008,12,29,14,30,8,62,145,450,0,56,56,84.93
2008,12,29,15,30,10,88,355,718,0,46,46,77.17
2008,12,29,16,30,12,96,542,851,29,226,241,68.3
2008,12,29,17,30,13.5,99,673,912,118,312,386,61.81
2008,12,29,18,30,14.9,91,742,955,642,239,676,56.050000000000004
2008,12,29,19,30,16,89,737,957,332,334,558,51.96
2008,12,29,20,30,16.6,85,658,931,143,307,395,49.97
2008,12,29,21,30,16.5,75,521,890,237,249,367,49.96
2008,12,29,22,30,15.3,63,331,784,54,165,184,54.1
2008,12,29,23,30,13.4,40,119,533,236,72,107,67.46000000000001
2008,12,30,0,30,12.200000000000001,0,0,0,0,0,0,68.9
2008,12,30,1,30,11.600000000000001,0,0,0,0,0,0,70.55
2008,12,30,2,30,10.9,0,0,0,0,0,0,73.28
2008,12,30,3,30,9.9,0,0,0,0,0,0,79.32000000000001
2008,12,30,4,30,8.700000000000001,0,0,0,0,0,0,89.35000000000001
2008,12,30,5,30,7.7,0,0,0,0,0,0,99.3
2008,12,30,6,30,7.4,0,0,0,0,0,0,100
2008,12,30,7,30,7.4,0,0,0,0,0,0,100
2008,12,30,8,30,7.300000000000001,0,0,0,0,0,0,99.05
2008,12,30,9,30,7,0,0,0,0,0,0,98.65
2008,12,30,10,30,6.800000000000001,0,0,0,0,0,0,98.67
2008,12,30,11,30,6.7,0,0,0,0,0,0,98.69
2008,12,30,12,30,6.7,0,0,0,0,0,0,98.36
2008,12,30,13,30,7.4,0,0,0,0,0,0,93.4
2008,12,30,14,30,9.5,43,160,635,29,87,92,80.69
2008,12,30,15,30,12.9,60,376,851,61,204,226,65.74
2008,12,30,16,30,16.900000000000002,69,560,938,333,259,433,51.13
2008,12,30,17,30,19.400000000000002,74,690,978,253,331,490,41.01
2008,12,30,18,30,20.200000000000003,78,753,989,414,318,600,37.84
2008,12,30,19,30,20.1,83,744,975,408,352,629,37.87
2008,12,30,20,30,19,87,662,933,438,308,578,41.38
2008,12,30,21,30,17.6,72,524,899,166,262,346,46.42
2008,12,30,22,30,16.2,62,333,789,590,129,332,52.54
2008,12,30,23,30,14.5,40,121,535,1,53,53,62.2
2008,12,31,0,30,12.9,0,0,0,0,0,0,70.07000000000001
2008,12,31,1,30,11.9,0,0,0,0,0,0,73.85000000000001
2008,12,31,2,30,11.200000000000001,0,0,0,0,0,0,76.15
2008,12,31,3,30,10.700000000000001,0,0,0,0,0,0,77.32000000000001
2008,12,31,4,30,10.3,0,0,0,0,0,0,78.95
2008,12,31,5,30,9.9,0,0,0,0,0,0,81.01
2008,12,31,6,30,9.4,0,0,0,0,0,0,83.83
2008,12,31,7,30,9,0,0,0,0,0,0,85.94
2008,12,31,8,30,8.5,0,0,0,0,0,0,88.64
2008,12,31,9,30,8,0,0,0,0,0,0,91.28
2008,12,31,10,30,7.6000000000000005,0,0,0,0,0,0,93.18
2008,12,31,11,30,7.300000000000001,0,0,0,0,0,0,94.4
2008,12,31,12,30,7.2,0,0,0,0,0,0,94.42
2008,12,31,13,30,8.6,0,0,0,0,0,0,85.19
2008,12,31,14,30,11.9,42,157,631,1,74,74,69.33
2008,12,31,15,30,15.200000000000001,61,370,835,12,178,183,56.31
2008,12,31,16,30,17.2,72,555,923,49,295,320,46.24
2008,12,31,17,30,18,80,686,962,26,323,339,42.54
2008,12,31,18,30,18.400000000000002,75,755,996,297,392,595,40.54
2008,12,31,19,30,18.6,75,752,997,693,205,676,39.19
2008,12,31,20,30,18.5,73,676,976,622,262,646,38.63
2008,12,31,21,30,17.900000000000002,66,535,928,0,10,10,39.96
2008,12,31,22,30,16.7,56,344,832,743,14,271,43.24
2008,12,31,23,30,14.3,36,129,597,5,59,60,54.57
