Source,Location ID,City,State,Country,Latitude,Longitude,Time Zone,Elevation,Local Time Zone,Clearsky DHI Units,Clearsky DNI Units,Clearsky GHI Units,Dew Point Units,DHI Units,DNI Units,GHI Units,Solar Zenith Angle Units,Temperature Units,Pressure Units,Relative Humidity Units,Precipitable Water Units,Wind Direction Units,Wind Speed Units,Cloud Type -15,Cloud Type 0,Cloud Type 1,Cloud Type 2,Cloud Type 3,Cloud Type 4,Cloud Type 5,Cloud Type 6,Cloud Type 7,Cloud Type 8,Cloud Type 9,Cloud Type 10,Cloud Type 11,Cloud Type 12,Fill Flag 0,Fill Flag 1,Fill Flag 2,Fill Flag 3,Fill Flag 4,Fill Flag 5,Surface Albedo Units,Version
NSRDB,533757,-,-,-,23.69,-103.1,0,1939,-6,w/m2,w/m2,w/m2,c,w/m2,w/m2,w/m2,Degree,c,mbar,%,cm,Degrees,m/s,N/A,Clear,Probably Clear,Fog,Water,Super-Cooled Water,Mixed,Opaque Ice,Cirrus,Overlapping,Overshooting,Unknown,Dust,Smoke,N/A,Missing Image,Low Irradiance,Exceeds Clearsky,Missing CLoud Properties,Rayleigh Violation,N/A,4.0.1
Year,Month,Day,Hour,Minute,Temperature,Clearsky DHI,Clearsky GHI,Clearsky DNI,DNI,DHI,GHI,Relative Humidity
2008,1,1,0,30,14.5,0,0,0,0,0,0,20.55
2008,1,1,1,30,12.5,0,0,0,0,0,0,22.22
2008,1,1,2,30,10.8,0,0,0,0,0,0,24.13
2008,1,1,3,30,9.4,0,0,0,0,0,0,25.98
2008,1,1,4,30,8.3,0,0,0,0,0,0,27.47
2008,1,1,5,30,7.5,0,0,0,0,0,0,28.830000000000002
2008,1,1,6,30,7.1000000000000005,0,0,0,0,0,0,30.41
2008,1,1,7,30,6.9,0,0,0,0,0,0,30.76
2008,1,1,8,30,6.5,0,0,0,0,0,0,31.02
2008,1,1,9,30,5.800000000000001,0,0,0,0,0,0,32.04
2008,1,1,10,30,4.7,0,0,0,0,0,0,34.550000000000004
2008,1,1,11,30,3.4000000000000004,0,0,0,0,0,0,38.06
2008,1,1,12,30,2.3000000000000003,0,0,0,0,0,0,43.02
2008,1,1,13,30,3.7,0,0,0,0,0,0,42.82
2008,1,1,14,30,7.4,37,166,714,53,104,114,40.17
2008,1,1,15,30,11.3,55,383,890,890,55,383,41.6
2008,1,1,16,30,14.9,67,568,962,962,67,568,41.5
2008,1,1,17,30,17.6,73,699,999,999,73,699,37.42
2008,1,1,18,30,19.400000000000002,73,767,1020,1020,73,767,33.08
2008,1,1,19,30,20.5,72,759,1015,1015,72,759,30.28
2008,1,1,20,30,20.700000000000003,69,680,992,992,69,680,29.71
2008,1,1,21,30,20,63,537,942,942,63,537,31.41
2008,1,1,22,30,18.3,54,344,840,840,54,344,36.1
2008,1,1,23,30,15.700000000000001,36,128,602,602,36,128,45.34
2008,1,2,0,30,13.3,0,0,0,0,0,0,56.11
2008,1,2,1,30,11.600000000000001,0,0,0,0,0,0,64.38
2008,1,2,2,30,9.9,0,0,0,0,0,0,72.27
2008,1,2,3,30,8.200000000000001,0,0,0,0,0,0,78.65
2008,1,2,4,30,6.9,0,0,0,0,0,0,80.77
2008,1,2,5,30,5.9,0,0,0,0,0,0,80.74
2008,1,2,6,30,5,0,0,0,0,0,0,80.02
2008,1,2,7,30,4.2,0,0,0,0,0,0,78.68
2008,1,2,8,30,3.3000000000000003,0,0,0,0,0,0,78.72
2008,1,2,9,30,2.6,0,0,0,0,0,0,78.61
2008,1,2,10,30,2.1,0,0,0,0,0,0,78.4
2008,1,2,11,30,1.6,0,0,0,0,0,0,78.83
2008,1,2,12,30,1.1,0,0,0,0,0,0,79.24
2008,1,2,13,30,1.3,0,0,0,0,0,0,75.84
2008,1,2,14,30,3.1,38,164,701,63,103,114,65.75
2008,1,2,15,30,6.2,51,384,905,36,211,224,54.67
2008,1,2,16,30,9.4,57,573,991,233,305,426,45.84
2008,1,2,17,30,12.200000000000001,60,708,1031,1031,60,708,39.32
2008,1,2,18,30,14.200000000000001,61,776,1049,1049,61,776,34.69
2008,1,2,19,30,15.5,61,772,1048,1048,61,772,31.02
2008,1,2,20,30,15.9,60,695,1028,1028,60,695,28.900000000000002
2008,1,2,21,30,15.4,55,553,986,986,55,553,28.62
2008,1,2,22,30,13.8,48,359,895,895,48,359,31.03
2008,1,2,23,30,10.600000000000001,33,138,672,672,33,138,38.64
2008,1,3,0,30,7.9,0,0,0,0,0,0,47.980000000000004
2008,1,3,1,30,6.4,0,0,0,0,0,0,53.7
2008,1,3,2,30,5,0,0,0,0,0,0,59.95
2008,1,3,3,30,3.5,0,0,0,0,0,0,67.08
2008,1,3,4,30,2.1,0,0,0,0,0,0,73.69
2008,1,3,5,30,1,0,0,0,0,0,0,78.18
2008,1,3,6,30,0.2,0,0,0,0,0,0,80.31
2008,1,3,7,30,-0.4,0,0,0,0,0,0,81.36
2008,1,3,8,30,-0.9,0,0,0,0,0,0,82.12
2008,1,3,9,30,-1.3,0,0,0,0,0,0,82.99
2008,1,3,10,30,-1.6,0,0,0,0,0,0,83.85000000000001
2008,1,3,11,30,-1.8,0,0,0,0,0,0,84.58
2008,1,3,12,30,-1.9000000000000001,0,0,0,0,0,0,84.9
2008,1,3,13,30,-0.6000000000000001,0,0,0,0,0,0,77.11
2008,1,3,14,30,2.7,34,165,731,731,34,165,61.49
2008,1,3,15,30,7,47,386,923,923,47,386,47.95
2008,1,3,16,30,11.5,53,576,1005,1005,53,576,37.910000000000004
2008,1,3,17,30,15.3,55,712,1045,1045,55,712,30.45
2008,1,3,18,30,18.2,59,781,1058,1058,59,781,25.580000000000002
2008,1,3,19,30,20.1,58,777,1059,1059,58,777,20.71
2008,1,3,20,30,20.700000000000003,56,701,1041,1041,56,701,17.61
2008,1,3,21,30,20.3,52,558,999,999,52,558,16.67
2008,1,3,22,30,18.2,45,364,913,913,45,364,18.57
2008,1,3,23,30,13.9,31,142,703,703,31,142,32.74
2008,1,4,0,30,10.600000000000001,0,0,0,0,0,0,39.910000000000004
2008,1,4,1,30,9.200000000000001,0,0,0,0,0,0,46
2008,1,4,2,30,7.6000000000000005,0,0,0,0,0,0,54.6
2008,1,4,3,30,6.1000000000000005,0,0,0,0,0,0,62.35
2008,1,4,4,30,4.800000000000001,0,0,0,0,0,0,68.82000000000001
2008,1,4,5,30,3.8000000000000003,0,0,0,0,0,0,73.83
2008,1,4,6,30,3,0,0,0,0,0,0,78.04
2008,1,4,7,30,2.5,0,0,0,0,0,0,80.75
2008,1,4,8,30,2.3000000000000003,0,0,0,0,0,0,81.74
2008,1,4,9,30,2.2,0,0,0,0,0,0,81.95
2008,1,4,10,30,2.2,0,0,0,0,0,0,81.61
2008,1,4,11,30,2.3000000000000003,0,0,0,0,0,0,80.51
2008,1,4,12,30,2.6,0,0,0,0,0,0,78.31
2008,1,4,13,30,5.1000000000000005,0,0,0,0,0,0,65.23
2008,1,4,14,30,9.9,35,162,711,711,35,162,47.92
2008,1,4,15,30,14.9,50,383,906,906,50,383,34.910000000000004
2008,1,4,16,30,19.3,58,573,989,989,58,573,22.64
2008,1,4,17,30,21.8,61,709,1030,1030,61,709,14.31
2008,1,4,18,30,22.900000000000002,62,779,1048,1048,62,779,13.290000000000001
2008,1,4,19,30,23.5,62,776,1048,1048,62,776,12.83
2008,1,4,20,30,23.5,60,700,1030,1030,60,700,12.700000000000001
2008,1,4,21,30,23,55,558,988,988,55,558,12.92
2008,1,4,22,30,21,48,364,900,900,48,364,14.6
2008,1,4,23,30,17.2,33,143,686,686,33,143,28.84
2008,1,5,0,30,14,0,0,0,0,0,0,30.19
2008,1,5,1,30,12.4,0,0,0,0,0,0,32.03
2008,1,5,2,30,11.3,0,0,0,0,0,0,33.47
2008,1,5,3,30,10.3,0,0,0,0,0,0,35.230000000000004
2008,1,5,4,30,9.3,0,0,0,0,0,0,37.230000000000004
2008,1,5,5,30,8.6,0,0,0,0,0,0,38.13
2008,1,5,6,30,7.800000000000001,0,0,0,0,0,0,39.47
2008,1,5,7,30,7,0,0,0,0,0,0,41.29
2008,1,5,8,30,6.6000000000000005,0,0,0,0,0,0,42.64
2008,1,5,9,30,6.5,0,0,0,0,0,0,43.26
2008,1,5,10,30,6.6000000000000005,0,0,0,0,0,0,43.480000000000004
2008,1,5,11,30,6.7,0,0,0,0,0,0,43.87
2008,1,5,12,30,6.800000000000001,0,0,0,0,0,0,44.39
2008,1,5,13,30,8.3,0,0,0,0,0,0,41.22
2008,1,5,14,30,11.700000000000001,36,160,697,31,100,106,38.42
2008,1,5,15,30,16.2,51,380,895,895,51,380,27.89
2008,1,5,16,30,20.1,60,570,979,979,60,570,21.46
2008,1,5,17,30,22.1,64,706,1019,1019,64,706,17.79
2008,1,5,18,30,23.200000000000003,67,780,1042,1042,67,780,16.04
2008,1,5,19,30,23.8,65,777,1043,1043,65,777,14.93
2008,1,5,20,30,23.900000000000002,62,702,1026,1026,62,702,14.290000000000001
2008,1,5,21,30,23.400000000000002,56,561,986,986,56,561,14.21
2008,1,5,22,30,21.6,48,367,899,899,48,367,15.65
2008,1,5,23,30,18.6,34,145,687,687,34,145,28.07
2008,1,6,0,30,16.3,0,0,0,0,0,0,27.09
2008,1,6,1,30,14.8,0,0,0,0,0,0,28.990000000000002
2008,1,6,2,30,13.3,0,0,0,0,0,0,31.8
2008,1,6,3,30,11.8,0,0,0,0,0,0,35.25
2008,1,6,4,30,10.3,0,0,0,0,0,0,39.44
2008,1,6,5,30,9,0,0,0,0,0,0,44.33
2008,1,6,6,30,8.1,0,0,0,0,0,0,48.800000000000004
2008,1,6,7,30,7.5,0,0,0,0,0,0,52.870000000000005
2008,1,6,8,30,7,0,0,0,0,0,0,56.71
2008,1,6,9,30,6.6000000000000005,0,0,0,0,0,0,59.83
2008,1,6,10,30,6.300000000000001,0,0,0,0,0,0,61.63
2008,1,6,11,30,5.9,0,0,0,0,0,0,63.120000000000005
2008,1,6,12,30,5.800000000000001,0,0,0,0,0,0,63.1
2008,1,6,13,30,8,0,0,0,0,0,0,53.92
2008,1,6,14,30,12.4,37,162,700,700,37,162,41.29
2008,1,6,15,30,17,54,384,899,899,54,384,30.68
2008,1,6,16,30,20.5,62,577,986,986,62,577,21.71
2008,1,6,17,30,22.1,67,715,1028,1028,67,715,18.52
2008,1,6,18,30,23.1,69,786,1045,1045,69,786,16.01
2008,1,6,19,30,23.5,69,784,1046,1046,69,784,14.15
2008,1,6,20,30,23.5,65,709,1030,1030,65,709,12.98
2008,1,6,21,30,22.8,60,571,995,995,60,571,12.780000000000001
2008,1,6,22,30,20.6,51,376,911,911,51,376,14.120000000000001
2008,1,6,23,30,16.1,34,151,707,707,34,151,23.26
2008,1,7,0,30,12.5,0,0,0,0,0,0,31.89
2008,1,7,1,30,11.200000000000001,0,0,0,0,0,0,33.84
2008,1,7,2,30,10.200000000000001,0,0,0,0,0,0,35.56
2008,1,7,3,30,9.3,0,0,0,0,0,0,37.480000000000004
2008,1,7,4,30,8.5,0,0,0,0,0,0,39.64
2008,1,7,5,30,7.800000000000001,0,0,0,0,0,0,42.43
2008,1,7,6,30,7.1000000000000005,0,0,0,0,0,0,45.94
2008,1,7,7,30,6.5,0,0,0,0,0,0,49.74
2008,1,7,8,30,5.9,0,0,0,0,0,0,53.69
2008,1,7,9,30,5.4,0,0,0,0,0,0,56.86
2008,1,7,10,30,5,0,0,0,0,0,0,59.34
2008,1,7,11,30,4.6000000000000005,0,0,0,0,0,0,61.39
2008,1,7,12,30,4.4,0,0,0,0,0,0,61.09
2008,1,7,13,30,6.4,0,0,0,0,0,0,50.870000000000005
2008,1,7,14,30,10.600000000000001,34,167,751,49,103,112,36.730000000000004
2008,1,7,15,30,15.4,47,393,943,943,47,393,25.07
2008,1,7,16,30,19.5,52,587,1023,1023,52,587,12.83
2008,1,7,17,30,21.700000000000003,55,727,1063,1063,55,727,9.81
2008,1,7,18,30,22.900000000000002,61,800,1075,1075,61,800,9.17
2008,1,7,19,30,23.5,58,797,1077,1077,58,797,9.07
2008,1,7,20,30,23.400000000000002,55,722,1062,1062,55,722,9.34
2008,1,7,21,30,22.700000000000003,50,579,1024,1024,50,579,9.88
2008,1,7,22,30,20.6,43,382,943,943,43,382,11.36
2008,1,7,23,30,16.2,30,156,750,750,30,156,16.6
2008,1,8,0,30,12.4,0,0,0,0,0,0,25.12
2008,1,8,1,30,10.8,0,0,0,0,0,0,28.330000000000002
2008,1,8,2,30,9.5,0,0,0,0,0,0,31.45
2008,1,8,3,30,8.4,0,0,0,0,0,0,34.71
2008,1,8,4,30,7.300000000000001,0,0,0,0,0,0,39.17
2008,1,8,5,30,6.300000000000001,0,0,0,0,0,0,44.27
2008,1,8,6,30,5.5,0,0,0,0,0,0,48.18
2008,1,8,7,30,5,0,0,0,0,0,0,48.59
2008,1,8,8,30,4.6000000000000005,0,0,0,0,0,0,46.19
2008,1,8,9,30,4.2,0,0,0,0,0,0,42.61
2008,1,8,10,30,3.9000000000000004,0,0,0,0,0,0,39.06
2008,1,8,11,30,3.6,0,0,0,0,0,0,36.44
2008,1,8,12,30,3.5,0,0,0,0,0,0,34.03
2008,1,8,13,30,5.6000000000000005,0,0,0,0,0,0,27.51
2008,1,8,14,30,10,29,171,803,27,103,108,20.32
2008,1,8,15,30,15,40,401,983,983,40,401,13.64
2008,1,8,16,30,19.200000000000003,45,591,1043,1043,45,591,8.75
2008,1,8,17,30,21.400000000000002,49,732,1080,1080,49,732,6.57
2008,1,8,18,30,22.400000000000002,52,806,1094,1094,52,806,6.32
2008,1,8,19,30,22.700000000000003,54,806,1093,774,187,719,6.33
2008,1,8,20,30,22.400000000000002,52,730,1077,560,220,573,6.5
2008,1,8,21,30,21.5,49,581,1026,564,186,479,6.95
2008,1,8,22,30,19.3,43,385,946,454,146,310,9.33
2008,1,8,23,30,15.700000000000001,31,159,753,489,69,153,22.98
2008,1,9,0,30,12.700000000000001,0,0,0,0,0,0,23.990000000000002
2008,1,9,1,30,10.600000000000001,0,0,0,0,0,0,26.21
2008,1,9,2,30,8.9,0,0,0,0,0,0,29.01
2008,1,9,3,30,8.1,0,0,0,0,0,0,31.29
2008,1,9,4,30,8,0,0,0,0,0,0,31.41
2008,1,9,5,30,7.5,0,0,0,0,0,0,31.740000000000002
2008,1,9,6,30,6.4,0,0,0,0,0,0,33.84
2008,1,9,7,30,5.1000000000000005,0,0,0,0,0,0,36.83
2008,1,9,8,30,4.2,0,0,0,0,0,0,37.99
2008,1,9,9,30,3.7,0,0,0,0,0,0,39.6
2008,1,9,10,30,3.5,0,0,0,0,0,0,41.910000000000004
2008,1,9,11,30,3.3000000000000003,0,0,0,0,0,0,44.410000000000004
2008,1,9,12,30,3.2,0,0,0,0,0,0,46.71
2008,1,9,13,30,5.4,0,0,0,0,0,0,41.38
2008,1,9,14,30,9.600000000000001,33,164,740,29,101,106,33.63
2008,1,9,15,30,14.5,46,385,924,159,219,277,24.5
2008,1,9,16,30,18.900000000000002,53,579,1005,424,223,445,18.56
2008,1,9,17,30,21.400000000000002,57,718,1044,570,231,592,15.65
2008,1,9,18,30,22.700000000000003,58,791,1062,650,223,672,14.43
2008,1,9,19,30,23.3,57,786,1056,1056,57,786,13.65
2008,1,9,20,30,23.3,56,712,1039,1039,56,712,13.4
2008,1,9,21,30,22.5,54,573,997,149,282,360,13.790000000000001
2008,1,9,22,30,20.1,47,380,914,509,132,318,15.76
2008,1,9,23,30,16.400000000000002,33,159,724,90,95,110,23.32
2008,1,10,0,30,13.8,0,0,0,0,0,0,29.62
2008,1,10,1,30,12.700000000000001,0,0,0,0,0,0,31.18
2008,1,10,2,30,11.8,0,0,0,0,0,0,32.28
2008,1,10,3,30,11.100000000000001,0,0,0,0,0,0,32.95
2008,1,10,4,30,10.3,0,0,0,0,0,0,34.19
2008,1,10,5,30,9.5,0,0,0,0,0,0,35.87
2008,1,10,6,30,8.8,0,0,0,0,0,0,37.4
2008,1,10,7,30,8.1,0,0,0,0,0,0,38.54
2008,1,10,8,30,7.300000000000001,0,0,0,0,0,0,39.34
2008,1,10,9,30,6.4,0,0,0,0,0,0,39.96
2008,1,10,10,30,5.5,0,0,0,0,0,0,40.01
2008,1,10,11,30,4.5,0,0,0,0,0,0,39.71
2008,1,10,12,30,4.1000000000000005,0,0,0,0,0,0,37.480000000000004
2008,1,10,13,30,6.2,0,0,0,0,0,0,30.5
2008,1,10,14,30,10.4,33,166,755,1,62,62,23.11
2008,1,10,15,30,15,46,393,945,73,227,254,13.530000000000001
2008,1,10,16,30,18.8,53,590,1024,1024,53,590,7.13
2008,1,10,17,30,20.700000000000003,57,732,1063,1063,57,732,5.15
2008,1,10,18,30,21.8,61,800,1068,631,236,672,4.83
2008,1,10,19,30,22.400000000000002,61,800,1068,1068,61,800,4.79
2008,1,10,20,30,22.400000000000002,59,726,1052,1052,59,726,4.93
2008,1,10,21,30,22,54,585,1012,1012,54,585,5.21
2008,1,10,22,30,20,47,389,932,932,47,389,6.24
2008,1,10,23,30,16.5,34,163,738,738,34,163,18.07
2008,1,11,0,30,13.9,0,0,0,0,0,0,17.42
2008,1,11,1,30,12.600000000000001,0,0,0,0,0,0,17.34
2008,1,11,2,30,11.700000000000001,0,0,0,0,0,0,18.39
2008,1,11,3,30,11.100000000000001,0,0,0,0,0,0,18.43
2008,1,11,4,30,10.3,0,0,0,0,0,0,19.05
2008,1,11,5,30,9.3,0,0,0,0,0,0,21.05
2008,1,11,6,30,8.4,0,0,0,0,0,0,22.490000000000002
2008,1,11,7,30,7.4,0,0,0,0,0,0,23.95
2008,1,11,8,30,6.4,0,0,0,0,0,0,26.61
2008,1,11,9,30,5.5,0,0,0,0,0,0,29.080000000000002
2008,1,11,10,30,4.7,0,0,0,0,0,0,31.28
2008,1,11,11,30,4,0,0,0,0,0,0,33.84
2008,1,11,12,30,3.5,0,0,0,0,0,0,35.75
2008,1,11,13,30,5.6000000000000005,0,0,0,0,0,0,31.35
2008,1,11,14,30,10.200000000000001,30,165,765,765,30,165,26.91
2008,1,11,15,30,15.200000000000001,41,392,952,952,41,392,16.64
2008,1,11,16,30,19.200000000000003,46,594,1043,1043,46,594,9.72
2008,1,11,17,30,21.5,50,737,1080,1080,50,737,6.58
2008,1,11,18,30,22.8,50,811,1097,1097,50,811,5.8
2008,1,11,19,30,23.5,50,811,1098,1098,50,811,5.72
2008,1,11,20,30,23.5,48,737,1083,1083,48,737,6.07
2008,1,11,21,30,22.900000000000002,46,596,1045,1045,46,596,6.55
2008,1,11,22,30,20.400000000000002,40,399,969,969,40,399,7.79
2008,1,11,23,30,15.5,30,170,787,787,30,170,16.3
2008,1,12,0,30,11.600000000000001,0,0,0,0,0,0,22.92
2008,1,12,1,30,10.200000000000001,0,0,0,0,0,0,23.85
2008,1,12,2,30,9.200000000000001,0,0,0,0,0,0,24.560000000000002
2008,1,12,3,30,8.1,0,0,0,0,0,0,25.85
2008,1,12,4,30,7.2,0,0,0,0,0,0,27.77
2008,1,12,5,30,6.300000000000001,0,0,0,0,0,0,30.64
2008,1,12,6,30,5.4,0,0,0,0,0,0,34.17
2008,1,12,7,30,4.7,0,0,0,0,0,0,37.02
2008,1,12,8,30,3.9000000000000004,0,0,0,0,0,0,39.13
2008,1,12,9,30,3.3000000000000003,0,0,0,0,0,0,39.51
2008,1,12,10,30,2.7,0,0,0,0,0,0,39.01
2008,1,12,11,30,2.2,0,0,0,0,0,0,37.82
2008,1,12,12,30,2,0,0,0,0,0,0,35.6
2008,1,12,13,30,4.3,0,0,0,0,0,0,28.46
2008,1,12,14,30,8.9,31,171,797,797,31,171,24.22
2008,1,12,15,30,13.600000000000001,42,403,981,981,42,403,14.030000000000001
2008,1,12,16,30,17.400000000000002,48,604,1057,1057,48,604,10.21
2008,1,12,17,30,19.400000000000002,53,750,1093,1093,53,750,8.28
2008,1,12,18,30,20.400000000000002,59,817,1091,1091,59,817,7.88
2008,1,12,19,30,20.8,60,818,1090,1090,60,818,7.86
2008,1,12,20,30,20.700000000000003,58,744,1074,1074,58,744,8.08
2008,1,12,21,30,20.1,53,602,1038,1038,53,602,8.58
2008,1,12,22,30,18,47,404,959,959,47,404,10.16
2008,1,12,23,30,13.700000000000001,34,171,759,759,34,171,18.51
2008,1,13,0,30,10.200000000000001,0,0,0,0,0,0,25
2008,1,13,1,30,8.700000000000001,0,0,0,0,0,0,25.91
2008,1,13,2,30,7.1000000000000005,0,0,0,0,0,0,29.05
2008,1,13,3,30,5.800000000000001,0,0,0,0,0,0,32.65
2008,1,13,4,30,4.800000000000001,0,0,0,0,0,0,36.03
2008,1,13,5,30,4.2,0,0,0,0,0,0,37.72
2008,1,13,6,30,3.6,0,0,0,0,0,0,38.49
2008,1,13,7,30,2.7,0,0,0,0,0,0,40.02
2008,1,13,8,30,1.8,0,0,0,0,0,0,41.65
2008,1,13,9,30,1.2000000000000002,0,0,0,0,0,0,43.63
2008,1,13,10,30,0.8,0,0,0,0,0,0,48.51
2008,1,13,11,30,0.7000000000000001,0,0,0,0,0,0,59.01
2008,1,13,12,30,0.7000000000000001,0,0,0,0,0,0,73.60000000000001
2008,1,13,13,30,2.6,0,0,0,0,0,0,76.73
2008,1,13,14,30,6.5,39,167,723,36,104,110,64.64
2008,1,13,15,30,10.9,54,394,922,922,54,394,48.5
2008,1,13,16,30,15.600000000000001,60,593,1012,1012,60,593,32.45
2008,1,13,17,30,19.3,62,737,1056,742,252,725,17.830000000000002
2008,1,13,18,30,21.3,63,813,1075,1075,63,813,12.43
2008,1,13,19,30,22.3,63,814,1076,1076,63,814,10.48
2008,1,13,20,30,22.5,60,741,1061,1061,60,741,9.82
2008,1,13,21,30,22.1,54,599,1025,1025,54,599,9.94
2008,1,13,22,30,19.900000000000002,46,399,938,938,46,399,11.58
2008,1,13,23,30,15.4,34,172,750,59,106,117,20.47
2008,1,14,0,30,11.9,0,0,0,0,0,0,28.01
2008,1,14,1,30,10.8,0,0,0,0,0,0,30.18
2008,1,14,2,30,10.100000000000001,0,0,0,0,0,0,32.36
2008,1,14,3,30,9.5,0,0,0,0,0,0,34.13
2008,1,14,4,30,9,0,0,0,0,0,0,35.69
2008,1,14,5,30,8.5,0,0,0,0,0,0,37.69
2008,1,14,6,30,8.200000000000001,0,0,0,0,0,0,39.1
2008,1,14,7,30,7.800000000000001,0,0,0,0,0,0,39.92
2008,1,14,8,30,7.300000000000001,0,0,0,0,0,0,40.28
2008,1,14,9,30,6.9,0,0,0,0,0,0,40.29
2008,1,14,10,30,6.5,0,0,0,0,0,0,40.39
2008,1,14,11,30,6.4,0,0,0,0,0,0,39.99
2008,1,14,12,30,6.5,0,0,0,0,0,0,39.4
2008,1,14,13,30,7.7,0,0,0,0,0,0,36.49
2008,1,14,14,30,10.100000000000001,38,161,698,1,44,44,31.14
2008,1,14,15,30,13.200000000000001,54,385,894,0,41,41,25.63
2008,1,14,16,30,16.2,64,581,979,3,127,128,17.38
2008,1,14,17,30,17.900000000000002,70,723,1019,71,298,343,15.07
2008,1,14,18,30,18.8,73,794,1031,21,284,298,15.89
2008,1,14,19,30,19.200000000000003,73,796,1032,19,293,306,16.38
2008,1,14,20,30,19.200000000000003,71,721,1008,455,263,556,16.54
2008,1,14,21,30,18.5,65,583,968,144,278,355,17.21
2008,1,14,22,30,16.900000000000002,57,390,879,22,150,159,19.45
2008,1,14,23,30,14.4,41,167,674,0,18,18,25.68
2008,1,15,0,30,12.600000000000001,0,0,0,0,0,0,31.29
2008,1,15,1,30,11.9,0,0,0,0,0,0,32.78
2008,1,15,2,30,11.3,0,0,0,0,0,0,33.78
2008,1,15,3,30,10.5,0,0,0,0,0,0,35.2
2008,1,15,4,30,9.8,0,0,0,0,0,0,36.67
2008,1,15,5,30,9,0,0,0,0,0,0,38.84
2008,1,15,6,30,8.3,0,0,0,0,0,0,41.2
2008,1,15,7,30,7.7,0,0,0,0,0,0,43.74
2008,1,15,8,30,7.2,0,0,0,0,0,0,46.08
2008,1,15,9,30,7,0,0,0,0,0,0,47.39
2008,1,15,10,30,6.9,0,0,0,0,0,0,48.57
2008,1,15,11,30,6.7,0,0,0,0,0,0,50.51
2008,1,15,12,30,6.6000000000000005,0,0,0,0,0,0,52.35
2008,1,15,13,30,7.300000000000001,0,0,0,0,0,0,51.44
2008,1,15,14,30,9.5,37,158,679,0,24,24,46.01
2008,1,15,15,30,12.5,53,382,888,4,95,97,39.32
2008,1,15,16,30,14.9,61,577,976,0,47,47,30.42
2008,1,15,17,30,16.6,65,719,1019,165,316,422,25.64
2008,1,15,18,30,17.8,67,795,1037,683,212,690,23.72
2008,1,15,19,30,18.3,66,797,1040,779,172,720,23.54
2008,1,15,20,30,18.1,64,723,1018,1018,64,723,24.67
2008,1,15,21,30,17.1,59,585,980,980,59,585,27.240000000000002
2008,1,15,22,30,15.4,51,396,905,905,51,396,31.79
2008,1,15,23,30,12.8,36,172,716,716,36,172,39.24
2008,1,16,0,30,10.5,0,0,0,0,0,0,47.37
2008,1,16,1,30,8.700000000000001,0,0,0,0,0,0,54.480000000000004
2008,1,16,2,30,7.2,0,0,0,0,0,0,59.38
2008,1,16,3,30,5.5,0,0,0,0,0,0,63.03
2008,1,16,4,30,3.9000000000000004,0,0,0,0,0,0,64.74
2008,1,16,5,30,2.5,0,0,0,0,0,0,65.68
2008,1,16,6,30,1.2000000000000002,0,0,0,0,0,0,68.11
2008,1,16,7,30,0.30000000000000004,0,0,0,0,0,0,70.11
2008,1,16,8,30,-0.5,0,0,0,0,0,0,72.21000000000001
2008,1,16,9,30,-1.2000000000000002,0,0,0,0,0,0,73.54
2008,1,16,10,30,-1.8,0,0,0,0,0,0,73.08
2008,1,16,11,30,-2.2,0,0,0,0,0,0,70
2008,1,16,12,30,-2.4000000000000004,0,0,0,0,0,0,64.12
2008,1,16,13,30,-0.4,0,0,0,0,0,0,48.96
2008,1,16,14,30,3.8000000000000003,32,173,792,792,32,173,33.18
2008,1,16,15,30,8.6,45,408,976,976,45,408,20.7
2008,1,16,16,30,12.700000000000001,53,611,1052,1052,53,611,10.63
2008,1,16,17,30,15.3,60,760,1088,1088,60,760,7.91
2008,1,16,18,30,17.3,63,828,1089,1089,63,828,6.37
2008,1,16,19,30,18.6,61,830,1090,1090,61,830,5.73
2008,1,16,20,30,19.3,56,757,1079,1079,56,757,5.68
2008,1,16,21,30,19.200000000000003,51,615,1044,1044,51,615,6.0200000000000005
2008,1,16,22,30,17.1,46,418,968,190,230,303,7.17
2008,1,16,23,30,12.700000000000001,34,186,793,553,68,174,15.42
2008,1,17,0,30,9.4,0,0,0,0,0,0,21.23
2008,1,17,1,30,8.4,0,0,0,0,0,0,21.31
2008,1,17,2,30,7.6000000000000005,0,0,0,0,0,0,21.6
2008,1,17,3,30,6.7,0,0,0,0,0,0,22.69
2008,1,17,4,30,6,0,0,0,0,0,0,24.16
2008,1,17,5,30,5.4,0,0,0,0,0,0,25.63
2008,1,17,6,30,4.4,0,0,0,0,0,0,27.5
2008,1,17,7,30,3.3000000000000003,0,0,0,0,0,0,29.18
2008,1,17,8,30,2.7,0,0,0,0,0,0,29.740000000000002
2008,1,17,9,30,2.3000000000000003,0,0,0,0,0,0,30.11
2008,1,17,10,30,2.2,0,0,0,0,0,0,31.12
2008,1,17,11,30,2.2,0,0,0,0,0,0,33.63
2008,1,17,12,30,2,0,0,0,0,0,0,38.2
2008,1,17,13,30,3.7,0,0,0,0,0,0,38.39
2008,1,17,14,30,7.5,34,170,767,20,84,88,33.39
2008,1,17,15,30,11.700000000000001,46,403,959,2,95,96,26.66
2008,1,17,16,30,15.4,52,605,1040,43,249,271,15.72
2008,1,17,17,30,17.900000000000002,55,751,1079,2,145,146,10.01
2008,1,17,18,30,19.3,56,829,1095,228,368,529,8.05
2008,1,17,19,30,19.900000000000002,57,833,1096,1096,57,833,7.5
2008,1,17,20,30,19.700000000000003,56,754,1069,796,165,685,7.63
2008,1,17,21,30,18.8,51,613,1035,440,238,477,8.25
2008,1,17,22,30,17.2,44,416,962,764,115,410,9.35
2008,1,17,23,30,13.8,32,187,790,790,32,187,12.74
2008,1,18,0,30,10.4,0,0,0,0,0,0,20.54
2008,1,18,1,30,8.6,0,0,0,0,0,0,24.28
2008,1,18,2,30,7.2,0,0,0,0,0,0,27.14
2008,1,18,3,30,6.300000000000001,0,0,0,0,0,0,28.98
2008,1,18,4,30,5.5,0,0,0,0,0,0,31.17
2008,1,18,5,30,4.7,0,0,0,0,0,0,33.87
2008,1,18,6,30,4,0,0,0,0,0,0,37.35
2008,1,18,7,30,3.7,0,0,0,0,0,0,41.36
2008,1,18,8,30,3.7,0,0,0,0,0,0,45.4
2008,1,18,9,30,3.8000000000000003,0,0,0,0,0,0,49.46
2008,1,18,10,30,3.8000000000000003,0,0,0,0,0,0,54
2008,1,18,11,30,4,0,0,0,0,0,0,57.51
2008,1,18,12,30,4.2,0,0,0,0,0,0,60.47
2008,1,18,13,30,5.300000000000001,0,0,0,0,0,0,59.370000000000005
2008,1,18,14,30,7.800000000000001,36,161,702,87,96,112,52.86
2008,1,18,15,30,10.8,52,385,894,423,155,313,44.1
2008,1,18,16,30,13.3,59,582,980,980,59,582,32.9
2008,1,18,17,30,15.3,62,725,1024,1024,62,725,21.73
2008,1,18,18,30,16.400000000000002,62,805,1051,1051,62,805,17.51
2008,1,18,19,30,16.900000000000002,59,817,1067,1067,59,817,17.11
2008,1,18,20,30,16.8,56,751,1060,1060,56,751,16.490000000000002
2008,1,18,21,30,16.1,51,616,1035,1035,51,616,16.28
2008,1,18,22,30,14.600000000000001,45,420,961,961,45,420,17.07
2008,1,18,23,30,12,33,193,803,803,33,193,20.07
2008,1,19,0,30,9,0,0,0,0,0,0,26.11
2008,1,19,1,30,6.300000000000001,0,0,0,0,0,0,33.85
2008,1,19,2,30,4.4,0,0,0,0,0,0,40.26
2008,1,19,3,30,3.1,0,0,0,0,0,0,43.26
2008,1,19,4,30,1.9000000000000001,0,0,0,0,0,0,45.19
2008,1,19,5,30,1.2000000000000002,0,0,0,0,0,0,45.34
2008,1,19,6,30,1,0,0,0,0,0,0,44.13
2008,1,19,7,30,0.9,0,0,0,0,0,0,43.050000000000004
2008,1,19,8,30,0.8,0,0,0,0,0,0,42.26
2008,1,19,9,30,0.8,0,0,0,0,0,0,40.77
2008,1,19,10,30,1,0,0,0,0,0,0,39.03
2008,1,19,11,30,1.2000000000000002,0,0,0,0,0,0,38.34
2008,1,19,12,30,0.9,0,0,0,0,0,0,38.9
2008,1,19,13,30,1.6,0,0,0,0,0,0,37.14
2008,1,19,14,30,4.5,33,174,789,53,99,108,33.21
2008,1,19,15,30,8,46,411,976,976,46,411,26.060000000000002
2008,1,19,16,30,11.100000000000001,53,616,1054,1054,53,616,20.81
2008,1,19,17,30,14.3,57,766,1092,1092,57,766,14.92
2008,1,19,18,30,16.7,62,847,1105,685,238,724,10
2008,1,19,19,30,17.900000000000002,62,851,1106,1106,62,851,7.74
2008,1,19,20,30,18.6,59,778,1093,1093,59,778,6.8100000000000005
2008,1,19,21,30,18.400000000000002,54,636,1059,1059,54,636,6.5600000000000005
2008,1,19,22,30,16.8,47,435,987,987,47,435,7.2700000000000005
2008,1,19,23,30,13.3,35,200,820,820,35,200,16.25
2008,1,20,0,30,9.5,0,0,0,0,0,0,19.88
2008,1,20,1,30,6.9,0,0,0,0,0,0,24.87
2008,1,20,2,30,4.800000000000001,0,0,0,0,0,0,29.68
2008,1,20,3,30,3.4000000000000004,0,0,0,0,0,0,33.44
2008,1,20,4,30,2.1,0,0,0,0,0,0,37.68
2008,1,20,5,30,1,0,0,0,0,0,0,43.34
2008,1,20,6,30,0.2,0,0,0,0,0,0,49.730000000000004
2008,1,20,7,30,-0.5,0,0,0,0,0,0,57.35
2008,1,20,8,30,-0.9,0,0,0,0,0,0,63.99
2008,1,20,9,30,-1.3,0,0,0,0,0,0,68.61
2008,1,20,10,30,-1.5,0,0,0,0,0,0,70.99
2008,1,20,11,30,-1.6,0,0,0,0,0,0,71.49
2008,1,20,12,30,-1.5,0,0,0,0,0,0,70.63
2008,1,20,13,30,0.9,0,0,0,0,0,0,60.52
2008,1,20,14,30,5.4,34,167,739,739,34,167,47.660000000000004
2008,1,20,15,30,10.700000000000001,47,395,926,926,47,395,35.07
2008,1,20,16,30,15.8,54,595,1008,1008,54,595,24.69
2008,1,20,17,30,18.8,59,741,1048,1048,59,741,18.35
2008,1,20,18,30,20.200000000000003,61,820,1065,1065,61,820,16.04
2008,1,20,19,30,20.900000000000002,59,823,1068,1068,59,823,14.450000000000001
2008,1,20,20,30,20.900000000000002,56,753,1055,1055,56,753,13.46
2008,1,20,21,30,20.3,51,614,1020,1020,51,614,13
2008,1,20,22,30,18.5,44,419,949,949,44,419,13.71
2008,1,20,23,30,14,33,192,781,781,33,192,19.59
2008,1,21,0,30,10.200000000000001,0,0,0,0,0,0,29.2
2008,1,21,1,30,9.200000000000001,0,0,0,0,0,0,31.16
2008,1,21,2,30,8.6,0,0,0,0,0,0,32.62
2008,1,21,3,30,7.7,0,0,0,0,0,0,34.61
2008,1,21,4,30,6.9,0,0,0,0,0,0,36.410000000000004
2008,1,21,5,30,6.4,0,0,0,0,0,0,38.36
2008,1,21,6,30,5.800000000000001,0,0,0,0,0,0,41.12
2008,1,21,7,30,5.1000000000000005,0,0,0,0,0,0,44.17
2008,1,21,8,30,4.6000000000000005,0,0,0,0,0,0,47.44
2008,1,21,9,30,4.4,0,0,0,0,0,0,50.34
2008,1,21,10,30,4.6000000000000005,0,0,0,0,0,0,52.550000000000004
2008,1,21,11,30,4.5,0,0,0,0,0,0,55.36
2008,1,21,12,30,4.7,0,0,0,0,0,0,56.42
2008,1,21,13,30,6.9,0,0,0,0,0,0,49.67
2008,1,21,14,30,10.8,32,164,730,87,96,112,39.75
2008,1,21,15,30,14.9,45,391,919,919,45,391,31.34
2008,1,21,16,30,17.6,53,590,998,679,213,578,25.85
2008,1,21,17,30,18.900000000000002,57,732,1033,8,196,201,23.19
2008,1,21,18,30,19.900000000000002,64,811,1044,96,372,441,21.66
2008,1,21,19,30,20.700000000000003,60,812,1046,329,339,575,20.31
2008,1,21,20,30,21,57,743,1032,1032,57,743,19.39
2008,1,21,21,30,20.6,52,603,992,390,228,444,19.42
2008,1,21,22,30,19,46,413,918,918,46,413,21.45
2008,1,21,23,30,15.3,34,189,752,752,34,189,30.8
2008,1,22,0,30,12.3,0,0,0,0,0,0,38.92
2008,1,22,1,30,11.100000000000001,0,0,0,0,0,0,40.63
2008,1,22,2,30,10.100000000000001,0,0,0,0,0,0,42.95
2008,1,22,3,30,9,0,0,0,0,0,0,46.43
2008,1,22,4,30,8,0,0,0,0,0,0,50.84
2008,1,22,5,30,7.300000000000001,0,0,0,0,0,0,55.47
2008,1,22,6,30,6.800000000000001,0,0,0,0,0,0,59.67
2008,1,22,7,30,6.4,0,0,0,0,0,0,63.07
2008,1,22,8,30,6.1000000000000005,0,0,0,0,0,0,65.2
2008,1,22,9,30,5.9,0,0,0,0,0,0,65.97
2008,1,22,10,30,5.9,0,0,0,0,0,0,65.17
2008,1,22,11,30,5.7,0,0,0,0,0,0,64.75
2008,1,22,12,30,5.6000000000000005,0,0,0,0,0,0,63.24
2008,1,22,13,30,7.9,0,0,0,0,0,0,52.17
2008,1,22,14,30,12.4,30,160,719,47,93,101,39.32
2008,1,22,15,30,16.7,42,383,902,25,154,164,28.88
2008,1,22,16,30,19.5,51,579,979,110,263,323,22.21
2008,1,22,17,30,19.900000000000002,59,722,1011,372,295,540,21.34
2008,1,22,18,30,19.700000000000003,63,800,1027,598,242,671,22.07
2008,1,22,19,30,20.200000000000003,62,805,1029,598,222,653,22.11
2008,1,22,20,30,20.6,60,735,1011,705,246,717,22.22
2008,1,22,21,30,20,55,600,975,672,214,589,23.87
2008,1,22,22,30,18.400000000000002,49,409,895,895,49,409,27.650000000000002
2008,1,22,23,30,15.8,37,189,722,643,18,153,39.4
2008,1,23,0,30,14.100000000000001,0,0,0,0,0,0,43.46
2008,1,23,1,30,13.4,0,0,0,0,0,0,44.64
2008,1,23,2,30,12.8,0,0,0,0,0,0,45.410000000000004
2008,1,23,3,30,12,0,0,0,0,0,0,47.04
2008,1,23,4,30,10.9,0,0,0,0,0,0,49.88
2008,1,23,5,30,9.8,0,0,0,0,0,0,52.97
2008,1,23,6,30,8.700000000000001,0,0,0,0,0,0,57.07
2008,1,23,7,30,7.800000000000001,0,0,0,0,0,0,60.82
2008,1,23,8,30,7.1000000000000005,0,0,0,0,0,0,63.39
2008,1,23,9,30,7.1000000000000005,0,0,0,0,0,0,62.09
2008,1,23,10,30,7.7,0,0,0,0,0,0,57.44
2008,1,23,11,30,8.1,0,0,0,0,0,0,53.59
2008,1,23,12,30,8.1,0,0,0,0,0,0,51.54
2008,1,23,13,30,9.4,0,0,0,0,0,0,46.15
2008,1,23,14,30,12.5,33,162,705,141,94,120,39.730000000000004
2008,1,23,15,30,16.3,46,386,896,896,46,386,30.59
2008,1,23,16,30,19.900000000000002,54,583,976,976,54,583,24.73
2008,1,23,17,30,22.400000000000002,58,729,1020,1020,58,729,20.580000000000002
2008,1,23,18,30,24,64,808,1034,1034,64,808,17.81
2008,1,23,19,30,24.8,63,813,1036,1036,63,813,16.22
2008,1,23,20,30,25.1,60,745,1022,1022,60,745,15.3
2008,1,23,21,30,24.700000000000003,54,611,992,632,180,535,15.25
2008,1,23,22,30,23,48,420,919,919,48,420,16.64
2008,1,23,23,30,18.8,35,196,755,755,35,196,24.32
2008,1,24,0,30,15.4,0,0,0,0,0,0,33.27
2008,1,24,1,30,14.4,0,0,0,0,0,0,35.38
2008,1,24,2,30,13.600000000000001,0,0,0,0,0,0,37.85
2008,1,24,3,30,12.9,0,0,0,0,0,0,40.36
2008,1,24,4,30,12.200000000000001,0,0,0,0,0,0,42.97
2008,1,24,5,30,11,0,0,0,0,0,0,46.54
2008,1,24,6,30,9.700000000000001,0,0,0,0,0,0,49.77
2008,1,24,7,30,8.6,0,0,0,0,0,0,53.06
2008,1,24,8,30,7.9,0,0,0,0,0,0,55.92
2008,1,24,9,30,7.5,0,0,0,0,0,0,58.24
2008,1,24,10,30,7.4,0,0,0,0,0,0,58.95
2008,1,24,11,30,7.4,0,0,0,0,0,0,58.81
2008,1,24,12,30,7.4,0,0,0,0,0,0,58.43
2008,1,24,13,30,8.700000000000001,0,0,0,0,0,0,53.04
2008,1,24,14,30,11.9,36,163,695,15,80,83,43.82
2008,1,24,15,30,16.2,52,389,884,231,207,296,33.74
2008,1,24,16,30,20,63,585,960,960,63,585,25.75
2008,1,24,17,30,22.6,70,730,1000,700,253,715,20.7
2008,1,24,18,30,24.200000000000003,73,809,1018,649,224,693,18.92
2008,1,24,19,30,25,73,812,1016,338,321,567,18.52
2008,1,24,20,30,25.1,72,744,997,256,390,562,18.82
2008,1,24,21,30,24.400000000000002,72,606,947,947,72,606,19.82
2008,1,24,22,30,22.8,64,415,860,860,64,415,21.7
2008,1,24,23,30,19.400000000000002,46,192,675,675,46,192,28.41
2008,1,25,0,30,16.5,0,0,0,0,0,0,36.56
2008,1,25,1,30,15.600000000000001,0,0,0,0,0,0,37.26
2008,1,25,2,30,14.8,0,0,0,0,0,0,37.910000000000004
2008,1,25,3,30,13.9,0,0,0,0,0,0,39.26
2008,1,25,4,30,12.700000000000001,0,0,0,0,0,0,42
2008,1,25,5,30,11.700000000000001,0,0,0,0,0,0,44.19
2008,1,25,6,30,11.4,0,0,0,0,0,0,44.730000000000004
2008,1,25,7,30,11.200000000000001,0,0,0,0,0,0,46.63
2008,1,25,8,30,10.600000000000001,0,0,0,0,0,0,50.4
2008,1,25,9,30,10.100000000000001,0,0,0,0,0,0,53.67
2008,1,25,10,30,9.700000000000001,0,0,0,0,0,0,57.77
2008,1,25,11,30,9.3,0,0,0,0,0,0,62.39
2008,1,25,12,30,9.1,0,0,0,0,0,0,65.35
2008,1,25,13,30,10.3,0,0,0,0,0,0,61.690000000000005
2008,1,25,14,30,12.9,41,163,654,108,99,119,54.18
2008,1,25,15,30,16.5,59,390,866,317,182,304,42.07
2008,1,25,16,30,20.3,67,590,958,539,202,496,25.89
2008,1,25,17,30,22.900000000000002,72,737,1003,1003,72,737,18.41
2008,1,25,18,30,24.400000000000002,72,817,1026,1026,72,817,16.81
2008,1,25,19,30,25.1,72,823,1029,1029,72,823,15.92
2008,1,25,20,30,24.700000000000003,71,755,1011,502,252,592,15.89
2008,1,25,21,30,23.6,67,618,970,559,204,522,16.6
2008,1,25,22,30,21.8,58,426,896,896,58,426,20.61
2008,1,25,23,30,19.700000000000003,42,201,730,261,105,162,29.94
2008,1,26,0,30,17.5,0,0,0,0,0,0,29.080000000000002
2008,1,26,1,30,15.4,0,0,0,0,0,0,31.470000000000002
2008,1,26,2,30,13.600000000000001,0,0,0,0,0,0,35.71
2008,1,26,3,30,12.100000000000001,0,0,0,0,0,0,39.36
2008,1,26,4,30,11.100000000000001,0,0,0,0,0,0,42.49
2008,1,26,5,30,10.600000000000001,0,0,0,0,0,0,44.550000000000004
2008,1,26,6,30,10.4,0,0,0,0,0,0,46.1
2008,1,26,7,30,10.3,0,0,0,0,0,0,47.730000000000004
2008,1,26,8,30,10,0,0,0,0,0,0,49.84
2008,1,26,9,30,9.200000000000001,0,0,0,0,0,0,54.03
2008,1,26,10,30,7.9,0,0,0,0,0,0,59.870000000000005
2008,1,26,11,30,6.7,0,0,0,0,0,0,65.36
2008,1,26,12,30,6.5,0,0,0,0,0,0,66.68
2008,1,26,13,30,8.5,0,0,0,0,0,0,58.96
2008,1,26,14,30,12.100000000000001,40,164,662,45,95,104,47.89
2008,1,26,15,30,15.600000000000001,58,391,867,595,116,345,39.15
2008,1,26,16,30,18.5,67,591,956,956,67,591,31.7
2008,1,26,17,30,20.700000000000003,72,738,1001,178,400,519,26.650000000000002
2008,1,26,18,30,22.200000000000003,80,819,1015,628,228,685,23.09
2008,1,26,19,30,23,80,825,1017,233,361,532,21.42
2008,1,26,20,30,23.1,78,757,1000,217,357,505,20.86
2008,1,26,21,30,22.6,73,620,959,219,291,416,20.95
2008,1,26,22,30,21.1,63,428,879,313,198,328,22.59
2008,1,26,23,30,18.1,47,201,696,131,119,148,29.810000000000002
2008,1,27,0,30,15.600000000000001,0,0,0,0,0,0,37.07
2008,1,27,1,30,14.600000000000001,0,0,0,0,0,0,38.52
2008,1,27,2,30,13.700000000000001,0,0,0,0,0,0,40.9
2008,1,27,3,30,12.600000000000001,0,0,0,0,0,0,44.99
2008,1,27,4,30,11.600000000000001,0,0,0,0,0,0,49.57
2008,1,27,5,30,10.8,0,0,0,0,0,0,53.2
2008,1,27,6,30,10.3,0,0,0,0,0,0,56.01
2008,1,27,7,30,9.5,0,0,0,0,0,0,59.92
2008,1,27,8,30,8.6,0,0,0,0,0,0,65.3
2008,1,27,9,30,7.9,0,0,0,0,0,0,72.52
2008,1,27,10,30,7.5,0,0,0,0,0,0,79.53
2008,1,27,11,30,7,0,0,0,0,0,0,87.69
2008,1,27,12,30,6.800000000000001,0,0,0,0,0,0,93.93
2008,1,27,13,30,8.4,0,0,0,0,0,0,87.03
2008,1,27,14,30,12,44,163,631,10,97,99,68.75
2008,1,27,15,30,16.2,62,391,853,532,138,343,50.18
2008,1,27,16,30,20.3,69,597,961,961,69,597,33.67
2008,1,27,17,30,22.8,72,750,1015,1015,72,750,23.78
2008,1,27,18,30,24,72,834,1043,1043,72,834,18.94
2008,1,27,19,30,24.5,70,842,1048,1048,70,842,15.530000000000001
2008,1,27,20,30,24.5,66,773,1035,1035,66,773,13.57
2008,1,27,21,30,24.1,61,636,1001,1001,61,636,12.92
2008,1,27,22,30,22.5,53,441,930,930,53,441,13.88
2008,1,27,23,30,18.6,40,212,767,767,40,212,23.01
2008,1,28,0,30,15,0,0,0,0,0,0,30.6
2008,1,28,1,30,13.700000000000001,0,0,0,0,0,0,31.95
2008,1,28,2,30,12.700000000000001,0,0,0,0,0,0,35.5
2008,1,28,3,30,11.8,0,0,0,0,0,0,41.11
2008,1,28,4,30,11.200000000000001,0,0,0,0,0,0,46.65
2008,1,28,5,30,10.700000000000001,0,0,0,0,0,0,51.370000000000005
2008,1,28,6,30,10.200000000000001,0,0,0,0,0,0,55.35
2008,1,28,7,30,9.600000000000001,0,0,0,0,0,0,59.7
2008,1,28,8,30,9.3,0,0,0,0,0,0,63.29
2008,1,28,9,30,9.1,0,0,0,0,0,0,66.46000000000001
2008,1,28,10,30,8.9,0,0,0,0,0,0,69.02
2008,1,28,11,30,8.6,0,0,0,0,0,0,71.26
2008,1,28,12,30,8.5,0,0,0,0,0,0,72.11
2008,1,28,13,30,10.3,0,0,0,0,0,0,64.11
2008,1,28,14,30,14.100000000000001,44,165,637,19,89,92,50.34
2008,1,28,15,30,18.400000000000002,65,392,843,353,183,321,38.67
2008,1,28,16,30,21.5,77,589,928,626,171,517,31.84
2008,1,28,17,30,23.200000000000003,84,736,974,688,265,726,28.03
2008,1,28,18,30,24.400000000000002,87,819,997,997,87,819,24.94
2008,1,28,19,30,25.200000000000003,84,828,1006,1006,84,828,22.490000000000002
2008,1,28,20,30,25.400000000000002,78,761,996,996,78,761,20.91
2008,1,28,21,30,25,70,626,964,964,70,626,20.32
2008,1,28,22,30,23.6,60,434,890,218,220,311,21.34
2008,1,28,23,30,20,44,209,725,307,101,171,26.810000000000002
2008,1,29,0,30,16.6,0,0,0,0,0,0,35.410000000000004
2008,1,29,1,30,15.3,0,0,0,0,0,0,37.95
2008,1,29,2,30,14.200000000000001,0,0,0,0,0,0,40.97
2008,1,29,3,30,12.9,0,0,0,0,0,0,45.34
2008,1,29,4,30,11.9,0,0,0,0,0,0,49.36
2008,1,29,5,30,11.3,0,0,0,0,0,0,52.65
2008,1,29,6,30,10.9,0,0,0,0,0,0,56.54
2008,1,29,7,30,10.5,0,0,0,0,0,0,61.410000000000004
2008,1,29,8,30,10,0,0,0,0,0,0,66.69
2008,1,29,9,30,9.700000000000001,0,0,0,0,0,0,69.95
2008,1,29,10,30,9.600000000000001,0,0,0,0,0,0,70.33
2008,1,29,11,30,9.600000000000001,0,0,0,0,0,0,69.72
2008,1,29,12,30,9.600000000000001,0,0,0,0,0,0,69.46000000000001
2008,1,29,13,30,10.8,0,0,0,0,0,0,64.39
2008,1,29,14,30,13.200000000000001,39,167,670,52,98,108,55.550000000000004
2008,1,29,15,30,16.2,53,397,880,551,121,336,44.62
2008,1,29,16,30,19.1,57,596,973,213,320,438,35.1
2008,1,29,17,30,21.3,59,742,1016,541,241,604,29.3
2008,1,29,18,30,22.5,57,822,1037,1037,57,822,26.310000000000002
2008,1,29,19,30,22.900000000000002,57,829,1039,513,264,645,24.97
2008,1,29,20,30,22.700000000000003,56,762,1025,619,223,650,24.82
2008,1,29,21,30,22.1,53,625,986,613,180,536,25.55
2008,1,29,22,30,20.900000000000002,48,436,915,450,159,350,27.46
2008,1,29,23,30,18.1,37,213,761,232,108,162,33.94
2008,1,30,0,30,15.3,0,0,0,0,0,0,42.980000000000004
2008,1,30,1,30,13.8,0,0,0,0,0,0,46.32
2008,1,30,2,30,12.5,0,0,0,0,0,0,48.980000000000004
2008,1,30,3,30,11.600000000000001,0,0,0,0,0,0,50.96
2008,1,30,4,30,10.9,0,0,0,0,0,0,53.22
2008,1,30,5,30,10.100000000000001,0,0,0,0,0,0,56.51
2008,1,30,6,30,9.3,0,0,0,0,0,0,60.32
2008,1,30,7,30,8.6,0,0,0,0,0,0,64.3
2008,1,30,8,30,8,0,0,0,0,0,0,68.54
2008,1,30,9,30,7.4,0,0,0,0,0,0,74.07000000000001
2008,1,30,10,30,6.9,0,0,0,0,0,0,79.99
2008,1,30,11,30,6.4,0,0,0,0,0,0,86.25
2008,1,30,12,30,6.5,0,0,0,0,0,0,89.08
2008,1,30,13,30,8.5,0,0,0,0,0,0,80.2
2008,1,30,14,30,12.600000000000001,34,176,738,738,34,176,61.410000000000004
2008,1,30,15,30,16.900000000000002,44,411,937,937,44,411,35.45
2008,1,30,16,30,20,47,617,1024,1024,47,617,16.740000000000002
2008,1,30,17,30,22.1,49,772,1070,1070,49,772,9.81
2008,1,30,18,30,23.400000000000002,57,864,1090,1090,57,864,7.2
2008,1,30,19,30,24,55,871,1094,1094,55,871,6.23
2008,1,30,20,30,24,51,801,1082,1082,51,801,5.83
2008,1,30,21,30,23.3,47,661,1052,1052,47,661,5.76
2008,1,30,22,30,21.700000000000003,42,463,987,987,42,463,6.21
2008,1,30,23,30,17.7,32,229,843,843,32,229,8.74
2008,1,31,0,30,13.700000000000001,10,17,355,355,10,17,15.25
2008,1,31,1,30,11.9,0,0,0,0,0,0,19.02
2008,1,31,2,30,10.5,0,0,0,0,0,0,22.48
2008,1,31,3,30,9.3,0,0,0,0,0,0,26.53
2008,1,31,4,30,8.1,0,0,0,0,0,0,31.88
2008,1,31,5,30,7.1000000000000005,0,0,0,0,0,0,37.74
2008,1,31,6,30,6.4,0,0,0,0,0,0,41.86
2008,1,31,7,30,5.9,0,0,0,0,0,0,41.87
2008,1,31,8,30,5.4,0,0,0,0,0,0,39.26
2008,1,31,9,30,4.800000000000001,0,0,0,0,0,0,35.43
2008,1,31,10,30,4.3,0,0,0,0,0,0,31.68
2008,1,31,11,30,3.6,0,0,0,0,0,0,29.330000000000002
2008,1,31,12,30,3.1,0,0,0,0,0,0,27.240000000000002
2008,1,31,13,30,5.6000000000000005,0,0,0,0,0,0,21.44
2008,1,31,14,30,10.3,30,195,849,17,112,115,15.31
2008,1,31,15,30,15.200000000000001,40,442,1020,1020,40,442,10.75
2008,1,31,16,30,19.200000000000003,46,656,1091,1091,46,656,4.62
2008,1,31,17,30,21.1,49,813,1127,1127,49,813,3.5
2008,1,31,18,30,22.200000000000003,53,901,1141,1141,53,901,3.3200000000000003
2008,1,31,19,30,22.700000000000003,53,909,1143,1143,53,909,3.3000000000000003
2008,1,31,20,30,22.6,51,838,1130,1130,51,838,3.41
2008,1,31,21,30,21.900000000000002,50,694,1098,1098,50,694,3.69
2008,1,31,22,30,19.900000000000002,44,490,1035,1035,44,490,4.36
2008,1,31,23,30,15.200000000000001,34,240,870,870,34,240,10.18
2008,2,1,0,30,10.8,11,19,362,362,11,19,16.34
2008,2,1,1,30,8.6,0,0,0,0,0,0,16.61
2008,2,1,2,30,6.5,0,0,0,0,0,0,20.87
2008,2,1,3,30,4.9,0,0,0,0,0,0,27.68
2008,2,1,4,30,3.9000000000000004,0,0,0,0,0,0,33.5
2008,2,1,5,30,3.1,0,0,0,0,0,0,36.89
2008,2,1,6,30,2.4000000000000004,0,0,0,0,0,0,38.25
2008,2,1,7,30,1.8,0,0,0,0,0,0,38.68
2008,2,1,8,30,1.3,0,0,0,0,0,0,38.910000000000004
2008,2,1,9,30,1,0,0,0,0,0,0,40.050000000000004
2008,2,1,10,30,0.9,0,0,0,0,0,0,43.84
2008,2,1,11,30,0.7000000000000001,0,0,0,0,0,0,52.56
2008,2,1,12,30,0.8,0,0,0,0,0,0,61.27
2008,2,1,13,30,3.2,0,0,0,0,0,0,57.32
2008,2,1,14,30,8,36,187,771,0,90,89,44.38
2008,2,1,15,30,13.700000000000001,49,423,943,943,49,423,32.69
2008,2,1,16,30,19.1,56,630,1021,1021,56,630,21.26
2008,2,1,17,30,22.200000000000003,60,782,1060,1060,60,782,13.96
2008,2,1,18,30,23.5,62,866,1077,1077,62,866,12.64
2008,2,1,19,30,24.200000000000003,61,868,1073,1073,61,868,12.1
2008,2,1,20,30,24.3,58,795,1054,1054,58,795,12.21
2008,2,1,21,30,23.700000000000003,55,657,1020,1020,55,657,13.25
2008,2,1,22,30,22.3,49,457,941,941,49,457,15.59
2008,2,1,23,30,18.400000000000002,38,227,791,791,38,227,22.52
2008,2,2,0,30,14.8,12,18,285,285,12,18,33.43
2008,2,2,1,30,13.5,0,0,0,0,0,0,38.62
2008,2,2,2,30,12.5,0,0,0,0,0,0,43.22
2008,2,2,3,30,11.4,0,0,0,0,0,0,48.17
2008,2,2,4,30,10.200000000000001,0,0,0,0,0,0,53.9
2008,2,2,5,30,9.1,0,0,0,0,0,0,60.02
2008,2,2,6,30,8.200000000000001,0,0,0,0,0,0,65.45
2008,2,2,7,30,7.4,0,0,0,0,0,0,69.52
2008,2,2,8,30,6.7,0,0,0,0,0,0,69.91
2008,2,2,9,30,6,0,0,0,0,0,0,66.44
2008,2,2,10,30,5.5,0,0,0,0,0,0,59.5
2008,2,2,11,30,5.2,0,0,0,0,0,0,52.51
2008,2,2,12,30,5.300000000000001,0,0,0,0,0,0,46.42
2008,2,2,13,30,8,0,0,0,0,0,0,35.9
2008,2,2,14,30,12.8,36,186,756,756,36,186,25.5
2008,2,2,15,30,17.1,49,423,937,937,49,423,18.26
2008,2,2,16,30,20.200000000000003,57,626,1008,1008,57,626,12.950000000000001
2008,2,2,17,30,22.1,62,778,1046,1046,62,778,11.18
2008,2,2,18,30,23.400000000000002,66,861,1061,1061,66,861,10.41
2008,2,2,19,30,24,66,870,1063,1063,66,870,10.28
2008,2,2,20,30,24.1,65,798,1043,1043,65,798,10.620000000000001
2008,2,2,21,30,23.400000000000002,59,660,1012,1012,59,660,11.58
2008,2,2,22,30,21.900000000000002,53,462,937,937,53,462,13.290000000000001
2008,2,2,23,30,18.1,41,231,784,784,41,231,18.02
2008,2,3,0,30,14.4,13,20,298,298,13,20,26.560000000000002
2008,2,3,1,30,12.700000000000001,0,0,0,0,0,0,30.63
2008,2,3,2,30,11.600000000000001,0,0,0,0,0,0,33.43
2008,2,3,3,30,10.5,0,0,0,0,0,0,36.68
2008,2,3,4,30,9.4,0,0,0,0,0,0,40.87
2008,2,3,5,30,8.4,0,0,0,0,0,0,45.38
2008,2,3,6,30,7.6000000000000005,0,0,0,0,0,0,48.89
2008,2,3,7,30,6.9,0,0,0,0,0,0,51.04
2008,2,3,8,30,6.300000000000001,0,0,0,0,0,0,52.84
2008,2,3,9,30,5.9,0,0,0,0,0,0,54.51
2008,2,3,10,30,5.6000000000000005,0,0,0,0,0,0,56.42
2008,2,3,11,30,5.4,0,0,0,0,0,0,58.28
2008,2,3,12,30,5.7,0,0,0,0,0,0,58.28
2008,2,3,13,30,8.3,0,0,0,0,0,0,50.03
2008,2,3,14,30,12.9,36,190,771,771,36,190,38.51
2008,2,3,15,30,17.5,48,429,951,951,48,429,28.38
2008,2,3,16,30,21,54,637,1028,1028,54,637,17.85
2008,2,3,17,30,22.900000000000002,58,790,1065,1065,58,790,13.71
2008,2,3,18,30,24,60,868,1074,1074,60,868,12.19
2008,2,3,19,30,24.5,61,877,1075,1075,61,877,11.72
2008,2,3,20,30,24.400000000000002,60,809,1061,1061,60,809,11.96
2008,2,3,21,30,23.8,56,670,1029,1029,56,670,12.64
2008,2,3,22,30,22.3,49,470,959,581,152,407,14.200000000000001
2008,2,3,23,30,18.5,38,237,813,813,38,237,19.21
2008,2,4,0,30,14.9,13,22,332,332,13,22,28.6
2008,2,4,1,30,13.600000000000001,0,0,0,0,0,0,32.51
2008,2,4,2,30,12.9,0,0,0,0,0,0,35.480000000000004
2008,2,4,3,30,12.3,0,0,0,0,0,0,38.47
2008,2,4,4,30,11.600000000000001,0,0,0,0,0,0,42.14
2008,2,4,5,30,10.9,0,0,0,0,0,0,45.980000000000004
2008,2,4,6,30,10.3,0,0,0,0,0,0,49.19
2008,2,4,7,30,9.700000000000001,0,0,0,0,0,0,50.79
2008,2,4,8,30,9.200000000000001,0,0,0,0,0,0,50.17
2008,2,4,9,30,8.8,0,0,0,0,0,0,48.620000000000005
2008,2,4,10,30,8.4,0,0,0,0,0,0,47.46
2008,2,4,11,30,7.9,0,0,0,0,0,0,47.33
2008,2,4,12,30,7.5,0,0,0,0,0,0,47.28
2008,2,4,13,30,9.3,0,0,0,0,0,0,40.95
2008,2,4,14,30,13.4,35,192,776,1,43,43,30.75
2008,2,4,15,30,17.8,48,432,952,203,210,292,21.03
2008,2,4,16,30,21.1,55,640,1027,622,196,551,13.17
2008,2,4,17,30,22.8,59,794,1065,1065,59,794,10.72
2008,2,4,18,30,23.900000000000002,64,879,1078,1078,64,879,9.64
2008,2,4,19,30,24.200000000000003,64,887,1080,425,410,734,9.39
2008,2,4,20,30,23.8,62,814,1059,1059,62,814,9.67
2008,2,4,21,30,23,57,674,1028,1028,57,674,10.17
2008,2,4,22,30,21.400000000000002,51,477,963,963,51,477,11.17
2008,2,4,23,30,18.1,40,242,818,818,40,242,14.08
2008,2,5,0,30,15.100000000000001,13,24,340,340,13,24,19.43
2008,2,5,1,30,13.700000000000001,0,0,0,0,0,0,23.28
2008,2,5,2,30,12.5,0,0,0,0,0,0,27.62
2008,2,5,3,30,11.100000000000001,0,0,0,0,0,0,33.28
2008,2,5,4,30,9.600000000000001,0,0,0,0,0,0,40.33
2008,2,5,5,30,8.5,0,0,0,0,0,0,45.63
2008,2,5,6,30,7.9,0,0,0,0,0,0,47.160000000000004
2008,2,5,7,30,7.6000000000000005,0,0,0,0,0,0,46.480000000000004
2008,2,5,8,30,7.2,0,0,0,0,0,0,46.02
2008,2,5,9,30,6.9,0,0,0,0,0,0,45.21
2008,2,5,10,30,6.800000000000001,0,0,0,0,0,0,44.300000000000004
2008,2,5,11,30,6.7,0,0,0,0,0,0,44.14
2008,2,5,12,30,6.7,0,0,0,0,0,0,44.59
2008,2,5,13,30,8.3,0,0,0,0,0,0,40.83
2008,2,5,14,30,12.200000000000001,33,196,797,797,33,196,32.47
2008,2,5,15,30,16.5,45,443,980,980,45,443,23.46
2008,2,5,16,30,19.400000000000002,51,654,1052,1052,51,654,16.12
2008,2,5,17,30,21.200000000000003,55,810,1088,1088,55,810,13.34
2008,2,5,18,30,22.400000000000002,55,894,1105,1105,55,894,12.280000000000001
2008,2,5,19,30,23,54,902,1108,1108,54,902,11.700000000000001
2008,2,5,20,30,23,53,833,1096,1096,53,833,11.5
2008,2,5,21,30,22.3,51,693,1064,1064,51,693,11.63
2008,2,5,22,30,20.8,44,492,1004,1004,44,492,12.540000000000001
2008,2,5,23,30,17.3,36,253,866,866,36,253,16.22
2008,2,6,0,30,13.4,13,27,407,407,13,27,24.22
2008,2,6,1,30,11.3,0,0,0,0,0,0,30.79
2008,2,6,2,30,9.9,0,0,0,0,0,0,36.88
2008,2,6,3,30,8.8,0,0,0,0,0,0,43.53
2008,2,6,4,30,7.5,0,0,0,0,0,0,52.910000000000004
2008,2,6,5,30,6.1000000000000005,0,0,0,0,0,0,64.59
2008,2,6,6,30,5,0,0,0,0,0,0,74.75
2008,2,6,7,30,4,0,0,0,0,0,0,81.64
2008,2,6,8,30,3.2,0,0,0,0,0,0,83.5
2008,2,6,9,30,2.6,0,0,0,0,0,0,83.09
2008,2,6,10,30,1.9000000000000001,0,0,0,0,0,0,83.4
2008,2,6,11,30,1.4000000000000001,0,0,0,0,0,0,82.91
2008,2,6,12,30,1.3,0,0,0,0,0,0,80.72
2008,2,6,13,30,3.6,0,0,0,0,0,0,66.77
2008,2,6,14,30,7.5,33,205,832,832,33,205,47.42
2008,2,6,15,30,11,45,452,998,998,45,452,30.32
2008,2,6,16,30,14.700000000000001,49,665,1070,1070,49,665,20.86
2008,2,6,17,30,18.5,53,823,1105,1105,53,823,12.33
2008,2,6,18,30,21.3,62,912,1115,1115,62,912,7.66
2008,2,6,19,30,22.700000000000003,62,921,1116,1116,62,921,6.140000000000001
2008,2,6,20,30,23.200000000000003,59,850,1105,1105,59,850,5.2700000000000005
2008,2,6,21,30,22.900000000000002,53,707,1077,1077,53,707,4.87
2008,2,6,22,30,21.200000000000003,46,504,1018,1018,46,504,5.13
2008,2,6,23,30,16.900000000000002,36,261,887,887,36,261,9.25
2008,2,7,0,30,12.9,14,30,439,439,14,30,16.4
2008,2,7,1,30,11.5,0,0,0,0,0,0,17.73
2008,2,7,2,30,10.5,0,0,0,0,0,0,19.7
2008,2,7,3,30,9.3,0,0,0,0,0,0,23.2
2008,2,7,4,30,8,0,0,0,0,0,0,27.48
2008,2,7,5,30,6.9,0,0,0,0,0,0,31.38
2008,2,7,6,30,6.1000000000000005,0,0,0,0,0,0,34.47
2008,2,7,7,30,5.6000000000000005,0,0,0,0,0,0,36.52
2008,2,7,8,30,5.1000000000000005,0,0,0,0,0,0,37.74
2008,2,7,9,30,4.4,0,0,0,0,0,0,38.54
2008,2,7,10,30,3.8000000000000003,0,0,0,0,0,0,38.02
2008,2,7,11,30,3.4000000000000004,0,0,0,0,0,0,36.09
2008,2,7,12,30,3.4000000000000004,0,0,0,0,0,0,33.15
2008,2,7,13,30,6.300000000000001,0,0,0,0,0,0,25.85
2008,2,7,14,30,11.200000000000001,35,205,812,3,97,98,19.56
2008,2,7,15,30,15.5,48,450,978,978,48,450,11.19
2008,2,7,16,30,18.6,56,663,1048,1048,56,663,6.66
2008,2,7,17,30,20.400000000000002,60,819,1085,1085,60,819,5.62
2008,2,7,18,30,21.700000000000003,61,905,1102,1102,61,905,5.09
2008,2,7,19,30,22.400000000000002,59,913,1105,1105,59,913,4.78
2008,2,7,20,30,22.6,58,843,1092,1092,58,843,4.64
2008,2,7,21,30,22,54,702,1062,1062,54,702,4.75
2008,2,7,22,30,20.3,48,501,1000,1000,48,501,5.2700000000000005
2008,2,7,23,30,15.8,38,260,865,561,92,235,10.82
2008,2,8,0,30,11.3,15,30,409,5,19,19,19.44
2008,2,8,1,30,9.4,0,0,0,0,0,0,19.44
2008,2,8,2,30,8.3,0,0,0,0,0,0,20.32
2008,2,8,3,30,7.800000000000001,0,0,0,0,0,0,21.59
2008,2,8,4,30,7.9,0,0,0,0,0,0,23.35
2008,2,8,5,30,8,0,0,0,0,0,0,24.8
2008,2,8,6,30,8.3,0,0,0,0,0,0,23.990000000000002
2008,2,8,7,30,8.200000000000001,0,0,0,0,0,0,22.85
2008,2,8,8,30,7.9,0,0,0,0,0,0,22.03
2008,2,8,9,30,7.7,0,0,0,0,0,0,20.82
2008,2,8,10,30,7.800000000000001,0,0,0,0,0,0,20.06
2008,2,8,11,30,8,0,0,0,0,0,0,19.32
2008,2,8,12,30,8.1,0,0,0,0,0,0,18.72
2008,2,8,13,30,9.4,0,0,0,0,0,0,16.81
2008,2,8,14,30,12.700000000000001,37,207,803,291,98,160,16.490000000000002
2008,2,8,15,30,17.3,50,453,975,265,205,315,8.97
2008,2,8,16,30,20.900000000000002,56,666,1049,67,339,378,5.98
2008,2,8,17,30,22.700000000000003,58,822,1086,1086,58,822,5.61
2008,2,8,18,30,23.700000000000003,63,900,1089,331,453,708,5.66
2008,2,8,19,30,24.3,63,909,1091,1091,63,909,5.79
2008,2,8,20,30,24.3,60,840,1079,1079,60,840,6.1000000000000005
2008,2,8,21,30,23.8,57,694,1038,1038,57,694,6.59
2008,2,8,22,30,22.400000000000002,51,495,975,975,51,495,7.58
2008,2,8,23,30,18.6,40,257,837,837,40,257,13.23
2008,2,9,0,30,14.8,15,30,374,4,19,19,22.43
2008,2,9,1,30,13.4,0,0,0,0,0,0,23.7
2008,2,9,2,30,12.8,0,0,0,0,0,0,26.26
2008,2,9,3,30,12.100000000000001,0,0,0,0,0,0,31.03
2008,2,9,4,30,11.100000000000001,0,0,0,0,0,0,37.49
2008,2,9,5,30,9.9,0,0,0,0,0,0,43.09
2008,2,9,6,30,8.8,0,0,0,0,0,0,46.81
2008,2,9,7,30,8.1,0,0,0,0,0,0,48.84
2008,2,9,8,30,7.6000000000000005,0,0,0,0,0,0,50.19
2008,2,9,9,30,7.2,0,0,0,0,0,0,51.38
2008,2,9,10,30,6.7,0,0,0,0,0,0,52.79
2008,2,9,11,30,6.300000000000001,0,0,0,0,0,0,53.36
2008,2,9,12,30,6.300000000000001,0,0,0,0,0,0,52.02
2008,2,9,13,30,9.1,0,0,0,0,0,0,42.1
2008,2,9,14,30,13.8,36,199,762,762,36,199,31.17
2008,2,9,15,30,18.2,50,438,931,931,50,438,21.18
2008,2,9,16,30,21.3,58,646,1005,1005,58,646,14.450000000000001
2008,2,9,17,30,22.700000000000003,63,799,1042,1042,63,799,13.17
2008,2,9,18,30,23.6,66,880,1053,1053,66,880,12.47
2008,2,9,19,30,23.900000000000002,65,888,1056,1056,65,888,12.16
2008,2,9,20,30,23.900000000000002,63,821,1044,1044,63,821,11.94
2008,2,9,21,30,23.6,56,682,1015,538,225,557,11.88
2008,2,9,22,30,22.6,51,486,950,99,213,259,12.39
2008,2,9,23,30,20.1,41,252,807,474,92,216,15.84
2008,2,10,0,30,17.400000000000002,16,31,349,2,19,19,22.61
2008,2,10,1,30,15.600000000000001,0,0,0,0,0,0,24.84
2008,2,10,2,30,14.3,0,0,0,0,0,0,25.63
2008,2,10,3,30,13.3,0,0,0,0,0,0,24.64
2008,2,10,4,30,12.200000000000001,0,0,0,0,0,0,24.26
2008,2,10,5,30,10.9,0,0,0,0,0,0,26.52
2008,2,10,6,30,9.700000000000001,0,0,0,0,0,0,31.67
2008,2,10,7,30,8.8,0,0,0,0,0,0,39.2
2008,2,10,8,30,8.3,0,0,0,0,0,0,49.07
2008,2,10,9,30,8.200000000000001,0,0,0,0,0,0,59.27
2008,2,10,10,30,8.3,0,0,0,0,0,0,67.3
2008,2,10,11,30,8.3,0,0,0,0,0,0,73.22
2008,2,10,12,30,8.3,0,0,0,0,0,0,76.97
2008,2,10,13,30,9.4,0,0,0,0,0,0,72.96000000000001
2008,2,10,14,30,11.9,54,187,617,13,90,93,61.72
2008,2,10,15,30,15.600000000000001,75,421,823,220,212,304,44.18
2008,2,10,16,30,18.900000000000002,87,627,917,144,299,384,27.95
2008,2,10,17,30,20.700000000000003,98,775,953,389,308,584,23.56
2008,2,10,18,30,20.6,94,859,986,0,127,127,24.85
2008,2,10,19,30,19.400000000000002,108,860,960,1,154,155,28.93
2008,2,10,20,30,18,112,787,925,925,112,787,35.01
2008,2,10,21,30,16.6,92,657,911,911,92,657,41.18
2008,2,10,22,30,14.700000000000001,90,457,798,57,224,250,48.9
2008,2,10,23,30,11.700000000000001,80,223,539,1,52,53,63.410000000000004
2008,2,11,0,30,8.6,20,22,56,0,11,11,79.44
2008,2,11,1,30,7,0,0,0,0,0,0,82.16
2008,2,11,2,30,6.7,0,0,0,0,0,0,80.58
2008,2,11,3,30,6.7,0,0,0,0,0,0,82.11
2008,2,11,4,30,6.300000000000001,0,0,0,0,0,0,85.38
2008,2,11,5,30,6,0,0,0,0,0,0,87.32000000000001
2008,2,11,6,30,5.800000000000001,0,0,0,0,0,0,88.14
2008,2,11,7,30,5.4,0,0,0,0,0,0,90.34
2008,2,11,8,30,4.9,0,0,0,0,0,0,92.84
2008,2,11,9,30,4.6000000000000005,0,0,0,0,0,0,94.43
2008,2,11,10,30,4.4,0,0,0,0,0,0,96.01
2008,2,11,11,30,4.4,0,0,0,0,0,0,96
2008,2,11,12,30,4.800000000000001,0,0,0,0,0,0,92.61
2008,2,11,13,30,7.6000000000000005,0,0,0,0,0,0,76.24
2008,2,11,14,30,12.3,46,198,695,695,46,198,57.34
2008,2,11,15,30,16.900000000000002,64,436,882,882,64,436,42.19
2008,2,11,16,30,20,75,643,961,961,75,643,27.52
2008,2,11,17,30,21.200000000000003,84,793,994,994,84,793,23.76
2008,2,11,18,30,21.900000000000002,86,878,1015,1015,86,878,21.88
2008,2,11,19,30,22.3,86,886,1017,1017,86,886,20.69
2008,2,11,20,30,22.400000000000002,83,819,1004,94,402,471,20
2008,2,11,21,30,22,74,685,980,980,74,685,20.13
2008,2,11,22,30,20.8,64,489,914,275,225,353,21.48
2008,2,11,23,30,17.6,50,254,765,207,131,186,26.73
2008,2,12,0,30,14.3,18,33,305,3,22,22,39.12
2008,2,12,1,30,13.100000000000001,0,0,0,0,0,0,41.87
2008,2,12,2,30,12.5,0,0,0,0,0,0,43.07
2008,2,12,3,30,11.700000000000001,0,0,0,0,0,0,44.83
2008,2,12,4,30,10.8,0,0,0,0,0,0,47.43
2008,2,12,5,30,9.700000000000001,0,0,0,0,0,0,51.29
2008,2,12,6,30,8.6,0,0,0,0,0,0,55.82
2008,2,12,7,30,7.6000000000000005,0,0,0,0,0,0,60.18
2008,2,12,8,30,6.7,0,0,0,0,0,0,62.32
2008,2,12,9,30,6,0,0,0,0,0,0,61.2
2008,2,12,10,30,5.5,0,0,0,0,0,0,59.120000000000005
2008,2,12,11,30,5,0,0,0,0,0,0,58.58
2008,2,12,12,30,5.300000000000001,0,0,0,0,0,0,56.2
2008,2,12,13,30,7.7,0,0,0,0,0,0,47.9
2008,2,12,14,30,11.3,41,209,760,11,85,87,38.08
2008,2,12,15,30,15.3,54,451,934,50,198,219,27.26
2008,2,12,16,30,18.6,60,661,1011,401,263,502,16.16
2008,2,12,17,30,20.400000000000002,65,815,1047,621,239,684,13.39
2008,2,12,18,30,21.400000000000002,67,901,1064,380,364,662,12.38
2008,2,12,19,30,22.1,67,909,1067,791,265,890,11.68
2008,2,12,20,30,22.3,64,846,1061,1061,64,846,11.26
2008,2,12,21,30,21.900000000000002,60,705,1030,1030,60,705,11.18
2008,2,12,22,30,20.8,53,506,969,969,53,506,11.65
2008,2,12,23,30,17.2,41,267,838,838,41,267,15.950000000000001
2008,2,13,0,30,13.4,17,38,417,417,17,38,28.57
2008,2,13,1,30,11.8,0,0,0,0,0,0,29.95
2008,2,13,2,30,10.5,0,0,0,0,0,0,32.65
2008,2,13,3,30,9.4,0,0,0,0,0,0,35.550000000000004
2008,2,13,4,30,8.700000000000001,0,0,0,0,0,0,37.11
2008,2,13,5,30,8.6,0,0,0,0,0,0,36.32
2008,2,13,6,30,8.700000000000001,0,0,0,0,0,0,34.64
2008,2,13,7,30,8.5,0,0,0,0,0,0,34.67
2008,2,13,8,30,7.800000000000001,0,0,0,0,0,0,35.980000000000004
2008,2,13,9,30,6.800000000000001,0,0,0,0,0,0,38.03
2008,2,13,10,30,5.800000000000001,0,0,0,0,0,0,40.54
2008,2,13,11,30,4.7,0,0,0,0,0,0,43.800000000000004
2008,2,13,12,30,4,0,0,0,0,0,0,46.29
2008,2,13,13,30,6.300000000000001,0,0,0,0,0,0,41.24
2008,2,13,14,30,11.100000000000001,40,213,771,771,40,213,31.720000000000002
2008,2,13,15,30,15.700000000000001,55,457,938,938,55,457,25.51
2008,2,13,16,30,18.900000000000002,63,664,1006,1006,63,664,20.46
2008,2,13,17,30,20.700000000000003,69,818,1041,1041,69,818,17.71
2008,2,13,18,30,22,74,904,1054,1054,74,904,15.72
2008,2,13,19,30,22.700000000000003,75,912,1055,1055,75,912,14.27
2008,2,13,20,30,23,72,844,1043,1043,72,844,13.1
2008,2,13,21,30,22.8,66,704,1013,1013,66,704,12.34
2008,2,13,22,30,21.6,57,508,959,959,57,508,12.52
2008,2,13,23,30,18,44,270,828,828,44,270,16.11
2008,2,14,0,30,14,17,39,414,414,17,39,28.13
2008,2,14,1,30,12.100000000000001,0,0,0,0,0,0,29.03
2008,2,14,2,30,10.9,0,0,0,0,0,0,29.13
2008,2,14,3,30,10.100000000000001,0,0,0,0,0,0,28.62
2008,2,14,4,30,9.200000000000001,0,0,0,0,0,0,29.650000000000002
2008,2,14,5,30,8.3,0,0,0,0,0,0,32.230000000000004
2008,2,14,6,30,7.5,0,0,0,0,0,0,36.12
2008,2,14,7,30,6.9,0,0,0,0,0,0,40.050000000000004
2008,2,14,8,30,6.4,0,0,0,0,0,0,42.13
2008,2,14,9,30,6,0,0,0,0,0,0,42.84
2008,2,14,10,30,5.800000000000001,0,0,0,0,0,0,42.730000000000004
2008,2,14,11,30,5.7,0,0,0,0,0,0,42.24
2008,2,14,12,30,6.1000000000000005,0,0,0,0,0,0,40.82
2008,2,14,13,30,8.200000000000001,0,0,0,0,0,0,35.7
2008,2,14,14,30,12.3,36,217,797,22,127,132,27.88
2008,2,14,15,30,16.6,46,460,958,958,46,460,20.69
2008,2,14,16,30,19.700000000000003,53,667,1022,1022,53,667,14.73
2008,2,14,17,30,21.6,58,822,1056,1056,58,822,11.82
2008,2,14,18,30,22.8,58,902,1068,1068,58,902,10.53
2008,2,14,19,30,23.400000000000002,58,911,1069,1069,58,911,9.98
2008,2,14,20,30,23.6,57,843,1057,633,246,716,9.81
2008,2,14,21,30,23.1,55,704,1025,259,283,448,10.15
2008,2,14,22,30,21.5,51,504,956,31,199,214,11.39
2008,2,14,23,30,18.8,42,268,818,133,147,184,14.290000000000001
2008,2,15,0,30,16.1,18,40,403,0,17,17,19.91
2008,2,15,1,30,14.4,0,0,0,0,0,0,25.43
2008,2,15,2,30,13.200000000000001,0,0,0,0,0,0,29.89
2008,2,15,3,30,12,0,0,0,0,0,0,34.28
2008,2,15,4,30,10.8,0,0,0,0,0,0,38.99
2008,2,15,5,30,9.9,0,0,0,0,0,0,42.660000000000004
2008,2,15,6,30,8.9,0,0,0,0,0,0,46.07
2008,2,15,7,30,7.6000000000000005,0,0,0,0,0,0,49.4
2008,2,15,8,30,6.6000000000000005,0,0,0,0,0,0,51.39
2008,2,15,9,30,6,0,0,0,0,0,0,51.72
2008,2,15,10,30,5.7,0,0,0,0,0,0,51.07
2008,2,15,11,30,5.4,0,0,0,0,0,0,50.63
2008,2,15,12,30,5.800000000000001,0,0,0,0,0,0,48.11
2008,2,15,13,30,8.4,0,0,0,0,0,0,39.75
2008,2,15,14,30,13.200000000000001,32,221,822,52,134,146,28.810000000000002
2008,2,15,15,30,17.900000000000002,41,465,974,974,41,465,19.32
2008,2,15,16,30,21.400000000000002,47,677,1042,1042,47,677,12.71
2008,2,15,17,30,23.700000000000003,50,832,1076,1076,50,832,9.89
2008,2,15,18,30,25,55,920,1089,1089,55,920,8.85
2008,2,15,19,30,25.6,54,928,1092,1092,54,928,8.48
2008,2,15,20,30,25.400000000000002,53,854,1072,1072,53,854,8.63
2008,2,15,21,30,24.700000000000003,51,714,1042,1042,51,714,9.16
2008,2,15,22,30,23,46,511,976,976,46,511,10.49
2008,2,15,23,30,19.3,37,273,849,849,37,273,14.07
2008,2,16,0,30,15.3,16,42,455,455,16,42,22.04
2008,2,16,1,30,13.3,0,0,0,0,0,0,26.7
2008,2,16,2,30,12.3,0,0,0,0,0,0,28.38
2008,2,16,3,30,11.4,0,0,0,0,0,0,29.95
2008,2,16,4,30,10.5,0,0,0,0,0,0,32.34
2008,2,16,5,30,9.700000000000001,0,0,0,0,0,0,35.08
2008,2,16,6,30,9.1,0,0,0,0,0,0,36.99
2008,2,16,7,30,8.6,0,0,0,0,0,0,38.03
2008,2,16,8,30,8.1,0,0,0,0,0,0,39.42
2008,2,16,9,30,7.800000000000001,0,0,0,0,0,0,39.97
2008,2,16,10,30,7.5,0,0,0,0,0,0,40.47
2008,2,16,11,30,7.300000000000001,0,0,0,0,0,0,40.45
2008,2,16,12,30,7.5,0,0,0,0,0,0,39.980000000000004
2008,2,16,13,30,9.600000000000001,0,0,0,0,0,0,35.03
2008,2,16,14,30,13.9,33,219,800,800,33,219,27.27
2008,2,16,15,30,18.1,41,463,961,961,41,463,21.41
2008,2,16,16,30,21,47,672,1029,1029,47,672,18.86
2008,2,16,17,30,22.8,50,831,1070,1070,50,831,17.17
2008,2,16,18,30,24.1,55,918,1083,1083,55,918,15.19
2008,2,16,19,30,24.700000000000003,55,933,1092,1092,55,933,13.58
2008,2,16,20,30,24.700000000000003,54,864,1080,1080,54,864,12.5
2008,2,16,21,30,24,50,722,1051,1051,50,722,12.02
2008,2,16,22,30,22.5,46,526,1003,1003,46,526,12.4
2008,2,16,23,30,19,38,284,877,877,38,284,15.02
2008,2,17,0,30,15,18,46,485,485,18,46,21.650000000000002
2008,2,17,1,30,12.4,0,0,0,0,0,0,27.59
2008,2,17,2,30,10.8,0,0,0,0,0,0,31.85
2008,2,17,3,30,9.4,0,0,0,0,0,0,36.050000000000004
2008,2,17,4,30,8.3,0,0,0,0,0,0,39.9
2008,2,17,5,30,7.300000000000001,0,0,0,0,0,0,44.300000000000004
2008,2,17,6,30,6.4,0,0,0,0,0,0,49.15
2008,2,17,7,30,5.7,0,0,0,0,0,0,53.76
2008,2,17,8,30,5.2,0,0,0,0,0,0,55.31
2008,2,17,9,30,4.7,0,0,0,0,0,0,52.4
2008,2,17,10,30,4.2,0,0,0,0,0,0,46.96
2008,2,17,11,30,3.9000000000000004,0,0,0,0,0,0,41.230000000000004
2008,2,17,12,30,4.2,0,0,0,0,0,0,35.61
2008,2,17,13,30,7.5,0,0,0,0,0,0,26.43
2008,2,17,14,30,12.700000000000001,34,239,868,868,34,239,17.51
2008,2,17,15,30,17.6,45,491,1012,1012,45,491,11.74
2008,2,17,16,30,21.3,50,709,1077,1077,50,709,6.13
2008,2,17,17,30,23.5,52,856,1096,1096,52,856,4.75
2008,2,17,18,30,25,57,945,1109,1109,57,945,4.22
2008,2,17,19,30,25.900000000000002,56,953,1111,1111,56,953,4.04
2008,2,17,20,30,26,56,884,1099,1099,56,884,4.11
2008,2,17,21,30,25.3,55,741,1068,1068,55,741,4.3500000000000005
2008,2,17,22,30,23.700000000000003,48,536,1012,1012,48,536,4.98
2008,2,17,23,30,19.5,37,291,894,894,37,291,12.05
2008,2,18,0,30,15.3,17,49,516,516,17,49,19.95
2008,2,18,1,30,13.200000000000001,0,0,0,0,0,0,19.330000000000002
2008,2,18,2,30,11.600000000000001,0,0,0,0,0,0,20.95
2008,2,18,3,30,10.8,0,0,0,0,0,0,21.39
2008,2,18,4,30,10.600000000000001,0,0,0,0,0,0,20.04
2008,2,18,5,30,10.200000000000001,0,0,0,0,0,0,19.2
2008,2,18,6,30,9.700000000000001,0,0,0,0,0,0,18.7
2008,2,18,7,30,9.1,0,0,0,0,0,0,19.16
2008,2,18,8,30,8.700000000000001,0,0,0,0,0,0,19.41
2008,2,18,9,30,8.5,0,0,0,0,0,0,19.59
2008,2,18,10,30,8.4,0,0,0,0,0,0,19.26
2008,2,18,11,30,8.1,0,0,0,0,0,0,19.150000000000002
2008,2,18,12,30,7.7,0,0,0,0,0,0,19.43
2008,2,18,13,30,9,0,0,0,0,0,0,18.47
2008,2,18,14,30,12.600000000000001,36,238,845,845,36,238,16.8
2008,2,18,15,30,17.1,47,489,994,994,47,489,10.22
2008,2,18,16,30,20.700000000000003,53,704,1059,1059,53,704,7.75
2008,2,18,17,30,23.1,56,862,1093,1093,56,862,6.7700000000000005
2008,2,18,18,30,24.900000000000002,61,942,1095,1095,61,942,6.140000000000001
2008,2,18,19,30,26,60,950,1098,1098,60,950,5.8100000000000005
2008,2,18,20,30,26.400000000000002,58,880,1086,1086,58,880,5.73
2008,2,18,21,30,26.1,53,737,1058,1058,53,737,5.91
2008,2,18,22,30,24.8,47,533,1003,1003,47,533,6.49
2008,2,18,23,30,20.900000000000002,39,290,879,879,39,290,12.200000000000001
2008,2,19,0,30,16.900000000000002,18,50,500,500,18,50,21.080000000000002
2008,2,19,1,30,14.8,0,0,0,0,0,0,21
2008,2,19,2,30,13.200000000000001,0,0,0,0,0,0,22.45
2008,2,19,3,30,11.700000000000001,0,0,0,0,0,0,24.57
2008,2,19,4,30,10.600000000000001,0,0,0,0,0,0,26.32
2008,2,19,5,30,9.5,0,0,0,0,0,0,28.28
2008,2,19,6,30,8.200000000000001,0,0,0,0,0,0,31.19
2008,2,19,7,30,7,0,0,0,0,0,0,34.660000000000004
2008,2,19,8,30,6,0,0,0,0,0,0,38.230000000000004
2008,2,19,9,30,5.300000000000001,0,0,0,0,0,0,41.44
2008,2,19,10,30,4.7,0,0,0,0,0,0,44.31
2008,2,19,11,30,4.3,0,0,0,0,0,0,46.54
2008,2,19,12,30,4.7,0,0,0,0,0,0,45.86
2008,2,19,13,30,7.9,10,16,311,311,10,16,37.480000000000004
2008,2,19,14,30,13.200000000000001,35,236,829,829,35,236,26.45
2008,2,19,15,30,18.3,46,483,975,975,46,483,17.16
2008,2,19,16,30,22.200000000000003,52,695,1041,1041,52,695,9.05
2008,2,19,17,30,24.3,54,851,1076,1076,54,851,7.890000000000001
2008,2,19,18,30,25.8,58,932,1081,1081,58,932,7.5600000000000005
2008,2,19,19,30,26.6,60,942,1082,1082,60,942,7.5200000000000005
2008,2,19,20,30,26.700000000000003,61,873,1068,1068,61,873,7.67
2008,2,19,21,30,26.1,61,732,1035,1035,61,732,8.02
2008,2,19,22,30,24.6,54,530,975,975,54,530,8.78
2008,2,19,23,30,20.700000000000003,43,288,848,94,170,197,11.77
2008,2,20,0,30,16.5,20,50,462,462,20,50,19.3
2008,2,20,1,30,14.5,0,0,0,0,0,0,21.900000000000002
2008,2,20,2,30,12.9,0,0,0,0,0,0,24.310000000000002
2008,2,20,3,30,11.5,0,0,0,0,0,0,27.12
2008,2,20,4,30,10.200000000000001,0,0,0,0,0,0,30.13
2008,2,20,5,30,9.1,0,0,0,0,0,0,32.79
2008,2,20,6,30,8.4,0,0,0,0,0,0,33.38
2008,2,20,7,30,7.9,0,0,0,0,0,0,32.02
2008,2,20,8,30,7.5,0,0,0,0,0,0,29.97
2008,2,20,9,30,7.2,0,0,0,0,0,0,28.34
2008,2,20,10,30,6.9,0,0,0,0,0,0,27.18
2008,2,20,11,30,6.5,0,0,0,0,0,0,26.580000000000002
2008,2,20,12,30,6.800000000000001,0,0,0,0,0,0,25.17
2008,2,20,13,30,10.5,11,18,339,0,7,7,20.02
2008,2,20,14,30,16,34,242,845,6,119,120,13.200000000000001
2008,2,20,15,30,20.400000000000002,44,485,979,378,202,372,10.17
2008,2,20,16,30,23.3,51,699,1043,623,211,599,8.97
2008,2,20,17,30,25,57,857,1074,602,267,715,8.27
2008,2,20,18,30,25.8,70,940,1071,681,260,813,7.95
2008,2,20,19,30,25.6,69,948,1074,711,203,784,8.02
2008,2,20,20,30,24.8,67,878,1061,1061,67,878,8.370000000000001
2008,2,20,21,30,23.900000000000002,65,736,1029,606,211,606,8.88
2008,2,20,22,30,22.8,56,533,973,417,204,409,9.67
2008,2,20,23,30,19.400000000000002,42,291,854,509,110,258,12.44
2008,2,21,0,30,15.4,20,53,482,16,35,36,19.79
2008,2,21,1,30,13.5,0,0,0,0,0,0,23.51
2008,2,21,2,30,12.5,0,0,0,0,0,0,25.55
2008,2,21,3,30,11.5,0,0,0,0,0,0,28.32
2008,2,21,4,30,10.4,0,0,0,0,0,0,31.810000000000002
2008,2,21,5,30,9.700000000000001,0,0,0,0,0,0,34.46
2008,2,21,6,30,9.600000000000001,0,0,0,0,0,0,34.78
2008,2,21,7,30,9.600000000000001,0,0,0,0,0,0,33.49
2008,2,21,8,30,9.200000000000001,0,0,0,0,0,0,32.62
2008,2,21,9,30,9.1,0,0,0,0,0,0,31.21
2008,2,21,10,30,9.3,0,0,0,0,0,0,29.35
2008,2,21,11,30,9.1,0,0,0,0,0,0,29.05
2008,2,21,12,30,9.3,0,0,0,0,0,0,28.48
2008,2,21,13,30,11.100000000000001,12,19,309,0,7,7,25.11
2008,2,21,14,30,14.600000000000001,39,242,815,131,131,163,19.650000000000002
2008,2,21,15,30,18.3,51,489,962,962,51,489,15.43
2008,2,21,16,30,21,59,698,1021,708,241,683,11.620000000000001
2008,2,21,17,30,22.6,63,853,1056,1056,63,853,10.01
2008,2,21,18,30,24,63,938,1073,1073,63,938,9.11
2008,2,21,19,30,24.700000000000003,63,946,1075,1075,63,946,8.66
2008,2,21,20,30,24.6,61,876,1063,1063,61,876,8.65
2008,2,21,21,30,24,59,735,1032,363,302,540,8.950000000000001
2008,2,21,22,30,22.700000000000003,51,533,977,977,51,533,9.620000000000001
2008,2,21,23,30,19.6,39,291,858,858,39,291,11.68
2008,2,22,0,30,15.8,19,54,493,493,19,54,16.75
2008,2,22,1,30,13.3,0,0,0,0,0,0,21.92
2008,2,22,2,30,11.8,0,0,0,0,0,0,25.37
2008,2,22,3,30,10.4,0,0,0,0,0,0,29.17
2008,2,22,4,30,9.200000000000001,0,0,0,0,0,0,33
2008,2,22,5,30,8.1,0,0,0,0,0,0,36.910000000000004
2008,2,22,6,30,7,0,0,0,0,0,0,40.800000000000004
2008,2,22,7,30,6,0,0,0,0,0,0,43.89
2008,2,22,8,30,5.1000000000000005,0,0,0,0,0,0,45.980000000000004
2008,2,22,9,30,4.4,0,0,0,0,0,0,46.54
2008,2,22,10,30,3.8000000000000003,0,0,0,0,0,0,45.86
2008,2,22,11,30,3.5,0,0,0,0,0,0,43.84
2008,2,22,12,30,4,0,0,0,0,0,0,39.56
2008,2,22,13,30,7.2,12,22,356,356,12,22,31.36
2008,2,22,14,30,12.3,38,253,853,853,38,253,21.09
2008,2,22,15,30,16.7,49,506,995,995,49,506,11.97
2008,2,22,16,30,19.900000000000002,56,723,1059,1059,56,723,7.140000000000001
2008,2,22,17,30,22.200000000000003,60,873,1081,1081,60,873,5.91
2008,2,22,18,30,23.900000000000002,67,960,1091,1091,67,960,5.47
2008,2,22,19,30,25,66,968,1093,1093,66,968,5.37
2008,2,22,20,30,25.6,63,897,1082,1082,63,897,5.42
2008,2,22,21,30,25.400000000000002,57,752,1057,1057,57,752,5.71
2008,2,22,22,30,24.3,50,548,1002,1002,50,548,6.28
2008,2,22,23,30,20.400000000000002,41,302,883,883,41,302,10.01
2008,2,23,0,30,16.400000000000002,20,58,520,57,40,45,20.2
2008,2,23,1,30,14.600000000000001,0,0,0,0,0,0,20.18
2008,2,23,2,30,13.200000000000001,0,0,0,0,0,0,20.990000000000002
2008,2,23,3,30,11.3,0,0,0,0,0,0,22.97
2008,2,23,4,30,9.600000000000001,0,0,0,0,0,0,25.55
2008,2,23,5,30,8.4,0,0,0,0,0,0,27.36
2008,2,23,6,30,7.6000000000000005,0,0,0,0,0,0,28.35
2008,2,23,7,30,7,0,0,0,0,0,0,28.78
2008,2,23,8,30,6.5,0,0,0,0,0,0,28.86
2008,2,23,9,30,6.1000000000000005,0,0,0,0,0,0,28.78
2008,2,23,10,30,5.800000000000001,0,0,0,0,0,0,28.71
2008,2,23,11,30,5.6000000000000005,0,0,0,0,0,0,28.55
2008,2,23,12,30,6.1000000000000005,0,0,0,0,0,0,27.080000000000002
2008,2,23,13,30,9.600000000000001,13,23,349,349,13,23,22.55
2008,2,23,14,30,15.100000000000001,38,251,834,834,38,251,15.6
2008,2,23,15,30,20.1,49,500,976,976,49,500,10.24
2008,2,23,16,30,24,55,713,1041,1041,55,713,7.22
2008,2,23,17,30,26.200000000000003,58,864,1066,1066,58,864,6.88
2008,2,23,18,30,27.6,61,950,1080,1080,61,950,6.99
2008,2,23,19,30,28.400000000000002,62,958,1082,1082,62,958,7.15
2008,2,23,20,30,28.6,60,888,1070,1070,60,888,7.3100000000000005
2008,2,23,21,30,28.200000000000003,57,745,1041,1041,57,745,7.53
2008,2,23,22,30,26.8,51,538,977,977,51,538,8.16
2008,2,23,23,30,23,42,297,854,854,42,297,12.33
2008,2,24,0,30,19.3,20,57,490,490,20,57,21.36
2008,2,24,1,30,17.900000000000002,0,0,0,0,0,0,20.51
2008,2,24,2,30,16.5,0,0,0,0,0,0,21.740000000000002
2008,2,24,3,30,14.600000000000001,0,0,0,0,0,0,24.37
2008,2,24,4,30,12.9,0,0,0,0,0,0,27.03
2008,2,24,5,30,11.8,0,0,0,0,0,0,28.42
2008,2,24,6,30,10.9,0,0,0,0,0,0,29.13
2008,2,24,7,30,10.100000000000001,0,0,0,0,0,0,29.25
2008,2,24,8,30,9.3,0,0,0,0,0,0,29.490000000000002
2008,2,24,9,30,8.6,0,0,0,0,0,0,29.740000000000002
2008,2,24,10,30,8,0,0,0,0,0,0,30.19
2008,2,24,11,30,7.4,0,0,0,0,0,0,31.03
2008,2,24,12,30,7.6000000000000005,0,0,0,0,0,0,30.41
2008,2,24,13,30,10.8,14,25,329,329,14,25,25.45
2008,2,24,14,30,15.700000000000001,41,252,814,814,41,252,17.41
2008,2,24,15,30,20,54,500,960,960,54,500,13.26
2008,2,24,16,30,23.400000000000002,61,714,1026,1026,61,714,10.75
2008,2,24,17,30,25.5,65,870,1060,1060,65,870,9.57
2008,2,24,18,30,26.900000000000002,72,955,1069,1069,72,955,8.89
2008,2,24,19,30,27.700000000000003,72,963,1071,1071,72,963,8.52
2008,2,24,20,30,27.8,70,892,1058,1058,70,892,8.41
2008,2,24,21,30,27.400000000000002,65,749,1029,1029,65,749,8.45
2008,2,24,22,30,26.200000000000003,58,545,970,970,58,545,8.83
2008,2,24,23,30,22.3,47,301,844,844,47,301,12.14
2008,2,25,0,30,17.8,22,59,473,473,22,59,22.12
2008,2,25,1,30,15.600000000000001,0,0,0,0,0,0,21.79
2008,2,25,2,30,14.100000000000001,0,0,0,0,0,0,22.19
2008,2,25,3,30,12.700000000000001,0,0,0,0,0,0,23.64
2008,2,25,4,30,11.5,0,0,0,0,0,0,25.79
2008,2,25,5,30,10.700000000000001,0,0,0,0,0,0,29.52
2008,2,25,6,30,10,0,0,0,0,0,0,38.27
2008,2,25,7,30,9.4,0,0,0,0,0,0,54.49
2008,2,25,8,30,8.8,0,0,0,0,0,0,70.74
2008,2,25,9,30,8.3,0,0,0,0,0,0,81.21000000000001
2008,2,25,10,30,8,0,0,0,0,0,0,85.22
2008,2,25,11,30,7.800000000000001,0,0,0,0,0,0,85.01
2008,2,25,12,30,8.5,0,0,0,0,0,0,77.63
2008,2,25,13,30,11.9,15,25,278,278,15,25,58.27
2008,2,25,14,30,17.2,47,249,770,770,47,249,39.09
2008,2,25,15,30,22.3,61,495,925,925,61,495,25.53
2008,2,25,16,30,25.900000000000002,68,710,1002,1002,68,710,14.21
2008,2,25,17,30,27.700000000000003,72,865,1039,1039,72,865,11.28
2008,2,25,18,30,28.700000000000003,75,950,1055,1055,75,950,9.86
2008,2,25,19,30,29.200000000000003,75,958,1056,1056,75,958,8.93
2008,2,25,20,30,29.1,73,891,1049,1049,73,891,8.33
2008,2,25,21,30,28.5,65,748,1024,1024,65,748,8.01
2008,2,25,22,30,27.200000000000003,58,545,965,659,147,480,8.08
2008,2,25,23,30,23.400000000000002,47,302,840,840,47,302,10.75
2008,2,26,0,30,19.3,23,60,474,10,40,41,20.38
2008,2,26,1,30,17.2,0,0,0,0,0,0,21.43
2008,2,26,2,30,15.600000000000001,0,0,0,0,0,0,23.400000000000002
2008,2,26,3,30,14.8,0,0,0,0,0,0,25.28
2008,2,26,4,30,14.3,0,0,0,0,0,0,29.84
2008,2,26,5,30,13.200000000000001,0,0,0,0,0,0,36.08
2008,2,26,6,30,12,0,0,0,0,0,0,39.92
2008,2,26,7,30,11,0,0,0,0,0,0,41.660000000000004
2008,2,26,8,30,10.3,0,0,0,0,0,0,41.94
2008,2,26,9,30,9.700000000000001,0,0,0,0,0,0,41.74
2008,2,26,10,30,9.1,0,0,0,0,0,0,41.35
2008,2,26,11,30,8.700000000000001,0,0,0,0,0,0,40.19
2008,2,26,12,30,9.1,0,0,0,0,0,0,36.42
2008,2,26,13,30,11.5,15,30,379,379,15,30,28.89
2008,2,26,14,30,15.5,41,263,836,836,41,263,20.1
2008,2,26,15,30,19.400000000000002,53,513,972,972,53,513,13.47
2008,2,26,16,30,22.3,61,728,1035,1035,61,728,10.19
2008,2,26,17,30,24.3,68,885,1065,1065,68,885,8.56
2008,2,26,18,30,25.6,69,970,1082,1082,69,970,7.63
2008,2,26,19,30,26.3,68,977,1084,804,276,950,7.140000000000001
2008,2,26,20,30,26.3,66,906,1072,793,267,889,7.04
2008,2,26,21,30,25.400000000000002,72,755,1020,1020,72,755,7.41
2008,2,26,22,30,23.700000000000003,64,550,957,957,64,550,8.39
2008,2,26,23,30,20.6,52,302,817,817,52,302,11.09
2008,2,27,0,30,17.1,25,60,430,47,45,49,16.81
2008,2,27,1,30,14.600000000000001,0,0,0,0,0,0,21.54
2008,2,27,2,30,12.5,0,0,0,0,0,0,26.34
2008,2,27,3,30,10.700000000000001,0,0,0,0,0,0,30.16
2008,2,27,4,30,9.3,0,0,0,0,0,0,32.07
2008,2,27,5,30,8.200000000000001,0,0,0,0,0,0,33.54
2008,2,27,6,30,7.2,0,0,0,0,0,0,35.61
2008,2,27,7,30,6.5,0,0,0,0,0,0,38.050000000000004
2008,2,27,8,30,5.800000000000001,0,0,0,0,0,0,40.79
2008,2,27,9,30,5.1000000000000005,0,0,0,0,0,0,44.04
2008,2,27,10,30,4.3,0,0,0,0,0,0,47.12
2008,2,27,11,30,3.7,0,0,0,0,0,0,48.660000000000004
2008,2,27,12,30,3.7,0,0,0,0,0,0,47.480000000000004
2008,2,27,13,30,5.5,18,29,263,263,18,29,40.59
2008,2,27,14,30,8.6,52,256,757,757,52,256,31.17
2008,2,27,15,30,12.100000000000001,68,508,922,922,68,508,25.16
2008,2,27,16,30,15.5,78,722,995,995,78,722,21.45
2008,2,27,17,30,18.3,84,879,1033,1033,84,879,18.19
2008,2,27,18,30,20.3,86,965,1051,1051,86,965,15.530000000000001
2008,2,27,19,30,21.400000000000002,85,972,1053,1053,85,972,14.09
2008,2,27,20,30,22,82,901,1041,1041,82,901,13.27
2008,2,27,21,30,21.900000000000002,77,756,1009,1009,77,756,13.040000000000001
2008,2,27,22,30,21.1,68,551,948,948,68,551,13.4
2008,2,27,23,30,18.2,54,305,816,816,54,305,15.94
2008,2,28,0,30,14.5,26,62,434,434,26,62,26.330000000000002
2008,2,28,1,30,12.5,0,0,0,0,0,0,27.580000000000002
2008,2,28,2,30,11.4,0,0,0,0,0,0,28.12
2008,2,28,3,30,10.200000000000001,0,0,0,0,0,0,29.98
2008,2,28,4,30,9,0,0,0,0,0,0,32.84
2008,2,28,5,30,7.9,0,0,0,0,0,0,36.15
2008,2,28,6,30,7,0,0,0,0,0,0,39.160000000000004
2008,2,28,7,30,6.300000000000001,0,0,0,0,0,0,41.49
2008,2,28,8,30,5.800000000000001,0,0,0,0,0,0,43.22
2008,2,28,9,30,5.4,0,0,0,0,0,0,44.72
2008,2,28,10,30,5.2,0,0,0,0,0,0,45.69
2008,2,28,11,30,5.2,0,0,0,0,0,0,45.980000000000004
2008,2,28,12,30,6.1000000000000005,0,0,0,0,0,0,43.51
2008,2,28,13,30,9.700000000000001,18,31,285,4,22,22,35.04
2008,2,28,14,30,15.100000000000001,52,261,766,370,126,227,25.150000000000002
2008,2,28,15,30,20,68,510,920,546,166,428,19.94
2008,2,28,16,30,23,77,723,992,181,342,460,16.55
2008,2,28,17,30,24.5,83,875,1023,622,261,743,14.39
2008,2,28,18,30,25.400000000000002,87,960,1039,1039,87,960,13.030000000000001
2008,2,28,19,30,25.700000000000003,89,966,1037,735,234,855,12.39
2008,2,28,20,30,25.400000000000002,88,890,1014,646,264,775,12.35
2008,2,28,21,30,24.700000000000003,87,744,972,972,87,744,12.86
2008,2,28,22,30,23.5,77,537,898,227,263,379,14.11
2008,2,28,23,30,20.900000000000002,62,295,753,753,62,295,17.330000000000002
2008,3,1,0,30,18.1,26,66,463,463,26,66,20.830000000000002
2008,3,1,1,30,15.9,0,0,0,0,0,0,21.39
2008,3,1,2,30,14.3,0,0,0,0,0,0,23.85
2008,3,1,3,30,12.8,0,0,0,0,0,0,27.080000000000002
2008,3,1,4,30,11.5,0,0,0,0,0,0,30.77
2008,3,1,5,30,10.4,0,0,0,0,0,0,34.01
2008,3,1,6,30,9.600000000000001,0,0,0,0,0,0,36.83
2008,3,1,7,30,9.200000000000001,0,0,0,0,0,0,39.03
2008,3,1,8,30,9.200000000000001,0,0,0,0,0,0,41
2008,3,1,9,30,9.5,0,0,0,0,0,0,42.49
2008,3,1,10,30,9.600000000000001,0,0,0,0,0,0,44.52
2008,3,1,11,30,9.4,0,0,0,0,0,0,47.47
2008,3,1,12,30,9.4,0,0,0,0,0,0,49.74
2008,3,1,13,30,10.8,20,34,269,269,20,34,47.910000000000004
2008,3,1,14,30,14.200000000000001,56,261,730,730,56,261,41.26
2008,3,1,15,30,18.400000000000002,73,506,889,568,214,491,34.230000000000004
2008,3,1,16,30,21.5,83,717,963,963,83,717,25.92
2008,3,1,17,30,23.400000000000002,89,871,1001,1001,89,871,20.97
2008,3,1,18,30,24.700000000000003,93,955,1017,1017,93,955,18.03
2008,3,1,19,30,25.5,93,961,1018,1018,93,961,16.23
2008,3,1,20,30,25.8,91,890,1004,1004,91,890,15.15
2008,3,1,21,30,25.6,87,745,966,607,292,706,14.700000000000001
2008,3,1,22,30,24.8,79,541,893,547,193,476,14.98
2008,3,1,23,30,22.8,64,297,739,104,160,193,17.02
2008,3,2,0,30,20.6,31,61,345,47,45,49,24.6
2008,3,2,1,30,19.200000000000003,0,0,0,0,0,0,25.72
2008,3,2,2,30,17.900000000000002,0,0,0,0,0,0,29.62
2008,3,2,3,30,16.400000000000002,0,0,0,0,0,0,35.33
2008,3,2,4,30,15.3,0,0,0,0,0,0,39.96
2008,3,2,5,30,14.3,0,0,0,0,0,0,43.82
2008,3,2,6,30,13.5,0,0,0,0,0,0,47.06
2008,3,2,7,30,12.700000000000001,0,0,0,0,0,0,49.59
2008,3,2,8,30,11.8,0,0,0,0,0,0,52.01
2008,3,2,9,30,10.700000000000001,0,0,0,0,0,0,55.24
2008,3,2,10,30,10,0,0,0,0,0,0,57.050000000000004
2008,3,2,11,30,9.600000000000001,0,0,0,0,0,0,57.56
2008,3,2,12,30,9.9,0,0,0,0,0,0,54.71
2008,3,2,13,30,12,20,40,364,6,27,27,46.02
2008,3,2,14,30,16,49,281,818,22,158,164,34.08
2008,3,2,15,30,20,61,534,962,123,304,364,19.86
2008,3,2,16,30,22.6,68,749,1028,502,270,602,11.18
2008,3,2,17,30,24.3,71,906,1063,238,484,671,8.75
2008,3,2,18,30,25.400000000000002,78,990,1072,711,254,859,7.76
2008,3,2,19,30,25.900000000000002,76,997,1077,820,271,972,7.45
2008,3,2,20,30,25.8,73,924,1065,651,255,775,7.54
2008,3,2,21,30,24.900000000000002,69,772,1026,698,201,678,8.040000000000001
2008,3,2,22,30,23.200000000000003,60,566,972,972,60,566,9.13
2008,3,2,23,30,20.6,47,319,858,447,121,262,11.35
2008,3,3,0,30,17.6,24,72,525,258,41,65,15.52
2008,3,3,1,30,15.4,0,0,0,0,0,0,20.52
2008,3,3,2,30,13.9,0,0,0,0,0,0,25.080000000000002
2008,3,3,3,30,12.700000000000001,0,0,0,0,0,0,29.97
2008,3,3,4,30,11.5,0,0,0,0,0,0,35.5
2008,3,3,5,30,10.5,0,0,0,0,0,0,40.56
2008,3,3,6,30,9.600000000000001,0,0,0,0,0,0,44.38
2008,3,3,7,30,8.8,0,0,0,0,0,0,45.99
2008,3,3,8,30,8.1,0,0,0,0,0,0,46.44
2008,3,3,9,30,7.5,0,0,0,0,0,0,46.01
2008,3,3,10,30,6.9,0,0,0,0,0,0,44.79
2008,3,3,11,30,6.5,0,0,0,0,0,0,42.08
2008,3,3,12,30,6.6000000000000005,0,0,0,0,0,0,38.6
2008,3,3,13,30,8.9,18,47,483,483,18,47,31.23
2008,3,3,14,30,13.600000000000001,41,294,879,879,41,294,21.56
2008,3,3,15,30,18.3,52,549,1005,1005,52,549,11.25
2008,3,3,16,30,21.200000000000003,57,766,1065,1065,57,766,8.01
2008,3,3,17,30,23.1,61,924,1094,1094,61,924,6.9
2008,3,3,18,30,24.5,64,1010,1107,1107,64,1010,6.140000000000001
2008,3,3,19,30,25.3,64,1016,1108,1108,64,1016,5.59
2008,3,3,20,30,25.5,62,941,1096,1096,62,941,5.28
2008,3,3,21,30,25,58,793,1070,1070,58,793,5.26
2008,3,3,22,30,23.700000000000003,52,583,1017,1017,52,583,5.64
2008,3,3,23,30,20.200000000000003,43,332,905,905,43,332,7.33
2008,3,4,0,30,15.600000000000001,24,76,561,561,24,76,13.07
2008,3,4,1,30,12.4,0,0,0,0,0,0,20.39
2008,3,4,2,30,10.3,0,0,0,0,0,0,27.2
2008,3,4,3,30,8.6,0,0,0,0,0,0,31.810000000000002
2008,3,4,4,30,7,0,0,0,0,0,0,36.04
2008,3,4,5,30,5.4,0,0,0,0,0,0,40.24
2008,3,4,6,30,4.1000000000000005,0,0,0,0,0,0,42.46
2008,3,4,7,30,3.1,0,0,0,0,0,0,43.34
2008,3,4,8,30,2.3000000000000003,0,0,0,0,0,0,43.550000000000004
2008,3,4,9,30,1.6,0,0,0,0,0,0,43.77
2008,3,4,10,30,1,0,0,0,0,0,0,43.550000000000004
2008,3,4,11,30,0.7000000000000001,0,0,0,0,0,0,42.7
2008,3,4,12,30,1.1,0,0,0,0,0,0,40.12
2008,3,4,13,30,3.5,19,50,485,485,19,50,33.68
2008,3,4,14,30,7.5,42,298,880,880,42,298,24.64
2008,3,4,15,30,12.700000000000001,51,553,1006,1006,51,553,18.45
2008,3,4,16,30,18.3,56,763,1054,1054,56,763,12.49
2008,3,4,17,30,22.200000000000003,60,919,1084,1084,60,919,8.540000000000001
2008,3,4,18,30,24,63,997,1089,1089,63,997,7.38
2008,3,4,19,30,24.900000000000002,60,1001,1092,1092,60,1001,6.95
2008,3,4,20,30,24.900000000000002,58,928,1080,1080,58,928,7
2008,3,4,21,30,24.200000000000003,61,778,1040,1040,61,778,7.38
2008,3,4,22,30,22.900000000000002,54,571,986,986,54,571,8.09
2008,3,4,23,30,20.1,42,324,877,877,42,324,9.75
2008,3,5,0,30,16.3,23,77,567,1,39,39,13.370000000000001
2008,3,5,1,30,13.600000000000001,0,0,0,0,0,0,17.55
2008,3,5,2,30,12,0,0,0,0,0,0,20.21
2008,3,5,3,30,10.600000000000001,0,0,0,0,0,0,22.740000000000002
2008,3,5,4,30,9.4,0,0,0,0,0,0,25.25
2008,3,5,5,30,8.6,0,0,0,0,0,0,27.400000000000002
2008,3,5,6,30,7.9,0,0,0,0,0,0,29.55
2008,3,5,7,30,7.300000000000001,0,0,0,0,0,0,30.93
2008,3,5,8,30,6.7,0,0,0,0,0,0,31.39
2008,3,5,9,30,6.2,0,0,0,0,0,0,31.240000000000002
2008,3,5,10,30,5.7,0,0,0,0,0,0,31.07
2008,3,5,11,30,5.1000000000000005,0,0,0,0,0,0,31.39
2008,3,5,12,30,5.7,0,0,0,0,0,0,29.400000000000002
2008,3,5,13,30,9.200000000000001,19,53,514,514,19,53,22.95
2008,3,5,14,30,14.200000000000001,40,302,888,888,40,302,15.98
2008,3,5,15,30,18.1,50,558,1009,1009,50,558,9.38
2008,3,5,16,30,20.400000000000002,56,775,1066,1066,56,775,7.41
2008,3,5,17,30,22.200000000000003,59,932,1097,1097,59,932,6.57
2008,3,5,18,30,23.6,64,1018,1107,1107,64,1018,5.96
2008,3,5,19,30,24.400000000000002,64,1023,1108,1108,64,1023,5.65
2008,3,5,20,30,24.5,63,948,1096,1096,63,948,5.7
2008,3,5,21,30,23.8,56,791,1061,1061,56,791,6.12
2008,3,5,22,30,22.3,51,583,1008,1008,51,583,7.03
2008,3,5,23,30,19.400000000000002,43,333,897,897,43,333,9.08
2008,3,6,0,30,15.5,23,79,581,581,23,79,13.48
2008,3,6,1,30,12.8,0,0,0,0,0,0,18.84
2008,3,6,2,30,11.3,0,0,0,0,0,0,22.41
2008,3,6,3,30,9.9,0,0,0,0,0,0,25.94
2008,3,6,4,30,8.8,0,0,0,0,0,0,28.85
2008,3,6,5,30,7.9,0,0,0,0,0,0,31.55
2008,3,6,6,30,7.2,0,0,0,0,0,0,33.69
2008,3,6,7,30,6.6000000000000005,0,0,0,0,0,0,35.14
2008,3,6,8,30,6,0,0,0,0,0,0,36.28
2008,3,6,9,30,5.5,0,0,0,0,0,0,36.95
2008,3,6,10,30,5.1000000000000005,0,0,0,0,0,0,37.230000000000004
2008,3,6,11,30,4.800000000000001,0,0,0,0,0,0,37.13
2008,3,6,12,30,5.2,0,0,0,0,0,0,35.17
2008,3,6,13,30,7.9,20,55,491,491,20,55,28.46
2008,3,6,14,30,12.700000000000001,44,307,880,880,44,307,19.94
2008,3,6,15,30,16.8,54,563,1004,1004,54,563,13.92
2008,3,6,16,30,19.1,61,780,1062,1062,61,780,11.47
2008,3,6,17,30,20.700000000000003,65,929,1081,1081,65,929,9.57
2008,3,6,18,30,21.700000000000003,65,1013,1096,1096,65,1013,8.31
2008,3,6,19,30,22,66,1018,1096,1096,66,1018,7.67
2008,3,6,20,30,21.700000000000003,67,953,1092,1092,67,953,7.54
2008,3,6,21,30,20.900000000000002,65,803,1062,1062,65,803,7.79
2008,3,6,22,30,19.5,57,592,1009,1009,57,592,8.34
2008,3,6,23,30,17,47,339,896,896,47,339,9.63
2008,3,7,0,30,13.9,26,82,569,569,26,82,12.18
2008,3,7,1,30,11.100000000000001,0,0,0,0,0,0,16.17
2008,3,7,2,30,9,0,0,0,0,0,0,20.55
2008,3,7,3,30,7.5,0,0,0,0,0,0,24.26
2008,3,7,4,30,6.4,0,0,0,0,0,0,27.2
2008,3,7,5,30,5.2,0,0,0,0,0,0,30.11
2008,3,7,6,30,4,0,0,0,0,0,0,33.14
2008,3,7,7,30,3.1,0,0,0,0,0,0,35.51
2008,3,7,8,30,2.4000000000000004,0,0,0,0,0,0,37.660000000000004
2008,3,7,9,30,1.8,0,0,0,0,0,0,39.31
2008,3,7,10,30,1.1,0,0,0,0,0,0,41.22
2008,3,7,11,30,0.30000000000000004,0,0,0,0,0,0,43.47
2008,3,7,12,30,0.7000000000000001,0,0,0,0,0,0,42.12
2008,3,7,13,30,3.5,24,56,448,448,24,56,35.980000000000004
2008,3,7,14,30,7.4,51,308,849,849,51,308,29.61
2008,3,7,15,30,10.8,65,564,979,979,65,564,22.89
2008,3,7,16,30,13.8,73,782,1041,1041,73,782,16.76
2008,3,7,17,30,16.3,78,940,1073,1073,78,940,12.27
2008,3,7,18,30,17.900000000000002,81,1025,1087,1087,81,1025,9.27
2008,3,7,19,30,18.6,82,1030,1087,1087,82,1030,8.16
2008,3,7,20,30,18.3,81,953,1072,1072,81,953,8.17
2008,3,7,21,30,17.400000000000002,75,803,1043,1043,75,803,8.65
2008,3,7,22,30,15.9,66,592,988,988,66,592,9.290000000000001
2008,3,7,23,30,13.3,52,338,873,873,52,338,10.59
2008,3,8,0,30,9.700000000000001,28,84,563,563,28,84,14.27
2008,3,8,1,30,7,0,0,0,0,0,0,19.35
2008,3,8,2,30,5.5,0,0,0,0,0,0,21.64
2008,3,8,3,30,4,0,0,0,0,0,0,24.38
2008,3,8,4,30,2.4000000000000004,0,0,0,0,0,0,27.64
2008,3,8,5,30,1.2000000000000002,0,0,0,0,0,0,30.580000000000002
2008,3,8,6,30,0.4,0,0,0,0,0,0,32.42
2008,3,8,7,30,-0.30000000000000004,0,0,0,0,0,0,34.04
2008,3,8,8,30,-0.8,0,0,0,0,0,0,35.300000000000004
2008,3,8,9,30,-1,0,0,0,0,0,0,35.97
2008,3,8,10,30,-1.2000000000000002,0,0,0,0,0,0,36.63
2008,3,8,11,30,-1.5,0,0,0,0,0,0,37.65
2008,3,8,12,30,-1,0,0,0,0,0,0,37.08
2008,3,8,13,30,2,24,62,496,496,24,62,32.32
2008,3,8,14,30,6.4,49,319,881,881,49,319,24.66
2008,3,8,15,30,10.3,61,570,990,990,61,570,16.9
2008,3,8,16,30,13.8,69,788,1050,1050,69,788,12.74
2008,3,8,17,30,17,74,945,1079,1079,74,945,9.94
2008,3,8,18,30,19.700000000000003,76,1029,1093,1093,76,1029,7.92
2008,3,8,19,30,21.3,76,1034,1094,1094,76,1034,6.98
2008,3,8,20,30,22.1,75,958,1081,1081,75,958,6.63
2008,3,8,21,30,22.3,71,799,1039,1039,71,799,6.640000000000001
2008,3,8,22,30,21.6,64,588,981,981,64,588,7.04
2008,3,8,23,30,18.400000000000002,52,336,863,863,52,336,8.870000000000001
2008,3,9,0,30,13.9,28,81,523,523,28,81,17.26
2008,3,9,1,30,11.4,0,0,0,0,0,0,20.21
2008,3,9,2,30,10.200000000000001,0,0,0,0,0,0,21.23
2008,3,9,3,30,9.4,0,0,0,0,0,0,21.88
2008,3,9,4,30,8.4,0,0,0,0,0,0,23.16
2008,3,9,5,30,7.2,0,0,0,0,0,0,25.13
2008,3,9,6,30,6.2,0,0,0,0,0,0,26.91
2008,3,9,7,30,5.4,0,0,0,0,0,0,28.69
2008,3,9,8,30,4.7,0,0,0,0,0,0,30.54
2008,3,9,9,30,4.1000000000000005,0,0,0,0,0,0,32.58
2008,3,9,10,30,3.6,0,0,0,0,0,0,34.94
2008,3,9,11,30,3.2,0,0,0,0,0,0,37.32
2008,3,9,12,30,3.9000000000000004,0,0,0,0,0,0,36.480000000000004
2008,3,9,13,30,7,24,66,515,515,24,66,29.91
2008,3,9,14,30,11.8,48,324,887,887,48,324,21.31
2008,3,9,15,30,15.8,61,583,1007,1007,61,583,10.92
2008,3,9,16,30,18.6,68,803,1067,1067,68,803,6.49
2008,3,9,17,30,20.8,73,962,1097,1097,73,962,4.82
2008,3,9,18,30,22.3,76,1046,1109,1109,76,1046,4.14
2008,3,9,19,30,23.200000000000003,76,1050,1110,1110,76,1050,3.86
2008,3,9,20,30,23.400000000000002,73,973,1098,1098,73,973,3.85
2008,3,9,21,30,22.900000000000002,69,821,1071,1071,69,821,4.05
2008,3,9,22,30,21.6,61,607,1017,1017,61,607,4.51
2008,3,9,23,30,18.3,49,345,891,891,49,345,5.8500000000000005
2008,3,10,0,30,13.9,27,86,571,571,27,86,10.63
2008,3,10,1,30,11.600000000000001,0,0,0,0,0,0,14.44
2008,3,10,2,30,10.600000000000001,0,0,0,0,0,0,16.75
2008,3,10,3,30,9.3,0,0,0,0,0,0,20.12
2008,3,10,4,30,8,0,0,0,0,0,0,24.240000000000002
2008,3,10,5,30,6.7,0,0,0,0,0,0,28.79
2008,3,10,6,30,5.5,0,0,0,0,0,0,33.25
2008,3,10,7,30,4.4,0,0,0,0,0,0,36.99
2008,3,10,8,30,3.4000000000000004,0,0,0,0,0,0,39.35
2008,3,10,9,30,2.6,0,0,0,0,0,0,39.4
2008,3,10,10,30,1.9000000000000001,0,0,0,0,0,0,37.92
2008,3,10,11,30,1.4000000000000001,0,0,0,0,0,0,35.88
2008,3,10,12,30,2.3000000000000003,0,0,0,0,0,0,31.28
2008,3,10,13,30,5.9,24,68,519,519,24,68,24.18
2008,3,10,14,30,11.200000000000001,48,324,879,879,48,324,16.19
2008,3,10,15,30,15.700000000000001,59,581,999,999,59,581,10.58
2008,3,10,16,30,18.7,66,798,1056,1056,66,798,7.55
2008,3,10,17,30,21,70,954,1086,1086,70,954,5.89
2008,3,10,18,30,22.6,72,1029,1089,1089,72,1029,5.18
2008,3,10,19,30,23.5,72,1032,1089,1089,72,1032,5.03
2008,3,10,20,30,23.900000000000002,70,956,1077,1077,70,956,5.12
2008,3,10,21,30,23.700000000000003,67,806,1048,1048,67,806,5.36
2008,3,10,22,30,22.900000000000002,60,595,994,994,60,595,5.8
2008,3,10,23,30,20,49,343,881,881,49,343,7.28
2008,3,11,0,30,15.9,27,86,561,561,27,86,15.3
2008,3,11,1,30,13.200000000000001,0,0,0,0,0,0,17.03
2008,3,11,2,30,11.200000000000001,0,0,0,0,0,0,19.31
2008,3,11,3,30,9.3,0,0,0,0,0,0,22.41
2008,3,11,4,30,7.800000000000001,0,0,0,0,0,0,25.43
2008,3,11,5,30,6.7,0,0,0,0,0,0,27.490000000000002
2008,3,11,6,30,5.800000000000001,0,0,0,0,0,0,29.22
2008,3,11,7,30,5.1000000000000005,0,0,0,0,0,0,31.79
2008,3,11,8,30,4.800000000000001,0,0,0,0,0,0,38.17
2008,3,11,9,30,4.800000000000001,0,0,0,0,0,0,50.230000000000004
2008,3,11,10,30,5.1000000000000005,0,0,0,0,0,0,64.98
2008,3,11,11,30,5.9,0,0,0,0,0,0,77.62
2008,3,11,12,30,7,0,0,0,0,0,0,85.95
2008,3,11,13,30,9.4,28,63,404,0,21,21,80.21000000000001
2008,3,11,14,30,12.8,54,309,802,802,54,309,63.99
2008,3,11,15,30,17.1,63,559,943,943,63,559,43.77
2008,3,11,16,30,21,70,774,1012,1012,70,774,25.22
2008,3,11,17,30,23.6,74,927,1044,1044,74,927,17.32
2008,3,11,18,30,25.200000000000003,79,1009,1055,1055,79,1009,13.66
2008,3,11,19,30,26.200000000000003,76,1012,1059,1059,76,1012,11.61
2008,3,11,20,30,26.6,72,937,1049,1049,72,937,10.51
2008,3,11,21,30,26.200000000000003,68,789,1019,1019,68,789,10.08
2008,3,11,22,30,25.200000000000003,60,582,964,964,60,582,10.07
2008,3,11,23,30,22.200000000000003,48,334,852,852,48,334,11.620000000000001
2008,3,12,0,30,18.2,27,84,537,27,57,60,19.85
2008,3,12,1,30,15.700000000000001,0,0,0,0,0,0,22.39
2008,3,12,2,30,14,0,0,0,0,0,0,25.8
2008,3,12,3,30,12.3,0,0,0,0,0,0,30.26
2008,3,12,4,30,10.9,0,0,0,0,0,0,34.27
2008,3,12,5,30,10.3,0,0,0,0,0,0,36.44
2008,3,12,6,30,9.9,0,0,0,0,0,0,38.050000000000004
2008,3,12,7,30,9.200000000000001,0,0,0,0,0,0,40.32
2008,3,12,8,30,8.3,0,0,0,0,0,0,42.26
2008,3,12,9,30,7.6000000000000005,0,0,0,0,0,0,42.29
2008,3,12,10,30,7.300000000000001,0,0,0,0,0,0,40.550000000000004
2008,3,12,11,30,7.1000000000000005,0,0,0,0,0,0,38.97
2008,3,12,12,30,7.9,0,0,0,0,0,0,35.35
2008,3,12,13,30,11.100000000000001,24,72,516,1,41,41,29.25
2008,3,12,14,30,15.100000000000001,47,321,851,415,138,272,23.1
2008,3,12,15,30,18.7,59,571,968,234,306,430,21.39
2008,3,12,16,30,21.700000000000003,66,780,1020,288,401,603,19.95
2008,3,12,17,30,23.8,70,933,1050,322,471,735,16.64
2008,3,12,18,30,25,86,1007,1040,1040,86,1007,14.67
2008,3,12,19,30,25.200000000000003,84,1011,1045,706,253,879,13.950000000000001
2008,3,12,20,30,25.3,78,936,1037,537,289,733,13.46
2008,3,12,21,30,25,69,789,1014,694,212,705,13.3
2008,3,12,22,30,23.900000000000002,60,582,962,283,260,414,13.84
2008,3,12,23,30,21.5,48,337,857,857,48,337,15.77
2008,3,13,0,30,18.5,26,87,560,58,60,67,20.03
2008,3,13,1,30,16.3,0,0,0,0,0,0,24.26
2008,3,13,2,30,15.200000000000001,0,0,0,0,0,0,26.13
2008,3,13,3,30,13.9,0,0,0,0,0,0,28.51
2008,3,13,4,30,12.700000000000001,0,0,0,0,0,0,31.470000000000002
2008,3,13,5,30,11.600000000000001,0,0,0,0,0,0,35.17
2008,3,13,6,30,10.5,0,0,0,0,0,0,39.72
2008,3,13,7,30,9.700000000000001,0,0,0,0,0,0,43.29
2008,3,13,8,30,8.8,0,0,0,0,0,0,46.13
2008,3,13,9,30,7.9,0,0,0,0,0,0,48.120000000000005
2008,3,13,10,30,7.1000000000000005,0,0,0,0,0,0,49.22
2008,3,13,11,30,7,0,0,0,0,0,0,48.050000000000004
2008,3,13,12,30,7.800000000000001,0,0,0,0,0,0,44.45
2008,3,13,13,30,10.200000000000001,24,77,551,13,45,46,37.49
2008,3,13,14,30,14.700000000000001,44,330,878,878,44,330,26.93
2008,3,13,15,30,19.1,54,583,991,991,54,583,14.96
2008,3,13,16,30,21.8,61,796,1046,1046,61,796,10.98
2008,3,13,17,30,23.6,64,950,1074,1074,64,950,9.26
2008,3,13,18,30,24.700000000000003,63,1030,1089,1089,63,1030,8.290000000000001
2008,3,13,19,30,25.3,64,1033,1089,1089,64,1033,7.57
2008,3,13,20,30,25.5,62,963,1085,1085,62,963,7.01
2008,3,13,21,30,25.200000000000003,63,814,1054,1054,63,814,6.67
2008,3,13,22,30,24.3,57,603,1000,1000,57,603,6.63
2008,3,13,23,30,21.200000000000003,48,350,890,890,48,350,7.67
2008,3,14,0,30,16.8,27,92,588,588,27,92,14.450000000000001
2008,3,14,1,30,14.200000000000001,0,0,0,0,0,0,17.29
2008,3,14,2,30,13,0,0,0,0,0,0,18.68
2008,3,14,3,30,12,0,0,0,0,0,0,20.740000000000002
2008,3,14,4,30,10.8,0,0,0,0,0,0,24.85
2008,3,14,5,30,9.3,0,0,0,0,0,0,32.230000000000004
2008,3,14,6,30,8.1,0,0,0,0,0,0,42.12
2008,3,14,7,30,7.300000000000001,0,0,0,0,0,0,52.18
2008,3,14,8,30,6.7,0,0,0,0,0,0,59.45
2008,3,14,9,30,6.1000000000000005,0,0,0,0,0,0,63.18
2008,3,14,10,30,5.6000000000000005,0,0,0,0,0,0,63.22
2008,3,14,11,30,5.300000000000001,0,0,0,0,0,0,59.81
2008,3,14,12,30,6.5,0,0,0,0,0,0,49.26
2008,3,14,13,30,10.5,26,81,543,543,26,81,33.730000000000004
2008,3,14,14,30,16.3,49,337,874,874,49,337,20.77
2008,3,14,15,30,21.400000000000002,60,592,991,991,60,592,10.97
2008,3,14,16,30,24.400000000000002,67,807,1046,1046,67,807,6.69
2008,3,14,17,30,25.900000000000002,70,961,1076,1076,70,961,6.1000000000000005
2008,3,14,18,30,27,76,1043,1084,1084,76,1043,5.76
2008,3,14,19,30,27.6,76,1045,1086,1086,76,1045,5.62
2008,3,14,20,30,27.8,73,968,1075,1075,73,968,5.57
2008,3,14,21,30,27.400000000000002,67,817,1049,1049,67,817,5.61
2008,3,14,22,30,26.3,59,605,997,997,59,605,5.87
2008,3,14,23,30,23.200000000000003,48,352,890,890,48,352,7.0200000000000005
2008,3,15,0,30,19.3,27,93,592,592,27,93,13.56
2008,3,15,1,30,17.8,0,0,0,0,0,0,13.97
2008,3,15,2,30,17.6,0,0,0,0,0,0,13.280000000000001
2008,3,15,3,30,16.7,0,0,0,0,0,0,13.82
2008,3,15,4,30,14.4,0,0,0,0,0,0,16.27
2008,3,15,5,30,11.9,0,0,0,0,0,0,20.48
2008,3,15,6,30,10.3,0,0,0,0,0,0,24.310000000000002
2008,3,15,7,30,9.3,0,0,0,0,0,0,28.67
2008,3,15,8,30,8.6,0,0,0,0,0,0,33.18
2008,3,15,9,30,8,0,0,0,0,0,0,36.96
2008,3,15,10,30,7.6000000000000005,0,0,0,0,0,0,38.550000000000004
2008,3,15,11,30,7.2,0,0,0,0,0,0,38.67
2008,3,15,12,30,8.4,0,0,0,0,0,0,33.660000000000004
2008,3,15,13,30,12.600000000000001,25,84,564,564,25,84,25.3
2008,3,15,14,30,18.3,46,339,878,878,46,339,16.59
2008,3,15,15,30,22.900000000000002,56,597,1000,1000,56,597,10.700000000000001
2008,3,15,16,30,25.700000000000003,63,805,1044,1044,63,805,7.58
2008,3,15,17,30,27.1,67,958,1072,1072,67,958,6.83
2008,3,15,18,30,28.200000000000003,68,1039,1086,1086,68,1039,6.36
2008,3,15,19,30,28.900000000000002,69,1041,1085,1085,69,1041,6
2008,3,15,20,30,29.200000000000003,68,964,1072,1072,68,964,5.83
2008,3,15,21,30,28.900000000000002,68,808,1032,1032,68,808,5.91
2008,3,15,22,30,27.900000000000002,61,597,976,976,61,597,6.32
2008,3,15,23,30,24.900000000000002,51,346,863,863,51,346,7.74
2008,3,16,0,30,20.5,28,92,555,555,28,92,13.85
2008,3,16,1,30,17.7,0,0,0,0,0,0,16.66
2008,3,16,2,30,16.400000000000002,0,0,0,0,0,0,17.86
2008,3,16,3,30,15.100000000000001,0,0,0,0,0,0,20.43
2008,3,16,4,30,13.700000000000001,0,0,0,0,0,0,23.93
2008,3,16,5,30,12.4,0,0,0,0,0,0,27.29
2008,3,16,6,30,11.4,0,0,0,0,0,0,29.96
2008,3,16,7,30,10.5,0,0,0,0,0,0,32.56
2008,3,16,8,30,9.8,0,0,0,0,0,0,34.71
2008,3,16,9,30,9.200000000000001,0,0,0,0,0,0,36.230000000000004
2008,3,16,10,30,8.700000000000001,0,0,0,0,0,0,36.800000000000004
2008,3,16,11,30,8.3,0,0,0,0,0,0,36.230000000000004
2008,3,16,12,30,9.5,0,0,0,0,0,0,31.45
2008,3,16,13,30,13.600000000000001,28,85,535,535,28,85,23.41
2008,3,16,14,30,19.200000000000003,51,339,854,854,51,339,14.65
2008,3,16,15,30,23.6,62,591,971,971,62,591,9.48
2008,3,16,16,30,25.900000000000002,69,804,1028,1028,69,804,8.1
2008,3,16,17,30,27.1,73,957,1058,1058,73,957,8
2008,3,16,18,30,27.8,78,1031,1062,1062,78,1031,8.15
2008,3,16,19,30,28.1,76,1033,1065,1065,76,1033,8.44
2008,3,16,20,30,27.5,73,956,1054,1054,73,956,9.040000000000001
2008,3,16,21,30,26.200000000000003,67,806,1028,1028,67,806,9.870000000000001
2008,3,16,22,30,24.200000000000003,60,597,974,639,225,577,11.17
2008,3,16,23,30,21.8,49,347,864,864,49,347,13.27
2008,3,17,0,30,19.1,28,93,562,55,64,70,16.6
2008,3,17,1,30,16.5,0,0,0,0,0,0,21.18
2008,3,17,2,30,14.5,0,0,0,0,0,0,25.75
2008,3,17,3,30,12.9,0,0,0,0,0,0,30.32
2008,3,17,4,30,11.5,0,0,0,0,0,0,35.38
2008,3,17,5,30,10.4,0,0,0,0,0,0,40.02
2008,3,17,6,30,9.9,0,0,0,0,0,0,42.09
2008,3,17,7,30,10,0,0,0,0,0,0,41.14
2008,3,17,8,30,10.200000000000001,0,0,0,0,0,0,39.45
2008,3,17,9,30,10,0,0,0,0,0,0,38.76
2008,3,17,10,30,9.4,0,0,0,0,0,0,39.27
2008,3,17,11,30,8.700000000000001,0,0,0,0,0,0,40.02
2008,3,17,12,30,8.9,0,0,0,0,0,0,38.31
2008,3,17,13,30,11.200000000000001,27,90,561,31,58,61,31.740000000000002
2008,3,17,14,30,15.600000000000001,49,342,858,858,49,342,22.29
2008,3,17,15,30,19.400000000000002,58,591,972,972,58,591,17.8
2008,3,17,16,30,21.8,64,797,1022,1022,64,797,16.66
2008,3,17,17,30,23.400000000000002,67,948,1051,1051,67,948,15.83
2008,3,17,18,30,24.6,67,1022,1060,1060,67,1022,15.39
2008,3,17,19,30,25.1,64,1022,1063,1063,64,1022,15.49
2008,3,17,20,30,24.900000000000002,62,942,1047,1047,62,942,16.38
2008,3,17,21,30,23.900000000000002,64,795,1013,1013,64,795,18.78
2008,3,17,22,30,22.1,57,588,961,961,57,588,23.1
2008,3,17,23,30,19.5,46,342,854,854,46,342,29.93
2008,3,18,0,30,16.5,27,94,569,569,27,94,40.35
2008,3,18,1,30,14.200000000000001,0,0,0,0,0,0,51.96
2008,3,18,2,30,12.3,0,0,0,0,0,0,63.26
2008,3,18,3,30,10.9,0,0,0,0,0,0,71.61
2008,3,18,4,30,9.8,0,0,0,0,0,0,76.55
2008,3,18,5,30,8.9,0,0,0,0,0,0,79.11
2008,3,18,6,30,8.200000000000001,0,0,0,0,0,0,80.85000000000001
2008,3,18,7,30,7.7,0,0,0,0,0,0,81.24
2008,3,18,8,30,7.4,0,0,0,0,0,0,80.32000000000001
2008,3,18,9,30,7.2,0,0,0,0,0,0,79.3
2008,3,18,10,30,6.800000000000001,0,0,0,0,0,0,77.86
2008,3,18,11,30,6.2,0,0,0,0,0,0,77.44
2008,3,18,12,30,5.9,0,0,0,0,0,0,74.32000000000001
2008,3,18,13,30,6.7,29,96,582,582,29,96,65.54
2008,3,18,14,30,8.700000000000001,51,359,891,891,51,359,49.59
2008,3,18,15,30,11.100000000000001,63,615,1000,1000,63,615,32.93
2008,3,18,16,30,13.4,71,831,1054,1054,71,831,20.73
2008,3,18,17,30,15.3,76,997,1096,1096,76,997,13.23
2008,3,18,18,30,16.7,78,1079,1107,1107,78,1079,9.370000000000001
2008,3,18,19,30,17.7,75,1079,1111,1111,75,1079,7.43
2008,3,18,20,30,18.2,72,999,1100,1100,72,999,6.5600000000000005
2008,3,18,21,30,18,68,844,1074,1074,68,844,6.3500000000000005
2008,3,18,22,30,17.1,59,628,1025,1025,59,628,6.63
2008,3,18,23,30,14.700000000000001,49,369,920,920,49,369,8.01
2008,3,19,0,30,11.100000000000001,29,104,629,629,29,104,12.61
2008,3,19,1,30,8.5,0,0,0,0,0,0,17.490000000000002
2008,3,19,2,30,7.1000000000000005,0,0,0,0,0,0,20.31
2008,3,19,3,30,5.9,0,0,0,0,0,0,24.1
2008,3,19,4,30,4.7,0,0,0,0,0,0,28.490000000000002
2008,3,19,5,30,3.7,0,0,0,0,0,0,32.25
2008,3,19,6,30,2.9000000000000004,0,0,0,0,0,0,34.97
2008,3,19,7,30,2.2,0,0,0,0,0,0,37.300000000000004
2008,3,19,8,30,1.6,0,0,0,0,0,0,39.46
2008,3,19,9,30,1.1,0,0,0,0,0,0,41.87
2008,3,19,10,30,0.7000000000000001,0,0,0,0,0,0,44.74
2008,3,19,11,30,0.30000000000000004,0,0,0,0,0,0,48.120000000000005
2008,3,19,12,30,1.6,0,0,0,0,0,0,45.71
2008,3,19,13,30,5.5,30,101,593,593,30,101,36.29
2008,3,19,14,30,9.9,52,364,893,893,52,364,26.560000000000002
2008,3,19,15,30,13.100000000000001,63,620,1003,1003,63,620,18.95
2008,3,19,16,30,15.600000000000001,70,836,1056,1056,70,836,14.85
2008,3,19,17,30,17.8,74,990,1084,1084,74,990,12.05
2008,3,19,18,30,19.6,77,1070,1095,1095,77,1070,9.99
2008,3,19,19,30,20.900000000000002,77,1070,1095,1095,77,1070,8.55
2008,3,19,20,30,21.5,75,990,1083,1083,75,990,7.74
2008,3,19,21,30,21.3,70,837,1057,1057,70,837,7.49
2008,3,19,22,30,20.400000000000002,64,622,1002,1002,64,622,7.640000000000001
2008,3,19,23,30,17.8,52,365,894,894,52,365,8.8
2008,3,20,0,30,13.8,31,102,592,592,31,102,13.6
2008,3,20,1,30,11.100000000000001,0,0,0,0,0,0,15.780000000000001
2008,3,20,2,30,9.8,0,0,0,0,0,0,15.83
2008,3,20,3,30,8.200000000000001,0,0,0,0,0,0,17.150000000000002
2008,3,20,4,30,6.7,0,0,0,0,0,0,18.81
2008,3,20,5,30,5.4,0,0,0,0,0,0,20.79
2008,3,20,6,30,4.3,0,0,0,0,0,0,23.57
2008,3,20,7,30,3.5,0,0,0,0,0,0,27.330000000000002
2008,3,20,8,30,3.1,0,0,0,0,0,0,33.37
2008,3,20,9,30,2.7,0,0,0,0,0,0,43.480000000000004
2008,3,20,10,30,2.3000000000000003,0,0,0,0,0,0,54.45
2008,3,20,11,30,1.7000000000000002,0,0,0,0,0,0,63.120000000000005
2008,3,20,12,30,2.4000000000000004,0,0,0,0,0,0,62.300000000000004
2008,3,20,13,30,5.5,32,102,566,566,32,102,50.09
2008,3,20,14,30,10.100000000000001,55,362,871,871,55,362,34.160000000000004
2008,3,20,15,30,14.8,67,617,982,982,67,617,23.44
2008,3,20,16,30,19.200000000000003,74,831,1038,1038,74,831,15.870000000000001
2008,3,20,17,30,22.5,78,983,1068,1068,78,983,10.85
2008,3,20,18,30,24.3,77,1063,1085,1085,77,1063,8.81
2008,3,20,19,30,25.400000000000002,77,1063,1085,1085,77,1063,7.63
2008,3,20,20,30,25.900000000000002,74,983,1073,1073,74,983,6.95
2008,3,20,21,30,25.8,72,830,1042,1042,72,830,6.69
2008,3,20,22,30,25.1,64,616,988,988,64,616,6.78
2008,3,20,23,30,22.6,53,358,868,868,53,358,7.8
2008,3,21,0,30,18.7,30,100,569,569,30,100,13.97
2008,3,21,1,30,15.700000000000001,0,0,0,0,0,0,15.84
2008,3,21,2,30,14,0,0,0,0,0,0,17.01
2008,3,21,3,30,12.5,0,0,0,0,0,0,18.27
2008,3,21,4,30,11.100000000000001,0,0,0,0,0,0,20
2008,3,21,5,30,9.9,0,0,0,0,0,0,22.35
2008,3,21,6,30,8.700000000000001,0,0,0,0,0,0,25.71
2008,3,21,7,30,7.800000000000001,0,0,0,0,0,0,29.6
2008,3,21,8,30,7.2,0,0,0,0,0,0,33.22
2008,3,21,9,30,6.7,0,0,0,0,0,0,36.1
2008,3,21,10,30,6.5,0,0,0,0,0,0,37.38
2008,3,21,11,30,6.4,0,0,0,0,0,0,37.81
2008,3,21,12,30,7.9,0,0,0,0,0,0,34.29
2008,3,21,13,30,12.3,33,103,555,555,33,103,26.85
2008,3,21,14,30,18,56,361,855,855,56,361,18.73
2008,3,21,15,30,22.6,68,615,971,971,68,615,12.86
2008,3,21,16,30,25.1,75,827,1027,1027,75,827,8.83
2008,3,21,17,30,26.5,79,979,1057,1057,79,979,7.28
2008,3,21,18,30,27.5,83,1057,1068,1068,83,1057,6.4
2008,3,21,19,30,28,82,1057,1069,1069,82,1057,5.86
2008,3,21,20,30,28,79,977,1058,1058,79,977,5.54
2008,3,21,21,30,27.5,72,825,1032,1032,72,825,5.43
2008,3,21,22,30,26.3,65,613,978,978,65,613,5.61
2008,3,21,23,30,23.5,53,359,866,866,53,359,6.46
2008,3,22,0,30,19.3,31,101,562,562,31,101,10.86
2008,3,22,1,30,16.5,0,0,0,0,0,0,12.13
2008,3,22,2,30,14.8,0,0,0,0,0,0,12.69
2008,3,22,3,30,13.100000000000001,0,0,0,0,0,0,13.950000000000001
2008,3,22,4,30,11.8,0,0,0,0,0,0,15.44
2008,3,22,5,30,11.3,0,0,0,0,0,0,16.21
2008,3,22,6,30,11,0,0,0,0,0,0,16.22
2008,3,22,7,30,10,0,0,0,0,0,0,17.16
2008,3,22,8,30,9,0,0,0,0,0,0,18.6
2008,3,22,9,30,8.200000000000001,0,0,0,0,0,0,21.02
2008,3,22,10,30,7.800000000000001,0,0,0,0,0,0,24.580000000000002
2008,3,22,11,30,7.4,0,0,0,0,0,0,28.2
2008,3,22,12,30,8.200000000000001,0,0,0,0,0,0,29.400000000000002
2008,3,22,13,30,11.8,33,107,566,566,33,107,27.04
2008,3,22,14,30,17.1,56,364,854,854,56,364,19.82
2008,3,22,15,30,21.6,68,615,965,965,68,615,13.41
2008,3,22,16,30,24.200000000000003,76,821,1013,1013,76,821,9.91
2008,3,22,17,30,26,82,971,1041,1041,82,971,8.700000000000001
2008,3,22,18,30,27.3,80,1049,1059,1059,80,1049,8.15
2008,3,22,19,30,28,80,1048,1059,1059,80,1048,7.9
2008,3,22,20,30,28.3,79,964,1039,1039,79,964,7.73
2008,3,22,21,30,27.900000000000002,77,812,1005,1005,77,812,7.8100000000000005
2008,3,22,22,30,27,70,601,945,945,70,601,8.11
2008,3,22,23,30,24.8,58,351,826,826,58,351,9.27
2008,3,23,0,30,21.3,33,97,517,517,33,97,15.01
2008,3,23,1,30,18.7,0,0,0,0,0,0,17.54
2008,3,23,2,30,16.900000000000002,0,0,0,0,0,0,20.41
2008,3,23,3,30,15.200000000000001,0,0,0,0,0,0,25.47
2008,3,23,4,30,13.8,0,0,0,0,0,0,30.55
2008,3,23,5,30,12.5,0,0,0,0,0,0,34.46
2008,3,23,6,30,11.5,0,0,0,0,0,0,36.75
2008,3,23,7,30,10.700000000000001,0,0,0,0,0,0,38.1
2008,3,23,8,30,10,0,0,0,0,0,0,38.76
2008,3,23,9,30,9.5,0,0,0,0,0,0,38.43
2008,3,23,10,30,9.3,0,0,0,0,0,0,37.29
2008,3,23,11,30,9.1,0,0,0,0,0,0,36.300000000000004
2008,3,23,12,30,9.8,0,0,0,0,0,0,33.410000000000004
2008,3,23,13,30,13,33,111,575,575,33,111,27
2008,3,23,14,30,17.8,55,369,861,861,55,369,18
2008,3,23,15,30,21.5,67,620,969,969,67,620,11.16
2008,3,23,16,30,23.700000000000003,75,830,1023,1023,75,830,9.14
2008,3,23,17,30,25.3,80,986,1058,1058,80,986,8.01
2008,3,23,18,30,26.5,84,1064,1068,1068,84,1064,7.26
2008,3,23,19,30,27.200000000000003,83,1063,1069,1069,83,1063,6.82
2008,3,23,20,30,27.3,80,976,1049,1049,80,976,6.69
2008,3,23,21,30,26.900000000000002,75,824,1021,1021,75,824,6.9
2008,3,23,22,30,25.6,68,608,957,957,68,608,7.82
2008,3,23,23,30,23,57,355,836,836,57,355,10.48
2008,3,24,0,30,19.200000000000003,34,98,505,505,34,98,18.04
2008,3,24,1,30,15.9,0,0,0,0,0,0,30.3
2008,3,24,2,30,13.9,0,0,0,0,0,0,45.34
2008,3,24,3,30,12.600000000000001,0,0,0,0,0,0,59
2008,3,24,4,30,12,0,0,0,0,0,0,64.39
2008,3,24,5,30,11.4,0,0,0,0,0,0,67.26
2008,3,24,6,30,10.8,0,0,0,0,0,0,70.4
2008,3,24,7,30,10.4,0,0,0,0,0,0,73.60000000000001
2008,3,24,8,30,10.100000000000001,0,0,0,0,0,0,76.10000000000001
2008,3,24,9,30,9.9,0,0,0,0,0,0,77.99
2008,3,24,10,30,9.8,0,0,0,0,0,0,79.83
2008,3,24,11,30,9.600000000000001,0,0,0,0,0,0,82.33
2008,3,24,12,30,9.700000000000001,0,0,0,0,0,0,82.59
2008,3,24,13,30,11,39,105,476,476,39,105,74.08
2008,3,24,14,30,13.3,65,356,790,0,126,126,59.1
2008,3,24,15,30,16.1,76,603,918,11,264,270,46.52
2008,3,24,16,30,19,82,814,986,986,82,814,36.730000000000004
2008,3,24,17,30,21.6,85,961,1018,1018,85,961,29.27
2008,3,24,18,30,23.5,87,1037,1032,1032,87,1037,24.02
2008,3,24,19,30,24.700000000000003,88,1036,1032,1032,88,1036,20.8
2008,3,24,20,30,25.200000000000003,87,953,1012,28,442,466,19.14
2008,3,24,21,30,25.1,84,799,972,972,84,799,18.47
2008,3,24,22,30,24.3,79,589,902,204,279,395,18.94
2008,3,24,23,30,22.5,69,339,755,409,147,293,21.2
2008,3,25,0,30,19.900000000000002,41,92,399,171,66,88,26.85
2008,3,25,1,30,18.1,0,0,0,0,0,0,32.28
2008,3,25,2,30,17.2,0,0,0,0,0,0,36.36
2008,3,25,3,30,15.8,0,0,0,0,0,0,42.62
2008,3,25,4,30,14.100000000000001,0,0,0,0,0,0,50.09
2008,3,25,5,30,12.600000000000001,0,0,0,0,0,0,56.92
2008,3,25,6,30,11.5,0,0,0,0,0,0,61.940000000000005
2008,3,25,7,30,10.5,0,0,0,0,0,0,66.57000000000001
2008,3,25,8,30,9.700000000000001,0,0,0,0,0,0,70.76
2008,3,25,9,30,9,0,0,0,0,0,0,74.7
2008,3,25,10,30,8.5,0,0,0,0,0,0,77.74
2008,3,25,11,30,8.200000000000001,0,0,0,0,0,0,79.72
2008,3,25,12,30,8.8,0,0,0,0,0,0,76.5
2008,3,25,13,30,11.700000000000001,37,113,529,529,37,113,63.15
2008,3,25,14,30,16.400000000000002,60,368,828,828,60,368,44.410000000000004
2008,3,25,15,30,20.6,71,617,944,944,71,617,28.12
2008,3,25,16,30,23.3,78,825,1001,729,268,812,21.25
2008,3,25,17,30,25.200000000000003,82,973,1032,1032,82,973,17.72
2008,3,25,18,30,26.5,91,1043,1031,1031,91,1043,15.64
2008,3,25,19,30,27.3,91,1041,1031,1031,91,1041,14.530000000000001
2008,3,25,20,30,27.6,88,958,1013,82,469,539,14.06
2008,3,25,21,30,27.400000000000002,78,808,990,990,78,808,14
2008,3,25,22,30,26.700000000000003,71,596,926,331,259,446,14.3
2008,3,25,23,30,24.700000000000003,60,349,804,539,134,328,15.950000000000001
2008,3,26,0,30,21.700000000000003,35,99,494,11,58,60,20.54
2008,3,26,1,30,19.700000000000003,0,0,0,0,0,0,24.330000000000002
2008,3,26,2,30,18.900000000000002,0,0,0,0,0,0,26.23
2008,3,26,3,30,17.7,0,0,0,0,0,0,30.5
2008,3,26,4,30,16.2,0,0,0,0,0,0,37.5
2008,3,26,5,30,14.9,0,0,0,0,0,0,45.14
2008,3,26,6,30,13.9,0,0,0,0,0,0,51.52
2008,3,26,7,30,13.100000000000001,0,0,0,0,0,0,56.160000000000004
2008,3,26,8,30,12.3,0,0,0,0,0,0,60.34
2008,3,26,9,30,11.700000000000001,0,0,0,0,0,0,63.72
2008,3,26,10,30,11.5,0,0,0,0,0,0,65.58
2008,3,26,11,30,11.3,0,0,0,0,0,0,67.52
2008,3,26,12,30,11.5,0,0,0,0,0,0,67.87
2008,3,26,13,30,13.700000000000001,37,114,523,523,37,114,59.88
2008,3,26,14,30,17.7,61,363,802,802,61,363,44.480000000000004
2008,3,26,15,30,21.700000000000003,74,608,919,919,74,608,31.3
2008,3,26,16,30,24.700000000000003,81,812,977,977,81,812,24.560000000000002
2008,3,26,17,30,26.700000000000003,86,961,1011,1011,86,961,21.14
2008,3,26,18,30,28.1,89,1035,1021,1021,89,1035,18.7
2008,3,26,19,30,29,88,1033,1023,1023,88,1033,16.75
2008,3,26,20,30,29.400000000000002,86,954,1009,1009,86,954,15.36
2008,3,26,21,30,29.3,88,801,965,965,88,801,14.58
2008,3,26,22,30,28.6,82,589,892,892,82,589,14.52
2008,3,26,23,30,26.700000000000003,69,342,755,755,69,342,15.68
2008,3,27,0,30,23.700000000000003,40,96,426,36,71,75,19.37
2008,3,27,1,30,21.3,0,0,0,0,0,0,22.7
2008,3,27,2,30,19.8,0,0,0,0,0,0,24.64
2008,3,27,3,30,18.2,0,0,0,0,0,0,27.79
2008,3,27,4,30,16.6,0,0,0,0,0,0,31.26
2008,3,27,5,30,15.100000000000001,0,0,0,0,0,0,34.61
2008,3,27,6,30,14,0,0,0,0,0,0,37.19
2008,3,27,7,30,13.100000000000001,0,0,0,0,0,0,39.4
2008,3,27,8,30,12.200000000000001,0,0,0,0,0,0,41.410000000000004
2008,3,27,9,30,11.4,0,0,0,0,0,0,42.78
2008,3,27,10,30,10.700000000000001,0,0,0,0,0,0,43.17
2008,3,27,11,30,10.200000000000001,0,0,0,0,0,0,42.31
2008,3,27,12,30,11.200000000000001,0,0,0,0,0,0,37.09
2008,3,27,13,30,14.8,36,123,582,582,36,123,27.38
2008,3,27,14,30,19.8,57,379,847,847,57,379,17.86
2008,3,27,15,30,24,69,626,953,953,69,626,12.9
2008,3,27,16,30,26.5,75,836,1012,1012,75,836,11.91
2008,3,27,17,30,28.3,78,984,1043,1043,78,984,10.51
2008,3,27,18,30,29.6,77,1060,1058,1058,77,1060,8.93
2008,3,27,19,30,30.3,75,1062,1065,1065,75,1062,7.72
2008,3,27,20,30,30.5,72,980,1053,1053,72,980,6.92
2008,3,27,21,30,30.1,70,827,1022,1022,70,827,6.58
2008,3,27,22,30,29,63,616,970,970,63,616,6.65
2008,3,27,23,30,26.6,52,365,864,524,157,347,7.45
2008,3,28,0,30,22.5,31,109,588,0,14,14,10.21
2008,3,28,1,30,19.5,0,0,0,0,0,0,13.59
2008,3,28,2,30,18.1,0,0,0,0,0,0,15.22
2008,3,28,3,30,16.3,0,0,0,0,0,0,17.830000000000002
2008,3,28,4,30,14.8,0,0,0,0,0,0,20.400000000000002
2008,3,28,5,30,13.600000000000001,0,0,0,0,0,0,22.990000000000002
2008,3,28,6,30,12.700000000000001,0,0,0,0,0,0,25.61
2008,3,28,7,30,12.200000000000001,0,0,0,0,0,0,27.46
2008,3,28,8,30,12.200000000000001,0,0,0,0,0,0,27.82
2008,3,28,9,30,12.100000000000001,0,0,0,0,0,0,27.740000000000002
2008,3,28,10,30,12,0,0,0,0,0,0,27.21
2008,3,28,11,30,11.600000000000001,0,0,0,0,0,0,26.89
2008,3,28,12,30,12.200000000000001,0,0,0,0,0,0,24.77
2008,3,28,13,30,15.4,35,130,622,36,80,85,19.59
2008,3,28,14,30,19.700000000000003,56,388,867,74,227,256,13.950000000000001
2008,3,28,15,30,23.400000000000002,67,634,964,539,209,526,10.120000000000001
2008,3,28,16,30,26,74,841,1017,740,267,826,8.26
2008,3,28,17,30,28,77,988,1044,567,319,814,7.1000000000000005
2008,3,28,18,30,29.400000000000002,87,1061,1045,711,263,925,6.47
2008,3,28,19,30,30,87,1058,1046,1046,87,1058,6.24
2008,3,28,20,30,29.900000000000002,85,976,1031,718,239,859,6.18
2008,3,28,21,30,29,83,822,996,658,229,717,6.23
2008,3,28,22,30,27.700000000000003,74,614,943,627,194,552,6.32
2008,3,28,23,30,25.6,60,363,832,565,125,331,6.86
2008,3,29,0,30,22.6,35,107,543,17,62,65,8.76
2008,3,29,1,30,20.200000000000003,0,0,0,0,0,0,11.22
2008,3,29,2,30,18.900000000000002,0,0,0,0,0,0,12.59
2008,3,29,3,30,17.7,0,0,0,0,0,0,14.27
2008,3,29,4,30,16.5,0,0,0,0,0,0,16.37
2008,3,29,5,30,15.3,0,0,0,0,0,0,18.71
2008,3,29,6,30,14.100000000000001,0,0,0,0,0,0,21.23
2008,3,29,7,30,13.100000000000001,0,0,0,0,0,0,23.41
2008,3,29,8,30,12.200000000000001,0,0,0,0,0,0,25.36
2008,3,29,9,30,11.200000000000001,0,0,0,0,0,0,27.46
2008,3,29,10,30,10.700000000000001,0,0,0,0,0,0,28.44
2008,3,29,11,30,10.5,0,0,0,0,0,0,28.830000000000002
2008,3,29,12,30,11.700000000000001,0,0,0,0,0,0,26.400000000000002
2008,3,29,13,30,15.100000000000001,35,137,644,133,83,104,20.95
2008,3,29,14,30,19.6,54,399,891,546,169,380,14.25
2008,3,29,15,30,23.6,65,650,989,989,65,650,9.25
2008,3,29,16,30,26.200000000000003,71,859,1039,1039,71,859,7.86
2008,3,29,17,30,28,74,1007,1066,1066,74,1007,6.8
2008,3,29,18,30,29.3,73,1082,1081,1081,73,1082,5.94
2008,3,29,19,30,29.900000000000002,70,1078,1083,1083,70,1078,5.36
2008,3,29,20,30,29.900000000000002,65,995,1074,1074,65,995,5
2008,3,29,21,30,29.400000000000002,64,841,1044,1044,64,841,4.91
2008,3,29,22,30,28.200000000000003,56,628,998,998,56,628,5.05
2008,3,29,23,30,25.700000000000003,45,375,903,903,45,375,5.7
2008,3,30,0,30,21.400000000000002,28,115,647,647,28,115,8.15
2008,3,30,1,30,18.1,0,0,0,0,0,0,11.790000000000001
2008,3,30,2,30,16.8,0,0,0,0,0,0,13.57
2008,3,30,3,30,15.4,0,0,0,0,0,0,16.06
2008,3,30,4,30,14.100000000000001,0,0,0,0,0,0,19.2
2008,3,30,5,30,12.8,0,0,0,0,0,0,23.01
2008,3,30,6,30,11.700000000000001,0,0,0,0,0,0,26.66
2008,3,30,7,30,10.8,0,0,0,0,0,0,29.53
2008,3,30,8,30,10,0,0,0,0,0,0,31.43
2008,3,30,9,30,9.4,0,0,0,0,0,0,32.11
2008,3,30,10,30,8.8,0,0,0,0,0,0,32.19
2008,3,30,11,30,8.3,0,0,0,0,0,0,31.51
2008,3,30,12,30,9.8,0,0,0,0,0,0,26.43
2008,3,30,13,30,13.9,31,145,702,702,31,145,19.19
2008,3,30,14,30,19.3,46,408,926,926,46,408,11.75
2008,3,30,15,30,23.900000000000002,54,659,1017,1017,54,659,5.33
2008,3,30,16,30,26.6,59,868,1061,1061,59,868,4.0600000000000005
2008,3,30,17,30,28.6,63,1015,1085,1085,63,1015,3.5500000000000003
2008,3,30,18,30,30,69,1091,1092,1092,69,1091,3.2600000000000002
2008,3,30,19,30,30.8,68,1087,1092,1092,68,1087,3.11
2008,3,30,20,30,31,66,1003,1081,1081,66,1003,3.08
2008,3,30,21,30,30.6,60,848,1057,1057,60,848,3.16
2008,3,30,22,30,29.400000000000002,55,634,1008,1008,55,634,3.38
2008,3,30,23,30,26.6,47,380,907,907,47,380,4.05
2008,3,31,0,30,22.1,30,118,647,647,30,118,6.23
2008,3,31,1,30,18.900000000000002,0,0,0,0,0,0,9.32
2008,3,31,2,30,17.3,0,0,0,0,0,0,11.43
2008,3,31,3,30,15.600000000000001,0,0,0,0,0,0,14
2008,3,31,4,30,14.3,0,0,0,0,0,0,16.37
2008,3,31,5,30,13.200000000000001,0,0,0,0,0,0,19.07
2008,3,31,6,30,12.3,0,0,0,0,0,0,22.19
2008,3,31,7,30,11.3,0,0,0,0,0,0,26.05
2008,3,31,8,30,10.4,0,0,0,0,0,0,29.76
2008,3,31,9,30,9.700000000000001,0,0,0,0,0,0,32.21
2008,3,31,10,30,9.1,0,0,0,0,0,0,33.15
2008,3,31,11,30,8.6,0,0,0,0,0,0,32.34
2008,3,31,12,30,10.3,0,0,0,0,0,0,26.060000000000002
2008,3,31,13,30,14.700000000000001,29,148,719,719,29,148,17.53
2008,3,31,14,30,20.200000000000003,42,411,936,936,42,411,10.14
2008,3,31,15,30,24.700000000000003,49,661,1022,1022,49,661,4.18
2008,3,31,16,30,27.5,54,869,1066,1066,54,869,3
2008,3,31,17,30,29.5,57,1009,1081,1081,57,1009,2.89
2008,3,31,18,30,30.900000000000002,58,1082,1091,1091,58,1082,3.0100000000000002
2008,3,31,19,30,31.8,58,1078,1091,1091,58,1078,3.19
2008,3,31,20,30,32.2,58,996,1078,1078,58,996,3.38
2008,3,31,21,30,31.8,66,845,1042,558,268,684,3.65
2008,3,31,22,30,30.8,61,631,990,346,254,454,4.01
2008,3,31,23,30,28,51,377,886,550,134,336,4.8500000000000005
2008,4,1,0,30,23.3,32,116,608,199,68,95,7.8100000000000005
2008,4,1,1,30,20,0,0,0,0,0,0,10.39
2008,4,1,2,30,18.400000000000002,0,0,0,0,0,0,11.48
2008,4,1,3,30,16.8,0,0,0,0,0,0,13.34
2008,4,1,4,30,15.600000000000001,0,0,0,0,0,0,15.25
2008,4,1,5,30,14.700000000000001,0,0,0,0,0,0,16.72
2008,4,1,6,30,14,0,0,0,0,0,0,17.85
2008,4,1,7,30,13.4,0,0,0,0,0,0,18.79
2008,4,1,8,30,12.8,0,0,0,0,0,0,19.57
2008,4,1,9,30,12.5,0,0,0,0,0,0,19.81
2008,4,1,10,30,12.4,0,0,0,0,0,0,19.6
2008,4,1,11,30,12.4,0,0,0,0,0,0,19.05
2008,4,1,12,30,13.700000000000001,0,0,0,0,0,0,17.09
2008,4,1,13,30,17.5,35,147,662,662,35,147,14.98
2008,4,1,14,30,22.6,52,406,891,891,52,406,9.72
2008,4,1,15,30,26.6,62,653,983,983,62,653,7.8
2008,4,1,16,30,28.900000000000002,68,859,1030,1030,68,859,6.88
2008,4,1,17,30,30.5,71,1004,1056,1056,71,1004,6.25
2008,4,1,18,30,31.700000000000003,78,1077,1061,1061,78,1077,5.84
2008,4,1,19,30,32.4,77,1072,1061,1061,77,1072,5.59
2008,4,1,20,30,32.6,74,989,1050,1050,74,989,5.49
2008,4,1,21,30,32.4,70,835,1022,1022,70,835,5.51
2008,4,1,22,30,31.5,63,620,964,964,63,620,5.74
2008,4,1,23,30,29.200000000000003,52,370,859,859,52,370,6.5200000000000005
2008,4,2,0,30,25.1,32,115,590,590,32,115,11.26
2008,4,2,1,30,21.900000000000002,0,0,0,0,0,0,13.3
2008,4,2,2,30,20.6,0,0,0,0,0,0,14.370000000000001
2008,4,2,3,30,19,0,0,0,0,0,0,16.1
2008,4,2,4,30,17.6,0,0,0,0,0,0,18.88
2008,4,2,5,30,17,0,0,0,0,0,0,21.94
2008,4,2,6,30,16.5,0,0,0,0,0,0,24.87
2008,4,2,7,30,16.1,0,0,0,0,0,0,27.38
2008,4,2,8,30,15.600000000000001,0,0,0,0,0,0,30.88
2008,4,2,9,30,15,0,0,0,0,0,0,35.02
2008,4,2,10,30,14.5,0,0,0,0,0,0,38.53
2008,4,2,11,30,14.100000000000001,0,0,0,0,0,0,40.26
2008,4,2,12,30,14.600000000000001,0,0,0,0,0,0,37.99
2008,4,2,13,30,16.900000000000002,40,143,592,21,92,96,32.04
2008,4,2,14,30,20.700000000000003,62,397,835,835,62,397,28.91
2008,4,2,15,30,25.200000000000003,73,641,938,938,73,641,23.21
2008,4,2,16,30,28.8,80,844,991,991,80,844,15.05
2008,4,2,17,30,30.8,85,987,1020,1020,85,987,11.65
2008,4,2,18,30,32.1,90,1058,1026,1026,90,1058,9.91
2008,4,2,19,30,32.800000000000004,90,1057,1030,1030,90,1057,8.83
2008,4,2,20,30,33,88,975,1016,800,253,951,8.15
2008,4,2,21,30,32.7,90,818,971,971,90,818,7.82
2008,4,2,22,30,31.8,80,608,913,913,80,608,7.930000000000001
2008,4,2,23,30,29.900000000000002,65,361,798,798,65,361,8.64
2008,4,3,0,30,26.900000000000002,38,109,506,506,38,109,12.58
2008,4,3,1,30,24.1,0,0,0,0,0,0,14.91
2008,4,3,2,30,22.1,0,0,0,0,0,0,17.740000000000002
2008,4,3,3,30,20.200000000000003,0,0,0,0,0,0,20.48
2008,4,3,4,30,18.3,0,0,0,0,0,0,23.71
2008,4,3,5,30,16.7,0,0,0,0,0,0,25.27
2008,4,3,6,30,15.3,0,0,0,0,0,0,25.64
2008,4,3,7,30,14.100000000000001,0,0,0,0,0,0,25.82
2008,4,3,8,30,13.200000000000001,0,0,0,0,0,0,25.830000000000002
2008,4,3,9,30,12.600000000000001,0,0,0,0,0,0,25.73
2008,4,3,10,30,12.100000000000001,0,0,0,0,0,0,25.580000000000002
2008,4,3,11,30,11.700000000000001,0,0,0,0,0,0,25.3
2008,4,3,12,30,13.4,0,0,0,0,0,0,21.61
2008,4,3,13,30,17.8,41,152,631,631,41,152,16.44
2008,4,3,14,30,22.900000000000002,61,413,870,870,61,413,10.56
2008,4,3,15,30,26.900000000000002,71,662,970,970,71,662,6.48
2008,4,3,16,30,29.200000000000003,77,863,1016,1016,77,863,5.66
2008,4,3,17,30,30.700000000000003,81,1007,1043,1043,81,1007,5.68
2008,4,3,18,30,31.700000000000003,90,1078,1046,1046,90,1078,5.89
2008,4,3,19,30,32.300000000000004,90,1067,1039,1039,90,1067,6.13
2008,4,3,20,30,32.5,89,979,1018,1018,89,979,6.36
2008,4,3,21,30,32.2,85,825,984,984,85,825,6.67
2008,4,3,22,30,31.1,80,609,911,911,80,609,7.26
2008,4,3,23,30,28.900000000000002,68,360,782,782,68,360,8.44
2008,4,4,0,30,25.8,39,109,491,491,39,109,10.64
2008,4,4,1,30,23.1,0,0,0,0,0,0,13.23
2008,4,4,2,30,20.900000000000002,0,0,0,0,0,0,15.52
2008,4,4,3,30,19,0,0,0,0,0,0,17.53
2008,4,4,4,30,17.6,0,0,0,0,0,0,18.5
2008,4,4,5,30,16.900000000000002,0,0,0,0,0,0,18.32
2008,4,4,6,30,16.8,0,0,0,0,0,0,17.3
2008,4,4,7,30,16.5,0,0,0,0,0,0,16.44
2008,4,4,8,30,16,0,0,0,0,0,0,15.58
2008,4,4,9,30,15.4,0,0,0,0,0,0,14.700000000000001
2008,4,4,10,30,14.5,0,0,0,0,0,0,14.52
2008,4,4,11,30,13.200000000000001,0,0,0,0,0,0,15.3
2008,4,4,12,30,13.600000000000001,0,0,0,0,0,0,14.74
2008,4,4,13,30,16.7,41,157,645,119,98,119,11.9
2008,4,4,14,30,20.3,62,416,865,865,62,416,7.76
2008,4,4,15,30,22.900000000000002,74,664,965,652,250,649,6.13
2008,4,4,16,30,25.200000000000003,81,869,1016,752,273,856,5.5200000000000005
2008,4,4,17,30,27.200000000000003,85,1014,1044,672,275,874,5.07
2008,4,4,18,30,28.6,88,1086,1053,1053,88,1086,4.88
2008,4,4,19,30,29.3,90,1079,1050,1050,90,1079,4.86
2008,4,4,20,30,29.900000000000002,86,995,1038,1038,86,995,4.8
2008,4,4,21,30,30.1,78,841,1013,1013,78,841,4.75
2008,4,4,22,30,29.5,69,628,961,961,69,628,4.82
2008,4,4,23,30,27.400000000000002,57,376,853,853,57,376,5.37
2008,4,5,0,30,23.200000000000003,35,118,579,579,35,118,7.3500000000000005
2008,4,5,1,30,19.400000000000002,0,0,0,0,0,0,10.48
2008,4,5,2,30,17.1,0,0,0,0,0,0,13.290000000000001
2008,4,5,3,30,15.200000000000001,0,0,0,0,0,0,16.2
2008,4,5,4,30,13.600000000000001,0,0,0,0,0,0,18.21
2008,4,5,5,30,12.3,0,0,0,0,0,0,18.900000000000002
2008,4,5,6,30,11.100000000000001,0,0,0,0,0,0,19.06
2008,4,5,7,30,10.100000000000001,0,0,0,0,0,0,18.8
2008,4,5,8,30,9.1,0,0,0,0,0,0,18.51
2008,4,5,9,30,8.3,0,0,0,0,0,0,18.37
2008,4,5,10,30,7.7,0,0,0,0,0,0,18.73
2008,4,5,11,30,7.2,0,0,0,0,0,0,19.52
2008,4,5,12,30,8.6,0,0,0,0,0,0,17.93
2008,4,5,13,30,12.4,40,167,693,693,40,167,14.65
2008,4,5,14,30,17.6,58,434,914,914,58,434,10.25
2008,4,5,15,30,22.200000000000003,68,687,1007,1007,68,687,6.18
2008,4,5,16,30,25.1,74,895,1055,1055,74,895,4.03
2008,4,5,17,30,27.200000000000003,77,1042,1080,1080,77,1042,3.0300000000000002
2008,4,5,18,30,28.6,78,1114,1092,1092,78,1114,2.62
2008,4,5,19,30,29.5,77,1108,1091,1091,77,1108,2.46
2008,4,5,20,30,29.6,74,1022,1080,1080,74,1022,2.47
2008,4,5,21,30,29.1,71,865,1051,1051,71,865,2.62
2008,4,5,22,30,27.8,64,648,1002,1002,64,648,2.96
2008,4,5,23,30,25.5,54,391,899,899,54,391,3.7
2008,4,6,0,30,21.5,34,126,636,636,34,126,5.5600000000000005
2008,4,6,1,30,18.1,0,0,0,0,0,0,9.02
2008,4,6,2,30,16.400000000000002,0,0,0,0,0,0,12.46
2008,4,6,3,30,14.700000000000001,0,0,0,0,0,0,16.95
2008,4,6,4,30,13.100000000000001,0,0,0,0,0,0,22.2
2008,4,6,5,30,11.700000000000001,0,0,0,0,0,0,27.66
2008,4,6,6,30,10.4,0,0,0,0,0,0,33.2
2008,4,6,7,30,9.3,0,0,0,0,0,0,38.28
2008,4,6,8,30,8.4,0,0,0,0,0,0,42.21
2008,4,6,9,30,7.6000000000000005,0,0,0,0,0,0,44.34
2008,4,6,10,30,7,0,0,0,0,0,0,44.27
2008,4,6,11,30,6.5,0,0,0,0,0,0,42.17
2008,4,6,12,30,8.1,0,0,0,0,0,0,33.5
2008,4,6,13,30,12.200000000000001,41,171,693,693,41,171,22.17
2008,4,6,14,30,17.5,60,438,911,911,60,438,13.33
2008,4,6,15,30,21.900000000000002,70,690,1003,1003,70,690,5.88
2008,4,6,16,30,24.6,77,898,1049,1049,77,898,4.3
2008,4,6,17,30,26.700000000000003,81,1044,1075,1075,81,1044,3.5300000000000002
2008,4,6,18,30,28.200000000000003,84,1115,1083,1083,84,1115,3.08
2008,4,6,19,30,29.1,84,1122,1097,1097,84,1122,2.82
2008,4,6,20,30,29.400000000000002,80,1035,1085,1085,80,1035,2.68
2008,4,6,21,30,29.1,74,866,1048,1048,74,866,2.65
2008,4,6,22,30,28.1,66,649,997,997,66,649,2.7800000000000002
2008,4,6,23,30,25.6,55,392,893,893,55,392,3.31
2008,4,7,0,30,21.200000000000003,35,127,628,628,35,127,6.67
2008,4,7,1,30,17.7,0,0,0,0,0,0,9.85
2008,4,7,2,30,16.1,0,0,0,0,0,0,11.63
2008,4,7,3,30,15.3,0,0,0,0,0,0,12.5
2008,4,7,4,30,14.9,0,0,0,0,0,0,12.67
2008,4,7,5,30,14.4,0,0,0,0,0,0,12.99
2008,4,7,6,30,13.600000000000001,0,0,0,0,0,0,13.790000000000001
2008,4,7,7,30,12.8,0,0,0,0,0,0,14.69
2008,4,7,8,30,12,0,0,0,0,0,0,15.73
2008,4,7,9,30,11.4,0,0,0,0,0,0,16.63
2008,4,7,10,30,11,0,0,0,0,0,0,17.23
2008,4,7,11,30,10.600000000000001,0,0,0,0,0,0,17.81
2008,4,7,12,30,11.5,0,0,0,0,0,0,16.95
2008,4,7,13,30,14.9,40,175,709,709,40,175,14.97
2008,4,7,14,30,19.700000000000003,58,442,919,919,58,442,10.19
2008,4,7,15,30,23.6,68,694,1008,1008,68,694,7.32
2008,4,7,16,30,25.8,75,901,1053,1053,75,901,5.93
2008,4,7,17,30,27.5,78,1046,1078,1078,78,1046,4.99
2008,4,7,18,30,28.8,76,1118,1093,1093,76,1118,4.38
2008,4,7,19,30,29.6,76,1111,1092,1092,76,1111,3.99
2008,4,7,20,30,30,74,1016,1070,1070,74,1016,3.73
2008,4,7,21,30,29.900000000000002,73,859,1037,1037,73,859,3.61
2008,4,7,22,30,29.200000000000003,66,644,986,986,66,644,3.63
2008,4,7,23,30,27.400000000000002,54,389,887,887,54,389,3.95
2008,4,8,0,30,24.6,34,127,631,631,34,127,6.87
2008,4,8,1,30,21.700000000000003,0,0,0,0,0,0,7.96
2008,4,8,2,30,19.3,0,0,0,0,0,0,9.55
2008,4,8,3,30,17.1,0,0,0,0,0,0,12.4
2008,4,8,4,30,15,0,0,0,0,0,0,18.77
2008,4,8,5,30,13.600000000000001,0,0,0,0,0,0,26.8
2008,4,8,6,30,12.4,0,0,0,0,0,0,32.74
2008,4,8,7,30,11.3,0,0,0,0,0,0,35.52
2008,4,8,8,30,10.3,0,0,0,0,0,0,36.2
2008,4,8,9,30,9.5,0,0,0,0,0,0,35.34
2008,4,8,10,30,8.8,0,0,0,0,0,0,33.69
2008,4,8,11,30,8.3,0,0,0,0,0,0,31.78
2008,4,8,12,30,10.200000000000001,0,0,0,0,0,0,25.69
2008,4,8,13,30,14.700000000000001,39,178,713,713,39,178,17.98
2008,4,8,14,30,19.200000000000003,56,442,916,916,56,442,11.69
2008,4,8,15,30,22.6,66,691,1003,1003,66,691,8.27
2008,4,8,16,30,25.200000000000003,71,896,1048,1048,71,896,6.8100000000000005
2008,4,8,17,30,27.3,74,1032,1064,1064,74,1032,5.71
2008,4,8,18,30,28.900000000000002,79,1103,1071,1071,79,1103,4.95
2008,4,8,19,30,29.8,77,1095,1072,1072,77,1095,4.59
2008,4,8,20,30,30.3,75,1010,1059,1059,75,1010,4.43
2008,4,8,21,30,30.200000000000003,70,854,1034,1034,70,854,4.42
2008,4,8,22,30,29.6,62,640,985,985,62,640,4.53
2008,4,8,23,30,27.700000000000003,51,388,888,888,51,388,5.03
2008,4,9,0,30,24.400000000000002,32,127,630,630,32,127,8.5
2008,4,9,1,30,21.700000000000003,0,0,0,0,0,0,9.92
2008,4,9,2,30,19.700000000000003,0,0,0,0,0,0,11.47
2008,4,9,3,30,17.400000000000002,0,0,0,0,0,0,15.07
2008,4,9,4,30,15.3,0,0,0,0,0,0,22.66
2008,4,9,5,30,13.8,0,0,0,0,0,0,32.36
2008,4,9,6,30,12.700000000000001,0,0,0,0,0,0,39.69
2008,4,9,7,30,11.9,0,0,0,0,0,0,42.85
2008,4,9,8,30,11.3,0,0,0,0,0,0,43.72
2008,4,9,9,30,10.8,0,0,0,0,0,0,43.24
2008,4,9,10,30,10.3,0,0,0,0,0,0,41.86
2008,4,9,11,30,9.9,0,0,0,0,0,0,39.99
2008,4,9,12,30,11.600000000000001,0,0,0,0,0,0,33.68
2008,4,9,13,30,15.600000000000001,38,178,705,705,38,178,25.19
2008,4,9,14,30,20.700000000000003,54,439,906,906,54,439,17.51
2008,4,9,15,30,25.3,63,685,993,993,63,685,10.51
2008,4,9,16,30,28.200000000000003,68,887,1038,1038,68,887,7.97
2008,4,9,17,30,30.3,72,1029,1061,1061,72,1029,6.640000000000001
2008,4,9,18,30,31.6,71,1099,1074,1074,71,1099,5.99
2008,4,9,19,30,32.300000000000004,70,1091,1073,1073,70,1091,5.64
2008,4,9,20,30,32.2,68,1006,1061,1061,68,1006,5.55
2008,4,9,21,30,31.200000000000003,77,849,1015,1015,77,849,5.69
2008,4,9,22,30,29.6,66,637,970,970,66,637,6
2008,4,9,23,30,27.200000000000003,54,388,879,395,180,330,6.79
2008,4,10,0,30,23.700000000000003,34,129,624,314,70,118,8.67
2008,4,10,1,30,20.5,0,0,0,0,0,0,11.83
2008,4,10,2,30,18.400000000000002,0,0,0,0,0,0,15.42
2008,4,10,3,30,16.7,0,0,0,0,0,0,19.64
2008,4,10,4,30,15.200000000000001,0,0,0,0,0,0,24.72
2008,4,10,5,30,13.9,0,0,0,0,0,0,30.03
2008,4,10,6,30,13,0,0,0,0,0,0,33.95
2008,4,10,7,30,12.3,0,0,0,0,0,0,35.7
2008,4,10,8,30,11.8,0,0,0,0,0,0,36.08
2008,4,10,9,30,11.200000000000001,0,0,0,0,0,0,36.37
2008,4,10,10,30,10.5,0,0,0,0,0,0,36.69
2008,4,10,11,30,9.700000000000001,0,0,0,0,0,0,37.18
2008,4,10,12,30,10.8,0,0,0,0,0,0,33.15
2008,4,10,13,30,14.8,40,185,718,26,97,102,24.44
2008,4,10,14,30,19.8,57,450,916,916,57,450,15.39
2008,4,10,15,30,24.200000000000003,68,698,1001,1001,68,698,8.120000000000001
2008,4,10,16,30,27.1,73,902,1046,1046,73,902,5.88
2008,4,10,17,30,29.400000000000002,77,1045,1069,1069,77,1045,4.79
2008,4,10,18,30,30.900000000000002,84,1106,1064,1064,84,1106,4.24
2008,4,10,19,30,31.700000000000003,83,1098,1065,1065,83,1098,4.01
2008,4,10,20,30,31.700000000000003,79,1012,1053,797,276,981,4.07
2008,4,10,21,30,30.900000000000002,72,856,1030,752,269,842,4.39
2008,4,10,22,30,29.5,65,642,979,979,65,642,4.96
2008,4,10,23,30,27.1,54,386,869,869,54,386,6.09
2008,4,11,0,30,23.400000000000002,34,128,618,618,34,128,8.41
2008,4,11,1,30,20.3,0,0,0,0,0,0,11.93
2008,4,11,2,30,18.6,0,0,0,0,0,0,15.18
2008,4,11,3,30,17.1,0,0,0,0,0,0,19.22
2008,4,11,4,30,15.700000000000001,0,0,0,0,0,0,23.94
2008,4,11,5,30,14.5,0,0,0,0,0,0,28.59
2008,4,11,6,30,13.600000000000001,0,0,0,0,0,0,32.19
2008,4,11,7,30,12.700000000000001,0,0,0,0,0,0,34.26
2008,4,11,8,30,11.8,0,0,0,0,0,0,35.35
2008,4,11,9,30,10.9,0,0,0,0,0,0,36.4
2008,4,11,10,30,10.100000000000001,0,0,0,0,0,0,37.480000000000004
2008,4,11,11,30,9.4,0,0,0,0,0,0,38.38
2008,4,11,12,30,10.8,0,0,0,0,0,0,34.160000000000004
2008,4,11,13,30,14.600000000000001,40,186,712,0,91,91,26.18
2008,4,11,14,30,18.6,57,449,909,909,57,449,17.47
2008,4,11,15,30,21.8,67,695,993,993,67,695,12.11
2008,4,11,16,30,24.5,74,897,1037,1037,74,897,9.11
2008,4,11,17,30,26.700000000000003,79,1039,1059,858,230,1008,7.05
2008,4,11,18,30,28.1,89,1106,1058,639,311,925,5.94
2008,4,11,19,30,28.900000000000002,89,1097,1056,637,288,896,5.36
2008,4,11,20,30,29.1,87,1011,1042,482,361,788,5.11
2008,4,11,21,30,28.700000000000003,83,854,1012,490,299,673,5.05
2008,4,11,22,30,28,74,635,949,304,286,466,5.11
2008,4,11,23,30,26.200000000000003,62,384,840,26,206,216,5.66
2008,4,12,0,30,23.3,39,127,572,134,85,105,9.370000000000001
2008,4,12,1,30,20.8,0,0,0,0,0,0,11.27
2008,4,12,2,30,19.1,0,0,0,0,0,0,12.61
2008,4,12,3,30,17.400000000000002,0,0,0,0,0,0,13.94
2008,4,12,4,30,16.1,0,0,0,0,0,0,15.08
2008,4,12,5,30,15.200000000000001,0,0,0,0,0,0,15.98
2008,4,12,6,30,14.3,0,0,0,0,0,0,16.84
2008,4,12,7,30,13.4,0,0,0,0,0,0,18.1
2008,4,12,8,30,12.5,0,0,0,0,0,0,21.06
2008,4,12,9,30,11.9,0,0,0,0,0,0,27.560000000000002
2008,4,12,10,30,11.4,0,0,0,0,0,0,41.81
2008,4,12,11,30,11.100000000000001,0,0,0,0,0,0,60.46
2008,4,12,12,30,12.5,0,0,0,0,0,0,68.89
2008,4,12,13,30,16.1,65,165,480,480,65,165,62.99
2008,4,12,14,30,20.1,95,414,735,735,95,414,53.160000000000004
2008,4,12,15,30,23.6,111,652,852,852,111,652,36.800000000000004
2008,4,12,16,30,26.3,122,849,912,912,122,849,25
2008,4,12,17,30,28.200000000000003,134,982,934,934,134,982,18.85
2008,4,12,18,30,29.400000000000002,137,1050,948,948,137,1050,15.88
2008,4,12,19,30,30.200000000000003,156,1034,919,725,307,1000,14.14
2008,4,12,20,30,30.3,162,946,883,11,352,362,13.200000000000001
2008,4,12,21,30,29.700000000000003,171,786,805,57,413,457,13.120000000000001
2008,4,12,22,30,28.5,156,578,712,19,288,300,14.01
2008,4,12,23,30,26.3,126,336,549,26,215,225,16.46
2008,4,13,0,30,23.5,66,101,229,35,89,94,20.830000000000002
2008,4,13,1,30,21,0,0,0,0,0,0,26.82
2008,4,13,2,30,19.400000000000002,0,0,0,0,0,0,33.53
2008,4,13,3,30,18.1,0,0,0,0,0,0,41.18
2008,4,13,4,30,17,0,0,0,0,0,0,50.04
2008,4,13,5,30,16.1,0,0,0,0,0,0,59.14
2008,4,13,6,30,15.4,0,0,0,0,0,0,65.76
2008,4,13,7,30,14.700000000000001,0,0,0,0,0,0,69.86
2008,4,13,8,30,14,0,0,0,0,0,0,72.27
2008,4,13,9,30,13.3,0,0,0,0,0,0,73.07000000000001
2008,4,13,10,30,12.600000000000001,0,0,0,0,0,0,74.24
2008,4,13,11,30,12.100000000000001,0,0,0,0,0,0,75.2
2008,4,13,12,30,12.5,0,0,0,0,0,0,72.41
2008,4,13,13,30,14.3,69,163,445,38,119,127,63.690000000000005
2008,4,13,14,30,17.5,105,407,692,235,241,343,51.59
2008,4,13,15,30,21,125,642,811,266,359,529,41.35
2008,4,13,16,30,23.5,138,835,872,45,411,448,34.34
2008,4,13,17,30,25.1,147,971,905,905,147,971,29.69
2008,4,13,18,30,26,159,1032,905,905,159,1032,26.84
2008,4,13,19,30,26.200000000000003,173,1015,880,880,173,1015,25.73
2008,4,13,20,30,25.6,184,923,832,386,415,758,26.57
2008,4,13,21,30,24.200000000000003,158,776,809,250,376,567,29.5
2008,4,13,22,30,22.3,149,566,703,0,30,30,34.660000000000004
2008,4,13,23,30,20,126,327,520,117,197,243,42.72
2008,4,14,0,30,17.6,66,98,203,0,25,25,53.4
2008,4,14,1,30,15.9,0,0,0,0,0,0,62.32
2008,4,14,2,30,14.9,0,0,0,0,0,0,66.21000000000001
2008,4,14,3,30,14.100000000000001,0,0,0,0,0,0,67.04
2008,4,14,4,30,13.4,0,0,0,0,0,0,67.26
2008,4,14,5,30,12.8,0,0,0,0,0,0,67.73
2008,4,14,6,30,12.3,0,0,0,0,0,0,68.87
2008,4,14,7,30,11.600000000000001,0,0,0,0,0,0,72.06
2008,4,14,8,30,11.100000000000001,0,0,0,0,0,0,74.84
2008,4,14,9,30,10.600000000000001,0,0,0,0,0,0,78.03
2008,4,14,10,30,10.100000000000001,0,0,0,0,0,0,80.82000000000001
2008,4,14,11,30,9.700000000000001,0,0,0,0,0,0,82.52
2008,4,14,12,30,10.5,0,0,0,0,0,0,77.63
2008,4,14,13,30,13.200000000000001,56,174,549,5,100,101,64.19
2008,4,14,14,30,16.7,81,424,778,778,81,424,49.82
2008,4,14,15,30,19.900000000000002,95,660,883,883,95,660,39.36
2008,4,14,16,30,22.5,103,856,940,940,103,856,32.46
2008,4,14,17,30,24.400000000000002,108,993,969,969,108,993,27.7
2008,4,14,18,30,25.6,109,1060,984,984,109,1060,24.72
2008,4,14,19,30,26.3,112,1049,978,978,112,1049,22.87
2008,4,14,20,30,26.400000000000002,111,961,955,955,111,961,21.98
2008,4,14,21,30,26.1,105,809,919,457,299,649,21.86
2008,4,14,22,30,25.1,98,599,844,2,140,141,22.900000000000002
2008,4,14,23,30,23.6,84,356,703,10,166,169,25.080000000000002
2008,4,15,0,30,21.5,53,112,376,376,53,112,30.560000000000002
2008,4,15,1,30,19.5,0,0,0,0,0,0,41.08
2008,4,15,2,30,18,0,0,0,0,0,0,48.24
2008,4,15,3,30,16.8,0,0,0,0,0,0,52.14
2008,4,15,4,30,15.8,0,0,0,0,0,0,57.76
2008,4,15,5,30,14.9,0,0,0,0,0,0,62.24
2008,4,15,6,30,14.200000000000001,0,0,0,0,0,0,66.49
2008,4,15,7,30,13.5,0,0,0,0,0,0,71.09
2008,4,15,8,30,12.9,0,0,0,0,0,0,75.61
2008,4,15,9,30,12,0,0,0,0,0,0,80.87
2008,4,15,10,30,11.100000000000001,0,0,0,0,0,0,85.26
2008,4,15,11,30,10.5,0,0,0,0,0,0,87.41
2008,4,15,12,30,11.5,0,0,0,0,0,0,80.49
2008,4,15,13,30,14.600000000000001,58,177,543,543,58,177,65.05
2008,4,15,14,30,18.3,83,427,776,776,83,427,48.33
2008,4,15,15,30,21.400000000000002,97,664,883,883,97,664,36.76
2008,4,15,16,30,23.6,105,860,940,940,105,860,30.32
2008,4,15,17,30,25.200000000000003,109,997,971,971,109,997,26.11
2008,4,15,18,30,26.400000000000002,110,1064,986,490,377,851,23.150000000000002
2008,4,15,19,30,27.1,110,1054,984,984,110,1054,21.18
2008,4,15,20,30,27.400000000000002,107,969,967,441,445,839,19.71
2008,4,15,21,30,27.200000000000003,98,820,942,695,278,811,18.73
2008,4,15,22,30,26.400000000000002,88,612,880,496,270,565,18.27
2008,4,15,23,30,24.900000000000002,73,368,760,105,225,265,18.97
2008,4,16,0,30,22.8,45,121,475,475,45,121,23.23
2008,4,16,1,30,21.1,0,0,0,0,0,0,30.57
2008,4,16,2,30,20.1,0,0,0,0,0,0,31.01
2008,4,16,3,30,18.900000000000002,0,0,0,0,0,0,33.1
2008,4,16,4,30,17.7,0,0,0,0,0,0,36.79
2008,4,16,5,30,16.400000000000002,0,0,0,0,0,0,41.6
2008,4,16,6,30,15.3,0,0,0,0,0,0,46.58
2008,4,16,7,30,14.4,0,0,0,0,0,0,51.160000000000004
2008,4,16,8,30,13.8,0,0,0,0,0,0,56.120000000000005
2008,4,16,9,30,13.4,0,0,0,0,0,0,61.34
2008,4,16,10,30,13,0,0,0,0,0,0,65.85
2008,4,16,11,30,12.600000000000001,0,0,0,0,0,0,68.92
2008,4,16,12,30,13.700000000000001,0,0,0,0,0,0,64.26
2008,4,16,13,30,17.1,56,182,570,570,56,182,51
2008,4,16,14,30,21,79,434,796,796,79,434,34.95
2008,4,16,15,30,23.700000000000003,91,673,902,902,91,673,26.18
2008,4,16,16,30,25.6,99,869,955,955,99,869,21.6
2008,4,16,17,30,27.1,104,1006,984,984,104,1006,18.7
2008,4,16,18,30,28.1,105,1071,997,1,396,397,16.67
2008,4,16,19,30,28.8,105,1065,999,790,259,1018,14.94
2008,4,16,20,30,29.1,101,979,984,169,511,662,13.620000000000001
2008,4,16,21,30,28.900000000000002,93,827,955,955,93,827,12.85
2008,4,16,22,30,28.200000000000003,84,618,895,895,84,618,12.66
2008,4,16,23,30,26.8,68,376,789,789,68,376,13.11
2008,4,17,0,30,24,42,127,527,527,42,127,18.61
2008,4,17,1,30,21.400000000000002,0,0,0,0,0,0,25.36
2008,4,17,2,30,19.700000000000003,0,0,0,0,0,0,26.42
2008,4,17,3,30,18.3,0,0,0,0,0,0,29.02
2008,4,17,4,30,16.900000000000002,0,0,0,0,0,0,30.66
2008,4,17,5,30,15.5,0,0,0,0,0,0,34.04
2008,4,17,6,30,14.5,0,0,0,0,0,0,38.32
2008,4,17,7,30,13.600000000000001,0,0,0,0,0,0,42.84
2008,4,17,8,30,12.700000000000001,0,0,0,0,0,0,45.82
2008,4,17,9,30,12,0,0,0,0,0,0,46.59
2008,4,17,10,30,11.3,0,0,0,0,0,0,46.410000000000004
2008,4,17,11,30,10.700000000000001,0,0,0,0,0,0,45.81
2008,4,17,12,30,12.3,0,0,0,0,0,0,39.39
2008,4,17,13,30,16.3,43,204,714,714,43,204,29.97
2008,4,17,14,30,20.700000000000003,58,468,913,913,58,468,19.580000000000002
2008,4,17,15,30,24,67,711,995,995,67,711,11.96
2008,4,17,16,30,26.200000000000003,73,911,1036,1036,73,911,9.19
2008,4,17,17,30,27.900000000000002,77,1049,1059,1059,77,1049,7.57
2008,4,17,18,30,29.1,84,1115,1062,1062,84,1115,6.75
2008,4,17,19,30,30,81,1104,1063,1063,81,1104,6.28
2008,4,17,20,30,30.400000000000002,78,1012,1045,1045,78,1012,6.04
2008,4,17,21,30,30.3,72,856,1020,1020,72,856,5.93
2008,4,17,22,30,29.700000000000003,64,644,970,970,64,644,5.94
2008,4,17,23,30,27.900000000000002,54,395,874,874,54,395,6.33
2008,4,18,0,30,23.700000000000003,35,138,636,636,35,138,10.57
2008,4,18,1,30,20.3,0,0,0,0,0,0,15.97
2008,4,18,2,30,18.6,0,0,0,0,0,0,16.7
2008,4,18,3,30,16.900000000000002,0,0,0,0,0,0,19.61
2008,4,18,4,30,15.5,0,0,0,0,0,0,22.98
2008,4,18,5,30,14.3,0,0,0,0,0,0,25.97
2008,4,18,6,30,13.3,0,0,0,0,0,0,27.72
2008,4,18,7,30,12.3,0,0,0,0,0,0,28.63
2008,4,18,8,30,11.4,0,0,0,0,0,0,28.93
2008,4,18,9,30,10.700000000000001,0,0,0,0,0,0,28.44
2008,4,18,10,30,10,0,0,0,0,0,0,27.54
2008,4,18,11,30,9.200000000000001,0,0,0,0,0,0,26.16
2008,4,18,12,30,9.8,0,0,0,0,0,0,21.78
2008,4,18,13,30,12.200000000000001,42,212,748,748,42,212,15.84
2008,4,18,14,30,15.100000000000001,59,470,911,911,59,470,16.17
2008,4,18,15,30,18.3,70,713,989,989,70,713,17.1
2008,4,18,16,30,21.200000000000003,77,912,1030,1030,77,912,16.18
2008,4,18,17,30,23.8,83,1049,1051,1051,83,1049,13.84
2008,4,18,18,30,25.900000000000002,86,1109,1053,1053,86,1109,11.15
2008,4,18,19,30,27.1,86,1098,1050,1050,86,1098,9.450000000000001
2008,4,18,20,30,27.8,84,1012,1037,1037,84,1012,8.45
2008,4,18,21,30,27.8,84,853,999,999,84,853,8.03
2008,4,18,22,30,27.200000000000003,75,641,945,945,75,641,8.07
2008,4,18,23,30,25.5,62,391,840,840,62,391,8.8
2008,4,19,0,30,22,40,136,584,74,90,102,12.11
2008,4,19,1,30,19,0,0,0,0,0,0,16.23
2008,4,19,2,30,17.3,0,0,0,0,0,0,16.67
2008,4,19,3,30,15.5,0,0,0,0,0,0,18.07
2008,4,19,4,30,13.9,0,0,0,0,0,0,19.830000000000002
2008,4,19,5,30,12.700000000000001,0,0,0,0,0,0,23.57
2008,4,19,6,30,12,0,0,0,0,0,0,30.84
2008,4,19,7,30,11.600000000000001,0,0,0,0,0,0,46.13
2008,4,19,8,30,11,0,0,0,0,0,0,64.79
2008,4,19,9,30,10.4,0,0,0,0,0,0,76.98
2008,4,19,10,30,9.9,0,0,0,0,0,0,83.5
2008,4,19,11,30,9.700000000000001,0,0,0,0,0,0,86.46000000000001
2008,4,19,12,30,10.8,0,0,0,0,0,0,81.87
2008,4,19,13,30,14,53,201,645,645,53,201,67.95
2008,4,19,14,30,19,70,459,855,855,70,459,49.54
2008,4,19,15,30,24.400000000000002,78,704,959,959,78,704,28.07
2008,4,19,16,30,28,82,902,1009,1009,82,902,13.81
2008,4,19,17,30,30.200000000000003,85,1039,1035,1035,85,1039,9.82
2008,4,19,18,30,31.700000000000003,93,1103,1037,1037,93,1103,8.24
2008,4,19,19,30,32.6,91,1087,1033,1033,91,1087,7.45
2008,4,19,20,30,32.9,87,1001,1020,1020,87,1001,7.12
2008,4,19,21,30,32.7,79,843,991,991,79,843,7.140000000000001
2008,4,19,22,30,31.8,71,634,939,637,239,621,7.5600000000000005
2008,4,19,23,30,29.900000000000002,59,385,829,829,59,385,8.64
2008,4,20,0,30,25.900000000000002,39,133,570,570,39,133,13.63
2008,4,20,1,30,22.6,0,0,0,0,0,0,18.900000000000002
2008,4,20,2,30,21.400000000000002,0,0,0,0,0,0,19.29
2008,4,20,3,30,20,0,0,0,0,0,0,20.79
2008,4,20,4,30,18.400000000000002,0,0,0,0,0,0,22.44
2008,4,20,5,30,17.400000000000002,0,0,0,0,0,0,23.07
2008,4,20,6,30,16.6,0,0,0,0,0,0,24
2008,4,20,7,30,15.8,0,0,0,0,0,0,25.64
2008,4,20,8,30,15.100000000000001,0,0,0,0,0,0,27.67
2008,4,20,9,30,14.700000000000001,0,0,0,0,0,0,29.53
2008,4,20,10,30,14.5,0,0,0,0,0,0,30.03
2008,4,20,11,30,14.100000000000001,0,0,0,0,0,0,30.87
2008,4,20,12,30,15,0,0,0,0,0,0,28.82
2008,4,20,13,30,18.5,54,197,613,323,107,182,22.41
2008,4,20,14,30,22.6,78,449,811,811,78,449,14.19
2008,4,20,15,30,25.900000000000002,92,684,905,549,286,646,11.39
2008,4,20,16,30,28.400000000000002,99,879,958,704,289,862,10.3
2008,4,20,17,30,30.400000000000002,104,1015,987,735,297,975,9.53
2008,4,20,18,30,31.8,105,1080,999,999,105,1080,8.99
2008,4,20,19,30,32.6,102,1066,998,998,102,1066,8.65
2008,4,20,20,30,32.7,96,981,987,987,96,981,8.67
2008,4,20,21,30,32.2,94,830,953,953,94,830,9.06
2008,4,20,22,30,31,80,624,905,905,80,624,9.85
2008,4,20,23,30,29.1,63,381,808,808,63,381,11.24
2008,4,21,0,30,25.8,39,134,570,111,87,105,14.17
2008,4,21,1,30,23,0,0,0,0,0,0,18.18
2008,4,21,2,30,21.8,0,0,0,0,0,0,19.78
2008,4,21,3,30,20.5,0,0,0,0,0,0,21.490000000000002
2008,4,21,4,30,19,0,0,0,0,0,0,24.07
2008,4,21,5,30,17.900000000000002,0,0,0,0,0,0,26.560000000000002
2008,4,21,6,30,16.900000000000002,0,0,0,0,0,0,28.8
2008,4,21,7,30,16,0,0,0,0,0,0,30.72
2008,4,21,8,30,15.200000000000001,0,0,0,0,0,0,32.980000000000004
2008,4,21,9,30,14.4,0,0,0,0,0,0,34.74
2008,4,21,10,30,13.8,0,0,0,0,0,0,35.28
2008,4,21,11,30,13.3,0,0,0,0,0,0,34.53
2008,4,21,12,30,15.100000000000001,0,0,0,0,0,0,29.03
2008,4,21,13,30,19.3,41,214,731,731,41,214,20.650000000000002
2008,4,21,14,30,23.6,55,469,900,900,55,469,13.17
2008,4,21,15,30,26.900000000000002,64,709,982,982,64,709,7.19
2008,4,21,16,30,29.1,69,904,1024,1024,69,904,6.59
2008,4,21,17,30,30.8,72,1039,1046,1046,72,1039,6.5600000000000005
2008,4,21,18,30,32.1,76,1104,1052,1052,76,1104,6.51
2008,4,21,19,30,32.9,76,1088,1047,1047,76,1088,6.47
2008,4,21,20,30,33.2,73,1001,1034,1034,73,1001,6.44
2008,4,21,21,30,33.1,69,848,1007,1007,69,848,6.43
2008,4,21,22,30,32.4,64,636,950,950,64,636,6.58
2008,4,21,23,30,30.6,55,390,849,849,55,390,7.15
2008,4,22,0,30,27.5,38,138,597,597,38,138,11.93
2008,4,22,1,30,24.700000000000003,0,0,0,0,0,0,15.4
2008,4,22,2,30,22.400000000000002,0,0,0,0,0,0,16.93
2008,4,22,3,30,20.200000000000003,0,0,0,0,0,0,19.2
2008,4,22,4,30,18.7,0,0,0,0,0,0,20.01
2008,4,22,5,30,17.6,0,0,0,0,0,0,20.01
2008,4,22,6,30,16.8,0,0,0,0,0,0,20.25
2008,4,22,7,30,16.5,0,0,0,0,0,0,19.900000000000002
2008,4,22,8,30,16.3,0,0,0,0,0,0,19.79
2008,4,22,9,30,15.9,0,0,0,0,0,0,20.17
2008,4,22,10,30,15.200000000000001,0,0,0,0,0,0,20.41
2008,4,22,11,30,14.5,0,0,0,0,0,0,20.55
2008,4,22,12,30,16,0,0,0,0,0,0,18.37
2008,4,22,13,30,20,45,212,700,700,45,212,13.57
2008,4,22,14,30,24.200000000000003,61,465,874,874,61,465,12.01
2008,4,22,15,30,27.400000000000002,72,700,953,953,72,700,11.59
2008,4,22,16,30,29.6,79,893,996,996,79,893,9.86
2008,4,22,17,30,31.400000000000002,82,1027,1021,1021,82,1027,8.620000000000001
2008,4,22,18,30,32.6,89,1094,1028,1028,89,1094,7.88
2008,4,22,19,30,33.4,88,1082,1027,1027,88,1082,7.34
2008,4,22,20,30,33.6,84,996,1015,1015,84,996,7.01
2008,4,22,21,30,33.4,77,843,991,991,77,843,6.8100000000000005
2008,4,22,22,30,32.7,70,634,937,937,70,634,6.890000000000001
2008,4,22,23,30,31.1,61,388,825,207,216,297,7.390000000000001
2008,4,23,0,30,28.3,42,135,548,0,5,5,11.02
2008,4,23,1,30,25.6,0,0,0,0,0,0,13.540000000000001
2008,4,23,2,30,23.400000000000002,0,0,0,0,0,0,14.91
2008,4,23,3,30,21.400000000000002,0,0,0,0,0,0,16.13
2008,4,23,4,30,19.900000000000002,0,0,0,0,0,0,18.05
2008,4,23,5,30,18.6,0,0,0,0,0,0,20.53
2008,4,23,6,30,17.6,0,0,0,0,0,0,22.78
2008,4,23,7,30,16.8,0,0,0,0,0,0,25.02
2008,4,23,8,30,16.5,0,0,0,0,0,0,26.71
2008,4,23,9,30,16.3,0,0,0,0,0,0,28
2008,4,23,10,30,15.700000000000001,0,0,0,0,0,0,29.72
2008,4,23,11,30,14.8,0,0,0,0,0,0,31.43
2008,4,23,12,30,15.600000000000001,0,0,0,0,0,0,29.34
2008,4,23,13,30,19.3,49,213,679,679,49,213,21.93
2008,4,23,14,30,23.900000000000002,66,467,864,864,66,467,16.42
2008,4,23,15,30,27.8,75,706,954,954,75,706,12.27
2008,4,23,16,30,30.200000000000003,82,901,1000,1000,82,901,9.22
2008,4,23,17,30,31.900000000000002,86,1035,1022,1022,86,1035,7.51
2008,4,23,18,30,33,85,1099,1036,1036,85,1099,6.73
2008,4,23,19,30,33.7,87,1087,1032,1032,87,1087,6.3
2008,4,23,20,30,33.9,87,1000,1015,756,283,964,6.1000000000000005
2008,4,23,21,30,33.6,87,844,977,121,439,533,6.1000000000000005
2008,4,23,22,30,32.7,80,633,916,299,285,465,6.32
2008,4,23,23,30,30.900000000000002,69,384,795,394,167,324,7.0600000000000005
2008,4,24,0,30,27.400000000000002,44,135,534,114,91,110,9.700000000000001
2008,4,24,1,30,24,0,0,0,0,0,0,14.120000000000001
2008,4,24,2,30,21.900000000000002,0,0,0,0,0,0,17.27
2008,4,24,3,30,20.200000000000003,0,0,0,0,0,0,20.6
2008,4,24,4,30,18.900000000000002,0,0,0,0,0,0,23.54
2008,4,24,5,30,18,0,0,0,0,0,0,26.080000000000002
2008,4,24,6,30,17.1,0,0,0,0,0,0,28.86
2008,4,24,7,30,16.3,0,0,0,0,0,0,31
2008,4,24,8,30,15.5,0,0,0,0,0,0,32
2008,4,24,9,30,14.700000000000001,0,0,0,0,0,0,31.95
2008,4,24,10,30,14.100000000000001,0,0,0,0,0,0,31
2008,4,24,11,30,13.8,0,0,0,0,0,0,29.79
2008,4,24,12,30,15.600000000000001,0,0,0,0,0,0,25.76
2008,4,24,13,30,19.8,51,216,673,673,51,216,19.900000000000002
2008,4,24,14,30,23.700000000000003,69,469,856,856,69,469,17.45
2008,4,24,15,30,26.5,79,705,944,944,79,705,14.44
2008,4,24,16,30,28.5,83,898,994,994,83,898,12.1
2008,4,24,17,30,30.3,85,1032,1020,1020,85,1032,10.23
2008,4,24,18,30,31.6,89,1095,1027,1027,89,1095,8.91
2008,4,24,19,30,32.5,86,1084,1028,1028,86,1084,7.97
2008,4,24,20,30,32.7,82,998,1017,1017,82,998,7.49
2008,4,24,21,30,32.4,77,844,989,989,77,844,7.4
2008,4,24,22,30,31.400000000000002,70,633,931,931,70,633,7.79
2008,4,24,23,30,29.5,61,389,823,823,61,389,8.82
2008,4,25,0,30,26.400000000000002,41,138,565,83,92,106,11.040000000000001
2008,4,25,1,30,23.5,0,0,0,0,0,0,14.35
2008,4,25,2,30,21.6,0,0,0,0,0,0,17.41
2008,4,25,3,30,20,0,0,0,0,0,0,21.01
2008,4,25,4,30,18.5,0,0,0,0,0,0,24.86
2008,4,25,5,30,17.400000000000002,0,0,0,0,0,0,27.94
2008,4,25,6,30,16.5,0,0,0,0,0,0,30.46
2008,4,25,7,30,15.8,0,0,0,0,0,0,32.46
2008,4,25,8,30,15.3,0,0,0,0,0,0,33.63
2008,4,25,9,30,14.8,0,0,0,0,0,0,34.35
2008,4,25,10,30,13.9,0,0,0,0,0,0,35.72
2008,4,25,11,30,13.200000000000001,0,0,0,0,0,0,36.54
2008,4,25,12,30,14.8,11,15,195,195,11,15,32.35
2008,4,25,13,30,18.900000000000002,44,225,729,729,44,225,24.5
2008,4,25,14,30,22.5,60,480,896,896,60,480,15.84
2008,4,25,15,30,25.1,69,716,972,972,69,716,11.98
2008,4,25,16,30,27.200000000000003,75,909,1014,1014,75,909,10.15
2008,4,25,17,30,29,79,1039,1032,1032,79,1039,8.81
2008,4,25,18,30,30.3,79,1102,1043,1043,79,1102,8.06
2008,4,25,19,30,31.200000000000003,79,1090,1041,1041,79,1090,7.7
2008,4,25,20,30,31.6,78,999,1022,1022,78,999,7.65
2008,4,25,21,30,31.400000000000002,82,844,980,980,82,844,7.8500000000000005
2008,4,25,22,30,30.700000000000003,75,632,920,82,342,392,8.23
2008,4,25,23,30,29.1,66,388,804,1,132,132,9.06
2008,4,26,0,30,26.1,45,138,532,0,25,25,11.13
2008,4,26,1,30,23.200000000000003,0,0,0,0,0,0,15
2008,4,26,2,30,21.3,0,0,0,0,0,0,15.77
2008,4,26,3,30,19.8,0,0,0,0,0,0,16.490000000000002
2008,4,26,4,30,19,0,0,0,0,0,0,16.66
2008,4,26,5,30,18.6,0,0,0,0,0,0,16.36
2008,4,26,6,30,17.900000000000002,0,0,0,0,0,0,16.8
2008,4,26,7,30,16.8,0,0,0,0,0,0,18.240000000000002
2008,4,26,8,30,15.700000000000001,0,0,0,0,0,0,19.89
2008,4,26,9,30,14.700000000000001,0,0,0,0,0,0,21.86
2008,4,26,10,30,14,0,0,0,0,0,0,23.39
2008,4,26,11,30,13.3,0,0,0,0,0,0,24.98
2008,4,26,12,30,14.700000000000001,12,16,186,186,12,16,23.66
2008,4,26,13,30,18.8,47,225,713,713,47,225,19.64
2008,4,26,14,30,23,63,478,881,881,63,478,16.01
2008,4,26,15,30,26.200000000000003,73,713,961,961,73,713,12.22
2008,4,26,16,30,28.3,79,906,1004,1004,79,906,9.700000000000001
2008,4,26,17,30,30,83,1039,1026,1026,83,1039,8.040000000000001
2008,4,26,18,30,31.3,94,1099,1024,1024,94,1099,7.17
2008,4,26,19,30,32.1,95,1082,1016,1016,95,1082,6.8100000000000005
2008,4,26,20,30,32.300000000000004,96,994,996,996,96,994,6.7700000000000005
2008,4,26,21,30,31.900000000000002,95,839,958,958,95,839,7
2008,4,26,22,30,30.6,93,625,878,878,93,625,7.66
2008,4,26,23,30,28.700000000000003,78,381,757,406,192,355,8.870000000000001
2008,4,27,0,30,26.3,48,135,498,72,95,108,11.01
2008,4,27,1,30,23.8,0,0,0,0,0,0,14.99
2008,4,27,2,30,21.700000000000003,0,0,0,0,0,0,20.830000000000002
2008,4,27,3,30,19.900000000000002,0,0,0,0,0,0,27.16
2008,4,27,4,30,18.6,0,0,0,0,0,0,32.93
2008,4,27,5,30,17.7,0,0,0,0,0,0,37.37
2008,4,27,6,30,16.7,0,0,0,0,0,0,40.65
2008,4,27,7,30,15.600000000000001,0,0,0,0,0,0,42.35
2008,4,27,8,30,14.700000000000001,0,0,0,0,0,0,41.56
2008,4,27,9,30,13.9,0,0,0,0,0,0,39.32
2008,4,27,10,30,13,0,0,0,0,0,0,37.53
2008,4,27,11,30,12.5,0,0,0,0,0,0,36.07
2008,4,27,12,30,14.200000000000001,12,17,196,196,12,17,30.75
2008,4,27,13,30,18.2,48,228,713,713,48,228,23.25
2008,4,27,14,30,21.900000000000002,65,482,880,880,65,482,16.22
2008,4,27,15,30,24.700000000000003,76,721,963,963,76,721,11.290000000000001
2008,4,27,16,30,27,83,914,1007,1007,83,914,8.67
2008,4,27,17,30,28.900000000000002,87,1047,1030,1030,87,1047,7.3100000000000005
2008,4,27,18,30,30.3,87,1111,1041,1041,87,1111,6.57
2008,4,27,19,30,31.1,88,1098,1038,1038,88,1098,6.18
2008,4,27,20,30,31.3,87,1010,1022,1022,87,1010,6.05
2008,4,27,21,30,30.900000000000002,86,853,986,986,86,853,6.11
2008,4,27,22,30,29.900000000000002,78,643,930,50,287,317,6.390000000000001
2008,4,27,23,30,28,66,394,817,510,152,357,7.07
2008,4,28,0,30,24.700000000000003,44,142,558,558,44,142,8.96
2008,4,28,1,30,21.400000000000002,0,0,0,0,0,0,13.92
2008,4,28,2,30,19.1,0,0,0,0,0,0,22.92
2008,4,28,3,30,17.3,0,0,0,0,0,0,33.730000000000004
2008,4,28,4,30,16.2,0,0,0,0,0,0,44.76
2008,4,28,5,30,15.5,0,0,0,0,0,0,58.14
2008,4,28,6,30,15.100000000000001,0,0,0,0,0,0,72.8
2008,4,28,7,30,14.700000000000001,0,0,0,0,0,0,82.31
2008,4,28,8,30,14.200000000000001,0,0,0,0,0,0,83.95
2008,4,28,9,30,13.5,0,0,0,0,0,0,83.42
2008,4,28,10,30,12.600000000000001,0,0,0,0,0,0,82.48
2008,4,28,11,30,11.700000000000001,0,0,0,0,0,0,80.93
2008,4,28,12,30,11.3,13,14,40,40,13,14,77.31
2008,4,28,13,30,11.9,75,208,522,0,64,64,70.07000000000001
2008,4,28,14,30,13.4,99,456,750,0,158,158,61.52
2008,4,28,15,30,15.5,112,690,863,11,312,319,53.69
2008,4,28,16,30,18,117,882,924,195,489,650,46.38
2008,4,28,17,30,20.8,117,1015,962,962,117,1015,38.96
2008,4,28,18,30,23.200000000000003,102,1083,997,997,102,1083,32.37
2008,4,28,19,30,24.8,98,1071,999,999,98,1071,27.48
2008,4,28,20,30,25.5,95,986,986,986,95,986,24.77
2008,4,28,21,30,25.5,89,831,952,952,89,831,23.69
2008,4,28,22,30,24.700000000000003,82,624,892,892,82,624,24.17
2008,4,28,23,30,23.200000000000003,68,384,783,783,68,384,26.21
2008,4,29,0,30,20.8,45,140,534,534,45,140,30.62
2008,4,29,1,30,18.5,0,0,0,0,0,0,36.35
2008,4,29,2,30,16.8,0,0,0,0,0,0,42.4
2008,4,29,3,30,15.4,0,0,0,0,0,0,48.18
2008,4,29,4,30,14.3,0,0,0,0,0,0,52.730000000000004
2008,4,29,5,30,13.3,0,0,0,0,0,0,56.17
2008,4,29,6,30,12.5,0,0,0,0,0,0,58.72
2008,4,29,7,30,11.8,0,0,0,0,0,0,61.77
2008,4,29,8,30,11.3,0,0,0,0,0,0,65.85
2008,4,29,9,30,10.8,0,0,0,0,0,0,71.54
2008,4,29,10,30,10.5,0,0,0,0,0,0,76.76
2008,4,29,11,30,10.3,0,0,0,0,0,0,80.62
2008,4,29,12,30,11.8,14,18,149,149,14,18,74.52
2008,4,29,13,30,15.5,54,223,653,653,54,223,59.15
2008,4,29,14,30,19.900000000000002,73,471,832,832,73,471,43.97
2008,4,29,15,30,23.6,85,704,921,921,85,704,33.31
2008,4,29,16,30,26.200000000000003,92,894,968,968,92,894,25.75
2008,4,29,17,30,28.3,96,1026,995,995,96,1026,19.71
2008,4,29,18,30,29.8,99,1090,1007,1007,99,1090,15.74
2008,4,29,19,30,30.8,97,1078,1007,1007,97,1078,13.09
2008,4,29,20,30,31.200000000000003,93,992,993,789,250,963,11.4
2008,4,29,21,30,31,100,834,942,942,100,834,10.51
2008,4,29,22,30,30.200000000000003,96,623,863,863,96,623,10.44
2008,4,29,23,30,28.700000000000003,87,379,723,723,87,379,11.19
2008,4,30,0,30,26,56,135,438,0,3,3,13.700000000000001
2008,4,30,1,30,23.400000000000002,0,0,0,0,0,0,17.78
2008,4,30,2,30,21.700000000000003,0,0,0,0,0,0,20.93
2008,4,30,3,30,20.1,0,0,0,0,0,0,24.19
2008,4,30,4,30,18.3,0,0,0,0,0,0,28.240000000000002
2008,4,30,5,30,16.6,0,0,0,0,0,0,33
2008,4,30,6,30,15.3,0,0,0,0,0,0,37.480000000000004
2008,4,30,7,30,14.200000000000001,0,0,0,0,0,0,41.64
2008,4,30,8,30,13.3,0,0,0,0,0,0,44.72
2008,4,30,9,30,12.5,0,0,0,0,0,0,46.61
2008,4,30,10,30,11.8,0,0,0,0,0,0,47.050000000000004
2008,4,30,11,30,11.5,0,0,0,0,0,0,45.160000000000004
2008,4,30,12,30,12.8,15,21,172,172,15,21,38.22
2008,4,30,13,30,16.8,55,233,684,684,55,233,26.28
2008,4,30,14,30,21.5,72,488,865,865,72,488,11.67
2008,4,30,15,30,24.8,82,728,958,958,82,728,6.45
2008,4,30,16,30,27.1,87,921,1005,1005,87,921,5.26
2008,4,30,17,30,28.900000000000002,89,1055,1032,1032,89,1055,4.9
2008,4,30,18,30,30.1,92,1123,1046,1046,92,1123,4.8500000000000005
2008,4,30,19,30,30.700000000000003,88,1111,1049,1049,88,1111,4.9
2008,4,30,20,30,30.8,83,1024,1039,1039,83,1024,5.16
2008,4,30,21,30,30.3,79,862,1003,1003,79,862,5.6000000000000005
2008,4,30,22,30,29.1,71,653,954,954,71,653,6.29
2008,4,30,23,30,27.1,60,404,848,848,60,404,7.5200000000000005
2008,5,1,0,30,24.1,41,151,607,607,41,151,9.91
2008,5,1,1,30,21.1,0,0,0,0,0,0,13.83
2008,5,1,2,30,19,0,0,0,0,0,0,18.48
2008,5,1,3,30,17.400000000000002,0,0,0,0,0,0,23.42
2008,5,1,4,30,16,0,0,0,0,0,0,28.19
2008,5,1,5,30,14.9,0,0,0,0,0,0,32.32
2008,5,1,6,30,14,0,0,0,0,0,0,35.39
2008,5,1,7,30,13.4,0,0,0,0,0,0,35.7
2008,5,1,8,30,12.9,0,0,0,0,0,0,34.09
2008,5,1,9,30,12.4,0,0,0,0,0,0,32.52
2008,5,1,10,30,11.9,0,0,0,0,0,0,31.650000000000002
2008,5,1,11,30,11.700000000000001,0,0,0,0,0,0,30.88
2008,5,1,12,30,13,14,24,274,274,14,24,27.67
2008,5,1,13,30,16.6,46,244,754,301,119,198,21.27
2008,5,1,14,30,20.3,61,499,910,910,61,499,15.21
2008,5,1,15,30,22.8,71,735,983,983,71,735,12.86
2008,5,1,16,30,25,78,932,1028,716,227,822,10.5
2008,5,1,17,30,27.1,82,1064,1049,710,263,928,8.19
2008,5,1,18,30,28.700000000000003,89,1125,1050,391,550,935,6.47
2008,5,1,19,30,29.5,85,1112,1053,1053,85,1112,5.44
2008,5,1,20,30,29.700000000000003,81,1032,1050,1050,81,1032,4.88
2008,5,1,21,30,29.1,76,876,1024,746,277,860,4.68
2008,5,1,22,30,27.900000000000002,70,664,971,431,304,567,4.73
2008,5,1,23,30,25.900000000000002,61,415,870,870,61,415,5.14
2008,5,2,0,30,22.8,42,158,636,636,42,158,6.24
2008,5,2,1,30,20,0,0,0,0,0,0,8.290000000000001
2008,5,2,2,30,18.5,0,0,0,0,0,0,10.25
2008,5,2,3,30,16.7,0,0,0,0,0,0,12.75
2008,5,2,4,30,15,0,0,0,0,0,0,15.51
2008,5,2,5,30,13.600000000000001,0,0,0,0,0,0,18.28
2008,5,2,6,30,12.3,0,0,0,0,0,0,21.7
2008,5,2,7,30,11.100000000000001,0,0,0,0,0,0,25.84
2008,5,2,8,30,10.100000000000001,0,0,0,0,0,0,29.98
2008,5,2,9,30,9.1,0,0,0,0,0,0,33.04
2008,5,2,10,30,8.200000000000001,0,0,0,0,0,0,33.68
2008,5,2,11,30,7.7,0,0,0,0,0,0,31.5
2008,5,2,12,30,9.600000000000001,16,26,285,285,16,26,24.17
2008,5,2,13,30,14.100000000000001,48,253,775,775,48,253,15.26
2008,5,2,14,30,19.3,64,514,930,930,64,514,8.370000000000001
2008,5,2,15,30,23.3,73,753,1004,1004,73,753,3.5700000000000003
2008,5,2,16,30,25.6,79,948,1044,1044,79,948,3.06
2008,5,2,17,30,27.400000000000002,82,1082,1066,1066,82,1082,2.68
2008,5,2,18,30,28.900000000000002,81,1145,1079,1079,81,1145,2.23
2008,5,2,19,30,29.900000000000002,80,1132,1077,1077,80,1132,2
2008,5,2,20,30,30.400000000000002,78,1043,1065,1065,78,1043,2
2008,5,2,21,30,30.200000000000003,80,885,1029,1029,80,885,2
2008,5,2,22,30,29.5,73,680,992,992,73,680,2
2008,5,2,23,30,27.8,61,428,900,900,61,428,2
2008,5,3,0,30,23.900000000000002,41,163,666,666,41,163,3.35
2008,5,3,1,30,20.3,0,0,0,0,0,0,6.0200000000000005
2008,5,3,2,30,18.2,0,0,0,0,0,0,7.62
2008,5,3,3,30,16.2,0,0,0,0,0,0,10.08
2008,5,3,4,30,14.700000000000001,0,0,0,0,0,0,12.77
2008,5,3,5,30,13.5,0,0,0,0,0,0,15.5
2008,5,3,6,30,12.3,0,0,0,0,0,0,18.35
2008,5,3,7,30,11.4,0,0,0,0,0,0,21.54
2008,5,3,8,30,10.700000000000001,0,0,0,0,0,0,24.97
2008,5,3,9,30,10,0,0,0,0,0,0,27.8
2008,5,3,10,30,9.4,0,0,0,0,0,0,29.490000000000002
2008,5,3,11,30,9.200000000000001,0,0,0,0,0,0,29.87
2008,5,3,12,30,11.5,16,27,281,281,16,27,25.35
2008,5,3,13,30,16.1,49,249,751,751,49,249,18.57
2008,5,3,14,30,21.3,65,505,906,906,65,505,11.83
2008,5,3,15,30,25.5,75,740,980,980,75,740,6.65
2008,5,3,16,30,27.900000000000002,81,932,1021,1021,81,932,5.6000000000000005
2008,5,3,17,30,29.5,85,1064,1042,1042,85,1064,5.08
2008,5,3,18,30,30.5,92,1124,1046,1046,92,1124,4.68
2008,5,3,19,30,31,90,1111,1045,1045,90,1111,4.39
2008,5,3,20,30,31.1,86,1023,1033,1033,86,1023,4.24
2008,5,3,21,30,31,79,864,1003,1003,79,864,4.21
2008,5,3,22,30,30.400000000000002,70,656,955,955,70,656,4.37
2008,5,3,23,30,28.8,58,412,864,864,58,412,4.92
2008,5,4,0,30,25.3,39,158,641,641,39,158,7.11
2008,5,4,1,30,22.1,0,0,0,0,0,0,10.200000000000001
2008,5,4,2,30,20.200000000000003,0,0,0,0,0,0,11.22
2008,5,4,3,30,18.3,0,0,0,0,0,0,13.08
2008,5,4,4,30,16.5,0,0,0,0,0,0,16.2
2008,5,4,5,30,15.3,0,0,0,0,0,0,19.650000000000002
2008,5,4,6,30,14.4,0,0,0,0,0,0,22.990000000000002
2008,5,4,7,30,13.5,0,0,0,0,0,0,27.080000000000002
2008,5,4,8,30,13,0,0,0,0,0,0,32.17
2008,5,4,9,30,12.600000000000001,0,0,0,0,0,0,37.29
2008,5,4,10,30,12.200000000000001,0,0,0,0,0,0,42.01
2008,5,4,11,30,12,0,0,0,0,0,0,45.74
2008,5,4,12,30,13.8,17,24,174,174,17,24,43.480000000000004
2008,5,4,13,30,17.900000000000002,62,230,626,626,62,230,37.18
2008,5,4,14,30,22,85,477,805,805,85,477,30.23
2008,5,4,15,30,25.200000000000003,97,707,896,896,97,707,16.8
2008,5,4,16,30,27.5,105,898,950,950,105,898,10.18
2008,5,4,17,30,29.1,109,1028,978,978,109,1028,8.17
2008,5,4,18,30,30.400000000000002,112,1088,987,987,112,1088,7.73
2008,5,4,19,30,31.3,113,1074,983,983,113,1074,7.79
2008,5,4,20,30,31.8,113,987,963,963,113,987,7.99
2008,5,4,21,30,31.8,120,826,900,900,120,826,8.24
2008,5,4,22,30,31.1,110,620,831,831,110,620,8.66
2008,5,4,23,30,29.5,95,381,698,698,95,381,9.47
2008,5,5,0,30,26.1,61,140,423,423,61,140,11.6
2008,5,5,1,30,22.900000000000002,0,0,0,0,0,0,14.61
2008,5,5,2,30,21.400000000000002,0,0,0,0,0,0,15.950000000000001
2008,5,5,3,30,20.1,0,0,0,0,0,0,17.59
2008,5,5,4,30,18.6,0,0,0,0,0,0,20.04
2008,5,5,5,30,17.3,0,0,0,0,0,0,22.68
2008,5,5,6,30,16.400000000000002,0,0,0,0,0,0,25.05
2008,5,5,7,30,16.2,0,0,0,0,0,0,26.97
2008,5,5,8,30,16.2,0,0,0,0,0,0,29.38
2008,5,5,9,30,15.8,0,0,0,0,0,0,32.89
2008,5,5,10,30,14.700000000000001,0,0,0,0,0,0,37.27
2008,5,5,11,30,13.8,0,0,0,0,0,0,39.52
2008,5,5,12,30,15.200000000000001,18,24,126,126,18,24,34.230000000000004
2008,5,5,13,30,19.200000000000003,73,226,566,566,73,226,24.62
2008,5,5,14,30,23.6,100,470,757,757,100,470,16.56
2008,5,5,15,30,26.8,117,698,852,852,117,698,11.36
2008,5,5,16,30,28.900000000000002,128,884,905,905,128,884,10.21
2008,5,5,17,30,30.5,135,1013,933,933,135,1013,9.92
2008,5,5,18,30,31.700000000000003,150,1065,925,925,150,1065,9.870000000000001
2008,5,5,19,30,32.4,150,1051,922,922,150,1051,9.99
2008,5,5,20,30,32.6,138,969,914,167,524,676,10.27
2008,5,5,21,30,32.300000000000004,132,818,874,12,375,385,10.59
2008,5,5,22,30,31.5,120,612,800,146,308,397,10.98
2008,5,5,23,30,30,99,377,674,275,195,308,11.86
2008,5,6,0,30,27.1,61,140,420,420,61,140,14.030000000000001
2008,5,6,1,30,24.200000000000003,0,0,0,0,0,0,17.28
2008,5,6,2,30,22.900000000000002,0,0,0,0,0,0,18.400000000000002
2008,5,6,3,30,21.8,0,0,0,0,0,0,19.77
2008,5,6,4,30,20.5,0,0,0,0,0,0,22.080000000000002
2008,5,6,5,30,19.200000000000003,0,0,0,0,0,0,24.82
2008,5,6,6,30,17.900000000000002,0,0,0,0,0,0,27.72
2008,5,6,7,30,16.8,0,0,0,0,0,0,30.71
2008,5,6,8,30,15.8,0,0,0,0,0,0,34.61
2008,5,6,9,30,15,0,0,0,0,0,0,39.730000000000004
2008,5,6,10,30,14.4,0,0,0,0,0,0,46.2
2008,5,6,11,30,14.3,0,0,0,0,0,0,52.26
2008,5,6,12,30,15.8,19,23,81,81,19,23,51.43
2008,5,6,13,30,18.8,86,216,478,478,86,216,48.25
2008,5,6,14,30,22.200000000000003,120,454,682,682,120,454,43.42
2008,5,6,15,30,25.200000000000003,138,679,792,792,138,679,31.28
2008,5,6,16,30,27.5,149,864,854,854,149,864,23.81
2008,5,6,17,30,29.400000000000002,160,994,887,887,160,994,19.56
2008,5,6,18,30,30.8,186,1045,868,868,186,1045,16.91
2008,5,6,19,30,31.8,178,1037,877,877,178,1037,15.120000000000001
2008,5,6,20,30,32.300000000000004,171,952,859,591,385,922,13.85
2008,5,6,21,30,32.2,197,791,757,8,370,376,13.19
2008,5,6,22,30,31.3,168,591,687,687,168,591,13.41
2008,5,6,23,30,29.700000000000003,125,364,578,320,201,333,14.52
2008,5,7,0,30,27.200000000000003,70,135,343,111,107,128,17.07
2008,5,7,1,30,24.400000000000002,0,0,0,0,0,0,21.34
2008,5,7,2,30,22.200000000000003,0,0,0,0,0,0,26.05
2008,5,7,3,30,20.5,0,0,0,0,0,0,30.3
2008,5,7,4,30,19,0,0,0,0,0,0,34.33
2008,5,7,5,30,17.6,0,0,0,0,0,0,38.43
2008,5,7,6,30,16.400000000000002,0,0,0,0,0,0,42.08
2008,5,7,7,30,15.5,0,0,0,0,0,0,44.5
2008,5,7,8,30,14.8,0,0,0,0,0,0,46.21
2008,5,7,9,30,14.3,0,0,0,0,0,0,47.17
2008,5,7,10,30,14,0,0,0,0,0,0,47.25
2008,5,7,11,30,14,0,0,0,0,0,0,46.25
2008,5,7,12,30,14.9,18,31,265,5,23,23,42.65
2008,5,7,13,30,17.7,53,246,702,1,49,49,34.65
2008,5,7,14,30,20.900000000000002,71,492,855,87,239,282,25.45
2008,5,7,15,30,23.5,84,717,926,216,327,474,20.07
2008,5,7,16,30,25.700000000000003,93,903,967,516,312,744,17.17
2008,5,7,17,30,27.400000000000002,99,1027,985,713,233,905,15.23
2008,5,7,18,30,28.400000000000002,115,1081,976,839,195,1027,14.15
2008,5,7,19,30,28.400000000000002,116,1067,972,231,468,694,14.11
2008,5,7,20,30,28,112,982,956,49,448,493,14.620000000000001
2008,5,7,21,30,27.400000000000002,96,835,939,92,393,465,15.47
2008,5,7,22,30,26.400000000000002,86,630,880,880,86,630,16.79
2008,5,7,23,30,25.1,72,392,773,773,72,392,18.57
2008,5,8,0,30,23.200000000000003,47,151,542,542,47,151,21.56
2008,5,8,1,30,21.3,0,0,0,0,0,0,25.46
2008,5,8,2,30,19.6,0,0,0,0,0,0,29.34
2008,5,8,3,30,18,0,0,0,0,0,0,33.32
2008,5,8,4,30,16.900000000000002,0,0,0,0,0,0,36.480000000000004
2008,5,8,5,30,16.1,0,0,0,0,0,0,39.01
2008,5,8,6,30,15.4,0,0,0,0,0,0,41.22
2008,5,8,7,30,14.700000000000001,0,0,0,0,0,0,43.34
2008,5,8,8,30,14,0,0,0,0,0,0,45.160000000000004
2008,5,8,9,30,13.3,0,0,0,0,0,0,46.39
2008,5,8,10,30,12.700000000000001,0,0,0,0,0,0,46.46
2008,5,8,11,30,12.600000000000001,0,0,0,0,0,0,44.480000000000004
2008,5,8,12,30,14.600000000000001,18,32,267,6,24,25,37.04
2008,5,8,13,30,18.8,52,250,718,140,134,173,26.85
2008,5,8,14,30,23.3,68,500,876,224,274,384,15.96
2008,5,8,15,30,26.700000000000003,79,730,951,951,79,730,9.69
2008,5,8,16,30,29.1,86,918,993,993,86,918,8.24
2008,5,8,17,30,30.900000000000002,90,1047,1015,1015,90,1047,7.08
2008,5,8,18,30,32.4,102,1103,1010,1010,102,1103,6.03
2008,5,8,19,30,33.4,100,1090,1011,1011,100,1090,5.33
2008,5,8,20,30,33.800000000000004,95,1004,999,999,95,1004,4.99
2008,5,8,21,30,33.7,85,850,973,973,85,850,4.95
2008,5,8,22,30,33,75,646,924,924,75,646,5.26
2008,5,8,23,30,31.5,62,405,825,825,62,405,6.11
2008,5,9,0,30,28.1,42,158,603,603,42,158,8.6
2008,5,9,1,30,24.400000000000002,0,0,0,0,0,0,13.63
2008,5,9,2,30,22.200000000000003,0,0,0,0,0,0,19
2008,5,9,3,30,20.5,0,0,0,0,0,0,23.85
2008,5,9,4,30,19.1,0,0,0,0,0,0,27.92
2008,5,9,5,30,17.8,0,0,0,0,0,0,31.26
2008,5,9,6,30,16.7,0,0,0,0,0,0,33.74
2008,5,9,7,30,15.700000000000001,0,0,0,0,0,0,35.71
2008,5,9,8,30,14.8,0,0,0,0,0,0,37.07
2008,5,9,9,30,14.100000000000001,0,0,0,0,0,0,37.5
2008,5,9,10,30,13.600000000000001,0,0,0,0,0,0,36.84
2008,5,9,11,30,13.5,0,0,0,0,0,0,34.62
2008,5,9,12,30,15.700000000000001,18,32,261,261,18,32,27.73
2008,5,9,13,30,20.200000000000003,55,247,689,689,55,247,19.150000000000002
2008,5,9,14,30,24.8,74,493,848,848,74,493,11.290000000000001
2008,5,9,15,30,28.5,86,725,931,931,86,725,6.82
2008,5,9,16,30,31.1,94,911,974,974,94,911,6.08
2008,5,9,17,30,32.9,100,1036,992,992,100,1036,5.82
2008,5,9,18,30,34.1,98,1097,1007,763,282,1038,5.7
2008,5,9,19,30,34.9,98,1083,1005,579,297,865,5.65
2008,5,9,20,30,35.1,96,997,989,989,96,997,5.68
2008,5,9,21,30,34.9,91,845,958,706,277,833,5.78
2008,5,9,22,30,34,85,641,899,899,85,641,6.08
2008,5,9,23,30,32.6,76,398,773,236,222,320,6.61
2008,5,10,0,30,29.8,51,154,530,530,51,154,8.47
2008,5,10,1,30,26.700000000000003,0,0,0,0,0,0,11.25
2008,5,10,2,30,24.400000000000002,0,0,0,0,0,0,12.83
2008,5,10,3,30,22.5,0,0,0,0,0,0,14.77
2008,5,10,4,30,20.700000000000003,0,0,0,0,0,0,16.96
2008,5,10,5,30,19.3,0,0,0,0,0,0,18.580000000000002
2008,5,10,6,30,18.3,0,0,0,0,0,0,19.19
2008,5,10,7,30,17.6,0,0,0,0,0,0,18.830000000000002
2008,5,10,8,30,17.1,0,0,0,0,0,0,17.76
2008,5,10,9,30,16.7,0,0,0,0,0,0,16.69
2008,5,10,10,30,16.1,0,0,0,0,0,0,16.06
2008,5,10,11,30,15.700000000000001,0,0,0,0,0,0,15.48
2008,5,10,12,30,17,21,32,199,3,25,25,13.65
2008,5,10,13,30,20.5,68,242,624,624,68,242,10.64
2008,5,10,14,30,24.5,96,488,789,401,215,414,10.8
2008,5,10,15,30,27.900000000000002,114,715,874,874,114,715,10.49
2008,5,10,16,30,30.200000000000003,127,900,921,921,127,900,8.97
2008,5,10,17,30,31.900000000000002,133,1025,945,945,133,1025,8
2008,5,10,18,30,32.9,140,1083,950,950,140,1083,7.59
2008,5,10,19,30,33.4,136,1069,952,952,136,1069,7.48
2008,5,10,20,30,33.5,129,984,938,295,412,681,7.47
2008,5,10,21,30,33.1,118,835,910,406,333,653,7.640000000000001
2008,5,10,22,30,32.300000000000004,108,629,840,250,297,452,8
2008,5,10,23,30,30.8,91,391,719,300,217,343,8.8
2008,5,11,0,30,28.1,59,151,470,211,100,141,10.99
2008,5,11,1,30,25.3,0,0,0,0,0,0,14.19
2008,5,11,2,30,23.5,0,0,0,0,0,0,16.28
2008,5,11,3,30,22,0,0,0,0,0,0,17.97
2008,5,11,4,30,20.700000000000003,0,0,0,0,0,0,19.34
2008,5,11,5,30,19.5,0,0,0,0,0,0,20.69
2008,5,11,6,30,18.3,0,0,0,0,0,0,22.330000000000002
2008,5,11,7,30,17.3,0,0,0,0,0,0,24.23
2008,5,11,8,30,16.6,0,0,0,0,0,0,26.39
2008,5,11,9,30,16.2,0,0,0,0,0,0,28.78
2008,5,11,10,30,15.8,0,0,0,0,0,0,31.330000000000002
2008,5,11,11,30,15.700000000000001,0,0,0,0,0,0,32.89
2008,5,11,12,30,17.6,22,29,112,112,22,29,29.91
2008,5,11,13,30,21.5,84,226,505,505,84,226,24.28
2008,5,11,14,30,25.400000000000002,113,463,704,704,113,463,29.62
2008,5,11,15,30,28.400000000000002,129,688,812,812,129,688,25.23
2008,5,11,16,30,30.700000000000003,138,874,876,876,138,874,20.080000000000002
2008,5,11,17,30,32.4,142,1001,909,909,142,1001,16.61
2008,5,11,18,30,33.7,160,1057,903,903,160,1057,14.22
2008,5,11,19,30,34.5,160,1043,899,899,160,1043,12.59
2008,5,11,20,30,34.7,165,954,866,4,410,414,11.620000000000001
2008,5,11,21,30,34.4,174,797,790,103,388,469,11.290000000000001
2008,5,11,22,30,33.6,166,595,691,2,145,146,11.59
2008,5,11,23,30,32.2,137,364,542,168,246,316,12.55
2008,5,12,0,30,29.700000000000003,82,134,263,263,82,134,14.85
2008,5,12,1,30,27.1,0,0,0,0,0,0,18.61
2008,5,12,2,30,25.6,0,0,0,0,0,0,20.97
2008,5,12,3,30,24.700000000000003,0,0,0,0,0,0,24.13
2008,5,12,4,30,23.900000000000002,0,0,0,0,0,0,28.79
2008,5,12,5,30,22.900000000000002,0,0,0,0,0,0,35.72
2008,5,12,6,30,21.700000000000003,0,0,0,0,0,0,44.31
2008,5,12,7,30,20.400000000000002,0,0,0,0,0,0,54.82
2008,5,12,8,30,19.3,0,0,0,0,0,0,63.64
2008,5,12,9,30,18.5,0,0,0,0,0,0,69.44
2008,5,12,10,30,17.900000000000002,0,0,0,0,0,0,72.91
2008,5,12,11,30,17.5,0,0,0,0,0,0,74.62
2008,5,12,12,30,18.5,22,26,66,66,22,26,69.72
2008,5,12,13,30,21.5,103,216,401,401,103,216,56.4
2008,5,12,14,30,25.1,148,447,601,601,148,447,39.29
2008,5,12,15,30,28.1,175,667,714,714,175,667,27.84
2008,5,12,16,30,30.5,193,847,778,778,193,847,21.52
2008,5,12,17,30,32.300000000000004,201,973,817,817,201,973,17.6
2008,5,12,18,30,33.5,222,1030,815,815,222,1030,15.290000000000001
2008,5,12,19,30,34.2,218,1018,815,616,385,989,13.790000000000001
2008,5,12,20,30,34.4,212,934,791,114,476,580,12.700000000000001
2008,5,12,21,30,34.1,200,789,746,0,75,75,12.01
2008,5,12,22,30,33.1,179,591,663,400,267,515,11.99
2008,5,12,23,30,31.6,139,364,537,204,244,330,12.68
2008,5,13,0,30,29,80,138,289,7,105,106,14.86
2008,5,13,1,30,26.400000000000002,0,0,0,0,0,0,18.69
2008,5,13,2,30,24.6,0,0,0,0,0,0,22.27
2008,5,13,3,30,22.900000000000002,0,0,0,0,0,0,26.560000000000002
2008,5,13,4,30,21.400000000000002,0,0,0,0,0,0,31.48
2008,5,13,5,30,20.1,0,0,0,0,0,0,36.32
2008,5,13,6,30,19,0,0,0,0,0,0,40.9
2008,5,13,7,30,17.900000000000002,0,0,0,0,0,0,45.96
2008,5,13,8,30,17,0,0,0,0,0,0,51.03
2008,5,13,9,30,16.2,0,0,0,0,0,0,55.870000000000005
2008,5,13,10,30,15.5,0,0,0,0,0,0,60.08
2008,5,13,11,30,15.3,0,0,0,0,0,0,61.82
2008,5,13,12,30,16.900000000000002,23,32,143,143,23,32,56.22
2008,5,13,13,30,21,83,232,525,525,83,232,43.25
2008,5,13,14,30,24.900000000000002,118,466,698,698,118,466,26.490000000000002
2008,5,13,15,30,27.5,142,688,791,791,142,688,20.22
2008,5,13,16,30,29.6,157,869,845,845,157,869,17.71
2008,5,13,17,30,31.200000000000003,170,992,870,870,170,992,16.240000000000002
2008,5,13,18,30,32.4,189,1043,860,860,189,1043,15.1
2008,5,13,19,30,33,199,1023,839,839,199,1023,14.41
2008,5,13,20,30,33,200,936,807,26,461,485,14.34
2008,5,13,21,30,32.5,186,788,761,1,160,161,14.9
2008,5,13,22,30,31.3,171,587,668,0,25,25,16.3
2008,5,13,23,30,29.6,141,359,517,136,250,308,18.53
2008,5,14,0,30,27.400000000000002,85,133,237,237,85,133,21.91
2008,5,14,1,30,25.5,0,0,0,0,0,0,25.93
2008,5,14,2,30,24.1,0,0,0,0,0,0,29.18
2008,5,14,3,30,22.900000000000002,0,0,0,0,0,0,31.53
2008,5,14,4,30,21.700000000000003,0,0,0,0,0,0,34.27
2008,5,14,5,30,20.6,0,0,0,0,0,0,37.96
2008,5,14,6,30,19.400000000000002,0,0,0,0,0,0,43.45
2008,5,14,7,30,18.2,0,0,0,0,0,0,50.2
2008,5,14,8,30,17.2,0,0,0,0,0,0,57.09
2008,5,14,9,30,16.400000000000002,0,0,0,0,0,0,63.29
2008,5,14,10,30,15.8,0,0,0,0,0,0,68.08
2008,5,14,11,30,15.4,0,0,0,0,0,0,70.3
2008,5,14,12,30,16.6,24,30,96,0,19,19,64.08
2008,5,14,13,30,19.900000000000002,93,228,473,6,136,137,47.69
2008,5,14,14,30,23.5,126,464,676,676,126,464,28.900000000000002
2008,5,14,15,30,26.3,145,685,783,783,145,685,23.18
2008,5,14,16,30,28.6,155,867,845,556,301,770,20.21
2008,5,14,17,30,30.400000000000002,165,989,871,462,463,900,18.27
2008,5,14,18,30,31.6,167,1045,884,1,200,201,16.9
2008,5,14,19,30,31.900000000000002,180,1024,858,453,406,850,16.19
2008,5,14,20,30,31.3,179,937,830,365,415,748,16.98
2008,5,14,21,30,30.200000000000003,157,793,805,486,336,721,19.12
2008,5,14,22,30,28.700000000000003,136,596,738,515,243,564,22.14
2008,5,14,23,30,27.200000000000003,108,371,623,140,206,266,25.310000000000002
2008,5,15,0,30,25.6,68,144,379,64,113,126,28.76
2008,5,15,1,30,24.3,0,0,0,0,0,0,32.58
2008,5,15,2,30,23.400000000000002,0,0,0,0,0,0,36.5
2008,5,15,3,30,22.400000000000002,0,0,0,0,0,0,40.72
2008,5,15,4,30,21.1,0,0,0,0,0,0,45.76
2008,5,15,5,30,19.8,0,0,0,0,0,0,51.57
2008,5,15,6,30,19.1,0,0,0,0,0,0,56.300000000000004
2008,5,15,7,30,18.400000000000002,0,0,0,0,0,0,60.79
2008,5,15,8,30,17.7,0,0,0,0,0,0,65.11
2008,5,15,9,30,17,0,0,0,0,0,0,68.92
2008,5,15,10,30,16.5,0,0,0,0,0,0,71.36
2008,5,15,11,30,16,0,0,0,0,0,0,72.73
2008,5,15,12,30,15.8,25,30,87,0,11,11,71.19
2008,5,15,13,30,16,98,222,435,3,117,118,64.8
2008,5,15,14,30,16.7,132,455,645,3,196,198,57.75
2008,5,15,15,30,18,151,673,755,0,93,93,51.620000000000005
2008,5,15,16,30,19.200000000000003,169,850,807,0,90,90,47.410000000000004
2008,5,15,17,30,19.900000000000002,182,971,834,0,82,82,45.68
2008,5,15,18,30,20.5,163,1037,879,0,147,147,44.24
2008,5,15,19,30,21.3,141,1031,906,1,226,227,41.86
2008,5,15,20,30,22,125,954,907,13,369,381,39.12
2008,5,15,21,30,22.5,113,812,883,0,184,185,36.87
2008,5,15,22,30,22.8,96,620,838,401,295,546,35.49
2008,5,15,23,30,22.5,76,391,744,72,238,268,35.59
2008,5,16,0,30,20.700000000000003,51,157,521,521,51,157,41.27
2008,5,16,1,30,18.6,0,0,0,0,0,0,52.88
2008,5,16,2,30,17.6,0,0,0,0,0,0,56.57
2008,5,16,3,30,16.8,0,0,0,0,0,0,61.46
2008,5,16,4,30,16.1,0,0,0,0,0,0,65.72
2008,5,16,5,30,15.4,0,0,0,0,0,0,69.7
2008,5,16,6,30,14.8,0,0,0,0,0,0,73.19
2008,5,16,7,30,14.200000000000001,0,0,0,0,0,0,76.83
2008,5,16,8,30,13.600000000000001,0,0,0,0,0,0,80.67
2008,5,16,9,30,13.100000000000001,0,0,0,0,0,0,84.17
2008,5,16,10,30,12.5,0,0,0,0,0,0,88.02
2008,5,16,11,30,12.4,0,0,0,0,0,0,88.73
2008,5,16,12,30,14.100000000000001,24,37,210,210,24,37,79.52
2008,5,16,13,30,17.400000000000002,66,244,619,619,66,244,64.84
2008,5,16,14,30,20.400000000000002,88,482,785,785,88,482,51.63
2008,5,16,15,30,22.900000000000002,98,706,879,879,98,706,40.07
2008,5,16,16,30,25,103,889,932,932,103,889,32.11
2008,5,16,17,30,26.700000000000003,107,1014,958,958,107,1014,27.04
2008,5,16,18,30,27.900000000000002,124,1068,949,949,124,1068,24.35
2008,5,16,19,30,28.5,126,1050,940,940,126,1050,23.36
2008,5,16,20,30,28.6,124,965,920,920,124,965,23.34
2008,5,16,21,30,28.1,109,819,896,896,109,819,23.93
2008,5,16,22,30,27,90,625,856,856,90,625,25.42
2008,5,16,23,30,25.5,70,397,770,770,70,397,27.76
2008,5,17,0,30,23.200000000000003,46,162,567,18,88,92,32.230000000000004
2008,5,17,1,30,20.8,0,0,0,0,0,0,39.35
2008,5,17,2,30,19,0,0,0,0,0,0,46.36
2008,5,17,3,30,17.5,0,0,0,0,0,0,53.07
2008,5,17,4,30,16,0,0,0,0,0,0,61.2
2008,5,17,5,30,14.9,0,0,0,0,0,0,67.75
2008,5,17,6,30,14,0,0,0,0,0,0,74.07000000000001
2008,5,17,7,30,13.200000000000001,0,0,0,0,0,0,79.5
2008,5,17,8,30,12.600000000000001,0,0,0,0,0,0,83.16
2008,5,17,9,30,12.100000000000001,0,0,0,0,0,0,85.93
2008,5,17,10,30,11.700000000000001,0,0,0,0,0,0,88
2008,5,17,11,30,11.8,0,0,0,0,0,0,87.3
2008,5,17,12,30,12.600000000000001,27,34,107,107,27,34,82.68
2008,5,17,13,30,14.700000000000001,90,236,507,507,90,236,70.42
2008,5,17,14,30,17.8,108,479,738,738,108,479,55.01
2008,5,17,15,30,21,113,706,856,856,113,706,40.050000000000004
2008,5,17,16,30,23.700000000000003,115,893,922,922,115,893,29.92
2008,5,17,17,30,25.8,106,1026,972,972,106,1026,23.740000000000002
2008,5,17,18,30,27.5,99,1087,994,994,99,1087,19.490000000000002
2008,5,17,19,30,28.5,91,1079,1005,1005,91,1079,16.76
2008,5,17,20,30,28.8,85,996,996,996,85,996,15.26
2008,5,17,21,30,28.6,78,851,975,743,252,841,14.47
2008,5,17,22,30,27.700000000000003,72,650,923,35,311,333,14.57
2008,5,17,23,30,26.1,63,412,820,204,195,282,15.99
2008,5,18,0,30,23,45,169,603,603,45,169,20.38
2008,5,18,1,30,19.6,0,0,0,0,0,0,30.63
2008,5,18,2,30,17.400000000000002,0,0,0,0,0,0,39.57
2008,5,18,3,30,16,0,0,0,0,0,0,45.46
2008,5,18,4,30,14.9,0,0,0,0,0,0,50.02
2008,5,18,5,30,13.9,0,0,0,0,0,0,54.86
2008,5,18,6,30,12.9,0,0,0,0,0,0,60.22
2008,5,18,7,30,12,0,0,0,0,0,0,65.37
2008,5,18,8,30,11.3,0,0,0,0,0,0,68.79
2008,5,18,9,30,10.700000000000001,0,0,0,0,0,0,71.59
2008,5,18,10,30,10.200000000000001,0,0,0,0,0,0,73.76
2008,5,18,11,30,10.100000000000001,0,0,0,0,0,0,73.46000000000001
2008,5,18,12,30,12,23,43,297,297,23,43,64
2008,5,18,13,30,15.3,56,259,700,700,56,259,50.99
2008,5,18,14,30,18.3,72,501,851,851,72,501,42.1
2008,5,18,15,30,20.900000000000002,83,725,926,926,83,725,34.47
2008,5,18,16,30,23,91,907,967,967,91,907,27.82
2008,5,18,17,30,24.6,96,1033,989,989,96,1033,23.47
2008,5,18,18,30,25.900000000000002,97,1091,999,999,97,1091,20.64
2008,5,18,19,30,26.700000000000003,99,1074,991,991,99,1074,18.86
2008,5,18,20,30,27.200000000000003,99,989,972,972,99,989,17.51
2008,5,18,21,30,27.1,101,838,929,929,101,838,16.98
2008,5,18,22,30,26.400000000000002,95,636,863,96,297,357,17.490000000000002
2008,5,18,23,30,25.1,80,402,752,752,80,402,19.12
2008,5,19,0,30,22.900000000000002,55,164,521,52,114,125,22.5
2008,5,19,1,30,20.5,0,0,0,0,0,0,28.7
2008,5,19,2,30,18.8,0,0,0,0,0,0,33.11
2008,5,19,3,30,17.6,0,0,0,0,0,0,36.67
2008,5,19,4,30,16.5,0,0,0,0,0,0,40.34
2008,5,19,5,30,15.600000000000001,0,0,0,0,0,0,43.81
2008,5,19,6,30,14.8,0,0,0,0,0,0,47.12
2008,5,19,7,30,14.100000000000001,0,0,0,0,0,0,50.35
2008,5,19,8,30,13.600000000000001,0,0,0,0,0,0,52.79
2008,5,19,9,30,13,0,0,0,0,0,0,55.99
2008,5,19,10,30,12.5,0,0,0,0,0,0,58.44
2008,5,19,11,30,12.600000000000001,0,0,0,0,0,0,58.21
2008,5,19,12,30,14.100000000000001,26,39,188,188,26,39,53.6
2008,5,19,13,30,17.1,74,244,584,0,9,9,44.87
2008,5,19,14,30,20.200000000000003,97,481,760,422,208,421,37.12
2008,5,19,15,30,22.400000000000002,110,703,855,475,319,648,31.66
2008,5,19,16,30,24,119,883,905,905,119,883,28.560000000000002
2008,5,19,17,30,25.1,123,1008,934,934,123,1008,26.89
2008,5,19,18,30,25.900000000000002,143,1060,921,921,143,1060,25.55
2008,5,19,19,30,26.400000000000002,141,1047,921,1,190,191,24.32
2008,5,19,20,30,26.5,135,962,903,481,360,801,23.48
2008,5,19,21,30,26.1,116,820,887,270,359,574,23.73
2008,5,19,22,30,25.200000000000003,105,621,823,353,275,496,25.330000000000002
2008,5,19,23,30,23.700000000000003,88,391,707,79,205,239,28.54
2008,5,20,0,30,21.900000000000002,61,157,462,56,104,116,33.36
2008,5,20,1,30,20.3,0,0,0,0,0,0,42.69
2008,5,20,2,30,19,0,0,0,0,0,0,48.2
2008,5,20,3,30,17.900000000000002,0,0,0,0,0,0,53.01
2008,5,20,4,30,16.7,0,0,0,0,0,0,59.52
2008,5,20,5,30,15.600000000000001,0,0,0,0,0,0,64.21000000000001
2008,5,20,6,30,14.8,0,0,0,0,0,0,67.54
2008,5,20,7,30,14,0,0,0,0,0,0,70.84
2008,5,20,8,30,13.3,0,0,0,0,0,0,73.69
2008,5,20,9,30,12.8,0,0,0,0,0,0,75.26
2008,5,20,10,30,12.3,0,0,0,0,0,0,76.72
2008,5,20,11,30,12.200000000000001,0,0,0,0,0,0,76.18
2008,5,20,12,30,14,23,43,279,279,23,43,67.49
2008,5,20,13,30,17.6,58,255,675,675,58,255,53.730000000000004
2008,5,20,14,30,20.8,76,494,829,829,76,494,39.4
2008,5,20,15,30,22.900000000000002,87,716,905,905,87,716,31.18
2008,5,20,16,30,24.5,96,896,947,947,96,896,26.87
2008,5,20,17,30,25.900000000000002,101,1020,969,969,101,1020,23.76
2008,5,20,18,30,26.900000000000002,106,1077,976,976,106,1077,21.57
2008,5,20,19,30,27.6,107,1064,972,972,107,1064,19.97
2008,5,20,20,30,28,107,980,953,953,107,980,18.82
2008,5,20,21,30,27.700000000000003,105,829,912,165,456,587,18.44
2008,5,20,22,30,27,96,631,851,851,96,631,18.85
2008,5,20,23,30,25.700000000000003,79,401,750,383,202,367,20.29
2008,5,21,0,30,23.400000000000002,53,166,535,259,99,154,23.48
2008,5,21,1,30,20.900000000000002,0,0,0,0,0,0,34.78
2008,5,21,2,30,19.5,0,0,0,0,0,0,38.32
2008,5,21,3,30,18.5,0,0,0,0,0,0,40.24
2008,5,21,4,30,17.8,0,0,0,0,0,0,42.32
2008,5,21,5,30,17.400000000000002,0,0,0,0,0,0,42.4
2008,5,21,6,30,16.7,0,0,0,0,0,0,43.89
2008,5,21,7,30,15.5,0,0,0,0,0,0,48.120000000000005
2008,5,21,8,30,14.200000000000001,0,0,0,0,0,0,52.46
2008,5,21,9,30,13.3,0,0,0,0,0,0,57
2008,5,21,10,30,12.600000000000001,0,0,0,0,0,0,62.74
2008,5,21,11,30,12.3,0,0,0,0,0,0,67.6
2008,5,21,12,30,13.600000000000001,24,44,284,284,24,44,64.56
2008,5,21,13,30,17.400000000000002,57,260,692,692,57,260,50.56
2008,5,21,14,30,22,74,505,850,850,74,505,32.4
2008,5,21,15,30,25.200000000000003,85,729,927,927,85,729,19.39
2008,5,21,16,30,27,93,911,969,969,93,911,15.66
2008,5,21,17,30,28.400000000000002,98,1037,991,991,98,1037,13.76
2008,5,21,18,30,29.5,103,1091,992,992,103,1091,12.49
2008,5,21,19,30,30.200000000000003,103,1077,989,989,103,1077,11.69
2008,5,21,20,30,30.5,101,993,973,973,101,993,11.28
2008,5,21,21,30,30.3,98,842,935,622,314,808,11.32
2008,5,21,22,30,29.400000000000002,93,639,866,618,206,595,12.16
2008,5,21,23,30,27.700000000000003,83,402,741,741,83,402,14.530000000000001
2008,5,22,0,30,24.8,59,164,494,198,75,117,20.11
2008,5,22,1,30,21.8,0,0,0,0,0,0,29.91
2008,5,22,2,30,19.6,0,0,0,0,0,0,38.11
2008,5,22,3,30,18,0,0,0,0,0,0,44.21
2008,5,22,4,30,16.8,0,0,0,0,0,0,48.56
2008,5,22,5,30,15.600000000000001,0,0,0,0,0,0,53.28
2008,5,22,6,30,14.200000000000001,0,0,0,0,0,0,59.74
2008,5,22,7,30,13.100000000000001,0,0,0,0,0,0,66.01
2008,5,22,8,30,12.3,0,0,0,0,0,0,70.95
2008,5,22,9,30,11.600000000000001,0,0,0,0,0,0,74.68
2008,5,22,10,30,11.100000000000001,0,0,0,0,0,0,76.61
2008,5,22,11,30,10.8,0,0,0,0,0,0,76.34
2008,5,22,12,30,11.8,25,44,275,275,25,44,68.7
2008,5,22,13,30,14.9,58,260,688,688,58,260,51.02
2008,5,22,14,30,18.8,74,504,848,848,74,504,33.76
2008,5,22,15,30,22.400000000000002,83,731,933,933,83,731,24.09
2008,5,22,16,30,25.3,88,917,981,981,88,917,18.77
2008,5,22,17,30,27.400000000000002,90,1048,1011,1011,90,1048,15.35
2008,5,22,18,30,28.6,94,1107,1017,1017,94,1107,13.07
2008,5,22,19,30,29.200000000000003,92,1094,1017,1017,92,1094,11.83
2008,5,22,20,30,29.1,89,1009,1003,1003,89,1009,11.55
2008,5,22,21,30,28.5,85,861,974,974,85,861,12.08
2008,5,22,22,30,27.200000000000003,79,656,915,915,79,656,13.93
2008,5,22,23,30,25.200000000000003,67,419,814,814,67,419,17.34
2008,5,23,0,30,22.5,47,178,611,611,47,178,22.66
2008,5,23,1,30,19.700000000000003,0,0,0,0,0,0,30.01
2008,5,23,2,30,17.6,0,0,0,0,0,0,37.89
2008,5,23,3,30,16,0,0,0,0,0,0,46.13
2008,5,23,4,30,14.4,0,0,0,0,0,0,56.300000000000004
2008,5,23,5,30,13,0,0,0,0,0,0,66.33
2008,5,23,6,30,11.700000000000001,0,0,0,0,0,0,74.67
2008,5,23,7,30,10.8,0,0,0,0,0,0,79.19
2008,5,23,8,30,10,0,0,0,0,0,0,81.60000000000001
2008,5,23,9,30,9.4,0,0,0,0,0,0,82.05
2008,5,23,10,30,8.8,0,0,0,0,0,0,82.18
2008,5,23,11,30,8.6,0,0,0,0,0,0,79.59
2008,5,23,12,30,10,23,50,367,367,23,50,69.3
2008,5,23,13,30,14,51,278,768,768,51,278,49.160000000000004
2008,5,23,14,30,18.8,66,526,908,908,66,526,31.220000000000002
2008,5,23,15,30,23,74,749,971,971,74,749,19.88
2008,5,23,16,30,25.900000000000002,80,934,1009,1009,80,934,14.56
2008,5,23,17,30,28,84,1061,1031,1031,84,1061,11.78
2008,5,23,18,30,29.5,85,1120,1040,1040,85,1120,10.19
2008,5,23,19,30,30.400000000000002,85,1101,1032,1032,85,1101,9.36
2008,5,23,20,30,30.8,82,1017,1020,1020,82,1017,9
2008,5,23,21,30,30.700000000000003,76,869,995,995,76,869,8.92
2008,5,23,22,30,29.900000000000002,70,664,942,942,70,664,9.25
2008,5,23,23,30,28.400000000000002,60,429,852,852,60,429,10.13
2008,5,24,0,30,25,43,184,655,655,43,184,13.02
2008,5,24,1,30,21.5,0,0,0,0,0,0,20.55
2008,5,24,2,30,19.900000000000002,0,0,0,0,0,0,22.86
2008,5,24,3,30,18.6,0,0,0,0,0,0,26.830000000000002
2008,5,24,4,30,17.1,0,0,0,0,0,0,33.18
2008,5,24,5,30,15.8,0,0,0,0,0,0,40.1
2008,5,24,6,30,14.600000000000001,0,0,0,0,0,0,47.37
2008,5,24,7,30,13.5,0,0,0,0,0,0,54.61
2008,5,24,8,30,12.5,0,0,0,0,0,0,61.26
2008,5,24,9,30,11.700000000000001,0,0,0,0,0,0,66.25
2008,5,24,10,30,11,0,0,0,0,0,0,69.8
2008,5,24,11,30,10.8,0,0,0,0,0,0,70.68
2008,5,24,12,30,12.8,23,49,359,359,23,49,61.28
2008,5,24,13,30,17.3,52,271,741,741,52,271,44.69
2008,5,24,14,30,22.700000000000003,67,515,883,883,67,515,24.75
2008,5,24,15,30,26.5,77,740,954,954,77,740,15.05
2008,5,24,16,30,28.700000000000003,83,923,993,993,83,923,12.91
2008,5,24,17,30,30.3,88,1044,1009,1009,88,1044,11.59
2008,5,24,18,30,31.5,99,1100,1005,1005,99,1100,10.620000000000001
2008,5,24,19,30,32.2,100,1087,1002,1002,100,1087,9.98
2008,5,24,20,30,32.5,98,999,982,982,98,999,9.61
2008,5,24,21,30,32.300000000000004,90,853,957,957,90,853,9.55
2008,5,24,22,30,31.6,83,651,898,898,83,651,9.86
2008,5,24,23,30,30.200000000000003,71,418,799,799,71,418,10.72
2008,5,25,0,30,27,51,178,585,585,51,178,13.38
2008,5,25,1,30,23.6,0,0,0,0,0,0,20.54
2008,5,25,2,30,22.3,0,0,0,0,0,0,23.06
2008,5,25,3,30,21.3,0,0,0,0,0,0,25.78
2008,5,25,4,30,20,0,0,0,0,0,0,30.38
2008,5,25,5,30,18.7,0,0,0,0,0,0,35.93
2008,5,25,6,30,17.7,0,0,0,0,0,0,40.43
2008,5,25,7,30,16.900000000000002,0,0,0,0,0,0,44.11
2008,5,25,8,30,16.1,0,0,0,0,0,0,47.83
2008,5,25,9,30,15.5,0,0,0,0,0,0,51.26
2008,5,25,10,30,14.9,0,0,0,0,0,0,55.08
2008,5,25,11,30,14.8,0,0,0,0,0,0,57.1
2008,5,25,12,30,16.8,27,44,228,228,27,44,51.7
2008,5,25,13,30,20.400000000000002,69,254,623,623,69,254,43.47
2008,5,25,14,30,23.900000000000002,90,492,791,791,90,492,31.36
2008,5,25,15,30,27,103,712,875,875,103,712,20.92
2008,5,25,16,30,29.3,111,893,924,924,111,893,16.94
2008,5,25,17,30,31,116,1017,951,951,116,1017,15.450000000000001
2008,5,25,18,30,32.1,107,1080,976,976,107,1080,14.49
2008,5,25,19,30,32.800000000000004,106,1068,976,712,308,1010,13.57
2008,5,25,20,30,33,104,985,959,959,104,985,12.96
2008,5,25,21,30,32.800000000000004,97,838,929,213,458,628,12.61
2008,5,25,22,30,32.1,91,641,869,30,306,325,12.57
2008,5,25,23,30,30.900000000000002,79,411,763,113,249,298,12.94
2008,5,26,0,30,28.200000000000003,57,174,534,18,96,100,14.88
2008,5,26,1,30,25.3,0,0,0,0,0,0,19.87
2008,5,26,2,30,23.700000000000003,0,0,0,0,0,0,22.09
2008,5,26,3,30,22.200000000000003,0,0,0,0,0,0,25.36
2008,5,26,4,30,20.6,0,0,0,0,0,0,30.51
2008,5,26,5,30,19.400000000000002,0,0,0,0,0,0,35.75
2008,5,26,6,30,18.5,0,0,0,0,0,0,40.410000000000004
2008,5,26,7,30,17.7,0,0,0,0,0,0,45.26
2008,5,26,8,30,16.900000000000002,0,0,0,0,0,0,50.870000000000005
2008,5,26,9,30,16.3,0,0,0,0,0,0,55.99
2008,5,26,10,30,15.700000000000001,0,0,0,0,0,0,60.84
2008,5,26,11,30,15.5,0,0,0,0,0,0,63.74
2008,5,26,12,30,17.2,29,41,157,157,29,41,58.49
2008,5,26,13,30,20.8,84,243,535,535,84,243,46.980000000000004
2008,5,26,14,30,24.6,113,478,719,719,113,478,32.85
2008,5,26,15,30,27.400000000000002,128,696,816,816,128,696,23.38
2008,5,26,16,30,29.5,139,875,870,870,139,875,18.93
2008,5,26,17,30,31.1,148,1000,899,899,148,1000,16.71
2008,5,26,18,30,32.2,171,1050,882,882,171,1050,15.23
2008,5,26,19,30,32.9,180,1034,867,867,180,1034,14.14
2008,5,26,20,30,33.2,192,948,823,823,192,948,13.4
2008,5,26,21,30,33,150,813,830,458,390,756,13.120000000000001
2008,5,26,22,30,32.2,147,614,736,0,129,129,13.540000000000001
2008,5,26,23,30,30.900000000000002,132,383,575,235,221,323,14.620000000000001
2008,5,27,0,30,28.5,86,156,321,321,86,156,17.080000000000002
2008,5,27,1,30,26,0,0,0,0,0,0,22.18
2008,5,27,2,30,24.700000000000003,0,0,0,0,0,0,24.79
2008,5,27,3,30,23.900000000000002,0,0,0,0,0,0,26.87
2008,5,27,4,30,23.1,0,0,0,0,0,0,30.11
2008,5,27,5,30,22,0,0,0,0,0,0,35.660000000000004
2008,5,27,6,30,20.8,0,0,0,0,0,0,43.27
2008,5,27,7,30,19.700000000000003,0,0,0,0,0,0,51.800000000000004
2008,5,27,8,30,18.7,0,0,0,0,0,0,60.71
2008,5,27,9,30,17.900000000000002,0,0,0,0,0,0,68.51
2008,5,27,10,30,17.3,0,0,0,0,0,0,74.10000000000001
2008,5,27,11,30,16.900000000000002,0,0,0,0,0,0,76.95
2008,5,27,12,30,17.8,30,39,119,119,30,39,72.89
2008,5,27,13,30,20.3,89,238,503,503,89,238,59.92
2008,5,27,14,30,23.8,114,473,704,704,114,473,43.28
2008,5,27,15,30,27,128,691,809,809,128,691,31.28
2008,5,27,16,30,29.400000000000002,134,871,871,871,134,871,25.36
2008,5,27,17,30,31.1,137,996,906,906,137,996,22.03
2008,5,27,18,30,32.300000000000004,145,1052,910,910,145,1052,19.81
2008,5,27,19,30,32.9,141,1042,914,515,445,952,18.5
2008,5,27,20,30,33,133,963,903,903,133,963,17.71
2008,5,27,21,30,32.6,134,815,852,852,134,815,17.41
2008,5,27,22,30,31.8,121,622,790,150,371,466,17.490000000000002
2008,5,27,23,30,30.400000000000002,100,397,679,158,219,288,18.23
2008,5,28,0,30,28.3,67,168,461,10,87,89,20.07
2008,5,28,1,30,25.900000000000002,0,0,0,0,0,0,23.43
2008,5,28,2,30,24.1,0,0,0,0,0,0,26.89
2008,5,28,3,30,22.6,0,0,0,0,0,0,31.12
2008,5,28,4,30,21.200000000000003,0,0,0,0,0,0,37.04
2008,5,28,5,30,19.8,0,0,0,0,0,0,45.65
2008,5,28,6,30,18.5,0,0,0,0,0,0,54.300000000000004
2008,5,28,7,30,17.400000000000002,0,0,0,0,0,0,61.57
2008,5,28,8,30,16.6,0,0,0,0,0,0,67.35
2008,5,28,9,30,16,0,0,0,0,0,0,71.79
2008,5,28,10,30,15.600000000000001,0,0,0,0,0,0,74.15
2008,5,28,11,30,15.3,0,0,0,0,0,0,75.57000000000001
2008,5,28,12,30,16.3,28,45,215,215,28,45,70.66
2008,5,28,13,30,19.1,71,251,606,606,71,251,55.800000000000004
2008,5,28,14,30,22.5,93,487,775,775,93,487,38.45
2008,5,28,15,30,25.400000000000002,106,708,864,864,106,708,27.75
2008,5,28,16,30,27.700000000000003,115,888,914,914,115,888,21.48
2008,5,28,17,30,29.3,117,1015,946,946,117,1015,17.73
2008,5,28,18,30,30.5,124,1071,951,951,124,1071,15.34
2008,5,28,19,30,31.1,123,1059,949,949,123,1059,14.18
2008,5,28,20,30,31.200000000000003,118,978,936,936,118,978,13.77
2008,5,28,21,30,30.900000000000002,104,837,917,917,104,837,13.96
2008,5,28,22,30,30.1,93,643,866,866,93,643,14.84
2008,5,28,23,30,28.700000000000003,77,415,772,772,77,415,16.42
2008,5,29,0,30,26.3,52,180,576,576,52,180,19.400000000000002
2008,5,29,1,30,23.8,0,0,0,0,0,0,23.48
2008,5,29,2,30,22,0,0,0,0,0,0,27.61
2008,5,29,3,30,20.6,0,0,0,0,0,0,32.36
2008,5,29,4,30,19.200000000000003,0,0,0,0,0,0,38.54
2008,5,29,5,30,17.8,0,0,0,0,0,0,46.54
2008,5,29,6,30,16.5,0,0,0,0,0,0,56.04
2008,5,29,7,30,15.4,0,0,0,0,0,0,65.67
2008,5,29,8,30,14.5,0,0,0,0,0,0,74.2
2008,5,29,9,30,13.700000000000001,0,0,0,0,0,0,80.74
2008,5,29,10,30,13,0,0,0,0,0,0,85.23
2008,5,29,11,30,12.700000000000001,0,0,0,0,0,0,86.5
2008,5,29,12,30,13.9,25,49,309,309,25,49,78.74
2008,5,29,13,30,16.900000000000002,56,267,706,706,56,267,60.39
2008,5,29,14,30,20.8,71,507,858,858,71,507,40.39
2008,5,29,15,30,24.200000000000003,80,729,933,933,80,729,26.84
2008,5,29,16,30,26.6,85,910,975,975,85,910,20.64
2008,5,29,17,30,28.3,88,1035,998,998,88,1035,17.29
2008,5,29,18,30,29.6,96,1091,999,999,96,1091,15.25
2008,5,29,19,30,30.3,95,1080,998,998,95,1080,14.14
2008,5,29,20,30,30.6,92,998,986,986,92,998,13.450000000000001
2008,5,29,21,30,30.400000000000002,85,854,960,960,85,854,13.06
2008,5,29,22,30,29.700000000000003,78,658,911,911,78,658,13.1
2008,5,29,23,30,28.5,66,427,822,822,66,427,13.73
2008,5,30,0,30,25.8,47,189,635,635,47,189,15.94
2008,5,30,1,30,22.6,0,0,0,0,0,0,20.28
2008,5,30,2,30,20.8,0,0,0,0,0,0,23.330000000000002
2008,5,30,3,30,19.700000000000003,0,0,0,0,0,0,26.46
2008,5,30,4,30,18.5,0,0,0,0,0,0,31.63
2008,5,30,5,30,17.400000000000002,0,0,0,0,0,0,38.59
2008,5,30,6,30,16.2,0,0,0,0,0,0,47.2
2008,5,30,7,30,15.100000000000001,0,0,0,0,0,0,56.18
2008,5,30,8,30,14.100000000000001,0,0,0,0,0,0,64.1
2008,5,30,9,30,13.4,0,0,0,0,0,0,69.79
2008,5,30,10,30,12.8,0,0,0,0,0,0,74.19
2008,5,30,11,30,12.600000000000001,0,0,0,0,0,0,76.07000000000001
2008,5,30,12,30,14.200000000000001,24,51,351,351,24,51,68.75
2008,5,30,13,30,17.8,52,268,724,724,52,268,53.83
2008,5,30,14,30,22.3,66,507,866,866,66,507,36.46
2008,5,30,15,30,25.900000000000002,75,728,937,937,75,728,23.56
2008,5,30,16,30,28.200000000000003,82,910,979,979,82,910,18.2
2008,5,30,17,30,29.8,86,1034,1000,1000,86,1034,15.77
2008,5,30,18,30,30.900000000000002,86,1094,1011,1011,86,1094,14.31
2008,5,30,19,30,31.6,86,1082,1009,1009,86,1082,13.35
2008,5,30,20,30,31.900000000000002,84,997,992,992,84,997,12.790000000000001
2008,5,30,21,30,31.700000000000003,79,854,968,968,79,854,12.61
2008,5,30,22,30,31.1,71,659,921,921,71,659,12.700000000000001
2008,5,30,23,30,29.8,61,429,835,835,61,429,13.44
2008,5,31,0,30,27.1,44,191,652,652,44,191,15.6
2008,5,31,1,30,23.900000000000002,0,0,0,0,0,0,19.94
2008,5,31,2,30,22.1,0,0,0,0,0,0,23.41
2008,5,31,3,30,21,0,0,0,0,0,0,27.53
2008,5,31,4,30,19.8,0,0,0,0,0,0,34.04
2008,5,31,5,30,18.7,0,0,0,0,0,0,42.410000000000004
2008,5,31,6,30,17.6,0,0,0,0,0,0,51.51
2008,5,31,7,30,16.6,0,0,0,0,0,0,60.18
2008,5,31,8,30,15.9,0,0,0,0,0,0,67.48
2008,5,31,9,30,15.200000000000001,0,0,0,0,0,0,73.54
2008,5,31,10,30,14.600000000000001,0,0,0,0,0,0,77.62
2008,5,31,11,30,14.600000000000001,0,0,0,0,0,0,77.96000000000001
2008,5,31,12,30,16.400000000000002,24,50,323,323,24,50,69.5
2008,5,31,13,30,20.1,55,262,693,693,55,262,54.42
2008,5,31,14,30,24.200000000000003,71,498,839,839,71,498,38.5
2008,5,31,15,30,27.400000000000002,81,718,916,916,81,718,27.400000000000002
2008,5,31,16,30,29.5,88,897,956,956,88,897,22.47
2008,5,31,17,30,31.1,91,1020,980,980,91,1020,19.53
2008,5,31,18,30,32.2,96,1078,985,985,96,1078,17.57
2008,5,31,19,30,32.9,95,1066,984,984,95,1066,16.12
2008,5,31,20,30,33.1,92,986,971,971,92,986,15.21
2008,5,31,21,30,32.9,85,844,947,947,85,844,14.73
2008,5,31,22,30,32.1,78,650,897,897,78,650,14.93
2008,5,31,23,30,30.900000000000002,67,423,806,806,67,423,15.540000000000001
2008,6,1,0,30,28.3,48,186,610,610,48,186,17.68
2008,6,1,1,30,25.5,0,0,0,0,0,0,21.26
2008,6,1,2,30,23.900000000000002,0,0,0,0,0,0,23.6
2008,6,1,3,30,22.400000000000002,0,0,0,0,0,0,26.1
2008,6,1,4,30,20.8,0,0,0,0,0,0,29.72
2008,6,1,5,30,19.5,0,0,0,0,0,0,34.800000000000004
2008,6,1,6,30,18.5,0,0,0,0,0,0,41.26
2008,6,1,7,30,17.7,0,0,0,0,0,0,48.06
2008,6,1,8,30,17.1,0,0,0,0,0,0,53.89
2008,6,1,9,30,16.6,0,0,0,0,0,0,58.7
2008,6,1,10,30,16.2,0,0,0,0,0,0,63.29
2008,6,1,11,30,16.2,0,0,0,0,0,0,66.24
2008,6,1,12,30,17.7,25,49,306,1,31,31,61.58
2008,6,1,13,30,21,56,262,690,690,56,262,49.86
2008,6,1,14,30,24.8,70,500,844,844,70,500,35.59
2008,6,1,15,30,28,78,719,920,920,78,719,24.3
2008,6,1,16,30,30.3,83,901,967,967,83,901,18.94
2008,6,1,17,30,31.900000000000002,85,1028,995,995,85,1028,16.330000000000002
2008,6,1,18,30,33,85,1087,1005,1005,85,1087,14.42
2008,6,1,19,30,33.800000000000004,83,1079,1009,1009,83,1079,12.8
2008,6,1,20,30,34.1,80,999,998,998,80,999,11.8
2008,6,1,21,30,33.800000000000004,77,856,971,971,77,856,11.23
2008,6,1,22,30,33.1,70,661,925,925,70,661,11.03
2008,6,1,23,30,31.700000000000003,59,433,843,843,59,433,11.370000000000001
2008,6,2,0,30,28.8,43,196,671,671,43,196,12.94
2008,6,2,1,30,25.5,0,0,0,0,0,0,16.26
2008,6,2,2,30,23.700000000000003,0,0,0,0,0,0,18.26
2008,6,2,3,30,22.5,0,0,0,0,0,0,20.85
2008,6,2,4,30,21,0,0,0,0,0,0,26.66
2008,6,2,5,30,19.6,0,0,0,0,0,0,35.44
2008,6,2,6,30,18.3,0,0,0,0,0,0,45.2
2008,6,2,7,30,17.2,0,0,0,0,0,0,53.660000000000004
2008,6,2,8,30,16.2,0,0,0,0,0,0,61.78
2008,6,2,9,30,15.4,0,0,0,0,0,0,68.86
2008,6,2,10,30,14.700000000000001,0,0,0,0,0,0,74.31
2008,6,2,11,30,14.3,0,0,0,0,0,0,77.75
2008,6,2,12,30,15.600000000000001,24,52,361,361,24,52,72.60000000000001
2008,6,2,13,30,18.8,51,269,733,733,51,269,55.93
2008,6,2,14,30,23.1,64,508,873,873,64,508,35.19
2008,6,2,15,30,27.5,72,731,947,947,72,731,19.96
2008,6,2,16,30,30.6,77,911,986,986,77,911,14.8
2008,6,2,17,30,32.4,80,1036,1008,1008,80,1036,13.040000000000001
2008,6,2,18,30,33.5,90,1092,1006,1006,90,1092,12.030000000000001
2008,6,2,19,30,34.2,89,1081,1004,1004,89,1081,11.22
2008,6,2,20,30,34.4,87,1000,991,991,87,1000,10.61
2008,6,2,21,30,34.2,79,858,970,970,79,858,10.28
2008,6,2,22,30,33.5,72,664,924,924,72,664,10.24
2008,6,2,23,30,32.2,61,435,839,839,61,435,10.61
2008,6,3,0,30,29.1,45,196,659,659,45,196,12.31
2008,6,3,1,30,25.5,0,0,0,0,0,0,15.91
2008,6,3,2,30,23.6,0,0,0,0,0,0,17.97
2008,6,3,3,30,22.3,0,0,0,0,0,0,20.97
2008,6,3,4,30,20.900000000000002,0,0,0,0,0,0,27.48
2008,6,3,5,30,19.5,0,0,0,0,0,0,36.67
2008,6,3,6,30,18.2,0,0,0,0,0,0,46.97
2008,6,3,7,30,17.1,0,0,0,0,0,0,56
2008,6,3,8,30,16.2,0,0,0,0,0,0,62.85
2008,6,3,9,30,15.4,0,0,0,0,0,0,68.92
2008,6,3,10,30,14.700000000000001,0,0,0,0,0,0,74.05
2008,6,3,11,30,14.5,0,0,0,0,0,0,76.13
2008,6,3,12,30,16,23,53,372,1,34,34,69.34
2008,6,3,13,30,19.900000000000002,50,269,733,26,158,166,50.06
2008,6,3,14,30,24.6,64,506,868,357,241,423,31.470000000000002
2008,6,3,15,30,28.6,73,728,940,940,73,728,20.73
2008,6,3,16,30,31,79,907,980,980,79,907,16.5
2008,6,3,17,30,32.6,83,1035,1005,1005,83,1035,14.21
2008,6,3,18,30,33.800000000000004,81,1095,1018,1018,81,1095,12.5
2008,6,3,19,30,34.5,79,1088,1021,1021,79,1088,11.11
2008,6,3,20,30,34.800000000000004,76,1008,1011,1011,76,1008,10.05
2008,6,3,21,30,34.6,78,866,981,981,78,866,9.25
2008,6,3,22,30,33.800000000000004,71,671,937,937,71,671,8.83
2008,6,3,23,30,32.4,60,443,860,860,60,443,8.78
2008,6,4,0,30,29.1,43,202,688,688,43,202,9.86
2008,6,4,1,30,25.3,0,0,0,0,0,0,12.74
2008,6,4,2,30,23.1,0,0,0,0,0,0,14.3
2008,6,4,3,30,21.6,0,0,0,0,0,0,16.41
2008,6,4,4,30,20.3,0,0,0,0,0,0,21.28
2008,6,4,5,30,19.1,0,0,0,0,0,0,30.05
2008,6,4,6,30,18.1,0,0,0,0,0,0,41.58
2008,6,4,7,30,17.1,0,0,0,0,0,0,53.54
2008,6,4,8,30,16.3,0,0,0,0,0,0,62.68
2008,6,4,9,30,15.8,0,0,0,0,0,0,67.6
2008,6,4,10,30,15.3,0,0,0,0,0,0,70.41
2008,6,4,11,30,15.3,0,0,0,0,0,0,70.16
2008,6,4,12,30,17.2,23,54,389,8,36,36,62.18
2008,6,4,13,30,21.200000000000003,49,271,745,114,152,186,48.550000000000004
2008,6,4,14,30,25.6,63,510,879,528,161,430,35.09
2008,6,4,15,30,29.400000000000002,72,730,946,381,343,608,22.54
2008,6,4,16,30,32,79,910,984,722,272,883,14.790000000000001
2008,6,4,17,30,33.7,83,1034,1004,785,246,990,12.120000000000001
2008,6,4,18,30,34.9,88,1093,1008,937,90,1023,10.65
2008,6,4,19,30,35.800000000000004,89,1082,1005,1005,89,1082,9.65
2008,6,4,20,30,36.1,88,1001,991,991,88,1001,9.11
2008,6,4,21,30,35.9,81,856,964,964,81,856,8.88
2008,6,4,22,30,35.2,75,662,915,915,75,662,8.98
2008,6,4,23,30,33.9,64,434,827,827,64,434,9.450000000000001
2008,6,5,0,30,30.8,47,196,642,642,47,196,11.15
2008,6,5,1,30,27.200000000000003,0,0,0,0,0,0,14.98
2008,6,5,2,30,25.1,0,0,0,0,0,0,17.2
2008,6,5,3,30,23.6,0,0,0,0,0,0,19.72
2008,6,5,4,30,22.200000000000003,0,0,0,0,0,0,24.07
2008,6,5,5,30,20.900000000000002,0,0,0,0,0,0,31.6
2008,6,5,6,30,19.900000000000002,0,0,0,0,0,0,43.2
2008,6,5,7,30,19.1,0,0,0,0,0,0,56.64
2008,6,5,8,30,18.400000000000002,0,0,0,0,0,0,68.11
2008,6,5,9,30,17.8,0,0,0,0,0,0,75.74
2008,6,5,10,30,17.2,0,0,0,0,0,0,81.33
2008,6,5,11,30,17.1,0,0,0,0,0,0,82.26
2008,6,5,12,30,18.400000000000002,26,50,294,11,38,39,75.23
2008,6,5,13,30,21.200000000000003,57,260,679,20,153,159,61.19
2008,6,5,14,30,24.6,73,497,835,274,260,400,46.300000000000004
2008,6,5,15,30,27.900000000000002,82,716,912,642,258,704,34.15
2008,6,5,16,30,30.900000000000002,89,894,954,954,89,894,24.84
2008,6,5,17,30,33.1,93,1021,979,804,217,979,19.12
2008,6,5,18,30,34.7,105,1074,973,973,105,1074,15.65
2008,6,5,19,30,35.7,105,1063,970,796,223,1009,13.56
2008,6,5,20,30,36.1,103,984,955,955,103,984,12.38
2008,6,5,21,30,36,107,837,907,907,107,837,11.81
2008,6,5,22,30,35.300000000000004,101,641,841,841,101,641,11.94
2008,6,5,23,30,33.9,91,414,720,1,67,68,12.75
2008,6,6,0,30,31.400000000000002,67,181,488,5,79,80,14.780000000000001
2008,6,6,1,30,28.700000000000003,0,0,0,0,0,0,18.81
2008,6,6,2,30,26.900000000000002,0,0,0,0,0,0,22.3
2008,6,6,3,30,25.5,0,0,0,0,0,0,25.26
2008,6,6,4,30,24.1,0,0,0,0,0,0,28.990000000000002
2008,6,6,5,30,22.700000000000003,0,0,0,0,0,0,34.29
2008,6,6,6,30,21.400000000000002,0,0,0,0,0,0,41.980000000000004
2008,6,6,7,30,20.3,0,0,0,0,0,0,50.300000000000004
2008,6,6,8,30,19.400000000000002,0,0,0,0,0,0,57.85
2008,6,6,9,30,18.6,0,0,0,0,0,0,64.34
2008,6,6,10,30,17.900000000000002,0,0,0,0,0,0,69.64
2008,6,6,11,30,17.7,0,0,0,0,0,0,71.23
2008,6,6,12,30,19.5,28,47,242,242,28,47,63.01
2008,6,6,13,30,22.900000000000002,65,253,630,630,65,253,47.63
2008,6,6,14,30,26.3,82,486,794,794,82,486,34.410000000000004
2008,6,6,15,30,29.200000000000003,92,705,882,882,92,705,27.91
2008,6,6,16,30,31.6,99,885,931,931,99,885,23.81
2008,6,6,17,30,33.2,103,1009,957,957,103,1009,20.830000000000002
2008,6,6,18,30,34.300000000000004,105,1068,967,967,105,1068,18.38
2008,6,6,19,30,34.9,104,1058,965,600,381,974,16.44
2008,6,6,20,30,35.1,103,979,950,746,258,946,15.02
2008,6,6,21,30,34.7,98,838,920,920,98,838,14.24
2008,6,6,22,30,33.9,90,647,865,865,90,647,13.97
2008,6,6,23,30,32.4,77,422,770,0,137,137,14.39
2008,6,7,0,30,30,55,190,574,574,55,190,15.99
2008,6,7,1,30,27.200000000000003,11,12,68,0,5,5,19.6
2008,6,7,2,30,24.8,0,0,0,0,0,0,26.93
2008,6,7,3,30,22.700000000000003,0,0,0,0,0,0,40.230000000000004
2008,6,7,4,30,21,0,0,0,0,0,0,54.5
2008,6,7,5,30,20,0,0,0,0,0,0,63.27
2008,6,7,6,30,19.400000000000002,0,0,0,0,0,0,68.61
2008,6,7,7,30,19,0,0,0,0,0,0,72.92
2008,6,7,8,30,18.6,0,0,0,0,0,0,76.02
2008,6,7,9,30,18.3,0,0,0,0,0,0,77.72
2008,6,7,10,30,17.900000000000002,0,0,0,0,0,0,79.10000000000001
2008,6,7,11,30,17.7,0,0,0,0,0,0,79.33
2008,6,7,12,30,18.6,24,50,329,11,37,38,74.28
2008,6,7,13,30,20.900000000000002,51,259,699,699,51,259,61.89
2008,6,7,14,30,23.6,64,491,841,841,64,491,47.44
2008,6,7,15,30,26.200000000000003,71,704,911,911,71,704,35.62
2008,6,7,16,30,28.400000000000002,76,878,949,949,76,878,28.650000000000002
2008,6,7,17,30,30,79,998,970,970,79,998,25.330000000000002
2008,6,7,18,30,30.8,90,1051,965,128,508,636,24.19
2008,6,7,19,30,30.900000000000002,89,1040,962,220,529,747,24.150000000000002
2008,6,7,20,30,30.3,88,960,945,945,88,960,25.16
2008,6,7,21,30,29.3,76,824,928,114,407,499,27.19
2008,6,7,22,30,28.200000000000003,69,636,879,1,202,202,29.79
2008,6,7,23,30,26.900000000000002,59,418,798,24,208,219,33.14
2008,6,8,0,30,25.400000000000002,43,190,626,626,43,190,37.4
2008,6,8,1,30,24,10,13,143,0,5,5,42.33
2008,6,8,2,30,22.700000000000003,0,0,0,0,0,0,47.980000000000004
2008,6,8,3,30,21.3,0,0,0,0,0,0,54.370000000000005
2008,6,8,4,30,20,0,0,0,0,0,0,61.04
2008,6,8,5,30,18.900000000000002,0,0,0,0,0,0,67.06
2008,6,8,6,30,18.2,0,0,0,0,0,0,71.51
2008,6,8,7,30,17.7,0,0,0,0,0,0,75.52
2008,6,8,8,30,17.3,0,0,0,0,0,0,79.01
2008,6,8,9,30,17,0,0,0,0,0,0,81.66
2008,6,8,10,30,16.8,0,0,0,0,0,0,83.38
2008,6,8,11,30,16.7,0,0,0,0,0,0,83.79
2008,6,8,12,30,17.7,22,50,343,343,22,50,78.15
2008,6,8,13,30,19.8,48,254,691,691,48,254,66.85
2008,6,8,14,30,22.400000000000002,61,482,828,828,61,482,54.63
2008,6,8,15,30,24.700000000000003,69,693,899,3,279,281,44.93
2008,6,8,16,30,26.5,76,867,937,35,400,430,38.04
2008,6,8,17,30,27.6,79,987,958,535,373,880,34.47
2008,6,8,18,30,28.1,80,1045,968,431,455,884,32.910000000000004
2008,6,8,19,30,28.3,79,1036,968,968,79,1036,32.38
2008,6,8,20,30,28.1,76,960,957,957,76,960,33.02
2008,6,8,21,30,27.5,67,823,937,69,390,446,34.75
2008,6,8,22,30,26.5,61,638,893,286,264,448,37.67
2008,6,8,23,30,25.400000000000002,53,420,814,76,208,242,41.34
2008,6,9,0,30,24.1,39,193,648,13,92,95,46.4
2008,6,9,1,30,22.8,10,14,179,0,5,5,53.5
2008,6,9,2,30,21.700000000000003,0,0,0,0,0,0,60.620000000000005
2008,6,9,3,30,20.5,0,0,0,0,0,0,66.85
2008,6,9,4,30,19.3,0,0,0,0,0,0,72.75
2008,6,9,5,30,18.1,0,0,0,0,0,0,78.18
2008,6,9,6,30,17.1,0,0,0,0,0,0,82.39
2008,6,9,7,30,16.400000000000002,0,0,0,0,0,0,84.68
2008,6,9,8,30,15.9,0,0,0,0,0,0,85.88
2008,6,9,9,30,15.600000000000001,0,0,0,0,0,0,86.21000000000001
2008,6,9,10,30,15.4,0,0,0,0,0,0,85.94
2008,6,9,11,30,15.3,0,0,0,0,0,0,85.67
2008,6,9,12,30,15.9,22,50,348,0,19,19,82.14
2008,6,9,13,30,17.7,48,254,692,9,91,94,73.14
2008,6,9,14,30,20,61,481,826,7,145,148,62.51
2008,6,9,15,30,22.5,70,693,898,0,127,127,52.730000000000004
2008,6,9,16,30,24.5,74,866,939,53,361,406,46.35
2008,6,9,17,30,25.8,77,987,961,0,134,135,42.72
2008,6,9,18,30,26.5,81,1043,965,1,344,345,40.89
2008,6,9,19,30,26.400000000000002,82,1032,961,82,460,541,41.24
2008,6,9,20,30,25.6,80,956,948,1,195,196,43.51
2008,6,9,21,30,24.400000000000002,77,818,918,1,165,166,47.47
2008,6,9,22,30,23.1,72,632,866,13,226,234,52.56
2008,6,9,23,30,21.8,62,414,779,0,53,53,58.39
2008,6,10,0,30,20.5,46,189,598,0,16,16,65.08
2008,6,10,1,30,19.5,11,14,114,0,4,4,72.29
2008,6,10,2,30,18.8,0,0,0,0,0,0,77.97
2008,6,10,3,30,18.400000000000002,0,0,0,0,0,0,80.81
2008,6,10,4,30,17.900000000000002,0,0,0,0,0,0,83.44
2008,6,10,5,30,17.400000000000002,0,0,0,0,0,0,86.01
2008,6,10,6,30,17,0,0,0,0,0,0,87.56
2008,6,10,7,30,16.7,0,0,0,0,0,0,88.51
2008,6,10,8,30,16.5,0,0,0,0,0,0,88.96000000000001
2008,6,10,9,30,16.3,0,0,0,0,0,0,89.09
2008,6,10,10,30,16,0,0,0,0,0,0,89.62
2008,6,10,11,30,15.8,0,0,0,0,0,0,90.11
2008,6,10,12,30,16.1,23,50,345,0,20,20,87.54
2008,6,10,13,30,17.1,51,257,695,28,127,135,80.68
2008,6,10,14,30,18.6,66,489,834,71,233,269,71.27
2008,6,10,15,30,20.200000000000003,75,703,905,60,307,349,61.32
2008,6,10,16,30,21.8,81,879,946,216,379,561,52.6
2008,6,10,17,30,22.900000000000002,84,1001,969,268,401,655,46.82
2008,6,10,18,30,23.700000000000003,84,1058,978,217,447,663,42.67
2008,6,10,19,30,24,83,1049,978,232,447,676,40.34
2008,6,10,20,30,23.900000000000002,80,971,964,124,460,575,39.32
2008,6,10,21,30,23.6,74,834,940,43,349,384,39.06
2008,6,10,22,30,23.1,67,647,898,333,282,497,39.63
2008,6,10,23,30,22.3,57,428,819,23,171,182,41.800000000000004
2008,6,11,0,30,20.8,41,199,659,1,49,50,49.6
2008,6,11,1,30,19.200000000000003,11,15,185,0,5,5,60.71
2008,6,11,2,30,18.400000000000002,0,0,0,0,0,0,63.940000000000005
2008,6,11,3,30,17.900000000000002,0,0,0,0,0,0,65.99
2008,6,11,4,30,17.400000000000002,0,0,0,0,0,0,68.13
2008,6,11,5,30,17,0,0,0,0,0,0,70.44
2008,6,11,6,30,16.6,0,0,0,0,0,0,73.49
2008,6,11,7,30,16.3,0,0,0,0,0,0,76.85000000000001
2008,6,11,8,30,15.9,0,0,0,0,0,0,81.25
2008,6,11,9,30,15.600000000000001,0,0,0,0,0,0,84.98
2008,6,11,10,30,15.3,0,0,0,0,0,0,87.92
2008,6,11,11,30,15.3,0,0,0,0,0,0,88.24
2008,6,11,12,30,15.9,24,49,313,1,22,22,84.87
2008,6,11,13,30,17.3,53,253,673,1,54,54,76.93
2008,6,11,14,30,19.400000000000002,68,482,817,0,60,60,64.11
2008,6,11,15,30,21.6,77,694,890,316,302,520,51.64
2008,6,11,16,30,23.400000000000002,84,869,931,931,84,869,44.08
2008,6,11,17,30,24.700000000000003,89,990,953,464,336,776,40.03
2008,6,11,18,30,25.5,96,1048,956,647,245,890,37.7
2008,6,11,19,30,25.8,95,1039,955,628,267,888,36.75
2008,6,11,20,30,25.8,92,963,942,140,457,587,36.44
2008,6,11,21,30,25.5,87,826,915,631,210,720,36.38
2008,6,11,22,30,24.900000000000002,79,640,866,45,292,321,37.050000000000004
2008,6,11,23,30,24,68,421,778,3,108,109,38.79
2008,6,12,0,30,22.5,49,194,603,2,59,60,43.03
2008,6,12,1,30,20.700000000000003,12,15,128,0,6,6,54.6
2008,6,12,2,30,19.400000000000002,0,0,0,0,0,0,58.370000000000005
2008,6,12,3,30,18.400000000000002,0,0,0,0,0,0,60.910000000000004
2008,6,12,4,30,17.6,0,0,0,0,0,0,64.06
2008,6,12,5,30,17.1,0,0,0,0,0,0,66.48
2008,6,12,6,30,16.6,0,0,0,0,0,0,68.9
2008,6,12,7,30,16,0,0,0,0,0,0,71.59
2008,6,12,8,30,15.4,0,0,0,0,0,0,74.23
2008,6,12,9,30,14.9,0,0,0,0,0,0,76.56
2008,6,12,10,30,14.5,0,0,0,0,0,0,78.74
2008,6,12,11,30,14.700000000000001,0,0,0,0,0,0,78.35000000000001
2008,6,12,12,30,16.7,24,49,322,322,24,49,70.10000000000001
2008,6,12,13,30,20.3,52,256,685,685,52,256,57.38
2008,6,12,14,30,23.8,67,488,831,424,219,434,44.86
2008,6,12,15,30,26.200000000000003,75,704,908,908,75,704,35.75
2008,6,12,16,30,28,81,883,951,951,81,883,30.060000000000002
2008,6,12,17,30,29.5,85,1009,977,977,85,1009,26.29
2008,6,12,18,30,30.6,89,1068,984,495,443,936,23.61
2008,6,12,19,30,31.400000000000002,88,1060,982,2,376,377,21.54
2008,6,12,20,30,31.700000000000003,86,983,969,1,333,334,20.22
2008,6,12,21,30,31.6,82,845,943,943,82,845,19.42
2008,6,12,22,30,30.900000000000002,76,656,894,150,365,462,19.42
2008,6,12,23,30,29.700000000000003,65,433,809,363,207,372,20.19
2008,6,13,0,30,27.1,48,201,634,153,122,159,23.28
2008,6,13,1,30,24.400000000000002,12,16,142,142,12,16,34.7
2008,6,13,2,30,23,0,0,0,0,0,0,38.730000000000004
2008,6,13,3,30,22,0,0,0,0,0,0,40.89
2008,6,13,4,30,20.8,0,0,0,0,0,0,44.69
2008,6,13,5,30,19.700000000000003,0,0,0,0,0,0,50.14
2008,6,13,6,30,18.7,0,0,0,0,0,0,57.04
2008,6,13,7,30,17.900000000000002,0,0,0,0,0,0,64.2
2008,6,13,8,30,17.3,0,0,0,0,0,0,70.92
2008,6,13,9,30,16.6,0,0,0,0,0,0,77.4
2008,6,13,10,30,16,0,0,0,0,0,0,82.72
2008,6,13,11,30,15.9,0,0,0,0,0,0,84.93
2008,6,13,12,30,17.400000000000002,24,49,327,1,30,30,78.34
2008,6,13,13,30,20.5,52,258,697,697,52,258,64.34
2008,6,13,14,30,23.8,65,492,844,844,65,492,50.14
2008,6,13,15,30,26.5,74,708,916,916,74,708,38.61
2008,6,13,16,30,28.6,79,885,957,957,79,885,30.79
2008,6,13,17,30,30.1,84,1009,978,978,84,1009,26.57
2008,6,13,18,30,31,87,1066,984,174,505,679,24.3
2008,6,13,19,30,31.6,88,1057,981,758,248,998,22.73
2008,6,13,20,30,31.8,86,978,964,0,266,266,21.97
2008,6,13,21,30,31.5,87,840,930,107,407,494,21.78
2008,6,13,22,30,30.700000000000003,79,652,882,225,350,496,22.36
2008,6,13,23,30,29.5,68,429,791,259,194,312,23.62
2008,6,14,0,30,27.400000000000002,50,199,612,87,119,140,26.560000000000002
2008,6,14,1,30,25.3,13,16,129,129,13,16,32.86
2008,6,14,2,30,24.1,0,0,0,0,0,0,37.19
2008,6,14,3,30,23.3,0,0,0,0,0,0,39
2008,6,14,4,30,22.400000000000002,0,0,0,0,0,0,41.13
2008,6,14,5,30,21.3,0,0,0,0,0,0,44.11
2008,6,14,6,30,20,0,0,0,0,0,0,49.300000000000004
2008,6,14,7,30,18.7,0,0,0,0,0,0,56.52
2008,6,14,8,30,17.7,0,0,0,0,0,0,64.65
2008,6,14,9,30,17,0,0,0,0,0,0,71.86
2008,6,14,10,30,16.400000000000002,0,0,0,0,0,0,77.83
2008,6,14,11,30,16,0,0,0,0,0,0,81.84
2008,6,14,12,30,17.2,24,49,329,329,24,49,76.64
2008,6,14,13,30,20.200000000000003,50,259,706,706,50,259,60.08
2008,6,14,14,30,23.400000000000002,63,493,851,851,63,493,44.67
2008,6,14,15,30,26.1,71,711,925,925,71,711,35.69
2008,6,14,16,30,28,76,889,965,965,76,889,29.88
2008,6,14,17,30,29.5,80,1010,984,984,80,1010,25.85
2008,6,14,18,30,30.6,91,1068,981,773,238,1008,23.35
2008,6,14,19,30,31.3,90,1057,978,165,504,667,21.94
2008,6,14,20,30,31.5,88,981,966,220,512,716,21.28
2008,6,14,21,30,31.3,86,843,935,140,441,555,21.12
2008,6,14,22,30,30.5,79,655,886,772,147,649,21.69
2008,6,14,23,30,29.3,68,432,797,797,68,432,22.82
2008,6,15,0,30,27.200000000000003,50,201,618,64,130,146,25.52
2008,6,15,1,30,25,13,17,125,0,9,9,31.240000000000002
2008,6,15,2,30,23.900000000000002,0,0,0,0,0,0,35.37
2008,6,15,3,30,23,0,0,0,0,0,0,38.93
2008,6,15,4,30,21.8,0,0,0,0,0,0,44.84
2008,6,15,5,30,20.400000000000002,0,0,0,0,0,0,52.58
2008,6,15,6,30,18.900000000000002,0,0,0,0,0,0,61.550000000000004
2008,6,15,7,30,17.7,0,0,0,0,0,0,69.02
2008,6,15,8,30,16.8,0,0,0,0,0,0,74.7
2008,6,15,9,30,16.1,0,0,0,0,0,0,79.45
2008,6,15,10,30,15.5,0,0,0,0,0,0,83.58
2008,6,15,11,30,15.5,0,0,0,0,0,0,84.33
2008,6,15,12,30,17,24,48,303,303,24,48,76.82000000000001
2008,6,15,13,30,20.1,54,254,679,679,54,254,61.03
2008,6,15,14,30,23.3,67,487,833,833,67,487,46.2
2008,6,15,15,30,25.700000000000003,72,706,917,917,72,706,37.59
2008,6,15,16,30,27.400000000000002,75,883,960,960,75,883,32.31
2008,6,15,17,30,28.8,77,1007,984,984,77,1007,28.650000000000002
2008,6,15,18,30,29.900000000000002,83,1069,990,990,83,1069,26.1
2008,6,15,19,30,30.6,82,1062,990,990,82,1062,24.29
2008,6,15,20,30,30.900000000000002,78,986,980,193,506,685,23.150000000000002
2008,6,15,21,30,30.8,72,847,956,0,169,169,22.48
2008,6,15,22,30,30.200000000000003,67,660,911,311,325,527,22.62
2008,6,15,23,30,29.1,58,439,832,398,199,381,23.62
2008,6,16,0,30,27.1,43,206,664,33,108,116,26.2
2008,6,16,1,30,25,12,18,189,189,12,18,32.56
2008,6,16,2,30,23.900000000000002,0,0,0,0,0,0,36.25
2008,6,16,3,30,23.200000000000003,0,0,0,0,0,0,37.74
2008,6,16,4,30,22.5,0,0,0,0,0,0,40.11
2008,6,16,5,30,21.5,0,0,0,0,0,0,44.47
2008,6,16,6,30,20.400000000000002,0,0,0,0,0,0,50.06
2008,6,16,7,30,19.200000000000003,0,0,0,0,0,0,56.15
2008,6,16,8,30,18.3,0,0,0,0,0,0,62.13
2008,6,16,9,30,17.5,0,0,0,0,0,0,68.04
2008,6,16,10,30,16.7,0,0,0,0,0,0,74.09
2008,6,16,11,30,16.5,0,0,0,0,0,0,77.12
2008,6,16,12,30,18.2,23,49,335,335,23,49,70.66
2008,6,16,13,30,21.700000000000003,51,259,706,706,51,259,56.230000000000004
2008,6,16,14,30,25,64,494,851,851,64,494,40.35
2008,6,16,15,30,27.200000000000003,73,710,922,922,73,710,30.61
2008,6,16,16,30,28.900000000000002,79,891,965,965,79,891,25.650000000000002
2008,6,16,17,30,30.3,83,1016,987,987,83,1016,22.490000000000002
2008,6,16,18,30,31.3,91,1072,986,986,91,1072,20.51
2008,6,16,19,30,31.900000000000002,91,1065,985,985,91,1065,19.45
2008,6,16,20,30,32.2,88,987,970,970,88,987,18.82
2008,6,16,21,30,32.1,81,850,948,419,383,723,18.63
2008,6,16,22,30,31.400000000000002,74,660,899,2,257,259,18.94
2008,6,16,23,30,30.3,64,438,814,33,231,246,19.64
2008,6,17,0,30,27.900000000000002,48,205,640,41,112,122,22.16
2008,6,17,1,30,25.3,13,18,163,163,13,18,29.54
2008,6,17,2,30,23.8,0,0,0,0,0,0,33.47
2008,6,17,3,30,22.700000000000003,0,0,0,0,0,0,35.13
2008,6,17,4,30,21.5,0,0,0,0,0,0,38.63
2008,6,17,5,30,20.400000000000002,0,0,0,0,0,0,43.31
2008,6,17,6,30,19.5,0,0,0,0,0,0,48.83
2008,6,17,7,30,18.8,0,0,0,0,0,0,54.79
2008,6,17,8,30,18.2,0,0,0,0,0,0,61.85
2008,6,17,9,30,17.6,0,0,0,0,0,0,68.07000000000001
2008,6,17,10,30,17,0,0,0,0,0,0,72.83
2008,6,17,11,30,16.900000000000002,0,0,0,0,0,0,74.01
2008,6,17,12,30,18.6,23,47,313,313,23,47,66.93
2008,6,17,13,30,22,53,255,686,686,53,255,53.660000000000004
2008,6,17,14,30,25.5,69,489,834,834,69,489,41.11
2008,6,17,15,30,28,78,707,912,912,78,707,32.06
2008,6,17,16,30,29.700000000000003,85,886,952,952,85,886,26.19
2008,6,17,17,30,31,90,1010,974,974,90,1010,22.21
2008,6,17,18,30,31.900000000000002,91,1075,988,988,91,1075,19.66
2008,6,17,19,30,32.4,91,1067,987,987,91,1067,17.93
2008,6,17,20,30,32.6,89,992,974,4,405,409,16.62
2008,6,17,21,30,32.300000000000004,81,855,954,267,443,660,15.91
2008,6,17,22,30,31.700000000000003,73,667,911,1,246,247,15.42
2008,6,17,23,30,30.400000000000002,61,446,837,837,61,446,15.450000000000001
2008,6,18,0,30,27.6,44,212,679,679,44,212,17.23
2008,6,18,1,30,24.3,13,19,212,0,10,10,25.36
2008,6,18,2,30,22.5,0,0,0,0,0,0,29.25
2008,6,18,3,30,21.5,0,0,0,0,0,0,30.400000000000002
2008,6,18,4,30,20.400000000000002,0,0,0,0,0,0,33.26
2008,6,18,5,30,19.200000000000003,0,0,0,0,0,0,40.74
2008,6,18,6,30,18.1,0,0,0,0,0,0,51.58
2008,6,18,7,30,17.2,0,0,0,0,0,0,62.93
2008,6,18,8,30,16.5,0,0,0,0,0,0,71.82000000000001
2008,6,18,9,30,15.8,0,0,0,0,0,0,78.47
2008,6,18,10,30,15.200000000000001,0,0,0,0,0,0,83.48
2008,6,18,11,30,15.200000000000001,0,0,0,0,0,0,84.86
2008,6,18,12,30,17,25,46,285,285,25,46,76.67
2008,6,18,13,30,20.700000000000003,58,252,660,660,58,252,60.730000000000004
2008,6,18,14,30,24.6,74,485,817,817,74,485,40.52
2008,6,18,15,30,27.5,84,705,899,899,84,705,26.19
2008,6,18,16,30,29.3,90,884,945,945,90,884,22.28
2008,6,18,17,30,30.8,91,1012,975,975,91,1012,20.38
2008,6,18,18,30,31.900000000000002,95,1073,983,983,95,1073,18.69
2008,6,18,19,30,32.6,95,1066,981,981,95,1066,17.09
2008,6,18,20,30,32.9,95,987,962,0,200,200,15.9
2008,6,18,21,30,32.7,94,843,922,19,386,402,15.38
2008,6,18,22,30,31.900000000000002,96,648,846,594,209,597,16
2008,6,18,23,30,30.3,90,421,720,152,255,325,18.27
2008,6,19,0,30,28,68,191,495,1,43,43,22.69
2008,6,19,1,30,25.8,14,16,55,0,9,9,28.72
2008,6,19,2,30,24.3,0,0,0,0,0,0,33.92
2008,6,19,3,30,23.1,0,0,0,0,0,0,37.910000000000004
2008,6,19,4,30,21.8,0,0,0,0,0,0,42.28
2008,6,19,5,30,20.8,0,0,0,0,0,0,45.7
2008,6,19,6,30,19.900000000000002,0,0,0,0,0,0,48.52
2008,6,19,7,30,19.1,0,0,0,0,0,0,50.57
2008,6,19,8,30,18.400000000000002,0,0,0,0,0,0,52.18
2008,6,19,9,30,17.900000000000002,0,0,0,0,0,0,53.59
2008,6,19,10,30,17.400000000000002,0,0,0,0,0,0,55.31
2008,6,19,11,30,17.400000000000002,0,0,0,0,0,0,55.26
2008,6,19,12,30,19.5,24,46,293,293,24,46,49.19
2008,6,19,13,30,23.200000000000003,55,254,682,682,55,254,39.62
2008,6,19,14,30,26.5,69,491,840,840,69,491,31.18
2008,6,19,15,30,28.6,77,711,920,920,77,711,25.51
2008,6,19,16,30,30.200000000000003,82,891,963,963,82,891,21.64
2008,6,19,17,30,31.5,85,1017,987,987,85,1017,18.96
2008,6,19,18,30,32.5,84,1079,999,999,84,1079,17.06
2008,6,19,19,30,33.1,85,1072,998,998,85,1072,15.83
2008,6,19,20,30,33.2,84,994,982,982,84,994,15.26
2008,6,19,21,30,33,86,852,943,943,86,852,15.19
2008,6,19,22,30,32.300000000000004,82,661,886,886,82,661,15.75
2008,6,19,23,30,31.1,74,436,784,72,257,290,16.93
2008,6,20,0,30,28.5,57,202,583,197,123,172,19.990000000000002
2008,6,20,1,30,25.700000000000003,15,18,107,107,15,18,28.34
2008,6,20,2,30,24.1,0,0,0,0,0,0,32.87
2008,6,20,3,30,23.1,0,0,0,0,0,0,35.08
2008,6,20,4,30,22.3,0,0,0,0,0,0,37.53
2008,6,20,5,30,21.400000000000002,0,0,0,0,0,0,41.4
2008,6,20,6,30,20.5,0,0,0,0,0,0,47.22
2008,6,20,7,30,19.700000000000003,0,0,0,0,0,0,53.15
2008,6,20,8,30,19,0,0,0,0,0,0,57.870000000000005
2008,6,20,9,30,18.2,0,0,0,0,0,0,61.46
2008,6,20,10,30,17.5,0,0,0,0,0,0,63.910000000000004
2008,6,20,11,30,17.400000000000002,0,0,0,0,0,0,63.980000000000004
2008,6,20,12,30,19.200000000000003,26,43,231,231,26,43,57.02
2008,6,20,13,30,22.700000000000003,68,243,601,601,68,243,45.57
2008,6,20,14,30,26.200000000000003,91,472,759,759,91,472,34.59
2008,6,20,15,30,28.6,106,684,840,840,106,684,27.6
2008,6,20,16,30,30.200000000000003,118,858,882,882,118,858,24.29
2008,6,20,17,30,31,132,977,895,895,132,977,23.150000000000002
2008,6,20,18,30,31.3,135,1037,906,673,313,983,22.84
2008,6,20,19,30,31.3,143,1025,890,3,292,295,22.87
2008,6,20,20,30,30.6,149,947,861,365,389,727,24.04
2008,6,20,21,30,29.400000000000002,146,808,814,523,273,698,26.23
2008,6,20,22,30,28.1,134,624,749,0,79,79,28.830000000000002
2008,6,20,23,30,26.6,112,409,643,0,35,35,32.15
2008,6,21,0,30,25,75,188,455,6,91,92,35.99
2008,6,21,1,30,23.3,14,16,62,0,11,11,40.34
2008,6,21,2,30,21.900000000000002,0,0,0,0,0,0,44.12
2008,6,21,3,30,20.8,0,0,0,0,0,0,46.74
2008,6,21,4,30,20,0,0,0,0,0,0,48.34
2008,6,21,5,30,19.900000000000002,0,0,0,0,0,0,48.08
2008,6,21,6,30,19.6,0,0,0,0,0,0,49.67
2008,6,21,7,30,18.8,0,0,0,0,0,0,54.85
2008,6,21,8,30,17.8,0,0,0,0,0,0,62.620000000000005
2008,6,21,9,30,17.1,0,0,0,0,0,0,70.44
2008,6,21,10,30,16.400000000000002,0,0,0,0,0,0,78.25
2008,6,21,11,30,16.3,0,0,0,0,0,0,82.26
2008,6,21,12,30,17.7,27,42,199,199,27,42,77.32000000000001
2008,6,21,13,30,20.400000000000002,71,240,580,580,71,240,64.28
2008,6,21,14,30,22.8,92,471,757,757,92,471,50.050000000000004
2008,6,21,15,30,24.8,105,688,848,848,105,688,40.56
2008,6,21,16,30,26.5,113,867,898,898,113,867,34.94
2008,6,21,17,30,28,116,993,929,712,282,954,30.740000000000002
2008,6,21,18,30,28.900000000000002,117,1052,940,940,117,1052,28.060000000000002
2008,6,21,19,30,29.3,116,1044,937,937,116,1044,26.67
2008,6,21,20,30,29.3,115,967,918,918,115,967,26.080000000000002
2008,6,21,21,30,28.8,124,823,860,860,124,823,26.580000000000002
2008,6,21,22,30,27.8,112,637,801,801,112,637,28.13
2008,6,21,23,30,26,96,417,695,695,96,417,32.11
2008,6,22,0,30,24.1,70,191,483,483,70,191,37.97
2008,6,22,1,30,22.5,15,16,56,0,11,11,44.13
2008,6,22,2,30,21.400000000000002,0,0,0,0,0,0,48.910000000000004
2008,6,22,3,30,20.5,0,0,0,0,0,0,52.7
2008,6,22,4,30,19.700000000000003,0,0,0,0,0,0,55.81
2008,6,22,5,30,19,0,0,0,0,0,0,58.43
2008,6,22,6,30,18.3,0,0,0,0,0,0,61.44
2008,6,22,7,30,17.6,0,0,0,0,0,0,65.25
2008,6,22,8,30,16.7,0,0,0,0,0,0,70.45
2008,6,22,9,30,15.9,0,0,0,0,0,0,75.39
2008,6,22,10,30,15.5,0,0,0,0,0,0,78.46000000000001
2008,6,22,11,30,15.5,0,0,0,0,0,0,79.08
2008,6,22,12,30,16.6,26,43,234,0,27,27,74.02
2008,6,22,13,30,18.8,61,246,640,13,141,145,63.71
2008,6,22,14,30,21.400000000000002,74,479,810,167,274,357,49.89
2008,6,22,15,30,23.700000000000003,85,693,885,60,293,334,40.14
2008,6,22,16,30,25.700000000000003,93,871,929,126,440,546,33.84
2008,6,22,17,30,27.1,98,994,949,359,481,819,29.92
2008,6,22,18,30,27.900000000000002,116,1048,936,94,504,597,27.78
2008,6,22,19,30,28.3,118,1038,929,0,285,285,26.89
2008,6,22,20,30,28.1,117,961,909,192,512,691,27.45
2008,6,22,21,30,27.3,107,828,886,109,418,507,29.03
2008,6,22,22,30,26.6,94,643,838,415,298,570,30.060000000000002
2008,6,22,23,30,25.700000000000003,79,428,752,271,229,354,31.36
2008,6,23,0,30,24.5,57,201,572,1,82,83,33.19
2008,6,23,1,30,23.3,15,19,114,114,15,19,35.68
2008,6,23,2,30,22.400000000000002,0,0,0,0,0,0,38.25
2008,6,23,3,30,21.700000000000003,0,0,0,0,0,0,40.45
2008,6,23,4,30,20.900000000000002,0,0,0,0,0,0,43.22
2008,6,23,5,30,19.900000000000002,0,0,0,0,0,0,47.28
2008,6,23,6,30,18.6,0,0,0,0,0,0,53.230000000000004
2008,6,23,7,30,17.2,0,0,0,0,0,0,60.5
2008,6,23,8,30,16.1,0,0,0,0,0,0,67.8
2008,6,23,9,30,15.3,0,0,0,0,0,0,74.18
2008,6,23,10,30,14.5,0,0,0,0,0,0,80.51
2008,6,23,11,30,14.4,0,0,0,0,0,0,82.73
2008,6,23,12,30,15.8,25,42,233,233,25,42,76.74
2008,6,23,13,30,18.7,62,243,627,627,62,243,62.910000000000004
2008,6,23,14,30,21.700000000000003,79,474,790,790,79,474,48.620000000000005
2008,6,23,15,30,24.1,91,690,874,874,91,690,40.02
2008,6,23,16,30,26.1,97,869,922,922,97,869,34.24
2008,6,23,17,30,27.6,100,993,946,946,100,993,30.26
2008,6,23,18,30,28.6,109,1052,948,772,228,996,27.580000000000002
2008,6,23,19,30,29.3,109,1046,947,947,109,1046,25.78
2008,6,23,20,30,29.5,106,971,932,142,474,606,24.830000000000002
2008,6,23,21,30,29.400000000000002,91,839,919,2,315,317,24.37
2008,6,23,22,30,28.900000000000002,82,654,872,242,348,507,24.44
2008,6,23,23,30,27.8,72,433,780,504,154,388,25.44
2008,6,24,0,30,26.3,53,205,602,2,89,89,27.46
2008,6,24,1,30,24.6,15,20,138,1,14,14,31.62
2008,6,24,2,30,23.6,0,0,0,0,0,0,34.34
2008,6,24,3,30,22.8,0,0,0,0,0,0,35.480000000000004
2008,6,24,4,30,21.900000000000002,0,0,0,0,0,0,37.95
2008,6,24,5,30,21,0,0,0,0,0,0,41.82
2008,6,24,6,30,19.8,0,0,0,0,0,0,48.57
2008,6,24,7,30,18.5,0,0,0,0,0,0,58.26
2008,6,24,8,30,17.3,0,0,0,0,0,0,67.56
2008,6,24,9,30,16.5,0,0,0,0,0,0,74.27
2008,6,24,10,30,15.8,0,0,0,0,0,0,79.44
2008,6,24,11,30,15.5,0,0,0,0,0,0,81.74
2008,6,24,12,30,16.6,25,42,245,245,25,42,76.17
2008,6,24,13,30,19.200000000000003,60,243,633,633,60,243,62.02
2008,6,24,14,30,22.200000000000003,78,473,793,793,78,473,46.03
2008,6,24,15,30,24.700000000000003,87,689,878,878,87,689,36.77
2008,6,24,16,30,26.5,92,870,930,930,92,870,31.8
2008,6,24,17,30,28,94,997,957,957,94,997,28.02
2008,6,24,18,30,29.200000000000003,95,1059,969,738,265,999,25.05
2008,6,24,19,30,30,97,1055,968,968,97,1055,22.97
2008,6,24,20,30,30.5,95,981,954,954,95,981,21.45
2008,6,24,21,30,30.6,87,847,932,115,424,518,20.67
2008,6,24,22,30,30.1,81,659,880,880,81,659,20.62
2008,6,24,23,30,29,71,438,791,372,211,384,21.54
2008,6,25,0,30,27,53,206,607,304,106,183,24.38
2008,6,25,1,30,25.1,15,20,132,0,12,12,29.22
2008,6,25,2,30,23.900000000000002,0,0,0,0,0,0,32.64
2008,6,25,3,30,22.700000000000003,0,0,0,0,0,0,36.75
2008,6,25,4,30,21.1,0,0,0,0,0,0,44.81
2008,6,25,5,30,19.700000000000003,0,0,0,0,0,0,54.38
2008,6,25,6,30,18.5,0,0,0,0,0,0,62.72
2008,6,25,7,30,17.400000000000002,0,0,0,0,0,0,70.05
2008,6,25,8,30,16.5,0,0,0,0,0,0,76.13
2008,6,25,9,30,15.8,0,0,0,0,0,0,80.83
2008,6,25,10,30,15.3,0,0,0,0,0,0,83.53
2008,6,25,11,30,15.100000000000001,0,0,0,0,0,0,83.78
2008,6,25,12,30,16.1,23,42,271,271,23,42,77.44
2008,6,25,13,30,18.900000000000002,54,247,671,671,54,247,60.78
2008,6,25,14,30,22.3,69,479,824,824,69,479,44.1
2008,6,25,15,30,25.3,78,697,904,904,78,697,33.24
2008,6,25,16,30,27.5,84,877,947,947,84,877,27.46
2008,6,25,17,30,29.200000000000003,87,1003,972,972,87,1003,23.830000000000002
2008,6,25,18,30,30.400000000000002,102,1065,968,968,102,1065,21.42
2008,6,25,19,30,31.1,99,1060,970,970,99,1060,19.8
2008,6,25,20,30,31.400000000000002,96,986,959,959,96,986,18.59
2008,6,25,21,30,31.200000000000003,88,851,936,936,88,851,17.89
2008,6,25,22,30,30.5,81,664,888,888,81,664,17.66
2008,6,25,23,30,29.3,70,444,804,804,70,444,18.1
2008,6,26,0,30,26.900000000000002,53,211,625,625,53,211,20.26
2008,6,26,1,30,24.3,16,21,137,137,16,21,25.54
2008,6,26,2,30,22.700000000000003,0,0,0,0,0,0,29.25
2008,6,26,3,30,21.400000000000002,0,0,0,0,0,0,33.87
2008,6,26,4,30,19.900000000000002,0,0,0,0,0,0,42.050000000000004
2008,6,26,5,30,18.6,0,0,0,0,0,0,52.24
2008,6,26,6,30,17.400000000000002,0,0,0,0,0,0,61.72
2008,6,26,7,30,16.400000000000002,0,0,0,0,0,0,69.19
2008,6,26,8,30,15.700000000000001,0,0,0,0,0,0,74.32000000000001
2008,6,26,9,30,15,0,0,0,0,0,0,78.85000000000001
2008,6,26,10,30,14.4,0,0,0,0,0,0,82.77
2008,6,26,11,30,14.3,0,0,0,0,0,0,83.67
2008,6,26,12,30,15.700000000000001,25,40,225,225,25,40,76.47
2008,6,26,13,30,19,60,242,633,633,60,242,60.550000000000004
2008,6,26,14,30,23.1,78,473,796,796,78,473,43.65
2008,6,26,15,30,26.400000000000002,89,692,880,880,89,692,31.35
2008,6,26,16,30,28.6,96,871,926,926,96,871,25.18
2008,6,26,17,30,30.200000000000003,101,998,952,952,101,998,22.07
2008,6,26,18,30,31.3,99,1062,968,968,99,1062,20.080000000000002
2008,6,26,19,30,31.900000000000002,98,1058,969,969,98,1058,18.900000000000002
2008,6,26,20,30,32.2,94,985,958,958,94,985,18.04
2008,6,26,21,30,32,88,850,934,934,88,850,17.73
2008,6,26,22,30,31.3,80,664,887,359,319,555,17.95
2008,6,26,23,30,30.1,69,441,799,176,251,333,18.76
2008,6,27,0,30,27.8,52,209,623,3,108,109,21.04
2008,6,27,1,30,25.200000000000003,16,21,148,148,16,21,27.13
2008,6,27,2,30,23.8,0,0,0,0,0,0,30.61
2008,6,27,3,30,22.900000000000002,0,0,0,0,0,0,32.94
2008,6,27,4,30,21.900000000000002,0,0,0,0,0,0,37.06
2008,6,27,5,30,20.900000000000002,0,0,0,0,0,0,43.68
2008,6,27,6,30,19.900000000000002,0,0,0,0,0,0,51.92
2008,6,27,7,30,19.200000000000003,0,0,0,0,0,0,58.660000000000004
2008,6,27,8,30,18.6,0,0,0,0,0,0,63.83
2008,6,27,9,30,17.900000000000002,0,0,0,0,0,0,68.76
2008,6,27,10,30,17.400000000000002,0,0,0,0,0,0,72.83
2008,6,27,11,30,17.2,0,0,0,0,0,0,76.3
2008,6,27,12,30,18.5,24,40,233,233,24,40,72.57000000000001
2008,6,27,13,30,21.400000000000002,58,240,638,638,58,240,61.550000000000004
2008,6,27,14,30,24.6,74,472,802,802,74,472,48.34
2008,6,27,15,30,27.5,84,688,883,883,84,688,34.76
2008,6,27,16,30,29.5,92,866,925,925,92,866,27.35
2008,6,27,17,30,31,99,989,944,944,99,989,23.8
2008,6,27,18,30,31.900000000000002,120,1045,930,930,120,1045,21.8
2008,6,27,19,30,32.300000000000004,128,1035,915,632,296,922,20.740000000000002
2008,6,27,20,30,32.300000000000004,132,957,887,887,132,957,20.25
2008,6,27,21,30,31.700000000000003,128,822,850,533,345,780,20.69
2008,6,27,22,30,30.700000000000003,116,636,790,217,325,468,22
2008,6,27,23,30,29.400000000000002,96,421,696,454,175,387,23.91
2008,6,28,0,30,27.700000000000003,69,196,503,0,43,43,26.67
2008,6,28,1,30,26,16,19,70,0,6,6,31.38
2008,6,28,2,30,24.900000000000002,0,0,0,0,0,0,35.76
2008,6,28,3,30,24.1,0,0,0,0,0,0,37.9
2008,6,28,4,30,23.1,0,0,0,0,0,0,40.75
2008,6,28,5,30,22.1,0,0,0,0,0,0,44.64
2008,6,28,6,30,21,0,0,0,0,0,0,49.31
2008,6,28,7,30,19.900000000000002,0,0,0,0,0,0,55.18
2008,6,28,8,30,18.900000000000002,0,0,0,0,0,0,61.02
2008,6,28,9,30,18,0,0,0,0,0,0,66.41
2008,6,28,10,30,17.3,0,0,0,0,0,0,70.9
2008,6,28,11,30,17,0,0,0,0,0,0,73.72
2008,6,28,12,30,18.3,24,38,218,3,27,27,69.68
2008,6,28,13,30,20.900000000000002,60,235,614,614,60,235,60.53
2008,6,28,14,30,23.5,81,459,765,765,81,459,50.07
2008,6,28,15,30,25.1,98,669,837,837,98,669,42.45
2008,6,28,16,30,25.900000000000002,115,843,871,871,115,843,38.19
2008,6,28,17,30,26.3,126,966,891,891,126,966,36.12
2008,6,28,18,30,26.400000000000002,135,1026,896,896,135,1026,35.24
2008,6,28,19,30,26.3,136,1021,893,893,136,1021,35.1
2008,6,28,20,30,26.1,131,949,880,289,422,690,35.22
2008,6,28,21,30,25.700000000000003,114,820,864,697,209,779,35.74
2008,6,28,22,30,25.200000000000003,103,638,812,812,103,638,36.72
2008,6,28,23,30,24.5,88,422,716,274,213,341,38.29
2008,6,29,0,30,23.400000000000002,64,197,524,29,120,127,41.02
2008,6,29,1,30,22.200000000000003,16,19,82,0,11,11,44.59
2008,6,29,2,30,21.3,0,0,0,0,0,0,47.62
2008,6,29,3,30,20.6,0,0,0,0,0,0,50.01
2008,6,29,4,30,20.3,0,0,0,0,0,0,51.13
2008,6,29,5,30,19.900000000000002,0,0,0,0,0,0,52.39
2008,6,29,6,30,19.200000000000003,0,0,0,0,0,0,54.85
2008,6,29,7,30,18.6,0,0,0,0,0,0,57.38
2008,6,29,8,30,17.8,0,0,0,0,0,0,61
2008,6,29,9,30,16.900000000000002,0,0,0,0,0,0,65.38
2008,6,29,10,30,16.1,0,0,0,0,0,0,70.05
2008,6,29,11,30,15.8,0,0,0,0,0,0,73.10000000000001
2008,6,29,12,30,17,24,36,179,179,24,36,69.39
2008,6,29,13,30,19.6,65,231,585,27,147,155,59.910000000000004
2008,6,29,14,30,22.5,85,460,757,757,85,460,47.800000000000004
2008,6,29,15,30,25,97,675,847,847,97,675,38.39
2008,6,29,16,30,26.900000000000002,105,853,897,897,105,853,32.32
2008,6,29,17,30,28.400000000000002,108,982,928,928,108,982,28.21
2008,6,29,18,30,29.400000000000002,123,1041,923,923,123,1041,25.61
2008,6,29,19,30,30,126,1035,918,918,126,1035,23.95
2008,6,29,20,30,30.200000000000003,124,963,901,901,124,963,23.05
2008,6,29,21,30,29.900000000000002,113,830,878,878,113,830,23.11
2008,6,29,22,30,29.200000000000003,106,645,818,136,311,400,23.75
2008,6,29,23,30,27.900000000000002,92,426,714,714,92,426,25.54
2008,6,30,0,30,26.400000000000002,68,198,514,514,68,198,28.16
2008,6,30,1,30,24.900000000000002,17,19,59,0,15,15,31.75
2008,6,30,2,30,23.900000000000002,0,0,0,0,0,0,34.86
2008,6,30,3,30,22.900000000000002,0,0,0,0,0,0,38.660000000000004
2008,6,30,4,30,21.5,0,0,0,0,0,0,45.32
2008,6,30,5,30,19.900000000000002,0,0,0,0,0,0,54.42
2008,6,30,6,30,18.400000000000002,0,0,0,0,0,0,63.870000000000005
2008,6,30,7,30,17.2,0,0,0,0,0,0,71.88
2008,6,30,8,30,16.400000000000002,0,0,0,0,0,0,77.33
2008,6,30,9,30,15.9,0,0,0,0,0,0,80.63
2008,6,30,10,30,15.5,0,0,0,0,0,0,82.56
2008,6,30,11,30,15.4,0,0,0,0,0,0,82.43
2008,6,30,12,30,16.2,22,37,237,1,22,22,77.51
2008,6,30,13,30,18.3,53,236,648,3,120,121,66.1
2008,6,30,14,30,21,68,466,806,2,179,179,53.660000000000004
2008,6,30,15,30,23.700000000000003,77,679,883,2,255,256,43.5
2008,6,30,16,30,25.900000000000002,83,856,927,0,179,179,36.71
2008,6,30,17,30,27.5,88,980,948,27,446,471,32.480000000000004
2008,6,30,18,30,28.3,93,1042,954,0,231,232,30.5
2008,6,30,19,30,28.5,95,1035,949,949,95,1035,29.990000000000002
2008,6,30,20,30,28,94,961,932,932,94,961,30.900000000000002
2008,6,30,21,30,27.200000000000003,90,829,904,559,246,702,32.78
2008,6,30,22,30,26.1,84,644,850,19,293,306,35.7
2008,6,30,23,30,24.900000000000002,74,427,755,0,32,32,39.37
2008,7,1,0,30,23.6,57,200,561,13,89,93,43.99
2008,7,1,1,30,22.5,16,20,104,0,6,6,48.81
2008,7,1,2,30,21.5,0,0,0,0,0,0,53.83
2008,7,1,3,30,20.6,0,0,0,0,0,0,58.69
2008,7,1,4,30,19.700000000000003,0,0,0,0,0,0,63.92
2008,7,1,5,30,18.8,0,0,0,0,0,0,68.93
2008,7,1,6,30,17.900000000000002,0,0,0,0,0,0,73.84
2008,7,1,7,30,17.1,0,0,0,0,0,0,77.18
2008,7,1,8,30,16.400000000000002,0,0,0,0,0,0,79.10000000000001
2008,7,1,9,30,15.8,0,0,0,0,0,0,80.48
2008,7,1,10,30,15.3,0,0,0,0,0,0,81.69
2008,7,1,11,30,15,0,0,0,0,0,0,81.97
2008,7,1,12,30,15.3,20,38,279,2,24,24,79.42
2008,7,1,13,30,16.7,49,237,669,11,132,135,71.11
2008,7,1,14,30,19,64,466,816,186,223,314,59.19
2008,7,1,15,30,21.700000000000003,74,680,890,24,247,263,48.07
2008,7,1,16,30,23.900000000000002,81,857,931,125,425,530,41.07
2008,7,1,17,30,25.6,85,982,954,142,455,589,36.35
2008,7,1,18,30,26.700000000000003,88,1046,963,2,391,393,33.14
2008,7,1,19,30,27.1,89,1041,960,56,486,542,31.73
2008,7,1,20,30,26.900000000000002,89,967,943,0,225,226,31.67
2008,7,1,21,30,26.400000000000002,85,834,917,81,410,476,32.410000000000004
2008,7,1,22,30,25.5,79,650,865,1,202,202,34.33
2008,7,1,23,30,24.400000000000002,69,433,778,11,196,201,37.36
2008,7,2,0,30,23,52,205,601,0,71,71,42.37
2008,7,2,1,30,21.6,15,21,152,0,11,11,49.76
2008,7,2,2,30,20.5,0,0,0,0,0,0,55.550000000000004
2008,7,2,3,30,19.6,0,0,0,0,0,0,60.71
2008,7,2,4,30,18.7,0,0,0,0,0,0,66.04
2008,7,2,5,30,17.900000000000002,0,0,0,0,0,0,71.15
2008,7,2,6,30,17.3,0,0,0,0,0,0,75.27
2008,7,2,7,30,16.7,0,0,0,0,0,0,79.34
2008,7,2,8,30,16.3,0,0,0,0,0,0,82.12
2008,7,2,9,30,16,0,0,0,0,0,0,83.95
2008,7,2,10,30,15.700000000000001,0,0,0,0,0,0,85.45
2008,7,2,11,30,15.5,0,0,0,0,0,0,86.26
2008,7,2,12,30,16.2,20,36,251,0,9,9,82.01
2008,7,2,13,30,18.1,52,232,641,65,126,145,71.73
2008,7,2,14,30,20.5,67,459,796,32,177,192,60.36
2008,7,2,15,30,22.6,76,673,878,356,261,503,50.84
2008,7,2,16,30,24.400000000000002,81,851,923,623,286,806,43.77
2008,7,2,17,30,25.8,85,976,948,4,389,393,39.24
2008,7,2,18,30,26.6,86,1038,957,0,148,149,36.95
2008,7,2,19,30,26.5,87,1034,955,0,80,80,37.04
2008,7,2,20,30,25.700000000000003,86,961,939,1,233,234,38.85
2008,7,2,21,30,24.400000000000002,84,827,908,1,169,170,42.83
2008,7,2,22,30,23,77,644,859,0,113,113,48.35
2008,7,2,23,30,21.5,67,429,773,0,57,57,55.1
2008,7,3,0,30,20.200000000000003,50,204,604,1,51,52,62.45
2008,7,3,1,30,19.200000000000003,15,21,161,0,7,7,69.3
2008,7,3,2,30,18.400000000000002,0,0,0,0,0,0,75.42
2008,7,3,3,30,17.8,0,0,0,0,0,0,79.97
2008,7,3,4,30,17.3,0,0,0,0,0,0,83.12
2008,7,3,5,30,16.900000000000002,0,0,0,0,0,0,85.06
2008,7,3,6,30,16.5,0,0,0,0,0,0,86.79
2008,7,3,7,30,16.2,0,0,0,0,0,0,87.97
2008,7,3,8,30,15.9,0,0,0,0,0,0,88.78
2008,7,3,9,30,15.700000000000001,0,0,0,0,0,0,88.82000000000001
2008,7,3,10,30,15.600000000000001,0,0,0,0,0,0,88.32000000000001
2008,7,3,11,30,15.600000000000001,0,0,0,0,0,0,87.78
2008,7,3,12,30,16,19,35,277,0,10,10,85.47
2008,7,3,13,30,17.2,45,232,670,0,24,24,79.56
2008,7,3,14,30,18.7,59,459,815,51,195,220,71.94
2008,7,3,15,30,20.200000000000003,67,671,888,17,217,228,63.68
2008,7,3,16,30,21.400000000000002,73,847,929,31,342,368,56.88
2008,7,3,17,30,22,77,972,952,280,388,651,53.26
2008,7,3,18,30,22.200000000000003,78,1035,963,187,446,632,51.89
2008,7,3,19,30,22,77,1030,961,43,445,488,52.42
2008,7,3,20,30,21.6,75,960,950,31,424,452,53.89
2008,7,3,21,30,21,74,829,922,84,361,430,56.1
2008,7,3,22,30,20.3,68,648,878,400,235,499,58.97
2008,7,3,23,30,19.400000000000002,59,434,801,0,19,19,63.57
2008,7,4,0,30,18.400000000000002,44,208,642,0,33,34,69.53
2008,7,4,1,30,17.5,14,22,197,0,7,7,76.35000000000001
2008,7,4,2,30,16.900000000000002,0,0,0,0,0,0,81.02
2008,7,4,3,30,16.400000000000002,0,0,0,0,0,0,84.74
2008,7,4,4,30,16,0,0,0,0,0,0,87.44
2008,7,4,5,30,15.700000000000001,0,0,0,0,0,0,89.14
2008,7,4,6,30,15.4,0,0,0,0,0,0,90.63
2008,7,4,7,30,15.200000000000001,0,0,0,0,0,0,91.31
2008,7,4,8,30,15.100000000000001,0,0,0,0,0,0,91.32000000000001
2008,7,4,9,30,15,0,0,0,0,0,0,91.5
2008,7,4,10,30,15,0,0,0,0,0,0,91.17
2008,7,4,11,30,15,0,0,0,0,0,0,90.93
2008,7,4,12,30,15.5,20,34,232,0,14,14,87.9
2008,7,4,13,30,16.5,52,228,633,0,47,47,81.98
2008,7,4,14,30,18,67,455,793,6,190,193,73.42
2008,7,4,15,30,19.6,75,669,875,140,365,460,64.27
2008,7,4,16,30,21.200000000000003,80,846,920,543,257,710,56.410000000000004
2008,7,4,17,30,22.400000000000002,84,971,944,327,383,690,51.43
2008,7,4,18,30,23.200000000000003,97,1031,940,7,312,319,48.26
2008,7,4,19,30,23.6,97,1028,940,49,484,533,46.89
2008,7,4,20,30,23.5,93,958,929,189,495,671,47.07
2008,7,4,21,30,23,90,826,900,1,173,174,48.730000000000004
2008,7,4,22,30,22.3,81,644,851,0,79,79,51.45
2008,7,4,23,30,21.400000000000002,68,430,772,1,71,72,55.36
2008,7,5,0,30,20.3,50,205,605,0,14,14,60.77
2008,7,5,1,30,19.3,15,21,157,0,11,11,67.36
2008,7,5,2,30,18.5,0,0,0,0,0,0,72.26
2008,7,5,3,30,17.900000000000002,0,0,0,0,0,0,76.39
2008,7,5,4,30,17.400000000000002,0,0,0,0,0,0,80.24
2008,7,5,5,30,16.900000000000002,0,0,0,0,0,0,84.09
2008,7,5,6,30,16.6,0,0,0,0,0,0,86.72
2008,7,5,7,30,16.5,0,0,0,0,0,0,87.88
2008,7,5,8,30,16.2,0,0,0,0,0,0,89.84
2008,7,5,9,30,16,0,0,0,0,0,0,91
2008,7,5,10,30,15.9,0,0,0,0,0,0,91.14
2008,7,5,11,30,15.700000000000001,0,0,0,0,0,0,91.38
2008,7,5,12,30,16.1,19,34,244,0,7,7,87.7
2008,7,5,13,30,17.3,48,229,654,1,90,91,79.11
2008,7,5,14,30,19.400000000000002,61,457,810,9,197,202,67.97
2008,7,5,15,30,21.700000000000003,68,670,888,71,328,376,58.1
2008,7,5,16,30,23.3,74,847,930,163,440,575,52.21
2008,7,5,17,30,23.8,78,971,951,2,367,369,49.85
2008,7,5,18,30,23.700000000000003,81,1034,959,225,520,744,49.75
2008,7,5,19,30,23.200000000000003,81,1029,957,30,471,501,51.77
2008,7,5,20,30,22.6,80,959,944,12,372,383,54.68
2008,7,5,21,30,21.8,88,823,898,89,360,433,58.53
2008,7,5,22,30,21,80,643,852,70,316,362,62.85
2008,7,5,23,30,20.200000000000003,67,429,772,0,26,26,67.51
2008,7,6,0,30,19.3,48,205,613,0,25,25,72.72
2008,7,6,1,30,18.400000000000002,15,21,174,0,8,8,78.72
2008,7,6,2,30,17.7,0,0,0,0,0,0,82.77
2008,7,6,3,30,17.2,0,0,0,0,0,0,85.67
2008,7,6,4,30,16.8,0,0,0,0,0,0,88.16
2008,7,6,5,30,16.400000000000002,0,0,0,0,0,0,90.81
2008,7,6,6,30,16.2,0,0,0,0,0,0,92.26
2008,7,6,7,30,16.1,0,0,0,0,0,0,93.26
2008,7,6,8,30,16,0,0,0,0,0,0,94.05
2008,7,6,9,30,15.9,0,0,0,0,0,0,94.73
2008,7,6,10,30,15.9,0,0,0,0,0,0,94.5
2008,7,6,11,30,16.1,0,0,0,0,0,0,93.14
2008,7,6,12,30,16.7,19,32,221,1,20,20,89.74
2008,7,6,13,30,17.900000000000002,50,226,639,59,126,143,83.16
2008,7,6,14,30,19.200000000000003,64,452,794,22,214,225,74.94
2008,7,6,15,30,20.5,74,664,871,2,257,259,66.97
2008,7,6,16,30,21.6,81,840,914,83,411,480,61.230000000000004
2008,7,6,17,30,22.5,86,966,937,144,459,595,57.43
2008,7,6,18,30,22.900000000000002,93,1028,941,192,514,705,55.97
2008,7,6,19,30,23.1,91,1025,942,6,421,427,55.43
2008,7,6,20,30,22.900000000000002,88,956,932,110,468,570,56.32
2008,7,6,21,30,22.3,85,823,901,5,247,251,59
2008,7,6,22,30,21.400000000000002,78,643,855,0,80,80,63.71
2008,7,6,23,30,20.200000000000003,67,428,769,2,100,101,70.63
2008,7,7,0,30,19.200000000000003,51,202,595,476,24,146,77.37
2008,7,7,1,30,18.5,15,20,135,0,10,10,82.92
2008,7,7,2,30,18.2,0,0,0,0,0,0,85.67
2008,7,7,3,30,17.900000000000002,0,0,0,0,0,0,87.65
2008,7,7,4,30,17.6,0,0,0,0,0,0,89.2
2008,7,7,5,30,17.400000000000002,0,0,0,0,0,0,89.53
2008,7,7,6,30,17.1,0,0,0,0,0,0,90.66
2008,7,7,7,30,16.900000000000002,0,0,0,0,0,0,90.98
2008,7,7,8,30,16.6,0,0,0,0,0,0,91.27
2008,7,7,9,30,16.3,0,0,0,0,0,0,91.54
2008,7,7,10,30,16.1,0,0,0,0,0,0,91.55
2008,7,7,11,30,16,0,0,0,0,0,0,91.09
2008,7,7,12,30,16.5,18,32,259,259,18,32,87.64
2008,7,7,13,30,18.2,47,227,656,656,47,227,78.13
2008,7,7,14,30,20.6,62,453,805,23,222,233,64.5
2008,7,7,15,30,23.1,70,667,883,267,339,520,51.71
2008,7,7,16,30,25,75,845,926,2,324,326,44.75
2008,7,7,17,30,26.3,78,969,949,0,117,117,41.51
2008,7,7,18,30,26.900000000000002,78,1034,961,191,508,698,40.44
2008,7,7,19,30,26.700000000000003,79,1031,961,1,294,295,41.06
2008,7,7,20,30,25.8,77,960,947,349,392,717,43.83
2008,7,7,21,30,24.700000000000003,95,821,886,187,337,490,47.95
2008,7,7,22,30,23.5,94,637,821,821,94,637,53.050000000000004
2008,7,7,23,30,22.200000000000003,86,419,711,0,100,100,59.34
2008,7,8,0,30,21,64,194,507,53,113,127,65.8
2008,7,8,1,30,19.900000000000002,16,18,73,0,13,13,72.94
2008,7,8,2,30,19,0,0,0,0,0,0,78.79
2008,7,8,3,30,18.2,0,0,0,0,0,0,83.3
2008,7,8,4,30,17.400000000000002,0,0,0,0,0,0,87.08
2008,7,8,5,30,16.7,0,0,0,0,0,0,89.2
2008,7,8,6,30,16,0,0,0,0,0,0,89.07000000000001
2008,7,8,7,30,15.5,0,0,0,0,0,0,88.34
2008,7,8,8,30,15.100000000000001,0,0,0,0,0,0,89.23
2008,7,8,9,30,14.9,0,0,0,0,0,0,89.58
2008,7,8,10,30,14.700000000000001,0,0,0,0,0,0,90.18
2008,7,8,11,30,14.8,0,0,0,0,0,0,89.33
2008,7,8,12,30,15.700000000000001,17,32,266,0,9,9,84.68
2008,7,8,13,30,17.400000000000002,46,227,664,664,46,227,76.59
2008,7,8,14,30,19.200000000000003,60,454,811,0,82,82,67.67
2008,7,8,15,30,21,68,667,887,0,200,201,59.370000000000005
2008,7,8,16,30,22.6,72,845,931,2,304,305,53.15
2008,7,8,17,30,24,75,972,955,8,407,415,48.39
2008,7,8,18,30,25,76,1036,967,23,460,482,45.22
2008,7,8,19,30,25.400000000000002,74,1032,966,116,482,596,44.02
2008,7,8,20,30,25.200000000000003,72,963,956,2,348,350,44.730000000000004
2008,7,8,21,30,24.200000000000003,69,832,931,260,419,632,47.75
2008,7,8,22,30,23,65,651,887,463,267,574,51.34
2008,7,8,23,30,21.700000000000003,56,437,812,34,184,200,54.93
2008,7,9,0,30,20.200000000000003,41,211,663,10,82,84,58.800000000000004
2008,7,9,1,30,18.7,13,22,235,0,10,10,63.79
2008,7,9,2,30,17.400000000000002,0,0,0,0,0,0,69.79
2008,7,9,3,30,16.400000000000002,0,0,0,0,0,0,75.66
2008,7,9,4,30,15.600000000000001,0,0,0,0,0,0,81.84
2008,7,9,5,30,15.100000000000001,0,0,0,0,0,0,85.25
2008,7,9,6,30,14.700000000000001,0,0,0,0,0,0,86.35000000000001
2008,7,9,7,30,14.3,0,0,0,0,0,0,87.52
2008,7,9,8,30,14,0,0,0,0,0,0,88.45
2008,7,9,9,30,13.700000000000001,0,0,0,0,0,0,89.44
2008,7,9,10,30,13.5,0,0,0,0,0,0,89.93
2008,7,9,11,30,13.4,0,0,0,0,0,0,89.86
2008,7,9,12,30,14.3,17,32,285,285,17,32,84.43
2008,7,9,13,30,16.3,44,228,677,2,97,97,73.98
2008,7,9,14,30,18.8,58,455,820,8,194,198,62.49
2008,7,9,15,30,20.900000000000002,67,669,892,2,251,252,53.82
2008,7,9,16,30,22.700000000000003,73,847,933,1,265,266,47.51
2008,7,9,17,30,24,77,972,954,0,188,188,43.52
2008,7,9,18,30,24.8,80,1036,963,5,411,415,41.410000000000004
2008,7,9,19,30,25.200000000000003,80,1034,963,0,260,261,40.64
2008,7,9,20,30,25.200000000000003,78,963,949,24,434,456,41.26
2008,7,9,21,30,24.700000000000003,90,826,898,0,193,194,43.12
2008,7,9,22,30,23.6,88,642,837,1,225,225,46.46
2008,7,9,23,30,22.1,78,426,742,0,114,115,50.97
2008,7,10,0,30,20.6,56,201,569,0,53,53,55.82
2008,7,10,1,30,19.200000000000003,15,20,135,135,15,20,60.43
2008,7,10,2,30,17.7,0,0,0,0,0,0,65.59
2008,7,10,3,30,16.3,0,0,0,0,0,0,70.62
2008,7,10,4,30,15,0,0,0,0,0,0,76.21000000000001
2008,7,10,5,30,14,0,0,0,0,0,0,81.39
2008,7,10,6,30,13.4,0,0,0,0,0,0,84.95
2008,7,10,7,30,13,0,0,0,0,0,0,87.16
2008,7,10,8,30,12.700000000000001,0,0,0,0,0,0,87.86
2008,7,10,9,30,12.4,0,0,0,0,0,0,87.46000000000001
2008,7,10,10,30,11.9,0,0,0,0,0,0,87.64
2008,7,10,11,30,11.600000000000001,0,0,0,0,0,0,88.17
2008,7,10,12,30,12.600000000000001,17,32,282,0,17,17,82.48
2008,7,10,13,30,15.200000000000001,45,231,688,688,45,231,68.22
2008,7,10,14,30,18.400000000000002,58,463,838,838,58,463,55.4
2008,7,10,15,30,21.6,65,680,912,12,294,302,46.47
2008,7,10,16,30,24.200000000000003,70,859,952,42,396,431,40.660000000000004
2008,7,10,17,30,26.200000000000003,72,985,972,3,381,384,36.57
2008,7,10,18,30,27.3,76,1048,979,121,491,611,34.24
2008,7,10,19,30,27.400000000000002,78,1043,973,130,496,625,33.96
2008,7,10,20,30,26.700000000000003,79,970,957,64,453,513,35.51
2008,7,10,21,30,25.8,81,835,921,921,81,835,37.65
2008,7,10,22,30,24.6,75,651,871,871,75,651,41.01
2008,7,10,23,30,23.3,65,434,787,787,65,434,45.050000000000004
2008,7,11,0,30,21.8,49,206,619,619,49,206,50.18
2008,7,11,1,30,20.3,14,21,168,168,14,21,56.81
2008,7,11,2,30,19.1,0,0,0,0,0,0,62.9
2008,7,11,3,30,18.1,0,0,0,0,0,0,67.78
2008,7,11,4,30,17,0,0,0,0,0,0,73.55
2008,7,11,5,30,16,0,0,0,0,0,0,79.2
2008,7,11,6,30,15.3,0,0,0,0,0,0,82.67
2008,7,11,7,30,14.700000000000001,0,0,0,0,0,0,84.76
2008,7,11,8,30,14.200000000000001,0,0,0,0,0,0,86.10000000000001
2008,7,11,9,30,13.5,0,0,0,0,0,0,89.09
2008,7,11,10,30,12.9,0,0,0,0,0,0,92.2
2008,7,11,11,30,12.9,0,0,0,0,0,0,91.83
2008,7,11,12,30,14.200000000000001,17,30,259,0,8,8,84.16
2008,7,11,13,30,16.900000000000002,47,227,669,669,47,227,70.73
2008,7,11,14,30,20.1,62,458,821,0,133,133,56.9
2008,7,11,15,30,22.900000000000002,71,673,893,18,300,312,46.78
2008,7,11,16,30,25,78,853,935,1,301,302,40.75
2008,7,11,17,30,26.6,82,979,957,1,327,328,36.84
2008,7,11,18,30,27.5,97,1040,949,48,484,532,34.94
2008,7,11,19,30,27.6,100,1035,944,229,450,677,34.910000000000004
2008,7,11,20,30,27,99,963,927,410,362,744,36.24
2008,7,11,21,30,25.900000000000002,94,829,897,247,351,554,38.980000000000004
2008,7,11,22,30,24.5,87,645,843,584,199,585,43.47
2008,7,11,23,30,23,76,427,748,637,121,419,49.09
2008,7,12,0,30,21.5,56,200,564,2,59,60,55.81
2008,7,12,1,30,20.200000000000003,15,19,114,0,10,10,62.71
2008,7,12,2,30,19.1,0,0,0,0,0,0,67.93
2008,7,12,3,30,18.2,0,0,0,0,0,0,71.52
2008,7,12,4,30,17.3,0,0,0,0,0,0,74.93
2008,7,12,5,30,16.400000000000002,0,0,0,0,0,0,78.23
2008,7,12,6,30,15.700000000000001,0,0,0,0,0,0,81.24
2008,7,12,7,30,15,0,0,0,0,0,0,84.76
2008,7,12,8,30,14.5,0,0,0,0,0,0,87.14
2008,7,12,9,30,14.100000000000001,0,0,0,0,0,0,88.88
2008,7,12,10,30,13.8,0,0,0,0,0,0,89.60000000000001
2008,7,12,11,30,13.8,0,0,0,0,0,0,88.48
2008,7,12,12,30,14.5,18,27,191,0,11,11,83.73
2008,7,12,13,30,16.6,54,219,612,55,124,139,72.14
2008,7,12,14,30,19.5,71,447,781,472,167,394,59.2
2008,7,12,15,30,22.3,80,665,870,384,255,513,49.02
2008,7,12,16,30,24.3,86,846,917,536,252,696,42.32
2008,7,12,17,30,25.700000000000003,90,974,943,943,90,974,38.1
2008,7,12,18,30,26.6,92,1040,954,954,92,1040,35.37
2008,7,12,19,30,26.900000000000002,92,1038,955,465,358,819,33.96
2008,7,12,20,30,26.8,89,970,945,641,311,908,33.44
2008,7,12,21,30,26.6,106,830,883,80,359,424,33.15
2008,7,12,22,30,26.200000000000003,96,648,835,15,260,270,33.09
2008,7,12,23,30,25.3,79,432,751,3,114,115,33.730000000000004
2008,7,13,0,30,23.400000000000002,56,205,585,0,37,37,38.95
2008,7,13,1,30,21.1,15,20,146,0,12,12,49.88
2008,7,13,2,30,19.5,0,0,0,0,0,0,51.44
2008,7,13,3,30,18.1,0,0,0,0,0,0,53.51
2008,7,13,4,30,16.8,0,0,0,0,0,0,58.15
2008,7,13,5,30,15.8,0,0,0,0,0,0,64.67
2008,7,13,6,30,14.9,0,0,0,0,0,0,73.36
2008,7,13,7,30,14.200000000000001,0,0,0,0,0,0,81.85000000000001
2008,7,13,8,30,13.600000000000001,0,0,0,0,0,0,88.9
2008,7,13,9,30,13.3,0,0,0,0,0,0,92.9
2008,7,13,10,30,13.200000000000001,0,0,0,0,0,0,94.23
2008,7,13,11,30,13.3,0,0,0,0,0,0,93.23
2008,7,13,12,30,14.4,17,29,250,250,17,29,85.99
2008,7,13,13,30,17.3,48,229,678,678,48,229,71.09
2008,7,13,14,30,21.200000000000003,62,464,836,836,62,464,52.36
2008,7,13,15,30,24.5,69,686,919,919,69,686,37.56
2008,7,13,16,30,26.8,73,870,964,964,73,870,31.8
2008,7,13,17,30,28.6,75,1001,988,988,75,1001,27.84
2008,7,13,18,30,29.8,82,1064,989,989,82,1064,25.27
2008,7,13,19,30,30.6,82,1062,988,988,82,1062,23.59
2008,7,13,20,30,30.900000000000002,81,989,974,974,81,989,22.79
2008,7,13,21,30,30.700000000000003,81,852,941,137,441,554,22.57
2008,7,13,22,30,30,75,666,893,893,75,666,22.94
2008,7,13,23,30,28.6,66,445,809,809,66,445,24.21
2008,7,14,0,30,25.8,49,212,640,640,49,212,28.560000000000002
2008,7,14,1,30,22.900000000000002,14,20,177,177,14,20,39.31
2008,7,14,2,30,21.400000000000002,0,0,0,0,0,0,43.76
2008,7,14,3,30,20.200000000000003,0,0,0,0,0,0,47.410000000000004
2008,7,14,4,30,19,0,0,0,0,0,0,52.57
2008,7,14,5,30,17.900000000000002,0,0,0,0,0,0,58.74
2008,7,14,6,30,16.8,0,0,0,0,0,0,66.81
2008,7,14,7,30,15.8,0,0,0,0,0,0,75.32000000000001
2008,7,14,8,30,15,0,0,0,0,0,0,82.61
2008,7,14,9,30,14.3,0,0,0,0,0,0,88.72
2008,7,14,10,30,13.700000000000001,0,0,0,0,0,0,93.28
2008,7,14,11,30,13.700000000000001,0,0,0,0,0,0,93.36
2008,7,14,12,30,15.100000000000001,17,28,256,256,17,28,84.68
2008,7,14,13,30,18.3,46,231,694,694,46,231,67.69
2008,7,14,14,30,21.900000000000002,60,469,853,853,60,469,47.51
2008,7,14,15,30,24.8,69,692,929,929,69,692,34.01
2008,7,14,16,30,26.900000000000002,74,880,974,974,74,880,26.77
2008,7,14,17,30,28.6,78,1011,996,996,78,1011,22.330000000000002
2008,7,14,18,30,29.8,82,1075,1001,1001,82,1075,19.89
2008,7,14,19,30,30.5,82,1070,997,997,82,1070,18.92
2008,7,14,20,30,30.8,81,996,982,982,81,996,18.69
2008,7,14,21,30,30.700000000000003,82,861,950,950,82,861,18.990000000000002
2008,7,14,22,30,30.1,76,671,900,900,76,671,19.79
2008,7,14,23,30,28.8,67,447,811,811,67,447,21.42
2008,7,15,0,30,26.1,51,211,632,632,51,211,25.53
2008,7,15,1,30,23.5,15,20,155,0,11,11,35.63
2008,7,15,2,30,22.200000000000003,0,0,0,0,0,0,39.54
2008,7,15,3,30,21.200000000000003,0,0,0,0,0,0,43.71
2008,7,15,4,30,20.200000000000003,0,0,0,0,0,0,50.06
2008,7,15,5,30,19.3,0,0,0,0,0,0,57.230000000000004
2008,7,15,6,30,18.3,0,0,0,0,0,0,65.16
2008,7,15,7,30,17.3,0,0,0,0,0,0,72.4
2008,7,15,8,30,16.2,0,0,0,0,0,0,79.66
2008,7,15,9,30,15.4,0,0,0,0,0,0,85.08
2008,7,15,10,30,14.700000000000001,0,0,0,0,0,0,89.18
2008,7,15,11,30,14.4,0,0,0,0,0,0,90.25
2008,7,15,12,30,15.8,17,26,205,205,17,26,81.10000000000001
2008,7,15,13,30,19.3,51,225,658,658,51,225,60.910000000000004
2008,7,15,14,30,23.3,67,462,826,826,67,462,40.26
2008,7,15,15,30,26.3,76,686,910,910,76,686,29.990000000000002
2008,7,15,16,30,28.200000000000003,82,871,955,955,82,871,26.67
2008,7,15,17,30,29.700000000000003,85,1006,983,983,85,1006,23.330000000000002
2008,7,15,18,30,30.700000000000003,92,1072,988,988,92,1072,20.6
2008,7,15,19,30,31.400000000000002,92,1067,984,984,92,1067,18.48
2008,7,15,20,30,31.6,90,996,972,972,90,996,17.06
2008,7,15,21,30,31.3,88,860,941,941,88,860,16.44
2008,7,15,22,30,30.6,81,672,894,894,81,672,16.61
2008,7,15,23,30,29.3,71,448,807,807,71,448,17.42
2008,7,16,0,30,26.1,52,211,628,235,121,180,21.45
2008,7,16,1,30,22.700000000000003,15,19,138,138,15,19,33.53
2008,7,16,2,30,21.1,0,0,0,0,0,0,38.03
2008,7,16,3,30,20,0,0,0,0,0,0,42.53
2008,7,16,4,30,18.7,0,0,0,0,0,0,49.21
2008,7,16,5,30,17.6,0,0,0,0,0,0,55.56
2008,7,16,6,30,16.7,0,0,0,0,0,0,61.08
2008,7,16,7,30,15.9,0,0,0,0,0,0,66.28
2008,7,16,8,30,15.200000000000001,0,0,0,0,0,0,71.33
2008,7,16,9,30,14.700000000000001,0,0,0,0,0,0,75.67
2008,7,16,10,30,14.200000000000001,0,0,0,0,0,0,80.02
2008,7,16,11,30,14.4,0,0,0,0,0,0,80.26
2008,7,16,12,30,16.400000000000002,17,25,199,199,17,25,71.41
2008,7,16,13,30,20.400000000000002,50,225,667,667,50,225,54.96
2008,7,16,14,30,24.3,65,464,836,836,65,464,35.15
2008,7,16,15,30,27,74,690,919,919,74,690,26.91
2008,7,16,16,30,28.8,81,876,963,963,81,876,22.34
2008,7,16,17,30,30.3,84,1009,987,987,84,1009,18.78
2008,7,16,18,30,31.3,88,1076,996,996,88,1076,16.34
2008,7,16,19,30,31.900000000000002,87,1075,996,996,87,1075,14.69
2008,7,16,20,30,32.1,85,1003,986,986,85,1003,13.700000000000001
2008,7,16,21,30,31.900000000000002,82,868,959,959,82,868,13.450000000000001
2008,7,16,22,30,31.1,76,677,909,909,76,677,14.040000000000001
2008,7,16,23,30,29.6,66,452,826,826,66,452,15.35
2008,7,17,0,30,26.3,50,213,648,648,50,213,19.7
2008,7,17,1,30,22.900000000000002,14,19,159,159,14,19,31.6
2008,7,17,2,30,21.3,0,0,0,0,0,0,36.4
2008,7,17,3,30,20.1,0,0,0,0,0,0,41.34
2008,7,17,4,30,19,0,0,0,0,0,0,47.03
2008,7,17,5,30,18.1,0,0,0,0,0,0,51.910000000000004
2008,7,17,6,30,17.1,0,0,0,0,0,0,57.49
2008,7,17,7,30,16.3,0,0,0,0,0,0,62.32
2008,7,17,8,30,15.5,0,0,0,0,0,0,66.83
2008,7,17,9,30,14.700000000000001,0,0,0,0,0,0,71.03
2008,7,17,10,30,14.200000000000001,0,0,0,0,0,0,74.05
2008,7,17,11,30,14.3,0,0,0,0,0,0,74.37
2008,7,17,12,30,16.2,17,23,142,142,17,23,66.64
2008,7,17,13,30,19.8,59,213,586,586,59,213,53.78
2008,7,17,14,30,23.400000000000002,80,444,764,201,251,347,38.12
2008,7,17,15,30,26.1,93,663,852,852,93,663,29.17
2008,7,17,16,30,27.8,104,845,898,898,104,845,26.12
2008,7,17,17,30,28.900000000000002,110,974,923,923,110,974,24.69
2008,7,17,18,30,29.6,109,1042,941,941,109,1042,24
2008,7,17,19,30,30.200000000000003,107,1041,942,942,107,1041,23.52
2008,7,17,20,30,30.200000000000003,105,969,927,927,105,969,23.72
2008,7,17,21,30,29.700000000000003,102,835,895,147,445,565,24.48
2008,7,17,22,30,28.700000000000003,95,648,836,130,365,451,26.17
2008,7,17,23,30,27.400000000000002,83,427,737,0,94,94,28.73
2008,7,18,0,30,25.6,60,197,547,0,11,11,33.21
2008,7,18,1,30,24,14,17,86,0,9,9,44.53
2008,7,18,2,30,23.200000000000003,0,0,0,0,0,0,48.75
2008,7,18,3,30,22.400000000000002,0,0,0,0,0,0,52.2
2008,7,18,4,30,21.5,0,0,0,0,0,0,57.94
2008,7,18,5,30,20.700000000000003,0,0,0,0,0,0,61.09
2008,7,18,6,30,20,0,0,0,0,0,0,63.6
2008,7,18,7,30,19,0,0,0,0,0,0,67.37
2008,7,18,8,30,17.900000000000002,0,0,0,0,0,0,72.10000000000001
2008,7,18,9,30,17,0,0,0,0,0,0,76.96000000000001
2008,7,18,10,30,16.2,0,0,0,0,0,0,81.79
2008,7,18,11,30,16.1,0,0,0,0,0,0,82.65
2008,7,18,12,30,17.3,16,22,143,0,6,6,77.58
2008,7,18,13,30,19.8,55,210,595,595,55,210,67.13
2008,7,18,14,30,22.3,74,439,769,31,229,244,55.44
2008,7,18,15,30,24,88,655,849,90,351,411,47.300000000000004
2008,7,18,16,30,25,99,836,893,419,377,722,43.29
2008,7,18,17,30,25.400000000000002,105,965,919,919,105,965,41.36
2008,7,18,18,30,25.8,104,1033,937,937,104,1033,39.75
2008,7,18,19,30,26.1,103,1032,938,43,451,494,38.4
2008,7,18,20,30,26.1,99,963,927,564,281,806,37.800000000000004
2008,7,18,21,30,26,93,831,901,7,268,274,37.37
2008,7,18,22,30,25.400000000000002,85,646,850,1,155,156,38.410000000000004
2008,7,18,23,30,24.5,74,427,758,541,169,422,40.97
2008,7,19,0,30,23.1,55,198,570,490,35,158,47.09
2008,7,19,1,30,21.8,13,16,104,0,8,8,60.5
2008,7,19,2,30,20.900000000000002,0,0,0,0,0,0,65.65
2008,7,19,3,30,20.1,0,0,0,0,0,0,68.73
2008,7,19,4,30,19.400000000000002,0,0,0,0,0,0,71.67
2008,7,19,5,30,18.8,0,0,0,0,0,0,74.15
2008,7,19,6,30,18.2,0,0,0,0,0,0,76.87
2008,7,19,7,30,17.7,0,0,0,0,0,0,79.97
2008,7,19,8,30,17.3,0,0,0,0,0,0,82.75
2008,7,19,9,30,17.1,0,0,0,0,0,0,84.21000000000001
2008,7,19,10,30,16.8,0,0,0,0,0,0,85.54
2008,7,19,11,30,16.6,0,0,0,0,0,0,85.71000000000001
2008,7,19,12,30,16.7,16,21,123,0,11,11,83
2008,7,19,13,30,17.3,59,206,565,230,113,173,76.64
2008,7,19,14,30,18.400000000000002,81,433,742,30,181,195,67.93
2008,7,19,15,30,19.900000000000002,97,650,828,828,97,650,59.58
2008,7,19,16,30,21.5,108,830,876,876,108,830,52.800000000000004
2008,7,19,17,30,22.8,115,960,903,903,115,960,48.480000000000004
2008,7,19,18,30,23.6,117,1027,917,91,463,553,46.2
2008,7,19,19,30,23.8,115,1026,919,0,109,109,45.87
2008,7,19,20,30,23.700000000000003,111,955,906,160,458,607,46.49
2008,7,19,21,30,23.1,107,822,873,660,203,743,48.6
2008,7,19,22,30,22.200000000000003,99,638,817,64,318,360,51.71
2008,7,19,23,30,21,86,420,718,3,116,118,56.28
2008,7,20,0,30,19.700000000000003,61,193,529,0,4,4,61.660000000000004
2008,7,20,1,30,18.5,13,15,77,0,7,7,67.94
2008,7,20,2,30,17.7,0,0,0,0,0,0,72.99
2008,7,20,3,30,17.1,0,0,0,0,0,0,76.26
2008,7,20,4,30,16.5,0,0,0,0,0,0,78.93
2008,7,20,5,30,15.9,0,0,0,0,0,0,81.3
2008,7,20,6,30,15.200000000000001,0,0,0,0,0,0,84.2
2008,7,20,7,30,14.5,0,0,0,0,0,0,87.21000000000001
2008,7,20,8,30,14,0,0,0,0,0,0,89.24
2008,7,20,9,30,13.5,0,0,0,0,0,0,91.07000000000001
2008,7,20,10,30,13.100000000000001,0,0,0,0,0,0,92.22
2008,7,20,11,30,13,0,0,0,0,0,0,91.44
2008,7,20,12,30,13.8,16,21,130,0,4,4,85.25
2008,7,20,13,30,16.1,56,210,597,0,4,4,69.7
2008,7,20,14,30,19.6,74,443,780,163,254,332,50.120000000000005
2008,7,20,15,30,22.900000000000002,84,664,870,870,84,664,36.02
2008,7,20,16,30,25.3,89,848,921,921,89,848,31.2
2008,7,20,17,30,27.1,92,978,947,947,92,978,28.94
2008,7,20,18,30,28.5,102,1041,947,947,102,1041,27.51
2008,7,20,19,30,29.1,107,1035,938,938,107,1035,27.41
2008,7,20,20,30,28.900000000000002,109,961,915,915,109,961,28.330000000000002
2008,7,20,21,30,27.900000000000002,108,825,876,876,108,825,30.63
2008,7,20,22,30,26.5,102,638,812,600,205,601,34.17
2008,7,20,23,30,25.1,89,417,705,705,89,417,38.19
2008,7,21,0,30,23.6,64,190,506,506,64,190,43.06
2008,7,21,1,30,22,13,15,58,0,8,8,49.26
2008,7,21,2,30,20.700000000000003,0,0,0,0,0,0,54.84
2008,7,21,3,30,19.3,0,0,0,0,0,0,60.71
2008,7,21,4,30,17.8,0,0,0,0,0,0,68.07000000000001
2008,7,21,5,30,16.400000000000002,0,0,0,0,0,0,76.3
2008,7,21,6,30,15.5,0,0,0,0,0,0,82.93
2008,7,21,7,30,15,0,0,0,0,0,0,86.85000000000001
2008,7,21,8,30,14.700000000000001,0,0,0,0,0,0,88.68
2008,7,21,9,30,14.5,0,0,0,0,0,0,89.31
2008,7,21,10,30,14.3,0,0,0,0,0,0,89.19
2008,7,21,11,30,14,0,0,0,0,0,0,88.76
2008,7,21,12,30,14.600000000000001,14,22,202,0,11,11,82.92
2008,7,21,13,30,16.7,47,216,659,33,113,121,67.63
2008,7,21,14,30,19.8,63,452,822,183,250,337,49.18
2008,7,21,15,30,22.900000000000002,73,675,903,610,166,573,34.36
2008,7,21,16,30,25.1,80,860,947,666,175,723,27.54
2008,7,21,17,30,26.6,85,994,973,723,206,882,24.19
2008,7,21,18,30,27.6,85,1063,986,778,185,957,22.05
2008,7,21,19,30,28.1,86,1061,985,699,234,927,20.87
2008,7,21,20,30,28.1,84,990,973,659,254,867,20.62
2008,7,21,21,30,27.8,89,852,933,747,190,802,21
2008,7,21,22,30,27.1,82,665,884,509,221,557,22.05
2008,7,21,23,30,25.8,71,441,796,27,164,177,24.490000000000002
2008,7,22,0,30,23.6,53,204,609,164,113,154,31.59
2008,7,22,1,30,21.700000000000003,13,16,118,0,9,9,39.87
2008,7,22,2,30,20.6,0,0,0,0,0,0,41.85
2008,7,22,3,30,19.400000000000002,0,0,0,0,0,0,43.980000000000004
2008,7,22,4,30,18.2,0,0,0,0,0,0,46.75
2008,7,22,5,30,17.1,0,0,0,0,0,0,50.29
2008,7,22,6,30,16.2,0,0,0,0,0,0,54.660000000000004
2008,7,22,7,30,15.4,0,0,0,0,0,0,60.050000000000004
2008,7,22,8,30,14.700000000000001,0,0,0,0,0,0,65.5
2008,7,22,9,30,14.200000000000001,0,0,0,0,0,0,69.9
2008,7,22,10,30,13.8,0,0,0,0,0,0,72.53
2008,7,22,11,30,13.600000000000001,0,0,0,0,0,0,72.23
2008,7,22,12,30,15,14,21,200,200,14,21,63.57
2008,7,22,13,30,18.5,48,218,668,668,48,218,48.11
2008,7,22,14,30,22.400000000000002,64,456,832,832,64,456,33.71
2008,7,22,15,30,25.3,73,678,909,909,73,678,28.53
2008,7,22,16,30,27.400000000000002,80,864,953,953,80,864,25.97
2008,7,22,17,30,29,83,997,978,978,83,997,23.900000000000002
2008,7,22,18,30,30.200000000000003,92,1061,977,977,92,1061,22.18
2008,7,22,19,30,30.8,94,1056,971,971,94,1056,21.17
2008,7,22,20,30,31,94,985,957,957,94,985,20.51
2008,7,22,21,30,30.6,90,850,929,929,90,850,20.57
2008,7,22,22,30,29.700000000000003,84,662,878,80,349,402,21.22
2008,7,22,23,30,28.200000000000003,73,438,788,11,201,206,22.82
2008,7,23,0,30,25.6,52,203,612,612,52,203,26.79
2008,7,23,1,30,22.900000000000002,12,16,124,0,8,8,35.51
2008,7,23,2,30,21.400000000000002,0,0,0,0,0,0,39.11
2008,7,23,3,30,20.200000000000003,0,0,0,0,0,0,42.550000000000004
2008,7,23,4,30,19,0,0,0,0,0,0,47.160000000000004
2008,7,23,5,30,17.6,0,0,0,0,0,0,53.480000000000004
2008,7,23,6,30,16.5,0,0,0,0,0,0,59.53
2008,7,23,7,30,15.9,0,0,0,0,0,0,64.17
2008,7,23,8,30,15.600000000000001,0,0,0,0,0,0,68.35000000000001
2008,7,23,9,30,15.700000000000001,0,0,0,0,0,0,70.7
2008,7,23,10,30,15.4,0,0,0,0,0,0,73.72
2008,7,23,11,30,15.200000000000001,0,0,0,0,0,0,74.44
2008,7,23,12,30,16.7,14,20,172,172,14,20,66.28
2008,7,23,13,30,20.200000000000003,49,214,648,648,49,214,52.82
2008,7,23,14,30,23.5,65,451,820,820,65,451,41.050000000000004
2008,7,23,15,30,25.900000000000002,74,674,903,903,74,674,32.84
2008,7,23,16,30,27.700000000000003,80,861,949,949,80,861,27.64
2008,7,23,17,30,29.200000000000003,84,993,973,973,84,993,24.45
2008,7,23,18,30,30.1,89,1058,978,978,89,1058,23.17
2008,7,23,19,30,30.6,91,1054,973,763,240,995,22.85
2008,7,23,20,30,30.400000000000002,93,980,954,954,93,980,23.75
2008,7,23,21,30,29.8,92,842,918,918,92,842,25.29
2008,7,23,22,30,28.5,87,652,859,859,87,652,27.75
2008,7,23,23,30,26.8,76,430,764,764,76,430,31.01
2008,7,24,0,30,24.700000000000003,56,196,570,570,56,196,35.45
2008,7,24,1,30,22.6,12,14,84,84,12,14,42.45
2008,7,24,2,30,21,0,0,0,0,0,0,49.59
2008,7,24,3,30,19.8,0,0,0,0,0,0,56.7
2008,7,24,4,30,18.900000000000002,0,0,0,0,0,0,63.92
2008,7,24,5,30,18.1,0,0,0,0,0,0,70.38
2008,7,24,6,30,17.5,0,0,0,0,0,0,74.74
2008,7,24,7,30,16.900000000000002,0,0,0,0,0,0,78.28
2008,7,24,8,30,16.400000000000002,0,0,0,0,0,0,81.08
2008,7,24,9,30,16.1,0,0,0,0,0,0,82.72
2008,7,24,10,30,15.8,0,0,0,0,0,0,84.33
2008,7,24,11,30,15.600000000000001,0,0,0,0,0,0,85.46000000000001
2008,7,24,12,30,17,14,18,129,129,14,18,78.34
2008,7,24,13,30,19.700000000000003,50,208,626,626,50,208,63.97
2008,7,24,14,30,22.1,63,445,814,814,63,445,49.35
2008,7,24,15,30,24.1,70,667,900,900,70,667,40.65
2008,7,24,16,30,25.900000000000002,75,852,945,945,75,852,35.54
2008,7,24,17,30,27.6,78,982,968,968,78,982,31.95
2008,7,24,18,30,28.8,86,1048,971,971,86,1048,29.63
2008,7,24,19,30,29.5,87,1045,968,128,502,629,28.14
2008,7,24,20,30,29.700000000000003,85,972,953,164,431,584,27.52
2008,7,24,21,30,29.200000000000003,82,838,926,523,269,696,28.21
2008,7,24,22,30,28.1,77,650,872,29,303,322,30.2
2008,7,24,23,30,26.5,69,427,777,518,131,370,34.08
2008,7,25,0,30,24.6,52,194,585,3,92,92,40.15
2008,7,25,1,30,22.900000000000002,12,14,85,0,4,4,50.29
2008,7,25,2,30,21.6,0,0,0,0,0,0,57.410000000000004
2008,7,25,3,30,20.6,0,0,0,0,0,0,62.76
2008,7,25,4,30,19.8,0,0,0,0,0,0,67.32000000000001
2008,7,25,5,30,19.200000000000003,0,0,0,0,0,0,71.25
2008,7,25,6,30,18.7,0,0,0,0,0,0,75.15
2008,7,25,7,30,18.400000000000002,0,0,0,0,0,0,78.27
2008,7,25,8,30,18.2,0,0,0,0,0,0,81.03
2008,7,25,9,30,18,0,0,0,0,0,0,83.83
2008,7,25,10,30,17.900000000000002,0,0,0,0,0,0,86.09
2008,7,25,11,30,17.8,0,0,0,0,0,0,87.61
2008,7,25,12,30,18,13,16,104,0,4,4,86.58
2008,7,25,13,30,18.8,51,200,593,2,90,90,81.11
2008,7,25,14,30,20.6,66,431,778,29,230,244,68.68
2008,7,25,15,30,22.8,75,651,868,77,335,386,55.36
2008,7,25,16,30,24.700000000000003,82,834,915,352,324,613,46.84
2008,7,25,17,30,25.900000000000002,86,964,941,237,493,715,42.21
2008,7,25,18,30,26.400000000000002,98,1028,939,939,98,1028,40.2
2008,7,25,19,30,26.200000000000003,98,1027,938,566,304,864,40.37
2008,7,25,20,30,25.8,95,957,928,301,478,758,41.58
2008,7,25,21,30,25.3,90,826,902,902,90,826,43.11
2008,7,25,22,30,24.8,81,643,856,286,327,515,44.35
2008,7,25,23,30,24.1,70,424,770,2,160,161,45.85
2008,7,26,0,30,22.6,50,194,593,60,127,142,50.82
2008,7,26,1,30,20.900000000000002,11,13,104,0,6,6,60.25
2008,7,26,2,30,19.900000000000002,0,0,0,0,0,0,61.67
2008,7,26,3,30,18.8,0,0,0,0,0,0,63.34
2008,7,26,4,30,17.400000000000002,0,0,0,0,0,0,69.39
2008,7,26,5,30,16.3,0,0,0,0,0,0,76.48
2008,7,26,6,30,15.4,0,0,0,0,0,0,83.76
2008,7,26,7,30,14.8,0,0,0,0,0,0,89.06
2008,7,26,8,30,14.5,0,0,0,0,0,0,91.95
2008,7,26,9,30,14.3,0,0,0,0,0,0,93.55
2008,7,26,10,30,14.200000000000001,0,0,0,0,0,0,94.10000000000001
2008,7,26,11,30,14.200000000000001,0,0,0,0,0,0,93.63
2008,7,26,12,30,15.200000000000001,13,18,203,203,13,18,87.31
2008,7,26,13,30,17.5,45,216,680,680,45,216,74.26
2008,7,26,14,30,20.700000000000003,61,456,845,845,61,456,52.7
2008,7,26,15,30,23.700000000000003,72,682,922,922,72,682,32.52
2008,7,26,16,30,26.200000000000003,78,871,965,965,78,871,23.7
2008,7,26,17,30,28,81,1005,990,990,81,1005,19.93
2008,7,26,18,30,29.3,98,1067,979,979,98,1067,17.88
2008,7,26,19,30,29.900000000000002,96,1067,981,981,96,1067,16.990000000000002
2008,7,26,20,30,30.1,91,992,970,970,91,992,16.71
2008,7,26,21,30,29.700000000000003,81,858,952,952,81,858,17.17
2008,7,26,22,30,28.700000000000003,73,669,909,909,73,669,18.46
2008,7,26,23,30,27,62,441,825,49,246,268,21.01
2008,7,27,0,30,24.200000000000003,46,203,650,650,46,203,26.46
2008,7,27,1,30,21.400000000000002,11,13,138,138,11,13,36.09
2008,7,27,2,30,19.700000000000003,0,0,0,0,0,0,43.2
2008,7,27,3,30,18.400000000000002,0,0,0,0,0,0,50.25
2008,7,27,4,30,17.2,0,0,0,0,0,0,57.550000000000004
2008,7,27,5,30,16,0,0,0,0,0,0,65.06
2008,7,27,6,30,14.9,0,0,0,0,0,0,72.14
2008,7,27,7,30,14,0,0,0,0,0,0,78.16
2008,7,27,8,30,13.100000000000001,0,0,0,0,0,0,84.18
2008,7,27,9,30,12.4,0,0,0,0,0,0,88.96000000000001
2008,7,27,10,30,11.9,0,0,0,0,0,0,92.57000000000001
2008,7,27,11,30,11.9,0,0,0,0,0,0,92.72
2008,7,27,12,30,13.4,12,17,181,181,12,17,83.04
2008,7,27,13,30,16.900000000000002,45,214,678,678,45,214,63.050000000000004
2008,7,27,14,30,21.200000000000003,60,454,845,845,60,454,40.08
2008,7,27,15,30,24.400000000000002,69,680,924,924,69,680,28.36
2008,7,27,16,30,26.5,75,868,966,966,75,868,25.11
2008,7,27,17,30,28.200000000000003,79,999,987,987,79,999,22.69
2008,7,27,18,30,29.3,89,1067,988,988,89,1067,20.990000000000002
2008,7,27,19,30,30,91,1062,982,982,91,1062,19.7
2008,7,27,20,30,30.3,90,990,968,968,90,990,18.77
2008,7,27,21,30,30.1,84,852,942,942,84,852,18.34
2008,7,27,22,30,29.3,78,662,893,2,249,250,18.54
2008,7,27,23,30,28,67,436,806,116,255,308,19.57
2008,7,28,0,30,25.3,49,199,627,26,125,131,23.88
2008,7,28,1,30,22.8,11,13,109,0,5,5,37.7
2008,7,28,2,30,21.400000000000002,0,0,0,0,0,0,39.31
2008,7,28,3,30,20,0,0,0,0,0,0,45.03
2008,7,28,4,30,18.7,0,0,0,0,0,0,51.97
2008,7,28,5,30,17.8,0,0,0,0,0,0,57.89
2008,7,28,6,30,17,0,0,0,0,0,0,66.27
2008,7,28,7,30,16.3,0,0,0,0,0,0,74.22
2008,7,28,8,30,15.700000000000001,0,0,0,0,0,0,80.10000000000001
2008,7,28,9,30,15.4,0,0,0,0,0,0,84.56
2008,7,28,10,30,15.100000000000001,0,0,0,0,0,0,88.56
2008,7,28,11,30,15.100000000000001,0,0,0,0,0,0,89.86
2008,7,28,12,30,16.6,12,16,170,170,12,16,81.97
2008,7,28,13,30,19.900000000000002,45,208,659,659,45,208,66.03
2008,7,28,14,30,23.400000000000002,61,445,825,825,61,445,50
2008,7,28,15,30,26.400000000000002,71,669,904,904,71,669,35.92
2008,7,28,16,30,28.5,78,855,947,947,78,855,27.98
2008,7,28,17,30,30,83,988,971,971,83,988,24.21
2008,7,28,18,30,31.1,87,1056,980,980,87,1056,21.91
2008,7,28,19,30,31.8,89,1054,976,976,89,1054,20.46
2008,7,28,20,30,32,89,982,962,962,89,982,19.740000000000002
2008,7,28,21,30,31.700000000000003,94,843,920,920,94,843,19.69
2008,7,28,22,30,30.900000000000002,90,651,857,549,209,568,20.44
2008,7,28,23,30,29.400000000000002,80,423,751,361,181,347,22.46
2008,7,29,0,30,27.1,59,188,540,0,3,3,27.17
2008,7,29,1,30,25,0,0,0,0,0,0,37.5
2008,7,29,2,30,23.6,0,0,0,0,0,0,42.93
2008,7,29,3,30,22.400000000000002,0,0,0,0,0,0,48.81
2008,7,29,4,30,21.5,0,0,0,0,0,0,52.800000000000004
2008,7,29,5,30,20.700000000000003,0,0,0,0,0,0,56.9
2008,7,29,6,30,20,0,0,0,0,0,0,60.7
2008,7,29,7,30,19.200000000000003,0,0,0,0,0,0,64.19
2008,7,29,8,30,18.2,0,0,0,0,0,0,68.72
2008,7,29,9,30,17.3,0,0,0,0,0,0,73.57000000000001
2008,7,29,10,30,16.7,0,0,0,0,0,0,77.46000000000001
2008,7,29,11,30,16.6,0,0,0,0,0,0,79.61
2008,7,29,12,30,17.900000000000002,12,15,125,125,12,15,74.87
2008,7,29,13,30,20.900000000000002,51,203,620,620,51,203,63.17
2008,7,29,14,30,24.400000000000002,69,440,797,797,69,440,44.51
2008,7,29,15,30,27,80,664,884,884,80,664,32.83
2008,7,29,16,30,28.8,89,851,930,930,89,851,28.150000000000002
2008,7,29,17,30,30,95,982,952,952,95,982,25.86
2008,7,29,18,30,30.900000000000002,100,1047,957,957,100,1047,24.310000000000002
2008,7,29,19,30,31.3,106,1043,949,754,244,989,23.46
2008,7,29,20,30,31.400000000000002,110,967,924,924,110,967,23.11
2008,7,29,21,30,30.8,99,832,902,19,303,318,24.1
2008,7,29,22,30,29.6,94,641,839,387,270,523,26.11
2008,7,29,23,30,28.200000000000003,83,417,731,0,33,33,28.45
2008,7,30,0,30,26.200000000000003,60,184,523,390,54,146,32.76
2008,7,30,1,30,24.200000000000003,0,0,0,0,0,0,43.18
2008,7,30,2,30,23.1,0,0,0,0,0,0,48.49
2008,7,30,3,30,22.200000000000003,0,0,0,0,0,0,51.09
2008,7,30,4,30,21.3,0,0,0,0,0,0,53.14
2008,7,30,5,30,20.400000000000002,0,0,0,0,0,0,55.72
2008,7,30,6,30,19.400000000000002,0,0,0,0,0,0,59.6
2008,7,30,7,30,18.7,0,0,0,0,0,0,62.95
2008,7,30,8,30,18.5,0,0,0,0,0,0,64.54
2008,7,30,9,30,18.1,0,0,0,0,0,0,67.15
2008,7,30,10,30,17.400000000000002,0,0,0,0,0,0,70.52
2008,7,30,11,30,17.1,0,0,0,0,0,0,71.36
2008,7,30,12,30,18.1,11,14,98,0,6,6,67.72
2008,7,30,13,30,21.200000000000003,53,198,593,593,53,198,56.63
2008,7,30,14,30,24.6,72,435,782,782,72,435,43.72
2008,7,30,15,30,27,84,658,872,872,84,658,36.75
2008,7,30,16,30,28.6,91,848,925,925,91,848,32.93
2008,7,30,17,30,30,95,981,952,952,95,981,29.44
2008,7,30,18,30,31.1,93,1052,970,970,93,1052,26.57
2008,7,30,19,30,31.700000000000003,94,1050,968,296,529,822,24.61
2008,7,30,20,30,31.8,93,976,951,702,231,883,23.35
2008,7,30,21,30,31.3,115,829,878,480,283,673,23.16
2008,7,30,22,30,30.200000000000003,113,635,801,238,306,461,24.14
2008,7,30,23,30,28.5,98,410,686,104,220,267,26.8
2008,7,31,0,30,25.8,69,178,464,464,69,178,34.32
2008,7,31,1,30,23.400000000000002,0,0,0,0,0,0,50.980000000000004
2008,7,31,2,30,21.8,0,0,0,0,0,0,63.28
2008,7,31,3,30,20.6,0,0,0,0,0,0,71.86
2008,7,31,4,30,19.6,0,0,0,0,0,0,78.43
2008,7,31,5,30,18.900000000000002,0,0,0,0,0,0,83.46000000000001
2008,7,31,6,30,18.2,0,0,0,0,0,0,87.82000000000001
2008,7,31,7,30,17.7,0,0,0,0,0,0,90.4
2008,7,31,8,30,17.3,0,0,0,0,0,0,92.03
2008,7,31,9,30,17.1,0,0,0,0,0,0,92.8
2008,7,31,10,30,16.900000000000002,0,0,0,0,0,0,93.5
2008,7,31,11,30,16.900000000000002,0,0,0,0,0,0,92.93
2008,7,31,12,30,17.3,11,12,48,0,2,2,90.43
2008,7,31,13,30,18.3,64,186,502,0,57,57,85
2008,7,31,14,30,19.6,90,417,707,9,196,201,77.38
2008,7,31,15,30,21.1,103,640,816,816,103,640,68.24
2008,7,31,16,30,22.5,110,826,876,876,110,826,59.28
2008,7,31,17,30,23.400000000000002,114,959,908,696,275,922,53.72
2008,7,31,18,30,23.900000000000002,111,1032,931,931,111,1032,50.29
2008,7,31,19,30,24.1,108,1031,935,935,108,1031,48.1
2008,7,31,20,30,23.900000000000002,103,960,925,331,383,690,47.26
2008,7,31,21,30,23.6,91,828,907,623,211,717,46.81
2008,7,31,22,30,23.200000000000003,83,641,858,858,83,641,47.09
2008,7,31,23,30,22.5,70,418,768,768,70,418,49.09
2008,8,1,0,30,21.1,51,185,572,572,51,185,58.25
2008,8,1,1,30,19.8,0,0,0,0,0,0,66.84
2008,8,1,2,30,19.200000000000003,0,0,0,0,0,0,68.63
2008,8,1,3,30,18.8,0,0,0,0,0,0,70.29
2008,8,1,4,30,18.400000000000002,0,0,0,0,0,0,71.44
2008,8,1,5,30,18.2,0,0,0,0,0,0,72.63
2008,8,1,6,30,17.900000000000002,0,0,0,0,0,0,74.54
2008,8,1,7,30,17.6,0,0,0,0,0,0,76.81
2008,8,1,8,30,17.3,0,0,0,0,0,0,79.34
2008,8,1,9,30,17,0,0,0,0,0,0,81.77
2008,8,1,10,30,16.7,0,0,0,0,0,0,83.82000000000001
2008,8,1,11,30,16.6,0,0,0,0,0,0,84.53
2008,8,1,12,30,17.2,10,11,57,0,4,4,81.62
2008,8,1,13,30,18.900000000000002,60,188,528,528,60,188,71.84
2008,8,1,14,30,21.200000000000003,81,420,735,735,81,420,57.96
2008,8,1,15,30,23.5,91,643,838,838,91,643,47.69
2008,8,1,16,30,25.3,98,829,893,644,225,751,41.7
2008,8,1,17,30,26.400000000000002,103,961,922,922,103,961,38.61
2008,8,1,18,30,27,117,1025,920,383,407,785,36.77
2008,8,1,19,30,27.200000000000003,119,1023,917,3,278,281,35.29
2008,8,1,20,30,27,119,951,898,229,506,718,34.53
2008,8,1,21,30,26.5,109,819,874,874,109,819,34.72
2008,8,1,22,30,25.700000000000003,98,631,821,141,298,389,35.97
2008,8,1,23,30,24.5,83,409,721,33,228,243,38.77
2008,8,2,0,30,22.5,59,178,516,251,71,129,49.31
2008,8,2,1,30,20.6,0,0,0,0,0,0,65.2
2008,8,2,2,30,19.3,0,0,0,0,0,0,68.61
2008,8,2,3,30,18,0,0,0,0,0,0,71.32000000000001
2008,8,2,4,30,16.900000000000002,0,0,0,0,0,0,73.62
2008,8,2,5,30,16,0,0,0,0,0,0,76.88
2008,8,2,6,30,15.4,0,0,0,0,0,0,80.23
2008,8,2,7,30,14.8,0,0,0,0,0,0,84.53
2008,8,2,8,30,14.200000000000001,0,0,0,0,0,0,89.02
2008,8,2,9,30,13.600000000000001,0,0,0,0,0,0,93.43
2008,8,2,10,30,13.4,0,0,0,0,0,0,95.33
2008,8,2,11,30,13.4,0,0,0,0,0,0,95.36
2008,8,2,12,30,14.3,10,12,107,0,4,4,89.77
2008,8,2,13,30,16.5,51,200,619,3,58,59,78.36
2008,8,2,14,30,19.900000000000002,67,440,809,399,173,357,59.61
2008,8,2,15,30,23.200000000000003,77,665,894,894,77,665,42.07
2008,8,2,16,30,25.400000000000002,82,854,944,944,82,854,33.99
2008,8,2,17,30,27.1,86,988,970,155,483,627,29.14
2008,8,2,18,30,28.1,91,1054,975,182,517,697,26.91
2008,8,2,19,30,28.700000000000003,92,1052,974,357,506,858,26.01
2008,8,2,20,30,29,89,980,963,963,89,980,25.7
2008,8,2,21,30,28.8,82,844,940,139,437,550,25.810000000000002
2008,8,2,22,30,28.3,72,654,898,898,72,654,25.93
2008,8,2,23,30,27,61,428,816,182,198,280,27.27
2008,8,3,0,30,24.400000000000002,44,190,637,631,29,174,33.51
2008,8,3,1,30,22,0,0,0,0,0,0,48.620000000000005
2008,8,3,2,30,20.900000000000002,0,0,0,0,0,0,51.6
2008,8,3,3,30,20,0,0,0,0,0,0,54.14
2008,8,3,4,30,19.1,0,0,0,0,0,0,58.25
2008,8,3,5,30,18.2,0,0,0,0,0,0,63.9
2008,8,3,6,30,17.3,0,0,0,0,0,0,69.76
2008,8,3,7,30,16.400000000000002,0,0,0,0,0,0,75.39
2008,8,3,8,30,15.5,0,0,0,0,0,0,80.9
2008,8,3,9,30,14.700000000000001,0,0,0,0,0,0,85.19
2008,8,3,10,30,13.8,0,0,0,0,0,0,88.59
2008,8,3,11,30,13.3,0,0,0,0,0,0,87.7
2008,8,3,12,30,14.5,0,0,0,0,0,0,77.03
2008,8,3,13,30,18,43,205,675,675,43,205,57.67
2008,8,3,14,30,21.700000000000003,57,445,845,845,57,445,36.300000000000004
2008,8,3,15,30,24.400000000000002,65,672,924,924,65,672,27.69
2008,8,3,16,30,26.400000000000002,71,861,968,968,71,861,24.78
2008,8,3,17,30,28,75,996,991,991,75,996,22.990000000000002
2008,8,3,18,30,29.1,84,1063,992,992,84,1063,21.67
2008,8,3,19,30,29.8,85,1059,988,988,85,1059,20.68
2008,8,3,20,30,30.1,83,984,974,974,83,984,20.14
2008,8,3,21,30,29.8,78,847,949,949,78,847,20.240000000000002
2008,8,3,22,30,29,73,653,897,10,283,290,20.96
2008,8,3,23,30,27.6,63,426,809,809,63,426,22.52
2008,8,4,0,30,24.700000000000003,45,188,624,624,45,188,27.03
2008,8,4,1,30,21.8,0,0,0,0,0,0,37.52
2008,8,4,2,30,20.3,0,0,0,0,0,0,40.86
2008,8,4,3,30,19.200000000000003,0,0,0,0,0,0,42.35
2008,8,4,4,30,18,0,0,0,0,0,0,44.88
2008,8,4,5,30,17,0,0,0,0,0,0,48.09
2008,8,4,6,30,16,0,0,0,0,0,0,52.61
2008,8,4,7,30,15.100000000000001,0,0,0,0,0,0,58.19
2008,8,4,8,30,14.3,0,0,0,0,0,0,64.15
2008,8,4,9,30,13.600000000000001,0,0,0,0,0,0,69.76
2008,8,4,10,30,13,0,0,0,0,0,0,74.28
2008,8,4,11,30,12.700000000000001,0,0,0,0,0,0,76.06
2008,8,4,12,30,14.200000000000001,0,0,0,0,0,0,67.57000000000001
2008,8,4,13,30,18,44,203,665,665,44,203,51.38
2008,8,4,14,30,22.1,60,444,838,838,60,444,30.61
2008,8,4,15,30,25,70,671,917,917,70,671,21.92
2008,8,4,16,30,27,78,861,960,960,78,861,20.31
2008,8,4,17,30,28.5,82,993,982,982,82,993,19.830000000000002
2008,8,4,18,30,29.5,85,1062,990,990,85,1062,19.52
2008,8,4,19,30,30.200000000000003,86,1060,989,989,86,1060,19.05
2008,8,4,20,30,30.400000000000002,84,984,974,974,84,984,18.81
2008,8,4,21,30,30.1,79,847,950,950,79,847,18.92
2008,8,4,22,30,29.400000000000002,73,655,901,343,315,536,19.37
2008,8,4,23,30,27.900000000000002,63,426,813,0,101,101,20.84
2008,8,5,0,30,24.8,45,186,625,0,25,25,25.85
2008,8,5,1,30,21.8,0,0,0,0,0,0,38.910000000000004
2008,8,5,2,30,20.5,0,0,0,0,0,0,41.550000000000004
2008,8,5,3,30,19.400000000000002,0,0,0,0,0,0,44.59
2008,8,5,4,30,18.400000000000002,0,0,0,0,0,0,48.79
2008,8,5,5,30,17.400000000000002,0,0,0,0,0,0,53.86
2008,8,5,6,30,16.6,0,0,0,0,0,0,58.81
2008,8,5,7,30,16.1,0,0,0,0,0,0,63.24
2008,8,5,8,30,15.600000000000001,0,0,0,0,0,0,68.34
2008,8,5,9,30,15,0,0,0,0,0,0,73.94
2008,8,5,10,30,14.3,0,0,0,0,0,0,79.25
2008,8,5,11,30,13.9,0,0,0,0,0,0,82.29
2008,8,5,12,30,15.100000000000001,0,0,0,0,0,0,76.06
2008,8,5,13,30,18.5,50,195,612,612,50,195,58.78
2008,8,5,14,30,21.900000000000002,69,433,796,796,69,433,42.58
2008,8,5,15,30,24.6,81,659,882,882,81,659,35.69
2008,8,5,16,30,26.5,91,847,927,927,91,847,32.01
2008,8,5,17,30,27.700000000000003,98,978,948,948,98,978,29.97
2008,8,5,18,30,28.3,107,1045,951,760,240,990,28.71
2008,8,5,19,30,28.6,112,1041,944,119,511,628,27.82
2008,8,5,20,30,28.5,112,967,925,649,320,919,27.54
2008,8,5,21,30,28,104,828,896,349,345,627,28.03
2008,8,5,22,30,27.400000000000002,93,637,845,570,209,576,28.61
2008,8,5,23,30,26.3,77,413,753,753,77,413,29.87
2008,8,6,0,30,24.1,54,177,549,549,54,177,34.39
2008,8,6,1,30,22,0,0,0,0,0,0,46.15
2008,8,6,2,30,20.900000000000002,0,0,0,0,0,0,49.76
2008,8,6,3,30,20,0,0,0,0,0,0,52.370000000000005
2008,8,6,4,30,18.900000000000002,0,0,0,0,0,0,56.44
2008,8,6,5,30,17.6,0,0,0,0,0,0,61.910000000000004
2008,8,6,6,30,16.400000000000002,0,0,0,0,0,0,68.55
2008,8,6,7,30,15.3,0,0,0,0,0,0,76.73
2008,8,6,8,30,14.5,0,0,0,0,0,0,84.08
2008,8,6,9,30,13.9,0,0,0,0,0,0,89.56
2008,8,6,10,30,13.600000000000001,0,0,0,0,0,0,92.26
2008,8,6,11,30,13.5,0,0,0,0,0,0,92.74
2008,8,6,12,30,14.4,0,0,0,0,0,0,86.73
2008,8,6,13,30,17.1,51,192,594,22,121,126,72.91
2008,8,6,14,30,20.8,72,429,782,270,225,349,52.22
2008,8,6,15,30,23.900000000000002,84,655,873,246,288,449,38.33
2008,8,6,16,30,25.900000000000002,91,844,924,924,91,844,33.76
2008,8,6,17,30,27.1,94,979,954,954,94,979,31.28
2008,8,6,18,30,27.8,93,1049,970,801,202,991,29.5
2008,8,6,19,30,28.3,92,1045,969,969,92,1045,27.990000000000002
2008,8,6,20,30,28.400000000000002,87,972,959,167,489,643,27.36
2008,8,6,21,30,28.1,84,834,930,29,326,349,27.48
2008,8,6,22,30,27.3,76,642,880,117,292,368,28.59
2008,8,6,23,30,26.200000000000003,65,415,791,101,203,248,30.52
2008,8,7,0,30,24.3,46,178,599,341,91,166,35.07
2008,8,7,1,30,22.700000000000003,0,0,0,0,0,0,44.21
2008,8,7,2,30,21.8,0,0,0,0,0,0,47.49
2008,8,7,3,30,20.8,0,0,0,0,0,0,51.61
2008,8,7,4,30,19.6,0,0,0,0,0,0,57.82
2008,8,7,5,30,18.3,0,0,0,0,0,0,65.9
2008,8,7,6,30,17.2,0,0,0,0,0,0,73.68
2008,8,7,7,30,16.2,0,0,0,0,0,0,81.05
2008,8,7,8,30,15.5,0,0,0,0,0,0,86.27
2008,8,7,9,30,15,0,0,0,0,0,0,89.27
2008,8,7,10,30,14.600000000000001,0,0,0,0,0,0,90.7
2008,8,7,11,30,14.4,0,0,0,0,0,0,90.44
2008,8,7,12,30,15,0,0,0,0,0,0,85.37
2008,8,7,13,30,17.1,47,191,613,613,47,191,73.2
2008,8,7,14,30,20.1,65,427,795,795,65,427,58.1
2008,8,7,15,30,22.900000000000002,75,651,881,881,75,651,46.11
2008,8,7,16,30,24.900000000000002,83,837,926,926,83,837,39.57
2008,8,7,17,30,26,89,970,950,950,89,970,36.37
2008,8,7,18,30,26.5,109,1030,935,631,338,959,35.01
2008,8,7,19,30,26.6,112,1027,931,34,475,509,34.81
2008,8,7,20,30,26.3,110,953,915,915,110,953,35.6
2008,8,7,21,30,25.700000000000003,102,815,885,53,390,433,37.21
2008,8,7,22,30,24.900000000000002,93,625,829,8,271,276,39.6
2008,8,7,23,30,23.900000000000002,79,399,724,489,160,375,42.88
2008,8,8,0,30,22.3,55,166,506,0,54,54,49.94
2008,8,8,1,30,21,0,0,0,0,0,0,61.68
2008,8,8,2,30,20.1,0,0,0,0,0,0,66.62
2008,8,8,3,30,19.400000000000002,0,0,0,0,0,0,69.78
2008,8,8,4,30,18.6,0,0,0,0,0,0,73.8
2008,8,8,5,30,17.7,0,0,0,0,0,0,79.07000000000001
2008,8,8,6,30,16.900000000000002,0,0,0,0,0,0,83.51
2008,8,8,7,30,16.3,0,0,0,0,0,0,86.79
2008,8,8,8,30,15.700000000000001,0,0,0,0,0,0,89.92
2008,8,8,9,30,15.100000000000001,0,0,0,0,0,0,92.81
2008,8,8,10,30,14.700000000000001,0,0,0,0,0,0,94.4
2008,8,8,11,30,14.700000000000001,0,0,0,0,0,0,93.84
2008,8,8,12,30,15.8,0,0,0,0,0,0,87.58
2008,8,8,13,30,18.2,52,184,565,0,39,39,77.32000000000001
2008,8,8,14,30,20.8,67,421,777,18,195,204,64.42
2008,8,8,15,30,22.700000000000003,77,645,872,872,77,645,53.15
2008,8,8,16,30,23.8,85,830,916,538,320,758,46.97
2008,8,8,17,30,24.5,91,962,940,259,491,731,43.68
2008,8,8,18,30,24.8,96,1030,949,204,519,719,42.22
2008,8,8,19,30,24.6,97,1027,947,27,391,417,42.47
2008,8,8,20,30,24,95,952,931,1,182,183,44.57
2008,8,8,21,30,23.3,84,817,912,29,326,349,47.410000000000004
2008,8,8,22,30,22.5,78,626,857,350,240,464,50.88
2008,8,8,23,30,21.5,67,401,759,759,67,401,55.86
2008,8,9,0,30,20.3,47,168,554,0,11,11,64.37
2008,8,9,1,30,19.200000000000003,0,0,0,0,0,0,74.95
2008,8,9,2,30,18.400000000000002,0,0,0,0,0,0,79.12
2008,8,9,3,30,17.8,0,0,0,0,0,0,81.08
2008,8,9,4,30,17.1,0,0,0,0,0,0,84.11
2008,8,9,5,30,16.6,0,0,0,0,0,0,86.48
2008,8,9,6,30,16.2,0,0,0,0,0,0,88.26
2008,8,9,7,30,15.8,0,0,0,0,0,0,90.10000000000001
2008,8,9,8,30,15.3,0,0,0,0,0,0,92.72
2008,8,9,9,30,14.8,0,0,0,0,0,0,94.61
2008,8,9,10,30,14.200000000000001,0,0,0,0,0,0,96.46000000000001
2008,8,9,11,30,13.9,0,0,0,0,0,0,96.36
2008,8,9,12,30,14.9,0,0,0,0,0,0,89.49
2008,8,9,13,30,17.7,45,191,628,628,45,191,76.95
2008,8,9,14,30,21.3,61,429,811,811,61,429,57.6
2008,8,9,15,30,24.5,71,655,896,896,71,655,38.75
2008,8,9,16,30,26.5,77,845,945,512,337,753,31.220000000000002
2008,8,9,17,30,28.1,81,980,970,3,376,379,27.03
2008,8,9,18,30,29.1,86,1047,977,0,132,132,24.43
2008,8,9,19,30,29.8,87,1044,975,15,457,472,22.52
2008,8,9,20,30,30.1,86,970,961,0,253,253,21.38
2008,8,9,21,30,29.8,81,834,938,224,438,618,21.11
2008,8,9,22,30,29.1,75,641,888,100,348,412,21.51
2008,8,9,23,30,27.6,64,412,794,0,105,105,23.42
2008,8,10,0,30,24.8,45,173,592,5,96,97,33.47
2008,8,10,1,30,22.200000000000003,0,0,0,0,0,0,49.4
2008,8,10,2,30,21,0,0,0,0,0,0,52.59
2008,8,10,3,30,20.1,0,0,0,0,0,0,56.52
2008,8,10,4,30,19.200000000000003,0,0,0,0,0,0,61.25
2008,8,10,5,30,18.3,0,0,0,0,0,0,66.52
2008,8,10,6,30,17.6,0,0,0,0,0,0,71.8
2008,8,10,7,30,16.900000000000002,0,0,0,0,0,0,77.92
2008,8,10,8,30,16.5,0,0,0,0,0,0,82.94
2008,8,10,9,30,16.1,0,0,0,0,0,0,87.21000000000001
2008,8,10,10,30,15.700000000000001,0,0,0,0,0,0,90.19
2008,8,10,11,30,15.5,0,0,0,0,0,0,91.39
2008,8,10,12,30,16.6,0,0,0,0,0,0,84.98
2008,8,10,13,30,19.6,45,188,618,618,45,188,71.17
2008,8,10,14,30,23,61,428,810,810,61,428,54.26
2008,8,10,15,30,25.700000000000003,71,654,897,897,71,654,40.25
2008,8,10,16,30,27.6,78,843,942,942,78,843,32.81
2008,8,10,17,30,28.700000000000003,85,976,963,963,85,976,29.84
2008,8,10,18,30,29.200000000000003,96,1042,962,962,96,1042,28.61
2008,8,10,19,30,29.6,98,1038,959,959,98,1038,27.84
2008,8,10,20,30,29.6,95,962,944,944,95,962,27.8
2008,8,10,21,30,29.200000000000003,88,824,918,918,88,824,28.34
2008,8,10,22,30,28.3,82,631,862,45,265,293,29.490000000000002
2008,8,10,23,30,27.1,70,403,764,664,14,303,31.560000000000002
2008,8,11,0,30,25.200000000000003,48,166,553,80,73,91,38.56
2008,8,11,1,30,23.200000000000003,0,0,0,0,0,0,55.72
2008,8,11,2,30,21.900000000000002,0,0,0,0,0,0,62.22
2008,8,11,3,30,20.900000000000002,0,0,0,0,0,0,64.05
2008,8,11,4,30,19.900000000000002,0,0,0,0,0,0,67.37
2008,8,11,5,30,18.900000000000002,0,0,0,0,0,0,72.06
2008,8,11,6,30,18.1,0,0,0,0,0,0,76.60000000000001
2008,8,11,7,30,17.3,0,0,0,0,0,0,81.08
2008,8,11,8,30,16.5,0,0,0,0,0,0,85.12
2008,8,11,9,30,15.9,0,0,0,0,0,0,88.14
2008,8,11,10,30,15.600000000000001,0,0,0,0,0,0,89.66
2008,8,11,11,30,15.5,0,0,0,0,0,0,89.81
2008,8,11,12,30,16.7,0,0,0,0,0,0,82.86
2008,8,11,13,30,20,48,184,594,594,48,184,68.18
2008,8,11,14,30,23.6,66,422,788,788,66,422,51.18
2008,8,11,15,30,26,76,649,880,880,76,649,41.71
2008,8,11,16,30,27.700000000000003,85,837,926,926,85,837,36.01
2008,8,11,17,30,29,92,972,952,952,92,972,31.45
2008,8,11,18,30,30.1,95,1042,965,965,95,1042,28.150000000000002
2008,8,11,19,30,30.8,97,1039,961,961,97,1039,26.04
2008,8,11,20,30,31,97,963,944,387,378,733,24.85
2008,8,11,21,30,30.900000000000002,91,824,917,2,179,180,24.39
2008,8,11,22,30,30.3,84,630,862,862,84,630,24.87
2008,8,11,23,30,28.8,70,402,764,511,151,373,26.92
2008,8,12,0,30,26.3,48,165,553,444,39,132,36.54
2008,8,12,1,30,24.3,0,0,0,0,0,0,49.58
2008,8,12,2,30,23.3,0,0,0,0,0,0,51.75
2008,8,12,3,30,22.400000000000002,0,0,0,0,0,0,53.870000000000005
2008,8,12,4,30,21.6,0,0,0,0,0,0,56.7
2008,8,12,5,30,20.700000000000003,0,0,0,0,0,0,60.24
2008,8,12,6,30,19.700000000000003,0,0,0,0,0,0,63.78
2008,8,12,7,30,18.8,0,0,0,0,0,0,66.21000000000001
2008,8,12,8,30,18.1,0,0,0,0,0,0,68.49
2008,8,12,9,30,17.5,0,0,0,0,0,0,71.54
2008,8,12,10,30,16.900000000000002,0,0,0,0,0,0,75.09
2008,8,12,11,30,16.6,0,0,0,0,0,0,78.29
2008,8,12,12,30,17.400000000000002,0,0,0,0,0,0,76.8
2008,8,12,13,30,19.900000000000002,49,185,591,43,121,131,69.60000000000001
2008,8,12,14,30,23.400000000000002,68,424,790,198,237,326,53.49
2008,8,12,15,30,26.400000000000002,79,652,883,883,79,652,35.96
2008,8,12,16,30,28.5,85,842,933,699,257,824,29.98
2008,8,12,17,30,29.700000000000003,90,979,961,738,257,939,27.78
2008,8,12,18,30,30.6,99,1045,964,588,379,956,25.87
2008,8,12,19,30,31.200000000000003,103,1038,956,956,103,1038,24.580000000000002
2008,8,12,20,30,31.3,104,962,937,937,104,962,24.11
2008,8,12,21,30,30.900000000000002,96,820,908,653,225,747,24.32
2008,8,12,22,30,29.900000000000002,89,626,849,3,145,148,25.71
2008,8,12,23,30,28.400000000000002,75,397,745,745,75,397,28.37
2008,8,13,0,30,26,51,160,526,526,51,160,36.550000000000004
2008,8,13,1,30,24.1,0,0,0,0,0,0,50.47
2008,8,13,2,30,23.200000000000003,0,0,0,0,0,0,55.03
2008,8,13,3,30,22.5,0,0,0,0,0,0,58.49
2008,8,13,4,30,21.700000000000003,0,0,0,0,0,0,62.72
2008,8,13,5,30,20.8,0,0,0,0,0,0,67.15
2008,8,13,6,30,20,0,0,0,0,0,0,70.44
2008,8,13,7,30,19.1,0,0,0,0,0,0,73.91
2008,8,13,8,30,18.2,0,0,0,0,0,0,77.93
2008,8,13,9,30,17.400000000000002,0,0,0,0,0,0,82.21000000000001
2008,8,13,10,30,16.900000000000002,0,0,0,0,0,0,85.64
2008,8,13,11,30,16.6,0,0,0,0,0,0,88.22
2008,8,13,12,30,17.5,0,0,0,0,0,0,84.28
2008,8,13,13,30,20,54,179,549,549,54,179,74.4
2008,8,13,14,30,22.900000000000002,77,415,752,752,77,415,60.1
2008,8,13,15,30,25.3,91,641,848,848,91,641,44.51
2008,8,13,16,30,27,100,830,900,900,100,830,37.26
2008,8,13,17,30,28,108,961,923,923,108,961,34.15
2008,8,13,18,30,28.5,105,1031,945,945,105,1031,32.43
2008,8,13,19,30,28.700000000000003,108,1026,939,939,108,1026,31.51
2008,8,13,20,30,28.5,108,951,922,922,108,951,31.67
2008,8,13,21,30,27.900000000000002,109,808,878,0,168,168,32.83
2008,8,13,22,30,26.8,104,611,803,45,242,270,35.49
2008,8,13,23,30,25.1,91,381,676,566,46,289,41.050000000000004
2008,8,14,0,30,23.1,61,148,421,63,108,121,51.46
2008,8,14,1,30,21.5,0,0,0,0,0,0,62.1
2008,8,14,2,30,20.5,0,0,0,0,0,0,69.3
2008,8,14,3,30,19.700000000000003,0,0,0,0,0,0,75.38
2008,8,14,4,30,19,0,0,0,0,0,0,80.10000000000001
2008,8,14,5,30,18.5,0,0,0,0,0,0,81.67
2008,8,14,6,30,18.1,0,0,0,0,0,0,83.43
2008,8,14,7,30,17.7,0,0,0,0,0,0,85.39
2008,8,14,8,30,17.3,0,0,0,0,0,0,87.54
2008,8,14,9,30,17.1,0,0,0,0,0,0,89.13
2008,8,14,10,30,17,0,0,0,0,0,0,89.84
2008,8,14,11,30,16.8,0,0,0,0,0,0,90.34
2008,8,14,12,30,17.1,0,0,0,0,0,0,87.43
2008,8,14,13,30,18.1,74,163,393,1,73,73,79.98
2008,8,14,14,30,19.900000000000002,109,395,636,0,52,52,63.76
2008,8,14,15,30,22.200000000000003,126,621,765,5,269,273,48.02
2008,8,14,16,30,24.3,133,811,837,491,294,691,38.69
2008,8,14,17,30,25.900000000000002,137,948,879,200,515,699,34.46
2008,8,14,18,30,27.1,134,1018,903,200,537,734,31.94
2008,8,14,19,30,27.8,133,1017,905,905,133,1017,30.490000000000002
2008,8,14,20,30,28.1,127,942,892,892,127,942,29.75
2008,8,14,21,30,27.900000000000002,108,807,878,878,108,807,29.89
2008,8,14,22,30,27.3,97,614,821,821,97,614,30.740000000000002
2008,8,14,23,30,26.1,81,385,712,294,206,332,33.2
2008,8,15,0,30,24.1,54,151,479,140,102,130,42.87
2008,8,15,1,30,22.400000000000002,0,0,0,0,0,0,56.58
2008,8,15,2,30,21.400000000000002,0,0,0,0,0,0,59.68
2008,8,15,3,30,20.6,0,0,0,0,0,0,62.940000000000005
2008,8,15,4,30,19.700000000000003,0,0,0,0,0,0,67.19
2008,8,15,5,30,18.8,0,0,0,0,0,0,71.45
2008,8,15,6,30,17.7,0,0,0,0,0,0,76.64
2008,8,15,7,30,16.8,0,0,0,0,0,0,81.66
2008,8,15,8,30,16.2,0,0,0,0,0,0,85.99
2008,8,15,9,30,15.8,0,0,0,0,0,0,89.59
2008,8,15,10,30,15.600000000000001,0,0,0,0,0,0,91.91
2008,8,15,11,30,15.4,0,0,0,0,0,0,94.09
2008,8,15,12,30,16.5,0,0,0,0,0,0,88.25
2008,8,15,13,30,19.1,51,177,558,558,51,177,77.62
2008,8,15,14,30,22.200000000000003,73,414,763,763,73,414,62.1
2008,8,15,15,30,24.900000000000002,86,640,855,855,86,640,48.35
2008,8,15,16,30,26.6,96,826,902,902,96,826,42.160000000000004
2008,8,15,17,30,27.5,106,958,924,924,106,958,39.4
2008,8,15,18,30,27.6,115,1022,926,926,115,1022,38.82
2008,8,15,19,30,27.1,119,1014,918,918,119,1014,40.17
2008,8,15,20,30,26.3,118,937,898,898,118,937,42.85
2008,8,15,21,30,25.200000000000003,102,800,879,251,351,550,46.97
2008,8,15,22,30,24.1,89,608,828,828,89,608,51.39
2008,8,15,23,30,22.8,70,384,740,4,108,110,56.59
2008,8,16,0,30,20.900000000000002,45,151,532,1,42,42,65.29
2008,8,16,1,30,19.200000000000003,0,0,0,0,0,0,76.42
2008,8,16,2,30,18.1,0,0,0,0,0,0,81.39
2008,8,16,3,30,17.400000000000002,0,0,0,0,0,0,83.3
2008,8,16,4,30,16.7,0,0,0,0,0,0,84.76
2008,8,16,5,30,16.1,0,0,0,0,0,0,85.49
2008,8,16,6,30,15.600000000000001,0,0,0,0,0,0,85.51
2008,8,16,7,30,15.100000000000001,0,0,0,0,0,0,85.85000000000001
2008,8,16,8,30,14.600000000000001,0,0,0,0,0,0,86.58
2008,8,16,9,30,14.100000000000001,0,0,0,0,0,0,87.65
2008,8,16,10,30,13.700000000000001,0,0,0,0,0,0,88.33
2008,8,16,11,30,13.5,0,0,0,0,0,0,88.11
2008,8,16,12,30,14.600000000000001,0,0,0,0,0,0,82.08
2008,8,16,13,30,17.6,53,178,558,558,53,178,72.4
2008,8,16,14,30,21.200000000000003,75,417,765,49,239,261,56.35
2008,8,16,15,30,24.6,87,645,863,226,350,496,39.44
2008,8,16,16,30,27,95,836,916,414,381,715,30.77
2008,8,16,17,30,28.6,100,971,945,276,498,753,27.55
2008,8,16,18,30,29.6,102,1036,955,301,522,816,26.36
2008,8,16,19,30,30.1,104,1032,952,230,532,756,26.060000000000002
2008,8,16,20,30,30,102,953,934,168,489,641,26.66
2008,8,16,21,30,29.400000000000002,98,809,899,899,98,809,28.04
2008,8,16,22,30,28.5,88,614,843,230,332,476,30.01
2008,8,16,23,30,27,73,384,737,412,155,329,33.75
2008,8,17,0,30,24.700000000000003,48,148,506,1,40,40,44.35
2008,8,17,1,30,22.900000000000002,0,0,0,0,0,0,57.88
2008,8,17,2,30,21.8,0,0,0,0,0,0,63.83
2008,8,17,3,30,20.900000000000002,0,0,0,0,0,0,69.05
2008,8,17,4,30,20,0,0,0,0,0,0,73.56
2008,8,17,5,30,19,0,0,0,0,0,0,77.22
2008,8,17,6,30,18,0,0,0,0,0,0,79.99
2008,8,17,7,30,17.2,0,0,0,0,0,0,82.60000000000001
2008,8,17,8,30,16.5,0,0,0,0,0,0,86.93
2008,8,17,9,30,16,0,0,0,0,0,0,90.44
2008,8,17,10,30,15.4,0,0,0,0,0,0,93.33
2008,8,17,11,30,15.100000000000001,0,0,0,0,0,0,93.7
2008,8,17,12,30,15.600000000000001,0,0,0,0,0,0,89.34
2008,8,17,13,30,17.7,50,177,569,12,108,111,78.38
2008,8,17,14,30,20.8,70,416,775,9,187,191,61.550000000000004
2008,8,17,15,30,23.900000000000002,82,645,872,34,306,328,44.44
2008,8,17,16,30,26.3,89,835,924,383,390,699,34.62
2008,8,17,17,30,28.1,94,970,952,554,369,879,29.54
2008,8,17,18,30,29.400000000000002,97,1037,962,457,449,895,26.82
2008,8,17,19,30,30.1,97,1031,960,960,97,1031,25.400000000000002
2008,8,17,20,30,30.400000000000002,94,954,945,945,94,954,24.57
2008,8,17,21,30,30.200000000000003,91,811,912,264,421,630,24.5
2008,8,17,22,30,29.5,85,615,852,484,204,505,25.25
2008,8,17,23,30,28,72,383,741,741,72,383,27.76
2008,8,18,0,30,25.5,48,145,502,132,95,120,37.910000000000004
2008,8,18,1,30,23.5,0,0,0,0,0,0,53.52
2008,8,18,2,30,22.5,0,0,0,0,0,0,59.5
2008,8,18,3,30,21.6,0,0,0,0,0,0,65.96000000000001
2008,8,18,4,30,20.700000000000003,0,0,0,0,0,0,71.55
2008,8,18,5,30,19.6,0,0,0,0,0,0,76.85000000000001
2008,8,18,6,30,18.8,0,0,0,0,0,0,80.53
2008,8,18,7,30,18.2,0,0,0,0,0,0,83.87
2008,8,18,8,30,17.6,0,0,0,0,0,0,86.97
2008,8,18,9,30,17,0,0,0,0,0,0,89.32000000000001
2008,8,18,10,30,16.7,0,0,0,0,0,0,90.18
2008,8,18,11,30,16.400000000000002,0,0,0,0,0,0,91.27
2008,8,18,12,30,17.2,0,0,0,0,0,0,86.85000000000001
2008,8,18,13,30,19.200000000000003,49,172,555,69,103,119,78.9
2008,8,18,14,30,21.3,71,407,754,527,148,382,69.94
2008,8,18,15,30,22.900000000000002,84,630,846,410,226,490,61.36
2008,8,18,16,30,24,96,815,892,620,216,716,55.17
2008,8,18,17,30,24.400000000000002,106,946,914,914,106,946,52.21
2008,8,18,18,30,24.400000000000002,104,1013,931,931,104,1013,51.21
2008,8,18,19,30,24,105,1007,928,186,435,617,52
2008,8,18,20,30,23.5,102,932,914,4,369,373,53.97
2008,8,18,21,30,23,95,790,882,64,346,397,56.4
2008,8,18,22,30,22.400000000000002,86,598,826,44,255,282,59.42
2008,8,18,23,30,21.5,71,371,722,2,88,89,64.54
2008,8,19,0,30,20.200000000000003,46,140,494,6,61,62,74.31
2008,8,19,1,30,19.200000000000003,0,0,0,0,0,0,82.69
2008,8,19,2,30,18.5,0,0,0,0,0,0,86.9
2008,8,19,3,30,18,0,0,0,0,0,0,89.79
2008,8,19,4,30,17.5,0,0,0,0,0,0,92.37
2008,8,19,5,30,17.2,0,0,0,0,0,0,93.65
2008,8,19,6,30,17,0,0,0,0,0,0,94.36
2008,8,19,7,30,16.8,0,0,0,0,0,0,94.57000000000001
2008,8,19,8,30,16.5,0,0,0,0,0,0,95.13
2008,8,19,9,30,16.2,0,0,0,0,0,0,95.55
2008,8,19,10,30,16,0,0,0,0,0,0,95.22
2008,8,19,11,30,15.8,0,0,0,0,0,0,94.98
2008,8,19,12,30,16.400000000000002,0,0,0,0,0,0,90.59
2008,8,19,13,30,17.900000000000002,48,172,559,28,93,99,84.51
2008,8,19,14,30,19.8,70,407,759,19,200,208,74.93
2008,8,19,15,30,21.8,81,634,858,28,294,311,63.15
2008,8,19,16,30,23.5,90,821,907,140,429,541,52.870000000000005
2008,8,19,17,30,24.8,99,954,931,0,132,132,45.93
2008,8,19,18,30,25.700000000000003,107,1019,935,0,236,236,41.39
2008,8,19,19,30,26.200000000000003,109,1014,932,159,487,640,39.28
2008,8,19,20,30,26.200000000000003,106,937,916,28,376,401,38.58
2008,8,19,21,30,25.700000000000003,101,795,883,382,290,590,39.18
2008,8,19,22,30,24.8,90,601,826,826,90,601,40.800000000000004
2008,8,19,23,30,23.5,73,373,724,355,159,306,44.07
2008,8,20,0,30,21.6,46,140,499,7,66,67,52.69
2008,8,20,1,30,19.8,0,0,0,0,0,0,63.31
2008,8,20,2,30,18.900000000000002,0,0,0,0,0,0,66.99
2008,8,20,3,30,18.1,0,0,0,0,0,0,71.10000000000001
2008,8,20,4,30,17.400000000000002,0,0,0,0,0,0,75.49
2008,8,20,5,30,16.8,0,0,0,0,0,0,79.83
2008,8,20,6,30,16.2,0,0,0,0,0,0,84.46000000000001
2008,8,20,7,30,15.5,0,0,0,0,0,0,90.01
2008,8,20,8,30,15,0,0,0,0,0,0,93.79
2008,8,20,9,30,14.600000000000001,0,0,0,0,0,0,96.57000000000001
2008,8,20,10,30,14.3,0,0,0,0,0,0,98.36
2008,8,20,11,30,14.4,0,0,0,0,0,0,97.47
2008,8,20,12,30,15.5,0,0,0,0,0,0,91.14
2008,8,20,13,30,17.7,50,171,550,550,50,171,81.94
2008,8,20,14,30,20.1,68,409,768,768,68,409,69.55
2008,8,20,15,30,22.200000000000003,79,635,865,74,329,377,57.04
2008,8,20,16,30,23.700000000000003,87,823,914,132,425,531,48.76
2008,8,20,17,30,25,92,956,942,270,486,734,44.15
2008,8,20,18,30,26.200000000000003,93,1025,957,336,496,824,40.82
2008,8,20,19,30,26.8,91,1021,959,598,283,863,38.96
2008,8,20,20,30,26.900000000000002,87,944,948,948,87,944,38.44
2008,8,20,21,30,26.5,96,795,892,892,96,795,39.21
2008,8,20,22,30,25.8,87,599,831,831,87,599,41.02
2008,8,20,23,30,24.5,73,368,719,221,175,265,44.79
2008,8,21,0,30,22.8,48,135,470,0,3,3,53.76
2008,8,21,1,30,21.5,0,0,0,0,0,0,66.97
2008,8,21,2,30,20.8,0,0,0,0,0,0,70.12
2008,8,21,3,30,20,0,0,0,0,0,0,73.43
2008,8,21,4,30,19.3,0,0,0,0,0,0,76.08
2008,8,21,5,30,18.6,0,0,0,0,0,0,78.93
2008,8,21,6,30,17.900000000000002,0,0,0,0,0,0,82.66
2008,8,21,7,30,17.1,0,0,0,0,0,0,87.33
2008,8,21,8,30,16.400000000000002,0,0,0,0,0,0,90.89
2008,8,21,9,30,16,0,0,0,0,0,0,92.66
2008,8,21,10,30,15.8,0,0,0,0,0,0,93.42
2008,8,21,11,30,15.5,0,0,0,0,0,0,94.21000000000001
2008,8,21,12,30,15.700000000000001,0,0,0,0,0,0,91.45
2008,8,21,13,30,16.8,52,168,528,8,76,78,84.19
2008,8,21,14,30,19,74,405,748,0,89,89,73.16
2008,8,21,15,30,21.700000000000003,84,633,854,0,82,82,60.67
2008,8,21,16,30,23.700000000000003,88,822,913,1,283,283,51.51
2008,8,21,17,30,24.900000000000002,92,956,942,1,306,307,46.58
2008,8,21,18,30,25.400000000000002,102,1017,940,1,295,296,43.97
2008,8,21,19,30,25.200000000000003,104,1009,935,57,473,529,43.58
2008,8,21,20,30,24.6,101,932,921,267,479,720,45.14
2008,8,21,21,30,23.700000000000003,95,788,887,256,411,611,48.74
2008,8,21,22,30,22.5,86,591,824,137,334,418,53.95
2008,8,21,23,30,21,73,361,705,8,119,122,61.64
2008,8,22,0,30,19.6,48,129,443,5,66,66,71.24
2008,8,22,1,30,18.6,0,0,0,0,0,0,79.14
2008,8,22,2,30,18.1,0,0,0,0,0,0,83.61
2008,8,22,3,30,17.8,0,0,0,0,0,0,86.32000000000001
2008,8,22,4,30,17.5,0,0,0,0,0,0,88.61
2008,8,22,5,30,17.400000000000002,0,0,0,0,0,0,89.72
2008,8,22,6,30,17.2,0,0,0,0,0,0,91.02
2008,8,22,7,30,16.900000000000002,0,0,0,0,0,0,92.75
2008,8,22,8,30,16.400000000000002,0,0,0,0,0,0,94.66
2008,8,22,9,30,16,0,0,0,0,0,0,95.61
2008,8,22,10,30,15.600000000000001,0,0,0,0,0,0,96.06
2008,8,22,11,30,15.4,0,0,0,0,0,0,95.4
2008,8,22,12,30,15.9,0,0,0,0,0,0,91.34
2008,8,22,13,30,17.5,49,168,549,549,49,168,83.60000000000001
2008,8,22,14,30,19.8,68,405,764,14,192,198,71.37
2008,8,22,15,30,22.200000000000003,78,631,862,862,78,631,57.52
2008,8,22,16,30,24.200000000000003,84,819,915,115,407,499,47.96
2008,8,22,17,30,25.5,86,953,946,946,86,953,43.07
2008,8,22,18,30,26.200000000000003,86,1019,960,960,86,1019,40.82
2008,8,22,19,30,26.3,85,1014,960,960,85,1014,40.74
2008,8,22,20,30,26,83,935,945,340,445,751,41.88
2008,8,22,21,30,25.3,90,788,895,171,345,478,44.230000000000004
2008,8,22,22,30,24.200000000000003,81,591,837,0,43,43,48.02
2008,8,22,23,30,22.8,67,362,726,207,174,258,53.870000000000005
2008,8,23,0,30,21.3,44,129,478,83,91,106,63.6
2008,8,23,1,30,20.1,0,0,0,0,0,0,75.56
2008,8,23,2,30,19.400000000000002,0,0,0,0,0,0,78.43
2008,8,23,3,30,18.900000000000002,0,0,0,0,0,0,82.12
2008,8,23,4,30,18.5,0,0,0,0,0,0,84.83
2008,8,23,5,30,18.1,0,0,0,0,0,0,87.68
2008,8,23,6,30,17.7,0,0,0,0,0,0,91.13
2008,8,23,7,30,17.3,0,0,0,0,0,0,92.69
2008,8,23,8,30,16.900000000000002,0,0,0,0,0,0,92.84
2008,8,23,9,30,16.400000000000002,0,0,0,0,0,0,94.60000000000001
2008,8,23,10,30,16,0,0,0,0,0,0,95.68
2008,8,23,11,30,15.8,0,0,0,0,0,0,95.85000000000001
2008,8,23,12,30,16.5,0,0,0,0,0,0,91.03
2008,8,23,13,30,18.2,50,165,528,3,101,102,84.46000000000001
2008,8,23,14,30,20.3,73,399,741,205,223,314,73.46000000000001
2008,8,23,15,30,22,89,623,834,834,89,623,60.57
2008,8,23,16,30,23.1,98,810,887,563,308,760,53.4
2008,8,23,17,30,23.8,102,943,919,919,102,943,50.07
2008,8,23,18,30,24.400000000000002,106,1006,927,927,106,1006,48.120000000000005
2008,8,23,19,30,24.6,108,999,923,923,108,999,47.6
2008,8,23,20,30,24.5,108,920,904,904,108,920,48.18
2008,8,23,21,30,23.8,105,775,861,861,105,775,50.550000000000004
2008,8,23,22,30,22.8,97,579,792,551,183,518,54.45
2008,8,23,23,30,21.6,82,350,666,617,74,322,60.01
2008,8,24,0,30,20.3,51,121,399,399,51,121,67.45
2008,8,24,1,30,19.3,0,0,0,0,0,0,76.55
2008,8,24,2,30,18.8,0,0,0,0,0,0,80.58
2008,8,24,3,30,18.2,0,0,0,0,0,0,85.61
2008,8,24,4,30,17.7,0,0,0,0,0,0,87.82000000000001
2008,8,24,5,30,17.2,0,0,0,0,0,0,89.13
2008,8,24,6,30,16.8,0,0,0,0,0,0,90.28
2008,8,24,7,30,16.3,0,0,0,0,0,0,91.92
2008,8,24,8,30,16,0,0,0,0,0,0,92.44
2008,8,24,9,30,15.9,0,0,0,0,0,0,92.82000000000001
2008,8,24,10,30,15.700000000000001,0,0,0,0,0,0,93.57000000000001
2008,8,24,11,30,15.600000000000001,0,0,0,0,0,0,93.26
2008,8,24,12,30,16.2,0,0,0,0,0,0,89.25
2008,8,24,13,30,18,44,168,577,140,101,132,82.37
2008,8,24,14,30,20.400000000000002,62,405,781,0,64,64,71.36
2008,8,24,15,30,22.6,72,630,871,1,207,208,58.92
2008,8,24,16,30,23.8,80,816,918,261,324,533,52.63
2008,8,24,17,30,24.5,85,948,944,398,354,718,49.31
2008,8,24,18,30,24.5,88,1012,953,71,453,522,48.89
2008,8,24,19,30,24,89,1005,950,671,230,876,50.44
2008,8,24,20,30,23.3,88,925,932,497,302,749,53.4
2008,8,24,21,30,22.400000000000002,112,770,848,655,212,721,57.42
2008,8,24,22,30,21.400000000000002,99,575,786,786,99,575,62.61
2008,8,24,23,30,20.3,80,347,671,4,105,107,69.4
2008,8,25,0,30,19.200000000000003,48,119,417,1,30,30,78.52
2008,8,25,1,30,18.400000000000002,0,0,0,0,0,0,85.71000000000001
2008,8,25,2,30,18,0,0,0,0,0,0,88.72
2008,8,25,3,30,17.8,0,0,0,0,0,0,90.49
2008,8,25,4,30,17.6,0,0,0,0,0,0,91.89
2008,8,25,5,30,17.5,0,0,0,0,0,0,92.52
2008,8,25,6,30,17.400000000000002,0,0,0,0,0,0,93.02
2008,8,25,7,30,17.2,0,0,0,0,0,0,93.60000000000001
2008,8,25,8,30,16.900000000000002,0,0,0,0,0,0,94.24
2008,8,25,9,30,16.7,0,0,0,0,0,0,93.96000000000001
2008,8,25,10,30,16.400000000000002,0,0,0,0,0,0,93.89
2008,8,25,11,30,16.1,0,0,0,0,0,0,93.56
2008,8,25,12,30,16.1,0,0,0,0,0,0,91.33
2008,8,25,13,30,16.900000000000002,39,170,611,5,62,63,85.65
2008,8,25,14,30,18.8,54,408,806,243,192,299,74.22
2008,8,25,15,30,21.3,62,634,895,29,290,309,60.64
2008,8,25,16,30,23.3,67,821,941,20,364,380,51.84
2008,8,25,17,30,24.200000000000003,72,951,963,0,191,191,49.49
2008,8,25,18,30,24.200000000000003,77,1015,969,2,351,353,49.64
2008,8,25,19,30,23.700000000000003,78,1007,965,341,475,803,51.51
2008,8,25,20,30,22.900000000000002,76,928,951,415,329,701,54.88
2008,8,25,21,30,22.1,72,784,921,138,349,456,59.04
2008,8,25,22,30,21.400000000000002,65,588,869,8,179,184,63.190000000000005
2008,8,25,23,30,20.5,54,359,770,0,45,46,68.36
2008,8,26,0,30,19.200000000000003,35,125,534,1,35,35,79.29
2008,8,26,1,30,17.900000000000002,0,0,0,0,0,0,90.01
2008,8,26,2,30,17.2,0,0,0,0,0,0,91.45
2008,8,26,3,30,16.6,0,0,0,0,0,0,92.72
2008,8,26,4,30,16.1,0,0,0,0,0,0,94.06
2008,8,26,5,30,15.9,0,0,0,0,0,0,94.48
2008,8,26,6,30,15.700000000000001,0,0,0,0,0,0,95.48
2008,8,26,7,30,15.600000000000001,0,0,0,0,0,0,95.57000000000001
2008,8,26,8,30,15.5,0,0,0,0,0,0,95.47
2008,8,26,9,30,15.4,0,0,0,0,0,0,95.55
2008,8,26,10,30,15.5,0,0,0,0,0,0,94.87
2008,8,26,11,30,15.600000000000001,0,0,0,0,0,0,94.47
2008,8,26,12,30,16,0,0,0,0,0,0,92.02
2008,8,26,13,30,17,44,164,567,0,80,80,87.05
2008,8,26,14,30,18.2,63,400,771,43,224,242,82.03
2008,8,26,15,30,19.6,73,626,868,83,330,383,75.01
2008,8,26,16,30,20.900000000000002,78,814,920,168,427,561,67.33
2008,8,26,17,30,21.700000000000003,81,947,949,949,81,947,62.620000000000005
2008,8,26,18,30,22.200000000000003,90,1010,951,499,324,807,59.94
2008,8,26,19,30,22.3,90,1003,950,61,443,502,58.75
2008,8,26,20,30,22.200000000000003,87,924,936,215,438,630,58.550000000000004
2008,8,26,21,30,22.1,84,779,902,2,195,196,58.71
2008,8,26,22,30,21.700000000000003,76,582,842,1,106,106,60.42
2008,8,26,23,30,20.900000000000002,64,351,729,0,24,24,64.88
2008,8,27,0,30,19.6,41,118,468,0,23,23,77.29
2008,8,27,1,30,18.5,0,0,0,0,0,0,86.54
2008,8,27,2,30,18,0,0,0,0,0,0,88.08
2008,8,27,3,30,17.400000000000002,0,0,0,0,0,0,90.27
2008,8,27,4,30,16.900000000000002,0,0,0,0,0,0,91.18
2008,8,27,5,30,16.5,0,0,0,0,0,0,91.34
2008,8,27,6,30,16.2,0,0,0,0,0,0,91.37
2008,8,27,7,30,15.700000000000001,0,0,0,0,0,0,92.98
2008,8,27,8,30,15.200000000000001,0,0,0,0,0,0,94.69
2008,8,27,9,30,14.8,0,0,0,0,0,0,95.67
2008,8,27,10,30,14.5,0,0,0,0,0,0,96.27
2008,8,27,11,30,14.4,0,0,0,0,0,0,95.84
2008,8,27,12,30,15.200000000000001,0,0,0,0,0,0,90.74
2008,8,27,13,30,17.2,59,156,462,462,59,156,84.5
2008,8,27,14,30,19.5,89,390,691,29,218,231,75.08
2008,8,27,15,30,21.900000000000002,108,615,796,92,347,406,63.29
2008,8,27,16,30,23.900000000000002,121,800,851,558,320,766,54.13
2008,8,27,17,30,25.200000000000003,129,932,881,881,129,932,49.2
2008,8,27,18,30,25.700000000000003,136,994,888,254,526,772,47.4
2008,8,27,19,30,25.6,138,985,883,176,451,620,47.28
2008,8,27,20,30,24.8,136,903,860,400,389,745,49.620000000000005
2008,8,27,21,30,23.700000000000003,137,753,803,251,352,545,54.15
2008,8,27,22,30,22.400000000000002,125,555,720,23,230,243,60.44
2008,8,27,23,30,21,102,327,578,14,140,145,68.53
2008,8,28,0,30,19.8,56,104,299,2,53,53,78.49
2008,8,28,1,30,19,0,0,0,0,0,0,86
2008,8,28,2,30,18.5,0,0,0,0,0,0,89.53
2008,8,28,3,30,18.1,0,0,0,0,0,0,91.62
2008,8,28,4,30,17.8,0,0,0,0,0,0,92.67
2008,8,28,5,30,17.400000000000002,0,0,0,0,0,0,93.83
2008,8,28,6,30,17,0,0,0,0,0,0,94.61
2008,8,28,7,30,16.5,0,0,0,0,0,0,94.87
2008,8,28,8,30,16.1,0,0,0,0,0,0,94.14
2008,8,28,9,30,15.8,0,0,0,0,0,0,93.21000000000001
2008,8,28,10,30,15.5,0,0,0,0,0,0,92.97
2008,8,28,11,30,15.3,0,0,0,0,0,0,92.57000000000001
2008,8,28,12,30,15.5,0,0,0,0,0,0,90.86
2008,8,28,13,30,16.6,42,164,582,13,101,103,85.9
2008,8,28,14,30,18.6,60,402,784,784,60,402,77.89
2008,8,28,15,30,21.1,71,627,875,410,278,539,67.36
2008,8,28,16,30,22.700000000000003,78,813,921,921,78,813,59.910000000000004
2008,8,28,17,30,23.5,83,945,947,947,83,945,55.43
2008,8,28,18,30,23.700000000000003,97,1005,942,487,330,800,53.480000000000004
2008,8,28,19,30,23.5,98,995,936,9,423,432,53.89
2008,8,28,20,30,23,98,915,918,2,237,239,56.4
2008,8,28,21,30,22.1,93,768,881,2,185,186,60.79
2008,8,28,22,30,21,86,569,812,1,122,123,66.97
2008,8,28,23,30,19.8,73,338,685,2,87,88,74.7
2008,8,29,0,30,18.8,44,107,398,0,25,25,83.09
2008,8,29,1,30,18.2,0,0,0,0,0,0,88.89
2008,8,29,2,30,17.900000000000002,0,0,0,0,0,0,91.32000000000001
2008,8,29,3,30,17.7,0,0,0,0,0,0,93.05
2008,8,29,4,30,17.5,0,0,0,0,0,0,93.5
2008,8,29,5,30,17.2,0,0,0,0,0,0,93.69
2008,8,29,6,30,16.900000000000002,0,0,0,0,0,0,93.74
2008,8,29,7,30,16.7,0,0,0,0,0,0,93.27
2008,8,29,8,30,16.5,0,0,0,0,0,0,93.16
2008,8,29,9,30,16.3,0,0,0,0,0,0,93.3
2008,8,29,10,30,16.1,0,0,0,0,0,0,93.56
2008,8,29,11,30,15.700000000000001,0,0,0,0,0,0,94.54
2008,8,29,12,30,15.9,0,0,0,0,0,0,92.10000000000001
2008,8,29,13,30,16.900000000000002,42,163,578,0,74,74,87.18
2008,8,29,14,30,18.5,62,399,775,1,138,138,78.55
2008,8,29,15,30,20.400000000000002,76,624,863,325,262,468,67.67
2008,8,29,16,30,22,85,810,909,1,299,300,59.51
2008,8,29,17,30,22.8,92,941,934,211,486,677,55.36
2008,8,29,18,30,23,96,1004,943,274,506,770,53.75
2008,8,29,19,30,23.1,95,996,942,942,95,996,52.910000000000004
2008,8,29,20,30,23.1,92,916,928,928,92,916,52.43
2008,8,29,21,30,22.8,87,770,894,448,254,595,53.06
2008,8,29,22,30,22.200000000000003,77,572,837,200,273,391,55.31
2008,8,29,23,30,21,64,341,722,19,144,151,61.95
2008,8,30,0,30,19.5,39,109,450,2,45,45,74.59
2008,8,30,1,30,18.400000000000002,0,0,0,0,0,0,80.68
2008,8,30,2,30,17.7,0,0,0,0,0,0,83.62
2008,8,30,3,30,16.7,0,0,0,0,0,0,87.7
2008,8,30,4,30,15.700000000000001,0,0,0,0,0,0,90.99
2008,8,30,5,30,15,0,0,0,0,0,0,92.04
2008,8,30,6,30,14.600000000000001,0,0,0,0,0,0,91.84
2008,8,30,7,30,14.3,0,0,0,0,0,0,91.47
2008,8,30,8,30,14.100000000000001,0,0,0,0,0,0,91.35000000000001
2008,8,30,9,30,13.9,0,0,0,0,0,0,91.69
2008,8,30,10,30,13.700000000000001,0,0,0,0,0,0,92.08
2008,8,30,11,30,13.600000000000001,0,0,0,0,0,0,91.93
2008,8,30,12,30,14,0,0,0,0,0,0,89.23
2008,8,30,13,30,15.4,43,163,576,0,19,19,83.07000000000001
2008,8,30,14,30,17.7,63,402,782,1,130,130,72.95
2008,8,30,15,30,20.3,74,630,878,0,171,171,61.26
2008,8,30,16,30,22.5,79,819,930,13,274,284,52.7
2008,8,30,17,30,24.1,83,950,955,20,426,444,47.800000000000004
2008,8,30,18,30,25.1,97,1010,950,151,472,617,45.26
2008,8,30,19,30,25.400000000000002,97,1001,948,91,435,522,44.44
2008,8,30,20,30,25.200000000000003,95,918,930,442,401,793,44.980000000000004
2008,8,30,21,30,24.5,91,771,893,1,248,249,47.09
2008,8,30,22,30,23.3,81,572,834,834,81,572,50.85
2008,8,30,23,30,21.700000000000003,65,340,723,723,65,340,56.410000000000004
2008,8,31,0,30,19.700000000000003,38,107,462,19,75,77,64.49
2008,8,31,1,30,17.900000000000002,0,0,0,0,0,0,72.82000000000001
2008,8,31,2,30,16.5,0,0,0,0,0,0,79.73
2008,8,31,3,30,15.4,0,0,0,0,0,0,85.4
2008,8,31,4,30,14.600000000000001,0,0,0,0,0,0,88.92
2008,8,31,5,30,14,0,0,0,0,0,0,91.46000000000001
2008,8,31,6,30,13.700000000000001,0,0,0,0,0,0,92.21000000000001
2008,8,31,7,30,13.5,0,0,0,0,0,0,92.63
2008,8,31,8,30,13.5,0,0,0,0,0,0,92.38
2008,8,31,9,30,13.600000000000001,0,0,0,0,0,0,92.12
2008,8,31,10,30,13.8,0,0,0,0,0,0,92.46000000000001
2008,8,31,11,30,14,0,0,0,0,0,0,92.88
2008,8,31,12,30,14.4,0,0,0,0,0,0,91.07000000000001
2008,8,31,13,30,15.5,47,161,552,7,68,69,86.15
2008,8,31,14,30,17.5,69,398,761,61,203,230,76.85000000000001
2008,8,31,15,30,20.200000000000003,82,625,857,356,247,472,64.99
2008,8,31,16,30,22.700000000000003,91,813,909,284,325,551,55.59
2008,8,31,17,30,24.5,96,944,936,185,427,594,50.18
2008,8,31,18,30,25.400000000000002,102,1005,941,399,370,753,47.79
2008,8,31,19,30,25.6,103,995,937,466,341,784,46.88
2008,8,31,20,30,25.1,101,911,917,342,381,683,47.53
2008,8,31,21,30,24.200000000000003,96,764,881,158,353,473,50.18
2008,8,31,22,30,23.200000000000003,85,564,818,95,249,305,54.33
2008,8,31,23,30,21.900000000000002,68,332,700,341,156,284,60.75
2008,9,1,0,30,20.3,40,102,421,27,64,68,72.3
2008,9,1,1,30,19.1,0,0,0,0,0,0,79.82000000000001
2008,9,1,2,30,18.3,0,0,0,0,0,0,82.74
2008,9,1,3,30,17.6,0,0,0,0,0,0,85.21000000000001
2008,9,1,4,30,16.8,0,0,0,0,0,0,88.3
2008,9,1,5,30,16,0,0,0,0,0,0,91.87
2008,9,1,6,30,15.5,0,0,0,0,0,0,93.98
2008,9,1,7,30,15.200000000000001,0,0,0,0,0,0,94.89
2008,9,1,8,30,15,0,0,0,0,0,0,95.19
2008,9,1,9,30,14.700000000000001,0,0,0,0,0,0,95.86
2008,9,1,10,30,14.4,0,0,0,0,0,0,96.36
2008,9,1,11,30,14.200000000000001,0,0,0,0,0,0,96.46000000000001
2008,9,1,12,30,14.8,0,0,0,0,0,0,91.74
2008,9,1,13,30,16.6,42,164,593,593,42,164,84.74
2008,9,1,14,30,19.3,60,407,803,33,219,233,73.21000000000001
2008,9,1,15,30,22.400000000000002,70,637,897,84,337,390,57.28
2008,9,1,16,30,24.900000000000002,76,824,943,943,76,824,46.5
2008,9,1,17,30,26.5,80,955,966,966,80,955,41.51
2008,9,1,18,30,27.400000000000002,82,1018,977,977,82,1018,39.300000000000004
2008,9,1,19,30,27.8,83,1006,972,972,83,1006,38.42
2008,9,1,20,30,27.8,82,922,954,954,82,922,38.36
2008,9,1,21,30,27.1,72,774,929,929,72,774,39.71
2008,9,1,22,30,26,65,572,872,872,65,572,42.36
2008,9,1,23,30,24.5,53,339,766,312,147,264,47.31
2008,9,2,0,30,22.5,32,104,501,501,32,104,60.84
2008,9,2,1,30,21,0,0,0,0,0,0,73.64
2008,9,2,2,30,20.3,0,0,0,0,0,0,76.55
2008,9,2,3,30,19.6,0,0,0,0,0,0,79.5
2008,9,2,4,30,18.8,0,0,0,0,0,0,82.81
2008,9,2,5,30,18,0,0,0,0,0,0,85.62
2008,9,2,6,30,17.1,0,0,0,0,0,0,88.87
2008,9,2,7,30,16.3,0,0,0,0,0,0,92.06
2008,9,2,8,30,15.700000000000001,0,0,0,0,0,0,95.28
2008,9,2,9,30,15.5,0,0,0,0,0,0,96.4
2008,9,2,10,30,15.3,0,0,0,0,0,0,97.21000000000001
2008,9,2,11,30,15.100000000000001,0,0,0,0,0,0,97.43
2008,9,2,12,30,15.9,0,0,0,0,0,0,91.46000000000001
2008,9,2,13,30,18.2,43,161,580,580,43,161,80.87
2008,9,2,14,30,21.3,62,401,788,788,62,401,67.44
2008,9,2,15,30,23.8,74,628,879,879,74,628,55.38
2008,9,2,16,30,25.200000000000003,83,816,925,925,83,816,50.38
2008,9,2,17,30,26.400000000000002,90,945,947,947,90,945,47.11
2008,9,2,18,30,27.1,98,1006,950,950,98,1006,45.19
2008,9,2,19,30,27.400000000000002,100,994,943,943,100,994,44.11
2008,9,2,20,30,27.1,99,910,924,0,79,79,44.38
2008,9,2,21,30,26.400000000000002,89,762,893,479,244,605,46.22
2008,9,2,22,30,25.400000000000002,81,559,825,825,81,559,49.71
2008,9,2,23,30,23.8,68,325,694,28,187,198,57.42
2008,9,3,0,30,22.1,40,94,389,45,68,74,72.85000000000001
2008,9,3,1,30,21,0,0,0,0,0,0,81.87
2008,9,3,2,30,20.3,0,0,0,0,0,0,84.37
2008,9,3,3,30,19.700000000000003,0,0,0,0,0,0,85.5
2008,9,3,4,30,19,0,0,0,0,0,0,86.75
2008,9,3,5,30,18.400000000000002,0,0,0,0,0,0,88.5
2008,9,3,6,30,17.900000000000002,0,0,0,0,0,0,90.86
2008,9,3,7,30,17.5,0,0,0,0,0,0,92.59
2008,9,3,8,30,17.1,0,0,0,0,0,0,93.84
2008,9,3,9,30,16.8,0,0,0,0,0,0,94.43
2008,9,3,10,30,16.400000000000002,0,0,0,0,0,0,95.25
2008,9,3,11,30,16,0,0,0,0,0,0,95.87
2008,9,3,12,30,16.5,0,0,0,0,0,0,91.38
2008,9,3,13,30,18.3,50,154,511,3,86,87,84.67
2008,9,3,14,30,20.700000000000003,72,393,748,748,72,393,74.54
2008,9,3,15,30,22.900000000000002,84,621,853,0,181,181,63.160000000000004
2008,9,3,16,30,24.400000000000002,93,808,904,904,93,808,56.22
2008,9,3,17,30,25.200000000000003,100,937,928,928,100,937,53.32
2008,9,3,18,30,25.6,97,1002,948,948,97,1002,51.42
2008,9,3,19,30,25.5,96,992,947,947,96,992,50.97
2008,9,3,20,30,25.3,93,909,931,422,335,705,51.13
2008,9,3,21,30,24.8,87,760,897,604,216,669,52.35
2008,9,3,22,30,24.200000000000003,76,560,840,840,76,560,53.89
2008,9,3,23,30,23.1,60,327,728,728,60,327,57.550000000000004
2008,9,4,0,30,20.900000000000002,34,95,451,189,66,91,73.25
2008,9,4,1,30,19.200000000000003,0,0,0,0,0,0,80.98
2008,9,4,2,30,18.400000000000002,0,0,0,0,0,0,80.75
2008,9,4,3,30,17.6,0,0,0,0,0,0,82.24
2008,9,4,4,30,16.900000000000002,0,0,0,0,0,0,85.4
2008,9,4,5,30,16.1,0,0,0,0,0,0,89.9
2008,9,4,6,30,15.4,0,0,0,0,0,0,93.14
2008,9,4,7,30,15,0,0,0,0,0,0,95.18
2008,9,4,8,30,15,0,0,0,0,0,0,95.85000000000001
2008,9,4,9,30,15,0,0,0,0,0,0,96.2
2008,9,4,10,30,14.9,0,0,0,0,0,0,96.33
2008,9,4,11,30,14.600000000000001,0,0,0,0,0,0,96.99000000000001
2008,9,4,12,30,15.200000000000001,0,0,0,0,0,0,92.02
2008,9,4,13,30,16.7,51,155,512,0,41,41,85.81
2008,9,4,14,30,18.8,75,395,745,0,105,105,74.83
2008,9,4,15,30,21.5,86,625,858,60,316,354,60.04
2008,9,4,16,30,23.8,90,816,919,0,249,250,49.92
2008,9,4,17,30,25.400000000000002,92,949,951,133,450,570,45.25
2008,9,4,18,30,26.400000000000002,94,1010,961,73,476,545,43.01
2008,9,4,19,30,26.8,93,999,960,960,93,999,42.21
2008,9,4,20,30,26.8,91,913,941,941,91,913,42.24
2008,9,4,21,30,26.3,86,763,906,292,322,541,43.75
2008,9,4,22,30,25,78,559,840,187,310,417,47.56
2008,9,4,23,30,23.1,63,323,716,335,164,285,54.96
2008,9,5,0,30,21,36,90,409,42,68,73,69.29
2008,9,5,1,30,19.5,0,0,0,0,0,0,80.9
2008,9,5,2,30,18.7,0,0,0,0,0,0,85.83
2008,9,5,3,30,18.2,0,0,0,0,0,0,89.15
2008,9,5,4,30,17.7,0,0,0,0,0,0,91.61
2008,9,5,5,30,17.2,0,0,0,0,0,0,93.16
2008,9,5,6,30,16.7,0,0,0,0,0,0,94.29
2008,9,5,7,30,16.3,0,0,0,0,0,0,94.76
2008,9,5,8,30,15.9,0,0,0,0,0,0,95.19
2008,9,5,9,30,15.600000000000001,0,0,0,0,0,0,95.08
2008,9,5,10,30,15.200000000000001,0,0,0,0,0,0,95.63
2008,9,5,11,30,14.8,0,0,0,0,0,0,96.11
2008,9,5,12,30,15.200000000000001,0,0,0,0,0,0,92.01
2008,9,5,13,30,16.6,41,159,583,583,41,159,86
2008,9,5,14,30,18.8,60,399,794,27,208,220,75.28
2008,9,5,15,30,21.1,70,627,887,887,70,627,62.7
2008,9,5,16,30,23.1,77,815,935,115,407,498,53.94
2008,9,5,17,30,24.700000000000003,81,945,961,28,430,455,48.32
2008,9,5,18,30,25.8,83,1009,974,27,457,483,44.26
2008,9,5,19,30,26.400000000000002,84,998,971,971,84,998,41.25
2008,9,5,20,30,26.5,83,915,955,955,83,915,39.11
2008,9,5,21,30,26.1,80,765,921,0,149,149,37.910000000000004
2008,9,5,22,30,25.3,71,563,864,109,260,322,37.75
2008,9,5,23,30,23.3,58,327,750,290,169,273,41.59
2008,9,6,0,30,20.200000000000003,33,91,458,159,47,67,55.910000000000004
2008,9,6,1,30,17.8,0,0,0,0,0,0,68.7
2008,9,6,2,30,16.7,0,0,0,0,0,0,72.33
2008,9,6,3,30,15.700000000000001,0,0,0,0,0,0,76.22
2008,9,6,4,30,14.9,0,0,0,0,0,0,80.29
2008,9,6,5,30,14.200000000000001,0,0,0,0,0,0,85.28
2008,9,6,6,30,13.700000000000001,0,0,0,0,0,0,89.71000000000001
2008,9,6,7,30,13.3,0,0,0,0,0,0,93.19
2008,9,6,8,30,13,0,0,0,0,0,0,94.67
2008,9,6,9,30,12.9,0,0,0,0,0,0,94.37
2008,9,6,10,30,12.700000000000001,0,0,0,0,0,0,94.9
2008,9,6,11,30,12.600000000000001,0,0,0,0,0,0,94.93
2008,9,6,12,30,13.200000000000001,0,0,0,0,0,0,90.81
2008,9,6,13,30,15.100000000000001,39,164,625,625,39,164,81.76
2008,9,6,14,30,18,56,409,829,829,56,409,68.33
2008,9,6,15,30,20.900000000000002,65,640,918,164,349,452,54.17
2008,9,6,16,30,23.200000000000003,70,830,965,75,402,460,45.63
2008,9,6,17,30,25,74,960,987,180,486,647,40.76
2008,9,6,18,30,26.3,82,1019,987,25,461,484,37.77
2008,9,6,19,30,27,83,1005,981,158,479,628,36.38
2008,9,6,20,30,27.1,82,917,960,960,82,917,36.25
2008,9,6,21,30,26.5,77,764,927,927,77,764,37.53
2008,9,6,22,30,25.400000000000002,69,558,863,863,69,558,40.21
2008,9,6,23,30,23.6,57,320,741,741,57,320,45.94
2008,9,7,0,30,21.200000000000003,32,87,440,440,32,87,57.63
2008,9,7,1,30,19.400000000000002,0,0,0,0,0,0,69.02
2008,9,7,2,30,18.2,0,0,0,0,0,0,75.22
2008,9,7,3,30,17.2,0,0,0,0,0,0,81.4
2008,9,7,4,30,16.3,0,0,0,0,0,0,86.76
2008,9,7,5,30,15.600000000000001,0,0,0,0,0,0,90.62
2008,9,7,6,30,15,0,0,0,0,0,0,93.22
2008,9,7,7,30,14.5,0,0,0,0,0,0,94.47
2008,9,7,8,30,14,0,0,0,0,0,0,94.12
2008,9,7,9,30,13.4,0,0,0,0,0,0,93.5
2008,9,7,10,30,12.8,0,0,0,0,0,0,93.2
2008,9,7,11,30,12.200000000000001,0,0,0,0,0,0,93.27
2008,9,7,12,30,12.5,0,0,0,0,0,0,88.81
2008,9,7,13,30,14.5,39,160,606,606,39,160,77.09
2008,9,7,14,30,17.400000000000002,56,402,814,814,56,402,61.300000000000004
2008,9,7,15,30,20.3,66,630,902,902,66,630,49.9
2008,9,7,16,30,22.700000000000003,73,819,948,948,73,819,44.78
2008,9,7,17,30,24.5,78,947,969,969,78,947,42.89
2008,9,7,18,30,25.5,81,1007,976,976,81,1007,42.6
2008,9,7,19,30,25.900000000000002,82,992,971,442,430,845,42.95
2008,9,7,20,30,25.6,80,905,953,953,80,905,44.21
2008,9,7,21,30,24.900000000000002,85,750,901,901,85,750,46.27
2008,9,7,22,30,24,77,546,833,833,77,546,49.45
2008,9,7,23,30,22.5,62,310,705,705,62,310,54.67
2008,9,8,0,30,20.6,33,81,391,391,33,81,63.95
2008,9,8,1,30,19,0,0,0,0,0,0,73.74
2008,9,8,2,30,18.1,0,0,0,0,0,0,77.32000000000001
2008,9,8,3,30,17.2,0,0,0,0,0,0,81.44
2008,9,8,4,30,16.2,0,0,0,0,0,0,86.59
2008,9,8,5,30,15.5,0,0,0,0,0,0,90.09
2008,9,8,6,30,15.100000000000001,0,0,0,0,0,0,91.60000000000001
2008,9,8,7,30,14.8,0,0,0,0,0,0,91.99
2008,9,8,8,30,14.5,0,0,0,0,0,0,92.24
2008,9,8,9,30,14.200000000000001,0,0,0,0,0,0,92.73
2008,9,8,10,30,14,0,0,0,0,0,0,92.96000000000001
2008,9,8,11,30,14,0,0,0,0,0,0,92.17
2008,9,8,12,30,14.3,0,0,0,0,0,0,89.68
2008,9,8,13,30,15.700000000000001,42,154,568,28,89,94,81.9
2008,9,8,14,30,17.900000000000002,62,393,781,3,89,90,70.86
2008,9,8,15,30,20.3,74,620,875,143,285,374,61.09
2008,9,8,16,30,22.5,82,806,923,164,350,479,53.99
2008,9,8,17,30,24.200000000000003,85,937,952,262,390,624,49.54
2008,9,8,18,30,25.400000000000002,86,998,965,160,437,589,46.49
2008,9,8,19,30,26,84,986,964,94,430,518,44.730000000000004
2008,9,8,20,30,26,80,899,949,201,392,566,44.31
2008,9,8,21,30,25.3,74,747,915,717,132,659,45.86
2008,9,8,22,30,24,66,544,854,310,213,387,50.18
2008,9,8,23,30,22.200000000000003,54,309,731,489,110,280,58.35
2008,9,9,0,30,20.3,30,79,418,364,26,68,71.03
2008,9,9,1,30,19,0,0,0,0,0,0,81.06
2008,9,9,2,30,18.3,0,0,0,0,0,0,85.7
2008,9,9,3,30,17.8,0,0,0,0,0,0,88.94
2008,9,9,4,30,17.2,0,0,0,0,0,0,91.48
2008,9,9,5,30,16.6,0,0,0,0,0,0,92.01
2008,9,9,6,30,16,0,0,0,0,0,0,92.56
2008,9,9,7,30,15.700000000000001,0,0,0,0,0,0,92.05
2008,9,9,8,30,15.5,0,0,0,0,0,0,91.9
2008,9,9,9,30,15.4,0,0,0,0,0,0,92.12
2008,9,9,10,30,15.3,0,0,0,0,0,0,92.66
2008,9,9,11,30,15,0,0,0,0,0,0,93.92
2008,9,9,12,30,15.3,0,0,0,0,0,0,90.99
2008,9,9,13,30,16.8,36,156,612,612,36,156,83.88
2008,9,9,14,30,19.1,51,396,816,816,51,396,73.05
2008,9,9,15,30,21.700000000000003,58,622,905,905,58,622,59.75
2008,9,9,16,30,23.900000000000002,63,809,951,951,63,809,51.22
2008,9,9,17,30,25.3,68,938,975,975,68,938,47.31
2008,9,9,18,30,26.1,70,998,984,1,339,341,45.13
2008,9,9,19,30,26.3,71,984,978,978,71,984,44.13
2008,9,9,20,30,25.900000000000002,70,898,963,963,70,898,44.79
2008,9,9,21,30,25.3,65,746,930,930,65,746,46.78
2008,9,9,22,30,24.200000000000003,59,543,870,0,114,114,50.95
2008,9,9,23,30,22.8,49,307,750,30,174,184,57.75
2008,9,10,0,30,21.200000000000003,27,77,442,442,27,77,70.61
2008,9,10,1,30,20.1,0,0,0,0,0,0,80.58
2008,9,10,2,30,19.400000000000002,0,0,0,0,0,0,83.77
2008,9,10,3,30,18.900000000000002,0,0,0,0,0,0,86.41
2008,9,10,4,30,18.5,0,0,0,0,0,0,88.52
2008,9,10,5,30,18.1,0,0,0,0,0,0,90.84
2008,9,10,6,30,17.7,0,0,0,0,0,0,92.63
2008,9,10,7,30,17.400000000000002,0,0,0,0,0,0,93.41
2008,9,10,8,30,17,0,0,0,0,0,0,94.46000000000001
2008,9,10,9,30,16.7,0,0,0,0,0,0,94.36
2008,9,10,10,30,16.400000000000002,0,0,0,0,0,0,94.11
2008,9,10,11,30,16.1,0,0,0,0,0,0,93.76
2008,9,10,12,30,16.2,0,0,0,0,0,0,90.96000000000001
2008,9,10,13,30,17.1,35,154,608,0,41,41,84.41
2008,9,10,14,30,19.1,50,394,816,16,182,189,72.36
2008,9,10,15,30,21.900000000000002,56,620,906,111,335,403,58.92
2008,9,10,16,30,24.3,61,807,954,283,401,622,50.5
2008,9,10,17,30,26.1,64,935,978,978,64,935,45.54
2008,9,10,18,30,27.200000000000003,69,995,983,589,262,817,42.410000000000004
2008,9,10,19,30,27.700000000000003,71,981,979,16,433,448,40.86
2008,9,10,20,30,27.6,69,894,962,166,398,541,40.72
2008,9,10,21,30,26.8,66,742,927,114,330,413,42.51
2008,9,10,22,30,25.5,59,539,869,29,214,230,46.78
2008,9,10,23,30,24,47,304,752,10,118,121,53.47
2008,9,11,0,30,22.3,26,74,441,4,41,42,66.68
2008,9,11,1,30,21.1,0,0,0,0,0,0,78.63
2008,9,11,2,30,20.3,0,0,0,0,0,0,81.99
2008,9,11,3,30,19.6,0,0,0,0,0,0,85.64
2008,9,11,4,30,19,0,0,0,0,0,0,88.89
2008,9,11,5,30,18.5,0,0,0,0,0,0,91.18
2008,9,11,6,30,18,0,0,0,0,0,0,92.93
2008,9,11,7,30,17.400000000000002,0,0,0,0,0,0,94.38
2008,9,11,8,30,16.8,0,0,0,0,0,0,94.78
2008,9,11,9,30,16.3,0,0,0,0,0,0,94.92
2008,9,11,10,30,15.9,0,0,0,0,0,0,94.98
2008,9,11,11,30,15.700000000000001,0,0,0,0,0,0,94.24
2008,9,11,12,30,16.1,0,0,0,0,0,0,90.39
2008,9,11,13,30,17.400000000000002,38,152,587,587,38,152,83.43
2008,9,11,14,30,19.5,57,390,791,791,57,390,73.68
2008,9,11,15,30,22,68,616,883,883,68,616,62.31
2008,9,11,16,30,24.200000000000003,74,802,933,933,74,802,53.9
2008,9,11,17,30,25.700000000000003,78,930,958,260,470,700,48.7
2008,9,11,18,30,26.6,89,988,956,956,89,988,45.53
2008,9,11,19,30,27,90,973,952,952,90,973,44.15
2008,9,11,20,30,26.700000000000003,87,887,935,935,87,887,44.59
2008,9,11,21,30,26.1,90,731,883,883,90,731,45.93
2008,9,11,22,30,25.5,79,527,816,816,79,527,47.86
2008,9,11,23,30,24.200000000000003,61,293,687,639,22,237,53.78
2008,9,12,0,30,22.3,31,67,350,48,42,47,70.83
2008,9,12,1,30,20.700000000000003,0,0,0,0,0,0,79.65
2008,9,12,2,30,19.700000000000003,0,0,0,0,0,0,82.46000000000001
2008,9,12,3,30,18.7,0,0,0,0,0,0,85.31
2008,9,12,4,30,17.900000000000002,0,0,0,0,0,0,88.46000000000001
2008,9,12,5,30,17.3,0,0,0,0,0,0,90.85000000000001
2008,9,12,6,30,16.8,0,0,0,0,0,0,92.47
2008,9,12,7,30,16.3,0,0,0,0,0,0,94.11
2008,9,12,8,30,15.9,0,0,0,0,0,0,95.02
2008,9,12,9,30,15.5,0,0,0,0,0,0,95.74000000000001
2008,9,12,10,30,15.100000000000001,0,0,0,0,0,0,96.39
2008,9,12,11,30,14.8,0,0,0,0,0,0,96.58
2008,9,12,12,30,15.4,0,0,0,0,0,0,91.54
2008,9,12,13,30,17.5,37,153,600,600,37,153,81.62
2008,9,12,14,30,20.5,54,395,814,814,54,395,67.97
2008,9,12,15,30,23.5,63,623,906,906,63,623,55.160000000000004
2008,9,12,16,30,25.6,68,809,951,951,68,809,48.46
2008,9,12,17,30,27.200000000000003,71,938,977,977,71,938,43.81
2008,9,12,18,30,28.3,89,995,966,966,89,995,40.730000000000004
2008,9,12,19,30,28.8,89,978,960,960,89,978,39.27
2008,9,12,20,30,28.700000000000003,87,888,940,940,87,888,39.24
2008,9,12,21,30,28,84,733,898,898,84,733,40.63
2008,9,12,22,30,26.8,75,526,826,826,75,526,43.550000000000004
2008,9,12,23,30,25,61,289,682,682,61,289,50.1
2008,9,13,0,30,23.1,31,63,312,312,31,63,63.43
2008,9,13,1,30,21.700000000000003,0,0,0,0,0,0,75.84
2008,9,13,2,30,20.8,0,0,0,0,0,0,79.25
2008,9,13,3,30,20.1,0,0,0,0,0,0,83.59
2008,9,13,4,30,19.6,0,0,0,0,0,0,86.93
2008,9,13,5,30,19.1,0,0,0,0,0,0,89.7
2008,9,13,6,30,18.8,0,0,0,0,0,0,90.83
2008,9,13,7,30,18.400000000000002,0,0,0,0,0,0,92.18
2008,9,13,8,30,18.1,0,0,0,0,0,0,93.07000000000001
2008,9,13,9,30,17.8,0,0,0,0,0,0,93.27
2008,9,13,10,30,17.3,0,0,0,0,0,0,93.91
2008,9,13,11,30,16.7,0,0,0,0,0,0,94.95
2008,9,13,12,30,17.1,0,0,0,0,0,0,90.8
2008,9,13,13,30,18.5,43,147,544,11,92,94,84.29
2008,9,13,14,30,20.5,63,387,776,13,176,181,74.09
2008,9,13,15,30,22.400000000000002,73,616,879,306,305,494,63.27
2008,9,13,16,30,23.8,79,804,932,258,413,613,54.86
2008,9,13,17,30,24.900000000000002,83,933,960,141,452,577,49.480000000000004
2008,9,13,18,30,25.8,131,975,902,295,509,785,45.47
2008,9,13,19,30,26.3,127,962,904,483,347,793,42.92
2008,9,13,20,30,26.5,117,876,894,894,117,876,41.49
2008,9,13,21,30,26.200000000000003,102,724,865,865,102,724,41.5
2008,9,13,22,30,25.400000000000002,89,518,791,791,89,518,43.42
2008,9,13,23,30,24.200000000000003,71,280,635,236,165,243,50.7
2008,9,14,0,30,22.700000000000003,34,58,248,0,2,2,64.25
2008,9,14,1,30,21.5,0,0,0,0,0,0,75.09
2008,9,14,2,30,20.700000000000003,0,0,0,0,0,0,81.10000000000001
2008,9,14,3,30,20.1,0,0,0,0,0,0,83.95
2008,9,14,4,30,19.700000000000003,0,0,0,0,0,0,84.24
2008,9,14,5,30,19.200000000000003,0,0,0,0,0,0,86.68
2008,9,14,6,30,18.6,0,0,0,0,0,0,90.32000000000001
2008,9,14,7,30,18.2,0,0,0,0,0,0,92.15
2008,9,14,8,30,17.900000000000002,0,0,0,0,0,0,92.99
2008,9,14,9,30,17.7,0,0,0,0,0,0,93.23
2008,9,14,10,30,17.400000000000002,0,0,0,0,0,0,93.93
2008,9,14,11,30,17.3,0,0,0,0,0,0,93.95
2008,9,14,12,30,17.400000000000002,0,0,0,0,0,0,92.92
2008,9,14,13,30,17.7,47,141,496,2,45,45,91.09
2008,9,14,14,30,18.400000000000002,64,381,762,143,193,253,85.62
2008,9,14,15,30,19.6,69,610,877,168,269,372,78.77
2008,9,14,16,30,21.1,73,797,933,260,405,606,70.73
2008,9,14,17,30,22.1,77,923,957,957,77,923,63.95
2008,9,14,18,30,22.5,81,980,963,605,258,822,60.33
2008,9,14,19,30,22.5,83,965,958,68,451,514,60.14
2008,9,14,20,30,22,81,876,940,0,196,196,62.7
2008,9,14,21,30,21.5,83,722,893,893,83,722,65.19
2008,9,14,22,30,20.8,72,519,831,46,268,292,67.98
2008,9,14,23,30,19.700000000000003,57,284,698,0,11,11,72.91
2008,9,15,0,30,18.5,27,59,338,0,30,30,81.04
2008,9,15,1,30,17.7,0,0,0,0,0,0,85.01
2008,9,15,2,30,17.1,0,0,0,0,0,0,87.19
2008,9,15,3,30,16.400000000000002,0,0,0,0,0,0,90.02
2008,9,15,4,30,15.600000000000001,0,0,0,0,0,0,93.22
2008,9,15,5,30,15.100000000000001,0,0,0,0,0,0,93.93
2008,9,15,6,30,14.700000000000001,0,0,0,0,0,0,93.97
2008,9,15,7,30,14.3,0,0,0,0,0,0,94.04
2008,9,15,8,30,13.9,0,0,0,0,0,0,93.78
2008,9,15,9,30,13.4,0,0,0,0,0,0,93.57000000000001
2008,9,15,10,30,13,0,0,0,0,0,0,93.59
2008,9,15,11,30,12.8,0,0,0,0,0,0,93.33
2008,9,15,12,30,12.9,0,0,0,0,0,0,91.51
2008,9,15,13,30,13.700000000000001,41,147,562,0,30,30,87.09
2008,9,15,14,30,15.4,62,387,783,0,21,21,77.66
2008,9,15,15,30,17.6,74,613,877,0,147,147,65.93
2008,9,15,16,30,19.3,82,799,927,0,197,198,57.93
2008,9,15,17,30,20.5,86,927,954,149,460,591,53.97
2008,9,15,18,30,21.1,90,984,960,6,404,410,52.32
2008,9,15,19,30,21.400000000000002,89,968,958,0,266,266,51.71
2008,9,15,20,30,21.3,85,879,942,6,364,369,52.050000000000004
2008,9,15,21,30,20.6,79,725,906,906,79,725,54.34
2008,9,15,22,30,19.5,71,517,834,14,229,236,58.57
2008,9,15,23,30,18,57,280,693,0,44,44,65.39
2008,9,16,0,30,16.5,27,56,324,11,41,42,75.3
2008,9,16,1,30,15.4,0,0,0,0,0,0,84.08
2008,9,16,2,30,14.700000000000001,0,0,0,0,0,0,88.56
2008,9,16,3,30,14.200000000000001,0,0,0,0,0,0,89.69
2008,9,16,4,30,13.600000000000001,0,0,0,0,0,0,91.35000000000001
2008,9,16,5,30,13.100000000000001,0,0,0,0,0,0,92.52
2008,9,16,6,30,12.8,0,0,0,0,0,0,93
2008,9,16,7,30,12.5,0,0,0,0,0,0,93.57000000000001
2008,9,16,8,30,12.3,0,0,0,0,0,0,93.46000000000001
2008,9,16,9,30,12.100000000000001,0,0,0,0,0,0,93.25
2008,9,16,10,30,11.9,0,0,0,0,0,0,93.3
2008,9,16,11,30,11.700000000000001,0,0,0,0,0,0,93.74
2008,9,16,12,30,12,0,0,0,0,0,0,91.48
2008,9,16,13,30,13.200000000000001,39,148,579,0,25,25,86.29
2008,9,16,14,30,15.200000000000001,57,388,799,0,104,104,77.03
2008,9,16,15,30,17.7,67,615,893,20,275,287,64.78
2008,9,16,16,30,19.8,74,800,940,1,266,267,55.79
2008,9,16,17,30,21.3,78,927,965,0,106,106,51.160000000000004
2008,9,16,18,30,22,80,986,976,0,188,188,49.44
2008,9,16,19,30,22.1,79,969,973,0,230,230,49.54
2008,9,16,20,30,21.900000000000002,77,878,953,0,137,137,50.72
2008,9,16,21,30,21.400000000000002,74,722,914,0,155,155,52.980000000000004
2008,9,16,22,30,20.400000000000002,67,515,843,32,241,257,57.09
2008,9,16,23,30,19,54,278,704,1,103,103,64.05
2008,9,17,0,30,17.400000000000002,25,53,334,0,18,18,75.78
2008,9,17,1,30,16.3,0,0,0,0,0,0,85.39
2008,9,17,2,30,15.8,0,0,0,0,0,0,88.63
2008,9,17,3,30,15.3,0,0,0,0,0,0,91.62
2008,9,17,4,30,14.8,0,0,0,0,0,0,93.57000000000001
2008,9,17,5,30,14.3,0,0,0,0,0,0,93.88
2008,9,17,6,30,13.8,0,0,0,0,0,0,94.42
2008,9,17,7,30,13.4,0,0,0,0,0,0,94.4
2008,9,17,8,30,13,0,0,0,0,0,0,94.78
2008,9,17,9,30,12.700000000000001,0,0,0,0,0,0,94.63
2008,9,17,10,30,12.4,0,0,0,0,0,0,94.71000000000001
2008,9,17,11,30,12.200000000000001,0,0,0,0,0,0,94.43
2008,9,17,12,30,12.3,0,0,0,0,0,0,92.60000000000001
2008,9,17,13,30,13.3,42,145,552,0,25,25,87.31
2008,9,17,14,30,15.3,63,384,778,0,87,87,77.73
2008,9,17,15,30,18,74,611,877,1,194,194,65.27
2008,9,17,16,30,20.5,81,798,930,0,229,230,55.160000000000004
2008,9,17,17,30,22.400000000000002,85,925,957,1,332,333,49.480000000000004
2008,9,17,18,30,23.6,109,974,933,9,420,429,46.46
2008,9,17,19,30,24.1,108,957,931,1,343,344,45.300000000000004
2008,9,17,20,30,24.1,103,867,914,1,297,297,45.49
2008,9,17,21,30,23.5,87,714,890,2,264,265,47.37
2008,9,17,22,30,22.3,76,506,817,34,248,266,51.32
2008,9,17,23,30,20.6,60,269,666,13,149,153,58.35
2008,9,18,0,30,18.8,26,48,275,275,26,48,70.94
2008,9,18,1,30,17.6,0,0,0,0,0,0,80.59
2008,9,18,2,30,16.900000000000002,0,0,0,0,0,0,84.08
2008,9,18,3,30,16.3,0,0,0,0,0,0,87.5
2008,9,18,4,30,15.8,0,0,0,0,0,0,89.7
2008,9,18,5,30,15.3,0,0,0,0,0,0,90.51
2008,9,18,6,30,14.9,0,0,0,0,0,0,90.28
2008,9,18,7,30,14.4,0,0,0,0,0,0,90.79
2008,9,18,8,30,14.100000000000001,0,0,0,0,0,0,89.82000000000001
2008,9,18,9,30,13.8,0,0,0,0,0,0,89.5
2008,9,18,10,30,13.5,0,0,0,0,0,0,89.74
2008,9,18,11,30,13.100000000000001,0,0,0,0,0,0,90.55
2008,9,18,12,30,13.200000000000001,0,0,0,0,0,0,88.60000000000001
2008,9,18,13,30,14,45,141,519,519,45,141,81.87
2008,9,18,14,30,15.600000000000001,67,381,764,4,162,163,70.42
2008,9,18,15,30,17.6,78,609,870,0,149,149,58.68
2008,9,18,16,30,19.6,86,796,922,12,349,358,50.27
2008,9,18,17,30,21.200000000000003,93,923,948,67,437,496,46.09
2008,9,18,18,30,22.3,94,981,959,222,507,712,44.15
2008,9,18,19,30,22.900000000000002,96,963,954,108,472,570,43.480000000000004
2008,9,18,20,30,22.900000000000002,93,870,932,932,93,870,44.29
2008,9,18,21,30,22.5,107,705,852,852,107,705,46.34
2008,9,18,22,30,21.6,96,495,764,431,206,431,50.47
2008,9,18,23,30,20.1,74,258,596,372,136,251,57.77
2008,9,19,0,30,18.3,28,43,197,0,22,22,71.72
2008,9,19,1,30,17.1,0,0,0,0,0,0,80.24
2008,9,19,2,30,16.5,0,0,0,0,0,0,82.60000000000001
2008,9,19,3,30,16,0,0,0,0,0,0,84.65
2008,9,19,4,30,15.600000000000001,0,0,0,0,0,0,86.13
2008,9,19,5,30,15.200000000000001,0,0,0,0,0,0,87.7
2008,9,19,6,30,14.8,0,0,0,0,0,0,89.47
2008,9,19,7,30,14.5,0,0,0,0,0,0,90.23
2008,9,19,8,30,14.200000000000001,0,0,0,0,0,0,90.71000000000001
2008,9,19,9,30,13.9,0,0,0,0,0,0,91.13
2008,9,19,10,30,13.5,0,0,0,0,0,0,91.92
2008,9,19,11,30,13.200000000000001,0,0,0,0,0,0,92.04
2008,9,19,12,30,13.200000000000001,0,0,0,0,0,0,89.87
2008,9,19,13,30,13.8,51,135,460,460,51,135,85.21000000000001
2008,9,19,14,30,15.5,78,372,716,716,78,372,76.81
2008,9,19,15,30,17.900000000000002,93,599,831,111,341,408,66.82000000000001
2008,9,19,16,30,19.900000000000002,103,785,888,888,103,785,58.84
2008,9,19,17,30,21,109,912,919,324,458,741,55.46
2008,9,19,18,30,21.700000000000003,88,979,968,968,88,979,53.47
2008,9,19,19,30,22,86,962,966,966,86,962,52.52
2008,9,19,20,30,21.8,84,870,946,946,84,870,53.08
2008,9,19,21,30,21.200000000000003,77,714,913,0,188,188,55
2008,9,19,22,30,20.400000000000002,69,504,838,367,196,386,58.21
2008,9,19,23,30,19.1,54,266,694,466,111,254,65.45
2008,9,20,0,30,17.7,23,45,299,0,17,17,78.42
2008,9,20,1,30,16.8,0,0,0,0,0,0,85.81
2008,9,20,2,30,16.2,0,0,0,0,0,0,88.34
2008,9,20,3,30,15.600000000000001,0,0,0,0,0,0,90.74
2008,9,20,4,30,14.9,0,0,0,0,0,0,92.79
2008,9,20,5,30,14.200000000000001,0,0,0,0,0,0,93.93
2008,9,20,6,30,13.5,0,0,0,0,0,0,95.38
2008,9,20,7,30,13.200000000000001,0,0,0,0,0,0,94.99
2008,9,20,8,30,13,0,0,0,0,0,0,94.39
2008,9,20,9,30,12.8,0,0,0,0,0,0,93.84
2008,9,20,10,30,12.5,0,0,0,0,0,0,93.71000000000001
2008,9,20,11,30,12.200000000000001,0,0,0,0,0,0,93.81
2008,9,20,12,30,12.200000000000001,0,0,0,0,0,0,92.29
2008,9,20,13,30,13.4,41,143,558,0,35,35,84.72
2008,9,20,14,30,15.700000000000001,62,384,788,76,226,257,73.57000000000001
2008,9,20,15,30,18.6,73,613,887,142,341,428,59.050000000000004
2008,9,20,16,30,20.900000000000002,81,799,938,102,398,476,49.34
2008,9,20,17,30,22.6,85,927,965,145,466,593,44.980000000000004
2008,9,20,18,30,23.6,89,983,973,288,417,681,43.230000000000004
2008,9,20,19,30,24,88,965,970,970,88,965,43.17
2008,9,20,20,30,23.700000000000003,84,871,951,951,84,871,44.62
2008,9,20,21,30,22.8,77,714,917,26,327,345,47.61
2008,9,20,22,30,21.700000000000003,67,503,846,192,277,376,51.76
2008,9,20,23,30,20,52,264,705,332,118,218,59.88
2008,9,21,0,30,18.3,22,43,308,0,18,18,72.22
2008,9,21,1,30,17.2,0,0,0,0,0,0,80.10000000000001
2008,9,21,2,30,16.5,0,0,0,0,0,0,84.58
2008,9,21,3,30,16,0,0,0,0,0,0,88.10000000000001
2008,9,21,4,30,15.5,0,0,0,0,0,0,91.23
2008,9,21,5,30,15.100000000000001,0,0,0,0,0,0,93.03
2008,9,21,6,30,14.600000000000001,0,0,0,0,0,0,94.43
2008,9,21,7,30,14.200000000000001,0,0,0,0,0,0,94.10000000000001
2008,9,21,8,30,13.8,0,0,0,0,0,0,93.68
2008,9,21,9,30,13.4,0,0,0,0,0,0,93.78
2008,9,21,10,30,13.100000000000001,0,0,0,0,0,0,93.59
2008,9,21,11,30,12.8,0,0,0,0,0,0,93.68
2008,9,21,12,30,12.8,0,0,0,0,0,0,92.41
2008,9,21,13,30,13.700000000000001,41,141,547,0,43,43,87.71000000000001
2008,9,21,14,30,15.4,63,381,781,0,114,114,79.9
2008,9,21,15,30,17.900000000000002,74,609,883,4,247,250,67.92
2008,9,21,16,30,20.200000000000003,79,795,938,304,396,628,56.46
2008,9,21,17,30,21.8,82,923,967,137,452,571,50.45
2008,9,21,18,30,22.700000000000003,82,979,980,29,448,474,47.46
2008,9,21,19,30,23,82,963,978,978,82,963,46.18
2008,9,21,20,30,22.8,80,870,959,959,80,870,46.09
2008,9,21,21,30,22.3,83,707,903,903,83,707,46.910000000000004
2008,9,21,22,30,21.5,73,497,829,271,259,397,48.79
2008,9,21,23,30,20,57,258,678,0,75,75,54.370000000000005
2008,9,22,0,30,18.1,22,39,265,0,13,13,69.76
2008,9,22,1,30,16.8,0,0,0,0,0,0,78.66
2008,9,22,2,30,16.2,0,0,0,0,0,0,81.54
2008,9,22,3,30,15.600000000000001,0,0,0,0,0,0,84.98
2008,9,22,4,30,15,0,0,0,0,0,0,88.98
2008,9,22,5,30,14.4,0,0,0,0,0,0,92.52
2008,9,22,6,30,14,0,0,0,0,0,0,94.45
2008,9,22,7,30,13.8,0,0,0,0,0,0,94.96000000000001
2008,9,22,8,30,13.600000000000001,0,0,0,0,0,0,94.92
2008,9,22,9,30,13.4,0,0,0,0,0,0,94.65
2008,9,22,10,30,13.100000000000001,0,0,0,0,0,0,94.37
2008,9,22,11,30,12.8,0,0,0,0,0,0,94.62
2008,9,22,12,30,12.9,0,0,0,0,0,0,92.35000000000001
2008,9,22,13,30,13.700000000000001,41,139,547,547,41,139,87.86
2008,9,22,14,30,15.4,62,379,780,780,62,379,80.21000000000001
2008,9,22,15,30,17.8,73,606,882,48,290,319,68.39
2008,9,22,16,30,20.1,80,790,933,154,421,539,57.57
2008,9,22,17,30,21.8,83,916,961,131,444,558,52.01
2008,9,22,18,30,23,82,971,973,3,370,373,49.15
2008,9,22,19,30,23.400000000000002,83,952,969,17,349,364,48.550000000000004
2008,9,22,20,30,23.1,80,858,948,258,340,552,49.6
2008,9,22,21,30,22.5,76,699,906,906,76,699,51.93
2008,9,22,22,30,21.6,68,490,832,0,109,109,55.51
2008,9,22,23,30,20.200000000000003,53,252,679,97,158,186,62.24
2008,9,23,0,30,18.7,20,36,264,0,19,19,73.09
2008,9,23,1,30,17.7,0,0,0,0,0,0,80.08
2008,9,23,2,30,17.1,0,0,0,0,0,0,83.47
2008,9,23,3,30,16.400000000000002,0,0,0,0,0,0,87.82000000000001
2008,9,23,4,30,15.600000000000001,0,0,0,0,0,0,92.21000000000001
2008,9,23,5,30,15,0,0,0,0,0,0,94.66
2008,9,23,6,30,14.700000000000001,0,0,0,0,0,0,95.45
2008,9,23,7,30,14.600000000000001,0,0,0,0,0,0,95.15
2008,9,23,8,30,14.4,0,0,0,0,0,0,95.49
2008,9,23,9,30,14.200000000000001,0,0,0,0,0,0,95.95
2008,9,23,10,30,14.100000000000001,0,0,0,0,0,0,95.84
2008,9,23,11,30,13.9,0,0,0,0,0,0,96.07000000000001
2008,9,23,12,30,14.200000000000001,0,0,0,0,0,0,92.92
2008,9,23,13,30,15.100000000000001,36,140,579,1,66,66,87.58
2008,9,23,14,30,16.900000000000002,53,378,802,802,53,378,79.12
2008,9,23,15,30,19.200000000000003,63,604,898,898,63,604,69.04
2008,9,23,16,30,21.400000000000002,68,788,948,159,333,454,59.49
2008,9,23,17,30,22.900000000000002,71,913,974,91,440,519,54.03
2008,9,23,18,30,23.6,72,968,984,9,412,420,51.63
2008,9,23,19,30,23.8,72,947,979,3,360,362,51
2008,9,23,20,30,23.5,69,855,963,0,183,184,51.79
2008,9,23,21,30,22.700000000000003,76,694,904,2,254,255,54.29
2008,9,23,22,30,21.5,67,485,829,0,9,9,59.27
2008,9,23,23,30,19.900000000000002,52,248,675,586,8,177,67.43
2008,9,24,0,30,18.2,19,33,244,0,12,12,79.33
2008,9,24,1,30,17.2,0,0,0,0,0,0,85.69
2008,9,24,2,30,16.6,0,0,0,0,0,0,88.10000000000001
2008,9,24,3,30,16.1,0,0,0,0,0,0,90.46000000000001
2008,9,24,4,30,15.700000000000001,0,0,0,0,0,0,92.76
2008,9,24,5,30,15.5,0,0,0,0,0,0,93.75
2008,9,24,6,30,15.4,0,0,0,0,0,0,94.03
2008,9,24,7,30,15.3,0,0,0,0,0,0,94.52
2008,9,24,8,30,15.200000000000001,0,0,0,0,0,0,94.79
2008,9,24,9,30,15,0,0,0,0,0,0,95.08
2008,9,24,10,30,14.700000000000001,0,0,0,0,0,0,95.39
2008,9,24,11,30,14.3,0,0,0,0,0,0,95.69
2008,9,24,12,30,14.3,0,0,0,0,0,0,93.44
2008,9,24,13,30,15,35,139,586,0,23,23,89.22
2008,9,24,14,30,16.6,52,378,809,1,63,63,82.16
2008,9,24,15,30,18.8,61,604,903,2,230,232,71.46000000000001
2008,9,24,16,30,20.900000000000002,66,788,952,0,94,94,60.97
2008,9,24,17,30,22.400000000000002,70,912,976,5,374,379,55.26
2008,9,24,18,30,23.400000000000002,70,967,988,153,465,603,52.44
2008,9,24,19,30,23.900000000000002,71,946,982,208,483,669,51.26
2008,9,24,20,30,23.700000000000003,68,853,965,965,68,853,52.09
2008,9,24,21,30,22.900000000000002,68,693,919,508,213,558,55.050000000000004
2008,9,24,22,30,21.6,60,484,849,508,176,429,60.67
2008,9,24,23,30,19.8,47,246,698,327,113,206,70.69
2008,9,25,0,30,18.2,18,32,267,1,18,18,82.84
2008,9,25,1,30,17.2,0,0,0,0,0,0,90.17
2008,9,25,2,30,16.7,0,0,0,0,0,0,92.36
2008,9,25,3,30,16.2,0,0,0,0,0,0,93.38
2008,9,25,4,30,15.600000000000001,0,0,0,0,0,0,95.04
2008,9,25,5,30,14.5,0,0,0,0,0,0,95.4
2008,9,25,6,30,13.4,0,0,0,0,0,0,93.56
2008,9,25,7,30,12.700000000000001,0,0,0,0,0,0,92.29
2008,9,25,8,30,12.3,0,0,0,0,0,0,92.43
2008,9,25,9,30,12.100000000000001,0,0,0,0,0,0,92.28
2008,9,25,10,30,11.8,0,0,0,0,0,0,93.2
2008,9,25,11,30,11.600000000000001,0,0,0,0,0,0,93.66
2008,9,25,12,30,11.700000000000001,0,0,0,0,0,0,92.13
2008,9,25,13,30,12.600000000000001,33,140,609,2,68,68,87.23
2008,9,25,14,30,14.600000000000001,52,380,818,818,52,380,77.96000000000001
2008,9,25,15,30,17.1,64,606,905,905,64,606,66.77
2008,9,25,16,30,19.3,72,790,950,230,413,586,57.660000000000004
2008,9,25,17,30,20.8,78,915,974,974,78,915,53.21
2008,9,25,18,30,22,79,970,983,70,456,519,50.29
2008,9,25,19,30,22.700000000000003,78,947,979,32,434,462,48.730000000000004
2008,9,25,20,30,22.900000000000002,74,854,962,0,198,198,48.370000000000005
2008,9,25,21,30,22.5,75,691,910,0,136,136,49.69
2008,9,25,22,30,21.3,67,481,835,2,181,182,53.57
2008,9,25,23,30,19.5,52,241,674,674,52,241,61.4
2008,9,26,0,30,17.6,18,28,210,0,11,11,74.08
2008,9,26,1,30,16.5,0,0,0,0,0,0,81.95
2008,9,26,2,30,15.8,0,0,0,0,0,0,86.17
2008,9,26,3,30,15.100000000000001,0,0,0,0,0,0,89.56
2008,9,26,4,30,14.4,0,0,0,0,0,0,92.09
2008,9,26,5,30,13.8,0,0,0,0,0,0,93.55
2008,9,26,6,30,13.3,0,0,0,0,0,0,94.12
2008,9,26,7,30,12.9,0,0,0,0,0,0,93.99
2008,9,26,8,30,12.5,0,0,0,0,0,0,94.27
2008,9,26,9,30,12.200000000000001,0,0,0,0,0,0,93.87
2008,9,26,10,30,11.9,0,0,0,0,0,0,93.48
2008,9,26,11,30,11.600000000000001,0,0,0,0,0,0,92.75
2008,9,26,12,30,11.700000000000001,0,0,0,0,0,0,90.42
2008,9,26,13,30,12.8,38,137,566,0,22,22,83.99
2008,9,26,14,30,15.200000000000001,59,377,797,0,61,61,72.86
2008,9,26,15,30,18.1,70,603,893,0,152,152,60.78
2008,9,26,16,30,20.5,78,788,942,0,154,154,52.43
2008,9,26,17,30,22,82,913,969,0,198,198,48.24
2008,9,26,18,30,23,95,964,962,90,462,543,45.59
2008,9,26,19,30,23.5,97,940,952,3,371,374,44.33
2008,9,26,20,30,23.6,94,845,930,0,242,242,43.85
2008,9,26,21,30,23.1,82,687,900,0,181,181,44.69
2008,9,26,22,30,22.200000000000003,71,476,823,5,196,198,46.72
2008,9,26,23,30,20.5,55,238,663,663,55,238,52.050000000000004
2008,9,27,0,30,18.400000000000002,17,26,206,0,9,9,66.83
2008,9,27,1,30,16.8,0,0,0,0,0,0,74.9
2008,9,27,2,30,15.5,0,0,0,0,0,0,76.8
2008,9,27,3,30,14.3,0,0,0,0,0,0,78.9
2008,9,27,4,30,13.3,0,0,0,0,0,0,81.8
2008,9,27,5,30,12.5,0,0,0,0,0,0,85
2008,9,27,6,30,11.9,0,0,0,0,0,0,88.48
2008,9,27,7,30,11.4,0,0,0,0,0,0,90.68
2008,9,27,8,30,11,0,0,0,0,0,0,92.35000000000001
2008,9,27,9,30,10.700000000000001,0,0,0,0,0,0,93.38
2008,9,27,10,30,10.5,0,0,0,0,0,0,94.09
2008,9,27,11,30,10.200000000000001,0,0,0,0,0,0,95.12
2008,9,27,12,30,10.600000000000001,0,0,0,0,0,0,91.59
2008,9,27,13,30,12.4,45,132,503,0,49,49,81.4
2008,9,27,14,30,15.8,69,374,766,21,197,205,65.27
2008,9,27,15,30,19.1,81,601,874,110,339,405,50.81
2008,9,27,16,30,21.400000000000002,91,787,926,926,91,787,44.980000000000004
2008,9,27,17,30,23,97,912,952,952,97,912,42.42
2008,9,27,18,30,24,123,955,925,925,123,955,40.96
2008,9,27,19,30,24.5,126,932,915,915,126,932,40.12
2008,9,27,20,30,24.3,125,833,881,9,368,375,40.54
2008,9,27,21,30,23.700000000000003,121,670,820,223,379,528,41.59
2008,9,27,22,30,22.700000000000003,104,459,729,729,104,459,43.81
2008,9,27,23,30,20.900000000000002,74,224,548,548,74,224,49.72
2008,9,28,0,30,18.5,18,22,110,110,18,22,66.04
2008,9,28,1,30,16.900000000000002,0,0,0,0,0,0,73.95
2008,9,28,2,30,16,0,0,0,0,0,0,74.92
2008,9,28,3,30,15,0,0,0,0,0,0,77.46000000000001
2008,9,28,4,30,13.9,0,0,0,0,0,0,81.77
2008,9,28,5,30,12.8,0,0,0,0,0,0,87.07000000000001
2008,9,28,6,30,12,0,0,0,0,0,0,90.84
2008,9,28,7,30,11.3,0,0,0,0,0,0,93.98
2008,9,28,8,30,10.9,0,0,0,0,0,0,95.96000000000001
2008,9,28,9,30,10.700000000000001,0,0,0,0,0,0,96.64
2008,9,28,10,30,10.5,0,0,0,0,0,0,97.29
2008,9,28,11,30,10.5,0,0,0,0,0,0,96.55
2008,9,28,12,30,10.9,0,0,0,0,0,0,93.32000000000001
2008,9,28,13,30,12.600000000000001,59,123,375,375,59,123,83.37
2008,9,28,14,30,15.200000000000001,98,358,656,656,98,358,70.82000000000001
2008,9,28,15,30,18,118,586,789,789,118,586,59.980000000000004
2008,9,28,16,30,20.3,134,771,851,851,134,771,52.54
2008,9,28,17,30,21.900000000000002,141,897,887,887,141,897,47.870000000000005
2008,9,28,18,30,22.900000000000002,88,972,985,985,88,972,45.08
2008,9,28,19,30,23.3,88,947,978,978,88,947,43.83
2008,9,28,20,30,23.3,86,851,957,957,86,851,43.34
2008,9,28,21,30,22.700000000000003,89,685,896,896,89,685,44.49
2008,9,28,22,30,21.8,79,471,808,808,79,471,46.65
2008,9,28,23,30,20,60,229,629,629,60,229,52.79
2008,9,29,0,30,17.900000000000002,16,22,137,0,12,12,66.45
2008,9,29,1,30,16.7,0,0,0,0,0,0,75.08
2008,9,29,2,30,16,0,0,0,0,0,0,77.72
2008,9,29,3,30,15.200000000000001,0,0,0,0,0,0,81.63
2008,9,29,4,30,14.3,0,0,0,0,0,0,86.08
2008,9,29,5,30,13.200000000000001,0,0,0,0,0,0,91.41
2008,9,29,6,30,12.200000000000001,0,0,0,0,0,0,95.24
2008,9,29,7,30,11.600000000000001,0,0,0,0,0,0,96.81
2008,9,29,8,30,11.200000000000001,0,0,0,0,0,0,96.88
2008,9,29,9,30,11,0,0,0,0,0,0,95.89
2008,9,29,10,30,10.8,0,0,0,0,0,0,95.32000000000001
2008,9,29,11,30,10.600000000000001,0,0,0,0,0,0,95.25
2008,9,29,12,30,10.9,0,0,0,0,0,0,92.11
2008,9,29,13,30,12.4,59,123,377,377,59,123,83.01
2008,9,29,14,30,15.200000000000001,98,361,664,664,98,361,69.78
2008,9,29,15,30,17.900000000000002,118,590,798,798,118,590,59.870000000000005
2008,9,29,16,30,20.1,130,777,867,867,130,777,52.88
2008,9,29,17,30,21.700000000000003,133,905,909,909,133,905,48.18
2008,9,29,18,30,22.8,112,968,957,957,112,968,44.76
2008,9,29,19,30,23.200000000000003,112,942,949,96,471,555,42.89
2008,9,29,20,30,23.200000000000003,110,842,919,919,110,842,41.89
2008,9,29,21,30,22.6,92,683,893,144,383,478,42.550000000000004
2008,9,29,22,30,21.5,83,467,800,800,83,467,44.81
2008,9,29,23,30,19.6,63,225,610,610,63,225,50.56
2008,9,30,0,30,17.3,15,20,128,128,15,20,62.76
2008,9,30,1,30,15.600000000000001,0,0,0,0,0,0,69.99
2008,9,30,2,30,14.4,0,0,0,0,0,0,70.52
2008,9,30,3,30,13,0,0,0,0,0,0,73.82000000000001
2008,9,30,4,30,11.700000000000001,0,0,0,0,0,0,80
2008,9,30,5,30,10.700000000000001,0,0,0,0,0,0,86.47
2008,9,30,6,30,10.100000000000001,0,0,0,0,0,0,91.19
2008,9,30,7,30,10,0,0,0,0,0,0,93.68
2008,9,30,8,30,10.200000000000001,0,0,0,0,0,0,94.24
2008,9,30,9,30,10.3,0,0,0,0,0,0,94.88
2008,9,30,10,30,10.200000000000001,0,0,0,0,0,0,96.2
2008,9,30,11,30,10,0,0,0,0,0,0,97.35000000000001
2008,9,30,12,30,10.4,0,0,0,0,0,0,94.07000000000001
2008,9,30,13,30,12.100000000000001,57,126,409,409,57,126,83.79
2008,9,30,14,30,14.600000000000001,86,372,729,729,86,372,68.58
2008,9,30,15,30,17.2,91,613,884,884,91,613,54.050000000000004
2008,9,30,16,30,19.400000000000002,93,805,957,216,438,598,43.37
2008,9,30,17,30,21.200000000000003,92,934,994,994,92,934,36.27
2008,9,30,18,30,22.5,91,990,1008,1008,91,990,31.7
2008,9,30,19,30,23.3,89,967,1006,1006,89,967,28.97
2008,9,30,20,30,23.400000000000002,85,868,988,233,462,647,27.73
2008,9,30,21,30,22.900000000000002,81,701,943,67,341,385,27.52
2008,9,30,22,30,21.700000000000003,71,482,864,1,169,169,28.77
2008,9,30,23,30,19,53,235,696,696,53,235,35.11
2008,10,1,0,30,15.600000000000001,14,19,176,176,14,19,55.71
2008,10,1,1,30,13.700000000000001,0,0,0,0,0,0,63.08
2008,10,1,2,30,12.700000000000001,0,0,0,0,0,0,65.46000000000001
2008,10,1,3,30,11.700000000000001,0,0,0,0,0,0,69.67
2008,10,1,4,30,10.600000000000001,0,0,0,0,0,0,75.96000000000001
2008,10,1,5,30,9.700000000000001,0,0,0,0,0,0,82.08
2008,10,1,6,30,8.9,0,0,0,0,0,0,87.84
2008,10,1,7,30,8.4,0,0,0,0,0,0,93.62
2008,10,1,8,30,8.3,0,0,0,0,0,0,97.39
2008,10,1,9,30,8.6,0,0,0,0,0,0,96.53
2008,10,1,10,30,8.700000000000001,0,0,0,0,0,0,95.26
2008,10,1,11,30,8.3,0,0,0,0,0,0,94.38
2008,10,1,12,30,8,0,0,0,0,0,0,91.09
2008,10,1,13,30,9.3,43,138,569,569,43,138,80.29
2008,10,1,14,30,12.5,62,395,851,851,62,395,62.22
2008,10,1,15,30,16.1,69,635,964,964,69,635,39.79
2008,10,1,16,30,18.900000000000002,74,828,1015,1015,74,828,26.48
2008,10,1,17,30,20.8,78,951,1034,1034,78,951,23.1
2008,10,1,18,30,22.200000000000003,81,1005,1041,1041,81,1005,21.42
2008,10,1,19,30,22.900000000000002,81,977,1031,1031,81,977,20.830000000000002
2008,10,1,20,30,23.200000000000003,77,873,1009,1009,77,873,20.77
2008,10,1,21,30,22.8,70,706,974,974,70,706,21.68
2008,10,1,22,30,21.700000000000003,61,486,900,900,61,486,23.88
2008,10,1,23,30,18.900000000000002,46,235,732,732,46,235,31.35
2008,10,2,0,30,15.200000000000001,13,18,206,206,13,18,57.38
2008,10,2,1,30,13.3,0,0,0,0,0,0,64.7
2008,10,2,2,30,12.3,0,0,0,0,0,0,68.79
2008,10,2,3,30,11.4,0,0,0,0,0,0,72.98
2008,10,2,4,30,10.5,0,0,0,0,0,0,77.39
2008,10,2,5,30,9.700000000000001,0,0,0,0,0,0,81.42
2008,10,2,6,30,9.200000000000001,0,0,0,0,0,0,84.96000000000001
2008,10,2,7,30,8.700000000000001,0,0,0,0,0,0,89.67
2008,10,2,8,30,8.3,0,0,0,0,0,0,94.93
2008,10,2,9,30,8.3,0,0,0,0,0,0,97.3
2008,10,2,10,30,8.4,0,0,0,0,0,0,96.31
2008,10,2,11,30,8.200000000000001,0,0,0,0,0,0,94.7
2008,10,2,12,30,8.1,0,0,0,0,0,0,91.38
2008,10,2,13,30,9.5,45,135,543,543,45,135,80.16
2008,10,2,14,30,13.100000000000001,66,388,826,826,66,388,61.44
2008,10,2,15,30,16.900000000000002,76,626,939,939,76,626,44.46
2008,10,2,16,30,19.5,82,813,989,989,82,813,33.57
2008,10,2,17,30,21.200000000000003,85,941,1017,1017,85,941,28.64
2008,10,2,18,30,22.400000000000002,85,996,1030,1030,85,996,25.8
2008,10,2,19,30,23.1,84,968,1021,1021,84,968,24.330000000000002
2008,10,2,20,30,23.400000000000002,81,868,1002,1002,81,868,23.77
2008,10,2,21,30,23.1,74,697,959,959,74,697,24.13
2008,10,2,22,30,22.1,65,477,881,881,65,477,25.62
2008,10,2,23,30,19.3,49,229,711,711,49,229,32.4
2008,10,3,0,30,15.700000000000001,12,16,179,179,12,16,59.03
2008,10,3,1,30,13.700000000000001,0,0,0,0,0,0,64.42
2008,10,3,2,30,12.600000000000001,0,0,0,0,0,0,67.66
2008,10,3,3,30,11.600000000000001,0,0,0,0,0,0,71.78
2008,10,3,4,30,10.700000000000001,0,0,0,0,0,0,76.25
2008,10,3,5,30,10.100000000000001,0,0,0,0,0,0,79.59
2008,10,3,6,30,9.5,0,0,0,0,0,0,83.52
2008,10,3,7,30,9.1,0,0,0,0,0,0,86.8
2008,10,3,8,30,8.6,0,0,0,0,0,0,90.59
2008,10,3,9,30,8.1,0,0,0,0,0,0,94.58
2008,10,3,10,30,7.7,0,0,0,0,0,0,97.74000000000001
2008,10,3,11,30,7.6000000000000005,0,0,0,0,0,0,98.18
2008,10,3,12,30,8.200000000000001,0,0,0,0,0,0,93.27
2008,10,3,13,30,10.100000000000001,42,132,545,545,42,132,80.88
2008,10,3,14,30,13.600000000000001,65,380,813,813,65,380,63.160000000000004
2008,10,3,15,30,17.7,75,615,925,925,75,615,43.04
2008,10,3,16,30,20.700000000000003,83,804,978,978,83,804,31.32
2008,10,3,17,30,22.400000000000002,87,930,1004,1004,87,930,27.400000000000002
2008,10,3,18,30,23.400000000000002,85,984,1019,1019,85,984,25.75
2008,10,3,19,30,23.900000000000002,85,960,1015,1015,85,960,24.93
2008,10,3,20,30,24,84,856,987,987,84,856,24.68
2008,10,3,21,30,23.6,76,689,949,949,76,689,25.1
2008,10,3,22,30,22.6,66,470,870,870,66,470,26.55
2008,10,3,23,30,19.8,49,223,699,699,49,223,33.58
2008,10,4,0,30,16.3,11,14,157,157,11,14,59.07
2008,10,4,1,30,14.3,0,0,0,0,0,0,63.74
2008,10,4,2,30,13.3,0,0,0,0,0,0,64.78
2008,10,4,3,30,12.3,0,0,0,0,0,0,66.74
2008,10,4,4,30,11.4,0,0,0,0,0,0,68.88
2008,10,4,5,30,10.600000000000001,0,0,0,0,0,0,71.95
2008,10,4,6,30,10,0,0,0,0,0,0,75.99
2008,10,4,7,30,9.4,0,0,0,0,0,0,81.44
2008,10,4,8,30,8.8,0,0,0,0,0,0,87.35000000000001
2008,10,4,9,30,8.200000000000001,0,0,0,0,0,0,92.4
2008,10,4,10,30,7.800000000000001,0,0,0,0,0,0,95.16
2008,10,4,11,30,7.4,0,0,0,0,0,0,97.04
2008,10,4,12,30,8.1,0,0,0,0,0,0,90.51
2008,10,4,13,30,11,38,132,574,574,38,132,74.26
2008,10,4,14,30,15.700000000000001,60,378,824,824,60,378,53.97
2008,10,4,15,30,20.400000000000002,72,611,927,927,72,611,35.86
2008,10,4,16,30,23,80,799,978,978,80,799,28.43
2008,10,4,17,30,24.200000000000003,84,925,1005,1005,84,925,26.36
2008,10,4,18,30,25,87,977,1013,1013,87,977,25.1
2008,10,4,19,30,25.400000000000002,87,952,1007,1007,87,952,24.42
2008,10,4,20,30,25.5,84,849,983,983,84,849,23.97
2008,10,4,21,30,25.1,79,682,939,939,79,682,24.150000000000002
2008,10,4,22,30,24,68,463,859,859,68,463,25.43
2008,10,4,23,30,21.1,50,217,681,681,50,217,32.39
2008,10,5,0,30,17.5,0,0,0,0,0,0,58.99
2008,10,5,1,30,15.4,0,0,0,0,0,0,62.230000000000004
2008,10,5,2,30,14.200000000000001,0,0,0,0,0,0,63.870000000000005
2008,10,5,3,30,13.100000000000001,0,0,0,0,0,0,65.77
2008,10,5,4,30,12,0,0,0,0,0,0,68.63
2008,10,5,5,30,11,0,0,0,0,0,0,72.01
2008,10,5,6,30,10.200000000000001,0,0,0,0,0,0,75.28
2008,10,5,7,30,9.700000000000001,0,0,0,0,0,0,77.49
2008,10,5,8,30,9.200000000000001,0,0,0,0,0,0,79.77
2008,10,5,9,30,8.9,0,0,0,0,0,0,81.21000000000001
2008,10,5,10,30,8.700000000000001,0,0,0,0,0,0,82.59
2008,10,5,11,30,8.6,0,0,0,0,0,0,84.3
2008,10,5,12,30,9.5,0,0,0,0,0,0,80.73
2008,10,5,13,30,12.600000000000001,43,125,506,506,43,125,69.9
2008,10,5,14,30,17.1,69,366,772,772,69,366,53.1
2008,10,5,15,30,21.1,84,596,884,884,84,596,45.300000000000004
2008,10,5,16,30,23.700000000000003,92,784,944,944,92,784,38.08
2008,10,5,17,30,25.3,97,908,974,974,97,908,32.57
2008,10,5,18,30,26.5,97,961,988,988,97,961,29.07
2008,10,5,19,30,27.200000000000003,95,933,980,980,95,933,26.91
2008,10,5,20,30,27.400000000000002,92,834,958,958,92,834,25.77
2008,10,5,21,30,27.200000000000003,83,666,915,915,83,666,25.490000000000002
2008,10,5,22,30,26.3,71,450,830,830,71,450,26.71
2008,10,5,23,30,24,52,206,640,640,52,206,32.84
2008,10,6,0,30,21.200000000000003,0,0,0,0,0,0,53.33
2008,10,6,1,30,19.1,0,0,0,0,0,0,61.99
2008,10,6,2,30,17.6,0,0,0,0,0,0,68.2
2008,10,6,3,30,16.5,0,0,0,0,0,0,72.35000000000001
2008,10,6,4,30,15.5,0,0,0,0,0,0,79.34
2008,10,6,5,30,14.700000000000001,0,0,0,0,0,0,86.72
2008,10,6,6,30,14,0,0,0,0,0,0,91.78
2008,10,6,7,30,13.4,0,0,0,0,0,0,95.38
2008,10,6,8,30,13,0,0,0,0,0,0,97.23
2008,10,6,9,30,12.700000000000001,0,0,0,0,0,0,97.65
2008,10,6,10,30,12.4,0,0,0,0,0,0,97.23
2008,10,6,11,30,12.100000000000001,0,0,0,0,0,0,96.28
2008,10,6,12,30,12.200000000000001,0,0,0,0,0,0,93.31
2008,10,6,13,30,13.700000000000001,45,121,476,476,45,121,84
2008,10,6,14,30,16.400000000000002,73,361,753,753,73,361,72.33
2008,10,6,15,30,19,86,590,873,873,86,590,60.42
2008,10,6,16,30,21.1,94,776,934,934,94,776,51.45
2008,10,6,17,30,22.900000000000002,98,898,963,963,98,898,45
2008,10,6,18,30,24.200000000000003,101,949,972,972,101,949,40.47
2008,10,6,19,30,24.8,103,920,959,959,103,920,38.01
2008,10,6,20,30,24.900000000000002,101,819,932,932,101,819,37.050000000000004
2008,10,6,21,30,24.5,91,653,886,886,91,653,37.58
2008,10,6,22,30,23.700000000000003,78,438,797,797,78,438,39.160000000000004
2008,10,6,23,30,21.6,55,199,607,607,55,199,46.7
2008,10,7,0,30,19,0,0,0,0,0,0,67.37
2008,10,7,1,30,17.5,0,0,0,0,0,0,71.96000000000001
2008,10,7,2,30,16.7,0,0,0,0,0,0,73.86
2008,10,7,3,30,16,0,0,0,0,0,0,75.71000000000001
2008,10,7,4,30,15.3,0,0,0,0,0,0,77.60000000000001
2008,10,7,5,30,14.600000000000001,0,0,0,0,0,0,79.88
2008,10,7,6,30,13.9,0,0,0,0,0,0,82.28
2008,10,7,7,30,13.4,0,0,0,0,0,0,83.8
2008,10,7,8,30,13,0,0,0,0,0,0,84.94
2008,10,7,9,30,12.8,0,0,0,0,0,0,85.68
2008,10,7,10,30,12.5,0,0,0,0,0,0,88.5
2008,10,7,11,30,12.3,0,0,0,0,0,0,91.98
2008,10,7,12,30,12.9,0,0,0,0,0,0,91.54
2008,10,7,13,30,14.700000000000001,54,110,354,7,62,63,85.27
2008,10,7,14,30,17,99,337,626,25,202,212,77.34
2008,10,7,15,30,19.3,119,560,767,767,119,560,66.42
2008,10,7,16,30,21.5,127,743,847,847,127,743,54.74
2008,10,7,17,30,23.1,132,866,886,886,132,866,48.68
2008,10,7,18,30,24,113,924,933,933,113,924,45.61
2008,10,7,19,30,24.200000000000003,114,896,923,923,114,896,44.29
2008,10,7,20,30,24,111,797,894,76,361,419,44.03
2008,10,7,21,30,23.400000000000002,103,632,839,175,297,407,45.35
2008,10,7,22,30,22.200000000000003,88,419,738,738,88,419,48.97
2008,10,7,23,30,20.5,63,185,523,92,116,138,56.7
2008,10,8,0,30,18.7,0,0,0,0,0,0,70.57000000000001
2008,10,8,1,30,17.7,0,0,0,0,0,0,76.17
2008,10,8,2,30,16.900000000000002,0,0,0,0,0,0,79.93
2008,10,8,3,30,16.1,0,0,0,0,0,0,84.46000000000001
2008,10,8,4,30,15.4,0,0,0,0,0,0,88.3
2008,10,8,5,30,14.8,0,0,0,0,0,0,91.47
2008,10,8,6,30,14.4,0,0,0,0,0,0,93.26
2008,10,8,7,30,14.200000000000001,0,0,0,0,0,0,93.64
2008,10,8,8,30,14.100000000000001,0,0,0,0,0,0,93.9
2008,10,8,9,30,14,0,0,0,0,0,0,94.14
2008,10,8,10,30,13.9,0,0,0,0,0,0,94.17
2008,10,8,11,30,13.8,0,0,0,0,0,0,94.04
2008,10,8,12,30,13.9,0,0,0,0,0,0,92.92
2008,10,8,13,30,14.700000000000001,42,114,456,32,77,82,88.56
2008,10,8,14,30,16.5,67,347,739,13,173,178,81.60000000000001
2008,10,8,15,30,18.900000000000002,77,571,862,43,277,301,70.28
2008,10,8,16,30,21,82,752,925,258,391,578,59.65
2008,10,8,17,30,22.5,85,873,955,2,335,337,53.59
2008,10,8,18,30,23.400000000000002,109,913,927,150,474,604,50.07
2008,10,8,19,30,23.5,114,885,913,913,114,885,48.910000000000004
2008,10,8,20,30,22.8,112,785,882,38,375,404,50.230000000000004
2008,10,8,21,30,22,104,621,825,3,254,257,52.44
2008,10,8,22,30,21.1,88,411,725,22,215,224,55.300000000000004
2008,10,8,23,30,19.700000000000003,62,179,512,512,62,179,61.43
2008,10,9,0,30,18,0,0,0,0,0,0,74.06
2008,10,9,1,30,17,0,0,0,0,0,0,79.07000000000001
2008,10,9,2,30,16.3,0,0,0,0,0,0,81.61
2008,10,9,3,30,15.700000000000001,0,0,0,0,0,0,83.89
2008,10,9,4,30,15,0,0,0,0,0,0,86.66
2008,10,9,5,30,14.3,0,0,0,0,0,0,90.04
2008,10,9,6,30,13.700000000000001,0,0,0,0,0,0,93.05
2008,10,9,7,30,13.5,0,0,0,0,0,0,93.39
2008,10,9,8,30,13.200000000000001,0,0,0,0,0,0,93.56
2008,10,9,9,30,12.9,0,0,0,0,0,0,93.36
2008,10,9,10,30,12.600000000000001,0,0,0,0,0,0,93.08
2008,10,9,11,30,12.4,0,0,0,0,0,0,92.33
2008,10,9,12,30,12.4,0,0,0,0,0,0,90.8
2008,10,9,13,30,13.600000000000001,42,111,448,448,42,111,83.05
2008,10,9,14,30,16.3,67,344,734,734,67,344,70.09
2008,10,9,15,30,19.6,78,567,858,858,78,567,58.120000000000005
2008,10,9,16,30,22.3,84,748,919,360,356,616,50.36
2008,10,9,17,30,23.6,89,867,947,947,89,867,47.75
2008,10,9,18,30,24,90,916,958,958,90,916,47.1
2008,10,9,19,30,23.8,91,888,948,948,91,888,47.57
2008,10,9,20,30,23.3,88,789,924,924,88,789,49.050000000000004
2008,10,9,21,30,22.700000000000003,85,624,866,866,85,624,51.67
2008,10,9,22,30,21.700000000000003,73,413,772,772,73,413,56.800000000000004
2008,10,9,23,30,20.3,52,180,565,310,95,165,67.8
2008,10,10,0,30,19,0,0,0,0,0,0,82.15
2008,10,10,1,30,18.2,0,0,0,0,0,0,87.26
2008,10,10,2,30,17.6,0,0,0,0,0,0,89.76
2008,10,10,3,30,17.2,0,0,0,0,0,0,91.12
2008,10,10,4,30,16.8,0,0,0,0,0,0,92.52
2008,10,10,5,30,16.400000000000002,0,0,0,0,0,0,93.76
2008,10,10,6,30,16.2,0,0,0,0,0,0,93.72
2008,10,10,7,30,15.9,0,0,0,0,0,0,94.07000000000001
2008,10,10,8,30,15.5,0,0,0,0,0,0,94.52
2008,10,10,9,30,15.100000000000001,0,0,0,0,0,0,94.8
2008,10,10,10,30,14.700000000000001,0,0,0,0,0,0,94.81
2008,10,10,11,30,14.4,0,0,0,0,0,0,94.32000000000001
2008,10,10,12,30,14.3,0,0,0,0,0,0,92.65
2008,10,10,13,30,15.100000000000001,38,113,495,495,38,113,87.22
2008,10,10,14,30,17,61,344,755,755,61,344,77.23
2008,10,10,15,30,19.400000000000002,74,565,865,865,74,565,63.370000000000005
2008,10,10,16,30,21.8,81,744,921,921,81,744,52.22
2008,10,10,17,30,23.700000000000003,85,863,950,950,85,863,46.39
2008,10,10,18,30,24.900000000000002,95,909,947,947,95,909,43.33
2008,10,10,19,30,25.3,93,883,943,943,93,883,42.29
2008,10,10,20,30,25,90,783,916,916,90,783,43.050000000000004
2008,10,10,21,30,24.200000000000003,87,619,860,860,87,619,45.39
2008,10,10,22,30,23.200000000000003,75,408,763,468,160,364,48.81
2008,10,10,23,30,21.700000000000003,53,176,556,324,94,166,56.870000000000005
2008,10,11,0,30,20.3,0,0,0,0,0,0,71.36
2008,10,11,1,30,19.1,0,0,0,0,0,0,74.47
2008,10,11,2,30,17.900000000000002,0,0,0,0,0,0,79.75
2008,10,11,3,30,16.6,0,0,0,0,0,0,83.08
2008,10,11,4,30,15.600000000000001,0,0,0,0,0,0,85.23
2008,10,11,5,30,14.8,0,0,0,0,0,0,87.58
2008,10,11,6,30,14.200000000000001,0,0,0,0,0,0,90.38
2008,10,11,7,30,13.8,0,0,0,0,0,0,93.22
2008,10,11,8,30,13.700000000000001,0,0,0,0,0,0,93.8
2008,10,11,9,30,13.5,0,0,0,0,0,0,94.24
2008,10,11,10,30,13.4,0,0,0,0,0,0,93.81
2008,10,11,11,30,13.200000000000001,0,0,0,0,0,0,94.19
2008,10,11,12,30,13.4,0,0,0,0,0,0,92.47
2008,10,11,13,30,14.8,40,111,467,467,40,111,84.93
2008,10,11,14,30,17.6,68,341,732,732,68,341,72.51
2008,10,11,15,30,20.8,84,561,845,845,84,561,59.99
2008,10,11,16,30,23.5,93,739,901,571,291,701,49.93
2008,10,11,17,30,25.3,99,858,930,930,99,858,44.230000000000004
2008,10,11,18,30,26.400000000000002,102,904,937,937,102,904,41.33
2008,10,11,19,30,26.6,105,876,925,925,105,876,41.25
2008,10,11,20,30,26,104,774,891,891,104,774,43.14
2008,10,11,21,30,25.1,94,611,840,840,94,611,46.1
2008,10,11,22,30,24.1,80,401,744,276,193,313,49.96
2008,10,11,23,30,22.3,55,170,531,531,55,170,58.56
2008,10,12,0,30,20.5,0,0,0,0,0,0,74.29
2008,10,12,1,30,19.5,0,0,0,0,0,0,79.88
2008,10,12,2,30,18.8,0,0,0,0,0,0,83.31
2008,10,12,3,30,18.2,0,0,0,0,0,0,86.01
2008,10,12,4,30,17.6,0,0,0,0,0,0,88.54
2008,10,12,5,30,17.2,0,0,0,0,0,0,89.60000000000001
2008,10,12,6,30,16.8,0,0,0,0,0,0,91.29
2008,10,12,7,30,16.5,0,0,0,0,0,0,92.27
2008,10,12,8,30,16.1,0,0,0,0,0,0,93.8
2008,10,12,9,30,15.8,0,0,0,0,0,0,94.69
2008,10,12,10,30,15.600000000000001,0,0,0,0,0,0,95.15
2008,10,12,11,30,15.3,0,0,0,0,0,0,96.24000000000001
2008,10,12,12,30,15.5,0,0,0,0,0,0,94
2008,10,12,13,30,16.6,40,106,446,1,49,50,88.31
2008,10,12,14,30,18.5,65,335,728,162,196,257,79.92
2008,10,12,15,30,20.6,78,555,845,845,78,555,70
2008,10,12,16,30,22.3,87,731,901,901,87,731,61.690000000000005
2008,10,12,17,30,23,94,848,927,927,94,848,57.730000000000004
2008,10,12,18,30,23.1,124,883,891,338,446,734,56.46
2008,10,12,19,30,23,125,856,880,357,427,723,56.2
2008,10,12,20,30,22.700000000000003,120,757,852,359,324,593,56.64
2008,10,12,21,30,22.400000000000002,121,590,767,767,121,590,57.31
2008,10,12,22,30,22,99,384,665,222,208,303,58.34
2008,10,12,23,30,21,65,159,441,84,80,98,63.620000000000005
2008,10,13,0,30,19.900000000000002,0,0,0,0,0,0,74.60000000000001
2008,10,13,1,30,19,0,0,0,0,0,0,78.44
2008,10,13,2,30,18.2,0,0,0,0,0,0,81.5
2008,10,13,3,30,17.5,0,0,0,0,0,0,83.21000000000001
2008,10,13,4,30,16.900000000000002,0,0,0,0,0,0,84.75
2008,10,13,5,30,16.400000000000002,0,0,0,0,0,0,85.97
2008,10,13,6,30,15.9,0,0,0,0,0,0,86.94
2008,10,13,7,30,15.3,0,0,0,0,0,0,88.78
2008,10,13,8,30,14.9,0,0,0,0,0,0,90.33
2008,10,13,9,30,14.5,0,0,0,0,0,0,92.84
2008,10,13,10,30,14.3,0,0,0,0,0,0,94.67
2008,10,13,11,30,14.200000000000001,0,0,0,0,0,0,96.26
2008,10,13,12,30,14.5,0,0,0,0,0,0,94.75
2008,10,13,13,30,15.9,42,104,421,421,42,104,87.62
2008,10,13,14,30,18.5,69,334,721,721,69,334,77.65
2008,10,13,15,30,21.5,80,557,852,40,273,296,64.96000000000001
2008,10,13,16,30,23.900000000000002,84,738,918,277,380,577,54.27
2008,10,13,17,30,25.400000000000002,87,857,951,951,87,857,48.160000000000004
2008,10,13,18,30,26.3,104,899,936,936,104,899,44.910000000000004
2008,10,13,19,30,26.6,103,872,931,931,103,872,43.57
2008,10,13,20,30,26.3,98,771,905,905,98,771,43.660000000000004
2008,10,13,21,30,25.5,90,608,853,853,90,608,45.17
2008,10,13,22,30,24.200000000000003,76,396,753,753,76,396,48.96
2008,10,13,23,30,22.200000000000003,52,164,531,531,52,164,57.93
2008,10,14,0,30,20.3,0,0,0,0,0,0,70.69
2008,10,14,1,30,19.1,0,0,0,0,0,0,75.7
2008,10,14,2,30,18.2,0,0,0,0,0,0,78.96000000000001
2008,10,14,3,30,17.1,0,0,0,0,0,0,83.05
2008,10,14,4,30,16.2,0,0,0,0,0,0,86.59
2008,10,14,5,30,15.600000000000001,0,0,0,0,0,0,89.83
2008,10,14,6,30,15.3,0,0,0,0,0,0,91.92
2008,10,14,7,30,15.100000000000001,0,0,0,0,0,0,92.17
2008,10,14,8,30,14.700000000000001,0,0,0,0,0,0,93.01
2008,10,14,9,30,14.3,0,0,0,0,0,0,93.21000000000001
2008,10,14,10,30,13.8,0,0,0,0,0,0,93.63
2008,10,14,11,30,13.3,0,0,0,0,0,0,93.75
2008,10,14,12,30,13.100000000000001,0,0,0,0,0,0,92.09
2008,10,14,13,30,13.8,34,113,544,29,68,72,86.22
2008,10,14,14,30,15.700000000000001,56,351,807,162,171,230,75.23
2008,10,14,15,30,18.2,66,576,914,607,160,499,62.440000000000005
2008,10,14,16,30,20.700000000000003,71,760,973,487,256,601,51.84
2008,10,14,17,30,22.8,73,880,1001,649,239,762,44.57
2008,10,14,18,30,24.200000000000003,72,929,1013,617,227,748,40
2008,10,14,19,30,24.900000000000002,71,901,1009,697,210,784,37.39
2008,10,14,20,30,25.1,68,800,989,592,217,656,36.07
2008,10,14,21,30,24.700000000000003,64,632,941,941,64,632,35.86
2008,10,14,22,30,23.6,55,416,857,857,55,416,37.13
2008,10,14,23,30,21.1,39,177,667,667,39,177,43.44
2008,10,15,0,30,18.2,0,0,0,0,0,0,60.870000000000005
2008,10,15,1,30,16.900000000000002,0,0,0,0,0,0,64.97
2008,10,15,2,30,15.9,0,0,0,0,0,0,68.1
2008,10,15,3,30,14.8,0,0,0,0,0,0,73.93
2008,10,15,4,30,13.8,0,0,0,0,0,0,79.85000000000001
2008,10,15,5,30,13,0,0,0,0,0,0,84.71000000000001
2008,10,15,6,30,12.3,0,0,0,0,0,0,88.97
2008,10,15,7,30,11.9,0,0,0,0,0,0,91.66
2008,10,15,8,30,11.600000000000001,0,0,0,0,0,0,93.36
2008,10,15,9,30,11.3,0,0,0,0,0,0,94.26
2008,10,15,10,30,11,0,0,0,0,0,0,94.60000000000001
2008,10,15,11,30,10.600000000000001,0,0,0,0,0,0,95.09
2008,10,15,12,30,10.700000000000001,0,0,0,0,0,0,92.28
2008,10,15,13,30,12.200000000000001,33,112,546,2,63,63,81.91
2008,10,15,14,30,16.3,53,348,811,1,123,124,63.1
2008,10,15,15,30,20.5,63,573,917,437,251,494,43.1
2008,10,15,16,30,22.700000000000003,70,751,965,965,70,751,35.37
2008,10,15,17,30,23.8,74,870,990,990,74,870,32.82
2008,10,15,18,30,24.5,81,914,989,989,81,914,31.43
2008,10,15,19,30,24.700000000000003,82,883,978,23,401,420,31.19
2008,10,15,20,30,24.5,80,782,953,5,319,323,31.92
2008,10,15,21,30,23.700000000000003,73,616,905,56,305,338,33.980000000000004
2008,10,15,22,30,22.400000000000002,62,402,814,15,188,194,37.53
2008,10,15,23,30,20.3,44,166,604,0,37,37,45.1
2008,10,16,0,30,18.1,0,0,0,0,0,0,60.96
2008,10,16,1,30,16.900000000000002,0,0,0,0,0,0,67.56
2008,10,16,2,30,16,0,0,0,0,0,0,71.84
2008,10,16,3,30,15.3,0,0,0,0,0,0,77.08
2008,10,16,4,30,14.5,0,0,0,0,0,0,84.01
2008,10,16,5,30,13.9,0,0,0,0,0,0,89.51
2008,10,16,6,30,13.4,0,0,0,0,0,0,93.11
2008,10,16,7,30,13.200000000000001,0,0,0,0,0,0,94.54
2008,10,16,8,30,13,0,0,0,0,0,0,95.53
2008,10,16,9,30,12.700000000000001,0,0,0,0,0,0,96.76
2008,10,16,10,30,12.4,0,0,0,0,0,0,97.2
2008,10,16,11,30,12.200000000000001,0,0,0,0,0,0,97.08
2008,10,16,12,30,12.4,0,0,0,0,0,0,94.74
2008,10,16,13,30,13.5,35,107,505,505,35,107,88.74
2008,10,16,14,30,15.600000000000001,57,339,781,17,176,182,79.97
2008,10,16,15,30,18,68,560,890,80,306,351,66.34
2008,10,16,16,30,20.200000000000003,75,738,944,0,185,186,53.76
2008,10,16,17,30,21.700000000000003,78,858,975,1,301,302,48.5
2008,10,16,18,30,22.8,80,903,981,1,274,274,45.480000000000004
2008,10,16,19,30,23.400000000000002,80,875,974,223,457,640,43.83
2008,10,16,20,30,23.5,77,775,952,2,294,296,43.34
2008,10,16,21,30,23.1,84,603,871,0,104,104,44.11
2008,10,16,22,30,22,73,388,761,1,135,135,47.1
2008,10,16,23,30,20.1,51,156,523,0,42,42,54.49
2008,10,17,0,30,18.2,0,0,0,0,0,0,67.58
2008,10,17,1,30,17.2,0,0,0,0,0,0,74.04
2008,10,17,2,30,16.5,0,0,0,0,0,0,78.14
2008,10,17,3,30,15.9,0,0,0,0,0,0,81.78
2008,10,17,4,30,15.100000000000001,0,0,0,0,0,0,86.35000000000001
2008,10,17,5,30,14.3,0,0,0,0,0,0,90.59
2008,10,17,6,30,13.700000000000001,0,0,0,0,0,0,94.01
2008,10,17,7,30,13.3,0,0,0,0,0,0,95.9
2008,10,17,8,30,13,0,0,0,0,0,0,96.64
2008,10,17,9,30,12.8,0,0,0,0,0,0,95.87
2008,10,17,10,30,12.600000000000001,0,0,0,0,0,0,95.31
2008,10,17,11,30,12.4,0,0,0,0,0,0,95.41
2008,10,17,12,30,12.5,0,0,0,0,0,0,94.06
2008,10,17,13,30,13.600000000000001,34,105,509,509,34,105,87.21000000000001
2008,10,17,14,30,16,56,337,784,7,164,167,73.66
2008,10,17,15,30,18.8,66,561,898,1,188,189,60.550000000000004
2008,10,17,16,30,21.1,73,739,952,10,317,324,51.69
2008,10,17,17,30,22.8,77,857,979,0,114,114,46.33
2008,10,17,18,30,23.8,85,902,978,1,276,276,43.5
2008,10,17,19,30,24.3,85,874,970,2,336,338,42.02
2008,10,17,20,30,24.3,83,770,941,1,263,263,41.77
2008,10,17,21,30,23.900000000000002,74,606,899,899,74,606,42.43
2008,10,17,22,30,22.8,63,393,807,41,220,237,45
2008,10,17,23,30,20.8,42,159,597,597,42,159,51.77
2008,10,18,0,30,18.900000000000002,0,0,0,0,0,0,63.88
2008,10,18,1,30,17.900000000000002,0,0,0,0,0,0,68.56
2008,10,18,2,30,17.2,0,0,0,0,0,0,71.36
2008,10,18,3,30,16.3,0,0,0,0,0,0,75.89
2008,10,18,4,30,15.3,0,0,0,0,0,0,81.05
2008,10,18,5,30,14.4,0,0,0,0,0,0,85.78
2008,10,18,6,30,13.5,0,0,0,0,0,0,90.78
2008,10,18,7,30,13,0,0,0,0,0,0,94.4
2008,10,18,8,30,12.8,0,0,0,0,0,0,96.23
2008,10,18,9,30,12.700000000000001,0,0,0,0,0,0,96.99000000000001
2008,10,18,10,30,12.600000000000001,0,0,0,0,0,0,97.43
2008,10,18,11,30,12.3,0,0,0,0,0,0,98.88
2008,10,18,12,30,12.600000000000001,0,0,0,0,0,0,96.24000000000001
2008,10,18,13,30,14,36,102,482,482,36,102,87.54
2008,10,18,14,30,16.2,58,335,776,55,198,218,77.53
2008,10,18,15,30,18.400000000000002,68,557,891,45,278,302,67.23
2008,10,18,16,30,20.400000000000002,72,736,952,131,393,484,57.19
2008,10,18,17,30,21.8,77,854,978,287,431,659,50.63
2008,10,18,18,30,22.8,81,900,984,119,427,526,46.58
2008,10,18,19,30,23.400000000000002,81,873,979,0,227,227,44.25
2008,10,18,20,30,23.400000000000002,79,772,955,955,79,772,43.6
2008,10,18,21,30,23.1,76,604,898,0,160,160,43.43
2008,10,18,22,30,22.3,65,391,803,61,228,253,44.410000000000004
2008,10,18,23,30,20.1,44,157,587,71,103,117,50.94
2008,10,19,0,30,17.8,0,0,0,0,0,0,66.93
2008,10,19,1,30,16.7,0,0,0,0,0,0,71.29
2008,10,19,2,30,15.9,0,0,0,0,0,0,73.92
2008,10,19,3,30,15,0,0,0,0,0,0,77.63
2008,10,19,4,30,13.9,0,0,0,0,0,0,82.85000000000001
2008,10,19,5,30,12.9,0,0,0,0,0,0,87.85000000000001
2008,10,19,6,30,11.9,0,0,0,0,0,0,93.04
2008,10,19,7,30,11.3,0,0,0,0,0,0,96.25
2008,10,19,8,30,11.100000000000001,0,0,0,0,0,0,96.44
2008,10,19,9,30,10.9,0,0,0,0,0,0,95.64
2008,10,19,10,30,10.600000000000001,0,0,0,0,0,0,94.97
2008,10,19,11,30,10.3,0,0,0,0,0,0,94.55
2008,10,19,12,30,10.200000000000001,0,0,0,0,0,0,93.24
2008,10,19,13,30,11.100000000000001,33,109,564,564,33,109,86.69
2008,10,19,14,30,13.5,53,350,838,838,53,350,75.95
2008,10,19,15,30,17.1,62,581,953,953,62,581,60.75
2008,10,19,16,30,20.400000000000002,65,765,1008,1008,65,765,41.15
2008,10,19,17,30,22.5,68,890,1039,1039,68,890,31.62
2008,10,19,18,30,23.900000000000002,73,937,1043,1043,73,937,27.41
2008,10,19,19,30,24.700000000000003,72,907,1037,1037,72,907,24.94
2008,10,19,20,30,25,69,799,1011,1011,69,799,23.46
2008,10,19,21,30,24.5,63,630,968,968,63,630,23.18
2008,10,19,22,30,23.3,55,409,880,880,55,409,24.3
2008,10,19,23,30,19.8,38,167,681,681,38,167,32.64
2008,10,20,0,30,16,0,0,0,0,0,0,55.15
2008,10,20,1,30,14.200000000000001,0,0,0,0,0,0,58.06
2008,10,20,2,30,13,0,0,0,0,0,0,60.08
2008,10,20,3,30,11.8,0,0,0,0,0,0,63.28
2008,10,20,4,30,10.700000000000001,0,0,0,0,0,0,67.19
2008,10,20,5,30,9.700000000000001,0,0,0,0,0,0,71.73
2008,10,20,6,30,8.8,0,0,0,0,0,0,76.33
2008,10,20,7,30,8,0,0,0,0,0,0,80.15
2008,10,20,8,30,7.2,0,0,0,0,0,0,82.78
2008,10,20,9,30,6.5,0,0,0,0,0,0,82.43
2008,10,20,10,30,6,0,0,0,0,0,0,78.22
2008,10,20,11,30,5.5,0,0,0,0,0,0,72.58
2008,10,20,12,30,5.6000000000000005,0,0,0,0,0,0,64.5
2008,10,20,13,30,8.700000000000001,29,118,663,663,29,118,51.910000000000004
2008,10,20,14,30,13.4,46,369,917,917,46,369,33.34
2008,10,20,15,30,18.1,55,604,1012,1012,55,604,22.59
2008,10,20,16,30,21.8,59,792,1060,1060,59,792,12.99
2008,10,20,17,30,23.6,63,915,1082,1082,63,915,11.8
2008,10,20,18,30,24.700000000000003,67,956,1077,1077,67,956,11.83
2008,10,20,19,30,25.3,67,926,1072,1072,67,926,12.06
2008,10,20,20,30,25.5,65,813,1041,1041,65,813,12.38
2008,10,20,21,30,25,61,641,997,997,61,641,13.09
2008,10,20,22,30,23.6,53,414,904,904,53,414,14.780000000000001
2008,10,20,23,30,19.900000000000002,37,167,700,700,37,167,28.14
2008,10,21,0,30,16.2,0,0,0,0,0,0,48.54
2008,10,21,1,30,14.3,0,0,0,0,0,0,48.17
2008,10,21,2,30,12.9,0,0,0,0,0,0,51.1
2008,10,21,3,30,11.5,0,0,0,0,0,0,54.97
2008,10,21,4,30,10.3,0,0,0,0,0,0,59.1
2008,10,21,5,30,9.3,0,0,0,0,0,0,63.6
2008,10,21,6,30,8.6,0,0,0,0,0,0,67.57000000000001
2008,10,21,7,30,8.1,0,0,0,0,0,0,70.69
2008,10,21,8,30,7.6000000000000005,0,0,0,0,0,0,73.95
2008,10,21,9,30,7.300000000000001,0,0,0,0,0,0,75.94
2008,10,21,10,30,7.1000000000000005,0,0,0,0,0,0,76.72
2008,10,21,11,30,7,0,0,0,0,0,0,76.14
2008,10,21,12,30,7.5,0,0,0,0,0,0,71.85000000000001
2008,10,21,13,30,10.200000000000001,32,107,571,571,32,107,61.230000000000004
2008,10,21,14,30,14.4,52,349,848,848,52,349,45.7
2008,10,21,15,30,19.1,63,578,954,954,63,578,33.42
2008,10,21,16,30,23,69,761,1007,1007,69,761,19.55
2008,10,21,17,30,24.700000000000003,72,882,1033,1033,72,882,16.56
2008,10,21,18,30,25.6,76,925,1032,1032,76,925,16.42
2008,10,21,19,30,26,75,891,1023,1023,75,891,16.59
2008,10,21,20,30,25.900000000000002,73,787,1000,1000,73,787,17.05
2008,10,21,21,30,25.5,69,614,944,944,69,614,17.75
2008,10,21,22,30,24.1,59,394,847,847,59,394,19.72
2008,10,21,23,30,20.900000000000002,40,154,622,622,40,154,33.13
2008,10,22,0,30,17.7,0,0,0,0,0,0,51.36
2008,10,22,1,30,16.2,0,0,0,0,0,0,51.57
2008,10,22,2,30,15.100000000000001,0,0,0,0,0,0,54.84
2008,10,22,3,30,14,0,0,0,0,0,0,59.14
2008,10,22,4,30,13.100000000000001,0,0,0,0,0,0,62.86
2008,10,22,5,30,12.3,0,0,0,0,0,0,66.94
2008,10,22,6,30,11.700000000000001,0,0,0,0,0,0,70.85000000000001
2008,10,22,7,30,11.4,0,0,0,0,0,0,74.62
2008,10,22,8,30,11.200000000000001,0,0,0,0,0,0,78.56
2008,10,22,9,30,11.200000000000001,0,0,0,0,0,0,81.7
2008,10,22,10,30,11.100000000000001,0,0,0,0,0,0,84.89
2008,10,22,11,30,11,0,0,0,0,0,0,86.92
2008,10,22,12,30,11.200000000000001,0,0,0,0,0,0,86.09
2008,10,22,13,30,12.9,34,97,487,487,34,97,78.21000000000001
2008,10,22,14,30,16.1,58,327,775,775,58,327,64.86
2008,10,22,15,30,19.5,70,549,891,891,70,549,51.32
2008,10,22,16,30,22,78,727,947,947,78,727,39.74
2008,10,22,17,30,23.400000000000002,84,846,976,976,84,846,33.96
2008,10,22,18,30,24.200000000000003,86,892,985,985,86,892,31.3
2008,10,22,19,30,24.5,87,862,977,977,87,862,30.12
2008,10,22,20,30,24.400000000000002,84,760,951,951,84,760,29.740000000000002
2008,10,22,21,30,23.900000000000002,75,594,903,903,75,594,30.25
2008,10,22,22,30,22.6,65,378,799,799,65,378,32.57
2008,10,22,23,30,20,44,144,557,557,44,144,41.68
2008,10,23,0,30,17.2,0,0,0,0,0,0,59.230000000000004
2008,10,23,1,30,15.700000000000001,0,0,0,0,0,0,61.44
2008,10,23,2,30,14.700000000000001,0,0,0,0,0,0,62.63
2008,10,23,3,30,13.700000000000001,0,0,0,0,0,0,65.16
2008,10,23,4,30,12.9,0,0,0,0,0,0,67.97
2008,10,23,5,30,12.200000000000001,0,0,0,0,0,0,70.85000000000001
2008,10,23,6,30,11.5,0,0,0,0,0,0,74.58
2008,10,23,7,30,10.8,0,0,0,0,0,0,78.62
2008,10,23,8,30,10.200000000000001,0,0,0,0,0,0,82.47
2008,10,23,9,30,9.8,0,0,0,0,0,0,85.36
2008,10,23,10,30,9.200000000000001,0,0,0,0,0,0,89.45
2008,10,23,11,30,8.8,0,0,0,0,0,0,92.67
2008,10,23,12,30,8.8,0,0,0,0,0,0,92.67
2008,10,23,13,30,10.100000000000001,40,90,393,393,40,90,84.55
2008,10,23,14,30,13,73,319,714,714,73,319,71.96000000000001
2008,10,23,15,30,16.3,86,542,853,853,86,542,59.550000000000004
2008,10,23,16,30,19.400000000000002,90,724,930,107,390,463,48.06
2008,10,23,17,30,21.700000000000003,91,843,966,966,91,843,39.67
2008,10,23,18,30,23.200000000000003,91,890,980,980,91,890,34.28
2008,10,23,19,30,24,91,859,972,972,91,859,31.07
2008,10,23,20,30,24.400000000000002,86,757,948,948,86,757,29.060000000000002
2008,10,23,21,30,24.200000000000003,79,590,896,896,79,590,28.39
2008,10,23,22,30,23.3,69,373,782,299,179,295,29.52
2008,10,23,23,30,21.200000000000003,46,139,526,0,5,5,37.92
2008,10,24,0,30,18.900000000000002,0,0,0,0,0,0,57.61
2008,10,24,1,30,17.5,0,0,0,0,0,0,60.61
2008,10,24,2,30,16.5,0,0,0,0,0,0,64.42
2008,10,24,3,30,15.4,0,0,0,0,0,0,68.84
2008,10,24,4,30,14.4,0,0,0,0,0,0,73.36
2008,10,24,5,30,13.5,0,0,0,0,0,0,77.52
2008,10,24,6,30,12.8,0,0,0,0,0,0,80.43
2008,10,24,7,30,12.200000000000001,0,0,0,0,0,0,82.79
2008,10,24,8,30,11.700000000000001,0,0,0,0,0,0,84.43
2008,10,24,9,30,11.3,0,0,0,0,0,0,85.49
2008,10,24,10,30,10.9,0,0,0,0,0,0,86.47
2008,10,24,11,30,10.700000000000001,0,0,0,0,0,0,86.47
2008,10,24,12,30,10.8,0,0,0,0,0,0,85.18
2008,10,24,13,30,12.200000000000001,38,89,410,5,48,49,79
2008,10,24,14,30,14.600000000000001,69,316,719,251,180,266,69.33
2008,10,24,15,30,17.6,86,536,847,385,216,421,57.92
2008,10,24,16,30,20.1,95,712,909,507,244,589,44.84
2008,10,24,17,30,21.3,100,829,941,514,281,679,40.79
2008,10,24,18,30,21.900000000000002,117,868,926,596,242,725,39.18
2008,10,24,19,30,22,120,835,908,414,349,674,38.82
2008,10,24,20,30,21.8,121,729,864,225,361,519,39.17
2008,10,24,21,30,21.3,116,559,783,179,282,383,40.33
2008,10,24,22,30,20.5,99,348,646,43,187,204,42.68
2008,10,24,23,30,19.400000000000002,60,123,366,64,70,81,50.4
2008,10,25,0,30,18.2,0,0,0,0,0,0,59.03
2008,10,25,1,30,16.900000000000002,0,0,0,0,0,0,66
2008,10,25,2,30,15.9,0,0,0,0,0,0,72.02
2008,10,25,3,30,15.100000000000001,0,0,0,0,0,0,74.92
2008,10,25,4,30,14.4,0,0,0,0,0,0,77.95
2008,10,25,5,30,14,0,0,0,0,0,0,80.45
2008,10,25,6,30,13.600000000000001,0,0,0,0,0,0,83.39
2008,10,25,7,30,13.3,0,0,0,0,0,0,85.63
2008,10,25,8,30,12.9,0,0,0,0,0,0,87.8
2008,10,25,9,30,12.600000000000001,0,0,0,0,0,0,89.04
2008,10,25,10,30,12.5,0,0,0,0,0,0,89.33
2008,10,25,11,30,12.5,0,0,0,0,0,0,89.26
2008,10,25,12,30,12.600000000000001,0,0,0,0,0,0,88.29
2008,10,25,13,30,13.8,43,82,311,0,23,23,81.93
2008,10,25,14,30,16.7,79,304,663,0,25,25,67.83
2008,10,25,15,30,19.700000000000003,91,525,820,0,149,149,51.36
2008,10,25,16,30,21.6,99,705,896,0,219,219,41.09
2008,10,25,17,30,22.700000000000003,104,821,931,147,445,559,36.75
2008,10,25,18,30,23.3,100,869,952,591,335,812,34.230000000000004
2008,10,25,19,30,23.400000000000002,99,839,944,944,99,839,33.14
2008,10,25,20,30,23,96,737,915,145,408,509,33.32
2008,10,25,21,30,22.400000000000002,94,568,842,0,124,124,34.25
2008,10,25,22,30,21.200000000000003,80,355,721,0,106,106,36.86
2008,10,25,23,30,19.200000000000003,50,129,461,0,28,28,51.01
2008,10,26,0,30,17.3,0,0,0,0,0,0,64.2
2008,10,26,1,30,16.2,0,0,0,0,0,0,65.45
2008,10,26,2,30,15.200000000000001,0,0,0,0,0,0,67.55
2008,10,26,3,30,14.100000000000001,0,0,0,0,0,0,71.06
2008,10,26,4,30,13.200000000000001,0,0,0,0,0,0,74.60000000000001
2008,10,26,5,30,12.3,0,0,0,0,0,0,78.97
2008,10,26,6,30,11.5,0,0,0,0,0,0,83.05
2008,10,26,7,30,10.9,0,0,0,0,0,0,86.77
2008,10,26,8,30,10.600000000000001,0,0,0,0,0,0,88.8
2008,10,26,9,30,10.5,0,0,0,0,0,0,89.13
2008,10,26,10,30,10.600000000000001,0,0,0,0,0,0,88.04
2008,10,26,11,30,10.8,0,0,0,0,0,0,86.2
2008,10,26,12,30,11.200000000000001,0,0,0,0,0,0,83.16
2008,10,26,13,30,12.700000000000001,36,85,407,0,20,20,76.84
2008,10,26,14,30,15.600000000000001,66,309,721,721,66,309,63.85
2008,10,26,15,30,18.7,80,528,852,852,80,528,48.910000000000004
2008,10,26,16,30,21,86,707,922,922,86,707,41.22
2008,10,26,17,30,22.6,90,823,956,696,273,807,37.14
2008,10,26,18,30,23.5,92,870,967,631,316,823,34.99
2008,10,26,19,30,23.5,93,840,957,632,307,800,34.71
2008,10,26,20,30,23,90,737,928,649,204,656,35.39
2008,10,26,21,30,22.400000000000002,73,574,894,467,211,472,36.58
2008,10,26,22,30,21.5,62,362,791,79,216,245,39.26
2008,10,26,23,30,19.5,40,131,544,544,40,131,52.21
2008,10,27,0,30,17.400000000000002,0,0,0,0,0,0,67.34
2008,10,27,1,30,16.400000000000002,0,0,0,0,0,0,68.46000000000001
2008,10,27,2,30,15.700000000000001,0,0,0,0,0,0,70.27
2008,10,27,3,30,15.100000000000001,0,0,0,0,0,0,71.95
2008,10,27,4,30,14.5,0,0,0,0,0,0,73.75
2008,10,27,5,30,14,0,0,0,0,0,0,75.52
2008,10,27,6,30,13.600000000000001,0,0,0,0,0,0,77.34
2008,10,27,7,30,13.100000000000001,0,0,0,0,0,0,79.87
2008,10,27,8,30,12.8,0,0,0,0,0,0,81.38
2008,10,27,9,30,12.4,0,0,0,0,0,0,83.85000000000001
2008,10,27,10,30,12.200000000000001,0,0,0,0,0,0,85.04
2008,10,27,11,30,12.100000000000001,0,0,0,0,0,0,86.13
2008,10,27,12,30,12.100000000000001,0,0,0,0,0,0,86.99
2008,10,27,13,30,12.9,44,77,277,277,44,77,83.53
2008,10,27,14,30,14.5,86,294,623,40,189,202,77.57000000000001
2008,10,27,15,30,16.5,104,513,782,782,104,513,68.9
2008,10,27,16,30,18.3,104,695,882,882,104,695,57.74
2008,10,27,17,30,19.6,101,815,935,935,101,815,48.86
2008,10,27,18,30,20.400000000000002,94,863,961,961,94,863,44.57
2008,10,27,19,30,20.5,89,835,960,8,356,362,43.85
2008,10,27,20,30,19.900000000000002,83,734,939,294,375,578,45.43
2008,10,27,21,30,19.1,71,569,897,46,284,309,47.61
2008,10,27,22,30,17.900000000000002,60,358,793,793,60,358,51.27
2008,10,27,23,30,16.3,39,128,545,545,39,128,57.31
2008,10,28,0,30,14.8,0,0,0,0,0,0,64.42
2008,10,28,1,30,13.5,0,0,0,0,0,0,71.39
2008,10,28,2,30,12.5,0,0,0,0,0,0,77.66
2008,10,28,3,30,11.9,0,0,0,0,0,0,82.04
2008,10,28,4,30,11.4,0,0,0,0,0,0,84.48
2008,10,28,5,30,10.9,0,0,0,0,0,0,85.53
2008,10,28,6,30,10.4,0,0,0,0,0,0,86.01
2008,10,28,7,30,10,0,0,0,0,0,0,86.27
2008,10,28,8,30,9.700000000000001,0,0,0,0,0,0,86.25
2008,10,28,9,30,9.4,0,0,0,0,0,0,86.07000000000001
2008,10,28,10,30,9.3,0,0,0,0,0,0,85.68
2008,10,28,11,30,9.1,0,0,0,0,0,0,86.03
2008,10,28,12,30,9.1,0,0,0,0,0,0,85.5
2008,10,28,13,30,9.600000000000001,34,86,451,18,56,58,82.66
2008,10,28,14,30,11,61,315,767,148,187,236,75.79
2008,10,28,15,30,12.8,74,535,887,0,143,144,67.67
2008,10,28,16,30,14.8,83,711,943,0,189,189,59.57
2008,10,28,17,30,16.5,89,825,967,0,125,125,53.39
2008,10,28,18,30,17.6,95,866,968,0,139,139,50.04
2008,10,28,19,30,18,95,833,956,0,229,230,48.94
2008,10,28,20,30,17.7,92,730,926,0,221,221,49.54
2008,10,28,21,30,16.8,93,560,845,1,186,186,51.84
2008,10,28,22,30,15.600000000000001,76,349,732,21,194,202,54.92
2008,10,28,23,30,13.9,46,122,475,475,46,122,59.82
2008,10,29,0,30,12.200000000000001,0,0,0,0,0,0,65.66
2008,10,29,1,30,10.8,0,0,0,0,0,0,70.15
2008,10,29,2,30,9.8,0,0,0,0,0,0,72.24
2008,10,29,3,30,8.9,0,0,0,0,0,0,74.28
2008,10,29,4,30,8.1,0,0,0,0,0,0,76.60000000000001
2008,10,29,5,30,7.300000000000001,0,0,0,0,0,0,79.59
2008,10,29,6,30,6.7,0,0,0,0,0,0,81.31
2008,10,29,7,30,6.300000000000001,0,0,0,0,0,0,82.18
2008,10,29,8,30,6.1000000000000005,0,0,0,0,0,0,82.55
2008,10,29,9,30,5.9,0,0,0,0,0,0,83.85000000000001
2008,10,29,10,30,5.7,0,0,0,0,0,0,85.45
2008,10,29,11,30,5.6000000000000005,0,0,0,0,0,0,86.33
2008,10,29,12,30,5.7,0,0,0,0,0,0,85.77
2008,10,29,13,30,7,30,86,490,4,39,39,78.73
2008,10,29,14,30,9.600000000000001,53,317,799,52,149,166,65.68
2008,10,29,15,30,12.9,64,539,918,137,304,375,53.04
2008,10,29,16,30,16.8,70,717,976,651,200,632,42.1
2008,10,29,17,30,20.200000000000003,74,836,1007,1007,74,836,33.44
2008,10,29,18,30,22.1,75,881,1016,1016,75,881,30.38
2008,10,29,19,30,22.900000000000002,74,851,1011,1011,74,851,29.35
2008,10,29,20,30,23,71,746,984,984,71,746,29.07
2008,10,29,21,30,22.5,66,578,932,932,66,578,29.67
2008,10,29,22,30,20.900000000000002,56,363,832,832,56,363,32.86
2008,10,29,23,30,18,36,129,589,589,36,129,48.74
2008,10,30,0,30,15.3,0,0,0,0,0,0,60.980000000000004
2008,10,30,1,30,13.9,0,0,0,0,0,0,61.4
2008,10,30,2,30,12.700000000000001,0,0,0,0,0,0,62.61
2008,10,30,3,30,11.4,0,0,0,0,0,0,65.14
2008,10,30,4,30,10.3,0,0,0,0,0,0,68.86
2008,10,30,5,30,9.5,0,0,0,0,0,0,72.8
2008,10,30,6,30,8.8,0,0,0,0,0,0,77.25
2008,10,30,7,30,8.3,0,0,0,0,0,0,80.85000000000001
2008,10,30,8,30,7.7,0,0,0,0,0,0,84.51
2008,10,30,9,30,7.2,0,0,0,0,0,0,87.10000000000001
2008,10,30,10,30,6.9,0,0,0,0,0,0,87.94
2008,10,30,11,30,6.7,0,0,0,0,0,0,87.25
2008,10,30,12,30,6.9,0,0,0,0,0,0,83.14
2008,10,30,13,30,8.700000000000001,30,85,492,14,54,55,72.84
2008,10,30,14,30,12,53,315,801,172,166,223,55.7
2008,10,30,15,30,16,65,537,918,918,65,537,40.22
2008,10,30,16,30,19.400000000000002,71,718,980,980,71,718,27.810000000000002
2008,10,30,17,30,21.3,74,832,1005,1005,74,832,25.94
2008,10,30,18,30,22.400000000000002,77,877,1012,1012,77,877,24.86
2008,10,30,19,30,23,76,847,1006,1006,76,847,23.68
2008,10,30,20,30,22.900000000000002,73,744,982,982,73,744,23.25
2008,10,30,21,30,22.1,73,573,916,489,202,469,24.05
2008,10,30,22,30,20.3,63,356,800,408,153,303,27.62
2008,10,30,23,30,17.5,40,124,542,8,66,67,46.7
2008,10,31,0,30,15.3,0,0,0,0,0,0,55.33
2008,10,31,1,30,14.100000000000001,0,0,0,0,0,0,56.52
2008,10,31,2,30,13,0,0,0,0,0,0,59.35
2008,10,31,3,30,11.9,0,0,0,0,0,0,63.75
2008,10,31,4,30,10.9,0,0,0,0,0,0,69.85000000000001
2008,10,31,5,30,10.100000000000001,0,0,0,0,0,0,76.86
2008,10,31,6,30,9.600000000000001,0,0,0,0,0,0,82.41
2008,10,31,7,30,9.1,0,0,0,0,0,0,87.21000000000001
2008,10,31,8,30,8.8,0,0,0,0,0,0,90.60000000000001
2008,10,31,9,30,8.700000000000001,0,0,0,0,0,0,91.73
2008,10,31,10,30,8.5,0,0,0,0,0,0,92.2
2008,10,31,11,30,8.1,0,0,0,0,0,0,93.56
2008,10,31,12,30,7.800000000000001,0,0,0,0,0,0,94.68
2008,10,31,13,30,8.9,33,81,435,435,33,81,87
2008,10,31,14,30,11.700000000000001,59,310,774,774,59,310,71.56
2008,10,31,15,30,15.3,69,536,913,913,69,536,54.77
2008,10,31,16,30,18.900000000000002,74,716,977,977,74,716,37.52
2008,10,31,17,30,21.400000000000002,77,833,1008,1008,77,833,26.18
2008,10,31,18,30,22.700000000000003,78,879,1019,1019,78,879,22.14
2008,10,31,19,30,23.3,76,849,1013,1013,76,849,21.13
2008,10,31,20,30,23.400000000000002,72,745,990,990,72,745,20.86
2008,10,31,21,30,22.900000000000002,65,575,938,938,65,575,21.48
2008,10,31,22,30,21.5,55,360,839,839,55,360,23.79
2008,10,31,23,30,18,35,126,594,594,35,126,33.6
2008,11,1,0,30,14.5,0,0,0,0,0,0,52.34
2008,11,1,1,30,13.100000000000001,0,0,0,0,0,0,55.480000000000004
2008,11,1,2,30,12,0,0,0,0,0,0,60.43
2008,11,1,3,30,10.8,0,0,0,0,0,0,68.05
2008,11,1,4,30,9.5,0,0,0,0,0,0,77.58
2008,11,1,5,30,8.4,0,0,0,0,0,0,86.61
2008,11,1,6,30,7.7,0,0,0,0,0,0,93.96000000000001
2008,11,1,7,30,7.5,0,0,0,0,0,0,96.87
2008,11,1,8,30,7.5,0,0,0,0,0,0,95.28
2008,11,1,9,30,7.300000000000001,0,0,0,0,0,0,93.28
2008,11,1,10,30,7,0,0,0,0,0,0,92.07000000000001
2008,11,1,11,30,6.7,0,0,0,0,0,0,92.02
2008,11,1,12,30,6.7,0,0,0,0,0,0,91.33
2008,11,1,13,30,7.7,32,81,462,462,32,81,85.27
2008,11,1,14,30,10.200000000000001,56,313,799,799,56,313,72.91
2008,11,1,15,30,13.600000000000001,65,539,933,933,65,539,59.11
2008,11,1,16,30,16.900000000000002,70,717,990,594,277,665,47.480000000000004
2008,11,1,17,30,19.5,71,835,1022,1022,71,835,37.47
2008,11,1,18,30,21.1,69,877,1031,1031,69,877,31.36
2008,11,1,19,30,22,68,847,1025,1025,68,847,28.55
2008,11,1,20,30,22.3,64,743,1004,1004,64,743,27.42
2008,11,1,21,30,22,60,575,954,954,60,575,27.5
2008,11,1,22,30,20.8,51,360,858,858,51,360,29.26
2008,11,1,23,30,17.5,33,125,615,615,33,125,40.04
2008,11,2,0,30,14.200000000000001,0,0,0,0,0,0,59.84
2008,11,2,1,30,12.700000000000001,0,0,0,0,0,0,61.89
2008,11,2,2,30,11.700000000000001,0,0,0,0,0,0,64.83
2008,11,2,3,30,10.600000000000001,0,0,0,0,0,0,69.97
2008,11,2,4,30,9.700000000000001,0,0,0,0,0,0,75.84
2008,11,2,5,30,8.8,0,0,0,0,0,0,82.87
2008,11,2,6,30,8.1,0,0,0,0,0,0,90.13
2008,11,2,7,30,7.4,0,0,0,0,0,0,97.64
2008,11,2,8,30,7.2,0,0,0,0,0,0,100
2008,11,2,9,30,7.4,0,0,0,0,0,0,98.55
2008,11,2,10,30,7.4,0,0,0,0,0,0,95.84
2008,11,2,11,30,7.1000000000000005,0,0,0,0,0,0,94.54
2008,11,2,12,30,6.800000000000001,0,0,0,0,0,0,92.89
2008,11,2,13,30,7.7,28,82,519,519,28,82,83.98
2008,11,2,14,30,10.8,48,316,839,1,111,111,66.58
2008,11,2,15,30,15.200000000000001,57,541,956,378,252,443,48.18
2008,11,2,16,30,19,63,720,1011,1011,63,720,33.55
2008,11,2,17,30,21,66,838,1037,1037,66,838,27.38
2008,11,2,18,30,22.1,69,883,1044,1044,69,883,24.21
2008,11,2,19,30,22.8,68,852,1038,1038,68,852,22
2008,11,2,20,30,23,65,748,1016,1016,65,748,20.76
2008,11,2,21,30,22.5,59,579,970,970,59,579,20.57
2008,11,2,22,30,21.200000000000003,49,362,875,875,49,362,21.71
2008,11,2,23,30,17.8,32,125,634,634,32,125,34.2
2008,11,3,0,30,14.4,0,0,0,0,0,0,53.01
2008,11,3,1,30,12.8,0,0,0,0,0,0,53.5
2008,11,3,2,30,11.600000000000001,0,0,0,0,0,0,55.480000000000004
2008,11,3,3,30,10.5,0,0,0,0,0,0,57.97
2008,11,3,4,30,9.5,0,0,0,0,0,0,61.49
2008,11,3,5,30,8.5,0,0,0,0,0,0,67.21000000000001
2008,11,3,6,30,7.800000000000001,0,0,0,0,0,0,73.35000000000001
2008,11,3,7,30,7.2,0,0,0,0,0,0,80.98
2008,11,3,8,30,6.7,0,0,0,0,0,0,88.36
2008,11,3,9,30,6.300000000000001,0,0,0,0,0,0,93.94
2008,11,3,10,30,6.2,0,0,0,0,0,0,95.94
2008,11,3,11,30,6.300000000000001,0,0,0,0,0,0,95.23
2008,11,3,12,30,6.6000000000000005,0,0,0,0,0,0,91.9
2008,11,3,13,30,8.1,27,78,489,489,27,78,81.33
2008,11,3,14,30,11.5,49,307,816,816,49,307,65.59
2008,11,3,15,30,16.3,59,529,936,936,59,529,49.4
2008,11,3,16,30,20.6,65,704,988,988,65,704,34.33
2008,11,3,17,30,22.700000000000003,68,821,1016,1016,68,821,26.45
2008,11,3,18,30,23.8,70,865,1024,1024,70,865,23.73
2008,11,3,19,30,24.400000000000002,70,835,1017,1017,70,835,22.47
2008,11,3,20,30,24.400000000000002,68,730,989,989,68,730,22.29
2008,11,3,21,30,23.900000000000002,63,563,937,937,63,563,22.94
2008,11,3,22,30,22.6,54,348,829,829,54,348,24.91
2008,11,3,23,30,19.700000000000003,34,117,571,571,34,117,35.87
2008,11,4,0,30,16.900000000000002,0,0,0,0,0,0,54.870000000000005
2008,11,4,1,30,15.4,0,0,0,0,0,0,55.410000000000004
2008,11,4,2,30,14.200000000000001,0,0,0,0,0,0,56.95
2008,11,4,3,30,12.9,0,0,0,0,0,0,59.2
2008,11,4,4,30,11.700000000000001,0,0,0,0,0,0,61.97
2008,11,4,5,30,10.600000000000001,0,0,0,0,0,0,65.68
2008,11,4,6,30,9.8,0,0,0,0,0,0,69.12
2008,11,4,7,30,9.200000000000001,0,0,0,0,0,0,72.23
2008,11,4,8,30,8.6,0,0,0,0,0,0,75.88
2008,11,4,9,30,8.3,0,0,0,0,0,0,78.13
2008,11,4,10,30,8,0,0,0,0,0,0,80.96000000000001
2008,11,4,11,30,7.800000000000001,0,0,0,0,0,0,84.29
2008,11,4,12,30,8,0,0,0,0,0,0,86.37
2008,11,4,13,30,10.5,26,75,489,489,26,75,76.19
2008,11,4,14,30,14.9,48,301,808,808,48,301,60.88
2008,11,4,15,30,19,58,521,927,927,58,521,48.78
2008,11,4,16,30,21.900000000000002,64,698,984,984,64,698,38.37
2008,11,4,17,30,23.6,68,814,1012,1012,68,814,32.37
2008,11,4,18,30,24.700000000000003,72,858,1017,1017,72,858,28.91
2008,11,4,19,30,25.3,72,825,1006,1006,72,825,26.75
2008,11,4,20,30,25.400000000000002,69,723,981,981,69,723,25.63
2008,11,4,21,30,25,62,556,931,931,62,556,25.43
2008,11,4,22,30,23.700000000000003,53,344,826,826,53,344,27.04
2008,11,4,23,30,21.1,34,114,564,343,65,114,37.11
2008,11,5,0,30,18.5,0,0,0,0,0,0,54.550000000000004
2008,11,5,1,30,16.900000000000002,0,0,0,0,0,0,56.95
2008,11,5,2,30,15.5,0,0,0,0,0,0,61.51
2008,11,5,3,30,14.200000000000001,0,0,0,0,0,0,66.5
2008,11,5,4,30,13.100000000000001,0,0,0,0,0,0,73.11
2008,11,5,5,30,12.100000000000001,0,0,0,0,0,0,80.78
2008,11,5,6,30,11.5,0,0,0,0,0,0,86.16
2008,11,5,7,30,11,0,0,0,0,0,0,89.78
2008,11,5,8,30,10.4,0,0,0,0,0,0,92.84
2008,11,5,9,30,9.8,0,0,0,0,0,0,95.12
2008,11,5,10,30,9.1,0,0,0,0,0,0,96.65
2008,11,5,11,30,8.5,0,0,0,0,0,0,95.73
2008,11,5,12,30,8.1,0,0,0,0,0,0,92.11
2008,11,5,13,30,9.600000000000001,25,76,524,524,25,76,78.01
2008,11,5,14,30,13.4,43,307,850,850,43,307,58.07
2008,11,5,15,30,17.900000000000002,51,530,964,964,51,530,40.28
2008,11,5,16,30,21.200000000000003,54,711,1025,1025,54,711,26
2008,11,5,17,30,23.1,56,828,1052,1052,56,828,21.75
2008,11,5,18,30,24.400000000000002,58,874,1059,1059,58,874,19.240000000000002
2008,11,5,19,30,25.1,56,843,1055,1055,56,843,17.88
2008,11,5,20,30,25.200000000000003,54,739,1033,1033,54,739,17.490000000000002
2008,11,5,21,30,24.700000000000003,50,568,981,981,50,568,18.05
2008,11,5,22,30,23,43,353,888,888,43,353,20.650000000000002
2008,11,5,23,30,19.1,28,118,643,643,28,118,35.550000000000004
2008,11,6,0,30,15.5,0,0,0,0,0,0,52.9
2008,11,6,1,30,14,0,0,0,0,0,0,56.15
2008,11,6,2,30,13,0,0,0,0,0,0,60.89
2008,11,6,3,30,12.200000000000001,0,0,0,0,0,0,66.83
2008,11,6,4,30,11.4,0,0,0,0,0,0,74.12
2008,11,6,5,30,10.700000000000001,0,0,0,0,0,0,80.8
2008,11,6,6,30,10,0,0,0,0,0,0,86.87
2008,11,6,7,30,9.4,0,0,0,0,0,0,91.53
2008,11,6,8,30,8.8,0,0,0,0,0,0,95.04
2008,11,6,9,30,8.200000000000001,0,0,0,0,0,0,97.26
2008,11,6,10,30,7.6000000000000005,0,0,0,0,0,0,98.64
2008,11,6,11,30,7.1000000000000005,0,0,0,0,0,0,99.08
2008,11,6,12,30,6.9,0,0,0,0,0,0,96.95
2008,11,6,13,30,8.9,24,74,534,534,24,74,81.62
2008,11,6,14,30,12.700000000000001,43,303,844,844,43,303,62.59
2008,11,6,15,30,17.6,52,524,956,956,52,524,45
2008,11,6,16,30,21.5,58,702,1010,1010,58,702,27.580000000000002
2008,11,6,17,30,23.200000000000003,61,818,1037,1037,61,818,24.45
2008,11,6,18,30,24.1,68,860,1034,1034,68,860,23.18
2008,11,6,19,30,24.700000000000003,67,831,1028,1028,67,831,22.25
2008,11,6,20,30,24.900000000000002,65,725,1000,1000,65,725,21.79
2008,11,6,21,30,24.400000000000002,62,558,944,944,62,558,22.12
2008,11,6,22,30,23,52,344,843,187,178,243,23.96
2008,11,6,23,30,20.1,32,113,582,582,32,113,38.480000000000004
2008,11,7,0,30,17.5,0,0,0,0,0,0,49.19
2008,11,7,1,30,16.3,0,0,0,0,0,0,48.53
2008,11,7,2,30,15.4,0,0,0,0,0,0,49.620000000000005
2008,11,7,3,30,14.600000000000001,0,0,0,0,0,0,51.13
2008,11,7,4,30,13.600000000000001,0,0,0,0,0,0,54.29
2008,11,7,5,30,12.700000000000001,0,0,0,0,0,0,57.69
2008,11,7,6,30,11.9,0,0,0,0,0,0,61.64
2008,11,7,7,30,11.3,0,0,0,0,0,0,64.86
2008,11,7,8,30,11,0,0,0,0,0,0,67.1
2008,11,7,9,30,10.9,0,0,0,0,0,0,68.45
2008,11,7,10,30,10.700000000000001,0,0,0,0,0,0,70.4
2008,11,7,11,30,10.3,0,0,0,0,0,0,72.09
2008,11,7,12,30,10.200000000000001,0,0,0,0,0,0,71.85000000000001
2008,11,7,13,30,11.5,27,68,445,445,27,68,65.39
2008,11,7,14,30,14.700000000000001,52,292,787,787,52,292,55.03
2008,11,7,15,30,18.7,64,512,913,913,64,512,42.12
2008,11,7,16,30,21.6,72,688,972,972,72,688,32.88
2008,11,7,17,30,22.900000000000002,76,804,1000,1000,76,804,29.32
2008,11,7,18,30,23.5,77,849,1012,1012,77,849,27.740000000000002
2008,11,7,19,30,23.900000000000002,77,817,1000,1000,77,817,26.77
2008,11,7,20,30,24,74,714,973,973,74,714,26.52
2008,11,7,21,30,23.5,69,546,912,401,210,420,27.41
2008,11,7,22,30,22.200000000000003,59,334,799,799,59,334,30.32
2008,11,7,23,30,19.200000000000003,36,106,513,213,68,97,44.86
2008,11,8,0,30,16.400000000000002,0,0,0,0,0,0,58.09
2008,11,8,1,30,15.100000000000001,0,0,0,0,0,0,59.97
2008,11,8,2,30,13.700000000000001,0,0,0,0,0,0,62.32
2008,11,8,3,30,12.100000000000001,0,0,0,0,0,0,67
2008,11,8,4,30,10.9,0,0,0,0,0,0,71.4
2008,11,8,5,30,10.200000000000001,0,0,0,0,0,0,74.44
2008,11,8,6,30,9.8,0,0,0,0,0,0,77.33
2008,11,8,7,30,9.5,0,0,0,0,0,0,80.42
2008,11,8,8,30,9.600000000000001,0,0,0,0,0,0,83.84
2008,11,8,9,30,9.600000000000001,0,0,0,0,0,0,89.05
2008,11,8,10,30,9.600000000000001,0,0,0,0,0,0,93.3
2008,11,8,11,30,9.600000000000001,0,0,0,0,0,0,96.89
2008,11,8,12,30,9.700000000000001,0,0,0,0,0,0,98.74000000000001
2008,11,8,13,30,11.3,34,59,273,273,34,59,90.06
2008,11,8,14,30,14.100000000000001,74,273,658,12,157,161,76.63
2008,11,8,15,30,17.1,88,491,828,1,168,169,63.65
2008,11,8,16,30,20,90,670,919,55,322,357,49.160000000000004
2008,11,8,17,30,22.1,92,790,963,963,92,790,38.33
2008,11,8,18,30,23.400000000000002,88,837,985,985,88,837,32.660000000000004
2008,11,8,19,30,24.1,86,807,980,980,86,807,29.55
2008,11,8,20,30,24.400000000000002,80,706,957,40,336,362,27.68
2008,11,8,21,30,24.1,72,542,903,903,72,542,26.97
2008,11,8,22,30,23,58,331,799,17,178,184,28.02
2008,11,8,23,30,20.400000000000002,35,105,519,18,71,73,38.67
2008,11,9,0,30,17.900000000000002,0,0,0,0,0,0,53.81
2008,11,9,1,30,16.5,0,0,0,0,0,0,58.36
2008,11,9,2,30,15.600000000000001,0,0,0,0,0,0,62.7
2008,11,9,3,30,14.600000000000001,0,0,0,0,0,0,65.78
2008,11,9,4,30,13.3,0,0,0,0,0,0,69.92
2008,11,9,5,30,12,0,0,0,0,0,0,76.52
2008,11,9,6,30,11,0,0,0,0,0,0,82.75
2008,11,9,7,30,10.3,0,0,0,0,0,0,88.01
2008,11,9,8,30,9.700000000000001,0,0,0,0,0,0,93.17
2008,11,9,9,30,9.1,0,0,0,0,0,0,97.97
2008,11,9,10,30,8.8,0,0,0,0,0,0,100
2008,11,9,11,30,8.4,0,0,0,0,0,0,100
2008,11,9,12,30,8.3,0,0,0,0,0,0,100
2008,11,9,13,30,10.3,27,63,407,3,34,35,89.44
2008,11,9,14,30,14.4,56,284,762,65,175,194,69.61
2008,11,9,15,30,18.1,70,503,895,895,70,503,53.85
2008,11,9,16,30,20.400000000000002,78,677,953,305,345,537,42.94
2008,11,9,17,30,21.700000000000003,83,792,984,670,225,708,37.550000000000004
2008,11,9,18,30,22.700000000000003,87,834,987,987,87,834,34.06
2008,11,9,19,30,23.200000000000003,81,805,988,489,346,705,32.29
2008,11,9,20,30,23.1,74,705,969,969,74,705,31.85
2008,11,9,21,30,22.5,64,543,925,925,64,543,32.57
2008,11,9,22,30,21.1,52,332,823,166,189,245,35.33
2008,11,9,23,30,18.1,31,106,564,564,31,106,44.47
2008,11,10,0,30,15.3,0,0,0,0,0,0,58.99
2008,11,10,1,30,14.100000000000001,0,0,0,0,0,0,66.13
2008,11,10,2,30,13.4,0,0,0,0,0,0,71.67
2008,11,10,3,30,12.700000000000001,0,0,0,0,0,0,77.77
2008,11,10,4,30,12,0,0,0,0,0,0,84.5
2008,11,10,5,30,11.100000000000001,0,0,0,0,0,0,92.43
2008,11,10,6,30,10.3,0,0,0,0,0,0,98.74000000000001
2008,11,10,7,30,10,0,0,0,0,0,0,99.75
2008,11,10,8,30,9.8,0,0,0,0,0,0,97.94
2008,11,10,9,30,9.5,0,0,0,0,0,0,95.88
2008,11,10,10,30,9.3,0,0,0,0,0,0,93.56
2008,11,10,11,30,9,0,0,0,0,0,0,93.31
2008,11,10,12,30,8.8,0,0,0,0,0,0,93.62
2008,11,10,13,30,10.100000000000001,24,64,465,5,36,36,86.07000000000001
2008,11,10,14,30,13,47,286,806,806,47,286,72.2
2008,11,10,15,30,16.2,56,504,932,932,56,504,57.21
2008,11,10,16,30,18.900000000000002,62,680,990,312,339,534,45.33
2008,11,10,17,30,20.900000000000002,66,793,1014,595,235,662,38.04
2008,11,10,18,30,22.3,65,838,1026,1026,65,838,33.79
2008,11,10,19,30,23.1,63,809,1022,1022,63,809,31.490000000000002
2008,11,10,20,30,23.200000000000003,59,707,1000,1000,59,707,31.05
2008,11,10,21,30,22.6,56,544,948,948,56,544,32.160000000000004
2008,11,10,22,30,21.1,46,335,854,306,152,255,35.25
2008,11,10,23,30,17.8,29,107,598,598,29,107,45.480000000000004
2008,11,11,0,30,14.8,0,0,0,0,0,0,60.800000000000004
2008,11,11,1,30,13.4,0,0,0,0,0,0,68.36
2008,11,11,2,30,12.3,0,0,0,0,0,0,76.16
2008,11,11,3,30,11.4,0,0,0,0,0,0,84.72
2008,11,11,4,30,10.600000000000001,0,0,0,0,0,0,93.27
2008,11,11,5,30,9.9,0,0,0,0,0,0,100
2008,11,11,6,30,9.3,0,0,0,0,0,0,100
2008,11,11,7,30,8.9,0,0,0,0,0,0,100
2008,11,11,8,30,8.700000000000001,0,0,0,0,0,0,100
2008,11,11,9,30,8.6,0,0,0,0,0,0,100
2008,11,11,10,30,8.5,0,0,0,0,0,0,100
2008,11,11,11,30,8.5,0,0,0,0,0,0,100
2008,11,11,12,30,8.4,0,0,0,0,0,0,97.53
2008,11,11,13,30,9.3,24,63,476,476,24,63,89.09
2008,11,11,14,30,11.9,45,289,829,829,45,289,74.39
2008,11,11,15,30,15.4,53,510,956,956,53,510,56.870000000000005
2008,11,11,16,30,19.1,55,687,1016,1016,55,687,39.08
2008,11,11,17,30,22,57,803,1044,1044,57,803,25.05
2008,11,11,18,30,23.700000000000003,63,850,1049,1049,63,850,19.93
2008,11,11,19,30,24.6,60,816,1040,1040,60,816,17.75
2008,11,11,20,30,24.8,56,714,1019,1019,56,714,17.02
2008,11,11,21,30,24.1,50,548,973,973,50,548,17.92
2008,11,11,22,30,22.200000000000003,42,336,877,877,42,336,20.490000000000002
2008,11,11,23,30,18.1,26,107,625,625,26,107,32.18
2008,11,12,0,30,14.4,0,0,0,0,0,0,48.52
2008,11,12,1,30,12.9,0,0,0,0,0,0,54.56
2008,11,12,2,30,11.700000000000001,0,0,0,0,0,0,61.54
2008,11,12,3,30,10.700000000000001,0,0,0,0,0,0,69.5
2008,11,12,4,30,10,0,0,0,0,0,0,77.04
2008,11,12,5,30,9.5,0,0,0,0,0,0,84.15
2008,11,12,6,30,8.8,0,0,0,0,0,0,90.04
2008,11,12,7,30,8,0,0,0,0,0,0,92.56
2008,11,12,8,30,7.6000000000000005,0,0,0,0,0,0,90.44
2008,11,12,9,30,7.5,0,0,0,0,0,0,86.57000000000001
2008,11,12,10,30,7.300000000000001,0,0,0,0,0,0,84.83
2008,11,12,11,30,6.7,0,0,0,0,0,0,86.82000000000001
2008,11,12,12,30,6.1000000000000005,0,0,0,0,0,0,88.32000000000001
2008,11,12,13,30,7.800000000000001,21,63,528,13,39,40,76.99
2008,11,12,14,30,11.8,41,292,864,241,138,208,59.29
2008,11,12,15,30,15.600000000000001,50,515,980,980,50,515,41.300000000000004
2008,11,12,16,30,18.900000000000002,54,694,1036,1036,54,694,27.7
2008,11,12,17,30,21.3,57,819,1071,1071,57,819,19.69
2008,11,12,18,30,22.900000000000002,57,865,1081,1081,57,865,15.35
2008,11,12,19,30,23.8,55,828,1068,1068,55,828,13.14
2008,11,12,20,30,24,52,725,1046,1046,52,725,12.48
2008,11,12,21,30,23.3,49,558,999,999,49,558,13.290000000000001
2008,11,12,22,30,21.3,41,340,895,895,41,340,16.06
2008,11,12,23,30,17.1,27,107,631,631,27,107,28.73
2008,11,13,0,30,13.600000000000001,0,0,0,0,0,0,44.57
2008,11,13,1,30,12,0,0,0,0,0,0,51.92
2008,11,13,2,30,10.600000000000001,0,0,0,0,0,0,60.47
2008,11,13,3,30,9.3,0,0,0,0,0,0,67.76
2008,11,13,4,30,8.3,0,0,0,0,0,0,73.02
2008,11,13,5,30,7.5,0,0,0,0,0,0,78.15
2008,11,13,6,30,6.9,0,0,0,0,0,0,82.44
2008,11,13,7,30,6.300000000000001,0,0,0,0,0,0,85.95
2008,11,13,8,30,5.7,0,0,0,0,0,0,88.17
2008,11,13,9,30,5.2,0,0,0,0,0,0,88.47
2008,11,13,10,30,4.7,0,0,0,0,0,0,87.73
2008,11,13,11,30,4.4,0,0,0,0,0,0,85.24
2008,11,13,12,30,4.5,0,0,0,0,0,0,80.34
2008,11,13,13,30,6.6000000000000005,22,58,459,459,22,58,66.35
2008,11,13,14,30,10.600000000000001,46,282,819,819,46,282,50.300000000000004
2008,11,13,15,30,14,57,502,943,943,57,502,38.83
2008,11,13,16,30,16.3,63,680,1003,1003,63,680,33.63
2008,11,13,17,30,18.1,65,797,1033,1033,65,797,28.55
2008,11,13,18,30,19.5,68,842,1041,1041,68,842,24.93
2008,11,13,19,30,20.5,65,813,1037,1037,65,813,22.44
2008,11,13,20,30,20.900000000000002,62,712,1015,1015,62,712,21.17
2008,11,13,21,30,20.700000000000003,56,544,961,961,56,544,20.96
2008,11,13,22,30,19.3,46,332,861,861,46,332,22.990000000000002
2008,11,13,23,30,15.700000000000001,28,103,600,600,28,103,34.53
2008,11,14,0,30,12.4,0,0,0,0,0,0,51.15
2008,11,14,1,30,11.3,0,0,0,0,0,0,52.81
2008,11,14,2,30,10.700000000000001,0,0,0,0,0,0,53.34
2008,11,14,3,30,10.4,0,0,0,0,0,0,52.45
2008,11,14,4,30,10.3,0,0,0,0,0,0,50.870000000000005
2008,11,14,5,30,9.700000000000001,0,0,0,0,0,0,51.19
2008,11,14,6,30,8.200000000000001,0,0,0,0,0,0,57.18
2008,11,14,7,30,7.1000000000000005,0,0,0,0,0,0,62.97
2008,11,14,8,30,6.6000000000000005,0,0,0,0,0,0,66.07000000000001
2008,11,14,9,30,6.4,0,0,0,0,0,0,68.60000000000001
2008,11,14,10,30,6.2,0,0,0,0,0,0,71.93
2008,11,14,11,30,6,0,0,0,0,0,0,75.95
2008,11,14,12,30,6.2,0,0,0,0,0,0,77.91
2008,11,14,13,30,8.8,19,58,508,508,19,58,67.4
2008,11,14,14,30,13.3,38,281,851,851,38,281,53.51
2008,11,14,15,30,17.900000000000002,47,504,975,975,47,504,40.86
2008,11,14,16,30,21.6,52,682,1030,1030,52,682,25.79
2008,11,14,17,30,23.5,55,800,1057,1057,55,800,20.990000000000002
2008,11,14,18,30,24.700000000000003,57,841,1059,1059,57,841,18.6
2008,11,14,19,30,25.400000000000002,57,813,1052,1052,57,813,17.2
2008,11,14,20,30,25.400000000000002,55,712,1030,1030,55,712,16.79
2008,11,14,21,30,24.900000000000002,50,547,982,982,50,547,17.2
2008,11,14,22,30,22.8,43,334,882,882,43,334,19.740000000000002
2008,11,14,23,30,18.5,27,104,619,619,27,104,36.54
2008,11,15,0,30,14.700000000000001,0,0,0,0,0,0,47.050000000000004
2008,11,15,1,30,13,0,0,0,0,0,0,48.07
2008,11,15,2,30,11.4,0,0,0,0,0,0,51.14
2008,11,15,3,30,10.100000000000001,0,0,0,0,0,0,55.04
2008,11,15,4,30,9.1,0,0,0,0,0,0,57.94
2008,11,15,5,30,8.3,0,0,0,0,0,0,60.050000000000004
2008,11,15,6,30,7.6000000000000005,0,0,0,0,0,0,61.79
2008,11,15,7,30,6.9,0,0,0,0,0,0,63.61
2008,11,15,8,30,6.300000000000001,0,0,0,0,0,0,65.29
2008,11,15,9,30,5.800000000000001,0,0,0,0,0,0,67.5
2008,11,15,10,30,5.2,0,0,0,0,0,0,71.42
2008,11,15,11,30,4.6000000000000005,0,0,0,0,0,0,76.18
2008,11,15,12,30,4.2,0,0,0,0,0,0,80.45
2008,11,15,13,30,5.4,23,52,398,398,23,52,76
2008,11,15,14,30,8.200000000000001,51,271,776,776,51,271,64.85
2008,11,15,15,30,11.100000000000001,65,489,912,912,65,489,54.51
2008,11,15,16,30,13.9,73,667,975,975,73,667,46.34
2008,11,15,17,30,16.3,77,784,1008,1008,77,784,39.95
2008,11,15,18,30,18.1,77,830,1021,1021,77,830,35.14
2008,11,15,19,30,19.200000000000003,76,802,1014,1014,76,802,31.94
2008,11,15,20,30,19.5,72,701,989,989,72,701,30.44
2008,11,15,21,30,19.200000000000003,65,537,937,937,65,537,30.36
2008,11,15,22,30,18,54,325,827,827,54,325,32.56
2008,11,15,23,30,14.700000000000001,32,98,543,64,66,74,42.57
2008,11,16,0,30,11.600000000000001,0,0,0,0,0,0,56.65
2008,11,16,1,30,10.100000000000001,0,0,0,0,0,0,60.36
2008,11,16,2,30,8.700000000000001,0,0,0,0,0,0,65.06
2008,11,16,3,30,7.5,0,0,0,0,0,0,70.19
2008,11,16,4,30,6.6000000000000005,0,0,0,0,0,0,75.51
2008,11,16,5,30,5.7,0,0,0,0,0,0,82.65
2008,11,16,6,30,5,0,0,0,0,0,0,89.73
2008,11,16,7,30,4.4,0,0,0,0,0,0,95.81
2008,11,16,8,30,4.3,0,0,0,0,0,0,96.83
2008,11,16,9,30,4.1000000000000005,0,0,0,0,0,0,96.16
2008,11,16,10,30,3.9000000000000004,0,0,0,0,0,0,94.94
2008,11,16,11,30,3.8000000000000003,0,0,0,0,0,0,92.98
2008,11,16,12,30,3.7,0,0,0,0,0,0,91.35000000000001
2008,11,16,13,30,4.6000000000000005,24,50,376,376,24,50,84.43
2008,11,16,14,30,7.300000000000001,51,268,778,0,48,48,70.73
2008,11,16,15,30,11.200000000000001,62,488,921,0,127,127,55.86
2008,11,16,16,30,15.4,68,665,987,2,257,259,43.27
2008,11,16,17,30,18.5,71,782,1019,1019,71,782,34.69
2008,11,16,18,30,20.200000000000003,71,829,1030,1030,71,829,30.44
2008,11,16,19,30,21.200000000000003,70,800,1025,1025,70,800,27.95
2008,11,16,20,30,21.6,66,700,1001,1001,66,700,26.68
2008,11,16,21,30,21.1,61,536,949,949,61,536,26.96
2008,11,16,22,30,19.6,51,325,840,840,51,325,29.34
2008,11,16,23,30,16,31,98,555,555,31,98,42.87
2008,11,17,0,30,12.700000000000001,0,0,0,0,0,0,57.38
2008,11,17,1,30,11.4,0,0,0,0,0,0,59.04
2008,11,17,2,30,10.200000000000001,0,0,0,0,0,0,62.300000000000004
2008,11,17,3,30,9.1,0,0,0,0,0,0,65.91
2008,11,17,4,30,8.1,0,0,0,0,0,0,69.5
2008,11,17,5,30,7.4,0,0,0,0,0,0,71.41
2008,11,17,6,30,6.9,0,0,0,0,0,0,72.17
2008,11,17,7,30,6.6000000000000005,0,0,0,0,0,0,72.25
2008,11,17,8,30,6.5,0,0,0,0,0,0,71.5
2008,11,17,9,30,6.6000000000000005,0,0,0,0,0,0,69.9
2008,11,17,10,30,6.800000000000001,0,0,0,0,0,0,67.87
2008,11,17,11,30,7.1000000000000005,0,0,0,0,0,0,65.71000000000001
2008,11,17,12,30,7.4,0,0,0,0,0,0,63.870000000000005
2008,11,17,13,30,8.700000000000001,21,50,434,434,21,50,58.480000000000004
2008,11,17,14,30,11.700000000000001,46,271,814,814,46,271,51.63
2008,11,17,15,30,15,57,491,943,943,57,491,42.01
2008,11,17,16,30,17.6,64,669,1003,1003,64,669,35.62
2008,11,17,17,30,19.400000000000002,67,787,1034,1034,67,787,30.650000000000002
2008,11,17,18,30,20.6,68,833,1045,1045,68,833,27.48
2008,11,17,19,30,21.200000000000003,67,801,1034,1034,67,801,25.53
2008,11,17,20,30,21.3,65,700,1008,1008,65,700,24.67
2008,11,17,21,30,20.8,60,537,956,956,60,537,24.89
2008,11,17,22,30,19.1,51,325,845,845,51,325,27.740000000000002
2008,11,17,23,30,15.5,30,98,559,559,30,98,39.08
2008,11,18,0,30,12.4,0,0,0,0,0,0,52.480000000000004
2008,11,18,1,30,11.100000000000001,0,0,0,0,0,0,55.25
2008,11,18,2,30,9.8,0,0,0,0,0,0,59.54
2008,11,18,3,30,8.6,0,0,0,0,0,0,64.03
2008,11,18,4,30,7.6000000000000005,0,0,0,0,0,0,67.86
2008,11,18,5,30,6.7,0,0,0,0,0,0,71.61
2008,11,18,6,30,6,0,0,0,0,0,0,74.3
2008,11,18,7,30,5.6000000000000005,0,0,0,0,0,0,75.39
2008,11,18,8,30,5.4,0,0,0,0,0,0,76.25
2008,11,18,9,30,5.2,0,0,0,0,0,0,77.03
2008,11,18,10,30,4.9,0,0,0,0,0,0,78.38
2008,11,18,11,30,4.6000000000000005,0,0,0,0,0,0,79.93
2008,11,18,12,30,4.4,0,0,0,0,0,0,81.03
2008,11,18,13,30,5.9,21,48,403,403,21,48,73.06
2008,11,18,14,30,9.3,48,267,799,799,48,267,61.93
2008,11,18,15,30,12.9,61,487,933,933,61,487,50.46
2008,11,18,16,30,15.9,68,665,996,996,68,665,40.34
2008,11,18,17,30,17.8,73,783,1025,1025,73,783,35.050000000000004
2008,11,18,18,30,19,73,826,1032,1032,73,826,31.93
2008,11,18,19,30,19.8,71,798,1027,1027,71,798,29.61
2008,11,18,20,30,20,68,698,1003,1003,68,698,28.55
2008,11,18,21,30,19.700000000000003,59,535,957,957,59,535,28.48
2008,11,18,22,30,18.3,49,324,851,851,49,324,30.86
2008,11,18,23,30,14.8,29,98,574,574,29,98,44.25
2008,11,19,0,30,11.700000000000001,0,0,0,0,0,0,56.22
2008,11,19,1,30,10.3,0,0,0,0,0,0,58.09
2008,11,19,2,30,9,0,0,0,0,0,0,60.76
2008,11,19,3,30,7.7,0,0,0,0,0,0,64.44
2008,11,19,4,30,6.7,0,0,0,0,0,0,67.57000000000001
2008,11,19,5,30,5.7,0,0,0,0,0,0,72.3
2008,11,19,6,30,4.7,0,0,0,0,0,0,77.77
2008,11,19,7,30,3.7,0,0,0,0,0,0,83.85000000000001
2008,11,19,8,30,2.8000000000000003,0,0,0,0,0,0,90.32000000000001
2008,11,19,9,30,1.8,0,0,0,0,0,0,96.97
2008,11,19,10,30,1.1,0,0,0,0,0,0,99.78
2008,11,19,11,30,0.8,0,0,0,0,0,0,97.43
2008,11,19,12,30,0.6000000000000001,0,0,0,0,0,0,92.63
2008,11,19,13,30,1.4000000000000001,21,50,466,466,21,50,81.32000000000001
2008,11,19,14,30,4.3,43,277,864,57,164,179,62.93
2008,11,19,15,30,8.5,51,502,994,994,51,502,43.36
2008,11,19,16,30,12.8,56,683,1051,1051,56,683,30.09
2008,11,19,17,30,16.5,58,803,1080,1080,58,803,20.73
2008,11,19,18,30,19.200000000000003,58,850,1091,1091,58,850,15.780000000000001
2008,11,19,19,30,20.8,57,814,1075,1075,57,814,13.17
2008,11,19,20,30,21.3,54,713,1053,1053,54,713,12.63
2008,11,19,21,30,21,52,549,1003,1003,52,549,12.870000000000001
2008,11,19,22,30,19.1,43,334,904,904,43,334,15.18
2008,11,19,23,30,15,27,102,637,637,27,102,37.550000000000004
2008,11,20,0,30,11.4,0,0,0,0,0,0,43.95
2008,11,20,1,30,9.700000000000001,0,0,0,0,0,0,46.5
2008,11,20,2,30,8.4,0,0,0,0,0,0,50.25
2008,11,20,3,30,7.2,0,0,0,0,0,0,55.39
2008,11,20,4,30,6.2,0,0,0,0,0,0,61.7
2008,11,20,5,30,5.4,0,0,0,0,0,0,68.45
2008,11,20,6,30,4.6000000000000005,0,0,0,0,0,0,75.89
2008,11,20,7,30,3.9000000000000004,0,0,0,0,0,0,82.71000000000001
2008,11,20,8,30,3.4000000000000004,0,0,0,0,0,0,86.99
2008,11,20,9,30,3.1,0,0,0,0,0,0,88.02
2008,11,20,10,30,2.9000000000000004,0,0,0,0,0,0,86.59
2008,11,20,11,30,3,0,0,0,0,0,0,82.60000000000001
2008,11,20,12,30,3.4000000000000004,0,0,0,0,0,0,76.8
2008,11,20,13,30,5.800000000000001,19,47,469,0,22,22,62.07
2008,11,20,14,30,10.100000000000001,41,270,854,114,159,190,50.85
2008,11,20,15,30,14.8,50,493,981,981,50,493,35.24
2008,11,20,16,30,19.1,56,667,1029,1029,56,667,23.16
2008,11,20,17,30,21.400000000000002,60,786,1056,1056,60,786,16.38
2008,11,20,18,30,22.400000000000002,68,834,1058,362,408,670,15.3
2008,11,20,19,30,22.900000000000002,68,801,1044,679,220,697,14.88
2008,11,20,20,30,22.900000000000002,65,701,1020,458,250,535,14.950000000000001
2008,11,20,21,30,22.200000000000003,58,538,971,454,196,420,15.71
2008,11,20,22,30,20.1,49,323,857,611,97,293,18.38
2008,11,20,23,30,15.700000000000001,29,97,577,265,56,87,35.15
2008,11,21,0,30,12.200000000000001,0,0,0,0,0,0,45.56
2008,11,21,1,30,10.9,0,0,0,0,0,0,46.550000000000004
2008,11,21,2,30,9.700000000000001,0,0,0,0,0,0,49.51
2008,11,21,3,30,8.3,0,0,0,0,0,0,55.08
2008,11,21,4,30,7,0,0,0,0,0,0,61.32
2008,11,21,5,30,5.9,0,0,0,0,0,0,67.01
2008,11,21,6,30,5.1000000000000005,0,0,0,0,0,0,71.81
2008,11,21,7,30,4.5,0,0,0,0,0,0,77.09
2008,11,21,8,30,4.1000000000000005,0,0,0,0,0,0,84.58
2008,11,21,9,30,4.5,0,0,0,0,0,0,89.51
2008,11,21,10,30,5.6000000000000005,0,0,0,0,0,0,89.65
2008,11,21,11,30,6.4,0,0,0,0,0,0,89.85000000000001
2008,11,21,12,30,6.800000000000001,0,0,0,0,0,0,90.36
2008,11,21,13,30,7.4,21,40,322,322,21,40,88.36
2008,11,21,14,30,8.700000000000001,51,250,750,17,142,147,81.98
2008,11,21,15,30,11,63,468,903,903,63,468,70.19
2008,11,21,16,30,13.700000000000001,67,645,978,978,67,645,55.9
2008,11,21,17,30,16.1,68,763,1015,1015,68,763,44.660000000000004
2008,11,21,18,30,17.6,71,810,1024,1024,71,810,38.4
2008,11,21,19,30,18.1,71,783,1017,1017,71,783,35.730000000000004
2008,11,21,20,30,18,68,685,992,992,68,685,35.06
2008,11,21,21,30,17.400000000000002,62,521,934,934,62,521,36.57
2008,11,21,22,30,16.1,51,312,818,818,51,312,41.14
2008,11,21,23,30,13.700000000000001,30,91,524,38,62,67,56.99
2008,11,22,0,30,12,0,0,0,0,0,0,65.56
2008,11,22,1,30,11.4,0,0,0,0,0,0,69.10000000000001
2008,11,22,2,30,10.600000000000001,0,0,0,0,0,0,74.49
2008,11,22,3,30,9.5,0,0,0,0,0,0,80.64
2008,11,22,4,30,8.6,0,0,0,0,0,0,85.4
2008,11,22,5,30,8,0,0,0,0,0,0,87.3
2008,11,22,6,30,7.4,0,0,0,0,0,0,88.44
2008,11,22,7,30,6.7,0,0,0,0,0,0,90.4
2008,11,22,8,30,6.300000000000001,0,0,0,0,0,0,90.35000000000001
2008,11,22,9,30,6,0,0,0,0,0,0,90.02
2008,11,22,10,30,5.800000000000001,0,0,0,0,0,0,89.76
2008,11,22,11,30,5.6000000000000005,0,0,0,0,0,0,89.68
2008,11,22,12,30,5.4,0,0,0,0,0,0,90.05
2008,11,22,13,30,6.2,19,39,356,0,17,17,84.2
2008,11,22,14,30,8.5,46,250,776,47,151,164,71.98
2008,11,22,15,30,11.9,58,466,918,283,199,325,58.64
2008,11,22,16,30,15.600000000000001,64,642,984,221,345,476,46.410000000000004
2008,11,22,17,30,18.1,68,756,1011,551,249,625,38.53
2008,11,22,18,30,19.5,74,803,1014,609,239,676,34.81
2008,11,22,19,30,20.1,73,774,1005,668,201,667,32.81
2008,11,22,20,30,20.3,68,677,981,667,184,597,31.53
2008,11,22,21,30,20,65,516,919,611,166,465,31.32
2008,11,22,22,30,18.6,53,308,802,300,143,239,33.49
2008,11,22,23,30,15.3,31,90,508,107,63,75,46.910000000000004
2008,11,23,0,30,12.3,0,0,0,0,0,0,59.77
2008,11,23,1,30,11.100000000000001,0,0,0,0,0,0,61.14
2008,11,23,2,30,10.100000000000001,0,0,0,0,0,0,63.14
2008,11,23,3,30,9.1,0,0,0,0,0,0,66.57000000000001
2008,11,23,4,30,8.1,0,0,0,0,0,0,71.73
2008,11,23,5,30,7.2,0,0,0,0,0,0,78.27
2008,11,23,6,30,6.6000000000000005,0,0,0,0,0,0,85.28
2008,11,23,7,30,6.7,0,0,0,0,0,0,88.60000000000001
2008,11,23,8,30,7,0,0,0,0,0,0,89.31
2008,11,23,9,30,7,0,0,0,0,0,0,90.2
2008,11,23,10,30,6.7,0,0,0,0,0,0,92.44
2008,11,23,11,30,6.6000000000000005,0,0,0,0,0,0,92.43
2008,11,23,12,30,6.5,0,0,0,0,0,0,91.8
2008,11,23,13,30,7.2,19,34,286,1,18,18,86.39
2008,11,23,14,30,9.5,49,237,724,724,49,237,73.81
2008,11,23,15,30,13.100000000000001,62,449,877,877,62,449,58.93
2008,11,23,16,30,17.1,68,622,947,947,68,622,44.59
2008,11,23,17,30,19.700000000000003,72,736,978,978,72,736,34.57
2008,11,23,18,30,21.1,71,783,995,995,71,783,30.1
2008,11,23,19,30,21.900000000000002,71,756,984,984,71,756,27.67
2008,11,23,20,30,22.200000000000003,69,660,955,955,69,660,26.93
2008,11,23,21,30,21.8,63,503,900,900,63,503,27.69
2008,11,23,22,30,20.400000000000002,52,301,785,96,166,197,30.63
2008,11,23,23,30,17.900000000000002,30,87,493,96,47,58,47.15
2008,11,24,0,30,15.8,0,0,0,0,0,0,53.6
2008,11,24,1,30,14.8,0,0,0,0,0,0,54.2
2008,11,24,2,30,13.600000000000001,0,0,0,0,0,0,57.980000000000004
2008,11,24,3,30,12.3,0,0,0,0,0,0,60.69
2008,11,24,4,30,11.3,0,0,0,0,0,0,64.46000000000001
2008,11,24,5,30,10.700000000000001,0,0,0,0,0,0,67.34
2008,11,24,6,30,10.200000000000001,0,0,0,0,0,0,70.08
2008,11,24,7,30,9.8,0,0,0,0,0,0,71.51
2008,11,24,8,30,9.4,0,0,0,0,0,0,73.46000000000001
2008,11,24,9,30,9.1,0,0,0,0,0,0,74.81
2008,11,24,10,30,8.8,0,0,0,0,0,0,75.94
2008,11,24,11,30,8.8,0,0,0,0,0,0,75.43
2008,11,24,12,30,9,0,0,0,0,0,0,73.65
2008,11,24,13,30,10.4,18,34,336,0,10,10,66.54
2008,11,24,14,30,13.3,45,239,754,14,101,104,57.620000000000005
2008,11,24,15,30,16.6,58,454,900,372,187,351,42.910000000000004
2008,11,24,16,30,19.1,66,628,965,220,338,466,31.05
2008,11,24,17,30,20.3,71,747,1001,581,232,624,27.53
2008,11,24,18,30,21.1,77,793,1004,1004,77,793,25.93
2008,11,24,19,30,21.400000000000002,76,771,1002,1002,76,771,25.26
2008,11,24,20,30,21.1,73,674,975,975,73,674,25.27
2008,11,24,21,30,20.400000000000002,66,515,921,921,66,515,25.82
2008,11,24,22,30,18.6,54,309,806,806,54,309,28.61
2008,11,24,23,30,15.3,31,90,517,517,31,90,38.08
2008,11,25,0,30,12.4,0,0,0,0,0,0,50.04
2008,11,25,1,30,11.100000000000001,0,0,0,0,0,0,52.68
2008,11,25,2,30,10.100000000000001,0,0,0,0,0,0,56.21
2008,11,25,3,30,9,0,0,0,0,0,0,62.480000000000004
2008,11,25,4,30,8,0,0,0,0,0,0,70.5
2008,11,25,5,30,7.300000000000001,0,0,0,0,0,0,78.26
2008,11,25,6,30,7,0,0,0,0,0,0,85.69
2008,11,25,7,30,7.2,0,0,0,0,0,0,91.78
2008,11,25,8,30,7.7,0,0,0,0,0,0,95.66
2008,11,25,9,30,8,0,0,0,0,0,0,96.46000000000001
2008,11,25,10,30,8,0,0,0,0,0,0,96.34
2008,11,25,11,30,7.800000000000001,0,0,0,0,0,0,96.54
2008,11,25,12,30,7.6000000000000005,0,0,0,0,0,0,96.28
2008,11,25,13,30,8.200000000000001,18,32,290,290,18,32,90.65
2008,11,25,14,30,10.200000000000001,49,237,742,50,146,159,78.75
2008,11,25,15,30,13.100000000000001,59,454,904,560,146,390,65.25
2008,11,25,16,30,16.1,64,630,977,977,64,630,52.33
2008,11,25,17,30,18.6,66,747,1012,1012,66,747,42.160000000000004
2008,11,25,18,30,20.400000000000002,68,795,1023,1023,68,795,35.57
2008,11,25,19,30,21.5,66,770,1019,1019,66,770,31.68
2008,11,25,20,30,21.900000000000002,62,674,996,996,62,674,29.55
2008,11,25,21,30,21.700000000000003,55,516,948,948,55,516,28.75
2008,11,25,22,30,20.3,46,311,842,842,46,311,30.48
2008,11,25,23,30,17,27,91,564,564,27,91,47.300000000000004
2008,11,26,0,30,14,0,0,0,0,0,0,56.58
2008,11,26,1,30,12.8,0,0,0,0,0,0,58.56
2008,11,26,2,30,12,0,0,0,0,0,0,61.35
2008,11,26,3,30,11,0,0,0,0,0,0,66.65
2008,11,26,4,30,10,0,0,0,0,0,0,73.73
2008,11,26,5,30,9.1,0,0,0,0,0,0,81.5
2008,11,26,6,30,8.5,0,0,0,0,0,0,87.27
2008,11,26,7,30,8.200000000000001,0,0,0,0,0,0,90.26
2008,11,26,8,30,8,0,0,0,0,0,0,91.15
2008,11,26,9,30,7.800000000000001,0,0,0,0,0,0,91.14
2008,11,26,10,30,7.5,0,0,0,0,0,0,91.85000000000001
2008,11,26,11,30,7.2,0,0,0,0,0,0,92.10000000000001
2008,11,26,12,30,7.1000000000000005,0,0,0,0,0,0,91.43
2008,11,26,13,30,8.5,16,31,344,344,16,31,82.02
2008,11,26,14,30,12,42,236,771,771,42,236,65.34
2008,11,26,15,30,16.8,53,447,908,908,53,447,49.21
2008,11,26,16,30,20.8,60,620,973,973,60,620,34.11
2008,11,26,17,30,22.8,64,737,1003,1003,64,737,27.650000000000002
2008,11,26,18,30,23.900000000000002,65,785,1016,1016,65,785,25.19
2008,11,26,19,30,24.5,64,761,1010,1010,64,761,23.69
2008,11,26,20,30,24.700000000000003,62,664,982,982,62,664,22.8
2008,11,26,21,30,24.400000000000002,56,507,930,930,56,507,22.77
2008,11,26,22,30,22.900000000000002,47,305,821,821,47,305,24.88
2008,11,26,23,30,19.900000000000002,28,89,539,539,28,89,39.57
2008,11,27,0,30,17.3,0,0,0,0,0,0,45.68
2008,11,27,1,30,15.8,0,0,0,0,0,0,50.06
2008,11,27,2,30,14.3,0,0,0,0,0,0,56.52
2008,11,27,3,30,13.100000000000001,0,0,0,0,0,0,62.06
2008,11,27,4,30,12.5,0,0,0,0,0,0,63.68
2008,11,27,5,30,12,0,0,0,0,0,0,64.8
2008,11,27,6,30,11.200000000000001,0,0,0,0,0,0,67.47
2008,11,27,7,30,10.600000000000001,0,0,0,0,0,0,70.5
2008,11,27,8,30,10.100000000000001,0,0,0,0,0,0,74
2008,11,27,9,30,9.8,0,0,0,0,0,0,77.09
2008,11,27,10,30,9.5,0,0,0,0,0,0,80.27
2008,11,27,11,30,9.3,0,0,0,0,0,0,82.51
2008,11,27,12,30,9.1,0,0,0,0,0,0,84.19
2008,11,27,13,30,10.700000000000001,16,29,324,324,16,29,75.56
2008,11,27,14,30,14.3,43,231,759,759,43,231,62.160000000000004
2008,11,27,15,30,18.400000000000002,54,444,905,905,54,444,46.4
2008,11,27,16,30,21.700000000000003,60,617,971,971,60,617,31.310000000000002
2008,11,27,17,30,23.400000000000002,63,734,1004,1004,63,734,26.19
2008,11,27,18,30,24.5,68,782,1010,1010,68,782,23.740000000000002
2008,11,27,19,30,25,67,756,1002,1002,67,756,22.93
2008,11,27,20,30,24.900000000000002,64,662,977,977,64,662,23.34
2008,11,27,21,30,24.3,56,504,926,926,56,504,24.75
2008,11,27,22,30,22.6,46,304,823,823,46,304,28.3
2008,11,27,23,30,18.900000000000002,27,88,545,545,27,88,43.78
2008,11,28,0,30,15.8,0,0,0,0,0,0,55.67
2008,11,28,1,30,14.700000000000001,0,0,0,0,0,0,59.15
2008,11,28,2,30,13.700000000000001,0,0,0,0,0,0,63.980000000000004
2008,11,28,3,30,12.8,0,0,0,0,0,0,69.39
2008,11,28,4,30,12,0,0,0,0,0,0,74.39
2008,11,28,5,30,11.200000000000001,0,0,0,0,0,0,78.77
2008,11,28,6,30,10.5,0,0,0,0,0,0,82.13
2008,11,28,7,30,9.9,0,0,0,0,0,0,84.44
2008,11,28,8,30,9.5,0,0,0,0,0,0,84.85000000000001
2008,11,28,9,30,9.1,0,0,0,0,0,0,84.53
2008,11,28,10,30,8.700000000000001,0,0,0,0,0,0,83.25
2008,11,28,11,30,8.4,0,0,0,0,0,0,80.60000000000001
2008,11,28,12,30,8.3,0,0,0,0,0,0,76.8
2008,11,28,13,30,10.3,14,28,353,1,16,16,64.71000000000001
2008,11,28,14,30,14.100000000000001,38,229,777,286,112,182,51.54
2008,11,28,15,30,17.900000000000002,49,440,915,915,49,440,41.14
2008,11,28,16,30,20.900000000000002,56,612,974,636,171,535,34.35
2008,11,28,17,30,22.700000000000003,59,728,1006,188,393,517,30.64
2008,11,28,18,30,23.8,59,774,1016,18,343,356,28.73
2008,11,28,19,30,24.1,59,751,1010,613,214,634,28.330000000000002
2008,11,28,20,30,23.8,56,656,983,983,56,656,29.14
2008,11,28,21,30,22.8,51,502,933,608,192,486,31.330000000000002
2008,11,28,22,30,21,43,303,832,346,129,237,35.03
2008,11,28,23,30,18,26,89,555,198,53,76,43.52
2008,11,29,0,30,15.600000000000001,0,0,0,0,0,0,53.71
2008,11,29,1,30,14.5,0,0,0,0,0,0,57.93
2008,11,29,2,30,13.600000000000001,0,0,0,0,0,0,62.26
2008,11,29,3,30,12.8,0,0,0,0,0,0,67.3
2008,11,29,4,30,12.100000000000001,0,0,0,0,0,0,73.49
2008,11,29,5,30,11.700000000000001,0,0,0,0,0,0,78.37
2008,11,29,6,30,11.200000000000001,0,0,0,0,0,0,81.46000000000001
2008,11,29,7,30,10.9,0,0,0,0,0,0,81.49
2008,11,29,8,30,10.4,0,0,0,0,0,0,81.73
2008,11,29,9,30,9.8,0,0,0,0,0,0,82.51
2008,11,29,10,30,9.4,0,0,0,0,0,0,82.28
2008,11,29,11,30,9.200000000000001,0,0,0,0,0,0,81.15
2008,11,29,12,30,8.8,0,0,0,0,0,0,81.05
2008,11,29,13,30,9.3,15,27,335,335,15,27,75.92
2008,11,29,14,30,11.4,40,231,787,125,133,164,64.94
2008,11,29,15,30,14.5,49,449,940,440,180,367,48.2
2008,11,29,16,30,17.3,53,625,1007,452,226,483,34.82
2008,11,29,17,30,19.1,56,748,1043,139,378,470,28.18
2008,11,29,18,30,20.1,62,799,1050,427,317,617,24.63
2008,11,29,19,30,20.400000000000002,57,770,1044,1044,57,770,23.03
2008,11,29,20,30,20,53,675,1022,630,201,584,23.01
2008,11,29,21,30,19,51,518,971,568,170,444,23.54
2008,11,29,22,30,17.1,43,316,872,1,65,66,24.97
2008,11,29,23,30,14.700000000000001,26,93,595,136,46,62,29.51
2008,11,30,0,30,12.5,0,0,0,0,0,0,38.410000000000004
2008,11,30,1,30,11.100000000000001,0,0,0,0,0,0,47.46
2008,11,30,2,30,10,0,0,0,0,0,0,55.71
2008,11,30,3,30,8.8,0,0,0,0,0,0,63
2008,11,30,4,30,7.7,0,0,0,0,0,0,68.35000000000001
2008,11,30,5,30,6.800000000000001,0,0,0,0,0,0,72.2
2008,11,30,6,30,5.9,0,0,0,0,0,0,75.93
2008,11,30,7,30,4.9,0,0,0,0,0,0,79.84
2008,11,30,8,30,3.9000000000000004,0,0,0,0,0,0,84.26
2008,11,30,9,30,3.1,0,0,0,0,0,0,86.55
2008,11,30,10,30,2.5,0,0,0,0,0,0,86.15
2008,11,30,11,30,2.1,0,0,0,0,0,0,83.01
2008,11,30,12,30,2,0,0,0,0,0,0,76.69
2008,11,30,13,30,3.9000000000000004,13,27,393,393,13,27,62.120000000000005
2008,11,30,14,30,7.800000000000001,36,237,836,836,36,237,48.47
2008,11,30,15,30,11.3,45,457,975,975,45,457,37.26
2008,11,30,16,30,14,50,632,1028,1028,50,632,29.51
2008,11,30,17,30,15.9,53,753,1058,1058,53,753,24.94
2008,11,30,18,30,17.400000000000002,54,803,1069,1069,54,803,21.91
2008,11,30,19,30,18.3,54,780,1065,1065,54,780,20.29
2008,11,30,20,30,18.5,53,685,1041,1041,53,685,19.77
2008,11,30,21,30,18,48,527,994,994,48,527,20.2
2008,11,30,22,30,16.2,41,320,891,891,41,320,22.830000000000002
2008,11,30,23,30,12.4,25,95,621,621,25,95,34.38
2008,12,1,0,30,9,0,0,0,0,0,0,49.42
2008,12,1,1,30,7.6000000000000005,0,0,0,0,0,0,52.47
2008,12,1,2,30,6.5,0,0,0,0,0,0,54.870000000000005
2008,12,1,3,30,5.5,0,0,0,0,0,0,56.94
2008,12,1,4,30,4.7,0,0,0,0,0,0,58.18
2008,12,1,5,30,4.1000000000000005,0,0,0,0,0,0,58.620000000000005
2008,12,1,6,30,3.7,0,0,0,0,0,0,58.18
2008,12,1,7,30,3.3000000000000003,0,0,0,0,0,0,57.74
2008,12,1,8,30,2.8000000000000003,0,0,0,0,0,0,58.27
2008,12,1,9,30,2.2,0,0,0,0,0,0,59.800000000000004
2008,12,1,10,30,1.6,0,0,0,0,0,0,61.68
2008,12,1,11,30,1.2000000000000002,0,0,0,0,0,0,62.940000000000005
2008,12,1,12,30,1.3,0,0,0,0,0,0,62.13
2008,12,1,13,30,3.2,13,26,389,389,13,26,54.08
2008,12,1,14,30,6.9,37,238,843,843,37,238,47.54
2008,12,1,15,30,10.700000000000001,47,460,982,982,47,460,33.34
2008,12,1,16,30,13.700000000000001,52,641,1045,1045,52,641,25.080000000000002
2008,12,1,17,30,15.9,55,763,1075,1075,55,763,20.59
2008,12,1,18,30,17.6,58,816,1085,1085,58,816,17.21
2008,12,1,19,30,18.6,57,793,1081,1081,57,793,15.5
2008,12,1,20,30,19.1,56,697,1058,1058,56,697,14.59
2008,12,1,21,30,18.8,51,536,1010,1010,51,536,14.620000000000001
2008,12,1,22,30,17,43,327,910,910,43,327,16.7
2008,12,1,23,30,12.9,26,97,628,628,26,97,38.33
2008,12,2,0,30,9.5,0,0,0,0,0,0,43.82
2008,12,2,1,30,7.9,0,0,0,0,0,0,45.93
2008,12,2,2,30,6.6000000000000005,0,0,0,0,0,0,48.660000000000004
2008,12,2,3,30,5.5,0,0,0,0,0,0,51.22
2008,12,2,4,30,4.800000000000001,0,0,0,0,0,0,52.22
2008,12,2,5,30,4.4,0,0,0,0,0,0,51.54
2008,12,2,6,30,4.3,0,0,0,0,0,0,49.14
2008,12,2,7,30,3.8000000000000003,0,0,0,0,0,0,48.74
2008,12,2,8,30,3.1,0,0,0,0,0,0,49.97
2008,12,2,9,30,2.6,0,0,0,0,0,0,50.88
2008,12,2,10,30,2.3000000000000003,0,0,0,0,0,0,51.120000000000005
2008,12,2,11,30,2.1,0,0,0,0,0,0,51.2
2008,12,2,12,30,2,0,0,0,0,0,0,51.06
2008,12,2,13,30,4,13,24,382,382,13,24,44.53
2008,12,2,14,30,8.3,36,234,842,842,36,234,42.25
2008,12,2,15,30,13.200000000000001,45,456,984,984,45,456,26.18
2008,12,2,16,30,17.6,51,638,1046,1046,51,638,18.51
2008,12,2,17,30,20.700000000000003,52,760,1078,1078,52,760,11.49
2008,12,2,18,30,22.3,57,813,1087,1087,57,813,9.28
2008,12,2,19,30,23.200000000000003,56,791,1082,1082,56,791,8.77
2008,12,2,20,30,23.400000000000002,54,696,1061,1061,54,696,8.99
2008,12,2,21,30,22.900000000000002,48,535,1015,1015,48,535,9.6
2008,12,2,22,30,20.900000000000002,40,322,904,904,40,322,12.08
2008,12,2,23,30,18.1,25,97,639,639,25,97,28.21
2008,12,3,0,30,16.1,0,0,0,0,0,0,23.52
2008,12,3,1,30,14.4,0,0,0,0,0,0,25.16
2008,12,3,2,30,11.8,0,0,0,0,0,0,32.57
2008,12,3,3,30,9.1,0,0,0,0,0,0,44.26
2008,12,3,4,30,7.6000000000000005,0,0,0,0,0,0,52.54
2008,12,3,5,30,6.800000000000001,0,0,0,0,0,0,58.08
2008,12,3,6,30,6.2,0,0,0,0,0,0,62.45
2008,12,3,7,30,5.800000000000001,0,0,0,0,0,0,63.47
2008,12,3,8,30,5.4,0,0,0,0,0,0,62.57
2008,12,3,9,30,5.300000000000001,0,0,0,0,0,0,60.32
2008,12,3,10,30,5.5,0,0,0,0,0,0,57.71
2008,12,3,11,30,5.7,0,0,0,0,0,0,56.43
2008,12,3,12,30,5.800000000000001,0,0,0,0,0,0,54.85
2008,12,3,13,30,7.300000000000001,13,22,341,0,9,9,48.89
2008,12,3,14,30,10.200000000000001,39,226,803,7,116,118,42.07
2008,12,3,15,30,13.4,51,445,949,455,171,360,33.3
2008,12,3,16,30,17.3,59,625,1014,466,273,533,26
2008,12,3,17,30,20.400000000000002,63,747,1046,307,329,529,18.75
2008,12,3,18,30,21.900000000000002,69,794,1044,376,319,581,16.18
2008,12,3,19,30,22.5,67,768,1035,301,355,559,15.23
2008,12,3,20,30,22.400000000000002,63,675,1012,240,305,450,15.13
2008,12,3,21,30,21.400000000000002,61,514,946,658,152,467,16.14
2008,12,3,22,30,18.7,51,310,832,62,165,184,20.97
2008,12,3,23,30,15.5,30,91,541,25,59,62,41.4
2008,12,4,0,30,13.4,0,0,0,0,0,0,46.800000000000004
2008,12,4,1,30,12,0,0,0,0,0,0,48.64
2008,12,4,2,30,11.5,0,0,0,0,0,0,46.46
2008,12,4,3,30,11.200000000000001,0,0,0,0,0,0,47.45
2008,12,4,4,30,10.3,0,0,0,0,0,0,48.7
2008,12,4,5,30,9.4,0,0,0,0,0,0,48.7
2008,12,4,6,30,9,0,0,0,0,0,0,46.660000000000004
2008,12,4,7,30,8.8,0,0,0,0,0,0,45.03
2008,12,4,8,30,8.5,0,0,0,0,0,0,43.83
2008,12,4,9,30,8.200000000000001,0,0,0,0,0,0,42.74
2008,12,4,10,30,7.9,0,0,0,0,0,0,42.45
2008,12,4,11,30,7.6000000000000005,0,0,0,0,0,0,42.230000000000004
2008,12,4,12,30,6.9,0,0,0,0,0,0,43.39
2008,12,4,13,30,7.2,13,19,234,234,13,19,41.88
2008,12,4,14,30,9.600000000000001,44,215,743,743,44,215,42.78
2008,12,4,15,30,13.100000000000001,58,431,903,903,58,431,29.94
2008,12,4,16,30,16.2,66,609,976,976,66,609,26.05
2008,12,4,17,30,18.3,71,726,1005,1005,71,726,24.04
2008,12,4,18,30,19.700000000000003,73,778,1018,1018,73,778,23.63
2008,12,4,19,30,20.6,73,754,1006,1006,73,754,23.47
2008,12,4,20,30,21,70,662,981,981,70,662,23.53
2008,12,4,21,30,20.8,62,506,926,926,62,506,24.28
2008,12,4,22,30,19.200000000000003,51,305,814,814,51,305,27.51
2008,12,4,23,30,16.1,30,89,523,523,30,89,45.1
2008,12,5,0,30,13.700000000000001,0,0,0,0,0,0,48.86
2008,12,5,1,30,12.4,0,0,0,0,0,0,53.19
2008,12,5,2,30,10.9,0,0,0,0,0,0,58.79
2008,12,5,3,30,9.600000000000001,0,0,0,0,0,0,64.11
2008,12,5,4,30,8.700000000000001,0,0,0,0,0,0,68.33
2008,12,5,5,30,8.4,0,0,0,0,0,0,70.27
2008,12,5,6,30,8.200000000000001,0,0,0,0,0,0,72.72
2008,12,5,7,30,7.300000000000001,0,0,0,0,0,0,77.59
2008,12,5,8,30,6.5,0,0,0,0,0,0,81.63
2008,12,5,9,30,5.9,0,0,0,0,0,0,84.95
2008,12,5,10,30,5.4,0,0,0,0,0,0,87.33
2008,12,5,11,30,5.1000000000000005,0,0,0,0,0,0,88.24
2008,12,5,12,30,5,0,0,0,0,0,0,87.51
2008,12,5,13,30,6.800000000000001,12,18,268,268,12,18,76.16
2008,12,5,14,30,10.600000000000001,39,213,764,764,39,213,60.43
2008,12,5,15,30,14.8,50,426,920,920,50,426,45.24
2008,12,5,16,30,18.1,56,603,988,988,56,603,33.660000000000004
2008,12,5,17,30,20,60,721,1016,1016,60,721,29
2008,12,5,18,30,21.3,61,773,1030,1030,61,773,26.22
2008,12,5,19,30,22,61,750,1021,1021,61,750,24.650000000000002
2008,12,5,20,30,22,59,660,997,997,59,660,24.39
2008,12,5,21,30,21.400000000000002,56,505,939,379,200,382,25.560000000000002
2008,12,5,22,30,19.5,46,305,829,362,134,247,29.79
2008,12,5,23,30,16.3,28,90,545,545,28,90,47.67
2008,12,6,0,30,14.200000000000001,0,0,0,0,0,0,55.22
2008,12,6,1,30,13.200000000000001,0,0,0,0,0,0,59.13
2008,12,6,2,30,12.4,0,0,0,0,0,0,63.17
2008,12,6,3,30,11.600000000000001,0,0,0,0,0,0,67.21000000000001
2008,12,6,4,30,10.9,0,0,0,0,0,0,71.16
2008,12,6,5,30,10.200000000000001,0,0,0,0,0,0,75.10000000000001
2008,12,6,6,30,9.200000000000001,0,0,0,0,0,0,80.67
2008,12,6,7,30,8.3,0,0,0,0,0,0,86.21000000000001
2008,12,6,8,30,7.6000000000000005,0,0,0,0,0,0,90.88
2008,12,6,9,30,7.1000000000000005,0,0,0,0,0,0,93.91
2008,12,6,10,30,6.6000000000000005,0,0,0,0,0,0,96.63
2008,12,6,11,30,6.2,0,0,0,0,0,0,98.59
2008,12,6,12,30,6,0,0,0,0,0,0,99.09
2008,12,6,13,30,7.800000000000001,11,16,270,270,11,16,86.74
2008,12,6,14,30,11.5,37,206,753,753,37,206,67.96000000000001
2008,12,6,15,30,15.5,47,417,907,907,47,417,51.11
2008,12,6,16,30,18.5,53,594,979,979,53,594,39.26
2008,12,6,17,30,20.3,57,713,1012,1012,57,713,33.910000000000004
2008,12,6,18,30,21.5,64,766,1018,0,33,33,30.060000000000002
2008,12,6,19,30,22.1,63,746,1013,1013,63,746,27.37
2008,12,6,20,30,22.200000000000003,60,656,990,990,60,656,25.76
2008,12,6,21,30,21.6,55,504,940,532,173,427,25.66
2008,12,6,22,30,19.700000000000003,46,306,832,832,46,306,28.37
2008,12,6,23,30,16,28,91,553,553,28,91,41.21
2008,12,7,0,30,12.8,0,0,0,0,0,0,52.07
2008,12,7,1,30,11.4,0,0,0,0,0,0,54.15
2008,12,7,2,30,10,0,0,0,0,0,0,57.9
2008,12,7,3,30,8.9,0,0,0,0,0,0,60.58
2008,12,7,4,30,8.3,0,0,0,0,0,0,61.09
2008,12,7,5,30,8.200000000000001,0,0,0,0,0,0,58.99
2008,12,7,6,30,8.1,0,0,0,0,0,0,56.64
2008,12,7,7,30,7.6000000000000005,0,0,0,0,0,0,56.870000000000005
2008,12,7,8,30,7.1000000000000005,0,0,0,0,0,0,58.08
2008,12,7,9,30,6.800000000000001,0,0,0,0,0,0,58.96
2008,12,7,10,30,6.6000000000000005,0,0,0,0,0,0,59.7
2008,12,7,11,30,6.2,0,0,0,0,0,0,61.65
2008,12,7,12,30,5.7,0,0,0,0,0,0,64.68
2008,12,7,13,30,6.9,11,15,246,246,11,15,61.04
2008,12,7,14,30,10.200000000000001,40,208,758,758,40,208,54.81
2008,12,7,15,30,14.200000000000001,53,423,914,914,53,423,44.410000000000004
2008,12,7,16,30,17.900000000000002,60,598,980,528,245,536,36.08
2008,12,7,17,30,20.3,64,719,1014,1014,64,719,28.46
2008,12,7,18,30,21.700000000000003,66,773,1026,1026,66,773,24.3
2008,12,7,19,30,22.5,65,753,1023,1023,65,753,22.38
2008,12,7,20,30,22.8,62,663,1000,616,195,566,21.41
2008,12,7,21,30,22.5,56,511,949,949,56,511,21.330000000000002
2008,12,7,22,30,21,47,309,839,375,128,245,23.11
2008,12,7,23,30,18.1,28,93,560,19,55,57,39.550000000000004
2008,12,8,0,30,15.600000000000001,0,0,0,0,0,0,44.04
2008,12,8,1,30,14.4,0,0,0,0,0,0,47.480000000000004
2008,12,8,2,30,13.5,0,0,0,0,0,0,51.22
2008,12,8,3,30,12.600000000000001,0,0,0,0,0,0,54.800000000000004
2008,12,8,4,30,11.8,0,0,0,0,0,0,58.65
2008,12,8,5,30,11.200000000000001,0,0,0,0,0,0,62.25
2008,12,8,6,30,10.8,0,0,0,0,0,0,67.62
2008,12,8,7,30,10.600000000000001,0,0,0,0,0,0,74.55
2008,12,8,8,30,10.200000000000001,0,0,0,0,0,0,83.66
2008,12,8,9,30,9.600000000000001,0,0,0,0,0,0,91.24
2008,12,8,10,30,9,0,0,0,0,0,0,95.41
2008,12,8,11,30,8.4,0,0,0,0,0,0,97.99000000000001
2008,12,8,12,30,8.1,0,0,0,0,0,0,97.85000000000001
2008,12,8,13,30,9.3,0,0,0,0,0,0,87.3
2008,12,8,14,30,12.100000000000001,37,204,759,759,37,204,70.17
2008,12,8,15,30,15.8,47,418,921,921,47,418,54.32
2008,12,8,16,30,19.200000000000003,53,595,990,990,53,595,36.54
2008,12,8,17,30,21.3,57,716,1023,1023,57,716,27.16
2008,12,8,18,30,22.5,62,770,1031,1031,62,770,22.67
2008,12,8,19,30,22.5,60,751,1028,1028,60,751,21.31
2008,12,8,20,30,21.8,56,662,1008,499,215,515,21.78
2008,12,8,21,30,20.700000000000003,54,510,955,337,220,381,23.5
2008,12,8,22,30,18.900000000000002,45,311,849,136,156,199,27.04
2008,12,8,23,30,15.5,27,95,585,54,63,70,37.78
2008,12,9,0,30,12.600000000000001,0,0,0,0,0,0,49.65
2008,12,9,1,30,11.8,0,0,0,0,0,0,53.300000000000004
2008,12,9,2,30,11.200000000000001,0,0,0,0,0,0,59.4
2008,12,9,3,30,10.5,0,0,0,0,0,0,68.16
2008,12,9,4,30,9.8,0,0,0,0,0,0,75.92
2008,12,9,5,30,9.3,0,0,0,0,0,0,80
2008,12,9,6,30,9,0,0,0,0,0,0,81.03
2008,12,9,7,30,8.6,0,0,0,0,0,0,81.79
2008,12,9,8,30,8.3,0,0,0,0,0,0,82.01
2008,12,9,9,30,7.800000000000001,0,0,0,0,0,0,83.68
2008,12,9,10,30,7.2,0,0,0,0,0,0,86.64
2008,12,9,11,30,6.9,0,0,0,0,0,0,88.22
2008,12,9,12,30,6.6000000000000005,0,0,0,0,0,0,89.23
2008,12,9,13,30,7.6000000000000005,0,0,0,0,0,0,81.88
2008,12,9,14,30,10.700000000000001,34,208,799,63,109,122,64.8
2008,12,9,15,30,14.600000000000001,43,424,951,156,198,261,46.85
2008,12,9,16,30,17.8,49,604,1018,1018,49,604,31.19
2008,12,9,17,30,19.700000000000003,51,727,1052,1052,51,727,25.580000000000002
2008,12,9,18,30,20.900000000000002,60,784,1057,647,224,668,23.26
2008,12,9,19,30,21.3,57,765,1056,483,260,585,22.8
2008,12,9,20,30,21,54,671,1029,321,278,471,23.76
2008,12,9,21,30,19.900000000000002,56,519,969,274,240,371,26.09
2008,12,9,22,30,18,45,318,871,64,150,170,30.490000000000002
2008,12,9,23,30,14.8,27,98,609,21,58,61,40.4
2008,12,10,0,30,12.100000000000001,0,0,0,0,0,0,52.9
2008,12,10,1,30,11.100000000000001,0,0,0,0,0,0,58.71
2008,12,10,2,30,10.4,0,0,0,0,0,0,64.16
2008,12,10,3,30,9.600000000000001,0,0,0,0,0,0,70.71000000000001
2008,12,10,4,30,8.8,0,0,0,0,0,0,77.97
2008,12,10,5,30,7.9,0,0,0,0,0,0,85.32000000000001
2008,12,10,6,30,7,0,0,0,0,0,0,90.34
2008,12,10,7,30,5.800000000000001,0,0,0,0,0,0,90.76
2008,12,10,8,30,4.5,0,0,0,0,0,0,88.22
2008,12,10,9,30,3.2,0,0,0,0,0,0,85.28
2008,12,10,10,30,2.2,0,0,0,0,0,0,81.87
2008,12,10,11,30,1.3,0,0,0,0,0,0,80.77
2008,12,10,12,30,0.6000000000000001,0,0,0,0,0,0,79.99
2008,12,10,13,30,0.6000000000000001,0,0,0,0,0,0,76.8
2008,12,10,14,30,1.9000000000000001,50,199,694,694,50,199,66.7
2008,12,10,15,30,4.3,61,423,908,908,61,423,53.54
2008,12,10,16,30,6.9,65,613,1008,1008,65,613,43.35
2008,12,10,17,30,9.200000000000001,64,746,1064,1064,64,746,35.43
2008,12,10,18,30,10.9,61,802,1082,1082,61,802,27.68
2008,12,10,19,30,11.8,59,783,1081,1081,59,783,22.47
2008,12,10,20,30,12,54,692,1063,1063,54,692,19.86
2008,12,10,21,30,11.5,50,536,1016,1016,50,536,19.5
2008,12,10,22,30,10.100000000000001,42,331,919,919,42,331,21.1
2008,12,10,23,30,6.7,27,104,661,661,27,104,29.8
2008,12,11,0,30,3.7,0,0,0,0,0,0,47.19
2008,12,11,1,30,2.4000000000000004,0,0,0,0,0,0,50.42
2008,12,11,2,30,1.4000000000000001,0,0,0,0,0,0,52.65
2008,12,11,3,30,0.5,0,0,0,0,0,0,55.02
2008,12,11,4,30,-0.2,0,0,0,0,0,0,56.800000000000004
2008,12,11,5,30,-0.7000000000000001,0,0,0,0,0,0,57.59
2008,12,11,6,30,-1.1,0,0,0,0,0,0,58.730000000000004
2008,12,11,7,30,-1.6,0,0,0,0,0,0,60.31
2008,12,11,8,30,-2,0,0,0,0,0,0,60.89
2008,12,11,9,30,-2.2,0,0,0,0,0,0,61.17
2008,12,11,10,30,-2.2,0,0,0,0,0,0,60.77
2008,12,11,11,30,-2,0,0,0,0,0,0,59.79
2008,12,11,12,30,-1.8,0,0,0,0,0,0,59.29
2008,12,11,13,30,-0.1,0,0,0,0,0,0,52.46
2008,12,11,14,30,3.4000000000000004,34,207,810,810,34,207,44.47
2008,12,11,15,30,7,44,427,966,966,44,427,31.560000000000002
2008,12,11,16,30,10.200000000000001,48,608,1035,1035,48,608,25.04
2008,12,11,17,30,13,53,734,1066,1066,53,734,21.080000000000002
2008,12,11,18,30,15.100000000000001,58,792,1075,1075,58,792,19.580000000000002
2008,12,11,19,30,16.5,57,769,1062,1062,57,769,19.38
2008,12,11,20,30,17.2,56,679,1040,1040,56,679,19.650000000000002
2008,12,11,21,30,17,49,526,996,996,49,526,20.41
2008,12,11,22,30,15,43,324,893,893,43,324,23.89
2008,12,11,23,30,11.4,27,102,629,629,27,102,44.1
2008,12,12,0,30,8.8,0,0,0,0,0,0,50.050000000000004
2008,12,12,1,30,7.6000000000000005,0,0,0,0,0,0,51.59
2008,12,12,2,30,6.5,0,0,0,0,0,0,53.2
2008,12,12,3,30,5.7,0,0,0,0,0,0,54.230000000000004
2008,12,12,4,30,5.2,0,0,0,0,0,0,54.78
2008,12,12,5,30,4.9,0,0,0,0,0,0,54.85
2008,12,12,6,30,4.7,0,0,0,0,0,0,54.230000000000004
2008,12,12,7,30,4.3,0,0,0,0,0,0,54.54
2008,12,12,8,30,3.8000000000000003,0,0,0,0,0,0,56.300000000000004
2008,12,12,9,30,3.3000000000000003,0,0,0,0,0,0,57.4
2008,12,12,10,30,2.9000000000000004,0,0,0,0,0,0,55.870000000000005
2008,12,12,11,30,2.6,0,0,0,0,0,0,55.46
2008,12,12,12,30,2.1,0,0,0,0,0,0,56.550000000000004
2008,12,12,13,30,3.7,0,0,0,0,0,0,50.93
2008,12,12,14,30,7.4,34,200,787,787,34,200,45.410000000000004
2008,12,12,15,30,11.9,44,417,945,945,44,417,32.230000000000004
2008,12,12,16,30,16.1,49,597,1015,1015,49,597,24.1
2008,12,12,17,30,18.8,52,721,1049,1049,52,721,20.09
2008,12,12,18,30,20.400000000000002,56,774,1053,1053,56,774,18
2008,12,12,19,30,21.3,56,758,1049,1049,56,758,16.76
2008,12,12,20,30,21.6,54,670,1028,1028,54,670,16.23
2008,12,12,21,30,21.200000000000003,49,519,981,521,180,429,16.51
2008,12,12,22,30,19.200000000000003,42,317,874,874,42,317,19.17
2008,12,12,23,30,15.100000000000001,27,100,611,33,61,65,41.87
2008,12,13,0,30,11.9,0,0,0,0,0,0,43.57
2008,12,13,1,30,10.4,0,0,0,0,0,0,45.42
2008,12,13,2,30,9.1,0,0,0,0,0,0,48.78
2008,12,13,3,30,7.9,0,0,0,0,0,0,52.95
2008,12,13,4,30,7.1000000000000005,0,0,0,0,0,0,56.39
2008,12,13,5,30,6.6000000000000005,0,0,0,0,0,0,58.59
2008,12,13,6,30,6.2,0,0,0,0,0,0,60.25
2008,12,13,7,30,6.2,0,0,0,0,0,0,60.24
2008,12,13,8,30,6.4,0,0,0,0,0,0,60.06
2008,12,13,9,30,6.300000000000001,0,0,0,0,0,0,60.45
2008,12,13,10,30,5.9,0,0,0,0,0,0,61.04
2008,12,13,11,30,5.4,0,0,0,0,0,0,61.81
2008,12,13,12,30,5,0,0,0,0,0,0,62.31
2008,12,13,13,30,6.4,0,0,0,0,0,0,56.22
2008,12,13,14,30,9.9,39,195,747,2,84,85,45.980000000000004
2008,12,13,15,30,13.9,53,412,914,104,240,281,36.84
2008,12,13,16,30,17.2,63,593,985,985,63,593,30.04
2008,12,13,17,30,18.6,69,714,1013,1013,69,714,27.400000000000002
2008,12,13,18,30,19.3,72,770,1025,833,174,741,25.98
2008,12,13,19,30,19.700000000000003,71,754,1023,765,190,702,24.91
2008,12,13,20,30,19.8,67,667,1001,449,248,518,24.37
2008,12,13,21,30,19.400000000000002,58,517,956,77,245,282,24.64
2008,12,13,22,30,17.5,47,318,857,374,133,251,28.21
2008,12,13,23,30,14,28,100,597,22,61,63,40.31
2008,12,14,0,30,11.600000000000001,0,0,0,0,0,0,51.01
2008,12,14,1,30,10.9,0,0,0,0,0,0,54.230000000000004
2008,12,14,2,30,10.200000000000001,0,0,0,0,0,0,57.92
2008,12,14,3,30,9.200000000000001,0,0,0,0,0,0,63.15
2008,12,14,4,30,8.200000000000001,0,0,0,0,0,0,67.98
2008,12,14,5,30,7.9,0,0,0,0,0,0,68.98
2008,12,14,6,30,7.800000000000001,0,0,0,0,0,0,67.33
2008,12,14,7,30,7.800000000000001,0,0,0,0,0,0,63.95
2008,12,14,8,30,7.9,0,0,0,0,0,0,60.51
2008,12,14,9,30,7.9,0,0,0,0,0,0,58.300000000000004
2008,12,14,10,30,7.800000000000001,0,0,0,0,0,0,56.89
2008,12,14,11,30,7.7,0,0,0,0,0,0,55.52
2008,12,14,12,30,7.5,0,0,0,0,0,0,54.49
2008,12,14,13,30,8.200000000000001,0,0,0,0,0,0,50.04
2008,12,14,14,30,10.8,36,191,746,746,36,191,40.86
2008,12,14,15,30,14.700000000000001,48,402,909,909,48,402,30.71
2008,12,14,16,30,18.8,53,581,983,983,53,581,19.47
2008,12,14,17,30,21.6,56,704,1020,1020,56,704,14.99
2008,12,14,18,30,23.200000000000003,56,757,1030,1030,56,757,15.1
2008,12,14,19,30,23.700000000000003,56,742,1027,1027,56,742,16.580000000000002
2008,12,14,20,30,23.5,54,657,1004,1004,54,657,17.900000000000002
2008,12,14,21,30,22.6,51,509,955,955,51,509,19.62
2008,12,14,22,30,20.200000000000003,44,314,853,446,139,281,23.72
2008,12,14,23,30,16.6,28,99,589,7,61,62,34.68
2008,12,15,0,30,14.200000000000001,0,0,0,0,0,0,43.99
2008,12,15,1,30,13.3,0,0,0,0,0,0,46.86
2008,12,15,2,30,12.4,0,0,0,0,0,0,50.230000000000004
2008,12,15,3,30,11.600000000000001,0,0,0,0,0,0,53.64
2008,12,15,4,30,10.8,0,0,0,0,0,0,56.93
2008,12,15,5,30,10.100000000000001,0,0,0,0,0,0,59.21
2008,12,15,6,30,9.4,0,0,0,0,0,0,60.53
2008,12,15,7,30,8.9,0,0,0,0,0,0,60.21
2008,12,15,8,30,8.5,0,0,0,0,0,0,59.160000000000004
2008,12,15,9,30,8.200000000000001,0,0,0,0,0,0,58.49
2008,12,15,10,30,8,0,0,0,0,0,0,58.6
2008,12,15,11,30,7.9,0,0,0,0,0,0,59.25
2008,12,15,12,30,7.800000000000001,0,0,0,0,0,0,60.77
2008,12,15,13,30,9.4,0,0,0,0,0,0,55.69
2008,12,15,14,30,12.600000000000001,36,184,725,143,106,135,48.93
2008,12,15,15,30,16.6,48,395,893,369,156,299,36.910000000000004
2008,12,15,16,30,20.5,54,572,969,578,177,486,28.96
2008,12,15,17,30,22.900000000000002,58,695,1005,1005,58,695,24.5
2008,12,15,18,30,24.1,61,752,1016,1016,61,752,23.54
2008,12,15,19,30,24.8,60,735,1011,578,226,611,23.5
2008,12,15,20,30,24.900000000000002,56,650,991,991,56,650,24.21
2008,12,15,21,30,24.400000000000002,55,505,935,570,160,434,25.59
2008,12,15,22,30,22.5,46,311,834,162,160,212,29.3
2008,12,15,23,30,19.1,28,99,577,263,55,87,47.63
2008,12,16,0,30,16.3,0,0,0,0,0,0,50.69
2008,12,16,1,30,14.9,0,0,0,0,0,0,54.04
2008,12,16,2,30,13.700000000000001,0,0,0,0,0,0,57.300000000000004
2008,12,16,3,30,12.700000000000001,0,0,0,0,0,0,60.11
2008,12,16,4,30,11.600000000000001,0,0,0,0,0,0,63.83
2008,12,16,5,30,10.600000000000001,0,0,0,0,0,0,67.94
2008,12,16,6,30,9.8,0,0,0,0,0,0,72
2008,12,16,7,30,9,0,0,0,0,0,0,76.21000000000001
2008,12,16,8,30,8.4,0,0,0,0,0,0,79.11
2008,12,16,9,30,7.9,0,0,0,0,0,0,80.9
2008,12,16,10,30,7.7,0,0,0,0,0,0,80.60000000000001
2008,12,16,11,30,7.6000000000000005,0,0,0,0,0,0,79.47
2008,12,16,12,30,7.7,0,0,0,0,0,0,77.54
2008,12,16,13,30,9.4,0,0,0,0,0,0,68.46000000000001
2008,12,16,14,30,13.100000000000001,36,188,748,748,36,188,55.46
2008,12,16,15,30,17.5,48,406,926,926,48,406,42.96
2008,12,16,16,30,21.6,54,588,1001,1001,54,588,30.44
2008,12,16,17,30,24,59,714,1035,1035,59,714,21.52
2008,12,16,18,30,25.1,63,773,1046,843,170,742,18.36
2008,12,16,19,30,25.3,64,759,1041,723,259,742,17.18
2008,12,16,20,30,24.8,62,670,1013,62,269,306,17.13
2008,12,16,21,30,23.6,57,521,964,964,57,521,18.37
2008,12,16,22,30,21,47,322,865,865,47,322,25.19
2008,12,16,23,30,17.3,29,105,609,609,29,105,44.04
2008,12,17,0,30,14.9,0,0,0,0,0,0,47.71
2008,12,17,1,30,13.5,0,0,0,0,0,0,50.86
2008,12,17,2,30,12.4,0,0,0,0,0,0,53.21
2008,12,17,3,30,11.4,0,0,0,0,0,0,55.76
2008,12,17,4,30,10.600000000000001,0,0,0,0,0,0,58.32
2008,12,17,5,30,9.9,0,0,0,0,0,0,61.01
2008,12,17,6,30,9.200000000000001,0,0,0,0,0,0,64.2
2008,12,17,7,30,8.700000000000001,0,0,0,0,0,0,66.63
2008,12,17,8,30,8.3,0,0,0,0,0,0,68.16
2008,12,17,9,30,8.1,0,0,0,0,0,0,68.11
2008,12,17,10,30,8,0,0,0,0,0,0,66.53
2008,12,17,11,30,7.9,0,0,0,0,0,0,64.06
2008,12,17,12,30,7.9,0,0,0,0,0,0,60.84
2008,12,17,13,30,9.4,0,0,0,0,0,0,52.26
2008,12,17,14,30,12.9,40,186,729,729,40,186,47.25
2008,12,17,15,30,17.3,54,403,906,906,54,403,32.07
2008,12,17,16,30,21.1,63,586,982,982,63,586,24.01
2008,12,17,17,30,23.5,68,712,1019,1019,68,712,18.93
2008,12,17,18,30,24.700000000000003,71,768,1027,1027,71,768,17.1
2008,12,17,19,30,25.3,71,754,1023,1023,71,754,16.26
2008,12,17,20,30,25.3,69,665,993,993,69,665,16.16
2008,12,17,21,30,24.8,63,516,940,472,195,422,16.76
2008,12,17,22,30,22.5,53,319,830,417,135,268,19.98
2008,12,17,23,30,18.6,32,102,556,556,32,102,40.84
2008,12,18,0,30,15.700000000000001,0,0,0,0,0,0,43.33
2008,12,18,1,30,14.100000000000001,0,0,0,0,0,0,47.63
2008,12,18,2,30,12.8,0,0,0,0,0,0,52.39
2008,12,18,3,30,11.8,0,0,0,0,0,0,56.75
2008,12,18,4,30,11,0,0,0,0,0,0,61.18
2008,12,18,5,30,10.3,0,0,0,0,0,0,65.36
2008,12,18,6,30,9.600000000000001,0,0,0,0,0,0,68.65
2008,12,18,7,30,9.1,0,0,0,0,0,0,69.73
2008,12,18,8,30,8.700000000000001,0,0,0,0,0,0,69.2
2008,12,18,9,30,8.4,0,0,0,0,0,0,67.53
2008,12,18,10,30,8.200000000000001,0,0,0,0,0,0,65.77
2008,12,18,11,30,8,0,0,0,0,0,0,64.66
2008,12,18,12,30,7.9,0,0,0,0,0,0,64.33
2008,12,18,13,30,9.600000000000001,0,0,0,0,0,0,57.660000000000004
2008,12,18,14,30,13.100000000000001,40,182,716,716,40,182,49.07
2008,12,18,15,30,17,54,397,895,895,54,397,39.39
2008,12,18,16,30,20.200000000000003,62,579,975,975,62,579,33.22
2008,12,18,17,30,22,66,705,1013,1013,66,705,27.97
2008,12,18,18,30,23.1,69,765,1026,1026,69,765,24.87
2008,12,18,19,30,23.6,67,752,1026,1026,67,752,23.21
2008,12,18,20,30,23.5,64,668,1005,1005,64,668,22.650000000000002
2008,12,18,21,30,22.8,58,521,958,958,58,521,23
2008,12,18,22,30,20.6,48,324,859,859,48,324,26.14
2008,12,18,23,30,16.5,29,107,611,611,29,107,39.94
2008,12,19,0,30,13.3,0,0,0,0,0,0,50.88
2008,12,19,1,30,12.200000000000001,0,0,0,0,0,0,53.480000000000004
2008,12,19,2,30,11.3,0,0,0,0,0,0,55.92
2008,12,19,3,30,10.600000000000001,0,0,0,0,0,0,57.77
2008,12,19,4,30,9.9,0,0,0,0,0,0,59.94
2008,12,19,5,30,9.3,0,0,0,0,0,0,61.940000000000005
2008,12,19,6,30,8.700000000000001,0,0,0,0,0,0,63.71
2008,12,19,7,30,8.200000000000001,0,0,0,0,0,0,64
2008,12,19,8,30,7.7,0,0,0,0,0,0,63.5
2008,12,19,9,30,7.4,0,0,0,0,0,0,62.13
2008,12,19,10,30,7.1000000000000005,0,0,0,0,0,0,61.61
2008,12,19,11,30,6.9,0,0,0,0,0,0,61.77
2008,12,19,12,30,6.9,0,0,0,0,0,0,61.95
2008,12,19,13,30,8.8,0,0,0,0,0,0,55.24
2008,12,19,14,30,13,33,184,762,762,33,184,48.480000000000004
2008,12,19,15,30,17.5,45,403,939,939,45,403,35.77
2008,12,19,16,30,21.1,52,583,1003,1003,52,583,26.27
2008,12,19,17,30,23.200000000000003,56,711,1039,1039,56,711,20.18
2008,12,19,18,30,24.400000000000002,61,772,1050,1050,61,772,17.7
2008,12,19,19,30,25,61,760,1046,1046,61,760,16.46
2008,12,19,20,30,25.1,60,676,1024,1024,60,676,16.12
2008,12,19,21,30,24.5,55,525,971,971,55,525,16.82
2008,12,19,22,30,22.200000000000003,47,328,870,870,47,328,19.7
2008,12,19,23,30,18.5,30,109,615,615,30,109,39.68
2008,12,20,0,30,15.9,0,0,0,0,0,0,40.93
2008,12,20,1,30,14.200000000000001,0,0,0,0,0,0,45.04
2008,12,20,2,30,12.8,0,0,0,0,0,0,49.61
2008,12,20,3,30,11.700000000000001,0,0,0,0,0,0,53.31
2008,12,20,4,30,10.700000000000001,0,0,0,0,0,0,56.67
2008,12,20,5,30,9.9,0,0,0,0,0,0,59.32
2008,12,20,6,30,9.3,0,0,0,0,0,0,60.97
2008,12,20,7,30,8.8,0,0,0,0,0,0,62.02
2008,12,20,8,30,8.4,0,0,0,0,0,0,62.51
2008,12,20,9,30,8.1,0,0,0,0,0,0,62.61
2008,12,20,10,30,7.7,0,0,0,0,0,0,63.25
2008,12,20,11,30,7.4,0,0,0,0,0,0,63.160000000000004
2008,12,20,12,30,7.1000000000000005,0,0,0,0,0,0,62.660000000000004
2008,12,20,13,30,8.700000000000001,0,0,0,0,0,0,54.52
2008,12,20,14,30,12.5,39,180,722,722,39,180,46.53
2008,12,20,15,30,16.8,54,397,904,904,54,397,32.480000000000004
2008,12,20,16,30,21,62,581,983,983,62,581,24.03
2008,12,20,17,30,23.400000000000002,67,710,1021,713,249,698,19.330000000000002
2008,12,20,18,30,24.3,70,770,1034,1034,70,770,18.06
2008,12,20,19,30,24.700000000000003,70,758,1031,1031,70,758,17.11
2008,12,20,20,30,24.700000000000003,67,675,1008,1008,67,675,16.6
2008,12,20,21,30,24.1,61,527,962,962,61,527,16.84
2008,12,20,22,30,22,51,329,860,860,51,329,19.67
2008,12,20,23,30,18.8,32,110,603,1,56,56,39.2
2008,12,21,0,30,16.400000000000002,0,0,0,0,0,0,37.47
2008,12,21,1,30,15.100000000000001,0,0,0,0,0,0,39.49
2008,12,21,2,30,14.200000000000001,0,0,0,0,0,0,40.56
2008,12,21,3,30,13.700000000000001,0,0,0,0,0,0,40.39
2008,12,21,4,30,13.200000000000001,0,0,0,0,0,0,40.46
2008,12,21,5,30,12.5,0,0,0,0,0,0,41.57
2008,12,21,6,30,11.600000000000001,0,0,0,0,0,0,43.88
2008,12,21,7,30,10.600000000000001,0,0,0,0,0,0,45.97
2008,12,21,8,30,9.700000000000001,0,0,0,0,0,0,47.910000000000004
2008,12,21,9,30,9,0,0,0,0,0,0,49.050000000000004
2008,12,21,10,30,8.5,0,0,0,0,0,0,49.94
2008,12,21,11,30,8.1,0,0,0,0,0,0,50.59
2008,12,21,12,30,7.7,0,0,0,0,0,0,50.910000000000004
2008,12,21,13,30,9.200000000000001,0,0,0,0,0,0,45.22
2008,12,21,14,30,12.8,36,177,724,724,36,177,42.94
2008,12,21,15,30,17.1,50,394,909,909,50,394,28.29
2008,12,21,16,30,20.8,56,577,988,988,56,577,21.52
2008,12,21,17,30,22.8,61,705,1025,1025,61,705,18.05
2008,12,21,18,30,23.8,62,766,1040,1040,62,766,16.92
2008,12,21,19,30,24.3,62,752,1033,1033,62,752,16.22
2008,12,21,20,30,24.400000000000002,60,670,1011,1011,60,670,15.82
2008,12,21,21,30,23.900000000000002,55,524,964,964,55,524,16.12
2008,12,21,22,30,22.3,47,328,864,864,47,328,18
2008,12,21,23,30,19.200000000000003,30,110,609,609,30,110,35.11
2008,12,22,0,30,16.1,0,0,0,0,0,0,36.99
2008,12,22,1,30,14.100000000000001,0,0,0,0,0,0,41.93
2008,12,22,2,30,12.5,0,0,0,0,0,0,45.32
2008,12,22,3,30,11.200000000000001,0,0,0,0,0,0,47.9
2008,12,22,4,30,9.9,0,0,0,0,0,0,52.53
2008,12,22,5,30,8.8,0,0,0,0,0,0,61.95
2008,12,22,6,30,8,0,0,0,0,0,0,74.59
2008,12,22,7,30,7.9,0,0,0,0,0,0,82.88
2008,12,22,8,30,7.9,0,0,0,0,0,0,86.22
2008,12,22,9,30,7.7,0,0,0,0,0,0,88.36
2008,12,22,10,30,7.5,0,0,0,0,0,0,89.86
2008,12,22,11,30,7.4,0,0,0,0,0,0,90.31
2008,12,22,12,30,7.300000000000001,0,0,0,0,0,0,89.97
2008,12,22,13,30,7.800000000000001,0,0,0,0,0,0,85.84
2008,12,22,14,30,9.700000000000001,39,173,698,698,39,173,74.16
2008,12,22,15,30,12.8,52,388,889,889,52,388,58.35
2008,12,22,16,30,16.1,59,572,975,975,59,572,43.29
2008,12,22,17,30,18.8,65,701,1013,1013,65,701,32.36
2008,12,22,18,30,20.400000000000002,67,762,1027,1027,67,762,27.35
2008,12,22,19,30,21.200000000000003,67,748,1019,1019,67,748,24.900000000000002
2008,12,22,20,30,21.1,66,667,994,994,66,667,24.240000000000002
2008,12,22,21,30,20.1,61,521,944,944,61,521,25.61
2008,12,22,22,30,18.2,52,326,839,839,52,326,29.650000000000002
2008,12,22,23,30,15.4,32,110,584,584,32,110,39.82
2008,12,23,0,30,13.3,0,0,0,0,0,0,49.230000000000004
2008,12,23,1,30,12.100000000000001,0,0,0,0,0,0,53.9
2008,12,23,2,30,11.3,0,0,0,0,0,0,57.42
2008,12,23,3,30,10.5,0,0,0,0,0,0,61.22
2008,12,23,4,30,9.600000000000001,0,0,0,0,0,0,66.55
2008,12,23,5,30,8.9,0,0,0,0,0,0,71.94
2008,12,23,6,30,8.3,0,0,0,0,0,0,77.86
2008,12,23,7,30,8,0,0,0,0,0,0,83.51
2008,12,23,8,30,7.800000000000001,0,0,0,0,0,0,89.98
2008,12,23,9,30,7.9,0,0,0,0,0,0,93.35000000000001
2008,12,23,10,30,8.1,0,0,0,0,0,0,94.49
2008,12,23,11,30,8.200000000000001,0,0,0,0,0,0,94.91
2008,12,23,12,30,8.200000000000001,0,0,0,0,0,0,95.29
2008,12,23,13,30,9,0,0,0,0,0,0,90.07000000000001
2008,12,23,14,30,11.5,43,170,665,665,43,170,76.35000000000001
2008,12,23,15,30,14.5,57,385,873,873,57,385,59.63
2008,12,23,16,30,16.8,64,569,962,962,64,569,45.92
2008,12,23,17,30,18.5,68,698,1003,1003,68,698,37.93
2008,12,23,18,30,19.5,71,756,1012,1012,71,756,34.36
2008,12,23,19,30,20.1,70,747,1011,1011,70,747,32.43
2008,12,23,20,30,20.1,66,664,988,988,66,664,31.7
2008,12,23,21,30,19.5,60,520,941,941,60,520,32.32
2008,12,23,22,30,18,50,327,842,842,50,327,34.980000000000004
2008,12,23,23,30,15.4,32,111,580,580,32,111,43.1
2008,12,24,0,30,13.200000000000001,0,0,0,0,0,0,54.02
2008,12,24,1,30,11.9,0,0,0,0,0,0,60.08
2008,12,24,2,30,10.8,0,0,0,0,0,0,65.48
2008,12,24,3,30,9.700000000000001,0,0,0,0,0,0,72.45
2008,12,24,4,30,8.6,0,0,0,0,0,0,81.78
2008,12,24,5,30,7.9,0,0,0,0,0,0,89.73
2008,12,24,6,30,7.5,0,0,0,0,0,0,94.4
2008,12,24,7,30,7.1000000000000005,0,0,0,0,0,0,95.12
2008,12,24,8,30,6.6000000000000005,0,0,0,0,0,0,93.81
2008,12,24,9,30,6,0,0,0,0,0,0,92.74
2008,12,24,10,30,5.4,0,0,0,0,0,0,92.52
2008,12,24,11,30,5,0,0,0,0,0,0,91.87
2008,12,24,12,30,4.7,0,0,0,0,0,0,90.87
2008,12,24,13,30,6.2,0,0,0,0,0,0,79.83
2008,12,24,14,30,9.5,35,172,724,43,107,116,63
2008,12,24,15,30,13.600000000000001,49,387,903,903,49,387,48.79
2008,12,24,16,30,17.1,57,571,981,981,57,571,33.19
2008,12,24,17,30,19.200000000000003,62,701,1018,549,282,627,25.6
2008,12,24,18,30,20.400000000000002,64,760,1029,419,292,576,22.01
2008,12,24,19,30,20.900000000000002,65,751,1026,1026,65,751,20.2
2008,12,24,20,30,20.8,63,671,1004,1004,63,671,19.85
2008,12,24,21,30,20.200000000000003,57,527,958,958,57,527,20.55
2008,12,24,22,30,18.5,47,332,863,863,47,332,24.25
2008,12,24,23,30,15.700000000000001,30,116,628,628,30,116,44.53
2008,12,25,0,30,13.700000000000001,0,0,0,0,0,0,41.69
2008,12,25,1,30,12.9,0,0,0,0,0,0,41.11
2008,12,25,2,30,12.4,0,0,0,0,0,0,40.71
2008,12,25,3,30,11.700000000000001,0,0,0,0,0,0,41.45
2008,12,25,4,30,10.600000000000001,0,0,0,0,0,0,44.24
2008,12,25,5,30,9.4,0,0,0,0,0,0,47.9
2008,12,25,6,30,8.1,0,0,0,0,0,0,52.57
2008,12,25,7,30,7.1000000000000005,0,0,0,0,0,0,56.660000000000004
2008,12,25,8,30,6.5,0,0,0,0,0,0,59.95
2008,12,25,9,30,6.1000000000000005,0,0,0,0,0,0,62.7
2008,12,25,10,30,5.800000000000001,0,0,0,0,0,0,64.82000000000001
2008,12,25,11,30,5.6000000000000005,0,0,0,0,0,0,66.35
2008,12,25,12,30,5.6000000000000005,0,0,0,0,0,0,66.86
2008,12,25,13,30,7.6000000000000005,0,0,0,0,0,0,59.07
2008,12,25,14,30,11.700000000000001,34,170,722,722,34,170,48.64
2008,12,25,15,30,16,48,384,900,900,48,384,37.63
2008,12,25,16,30,19.200000000000003,56,568,978,978,56,568,31.36
2008,12,25,17,30,20.8,61,697,1014,1014,61,697,28.03
2008,12,25,18,30,21.8,63,758,1026,1026,63,758,25.98
2008,12,25,19,30,22.400000000000002,63,749,1024,1024,63,749,24.54
2008,12,25,20,30,22.5,61,670,1003,1003,61,670,23.76
2008,12,25,21,30,22,54,526,960,960,54,526,24.18
2008,12,25,22,30,20,45,333,867,867,45,333,27.46
2008,12,25,23,30,16.2,29,118,637,637,29,118,42.4
2008,12,26,0,30,13.200000000000001,0,0,0,0,0,0,51.4
2008,12,26,1,30,12.100000000000001,0,0,0,0,0,0,53.9
2008,12,26,2,30,11.3,0,0,0,0,0,0,56.36
2008,12,26,3,30,10.5,0,0,0,0,0,0,59.39
2008,12,26,4,30,9.8,0,0,0,0,0,0,62.65
2008,12,26,5,30,9.200000000000001,0,0,0,0,0,0,65.86
2008,12,26,6,30,8.6,0,0,0,0,0,0,69.16
2008,12,26,7,30,8.1,0,0,0,0,0,0,71.51
2008,12,26,8,30,7.7,0,0,0,0,0,0,71.62
2008,12,26,9,30,7.300000000000001,0,0,0,0,0,0,69.59
2008,12,26,10,30,7.1000000000000005,0,0,0,0,0,0,66.53
2008,12,26,11,30,7.1000000000000005,0,0,0,0,0,0,65.3
2008,12,26,12,30,7.2,0,0,0,0,0,0,66.6
2008,12,26,13,30,8.8,0,0,0,0,0,0,62.660000000000004
2008,12,26,14,30,11.8,37,167,697,112,99,120,55.06
2008,12,26,15,30,15.3,51,380,881,881,51,380,45.77
2008,12,26,16,30,18.2,59,563,963,963,59,563,36.62
2008,12,26,17,30,19.8,65,690,996,996,65,690,32.9
2008,12,26,18,30,20.6,67,751,1009,1009,67,751,31.51
2008,12,26,19,30,20.400000000000002,67,741,1004,1004,67,741,32.47
2008,12,26,20,30,19.700000000000003,65,662,982,982,65,662,34.52
2008,12,26,21,30,19,57,521,940,940,57,521,36.410000000000004
2008,12,26,22,30,17.900000000000002,47,330,849,849,47,330,39.050000000000004
2008,12,26,23,30,15.200000000000001,30,118,627,627,30,118,46.74
2008,12,27,0,30,12.600000000000001,0,0,0,0,0,0,56.86
2008,12,27,1,30,11.3,0,0,0,0,0,0,62.480000000000004
2008,12,27,2,30,10.4,0,0,0,0,0,0,67.06
2008,12,27,3,30,9.600000000000001,0,0,0,0,0,0,72.10000000000001
2008,12,27,4,30,9,0,0,0,0,0,0,76.83
2008,12,27,5,30,8.5,0,0,0,0,0,0,80.48
2008,12,27,6,30,8.1,0,0,0,0,0,0,82.01
2008,12,27,7,30,7.7,0,0,0,0,0,0,82.73
2008,12,27,8,30,7.300000000000001,0,0,0,0,0,0,83.54
2008,12,27,9,30,6.9,0,0,0,0,0,0,85.02
2008,12,27,10,30,6.6000000000000005,0,0,0,0,0,0,86.4
2008,12,27,11,30,6.300000000000001,0,0,0,0,0,0,88.17
2008,12,27,12,30,6.2,0,0,0,0,0,0,88.94
2008,12,27,13,30,7.300000000000001,0,0,0,0,0,0,82.27
2008,12,27,14,30,10.600000000000001,33,166,717,26,90,95,65.28
2008,12,27,15,30,14.8,45,380,902,902,45,380,47.31
2008,12,27,16,30,18.2,52,564,980,980,52,564,33.97
2008,12,27,17,30,20.400000000000002,54,691,1015,1015,54,691,28.79
2008,12,27,18,30,21.8,58,755,1029,1029,58,755,26.43
2008,12,27,19,30,22.5,58,746,1023,1023,58,746,25.45
2008,12,27,20,30,22.5,57,668,1003,1003,57,668,25.560000000000002
2008,12,27,21,30,21.900000000000002,49,523,959,959,49,523,26.76
2008,12,27,22,30,20.1,40,332,871,871,40,332,30.42
2008,12,27,23,30,16.400000000000002,27,120,647,647,27,120,42.57
2008,12,28,0,30,13.4,0,0,0,0,0,0,54.17
2008,12,28,1,30,12.3,0,0,0,0,0,0,58.1
2008,12,28,2,30,11.200000000000001,0,0,0,0,0,0,62.93
2008,12,28,3,30,10.200000000000001,0,0,0,0,0,0,68.27
2008,12,28,4,30,9.200000000000001,0,0,0,0,0,0,74.56
2008,12,28,5,30,8.3,0,0,0,0,0,0,81.65
2008,12,28,6,30,7.6000000000000005,0,0,0,0,0,0,88.27
2008,12,28,7,30,7,0,0,0,0,0,0,94.44
2008,12,28,8,30,6.5,0,0,0,0,0,0,98.67
2008,12,28,9,30,6.1000000000000005,0,0,0,0,0,0,99.98
2008,12,28,10,30,5.7,0,0,0,0,0,0,99.76
2008,12,28,11,30,5.6000000000000005,0,0,0,0,0,0,96.71000000000001
2008,12,28,12,30,5.7,0,0,0,0,0,0,92.46000000000001
2008,12,28,13,30,7,0,0,0,0,0,0,81.69
2008,12,28,14,30,9.5,34,167,722,722,34,167,68.87
2008,12,28,15,30,13.5,47,381,902,902,47,381,52.61
2008,12,28,16,30,17.5,53,566,983,983,53,566,36.9
2008,12,28,17,30,20,57,697,1021,1021,57,697,28.740000000000002
2008,12,28,18,30,21.400000000000002,59,762,1037,1037,59,762,25.29
2008,12,28,19,30,22,59,753,1030,1030,59,753,23.650000000000002
2008,12,28,20,30,21.900000000000002,57,672,1007,1007,57,672,23.35
2008,12,28,21,30,21.200000000000003,54,531,961,961,54,531,24.17
2008,12,28,22,30,19.6,46,339,869,446,134,285,27.85
2008,12,28,23,30,17.400000000000002,31,123,635,0,42,42,44.42
2008,12,29,0,30,15.5,0,0,0,0,0,0,42.61
2008,12,29,1,30,13.5,0,0,0,0,0,0,47.64
2008,12,29,2,30,11.3,0,0,0,0,0,0,53.52
2008,12,29,3,30,9.600000000000001,0,0,0,0,0,0,56.910000000000004
2008,12,29,4,30,8.4,0,0,0,0,0,0,58.75
2008,12,29,5,30,7.6000000000000005,0,0,0,0,0,0,60.35
2008,12,29,6,30,7.1000000000000005,0,0,0,0,0,0,61.45
2008,12,29,7,30,6.800000000000001,0,0,0,0,0,0,62.33
2008,12,29,8,30,6.800000000000001,0,0,0,0,0,0,63.54
2008,12,29,9,30,6.6000000000000005,0,0,0,0,0,0,67.44
2008,12,29,10,30,6.2,0,0,0,0,0,0,73.54
2008,12,29,11,30,6.2,0,0,0,0,0,0,78.18
2008,12,29,12,30,6.5,0,0,0,0,0,0,82.28
2008,12,29,13,30,7.4,0,0,0,0,0,0,82.42
2008,12,29,14,30,9.3,63,141,427,20,102,106,77.03
2008,12,29,15,30,11.3,91,347,691,0,94,94,71.63
2008,12,29,16,30,13.3,100,531,825,52,295,322,64.16
2008,12,29,17,30,15,102,663,894,137,380,466,57.51
2008,12,29,18,30,16.3,94,730,937,369,291,541,52.52
2008,12,29,19,30,17.3,91,725,941,125,344,428,49.04
2008,12,29,20,30,17.8,87,649,917,51,278,310,47.51
2008,12,29,21,30,17.7,77,512,872,63,240,271,47.52
2008,12,29,22,30,16.6,64,324,764,34,151,162,51.01
2008,12,29,23,30,14.700000000000001,40,116,511,91,78,91,62.620000000000005
2008,12,30,0,30,13.4,0,0,0,0,0,0,64.62
2008,12,30,1,30,12.9,0,0,0,0,0,0,65.91
2008,12,30,2,30,12.200000000000001,0,0,0,0,0,0,68.73
2008,12,30,3,30,11.200000000000001,0,0,0,0,0,0,74.36
2008,12,30,4,30,10.100000000000001,0,0,0,0,0,0,82.63
2008,12,30,5,30,9.200000000000001,0,0,0,0,0,0,90.87
2008,12,30,6,30,8.8,0,0,0,0,0,0,94.98
2008,12,30,7,30,8.8,0,0,0,0,0,0,94.32000000000001
2008,12,30,8,30,8.6,0,0,0,0,0,0,93.61
2008,12,30,9,30,8.4,0,0,0,0,0,0,92.99
2008,12,30,10,30,8.200000000000001,0,0,0,0,0,0,92.85000000000001
2008,12,30,11,30,8,0,0,0,0,0,0,93.18
2008,12,30,12,30,8,0,0,0,0,0,0,92.65
2008,12,30,13,30,8.700000000000001,0,0,0,0,0,0,87.82000000000001
2008,12,30,14,30,10.700000000000001,44,156,615,13,79,82,76.73
2008,12,30,15,30,14.100000000000001,61,368,831,61,196,218,62.46
2008,12,30,16,30,18.1,70,551,922,488,203,457,48.51
2008,12,30,17,30,20.6,76,682,966,966,76,682,39.36
2008,12,30,18,30,21.5,80,744,977,632,216,646,36.15
2008,12,30,19,30,21.3,85,732,958,369,295,544,36.38
2008,12,30,20,30,20.200000000000003,89,651,915,355,278,496,39.67
2008,12,30,21,30,18.900000000000002,73,516,886,54,236,263,44.11
2008,12,30,22,30,17.5,63,326,771,771,63,326,49.71
2008,12,30,23,30,15.8,40,118,518,1,59,60,58.620000000000005
2008,12,31,0,30,14.200000000000001,0,0,0,0,0,0,65.33
2008,12,31,1,30,13.3,0,0,0,0,0,0,68.38
2008,12,31,2,30,12.600000000000001,0,0,0,0,0,0,70.69
2008,12,31,3,30,12.100000000000001,0,0,0,0,0,0,72.2
2008,12,31,4,30,11.600000000000001,0,0,0,0,0,0,74.43
2008,12,31,5,30,11,0,0,0,0,0,0,77.5
2008,12,31,6,30,10.4,0,0,0,0,0,0,80.84
2008,12,31,7,30,10,0,0,0,0,0,0,82.96000000000001
2008,12,31,8,30,9.5,0,0,0,0,0,0,85.59
2008,12,31,9,30,9.1,0,0,0,0,0,0,87.54
2008,12,31,10,30,8.700000000000001,0,0,0,0,0,0,89.37
2008,12,31,11,30,8.4,0,0,0,0,0,0,90.52
2008,12,31,12,30,8.3,0,0,0,0,0,0,90.39
2008,12,31,13,30,9.8,0,0,0,0,0,0,81.15
2008,12,31,14,30,13.100000000000001,41,154,621,621,41,154,65.91
2008,12,31,15,30,16.5,60,365,828,828,60,365,53.22
2008,12,31,16,30,18.6,70,548,917,535,187,466,43.01
2008,12,31,17,30,19.400000000000002,78,678,956,956,78,678,39.32
2008,12,31,18,30,19.700000000000003,75,747,987,748,171,679,37.68
2008,12,31,19,30,19.900000000000002,75,742,985,637,219,649,36.54
2008,12,31,20,30,19.8,73,668,966,966,73,668,36.12
2008,12,31,21,30,19.200000000000003,67,528,918,918,67,528,37.300000000000004
2008,12,31,22,30,18,56,339,821,637,110,330,40.24
2008,12,31,23,30,15.5,36,126,585,0,4,4,50.89
